RECTYPE,ALPHAIND,REGION,LASORT,LEA,ESTAB,URN,PCON_CODE,PCON_NAME,SCHNAME_AC,SCHNAME,ADDRESS1,ADDRESS2,ADDRESS3,TOWN,PCODE,TELNUM,CONTFLAG,NFTYPE/FESITYPE,RELDENOM,ADMPOL,ADMPOL_PT,GEND1618,FEEDER,AGERANGE,ICLOSE,TABKS2,TAB15,CONFEXAM,DUMMY,TPUP1618,TALLPUP_1618,TALLPUP_ALEV_1618,TALLPPE_ALEV_1618,TALLPPEGRD_ALEV_1618,TINCLUDE_B3,TB3PTSE,TB3PTSE_GRD,TINCLUDE_AAB_2FAC,PTAAB_2FAC,TALLPUP_ACAD_1618,TALLPPE_ACAD_1618,TALLPPEGRD_ACAD_1618,TALLPUP_AGEN,TALLPPE_AGEN,TALLPPEGRD_AGEN,TALLPUP_TLEV,TALLPPE_TLEV,TALLPPEGRD_TLEV,TALLPUP_TLEVDENOM,TLEV_PER,TALLPUP_AGENDENOM,AGEN_PER,T_SCOPEEX_E,PROGEX_E,ENTRY_PER_E,T_SCOPEEX_M,PROGEX_M,ENTRY_PER_M,TALLPUP_SCOPE_L3M,L3M_PER,T_InScope_ALEV_Ret,PT_Retained_ALEV_Ret,PT_Ret_Assessed_ALEV,T_InScope_ALEV_2ndYr,PT_Retained_ALEV_2ndYr,T_InScope_ACAD_Ret,PT_Retained_ACAD_Ret,PT_Ret_Assessed_ACAD,T_InScope_ACAD_2ndYr,PT_Retained_ACAD_2ndYr,T_InScope_AGEN_Ret,PT_Retained_AGEN_Ret,PT_Ret_Assessed_AGEN,T_InScope_AGEN_2ndYr,PT_Retained_AGEN_2ndYr,T_InScope_TLEV_Ret,PT_Retained_TLEV_Ret,PT_Ret_Assessed_TLEV,T_InScope_TLEV_2ndYr,PT_Retained_TLEV_2ndYr,TALLPUP_TechCert,TALLPPE_TechCert,TALLPPEGRD_TechCert,T_InScope_TechCert_Ret,PT_Retained_TechCert_Ret,PT_Ret_Assessed_TechCert,TALLPUP_ANYL2VOC,TechCert_PER,TALLPUP_1618_DIS,TALLPUP_ALEV_1618_DIS,TALLPPE_ALEV_1618_DIS,TALLPPEGRD_ALEV_DIS,TALLPUP_ACAD_1618_DIS,TALLPPE_ACAD_1618_DIS,TALLPPEGRD_ACAD_DIS,TALLPUP_AGEN_DIS,TALLPPE_AGEN_DIS,TALLPPEGRD_AGEN_DIS,TALLPUP_TLEV_DIS,TALLPPE_TLEV_DIS,TALLPPEGRD_TLEV_DIS,T_SCOPEEX_E_DIS,PROGEX_E_DIS,T_SCOPEEX_M_DIS,PROGEX_M_DIS,T_InScope_ALEV_Ret_DIS,PT_Retained_ALEV_Ret_DIS,T_InScope_ACAD_Ret_DIS,PT_Retained_ACAD_Ret_DIS,T_InScope_AGEN_Ret_DIS,PT_Retained_AGEN_Ret_DIS,T_InScope_TLEV_Ret_DIS,PT_Retained_TLEV_Ret_DIS,TALLPUP_TechCert_DIS,TALLPPE_TechCert_DIS,TALLPPEGRD_TechCert_DIS,T_InScope_TechCert_Ret_DIS,PT_Retained_TechCert_Ret_DIS,TALLPUP_1618_NOTDIS,TALLPUP_ALEV_1618_NOTDIS,TALLPPE_ALEV_1618_NOTDIS,TALLPPEGRD_ALEV_NOTDIS,TALLPUP_ACAD_1618_NOTDIS,TALLPPE_ACAD_1618_NOTDIS,TALLPPEGRD_ACAD_NOTDIS,TALLPUP_AGEN_NOTDIS,TALLPPE_AGEN_NOTDIS,TALLPPEGRD_AGEN_NOTDIS,TALLPUP_TLEV_NOTDIS,TALLPPE_TLEV_NOTDIS,TALLPPEGRD_TLEV_NOTDIS,T_SCOPEEX_E_NOTDIS,PROGEX_E_NOTDIS,T_SCOPEEX_M_NOTDIS,PROGEX_M_NOTDIS,T_InScope_ALEV_Ret_NOTDIS,PT_Retained_ALEV_Ret_NOTDIS,T_InScope_ACAD_Ret_NOTDIS,PT_Retained_ACAD_Ret_NOTDIS,T_InScope_AGEN_Ret_NOTDIS,PT_Retained_AGEN_Ret_NOTDIS,T_InScope_TLEV_Ret_NOTDIS,PT_Retained_TLEV_Ret_NOTDIS,TALLPUP_TechCert_NOTDIS,TALLPPE_TechCert_NOTDIS,TALLPPEGRD_TechCert_NOTDIS,T_InScope_TechCert_Ret_NOTDIS,PT_Retained_TechCert_Ret_NOTDIS,TALLPUP_1618_21,TALLPUP_1618_20,TALLPUP_1618_19,TALLPUP_ALEV_1618_21,TALLPUP_ALEV_1618_20,TALLPUP_ALEV_1618_19,TALLPPE_ALEV_1618_21,TALLPPE_ALEV_1618_20,TALLPPE_ALEV_1618_19,TALLPPEGRD_ALEV_1618_21,TALLPPEGRD_ALEV_1618_20,TALLPPEGRD_ALEV_1618_19,TALLPUP_ACAD_1618_21,TALLPUP_ACAD_1618_20,TALLPUP_ACAD_1618_19,TALLPPE_ACAD_1618_21,TALLPPE_ACAD_1618_20,TALLPPE_ACAD_1618_19,TALLPPEGRD_ACAD_1618_21,TALLPPEGRD_ACAD_1618_20,TALLPPEGRD_ACAD_1618_19,TALLPUP_AGEN_21,TALLPUP_AGEN_20,TALLPUP_AGEN_19,TALLPPE_AGEN_21,TALLPPE_AGEN_20,TALLPPE_AGEN_19,TALLPPEGRD_AGEN_21,TALLPPEGRD_AGEN_20,TALLPPEGRD_AGEN_19,TALLPUP_TLEV_21,TALLPUP_TLEV_20,TALLPUP_TLEV_19,TALLPPE_TLEV_21,TALLPPE_TLEV_20,TALLPPE_TLEV_19,TALLPPEGRD_TLEV_21,TALLPPEGRD_TLEV_20,TALLPPEGRD_TLEV_19,TALLPUP_TECHCERT_21,TALLPUP_TECHCERT_20,TALLPUP_TECHCERT_19,TALLPPE_TECHCERT_21,TALLPPE_TECHCERT_20,TALLPPE_TECHCERT_19,TALLPPEGRD_TECHCERT_21,TALLPPEGRD_TECHCERT_20,TALLPPEGRD_TECHCERT_19,T_AIMS_CA_21,T_AIMS_CA_20,T_AIMS_CA_19,T_SCOPEEX_E_21,T_SCOPEEX_E_20,T_SCOPEEX_E_19,PROGEX_E_21,PROGEX_E_20,PROGEX_E_19,T_SCOPEEX_M_21,T_SCOPEEX_M_20,T_SCOPEEX_M_19,PROGEX_M_21,PROGEX_M_20,PROGEX_M_19,ENTRIES_ALEV_21,ENTRIES_ALEV_20,ENTRIES_ALEV_19,VA_INS_ALEV_21,VA_INS_ALEV_20,VA_INS_ALEV_19,UCI_INS_ALEV_21,UCI_INS_ALEV_20,UCI_INS_ALEV_19,LCI_INS_ALEV_21,LCI_INS_ALEV_20,LCI_INS_ALEV_19,ENTRIES_ACAD_21,ENTRIES_ACAD_20,ENTRIES_ACAD_19,VA_INS_ACAD_21,VA_INS_ACAD_20,VA_INS_ACAD_19,UCI_INS_ACAD_21,UCI_INS_ACAD_20,UCI_INS_ACAD_19,LCI_INS_ACAD_21,LCI_INS_ACAD_20,LCI_INS_ACAD_19,ENTRIES_AGEN_21,ENTRIES_AGEN_20,ENTRIES_AGEN_19,VA_INS_AGEN_21,VA_INS_AGEN_20,VA_INS_AGEN_19,UCI_INS_AGEN_21,UCI_INS_AGEN_20,UCI_INS_AGEN_19,LCI_INS_AGEN_21,LCI_INS_AGEN_20,LCI_INS_AGEN_19,T_INSCOPE_ALEV_RET_21,T_INSCOPE_ALEV_RET_20,T_INSCOPE_ALEV_RET_19,PT_RETAINED_ALEV_RET_21,PT_RETAINED_ALEV_RET_20,PT_RETAINED_ALEV_RET_19,T_INSCOPE_ACAD_RET_21,T_INSCOPE_ACAD_RET_20,T_INSCOPE_ACAD_RET_19,PT_RETAINED_ACAD_RET_21,PT_RETAINED_ACAD_RET_20,PT_RETAINED_ACAD_RET_19,T_INSCOPE_AGEN_RET_21,T_INSCOPE_AGEN_RET_20,T_INSCOPE_AGEN_RET_19,PT_RETAINED_AGEN_RET_21,PT_RETAINED_AGEN_RET_20,PT_RETAINED_AGEN_RET_19,T_INSCOPE_TLEV_RET_21,T_INSCOPE_TLEV_RET_20,T_INSCOPE_TLEV_RET_19,PT_RETAINED_TLEV_RET_21,PT_RETAINED_TLEV_RET_20,PT_RETAINED_TLEV_RET_19,T_INSCOPE_TECHCERT_RET_21,T_INSCOPE_TECHCERT_RET_20,T_INSCOPE_TECHCERT_RET_19,PT_RETAINED_TECHCERT_RET_21,PT_RETAINED_TECHCERT_RET_20,PT_RETAINED_TECHCERT_RET_19,TALLPUP_1618_DIS_21,TALLPUP_1618_DIS_20,TALLPUP_1618_DIS_19,TALLPUP_ALEV_1618_DIS_21,TALLPUP_ALEV_1618_DIS_20,TALLPUP_ALEV_1618_DIS_19,TALLPPE_ALEV_1618_DIS_21,TALLPPE_ALEV_1618_DIS_20,TALLPPE_ALEV_1618_DIS_19,TALLPPEGRD_ALEV_DIS_21,TALLPPEGRD_ALEV_DIS_20,TALLPPEGRD_ALEV_DIS_19,TALLPUP_ACAD_1618_DIS_21,TALLPUP_ACAD_1618_DIS_20,TALLPUP_ACAD_1618_DIS_19,TALLPPE_ACAD_1618_DIS_21,TALLPPE_ACAD_1618_DIS_20,TALLPPE_ACAD_1618_DIS_19,TALLPPEGRD_ACAD_DIS_21,TALLPPEGRD_ACAD_DIS_20,TALLPPEGRD_ACAD_DIS_19,TALLPUP_AGEN_DIS_21,TALLPUP_AGEN_DIS_20,TALLPUP_AGEN_DIS_19,TALLPPE_AGEN_DIS_21,TALLPPE_AGEN_DIS_20,TALLPPE_AGEN_DIS_19,TALLPPEGRD_AGEN_DIS_21,TALLPPEGRD_AGEN_DIS_20,TALLPPEGRD_AGEN_DIS_19,TALLPUP_TLEV_DIS_21,TALLPUP_TLEV_DIS_20,TALLPUP_TLEV_DIS_19,TALLPPE_TLEV_DIS_21,TALLPPE_TLEV_DIS_20,TALLPPE_TLEV_DIS_19,TALLPPEGRD_TLEV_DIS_21,TALLPPEGRD_TLEV_DIS_20,TALLPPEGRD_TLEV_DIS_19,TALLPUP_TECHCERT_DIS_21,TALLPUP_TECHCERT_DIS_20,TALLPUP_TECHCERT_DIS_19,TALLPPE_TECHCERT_DIS_21,TALLPPE_TECHCERT_DIS_20,TALLPPE_TECHCERT_DIS_19,TALLPPEGRD_TECHCERT_DIS_21,TALLPPEGRD_TECHCERT_DIS_20,TALLPPEGRD_TECHCERT_DIS_19,T_SCOPEEX_E_DIS_21,T_SCOPEEX_E_DIS_20,T_SCOPEEX_E_DIS_19,PROGEX_E_DIS_21,PROGEX_E_DIS_20,PROGEX_E_DIS_19,T_SCOPEEX_M_DIS_21,T_SCOPEEX_M_DIS_20,T_SCOPEEX_M_DIS_19,PROGEX_M_DIS_21,PROGEX_M_DIS_20,PROGEX_M_DIS_19,ENTRIES_ALEV_DIS_21,ENTRIES_ALEV_DIS_20,ENTRIES_ALEV_DIS_19,VA_INS_ALEV_DIS_21,VA_INS_ALEV_DIS_20,VA_INS_ALEV_DIS_19,UCI_INS_ALEV_DIS_21,UCI_INS_ALEV_DIS_20,UCI_INS_ALEV_DIS_19,LCI_INS_ALEV_DIS_21,LCI_INS_ALEV_DIS_20,LCI_INS_ALEV_DIS_19,ENTRIES_ACAD_DIS_21,ENTRIES_ACAD_DIS_20,ENTRIES_ACAD_DIS_19,VA_INS_ACAD_DIS_21,VA_INS_ACAD_DIS_20,VA_INS_ACAD_DIS_19,UCI_INS_ACAD_DIS_21,UCI_INS_ACAD_DIS_20,UCI_INS_ACAD_DIS_19,LCI_INS_ACAD_DIS_21,LCI_INS_ACAD_DIS_20,LCI_INS_ACAD_DIS_19,ENTRIES_AGEN_DIS_21,ENTRIES_AGEN_DIS_20,ENTRIES_AGEN_DIS_19,VA_INS_AGEN_DIS_21,VA_INS_AGEN_DIS_20,VA_INS_AGEN_DIS_19,UCI_INS_AGEN_DIS_21,UCI_INS_AGEN_DIS_20,UCI_INS_AGEN_DIS_19,LCI_INS_AGEN_DIS_21,LCI_INS_AGEN_DIS_20,LCI_INS_AGEN_DIS_19,T_INSCOPE_ALEV_RET_DIS_21,T_INSCOPE_ALEV_RET_DIS_20,T_INSCOPE_ALEV_RET_DIS_19,PT_RETAINED_ALEV_RET_DIS_21,PT_RETAINED_ALEV_RET_DIS_20,PT_RETAINED_ALEV_RET_DIS_19,T_INSCOPE_ACAD_RET_DIS_21,T_INSCOPE_ACAD_RET_DIS_20,T_INSCOPE_ACAD_RET_DIS_19,PT_RETAINED_ACAD_RET_DIS_21,PT_RETAINED_ACAD_RET_DIS_20,PT_RETAINED_ACAD_RET_DIS_19,T_INSCOPE_AGEN_RET_DIS_21,T_INSCOPE_AGEN_RET_DIS_20,T_INSCOPE_AGEN_RET_DIS_19,PT_RETAINED_AGEN_RET_DIS_21,PT_RETAINED_AGEN_RET_DIS_20,PT_RETAINED_AGEN_RET_DIS_19,T_INSCOPE_TLEV_RET_DIS_21,T_INSCOPE_TLEV_RET_DIS_20,T_INSCOPE_TLEV_RET_DIS_19,PT_RETAINED_TLEV_RET_DIS_21,PT_RETAINED_TLEV_RET_DIS_20,PT_RETAINED_TLEV_RET_DIS_19,T_INSCOPE_TECHCERT_RET_DIS_21,T_INSCOPE_TECHCERT_RET_DIS_20,T_INSCOPE_TECHCERT_RET_DIS_19,PT_RETAINED_TECHCERT_RET_DIS_21,PT_RETAINED_TECHCERT_RET_DIS_20,PT_RETAINED_TECHCERT_RET_DIS_19,TALLPUP_1618_NOTDIS_21,TALLPUP_1618_NOTDIS_20,TALLPUP_1618_NOTDIS_19,TALLPUP_ALEV_1618_NOTDIS_21,TALLPUP_ALEV_1618_NOTDIS_20,TALLPUP_ALEV_1618_NOTDIS_19,TALLPPE_ALEV_1618_NOTDIS_21,TALLPPE_ALEV_1618_NOTDIS_20,TALLPPE_ALEV_1618_NOTDIS_19,TALLPPEGRD_ALEV_NOTDIS_21,TALLPPEGRD_ALEV_NOTDIS_20,TALLPPEGRD_ALEV_NOTDIS_19,TALLPUP_ACAD_1618_NOTDIS_21,TALLPUP_ACAD_1618_NOTDIS_20,TALLPUP_ACAD_1618_NOTDIS_19,TALLPPE_ACAD_1618_NOTDIS_21,TALLPPE_ACAD_1618_NOTDIS_20,TALLPPE_ACAD_1618_NOTDIS_19,TALLPPEGRD_ACAD_NOTDIS_21,TALLPPEGRD_ACAD_NOTDIS_20,TALLPPEGRD_ACAD_NOTDIS_19,TALLPUP_AGEN_NOTDIS_21,TALLPUP_AGEN_NOTDIS_20,TALLPUP_AGEN_NOTDIS_19,TALLPPE_AGEN_NOTDIS_21,TALLPPE_AGEN_NOTDIS_20,TALLPPE_AGEN_NOTDIS_19,TALLPPEGRD_AGEN_NOTDIS_21,TALLPPEGRD_AGEN_NOTDIS_20,TALLPPEGRD_AGEN_NOTDIS_19,TALLPUP_TLEV_NOTDIS_21,TALLPUP_TLEV_NOTDIS_20,TALLPUP_TLEV_NOTDIS_19,TALLPPE_TLEV_NOTDIS_21,TALLPPE_TLEV_NOTDIS_20,TALLPPE_TLEV_NOTDIS_19,TALLPPEGRD_TLEV_NOTDIS_21,TALLPPEGRD_TLEV_NOTDIS_20,TALLPPEGRD_TLEV_NOTDIS_19,TALLPUP_TECHCERT_NOTDIS_21,TALLPUP_TECHCERT_NOTDIS_20,TALLPUP_TECHCERT_NOTDIS_19,TALLPPE_TECHCERT_NOTDIS_21,TALLPPE_TECHCERT_NOTDIS_20,TALLPPE_TECHCERT_NOTDIS_19,TALLPPEGRD_TECHCERT_NOTDIS_21,TALLPPEGRD_TECHCERT_NOTDIS_20,TALLPPEGRD_TECHCERT_NOTDIS_19,T_SCOPEEX_E_NOTDIS_21,T_SCOPEEX_E_NOTDIS_20,T_SCOPEEX_E_NOTDIS_19,PROGEX_E_NOTDIS_21,PROGEX_E_NOTDIS_20,PROGEX_E_NOTDIS_19,T_SCOPEEX_M_NOTDIS_21,T_SCOPEEX_M_NOTDIS_20,T_SCOPEEX_M_NOTDIS_19,PROGEX_M_NOTDIS_21,PROGEX_M_NOTDIS_20,PROGEX_M_NOTDIS_19,ENTRIES_ALEV_NOTDIS_21,ENTRIES_ALEV_NOTDIS_20,ENTRIES_ALEV_NOTDIS_19,VA_INS_ALEV_NOTDIS_21,VA_INS_ALEV_NOTDIS_20,VA_INS_ALEV_NOTDIS_19,UCI_INS_ALEV_NOTDIS_21,UCI_INS_ALEV_NOTDIS_20,UCI_INS_ALEV_NOTDIS_19,LCI_INS_ALEV_NOTDIS_21,LCI_INS_ALEV_NOTDIS_20,LCI_INS_ALEV_NOTDIS_19,ENTRIES_ACAD_NOTDIS_21,ENTRIES_ACAD_NOTDIS_20,ENTRIES_ACAD_NOTDIS_19,VA_INS_ACAD_NOTDIS_21,VA_INS_ACAD_NOTDIS_20,VA_INS_ACAD_NOTDIS_19,UCI_INS_ACAD_NOTDIS_21,UCI_INS_ACAD_NOTDIS_20,UCI_INS_ACAD_NOTDIS_19,LCI_INS_ACAD_NOTDIS_21,LCI_INS_ACAD_NOTDIS_20,LCI_INS_ACAD_NOTDIS_19,ENTRIES_AGEN_NOTDIS_21,ENTRIES_AGEN_NOTDIS_20,ENTRIES_AGEN_NOTDIS_19,VA_INS_AGEN_NOTDIS_21,VA_INS_AGEN_NOTDIS_20,VA_INS_AGEN_NOTDIS_19,UCI_INS_AGEN_NOTDIS_21,UCI_INS_AGEN_NOTDIS_20,UCI_INS_AGEN_NOTDIS_19,LCI_INS_AGEN_NOTDIS_21,LCI_INS_AGEN_NOTDIS_20,LCI_INS_AGEN_NOTDIS_19,T_INSCOPE_ALEV_RET_NOTDIS_21,T_INSCOPE_ALEV_RET_NOTDIS_20,T_INSCOPE_ALEV_RET_NOTDIS_19,PT_RETAINED_ALEV_RET_NOTDIS_21,PT_RETAINED_ALEV_RET_NOTDIS_20,PT_RETAINED_ALEV_RET_NOTDIS_19,T_INSCOPE_ACAD_RET_NOTDIS_21,T_INSCOPE_ACAD_RET_NOTDIS_20,T_INSCOPE_ACAD_RET_NOTDIS_19,PT_RETAINED_ACAD_RET_NOTDIS_21,PT_RETAINED_ACAD_RET_NOTDIS_20,PT_RETAINED_ACAD_RET_NOTDIS_19,T_INSCOPE_AGEN_RET_NOTDIS_21,T_INSCOPE_AGEN_RET_NOTDIS_20,T_INSCOPE_AGEN_RET_NOTDIS_19,PT_RETAINED_AGEN_RET_NOTDIS_21,PT_RETAINED_AGEN_RET_NOTDIS_20,PT_RETAINED_AGEN_RET_NOTDIS_19,T_INSCOPE_TLEV_RET_NOTDIS_21,T_INSCOPE_TLEV_RET_NOTDIS_20,T_INSCOPE_TLEV_RET_NOTDIS_19,PT_RETAINED_TLEV_RET_NOTDIS_21,PT_RETAINED_TLEV_RET_NOTDIS_20,PT_RETAINED_TLEV_RET_NOTDIS_19,T_INSCOPE_TECHCERT_RET_NOTDIS_21,T_INSCOPE_TECHCERT_RET_NOTDIS_20,T_INSCOPE_TECHCERT_RET_NOTDIS_19,PT_RETAINED_TECHCERT_RET_NOTDIS_21,PT_RETAINED_TECHCERT_RET_NOTDIS_20,PT_RETAINED_TECHCERT_RET_NOTDIS_19
1,46020,25,4,919,4006,139873,E14000744,Hertford and Stortford,,Richard Hale School,Hale Road,,,Hertford,SG13 8EN,1992583441,0,ACC,None,NSE,OTHER NON SEL,MIXED,0, 11-18,0,,,R,,319,152,119,38.08,B-,117,37.64,B-,117,23.1%,119,38.21,B-,29,33.07,Dist-,NE,NE,NE,NE,NE,29,100.0%,,,,,,,,,121,96.7%,96.7%,121,96.7%,121,96.7%,96.7%,121,96.7%,31,90.3%,80.6%,31,90.3%,NE,NE,NE,NE,NE,NE,NE,NE,NE,NE,NE,NE,NE,12,SUPP,SUPP,SUPP,SUPP,SUPP,SUPP,SUPP,SUPP,SUPP,NE,NE,NE,,,,,SUPP,SUPP,SUPP,SUPP,6,100.0%,NE,NE,NE,NE,NE,NE,NE,140,SUPP,SUPP,SUPP,SUPP,SUPP,SUPP,SUPP,SUPP,SUPP,NE,NE,NE,,,,,SUPP,SUPP,SUPP,SUPP,25,88.0%,NE,NE,NE,NE,NE,NE,NE,,,129,,,111,,,33.79,,,C+,,,111,,,33.84,,,C+,,,11,,,26.06,,,Merit,,,NE,,,NE,,,NE,,,NE,,,NE,,,NE,,,,,,NE,,,NE,,,NE,,,NE,,,331,,,0.05,,,0.16,,,-0.07,,,345,,,0.04,,,0.16,,,-0.07,,,11,,,-0.24,,,0.25,,,-0.73,,,118,,,92.4%,,,118,,,92.4%,,,12,,,91.7%,,,NE,,,NE,,,NE,,,NE,,,SUPP,,,SUPP,,,SUPP,,,SUPP,,,SUPP,,,SUPP,,,SUPP,,,NE,,,NE,,,NE,,,NE,,,NE,,,NE,,,NE,,,NE,,,NE,,,NE,,,NE,,,NE,,,NE,,,12,,,-0.08,,,0.61,,,-0.77,,,12,,,-0.08,,,0.61,,,-0.77,,,NE,,,NE,,,NE,,,NE,,,SUPP,,,SUPP,,,SUPP,,,SUPP,,,NE,,,NE,,,NE,,,NE,,,NE,,,NE,,,SUPP,,,SUPP,,,SUPP,,,SUPP,,,SUPP,,,SUPP,,,SUPP,,,11,,,26.06,,,Merit,,,NE,,,NE,,,NE,,,NE,,,NE,,,NE,,,NE,,,NE,,,NE,,,NE,,,319,,,0.05,,,0.17,,,-0.06,,,333,,,0.05,,,0.16,,,-0.07,,,11,,,-0.24,,,0.25,,,-0.72,,,SUPP,,,SUPP,,,SUPP,,,SUPP,,,12,,,91.7%,,,NE,,,NE,,,NE,,,NE
1,45462,25,4,919,4007,139662,E14000951,South West Hertfordshire,,The Reach Free School,Long Lane,,,Rickmansworth,WD3 8AB,1923711517,0,F,None,NSE,OTHER NON SEL,MIXED,0, 11-18,0,,,,,103,51,46,39.83,B,33,41.31,B,33,27.3%,46,39.86,B,19,46.04,Dist*-,7,44.29,Dist*-,7,100.0%,19,100.0%,,,,,,,,,43,97.7%,97.7%,42,97.6%,43,97.7%,97.7%,42,97.6%,7,100.0%,100.0%,7,100.0%,NE,NE,NE,NE,NE,NE,NE,NE,NE,NE,NE,NE,NE,8,7,34.5,C+,7,34.5,C+,SUPP,SUPP,SUPP,NE,NE,NE,,,,,8,87.5%,8,87.5%,NE,NE,NE,NE,NE,NE,NE,NE,NE,42,38,40.51,B,38,40.54,B,SUPP,SUPP,SUPP,7,44.29,Dist*-,,,,,34,100.0%,34,100.0%,7,100.0%,NE,NE,NE,NE,NE,NE,NE
1,26578,25,4,919,4008,139154,E14000749,Hitchin and Harpenden,,Hitchin Boys' School,Grammar School Walk,,,Hitchin,SG5 1JB,1462432181,0,ACC,Does not apply,NSE,OTHER NON SEL,MIXED,0, 11-18,0,,,,,279,134,127,36.47,B-,112,36.67,B-,112,25.0%,127,36.62,B-,18,26.46,Merit,3,SUPP,SUPP,3,SUPP,18,100.0%,,,,,,,,,125,99.2%,99.2%,125,99.2%,125,99.2%,99.2%,125,99.2%,10,90.0%,90.0%,10,80.0%,NE,NE,NE,NE,NE,NE,NE,NE,NE,NE,NE,NE,NE,SUPP,SUPP,SUPP,SUPP,SUPP,SUPP,SUPP,NE,NE,NE,NE,NE,NE,,,,,SUPP,SUPP,SUPP,SUPP,SUPP,SUPP,NE,NE,NE,NE,NE,NE,NE,SUPP,SUPP,SUPP,SUPP,SUPP,SUPP,SUPP,18,26.46,Merit,SUPP,SUPP,SUPP,,,,,SUPP,SUPP,SUPP,SUPP,SUPP,SUPP,NE,NE,NE,NE,NE,NE,NE,,,129,,,128,,,32.06,,,C+,,,128,,,32.21,,,C+,,,6,,,19.09,,,Pass+,,,2,,,SUPP,,,SUPP,,,NE,,,NE,,,NE,,,,,,3,,,SUPP,,,2,,,SUPP,,,368,,,0.19,,,0.3,,,0.08,,,381,,,0.2,,,0.3,,,0.09,,,6,,,-0.58,,,0.15,,,-1.32,,,128,,,95.3%,,,128,,,95.3%,,,NE,,,NE,,,NE,,,NE,,,NE,,,NE,,,10,,,10,,,33.48,,,C+,,,10,,,33.69,,,C+,,,NE,,,NE,,,NE,,,SUPP,,,SUPP,,,SUPP,,,NE,,,NE,,,NE,,,NE,,,NE,,,NE,,,NE,,,25,,,0.69,,,1.14,,,0.24,,,26,,,0.69,,,1.14,,,0.25,,,NE,,,NE,,,NE,,,NE,,,9,,,77.8%,,,9,,,77.8%,,,NE,,,NE,,,NE,,,NE,,,NE,,,NE,,,119,,,118,,,31.96,,,C+,,,118,,,32.11,,,C+,,,6,,,19.09,,,Pass+,,,SUPP,,,SUPP,,,SUPP,,,NE,,,NE,,,NE,,,SUPP,,,SUPP,,,SUPP,,,SUPP,,,343,,,0.16,,,0.27,,,0.05,,,355,,,0.16,,,0.27,,,0.05,,,6,,,-0.58,,,0.15,,,-1.32,,,119,,,96.6%,,,119,,,96.6%,,,NE,,,NE,,,NE,,,NE,,,NE,,,NE
1,26580,25,4,919,4009,137288,E14000749,Hitchin and Harpenden,,Hitchin Girls' School,Highbury Road,,,Hitchin,SG4 9RS,1462621300,0,ACC,Does not apply,NSE,OTHER NON SEL,GIRLS,0, 11-18,0,,,,,312,151,143,42.95,B+,129,42.64,B+,129,21.7%,143,42.95,B+,16,39.28,Dist+,NE,NE,NE,NE,NE,16,100.0%,,,,,,,,,148,98.0%,95.9%,148,95.9%,148,98.0%,95.9%,148,95.9%,2,SUPP,SUPP,2,SUPP,NE,NE,NE,NE,NE,NE,NE,NE,NE,NE,NE,NE,NE,13,11,44.19,B+,11,44.19,B+,SUPP,SUPP,SUPP,NE,NE,NE,,,,,13,92.3%,13,92.3%,NE,NE,NE,NE,NE,NE,NE,NE,NE,138,132,42.85,B+,132,42.85,B+,SUPP,SUPP,SUPP,NE,NE,NE,,,,,135,98.5%,135,98.5%,SUPP,SUPP,NE,NE,NE,NE,NE,NE,NE,,,141,,,138,,,38.67,,,B,,,138,,,38.94,,,B,,,8,,,36.88,,,Dist+,,,1,,,SUPP,,,SUPP,,,NE,,,NE,,,NE,,,,,,NE,,,NE,,,2,,,SUPP,,,405,,,0.17,,,0.27,,,0.06,,,434,,,0.18,,,0.28,,,0.08,,,8,,,0.48,,,1.05,,,-0.09,,,139,,,97.1%,,,139,,,97.1%,,,1,,,SUPP,,,NE,,,NE,,,NE,,,NE,,,11,,,11,,,33.73,,,C+,,,11,,,34.31,,,C+,,,SUPP,,,SUPP,,,SUPP,,,NE,,,NE,,,NE,,,NE,,,NE,,,NE,,,NE,,,NE,,,NE,,,NE,,,30,,,-0.11,,,0.29,,,-0.51,,,33,,,-0.07,,,0.31,,,-0.46,,,SUPP,,,SUPP,,,SUPP,,,SUPP,,,11,,,90.9%,,,11,,,90.9%,,,NE,,,NE,,,NE,,,NE,,,NE,,,NE,,,130,,,127,,,39.06,,,B,,,127,,,39.32,,,B,,,SUPP,,,SUPP,,,SUPP,,,SUPP,,,SUPP,,,SUPP,,,NE,,,NE,,,NE,,,NE,,,NE,,,SUPP,,,SUPP,,,375,,,0.19,,,0.29,,,0.08,,,401,,,0.2,,,0.3,,,0.1,,,SUPP,,,SUPP,,,SUPP,,,SUPP,,,128,,,97.7%,,,128,,,97.7%,,,SUPP,,,SUPP,,,NE,,,NE,,,NE,,,NE
1,19430,25,4,919,4010,117504,E14000845,North East Hertfordshire,,Fearnhill School,Icknield Way West,,,Letchworth,SG6 4BA,1462621200,0,FD,Does not apply,NSE,OTHER NON SEL,MIXED,0, 11-18,0,,,R,,58,33,24,41.13,B,24,39.72,B,24,25.0%,24,41.13,B,NE,NE,NE,NE,NE,NE,NE,NE,NE,NE,,,,,,,,,27,96.3%,88.9%,27,88.9%,27,96.3%,88.9%,27,88.9%,NE,NE,NE,NE,NE,NE,NE,NE,NE,NE,NE,NE,NE,NE,NE,NE,NE,NE,SUPP,SUPP,SUPP,SUPP,SUPP,SUPP,SUPP,NE,NE,NE,NE,NE,NE,,,,,SUPP,SUPP,SUPP,SUPP,NE,NE,NE,NE,NE,NE,NE,NE,NE,SUPP,SUPP,SUPP,SUPP,SUPP,SUPP,SUPP,NE,NE,NE,NE,NE,NE,,,,,SUPP,SUPP,SUPP,SUPP,NE,NE,NE,NE,NE,NE,NE,NE,NE,,,29,,,27,,,31.69,,,C+,,,27,,,31.67,,,C+,,,1,,,SUPP,,,SUPP,,,NE,,,NE,,,NE,,,NE,,,NE,,,NE,,,,,,1,,,SUPP,,,2,,,SUPP,,,78,,,0.34,,,0.57,,,0.1,,,81,,,0.32,,,0.55,,,0.09,,,SUPP,,,SUPP,,,SUPP,,,SUPP,,,29,,,86.2%,,,29,,,86.2%,,,NE,,,NE,,,NE,,,NE,,,NE,,,NE,,,SUPP,,,SUPP,,,SUPP,,,SUPP,,,SUPP,,,SUPP,,,SUPP,,,NE,,,NE,,,NE,,,NE,,,NE,,,NE,,,NE,,,NE,,,NE,,,NE,,,NE,,,NE,,,NE,,,13,,,0.9,,,1.54,,,0.25,,,13,,,0.9,,,1.54,,,0.25,,,NE,,,NE,,,NE,,,NE,,,SUPP,,,SUPP,,,SUPP,,,SUPP,,,NE,,,NE,,,NE,,,NE,,,NE,,,NE,,,SUPP,,,SUPP,,,SUPP,,,SUPP,,,SUPP,,,SUPP,,,SUPP,,,SUPP,,,SUPP,,,SUPP,,,NE,,,NE,,,NE,,,NE,,,NE,,,NE,,,SUPP,,,SUPP,,,SUPP,,,SUPP,,,65,,,0.22,,,0.47,,,-0.03,,,68,,,0.2,,,0.45,,,-0.05,,,SUPP,,,SUPP,,,SUPP,,,SUPP,,,SUPP,,,SUPP,,,SUPP,,,SUPP,,,NE,,,NE,,,NE,,,NE,,,NE,,,NE
1,63060,25,4,919,4011,137038,E14000960,St Albans,,Verulam School,Brampton Road,,,St Albans,AL1 4PR,1727766100,0,ACC,Does not apply,NSE,OTHER NON SEL,MIXED,0, 11-18,0,,,R,,231,118,107,36.56,B-,78,37.82,B-,78,20.5%,107,36.88,B-,41,27.59,Merit+,NE,NE,NE,NE,NE,41,100.0%,,,,,,,,,97,97.9%,97.9%,96,97.9%,97,97.9%,97.9%,96,97.9%,20,90.0%,90.0%,20,90.0%,NE,NE,NE,NE,NE,NE,NE,NE,NE,NE,NE,NE,NE,9,SUPP,SUPP,SUPP,SUPP,SUPP,SUPP,SUPP,SUPP,SUPP,NE,NE,NE,,,,,SUPP,SUPP,SUPP,SUPP,SUPP,SUPP,NE,NE,NE,NE,NE,NE,NE,107,SUPP,SUPP,SUPP,SUPP,SUPP,SUPP,SUPP,SUPP,SUPP,NE,NE,NE,,,,,SUPP,SUPP,SUPP,SUPP,SUPP,SUPP,NE,NE,NE,NE,NE,NE,NE,,,124,,,114,,,33.34,,,C+,,,116,,,33.39,,,C+,,,68,,,28.67,,,Merit+,,,NE,,,NE,,,NE,,,NE,,,NE,,,NE,,,,,,1,,,SUPP,,,2,,,SUPP,,,305,,,-0.05,,,0.07,,,-0.17,,,336,,,-0.05,,,0.07,,,-0.16,,,97,,,-0.06,,,0.12,,,-0.23,,,110,,,92.7%,,,110,,,92.7%,,,14,,,92.9%,,,NE,,,NE,,,NE,,,NE,,,8,,,6,,,22.22,,,D+,,,7,,,24,,,D+,,,SUPP,,,SUPP,,,SUPP,,,NE,,,NE,,,NE,,,NE,,,NE,,,NE,,,NE,,,NE,,,NE,,,NE,,,14,,,-0.31,,,0.25,,,-0.87,,,17,,,-0.14,,,0.38,,,-0.67,,,SUPP,,,SUPP,,,SUPP,,,SUPP,,,7,,,57.1%,,,7,,,57.1%,,,SUPP,,,SUPP,,,NE,,,NE,,,NE,,,NE,,,116,,,108,,,33.86,,,C+,,,109,,,33.86,,,C+,,,SUPP,,,SUPP,,,SUPP,,,NE,,,NE,,,NE,,,NE,,,NE,,,NE,,,SUPP,,,SUPP,,,SUPP,,,SUPP,,,291,,,-0.03,,,0.09,,,-0.16,,,319,,,-0.04,,,0.08,,,-0.16,,,SUPP,,,SUPP,,,SUPP,,,SUPP,,,103,,,95.1%,,,103,,,95.1%,,,SUPP,,,SUPP,,,NE,,,NE,,,NE,,,NE
1,44070,25,4,919,4013,137985,E14000744,Hertford and Stortford,,Presdales School,Hoe Lane,,,Ware,SG12 9NX,1920462210,0,ACC,Does not apply,NSE,OTHER NON SEL,MIXED,0, 11-18,0,,,R,,264,146,137,39.6,B,137,38.78,B,137,16.1%,137,39.74,B,NE,NE,NE,NE,NE,NE,NE,NE,NE,NE,,,,,,,,,147,98.0%,93.2%,147,93.9%,147,98.0%,93.2%,147,93.9%,NE,NE,NE,NE,NE,NE,NE,NE,NE,NE,NE,NE,NE,NE,NE,NE,NE,NE,11,10,26.67,C-,10,26.59,C-,NE,NE,NE,NE,NE,NE,,,,,10,100.0%,10,100.0%,NE,NE,NE,NE,NE,NE,NE,NE,NE,134,126,40.64,B,126,40.79,B,NE,NE,NE,NE,NE,NE,,,,,136,97.8%,136,97.8%,NE,NE,NE,NE,NE,NE,NE,NE,NE,,,132,,,128,,,36.59,,,B-,,,128,,,36.77,,,B-,,,NE,,,NE,,,NE,,,NE,,,NE,,,NE,,,NE,,,NE,,,NE,,,,,,1,,,SUPP,,,3,,,SUPP,,,379,,,0.03,,,0.13,,,-0.08,,,410,,,0.03,,,0.13,,,-0.07,,,NE,,,NE,,,NE,,,NE,,,132,,,97.7%,,,132,,,97.7%,,,NE,,,NE,,,NE,,,NE,,,NE,,,NE,,,SUPP,,,SUPP,,,SUPP,,,SUPP,,,SUPP,,,SUPP,,,SUPP,,,NE,,,NE,,,NE,,,NE,,,NE,,,NE,,,NE,,,NE,,,NE,,,NE,,,NE,,,SUPP,,,SUPP,,,12,,,-0.11,,,0.49,,,-0.7,,,13,,,-0.09,,,0.49,,,-0.67,,,NE,,,NE,,,NE,,,NE,,,SUPP,,,SUPP,,,SUPP,,,SUPP,,,NE,,,NE,,,NE,,,NE,,,NE,,,NE,,,SUPP,,,SUPP,,,SUPP,,,SUPP,,,SUPP,,,SUPP,,,SUPP,,,NE,,,NE,,,NE,,,NE,,,NE,,,NE,,,NE,,,NE,,,NE,,,SUPP,,,SUPP,,,SUPP,,,SUPP,,,367,,,0.03,,,0.14,,,-0.07,,,397,,,0.03,,,0.14,,,-0.07,,,NE,,,NE,,,NE,,,NE,,,SUPP,,,SUPP,,,SUPP,,,SUPP,,,NE,,,NE,,,NE,,,NE,,,NE,,,NE
1,58682,25,4,919,4014,137847,E14001027,Welwyn Hatfield,,Stanborough School,Lemsford Lane,,,Welwyn Garden City,AL8 6YR,1707321755,0,ACC,Does not apply,NSE,OTHER NON SEL,MIXED,0, 11-18,0,,,,,163,66,58,40.96,B,52,41.28,B,52,21.2%,58,41.11,B,16,36.88,Dist+,1,SUPP,SUPP,1,SUPP,16,100.0%,,,,,,,,,56,92.9%,92.9%,56,92.9%,56,92.9%,92.9%,56,92.9%,10,80.0%,80.0%,10,80.0%,NE,NE,NE,NE,NE,NE,NE,NE,NE,NE,NE,NE,NE,SUPP,SUPP,SUPP,SUPP,SUPP,SUPP,SUPP,SUPP,SUPP,SUPP,NE,NE,NE,,,,,SUPP,SUPP,SUPP,SUPP,SUPP,SUPP,NE,NE,NE,NE,NE,NE,NE,SUPP,SUPP,SUPP,SUPP,SUPP,SUPP,SUPP,SUPP,SUPP,SUPP,SUPP,SUPP,SUPP,,,,,SUPP,SUPP,SUPP,SUPP,SUPP,SUPP,NE,NE,NE,NE,NE,NE,NE,,,85,,,73,,,32.81,,,C+,,,74,,,33.39,,,C+,,,45,,,29.92,,,Merit+,,,NE,,,NE,,,NE,,,NE,,,NE,,,NE,,,,,,NE,,,NE,,,5,,,SUPP,,,185,,,0.01,,,0.17,,,-0.14,,,209,,,0.07,,,0.22,,,-0.08,,,59,,,0.24,,,0.47,,,0.01,,,42,,,88.1%,,,42,,,88.1%,,,43,,,86.0%,,,NE,,,NE,,,NE,,,NE,,,10,,,9,,,34.36,,,C+,,,9,,,34.38,,,C+,,,6,,,23.69,,,Merit,,,NE,,,NE,,,NE,,,NE,,,NE,,,NE,,,NE,,,NE,,,SUPP,,,SUPP,,,20,,,0.35,,,0.85,,,-0.16,,,22,,,0.36,,,0.85,,,-0.13,,,7,,,-0.23,,,0.5,,,-0.95,,,SUPP,,,SUPP,,,SUPP,,,SUPP,,,7,,,85.7%,,,NE,,,NE,,,NE,,,NE,,,74,,,64,,,32.62,,,C+,,,65,,,33.28,,,C+,,,39,,,30.82,,,Dist-,,,NE,,,NE,,,NE,,,NE,,,NE,,,NE,,,NE,,,NE,,,SUPP,,,SUPP,,,165,,,-0.03,,,0.13,,,-0.19,,,187,,,0.03,,,0.19,,,-0.13,,,52,,,0.31,,,0.54,,,0.07,,,SUPP,,,SUPP,,,SUPP,,,SUPP,,,36,,,86.1%,,,NE,,,NE,,,NE,,,NE
1,31086,25,4,919,4016,136608,E14000845,North East Hertfordshire,,The Knights Templar School,Park Street,,,Baldock,SG7 6DZ,1462620700,0,ACC,Does not apply,NSE,OTHER NON SEL,MIXED,0, 11-18,0,,,,,432,216,151,33.05,C+,121,31.32,C,121,9.9%,151,33.06,C+,24,32.63,Dist-,11,33.24,Dist-,63,17.5%,80,30.0%,,,,,,,,,121,95.0%,95.0%,121,95.0%,121,95.0%,95.0%,121,95.0%,31,90.3%,80.6%,31,77.4%,11,100.0%,100.0%,11,100.0%,NE,NE,NE,NE,NE,NE,NE,NE,31,24,32.5,C+,24,32.59,C+,SUPP,SUPP,SUPP,NE,NE,NE,,,,,24,87.5%,24,87.5%,SUPP,SUPP,NE,NE,NE,NE,NE,NE,NE,178,127,33.16,C+,127,33.15,C+,SUPP,SUPP,SUPP,11,33.24,Dist-,,,,,97,96.9%,97,96.9%,SUPP,SUPP,11,100.0%,NE,NE,NE,NE,NE,,,141,,,109,,,31.46,,,C,,,110,,,31.73,,,C+,,,40,,,36.38,,,Dist,,,NE,,,NE,,,NE,,,NE,,,NE,,,NE,,,,,,1,,,SUPP,,,3,,,SUPP,,,326,,,-0.1,,,0.02,,,-0.22,,,363,,,-0.09,,,0.02,,,-0.21,,,45,,,0.55,,,0.87,,,0.22,,,104,,,99.0%,,,104,,,99.0%,,,6,,,83.3%,,,NE,,,NE,,,NE,,,NE,,,17,,,12,,,26.29,,,C-,,,12,,,26.92,,,C-,,,SUPP,,,SUPP,,,SUPP,,,NE,,,NE,,,NE,,,NE,,,NE,,,NE,,,NE,,,NE,,,SUPP,,,SUPP,,,33,,,-0.29,,,0.09,,,-0.68,,,38,,,-0.27,,,0.1,,,-0.64,,,SUPP,,,SUPP,,,SUPP,,,SUPP,,,12,,,100.0%,,,12,,,100.0%,,,NE,,,NE,,,NE,,,NE,,,NE,,,NE,,,119,,,97,,,32.05,,,C+,,,97,,,32.32,,,C+,,,SUPP,,,SUPP,,,SUPP,,,NE,,,NE,,,NE,,,NE,,,NE,,,NE,,,SUPP,,,SUPP,,,SUPP,,,SUPP,,,293,,,-0.08,,,0.05,,,-0.2,,,325,,,-0.07,,,0.05,,,-0.19,,,SUPP,,,SUPP,,,SUPP,,,SUPP,,,91,,,98.9%,,,91,,,98.9%,,,6,,,83.3%,,,NE,,,NE,,,NE,,,NE
1,60822,25,4,919,4017,140037,E14000968,Stevenage,,The Thomas Alleyne Academy,High Street,,,Stevenage,SG1 3BE,1438344344,0,AC,Does not apply,NSE,OTHER NON SEL,MIXED,0, 11-18,0,,,,,81,52,51,33.07,C+,48,32.99,C+,48,6.3%,51,33.07,C+,3,SUPP,SUPP,NE,NE,NE,NE,NE,3,SUPP,,,,,,,,,50,98.0%,98.0%,50,98.0%,50,98.0%,98.0%,50,98.0%,2,SUPP,SUPP,2,SUPP,NE,NE,NE,NE,NE,NE,NE,NE,NE,NE,NE,NE,NE,SUPP,SUPP,SUPP,SUPP,SUPP,SUPP,SUPP,NE,NE,NE,NE,NE,NE,,,,,SUPP,SUPP,SUPP,SUPP,NE,NE,NE,NE,NE,NE,NE,NE,NE,SUPP,SUPP,SUPP,SUPP,SUPP,SUPP,SUPP,SUPP,SUPP,SUPP,NE,NE,NE,,,,,SUPP,SUPP,SUPP,SUPP,SUPP,SUPP,NE,NE,NE,NE,NE,NE,NE,,,30,,,26,,,21.39,,,D,,,26,,,21.81,,,D+,,,6,,,30,,,Dist-,,,NE,,,NE,,,NE,,,NE,,,NE,,,NE,,,,,,NE,,,NE,,,1,,,SUPP,,,72,,,-0.42,,,-0.18,,,-0.67,,,79,,,-0.41,,,-0.17,,,-0.65,,,7,,,0.61,,,1.2,,,0.01,,,29,,,82.8%,,,29,,,82.8%,,,2,,,SUPP,,,NE,,,NE,,,NE,,,NE,,,SUPP,,,SUPP,,,SUPP,,,SUPP,,,SUPP,,,SUPP,,,SUPP,,,NE,,,NE,,,NE,,,NE,,,NE,,,NE,,,NE,,,NE,,,NE,,,NE,,,NE,,,NE,,,NE,,,8,,,0.37,,,1.08,,,-0.34,,,8,,,0.37,,,1.08,,,-0.34,,,NE,,,NE,,,NE,,,NE,,,SUPP,,,SUPP,,,SUPP,,,SUPP,,,NE,,,NE,,,NE,,,NE,,,NE,,,NE,,,SUPP,,,SUPP,,,SUPP,,,SUPP,,,SUPP,,,SUPP,,,SUPP,,,6,,,30,,,Dist-,,,NE,,,NE,,,NE,,,NE,,,NE,,,NE,,,NE,,,NE,,,SUPP,,,SUPP,,,64,,,-0.51,,,-0.26,,,-0.77,,,71,,,-0.5,,,-0.25,,,-0.75,,,7,,,0.61,,,1.2,,,0.02,,,SUPP,,,SUPP,,,SUPP,,,SUPP,,,SUPP,,,SUPP,,,NE,,,NE,,,NE,,,NE
1,63972,25,4,919,4021,141004,E14001021,Watford,,The Watford UTC,18 Colonial Way,,,Watford,WD24 4PT,1923905240,0,UTC,None,NR,NA,MIXED,0, 14-19,0,,,,,34,19,3,SUPP,SUPP,NE,NE,NE,NE,NE,4,SUPP,SUPP,13,27.32,Merit+,4,SUPP,SUPP,4,SUPP,13,100.0%,,,,,,,,,1,SUPP,SUPP,1,SUPP,1,SUPP,SUPP,1,SUPP,16,87.5%,68.8%,16,87.5%,2,SUPP,SUPP,2,SUPP,NE,NE,NE,NE,NE,NE,NE,NE,SUPP,NE,NE,NE,NE,NE,NE,NE,NE,NE,NE,NE,NE,,,,,NE,NE,NE,NE,SUPP,SUPP,SUPP,SUPP,NE,NE,NE,NE,NE,SUPP,SUPP,SUPP,SUPP,SUPP,SUPP,SUPP,13,27.32,Merit+,SUPP,SUPP,SUPP,,,,,SUPP,SUPP,SUPP,SUPP,SUPP,SUPP,NE,NE,NE,NE,NE,NE,NE,,,47,,,17,,,21.71,,,D+,,,17,,,22.3,,,D+,,,25,,,28.87,,,Merit+,,,11,,,33.41,,,Dist,,,NE,,,NE,,,NE,,,,,,10,,,0.87,,,13,,,0.38,,,23,,,-0.19,,,0.3,,,-0.67,,,27,,,-0.15,,,0.31,,,-0.61,,,29,,,0.12,,,0.46,,,-0.22,,,5,,,SUPP,,,5,,,SUPP,,,16,,,100.0%,,,12,,,91.7%,,,NE,,,NE,,,12,,,SUPP,,,SUPP,,,SUPP,,,SUPP,,,SUPP,,,SUPP,,,7,,,27.42,,,Merit+,,,SUPP,,,SUPP,,,SUPP,,,NE,,,NE,,,NE,,,SUPP,,,SUPP,,,SUPP,,,SUPP,,,SUPP,,,SUPP,,,SUPP,,,SUPP,,,SUPP,,,SUPP,,,SUPP,,,SUPP,,,10,,,0.05,,,0.59,,,-0.5,,,SUPP,,,SUPP,,,SUPP,,,SUPP,,,SUPP,,,SUPP,,,SUPP,,,SUPP,,,NE,,,NE,,,32,,,SUPP,,,SUPP,,,SUPP,,,SUPP,,,SUPP,,,SUPP,,,17,,,29.67,,,Merit+,,,SUPP,,,SUPP,,,SUPP,,,NE,,,NE,,,NE,,,SUPP,,,SUPP,,,SUPP,,,SUPP,,,SUPP,,,SUPP,,,SUPP,,,SUPP,,,SUPP,,,SUPP,,,SUPP,,,SUPP,,,19,,,0.15,,,0.57,,,-0.27,,,SUPP,,,SUPP,,,SUPP,,,SUPP,,,SUPP,,,SUPP,,,SUPP,,,SUPP,,,NE,,,NE
1,25702,25,4,919,8021,130722,E14000744,Hertford and Stortford,,Hertford Regional College,Scotts Road,,,Ware,SG12 9JF,1992411400,0,General Further Education College,Does not apply,NA,NA,MIXED,0, 16-99,0,,,,,1841,939,1,SUPP,SUPP,NE,NE,NE,NE,NE,1,SUPP,SUPP,148,26.91,Merit+,52,21.75,Merit-,184,28.3%,280,52.9%,,,,,,,,,NE,NE,NE,NE,NE,NE,NE,NE,NE,NE,196,95.9%,88.3%,189,93.1%,96,90.6%,82.3%,92,87.0%,2,SUPP,SUPP,11,81.8%,36.4%,51,3.9%,287,NE,NE,NE,NE,NE,NE,32,22.49,Merit-,19,17.93,Pass+,,,,,NE,NE,NE,NE,52,94.2%,31,96.8%,NE,NE,NE,SUPP,SUPP,646,SUPP,SUPP,SUPP,SUPP,SUPP,SUPP,116,28.14,Merit+,32,24.66,Merit,,,,,NE,NE,NE,NE,144,96.5%,64,87.5%,SUPP,SUPP,SUPP,SUPP,SUPP,,,1078,,,2,,,SUPP,,,SUPP,,,2,,,SUPP,,,SUPP,,,28,,,19.44,,,Pass+,,,31,,,23.55,,,Merit,,,38,,,5.91,,,L2Merit,,,,,,408,,,-0.06,,,525,,,-0.1,,,SUPP,,,SUPP,,,SUPP,,,SUPP,,,SUPP,,,SUPP,,,SUPP,,,SUPP,,,28,,,-0.84,,,-0.5,,,-1.19,,,NE,,,NE,,,NE,,,NE,,,29,,,86.2%,,,51,,,90.2%,,,39,,,76.9%,,,370,,,NE,,,NE,,,NE,,,NE,,,NE,,,NE,,,9,,,16.22,,,Pass,,,9,,,20.74,,,Merit-,,,10,,,5.65,,,L2Merit-,,,173,,,-0.06,,,222,,,-0.15,,,NE,,,NE,,,NE,,,NE,,,NE,,,NE,,,NE,,,NE,,,9,,,-0.99,,,-0.37,,,-1.6,,,NE,,,NE,,,NE,,,NE,,,10,,,90.0%,,,16,,,87.5%,,,16,,,68.8%,,,689,,,SUPP,,,SUPP,,,SUPP,,,SUPP,,,SUPP,,,SUPP,,,19,,,20.8,,,Merit-,,,21,,,24.13,,,Merit,,,27,,,5.96,,,L2Merit,,,234,,,-0.06,,,301,,,-0.06,,,SUPP,,,SUPP,,,SUPP,,,SUPP,,,SUPP,,,SUPP,,,SUPP,,,SUPP,,,19,,,-0.78,,,-0.37,,,-1.19,,,NE,,,NE,,,NE,,,NE,,,19,,,84.2%,,,33,,,93.9%,,,23,,,82.6%
1,40184,25,4,919,8022,130723,E14000960,St Albans,,Oaklands College,Oaklands Campus,Hatfield Road,,St Albans,AL4 0JA,1727737000,0,General Further Education College,Does not apply,NA,NA,MIXED,0, 16-99,0,,,,,3052,1582,38,26.74,C-,31,24.09,D+,31,0.0%,38,27.89,C-,231,26.43,Merit,86,29.56,Merit+,409,21.0%,537,43.0%,,,,,,,,,37,94.6%,91.9%,37,75.7%,37,94.6%,91.9%,37,75.7%,292,95.5%,90.8%,278,85.6%,178,91.0%,79.2%,174,86.8%,12,6.08,L2Merit,18,77.8%,61.1%,70,17.1%,407,9,26.36,C-,9,26.9,C-,48,24.38,Merit,24,26.8,Merit+,,,,,10,100.0%,10,100.0%,61,91.8%,45,84.4%,SUPP,SUPP,SUPP,7,71.4%,1104,28,26.67,C-,28,28.04,C-,175,26.96,Merit+,61,30.47,Dist-,,,,,26,92.3%,26,92.3%,222,96.4%,132,93.2%,SUPP,SUPP,SUPP,9,77.8%,,,1959,,,86,,,25.25,,,C-,,,88,,,26.06,,,C-,,,19,,,10.52,,,Pass-,,,17,,,20.74,,,Merit-,,,1,,,SUPP,,,SUPP,,,,,,636,,,-0.06,,,801,,,-0.17,,,213,,,-0.01,,,0.14,,,-0.16,,,229,,,0.05,,,0.19,,,-0.1,,,19,,,-1.19,,,-0.75,,,-1.62,,,91,,,84.6%,,,91,,,84.6%,,,38,,,63.2%,,,20,,,100.0%,,,1,,,SUPP,,,517,,,20,,,18.68,,,D,,,20,,,19.49,,,D,,,SUPP,,,SUPP,,,SUPP,,,NE,,,NE,,,NE,,,NE,,,NE,,,NE,,,235,,,-0.25,,,289,,,-0.31,,,53,,,-0.37,,,-0.05,,,-0.69,,,56,,,-0.31,,,0,,,-0.62,,,SUPP,,,SUPP,,,SUPP,,,SUPP,,,20,,,85.0%,,,20,,,85.0%,,,11,,,54.5%,,,NE,,,NE,,,NE,,,NE,,,1360,,,64,,,27.15,,,C-,,,66,,,27.89,,,C-,,,SUPP,,,SUPP,,,SUPP,,,17,,,20.74,,,Merit-,,,SUPP,,,SUPP,,,SUPP,,,399,,,0.05,,,509,,,-0.1,,,160,,,0.1,,,0.27,,,-0.07,,,173,,,0.16,,,0.32,,,-0.01,,,SUPP,,,SUPP,,,SUPP,,,SUPP,,,69,,,84.1%,,,69,,,84.1%,,,27,,,66.7%,,,20,,,100.0%,,,SUPP,,,SUPP
1,11462,25,4,919,4498,137090,E14000744,Hertford and Stortford,,The Chauncy School,Park Road,,,Ware,SG12 0DP,1920411200,0,ACC,None,NSE,OTHER NON SEL,MIXED,0, 11-18,0,,,,,201,117,92,39.76,B,50,40.27,B,50,26.0%,95,40.08,B,48,33.67,Dist,25,33.3,Dist-,25,100.0%,48,100.0%,,,,,,,,,67,97.0%,97.0%,67,97.0%,67,97.0%,97.0%,67,97.0%,20,95.0%,95.0%,20,95.0%,26,92.3%,92.3%,26,92.3%,NE,NE,NE,NE,NE,NE,NE,NE,9,8,31.82,C+,8,34.06,C+,SUPP,SUPP,SUPP,SUPP,SUPP,SUPP,,,,,SUPP,SUPP,SUPP,SUPP,SUPP,SUPP,SUPP,SUPP,NE,NE,NE,NE,NE,107,84,40.2,B,87,40.45,B,SUPP,SUPP,SUPP,SUPP,SUPP,SUPP,,,,,SUPP,SUPP,SUPP,SUPP,SUPP,SUPP,SUPP,SUPP,NE,NE,NE,NE,NE,,,124,,,104,,,31.9,,,C+,,,104,,,32.22,,,C+,,,42,,,30.63,,,Dist-,,,15,,,31.83,,,Dist-,,,NE,,,NE,,,NE,,,,,,1,,,SUPP,,,14,,,0.29,,,236,,,-0.02,,,0.12,,,-0.15,,,249,,,0,,,0.13,,,-0.13,,,53,,,0.07,,,0.28,,,-0.15,,,60,,,86.7%,,,60,,,86.7%,,,41,,,95.1%,,,15,,,100.0%,,,NE,,,NE,,,12,,,9,,,31.03,,,C,,,9,,,31.03,,,C,,,7,,,35.67,,,Dist,,,SUPP,,,SUPP,,,SUPP,,,NE,,,NE,,,NE,,,NE,,,NE,,,SUPP,,,SUPP,,,21,,,0.25,,,0.71,,,-0.21,,,21,,,0.26,,,0.72,,,-0.2,,,8,,,0.75,,,1.3,,,0.2,,,SUPP,,,SUPP,,,SUPP,,,SUPP,,,7,,,100.0%,,,SUPP,,,SUPP,,,NE,,,NE,,,110,,,93,,,31.9,,,C+,,,93,,,32.25,,,C+,,,35,,,29.95,,,Merit+,,,SUPP,,,SUPP,,,SUPP,,,NE,,,NE,,,NE,,,SUPP,,,SUPP,,,SUPP,,,SUPP,,,215,,,-0.04,,,0.1,,,-0.18,,,228,,,-0.02,,,0.11,,,-0.16,,,45,,,-0.03,,,0.2,,,-0.26,,,SUPP,,,SUPP,,,SUPP,,,SUPP,,,34,,,94.1%,,,SUPP,,,SUPP,,,NE,,,NE
1,3102,25,4,919,4499,117552,E14000739,Hemel Hempstead,,The Astley Cooper School,St Agnell's Lane,,,Hemel Hempstead,HP2 7HL,1442394141,0,CY,Does not apply,NSE,OTHER NON SEL,MIXED,0, 11-18,0,,,R,,59,36,11,21.67,D+,1,SUPP,SUPP,1,SUPP,12,21.72,D+,15,28.34,Merit+,NE,NE,NE,NE,NE,15,100.0%,,,,,,,,,8,75.0%,75.0%,8,75.0%,8,75.0%,75.0%,8,75.0%,15,73.3%,73.3%,15,66.7%,NE,NE,NE,NE,NE,NE,NE,NE,NE,NE,NE,NE,NE,18,SUPP,SUPP,SUPP,SUPP,SUPP,SUPP,7,24.47,Merit,NE,NE,NE,,,,,SUPP,SUPP,SUPP,SUPP,8,62.5%,NE,NE,NE,NE,NE,NE,NE,17,SUPP,SUPP,SUPP,SUPP,SUPP,SUPP,8,31.76,Dist-,NE,NE,NE,,,,,SUPP,SUPP,SUPP,SUPP,7,85.7%,NE,NE,NE,NE,NE,NE,NE,,,28,,,15,,,27.93,,,C-,,,16,,,29.04,,,C,,,14,,,24.56,,,Merit,,,NE,,,NE,,,NE,,,NE,,,NE,,,NE,,,,,,4,,,SUPP,,,5,,,SUPP,,,30,,,-0.42,,,-0.07,,,-0.78,,,38,,,-0.33,,,0.01,,,-0.66,,,19,,,-0.03,,,0.4,,,-0.46,,,12,,,100.0%,,,12,,,100.0%,,,7,,,100.0%,,,1,,,SUPP,,,NE,,,NE,,,SUPP,,,SUPP,,,SUPP,,,SUPP,,,SUPP,,,SUPP,,,SUPP,,,SUPP,,,SUPP,,,SUPP,,,NE,,,NE,,,NE,,,NE,,,NE,,,NE,,,SUPP,,,SUPP,,,SUPP,,,SUPP,,,SUPP,,,SUPP,,,SUPP,,,SUPP,,,SUPP,,,SUPP,,,SUPP,,,SUPP,,,SUPP,,,SUPP,,,SUPP,,,SUPP,,,SUPP,,,SUPP,,,SUPP,,,SUPP,,,SUPP,,,SUPP,,,NE,,,NE,,,NE,,,NE,,,SUPP,,,SUPP,,,SUPP,,,SUPP,,,SUPP,,,SUPP,,,SUPP,,,SUPP,,,SUPP,,,SUPP,,,NE,,,NE,,,NE,,,NE,,,NE,,,NE,,,SUPP,,,SUPP,,,SUPP,,,SUPP,,,SUPP,,,SUPP,,,SUPP,,,SUPP,,,SUPP,,,SUPP,,,SUPP,,,SUPP,,,SUPP,,,SUPP,,,SUPP,,,SUPP,,,SUPP,,,SUPP,,,SUPP,,,SUPP,,,SUPP,,,SUPP,,,SUPP,,,SUPP,,,NE,,,NE
1,61994,25,4,919,4504,138352,E14000951,South West Hertfordshire,,Tring School,Mortimer Hill,,,Tring,HP23 5JD,1442822303,0,ACC,Church of England,NSE,OTHER NON SEL,MIXED,0, 11-18,0,,,,,356,183,168,38.32,B-,93,40.14,B,93,18.3%,168,38.41,B,82,35.15,Dist,NE,NE,NE,2,SUPP,83,98.8%,,,,,,,,,156,96.8%,96.2%,156,96.8%,156,96.8%,96.2%,156,96.8%,26,92.3%,92.3%,26,92.3%,NE,NE,NE,NE,NE,NE,NE,NE,NE,NE,NE,NE,NE,8,7,35,B-,7,35,B-,6,34.75,Dist,NE,NE,NE,,,,,7,100.0%,7,100.0%,SUPP,SUPP,NE,NE,NE,NE,NE,NE,NE,175,161,38.45,B,161,38.55,B,76,35.18,Dist,NE,NE,NE,,,,,149,96.6%,149,96.6%,SUPP,SUPP,NE,NE,NE,NE,NE,NE,NE,,,160,,,149,,,33.43,,,C+,,,151,,,33.4,,,C+,,,43,,,29.04,,,Merit+,,,NE,,,NE,,,NE,,,NE,,,NE,,,NE,,,,,,NE,,,NE,,,7,,,0.86,,,348,,,0.06,,,0.17,,,-0.05,,,369,,,0.06,,,0.17,,,-0.04,,,52,,,0.07,,,0.29,,,-0.15,,,132,,,91.7%,,,132,,,91.7%,,,26,,,65.4%,,,NE,,,NE,,,NE,,,NE,,,7,,,7,,,35.17,,,B-,,,7,,,35.27,,,B-,,,SUPP,,,SUPP,,,SUPP,,,NE,,,NE,,,NE,,,NE,,,NE,,,NE,,,NE,,,NE,,,SUPP,,,SUPP,,,15,,,0.14,,,0.69,,,-0.4,,,16,,,0.15,,,0.69,,,-0.39,,,SUPP,,,SUPP,,,SUPP,,,SUPP,,,7,,,85.7%,,,7,,,85.7%,,,NE,,,NE,,,NE,,,NE,,,NE,,,NE,,,151,,,140,,,33.38,,,C+,,,142,,,33.36,,,C+,,,SUPP,,,SUPP,,,SUPP,,,NE,,,NE,,,NE,,,NE,,,NE,,,NE,,,NE,,,NE,,,SUPP,,,SUPP,,,333,,,0.06,,,0.17,,,-0.06,,,353,,,0.06,,,0.17,,,-0.05,,,SUPP,,,SUPP,,,SUPP,,,SUPP,,,124,,,91.9%,,,124,,,91.9%,,,25,,,64.0%,,,NE,,,NE,,,NE,,,NE
1,61814,25,4,919,4606,117555,E14000749,Hitchin and Harpenden,,Townsend VA Church of England,High Oaks,,,St Albans,AL3 6DR,1727853047,0,VA,Church of England,NSE,OTHER NON SEL,MIXED,0, 11-18,0,,,,,103,51,44,31.49,C,41,30.81,C,41,4.9%,44,31.64,C,5,SUPP,SUPP,NE,NE,NE,NE,NE,5,SUPP,,,,,,,,,44,90.9%,90.9%,44,90.9%,44,90.9%,90.9%,44,90.9%,7,57.1%,57.1%,7,57.1%,NE,NE,NE,NE,NE,NE,NE,NE,NE,NE,NE,NE,NE,9,7,24.21,D+,7,24.21,D+,NE,NE,NE,NE,NE,NE,,,,,8,87.5%,8,87.5%,NE,NE,NE,NE,NE,NE,NE,NE,NE,41,36,32.49,C+,36,32.66,C+,SUPP,SUPP,SUPP,NE,NE,NE,,,,,35,91.4%,35,91.4%,6,66.7%,NE,NE,NE,NE,NE,NE,NE,,,43,,,40,,,21.06,,,D,,,40,,,21.06,,,D,,,NE,,,NE,,,NE,,,NE,,,NE,,,NE,,,NE,,,NE,,,NE,,,,,,NE,,,NE,,,5,,,SUPP,,,117,,,-0.41,,,-0.22,,,-0.6,,,117,,,-0.41,,,-0.22,,,-0.6,,,NE,,,NE,,,NE,,,NE,,,43,,,88.4%,,,43,,,88.4%,,,NE,,,NE,,,NE,,,NE,,,NE,,,NE,,,6,,,6,,,14.57,,,E+,,,6,,,14.57,,,E+,,,NE,,,NE,,,NE,,,NE,,,NE,,,NE,,,NE,,,NE,,,NE,,,NE,,,NE,,,NE,,,NE,,,18,,,-0.91,,,-0.39,,,-1.43,,,18,,,-0.91,,,-0.39,,,-1.43,,,NE,,,NE,,,NE,,,NE,,,6,,,100.0%,,,6,,,100.0%,,,NE,,,NE,,,NE,,,NE,,,NE,,,NE,,,37,,,34,,,22.25,,,D+,,,34,,,22.25,,,D+,,,NE,,,NE,,,NE,,,NE,,,NE,,,NE,,,NE,,,NE,,,NE,,,NE,,,NE,,,SUPP,,,SUPP,,,99,,,-0.32,,,-0.11,,,-0.53,,,99,,,-0.32,,,-0.11,,,-0.53,,,NE,,,NE,,,NE,,,NE,,,37,,,86.5%,,,37,,,86.5%,,,NE,,,NE,,,NE,,,NE,,,NE,,,NE
1,50102,25,4,919,4614,138356,E14000749,Hitchin and Harpenden,,St George's School,Sun Lane,,,Harpenden,AL5 4TD,1582765477,0,ACC,Christian,NSE,OTHER NON SEL,MIXED,0, 11-18,0,,,R,,377,196,193,45.39,A-,192,45.36,A-,192,38.0%,193,45.41,A-,NE,NE,NE,NE,NE,NE,2,SUPP,2,SUPP,,,,,,,,,192,99.5%,99.5%,192,99.5%,192,99.5%,99.5%,192,99.5%,NE,NE,NE,NE,NE,NE,NE,NE,NE,NE,NE,NE,NE,NE,NE,NE,NE,NE,9,9,40,B,9,40,B,NE,NE,NE,NE,NE,NE,,,,,9,100.0%,9,100.0%,NE,NE,NE,NE,NE,NE,NE,NE,NE,180,178,46.03,A-,178,46.06,A-,NE,NE,NE,NE,NE,NE,,,,,177,99.4%,177,99.4%,NE,NE,NE,NE,NE,NE,NE,NE,NE,,,215,,,210,,,39.67,,,B,,,210,,,39.73,,,B,,,5,,,SUPP,,,SUPP,,,NE,,,NE,,,NE,,,NE,,,NE,,,NE,,,,,,2,,,SUPP,,,3,,,SUPP,,,593,,,0.06,,,0.14,,,-0.03,,,600,,,0.06,,,0.15,,,-0.03,,,SUPP,,,SUPP,,,SUPP,,,SUPP,,,201,,,97.0%,,,201,,,97.0%,,,NE,,,NE,,,NE,,,NE,,,NE,,,NE,,,11,,,9,,,36,,,B-,,,9,,,36,,,B-,,,NE,,,NE,,,NE,,,NE,,,NE,,,NE,,,NE,,,NE,,,NE,,,SUPP,,,SUPP,,,SUPP,,,SUPP,,,20,,,0.08,,,0.61,,,-0.45,,,20,,,0.08,,,0.61,,,-0.45,,,NE,,,NE,,,NE,,,NE,,,6,,,100.0%,,,6,,,100.0%,,,NE,,,NE,,,NE,,,NE,,,NE,,,NE,,,197,,,194,,,39.73,,,B,,,194,,,39.79,,,B,,,SUPP,,,SUPP,,,SUPP,,,NE,,,NE,,,NE,,,NE,,,NE,,,NE,,,SUPP,,,SUPP,,,SUPP,,,SUPP,,,573,,,0.06,,,0.14,,,-0.03,,,580,,,0.06,,,0.15,,,-0.03,,,SUPP,,,SUPP,,,SUPP,,,SUPP,,,188,,,96.8%,,,188,,,96.8%,,,NE,,,NE,,,NE,,,NE,,,NE,,,NE
1,29146,25,4,919,4619,117557,E14000739,Hemel Hempstead,,John F Kennedy Catholic School,Hollybush Lane,,,Hemel Hempstead,HP1 2PH,1442266150,0,VA,Roman Catholic,NSE,OTHER NON SEL,MIXED,0, 11-18,0,,,,,195,88,87,36.81,B-,80,36.67,B-,80,17.5%,87,36.9,B-,7,35,Dist,NE,NE,NE,NE,NE,7,100.0%,,,,,,,,,81,100.0%,98.8%,81,98.8%,81,100.0%,98.8%,81,98.8%,7,100.0%,100.0%,7,100.0%,NE,NE,NE,NE,NE,NE,NE,NE,NE,NE,NE,NE,NE,8,8,28.16,C-,8,28.31,C-,NE,NE,NE,NE,NE,NE,,,,,8,100.0%,8,100.0%,NE,NE,NE,NE,NE,NE,NE,NE,NE,79,79,37.73,B-,79,37.82,B-,7,35,Dist,NE,NE,NE,,,,,72,100.0%,72,100.0%,7,100.0%,NE,NE,NE,NE,NE,NE,NE,,,89,,,81,,,33.3,,,C+,,,81,,,33.26,,,C+,,,11,,,32.73,,,Dist-,,,NE,,,NE,,,NE,,,NE,,,NE,,,NE,,,,,,NE,,,NE,,,4,,,SUPP,,,230,,,-0.07,,,0.07,,,-0.21,,,238,,,-0.08,,,0.05,,,-0.22,,,11,,,0.08,,,0.6,,,-0.44,,,88,,,90.9%,,,88,,,90.9%,,,NE,,,NE,,,NE,,,NE,,,NE,,,NE,,,10,,,9,,,33.33,,,C+,,,9,,,33.41,,,C+,,,NE,,,NE,,,NE,,,NE,,,NE,,,NE,,,NE,,,NE,,,NE,,,NE,,,NE,,,SUPP,,,SUPP,,,27,,,0.1,,,0.51,,,-0.31,,,28,,,0.11,,,0.52,,,-0.29,,,NE,,,NE,,,NE,,,NE,,,10,,,90.0%,,,10,,,90.0%,,,NE,,,NE,,,NE,,,NE,,,NE,,,NE,,,77,,,71,,,33.29,,,C+,,,71,,,33.23,,,C+,,,11,,,32.73,,,Dist-,,,NE,,,NE,,,NE,,,NE,,,NE,,,NE,,,NE,,,NE,,,SUPP,,,SUPP,,,203,,,-0.09,,,0.05,,,-0.24,,,210,,,-0.11,,,0.03,,,-0.25,,,11,,,0.08,,,0.59,,,-0.43,,,77,,,92.2%,,,77,,,92.2%,,,NE,,,NE,,,NE,,,NE,,,NE,,,NE
1,33756,25,4,919,4620,138106,E14000960,St Albans,,Loreto College,Hatfield Road,,,St Albans,AL1 3RQ,1727856206,0,ACC,Roman Catholic,NSE,OTHER NON SEL,MIXED,0, 11-18,0,,,R,,158,73,69,32.57,C+,61,32.35,C+,61,13.1%,69,32.7,C+,9,26.67,Merit+,NE,NE,NE,NE,NE,9,100.0%,,,,,,,,,59,100.0%,100.0%,59,100.0%,59,100.0%,100.0%,59,100.0%,9,100.0%,100.0%,9,100.0%,NE,NE,NE,NE,NE,NE,NE,NE,NE,NE,NE,NE,NE,SUPP,SUPP,SUPP,SUPP,SUPP,SUPP,SUPP,NE,NE,NE,NE,NE,NE,,,,,SUPP,SUPP,SUPP,SUPP,NE,NE,NE,NE,NE,NE,NE,NE,NE,SUPP,SUPP,SUPP,SUPP,SUPP,SUPP,SUPP,9,26.67,Merit+,NE,NE,NE,,,,,SUPP,SUPP,SUPP,SUPP,9,100.0%,NE,NE,NE,NE,NE,NE,NE,,,96,,,90,,,34.4,,,C+,,,90,,,34.57,,,C+,,,11,,,32.27,,,Dist-,,,NE,,,NE,,,NE,,,NE,,,NE,,,NE,,,,,,NE,,,NE,,,12,,,0.83,,,230,,,-0.01,,,0.13,,,-0.14,,,237,,,0,,,0.13,,,-0.13,,,11,,,0.25,,,0.68,,,-0.19,,,82,,,93.9%,,,82,,,93.9%,,,11,,,100.0%,,,NE,,,NE,,,NE,,,NE,,,8,,,8,,,22.22,,,D+,,,8,,,22.22,,,D+,,,SUPP,,,SUPP,,,SUPP,,,NE,,,NE,,,NE,,,NE,,,NE,,,NE,,,NE,,,NE,,,SUPP,,,SUPP,,,18,,,-0.37,,,0.14,,,-0.88,,,18,,,-0.37,,,0.14,,,-0.88,,,SUPP,,,SUPP,,,SUPP,,,SUPP,,,SUPP,,,SUPP,,,SUPP,,,SUPP,,,SUPP,,,SUPP,,,NE,,,NE,,,NE,,,NE,,,82,,,76,,,35.69,,,B-,,,76,,,35.87,,,B-,,,SUPP,,,SUPP,,,SUPP,,,NE,,,NE,,,NE,,,NE,,,NE,,,NE,,,NE,,,NE,,,SUPP,,,SUPP,,,212,,,0.03,,,0.16,,,-0.11,,,219,,,0.03,,,0.16,,,-0.11,,,SUPP,,,SUPP,,,SUPP,,,SUPP,,,SUPP,,,SUPP,,,SUPP,,,SUPP,,,SUPP,,,SUPP,,,NE,,,NE,,,NE,,,NE
1,68240,25,4,919,4802,136922,E14000745,Hertsmere,,Yavneh College,Hillside Avenue,,,Borehamwood,WD6 1HL,2087365580,0,ACC,Jewish,NSE,OTHER NON SEL,MIXED,0, 11-18,0,,,,,254,122,79,47.58,A-,77,47.32,A-,77,32.5%,79,47.6,A-,42,41.01,Dist+,NE,NE,NE,NE,NE,42,100.0%,,,,,,,,,78,98.7%,98.7%,78,98.7%,78,98.7%,98.7%,78,98.7%,44,97.7%,97.7%,44,95.5%,NE,NE,NE,NE,NE,NE,NE,NE,NE,NE,NE,NE,NE,SUPP,SUPP,SUPP,SUPP,SUPP,SUPP,SUPP,SUPP,SUPP,SUPP,NE,NE,NE,,,,,SUPP,SUPP,SUPP,SUPP,SUPP,SUPP,NE,NE,NE,NE,NE,NE,NE,SUPP,SUPP,SUPP,SUPP,SUPP,SUPP,SUPP,SUPP,SUPP,SUPP,NE,NE,NE,,,,,SUPP,SUPP,SUPP,SUPP,SUPP,SUPP,NE,NE,NE,NE,NE,NE,NE,,,87,,,65,,,45.32,,,A-,,,65,,,45.37,,,A-,,,26,,,36.52,,,Dist,,,NE,,,NE,,,NE,,,NE,,,NE,,,NE,,,,,,1,,,SUPP,,,5,,,SUPP,,,187,,,0.57,,,0.73,,,0.42,,,189,,,0.57,,,0.73,,,0.42,,,28,,,0.44,,,0.78,,,0.11,,,67,,,94.0%,,,67,,,94.0%,,,20,,,100.0%,,,NE,,,NE,,,NE,,,NE,,,SUPP,,,SUPP,,,SUPP,,,SUPP,,,SUPP,,,SUPP,,,SUPP,,,SUPP,,,SUPP,,,SUPP,,,NE,,,NE,,,NE,,,NE,,,NE,,,NE,,,NE,,,NE,,,NE,,,NE,,,12,,,0.11,,,0.76,,,-0.54,,,12,,,0.11,,,0.76,,,-0.54,,,SUPP,,,SUPP,,,SUPP,,,SUPP,,,SUPP,,,SUPP,,,SUPP,,,SUPP,,,SUPP,,,SUPP,,,NE,,,NE,,,NE,,,NE,,,SUPP,,,SUPP,,,SUPP,,,SUPP,,,SUPP,,,SUPP,,,SUPP,,,SUPP,,,SUPP,,,SUPP,,,NE,,,NE,,,NE,,,NE,,,NE,,,NE,,,SUPP,,,SUPP,,,SUPP,,,SUPP,,,175,,,0.6,,,0.76,,,0.44,,,177,,,0.6,,,0.76,,,0.44,,,SUPP,,,SUPP,,,SUPP,,,SUPP,,,SUPP,,,SUPP,,,SUPP,,,SUPP,,,SUPP,,,SUPP,,,NE,,,NE,,,NE,,,NE
1,46120,25,4,919,5400,136606,E14000951,South West Hertfordshire,,Rickmansworth School,Scots Hill,,,Rickmansworth,WD3 3AQ,1923773296,0,ACC,None,NSE,OTHER NON SEL,MIXED,0, 11-18,0,,,,,305,145,141,40.64,B,141,40.35,B,141,18.4%,141,40.58,B,NE,NE,NE,NE,NE,NE,NE,NE,NE,NE,,,,,,,,,144,97.9%,97.9%,144,97.9%,144,97.9%,97.9%,144,97.9%,NE,NE,NE,NE,NE,NE,NE,NE,NE,NE,NE,NE,NE,NE,NE,NE,NE,NE,6,SUPP,SUPP,SUPP,SUPP,SUPP,SUPP,NE,NE,NE,NE,NE,NE,,,,,6,50.0%,6,50.0%,NE,NE,NE,NE,NE,NE,NE,NE,NE,139,SUPP,SUPP,SUPP,SUPP,SUPP,SUPP,NE,NE,NE,NE,NE,NE,,,,,138,100.0%,138,100.0%,NE,NE,NE,NE,NE,NE,NE,NE,NE,,,129,,,127,,,34.87,,,C+,,,127,,,34.97,,,C+,,,NE,,,NE,,,NE,,,NE,,,NE,,,NE,,,NE,,,NE,,,NE,,,,,,NE,,,NE,,,NE,,,NE,,,374,,,-0.02,,,0.09,,,-0.13,,,392,,,-0.02,,,0.09,,,-0.13,,,NE,,,NE,,,NE,,,NE,,,126,,,96.8%,,,126,,,96.8%,,,NE,,,NE,,,NE,,,NE,,,NE,,,NE,,,SUPP,,,SUPP,,,SUPP,,,SUPP,,,SUPP,,,SUPP,,,SUPP,,,NE,,,NE,,,NE,,,NE,,,NE,,,NE,,,NE,,,NE,,,NE,,,NE,,,NE,,,NE,,,NE,,,12,,,0.17,,,0.85,,,-0.51,,,12,,,0.17,,,0.85,,,-0.51,,,NE,,,NE,,,NE,,,NE,,,SUPP,,,SUPP,,,SUPP,,,SUPP,,,NE,,,NE,,,NE,,,NE,,,NE,,,NE,,,SUPP,,,SUPP,,,SUPP,,,SUPP,,,SUPP,,,SUPP,,,SUPP,,,NE,,,NE,,,NE,,,NE,,,NE,,,NE,,,NE,,,NE,,,NE,,,NE,,,NE,,,NE,,,NE,,,362,,,-0.03,,,0.08,,,-0.14,,,380,,,-0.02,,,0.08,,,-0.13,,,NE,,,NE,,,NE,,,NE,,,SUPP,,,SUPP,,,SUPP,,,SUPP,,,NE,,,NE,,,NE,,,NE,,,NE,,,NE
1,63966,25,4,919,5401,136276,E14001021,Watford,,Watford Grammar School for Boys,Rickmansworth Road,,,Watford,WD18 7JF,1923208900,0,ACC,Church of England,NSE,OTHER NON SEL,BOYS,0, 11-18,0,,,R,,423,199,198,43.24,B+,198,43.1,B+,198,38.4%,198,42.89,B+,NE,NE,NE,NE,NE,NE,NE,NE,NE,NE,,,,,,,,,200,99.0%,99.0%,200,99.0%,200,99.0%,99.0%,200,99.0%,NE,NE,NE,NE,NE,NE,NE,NE,NE,NE,NE,NE,NE,NE,NE,NE,NE,NE,9,8,35.2,B-,8,34.96,C+,NE,NE,NE,NE,NE,NE,,,,,9,88.9%,9,88.9%,NE,NE,NE,NE,NE,NE,NE,NE,NE,188,188,43.63,B+,188,43.26,B+,NE,NE,NE,NE,NE,NE,,,,,189,99.5%,189,99.5%,NE,NE,NE,NE,NE,NE,NE,NE,NE,,,181,,,178,,,40.49,,,B,,,178,,,40.47,,,B,,,NE,,,NE,,,NE,,,NE,,,NE,,,NE,,,NE,,,NE,,,NE,,,,,,1,,,SUPP,,,1,,,SUPP,,,553,,,0.08,,,0.17,,,-0.02,,,617,,,0.06,,,0.16,,,-0.03,,,NE,,,NE,,,NE,,,NE,,,181,,,96.1%,,,181,,,96.1%,,,NE,,,NE,,,NE,,,NE,,,NE,,,NE,,,9,,,8,,,29.2,,,C,,,8,,,29.57,,,C,,,NE,,,NE,,,NE,,,NE,,,NE,,,NE,,,NE,,,NE,,,NE,,,NE,,,NE,,,NE,,,NE,,,25,,,-0.67,,,-0.17,,,-1.16,,,26,,,-0.64,,,-0.14,,,-1.13,,,NE,,,NE,,,NE,,,NE,,,9,,,88.9%,,,9,,,88.9%,,,NE,,,NE,,,NE,,,NE,,,NE,,,NE,,,169,,,167,,,41.15,,,B,,,167,,,41.09,,,B,,,NE,,,NE,,,NE,,,NE,,,NE,,,NE,,,NE,,,NE,,,NE,,,SUPP,,,SUPP,,,SUPP,,,SUPP,,,528,,,0.11,,,0.21,,,0.02,,,591,,,0.1,,,0.19,,,0,,,NE,,,NE,,,NE,,,NE,,,169,,,96.4%,,,169,,,96.4%,,,NE,,,NE,,,NE,,,NE,,,NE,,,NE
1,63968,25,4,919,5403,136289,E14001021,Watford,,Watford Grammar School for Girls,Lady's Close,,,Watford,WD18 0AE,1923223403,0,ACC,Church of England,NSE,OTHER NON SEL,GIRLS,0, 11-18,0,,,,,405,199,196,43.98,B+,196,44.08,B+,196,37.8%,196,43.96,B+,NE,NE,NE,NE,NE,NE,NE,NE,NE,NE,,,,,,,,,199,98.0%,98.0%,198,98.5%,199,98.0%,98.0%,198,98.5%,NE,NE,NE,NE,NE,NE,NE,NE,NE,NE,NE,NE,NE,NE,NE,NE,NE,NE,16,16,43.08,B+,16,43.04,B+,NE,NE,NE,NE,NE,NE,,,,,16,100.0%,16,100.0%,NE,NE,NE,NE,NE,NE,NE,NE,NE,181,178,44.09,B+,178,44.07,B+,NE,NE,NE,NE,NE,NE,,,,,181,97.8%,181,97.8%,NE,NE,NE,NE,NE,NE,NE,NE,NE,,,165,,,162,,,41.31,,,B,,,162,,,41.43,,,B,,,NE,,,NE,,,NE,,,NE,,,NE,,,NE,,,NE,,,NE,,,NE,,,,,,1,,,SUPP,,,1,,,SUPP,,,493,,,-0.19,,,-0.09,,,-0.28,,,513,,,-0.18,,,-0.08,,,-0.28,,,NE,,,NE,,,NE,,,NE,,,160,,,96.3%,,,160,,,96.3%,,,NE,,,NE,,,NE,,,NE,,,NE,,,NE,,,7,,,6,,,43.16,,,B+,,,6,,,43.42,,,B+,,,NE,,,NE,,,NE,,,NE,,,NE,,,NE,,,NE,,,NE,,,NE,,,NE,,,NE,,,NE,,,NE,,,19,,,-0.31,,,0.23,,,-0.85,,,20,,,-0.3,,,0.24,,,-0.83,,,NE,,,NE,,,NE,,,NE,,,7,,,85.7%,,,7,,,85.7%,,,NE,,,NE,,,NE,,,NE,,,NE,,,NE,,,157,,,155,,,41.3,,,B,,,155,,,41.43,,,B,,,NE,,,NE,,,NE,,,NE,,,NE,,,NE,,,NE,,,NE,,,NE,,,SUPP,,,SUPP,,,SUPP,,,SUPP,,,474,,,-0.18,,,-0.08,,,-0.28,,,493,,,-0.18,,,-0.08,,,-0.27,,,NE,,,NE,,,NE,,,NE,,,152,,,96.7%,,,152,,,96.7%,,,NE,,,NE,,,NE,,,NE,,,NE,,,NE
1,42638,25,4,919,5404,136899,E14001021,Watford,,Parmiter's School,High Elms Lane,Garston,,Watford,WD25 0UU,1923671424,0,ACC,None,NSE,OTHER NON SEL,MIXED,0, 11-18,0,,,,,387,196,193,46.28,A-,193,46.04,A-,193,47.2%,193,46.37,A-,NE,NE,NE,NE,NE,NE,NE,NE,NE,NE,,,,,,,,,195,99.0%,99.0%,195,99.0%,195,99.0%,99.0%,195,99.0%,NE,NE,NE,NE,NE,NE,NE,NE,NE,NE,NE,NE,NE,NE,NE,NE,NE,NE,9,9,41.48,B,9,41.47,B,NE,NE,NE,NE,NE,NE,,,,,9,100.0%,9,100.0%,NE,NE,NE,NE,NE,NE,NE,NE,NE,184,181,46.65,A-,181,46.75,A-,NE,NE,NE,NE,NE,NE,,,,,183,98.9%,183,98.9%,NE,NE,NE,NE,NE,NE,NE,NE,NE,,,209,,,205,,,42.46,,,B+,,,205,,,42.62,,,B+,,,NE,,,NE,,,NE,,,NE,,,NE,,,NE,,,NE,,,NE,,,NE,,,,,,NE,,,NE,,,1,,,SUPP,,,627,,,0.34,,,0.43,,,0.26,,,656,,,0.35,,,0.43,,,0.26,,,NE,,,NE,,,NE,,,NE,,,209,,,99.0%,,,209,,,99.0%,,,NE,,,NE,,,NE,,,NE,,,NE,,,NE,,,7,,,7,,,39.05,,,B,,,7,,,39.34,,,B,,,NE,,,NE,,,NE,,,NE,,,NE,,,NE,,,NE,,,NE,,,NE,,,NE,,,NE,,,NE,,,NE,,,21,,,0.08,,,0.57,,,-0.42,,,22,,,0.09,,,0.57,,,-0.4,,,NE,,,NE,,,NE,,,NE,,,7,,,100.0%,,,7,,,100.0%,,,NE,,,NE,,,NE,,,NE,,,NE,,,NE,,,202,,,198,,,42.58,,,B+,,,198,,,42.73,,,B+,,,NE,,,NE,,,NE,,,NE,,,NE,,,NE,,,NE,,,NE,,,NE,,,NE,,,NE,,,SUPP,,,SUPP,,,606,,,0.35,,,0.44,,,0.27,,,634,,,0.36,,,0.44,,,0.27,,,NE,,,NE,,,NE,,,NE,,,202,,,99.0%,,,202,,,99.0%,,,NE,,,NE,,,NE,,,NE,,,NE,,,NE
1,6098,25,4,919,5405,117577,E14000744,Hertford and Stortford,,The Bishop's Stortford High School,London Road,,,Bishop's Stortford,CM23 3LU,1279868686,0,FD,None,NSE,OTHER NON SEL,MIXED,0, 11-18,0,,,R,,345,196,192,42.46,B+,169,42.92,B+,169,28.4%,192,42.11,B+,23,35.54,Dist,NE,NE,NE,2,SUPP,25,92.0%,,,,,,,,,173,99.4%,97.7%,173,97.7%,173,99.4%,97.7%,173,97.7%,24,95.8%,95.8%,24,95.8%,NE,NE,NE,NE,NE,NE,NE,NE,NE,NE,NE,NE,NE,10,10,35.42,B-,10,35.07,B-,NE,NE,NE,NE,NE,NE,,,,,10,100.0%,10,100.0%,NE,NE,NE,NE,NE,NE,NE,NE,NE,186,182,42.86,B+,182,42.52,B+,23,35.54,Dist,NE,NE,NE,,,,,163,99.4%,163,99.4%,24,95.8%,NE,NE,NE,NE,NE,NE,NE,,,198,,,184,,,34.85,,,C+,,,184,,,35.12,,,B-,,,17,,,28.53,,,Merit+,,,NE,,,NE,,,NE,,,NE,,,NE,,,NE,,,,,,1,,,SUPP,,,6,,,0,,,532,,,0.06,,,0.16,,,-0.03,,,605,,,0.06,,,0.15,,,-0.03,,,17,,,-0.21,,,0.17,,,-0.59,,,165,,,97.6%,,,165,,,97.6%,,,28,,,82.1%,,,NE,,,NE,,,NE,,,NE,,,12,,,9,,,33.83,,,C+,,,9,,,33.75,,,C+,,,SUPP,,,SUPP,,,SUPP,,,NE,,,NE,,,NE,,,NE,,,NE,,,NE,,,SUPP,,,SUPP,,,SUPP,,,SUPP,,,25,,,0.13,,,0.56,,,-0.3,,,26,,,0.12,,,0.55,,,-0.3,,,SUPP,,,SUPP,,,SUPP,,,SUPP,,,7,,,100.0%,,,7,,,100.0%,,,SUPP,,,SUPP,,,NE,,,NE,,,NE,,,NE,,,185,,,174,,,34.93,,,C+,,,174,,,35.22,,,B-,,,SUPP,,,SUPP,,,SUPP,,,NE,,,NE,,,NE,,,NE,,,NE,,,NE,,,NE,,,NE,,,SUPP,,,SUPP,,,507,,,0.06,,,0.15,,,-0.03,,,579,,,0.06,,,0.15,,,-0.03,,,SUPP,,,SUPP,,,SUPP,,,SUPP,,,157,,,97.5%,,,157,,,97.5%,,,SUPP,,,SUPP,,,NE,,,NE,,,NE,,,NE
1,2920,25,4,919,5406,117578,E14000951,South West Hertfordshire,,Ashlyns School,Chesham Road,,,Berkhamsted,HP4 3AH,1442863605,0,FD,None,NSE,OTHER NON SEL,MIXED,0, 11-18,0,,,R,,256,136,127,42.7,B+,124,42.45,B+,124,16.1%,127,42.68,B+,3,SUPP,SUPP,NE,NE,NE,NE,NE,3,SUPP,,,,,,,,,134,94.8%,94.8%,134,94.8%,134,94.8%,94.8%,134,94.8%,2,SUPP,SUPP,2,SUPP,NE,NE,NE,NE,NE,NE,NE,NE,NE,NE,NE,NE,NE,8,8,38.33,B-,8,38.33,B-,NE,NE,NE,NE,NE,NE,,,,,8,100.0%,8,100.0%,NE,NE,NE,NE,NE,NE,NE,NE,NE,128,119,42.99,B+,119,42.97,B+,SUPP,SUPP,SUPP,NE,NE,NE,,,,,126,94.4%,126,94.4%,SUPP,SUPP,NE,NE,NE,NE,NE,NE,NE,,,121,,,109,,,38.46,,,B,,,109,,,38.49,,,B,,,2,,,SUPP,,,SUPP,,,NE,,,NE,,,NE,,,NE,,,NE,,,NE,,,,,,NE,,,NE,,,3,,,SUPP,,,313,,,0.2,,,0.31,,,0.08,,,324,,,0.19,,,0.31,,,0.08,,,SUPP,,,SUPP,,,SUPP,,,SUPP,,,119,,,84.0%,,,119,,,84.0%,,,2,,,SUPP,,,NE,,,NE,,,NE,,,NE,,,7,,,SUPP,,,SUPP,,,SUPP,,,SUPP,,,SUPP,,,SUPP,,,NE,,,NE,,,NE,,,NE,,,NE,,,NE,,,NE,,,NE,,,NE,,,NE,,,NE,,,NE,,,NE,,,15,,,0.27,,,0.85,,,-0.3,,,15,,,0.27,,,0.85,,,-0.3,,,NE,,,NE,,,NE,,,NE,,,7,,,71.4%,,,7,,,71.4%,,,NE,,,NE,,,NE,,,NE,,,NE,,,NE,,,114,,,SUPP,,,SUPP,,,SUPP,,,SUPP,,,SUPP,,,SUPP,,,SUPP,,,SUPP,,,SUPP,,,NE,,,NE,,,NE,,,NE,,,NE,,,NE,,,NE,,,NE,,,SUPP,,,SUPP,,,298,,,0.19,,,0.31,,,0.08,,,309,,,0.19,,,0.31,,,0.07,,,SUPP,,,SUPP,,,SUPP,,,SUPP,,,112,,,84.8%,,,112,,,84.8%,,,SUPP,,,SUPP,,,NE,,,NE,,,NE,,,NE
1,15222,25,4,919,5407,136554,E14000745,Hertsmere,,Dame Alice Owen's School,Dugdale Hill Lane,,,Potters Bar,EN6 2DU,1707643441,0,ACC,None,NSE,OTHER NON SEL,MIXED,0, 11-18,0,,,,,427,215,212,50.52,A,212,50.27,A,212,60.8%,212,50.64,A,NE,NE,NE,NE,NE,NE,1,SUPP,1,SUPP,,,,,,,,,215,99.1%,98.6%,215,99.1%,215,99.1%,98.6%,215,99.1%,NE,NE,NE,NE,NE,NE,NE,NE,NE,NE,NE,NE,NE,NE,NE,NE,NE,NE,10,10,39.67,B,10,39.67,B,NE,NE,NE,NE,NE,NE,,,,,10,100.0%,10,100.0%,NE,NE,NE,NE,NE,NE,NE,NE,NE,205,202,51.03,A,202,51.14,A,NE,NE,NE,NE,NE,NE,,,,,205,99.0%,205,99.0%,NE,NE,NE,NE,NE,NE,NE,NE,NE,,,214,,,211,,,46.25,,,A-,,,211,,,46.39,,,A-,,,NE,,,NE,,,NE,,,NE,,,NE,,,NE,,,NE,,,NE,,,NE,,,,,,NE,,,NE,,,NE,,,NE,,,671,,,0.21,,,0.29,,,0.12,,,704,,,0.21,,,0.29,,,0.13,,,NE,,,NE,,,NE,,,NE,,,211,,,100.0%,,,211,,,100.0%,,,NE,,,NE,,,NE,,,NE,,,NE,,,NE,,,6,,,6,,,49.05,,,A,,,6,,,49.07,,,A,,,NE,,,NE,,,NE,,,NE,,,NE,,,NE,,,NE,,,NE,,,NE,,,NE,,,NE,,,NE,,,NE,,,21,,,0.33,,,0.83,,,-0.18,,,23,,,0.31,,,0.8,,,-0.19,,,NE,,,NE,,,NE,,,NE,,,6,,,100.0%,,,6,,,100.0%,,,NE,,,NE,,,NE,,,NE,,,NE,,,NE,,,208,,,205,,,46.16,,,A-,,,205,,,46.31,,,A-,,,NE,,,NE,,,NE,,,NE,,,NE,,,NE,,,NE,,,NE,,,NE,,,NE,,,NE,,,NE,,,NE,,,650,,,0.21,,,0.29,,,0.12,,,681,,,0.21,,,0.29,,,0.12,,,NE,,,NE,,,NE,,,NE,,,205,,,100.0%,,,205,,,100.0%,,,NE,,,NE,,,NE,,,NE,,,NE,,,NE
1,9420,25,4,919,5408,137872,E14000745,Hertsmere,,Bushey Meads School,Coldharbour Lane,,,Bushey,WD23 4PA,2089503000,0,ACC,None,NSE,OTHER NON SEL,MIXED,0, 11-18,0,,,,,272,134,122,36.16,B-,99,35.29,B-,99,20.2%,124,35.73,B-,29,30.68,Dist-,NE,NE,NE,3,SUPP,31,93.5%,,,,,,,,,119,96.6%,95.8%,117,94.9%,119,96.6%,95.8%,117,94.9%,14,92.9%,92.9%,14,92.9%,NE,NE,NE,NE,NE,NE,NE,NE,NE,NE,NE,NE,NE,14,13,29.72,C,14,29.51,C,SUPP,SUPP,SUPP,NE,NE,NE,,,,,13,100.0%,13,100.0%,SUPP,SUPP,NE,NE,NE,NE,NE,NE,NE,120,109,36.95,B-,110,36.51,B-,SUPP,SUPP,SUPP,NE,NE,NE,,,,,106,96.2%,106,96.2%,SUPP,SUPP,NE,NE,NE,NE,NE,NE,NE,,,144,,,126,,,28.93,,,C,,,131,,,28.85,,,C,,,29,,,28.58,,,Merit+,,,5,,,SUPP,,,SUPP,,,NE,,,NE,,,NE,,,,,,5,,,SUPP,,,11,,,0.45,,,337,,,0.06,,,0.18,,,-0.05,,,411,,,0.01,,,0.13,,,-0.1,,,34,,,-0.16,,,0.14,,,-0.45,,,126,,,94.4%,,,126,,,94.4%,,,9,,,100.0%,,,NE,,,NE,,,NE,,,NE,,,22,,,18,,,26.24,,,C-,,,18,,,26.36,,,C-,,,SUPP,,,SUPP,,,SUPP,,,NE,,,NE,,,NE,,,NE,,,NE,,,NE,,,SUPP,,,SUPP,,,SUPP,,,SUPP,,,46,,,0.07,,,0.4,,,-0.26,,,51,,,0.07,,,0.39,,,-0.25,,,SUPP,,,SUPP,,,SUPP,,,SUPP,,,20,,,85.0%,,,20,,,85.0%,,,NE,,,NE,,,NE,,,NE,,,NE,,,NE,,,121,,,107,,,29.16,,,C,,,112,,,29.04,,,C,,,SUPP,,,SUPP,,,SUPP,,,SUPP,,,SUPP,,,SUPP,,,NE,,,NE,,,NE,,,SUPP,,,SUPP,,,SUPP,,,SUPP,,,291,,,0.06,,,0.19,,,-0.06,,,360,,,0.01,,,0.12,,,-0.11,,,SUPP,,,SUPP,,,SUPP,,,SUPP,,,105,,,96.2%,,,105,,,96.2%,,,9,,,100.0%,,,NE,,,NE,,,NE,,,NE
1,44870,25,4,919,5410,136877,E14000745,Hertsmere,,Queens' School,Aldenham Road,,,Bushey,WD23 2TY,1923224465,0,ACC,None,NSE,OTHER NON SEL,MIXED,0, 11-18,0,,,,,348,175,169,38.4,B,157,38.49,B,157,16.6%,169,38.22,B-,12,30.67,Dist-,NE,NE,NE,NE,NE,12,100.0%,,,,,,,,,171,97.1%,97.1%,170,97.1%,171,97.1%,97.1%,170,97.1%,3,SUPP,SUPP,3,SUPP,NE,NE,NE,NE,NE,NE,NE,NE,NE,NE,NE,NE,NE,16,14,36.59,B-,14,36.49,B-,SUPP,SUPP,SUPP,NE,NE,NE,,,,,15,93.3%,15,93.3%,NE,NE,NE,NE,NE,NE,NE,NE,NE,159,155,38.56,B,155,38.37,B,SUPP,SUPP,SUPP,NE,NE,NE,,,,,156,97.4%,156,97.4%,SUPP,SUPP,NE,NE,NE,NE,NE,NE,NE,,,186,,,166,,,34.33,,,C+,,,166,,,34.36,,,C+,,,17,,,22.96,,,Merit-,,,NE,,,NE,,,NE,,,NE,,,NE,,,NE,,,,,,1,,,SUPP,,,6,,,0.33,,,479,,,0.1,,,0.2,,,0.01,,,495,,,0.09,,,0.19,,,0,,,18,,,-0.25,,,0.15,,,-0.65,,,172,,,94.2%,,,172,,,94.2%,,,12,,,66.7%,,,NE,,,NE,,,NE,,,NE,,,20,,,15,,,31.71,,,C+,,,15,,,31.69,,,C+,,,SUPP,,,SUPP,,,SUPP,,,NE,,,NE,,,NE,,,NE,,,NE,,,NE,,,NE,,,NE,,,SUPP,,,SUPP,,,41,,,0.03,,,0.37,,,-0.3,,,42,,,0.03,,,0.36,,,-0.31,,,SUPP,,,SUPP,,,SUPP,,,SUPP,,,18,,,83.3%,,,18,,,83.3%,,,SUPP,,,SUPP,,,NE,,,NE,,,NE,,,NE,,,165,,,150,,,34.82,,,C+,,,150,,,34.85,,,C+,,,SUPP,,,SUPP,,,SUPP,,,NE,,,NE,,,NE,,,NE,,,NE,,,NE,,,SUPP,,,SUPP,,,SUPP,,,SUPP,,,438,,,0.11,,,0.21,,,0.01,,,453,,,0.1,,,0.2,,,0,,,SUPP,,,SUPP,,,SUPP,,,SUPP,,,153,,,95.4%,,,153,,,95.4%,,,SUPP,,,SUPP,,,NE,,,NE,,,NE,,,NE
1,37522,25,4,919,5411,137224,E14000745,Hertsmere,,Mount Grace School,Church Road,,,Potters Bar,EN6 1EZ,1707655512,0,ACC,None,NSE,OTHER NON SEL,MIXED,0, 11-18,0,,,,,83,35,15,33,C+,5,SUPP,SUPP,5,SUPP,15,33,C+,22,25.31,Merit,1,SUPP,SUPP,1,SUPP,22,100.0%,,,,,,,,,10,100.0%,100.0%,10,100.0%,10,100.0%,100.0%,10,100.0%,21,76.2%,76.2%,21,76.2%,NE,NE,NE,NE,NE,NE,NE,NE,NE,NE,NE,NE,NE,SUPP,SUPP,SUPP,SUPP,SUPP,SUPP,SUPP,SUPP,SUPP,SUPP,NE,NE,NE,,,,,SUPP,SUPP,SUPP,SUPP,SUPP,SUPP,NE,NE,NE,NE,NE,NE,NE,SUPP,SUPP,SUPP,SUPP,SUPP,SUPP,SUPP,SUPP,SUPP,SUPP,SUPP,SUPP,SUPP,,,,,SUPP,SUPP,SUPP,SUPP,SUPP,SUPP,NE,NE,NE,NE,NE,NE,NE,,,56,,,37,,,28.78,,,C,,,37,,,29.36,,,C,,,29,,,30,,,Dist-,,,NE,,,NE,,,NE,,,NE,,,NE,,,NE,,,,,,10,,,0.6,,,8,,,0.5,,,68,,,-0.33,,,-0.07,,,-0.59,,,75,,,-0.29,,,-0.04,,,-0.54,,,42,,,-0.1,,,0.15,,,-0.36,,,23,,,91.3%,,,23,,,91.3%,,,27,,,74.1%,,,NE,,,NE,,,NE,,,NE,,,10,,,7,,,26,,,C-,,,7,,,26.92,,,C-,,,SUPP,,,SUPP,,,SUPP,,,NE,,,NE,,,NE,,,NE,,,NE,,,NE,,,SUPP,,,SUPP,,,NE,,,NE,,,16,,,-0.52,,,0.06,,,-1.09,,,18,,,-0.47,,,0.09,,,-1.02,,,SUPP,,,SUPP,,,SUPP,,,SUPP,,,SUPP,,,SUPP,,,SUPP,,,SUPP,,,SUPP,,,SUPP,,,NE,,,NE,,,NE,,,NE,,,45,,,29,,,27.3,,,C-,,,29,,,27.9,,,C-,,,SUPP,,,SUPP,,,SUPP,,,NE,,,NE,,,NE,,,NE,,,NE,,,NE,,,SUPP,,,SUPP,,,8,,,0.5,,,52,,,-0.27,,,0.02,,,-0.56,,,57,,,-0.24,,,0.04,,,-0.52,,,SUPP,,,SUPP,,,SUPP,,,SUPP,,,SUPP,,,SUPP,,,SUPP,,,SUPP,,,SUPP,,,SUPP,,,NE,,,NE,,,NE,,,NE
1,38868,25,4,919,5412,137938,E14000960,St Albans,,Nicholas Breakspear Catholic School,Colney Heath Lane,,,St Albans,AL4 0TT,1727860079,0,ACC,Roman Catholic,NSE,OTHER NON SEL,MIXED,0, 11-18,0,,,R,,107,40,35,39.31,B,23,40,B,23,17.4%,35,39.45,B,13,41.47,Dist+,8,41.25,Dist+,8,100.0%,13,100.0%,,,,,,,,,31,100.0%,100.0%,31,100.0%,31,100.0%,100.0%,31,100.0%,4,SUPP,SUPP,4,SUPP,5,SUPP,SUPP,5,SUPP,NE,NE,NE,NE,NE,NE,NE,NE,SUPP,SUPP,SUPP,SUPP,SUPP,SUPP,SUPP,SUPP,SUPP,SUPP,SUPP,SUPP,SUPP,,,,,SUPP,SUPP,SUPP,SUPP,SUPP,SUPP,SUPP,SUPP,NE,NE,NE,NE,NE,SUPP,SUPP,SUPP,SUPP,SUPP,SUPP,SUPP,SUPP,SUPP,SUPP,SUPP,SUPP,SUPP,,,,,SUPP,SUPP,SUPP,SUPP,SUPP,SUPP,SUPP,SUPP,NE,NE,NE,NE,NE,,,48,,,39,,,34.65,,,C+,,,39,,,34.65,,,C+,,,6,,,30,,,Dist-,,,14,,,31,,,Dist-,,,NE,,,NE,,,NE,,,,,,1,,,SUPP,,,3,,,SUPP,,,95,,,0.11,,,0.32,,,-0.1,,,95,,,0.11,,,0.32,,,-0.1,,,6,,,-0.11,,,0.57,,,-0.79,,,37,,,86.5%,,,37,,,86.5%,,,3,,,SUPP,,,4,,,SUPP,,,NE,,,NE,,,11,,,9,,,36.5,,,B-,,,9,,,36.5,,,B-,,,NE,,,NE,,,NE,,,SUPP,,,SUPP,,,SUPP,,,NE,,,NE,,,NE,,,NE,,,NE,,,NE,,,NE,,,21,,,0.48,,,0.92,,,0.04,,,21,,,0.48,,,0.92,,,0.04,,,NE,,,NE,,,NE,,,NE,,,10,,,70.0%,,,10,,,70.0%,,,NE,,,NE,,,SUPP,,,SUPP,,,NE,,,NE,,,37,,,30,,,34.14,,,C+,,,30,,,34.14,,,C+,,,6,,,30,,,Dist-,,,SUPP,,,SUPP,,,SUPP,,,NE,,,NE,,,NE,,,SUPP,,,SUPP,,,SUPP,,,SUPP,,,74,,,0.01,,,0.25,,,-0.23,,,74,,,0.01,,,0.25,,,-0.23,,,6,,,-0.11,,,0.57,,,-0.79,,,27,,,92.6%,,,27,,,92.6%,,,SUPP,,,SUPP,,,SUPP,,,SUPP,,,NE,,,NE
1,50686,25,4,919,5413,137895,E14000968,Stevenage,,The Saint John Henry Newman Catholic School,Hitchin Road,,,Stevenage,SG1 4AE,1438314643,0,ACC,Roman Catholic,NSE,OTHER NON SEL,MIXED,0, 11-18,0,,,,,417,206,173,39.82,B,129,39.77,B,129,13.2%,173,39.82,B,63,33.37,Dist,16,38.75,Dist+,19,84.2%,66,95.5%,,,,,,,,,148,98.6%,98.6%,148,98.6%,148,98.6%,98.6%,148,98.6%,50,96.0%,90.0%,50,96.0%,2,SUPP,SUPP,2,SUPP,NE,NE,NE,NE,NE,NE,NE,NE,24,19,32.73,C+,19,32.73,C+,9,30.63,Dist-,SUPP,SUPP,SUPP,,,,,12,100.0%,12,100.0%,9,88.9%,SUPP,SUPP,NE,NE,NE,NE,NE,181,154,40.6,B,154,40.6,B,53,33.89,Dist,SUPP,SUPP,SUPP,,,,,136,98.5%,136,98.5%,41,97.6%,SUPP,SUPP,NE,NE,NE,NE,NE,,,188,,,142,,,36.88,,,B-,,,142,,,36.92,,,B-,,,55,,,32.96,,,Dist-,,,4,,,SUPP,,,SUPP,,,NE,,,NE,,,NE,,,,,,2,,,SUPP,,,21,,,0.46,,,357,,,0.2,,,0.31,,,0.09,,,365,,,0.2,,,0.31,,,0.09,,,65,,,0.07,,,0.28,,,-0.14,,,120,,,94.2%,,,120,,,94.2%,,,46,,,87.0%,,,NE,,,NE,,,NE,,,NE,,,8,,,SUPP,,,SUPP,,,SUPP,,,SUPP,,,SUPP,,,SUPP,,,SUPP,,,SUPP,,,SUPP,,,NE,,,NE,,,NE,,,NE,,,NE,,,NE,,,NE,,,NE,,,SUPP,,,SUPP,,,8,,,-0.37,,,0.44,,,-1.17,,,8,,,-0.37,,,0.44,,,-1.17,,,7,,,-0.17,,,0.45,,,-0.79,,,SUPP,,,SUPP,,,SUPP,,,SUPP,,,SUPP,,,SUPP,,,NE,,,NE,,,NE,,,NE,,,176,,,SUPP,,,SUPP,,,SUPP,,,SUPP,,,SUPP,,,SUPP,,,SUPP,,,SUPP,,,SUPP,,,SUPP,,,SUPP,,,SUPP,,,NE,,,NE,,,NE,,,SUPP,,,SUPP,,,SUPP,,,SUPP,,,349,,,0.22,,,0.33,,,0.11,,,357,,,0.21,,,0.32,,,0.1,,,58,,,0.09,,,0.32,,,-0.13,,,SUPP,,,SUPP,,,SUPP,,,SUPP,,,SUPP,,,SUPP,,,NE,,,NE,,,NE,,,NE
1,35174,25,4,919,5414,138042,E14000960,St Albans,,The Marlborough Science Academy,Watling Street,,,St Albans,AL1 2QA,1727856874,0,ACC,None,NSE,OTHER NON SEL,MIXED,0, 11-18,0,,,R,,210,109,98,29.73,C,85,29.96,C,85,7.1%,98,29.73,C,13,21.92,Merit-,NE,NE,NE,NE,NE,13,100.0%,,,,,,,,,107,94.4%,92.5%,107,93.5%,107,94.4%,92.5%,107,93.5%,3,SUPP,SUPP,3,SUPP,NE,NE,NE,NE,NE,NE,NE,NE,NE,NE,NE,NE,NE,20,20,27.61,C-,20,27.62,C-,SUPP,SUPP,SUPP,NE,NE,NE,,,,,20,100.0%,20,100.0%,NE,NE,NE,NE,NE,NE,NE,NE,NE,88,78,30.29,C,78,30.29,C,SUPP,SUPP,SUPP,NE,NE,NE,,,,,86,94.2%,86,94.2%,SUPP,SUPP,NE,NE,NE,NE,NE,NE,NE,,,86,,,78,,,24.46,,,D+,,,78,,,24.52,,,D+,,,5,,,SUPP,,,SUPP,,,NE,,,NE,,,NE,,,NE,,,NE,,,NE,,,,,,4,,,SUPP,,,11,,,0.55,,,211,,,-0.26,,,-0.12,,,-0.39,,,221,,,-0.26,,,-0.12,,,-0.39,,,SUPP,,,SUPP,,,SUPP,,,SUPP,,,84,,,97.6%,,,84,,,97.6%,,,NE,,,NE,,,NE,,,NE,,,NE,,,NE,,,11,,,10,,,18.54,,,D,,,10,,,18.54,,,D,,,NE,,,NE,,,NE,,,NE,,,NE,,,NE,,,NE,,,NE,,,NE,,,SUPP,,,SUPP,,,SUPP,,,SUPP,,,25,,,-0.57,,,-0.15,,,-0.99,,,25,,,-0.57,,,-0.15,,,-0.99,,,NE,,,NE,,,NE,,,NE,,,11,,,90.9%,,,11,,,90.9%,,,NE,,,NE,,,NE,,,NE,,,NE,,,NE,,,73,,,66,,,25.22,,,C-,,,66,,,25.28,,,C-,,,SUPP,,,SUPP,,,SUPP,,,NE,,,NE,,,NE,,,NE,,,NE,,,NE,,,SUPP,,,SUPP,,,SUPP,,,SUPP,,,186,,,-0.22,,,-0.07,,,-0.36,,,196,,,-0.22,,,-0.08,,,-0.36,,,SUPP,,,SUPP,,,SUPP,,,SUPP,,,71,,,98.6%,,,71,,,98.6%,,,NE,,,NE,,,NE,,,NE,,,NE,,,NE
1,21726,25,4,919,5415,137532,E14000606,Broxbourne,,Goffs Academy,Goffs Lane,Cheshunt,,Waltham Cross,EN7 5QW,1992630443,0,ACC,None,NSE,OTHER NON SEL,MIXED,0, 11-18,0,,,R,,348,174,143,38.08,B-,93,38.49,B,93,16.1%,143,38.09,B-,77,31.79,Dist-,NE,NE,NE,NE,NE,77,100.0%,,,,,,,,,120,97.5%,97.5%,120,97.5%,120,97.5%,97.5%,120,97.5%,50,90.0%,90.0%,49,89.8%,NE,NE,NE,NE,NE,NE,NE,NE,NE,NE,NE,NE,NE,22,15,35.08,B-,15,35.03,B-,12,30.71,Dist-,NE,NE,NE,,,,,10,100.0%,10,100.0%,11,81.8%,NE,NE,NE,NE,NE,NE,NE,151,128,38.38,B,128,38.4,B,65,32,Dist-,NE,NE,NE,,,,,110,97.3%,110,97.3%,39,92.3%,NE,NE,NE,NE,NE,NE,NE,,,148,,,130,,,31.18,,,C,,,130,,,31.37,,,C,,,64,,,31.44,,,Dist-,,,NE,,,NE,,,NE,,,NE,,,NE,,,NE,,,,,,1,,,SUPP,,,13,,,0.75,,,397,,,-0.1,,,0,,,-0.21,,,408,,,-0.1,,,0,,,-0.21,,,98,,,0.4,,,0.56,,,0.24,,,107,,,98.1%,,,107,,,98.1%,,,41,,,75.6%,,,NE,,,NE,,,NE,,,NE,,,34,,,29,,,31,,,C,,,29,,,31,,,C,,,13,,,29.87,,,Merit+,,,NE,,,NE,,,NE,,,NE,,,NE,,,NE,,,NE,,,NE,,,SUPP,,,SUPP,,,86,,,0.08,,,0.32,,,-0.15,,,86,,,0.08,,,0.32,,,-0.15,,,20,,,0.35,,,0.7,,,0,,,23,,,100.0%,,,23,,,100.0%,,,11,,,54.5%,,,NE,,,NE,,,NE,,,NE,,,114,,,101,,,31.23,,,C,,,101,,,31.48,,,C,,,51,,,31.83,,,Dist-,,,NE,,,NE,,,NE,,,NE,,,NE,,,NE,,,SUPP,,,SUPP,,,SUPP,,,SUPP,,,311,,,-0.16,,,-0.04,,,-0.28,,,322,,,-0.15,,,-0.04,,,-0.27,,,78,,,0.42,,,0.59,,,0.24,,,84,,,97.6%,,,84,,,97.6%,,,30,,,83.3%,,,NE,,,NE,,,NE,,,NE
1,32504,25,4,919,5416,137156,E14000744,Hertford and Stortford,,Leventhorpe,Cambridge Road,,,Sawbridgeworth,CM21 9BY,1279836633,0,ACC,None,NSE,OTHER NON SEL,MIXED,0, 11-18,0,,,R,,225,125,114,33.44,C+,90,33.7,C+,90,8.9%,114,33.45,C+,33,35.88,Dist,5,SUPP,SUPP,6,83.3%,34,97.1%,,,,,,,,,99,93.9%,93.9%,98,93.9%,99,93.9%,93.9%,98,93.9%,25,84.0%,84.0%,25,84.0%,NE,NE,NE,NE,NE,NE,NE,NE,NE,NE,NE,NE,NE,6,6,27.65,C-,6,27.69,C-,SUPP,SUPP,SUPP,NE,NE,NE,,,,,6,100.0%,6,100.0%,NE,NE,NE,NE,NE,NE,NE,NE,NE,119,108,33.79,C+,108,33.78,C+,SUPP,SUPP,SUPP,SUPP,SUPP,SUPP,,,,,93,93.5%,93,93.5%,25,84.0%,NE,NE,NE,NE,NE,NE,NE,,,144,,,132,,,27.93,,,C-,,,132,,,28.26,,,C-,,,49,,,32.53,,,Dist-,,,13,,,28.08,,,Merit+,,,NE,,,NE,,,NE,,,,,,NE,,,NE,,,8,,,0.63,,,358,,,-0.45,,,-0.34,,,-0.56,,,414,,,-0.43,,,-0.32,,,-0.54,,,55,,,0.12,,,0.41,,,-0.17,,,124,,,94.4%,,,124,,,94.4%,,,21,,,76.2%,,,NE,,,NE,,,NE,,,NE,,,14,,,11,,,29.29,,,C,,,11,,,30.03,,,C,,,SUPP,,,SUPP,,,SUPP,,,SUPP,,,SUPP,,,SUPP,,,NE,,,NE,,,NE,,,NE,,,NE,,,SUPP,,,SUPP,,,28,,,-0.08,,,0.32,,,-0.48,,,34,,,-0.03,,,0.35,,,-0.41,,,6,,,0.21,,,0.96,,,-0.53,,,10,,,90.0%,,,10,,,90.0%,,,SUPP,,,SUPP,,,NE,,,NE,,,NE,,,NE,,,129,,,120,,,27.63,,,C-,,,120,,,27.94,,,C-,,,SUPP,,,SUPP,,,SUPP,,,SUPP,,,SUPP,,,SUPP,,,NE,,,NE,,,NE,,,NE,,,NE,,,SUPP,,,SUPP,,,330,,,-0.48,,,-0.37,,,-0.6,,,380,,,-0.47,,,-0.36,,,-0.58,,,49,,,0.1,,,0.38,,,-0.18,,,113,,,94.7%,,,113,,,94.7%,,,SUPP,,,SUPP,,,NE,,,NE,,,NE,,,NE
1,53228,25,4,919,5417,137922,E14001021,Watford,,Saint Michael's Catholic High School,High Elms Lane,Garston,,Watford,WD25 0SS,1923673760,0,ACC,Roman Catholic,NSE,OTHER NON SEL,MIXED,0, 11-18,0,,,,,216,94,86,36.8,B-,47,39.08,B,47,19.1%,86,36.87,B-,45,34.62,Dist,NE,NE,NE,NE,NE,45,100.0%,,,,,,,,,76,100.0%,98.7%,75,98.7%,76,100.0%,98.7%,75,98.7%,18,94.4%,94.4%,18,94.4%,NE,NE,NE,NE,NE,NE,NE,NE,NE,NE,NE,NE,NE,6,SUPP,SUPP,SUPP,SUPP,SUPP,SUPP,SUPP,SUPP,SUPP,NE,NE,NE,,,,,SUPP,SUPP,SUPP,SUPP,SUPP,SUPP,NE,NE,NE,NE,NE,NE,NE,87,SUPP,SUPP,SUPP,SUPP,SUPP,SUPP,SUPP,SUPP,SUPP,NE,NE,NE,,,,,SUPP,SUPP,SUPP,SUPP,SUPP,SUPP,NE,NE,NE,NE,NE,NE,NE,,,82,,,61,,,31.65,,,C,,,61,,,31.65,,,C,,,39,,,32.19,,,Dist-,,,NE,,,NE,,,NE,,,NE,,,NE,,,NE,,,,,,NE,,,NE,,,3,,,SUPP,,,142,,,-0.25,,,-0.08,,,-0.42,,,142,,,-0.25,,,-0.08,,,-0.42,,,77,,,0.26,,,0.47,,,0.06,,,41,,,95.1%,,,41,,,95.1%,,,40,,,100.0%,,,NE,,,NE,,,NE,,,NE,,,7,,,SUPP,,,SUPP,,,SUPP,,,SUPP,,,SUPP,,,SUPP,,,SUPP,,,SUPP,,,SUPP,,,NE,,,NE,,,NE,,,NE,,,NE,,,NE,,,NE,,,NE,,,SUPP,,,SUPP,,,8,,,0.04,,,0.75,,,-0.68,,,8,,,0.04,,,0.75,,,-0.68,,,10,,,0.49,,,1.08,,,-0.1,,,SUPP,,,SUPP,,,SUPP,,,SUPP,,,SUPP,,,SUPP,,,NE,,,NE,,,NE,,,NE,,,74,,,SUPP,,,SUPP,,,SUPP,,,SUPP,,,SUPP,,,SUPP,,,SUPP,,,SUPP,,,SUPP,,,NE,,,NE,,,NE,,,NE,,,NE,,,NE,,,NE,,,NE,,,SUPP,,,SUPP,,,134,,,-0.27,,,-0.1,,,-0.45,,,134,,,-0.27,,,-0.1,,,-0.45,,,67,,,0.23,,,0.45,,,0.02,,,SUPP,,,SUPP,,,SUPP,,,SUPP,,,SUPP,,,SUPP,,,NE,,,NE,,,NE,,,NE
1,50596,25,4,919,5418,137914,E14000951,South West Hertfordshire,,Saint Joan of Arc Catholic School,High Street,,,Rickmansworth,WD3 1HG,1923773881,0,ACC,Roman Catholic,NSE,OTHER NON SEL,MIXED,0, 11-18,0,,,,,192,109,105,38.45,B,75,39.47,B,75,18.7%,105,38.52,B,31,31.25,Dist-,NE,NE,NE,NE,NE,31,100.0%,,,,,,,,,104,97.1%,96.2%,104,96.2%,104,97.1%,96.2%,104,96.2%,5,SUPP,SUPP,5,SUPP,NE,NE,NE,NE,NE,NE,NE,NE,NE,NE,NE,NE,NE,10,9,32.8,C+,9,33,C+,SUPP,SUPP,SUPP,NE,NE,NE,,,,,10,100.0%,10,100.0%,NE,NE,NE,NE,NE,NE,NE,NE,NE,99,96,39,B,96,39.06,B,SUPP,SUPP,SUPP,NE,NE,NE,,,,,94,96.8%,94,96.8%,SUPP,SUPP,NE,NE,NE,NE,NE,NE,NE,,,81,,,72,,,33.41,,,C+,,,72,,,33.46,,,C+,,,NE,,,NE,,,NE,,,NE,,,NE,,,NE,,,NE,,,NE,,,NE,,,,,,NE,,,NE,,,3,,,SUPP,,,213,,,0.08,,,0.22,,,-0.06,,,215,,,0.08,,,0.22,,,-0.06,,,NE,,,NE,,,NE,,,NE,,,79,,,88.6%,,,79,,,88.6%,,,NE,,,NE,,,NE,,,NE,,,NE,,,NE,,,9,,,6,,,33.89,,,C+,,,6,,,33.89,,,C+,,,NE,,,NE,,,NE,,,NE,,,NE,,,NE,,,NE,,,NE,,,NE,,,NE,,,NE,,,NE,,,NE,,,18,,,0.31,,,0.8,,,-0.19,,,18,,,0.31,,,0.8,,,-0.19,,,NE,,,NE,,,NE,,,NE,,,8,,,87.5%,,,8,,,87.5%,,,NE,,,NE,,,NE,,,NE,,,NE,,,NE,,,72,,,66,,,33.37,,,C+,,,66,,,33.42,,,C+,,,NE,,,NE,,,NE,,,NE,,,NE,,,NE,,,NE,,,NE,,,NE,,,NE,,,NE,,,SUPP,,,SUPP,,,195,,,0.06,,,0.2,,,-0.09,,,197,,,0.06,,,0.21,,,-0.08,,,NE,,,NE,,,NE,,,NE,,,71,,,88.7%,,,71,,,88.7%,,,NE,,,NE,,,NE,,,NE,,,NE,,,NE
1,11108,25,4,919,5419,147246,E14001027,Welwyn Hatfield,,Chancellor's School,Pine Grove,Brookmans Park,,Hatfield,AL9 7BN,1707650702,0,ACC,None,NSE,OTHER NON SEL,MIXED,0, 11-18,0,,,,,220,118,110,40.52,B,86,41.86,B+,86,23.3%,110,40.39,B,18,35,Dist,8,43.75,Dist*-,9,88.9%,19,94.7%,,,,,,,,,111,97.3%,96.4%,111,96.4%,111,97.3%,96.4%,111,96.4%,5,SUPP,SUPP,5,SUPP,1,SUPP,SUPP,1,SUPP,NE,NE,NE,NE,NE,NE,NE,NE,9,7,39,B,7,38.74,B,SUPP,SUPP,SUPP,NE,NE,NE,,,,,7,100.0%,7,100.0%,SUPP,SUPP,NE,NE,NE,NE,NE,NE,NE,108,102,40.84,B,102,40.72,B,SUPP,SUPP,SUPP,8,43.75,Dist*-,,,,,103,97.1%,103,97.1%,SUPP,SUPP,SUPP,SUPP,NE,NE,NE,NE,NE,,,93,,,88,,,34.65,,,C+,,,88,,,34.68,,,C+,,,84,,,26.99,,,Merit+,,,7,,,30.71,,,Dist-,,,NE,,,NE,,,NE,,,,,,1,,,SUPP,,,5,,,SUPP,,,245,,,0.05,,,0.18,,,-0.08,,,247,,,0.05,,,0.18,,,-0.08,,,94,,,-0.09,,,0.11,,,-0.3,,,83,,,92.8%,,,83,,,92.8%,,,2,,,SUPP,,,NE,,,NE,,,NE,,,NE,,,8,,,7,,,30.26,,,C,,,7,,,30.26,,,C,,,6,,,30,,,Dist-,,,NE,,,NE,,,NE,,,NE,,,NE,,,NE,,,NE,,,NE,,,NE,,,NE,,,22,,,0,,,0.45,,,-0.46,,,22,,,0,,,0.45,,,-0.46,,,6,,,0.36,,,1.31,,,-0.6,,,8,,,87.5%,,,8,,,87.5%,,,NE,,,NE,,,NE,,,NE,,,NE,,,NE,,,85,,,81,,,35.05,,,B-,,,81,,,35.07,,,B-,,,78,,,26.81,,,Merit+,,,7,,,30.71,,,Dist-,,,NE,,,NE,,,NE,,,SUPP,,,SUPP,,,SUPP,,,SUPP,,,223,,,0.06,,,0.2,,,-0.08,,,225,,,0.06,,,0.19,,,-0.08,,,88,,,-0.12,,,0.08,,,-0.32,,,75,,,93.3%,,,75,,,93.3%,,,SUPP,,,SUPP,,,NE,,,NE,,,NE,,,NE
1,25710,25,4,919,5420,140786,E14000744,Hertford and Stortford,,The Hertfordshire & Essex High School and Science College,Warwick Road,,,Bishop's Stortford,CM23 5NJ,1279654127,0,ACC,None,NSE,OTHER NON SEL,MIXED,0, 11-18,0,,,,,543,232,226,42.1,B+,210,42.17,B+,210,25.7%,227,41.99,B+,35,32.11,Dist-,5,SUPP,SUPP,7,71.4%,37,94.6%,,,,,,,,,226,99.1%,99.1%,226,99.1%,226,99.1%,99.1%,226,99.1%,1,SUPP,SUPP,1,SUPP,5,SUPP,SUPP,5,SUPP,NE,NE,NE,NE,NE,NE,NE,NE,20,19,39.31,B,19,39.06,B,NE,NE,NE,NE,NE,NE,,,,,20,95.0%,20,95.0%,NE,NE,NE,NE,NE,NE,NE,NE,NE,212,207,42.36,B+,208,42.26,B+,35,32.11,Dist-,SUPP,SUPP,SUPP,,,,,206,99.5%,206,99.5%,SUPP,SUPP,SUPP,SUPP,NE,NE,NE,NE,NE,,,209,,,206,,,40.14,,,B,,,208,,,40.05,,,B,,,25,,,36.29,,,Dist,,,NE,,,NE,,,NE,,,NE,,,NE,,,NE,,,,,,NE,,,NE,,,2,,,SUPP,,,632,,,0.24,,,0.32,,,0.16,,,803,,,0.2,,,0.27,,,0.12,,,25,,,0.14,,,0.51,,,-0.24,,,207,,,99.5%,,,207,,,99.5%,,,NE,,,NE,,,NE,,,NE,,,NE,,,NE,,,12,,,11,,,35,,,B-,,,11,,,34.63,,,C+,,,SUPP,,,SUPP,,,SUPP,,,NE,,,NE,,,NE,,,NE,,,NE,,,NE,,,NE,,,NE,,,SUPP,,,SUPP,,,33,,,0.33,,,0.7,,,-0.05,,,42,,,0.26,,,0.61,,,-0.09,,,SUPP,,,SUPP,,,SUPP,,,SUPP,,,12,,,91.7%,,,12,,,91.7%,,,NE,,,NE,,,NE,,,NE,,,NE,,,NE,,,197,,,195,,,40.41,,,B,,,197,,,40.33,,,B,,,SUPP,,,SUPP,,,SUPP,,,NE,,,NE,,,NE,,,NE,,,NE,,,NE,,,NE,,,NE,,,SUPP,,,SUPP,,,599,,,0.24,,,0.32,,,0.15,,,761,,,0.19,,,0.27,,,0.12,,,SUPP,,,SUPP,,,SUPP,,,SUPP,,,195,,,100.0%,,,195,,,100.0%,,,NE,,,NE,,,NE,,,NE,,,NE,,,NE
4,,25,4,919,,,,,,,,,,,,,0,,,,,,, ,,,,,,,15184,7528,39.79,B,6137,40.16,B,6137,23.9%,7667,39.87,B,2904,29.65,Merit+,555,29.2,Merit+,2114,26.3%,4444,65.3%,,,,,,,,,7008,97.6%,97.0%,6997,97.1%,7135,97.6%,97.0%,7124,97.1%,2467,92.6%,89.3%,2437,87.7%,668,89.4%,82.9%,654,85.5%,28,6.05,L2Merit,146,87.0%,70.5%,331,8.5%,2707,677,33.67,C+,679,33.7,C+,499,27.19,Merit+,111,25.7,Merit,,,,,619,95.0%,620,94.8%,506,89.5%,149,83.2%,10,5.7,L2Merit-,54,87.0%,12130,6815,40.36,B,6901,40.41,B,2388,30.22,Dist-,439,30.15,Dist-,,,,,6349,97.9%,6423,97.9%,1946,93.4%,516,91.1%,15,6.31,L2Merit+,89,86.5%,,,14452,,,7120,,,35.03,,,B-,,,7290,,,35.35,,,B-,,,1800,,,28.85,,,Merit+,,,300,,,28.41,,,Merit+,,,71,,,5.92,,,L2Merit,,,,,,2485,,,0,,,3380,,,-0.07,,,NA,,,NA,,,NA,,,NA,,,NA,,,NA,,,NA,,,NA,,,NA,,,NA,,,NA,,,NA,,,6746,,,94.4%,,,6872,,,94.5%,,,1127,,,82.2%,,,269,,,88.8%,,,55,,,81.8%,,,2677,,,635,,,30.31,,,C,,,642,,,30.47,,,C,,,262,,,26.85,,,Merit+,,,50,,,24.6,,,Merit,,,17,,,5.53,,,L2Merit-,,,927,,,-0.18,,,1211,,,-0.23,,,NA,,,NA,,,NA,,,NA,,,NA,,,NA,,,NA,,,NA,,,NA,,,NA,,,NA,,,NA,,,585,,,89.1%,,,586,,,89.1%,,,233,,,78.1%,,,49,,,89.8%,,,18,,,72.2%,,,11481,,,6432,,,35.44,,,B-,,,6551,,,35.71,,,B-,,,1527,,,29.22,,,Merit+,,,247,,,28.99,,,Merit+,,,53,,,6.01,,,L2Merit,,,1554,,,0.11,,,2164,,,0.02,,,NA,,,NA,,,NA,,,NA,,,NA,,,NA,,,NA,,,NA,,,NA,,,NA,,,NA,,,NA,,,6109,,,95.0%,,,6192,,,95.0%,,,887,,,83.2%,,,215,,,89.3%,,,37,,,86.5%
1,44398,25,4,919,4000,117499,E14000749,Hitchin and Harpenden,,The Priory School,Bedford Road,,,Hitchin,SG5 2UR,1462622300,0,FD,Does not apply,NSE,OTHER NON SEL,MIXED,0, 11-18,0,,,,,249,119,110,34.14,C+,70,34.33,C+,70,12.9%,110,34.31,C+,42,29.29,Merit+,2,SUPP,SUPP,2,SUPP,42,100.0%,,,,,,,,,103,95.1%,95.1%,103,95.1%,103,95.1%,95.1%,103,95.1%,15,93.3%,93.3%,14,92.9%,1,SUPP,SUPP,1,SUPP,NE,NE,NE,NE,NE,NE,NE,NE,16,12,25.93,C-,12,25.97,C-,SUPP,SUPP,SUPP,NE,NE,NE,,,,,12,75.0%,12,75.0%,SUPP,SUPP,NE,NE,NE,NE,NE,NE,NE,102,97,35.18,B-,97,35.35,B-,SUPP,SUPP,SUPP,SUPP,SUPP,SUPP,,,,,90,97.8%,90,97.8%,SUPP,SUPP,SUPP,SUPP,NE,NE,NE,NE,NE,,,96,,,85,,,32.43,,,C+,,,87,,,32.71,,,C+,,,29,,,28.49,,,Merit+,,,4,,,SUPP,,,SUPP,,,NE,,,NE,,,NE,,,,,,1,,,SUPP,,,3,,,SUPP,,,215,,,0,,,0.14,,,-0.14,,,233,,,0.01,,,0.15,,,-0.12,,,34,,,-0.15,,,0.13,,,-0.43,,,79,,,92.4%,,,79,,,92.4%,,,14,,,85.7%,,,2,,,SUPP,,,NE,,,NE,,,9,,,7,,,24.44,,,D+,,,7,,,24.44,,,D+,,,SUPP,,,SUPP,,,SUPP,,,NE,,,NE,,,NE,,,NE,,,NE,,,NE,,,NE,,,NE,,,NE,,,NE,,,18,,,-0.56,,,-0.04,,,-1.08,,,18,,,-0.56,,,-0.04,,,-1.08,,,SUPP,,,SUPP,,,SUPP,,,SUPP,,,7,,,85.7%,,,7,,,85.7%,,,SUPP,,,SUPP,,,NE,,,NE,,,NE,,,NE,,,87,,,78,,,33.19,,,C+,,,80,,,33.47,,,C+,,,SUPP,,,SUPP,,,SUPP,,,SUPP,,,SUPP,,,SUPP,,,NE,,,NE,,,NE,,,SUPP,,,SUPP,,,SUPP,,,SUPP,,,197,,,0.05,,,0.2,,,-0.1,,,215,,,0.07,,,0.21,,,-0.08,,,SUPP,,,SUPP,,,SUPP,,,SUPP,,,72,,,93.1%,,,72,,,93.1%,,,SUPP,,,SUPP,,,SUPP,,,SUPP,,,NE,,,NE
1,25718,25,4,919,4001,138747,E14000745,Hertsmere,,Hertswood Academy,Cowley Hill,,,Borehamwood,WD6 5LG,2082387200,0,ACC,Does not apply,NSE,OTHER NON SEL,MIXED,0, 11-18,0,,,,,178,85,59,34.25,C+,22,37.58,B-,22,9.1%,59,34.27,C+,57,23.24,Merit-,NE,NE,NE,NE,NE,57,100.0%,,,,,,,,,22,100.0%,100.0%,22,100.0%,22,100.0%,100.0%,22,100.0%,61,93.4%,93.4%,61,93.4%,NE,NE,NE,NE,NE,NE,NE,NE,NE,NE,NE,NE,NE,17,14,31.29,C,14,31.29,C,10,25.59,Merit,NE,NE,NE,,,,,6,100.0%,6,100.0%,11,90.9%,NE,NE,NE,NE,NE,NE,NE,67,45,35.21,B-,45,35.24,B-,46,22.25,Merit-,NE,NE,NE,,,,,16,100.0%,16,100.0%,49,93.9%,NE,NE,NE,NE,NE,NE,NE,,,108,,,75,,,31.89,,,C+,,,79,,,31.05,,,C,,,33,,,20.81,,,Merit-,,,NE,,,NE,,,NE,,,NE,,,NE,,,NE,,,,,,15,,,0.53,,,17,,,-0.12,,,187,,,0.06,,,0.22,,,-0.1,,,208,,,0.01,,,0.17,,,-0.14,,,62,,,-0.45,,,-0.26,,,-0.65,,,61,,,93.4%,,,61,,,93.4%,,,26,,,69.2%,,,NE,,,NE,,,NE,,,NE,,,24,,,13,,,28.71,,,C,,,13,,,28.65,,,C,,,SUPP,,,SUPP,,,SUPP,,,NE,,,NE,,,NE,,,NE,,,NE,,,NE,,,SUPP,,,SUPP,,,6,,,0.17,,,33,,,-0.19,,,0.2,,,-0.58,,,37,,,-0.2,,,0.18,,,-0.57,,,8,,,-0.76,,,-0.21,,,-1.32,,,12,,,100.0%,,,12,,,100.0%,,,SUPP,,,SUPP,,,NE,,,NE,,,NE,,,NE,,,83,,,61,,,32.67,,,C+,,,65,,,31.62,,,C,,,SUPP,,,SUPP,,,SUPP,,,NE,,,NE,,,NE,,,NE,,,NE,,,NE,,,SUPP,,,SUPP,,,11,,,-0.27,,,154,,,0.12,,,0.29,,,-0.06,,,171,,,0.06,,,0.23,,,-0.11,,,54,,,-0.41,,,-0.2,,,-0.62,,,48,,,91.7%,,,48,,,91.7%,,,SUPP,,,SUPP,,,NE,,,NE,,,NE,,,NE
1,55318,25,4,919,4003,138582,E14000960,St Albans,,Samuel Ryder Academy,Drakes Drive,,,St Albans,AL1 5AR,1727859382,0,AC,None,NSE,OTHER NON SEL,MIXED,0, 4-19,0,,,,,125,47,34,36.8,B-,33,36.36,B-,33,21.2%,37,36.71,B-,13,37.37,Dist+,NE,NE,NE,1,SUPP,14,92.9%,,,,,,,,,32,100.0%,100.0%,32,100.0%,32,100.0%,100.0%,32,100.0%,14,92.9%,92.9%,14,92.9%,NE,NE,NE,NE,NE,NE,NE,NE,NE,NE,NE,NE,NE,13,9,38,B-,10,37.63,B-,SUPP,SUPP,SUPP,NE,NE,NE,,,,,8,100.0%,8,100.0%,SUPP,SUPP,NE,NE,NE,NE,NE,NE,NE,33,24,36.11,B-,26,36.11,B-,SUPP,SUPP,SUPP,NE,NE,NE,,,,,23,100.0%,23,100.0%,SUPP,SUPP,NE,NE,NE,NE,NE,NE,NE,,,19,,,14,,,33.77,,,C+,,,15,,,33.93,,,C+,,,3,,,SUPP,,,SUPP,,,NE,,,NE,,,NE,,,NE,,,NE,,,NE,,,,,,NE,,,NE,,,2,,,SUPP,,,36,,,-0.16,,,0.16,,,-0.48,,,39,,,-0.15,,,0.16,,,-0.46,,,SUPP,,,SUPP,,,SUPP,,,SUPP,,,13,,,100.0%,,,13,,,100.0%,,,5,,,SUPP,,,NE,,,NE,,,NE,,,NE,,,6,,,SUPP,,,SUPP,,,SUPP,,,SUPP,,,SUPP,,,SUPP,,,NE,,,NE,,,NE,,,NE,,,NE,,,NE,,,NE,,,NE,,,NE,,,NE,,,NE,,,SUPP,,,SUPP,,,10,,,0.52,,,1.2,,,-0.16,,,11,,,0.53,,,1.2,,,-0.13,,,NE,,,NE,,,NE,,,NE,,,SUPP,,,SUPP,,,SUPP,,,SUPP,,,SUPP,,,SUPP,,,NE,,,NE,,,NE,,,NE,,,13,,,SUPP,,,SUPP,,,SUPP,,,SUPP,,,SUPP,,,SUPP,,,SUPP,,,SUPP,,,SUPP,,,NE,,,NE,,,NE,,,NE,,,NE,,,NE,,,NE,,,NE,,,SUPP,,,SUPP,,,26,,,-0.38,,,-0.03,,,-0.74,,,28,,,-0.37,,,-0.02,,,-0.72,,,SUPP,,,SUPP,,,SUPP,,,SUPP,,,SUPP,,,SUPP,,,SUPP,,,SUPP,,,SUPP,,,SUPP,,,NE,,,NE,,,NE,,,NE
1,18322,25,4,919,4004,139416,E14000745,Hertsmere,,Elstree Screen Arts Academy,Studio Way,Elstree,,Borehamwood,WD6 5NN,2083866220,0,UTC,Does not apply,NSE,OTHER NON SEL,MIXED,0, 14-19,0,,,,,255,129,46,37,B-,30,17.33,D-,30,0.0%,46,37,B-,13,29.36,Merit+,41,33.4,Dist,81,50.6%,71,18.3%,,,,,,,,,37,89.2%,89.2%,37,89.2%,37,89.2%,89.2%,37,89.2%,13,92.3%,92.3%,13,92.3%,25,96.0%,88.0%,25,96.0%,NE,NE,NE,NE,NE,NE,NE,NE,25,SUPP,SUPP,SUPP,SUPP,SUPP,SUPP,SUPP,SUPP,SUPP,8,26.14,Merit,,,,,SUPP,SUPP,SUPP,SUPP,SUPP,SUPP,SUPP,SUPP,NE,NE,NE,NE,NE,101,SUPP,SUPP,SUPP,SUPP,SUPP,SUPP,SUPP,SUPP,SUPP,31,34.97,Dist,,,,,SUPP,SUPP,SUPP,SUPP,SUPP,SUPP,SUPP,SUPP,NE,NE,NE,NE,NE,,,103,,,39,,,25.73,,,C-,,,43,,,25.51,,,C-,,,36,,,29.01,,,Merit+,,,11,,,20.29,,,Merit-,,,NE,,,NE,,,NE,,,,,,14,,,0,,,26,,,0.12,,,56,,,-0.53,,,-0.27,,,-0.79,,,65,,,-0.56,,,-0.3,,,-0.81,,,36,,,-0.01,,,0.26,,,-0.28,,,39,,,69.2%,,,39,,,69.2%,,,29,,,86.2%,,,9,,,77.8%,,,NE,,,NE,,,25,,,8,,,22,,,D+,,,8,,,21.94,,,D+,,,9,,,26.56,,,Merit,,,SUPP,,,SUPP,,,SUPP,,,NE,,,NE,,,NE,,,SUPP,,,SUPP,,,8,,,-0.25,,,10,,,-0.67,,,-0.02,,,-1.32,,,11,,,-0.68,,,-0.04,,,-1.31,,,9,,,-0.36,,,0.17,,,-0.89,,,8,,,62.5%,,,8,,,62.5%,,,10,,,70.0%,,,SUPP,,,SUPP,,,NE,,,NE,,,78,,,31,,,26.56,,,C-,,,35,,,26.29,,,C-,,,27,,,29.94,,,Merit+,,,SUPP,,,SUPP,,,SUPP,,,NE,,,NE,,,NE,,,SUPP,,,SUPP,,,18,,,0.28,,,46,,,-0.5,,,-0.21,,,-0.79,,,54,,,-0.53,,,-0.25,,,-0.81,,,27,,,0.12,,,0.43,,,-0.19,,,31,,,71.0%,,,31,,,71.0%,,,19,,,94.7%,,,SUPP,,,SUPP,,,NE,,,NE
1,25370,25,4,919,4005,117500,E14000739,Hemel Hempstead,The Hemel Hempstead School,The Hemel Hempstead School,Heath Lane,,,Hemel Hempstead,HP1 1TX,1442390100,0,FD,Does not apply,NSE,OTHER NON SEL,MIXED,0, 11-18,0,,,R,,252,123,121,37.14,B-,99,37.17,B-,99,15.2%,121,37.18,B-,22,29.33,Merit+,NE,NE,NE,1,SUPP,23,95.7%,,,,,,,,,118,98.3%,98.3%,118,98.3%,118,98.3%,98.3%,118,98.3%,5,SUPP,SUPP,5,SUPP,NE,NE,NE,NE,NE,NE,NE,NE,NE,NE,NE,NE,NE,13,12,30.59,C,12,30.84,C,SUPP,SUPP,SUPP,NE,NE,NE,,,,,13,92.3%,13,92.3%,NE,NE,NE,NE,NE,NE,NE,NE,NE,110,109,37.88,B-,109,37.89,B-,SUPP,SUPP,SUPP,NE,NE,NE,,,,,105,99.0%,105,99.0%,SUPP,SUPP,NE,NE,NE,NE,NE,NE,NE,,,127,,,125,,,35.15,,,B-,,,126,,,35.2,,,B-,,,38,,,23.25,,,Merit-,,,NE,,,NE,,,NE,,,NE,,,NE,,,NE,,,,,,NE,,,NE,,,NE,,,NE,,,344,,,0.09,,,0.2,,,-0.02,,,365,,,0.08,,,0.19,,,-0.03,,,49,,,-0.6,,,-0.35,,,-0.85,,,117,,,98.3%,,,117,,,98.3%,,,9,,,100.0%,,,NE,,,NE,,,NE,,,NE,,,11,,,11,,,31.67,,,C+,,,11,,,31.63,,,C,,,SUPP,,,SUPP,,,SUPP,,,NE,,,NE,,,NE,,,NE,,,NE,,,NE,,,NE,,,NE,,,NE,,,NE,,,30,,,0.07,,,0.47,,,-0.33,,,32,,,0.05,,,0.45,,,-0.34,,,SUPP,,,SUPP,,,SUPP,,,SUPP,,,10,,,100.0%,,,10,,,100.0%,,,SUPP,,,SUPP,,,NE,,,NE,,,NE,,,NE,,,114,,,113,,,35.46,,,B-,,,113,,,35.52,,,B-,,,SUPP,,,SUPP,,,SUPP,,,NE,,,NE,,,NE,,,NE,,,NE,,,NE,,,NE,,,NE,,,NE,,,NE,,,314,,,0.09,,,0.21,,,-0.02,,,333,,,0.08,,,0.19,,,-0.04,,,SUPP,,,SUPP,,,SUPP,,,SUPP,,,106,,,98.1%,,,106,,,98.1%,,,SUPP,,,SUPP,,,NE,,,NE,,,NE,,,NE
1,23506,25,4,919,4022,142051,E14000606,Broxbourne,,Haileybury Turnford,Mill Lane,Cheshunt,,Waltham Cross,EN8 0JU,1992308333,0,AC,Does not apply,NSE,OTHER NON SEL,MIXED,0, 11-18,0,,,,,154,79,60,27.84,C-,29,28.39,C,29,6.9%,60,27.84,C-,38,25.4,Merit,6,25,Merit,6,100.0%,38,100.0%,,,,,,,,,46,97.8%,97.8%,46,97.8%,46,97.8%,97.8%,46,97.8%,31,83.9%,83.9%,31,71.0%,NE,NE,NE,NE,NE,NE,NE,NE,NE,NE,NE,NE,NE,19,10,27.32,C-,10,27.32,C-,12,25,Merit,SUPP,SUPP,SUPP,,,,,8,100.0%,8,100.0%,11,81.8%,NE,NE,NE,NE,NE,NE,NE,59,50,27.94,C-,50,27.94,C-,26,25.66,Merit,SUPP,SUPP,SUPP,,,,,38,97.4%,38,97.4%,20,85.0%,NE,NE,NE,NE,NE,NE,NE,,,89,,,70,,,30.68,,,C,,,70,,,30.68,,,C,,,46,,,26.15,,,Merit,,,5,,,SUPP,,,SUPP,,,NE,,,NE,,,NE,,,,,,5,,,SUPP,,,19,,,0.37,,,164,,,0.16,,,0.33,,,0,,,164,,,0.16,,,0.33,,,0,,,57,,,-0.01,,,0.19,,,-0.22,,,57,,,93.0%,,,57,,,93.0%,,,24,,,70.8%,,,5,,,SUPP,,,NE,,,NE,,,20,,,14,,,26.61,,,C-,,,14,,,26.61,,,C-,,,11,,,25.83,,,Merit,,,SUPP,,,SUPP,,,SUPP,,,NE,,,NE,,,NE,,,SUPP,,,SUPP,,,SUPP,,,SUPP,,,31,,,0.18,,,0.57,,,-0.2,,,31,,,0.18,,,0.57,,,-0.2,,,14,,,-0.05,,,0.38,,,-0.48,,,10,,,90.0%,,,10,,,90.0%,,,9,,,66.7%,,,SUPP,,,SUPP,,,NE,,,NE,,,69,,,56,,,31.59,,,C,,,56,,,31.59,,,C,,,35,,,26.25,,,Merit,,,SUPP,,,SUPP,,,SUPP,,,NE,,,NE,,,NE,,,SUPP,,,SUPP,,,SUPP,,,SUPP,,,133,,,0.16,,,0.34,,,-0.02,,,133,,,0.16,,,0.34,,,-0.02,,,43,,,0,,,0.23,,,-0.24,,,47,,,93.6%,,,47,,,93.6%,,,15,,,73.3%,,,SUPP,,,SUPP,,,NE,,,NE
1,46538,25,4,919,4024,143131,E14000606,Broxbourne,,Robert Barclay Academy,Cock Lane,,,Hoddesdon,EN11 8JY,1992410800,0,AC,Does not apply,NA,NA,MIXED,0, 11-18,0,,,R,,67,41,35,31.2,C,18,32.78,C+,18,16.7%,35,31.23,C,20,29.43,Merit+,NE,NE,NE,NE,NE,20,100.0%,,,,,,,,,36,86.1%,86.1%,35,85.7%,36,86.1%,86.1%,35,85.7%,5,SUPP,SUPP,5,SUPP,NE,NE,NE,NE,NE,NE,NE,NE,NE,NE,NE,NE,NE,SUPP,SUPP,SUPP,SUPP,SUPP,SUPP,SUPP,SUPP,SUPP,SUPP,NE,NE,NE,,,,,SUPP,SUPP,SUPP,SUPP,SUPP,SUPP,NE,NE,NE,NE,NE,NE,NE,SUPP,SUPP,SUPP,SUPP,SUPP,SUPP,SUPP,SUPP,SUPP,SUPP,NE,NE,NE,,,,,SUPP,SUPP,SUPP,SUPP,SUPP,SUPP,NE,NE,NE,NE,NE,NE,NE,,,45,,,36,,,28.53,,,C,,,37,,,28.55,,,C,,,18,,,27.49,,,Merit+,,,NE,,,NE,,,NE,,,NE,,,NE,,,NE,,,,,,5,,,SUPP,,,10,,,0.2,,,79,,,-0.13,,,0.1,,,-0.37,,,83,,,-0.14,,,0.09,,,-0.37,,,22,,,0.01,,,0.36,,,-0.34,,,39,,,89.7%,,,39,,,89.7%,,,6,,,83.3%,,,NE,,,NE,,,NE,,,NE,,,7,,,SUPP,,,SUPP,,,SUPP,,,6,,,35.25,,,B-,,,SUPP,,,SUPP,,,SUPP,,,NE,,,NE,,,NE,,,NE,,,NE,,,NE,,,NE,,,NE,,,SUPP,,,SUPP,,,12,,,0.48,,,1.08,,,-0.12,,,13,,,0.41,,,1,,,-0.18,,,SUPP,,,SUPP,,,SUPP,,,SUPP,,,SUPP,,,SUPP,,,SUPP,,,SUPP,,,SUPP,,,SUPP,,,NE,,,NE,,,NE,,,NE,,,37,,,SUPP,,,SUPP,,,SUPP,,,30,,,27.29,,,C-,,,SUPP,,,SUPP,,,SUPP,,,NE,,,NE,,,NE,,,NE,,,NE,,,NE,,,SUPP,,,SUPP,,,SUPP,,,SUPP,,,67,,,-0.24,,,0.01,,,-0.49,,,70,,,-0.24,,,0.01,,,-0.49,,,SUPP,,,SUPP,,,SUPP,,,SUPP,,,SUPP,,,SUPP,,,SUPP,,,SUPP,,,SUPP,,,SUPP,,,NE,,,NE,,,NE,,,NE
1,3816,25,4,919,4026,144623,E14000968,Stevenage,,Barclay Academy,Walkern Road,,,Stevenage,SG1 3RB,1438232221,0,AC,Does not apply,NSE,OTHER NON SEL,MIXED,0, 11-18,0,,,,,90,54,49,34.29,C+,27,35.19,B-,27,14.8%,49,34.82,C+,22,38.09,Dist+,NE,NE,NE,NE,NE,22,100.0%,,,,,,,,,40,95.0%,92.5%,40,95.0%,40,95.0%,92.5%,40,95.0%,14,85.7%,85.7%,14,85.7%,NE,NE,NE,NE,NE,NE,NE,NE,NE,NE,NE,NE,NE,10,9,32.73,C+,9,32.73,C+,SUPP,SUPP,SUPP,NE,NE,NE,,,,,9,100.0%,9,100.0%,SUPP,SUPP,NE,NE,NE,NE,NE,NE,NE,44,40,34.67,C+,40,35.3,B-,SUPP,SUPP,SUPP,NE,NE,NE,,,,,31,93.5%,31,93.5%,SUPP,SUPP,NE,NE,NE,NE,NE,NE,NE
1,57076,25,4,919,4028,137270,E14000749,Hitchin and Harpenden,,Sir John Lawes School,Manland Way,,,Harpenden,AL5 4QP,1582760043,0,ACC,None,NSE,OTHER NON SEL,MIXED,0, 11-18,0,,,R,,349,173,155,43.16,B+,125,44.11,B+,125,31.2%,155,43.16,B+,44,37.74,Dist+,NE,NE,NE,NE,NE,44,100.0%,,,,,,,,,156,98.7%,98.7%,156,98.7%,156,98.7%,98.7%,156,98.7%,16,93.8%,93.8%,16,93.8%,NE,NE,NE,NE,NE,NE,NE,NE,NE,NE,NE,NE,NE,13,9,42.69,B+,9,42.69,B+,SUPP,SUPP,SUPP,NE,NE,NE,,,,,10,90.0%,10,90.0%,SUPP,SUPP,NE,NE,NE,NE,NE,NE,NE,158,144,43.06,B+,144,43.06,B+,SUPP,SUPP,SUPP,NE,NE,NE,,,,,144,99.3%,144,99.3%,SUPP,SUPP,NE,NE,NE,NE,NE,NE,NE,,,127,,,120,,,39.13,,,B,,,120,,,39.28,,,B,,,20,,,38.09,,,Dist+,,,NE,,,NE,,,NE,,,NE,,,NE,,,NE,,,,,,NE,,,NE,,,3,,,SUPP,,,381,,,0.29,,,0.4,,,0.19,,,393,,,0.29,,,0.4,,,0.19,,,20,,,0.76,,,1.18,,,0.34,,,119,,,97.5%,,,119,,,97.5%,,,7,,,100.0%,,,NE,,,NE,,,NE,,,NE,,,SUPP,,,SUPP,,,SUPP,,,SUPP,,,SUPP,,,SUPP,,,SUPP,,,SUPP,,,SUPP,,,SUPP,,,NE,,,NE,,,NE,,,NE,,,NE,,,NE,,,NE,,,NE,,,NE,,,NE,,,14,,,0.44,,,1.02,,,-0.13,,,14,,,0.44,,,1.02,,,-0.13,,,SUPP,,,SUPP,,,SUPP,,,SUPP,,,SUPP,,,SUPP,,,SUPP,,,SUPP,,,NE,,,NE,,,NE,,,NE,,,NE,,,NE,,,SUPP,,,SUPP,,,SUPP,,,SUPP,,,SUPP,,,SUPP,,,SUPP,,,SUPP,,,SUPP,,,SUPP,,,NE,,,NE,,,NE,,,NE,,,NE,,,NE,,,NE,,,NE,,,SUPP,,,SUPP,,,367,,,0.29,,,0.4,,,0.18,,,379,,,0.29,,,0.4,,,0.18,,,SUPP,,,SUPP,,,SUPP,,,SUPP,,,SUPP,,,SUPP,,,SUPP,,,SUPP,,,7,,,100.0%,,,NE,,,NE,,,NE,,,NE
1,46166,25,4,919,4031,146305,E14001027,Welwyn Hatfield,,Ridgeway Academy,Herns Lane,,,Welwyn Garden City,AL7 2AF,1707351350,0,AC,Does not apply,NSE,OTHER NON SEL,MIXED,0, 11-18,0,,,R,,84,52,45,30,C,21,34.92,C+,21,9.5%,47,29.8,C,29,34.88,Dist,NE,NE,NE,NE,NE,29,100.0%,,,,,,,,,42,97.6%,97.6%,42,97.6%,42,97.6%,97.6%,42,97.6%,10,100.0%,90.0%,10,90.0%,NE,NE,NE,NE,NE,NE,NE,NE,NE,NE,NE,NE,NE,7,SUPP,SUPP,SUPP,SUPP,SUPP,SUPP,SUPP,SUPP,SUPP,NE,NE,NE,,,,,6,83.3%,6,83.3%,SUPP,SUPP,NE,NE,NE,NE,NE,NE,NE,45,SUPP,SUPP,SUPP,SUPP,SUPP,SUPP,SUPP,SUPP,SUPP,NE,NE,NE,,,,,36,100.0%,36,100.0%,SUPP,SUPP,NE,NE,NE,NE,NE,NE,NE,,,22,,,21,,,30.47,,,C,,,21,,,30.3,,,C,,,8,,,27.31,,,Merit+,,,NE,,,NE,,,NE,,,NE,,,NE,,,NE,,,,,,NE,,,NE,,,1,,,SUPP,,,54,,,-0.25,,,0.02,,,-0.52,,,55,,,-0.27,,,0,,,-0.55,,,10,,,-0.2,,,0.32,,,-0.72,,,19,,,100.0%,,,19,,,100.0%,,,3,,,SUPP,,,NE,,,NE,,,NE,,,NE,,,6,,,SUPP,,,SUPP,,,SUPP,,,SUPP,,,SUPP,,,SUPP,,,SUPP,,,SUPP,,,SUPP,,,NE,,,NE,,,NE,,,NE,,,NE,,,NE,,,NE,,,NE,,,NE,,,NE,,,12,,,0.04,,,0.62,,,-0.54,,,13,,,-0.07,,,0.5,,,-0.64,,,SUPP,,,SUPP,,,SUPP,,,SUPP,,,SUPP,,,SUPP,,,SUPP,,,SUPP,,,SUPP,,,SUPP,,,NE,,,NE,,,NE,,,NE,,,16,,,SUPP,,,SUPP,,,SUPP,,,SUPP,,,SUPP,,,SUPP,,,SUPP,,,SUPP,,,SUPP,,,NE,,,NE,,,NE,,,NE,,,NE,,,NE,,,NE,,,NE,,,SUPP,,,SUPP,,,42,,,-0.33,,,-0.02,,,-0.65,,,42,,,-0.33,,,-0.02,,,-0.65,,,SUPP,,,SUPP,,,SUPP,,,SUPP,,,SUPP,,,SUPP,,,SUPP,,,SUPP,,,SUPP,,,SUPP,,,NE,,,NE,,,NE,,,NE
1,556,25,4,919,4032,145430,E14000739,Hemel Hempstead,,The Adeyfield Academy,Longlands,,,Hemel Hempstead,HP2 4DE,1442406020,0,AC,Does not apply,NSE,OTHER NON SEL,MIXED,0, 11-18,0,,,R,,53,38,22,27.23,C-,11,27.88,C-,11,0.0%,22,27.67,C-,15,29.81,Merit+,6,30,Dist-,6,100.0%,15,100.0%,,,,,,,,,16,93.8%,93.8%,16,93.8%,16,93.8%,93.8%,16,93.8%,13,92.3%,92.3%,13,92.3%,2,SUPP,SUPP,2,SUPP,NE,NE,NE,NE,NE,NE,NE,NE,16,7,21.25,D,7,21.25,D,6,27.73,Merit+,SUPP,SUPP,SUPP,,,,,6,83.3%,6,83.3%,SUPP,SUPP,SUPP,SUPP,NE,NE,NE,NE,NE,21,15,30.32,C,15,30.71,C,9,31.25,Dist-,SUPP,SUPP,SUPP,,,,,10,100.0%,10,100.0%,SUPP,SUPP,NE,NE,NE,NE,NE,NE,NE,,,27,,,19,,,24.58,,,D+,,,20,,,24.71,,,D+,,,13,,,28.27,,,Merit+,,,NE,,,NE,,,NE,,,NE,,,NE,,,NE,,,,,,1,,,SUPP,,,NE,,,NE,,,48,,,-0.21,,,0.07,,,-0.49,,,50,,,-0.2,,,0.08,,,-0.48,,,20,,,0.05,,,0.43,,,-0.33,,,15,,,100.0%,,,15,,,100.0%,,,12,,,83.3%,,,NE,,,NE,,,NE,,,NE,,,8,,,SUPP,,,SUPP,,,SUPP,,,SUPP,,,SUPP,,,SUPP,,,6,,,26.21,,,Merit,,,NE,,,NE,,,NE,,,NE,,,NE,,,NE,,,NE,,,NE,,,NE,,,NE,,,8,,,0.17,,,0.88,,,-0.55,,,9,,,0.16,,,0.86,,,-0.53,,,9,,,-0.06,,,0.52,,,-0.65,,,SUPP,,,SUPP,,,SUPP,,,SUPP,,,SUPP,,,SUPP,,,NE,,,NE,,,NE,,,NE,,,19,,,SUPP,,,SUPP,,,SUPP,,,SUPP,,,SUPP,,,SUPP,,,7,,,30.45,,,Dist-,,,NE,,,NE,,,NE,,,NE,,,NE,,,NE,,,SUPP,,,SUPP,,,NE,,,NE,,,40,,,-0.29,,,0.02,,,-0.59,,,41,,,-0.28,,,0.03,,,-0.58,,,11,,,0.16,,,0.66,,,-0.33,,,SUPP,,,SUPP,,,SUPP,,,SUPP,,,SUPP,,,SUPP,,,NE,,,NE,,,NE,,,NE
1,31978,25,4,919,4033,146440,E14000739,Hemel Hempstead,,Laureate Academy,Warners End Road,,,Hemel Hempstead,HP1 3DW,1442404333,0,AC,Does not apply,NR,NA,MIXED,0, 11-18,0,,,,,48,26,26,19.71,D,20,18.5,D,20,0.0%,26,19.88,D,6,28.75,Merit+,NE,NE,NE,NE,NE,6,100.0%,,,,,,,,,NE,NE,NE,NE,NE,NE,NE,NE,NE,NE,NE,NE,NE,NE,NE,NE,NE,NE,NE,NE,NE,NE,NE,NE,NE,NE,NE,NE,6,6,23.08,D+,6,23.08,D+,SUPP,SUPP,SUPP,NE,NE,NE,,,,,NE,NE,NE,NE,NE,NE,NE,NE,NE,NE,NE,NE,NE,20,20,18.93,D,20,19.15,D,SUPP,SUPP,SUPP,NE,NE,NE,,,,,NE,NE,NE,NE,NE,NE,NE,NE,NE,NE,NE,NE,NE
1,40944,25,4,919,4035,147535,E14001027,Welwyn Hatfield,,Onslow St Audreys School,Old Rectory Drive,,,Hatfield,AL10 8AB,1707264228,0,ACC,Unknown,NR,NA,MIXED,0, 11-18,0,,,R,,105,52,35,32.78,C+,22,33.18,C+,22,13.6%,36,32.82,C+,26,33.77,Dist,3,SUPP,SUPP,3,SUPP,26,100.0%,,,,,,,,,28,100.0%,100.0%,28,100.0%,28,100.0%,100.0%,28,100.0%,18,94.4%,94.4%,18,94.4%,4,SUPP,SUPP,4,SUPP,NE,NE,NE,NE,NE,NE,NE,NE,12,6,32.5,C+,6,32.5,C+,SUPP,SUPP,SUPP,SUPP,SUPP,SUPP,,,,,SUPP,SUPP,SUPP,SUPP,SUPP,SUPP,SUPP,SUPP,NE,NE,NE,NE,NE,40,29,32.85,C+,30,32.9,C+,SUPP,SUPP,SUPP,SUPP,SUPP,SUPP,,,,,SUPP,SUPP,SUPP,SUPP,SUPP,SUPP,SUPP,SUPP,NE,NE,NE,NE,NE
1,22082,25,4,919,4036,147785,E14000745,Hertsmere,,The Grange Academy,London Road,,,Bushey,WD23 3AA,2089509502,0,AC,Unknown,NR,NA,MIXED,0, 11-18,0,,,R,,160,77,63,32.21,C+,39,30.85,C,39,5.1%,64,31.92,C+,39,30.79,Dist-,NE,NE,NE,NE,NE,39,100.0%,,,,,,,,,56,100.0%,100.0%,56,100.0%,56,100.0%,100.0%,56,100.0%,21,61.9%,52.4%,21,61.9%,NE,NE,NE,NE,NE,NE,NE,NE,NE,NE,NE,NE,NE,16,12,31,C,12,31,C,9,29.81,Merit+,NE,NE,NE,,,,,11,100.0%,11,100.0%,SUPP,SUPP,NE,NE,NE,NE,NE,NE,NE,61,51,32.5,C+,52,32.14,C+,30,31.05,Dist-,NE,NE,NE,,,,,45,100.0%,45,100.0%,SUPP,SUPP,NE,NE,NE,NE,NE,NE,NE
1,4554,25,4,919,4043,138286,E14000960,St Albans,,Beaumont School,Austen Way,,,St Albans,AL4 0XB,1727854726,0,ACC,Does not apply,NSE,OTHER NON SEL,MIXED,0, 11-18,0,,,R,,465,240,234,42.6,B+,187,43.55,B+,187,29.4%,234,42.61,B+,47,29.89,Merit+,19,41.05,Dist+,25,76.0%,51,92.2%,,,,,,,,,216,99.1%,98.6%,216,99.1%,216,99.1%,98.6%,216,99.1%,25,100.0%,100.0%,25,100.0%,NE,NE,NE,NE,NE,NE,NE,NE,NE,NE,NE,NE,NE,20,20,34.9,C+,20,34.9,C+,7,30.63,Dist-,SUPP,SUPP,SUPP,,,,,19,100.0%,19,100.0%,SUPP,SUPP,NE,NE,NE,NE,NE,NE,NE,219,213,43.33,B+,213,43.33,B+,40,29.78,Merit+,SUPP,SUPP,SUPP,,,,,195,99.5%,195,99.5%,SUPP,SUPP,NE,NE,NE,NE,NE,NE,NE,,,191,,,186,,,39.14,,,B,,,186,,,39.11,,,B,,,31,,,31.2,,,Dist-,,,16,,,43.13,,,Dist*-,,,NE,,,NE,,,NE,,,,,,NE,,,NE,,,3,,,SUPP,,,519,,,0.19,,,0.29,,,0.1,,,548,,,0.19,,,0.28,,,0.1,,,35,,,0.32,,,0.61,,,0.03,,,182,,,96.2%,,,182,,,96.2%,,,7,,,85.7%,,,NE,,,NE,,,NE,,,NE,,,8,,,8,,,35,,,B-,,,8,,,35.06,,,B-,,,NE,,,NE,,,NE,,,NE,,,NE,,,NE,,,NE,,,NE,,,NE,,,NE,,,NE,,,SUPP,,,SUPP,,,25,,,0.02,,,0.48,,,-0.44,,,26,,,0.03,,,0.49,,,-0.43,,,NE,,,NE,,,NE,,,NE,,,8,,,87.5%,,,8,,,87.5%,,,NE,,,NE,,,NE,,,NE,,,NE,,,NE,,,183,,,178,,,39.34,,,B,,,178,,,39.31,,,B,,,31,,,31.2,,,Dist-,,,16,,,43.13,,,Dist*-,,,NE,,,NE,,,NE,,,NE,,,NE,,,SUPP,,,SUPP,,,494,,,0.2,,,0.3,,,0.11,,,522,,,0.2,,,0.29,,,0.1,,,35,,,0.32,,,0.6,,,0.04,,,174,,,96.6%,,,174,,,96.6%,,,7,,,85.7%,,,NE,,,NE,,,NE,,,NE
1,4064,25,4,919,4066,117518,E14000968,Stevenage,,Barnwell School,Barnwell,,,Stevenage,SG2 9SW,1438222500,0,FD,Does not apply,NSE,OTHER NON SEL,MIXED,0, 11-18,0,,,R,,113,64,40,36.25,B-,22,34.85,C+,22,9.1%,40,36.25,B-,20,33.03,Dist-,14,41.29,Dist+,14,100.0%,20,100.0%,,,,,,,,,31,100.0%,100.0%,31,100.0%,31,100.0%,100.0%,31,100.0%,14,85.7%,85.7%,14,85.7%,11,100.0%,100.0%,11,100.0%,NE,NE,NE,NE,NE,NE,NE,NE,13,9,38.13,B-,9,38.13,B-,SUPP,SUPP,SUPP,SUPP,SUPP,SUPP,,,,,SUPP,SUPP,SUPP,SUPP,SUPP,SUPP,SUPP,SUPP,NE,NE,NE,NE,NE,51,31,35.83,B-,31,35.83,B-,SUPP,SUPP,SUPP,SUPP,SUPP,SUPP,,,,,SUPP,SUPP,SUPP,SUPP,SUPP,SUPP,SUPP,SUPP,NE,NE,NE,NE,NE,,,95,,,57,,,26.46,,,C-,,,57,,,26.46,,,C-,,,33,,,29.8,,,Merit+,,,21,,,37.1,,,Dist+,,,NE,,,NE,,,NE,,,,,,14,,,0.26,,,16,,,0.06,,,116,,,-0.37,,,-0.18,,,-0.56,,,116,,,-0.37,,,-0.18,,,-0.56,,,43,,,0.12,,,0.37,,,-0.13,,,42,,,90.5%,,,42,,,90.5%,,,18,,,72.2%,,,22,,,100.0%,,,NE,,,NE,,,21,,,9,,,21.03,,,D,,,9,,,21.03,,,D,,,SUPP,,,SUPP,,,SUPP,,,SUPP,,,SUPP,,,SUPP,,,NE,,,NE,,,NE,,,SUPP,,,SUPP,,,8,,,0.13,,,15,,,-0.56,,,0,,,-1.11,,,15,,,-0.56,,,0,,,-1.11,,,7,,,0.42,,,1.04,,,-0.2,,,7,,,71.4%,,,7,,,71.4%,,,SUPP,,,SUPP,,,SUPP,,,SUPP,,,NE,,,NE,,,74,,,48,,,27.25,,,C-,,,48,,,27.25,,,C-,,,SUPP,,,SUPP,,,SUPP,,,SUPP,,,SUPP,,,SUPP,,,NE,,,NE,,,NE,,,SUPP,,,SUPP,,,8,,,0,,,101,,,-0.34,,,-0.14,,,-0.54,,,101,,,-0.34,,,-0.14,,,-0.54,,,36,,,0.06,,,0.33,,,-0.21,,,35,,,94.3%,,,35,,,94.3%,,,SUPP,,,SUPP,,,SUPP,,,SUPP,,,NE,,,NE
1,56956,25,4,919,4067,140294,E14000744,Hertford and Stortford,,Simon Balle All-Through School,Mangrove Road,,,Hertford,SG13 8AJ,1992410400,0,ACC,Does not apply,NSE,OTHER NON SEL,MIXED,0, 4-18,0,,,,,269,133,104,39.48,B,80,40.83,B,80,31.3%,104,39.67,B,39,34.38,Dist,NE,NE,NE,NE,NE,39,100.0%,,,,,,,,,95,98.9%,96.8%,95,97.9%,95,98.9%,96.8%,95,97.9%,28,92.9%,92.9%,28,92.9%,9,0.0%,0.0%,9,0.0%,NE,NE,NE,NE,NE,NE,NE,NE,14,11,35.38,B-,11,35.6,B-,8,31.07,Dist-,NE,NE,NE,,,,,9,100.0%,9,100.0%,SUPP,SUPP,NE,NE,NE,NE,NE,NE,NE,118,92,40.22,B,92,40.4,B,30,35.38,Dist,NE,NE,NE,,,,,85,98.8%,85,98.8%,SUPP,SUPP,9,0.0%,NE,NE,NE,NE,NE,,,155,,,110,,,36.39,,,B-,,,110,,,36.56,,,B-,,,47,,,23.92,,,Merit,,,22,,,27.07,,,Merit+,,,NE,,,NE,,,NE,,,,,,21,,,0.08,,,31,,,-0.1,,,273,,,0.08,,,0.21,,,-0.04,,,294,,,0.08,,,0.2,,,-0.04,,,65,,,-0.44,,,-0.23,,,-0.66,,,90,,,95.6%,,,90,,,95.6%,,,30,,,90.0%,,,22,,,100.0%,,,NE,,,NE,,,16,,,SUPP,,,SUPP,,,SUPP,,,SUPP,,,SUPP,,,SUPP,,,6,,,15.45,,,Pass,,,6,,,19.76,,,Pass+,,,NE,,,NE,,,NE,,,10,,,-0.43,,,11,,,-0.55,,,6,,,0.08,,,0.94,,,-0.79,,,6,,,0.08,,,0.94,,,-0.79,,,8,,,-0.88,,,-0.25,,,-1.5,,,SUPP,,,SUPP,,,SUPP,,,SUPP,,,SUPP,,,SUPP,,,6,,,100.0%,,,NE,,,NE,,,137,,,SUPP,,,SUPP,,,SUPP,,,SUPP,,,SUPP,,,SUPP,,,41,,,25.34,,,Merit,,,15,,,27.71,,,Merit+,,,NE,,,NE,,,NE,,,11,,,0.55,,,20,,,0.15,,,267,,,0.08,,,0.21,,,-0.04,,,288,,,0.08,,,0.2,,,-0.04,,,57,,,-0.37,,,-0.14,,,-0.59,,,SUPP,,,SUPP,,,SUPP,,,SUPP,,,SUPP,,,SUPP,,,15,,,100.0%,,,NE,,,NE
1,47216,25,4,919,4070,136973,E14000749,Hitchin and Harpenden,,Roundwood Park School,Roundwood Park,,,Harpenden,AL5 3AE,1582765344,0,ACC,None,NSE,OTHER NON SEL,MIXED,0, 11-18,0,,,,,352,173,165,44.16,B+,134,45.15,A-,134,29.9%,165,43.95,B+,40,37.99,Dist+,NE,NE,NE,1,SUPP,41,97.6%,,,,,,,,,153,100.0%,100.0%,153,100.0%,153,100.0%,100.0%,153,100.0%,20,100.0%,100.0%,20,100.0%,NE,NE,NE,NE,NE,NE,NE,NE,NE,NE,NE,NE,NE,13,12,32.41,C+,12,32.37,C+,7,36.5,Dist,NE,NE,NE,,,,,11,100.0%,11,100.0%,SUPP,SUPP,NE,NE,NE,NE,NE,NE,NE,160,153,44.94,B+,153,44.71,B+,33,38.25,Dist+,NE,NE,NE,,,,,142,100.0%,142,100.0%,SUPP,SUPP,NE,NE,NE,NE,NE,NE,NE,,,160,,,156,,,36.19,,,B-,,,156,,,36.35,,,B-,,,55,,,29.33,,,Merit+,,,NE,,,NE,,,NE,,,NE,,,NE,,,NE,,,,,,NE,,,NE,,,1,,,SUPP,,,439,,,-0.06,,,0.04,,,-0.16,,,464,,,-0.06,,,0.04,,,-0.16,,,70,,,-0.01,,,0.21,,,-0.22,,,148,,,96.6%,,,148,,,96.6%,,,12,,,83.3%,,,NE,,,NE,,,NE,,,NE,,,7,,,7,,,41.03,,,B,,,7,,,41.03,,,B,,,SUPP,,,SUPP,,,SUPP,,,NE,,,NE,,,NE,,,NE,,,NE,,,NE,,,NE,,,NE,,,NE,,,NE,,,20,,,0.46,,,0.95,,,-0.03,,,20,,,0.46,,,0.95,,,-0.03,,,SUPP,,,SUPP,,,SUPP,,,SUPP,,,6,,,100.0%,,,6,,,100.0%,,,SUPP,,,SUPP,,,NE,,,NE,,,NE,,,NE,,,153,,,149,,,35.96,,,B-,,,149,,,36.14,,,B-,,,SUPP,,,SUPP,,,SUPP,,,NE,,,NE,,,NE,,,NE,,,NE,,,NE,,,NE,,,NE,,,SUPP,,,SUPP,,,419,,,-0.09,,,0.02,,,-0.19,,,444,,,-0.08,,,0.02,,,-0.18,,,SUPP,,,SUPP,,,SUPP,,,SUPP,,,142,,,96.5%,,,142,,,96.5%,,,SUPP,,,SUPP,,,NE,,,NE,,,NE,,,NE
1,33528,25,4,919,4080,137110,E14000739,Hemel Hempstead,,Longdean School,Rumballs Rd,,,Hemel Hempstead,HP3 8JB,1442217277,0,ACC,Does not apply,NSE,OTHER NON SEL,MIXED,0, 11-18,0,,,R,,191,101,78,31.73,C+,44,33.18,C+,44,13.6%,78,31.76,C+,39,29.81,Merit+,4,SUPP,SUPP,4,SUPP,39,100.0%,,,,,,,,,57,94.7%,94.7%,57,94.7%,57,94.7%,94.7%,57,94.7%,35,82.9%,68.6%,35,68.6%,4,SUPP,SUPP,4,SUPP,NE,NE,NE,NE,NE,NE,NE,NE,16,10,32.11,C+,10,31.89,C+,7,32.5,Dist-,NE,NE,NE,,,,,7,85.7%,7,85.7%,6,66.7%,NE,NE,NE,NE,NE,NE,NE,85,68,31.69,C+,68,31.74,C+,32,29.25,Merit+,SUPP,SUPP,SUPP,,,,,50,96.0%,50,96.0%,29,86.2%,SUPP,SUPP,NE,NE,NE,NE,NE,,,92,,,70,,,28.21,,,C-,,,70,,,28.5,,,C,,,31,,,27.5,,,Merit+,,,NE,,,NE,,,NE,,,NE,,,NE,,,NE,,,,,,9,,,0.71,,,9,,,0.41,,,150,,,0,,,0.17,,,-0.17,,,162,,,0.01,,,0.18,,,-0.15,,,48,,,-0.19,,,0.04,,,-0.42,,,65,,,92.3%,,,65,,,92.3%,,,15,,,100.0%,,,NE,,,NE,,,NE,,,NE,,,24,,,17,,,22.17,,,D+,,,17,,,22.24,,,D+,,,9,,,27.5,,,Merit+,,,NE,,,NE,,,NE,,,NE,,,NE,,,NE,,,SUPP,,,SUPP,,,SUPP,,,SUPP,,,34,,,-0.23,,,0.14,,,-0.6,,,35,,,-0.22,,,0.14,,,-0.59,,,14,,,-0.19,,,0.22,,,-0.61,,,15,,,93.3%,,,15,,,93.3%,,,SUPP,,,SUPP,,,NE,,,NE,,,NE,,,NE,,,66,,,52,,,29.54,,,C,,,52,,,29.88,,,C,,,22,,,27.5,,,Merit+,,,NE,,,NE,,,NE,,,NE,,,NE,,,NE,,,SUPP,,,SUPP,,,SUPP,,,SUPP,,,116,,,0.06,,,0.26,,,-0.13,,,127,,,0.08,,,0.26,,,-0.11,,,34,,,-0.19,,,0.09,,,-0.46,,,48,,,91.7%,,,48,,,91.7%,,,SUPP,,,SUPP,,,NE,,,NE,,,NE,,,NE
1,48062,25,4,919,4083,137339,E14000960,St Albans,,St Albans Girls' School,Sandridgebury Lane,,,St Albans,AL3 6DB,1727853134,0,ACC,Does not apply,NSE,OTHER NON SEL,MIXED,0, 11-18,0,,,,,253,117,113,44.14,B+,99,44.78,B+,99,22.2%,113,44.13,B+,14,31.43,Dist-,NE,NE,NE,NE,NE,14,100.0%,,,,,,,,,116,97.4%,97.4%,116,97.4%,116,97.4%,97.4%,116,97.4%,1,SUPP,SUPP,1,SUPP,NE,NE,NE,NE,NE,NE,NE,NE,NE,NE,NE,NE,NE,7,7,37.37,B-,7,37.37,B-,SUPP,SUPP,SUPP,NE,NE,NE,,,,,7,100.0%,7,100.0%,NE,NE,NE,NE,NE,NE,NE,NE,NE,109,105,44.5,B+,105,44.49,B+,SUPP,SUPP,SUPP,NE,NE,NE,,,,,108,97.2%,108,97.2%,SUPP,SUPP,NE,NE,NE,NE,NE,NE,NE,,,105,,,102,,,38.06,,,B-,,,102,,,38.25,,,B-,,,NE,,,NE,,,NE,,,NE,,,NE,,,NE,,,NE,,,NE,,,NE,,,,,,NE,,,NE,,,3,,,SUPP,,,304,,,0.07,,,0.19,,,-0.05,,,321,,,0.08,,,0.19,,,-0.04,,,NE,,,NE,,,NE,,,NE,,,104,,,93.3%,,,104,,,93.3%,,,NE,,,NE,,,NE,,,NE,,,NE,,,NE,,,17,,,16,,,33.45,,,C+,,,16,,,33.54,,,C+,,,NE,,,NE,,,NE,,,NE,,,NE,,,NE,,,NE,,,NE,,,NE,,,NE,,,NE,,,SUPP,,,SUPP,,,45,,,-0.24,,,0.08,,,-0.56,,,47,,,-0.24,,,0.07,,,-0.56,,,NE,,,NE,,,NE,,,NE,,,16,,,87.5%,,,16,,,87.5%,,,NE,,,NE,,,NE,,,NE,,,NE,,,NE,,,87,,,85,,,38.86,,,B,,,85,,,39.07,,,B,,,NE,,,NE,,,NE,,,NE,,,NE,,,NE,,,NE,,,NE,,,NE,,,NE,,,NE,,,SUPP,,,SUPP,,,259,,,0.12,,,0.25,,,0,,,274,,,0.13,,,0.26,,,0,,,NE,,,NE,,,NE,,,NE,,,87,,,94.3%,,,87,,,94.3%,,,NE,,,NE,,,NE,,,NE,,,NE,,,NE
1,30388,25,4,919,4096,139036,E14000739,Hemel Hempstead,,Kings Langley School,Love Lane,,,Kings Langley,WD4 9HN,1923264504,0,ACC,Does not apply,NSE,OTHER NON SEL,MIXED,0, 11-18,0,,,R,,166,74,71,37.06,B-,71,37.04,B-,71,19.7%,71,37.07,B-,NE,NE,NE,NE,NE,NE,NE,NE,NE,NE,,,,,,,,,74,97.3%,95.9%,74,95.9%,74,97.3%,95.9%,74,95.9%,NE,NE,NE,NE,NE,NE,NE,NE,NE,NE,NE,NE,NE,NE,NE,NE,NE,NE,12,11,32.24,C+,11,32.24,C+,NE,NE,NE,NE,NE,NE,,,,,12,100.0%,12,100.0%,NE,NE,NE,NE,NE,NE,NE,NE,NE,62,60,37.96,B-,60,37.94,B-,NE,NE,NE,NE,NE,NE,,,,,62,96.8%,62,96.8%,NE,NE,NE,NE,NE,NE,NE,NE,NE,,,88,,,82,,,27.8,,,C-,,,82,,,27.86,,,C-,,,NE,,,NE,,,NE,,,NE,,,NE,,,NE,,,NE,,,NE,,,NE,,,,,,NE,,,NE,,,7,,,0.57,,,231,,,-0.17,,,-0.03,,,-0.31,,,238,,,-0.17,,,-0.04,,,-0.31,,,NE,,,NE,,,NE,,,NE,,,82,,,98.8%,,,82,,,98.8%,,,NE,,,NE,,,NE,,,NE,,,NE,,,NE,,,11,,,11,,,29.23,,,C,,,11,,,29.23,,,C,,,NE,,,NE,,,NE,,,NE,,,NE,,,NE,,,NE,,,NE,,,NE,,,NE,,,NE,,,SUPP,,,SUPP,,,28,,,0.2,,,0.61,,,-0.21,,,28,,,0.2,,,0.61,,,-0.21,,,NE,,,NE,,,NE,,,NE,,,10,,,100.0%,,,10,,,100.0%,,,NE,,,NE,,,NE,,,NE,,,NE,,,NE,,,77,,,71,,,27.61,,,C-,,,71,,,27.68,,,C-,,,NE,,,NE,,,NE,,,NE,,,NE,,,NE,,,NE,,,NE,,,NE,,,NE,,,NE,,,SUPP,,,SUPP,,,203,,,-0.22,,,-0.08,,,-0.37,,,210,,,-0.22,,,-0.08,,,-0.37,,,NE,,,NE,,,NE,,,NE,,,72,,,98.6%,,,72,,,98.6%,,,NE,,,NE,,,NE,,,NE,,,NE,,,NE
1,6082,25,4,919,4099,137757,E14001027,Welwyn Hatfield,,Bishop's Hatfield Girls' School,Woods Avenue,,,Hatfield,AL10 8NL,1707275331,0,ACC,Does not apply,NSE,OTHER NON SEL,MIXED,0, 11-18,0,,,,,179,69,64,42.11,B+,50,42.2,B+,50,16.0%,64,42.12,B+,15,36.88,Dist+,NE,NE,NE,1,SUPP,16,93.8%,,,,,,,,,59,100.0%,94.9%,59,96.6%,59,100.0%,94.9%,59,96.6%,10,100.0%,90.0%,10,90.0%,NE,NE,NE,NE,NE,NE,NE,NE,NE,NE,NE,NE,NE,17,17,41.78,B+,17,41.92,B+,SUPP,SUPP,SUPP,NE,NE,NE,,,,,15,100.0%,15,100.0%,SUPP,SUPP,NE,NE,NE,NE,NE,NE,NE,52,47,42.22,B+,47,42.19,B+,SUPP,SUPP,SUPP,NE,NE,NE,,,,,44,100.0%,44,100.0%,SUPP,SUPP,NE,NE,NE,NE,NE,NE,NE,,,74,,,66,,,35.58,,,B-,,,67,,,35.87,,,B-,,,18,,,32.5,,,Dist-,,,NE,,,NE,,,NE,,,NE,,,NE,,,NE,,,,,,NE,,,NE,,,2,,,SUPP,,,173,,,-0.1,,,0.05,,,-0.25,,,193,,,-0.07,,,0.07,,,-0.22,,,19,,,0.01,,,0.39,,,-0.37,,,64,,,98.4%,,,64,,,98.4%,,,7,,,100.0%,,,NE,,,NE,,,NE,,,NE,,,6,,,SUPP,,,SUPP,,,SUPP,,,SUPP,,,SUPP,,,SUPP,,,SUPP,,,SUPP,,,SUPP,,,NE,,,NE,,,NE,,,NE,,,NE,,,NE,,,NE,,,NE,,,NE,,,NE,,,7,,,-0.78,,,0.02,,,-1.59,,,10,,,-0.66,,,0.06,,,-1.39,,,SUPP,,,SUPP,,,SUPP,,,SUPP,,,SUPP,,,SUPP,,,SUPP,,,SUPP,,,SUPP,,,SUPP,,,NE,,,NE,,,NE,,,NE,,,65,,,SUPP,,,SUPP,,,SUPP,,,SUPP,,,SUPP,,,SUPP,,,SUPP,,,SUPP,,,SUPP,,,NE,,,NE,,,NE,,,NE,,,NE,,,NE,,,NE,,,NE,,,SUPP,,,SUPP,,,166,,,-0.07,,,0.08,,,-0.23,,,183,,,-0.05,,,0.1,,,-0.19,,,SUPP,,,SUPP,,,SUPP,,,SUPP,,,SUPP,,,SUPP,,,SUPP,,,SUPP,,,SUPP,,,SUPP,,,NE,,,NE,,,NE,,,NE
1,8810,25,4,919,4101,136396,E14000606,Broxbourne,,The Broxbourne School,Badgers Walk,,,Broxbourne,EN10 7FU,1992411060,0,ACC,None,NSE,OTHER NON SEL,MIXED,0, 11-18,0,,,,,228,125,119,39.59,B,98,40.1,B,98,28.6%,119,39.82,B,21,38.06,Dist+,NE,NE,NE,NE,NE,21,100.0%,,,,,,,,,114,95.6%,95.6%,114,95.6%,114,95.6%,95.6%,114,95.6%,11,100.0%,90.9%,11,100.0%,NE,NE,NE,NE,NE,NE,NE,NE,NE,NE,NE,NE,NE,12,10,35,B-,10,35.71,B-,SUPP,SUPP,SUPP,NE,NE,NE,,,,,10,80.0%,10,80.0%,SUPP,SUPP,NE,NE,NE,NE,NE,NE,NE,113,109,39.95,B,109,40.15,B,SUPP,SUPP,SUPP,NE,NE,NE,,,,,104,97.1%,104,97.1%,SUPP,SUPP,NE,NE,NE,NE,NE,NE,NE,,,124,,,120,,,37.43,,,B-,,,121,,,37.56,,,B-,,,17,,,30.83,,,Dist-,,,NE,,,NE,,,NE,,,NE,,,NE,,,NE,,,,,,NE,,,NE,,,1,,,SUPP,,,342,,,0.08,,,0.2,,,-0.04,,,392,,,0.07,,,0.18,,,-0.05,,,19,,,-0.1,,,0.3,,,-0.5,,,112,,,98.2%,,,112,,,98.2%,,,11,,,90.9%,,,NE,,,NE,,,NE,,,NE,,,16,,,16,,,38.05,,,B-,,,16,,,38.35,,,B,,,6,,,29.44,,,Merit+,,,NE,,,NE,,,NE,,,NE,,,NE,,,NE,,,NE,,,NE,,,NE,,,NE,,,41,,,0.03,,,0.37,,,-0.31,,,48,,,0.03,,,0.35,,,-0.3,,,7,,,-0.01,,,0.59,,,-0.62,,,13,,,100.0%,,,13,,,100.0%,,,SUPP,,,SUPP,,,NE,,,NE,,,NE,,,NE,,,108,,,104,,,37.34,,,B-,,,105,,,37.44,,,B-,,,11,,,31.43,,,Dist-,,,NE,,,NE,,,NE,,,NE,,,NE,,,NE,,,NE,,,NE,,,SUPP,,,SUPP,,,301,,,0.09,,,0.21,,,-0.04,,,344,,,0.07,,,0.19,,,-0.05,,,12,,,-0.14,,,0.37,,,-0.64,,,99,,,98.0%,,,99,,,98.0%,,,SUPP,,,SUPP,,,NE,,,NE,,,NE,,,NE
1,38962,25,4,919,4104,117530,E14000968,Stevenage,,The Nobel School,Mobbsbury Way,,,Stevenage,SG2 0HS,1438222600,0,FD,Does not apply,NSE,OTHER NON SEL,MIXED,0, 11-18,0,,,,,270,121,92,37.87,B-,63,38.89,B,63,17.5%,92,37.87,B-,49,32.11,Dist-,14,35,Dist,14,100.0%,49,100.0%,,,,,,,,,82,97.6%,97.6%,82,97.6%,82,97.6%,97.6%,82,97.6%,27,96.3%,88.9%,27,96.3%,11,100.0%,100.0%,11,100.0%,NE,NE,NE,NE,NE,NE,NE,NE,15,10,38.85,B,10,38.85,B,6,29.29,Merit+,SUPP,SUPP,SUPP,,,,,9,100.0%,9,100.0%,SUPP,SUPP,SUPP,SUPP,NE,NE,NE,NE,NE,105,82,37.75,B-,82,37.75,B-,43,32.59,Dist-,SUPP,SUPP,SUPP,,,,,72,98.6%,72,98.6%,SUPP,SUPP,SUPP,SUPP,NE,NE,NE,NE,NE,,,150,,,117,,,30.6,,,C,,,118,,,30.7,,,C,,,52,,,31.65,,,Dist-,,,12,,,26.36,,,Merit,,,NE,,,NE,,,NE,,,,,,2,,,SUPP,,,10,,,0.5,,,277,,,-0.03,,,0.09,,,-0.15,,,283,,,-0.02,,,0.1,,,-0.14,,,70,,,0.18,,,0.39,,,-0.03,,,109,,,89.9%,,,109,,,89.9%,,,26,,,88.5%,,,11,,,72.7%,,,NE,,,NE,,,17,,,13,,,31.54,,,C,,,13,,,31.54,,,C,,,7,,,27.5,,,Merit+,,,SUPP,,,SUPP,,,SUPP,,,NE,,,NE,,,NE,,,NE,,,NE,,,NE,,,NE,,,26,,,0.27,,,0.69,,,-0.14,,,26,,,0.27,,,0.69,,,-0.14,,,11,,,-0.05,,,0.49,,,-0.59,,,12,,,75.0%,,,12,,,75.0%,,,SUPP,,,SUPP,,,SUPP,,,SUPP,,,NE,,,NE,,,133,,,104,,,30.51,,,C,,,105,,,30.62,,,C,,,45,,,32.37,,,Dist-,,,SUPP,,,SUPP,,,SUPP,,,NE,,,NE,,,NE,,,SUPP,,,SUPP,,,10,,,0.5,,,251,,,-0.06,,,0.07,,,-0.19,,,257,,,-0.05,,,0.08,,,-0.18,,,59,,,0.22,,,0.45,,,0,,,97,,,91.8%,,,97,,,91.8%,,,SUPP,,,SUPP,,,SUPP,,,SUPP,,,NE,,,NE
1,64964,25,4,919,4111,140049,E14001021,Watford,,Westfield Academy,Tolpits Lane,,,Watford,WD18 6NS,1923231560,0,ACC,Does not apply,NSE,OTHER NON SEL,MIXED,0, 11-18,0,,,R,,178,67,34,34.22,C+,34,34.22,C+,34,5.9%,34,34.1,C+,25,31.22,Dist-,NE,NE,NE,NE,NE,25,100.0%,,,,,,,,,36,94.4%,94.4%,36,94.4%,36,94.4%,94.4%,36,94.4%,26,96.2%,96.2%,26,96.2%,3,SUPP,SUPP,3,SUPP,NE,NE,NE,NE,NE,NE,NE,NE,15,8,30.42,C,8,30.42,C,SUPP,SUPP,SUPP,NE,NE,NE,,,,,9,88.9%,9,88.9%,SUPP,SUPP,SUPP,SUPP,NE,NE,NE,NE,NE,51,26,35.38,B-,26,35.23,B-,SUPP,SUPP,SUPP,NE,NE,NE,,,,,27,96.3%,27,96.3%,SUPP,SUPP,SUPP,SUPP,NE,NE,NE,NE,NE,,,108,,,35,,,24.92,,,D+,,,36,,,24.94,,,D+,,,41,,,25.81,,,Merit,,,NE,,,NE,,,NE,,,NE,,,NE,,,NE,,,,,,18,,,0.41,,,29,,,0.31,,,97,,,-0.69,,,-0.49,,,-0.9,,,98,,,-0.69,,,-0.49,,,-0.9,,,54,,,-0.16,,,0.08,,,-0.4,,,44,,,95.5%,,,44,,,95.5%,,,46,,,80.4%,,,NE,,,NE,,,NE,,,NE,,,33,,,9,,,27.35,,,C-,,,9,,,27.35,,,C-,,,12,,,23.33,,,Merit-,,,NE,,,NE,,,NE,,,NE,,,NE,,,NE,,,7,,,0.63,,,13,,,0.38,,,25,,,-0.34,,,0.08,,,-0.76,,,25,,,-0.34,,,0.08,,,-0.76,,,19,,,-0.3,,,0.12,,,-0.71,,,12,,,83.3%,,,12,,,83.3%,,,16,,,62.5%,,,NE,,,NE,,,NE,,,NE,,,72,,,25,,,23.75,,,D+,,,26,,,23.78,,,D+,,,29,,,26.73,,,Merit+,,,NE,,,NE,,,NE,,,NE,,,NE,,,NE,,,11,,,0.27,,,16,,,0.25,,,72,,,-0.81,,,-0.58,,,-1.04,,,73,,,-0.81,,,-0.58,,,-1.05,,,35,,,-0.11,,,0.18,,,-0.4,,,32,,,100.0%,,,32,,,100.0%,,,28,,,92.9%,,,NE,,,NE,,,NE,,,NE
1,35220,25,4,919,4116,117534,E14000968,Stevenage,,Marriotts School,Brittain Way,,,Stevenage,SG2 8UT,1438726999,0,CY,Does not apply,NSE,OTHER NON SEL,MIXED,0, 11-18,0,,,,,246,120,66,35.1,B-,35,35.33,B-,35,11.4%,68,35.25,B-,54,32.43,Dist-,14,39.39,Dist+,30,46.7%,58,93.1%,,,,,,,,,45,93.3%,91.1%,45,91.1%,45,93.3%,91.1%,45,91.1%,42,90.5%,90.5%,42,90.5%,9,88.9%,88.9%,9,88.9%,NE,NE,NE,NE,NE,NE,NE,NE,41,19,32.68,C+,19,32.74,C+,19,32.06,Dist-,8,36.79,Dist+,,,,,14,85.7%,14,85.7%,15,86.7%,SUPP,SUPP,NE,NE,NE,NE,NE,78,47,36.02,B-,49,36.19,B-,35,32.65,Dist-,6,42.86,Dist*-,,,,,31,96.8%,31,96.8%,27,92.6%,SUPP,SUPP,NE,NE,NE,NE,NE,,,130,,,37,,,29.94,,,C,,,37,,,30.53,,,C,,,31,,,30.1,,,Dist-,,,9,,,35.65,,,Dist,,,NE,,,NE,,,NE,,,,,,24,,,0.17,,,37,,,0.05,,,77,,,-0.17,,,0.07,,,-0.41,,,89,,,-0.14,,,0.09,,,-0.37,,,47,,,0.17,,,0.41,,,-0.07,,,30,,,100.0%,,,30,,,100.0%,,,23,,,73.9%,,,6,,,83.3%,,,NE,,,NE,,,38,,,11,,,35.93,,,B-,,,11,,,36.1,,,B-,,,13,,,29.52,,,Merit+,,,SUPP,,,SUPP,,,SUPP,,,NE,,,NE,,,NE,,,7,,,0.14,,,14,,,0.36,,,27,,,0.25,,,0.66,,,-0.17,,,31,,,0.26,,,0.66,,,-0.15,,,19,,,0.08,,,0.46,,,-0.3,,,8,,,100.0%,,,8,,,100.0%,,,12,,,83.3%,,,SUPP,,,SUPP,,,NE,,,NE,,,90,,,25,,,27.07,,,C-,,,25,,,27.9,,,C-,,,18,,,30.52,,,Dist-,,,SUPP,,,SUPP,,,SUPP,,,NE,,,NE,,,NE,,,17,,,0.18,,,23,,,-0.13,,,50,,,-0.4,,,-0.1,,,-0.69,,,58,,,-0.35,,,-0.07,,,-0.64,,,28,,,0.23,,,0.54,,,-0.08,,,21,,,100.0%,,,21,,,100.0%,,,11,,,63.6%,,,SUPP,,,SUPP,,,NE,,,NE
1,55956,25,4,919,4117,138484,E14000744,Hertford and Stortford,,The Sele School,Welwyn Road,,,Hertford,SG14 2DG,1992581455,0,ACC,Does not apply,NSE,OTHER NON SEL,MIXED,0, 11-18,0,,,,,22,9,9,32.5,C+,NE,NE,NE,NE,NE,9,32.5,C+,9,30.68,Dist-,NE,NE,NE,NE,NE,9,100.0%,,,,,,,,,2,SUPP,SUPP,2,SUPP,2,SUPP,SUPP,2,SUPP,7,100.0%,100.0%,7,100.0%,NE,NE,NE,NE,NE,NE,NE,NE,NE,NE,NE,NE,NE,NE,NE,NE,NE,NE,NE,NE,NE,NE,NE,NE,NE,NE,,,,,NE,NE,NE,NE,NE,NE,NE,NE,NE,NE,NE,NE,NE,9,9,32.5,C+,9,32.5,C+,9,30.68,Dist-,NE,NE,NE,,,,,SUPP,SUPP,SUPP,SUPP,7,100.0%,NE,NE,NE,NE,NE,NE,NE,,,29,,,24,,,24.64,,,D+,,,24,,,24.54,,,D+,,,16,,,22.45,,,Merit-,,,NE,,,NE,,,NE,,,NE,,,NE,,,NE,,,,,,3,,,SUPP,,,5,,,SUPP,,,61,,,-0.58,,,-0.31,,,-0.85,,,63,,,-0.59,,,-0.32,,,-0.86,,,23,,,-0.76,,,-0.43,,,-1.1,,,20,,,95.0%,,,20,,,95.0%,,,7,,,71.4%,,,NE,,,NE,,,NE,,,NE,,,SUPP,,,SUPP,,,SUPP,,,SUPP,,,SUPP,,,SUPP,,,SUPP,,,SUPP,,,SUPP,,,SUPP,,,NE,,,NE,,,NE,,,NE,,,NE,,,NE,,,NE,,,NE,,,NE,,,NE,,,11,,,-0.11,,,0.54,,,-0.76,,,11,,,-0.11,,,0.54,,,-0.76,,,SUPP,,,SUPP,,,SUPP,,,SUPP,,,SUPP,,,SUPP,,,SUPP,,,SUPP,,,NE,,,NE,,,NE,,,NE,,,NE,,,NE,,,SUPP,,,SUPP,,,SUPP,,,SUPP,,,SUPP,,,SUPP,,,SUPP,,,SUPP,,,SUPP,,,SUPP,,,NE,,,NE,,,NE,,,NE,,,NE,,,NE,,,SUPP,,,SUPP,,,SUPP,,,SUPP,,,50,,,-0.7,,,-0.4,,,-1,,,52,,,-0.71,,,-0.41,,,-1.01,,,SUPP,,,SUPP,,,SUPP,,,SUPP,,,SUPP,,,SUPP,,,SUPP,,,SUPP,,,7,,,71.4%,,,NE,,,NE,,,NE,,,NE
1,36886,25,4,919,4118,138632,E14001027,Welwyn Hatfield,,Monk's Walk School,Knightsfield,,,Welwyn Garden City,AL8 7NL,1707322846,0,ACC,None,NSE,OTHER NON SEL,MIXED,0, 11-18,0,,,R,,250,127,122,42.02,B+,98,42.31,B+,98,26.5%,122,42.21,B+,21,42.5,Dist*-,3,SUPP,SUPP,3,SUPP,21,100.0%,,,,,,,,,103,96.1%,94.2%,103,94.2%,103,96.1%,94.2%,103,94.2%,25,88.0%,88.0%,25,88.0%,NE,NE,NE,NE,NE,NE,NE,NE,NE,NE,NE,NE,NE,6,6,31.88,C+,6,31.88,C+,SUPP,SUPP,SUPP,NE,NE,NE,,,,,SUPP,SUPP,SUPP,SUPP,SUPP,SUPP,NE,NE,NE,NE,NE,NE,NE,121,116,42.52,B+,116,42.71,B+,SUPP,SUPP,SUPP,SUPP,SUPP,SUPP,,,,,SUPP,SUPP,SUPP,SUPP,SUPP,SUPP,NE,NE,NE,NE,NE,NE,NE,,,102,,,97,,,34.01,,,C+,,,97,,,34.23,,,C+,,,4,,,SUPP,,,SUPP,,,NE,,,NE,,,NE,,,NE,,,NE,,,NE,,,,,,1,,,SUPP,,,5,,,SUPP,,,276,,,0.09,,,0.21,,,-0.04,,,292,,,0.11,,,0.23,,,-0.02,,,SUPP,,,SUPP,,,SUPP,,,SUPP,,,96,,,93.8%,,,96,,,93.8%,,,3,,,SUPP,,,NE,,,NE,,,NE,,,NE,,,10,,,9,,,31.92,,,C+,,,9,,,32.08,,,C+,,,NE,,,NE,,,NE,,,NE,,,NE,,,NE,,,NE,,,NE,,,NE,,,NE,,,NE,,,SUPP,,,SUPP,,,26,,,-0.19,,,0.23,,,-0.61,,,27,,,-0.17,,,0.24,,,-0.59,,,NE,,,NE,,,NE,,,NE,,,9,,,100.0%,,,9,,,100.0%,,,SUPP,,,SUPP,,,NE,,,NE,,,NE,,,NE,,,92,,,88,,,34.23,,,C+,,,88,,,34.45,,,C+,,,SUPP,,,SUPP,,,SUPP,,,NE,,,NE,,,NE,,,NE,,,NE,,,NE,,,SUPP,,,SUPP,,,SUPP,,,SUPP,,,250,,,0.12,,,0.25,,,-0.01,,,265,,,0.13,,,0.26,,,0.01,,,SUPP,,,SUPP,,,SUPP,,,SUPP,,,87,,,93.1%,,,87,,,93.1%,,,SUPP,,,SUPP,,,NE,,,NE,,,NE,,,NE
1,26142,25,4,919,4122,117537,E14000845,North East Hertfordshire,,The Highfield School,Highfield,,,Letchworth Garden City,SG6 3QA,1462620500,0,FD,Does not apply,NSE,OTHER NON SEL,MIXED,0, 11-18,0,,,R,,148,65,62,31.79,C+,53,33.02,C+,53,3.8%,62,32.15,C+,9,41.67,Dist*-,NE,NE,NE,NE,NE,9,100.0%,,,,,,,,,64,98.4%,96.9%,64,98.4%,64,98.4%,96.9%,64,98.4%,NE,NE,NE,NE,NE,NE,NE,NE,NE,NE,NE,NE,NE,NE,NE,NE,NE,NE,6,SUPP,SUPP,SUPP,SUPP,SUPP,SUPP,SUPP,SUPP,SUPP,NE,NE,NE,,,,,6,100.0%,6,100.0%,NE,NE,NE,NE,NE,NE,NE,NE,NE,58,SUPP,SUPP,SUPP,SUPP,SUPP,SUPP,SUPP,SUPP,SUPP,NE,NE,NE,,,,,58,98.3%,58,98.3%,NE,NE,NE,NE,NE,NE,NE,NE,NE,,,78,,,67,,,33.37,,,C+,,,70,,,33.41,,,C+,,,5,,,SUPP,,,SUPP,,,NE,,,NE,,,NE,,,NE,,,NE,,,NE,,,,,,NE,,,NE,,,6,,,0.95,,,194,,,-0.13,,,0.02,,,-0.28,,,253,,,-0.17,,,-0.03,,,-0.31,,,SUPP,,,SUPP,,,SUPP,,,SUPP,,,75,,,86.7%,,,75,,,86.7%,,,2,,,SUPP,,,NE,,,NE,,,NE,,,NE,,,SUPP,,,SUPP,,,SUPP,,,SUPP,,,SUPP,,,SUPP,,,SUPP,,,NE,,,NE,,,NE,,,NE,,,NE,,,NE,,,NE,,,NE,,,NE,,,NE,,,NE,,,NE,,,NE,,,11,,,-1.01,,,-0.38,,,-1.63,,,14,,,-0.98,,,-0.39,,,-1.57,,,NE,,,NE,,,NE,,,NE,,,SUPP,,,SUPP,,,SUPP,,,SUPP,,,NE,,,NE,,,NE,,,NE,,,NE,,,NE,,,SUPP,,,SUPP,,,SUPP,,,SUPP,,,SUPP,,,SUPP,,,SUPP,,,SUPP,,,SUPP,,,SUPP,,,NE,,,NE,,,NE,,,NE,,,NE,,,NE,,,NE,,,NE,,,6,,,0.95,,,183,,,-0.08,,,0.07,,,-0.23,,,239,,,-0.12,,,0.03,,,-0.26,,,SUPP,,,SUPP,,,SUPP,,,SUPP,,,SUPP,,,SUPP,,,SUPP,,,SUPP,,,SUPP,,,SUPP,,,NE,,,NE,,,NE,,,NE
1,30190,25,4,919,4140,137656,E14000845,North East Hertfordshire,,King James Academy Royston,Garden Walk,,,Royston,SG8 7JH,1763242236,0,ACC,Does not apply,NSE,OTHER NON SEL,MIXED,0, 9-18,0,,,R,,22,10,NE,NE,NE,NE,NE,NE,NE,NE,NE,NE,NE,NE,NE,NE,NE,NE,NE,10,0.0%,10,0.0%,,,,,,,,,NE,NE,NE,NE,NE,NE,NE,NE,NE,NE,10,10.0%,0.0%,10,10.0%,NE,NE,NE,NE,NE,NE,NE,NE,NE,NE,NE,NE,NE,NE,NE,NE,NE,NE,NE,NE,NE,NE,NE,NE,NE,NE,,,,,NE,NE,NE,NE,NE,NE,NE,NE,NE,NE,NE,NE,NE,10,NE,NE,NE,NE,NE,NE,NE,NE,NE,NE,NE,NE,,,,,NE,NE,NE,NE,10,10.0%,NE,NE,NE,NE,NE,NE,NE,,,63,,,29,,,24.44,,,D+,,,29,,,24.64,,,D+,,,12,,,13.48,,,Pass,,,3,,,SUPP,,,SUPP,,,NE,,,NE,,,NE,,,,,,6,,,0.5,,,14,,,-0.26,,,77,,,-0.36,,,-0.13,,,-0.59,,,79,,,-0.35,,,-0.12,,,-0.58,,,15,,,-1.46,,,-1,,,-1.92,,,33,,,84.8%,,,33,,,84.8%,,,1,,,SUPP,,,6,,,50.0%,,,NE,,,NE,,,9,,,SUPP,,,SUPP,,,SUPP,,,SUPP,,,SUPP,,,SUPP,,,SUPP,,,SUPP,,,SUPP,,,SUPP,,,SUPP,,,SUPP,,,NE,,,NE,,,NE,,,NE,,,NE,,,SUPP,,,SUPP,,,SUPP,,,SUPP,,,SUPP,,,SUPP,,,SUPP,,,SUPP,,,SUPP,,,SUPP,,,SUPP,,,SUPP,,,SUPP,,,SUPP,,,SUPP,,,SUPP,,,SUPP,,,SUPP,,,NE,,,NE,,,SUPP,,,SUPP,,,NE,,,NE,,,54,,,SUPP,,,SUPP,,,SUPP,,,SUPP,,,SUPP,,,SUPP,,,SUPP,,,SUPP,,,SUPP,,,SUPP,,,SUPP,,,SUPP,,,NE,,,NE,,,NE,,,6,,,0.5,,,SUPP,,,SUPP,,,SUPP,,,SUPP,,,SUPP,,,SUPP,,,SUPP,,,SUPP,,,SUPP,,,SUPP,,,SUPP,,,SUPP,,,SUPP,,,SUPP,,,SUPP,,,SUPP,,,SUPP,,,SUPP,,,SUPP,,,SUPP,,,SUPP,,,SUPP,,,NE,,,NE
1,20616,25,4,919,4141,137002,E14000845,North East Hertfordshire,,Freman College,Bowling Green Lane,,,Buntingford,SG9 9BT,1763271818,0,ACC,None,NSE,OTHER NON SEL,MIXED,0, 13-18,0,,,,,240,114,99,40.66,B,80,40.54,B,80,18.8%,99,40.8,B,21,36.46,Dist,16,35.47,Dist,16,100.0%,21,100.0%,,,,,,,,,82,97.6%,97.6%,82,97.6%,82,97.6%,97.6%,82,97.6%,14,100.0%,100.0%,14,92.9%,16,93.8%,93.8%,16,93.8%,NE,NE,NE,NE,NE,NE,NE,NE,7,SUPP,SUPP,SUPP,SUPP,SUPP,SUPP,SUPP,SUPP,SUPP,SUPP,SUPP,SUPP,,,,,SUPP,SUPP,SUPP,SUPP,SUPP,SUPP,SUPP,SUPP,NE,NE,NE,NE,NE,107,SUPP,SUPP,SUPP,SUPP,SUPP,SUPP,SUPP,SUPP,SUPP,SUPP,SUPP,SUPP,,,,,SUPP,SUPP,SUPP,SUPP,SUPP,SUPP,SUPP,SUPP,NE,NE,NE,NE,NE,,,129,,,119,,,35.38,,,B-,,,119,,,35.65,,,B-,,,3,,,SUPP,,,SUPP,,,8,,,32.81,,,Dist-,,,NE,,,NE,,,NE,,,,,,NE,,,NE,,,7,,,0.14,,,346,,,0.16,,,0.27,,,0.05,,,385,,,0.16,,,0.27,,,0.05,,,SUPP,,,SUPP,,,SUPP,,,SUPP,,,120,,,92.5%,,,120,,,92.5%,,,NE,,,NE,,,8,,,100.0%,,,NE,,,NE,,,10,,,8,,,29.5,,,C,,,8,,,29.66,,,C,,,SUPP,,,SUPP,,,SUPP,,,NE,,,NE,,,NE,,,NE,,,NE,,,NE,,,NE,,,NE,,,SUPP,,,SUPP,,,20,,,0.04,,,0.51,,,-0.44,,,21,,,0.04,,,0.51,,,-0.43,,,SUPP,,,SUPP,,,SUPP,,,SUPP,,,10,,,90.0%,,,10,,,90.0%,,,NE,,,NE,,,NE,,,NE,,,NE,,,NE,,,118,,,111,,,35.75,,,B-,,,111,,,36.01,,,B-,,,SUPP,,,SUPP,,,SUPP,,,8,,,32.81,,,Dist-,,,NE,,,NE,,,NE,,,NE,,,NE,,,SUPP,,,SUPP,,,326,,,0.16,,,0.28,,,0.05,,,364,,,0.17,,,0.28,,,0.06,,,SUPP,,,SUPP,,,SUPP,,,SUPP,,,110,,,92.7%,,,110,,,92.7%,,,NE,,,NE,,,8,,,100.0%,,,NE,,,NE
1,55450,25,4,919,4197,136609,E14000960,St Albans,,Sandringham School,The Ridgeway,,,St Albans,AL4 9NX,1727799560,0,ACC,Does not apply,NSE,OTHER NON SEL,MIXED,0, 11-18,0,,,R,,472,241,237,46.32,A-,226,45.87,A-,226,30.5%,237,46.32,A-,16,28.71,Merit+,NE,NE,NE,2,SUPP,18,88.9%,,,,,,,,,238,99.2%,99.2%,237,99.2%,238,99.2%,99.2%,237,99.2%,4,SUPP,SUPP,4,SUPP,NE,NE,NE,NE,NE,NE,NE,NE,NE,NE,NE,NE,NE,14,14,39,B,14,39,B,SUPP,SUPP,SUPP,NE,NE,NE,,,,,14,100.0%,14,100.0%,NE,NE,NE,NE,NE,NE,NE,NE,NE,226,222,46.74,A-,222,46.74,A-,SUPP,SUPP,SUPP,NE,NE,NE,,,,,223,99.1%,223,99.1%,SUPP,SUPP,NE,NE,NE,NE,NE,NE,NE,,,191,,,184,,,39.94,,,B,,,187,,,40.1,,,B,,,29,,,27.86,,,Merit+,,,NE,,,NE,,,NE,,,NE,,,NE,,,NE,,,,,,NE,,,NE,,,1,,,SUPP,,,537,,,0.11,,,0.2,,,0.02,,,583,,,0.12,,,0.21,,,0.04,,,32,,,0.03,,,0.35,,,-0.29,,,185,,,95.7%,,,185,,,95.7%,,,4,,,SUPP,,,NE,,,NE,,,NE,,,NE,,,16,,,13,,,38.82,,,B,,,14,,,38.66,,,B,,,SUPP,,,SUPP,,,SUPP,,,NE,,,NE,,,NE,,,NE,,,NE,,,NE,,,NE,,,NE,,,NE,,,NE,,,39,,,0.17,,,0.52,,,-0.19,,,41,,,0.17,,,0.52,,,-0.18,,,SUPP,,,SUPP,,,SUPP,,,SUPP,,,15,,,80.0%,,,15,,,80.0%,,,NE,,,NE,,,NE,,,NE,,,NE,,,NE,,,173,,,169,,,39.94,,,B,,,171,,,40.12,,,B,,,SUPP,,,SUPP,,,SUPP,,,NE,,,NE,,,NE,,,NE,,,NE,,,NE,,,NE,,,NE,,,SUPP,,,SUPP,,,498,,,0.1,,,0.2,,,0.01,,,542,,,0.12,,,0.21,,,0.03,,,SUPP,,,SUPP,,,SUPP,,,SUPP,,,168,,,97.0%,,,168,,,97.0%,,,SUPP,,,SUPP,,,NE,,,NE,,,NE,,,NE
1,5796,25,4,919,4200,137637,E14000744,Hertford and Stortford,,Birchwood High School,Parsonage Lane,,,Bishop's Stortford,CM23 5BD,1279655936,0,ACC,None,NSE,OTHER NON SEL,MIXED,0, 11-18,0,,,,,233,119,86,33.94,C+,60,33.56,C+,60,13.3%,87,34.05,C+,59,35.74,Dist,NE,NE,NE,1,SUPP,60,98.3%,,,,,,,,,66,100.0%,100.0%,66,100.0%,66,100.0%,100.0%,66,100.0%,53,96.2%,96.2%,53,96.2%,NE,NE,NE,NE,NE,NE,NE,NE,NE,NE,NE,NE,NE,8,SUPP,SUPP,SUPP,SUPP,SUPP,SUPP,SUPP,SUPP,SUPP,NE,NE,NE,,,,,SUPP,SUPP,SUPP,SUPP,SUPP,SUPP,NE,NE,NE,NE,NE,NE,NE,111,SUPP,SUPP,SUPP,SUPP,SUPP,SUPP,SUPP,SUPP,SUPP,NE,NE,NE,,,,,SUPP,SUPP,SUPP,SUPP,SUPP,SUPP,NE,NE,NE,NE,NE,NE,NE,,,110,,,84,,,26.44,,,C-,,,86,,,26.77,,,C-,,,48,,,31.7,,,Dist-,,,NE,,,NE,,,NE,,,NE,,,NE,,,NE,,,,,,1,,,SUPP,,,8,,,0.38,,,200,,,-0.24,,,-0.09,,,-0.38,,,235,,,-0.23,,,-0.09,,,-0.37,,,65,,,0.24,,,0.46,,,0.02,,,64,,,96.9%,,,64,,,96.9%,,,41,,,90.2%,,,NE,,,NE,,,NE,,,NE,,,14,,,9,,,16.86,,,D-,,,9,,,17.06,,,D-,,,7,,,30.82,,,Dist-,,,NE,,,NE,,,NE,,,NE,,,NE,,,NE,,,NE,,,NE,,,SUPP,,,SUPP,,,19,,,-1.04,,,-0.58,,,-1.51,,,23,,,-1.06,,,-0.62,,,-1.5,,,8,,,0,,,0.58,,,-0.59,,,6,,,83.3%,,,6,,,83.3%,,,9,,,77.8%,,,NE,,,NE,,,NE,,,NE,,,96,,,75,,,27.38,,,C-,,,77,,,27.74,,,C-,,,41,,,31.88,,,Dist-,,,NE,,,NE,,,NE,,,NE,,,NE,,,NE,,,SUPP,,,SUPP,,,SUPP,,,SUPP,,,181,,,-0.16,,,-0.01,,,-0.31,,,212,,,-0.15,,,0,,,-0.29,,,57,,,0.29,,,0.52,,,0.06,,,58,,,98.3%,,,58,,,98.3%,,,32,,,93.8%,,,NE,,,NE,,,NE,,,NE
1,49338,25,4,919,5421,136901,E14000951,South West Hertfordshire,,St Clement Danes School,Chenies Road,Chorleywood,,Rickmansworth,WD3 6EW,1923284169,0,ACC,None,NSE,OTHER NON SEL,MIXED,0, 11-18,0,,,,,396,199,195,45.06,A-,172,45.52,A-,172,32.0%,195,45.02,A-,23,35.96,Dist,NE,NE,NE,NE,NE,23,100.0%,,,,,,,,,196,98.0%,98.0%,196,98.0%,196,98.0%,98.0%,196,98.0%,4,SUPP,SUPP,4,SUPP,NE,NE,NE,NE,NE,NE,NE,NE,NE,NE,NE,NE,NE,9,9,36.67,B-,9,36.81,B-,NE,NE,NE,NE,NE,NE,,,,,9,100.0%,9,100.0%,NE,NE,NE,NE,NE,NE,NE,NE,NE,187,183,45.28,A-,183,45.23,A-,23,35.96,Dist,NE,NE,NE,,,,,184,97.8%,184,97.8%,SUPP,SUPP,NE,NE,NE,NE,NE,NE,NE,,,161,,,158,,,38.6,,,B,,,158,,,38.73,,,B,,,23,,,35.58,,,Dist,,,NE,,,NE,,,NE,,,NE,,,NE,,,NE,,,,,,NE,,,NE,,,1,,,SUPP,,,453,,,-0.02,,,0.07,,,-0.12,,,498,,,-0.02,,,0.08,,,-0.11,,,26,,,0.14,,,0.46,,,-0.19,,,158,,,96.2%,,,158,,,96.2%,,,3,,,SUPP,,,NE,,,NE,,,NE,,,NE,,,8,,,8,,,38.33,,,B-,,,8,,,38.63,,,B,,,SUPP,,,SUPP,,,SUPP,,,NE,,,NE,,,NE,,,NE,,,NE,,,NE,,,NE,,,NE,,,NE,,,NE,,,24,,,0.08,,,0.51,,,-0.34,,,26,,,0.11,,,0.52,,,-0.31,,,SUPP,,,SUPP,,,SUPP,,,SUPP,,,8,,,100.0%,,,8,,,100.0%,,,NE,,,NE,,,NE,,,NE,,,NE,,,NE,,,153,,,150,,,38.62,,,B,,,150,,,38.73,,,B,,,SUPP,,,SUPP,,,SUPP,,,NE,,,NE,,,NE,,,NE,,,NE,,,NE,,,NE,,,NE,,,SUPP,,,SUPP,,,429,,,-0.03,,,0.07,,,-0.13,,,472,,,-0.02,,,0.07,,,-0.12,,,SUPP,,,SUPP,,,SUPP,,,SUPP,,,150,,,96.0%,,,150,,,96.0%,,,SUPP,,,SUPP,,,NE,,,NE,,,NE,,,NE
1,52614,25,4,919,5422,148499,E14000744,Hertford and Stortford,,St Mary's Catholic School,Windhill,,,Bishop's Stortford,CM23 2NQ,1279654901,0,ACC,Roman Catholic,NSE,OTHER NON SEL,MIXED,0, 11-18,0,,,R,,200,105,95,36.18,B-,59,38.53,B,59,15.3%,95,36.1,B-,40,27.58,Merit+,NE,NE,NE,NE,NE,40,100.0%,,,,,,,,,93,95.7%,94.6%,92,95.7%,93,95.7%,94.6%,92,95.7%,12,83.3%,83.3%,12,83.3%,NE,NE,NE,NE,NE,NE,NE,NE,NE,NE,NE,NE,NE,13,11,31.15,C,11,31.14,C,6,29.88,Merit+,NE,NE,NE,,,,,11,90.9%,11,90.9%,SUPP,SUPP,NE,NE,NE,NE,NE,NE,NE,92,84,36.77,B-,84,36.67,B-,34,27.16,Merit+,NE,NE,NE,,,,,82,96.3%,82,96.3%,SUPP,SUPP,NE,NE,NE,NE,NE,NE,NE,,,104,,,100,,,34.39,,,C+,,,100,,,34.39,,,C+,,,11,,,29.33,,,Merit+,,,NE,,,NE,,,NE,,,NE,,,NE,,,NE,,,,,,NE,,,NE,,,NE,,,NE,,,287,,,0.04,,,0.16,,,-0.08,,,287,,,0.04,,,0.16,,,-0.08,,,15,,,0.27,,,0.67,,,-0.14,,,100,,,99.0%,,,100,,,99.0%,,,4,,,SUPP,,,NE,,,NE,,,NE,,,NE,,,SUPP,,,SUPP,,,SUPP,,,SUPP,,,SUPP,,,SUPP,,,SUPP,,,NE,,,NE,,,NE,,,NE,,,NE,,,NE,,,NE,,,NE,,,NE,,,NE,,,NE,,,NE,,,NE,,,15,,,-0.12,,,0.45,,,-0.69,,,15,,,-0.12,,,0.45,,,-0.69,,,NE,,,NE,,,NE,,,NE,,,SUPP,,,SUPP,,,SUPP,,,SUPP,,,NE,,,NE,,,NE,,,NE,,,NE,,,NE,,,SUPP,,,SUPP,,,SUPP,,,SUPP,,,SUPP,,,SUPP,,,SUPP,,,11,,,29.33,,,Merit+,,,NE,,,NE,,,NE,,,NE,,,NE,,,NE,,,NE,,,NE,,,NE,,,NE,,,272,,,0.05,,,0.17,,,-0.07,,,272,,,0.05,,,0.17,,,-0.07,,,15,,,0.27,,,0.66,,,-0.13,,,SUPP,,,SUPP,,,SUPP,,,SUPP,,,SUPP,,,SUPP,,,NE,,,NE,,,NE,,,NE
1,52644,25,4,919,5423,138360,E14000606,Broxbourne,,St Mary's Church of England High School (VA),Lieutenant Ellis Way,Cheshunt,,Waltham Cross,EN7 5FB,1992629124,0,ACC,Church of England,NSE,OTHER NON SEL,MIXED,0, 11-19,0,,,R,,185,99,66,32.03,C+,36,32.96,C+,36,5.6%,66,32.25,C+,43,31.34,Dist-,NE,NE,NE,1,SUPP,43,100.0%,,,,,,,,,40,90.0%,90.0%,40,90.0%,40,90.0%,90.0%,40,90.0%,49,89.8%,87.8%,49,87.8%,NE,NE,NE,NE,NE,NE,NE,NE,4,SUPP,SUPP,NE,NE,25,12,26.67,C-,12,26.67,C-,11,29.26,Merit+,NE,NE,NE,,,,,8,87.5%,8,87.5%,13,84.6%,NE,NE,NE,NE,NE,SUPP,SUPP,74,54,33.33,C+,54,33.58,C+,32,32.19,Dist-,NE,NE,NE,,,,,32,90.6%,32,90.6%,36,91.7%,NE,NE,NE,NE,NE,SUPP,SUPP,,,91,,,55,,,26.37,,,C-,,,56,,,26.25,,,C-,,,34,,,28.41,,,Merit+,,,NE,,,NE,,,NE,,,NE,,,NE,,,NE,,,,,,17,,,0.47,,,23,,,0.48,,,132,,,0.02,,,0.2,,,-0.16,,,153,,,0,,,0.17,,,-0.18,,,48,,,0.19,,,0.44,,,-0.06,,,35,,,94.3%,,,35,,,94.3%,,,33,,,90.9%,,,NE,,,NE,,,NE,,,NE,,,26,,,20,,,23.44,,,D+,,,20,,,23.24,,,D+,,,12,,,28.33,,,Merit+,,,NE,,,NE,,,NE,,,NE,,,NE,,,NE,,,SUPP,,,SUPP,,,SUPP,,,SUPP,,,47,,,-0.15,,,0.17,,,-0.48,,,53,,,-0.18,,,0.13,,,-0.49,,,16,,,0.09,,,0.51,,,-0.34,,,11,,,90.9%,,,11,,,90.9%,,,12,,,100.0%,,,NE,,,NE,,,NE,,,NE,,,64,,,34,,,28.33,,,C-,,,35,,,28.21,,,C-,,,22,,,28.44,,,Merit+,,,NE,,,NE,,,NE,,,NE,,,NE,,,NE,,,SUPP,,,SUPP,,,SUPP,,,SUPP,,,85,,,0.11,,,0.34,,,-0.11,,,100,,,0.09,,,0.31,,,-0.12,,,32,,,0.24,,,0.55,,,-0.07,,,23,,,95.7%,,,23,,,95.7%,,,21,,,85.7%,,,NE,,,NE,,,NE,,,NE
1,29306,25,4,919,5426,136607,E14000606,Broxbourne,,The John Warner School,Stanstead Road,,,Hoddesdon,EN11 0QF,1992462889,0,ACC,None,NSE,OTHER NON SEL,MIXED,0, 11-18,0,,,R,,198,92,62,31.2,C,36,32.96,C+,36,13.9%,62,31.2,C,54,27.52,Merit+,4,SUPP,SUPP,6,66.7%,55,98.2%,,,,,,,,,54,96.3%,96.3%,54,96.3%,54,96.3%,96.3%,54,96.3%,34,76.5%,73.5%,34,76.5%,3,SUPP,SUPP,3,SUPP,NE,NE,NE,NE,NE,NE,NE,NE,18,10,23.64,D+,10,23.64,D+,12,30,Dist-,NE,NE,NE,,,,,9,100.0%,9,100.0%,9,44.4%,NE,NE,NE,NE,NE,NE,NE,74,52,32.46,C+,52,32.46,C+,42,26.98,Merit+,SUPP,SUPP,SUPP,,,,,45,95.6%,45,95.6%,25,88.0%,SUPP,SUPP,NE,NE,NE,NE,NE,,,129,,,81,,,27.38,,,C-,,,82,,,27.73,,,C-,,,87,,,26.72,,,Merit+,,,2,,,SUPP,,,SUPP,,,NE,,,NE,,,NE,,,,,,9,,,0.59,,,10,,,0.5,,,193,,,-0.27,,,-0.11,,,-0.42,,,217,,,-0.27,,,-0.12,,,-0.42,,,159,,,0.03,,,0.16,,,-0.11,,,48,,,89.6%,,,48,,,89.6%,,,77,,,71.4%,,,NE,,,NE,,,NE,,,NE,,,20,,,9,,,23.24,,,D+,,,9,,,23.56,,,D+,,,14,,,28.33,,,Merit+,,,NE,,,NE,,,NE,,,NE,,,NE,,,NE,,,SUPP,,,SUPP,,,SUPP,,,SUPP,,,19,,,-0.61,,,-0.08,,,-1.14,,,22,,,-0.62,,,-0.11,,,-1.12,,,28,,,0.18,,,0.5,,,-0.15,,,6,,,50.0%,,,6,,,50.0%,,,14,,,71.4%,,,NE,,,NE,,,NE,,,NE,,,106,,,71,,,27.9,,,C-,,,72,,,28.27,,,C-,,,72,,,26.37,,,Merit,,,SUPP,,,SUPP,,,SUPP,,,NE,,,NE,,,NE,,,SUPP,,,SUPP,,,SUPP,,,SUPP,,,174,,,-0.23,,,-0.07,,,-0.39,,,195,,,-0.23,,,-0.07,,,-0.38,,,131,,,-0.01,,,0.14,,,-0.16,,,41,,,95.1%,,,41,,,95.1%,,,61,,,70.5%,,,NE,,,NE,,,NE,,,NE
1,26616,25,4,919,5427,136482,E14000744,Hertford and Stortford,,Hockerill Anglo-European College,Dunmow Road,,Hockerill Anglo-European College,Bishop's Stortford,CM23 5HX,1279658451,0,ACC,None,NSE,OTHER NON SEL,MIXED,0, 11-18,0,,,,,245,127,NE,NE,NE,NE,NE,NE,NE,NE,121,42.39,B+,NE,NE,NE,NE,NE,NE,NE,NE,NE,NE,,,,,,,,,NE,NE,NE,NE,NE,127,96.1%,94.5%,127,96.1%,NE,NE,NE,NE,NE,NE,NE,NE,NE,NE,NE,NE,NE,NE,NE,NE,NE,NE,SUPP,NE,NE,NE,NE,NE,NE,NE,NE,NE,NE,NE,NE,,,,,NE,NE,SUPP,SUPP,NE,NE,NE,NE,NE,NE,NE,NE,NE,SUPP,NE,NE,NE,70,42.87,B+,NE,NE,NE,NE,NE,NE,,,,,NE,NE,SUPP,SUPP,NE,NE,NE,NE,NE,NE,NE,NE,NE,,,128,,,1,,,SUPP,,,SUPP,,,125,,,42.24,,,B+,,,NE,,,NE,,,NE,,,NE,,,NE,,,NE,,,NE,,,NE,,,NE,,,,,,NE,,,NE,,,NE,,,NE,,,SUPP,,,SUPP,,,SUPP,,,SUPP,,,88,,,0.18,,,0.33,,,0.03,,,NE,,,NE,,,NE,,,NE,,,NE,,,NE,,,126,,,99.2%,,,NE,,,NE,,,NE,,,NE,,,NE,,,NE,,,SUPP,,,NE,,,NE,,,NE,,,SUPP,,,SUPP,,,SUPP,,,NE,,,NE,,,NE,,,NE,,,NE,,,NE,,,NE,,,NE,,,NE,,,NE,,,NE,,,NE,,,NE,,,NE,,,NE,,,NE,,,NE,,,SUPP,,,SUPP,,,SUPP,,,SUPP,,,NE,,,NE,,,NE,,,NE,,,NE,,,NE,,,SUPP,,,SUPP,,,NE,,,NE,,,NE,,,NE,,,NE,,,NE,,,SUPP,,,SUPP,,,SUPP,,,SUPP,,,SUPP,,,SUPP,,,SUPP,,,NE,,,NE,,,NE,,,NE,,,NE,,,NE,,,NE,,,NE,,,NE,,,NE,,,NE,,,NE,,,NE,,,SUPP,,,SUPP,,,SUPP,,,SUPP,,,SUPP,,,SUPP,,,SUPP,,,SUPP,,,NE,,,NE,,,NE,,,NE,,,NE,,,NE,,,SUPP,,,SUPP,,,NE,,,NE,,,NE,,,NE,,,NE,,,NE
1,862,25,4,919,6003,117602,E14000745,Hertsmere,,The Aldenham Foundation,Elstree,,,Elstree,WD6 3AJ,1923858122,0,IND,Church of England,,NA,MIXED,0, 3-19,0,,,R,,170,96,86,37.03,B-,58,37.07,B-,58,22.4%,86,37.51,B-,NE,NE,NE,NE,NE,NE,NE,NE,NE,NE,,,,,,,,,NA,NA,NA,NA,NA,NA,NA,NA,NA,NA,NA,NA,NA,NA,NA,NA,NA,NA,NA,NA,NE,NE,NE,NA,NA,NA,NE,NE,NA,NA,NA,NA,NA,NA,NA,NA,NA,NA,NA,NA,NA,,,,,NA,NA,NA,NA,NA,NA,NA,NA,NA,NA,NA,NA,NA,NA,NA,NA,NA,NA,NA,NA,NA,NA,NA,NA,NA,NA,,,,,NA,NA,NA,NA,NA,NA,NA,NA,NA,NA,NA,NA,NA,,,96,,,90,,,33.52,,,C+,,,90,,,33.78,,,C+,,,NE,,,NE,,,NE,,,NE,,,NE,,,NE,,,NE,,,NE,,,NE,,,,,,1,,,SUPP,,,3,,,SUPP,,,219,,,0.15,,,0.29,,,0,,,231,,,0.17,,,0.31,,,0.03,,,NE,,,NE,,,NE,,,NE,,,NA,,,NA,,,NA,,,NA,,,NA,,,NA,,,NA,,,NA,,,NA,,,NA,,,NA,,,NA,,,NA,,,NA,,,NA,,,NA,,,NA,,,NA,,,NA,,,NA,,,NA,,,NA,,,NA,,,NA,,,NA,,,NA,,,NA,,,NA,,,NA,,,NA,,,NA,,,NA,,,NA,,,NA,,,NA,,,NA,,,NA,,,NA,,,NA,,,NA,,,NA,,,NA,,,NA,,,NA,,,NA,,,NA,,,NA,,,NA,,,NA,,,NA,,,NA,,,NA,,,NA,,,NA,,,NA,,,NA,,,NA,,,NA,,,NA,,,NA,,,NA,,,NA,,,NA,,,NA,,,NA,,,NA,,,NA,,,NA,,,NA,,,NA,,,NA,,,NA,,,NA,,,NA,,,NA,,,NA,,,NA,,,NA,,,NA,,,NA,,,NA,,,NA,,,NA,,,NA,,,NA,,,NA,,,NA,,,NA,,,NA,,,NA,,,NA,,,NA,,,NA,,,NA
1,5366,25,4,919,6005,117604,E14000951,South West Hertfordshire,,Berkhamsted School,Overton House,133 High Street,,Berkhamsted,HP4 2DJ,1442358000,0,IND,Anglican/Christian,,NA,MIXED,0, 11-19,0,,,R,,416,211,209,49.1,A,168,49.29,A,168,39.9%,209,49.2,A,7,38.57,Dist+,NE,NE,NE,NE,NE,7,100.0%,,,,,,,,,NA,NA,NA,NA,NA,NA,NA,NA,NA,NA,NA,NA,NA,NA,NA,NA,NA,NA,NA,NA,NE,NE,NE,NA,NA,NA,NE,NE,NA,NA,NA,NA,NA,NA,NA,NA,NA,NA,NA,NA,NA,,,,,NA,NA,NA,NA,NA,NA,NA,NA,NA,NA,NA,NA,NA,NA,NA,NA,NA,NA,NA,NA,NA,NA,NA,NA,NA,NA,,,,,NA,NA,NA,NA,NA,NA,NA,NA,NA,NA,NA,NA,NA,,,198,,,198,,,43.27,,,B+,,,198,,,43.23,,,B+,,,NE,,,NE,,,NE,,,NE,,,NE,,,NE,,,NE,,,NE,,,NE,,,,,,4,,,SUPP,,,NE,,,NE,,,522,,,0.12,,,0.21,,,0.03,,,610,,,0.11,,,0.2,,,0.02,,,NE,,,NE,,,NE,,,NE,,,NA,,,NA,,,NA,,,NA,,,NA,,,NA,,,NA,,,NA,,,NA,,,NA,,,NA,,,NA,,,NA,,,NA,,,NA,,,NA,,,NA,,,NA,,,NA,,,NA,,,NA,,,NA,,,NA,,,NA,,,NA,,,NA,,,NA,,,NA,,,NA,,,NA,,,NA,,,NA,,,NA,,,NA,,,NA,,,NA,,,NA,,,NA,,,NA,,,NA,,,NA,,,NA,,,NA,,,NA,,,NA,,,NA,,,NA,,,NA,,,NA,,,NA,,,NA,,,NA,,,NA,,,NA,,,NA,,,NA,,,NA,,,NA,,,NA,,,NA,,,NA,,,NA,,,NA,,,NA,,,NA,,,NA,,,NA,,,NA,,,NA,,,NA,,,NA,,,NA,,,NA,,,NA,,,NA,,,NA,,,NA,,,NA,,,NA,,,NA,,,NA,,,NA,,,NA,,,NA,,,NA,,,NA,,,NA,,,NA,,,NA,,,NA,,,NA,,,NA,,,NA,,,NA
1,6096,25,4,919,6007,117605,E14000744,Hertford and Stortford,,Bishop's Stortford College,School House,Maze Green Road,,Bishop's Stortford,CM23 2PQ,1279838575,0,IND,None,,NA,MIXED,0, 4-18,0,,,R,,236,118,117,47.44,A-,115,47.65,A-,115,39.1%,117,47.6,A-,NE,NE,NE,NE,NE,NE,NE,NE,NE,NE,,,,,,,,,NA,NA,NA,NA,NA,NA,NA,NA,NA,NA,NA,NA,NA,NA,NA,NA,NA,NA,NA,NA,NE,NE,NE,NA,NA,NA,NE,NE,NA,NA,NA,NA,NA,NA,NA,NA,NA,NA,NA,NA,NA,,,,,NA,NA,NA,NA,NA,NA,NA,NA,NA,NA,NA,NA,NA,NA,NA,NA,NA,NA,NA,NA,NA,NA,NA,NA,NA,NA,,,,,NA,NA,NA,NA,NA,NA,NA,NA,NA,NA,NA,NA,NA,,,120,,,120,,,43.86,,,B+,,,120,,,43.97,,,B+,,,NE,,,NE,,,NE,,,NE,,,NE,,,NE,,,NE,,,NE,,,NE,,,,,,1,,,SUPP,,,NE,,,NE,,,339,,,0.33,,,0.45,,,0.22,,,352,,,0.34,,,0.45,,,0.23,,,NE,,,NE,,,NE,,,NE,,,NA,,,NA,,,NA,,,NA,,,NA,,,NA,,,NA,,,NA,,,NA,,,NA,,,NA,,,NA,,,NA,,,NA,,,NA,,,NA,,,NA,,,NA,,,NA,,,NA,,,NA,,,NA,,,NA,,,NA,,,NA,,,NA,,,NA,,,NA,,,NA,,,NA,,,NA,,,NA,,,NA,,,NA,,,NA,,,NA,,,NA,,,NA,,,NA,,,NA,,,NA,,,NA,,,NA,,,NA,,,NA,,,NA,,,NA,,,NA,,,NA,,,NA,,,NA,,,NA,,,NA,,,NA,,,NA,,,NA,,,NA,,,NA,,,NA,,,NA,,,NA,,,NA,,,NA,,,NA,,,NA,,,NA,,,NA,,,NA,,,NA,,,NA,,,NA,,,NA,,,NA,,,NA,,,NA,,,NA,,,NA,,,NA,,,NA,,,NA,,,NA,,,NA,,,NA,,,NA,,,NA,,,NA,,,NA,,,NA,,,NA,,,NA,,,NA,,,NA,,,NA,,,NA
1,52018,25,4,919,6012,117606,E14000745,Hertsmere,,St Margaret's School,Merry Hill Road,,,Bushey,WD23 1DT,2084164400,0,IND,None,,NA,MIXED,0, 2-18,0,,,,,65,29,29,42.09,B+,29,41.95,B+,29,20.7%,29,41.44,B,NE,NE,NE,NE,NE,NE,NE,NE,NE,NE,,,,,,,,,NA,NA,NA,NA,NA,NA,NA,NA,NA,NA,NA,NA,NA,NA,NA,NA,NA,NA,NA,NA,NE,NE,NE,NA,NA,NA,NE,NE,NA,NA,NA,NA,NA,NA,NA,NA,NA,NA,NA,NA,NA,,,,,NA,NA,NA,NA,NA,NA,NA,NA,NA,NA,NA,NA,NA,NA,NA,NA,NA,NA,NA,NA,NA,NA,NA,NA,NA,NA,,,,,NA,NA,NA,NA,NA,NA,NA,NA,NA,NA,NA,NA,NA,,,25,,,24,,,38.1,,,B-,,,24,,,38.27,,,B-,,,NE,,,NE,,,NE,,,NE,,,NE,,,NE,,,NE,,,NE,,,NE,,,,,,NE,,,NE,,,NE,,,NE,,,64,,,0.27,,,0.54,,,0.01,,,70,,,0.28,,,0.54,,,0.02,,,NE,,,NE,,,NE,,,NE,,,NA,,,NA,,,NA,,,NA,,,NA,,,NA,,,NA,,,NA,,,NA,,,NA,,,NA,,,NA,,,NA,,,NA,,,NA,,,NA,,,NA,,,NA,,,NA,,,NA,,,NA,,,NA,,,NA,,,NA,,,NA,,,NA,,,NA,,,NA,,,NA,,,NA,,,NA,,,NA,,,NA,,,NA,,,NA,,,NA,,,NA,,,NA,,,NA,,,NA,,,NA,,,NA,,,NA,,,NA,,,NA,,,NA,,,NA,,,NA,,,NA,,,NA,,,NA,,,NA,,,NA,,,NA,,,NA,,,NA,,,NA,,,NA,,,NA,,,NA,,,NA,,,NA,,,NA,,,NA,,,NA,,,NA,,,NA,,,NA,,,NA,,,NA,,,NA,,,NA,,,NA,,,NA,,,NA,,,NA,,,NA,,,NA,,,NA,,,NA,,,NA,,,NA,,,NA,,,NA,,,NA,,,NA,,,NA,,,NA,,,NA,,,NA,,,NA,,,NA,,,NA,,,NA
1,23504,25,4,919,6015,117607,E14000744,Hertford and Stortford,,Haileybury and Imperial Service College,,,,Hertford,SG13 7NU,1992706200,0,IND,Church of England,,NA,MIXED,0, 11-18,0,,,R,,343,165,97,47.61,A-,96,47.47,A-,96,40.6%,164,46.39,A-,NE,NE,NE,NE,NE,NE,3,SUPP,3,SUPP,,,,,,,,,NA,NA,NA,NA,NA,NA,NA,NA,NA,NA,NA,NA,NA,NA,NA,NA,NA,NA,NA,NA,NE,NE,NE,NA,NA,NA,NE,NE,NA,NA,NA,NA,NA,NA,NA,NA,NA,NA,NA,NA,NA,,,,,NA,NA,NA,NA,NA,NA,NA,NA,NA,NA,NA,NA,NA,NA,NA,NA,NA,NA,NA,NA,NA,NA,NA,NA,NA,NA,,,,,NA,NA,NA,NA,NA,NA,NA,NA,NA,NA,NA,NA,NA,,,142,,,90,,,40.52,,,B,,,140,,,41.51,,,B,,,NE,,,NE,,,NE,,,NE,,,NE,,,NE,,,NE,,,NE,,,NE,,,,,,NE,,,NE,,,NE,,,NE,,,222,,,0.33,,,0.47,,,0.2,,,242,,,0.28,,,0.42,,,0.15,,,NE,,,NE,,,NE,,,NE,,,NA,,,NA,,,NA,,,NA,,,NA,,,NA,,,NA,,,NA,,,NA,,,NA,,,NA,,,NA,,,NA,,,NA,,,NA,,,NA,,,NA,,,NA,,,NA,,,NA,,,NA,,,NA,,,NA,,,NA,,,NA,,,NA,,,NA,,,NA,,,NA,,,NA,,,NA,,,NA,,,NA,,,NA,,,NA,,,NA,,,NA,,,NA,,,NA,,,NA,,,NA,,,NA,,,NA,,,NA,,,NA,,,NA,,,NA,,,NA,,,NA,,,NA,,,NA,,,NA,,,NA,,,NA,,,NA,,,NA,,,NA,,,NA,,,NA,,,NA,,,NA,,,NA,,,NA,,,NA,,,NA,,,NA,,,NA,,,NA,,,NA,,,NA,,,NA,,,NA,,,NA,,,NA,,,NA,,,NA,,,NA,,,NA,,,NA,,,NA,,,NA,,,NA,,,NA,,,NA,,,NA,,,NA,,,NA,,,NA,,,NA,,,NA,,,NA,,,NA,,,NA,,,NA
1,44934,25,4,919,6020,117609,E14001027,Welwyn Hatfield,,Queenswood School,Shepherd's Way,Brookmans Park,,Hatfield,AL9 6NS,1707602500,0,IND,Methodist,,NA,GIRLS,0, 11-18,0,,,R,,99,51,48,41.02,B,48,41.53,B,48,37.5%,48,41.4,B,NE,NE,NE,NE,NE,NE,1,SUPP,1,SUPP,,,,,,,,,NA,NA,NA,NA,NA,NA,NA,NA,NA,NA,NA,NA,NA,NA,NA,NA,NA,NA,NA,NA,NE,NE,NE,NA,NA,NA,NE,NE,NA,NA,NA,NA,NA,NA,NA,NA,NA,NA,NA,NA,NA,,,,,NA,NA,NA,NA,NA,NA,NA,NA,NA,NA,NA,NA,NA,NA,NA,NA,NA,NA,NA,NA,NA,NA,NA,NA,NA,NA,,,,,NA,NA,NA,NA,NA,NA,NA,NA,NA,NA,NA,NA,NA,,,51,,,49,,,35.61,,,B-,,,50,,,35.57,,,B-,,,NE,,,NE,,,NE,,,NE,,,NE,,,NE,,,NE,,,NE,,,NE,,,,,,1,,,SUPP,,,NE,,,NE,,,110,,,-0.39,,,-0.19,,,-0.6,,,151,,,-0.42,,,-0.25,,,-0.58,,,NE,,,NE,,,NE,,,NE,,,NA,,,NA,,,NA,,,NA,,,NA,,,NA,,,NA,,,NA,,,NA,,,NA,,,NA,,,NA,,,NA,,,NA,,,NA,,,NA,,,NA,,,NA,,,NA,,,NA,,,NA,,,NA,,,NA,,,NA,,,NA,,,NA,,,NA,,,NA,,,NA,,,NA,,,NA,,,NA,,,NA,,,NA,,,NA,,,NA,,,NA,,,NA,,,NA,,,NA,,,NA,,,NA,,,NA,,,NA,,,NA,,,NA,,,NA,,,NA,,,NA,,,NA,,,NA,,,NA,,,NA,,,NA,,,NA,,,NA,,,NA,,,NA,,,NA,,,NA,,,NA,,,NA,,,NA,,,NA,,,NA,,,NA,,,NA,,,NA,,,NA,,,NA,,,NA,,,NA,,,NA,,,NA,,,NA,,,NA,,,NA,,,NA,,,NA,,,NA,,,NA,,,NA,,,NA,,,NA,,,NA,,,NA,,,NA,,,NA,,,NA,,,NA,,,NA,,,NA,,,NA,,,NA
1,49252,25,4,919,6028,117612,E14000845,North East Hertfordshire,,St Christopher School,Barrington Road,,,Letchworth Garden City,SG6 3JZ,1462650850,0,IND,None,,NA,MIXED,0, 3-19,0,,,R,,63,27,26,42.91,B+,25,42,B+,25,24.0%,26,42.91,B+,NE,NE,NE,NE,NE,NE,NE,NE,NE,NE,,,,,,,,,NA,NA,NA,NA,NA,NA,NA,NA,NA,NA,NA,NA,NA,NA,NA,NA,NA,NA,NA,NA,NE,NE,NE,NA,NA,NA,NE,NE,NA,NA,NA,NA,NA,NA,NA,NA,NA,NA,NA,NA,NA,,,,,NA,NA,NA,NA,NA,NA,NA,NA,NA,NA,NA,NA,NA,NA,NA,NA,NA,NA,NA,NA,NA,NA,NA,NA,NA,NA,,,,,NA,NA,NA,NA,NA,NA,NA,NA,NA,NA,NA,NA,NA,,,55,,,55,,,35.19,,,B-,,,55,,,35.28,,,B-,,,NE,,,NE,,,NE,,,NE,,,NE,,,NE,,,NE,,,NE,,,NE,,,,,,1,,,SUPP,,,8,,,1.5,,,155,,,0.16,,,0.33,,,0,,,165,,,0.17,,,0.33,,,0,,,NE,,,NE,,,NE,,,NE,,,NA,,,NA,,,NA,,,NA,,,NA,,,NA,,,NA,,,NA,,,NA,,,NA,,,NA,,,NA,,,NA,,,NA,,,NA,,,NA,,,NA,,,NA,,,NA,,,NA,,,NA,,,NA,,,NA,,,NA,,,NA,,,NA,,,NA,,,NA,,,NA,,,NA,,,NA,,,NA,,,NA,,,NA,,,NA,,,NA,,,NA,,,NA,,,NA,,,NA,,,NA,,,NA,,,NA,,,NA,,,NA,,,NA,,,NA,,,NA,,,NA,,,NA,,,NA,,,NA,,,NA,,,NA,,,NA,,,NA,,,NA,,,NA,,,NA,,,NA,,,NA,,,NA,,,NA,,,NA,,,NA,,,NA,,,NA,,,NA,,,NA,,,NA,,,NA,,,NA,,,NA,,,NA,,,NA,,,NA,,,NA,,,NA,,,NA,,,NA,,,NA,,,NA,,,NA,,,NA,,,NA,,,NA,,,NA,,,NA,,,NA,,,NA,,,NA,,,NA,,,NA,,,NA
1,49846,25,4,919,6029,117613,E14000845,North East Hertfordshire,,St Francis College,Broadway,,,Letchworth Garden City,SG6 3PJ,1462670511,0,IND,Christian,,NA,GIRLS,0, 3-18,0,,,R,,40,29,28,46.33,A-,28,46.31,A-,28,28.6%,28,46.35,A-,NE,NE,NE,NE,NE,NE,NE,NE,NE,NE,,,,,,,,,NA,NA,NA,NA,NA,NA,NA,NA,NA,NA,NA,NA,NA,NA,NA,NA,NA,NA,NA,NA,NE,NE,NE,NA,NA,NA,NE,NE,NA,NA,NA,NA,NA,NA,NA,NA,NA,NA,NA,NA,NA,,,,,NA,NA,NA,NA,NA,NA,NA,NA,NA,NA,NA,NA,NA,NA,NA,NA,NA,NA,NA,NA,NA,NA,NA,NA,NA,NA,,,,,NA,NA,NA,NA,NA,NA,NA,NA,NA,NA,NA,NA,NA,,,25,,,25,,,40.71,,,B,,,25,,,41.09,,,B,,,NE,,,NE,,,NE,,,NE,,,NE,,,NE,,,NE,,,NE,,,NE,,,,,,NE,,,NE,,,NE,,,NE,,,67,,,-0.04,,,0.21,,,-0.3,,,76,,,-0.02,,,0.23,,,-0.26,,,NE,,,NE,,,NE,,,NE,,,NA,,,NA,,,NA,,,NA,,,NA,,,NA,,,NA,,,NA,,,NA,,,NA,,,NA,,,NA,,,NA,,,NA,,,NA,,,NA,,,NA,,,NA,,,NA,,,NA,,,NA,,,NA,,,NA,,,NA,,,NA,,,NA,,,NA,,,NA,,,NA,,,NA,,,NA,,,NA,,,NA,,,NA,,,NA,,,NA,,,NA,,,NA,,,NA,,,NA,,,NA,,,NA,,,NA,,,NA,,,NA,,,NA,,,NA,,,NA,,,NA,,,NA,,,NA,,,NA,,,NA,,,NA,,,NA,,,NA,,,NA,,,NA,,,NA,,,NA,,,NA,,,NA,,,NA,,,NA,,,NA,,,NA,,,NA,,,NA,,,NA,,,NA,,,NA,,,NA,,,NA,,,NA,,,NA,,,NA,,,NA,,,NA,,,NA,,,NA,,,NA,,,NA,,,NA,,,NA,,,NA,,,NA,,,NA,,,NA,,,NA,,,NA,,,NA,,,NA,,,NA,,,NA
1,36030,25,4,919,6036,117616,E14000951,South West Hertfordshire,,Merchant Taylors' School,Sandy Lodge,Northwood,Middlesex,Northwood,HA6 2HT,1923820644,0,IND,None,,NA,BOYS,0, 11-18,0,,,,,296,148,147,50.67,A,107,50.5,A,107,58.9%,148,50.39,A,NE,NE,NE,NE,NE,NE,NE,NE,NE,NE,,,,,,,,,NA,NA,NA,NA,NA,NA,NA,NA,NA,NA,NA,NA,NA,NA,NA,NA,NA,NA,NA,NA,NE,NE,NE,NA,NA,NA,NE,NE,NA,NA,NA,NA,NA,NA,NA,NA,NA,NA,NA,NA,NA,,,,,NA,NA,NA,NA,NA,NA,NA,NA,NA,NA,NA,NA,NA,NA,NA,NA,NA,NA,NA,NA,NA,NA,NA,NA,NA,NA,,,,,NA,NA,NA,NA,NA,NA,NA,NA,NA,NA,NA,NA,NA,,,138,,,137,,,49.52,,,A,,,138,,,49.57,,,A,,,NE,,,NE,,,NE,,,NE,,,NE,,,NE,,,NE,,,NE,,,NE,,,,,,NE,,,NE,,,NE,,,NE,,,391,,,0.24,,,0.35,,,0.13,,,448,,,0.24,,,0.35,,,0.14,,,NE,,,NE,,,NE,,,NE,,,NA,,,NA,,,NA,,,NA,,,NA,,,NA,,,NA,,,NA,,,NA,,,NA,,,NA,,,NA,,,NA,,,NA,,,NA,,,NA,,,NA,,,NA,,,NA,,,NA,,,NA,,,NA,,,NA,,,NA,,,NA,,,NA,,,NA,,,NA,,,NA,,,NA,,,NA,,,NA,,,NA,,,NA,,,NA,,,NA,,,NA,,,NA,,,NA,,,NA,,,NA,,,NA,,,NA,,,NA,,,NA,,,NA,,,NA,,,NA,,,NA,,,NA,,,NA,,,NA,,,NA,,,NA,,,NA,,,NA,,,NA,,,NA,,,NA,,,NA,,,NA,,,NA,,,NA,,,NA,,,NA,,,NA,,,NA,,,NA,,,NA,,,NA,,,NA,,,NA,,,NA,,,NA,,,NA,,,NA,,,NA,,,NA,,,NA,,,NA,,,NA,,,NA,,,NA,,,NA,,,NA,,,NA,,,NA,,,NA,,,NA,,,NA,,,NA,,,NA,,,NA,,,NA
1,48064,25,4,919,6038,117617,E14000960,St Albans,,St Albans High School for Girls,Townsend Avenue,St Albans,Hertfordshire,,AL1 3SJ,1727853800,0,IND,Anglican,,NA,GIRLS,0, 4-18,0,,,R,,184,101,85,51.18,A,85,51.22,A,85,55.3%,85,51.32,A,NE,NE,NE,NE,NE,NE,NE,NE,NE,NE,,,,,,,,,NA,NA,NA,NA,NA,NA,NA,NA,NA,NA,NA,NA,NA,NA,NA,NA,NA,NA,NA,NA,NE,NE,NE,NA,NA,NA,NE,NE,NA,NA,NA,NA,NA,NA,NA,NA,NA,NA,NA,NA,NA,,,,,NA,NA,NA,NA,NA,NA,NA,NA,NA,NA,NA,NA,NA,NA,NA,NA,NA,NA,NA,NA,NA,NA,NA,NA,NA,NA,,,,,NA,NA,NA,NA,NA,NA,NA,NA,NA,NA,NA,NA,NA,,,98,,,83,,,48.79,,,A,,,83,,,48.88,,,A,,,NE,,,NE,,,NE,,,NE,,,NE,,,NE,,,NE,,,NE,,,NE,,,,,,NE,,,NE,,,NE,,,NE,,,262,,,0.06,,,0.2,,,-0.07,,,279,,,0.07,,,0.2,,,-0.06,,,NE,,,NE,,,NE,,,NE,,,NA,,,NA,,,NA,,,NA,,,NA,,,NA,,,NA,,,NA,,,NA,,,NA,,,NA,,,NA,,,NA,,,NA,,,NA,,,NA,,,NA,,,NA,,,NA,,,NA,,,NA,,,NA,,,NA,,,NA,,,NA,,,NA,,,NA,,,NA,,,NA,,,NA,,,NA,,,NA,,,NA,,,NA,,,NA,,,NA,,,NA,,,NA,,,NA,,,NA,,,NA,,,NA,,,NA,,,NA,,,NA,,,NA,,,NA,,,NA,,,NA,,,NA,,,NA,,,NA,,,NA,,,NA,,,NA,,,NA,,,NA,,,NA,,,NA,,,NA,,,NA,,,NA,,,NA,,,NA,,,NA,,,NA,,,NA,,,NA,,,NA,,,NA,,,NA,,,NA,,,NA,,,NA,,,NA,,,NA,,,NA,,,NA,,,NA,,,NA,,,NA,,,NA,,,NA,,,NA,,,NA,,,NA,,,NA,,,NA,,,NA,,,NA,,,NA,,,NA,,,NA,,,NA
1,61992,25,4,919,6041,117618,E14000951,South West Hertfordshire,,Tring Park School for the Performing Arts,Mansion Drive,,,Tring,HP23 5LX,1442824255,0,IND,None,,NA,MIXED,0, 8-19,0,,,,,163,76,73,42.45,B+,60,43.44,B+,60,25.0%,73,42.45,B+,NE,NE,NE,NE,NE,NE,NE,NE,NE,NE,,,,,,,,,NA,NA,NA,NA,NA,NA,NA,NA,NA,NA,NA,NA,NA,NA,NA,NA,NA,NA,NA,NA,NE,NE,NE,NA,NA,NA,NE,NE,NA,NA,NA,NA,NA,NA,NA,NA,NA,NA,NA,NA,NA,,,,,NA,NA,NA,NA,NA,NA,NA,NA,NA,NA,NA,NA,NA,NA,NA,NA,NA,NA,NA,NA,NA,NA,NA,NA,NA,NA,,,,,NA,NA,NA,NA,NA,NA,NA,NA,NA,NA,NA,NA,NA,,,74,,,73,,,36.23,,,B-,,,73,,,36.23,,,B-,,,9,,,47.22,,,Dist*,,,NE,,,NE,,,NE,,,NE,,,NE,,,NE,,,,,,NE,,,NE,,,3,,,SUPP,,,172,,,-0.08,,,0.07,,,-0.23,,,172,,,-0.08,,,0.07,,,-0.23,,,9,,,0.86,,,1.49,,,0.23,,,NA,,,NA,,,NA,,,NA,,,NA,,,NA,,,NA,,,NA,,,NA,,,NA,,,NA,,,NA,,,NA,,,NA,,,NA,,,NA,,,NA,,,NA,,,NA,,,NA,,,NA,,,NA,,,NA,,,NA,,,NA,,,NA,,,NA,,,NA,,,NA,,,NA,,,NA,,,NA,,,NA,,,NA,,,NA,,,NA,,,NA,,,NA,,,NA,,,NA,,,NA,,,NA,,,NA,,,NA,,,NA,,,NA,,,NA,,,NA,,,NA,,,NA,,,NA,,,NA,,,NA,,,NA,,,NA,,,NA,,,NA,,,NA,,,NA,,,NA,,,NA,,,NA,,,NA,,,NA,,,NA,,,NA,,,NA,,,NA,,,NA,,,NA,,,NA,,,NA,,,NA,,,NA,,,NA,,,NA,,,NA,,,NA,,,NA,,,NA,,,NA,,,NA,,,NA,,,NA,,,NA,,,NA,,,NA,,,NA,,,NA,,,NA,,,NA,,,NA,,,NA,,,NA
1,56528,25,4,919,6047,117622,E14001027,Welwyn Hatfield,,Sherrardswood School,Lockleys,,,Welwyn,AL6 0BJ,1438714282,0,IND,Unknown,,NA,MIXED,0, 3-19,0,,,R,,74,29,28,34.85,C+,26,34.62,C+,26,15.4%,28,34.83,C+,1,SUPP,SUPP,NE,NE,NE,NE,NE,1,SUPP,,,,,,,,,NA,NA,NA,NA,NA,NA,NA,NA,NA,NA,NA,NA,NA,NA,NA,NA,NA,NA,NA,NA,NE,NE,NE,NA,NA,NA,NE,NE,NA,NA,NA,NA,NA,NA,NA,NA,NA,NA,NA,NA,NA,,,,,NA,NA,NA,NA,NA,NA,NA,NA,NA,NA,NA,NA,NA,NA,NA,NA,NA,NA,NA,NA,NA,NA,NA,NA,NA,NA,,,,,NA,NA,NA,NA,NA,NA,NA,NA,NA,NA,NA,NA,NA,,,17,,,16,,,30.62,,,C,,,16,,,30.62,,,C,,,NE,,,NE,,,NE,,,NE,,,NE,,,NE,,,NE,,,NE,,,NE,,,,,,3,,,SUPP,,,1,,,SUPP,,,42,,,0.44,,,0.77,,,0.1,,,42,,,0.44,,,0.77,,,0.1,,,NE,,,NE,,,NE,,,NE,,,NA,,,NA,,,NA,,,NA,,,NA,,,NA,,,NA,,,NA,,,NA,,,NA,,,NA,,,NA,,,NA,,,NA,,,NA,,,NA,,,NA,,,NA,,,NA,,,NA,,,NA,,,NA,,,NA,,,NA,,,NA,,,NA,,,NA,,,NA,,,NA,,,NA,,,NA,,,NA,,,NA,,,NA,,,NA,,,NA,,,NA,,,NA,,,NA,,,NA,,,NA,,,NA,,,NA,,,NA,,,NA,,,NA,,,NA,,,NA,,,NA,,,NA,,,NA,,,NA,,,NA,,,NA,,,NA,,,NA,,,NA,,,NA,,,NA,,,NA,,,NA,,,NA,,,NA,,,NA,,,NA,,,NA,,,NA,,,NA,,,NA,,,NA,,,NA,,,NA,,,NA,,,NA,,,NA,,,NA,,,NA,,,NA,,,NA,,,NA,,,NA,,,NA,,,NA,,,NA,,,NA,,,NA,,,NA,,,NA,,,NA,,,NA,,,NA,,,NA,,,NA,,,NA
1,17946,25,4,919,6062,117623,E14000951,South West Hertfordshire,,Egerton-Rothesay School,Durrants Lane,,,Berkhamsted,HP4 3UJ,1442865275,0,IND,Christian,,NA,MIXED,0, 6-19,0,,,,,18,16,NE,NE,NE,NE,NE,NE,NE,NE,NE,NE,NE,NE,NE,NE,NE,NE,NE,NE,NE,NE,NE,,,,,,,,,NA,NA,NA,NA,NA,NA,NA,NA,NA,NA,NA,NA,NA,NA,NA,NA,NA,NA,NA,NA,NE,NE,NE,NA,NA,NA,NE,NE,NA,NA,NA,NA,NA,NA,NA,NA,NA,NA,NA,NA,NA,,,,,NA,NA,NA,NA,NA,NA,NA,NA,NA,NA,NA,NA,NA,NA,NA,NA,NA,NA,NA,NA,NA,NA,NA,NA,NA,NA,,,,,NA,NA,NA,NA,NA,NA,NA,NA,NA,NA,NA,NA,NA,,,13,,,NE,,,NE,,,NE,,,2,,,SUPP,,,SUPP,,,NE,,,NE,,,NE,,,NE,,,NE,,,NE,,,NE,,,NE,,,NE,,,,,,7,,,0.53,,,4,,,SUPP,,,NE,,,NE,,,NE,,,NE,,,SUPP,,,SUPP,,,SUPP,,,SUPP,,,NE,,,NE,,,NE,,,NE,,,NA,,,NA,,,NA,,,NA,,,NA,,,NA,,,NA,,,NA,,,NA,,,NA,,,NA,,,NA,,,NA,,,NA,,,NA,,,NA,,,NA,,,NA,,,NA,,,NA,,,NA,,,NA,,,NA,,,NA,,,NA,,,NA,,,NA,,,NA,,,NA,,,NA,,,NA,,,NA,,,NA,,,NA,,,NA,,,NA,,,NA,,,NA,,,NA,,,NA,,,NA,,,NA,,,NA,,,NA,,,NA,,,NA,,,NA,,,NA,,,NA,,,NA,,,NA,,,NA,,,NA,,,NA,,,NA,,,NA,,,NA,,,NA,,,NA,,,NA,,,NA,,,NA,,,NA,,,NA,,,NA,,,NA,,,NA,,,NA,,,NA,,,NA,,,NA,,,NA,,,NA,,,NA,,,NA,,,NA,,,NA,,,NA,,,NA,,,NA,,,NA,,,NA,,,NA,,,NA,,,NA,,,NA,,,NA,,,NA,,,NA,,,NA,,,NA,,,NA,,,NA,,,NA
1,49626,25,4,919,6115,117633,E14000845,North East Hertfordshire,,St Edmund's College,Old Hall Green,,,Ware,SG11 1DS,1920821504,0,IND,Roman Catholic,,NA,MIXED,0, 3-19,0,,,,,180,79,76,40,B,61,40.6,B,61,18.0%,76,40.1,B,NE,NE,NE,NE,NE,NE,NE,NE,NE,NE,,,,,,,,,NA,NA,NA,NA,NA,NA,NA,NA,NA,NA,NA,NA,NA,NA,NA,NA,NA,NA,NA,NA,NE,NE,NE,NA,NA,NA,NE,NE,NA,NA,NA,NA,NA,NA,NA,NA,NA,NA,NA,NA,NA,,,,,NA,NA,NA,NA,NA,NA,NA,NA,NA,NA,NA,NA,NA,NA,NA,NA,NA,NA,NA,NA,NA,NA,NA,NA,NA,NA,,,,,NA,NA,NA,NA,NA,NA,NA,NA,NA,NA,NA,NA,NA,,,72,,,72,,,39.44,,,B,,,72,,,39.33,,,B,,,NE,,,NE,,,NE,,,NE,,,NE,,,NE,,,NE,,,NE,,,NE,,,,,,8,,,-1,,,NE,,,NE,,,185,,,0.36,,,0.51,,,0.2,,,197,,,0.32,,,0.48,,,0.17,,,NE,,,NE,,,NE,,,NE,,,NA,,,NA,,,NA,,,NA,,,NA,,,NA,,,NA,,,NA,,,NA,,,NA,,,NA,,,NA,,,NA,,,NA,,,NA,,,NA,,,NA,,,NA,,,NA,,,NA,,,NA,,,NA,,,NA,,,NA,,,NA,,,NA,,,NA,,,NA,,,NA,,,NA,,,NA,,,NA,,,NA,,,NA,,,NA,,,NA,,,NA,,,NA,,,NA,,,NA,,,NA,,,NA,,,NA,,,NA,,,NA,,,NA,,,NA,,,NA,,,NA,,,NA,,,NA,,,NA,,,NA,,,NA,,,NA,,,NA,,,NA,,,NA,,,NA,,,NA,,,NA,,,NA,,,NA,,,NA,,,NA,,,NA,,,NA,,,NA,,,NA,,,NA,,,NA,,,NA,,,NA,,,NA,,,NA,,,NA,,,NA,,,NA,,,NA,,,NA,,,NA,,,NA,,,NA,,,NA,,,NA,,,NA,,,NA,,,NA,,,NA,,,NA,,,NA,,,NA,,,NA,,,NA
1,49390,25,4,919,6136,117638,E14000960,St Albans,,St Columba's College,King Harry Lane,,,St Albans,AL3 4AW,1727855185,0,IND,Roman Catholic,,NA,MIXED,0, 4-18,0,,,R,,134,63,61,43.29,B+,58,41.15,B,58,10.3%,61,43.29,B+,NE,NE,NE,NE,NE,NE,NE,NE,NE,NE,,,,,,,,,NA,NA,NA,NA,NA,NA,NA,NA,NA,NA,NA,NA,NA,NA,NA,NA,NA,NA,NA,NA,NE,NE,NE,NA,NA,NA,NE,NE,NA,NA,NA,NA,NA,NA,NA,NA,NA,NA,NA,NA,NA,,,,,NA,NA,NA,NA,NA,NA,NA,NA,NA,NA,NA,NA,NA,NA,NA,NA,NA,NA,NA,NA,NA,NA,NA,NA,NA,NA,,,,,NA,NA,NA,NA,NA,NA,NA,NA,NA,NA,NA,NA,NA,,,63,,,63,,,34.79,,,C+,,,63,,,34.37,,,C+,,,17,,,34.38,,,Dist,,,NE,,,NE,,,NE,,,NE,,,NE,,,NE,,,,,,NE,,,NE,,,NE,,,NE,,,191,,,0.1,,,0.25,,,-0.06,,,227,,,0.03,,,0.18,,,-0.12,,,17,,,0.31,,,0.77,,,-0.15,,,NA,,,NA,,,NA,,,NA,,,NA,,,NA,,,NA,,,NA,,,NA,,,NA,,,NA,,,NA,,,NA,,,NA,,,NA,,,NA,,,NA,,,NA,,,NA,,,NA,,,NA,,,NA,,,NA,,,NA,,,NA,,,NA,,,NA,,,NA,,,NA,,,NA,,,NA,,,NA,,,NA,,,NA,,,NA,,,NA,,,NA,,,NA,,,NA,,,NA,,,NA,,,NA,,,NA,,,NA,,,NA,,,NA,,,NA,,,NA,,,NA,,,NA,,,NA,,,NA,,,NA,,,NA,,,NA,,,NA,,,NA,,,NA,,,NA,,,NA,,,NA,,,NA,,,NA,,,NA,,,NA,,,NA,,,NA,,,NA,,,NA,,,NA,,,NA,,,NA,,,NA,,,NA,,,NA,,,NA,,,NA,,,NA,,,NA,,,NA,,,NA,,,NA,,,NA,,,NA,,,NA,,,NA,,,NA,,,NA,,,NA,,,NA,,,NA,,,NA,,,NA,,,NA
1,47374,25,4,919,6165,117641,E14000951,South West Hertfordshire,,Royal Masonic School for Girls,Rickmansworth Park,Chorleywood Road,,Rickmansworth,WD3 4HF,1923773168,0,IND,None,,NA,GIRLS,0, 2-18,0,,,R,,155,79,78,44.37,B+,59,44.63,B+,59,30.5%,78,44.58,B+,16,40.59,Dist+,NE,NE,NE,4,SUPP,19,84.2%,,,,,,,,,NA,NA,NA,NA,NA,NA,NA,NA,NA,NA,NA,NA,NA,NA,NA,NA,NA,NA,NA,NA,NE,NE,NE,NA,NA,NA,NE,NE,NA,NA,NA,NA,NA,NA,NA,NA,NA,NA,NA,NA,NA,,,,,NA,NA,NA,NA,NA,NA,NA,NA,NA,NA,NA,NA,NA,NA,NA,NA,NA,NA,NA,NA,NA,NA,NA,NA,NA,NA,,,,,NA,NA,NA,NA,NA,NA,NA,NA,NA,NA,NA,NA,NA,,,81,,,81,,,36.07,,,B-,,,81,,,36.29,,,B-,,,21,,,33.56,,,Dist,,,NE,,,NE,,,NE,,,NE,,,NE,,,NE,,,,,,2,,,SUPP,,,NE,,,NE,,,200,,,-0.14,,,0.01,,,-0.29,,,212,,,-0.13,,,0.02,,,-0.27,,,22,,,0.3,,,0.65,,,-0.04,,,NA,,,NA,,,NA,,,NA,,,NA,,,NA,,,NA,,,NA,,,NA,,,NA,,,NA,,,NA,,,NA,,,NA,,,NA,,,NA,,,NA,,,NA,,,NA,,,NA,,,NA,,,NA,,,NA,,,NA,,,NA,,,NA,,,NA,,,NA,,,NA,,,NA,,,NA,,,NA,,,NA,,,NA,,,NA,,,NA,,,NA,,,NA,,,NA,,,NA,,,NA,,,NA,,,NA,,,NA,,,NA,,,NA,,,NA,,,NA,,,NA,,,NA,,,NA,,,NA,,,NA,,,NA,,,NA,,,NA,,,NA,,,NA,,,NA,,,NA,,,NA,,,NA,,,NA,,,NA,,,NA,,,NA,,,NA,,,NA,,,NA,,,NA,,,NA,,,NA,,,NA,,,NA,,,NA,,,NA,,,NA,,,NA,,,NA,,,NA,,,NA,,,NA,,,NA,,,NA,,,NA,,,NA,,,NA,,,NA,,,NA,,,NA,,,NA,,,NA,,,NA,,,NA
1,48074,25,4,919,6220,117647,E14000960,St Albans,,St Albans School,Abbey Gateway,,,St Albans,AL3 4HB,1727855521,0,IND,Christian/non-denominational,,NA,MIXED,0, 11-19,0,,,,,305,163,156,50.84,A,113,51.56,A,113,58.4%,156,50.84,A,NE,NE,NE,NE,NE,NE,NE,NE,NE,NE,,,,,,,,,NA,NA,NA,NA,NA,NA,NA,NA,NA,NA,NA,NA,NA,NA,NA,NA,NA,NA,NA,NA,NE,NE,NE,NA,NA,NA,NE,NE,NA,NA,NA,NA,NA,NA,NA,NA,NA,NA,NA,NA,NA,,,,,NA,NA,NA,NA,NA,NA,NA,NA,NA,NA,NA,NA,NA,NA,NA,NA,NA,NA,NA,NA,NA,NA,NA,NA,NA,NA,,,,,NA,NA,NA,NA,NA,NA,NA,NA,NA,NA,NA,NA,NA,,,150,,,150,,,44.73,,,B+,,,150,,,45,,,A-,,,NE,,,NE,,,NE,,,NE,,,NE,,,NE,,,NE,,,NE,,,NE,,,,,,NE,,,NE,,,NE,,,NE,,,430,,,0.01,,,0.11,,,-0.1,,,472,,,0.02,,,0.12,,,-0.08,,,NE,,,NE,,,NE,,,NE,,,NA,,,NA,,,NA,,,NA,,,NA,,,NA,,,NA,,,NA,,,NA,,,NA,,,NA,,,NA,,,NA,,,NA,,,NA,,,NA,,,NA,,,NA,,,NA,,,NA,,,NA,,,NA,,,NA,,,NA,,,NA,,,NA,,,NA,,,NA,,,NA,,,NA,,,NA,,,NA,,,NA,,,NA,,,NA,,,NA,,,NA,,,NA,,,NA,,,NA,,,NA,,,NA,,,NA,,,NA,,,NA,,,NA,,,NA,,,NA,,,NA,,,NA,,,NA,,,NA,,,NA,,,NA,,,NA,,,NA,,,NA,,,NA,,,NA,,,NA,,,NA,,,NA,,,NA,,,NA,,,NA,,,NA,,,NA,,,NA,,,NA,,,NA,,,NA,,,NA,,,NA,,,NA,,,NA,,,NA,,,NA,,,NA,,,NA,,,NA,,,NA,,,NA,,,NA,,,NA,,,NA,,,NA,,,NA,,,NA,,,NA,,,NA,,,NA,,,NA,,,NA,,,NA
1,23366,25,4,919,6221,117648,E14000745,Hertsmere,,Haberdashers' Boys' School,Butterfly Lane,Elstree,Hertfordshire,,WD6 3AF,2082661850,0,IND,None,,NA,BOYS,0, 5-18,0,,,,,319,161,160,53.25,A+,144,53.5,A+,144,71.5%,160,53.25,A+,NE,NE,NE,NE,NE,NE,NE,NE,NE,NE,,,,,,,,,NA,NA,NA,NA,NA,NA,NA,NA,NA,NA,NA,NA,NA,NA,NA,NA,NA,NA,NA,NA,NE,NE,NE,NA,NA,NA,NE,NE,NA,NA,NA,NA,NA,NA,NA,NA,NA,NA,NA,NA,NA,,,,,NA,NA,NA,NA,NA,NA,NA,NA,NA,NA,NA,NA,NA,NA,NA,NA,NA,NA,NA,NA,NA,NA,NA,NA,NA,NA,,,,,NA,NA,NA,NA,NA,NA,NA,NA,NA,NA,NA,NA,NA,,,151,,,150,,,50.21,,,A,,,150,,,50.21,,,A,,,NE,,,NE,,,NE,,,NE,,,NE,,,NE,,,NE,,,NE,,,NE,,,,,,NE,,,NE,,,NE,,,NE,,,535,,,0.25,,,0.34,,,0.15,,,535,,,0.25,,,0.34,,,0.15,,,NE,,,NE,,,NE,,,NE,,,NA,,,NA,,,NA,,,NA,,,NA,,,NA,,,NA,,,NA,,,NA,,,NA,,,NA,,,NA,,,NA,,,NA,,,NA,,,NA,,,NA,,,NA,,,NA,,,NA,,,NA,,,NA,,,NA,,,NA,,,NA,,,NA,,,NA,,,NA,,,NA,,,NA,,,NA,,,NA,,,NA,,,NA,,,NA,,,NA,,,NA,,,NA,,,NA,,,NA,,,NA,,,NA,,,NA,,,NA,,,NA,,,NA,,,NA,,,NA,,,NA,,,NA,,,NA,,,NA,,,NA,,,NA,,,NA,,,NA,,,NA,,,NA,,,NA,,,NA,,,NA,,,NA,,,NA,,,NA,,,NA,,,NA,,,NA,,,NA,,,NA,,,NA,,,NA,,,NA,,,NA,,,NA,,,NA,,,NA,,,NA,,,NA,,,NA,,,NA,,,NA,,,NA,,,NA,,,NA,,,NA,,,NA,,,NA,,,NA,,,NA,,,NA,,,NA,,,NA,,,NA,,,NA
1,23372,25,4,919,6222,117649,E14000745,Hertsmere,,Haberdashers' Girls' School,Aldenham Road,Elstree,Hertfordshire,Borehamwood,WD6 3BT,2082662300,0,IND,None,,NA,GIRLS,0, 4-18,0,,,,,216,103,103,53.57,A+,102,53.59,A+,102,66.7%,103,53.57,A+,NE,NE,NE,NE,NE,NE,NE,NE,NE,NE,,,,,,,,,NA,NA,NA,NA,NA,NA,NA,NA,NA,NA,NA,NA,NA,NA,NA,NA,NA,NA,NA,NA,NE,NE,NE,NA,NA,NA,NE,NE,NA,NA,NA,NA,NA,NA,NA,NA,NA,NA,NA,NA,NA,,,,,NA,NA,NA,NA,NA,NA,NA,NA,NA,NA,NA,NA,NA,NA,NA,NA,NA,NA,NA,NA,NA,NA,NA,NA,NA,NA,,,,,NA,NA,NA,NA,NA,NA,NA,NA,NA,NA,NA,NA,NA,,,113,,,108,,,49.85,,,A,,,108,,,49.85,,,A,,,NE,,,NE,,,NE,,,NE,,,NE,,,NE,,,NE,,,NE,,,NE,,,,,,NE,,,NE,,,NE,,,NE,,,333,,,0.05,,,0.16,,,-0.07,,,333,,,0.05,,,0.16,,,-0.07,,,NE,,,NE,,,NE,,,NE,,,NA,,,NA,,,NA,,,NA,,,NA,,,NA,,,NA,,,NA,,,NA,,,NA,,,NA,,,NA,,,NA,,,NA,,,NA,,,NA,,,NA,,,NA,,,NA,,,NA,,,NA,,,NA,,,NA,,,NA,,,NA,,,NA,,,NA,,,NA,,,NA,,,NA,,,NA,,,NA,,,NA,,,NA,,,NA,,,NA,,,NA,,,NA,,,NA,,,NA,,,NA,,,NA,,,NA,,,NA,,,NA,,,NA,,,NA,,,NA,,,NA,,,NA,,,NA,,,NA,,,NA,,,NA,,,NA,,,NA,,,NA,,,NA,,,NA,,,NA,,,NA,,,NA,,,NA,,,NA,,,NA,,,NA,,,NA,,,NA,,,NA,,,NA,,,NA,,,NA,,,NA,,,NA,,,NA,,,NA,,,NA,,,NA,,,NA,,,NA,,,NA,,,NA,,,NA,,,NA,,,NA,,,NA,,,NA,,,NA,,,NA,,,NA,,,NA,,,NA,,,NA,,,NA
1,28430,25,4,919,6231,117657,E14000745,Hertsmere,,Immanuel College,87-91 Elstree Road,,,Bushey,WD23 4EB,2089500604,0,IND,Jewish,,NA,MIXED,0, 4-19,0,,,R,,138,58,54,48.11,A-,37,48.29,A-,37,37.8%,54,48.49,A,NE,NE,NE,NE,NE,NE,NE,NE,NE,NE,,,,,,,,,NA,NA,NA,NA,NA,NA,NA,NA,NA,NA,NA,NA,NA,NA,NA,NA,NA,NA,NA,NA,NE,NE,NE,NA,NA,NA,NE,NE,NA,NA,NA,NA,NA,NA,NA,NA,NA,NA,NA,NA,NA,,,,,NA,NA,NA,NA,NA,NA,NA,NA,NA,NA,NA,NA,NA,NA,NA,NA,NA,NA,NA,NA,NA,NA,NA,NA,NA,NA,,,,,NA,NA,NA,NA,NA,NA,NA,NA,NA,NA,NA,NA,NA,,,50,,,49,,,47.59,,,A-,,,49,,,47.89,,,A-,,,NE,,,NE,,,NE,,,NE,,,NE,,,NE,,,NE,,,NE,,,NE,,,,,,NE,,,NE,,,1,,,SUPP,,,127,,,0.32,,,0.52,,,0.13,,,145,,,0.35,,,0.54,,,0.16,,,NE,,,NE,,,NE,,,NE,,,NA,,,NA,,,NA,,,NA,,,NA,,,NA,,,NA,,,NA,,,NA,,,NA,,,NA,,,NA,,,NA,,,NA,,,NA,,,NA,,,NA,,,NA,,,NA,,,NA,,,NA,,,NA,,,NA,,,NA,,,NA,,,NA,,,NA,,,NA,,,NA,,,NA,,,NA,,,NA,,,NA,,,NA,,,NA,,,NA,,,NA,,,NA,,,NA,,,NA,,,NA,,,NA,,,NA,,,NA,,,NA,,,NA,,,NA,,,NA,,,NA,,,NA,,,NA,,,NA,,,NA,,,NA,,,NA,,,NA,,,NA,,,NA,,,NA,,,NA,,,NA,,,NA,,,NA,,,NA,,,NA,,,NA,,,NA,,,NA,,,NA,,,NA,,,NA,,,NA,,,NA,,,NA,,,NA,,,NA,,,NA,,,NA,,,NA,,,NA,,,NA,,,NA,,,NA,,,NA,,,NA,,,NA,,,NA,,,NA,,,NA,,,NA,,,NA,,,NA,,,NA,,,NA
1,44564,25,4,919,6239,102256,E14000745,Hertsmere,,The Purcell School,Aldenham Road,Bushey,,,WD23 2TS,1923331100,0,IND,None,,NA,MIXED,0, 8-19,0,,,,,98,48,48,38.32,B-,3,SUPP,SUPP,3,SUPP,48,40.96,B,NE,NE,NE,NE,NE,NE,NE,NE,NE,NE,,,,,,,,,NA,NA,NA,NA,NA,NA,NA,NA,NA,NA,NA,NA,NA,NA,NA,NA,NA,NA,NA,NA,NE,NE,NE,NA,NA,NA,NE,NE,NA,NA,NA,NA,NA,NA,NA,NA,NA,NA,NA,NA,NA,,,,,NA,NA,NA,NA,NA,NA,NA,NA,NA,NA,NA,NA,NA,NA,NA,NA,NA,NA,NA,NA,NA,NA,NA,NA,NA,NA,,,,,NA,NA,NA,NA,NA,NA,NA,NA,NA,NA,NA,NA,NA,,,44,,,43,,,33.97,,,C+,,,44,,,37.55,,,B-,,,NE,,,NE,,,NE,,,NE,,,NE,,,NE,,,NE,,,NE,,,NE,,,,,,5,,,SUPP,,,4,,,SUPP,,,57,,,-0.36,,,-0.08,,,-0.64,,,101,,,-0.27,,,-0.09,,,-0.46,,,NE,,,NE,,,NE,,,NE,,,NA,,,NA,,,NA,,,NA,,,NA,,,NA,,,NA,,,NA,,,NA,,,NA,,,NA,,,NA,,,NA,,,NA,,,NA,,,NA,,,NA,,,NA,,,NA,,,NA,,,NA,,,NA,,,NA,,,NA,,,NA,,,NA,,,NA,,,NA,,,NA,,,NA,,,NA,,,NA,,,NA,,,NA,,,NA,,,NA,,,NA,,,NA,,,NA,,,NA,,,NA,,,NA,,,NA,,,NA,,,NA,,,NA,,,NA,,,NA,,,NA,,,NA,,,NA,,,NA,,,NA,,,NA,,,NA,,,NA,,,NA,,,NA,,,NA,,,NA,,,NA,,,NA,,,NA,,,NA,,,NA,,,NA,,,NA,,,NA,,,NA,,,NA,,,NA,,,NA,,,NA,,,NA,,,NA,,,NA,,,NA,,,NA,,,NA,,,NA,,,NA,,,NA,,,NA,,,NA,,,NA,,,NA,,,NA,,,NA,,,NA,,,NA,,,NA,,,NA,,,NA,,,NA
1,48066,25,4,919,6243,134087,E14000960,St Albans,,St Albans Independent College,69 London Road,,,St Albans,AL1 1LN,1727842348,0,IND,None,,NA,MIXED,0, 14-19,0,,,R,,50,33,27,37.8,B-,9,34.07,C+,9,0.0%,27,37.8,B-,NE,NE,NE,NE,NE,NE,NE,NE,NE,NE,,,,,,,,,NA,NA,NA,NA,NA,NA,NA,NA,NA,NA,NA,NA,NA,NA,NA,NA,NA,NA,NA,NA,NE,NE,NE,NA,NA,NA,NE,NE,NA,NA,NA,NA,NA,NA,NA,NA,NA,NA,NA,NA,NA,,,,,NA,NA,NA,NA,NA,NA,NA,NA,NA,NA,NA,NA,NA,NA,NA,NA,NA,NA,NA,NA,NA,NA,NA,NA,NA,NA,,,,,NA,NA,NA,NA,NA,NA,NA,NA,NA,NA,NA,NA,NA,,,40,,,34,,,34.38,,,C+,,,34,,,34.4,,,C+,,,NE,,,NE,,,NE,,,NE,,,NE,,,NE,,,NE,,,NE,,,NE,,,,,,3,,,SUPP,,,4,,,SUPP,,,72,,,0.16,,,0.41,,,-0.09,,,73,,,0.16,,,0.41,,,-0.09,,,NE,,,NE,,,NE,,,NE,,,NA,,,NA,,,NA,,,NA,,,NA,,,NA,,,NA,,,NA,,,NA,,,NA,,,NA,,,NA,,,NA,,,NA,,,NA,,,NA,,,NA,,,NA,,,NA,,,NA,,,NA,,,NA,,,NA,,,NA,,,NA,,,NA,,,NA,,,NA,,,NA,,,NA,,,NA,,,NA,,,NA,,,NA,,,NA,,,NA,,,NA,,,NA,,,NA,,,NA,,,NA,,,NA,,,NA,,,NA,,,NA,,,NA,,,NA,,,NA,,,NA,,,NA,,,NA,,,NA,,,NA,,,NA,,,NA,,,NA,,,NA,,,NA,,,NA,,,NA,,,NA,,,NA,,,NA,,,NA,,,NA,,,NA,,,NA,,,NA,,,NA,,,NA,,,NA,,,NA,,,NA,,,NA,,,NA,,,NA,,,NA,,,NA,,,NA,,,NA,,,NA,,,NA,,,NA,,,NA,,,NA,,,NA,,,NA,,,NA,,,NA,,,NA,,,NA,,,NA,,,NA,,,NA
1,20894,25,4,919,6905,135876,E14001021,Watford,,Future Academies Watford,Horseshoe Lane,Garston,,Watford,WD25 7HW,1923672964,0,AC,Does not apply,NSE,OTHER NON SEL,MIXED,0, 11-18,0,,,,,109,52,43,29.71,C,21,29.68,C,21,4.8%,43,29.71,C,29,27.67,Merit+,NE,NE,NE,1,SUPP,30,96.7%,,,,,,,,,20,95.0%,95.0%,20,95.0%,20,95.0%,95.0%,20,95.0%,33,87.9%,87.9%,33,87.9%,NE,NE,NE,NE,NE,NE,NE,NE,NE,NE,NE,NE,NE,11,9,32.11,C+,9,32.11,C+,8,30.91,Dist-,NE,NE,NE,,,,,SUPP,SUPP,SUPP,SUPP,9,88.9%,NE,NE,NE,NE,NE,NE,NE,40,33,29.26,C,33,29.26,C,21,26.56,Merit,NE,NE,NE,,,,,SUPP,SUPP,SUPP,SUPP,24,87.5%,NE,NE,NE,NE,NE,NE,NE,,,65,,,57,,,22.06,,,D+,,,57,,,22.06,,,D+,,,23,,,22.69,,,Merit-,,,NE,,,NE,,,NE,,,NE,,,NE,,,NE,,,,,,4,,,SUPP,,,10,,,0.7,,,142,,,-0.57,,,-0.4,,,-0.74,,,142,,,-0.57,,,-0.4,,,-0.74,,,26,,,-0.37,,,-0.06,,,-0.68,,,49,,,93.9%,,,49,,,93.9%,,,16,,,87.5%,,,NE,,,NE,,,NE,,,NE,,,7,,,SUPP,,,SUPP,,,SUPP,,,SUPP,,,SUPP,,,SUPP,,,6,,,20.78,,,Merit-,,,NE,,,NE,,,NE,,,NE,,,NE,,,NE,,,NE,,,NE,,,SUPP,,,SUPP,,,SUPP,,,SUPP,,,SUPP,,,SUPP,,,SUPP,,,SUPP,,,SUPP,,,SUPP,,,6,,,-0.61,,,0.04,,,-1.25,,,SUPP,,,SUPP,,,SUPP,,,SUPP,,,6,,,83.3%,,,NE,,,NE,,,NE,,,NE,,,58,,,SUPP,,,SUPP,,,SUPP,,,SUPP,,,SUPP,,,SUPP,,,17,,,23.35,,,Merit,,,NE,,,NE,,,NE,,,NE,,,NE,,,NE,,,SUPP,,,SUPP,,,SUPP,,,SUPP,,,SUPP,,,SUPP,,,SUPP,,,SUPP,,,SUPP,,,SUPP,,,SUPP,,,SUPP,,,20,,,-0.29,,,0.06,,,-0.64,,,SUPP,,,SUPP,,,SUPP,,,SUPP,,,10,,,90.0%,,,NE,,,NE,,,NE,,,NE
1,64604,25,4,919,8019,130720,E14001021,Watford,,West Herts College,Watford Campus,Hempstead Road,,Watford,WD17 3EZ,1923812345,0,General Further Education College,Does not apply,NA,NA,MIXED,0, 16-99,0,,,,,6205,3166,8,30,C,4,SUPP,SUPP,4,SUPP,8,30,C,531,26.48,Merit,127,25.31,Merit,948,13.4%,1343,39.5%,,,,,,,,,NE,NE,NE,NE,NE,NE,NE,NE,NE,NE,620,96.5%,94.7%,619,88.9%,184,87.0%,81.5%,184,82.1%,6,5.17,L2Pass,62,83.9%,72.6%,139,4.3%,888,SUPP,SUPP,SUPP,SUPP,SUPP,SUPP,118,25.45,Merit,22,24.2,Merit,,,,,NE,NE,NE,NE,147,94.6%,36,75.0%,SUPP,SUPP,SUPP,23,87.0%,2147,SUPP,SUPP,SUPP,SUPP,SUPP,SUPP,411,26.74,Merit+,104,25.52,Merit,,,,,NE,NE,NE,NE,471,97.0%,147,89.8%,SUPP,SUPP,SUPP,38,81.6%,,,2358,,,19,,,28.16,,,C-,,,19,,,28.16,,,C-,,,1,,,SUPP,,,SUPP,,,60,,,26.28,,,Merit,,,16,,,5.56,,,L2Merit-,,,,,,750,,,-0.16,,,1000,,,-0.31,,,21,,,-0.19,,,0.36,,,-0.74,,,21,,,-0.19,,,0.36,,,-0.74,,,SUPP,,,SUPP,,,SUPP,,,SUPP,,,NE,,,NE,,,NE,,,NE,,,27,,,48.1%,,,66,,,90.9%,,,NE,,,NE,,,624,,,SUPP,,,SUPP,,,SUPP,,,SUPP,,,SUPP,,,SUPP,,,NE,,,NE,,,NE,,,11,,,24.08,,,Merit,,,SUPP,,,SUPP,,,SUPP,,,284,,,-0.39,,,370,,,-0.48,,,SUPP,,,SUPP,,,SUPP,,,SUPP,,,SUPP,,,SUPP,,,SUPP,,,SUPP,,,NE,,,NE,,,NE,,,NE,,,NE,,,NE,,,NE,,,NE,,,8,,,75.0%,,,14,,,92.9%,,,NE,,,NE,,,1677,,,SUPP,,,SUPP,,,SUPP,,,SUPP,,,SUPP,,,SUPP,,,SUPP,,,SUPP,,,SUPP,,,49,,,26.79,,,Merit+,,,SUPP,,,SUPP,,,SUPP,,,466,,,-0.02,,,629,,,-0.21,,,SUPP,,,SUPP,,,SUPP,,,SUPP,,,SUPP,,,SUPP,,,SUPP,,,SUPP,,,SUPP,,,SUPP,,,SUPP,,,SUPP,,,NE,,,NE,,,NE,,,NE,,,19,,,36.8%,,,52,,,90.4%,,,NE,,,NE
1,39256,25,4,919,8020,130721,E14000968,Stevenage,,North Hertfordshire College,Monkswood Way,,,Stevenage,SG1 1LA,1462424242,0,General Further Education College,Does not apply,NA,NA,MIXED,0, 16-99,0,,,,,1889,1068,1,SUPP,SUPP,NE,NE,NE,NE,NE,1,SUPP,SUPP,117,26.83,Merit+,50,24.5,Merit,181,27.6%,251,46.6%,,,,,,,,,NE,NE,NE,NE,NE,NE,NE,NE,NE,NE,157,89.8%,84.1%,151,79.5%,60,95.0%,91.7%,54,90.7%,8,6.5,L2Merit+,51,94.1%,84.3%,71,11.3%,304,NE,NE,NE,NE,NE,NE,32,24.95,Merit,9,25.86,Merit,,,,,NE,NE,NE,NE,46,89.1%,13,84.6%,SUPP,SUPP,SUPP,16,93.8%,729,SUPP,SUPP,SUPP,SUPP,SUPP,SUPP,84,27.66,Merit+,41,24.21,Merit,,,,,NE,NE,NE,NE,110,90.0%,47,97.9%,SUPP,SUPP,SUPP,35,94.3%,,,1232,,,1,,,SUPP,,,SUPP,,,1,,,SUPP,,,SUPP,,,30,,,31.03,,,Dist-,,,7,,,20.26,,,Merit-,,,16,,,6.18,,,L2Merit+,,,,,,533,,,0.04,,,645,,,-0.03,,,SUPP,,,SUPP,,,SUPP,,,SUPP,,,SUPP,,,SUPP,,,SUPP,,,SUPP,,,30,,,0.24,,,0.56,,,-0.08,,,NE,,,NE,,,NE,,,NE,,,32,,,93.8%,,,9,,,66.7%,,,15,,,93.3%,,,399,,,NE,,,NE,,,NE,,,NE,,,NE,,,NE,,,12,,,29.15,,,Merit+,,,SUPP,,,SUPP,,,SUPP,,,SUPP,,,SUPP,,,SUPP,,,193,,,-0.15,,,232,,,-0.16,,,NE,,,NE,,,NE,,,NE,,,NE,,,NE,,,NE,,,NE,,,12,,,0.08,,,0.63,,,-0.46,,,NE,,,NE,,,NE,,,NE,,,11,,,100.0%,,,SUPP,,,SUPP,,,SUPP,,,SUPP,,,806,,,SUPP,,,SUPP,,,SUPP,,,SUPP,,,SUPP,,,SUPP,,,18,,,32.04,,,Dist-,,,SUPP,,,SUPP,,,SUPP,,,SUPP,,,SUPP,,,SUPP,,,339,,,0.14,,,413,,,0.05,,,SUPP,,,SUPP,,,SUPP,,,SUPP,,,SUPP,,,SUPP,,,SUPP,,,SUPP,,,18,,,0.32,,,0.73,,,-0.08,,,NE,,,NE,,,NE,,,NE,,,21,,,90.5%,,,SUPP,,,SUPP,,,SUPP,,,SUPP
5,,,,,,,,,,,,,,,,,,,,,,,, ,,,,,,,589479,284381,38.87,B,216173,39.2,B,216173,23.2%,290346,39.04,B,119853,31.98,Dist-,28535,30.56,Dist-,84179,33.9%,172358,69.6%,,,,,,,,,227494,NA,NA,226293,NA,229453,NA,NA,228165,NA,102100,NA,NA,100494,NA,33664,NA,NA,33060,NA,1404,5.88,L2Merit,9137,NA,NA,16077,8.5%,,,NA,NA,,NA,NA,,NA,NA,,NA,NA,,,,,,NA,,NA,,NA,,NA,,NA,NA,,NA,,,NA,NA,,NA,NA,,NA,NA,,NA,NA,,,,,,NA,,NA,,NA,,NA,,NA,NA,,NA,,,591778,,,283528,,,34.01,,,C+,,,290477,,,34.33,,,C+,,,68773,,,28.91,,,Merit+,,,19485,,,28.64,,,Merit+,,,5325,,,5.75,,,L2Merit-,,,,,,108005,,,0.13,,,142488,,,0.08,,,NA,,,NA,,,NA,,,NA,,,NA,,,NA,,,NA,,,NA,,,NA,,,NA,,,NA,,,NA,,,239124,,,NA,,,241598,,,NA,,,53841,,,NA,,,20447,,,NA,,,7745,,,NA,,,,,,,,,NA,,,NA,,,,,,NA,,,NA,,,,,,NA,,,NA,,,,,,NA,,,NA,,,,,,NA,,,NA,,,,,,NA,,,,,,NA,,,NA,,,NA,,,NA,,,NA,,,NA,,,NA,,,NA,,,NA,,,NA,,,NA,,,NA,,,NA,,,,,,NA,,,,,,NA,,,,,,NA,,,,,,NA,,,,,,NA,,,,,,,,,NA,,,NA,,,,,,NA,,,NA,,,,,,NA,,,NA,,,,,,NA,,,NA,,,,,,NA,,,NA,,,,,,NA,,,,,,NA,,,NA,,,NA,,,NA,,,NA,,,NA,,,NA,,,NA,,,NA,,,NA,,,NA,,,NA,,,NA,,,,,,NA,,,,,,NA,,,,,,NA,,,,,,NA,,,,,,NA
7,,,,,,,,,,,,,,,,,,,,,,,, ,,,,,,,549352,249723,37.86,B-,187605,38.25,B-,187605,20.7%,253807,37.93,B-,117666,31.91,Dist-,28350,30.54,Dist-,83308,34.0%,169607,69.4%,,,,,,,,,227494,95.1%,94.3%,226293,93.8%,229453,95.0%,94.3%,228165,93.6%,102100,91.7%,88.4%,100494,83.9%,33664,91.1%,84.3%,33060,85.0%,1401,5.88,L2Merit,9137,86.6%,70.9%,16038,8.5%,129548,35592,33.46,C+,36304,33.49,C+,27007,29.97,Merit+,6530,27.99,Merit+,,,,,32081,90.9%,32330,90.9%,27124,89.2%,8732,88.4%,454,5.73,L2Merit-,3193,85.3%,405362,211909,38.55,B,215119,38.61,B,89552,32.55,Dist-,21564,31.3,Dist-,,,,,192987,95.8%,194561,95.8%,73813,92.6%,24658,92.1%,892,5.95,L2Merit,5822,87.3%,,,550933,,,247995,,,32.87,,,C+,,,252640,,,33.02,,,C+,,,67710,,,28.89,,,Merit+,,,19431,,,28.64,,,Merit+,,,5321,,,5.75,,,L2Merit-,,,,,,106083,,,0.14,,,140556,,,0.09,,,699844,,,-0.02,,,-0.02,,,-0.02,,,748903,,,-0.02,,,-0.02,,,-0.02,,,84296,,,0.01,,,0.01,,,0,,,239124,,,91.3%,,,241598,,,91.3%,,,53841,,,86.5%,,,20447,,,87.9%,,,7745,,,87.9%,,,137486,,,38800,,,28.7,,,C,,,39704,,,28.77,,,C,,,15406,,,27.72,,,Merit+,,,4615,,,26.8,,,Merit+,,,1601,,,5.6,,,L2Merit-,,,44702,,,-0.03,,,57743,,,-0.04,,,107314,,,-0.12,,,-0.11,,,-0.13,,,113622,,,-0.12,,,-0.11,,,-0.13,,,19747,,,-0.04,,,-0.02,,,-0.05,,,38266,,,85.5%,,,38645,,,85.4%,,,13918,,,83.0%,,,5272,,,84.6%,,,2689,,,84.9%,,,395647,,,205725,,,33.58,,,C+,,,209238,,,33.74,,,C+,,,51573,,,29.26,,,Merit+,,,14612,,,29.2,,,Merit+,,,3620,,,5.81,,,L2Merit-,,,61050,,,0.25,,,82479,,,0.17,,,592530,,,0,,,0,,,0,,,635281,,,0,,,0,,,0,,,64549,,,0.02,,,0.03,,,0.01,,,197831,,,92.5%,,,199716,,,92.4%,,,39337,,,87.8%,,,14967,,,89.1%,,,4910,,,89.4%