RECTYPE,LEA,ESTAB,URN,SCHNAME,SCHNAME_AC,ADDRESS1,ADDRESS2,ADDRESS3,TOWN,PCODE,TELNUM,PCON_CODE,PCON_NAME,CONTFLAG,ICLOSE,NFTYPE,RELDENOM,ADMPOL,ADMPOL_PT,EGENDER,FEEDER,TABKS2,TAB1618,AGERANGE,TOTPUPS,NUMBOYS,NUMGIRLS,TPUP,BPUP,PBPUP,GPUP,PGPUP,KS2ASS,TPRIORLO,PTPRIORLO,TPRIORAV,PTPRIORAV,TPRIORHI,PTPRIORHI,TFSM6CLA1A,PTFSM6CLA1A,TNOTFSM6CLA1A,PTNOTFSM6CLA1A,TEALGRP2,PTEALGRP2,TEALGRP1,PTEALGRP1,TEALGRP3,PTEALGRP3,TNMOB,PTNMOB,SENE4,PSENE4,SEN_ALL4,PSEN_ALL4,SENK4,PSENK4,TOTATT8,ATT8SCR,TOTATT8ENG,ATT8SCRENG,TOTATT8MAT,ATT8SCRMAT,TOTATT8EBAC,ATT8SCREBAC,TOTATT8OPEN,ATT8SCROPEN,TOTATT8OPENG,ATT8SCROPENG,TOTATT8OPENNG,ATT8SCROPENNG,AVGEBACFILL,AVGOPENFILL,P8PUP,TP8ADJ,P8MEACOV,P8MEA,P8CILOW,P8CIUPP,P8MEA_ORIG,P8CILOW_ORIG,P8CIUPP_ORIG,P8MEAENG,P8MEAENG_CILOW,P8MEAENG_CIUPP,P8MEAMAT,P8MEAMAT_CILOW,P8MEAMAT_CIUPP,P8MEAEBAC,P8MEAEBAC_CILOW,P8MEAEBAC_CIUPP,P8MEAOPEN,P8MEAOPEN_CILOW,P8MEAOPEN_CIUPP,PTL2BASICS_94,PTL2BASICS_95,TOTEBACCAPS,EBACCAPS,EBACCAPS_FSM6CLA1A,EBACCAPS_NFSM6CLA1A,EBACCAPS_LO,EBACCAPS_MID,EBACCAPS_HI,EBACCAPS_EAL,EBACCAPS_GIRLS,EBACCAPS_BOYS,EBACCAPS_NMOB,EBACCAPS_20,EBACCAPS_FSM6CLA1A_20,EBACCAPS_NFSM6CLA1A_20,EBACCAPS_21,EBACCAPS_FSM6CLA1A_21,EBACCAPS_NFSM6CLA1A_21,TEBACC_E_PTQ_EE,PTEBACC_E_PTQ_EE,PTEBACC_94,PTEBACC_95,TEBACENG_E_PTQ_EE,PTEBACENG_E_PTQ_EE,TEBACMAT_E_PTQ_EE,PTEBACMAT_E_PTQ_EE,TEBAC2SCI_E_PTQ_EE,PTEBAC2SCI_E_PTQ_EE,TEBACHUM_E_PTQ_EE,PTEBACHUM_E_PTQ_EE,TEBACLAN_E_PTQ_EE,PTEBACLAN_E_PTQ_EE,PTEBACENG_94,PTEBACENG_95,PTEBACMAT_94,PTEBACMAT_95,PTEBAC2SCI_94,PTEBAC2SCI_95,PTEBACHUM_94,PTEBACHUM_95,PTEBACLAN_94,PTEBACLAN_95,SCIVAPUP_PTQ_EE,SCIVACOV_PTQ_EE,HUMVAPUP_PTQ_EE,HUMVACOV_PTQ_EE,LANVAPUP_PTQ_EE,LANVACOV_PTQ_EE,SCIVAMEA_PTQ_EE,SCIVALOW_PTQ_EE,SCIVAUPP_PTQ_EE,HUMVAMEA_PTQ_EE,HUMVALOW_PTQ_EE,HUMVAUPP_PTQ_EE,LANVAMEA_PTQ_EE,LANVALOW_PTQ_EE,LANVAUPP_PTQ_EE,TEBACENG_94,TEBACENG_95,TEBACMAT_94,TEBACMAT_95,TEBAC2SCI_94,TEBAC2SCI_95,TEBACHUM_94,TEBACHUM_95,TEBACLAN_94,TEBACLAN_95,TEBACC91,PTEBACC91,TEBACENG91,PTEBACENG91,TEBACMAT91,PTEBACMAT91,TEBAC2SCI91,PTEBAC2SCI91,TEBACHUM91,PTEBACHUM91,TEBACLAN91,PTEBACLAN91,ATT8SCR_FSM6CLA1A,P8PUP_FSM6CLA1A,TP8ADJ_FSM6CLA1A,P8MEA_FSM6CLA1A,P8CILOW_FSM6CLA1A,P8CIUPP_FSM6CLA1A,P8MEA_FSM6CLA1A_ORIG,P8CILOW_FSM6CLA1A_ORIG,P8CIUPP_FSM6CLA1A_ORIG,ATT8SCR_NFSM6CLA1A,P8PUP_NFSM6CLA1A,TP8ADJ_NFSM6CLA1A,P8MEA_NFSM6CLA1A,P8CILOW_NFSM6CLA1A,P8CIUPP_NFSM6CLA1A,P8MEA_NFSM6CLA1A_ORIG,P8CILOW_NFSM6CLA1A_ORIG,P8CIUPP_NFSM6CLA1A_ORIG,ATT8SCRENG_FSM6CLA1A,P8MEAENG_FSM6CLA1A,P8MEAENG_CILOW_FSM6CLA1A,P8MEAENG_CIUPP_FSM6CLA1A,ATT8SCRMAT_FSM6CLA1A,P8MEAMAT_FSM6CLA1A,P8MEAMAT_CILOW_FSM6CLA1A,P8MEAMAT_CIUPP_FSM6CLA1A,ATT8SCREBAC_FSM6CLA1A,P8MEAEBAC_FSM6CLA1A,P8MEAEBAC_CILOW_FSM6CLA1A,P8MEAEBAC_CIUPP_FSM6CLA1A,ATT8SCROPEN_FSM6CLA1A,P8MEAOPEN_FSM6CLA1A,P8MEAOPEN_CILOW_FSM6CLA1A,P8MEAOPEN_CIUPP_FSM6CLA1A,ATT8SCRENG_NFSM6CLA1A,P8MEAENG_NFSM6CLA1A,P8MEAENG_CILOW_NFSM6CLA1A,P8MEAENG_CIUPP_NFSM6CLA1A,ATT8SCRMAT_NFSM6CLA1A,P8MEAMAT_NFSM6CLA1A,P8MEAMAT_CILOW_NFSM6CLA1A,P8MEAMAT_CIUPP_NFSM6CLA1A,ATT8SCREBAC_NFSM6CLA1A,P8MEAEBAC_NFSM6CLA1A,P8MEAEBAC_CILOW_NFSM6CLA1A,P8MEAEBAC_CIUPP_NFSM6CLA1A,ATT8SCROPEN_NFSM6CLA1A,P8MEAOPEN_NFSM6CLA1A,P8MEAOPEN_CILOW_NFSM6CLA1A,P8MEAOPEN_CIUPP_NFSM6CLA1A,ATT8SCROPENG_FSM6CLA1A,ATT8SCROPENNG_FSM6CLA1A,ATT8SCROPENG_NFSM6CLA1A,ATT8SCROPENNG_NFSM6CLA1A,DIFFN_ATT8,DIFFN_P8MEA,ATT8SCR_LO,P8PUP_LO,TP8ADJ_LO,P8MEA_LO,P8CILOW_LO,P8CIUPP_LO,P8MEA_LO_ORIG,P8CILOW_LO_ORIG,P8CIUPP_LO_ORIG,ATT8SCR_MID,P8PUP_MID,TP8ADJ_MID,P8MEA_MID,P8CILOW_MID,P8CIUPP_MID,P8MEA_MID_ORIG,P8CILOW_MID_ORIG,P8CIUPP_MID_ORIG,ATT8SCR_HI,P8PUP_HI,TP8ADJ_HI,P8MEA_HI,P8CILOW_HI,P8CIUPP_HI,P8MEA_HI_ORIG,P8CILOW_HI_ORIG,P8CIUPP_HI_ORIG,ATT8SCR_EAL,ATT8SCRENG_EAL,ATT8SCRMAT_EAL,ATT8SCREBAC_EAL,ATT8SCROPEN_EAL,ATT8SCROPENG_EAL,ATT8SCROPENNG_EAL,P8PUP_EAL,TP8ADJ_EAL,P8MEA_EAL,P8CILOW_EAL,P8CIUPP_EAL,P8MEA_EAL_ORIG,P8CILOW_EAL_ORIG,P8CIUPP_EAL_ORIG,ATT8SCR_GIRLS,ATT8SCRENG_GIRLS,ATT8SCRMAT_GIRLS,ATT8SCREBAC_GIRLS,ATT8SCROPEN_GIRLS,ATT8SCROPENG_GIRLS,ATT8SCROPENNG_GIRLS,P8PUP_GIRLS,TP8ADJ_GIRLS,P8MEA_GIRLS,P8CILOW_GIRLS,P8CIUPP_GIRLS,P8MEA_GIRLS_ORIG,P8CILOW_GIRLS_ORIG,P8CIUPP_GIRLS_ORIG,ATT8SCR_BOYS,ATT8SCRENG_BOYS,ATT8SCRMAT_BOYS,ATT8SCREBAC_BOYS,ATT8SCROPEN_BOYS,ATT8SCROPENG_BOYS,ATT8SCROPENNG_BOYS,P8PUP_BOYS,TP8ADJ_BOYS,P8MEA_BOYS,P8CILOW_BOYS,P8CIUPP_BOYS,P8MEA_BOYS_ORIG,P8CILOW_BOYS_ORIG,P8CIUPP_BOYS_ORIG,ATT8SCR_NMOB,ATT8SCRENG_NMOB,ATT8SCRMAT_NMOB,ATT8SCREBAC_NMOB,ATT8SCROPEN_NMOB,ATT8SCROPENG_NMOB,ATT8SCROPENNG_NMOB,P8PUP_NMOB,TP8ADJ_NMOB,P8MEA_NMOB,P8CILOW_NMOB,P8CIUPP_NMOB,P8MEA_NMOB_ORIG,P8CILOW_NMOB_ORIG,P8CIUPP_NMOB_ORIG,ATT8SCR_20,P8PUP_20,P8MEA_20,P8CILOW_20,P8CIUPP_20,ATT8SCR_FSM6CLA1A_20,P8PUP_FSM6CLA1A_20,P8MEA_FSM6CLA1A_20,P8CILOW_FSM6CLA1A_20,P8CIUPP_FSM6CLA1A_20,ATT8SCR_NFSM6CLA1A_20,P8PUP_NFSM6CLA1A_20,P8MEA_NFSM6CLA1A_20,P8CILOW_NFSM6CLA1A_20,P8CIUPP_NFSM6CLA1A_20,ATT8SCR_21,P8PUP_21,P8MEA_21,P8CILOW_21,P8CIUPP_21,ATT8SCR_FSM6CLA1A_21,P8PUP_FSM6CLA1A_21,P8MEA_FSM6CLA1A_21,P8CILOW_FSM6CLA1A_21,P8CIUPP_FSM6CLA1A_21,ATT8SCR_NFSM6CLA1A_21,P8PUP_NFSM6CLA1A_21,P8MEA_NFSM6CLA1A_21,P8CILOW_NFSM6CLA1A_21,P8CIUPP_NFSM6CLA1A_21,TEBACC_ELO_PTQ_EE,PTEBACC_ELO_PTQ_EE,PTEBACCLO_94,PTEBACCLO_95,TEBACC_EAV_PTQ_EE,PTEBACC_EAV_PTQ_EE,PTEBACCAV_94,PTEBACCAV_95,TEBACC_EHI_PTQ_EE,PTEBACC_EHI_PTQ_EE,PTEBACCHI_94,PTEBACCHI_95,PTEBACC_EFSM6CLA1A_PTQ_EE,PTEBACC_ENFSM6CLA1A_PTQ_EE,PTEBACC_94_FSM6CLA1A,PTEBACC_95_FSM6CLA1A,PTEBACC_94_NFSM6CLA1A,PTEBACC_95_NFSM6CLA1A,SCIVAMEA_LO_PTQ_EE,SCIVAMEA_MID_PTQ_EE,SCIVAMEA_HI_PTQ_EE,SCIVAMEA_FSM6CLA1A_PTQ_EE,SCIVAMEA_NFSM6CLA1A_PTQ_EE,HUMVAMEA_LO_PTQ_EE,HUMVAMEA_MID_PTQ_EE,HUMVAMEA_HI_PTQ_EE,HUMVAMEA_FSM6CLA1A_PTQ_EE,HUMVAMEA_NFSM6CLA1A_PTQ_EE,LANVAMEA_LO_PTQ_EE,LANVAMEA_MID_PTQ_EE,LANVAMEA_HI_PTQ_EE,LANVAMEA_FSM6CLA1A_PTQ_EE,LANVAMEA_NFSM6CLA1A_PTQ_EE,SCIVAUPP_FSM6CLA1A_PTQ_EE,SCIVALOW_FSM6CLA1A_PTQ_EE,SCIVAUPP_NFSM6CLA1A_PTQ_EE,SCIVALOW_NFSM6CLA1A_PTQ_EE,SCIVAUPP_LO_PTQ_EE,SCIVALOW_LO_PTQ_EE,SCIVAUPP_MID_PTQ_EE,SCIVALOW_MID_PTQ_EE,SCIVAUPP_HI_PTQ_EE,SCIVALOW_HI_PTQ_EE,HUMVAUPP_FSM6CLA1A_PTQ_EE,HUMVALOW_FSM6CLA1A_PTQ_EE,HUMVAUPP_NFSM6CLA1A_PTQ_EE,HUMVALOW_NFSM6CLA1A_PTQ_EE,HUMVAUPP_LO_PTQ_EE,HUMVALOW_LO_PTQ_EE,HUMVAUPP_MID_PTQ_EE,HUMVALOW_MID_PTQ_EE,HUMVAUPP_HI_PTQ_EE,HUMVALOW_HI_PTQ_EE,LANVAUPP_FSM6CLA1A_PTQ_EE,LANVALOW_FSM6CLA1A_PTQ_EE,LANVAUPP_NFSM6CLA1A_PTQ_EE,LANVALOW_NFSM6CLA1A_PTQ_EE,LANVAUPP_LO_PTQ_EE,LANVALOW_LO_PTQ_EE,LANVAUPP_MID_PTQ_EE,LANVALOW_MID_PTQ_EE,LANVAUPP_HI_PTQ_EE,LANVALOW_HI_PTQ_EE,PTEBACC_E_20_PTQ_EE,PTEBACC_94_20,PTEBACC_95_20,PTEBACC_E_21_PTQ_EE,PTEBACC_94_21,PTEBACC_95_21,PBEBACC_E_PTQ_EE,PBEBACC_94,PBEBACC_95,PGEBACC_E_PTQ_EE,PGEBACC_94,PGEBACC_95,PTEBACC_ENMOB_PTQ_EE,PTEBACCNMOB_94,PTEBACCNMOB_95,PTEBACC_EEAL_PTQ_EE,PTEBACCEAL_94,PTEBACCEAL_95,PTEBACC_EFSM6CLA1A_20,PTEBACC_94_FSM6CLA1A_20,PTEBACC_95_FSM6CLA1A_20,PTEBACC_ENFSM6CLA1A_20,PTEBACC_94_NFSM6CLA1A_20,PTEBACC_95_NFSM6CLA1A_20,PTEBACC_EFSM6CLA1A_21,PTEBACC_94_FSM6CLA1A_21,PTEBACC_95_FSM6CLA1A_21,PTEBACC_ENFSM6CLA1A_21,PTEBACC_94_NFSM6CLA1A_21,PTEBACC_95_NFSM6CLA1A_21,PT5EM_94,PT5EM_94_20,PT5EM_94_21,PTANYQ_PTQ_EE,PTL2BASICS_94_20,PTL2BASICS_95_20,PTL2BASICS_94_21,PTL2BASICS_95_21,PTFSM6CLA1ABASICS_94,PTNOTFSM6CLA1ABASICS_94,TBASICSLO_94,PTBASICSLO_94,TBASICSAV_94,PTBASICSAV_94,TBASICSHI_94,PTBASICSHI_94,PBL2BASICS_94,PGL2BASICS_94,PTL2BASICSEAL_94,PTL2BASICSNMOB_94,PTFSM6CLA1ABASICS_95,PTNOTFSM6CLA1ABASICS_95,TBASICSLO_95,PTBASICSLO_95,TBASICSAV_95,PTBASICSAV_95,TBASICSHI_95,PTBASICSHI_95,PBL2BASICS_95,PGL2BASICS_95,PTL2BASICSEAL_95,PTL2BASICSNMOB_95,PTFSM6CLA1ABASICS_94_20,PTFSM6CLA1ABASICS_95_20,PTNOTFSMBASICS_94_20,PTNOTFSM6CLA1ABASICS_95_20,PTFSM6CLA1ABASICS_94_21,PTFSM6CLA1ABASICS_95_21,PTNOTFSM6CLA1ABASICS_94_21,PTNOTFSM6CLA1ABASICS_95_21,PTmultiLan_E,PTtripleSci_E,TFSM6CLA1A_20,PTFSM6CLA1A_20,TNOTFSM6CLA1A_20,PTNOTFSM6CLA1A_20,TFSM6CLA1A_21,PTFSM6CLA1A_21,TNOTFSM6CLA1A_21,PTNOTFSM6CLA1A_21,TAVENT_E_3NG_PTQ_EE,TAVENT_E_3NG_LO_PTQ_EE,TAVENT_E_3NG_MID_PTQ_EE,TAVENT_E_3NG_HI_PTQ_EE,TAVENT_E_3NG_FSM6CLA1A_PTQ_EE,TAVENT_E_3NG_NFSM6CLA1A_PTQ_EE,TAVENT_EFSM6CLA1A_20_PTQ_EE,TAVENT_ENFSM6CLA1A_20_PTQ_EE,TAVENT_EFSM6CLA1A_21_PTQ_EE,TAVENT_ENFSM6CLA1A_21_PTQ_EE,TAVENT_G_PTQ_EE,TAVENT_GLO_PTQ_EE,TAVENT_GAV_PTQ_EE,TAVENT_GHI_PTQ_EE,TAVENT_GFSM6CLA1A_PTQ_EE,TAVENT_GNFSM6CLA1A_PTQ_EE,TAVENT_GFSM6CLA1A_20_PTQ_EE,TAVENT_GNFSM6CLA1A_20_PTQ_EE,TAVENT_GFSM6CLA1A_21_PTQ_EE,TAVENT_GNFSM6CLA1A_21_PTQ_EE,TTOTENT_E_TOTAL_PTQ_EE,TTOTENT_E_COVID_IMPACTED_PTQ_EE,PTOTENT_E_COVID_IMPACTED_PTQ_EE
1,919,6000,117600,Abbot's Hill School,,Bunkers Lane,,,Hemel Hempstead,HP3 8RP,01442240333,E14000739,Hemel Hempstead,0,0,IND,None,,NA,GIRLS,0,0,0,0-16,563,22,541,59,0,0%,59,100%,NP,NP,NP,NP,NP,NP,NP,NP,NP,NP,NP,NP,NP,NP,NP,NP,NP,NP,NP,NA,NA,NA,NA,NA,NA,4019,68.1,820,13.9,750,12.7,1210,20.5,1239,21,1230.5,20.9,8.5,0.1,2.9,2.9,NP,NP,NP,NP,NP,NP,NP,NP,NP,NP,NP,NP,NP,NP,NP,NP,NP,NP,NP,NP,NP,97%,90%,362.88,6.15,NP,NP,NP,NP,NP,NP,6.15,NE,NP,,,,,,,31,53%,49%,42%,58,98%,58,98%,58,98%,36,61%,49,83%,98%,97%,97%,90%,97%,93%,100%,100%,96%,86%,NP,NP,NP,NP,NP,NP,NP,NP,NP,NP,NP,NP,NP,NP,NP,58,57,57,53,56,54,36,36,47,42,31,53%,58,98%,58,98%,58,100%,36,100%,49,100%,NP,NP,NP,NP,NP,NP,NP,NP,NP,NP,NP,NP,NP,NP,NP,NP,NP,NP,NP,NP,NP,NP,NP,NP,NP,NP,NP,NP,NP,NP,NP,NP,NP,NP,NP,NP,NP,NP,NP,NP,NP,NP,NP,NP,NP,NP,NP,NP,NP,NP,NP,NP,NP,NP,NP,NP,NP,NP,NP,NP,NP,NP,NP,NP,NP,NP,NP,NP,NP,NP,NP,NP,NP,NP,NP,NP,NP,NP,NP,NP,NP,NP,NP,NP,NP,NP,NP,NP,NP,NP,NP,NP,NP,NP,NP,NP,NP,NP,68.1,13.9,12.7,20.5,21,20.9,0.1,NP,NP,NP,NP,NP,NP,NP,NP,NE,NE,NE,NE,NE,NE,NE,NP,NP,NP,NP,NP,NP,NP,NP,NP,NP,NP,NP,NP,NP,NP,NP,NP,NP,NP,NP,NP,NP,NP,,,,,,,,,,,,,,,,,,,,,,,,,,,,,,,NP,NP,NP,NP,NP,NP,NP,NP,NP,NP,NP,NP,NP,NP,NP,NP,NP,NP,NP,NP,NP,NP,NP,NP,NP,NP,NP,NP,NP,NP,NP,NP,NP,NP,NP,NP,NP,NP,NP,NP,NP,NP,NP,NP,NP,NP,NP,NP,NP,NP,NP,NP,NP,NP,NP,NP,NP,NP,NP,NP,NP,NP,NP,,,,,,,NE,NE,NE,53%,49%,42%,NP,NP,NP,NP,NP,NP,,,,,,,,,,,,,95%,,,98%,,,,,NP,NP,NP,NP,NP,NP,NP,NP,NE,97%,NP,NP,NP,NP,NP,NP,NP,NP,NP,NP,NE,90%,NP,NP,,,,,,,,,7%,14%,,,,,,,,,7.7,NP,NP,NP,NP,NP,,,,,7.7,NP,NP,NP,NP,NP,,,,,453,0,0%
1,919,4032,145430,The Adeyfield Academy,,Longlands,,,Hemel Hempstead,HP2 4DE,01442406020,E14000739,Hemel Hempstead,0,0,AC,Does not apply,NSE,OTHER NON SEL,MIXED,0,0,1,11-18,642,337,305,87,54,62%,33,38%,99.5,39,46%,40,48%,5,6%,45,52%,42,48%,4,5%,83,95%,0,0%,86,99%,1,1%,22,25%,21,24%,3033.5,34.9,697,8,604,6.9,693,8,1039.5,11.9,507,5.8,532.5,6.1,2.2,2.7,84,3,97%,-0.67,-0.98,-0.37,-0.69,-0.99,-0.38,-0.56,-0.91,-0.22,-0.46,-0.79,-0.13,-1.32,-1.67,-0.97,-0.29,-0.64,0.06,45%,21%,222.34,2.56,2.04,3.1,1.64,3.28,SUPP,SUPP,2.59,2.54,2.53,,,,,,,0,0%,0%,0%,81,93%,84,97%,82,94%,29,33%,2,2%,59%,37%,47%,26%,33%,15%,59%,45%,SUPP,SUPP,80,98%,29,100%,1,SUPP,-0.68,-1.01,-0.36,-0.7,-1.35,-0.04,SUPP,SUPP,SUPP,51,32,41,23,27,12,17,13,SUPP,SUPP,0,0%,80,92%,81,93%,81,99%,27,93%,SUPP,SUPP,29.3,42,3,-0.89,-1.32,-0.47,-0.92,-1.35,-0.48,40.8,42,0,-0.46,-0.88,-0.03,-0.46,-0.89,-0.02,7,-0.77,-1.26,-0.28,5.9,-0.6,-1.07,-0.14,6,-1.69,-2.18,-1.19,10.5,-0.46,-0.95,0.04,9.1,-0.35,-0.84,0.13,8,-0.31,-0.78,0.15,10.1,-0.95,-1.45,-0.46,13.5,-0.12,-0.62,0.37,5.1,5.4,6.6,6.9,-23.5,-1.04,23.1,39,0,-0.7,-1.15,-0.26,-0.7,-1.15,-0.25,44.7,40,1,-0.57,-1,-0.13,-0.58,-1.02,-0.13,SUPP,SUPP,SUPP,SUPP,SUPP,SUPP,SUPP,SUPP,SUPP,SUPP,SUPP,SUPP,SUPP,SUPP,SUPP,SUPP,SUPP,SUPP,SUPP,SUPP,SUPP,SUPP,SUPP,SUPP,35.4,8.2,6.9,8.2,12.1,7.1,5,31,3,-0.67,-1.17,-0.17,-0.7,-1.21,-0.2,34.5,7.9,7,7.8,11.9,5.1,6.8,53,0,-0.68,-1.06,-0.3,-0.68,-1.06,-0.29,34.5,7.9,6.9,7.9,11.8,5.7,6.1,83,3,-0.7,-1.01,-0.4,-0.72,-1.03,-0.41,,,,,,,,,,,,,,,,,,,,,,,,,,,,,,,0,0%,0%,0%,0,0%,0%,0%,SUPP,SUPP,SUPP,SUPP,0%,0%,0%,0%,0%,0%,-0.76,-0.65,SUPP,-0.79,-0.58,-0.46,-0.92,SUPP,-0.76,-0.68,NE,SUPP,SUPP,NE,SUPP,-0.33,-1.26,-0.14,-1.03,-0.29,-1.23,-0.19,-1.11,SUPP,SUPP,0.57,-2.1,0.08,-1.43,0.79,-1.71,-0.09,-1.75,SUPP,SUPP,NE,NE,SUPP,SUPP,NE,NE,SUPP,SUPP,SUPP,SUPP,,,,,,,0%,0%,0%,0%,0%,0%,0%,0%,0%,SUPP,SUPP,SUPP,,,,,,,,,,,,,38%,,,99%,,,,,31%,60%,3,8%,31,78%,SUPP,SUPP,44%,45%,SUPP,44%,18%,24%,0,0%,15,38%,SUPP,SUPP,19%,24%,SUPP,20%,,,,,,,,,0%,0%,,,,,,,,,7,6.5,7.8,SUPP,6.5,7.5,,,,,5.5,5,6.1,SUPP,5,6,,,,,621,1,0%
1,919,6003,117602,The Aldenham Foundation,,Elstree,,,Elstree,WD6 3AJ,01923858122,E14000745,Hertsmere,0,0,IND,Church of England,,NA,MIXED,0,0,1,3-19,822,575,247,94,77,82%,17,18%,NP,NP,NP,NP,NP,NP,NP,NP,NP,NP,NP,NP,NP,NP,NP,NP,NP,NP,NP,NA,NA,NA,NA,NA,NA,3560,37.9,0,0,1064,11.3,1426,15.2,1070,11.4,1070,11.4,0,0,2.6,1.9,NP,NP,NP,NP,NP,NP,NP,NP,NP,NP,NP,NP,NP,NP,NP,NP,NP,NP,NP,NP,NP,0%,0%,310.5,3.3,NP,NP,NP,NP,NP,NP,3.38,3.29,NP,,,,,,,0,0%,0%,0%,0,0%,93,99%,91,97%,0,0%,44,47%,0%,0%,97%,76%,95%,70%,NE,NE,100%,93%,NP,NP,NP,NP,NP,NP,NP,NP,NP,NP,NP,NP,NP,NP,NP,0,0,91,71,86,64,NE,NE,44,41,0,0%,0,0%,93,99%,91,100%,NE,NE,44,100%,NP,NP,NP,NP,NP,NP,NP,NP,NP,NP,NP,NP,NP,NP,NP,NP,NP,NP,NP,NP,NP,NP,NP,NP,NP,NP,NP,NP,NP,NP,NP,NP,NP,NP,NP,NP,NP,NP,NP,NP,NP,NP,NP,NP,NP,NP,NP,NP,NP,NP,NP,NP,NP,NP,NP,NP,NP,NP,NP,NP,NP,NP,NP,NP,NP,NP,NP,NP,NP,NP,NP,NP,NP,NP,NP,NP,NP,NP,NP,NP,NP,NP,NP,NP,NP,NP,NP,NP,NP,NP,NP,NP,NP,NP,NP,NP,NP,NP,40.4,0,11.1,15.3,14,14,0,NP,NP,NP,NP,NP,NP,NP,NP,37.3,0,11.4,15.1,10.8,10.8,0,NP,NP,NP,NP,NP,NP,NP,NP,NP,NP,NP,NP,NP,NP,NP,NP,NP,NP,NP,NP,NP,NP,NP,,,,,,,,,,,,,,,,,,,,,,,,,,,,,,,NP,NP,NP,NP,NP,NP,NP,NP,NP,NP,NP,NP,NP,NP,NP,NP,NP,NP,NP,NP,NP,NP,NP,NP,NP,NP,NP,NP,NP,NP,NP,NP,NP,NP,NP,NP,NP,NP,NP,NP,NP,NP,NP,NP,NP,NP,NP,NP,NP,NP,NP,NP,NP,NP,NP,NP,NP,NP,NP,NP,NP,NP,NP,,,,,,,0%,0%,0%,0%,0%,0%,NP,NP,NP,NP,NP,NP,,,,,,,,,,,,,0%,,,100%,,,,,NP,NP,NP,NP,NP,NP,NP,NP,0%,0%,NP,NP,NP,NP,NP,NP,NP,NP,NP,NP,0%,0%,NP,NP,,,,,,,,,4%,38%,,,,,,,,,4.8,NP,NP,NP,NP,NP,,,,,4.8,NP,NP,NP,NP,NP,,,,,453,0,0%
2,919,7028,117684,Amwell View School,,Station Road,Stanstead Abbotts,,Ware,SG12 8EH,01920870027,E14000744,Hertford and Stortford,0,0,CYS,Does not apply,NA,NA,MIXED,0,1,0,2-19,154,101,53,2,SUPP,SUPP,SUPP,SUPP,SUPP,SUPP,SUPP,SUPP,SUPP,SUPP,SUPP,SUPP,SUPP,SUPP,SUPP,SUPP,SUPP,SUPP,SUPP,SUPP,SUPP,SUPP,SUPP,,,,,,,SUPP,SUPP,SUPP,SUPP,SUPP,SUPP,SUPP,SUPP,SUPP,SUPP,SUPP,SUPP,SUPP,SUPP,SUPP,SUPP,SUPP,SUPP,SUPP,SUPP,SUPP,SUPP,SUPP,SUPP,SUPP,SUPP,SUPP,SUPP,SUPP,SUPP,SUPP,SUPP,SUPP,SUPP,SUPP,SUPP,SUPP,SUPP,SUPP,SUPP,SUPP,SUPP,SUPP,SUPP,SUPP,SUPP,SUPP,SUPP,SUPP,SUPP,,,,,,,SUPP,SUPP,SUPP,SUPP,SUPP,SUPP,SUPP,SUPP,SUPP,SUPP,SUPP,SUPP,SUPP,SUPP,SUPP,SUPP,SUPP,SUPP,SUPP,SUPP,SUPP,SUPP,SUPP,SUPP,SUPP,SUPP,SUPP,SUPP,SUPP,SUPP,SUPP,SUPP,SUPP,SUPP,SUPP,SUPP,SUPP,SUPP,SUPP,SUPP,SUPP,SUPP,SUPP,SUPP,SUPP,SUPP,SUPP,SUPP,SUPP,SUPP,SUPP,SUPP,SUPP,SUPP,SUPP,SUPP,SUPP,SUPP,SUPP,SUPP,SUPP,SUPP,SUPP,SUPP,SUPP,SUPP,SUPP,SUPP,SUPP,SUPP,SUPP,SUPP,SUPP,SUPP,SUPP,SUPP,SUPP,SUPP,SUPP,SUPP,SUPP,SUPP,SUPP,SUPP,SUPP,SUPP,SUPP,SUPP,SUPP,SUPP,SUPP,SUPP,SUPP,SUPP,SUPP,SUPP,SUPP,SUPP,SUPP,SUPP,SUPP,SUPP,SUPP,SUPP,SUPP,SUPP,SUPP,SUPP,SUPP,SUPP,SUPP,SUPP,SUPP,SUPP,SUPP,SUPP,SUPP,SUPP,SUPP,SUPP,SUPP,SUPP,SUPP,SUPP,SUPP,SUPP,SUPP,SUPP,SUPP,SUPP,SUPP,SUPP,SUPP,SUPP,SUPP,SUPP,SUPP,SUPP,SUPP,SUPP,SUPP,SUPP,SUPP,SUPP,SUPP,SUPP,SUPP,SUPP,SUPP,SUPP,SUPP,SUPP,SUPP,SUPP,SUPP,SUPP,SUPP,SUPP,SUPP,SUPP,SUPP,SUPP,SUPP,SUPP,SUPP,SUPP,SUPP,SUPP,SUPP,SUPP,SUPP,SUPP,SUPP,SUPP,SUPP,SUPP,SUPP,SUPP,SUPP,SUPP,SUPP,SUPP,SUPP,SUPP,SUPP,SUPP,SUPP,SUPP,SUPP,SUPP,SUPP,SUPP,SUPP,SUPP,SUPP,SUPP,SUPP,SUPP,SUPP,SUPP,SUPP,SUPP,SUPP,SUPP,,,,,,,,,,,,,,,,,,,,,,,,,,,,,,,SUPP,SUPP,SUPP,SUPP,SUPP,SUPP,SUPP,SUPP,SUPP,SUPP,SUPP,SUPP,SUPP,SUPP,SUPP,SUPP,SUPP,SUPP,SUPP,SUPP,SUPP,SUPP,SUPP,SUPP,SUPP,SUPP,SUPP,SUPP,SUPP,SUPP,SUPP,SUPP,SUPP,SUPP,SUPP,SUPP,SUPP,SUPP,SUPP,SUPP,SUPP,SUPP,SUPP,SUPP,SUPP,SUPP,SUPP,SUPP,SUPP,SUPP,SUPP,SUPP,SUPP,SUPP,SUPP,SUPP,SUPP,SUPP,SUPP,SUPP,SUPP,SUPP,SUPP,,,,,,,SUPP,SUPP,SUPP,SUPP,SUPP,SUPP,SUPP,SUPP,SUPP,SUPP,SUPP,SUPP,,,,,,,,,,,,,SUPP,,,SUPP,,,,,SUPP,SUPP,SUPP,SUPP,SUPP,SUPP,SUPP,SUPP,SUPP,SUPP,SUPP,SUPP,SUPP,SUPP,SUPP,SUPP,SUPP,SUPP,SUPP,SUPP,SUPP,SUPP,SUPP,SUPP,,,,,,,,,SUPP,SUPP,,,,,,,,,SUPP,SUPP,SUPP,SUPP,SUPP,SUPP,,,,,SUPP,SUPP,SUPP,SUPP,SUPP,SUPP,,,,,SUPP,SUPP,SUPP
1,919,5406,117578,Ashlyns School,,Chesham Road,,,Berkhamsted,HP4 3AH,01442863605,E14000951,South West Hertfordshire,0,0,FD,None,NSE,OTHER NON SEL,MIXED,0,0,1,11-18,1484,754,730,236,130,55%,106,45%,105.5,34,15%,134,60%,55,25%,26,11%,210,89%,8,3%,228,97%,0,0%,229,97%,6,3%,41,17%,35,15%,12852,54.5,2751,11.7,2466,10.4,3702.5,15.7,3932.5,16.7,3610,15.3,322.5,1.4,2.8,2.9,223,3,94%,0.16,-0.03,0.34,0.15,-0.04,0.34,0.2,-0.01,0.41,0.05,-0.15,0.25,0.09,-0.13,0.3,0.24,0.02,0.45,81%,61%,1101.48,4.67,3.22,4.85,2.4,4.55,6.29,6.17,5.06,4.35,4.72,,,,,,,73,31%,24%,20%,229,97%,235,100%,229,97%,174,74%,97,41%,90%,78%,82%,64%,78%,56%,90%,80%,76%,66%,216,94%,168,97%,90,93%,-0.04,-0.24,0.15,0.93,0.66,1.2,0.19,-0.22,0.59,212,183,194,151,179,129,156,140,74,64,71,30%,228,97%,233,99%,228,100%,173,99%,96,99%,40.8,26,1,-0.63,-1.18,-0.09,-0.66,-1.21,-0.11,56.1,197,2,0.26,0.06,0.46,0.26,0.05,0.46,9.7,-0.27,-0.89,0.35,7.9,-0.61,-1.2,-0.02,10.4,-1.06,-1.69,-0.43,12.8,-0.55,-1.18,0.07,11.9,0.26,0.04,0.49,10.8,0.14,-0.08,0.35,16.3,0.24,0.01,0.47,17.1,0.34,0.11,0.57,10.7,2.1,15.9,1.3,-12,-0.78,31.5,34,0,-0.16,-0.64,0.31,-0.16,-0.65,0.32,53.7,134,2,0.29,0.05,0.53,0.28,0.04,0.53,69.5,55,1,0.02,-0.35,0.4,0.01,-0.37,0.39,70.1,15,14,20.9,20.3,19.4,0.9,7,0,1.13,0.08,2.17,1.13,0.06,2.19,58.1,12.8,10.8,16.5,18,16.8,1.2,98,1,0.33,0.05,0.61,0.32,0.04,0.61,51.5,10.7,10.2,15,15.5,14.1,1.5,125,2,0.02,-0.23,0.27,0.01,-0.24,0.26,55,11.8,10.6,15.8,16.8,15.5,1.4,217,2,0.2,0.02,0.39,0.2,0.01,0.39,,,,,,,,,,,,,,,,,,,,,,,,,,,,,,,2,6%,3%,0%,37,28%,19%,15%,29,53%,47%,45%,12%,33%,0%,0%,27%,23%,-0.26,0.14,-0.36,-0.74,0.05,1.23,1.03,0.6,-0.24,1.05,SUPP,0.08,0.34,-2.18,0.39,-0.16,-1.31,0.26,-0.16,0.26,-0.78,0.39,-0.11,0.03,-0.75,0.64,-1.12,1.34,0.77,2.09,0.38,1.38,0.69,1.11,0.09,-0.73,-3.62,0.81,-0.03,SUPP,SUPP,0.61,-0.46,0.99,-0.31,,,,,,,24%,17%,14%,40%,33%,28%,31%,24%,21%,50%,50%,50%,,,,,,,,,,,,,79%,,,100%,,,,,58%,83%,12,35%,113,84%,54,98%,78%,83%,100%,81%,27%,65%,3,9%,78,58%,53,96%,59%,62%,100%,62%,,,,,,,,,3%,27%,,,,,,,,,8.9,7.7,9,9.5,8.5,8.9,,,,,8.5,7,8.5,9.5,7.8,8.6,,,,,2103,11,1%
1,919,4499,117552,The Astley Cooper School,,St Agnell's Lane,,,Hemel Hempstead,HP2 7HL,01442394141,E14000739,Hemel Hempstead,0,0,CY,Does not apply,NSE,OTHER NON SEL,MIXED,0,0,1,11-18,857,428,429,142,63,44%,79,56%,101.8,43,32%,80,60%,10,8%,49,35%,93,65%,20,14%,122,86%,0,0%,136,96%,5,4%,25,18%,20,14%,5528.8,38.9,1228,8.6,1068,7.5,1540,10.8,1692.8,11.9,1011.5,7.1,681.3,4.8,2.7,2.7,133,3,94%,-0.64,-0.88,-0.4,-0.66,-0.9,-0.41,-0.58,-0.86,-0.31,-0.59,-0.85,-0.33,-0.74,-1.01,-0.46,-0.66,-0.94,-0.39,51%,34%,443.44,3.12,2.4,3.51,2.05,3.51,4.65,4.12,3.34,2.85,3.12,,,,,,,9,6%,4%,2%,134,94%,138,97%,135,95%,113,80%,14,10%,69%,49%,54%,40%,50%,31%,42%,33%,71%,64%,128,95%,108,96%,11,79%,-0.58,-0.84,-0.33,-1.07,-1.4,-0.73,0.35,-0.81,1.5,98,69,77,57,67,42,48,37,10,9,9,6%,134,94%,133,94%,132,98%,100,88%,12,86%,30.3,47,2,-1.25,-1.65,-0.85,-1.27,-1.68,-0.86,43.5,86,1,-0.31,-0.6,-0.01,-0.32,-0.62,-0.02,7.1,-1.14,-1.6,-0.68,6,-1.08,-1.51,-0.64,8.2,-1.32,-1.79,-0.86,9,-1.43,-1.89,-0.96,9.5,-0.28,-0.62,0.06,8.3,-0.32,-0.65,0,12.2,-0.42,-0.76,-0.07,13.5,-0.25,-0.59,0.1,5.5,3.5,8,5.5,-22.5,-1.4,26.3,43,0,-0.49,-0.91,-0.07,-0.49,-0.92,-0.06,43.8,80,2,-0.67,-0.98,-0.36,-0.68,-1,-0.37,55.7,10,1,-1.04,-1.91,-0.17,-1.16,-2.05,-0.27,48,9.8,9.6,14.7,13.9,8.3,5.6,14,0,0.26,-0.48,1,0.26,-0.5,1.01,42,9.4,7.8,11.4,13.4,7.6,5.8,74,2,-0.54,-0.86,-0.22,-0.56,-0.89,-0.24,35.1,7.8,7.1,10.1,10.1,6.5,3.5,59,1,-0.76,-1.12,-0.4,-0.77,-1.14,-0.4,39.1,8.7,7.5,10.9,12,7.2,4.9,128,3,-0.62,-0.86,-0.37,-0.63,-0.88,-0.38,,,,,,,,,,,,,,,,,,,,,,,,,,,,,,,2,5%,0%,0%,6,8%,5%,3%,0,0%,0%,0%,2%,9%,2%,2%,4%,2%,-0.57,-0.6,-0.49,-0.93,-0.4,-0.8,-1.18,-1.22,-1.82,-0.7,SUPP,0.12,NE,SUPP,0.4,-0.5,-1.36,-0.09,-0.72,-0.12,-1.01,-0.28,-0.93,0.47,-1.44,-1.22,-2.42,-0.29,-1.12,-0.19,-1.4,-0.75,-1.62,-0.04,-2.39,SUPP,SUPP,1.61,-0.81,SUPP,SUPP,1.48,-1.23,NE,NE,,,,,,,10%,5%,2%,4%,3%,3%,6%,3%,1%,20%,15%,10%,,,,,,,,,,,,,45%,,,97%,,,,,31%,61%,7,16%,52,65%,9,90%,48%,53%,75%,51%,20%,41%,3,7%,34,43%,7,70%,30%,37%,70%,34%,,,,,,,,,2%,18%,,,,,,,,,7.5,7.3,7.8,8,7.1,7.8,,,,,6.3,5.9,6.6,7.1,6,6.5,,,,,1083,6,1%
1,919,4037,149078,Avanti Grange Secondary School,,Farnham Road,,,Bishops Stortford,CM23 1JJ,,E14000744,Hertford and Stortford,0,0,F,None,NSE,OTHER NON SEL,MIXED,0,0,0,11-18,NEW
1,919,4026,144623,Barclay Academy,,Walkern Road,,,Stevenage,SG1 3RB,01438232221,E14000968,Stevenage,0,0,AC,Does not apply,NSE,OTHER NON SEL,MIXED,0,0,1,11-18,718,376,342,89,47,53%,42,47%,103.2,22,28%,51,64%,7,9%,22,25%,67,75%,15,17%,74,83%,0,0%,84,94%,0,0%,13,15%,13,15%,4671.8,52.5,1002,11.3,948,10.7,1353.5,15.2,1368.3,15.4,1041.5,11.7,326.8,3.7,2.9,3,80,0,90%,0.41,0.1,0.72,0.41,0.1,0.73,0.43,0.07,0.78,0.7,0.36,1.03,0.41,0.05,0.77,0.21,-0.15,0.57,84%,67%,407.51,4.58,4.09,4.74,3.24,4.86,6.5,5.52,4.6,4.56,4.58,,,,,,,24,27%,25%,21%,89,100%,89,100%,89,100%,83,93%,26,29%,92%,80%,87%,76%,80%,63%,73%,60%,96%,92%,80,90%,75,90%,24,92%,0.41,0.08,0.73,0.16,-0.25,0.57,0.47,-0.32,1.25,82,71,77,68,71,56,61,50,25,24,24,27%,89,100%,89,100%,88,99%,83,100%,26,100%,48.2,21,0,-0.02,-0.63,0.58,-0.02,-0.64,0.59,53.9,59,0,0.57,0.21,0.93,0.57,0.2,0.93,10.3,-0.08,-0.77,0.6,10,0.35,-0.3,1,13.6,-0.12,-0.82,0.58,14.4,-0.13,-0.83,0.56,11.6,0.61,0.2,1.02,10.9,0.82,0.43,1.21,15.7,0.6,0.19,1.02,15.7,0.33,-0.08,0.75,9.9,4.5,12.3,3.4,-4.6,-0.17,39.4,22,0,0.8,0.22,1.39,0.8,0.2,1.4,55,51,0,0.27,-0.12,0.66,0.27,-0.12,0.67,72.5,7,0,0.2,-0.85,1.24,0.2,-0.87,1.26,59.1,12.3,12.1,18.3,16.4,14.7,1.7,10,0,1,0.13,1.87,1,0.11,1.89,53.2,11.5,10.7,15.3,15.6,11.4,4.2,38,0,0.41,-0.04,0.85,0.41,-0.05,0.86,51.9,11.1,10.6,15.1,15.1,11.9,3.2,42,0,0.41,-0.01,0.84,0.41,-0.02,0.85,52.4,11.3,10.6,15.2,15.3,11.6,3.7,79,0,0.41,0.1,0.72,0.41,0.09,0.73,,,,,,,,,,,,,,,,,,,,,,,,,,,,,,,2,9%,9%,0%,17,33%,29%,29%,3,43%,43%,43%,18%,30%,18%,18%,27%,22%,0.63,0.32,0.35,0.03,0.54,0.22,0.29,-0.92,-0.48,0.38,SUPP,0.51,SUPP,SUPP,0.53,0.65,-0.6,0.91,0.17,1.24,0.02,0.72,-0.09,1.43,-0.74,0.33,-1.29,0.85,-0.09,0.99,-0.55,0.81,-0.22,0.42,-2.25,SUPP,SUPP,1.39,-0.33,SUPP,SUPP,1.39,-0.37,SUPP,SUPP,,,,,,,28%,28%,23%,26%,21%,19%,27%,25%,21%,47%,47%,33%,,,,,,,,,,,,,80%,,,100%,,,,,68%,90%,14,64%,46,90%,7,100%,81%,88%,100%,85%,55%,72%,8,36%,41,80%,7,100%,60%,76%,80%,69%,,,,,,,,,0%,29%,,,,,,,,,8,7.5,8.1,8.7,7.8,8,,,,,7.1,6.4,7.2,8,6.8,7.1,,,,,710,0,0%
1,919,4066,117518,Barnwell School,,Barnwell,,,Stevenage,SG2 9SW,01438222500,E14000968,Stevenage,0,0,FD,Does not apply,NSE,OTHER NON SEL,MIXED,0,0,1,11-18,1151,586,565,169,88,52%,81,48%,103.5,45,28%,79,50%,35,22%,39,23%,130,77%,18,11%,151,89%,0,0%,163,96%,3,2%,35,21%,32,19%,7302,43.2,1617,9.6,1404,8.3,2065.5,12.2,2215.5,13.1,1630,9.6,585.5,3.5,2.8,2.7,159,2,94%,-0.58,-0.8,-0.36,-0.58,-0.8,-0.36,-0.45,-0.7,-0.2,-0.57,-0.81,-0.33,-0.69,-0.94,-0.43,-0.57,-0.82,-0.32,54%,34%,595.16,3.52,2.86,3.72,2.24,3.43,5.37,3.83,3.64,3.42,3.46,,,,,,,13,8%,3%,3%,163,96%,167,99%,162,96%,126,75%,27,16%,73%,52%,59%,37%,56%,31%,58%,40%,70%,67%,152,94%,119,94%,22,81%,-0.47,-0.7,-0.24,-0.8,-1.12,-0.48,-0.53,-1.35,0.29,124,88,99,63,90,50,73,51,19,18,12,7%,163,96%,167,99%,162,100%,124,98%,26,96%,35.8,39,0,-1.08,-1.52,-0.63,-1.08,-1.53,-0.63,45.4,120,2,-0.42,-0.67,-0.16,-0.42,-0.68,-0.16,8.1,-0.99,-1.5,-0.49,6.7,-1.12,-1.6,-0.64,9.8,-1.18,-1.69,-0.66,11.2,-1,-1.52,-0.49,10,-0.27,-0.56,0.02,8.8,-0.39,-0.67,-0.12,13,-0.53,-0.82,-0.24,13.7,-0.43,-0.72,-0.14,7,4.3,10.4,3.2,-17,-1.23,28.2,45,0,-0.28,-0.69,0.13,-0.28,-0.7,0.14,42.6,79,2,-0.74,-1.05,-0.43,-0.74,-1.06,-0.43,65.3,35,0,-0.6,-1.06,-0.13,-0.6,-1.07,-0.12,46.1,10.2,9.1,13.5,13.3,10.2,3.1,12,0,-0.01,-0.81,0.79,-0.01,-0.82,0.8,46.1,10.4,8.3,12.6,14.8,10.9,3.9,79,0,-0.44,-0.75,-0.13,-0.44,-0.75,-0.12,40.5,8.8,8.3,11.9,11.6,8.5,3.1,80,2,-0.72,-1.02,-0.41,-0.72,-1.04,-0.41,42.8,9.5,8.2,12,13.1,9.5,3.6,157,2,-0.59,-0.81,-0.37,-0.59,-0.82,-0.37,,,,,,,,,,,,,,,,,,,,,,,,,,,,,,,1,2%,0%,0%,4,5%,0%,0%,5,14%,11%,11%,8%,8%,0%,0%,4%,4%,-0.09,-0.63,-0.59,-1.04,-0.29,-0.07,-0.94,-1.22,-1.07,-0.71,SUPP,-0.76,-0.03,-1.13,-0.3,-0.56,-1.52,-0.03,-0.56,0.35,-0.53,-0.3,-0.97,-0.1,-1.09,-0.42,-1.71,-0.34,-1.08,0.6,-0.74,-0.5,-1.39,-0.54,-1.9,0.43,-2.7,0.65,-1.26,SUPP,SUPP,0.35,-1.86,1.33,-1.38,,,,,,,11%,5%,5%,4%,1%,1%,6%,2%,2%,11%,6%,6%,,,,,,,,,,,,,49%,,,99%,,,,,38%,58%,9,20%,45,57%,34,97%,49%,59%,44%,54%,21%,38%,2,4%,23,29%,29,83%,32%,36%,39%,33%,,,,,,,,,0%,18%,,,,,,,,,7.6,6.7,7.8,8.3,7.5,7.6,,,,,6.7,5.7,6.8,7.9,6.3,6.8,,,,,1283,2,0%
2,919,7016,117674,Batchwood School,,Townsend Drive,,,St Albans,AL3 5RP,01727868021,E14000960,St Albans,0,0,CYS,Does not apply,NA,NA,MIXED,0,0,0,11-16,93,56,37,16,10,63%,6,38%,91.7,12,80%,2,13%,1,7%,9,56%,7,44%,0,0%,16,100%,0,0%,16,100%,,,,,,,164,10.3,44,2.8,34,2.1,41,2.6,45,2.8,29,1.8,16,1,0.9,0.9,15,0,94%,-2.09,-2.81,-1.38,-2.09,-2.82,-1.36,-2.14,-2.96,-1.33,-1.66,-2.43,-0.89,-2.04,-2.86,-1.21,-2.4,-3.23,-1.58,6%,0%,11.84,0.74,0.56,0.98,0.78,SUPP,SUPP,NE,0.75,0.73,0.74,,,,,,,0,0%,0%,0%,6,38%,11,69%,7,44%,0,0%,0,0%,6%,6%,6%,0%,14%,14%,NE,NE,NE,NE,7,100%,,NE,,NE,-1.01,-2.1,0.08,NE,NE,NE,NE,NE,NE,1,1,1,0,1,1,NE,NE,NE,NE,0,0%,6,38%,9,56%,7,100%,NE,NE,NE,NE,8.3,8,0,-1.89,-2.87,-0.91,-1.89,-2.89,-0.89,12.7,7,0,-2.32,-3.37,-1.28,-2.32,-3.39,-1.26,2.7,-1.77,-2.88,-0.65,1.8,-1.39,-2.45,-0.33,1.6,-1.99,-3.12,-0.85,2.3,-2.2,-3.33,-1.07,2.9,-2.57,-3.76,-1.38,2.6,-1.96,-3.1,-0.83,3.9,-2.09,-3.3,-0.88,3.4,-2.63,-3.84,-1.42,1.4,0.9,2.3,1.1,-44.5,-2.04,11.5,12,0,-1.48,-2.28,-0.69,-1.48,-2.3,-0.67,SUPP,SUPP,SUPP,SUPP,SUPP,SUPP,SUPP,SUPP,SUPP,SUPP,SUPP,SUPP,SUPP,SUPP,SUPP,SUPP,SUPP,SUPP,NE,NE,NE,NE,NE,NE,NE,NE,NE,NE,NE,NE,NE,NE,NE,10.8,3.3,1.7,2,3.8,3.2,0.7,6,0,-1.57,-2.7,-0.44,-1.57,-2.72,-0.42,9.9,2.4,2.4,2.9,2.2,1,1.2,9,0,-2.44,-3.36,-1.52,-2.44,-3.38,-1.5,10.3,2.8,2.1,2.6,2.8,1.8,1,15,0,-2.09,-2.81,-1.38,-2.09,-2.82,-1.36,,,,,,,,,,,,,,,,,,,,,,,,,,,,,,,0,0%,0%,0%,SUPP,SUPP,SUPP,SUPP,SUPP,SUPP,SUPP,SUPP,0%,0%,0%,0%,0%,0%,SUPP,SUPP,SUPP,SUPP,SUPP,NE,SUPP,SUPP,NE,NE,NE,SUPP,SUPP,NE,NE,SUPP,SUPP,SUPP,SUPP,SUPP,SUPP,SUPP,SUPP,SUPP,SUPP,NE,NE,NE,NE,NE,NE,SUPP,SUPP,SUPP,SUPP,NE,NE,NE,NE,NE,NE,SUPP,SUPP,SUPP,SUPP,,,,,,,0%,0%,0%,0%,0%,0%,0%,0%,0%,NE,NE,NE,,,,,,,,,,,,,6%,,,75%,,,,,0%,14%,1,8%,SUPP,SUPP,SUPP,SUPP,10%,0%,NE,6%,0%,0%,0,0%,SUPP,SUPP,SUPP,SUPP,0%,0%,NE,0%,,,,,,,,,0%,6%,,,,,,,,,2.7,2.9,SUPP,SUPP,2.3,3.1,,,,,2.4,2.7,SUPP,SUPP,2.1,2.9,,,,,44,0,0%
1,919,4043,138286,Beaumont School,,Austen Way,,,St Albans,AL4 0XB,01727854726,E14000960,St Albans,0,0,ACC,Does not apply,NSE,OTHER NON SEL,MIXED,0,0,1,11-18,1496,790,706,186,101,54%,85,46%,107.3,21,12%,85,47%,73,41%,13,7%,173,93%,28,15%,154,83%,4,2%,185,99%,3,2%,49,26%,46,25%,12402.3,66.7,2462,13.2,2442,13.1,3766.5,20.3,3731.8,20.1,3433.5,18.5,298.3,1.6,2.9,3,179,1,96%,1.06,0.85,1.26,1.04,0.83,1.25,0.73,0.5,0.97,1.05,0.82,1.27,1.21,0.97,1.45,1.08,0.84,1.32,92%,82%,1184.8,6.37,5.64,6.42,3.82,6.03,7.64,6.43,6.53,6.24,6.38,,,,,,,162,87%,76%,65%,184,99%,185,99%,182,98%,181,97%,163,88%,97%,88%,92%,85%,93%,85%,94%,87%,91%,83%,175,96%,174,96%,156,96%,1.26,1.04,1.48,1.07,0.8,1.34,0.54,0.23,0.85,180,164,172,159,170,154,171,157,149,136,162,87%,184,99%,185,99%,182,100%,181,100%,163,100%,59.9,13,0,0.56,-0.21,1.32,0.56,-0.23,1.34,67.2,166,1,1.1,0.88,1.31,1.08,0.86,1.3,12,0.27,-0.6,1.15,12.3,0.84,0.01,1.67,17.8,0.64,-0.25,1.53,17.8,0.47,-0.41,1.36,13.3,0.77,0.53,1.02,13.2,1.06,0.83,1.3,20.4,1.26,1.01,1.51,20.2,1.13,0.88,1.38,16.4,1.4,18.6,1.6,7.1,0.41,44.1,21,0,1.19,0.59,1.79,1.19,0.57,1.8,63.9,85,0,1.26,0.96,1.56,1.26,0.95,1.57,77.9,73,1,0.78,0.46,1.11,0.75,0.42,1.08,65.4,12.7,13.1,20.3,19.3,17.9,1.5,25,0,1.51,0.96,2.06,1.51,0.95,2.08,68.3,13.9,13.2,20.5,20.7,19,1.7,82,1,1.12,0.82,1.43,1.09,0.78,1.4,65.3,12.7,13.1,20,19.6,18,1.6,97,0,1,0.72,1.28,1,0.72,1.29,66.8,13.3,13.2,20.3,20.1,18.5,1.6,179,1,1.06,0.85,1.26,1.04,0.83,1.25,,,,,,,,,,,,,,,,,,,,,,,,,,,,,,,8,38%,24%,10%,76,89%,74%,54%,71,97%,97%,96%,77%,88%,69%,54%,77%,65%,1.21,1.45,1.06,0.75,1.3,1.5,1.25,0.75,-0.36,1.18,0.39,0.5,0.6,0.37,0.55,1.54,-0.05,1.53,1.08,1.85,0.56,1.76,1.13,1.4,0.72,0.66,-1.38,1.45,0.9,2.29,0.71,1.64,0.86,1.17,0.34,1.53,-0.78,0.87,0.24,1.75,-0.96,0.94,0.06,1.06,0.15,,,,,,,86%,71%,61%,88%,82%,68%,87%,77%,65%,93%,79%,68%,,,,,,,,,,,,,92%,,,99%,,,,,85%,93%,12,57%,84,99%,72,99%,92%,93%,93%,93%,77%,83%,7,33%,71,84%,72,99%,80%,85%,82%,83%,,,,,,,,,12%,32%,,,,,,,,,9.1,8,8.9,9.5,9,9.1,,,,,8.7,7.3,8.4,9.4,8.5,8.7,,,,,1697,3,0%
1,919,6005,117604,Berkhamsted School,,Overton House,133 High Street,,Berkhamsted,HP4 2DJ,01442358000,E14000951,South West Hertfordshire,0,0,IND,Anglican/Christian,,NA,MIXED,0,0,1,11-19,1316,730,586,177,101,57%,76,43%,NP,NP,NP,NP,NP,NP,NP,NP,NP,NP,NP,NP,NP,NP,NP,NP,NP,NP,NP,NA,NA,NA,NA,NA,NA,2856,16.1,1148,6.5,0,0,203,1.1,1505,8.5,1347,7.6,158,0.9,0.2,1.2,NP,NP,NP,NP,NP,NP,NP,NP,NP,NP,NP,NP,NP,NP,NP,NP,NP,NP,NP,NP,NP,0%,0%,32.31,0.18,NP,NP,NP,NP,NP,NP,0.21,0.16,NP,,,,,,,0,0%,0%,0%,0,0%,0,0%,0,0%,0,0%,27,15%,0%,0%,0%,0%,NE,NE,NE,NE,100%,100%,NP,NP,NP,NP,NP,NP,NP,NP,NP,NP,NP,NP,NP,NP,NP,0,0,0,0,NE,NE,NE,NE,27,27,0,0%,0,0%,0,0%,NE,NE,NE,NE,27,100%,NP,NP,NP,NP,NP,NP,NP,NP,NP,NP,NP,NP,NP,NP,NP,NP,NP,NP,NP,NP,NP,NP,NP,NP,NP,NP,NP,NP,NP,NP,NP,NP,NP,NP,NP,NP,NP,NP,NP,NP,NP,NP,NP,NP,NP,NP,NP,NP,NP,NP,NP,NP,NP,NP,NP,NP,NP,NP,NP,NP,NP,NP,NP,NP,NP,NP,NP,NP,NP,NP,NP,NP,NP,NP,NP,NP,NP,NP,NP,NP,NP,NP,NP,NP,NP,NP,NP,NP,NP,NP,NP,NP,NP,NP,NP,NP,NP,NP,16.5,6.8,0,1.3,8.3,7.5,0.9,NP,NP,NP,NP,NP,NP,NP,NP,15.9,6.2,0,1,8.6,7.7,0.9,NP,NP,NP,NP,NP,NP,NP,NP,NP,NP,NP,NP,NP,NP,NP,NP,NP,NP,NP,NP,NP,NP,NP,,,,,,,,,,,,,,,,,,,,,,,,,,,,,,,NP,NP,NP,NP,NP,NP,NP,NP,NP,NP,NP,NP,NP,NP,NP,NP,NP,NP,NP,NP,NP,NP,NP,NP,NP,NP,NP,NP,NP,NP,NP,NP,NP,NP,NP,NP,NP,NP,NP,NP,NP,NP,NP,NP,NP,NP,NP,NP,NP,NP,NP,NP,NP,NP,NP,NP,NP,NP,NP,NP,NP,NP,NP,,,,,,,0%,0%,0%,0%,0%,0%,NP,NP,NP,NP,NP,NP,,,,,,,,,,,,,0%,,,99%,,,,,NP,NP,NP,NP,NP,NP,NP,NP,0%,0%,NP,NP,NP,NP,NP,NP,NP,NP,NP,NP,0%,0%,NP,NP,,,,,,,,,1%,0%,,,,,,,,,2.3,NP,NP,NP,NP,NP,,,,,2.1,NP,NP,NP,NP,NP,,,,,421,1,0%
1,919,4200,137637,Birchwood High School,,Parsonage Lane,,,Bishop's Stortford,CM23 5BD,01279655936,E14000744,Hertford and Stortford,0,0,ACC,None,NSE,OTHER NON SEL,MIXED,0,0,1,11-18,1407,755,652,209,102,49%,107,51%,105.2,33,18%,106,56%,49,26%,26,12%,183,88%,24,11%,185,89%,0,0%,198,95%,3,1%,15,7%,12,6%,10068.5,48.2,2050,9.8,2014,9.6,3035.5,14.5,2969,14.2,2618.5,12.5,350.5,1.7,2.8,2.8,188,3,90%,-0.37,-0.57,-0.17,-0.38,-0.59,-0.18,-0.6,-0.83,-0.37,-0.2,-0.42,0.02,-0.25,-0.48,-0.01,-0.5,-0.73,-0.27,68%,48%,937.91,4.49,2.83,4.72,2.6,4.24,6.38,4.03,4.92,4.03,4.52,,,,,,,123,59%,43%,33%,201,96%,206,99%,206,99%,183,88%,130,62%,77%,59%,74%,54%,66%,48%,73%,62%,82%,71%,186,90%,168,92%,115,88%,-0.4,-0.61,-0.19,-0.16,-0.43,0.12,0.15,-0.21,0.51,160,124,154,113,135,98,134,114,107,92,121,58%,198,95%,203,97%,203,99%,181,99%,129,99%,32.7,25,0,-0.84,-1.4,-0.29,-0.84,-1.41,-0.28,50.4,163,3,-0.3,-0.52,-0.08,-0.31,-0.53,-0.09,6.8,-1.06,-1.69,-0.43,6.5,-0.65,-1.25,-0.05,9.5,-0.72,-1.37,-0.08,10,-0.95,-1.59,-0.31,10.2,-0.53,-0.78,-0.28,10.1,-0.13,-0.36,0.11,15.2,-0.17,-0.42,0.08,14.8,-0.43,-0.68,-0.18,8.1,1.9,13.2,1.6,-20.1,-0.99,30.8,33,0,-0.1,-0.58,0.38,-0.1,-0.59,0.39,46,106,3,-0.46,-0.73,-0.19,-0.48,-0.75,-0.2,65.6,49,0,-0.37,-0.76,0.03,-0.37,-0.77,0.04,43.1,8,8.3,14.3,12.5,10.9,1.6,10,0,0.02,-0.85,0.9,0.02,-0.87,0.92,52.5,10.9,10.1,15.6,16,14.3,1.6,93,0,-0.05,-0.34,0.23,-0.05,-0.34,0.24,43.6,8.7,9.2,13.4,12.4,10.6,1.7,95,3,-0.69,-0.97,-0.4,-0.71,-1,-0.42,48.5,9.9,9.7,14.5,14.4,12.7,1.7,183,3,-0.31,-0.51,-0.11,-0.32,-0.53,-0.11,,,,,,,,,,,,,,,,,,,,,,,,,,,,,,,5,15%,9%,3%,63,59%,36%,25%,44,90%,84%,71%,27%,63%,12%,12%,47%,36%,0.04,-0.42,-0.64,-0.88,-0.32,-0.04,-0.26,0,-0.64,-0.1,1.34,0.13,0.02,0.39,0.14,-0.31,-1.46,-0.1,-0.55,0.54,-0.46,-0.14,-0.7,-0.23,-1.06,0.17,-1.45,0.19,-0.38,0.7,-0.77,0.1,-0.62,0.51,-0.51,1.83,-1.06,0.5,-0.23,2.9,-0.22,0.61,-0.34,0.59,-0.56,,,,,,,45%,32%,25%,72%,52%,41%,61%,44%,34%,46%,25%,25%,,,,,,,,,,,,,66%,,,99%,,,,,27%,74%,11,33%,72,68%,47,96%,63%,74%,46%,69%,15%,53%,2,6%,47,44%,42,86%,41%,55%,38%,48%,,,,,,,,,3%,31%,,,,,,,,,8.2,7.3,8.1,9.3,7.3,8.4,,,,,7.9,6.9,7.7,8.9,6.8,8,,,,,1737,35,2%
1,919,4099,137757,Bishop's Hatfield Girls' School,,Woods Avenue,,,Hatfield,AL10 8NL,01707275331,E14001027,Welwyn Hatfield,0,0,ACC,Does not apply,NSE,OTHER NON SEL,GIRLS,0,0,1,11-18,913,2,911,145,0,0%,145,100%,105.1,25,19%,73,54%,37,27%,17,12%,128,88%,33,23%,110,76%,2,1%,139,96%,2,1%,14,10%,12,8%,8491.3,58.6,1827,12.6,1574,10.9,2519,17.4,2571.3,17.7,2376,16.4,195.3,1.3,2.8,2.8,135,0,93%,0.79,0.55,1.02,0.79,0.54,1.03,0.94,0.66,1.21,0.49,0.23,0.75,0.84,0.56,1.12,0.83,0.55,1.1,79%,63%,781.15,5.39,4.15,5.55,2.77,5.39,7.67,5.14,5.39,NE,5.55,,,,,,,83,57%,52%,43%,138,95%,142,98%,140,97%,122,84%,91,63%,88%,82%,81%,63%,79%,66%,89%,78%,97%,90%,132,94%,117,96%,86,95%,0.52,0.27,0.77,1.24,0.91,1.56,1.56,1.15,1.97,128,119,118,92,111,92,108,95,88,82,83,57%,138,95%,140,97%,140,100%,122,100%,91,100%,47.3,16,0,0.28,-0.41,0.97,0.28,-0.43,0.98,60.1,119,0,0.85,0.6,1.11,0.85,0.6,1.11,11.3,0.79,0,1.58,8.6,0.07,-0.68,0.82,13.8,0.31,-0.49,1.12,13.7,0.04,-0.76,0.84,12.8,0.95,0.67,1.24,11.2,0.55,0.27,0.82,17.9,0.91,0.62,1.21,18.3,0.94,0.64,1.23,12.1,1.6,17,1.3,-5.5,0.13,34.8,25,0,0.28,-0.27,0.84,0.28,-0.28,0.85,59,73,0,0.85,0.53,1.18,0.85,0.52,1.18,79.3,37,0,1,0.54,1.45,1,0.53,1.46,55.2,12.1,10.2,16.3,16.6,15.2,1.4,28,0,1.41,0.89,1.93,1.41,0.88,1.94,58.6,12.6,10.9,17.4,17.7,16.4,1.3,135,0,0.79,0.55,1.02,0.79,0.54,1.03,NE,NE,NE,NE,NE,NE,NE,NE,NE,NE,NE,NE,NE,NE,NE,60.2,12.9,11.1,17.9,18.3,16.8,1.4,132,0,0.83,0.59,1.07,0.83,0.58,1.07,,,,,,,,,,,,,,,,,,,,,,,,,,,,,,,1,4%,4%,4%,46,63%,53%,40%,32,86%,86%,84%,24%,62%,18%,12%,56%,48%,0.38,0.51,0.63,0.68,0.5,0.86,1.23,1.41,0.85,1.27,SUPP,1.59,1.64,SUPP,1.57,1.43,-0.06,0.76,0.23,0.98,-0.22,0.85,0.17,1.1,0.15,1.96,-0.27,1.61,0.93,1.74,-0.02,1.67,0.8,2,0.82,SUPP,SUPP,1.99,1.14,SUPP,SUPP,2.13,1.05,2.31,0.97,,,,,,,NE,NE,NE,57%,52%,43%,60%,54%,45%,61%,52%,39%,,,,,,,,,,,,,79%,,,99%,,,,,59%,82%,8,32%,67,92%,37,100%,NE,79%,67%,83%,41%,66%,3,12%,49,67%,37,100%,NE,63%,52%,65%,,,,,,,,,10%,34%,,,,,,,,,8.2,6.9,8.3,9.6,7.1,8.4,,,,,7.9,6.2,7.9,9.5,6.6,8,,,,,1197,5,0%
1,919,6007,117605,Bishop's Stortford College,,School House,Maze Green Road,,Bishop's Stortford,CM23 2PQ,01279838575,E14000744,Hertford and Stortford,0,0,IND,None,,NA,MIXED,0,0,1,4-18,1232,661,571,115,68,59%,47,41%,NP,NP,NP,NP,NP,NP,NP,NP,NP,NP,NP,NP,NP,NP,NP,NP,NP,NP,NP,NA,NA,NA,NA,NA,NA,2573.5,22.4,0,0,0,0,1423,12.4,1150.5,10,1125,9.8,25.5,0.2,1.7,1.3,NP,NP,NP,NP,NP,NP,NP,NP,NP,NP,NP,NP,NP,NP,NP,NP,NP,NP,NP,NP,NP,0%,0%,204.26,1.78,NP,NP,NP,NP,NP,NP,1.86,1.72,NP,,,,,,,0,0%,0%,0%,0,0%,0,0%,0,0%,75,65%,99,86%,0%,0%,0%,0%,NE,NE,99%,96%,99%,95%,NP,NP,NP,NP,NP,NP,NP,NP,NP,NP,NP,NP,NP,NP,NP,0,0,0,0,NE,NE,74,72,98,94,0,0%,0,0%,0,0%,NE,NE,75,100%,98,99%,NP,NP,NP,NP,NP,NP,NP,NP,NP,NP,NP,NP,NP,NP,NP,NP,NP,NP,NP,NP,NP,NP,NP,NP,NP,NP,NP,NP,NP,NP,NP,NP,NP,NP,NP,NP,NP,NP,NP,NP,NP,NP,NP,NP,NP,NP,NP,NP,NP,NP,NP,NP,NP,NP,NP,NP,NP,NP,NP,NP,NP,NP,NP,NP,NP,NP,NP,NP,NP,NP,NP,NP,NP,NP,NP,NP,NP,NP,NP,NP,NP,NP,NP,NP,NP,NP,NP,NP,NP,NP,NP,NP,NP,NP,NP,NP,NP,NP,23.7,0,0,13,10.8,10.6,0.2,NP,NP,NP,NP,NP,NP,NP,NP,21.4,0,0,12,9.5,9.2,0.3,NP,NP,NP,NP,NP,NP,NP,NP,NP,NP,NP,NP,NP,NP,NP,NP,NP,NP,NP,NP,NP,NP,NP,,,,,,,,,,,,,,,,,,,,,,,,,,,,,,,NP,NP,NP,NP,NP,NP,NP,NP,NP,NP,NP,NP,NP,NP,NP,NP,NP,NP,NP,NP,NP,NP,NP,NP,NP,NP,NP,NP,NP,NP,NP,NP,NP,NP,NP,NP,NP,NP,NP,NP,NP,NP,NP,NP,NP,NP,NP,NP,NP,NP,NP,NP,NP,NP,NP,NP,NP,NP,NP,NP,NP,NP,NP,,,,,,,0%,0%,0%,0%,0%,0%,NP,NP,NP,NP,NP,NP,,,,,,,,,,,,,0%,,,100%,,,,,NP,NP,NP,NP,NP,NP,NP,NP,0%,0%,NP,NP,NP,NP,NP,NP,NP,NP,NP,NP,0%,0%,NP,NP,,,,,,,,,23%,0%,,,,,,,,,3.1,NP,NP,NP,NP,NP,,,,,3.1,NP,NP,NP,NP,NP,,,,,358,3,1%
1,919,5405,117577,The Bishop's Stortford High School,,London Road,,,Bishop's Stortford,CM23 3LU,01279868686,E14000744,Hertford and Stortford,0,0,FD,None,NSE,OTHER NON SEL,BOYS,0,0,1,11-18,1185,1087,98,168,168,100%,0,0%,107.9,15,9%,81,49%,68,41%,12,7%,156,93%,9,5%,159,95%,0,0%,163,97%,0,0%,15,9%,15,9%,10502.5,62.5,2026,12.1,2106,12.5,3283,19.5,3087.5,18.4,3087.5,18.4,0,0,3,3,164,0,98%,0.43,0.22,0.65,0.43,0.21,0.65,0,-0.25,0.24,0.53,0.3,0.77,0.77,0.52,1.02,0.32,0.07,0.57,94%,83%,1002.95,5.97,4.74,6.06,3.47,5.44,7.05,6.18,NE,5.97,5.97,,,,,,,124,74%,63%,51%,167,99%,167,99%,167,99%,131,78%,159,95%,97%,91%,95%,87%,95%,83%,95%,92%,88%,78%,163,98%,127,97%,156,98%,0.65,0.43,0.88,1.01,0.69,1.32,0.23,-0.08,0.54,163,153,160,146,159,138,125,120,140,124,124,74%,167,99%,167,99%,167,100%,131,100%,158,99%,52.1,12,0,0.09,-0.71,0.89,0.09,-0.72,0.9,63.3,152,0,0.46,0.23,0.68,0.46,0.23,0.69,10.7,-0.08,-0.99,0.83,10,0.05,-0.82,0.92,15.8,0.25,-0.67,1.18,15.7,0.07,-0.86,0.99,12.2,0,-0.25,0.26,12.7,0.57,0.33,0.81,19.8,0.81,0.55,1.07,18.6,0.34,0.08,0.6,15.7,0,18.6,0,-0.7,-0.06,39.5,15,0,0.64,-0.08,1.35,0.64,-0.09,1.36,57.9,81,0,0.54,0.24,0.85,0.54,0.23,0.86,72.2,68,0,0.25,-0.08,0.59,0.25,-0.09,0.6,63.8,11.1,12.7,20.8,19.2,19.2,0,SUPP,SUPP,SUPP,SUPP,SUPP,SUPP,SUPP,SUPP,NE,NE,NE,NE,NE,NE,NE,NE,NE,NE,NE,NE,NE,NE,NE,62.5,12.1,12.5,19.5,18.4,18.4,0,164,0,0.43,0.22,0.65,0.43,0.21,0.65,62.5,12.1,12.5,19.5,18.3,18.3,0,162,0,0.43,0.22,0.65,0.43,0.21,0.65,,,,,,,,,,,,,,,,,,,,,,,,,,,,,,,5,33%,13%,7%,58,72%,57%,37%,58,85%,81%,75%,50%,76%,33%,25%,65%,53%,0.8,0.74,0.51,0.42,0.67,1.44,1.31,0.63,0.4,1.05,0.2,0.2,0.27,-0.41,0.27,1.28,-0.45,0.9,0.44,1.57,0.03,1.06,0.42,0.86,0.16,1.65,-0.84,1.37,0.72,2.62,0.26,1.77,0.85,1.09,0.16,0.86,-1.69,0.59,-0.05,1.48,-1.08,0.63,-0.23,0.74,-0.19,,,,,,,74%,63%,51%,NE,NE,NE,74%,64%,51%,78%,56%,44%,,,,,,,,,,,,,94%,,,99%,,,,,67%,96%,9,60%,77,95%,68,100%,94%,NE,89%,95%,58%,85%,5,33%,63,78%,67,99%,83%,NE,89%,83%,,,,,,,,,3%,38%,,,,,,,,,8.3,7.1,8.2,8.7,7.4,8.4,,,,,8.3,7.1,8.2,8.7,7.4,8.4,,,,,1401,1,0%
2,919,7003,147679,Brandles School,,Weston Way,,,Baldock,SG7 6EY,01462896351,E14000845,North East Hertfordshire,0,0,ACS,Does not apply,NA,NA,BOYS,0,0,0,11-16,61,61,0,13,13,100%,0,0%,92.2,9,69%,4,31%,0,0%,7,54%,6,46%,0,0%,13,100%,0,0%,13,100%,,,,,,,93.3,7.2,29,2.2,34,2.6,0,0,30.3,2.3,25,1.9,5.3,0.4,0,0.7,13,0,100%,-2.5,-3.27,-1.74,-2.5,-3.28,-1.72,-2.55,-3.42,-1.67,-1.53,-2.36,-0.7,-2.96,-3.85,-2.07,-2.66,-3.55,-1.77,8%,0%,4.5,0.35,0.29,0.42,0.13,SUPP,NE,NE,NE,0.35,0.35,,,,,,,0,0%,0%,0%,2,15%,10,77%,0,0%,0,0%,0,0%,8%,8%,8%,0%,NE,NE,NE,NE,NE,NE,,NE,,NE,,NE,NE,NE,NE,NE,NE,NE,NE,NE,NE,1,1,1,0,NE,NE,NE,NE,NE,NE,0,0%,2,15%,10,77%,NE,NE,NE,NE,NE,NE,6.5,7,0,-2.72,-3.76,-1.67,-2.72,-3.78,-1.65,8,6,0,-2.25,-3.38,-1.13,-2.25,-3.4,-1.1,1.3,-3.14,-4.34,-1.95,2.6,-1.74,-2.88,-0.61,0,-3.12,-4.34,-1.91,2.6,-2.68,-3.88,-1.47,3.3,-1.85,-3.14,-0.56,2.7,-1.29,-2.51,-0.06,0,-2.78,-4.09,-1.47,2,-2.64,-3.94,-1.34,2.1,0.5,1.7,0.3,-46.3,-2.87,4.6,9,0,-2.13,-3.05,-1.21,-2.13,-3.07,-1.19,SUPP,SUPP,SUPP,SUPP,SUPP,SUPP,SUPP,SUPP,SUPP,NE,NE,NE,NE,NE,NE,NE,NE,NE,NE,NE,NE,NE,NE,NE,NE,NE,NE,NE,NE,NE,NE,NE,NE,NE,NE,NE,NE,NE,NE,NE,NE,NE,NE,NE,NE,NE,NE,NE,7.2,2.2,2.6,0,2.3,1.9,0.4,13,0,-2.5,-3.27,-1.74,-2.5,-3.28,-1.72,7.2,2.2,2.6,0,2.3,1.9,0.4,13,0,-2.5,-3.27,-1.74,-2.5,-3.28,-1.72,,,,,,,,,,,,,,,,,,,,,,,,,,,,,,,0,0%,0%,0%,SUPP,SUPP,SUPP,SUPP,NE,NE,NE,NE,0%,0%,0%,0%,0%,0%,NE,SUPP,NE,NE,NE,NE,SUPP,NE,NE,NE,NE,SUPP,NE,NE,NE,NE,NE,NE,NE,NE,NE,SUPP,SUPP,NE,NE,NE,NE,NE,NE,NE,NE,SUPP,SUPP,NE,NE,NE,NE,NE,NE,NE,NE,SUPP,SUPP,NE,NE,,,,,,,0%,0%,0%,NE,NE,NE,0%,0%,0%,NE,NE,NE,,,,,,,,,,,,,0%,,,77%,,,,,0%,17%,0,0%,SUPP,SUPP,NE,NE,8%,NE,NE,8%,0%,0%,0,0%,SUPP,SUPP,NE,NE,0%,NE,NE,0%,,,,,,,,,0%,0%,,,,,,,,,1.8,1.6,SUPP,NE,2,1.7,,,,,1.6,1.3,SUPP,NE,1.7,1.5,,,,,29,0,0%
2,919,7024,117681,Breakspeare School,,Gallows Hill Lane,,,Abbots Langley,WD5 0BU,01923263645,E14001021,Watford,0,0,CYS,Does not apply,NA,NA,MIXED,0,1,0,2-19,97,60,37,4,SUPP,SUPP,SUPP,SUPP,SUPP,SUPP,SUPP,SUPP,SUPP,SUPP,SUPP,SUPP,SUPP,SUPP,SUPP,SUPP,SUPP,SUPP,SUPP,SUPP,SUPP,SUPP,SUPP,,,,,,,SUPP,SUPP,SUPP,SUPP,SUPP,SUPP,SUPP,SUPP,SUPP,SUPP,SUPP,SUPP,SUPP,SUPP,SUPP,SUPP,SUPP,SUPP,SUPP,SUPP,SUPP,SUPP,SUPP,SUPP,SUPP,SUPP,SUPP,SUPP,SUPP,SUPP,SUPP,SUPP,SUPP,SUPP,SUPP,SUPP,SUPP,SUPP,SUPP,SUPP,SUPP,SUPP,SUPP,SUPP,SUPP,SUPP,SUPP,SUPP,SUPP,SUPP,,,,,,,SUPP,SUPP,SUPP,SUPP,SUPP,SUPP,SUPP,SUPP,SUPP,SUPP,SUPP,SUPP,SUPP,SUPP,SUPP,SUPP,SUPP,SUPP,SUPP,SUPP,SUPP,SUPP,SUPP,SUPP,SUPP,SUPP,SUPP,SUPP,SUPP,SUPP,SUPP,SUPP,SUPP,SUPP,SUPP,SUPP,SUPP,SUPP,SUPP,SUPP,SUPP,SUPP,SUPP,SUPP,SUPP,SUPP,SUPP,SUPP,SUPP,SUPP,SUPP,SUPP,SUPP,SUPP,SUPP,SUPP,SUPP,SUPP,SUPP,SUPP,SUPP,SUPP,SUPP,SUPP,SUPP,SUPP,SUPP,SUPP,SUPP,SUPP,SUPP,SUPP,SUPP,SUPP,SUPP,SUPP,SUPP,SUPP,SUPP,SUPP,SUPP,SUPP,SUPP,SUPP,SUPP,SUPP,SUPP,SUPP,SUPP,SUPP,SUPP,SUPP,SUPP,SUPP,SUPP,SUPP,SUPP,SUPP,SUPP,SUPP,SUPP,SUPP,SUPP,SUPP,SUPP,SUPP,SUPP,SUPP,SUPP,SUPP,SUPP,SUPP,SUPP,SUPP,SUPP,SUPP,SUPP,SUPP,SUPP,SUPP,SUPP,SUPP,SUPP,SUPP,SUPP,SUPP,SUPP,SUPP,SUPP,SUPP,SUPP,SUPP,SUPP,SUPP,SUPP,SUPP,SUPP,SUPP,SUPP,SUPP,SUPP,SUPP,SUPP,SUPP,SUPP,SUPP,SUPP,SUPP,SUPP,SUPP,SUPP,SUPP,SUPP,SUPP,SUPP,SUPP,SUPP,SUPP,SUPP,SUPP,SUPP,SUPP,SUPP,SUPP,SUPP,SUPP,SUPP,SUPP,SUPP,SUPP,SUPP,SUPP,SUPP,SUPP,SUPP,SUPP,SUPP,SUPP,SUPP,SUPP,SUPP,SUPP,SUPP,SUPP,SUPP,SUPP,SUPP,SUPP,SUPP,SUPP,SUPP,SUPP,SUPP,SUPP,SUPP,SUPP,SUPP,SUPP,SUPP,SUPP,SUPP,SUPP,SUPP,SUPP,,,,,,,,,,,,,,,,,,,,,,,,,,,,,,,SUPP,SUPP,SUPP,SUPP,SUPP,SUPP,SUPP,SUPP,SUPP,SUPP,SUPP,SUPP,SUPP,SUPP,SUPP,SUPP,SUPP,SUPP,SUPP,SUPP,SUPP,SUPP,SUPP,SUPP,SUPP,SUPP,SUPP,SUPP,SUPP,SUPP,SUPP,SUPP,SUPP,SUPP,SUPP,SUPP,SUPP,SUPP,SUPP,SUPP,SUPP,SUPP,SUPP,SUPP,SUPP,SUPP,SUPP,SUPP,SUPP,SUPP,SUPP,SUPP,SUPP,SUPP,SUPP,SUPP,SUPP,SUPP,SUPP,SUPP,SUPP,SUPP,SUPP,,,,,,,SUPP,SUPP,SUPP,SUPP,SUPP,SUPP,SUPP,SUPP,SUPP,SUPP,SUPP,SUPP,,,,,,,,,,,,,SUPP,,,SUPP,,,,,SUPP,SUPP,SUPP,SUPP,SUPP,SUPP,SUPP,SUPP,SUPP,SUPP,SUPP,SUPP,SUPP,SUPP,SUPP,SUPP,SUPP,SUPP,SUPP,SUPP,SUPP,SUPP,SUPP,SUPP,,,,,,,,,SUPP,SUPP,,,,,,,,,SUPP,SUPP,SUPP,SUPP,SUPP,SUPP,,,,,SUPP,SUPP,SUPP,SUPP,SUPP,SUPP,,,,,SUPP,SUPP,SUPP
1,919,4101,136396,The Broxbourne School,,Badgers Walk,,,Broxbourne,EN10 7FU,01992411060,E14000606,Broxbourne,0,0,ACC,None,NSE,OTHER NON SEL,MIXED,0,0,1,11-18,1300,615,685,208,99,48%,109,52%,107.1,30,15%,83,41%,89,44%,31,15%,177,85%,15,7%,193,93%,0,0%,207,100%,2,1%,23,11%,21,10%,11657.3,56,2464,11.8,2296,11,3365.5,16.2,3531.8,17,3237,15.6,294.8,1.4,2.9,2.9,202,1,97%,-0.06,-0.26,0.13,-0.07,-0.27,0.13,-0.01,-0.23,0.22,-0.06,-0.28,0.15,-0.2,-0.43,0.03,0.01,-0.22,0.23,81%,65%,1060,5.1,3.8,5.32,2.47,4.53,6.44,5.19,5.1,5.09,5.12,,,,,,,152,73%,49%,30%,205,99%,207,100%,201,97%,188,90%,163,78%,91%,80%,82%,67%,82%,60%,80%,70%,67%,45%,195,97%,182,97%,157,96%,-0.23,-0.44,-0.03,-0.06,-0.32,0.2,-1.1,-1.4,-0.79,189,167,171,140,164,120,150,131,110,74,143,69%,205,99%,205,99%,197,98%,188,100%,156,96%,44.4,31,0,-0.55,-1.05,-0.05,-0.55,-1.06,-0.04,58.1,171,1,0.03,-0.19,0.24,0.01,-0.2,0.23,9.6,-0.53,-1.1,0.03,8.5,-0.61,-1.15,-0.07,12.3,-0.7,-1.27,-0.12,14,-0.37,-0.95,0.2,12.2,0.09,-0.15,0.33,11.5,0.03,-0.2,0.26,16.9,-0.11,-0.35,0.14,17.5,0.07,-0.17,0.32,11.7,2.3,16.2,1.3,-8.4,-0.7,32.6,30,0,-0.05,-0.56,0.45,-0.05,-0.57,0.46,50.8,83,0,-0.03,-0.33,0.27,-0.03,-0.34,0.28,68.4,89,1,-0.1,-0.39,0.2,-0.12,-0.42,0.18,56.6,11.7,11.3,16.5,17,14.7,2.3,15,0,0.34,-0.37,1.05,0.34,-0.39,1.07,56.6,12.2,10.6,16.1,17.7,16.4,1.3,105,1,0.06,-0.21,0.33,0.04,-0.23,0.32,55.4,11.5,11.5,16.3,16.2,14.7,1.5,97,0,-0.19,-0.47,0.09,-0.19,-0.48,0.09,56.1,11.9,11.1,16.2,17,15.6,1.4,201,1,-0.06,-0.26,0.13,-0.07,-0.27,0.13,,,,,,,,,,,,,,,,,,,,,,,,,,,,,,,3,10%,0%,0%,59,71%,36%,13%,84,94%,76%,56%,48%,77%,23%,6%,54%,34%,-0.11,-0.23,-0.28,-0.68,-0.16,-0.12,-0.11,-0.01,-0.7,0.05,-1.29,-0.84,-1.29,-1.4,-1.06,-0.15,-1.22,0.07,-0.38,0.45,-0.67,0.09,-0.54,0.03,-0.59,-0.03,-1.38,0.33,-0.23,0.63,-0.87,0.3,-0.53,0.37,-0.38,-0.47,-2.32,-0.74,-1.39,0.27,-2.85,-0.37,-1.31,-0.87,-1.71,,,,,,,77%,44%,24%,70%,53%,36%,73%,49%,30%,73%,47%,20%,,,,,,,,,,,,,77%,,,99%,,,,,55%,85%,6,20%,68,82%,88,99%,86%,76%,87%,81%,35%,70%,0,0%,45,54%,84,94%,71%,60%,67%,65%,,,,,,,,,8%,38%,,,,,,,,,8.8,7.1,8.7,9.4,8.3,8.9,,,,,8.5,6.3,8.4,9.3,7.7,8.6,,,,,1840,5,0%
1,919,5408,137872,Bushey Meads School,,Coldharbour Lane,,,Bushey,WD23 4PA,02089503000,E14000745,Hertsmere,0,0,ACC,None,NSE,OTHER NON SEL,MIXED,0,0,1,11-18,1230,673,557,180,115,64%,65,36%,106.2,21,12%,106,61%,48,27%,33,18%,147,82%,41,23%,138,77%,1,1%,179,99%,9,5%,42,23%,33,18%,9739,54.1,2048,11.4,2050,11.4,2814,15.6,2827,15.7,2681,14.9,146,0.8,2.8,2.8,175,3,97%,0.02,-0.19,0.23,0.01,-0.21,0.22,-0.02,-0.25,0.22,0.42,0.2,0.65,-0.07,-0.31,0.17,-0.18,-0.42,0.06,81%,66%,777.01,4.32,3.03,4.61,1.86,3.93,6.36,4.99,4.28,4.34,4.32,,,,,,,16,9%,8%,7%,171,95%,173,96%,165,92%,87,48%,35,19%,88%,76%,82%,72%,84%,67%,84%,71%,94%,86%,161,98%,86,99%,34,97%,0.16,-0.07,0.38,0.01,-0.37,0.39,1.57,0.92,2.23,158,137,148,130,138,110,73,62,33,30,15,8%,171,95%,170,94%,165,100%,87,100%,33,94%,38.7,32,3,-1.03,-1.52,-0.54,-1.1,-1.6,-0.61,57.6,143,0,0.25,0.02,0.49,0.25,0.02,0.49,8.1,-1.3,-1.86,-0.74,8.8,-0.35,-0.88,0.18,11.5,-0.99,-1.55,-0.42,10.3,-1.59,-2.16,-1.03,12.1,0.27,0.01,0.54,12,0.6,0.35,0.85,16.6,0.13,-0.13,0.4,16.9,0.14,-0.13,0.4,9.8,0.5,16,0.9,-14.1,-1.18,25.5,21,0,-0.63,-1.24,-0.03,-0.63,-1.25,-0.02,50.9,106,3,-0.06,-0.33,0.21,-0.08,-0.36,0.19,74.9,48,0,0.48,0.09,0.88,0.48,0.08,0.89,62.3,12.7,13.6,18.2,17.9,17,0.9,40,0,0.49,0.06,0.93,0.49,0.05,0.94,54.1,12,10.7,15.1,16.2,15.4,0.8,64,2,0.19,-0.16,0.53,0.18,-0.17,0.53,54.1,11,11.8,15.9,15.4,14.6,0.8,111,1,-0.08,-0.34,0.18,-0.09,-0.36,0.17,54,11.3,11.4,15.6,15.7,14.8,0.8,175,3,0.02,-0.19,0.23,0.01,-0.21,0.22,,,,,,,,,,,,,,,,,,,,,,,,,,,,,,,0,0%,0%,0%,6,6%,4%,3%,10,21%,21%,19%,3%,10%,0%,0%,10%,8%,0.1,0.05,0.39,-0.33,0.24,SUPP,-0.44,0.59,-0.66,0.1,SUPP,1.05,2.06,SUPP,1.9,0.25,-0.9,0.49,0,0.93,-0.73,0.33,-0.24,0.81,-0.02,0.41,-1.72,0.51,-0.3,SUPP,SUPP,0.08,-0.97,1.18,0,SUPP,SUPP,2.6,1.2,SUPP,SUPP,1.93,0.17,3.13,1,,,,,,,8%,6%,4%,11%,11%,11%,9%,8%,7%,12%,10%,7%,,,,,,,,,,,,,78%,,,97%,,,,,64%,85%,6,29%,89,84%,48,100%,83%,77%,93%,81%,45%,71%,2,10%,67,63%,48,100%,68%,63%,85%,66%,,,,,,,,,1%,92%,,,,,,,,,8.4,6.2,8.5,9,7,8.7,,,,,8.2,5.9,8.3,9,6.9,8.5,,,,,1531,4,0%
1,919,5419,147246,Chancellor's School,,Pine Grove,Brookmans Park,,Hatfield,AL9 7BN,01707650702,E14001027,Welwyn Hatfield,0,0,ACC,None,NSE,OTHER NON SEL,MIXED,0,0,1,11-18,1214,678,536,186,98,53%,88,47%,106.3,29,16%,92,51%,59,33%,18,10%,168,90%,13,7%,158,85%,15,8%,182,98%,1,1%,22,12%,21,11%,10428,56.1,2130,11.5,1970,10.6,3116.5,16.8,3211.5,17.3,3004,16.2,207.5,1.1,2.9,3,180,1,97%,0.23,0.03,0.44,0.23,0.02,0.44,0.05,-0.18,0.29,0.05,-0.17,0.28,0.34,0.1,0.58,0.37,0.13,0.61,83%,60%,980.27,5.27,3.75,5.43,3.23,5.03,6.85,6.12,5.63,4.95,5.3,,,,,,,146,78%,61%,42%,185,99%,183,98%,185,99%,164,88%,154,83%,90%,76%,84%,65%,77%,61%,90%,77%,89%,72%,179,97%,161,98%,151,98%,0.13,-0.08,0.35,0.52,0.24,0.8,0.28,-0.03,0.59,168,142,157,120,142,113,147,127,137,111,146,78%,185,99%,183,98%,185,100%,162,99%,154,100%,41.4,16,0,-0.83,-1.52,-0.14,-0.83,-1.53,-0.12,57.6,164,1,0.34,0.12,0.55,0.34,0.12,0.56,9.3,-0.58,-1.37,0.21,7,-1.33,-2.08,-0.58,11.9,-0.82,-1.62,-0.01,13.1,-0.68,-1.47,0.12,11.7,0.11,-0.13,0.36,11,0.19,-0.05,0.42,17.3,0.45,0.2,0.7,17.7,0.47,0.22,0.72,11.4,1.7,16.7,1.1,-11.4,-0.98,37.9,29,0,0.28,-0.23,0.8,0.28,-0.24,0.81,53.6,92,1,0.22,-0.07,0.51,0.22,-0.08,0.51,70.9,59,0,0.23,-0.13,0.59,0.23,-0.14,0.6,62.7,12.2,12.3,19.6,18.6,17,1.6,12,0,0.81,0.01,1.6,0.81,-0.01,1.62,60,12.3,10.8,17.8,19.1,18.5,0.7,87,0,0.54,0.24,0.84,0.54,0.24,0.84,52.5,10.7,10.4,15.8,15.6,14.1,1.5,93,1,-0.05,-0.34,0.23,-0.05,-0.35,0.24,56.4,11.5,10.7,16.8,17.4,16.3,1.1,177,1,0.26,0.05,0.46,0.26,0.04,0.47,,,,,,,,,,,,,,,,,,,,,,,,,,,,,,,11,38%,17%,3%,78,85%,59%,37%,54,92%,88%,71%,61%,80%,33%,17%,64%,45%,0.09,0.04,0.3,-1.17,0.26,0.81,0.56,0.34,-0.2,0.58,0.77,0.2,0.29,-0.99,0.39,-0.45,-1.89,0.48,0.03,0.62,-0.44,0.34,-0.26,0.67,-0.08,0.75,-1.14,0.88,0.29,1.6,0.02,0.94,0.18,0.82,-0.13,0.12,-2.09,0.72,0.07,1.83,-0.3,0.63,-0.23,0.79,-0.21,,,,,,,72%,56%,36%,85%,66%,49%,79%,60%,43%,92%,77%,54%,,,,,,,,,,,,,81%,,,99%,,,,,61%,85%,15,52%,78,85%,59,100%,78%,89%,92%,83%,22%,64%,2,7%,55,60%,53,90%,57%,63%,54%,61%,,,,,,,,,10%,31%,,,,,,,,,8.4,7.6,8.2,9.3,7.7,8.5,,,,,8.1,7.1,7.9,9.2,7.2,8.2,,,,,1571,5,0%
1,919,4498,137090,The Chauncy School,,Park Road,,,Ware,SG12 0DP,01920411200,E14000744,Hertford and Stortford,0,0,ACC,None,NSE,OTHER NON SEL,MIXED,0,0,1,11-18,1292,695,597,169,89,53%,80,47%,102,59,35%,86,51%,23,14%,24,14%,145,86%,4,2%,165,98%,0,0%,169,100%,2,1%,30,18%,28,17%,8439.8,49.9,1723,10.2,1684,10,2364.5,14,2668.3,15.8,1989.5,11.8,678.8,4,2.8,2.9,168,0,99%,0.39,0.17,0.6,0.39,0.17,0.6,0.11,-0.13,0.36,0.58,0.35,0.82,0.25,0.01,0.5,0.57,0.32,0.81,75%,53%,718.68,4.25,3.07,4.45,2.65,4.83,6.27,SUPP,4.54,3.99,4.25,,,,,,,50,30%,24%,17%,164,97%,166,98%,164,97%,155,92%,50,30%,82%,67%,78%,59%,70%,48%,67%,55%,94%,78%,163,99%,154,99%,49,98%,0.27,0.04,0.5,0.22,-0.06,0.51,0.82,0.27,1.36,139,113,132,100,115,79,104,86,47,39,50,30%,163,96%,165,98%,164,100%,153,99%,50,100%,39,24,0,-0.19,-0.75,0.37,-0.19,-0.77,0.38,51.8,144,0,0.48,0.25,0.71,0.48,0.25,0.72,8.4,-0.32,-0.96,0.32,7.8,0.08,-0.53,0.69,10,-0.52,-1.17,0.14,12.8,0.04,-0.61,0.7,10.5,0.18,-0.08,0.45,10.3,0.67,0.42,0.92,14.7,0.38,0.11,0.65,16.3,0.65,0.39,0.92,8.2,4.6,12.4,3.9,-13.8,-0.34,33.8,59,0,0.22,-0.14,0.58,0.22,-0.14,0.59,55.9,86,0,0.55,0.25,0.85,0.55,0.24,0.85,70.1,23,0,0.2,-0.38,0.77,0.2,-0.39,0.78,SUPP,SUPP,SUPP,SUPP,SUPP,SUPP,SUPP,SUPP,SUPP,SUPP,SUPP,SUPP,SUPP,SUPP,SUPP,53.5,10.9,10.2,14.9,17.5,13.9,3.7,80,0,0.73,0.42,1.04,0.73,0.42,1.05,46.8,9.6,9.8,13.2,14.2,9.9,4.3,88,0,0.07,-0.22,0.36,0.07,-0.23,0.37,49.9,10.2,10,14,15.8,11.8,4,168,0,0.39,0.17,0.6,0.39,0.17,0.6,,,,,,,,,,,,,,,,,,,,,,,,,,,,,,,8,14%,8%,2%,32,37%,30%,22%,9,39%,39%,39%,13%,32%,4%,0%,27%,20%,0.29,0.35,-0.05,-0.06,0.32,-0.13,0.4,0.26,-0.84,0.38,0.74,0.74,1.15,SUPP,0.84,0.55,-0.67,0.56,0.08,0.67,-0.1,0.66,0.03,0.55,-0.65,-0.05,-1.62,0.68,0.07,0.39,-0.65,0.78,0.02,1,-0.48,SUPP,SUPP,1.4,0.27,2.1,-0.61,1.42,0.06,2.43,-0.13,,,,,,,22%,17%,12%,38%,31%,23%,30%,24%,17%,SUPP,SUPP,SUPP,,,,,,,,,,,,,72%,,,99%,,,,,54%,78%,22,37%,81,94%,23,100%,72%,78%,SUPP,75%,38%,56%,9,15%,59,69%,22,96%,53%,54%,SUPP,53%,,,,,,,,,0%,23%,,,,,,,,,9.1,8,9.3,10.7,8,9.2,,,,,8.1,6.9,8.4,9.8,6.9,8.3,,,,,1538,195,13%
2,919,7013,117672,The Collett School,,Lockers Park Lane,,,Hemel Hempstead,HP1 1TQ,01442398988,E14000739,Hemel Hempstead,0,0,CYS,Does not apply,NA,NA,MIXED,0,1,0,4-16,133,91,42,13,12,92%,1,8%,77.7,13,100%,0,0%,0,0%,6,46%,7,54%,2,15%,11,85%,0,0%,13,100%,,,,,,,NE,NE,NE,NE,NE,NE,NE,NE,NE,NE,NE,NE,NE,NE,NE,NE,NE,NE,NE,NE,NE,NE,NE,NE,NE,NE,NE,NE,NE,NE,NE,NE,NE,NE,NE,NE,NE,NE,NE,NE,NE,NE,NE,NE,NE,NE,SUPP,SUPP,SUPP,NE,,,,,,,NE,NE,NE,NE,NE,NE,NE,NE,NE,NE,NE,NE,NE,NE,NE,NE,NE,NE,NE,NE,NE,NE,NE,NE,NE,NE,NE,NE,NE,NE,NE,NE,NE,NE,NE,NE,NE,NE,NE,NE,NE,NE,NE,NE,NE,NE,NE,NE,NE,NE,NE,NE,NE,NE,NE,NE,NE,NE,NE,NE,NE,NE,NE,NE,NE,NE,NE,NE,NE,NE,NE,NE,NE,NE,NE,NE,NE,NE,NE,NE,NE,NE,NE,NE,NE,NE,NE,NE,NE,NE,NE,NE,NE,NE,NE,NE,NE,NE,NE,NE,NE,NE,NE,NE,NE,NE,NE,NE,NE,NE,NE,NE,NE,NE,NE,NE,NE,NE,NE,NE,NE,NE,NE,NE,NE,NE,NE,NE,NE,NE,NE,NE,NE,NE,NE,NE,NE,NE,NE,NE,NE,NE,NE,NE,SUPP,SUPP,SUPP,SUPP,SUPP,SUPP,SUPP,SUPP,SUPP,SUPP,SUPP,SUPP,SUPP,SUPP,SUPP,SUPP,SUPP,SUPP,SUPP,SUPP,SUPP,SUPP,SUPP,SUPP,SUPP,SUPP,SUPP,SUPP,SUPP,SUPP,SUPP,SUPP,SUPP,SUPP,SUPP,SUPP,SUPP,SUPP,SUPP,SUPP,SUPP,SUPP,SUPP,SUPP,SUPP,NE,NE,NE,NE,NE,NE,NE,NE,NE,NE,NE,NE,NE,NE,NE,,,,,,,,,,,,,,,,,,,,,,,,,,,,,,,NE,NE,NE,NE,NE,NE,NE,NE,NE,NE,NE,NE,NE,NE,NE,NE,NE,NE,NE,NE,NE,NE,NE,NE,NE,NE,NE,NE,NE,NE,NE,NE,NE,NE,NE,NE,NE,NE,NE,NE,NE,NE,NE,NE,NE,NE,NE,NE,NE,NE,NE,NE,NE,NE,NE,NE,NE,NE,NE,NE,NE,NE,NE,,,,,,,SUPP,SUPP,SUPP,SUPP,SUPP,SUPP,NE,NE,NE,SUPP,SUPP,SUPP,,,,,,,,,,,,,NE,,,NE,,,,,NE,NE,NE,NE,NE,NE,NE,NE,SUPP,SUPP,SUPP,NE,NE,NE,NE,NE,NE,NE,NE,NE,SUPP,SUPP,SUPP,NE,,,,,,,,,NE,NE,,,,,,,,,NE,NE,NE,NE,NE,NE,,,,,NE,NE,NE,NE,NE,NE,,,,,NE,NE,NE
1,919,4025,144402,Croxley Danes School,,Baldwins Lane,Croxley Green,,Rickmansworth,WD3 3LR,01923284483,E14000951,South West Hertfordshire,0,0,F,None,NR,OTHER NON SEL,MIXED,0,0,0,11-18,835,403,432,119,60,50%,59,50%,105.6,20,17%,63,55%,32,28%,12,10%,107,90%,13,11%,106,89%,0,0%,118,99%,0,0%,22,18%,22,18%,6775,56.9,1487,12.5,1244,10.5,1995,16.8,2049,17.2,2049,17.2,0,0,3,3,115,0,97%,0.43,0.17,0.68,0.43,0.16,0.69,0.67,0.38,0.96,0.05,-0.23,0.33,0.47,0.17,0.77,0.47,0.17,0.77,82%,60%,611.83,5.14,3.71,5.3,3.55,4.79,6.88,5.54,5.09,5.19,5.13,,,,,,,67,56%,46%,31%,118,99%,119,100%,119,100%,111,93%,69,58%,92%,86%,83%,60%,83%,61%,81%,76%,88%,74%,115,97%,107,96%,68,99%,0.35,0.08,0.61,0.46,0.12,0.8,-0.03,-0.5,0.43,110,102,99,71,99,72,90,84,61,51,67,56%,118,99%,119,100%,119,100%,111,100%,69,100%,42.2,12,0,-0.26,-1.05,0.54,-0.26,-1.07,0.56,58.6,103,0,0.51,0.23,0.78,0.51,0.23,0.78,10.7,0.45,-0.46,1.36,7,-0.77,-1.64,0.1,11.6,-0.37,-1.29,0.56,12.9,-0.27,-1.2,0.65,12.7,0.7,0.38,1.01,10.8,0.15,-0.15,0.44,17.3,0.57,0.25,0.88,17.7,0.56,0.24,0.87,12.9,0,17.7,0,-10.6,-0.41,42.4,20,0,0.79,0.17,1.41,0.79,0.16,1.42,54.2,63,0,0.35,0,0.7,0.35,-0.01,0.7,71.8,32,0,0.35,-0.14,0.84,0.35,-0.15,0.85,59.8,12.2,11.7,18.6,17.4,17.4,0,12,0,0.84,0.04,1.64,0.84,0.03,1.65,56.9,12.9,9.8,16.2,18,18,0,58,0,0.5,0.14,0.86,0.5,0.13,0.87,56.9,12.1,11.1,17.3,16.4,16.4,0,57,0,0.35,-0.01,0.72,0.35,-0.02,0.72,56.8,12.5,10.4,16.7,17.2,17.2,0,115,0,0.43,0.17,0.68,0.43,0.16,0.69,,,,,,,,,,,,,,,,,,,,,,,,,,,,,,,6,30%,20%,20%,30,48%,35%,19%,30,94%,88%,63%,58%,56%,8%,8%,50%,34%,0.57,0.29,0.32,-0.49,0.44,1.2,0.25,0.51,-0.46,0.57,1.47,0.05,-0.42,-1.02,0.08,0.34,-1.32,0.73,0.16,1.22,-0.07,0.65,-0.08,0.83,-0.19,0.6,-1.52,0.93,0.21,2.11,0.28,0.71,-0.21,1.13,-0.12,0.43,-2.46,0.57,-0.41,3.04,-0.09,0.73,-0.62,0.28,-1.12,,,,,,,50%,42%,30%,63%,51%,32%,57%,47%,31%,62%,46%,46%,,,,,,,,,,,,,79%,,,100%,,,,,58%,84%,11,55%,52,83%,32,100%,85%,78%,77%,81%,25%,64%,8,40%,33,52%,28,88%,62%,58%,69%,59%,,,,,,,,,2%,18%,,,,,,,,,8.1,7.8,8.1,8.2,7.9,8.1,,,,,8.1,7.8,8.1,8.2,7.9,8.1,,,,,959,0,0%
1,919,5407,136554,Dame Alice Owen's School,,Dugdale Hill Lane,,,Potters Bar,EN6 2DU,01707643441,E14000745,Hertsmere,0,0,ACC,None,NSE,OTHER NON SEL,MIXED,0,0,1,11-18,1447,713,734,202,101,50%,101,50%,112.5,7,4%,45,25%,131,72%,20,10%,182,90%,17,8%,185,92%,0,0%,202,100%,3,1%,25,12%,22,11%,15314,75.8,3005,14.9,2976,14.7,4714,23.3,4619,22.9,4603.5,22.8,15.5,0.1,3,3,183,0,91%,0.74,0.53,0.94,0.74,0.53,0.94,0.48,0.24,0.71,0.53,0.31,0.76,0.91,0.67,1.14,0.87,0.63,1.1,95%,90%,1476.27,7.31,5.19,7.54,3.48,5.64,7.99,7.78,7.58,7.04,7.31,,,,,,,167,83%,77%,72%,199,99%,202,100%,202,100%,183,91%,184,91%,98%,95%,96%,92%,97%,92%,93%,91%,95%,89%,183,91%,165,90%,165,90%,0.88,0.67,1.09,0.8,0.53,1.08,0.85,0.55,1.14,197,191,194,186,196,186,170,167,175,164,166,82%,199,99%,202,100%,201,100%,183,100%,183,99%,56.6,20,0,0,-0.62,0.62,0,-0.63,0.63,77.9,163,0,0.83,0.61,1.04,0.83,0.6,1.05,12,0.03,-0.67,0.74,10.2,-0.47,-1.14,0.2,17.3,0.22,-0.5,0.93,17.2,0.07,-0.64,0.79,15.2,0.53,0.28,0.78,15.2,0.66,0.42,0.89,24,0.99,0.74,1.24,23.5,0.97,0.72,1.22,17.2,0,23.4,0.1,3.8,-0.15,44.1,7,0,1.07,0.02,2.11,1.07,0,2.13,60.9,45,0,0.85,0.44,1.26,0.85,0.43,1.27,81.9,131,0,0.68,0.44,0.92,0.68,0.43,0.92,79.1,15.4,15.6,24.5,23.5,23.5,0,15,0,0.64,-0.07,1.36,0.64,-0.08,1.37,78.9,15.7,15.1,24.2,23.8,23.8,0,88,0,0.89,0.59,1.18,0.89,0.59,1.19,72.8,14,14.3,22.5,21.9,21.8,0.2,95,0,0.59,0.31,0.88,0.59,0.31,0.88,75.8,14.9,14.7,23.3,22.9,22.8,0.1,183,0,0.74,0.53,0.94,0.74,0.53,0.94,,,,,,,,,,,,,,,,,,,,,,,,,,,,,,,1,14%,0%,0%,33,73%,56%,44%,115,88%,86%,83%,65%,85%,50%,30%,80%,76%,1.07,1.04,0.82,0.23,0.96,SUPP,1,0.74,0.08,0.88,SUPP,0.51,0.96,-0.19,0.95,0.88,-0.41,1.19,0.74,2.15,-0.02,1.47,0.61,1.07,0.57,0.94,-0.77,1.17,0.59,SUPP,SUPP,1.56,0.44,1.07,0.42,0.8,-1.18,1.26,0.64,SUPP,SUPP,1.15,-0.13,1.3,0.62,,,,,,,86%,77%,68%,79%,77%,75%,83%,77%,72%,88%,88%,88%,,,,,,,,,,,,,95%,,,100%,,,,,75%,97%,4,57%,39,87%,130,99%,94%,96%,100%,95%,60%,93%,2,29%,31,69%,129,98%,87%,92%,94%,90%,,,,,,,,,13%,74%,,,,,,,,,9.5,7.4,8.5,9.9,8.3,9.6,,,,,9.5,7.4,8.5,9.9,8.3,9.6,,,,,1923,13,1%
1,919,6062,117623,Egerton-Rothesay School,,Durrants Lane,,,Berkhamsted,HP4 3UJ,01442865275,E14000951,South West Hertfordshire,0,0,IND,Christian,,NA,MIXED,0,0,1,6-19,161,120,41,29,21,72%,8,28%,NP,NP,NP,NP,NP,NP,NP,NP,NP,NP,NP,NP,NP,NP,NP,NP,NP,NP,NP,NA,NA,NA,NA,NA,NA,501,17.3,90,3.1,144,5,126,4.3,141,4.9,96,3.3,45,1.6,0.8,1.1,NP,NP,NP,NP,NP,NP,NP,NP,NP,NP,NP,NP,NP,NP,NP,NP,NP,NP,NP,NP,NP,31%,14%,31.16,1.07,NP,NP,NP,NP,NP,NP,0.77,1.19,NP,,,,,,,0,0%,0%,0%,0,0%,18,62%,6,21%,5,17%,3,10%,0%,0%,34%,24%,100%,100%,SUPP,SUPP,SUPP,SUPP,NP,NP,NP,NP,NP,NP,NP,NP,NP,NP,NP,NP,NP,NP,NP,0,0,10,7,6,6,SUPP,SUPP,SUPP,SUPP,0,0%,0,0%,18,62%,6,100%,SUPP,SUPP,SUPP,SUPP,NP,NP,NP,NP,NP,NP,NP,NP,NP,NP,NP,NP,NP,NP,NP,NP,NP,NP,NP,NP,NP,NP,NP,NP,NP,NP,NP,NP,NP,NP,NP,NP,NP,NP,NP,NP,NP,NP,NP,NP,NP,NP,NP,NP,NP,NP,NP,NP,NP,NP,NP,NP,NP,NP,NP,NP,NP,NP,NP,NP,NP,NP,NP,NP,NP,NP,NP,NP,NP,NP,NP,NP,NP,NP,NP,NP,NP,NP,NP,NP,NP,NP,NP,NP,NP,NP,NP,NP,NP,NP,NP,NP,NP,NP,NP,NP,NP,NP,16.6,3.6,4.5,3.4,5.1,3.9,1.3,NP,NP,NP,NP,NP,NP,NP,NP,17.5,2.9,5.1,4.7,4.8,3.1,1.7,NP,NP,NP,NP,NP,NP,NP,NP,NP,NP,NP,NP,NP,NP,NP,NP,NP,NP,NP,NP,NP,NP,NP,,,,,,,,,,,,,,,,,,,,,,,,,,,,,,,NP,NP,NP,NP,NP,NP,NP,NP,NP,NP,NP,NP,NP,NP,NP,NP,NP,NP,NP,NP,NP,NP,NP,NP,NP,NP,NP,NP,NP,NP,NP,NP,NP,NP,NP,NP,NP,NP,NP,NP,NP,NP,NP,NP,NP,NP,NP,NP,NP,NP,NP,NP,NP,NP,NP,NP,NP,NP,NP,NP,NP,NP,NP,,,,,,,0%,0%,0%,0%,0%,0%,NP,NP,NP,NP,NP,NP,,,,,,,,,,,,,14%,,,83%,,,,,NP,NP,NP,NP,NP,NP,NP,NP,33%,25%,NP,NP,NP,NP,NP,NP,NP,NP,NP,NP,10%,25%,NP,NP,,,,,,,,,0%,0%,,,,,,,,,3.1,NP,NP,NP,NP,NP,,,,,2.7,NP,NP,NP,NP,NP,,,,,93,0,0%
1,919,4004,139416,Elstree Screen Arts Academy,,Studio Way,Elstree,,Borehamwood,WD6 5NN,02083866220,E14000745,Hertsmere,0,0,UTC,Does not apply,NSE,OTHER NON SEL,MIXED,0,0,1,14-19,441,156,285,96,30,31%,66,69%,102.9,23,26%,56,64%,8,9%,26,27%,70,73%,1,1%,91,95%,4,4%,89,93%,2,2%,39,41%,37,39%,3810.3,39.7,953,9.9,746,7.8,756,7.9,1355.3,14.1,941,9.8,414.3,4.3,1.8,2.6,87,9,91%,-0.74,-1.04,-0.45,-0.89,-1.19,-0.58,-0.27,-0.61,0.07,-0.83,-1.15,-0.51,-1.99,-2.34,-1.65,-0.23,-0.57,0.12,63%,32%,265.35,2.76,2.4,2.9,2.28,2.83,2.65,SUPP,2.84,2.59,2.81,,,,,,,0,0%,0%,0%,84,88%,90,94%,90,94%,0,0%,1,1%,71%,60%,67%,38%,64%,43%,NE,NE,SUPP,SUPP,81,90%,,NE,1,SUPP,-0.49,-0.8,-0.17,NE,NE,NE,SUPP,SUPP,SUPP,68,58,64,36,58,39,NE,NE,SUPP,SUPP,0,0%,84,88%,87,91%,85,94%,NE,NE,SUPP,SUPP,34.4,25,4,-1,-1.55,-0.45,-1.23,-1.79,-0.67,41.7,62,5,-0.64,-0.99,-0.29,-0.75,-1.1,-0.39,8.7,-0.7,-1.33,-0.07,6.5,-1.23,-1.83,-0.63,7.1,-2.05,-2.69,-1.41,12,-0.76,-1.4,-0.12,10.4,-0.09,-0.49,0.31,8.2,-0.67,-1.05,-0.29,8.2,-1.97,-2.38,-1.56,14.9,-0.01,-0.41,0.4,8.7,3.4,10.2,4.7,-18.4,-1.15,33.7,23,0,0.1,-0.48,0.67,0.1,-0.49,0.68,40.6,56,5,-0.86,-1.23,-0.49,-0.92,-1.29,-0.54,37.8,8,4,-2.33,-3.31,-1.36,-3.48,-4.48,-2.49,SUPP,SUPP,SUPP,SUPP,SUPP,SUPP,SUPP,SUPP,SUPP,SUPP,SUPP,SUPP,SUPP,SUPP,SUPP,41.2,10.4,7.8,8.1,14.8,10,4.9,60,6,-0.58,-0.93,-0.22,-0.76,-1.12,-0.39,36.4,8.9,7.6,7.3,12.6,9.5,3.1,27,3,-1.12,-1.65,-0.59,-1.17,-1.71,-0.63,40.5,10.2,7.8,7.9,14.6,10,4.6,80,9,-0.68,-0.99,-0.37,-0.83,-1.15,-0.52,,,,,,,,,,,,,,,,,,,,,,,,,,,,,,,0,0%,0%,0%,0,0%,0%,0%,0,0%,0%,0%,0%,0%,0%,0%,0%,0%,0.17,-0.65,SUPP,-0.38,-0.52,NE,NE,NE,NE,NE,NE,SUPP,NE,NE,SUPP,0.23,-1,-0.15,-0.9,0.79,-0.44,-0.26,-1.04,SUPP,SUPP,NE,NE,NE,NE,NE,NE,NE,NE,NE,NE,NE,NE,SUPP,SUPP,NE,NE,SUPP,SUPP,NE,NE,,,,,,,0%,0%,0%,0%,0%,0%,0%,0%,0%,SUPP,SUPP,SUPP,,,,,,,,,,,,,57%,,,94%,,,,,50%,67%,7,30%,38,68%,6,75%,57%,65%,SUPP,63%,19%,37%,3,13%,17,30%,4,50%,27%,35%,SUPP,34%,,,,,,,,,0%,0%,,,,,,,,,6.5,6.6,6.5,5,5.8,6.7,,,,,5.4,5.7,5.5,4.5,5.1,5.6,,,,,676,12,2%
2,919,6009,145962,Elysium Healthcare Potters Bar Clinic School,,Barnet Road,Potters Bar,Hertfordshire,Potters Bar,EN6 2SE,01707858585,E14000745,Hertsmere,0,0,INDSS,None,,NA,MIXED,0,0,0,11-19,13,1,12,1,SUPP,SUPP,SUPP,SUPP,NP,NP,NP,NP,NP,NP,NP,NP,NP,NP,NP,NP,NP,NP,NP,NP,NP,NP,NP,,,,,,,SUPP,SUPP,SUPP,SUPP,SUPP,SUPP,SUPP,SUPP,SUPP,SUPP,SUPP,SUPP,SUPP,SUPP,SUPP,SUPP,NP,NP,NP,NP,NP,NP,NP,NP,NP,NP,NP,NP,NP,NP,NP,NP,NP,NP,NP,NP,NP,SUPP,SUPP,SUPP,SUPP,NP,NP,NP,NP,NP,NP,SUPP,SUPP,NP,,,,,,,SUPP,SUPP,SUPP,SUPP,SUPP,SUPP,SUPP,SUPP,SUPP,SUPP,SUPP,SUPP,SUPP,SUPP,SUPP,SUPP,SUPP,SUPP,SUPP,SUPP,SUPP,SUPP,SUPP,SUPP,NP,NP,NP,NP,NP,NP,NP,NP,NP,NP,NP,NP,NP,NP,NP,SUPP,SUPP,SUPP,SUPP,SUPP,SUPP,SUPP,SUPP,SUPP,SUPP,SUPP,SUPP,SUPP,SUPP,SUPP,SUPP,SUPP,SUPP,SUPP,SUPP,SUPP,SUPP,NP,NP,NP,NP,NP,NP,NP,NP,NP,NP,NP,NP,NP,NP,NP,NP,NP,NP,NP,NP,NP,NP,NP,NP,NP,NP,NP,NP,NP,NP,NP,NP,NP,NP,NP,NP,NP,NP,NP,NP,NP,NP,NP,NP,NP,NP,NP,NP,NP,NP,NP,NP,NP,NP,NP,NP,NP,NP,NP,NP,NP,NP,NP,NP,NP,NP,NP,NP,NP,NP,NP,NP,NP,NP,NP,NP,NP,NP,NP,NP,NP,NP,NP,NP,NP,NP,NP,NP,NP,NP,NP,NP,NP,NP,NP,NP,NP,NP,SUPP,SUPP,SUPP,SUPP,SUPP,SUPP,SUPP,NP,NP,NP,NP,NP,NP,NP,NP,SUPP,SUPP,SUPP,SUPP,SUPP,SUPP,SUPP,NP,NP,NP,NP,NP,NP,NP,NP,NP,NP,NP,NP,NP,NP,NP,NP,NP,NP,NP,NP,NP,NP,NP,,,,,,,,,,,,,,,,,,,,,,,,,,,,,,,NP,NP,NP,NP,NP,NP,NP,NP,NP,NP,NP,NP,NP,NP,NP,NP,NP,NP,NP,NP,NP,NP,NP,NP,NP,NP,NP,NP,NP,NP,NP,NP,NP,NP,NP,NP,NP,NP,NP,NP,NP,NP,NP,NP,NP,NP,NP,NP,NP,NP,NP,NP,NP,NP,NP,NP,NP,NP,NP,NP,NP,NP,NP,,,,,,,SUPP,SUPP,SUPP,SUPP,SUPP,SUPP,NP,NP,NP,NP,NP,NP,,,,,,,,,,,,,SUPP,,,SUPP,,,,,NP,NP,NP,NP,NP,NP,NP,NP,SUPP,SUPP,NP,NP,NP,NP,NP,NP,NP,NP,NP,NP,SUPP,SUPP,NP,NP,,,,,,,,,SUPP,SUPP,,,,,,,,,SUPP,NP,NP,NP,NP,NP,,,,,SUPP,NP,NP,NP,NP,NP,,,,,SUPP,SUPP,SUPP
2,919,7033,117686,Falconer School,,Falconer Road,,,Bushey,WD23 3AT,02089502505,E14000745,Hertsmere,0,0,CYS,Does not apply,NA,NA,BOYS,0,0,0,11-16,94,94,0,21,21,100%,0,0%,93.4,11,65%,5,29%,1,6%,18,86%,3,14%,0,0%,21,100%,0,0%,19,90%,,,,,,,167.3,8,7,0.3,56,2.7,66,3.1,38.3,1.8,15,0.7,23.3,1.1,1.3,0.8,17,0,81%,-2.55,-3.22,-1.88,-2.55,-3.23,-1.86,-3.63,-4.4,-2.87,-1.73,-2.46,-1,-2,-2.78,-1.22,-2.91,-3.69,-2.14,5%,0%,15.51,0.74,SUPP,SUPP,0.79,SUPP,SUPP,NE,NE,0.74,0.81,,,,,,,0,0%,0%,0%,0,0%,14,67%,11,52%,5,24%,0,0%,0%,0%,10%,0%,18%,0%,SUPP,SUPP,NE,NE,10,91%,5,SUPP,,NE,-1.16,-2.07,-0.26,SUPP,SUPP,SUPP,NE,NE,NE,0,0,2,0,2,0,SUPP,SUPP,NE,NE,0,0%,0,0%,13,62%,11,100%,SUPP,SUPP,NE,NE,SUPP,SUPP,SUPP,SUPP,SUPP,SUPP,SUPP,SUPP,SUPP,SUPP,SUPP,SUPP,SUPP,SUPP,SUPP,SUPP,SUPP,SUPP,SUPP,SUPP,SUPP,SUPP,SUPP,SUPP,SUPP,SUPP,SUPP,SUPP,SUPP,SUPP,SUPP,SUPP,SUPP,SUPP,SUPP,SUPP,SUPP,SUPP,SUPP,SUPP,SUPP,SUPP,SUPP,SUPP,SUPP,SUPP,SUPP,SUPP,SUPP,SUPP,SUPP,SUPP,SUPP,SUPP,SUPP,SUPP,9,11,0,-1.75,-2.59,-0.92,-1.75,-2.6,-0.9,SUPP,SUPP,SUPP,SUPP,SUPP,SUPP,SUPP,SUPP,SUPP,SUPP,SUPP,SUPP,SUPP,SUPP,SUPP,SUPP,SUPP,SUPP,NE,NE,NE,NE,NE,NE,NE,NE,NE,NE,NE,NE,NE,NE,NE,NE,NE,NE,NE,NE,NE,NE,NE,NE,NE,NE,NE,NE,NE,NE,8,0.3,2.7,3.1,1.8,0.7,1.1,17,0,-2.55,-3.22,-1.88,-2.55,-3.23,-1.86,8.3,0.4,2.8,3.4,1.6,0.8,0.8,15,0,-2.63,-3.35,-1.92,-2.63,-3.36,-1.91,,,,,,,,,,,,,,,,,,,,,,,,,,,,,,,0,0%,0%,0%,SUPP,SUPP,SUPP,SUPP,SUPP,SUPP,SUPP,SUPP,SUPP,SUPP,SUPP,SUPP,SUPP,SUPP,-0.35,SUPP,SUPP,SUPP,SUPP,SUPP,SUPP,SUPP,SUPP,SUPP,NE,SUPP,SUPP,SUPP,SUPP,SUPP,SUPP,SUPP,SUPP,0.82,-1.53,SUPP,SUPP,SUPP,SUPP,SUPP,SUPP,SUPP,SUPP,SUPP,SUPP,SUPP,SUPP,SUPP,SUPP,SUPP,SUPP,SUPP,SUPP,NE,NE,SUPP,SUPP,SUPP,SUPP,,,,,,,0%,0%,0%,NE,NE,NE,0%,0%,0%,NE,NE,NE,,,,,,,,,,,,,5%,,,67%,,,,,SUPP,SUPP,1,9%,SUPP,SUPP,SUPP,SUPP,5%,NE,NE,5%,SUPP,SUPP,0,0%,SUPP,SUPP,SUPP,SUPP,0%,NE,NE,0%,,,,,,,,,0%,0%,,,,,,,,,2.9,2.9,SUPP,SUPP,SUPP,SUPP,,,,,1.9,2.1,SUPP,SUPP,SUPP,SUPP,,,,,62,6,10%
1,919,4010,117504,Fearnhill School,,Icknield Way West,,,Letchworth,SG6 4BA,01462621200,E14000845,North East Hertfordshire,0,0,FD,Does not apply,NSE,OTHER NON SEL,MIXED,0,0,1,11-18,516,264,252,71,39,55%,32,45%,101.8,25,37%,34,51%,8,12%,22,31%,49,69%,5,7%,66,93%,0,0%,68,96%,3,4%,12,17%,9,13%,3447.5,48.6,712,10,680,9.6,1048.3,14.8,1007.3,14.2,912.5,12.9,94.8,1.3,2.7,2.8,67,1,94%,0.26,-0.08,0.6,0.25,-0.09,0.6,0.05,-0.34,0.43,0.41,0.05,0.78,0.49,0.09,0.88,0.05,-0.34,0.44,73%,52%,310.16,4.37,2.89,5.03,3.06,4.61,6.79,SUPP,4.64,4.14,4.31,,,,,,,24,34%,27%,20%,66,93%,69,97%,68,96%,58,82%,26,37%,79%,65%,77%,58%,76%,62%,76%,62%,88%,81%,64,94%,55,95%,24,92%,0.73,0.37,1.09,0.63,0.15,1.1,0.61,-0.17,1.39,56,46,55,41,52,42,44,36,23,21,23,32%,66,93%,69,97%,68,100%,57,98%,25,96%,34.1,21,1,-0.19,-0.79,0.41,-0.21,-0.82,0.41,55,46,0,0.47,0.06,0.87,0.47,0.05,0.88,7.2,-0.43,-1.12,0.26,6.6,-0.03,-0.69,0.62,10.2,0.05,-0.65,0.75,10,-0.43,-1.13,0.26,11.3,0.27,-0.2,0.73,10.9,0.62,0.18,1.06,16.8,0.69,0.21,1.16,16.1,0.27,-0.2,0.75,7.9,2.1,15.1,1,-18.7,-0.34,35.6,25,0,0.26,-0.29,0.81,0.26,-0.3,0.82,51.1,34,1,0.17,-0.31,0.64,0.15,-0.33,0.64,74.1,8,0,0.65,-0.32,1.63,0.65,-0.34,1.65,SUPP,SUPP,SUPP,SUPP,SUPP,SUPP,SUPP,SUPP,SUPP,SUPP,SUPP,SUPP,SUPP,SUPP,SUPP,50.8,10.6,9.8,15.3,15.1,13.1,2.1,30,0,0.38,-0.12,0.89,0.38,-0.13,0.9,46.7,9.6,9.4,14.4,13.4,12.7,0.7,37,1,0.16,-0.29,0.61,0.15,-0.32,0.61,47.9,9.9,9.4,14.6,14.1,12.7,1.4,65,1,0.23,-0.11,0.57,0.23,-0.12,0.57,,,,,,,,,,,,,,,,,,,,,,,,,,,,,,,4,16%,8%,4%,14,41%,32%,21%,4,50%,50%,50%,9%,45%,5%,0%,37%,29%,0.66,0.76,0.81,0.38,0.89,0.57,0.72,0.48,0.1,0.84,SUPP,0.51,SUPP,SUPP,0.73,1.02,-0.26,1.32,0.45,1.25,0.08,1.27,0.25,1.83,-0.21,0.98,-0.78,1.41,0.28,1.34,-0.2,1.41,0.03,1.73,-0.77,SUPP,SUPP,1.55,-0.09,SUPP,SUPP,1.47,-0.44,SUPP,SUPP,,,,,,,21%,15%,13%,50%,41%,28%,34%,26%,19%,SUPP,SUPP,SUPP,,,,,,,,,,,,,69%,,,97%,,,,,41%,88%,11,44%,30,88%,8,100%,69%,78%,SUPP,72%,23%,65%,7,28%,19,56%,8,100%,51%,53%,SUPP,51%,,,,,,,,,1%,3%,,,,,,,,,7.7,7.4,7.5,9.1,7.2,7.9,,,,,7.1,6.5,7.1,8.9,6.3,7.5,,,,,551,0,0%
1,919,4141,137002,Freman College,,Bowling Green Lane,,,Buntingford,SG9 9BT,01763271818,E14000845,North East Hertfordshire,0,0,ACC,None,NSE,OTHER NON SEL,MIXED,0,0,1,13-18,950,474,476,240,116,48%,124,52%,104,59,25%,120,51%,56,24%,19,8%,221,92%,3,1%,237,99%,0,0%,239,100%,3,1%,63,26%,60,25%,13591,56.6,2764,11.5,2556,10.7,4042,16.8,4229,17.6,3694,15.4,535,2.2,2.9,3,235,0,98%,0.68,0.5,0.87,0.68,0.5,0.87,0.43,0.22,0.64,0.5,0.3,0.69,0.82,0.61,1.03,0.85,0.64,1.06,81%,65%,1195.71,4.98,3.89,5.08,2.92,5.07,7.03,SUPP,4.84,5.13,4.98,,,,,,,88,37%,35%,27%,238,99%,238,99%,236,98%,233,97%,88,37%,90%,80%,84%,68%,82%,60%,82%,73%,97%,84%,232,98%,228,98%,86,98%,0.57,0.38,0.76,0.94,0.71,1.18,0.86,0.45,1.28,215,191,201,162,194,142,192,169,85,74,87,36%,237,99%,238,99%,236,100%,233,100%,87,99%,46.9,19,0,0.18,-0.45,0.82,0.18,-0.46,0.83,57.5,216,0,0.73,0.54,0.92,0.73,0.54,0.92,10.6,0.42,-0.3,1.15,8.2,-0.18,-0.87,0.51,13.4,0.17,-0.57,0.9,14.7,0.29,-0.45,1.02,11.6,0.43,0.22,0.64,10.9,0.56,0.35,0.76,17.1,0.88,0.66,1.09,17.9,0.9,0.68,1.11,12.1,2.6,15.7,2.2,-5.9,0.03,36.5,59,0,0.51,0.15,0.87,0.51,0.14,0.87,58.6,120,0,0.84,0.59,1.09,0.84,0.58,1.1,74.4,56,0,0.54,0.17,0.91,0.54,0.16,0.92,SUPP,SUPP,SUPP,SUPP,SUPP,SUPP,SUPP,SUPP,SUPP,SUPP,SUPP,SUPP,SUPP,SUPP,SUPP,56.1,11.8,10,16.2,18.1,15.3,2.8,122,0,0.65,0.4,0.9,0.65,0.4,0.91,57.2,11.2,11.4,17.5,17.1,15.5,1.6,113,0,0.72,0.46,0.98,0.72,0.45,0.98,56.5,11.5,10.6,16.8,17.6,15.4,2.2,234,0,0.69,0.51,0.87,0.69,0.5,0.87,,,,,,,,,,,,,,,,,,,,,,,,,,,,,,,2,3%,2%,2%,43,36%,33%,19%,41,73%,73%,70%,16%,38%,11%,5%,37%,29%,0.47,0.63,0.54,-0.08,0.63,0.7,1.21,0.59,0.29,1,SUPP,0.75,0.9,SUPP,0.89,0.58,-0.74,0.83,0.43,0.86,0.09,0.89,0.37,0.93,0.16,1.12,-0.55,1.24,0.76,1.19,0.21,1.53,0.89,1.06,0.12,SUPP,SUPP,1.31,0.47,SUPP,SUPP,1.33,0.16,1.5,0.3,,,,,,,37%,34%,27%,36%,35%,27%,37%,35%,27%,SUPP,SUPP,SUPP,,,,,,,,,,,,,78%,,,99%,,,,,63%,83%,22,37%,112,93%,56,100%,83%,80%,SUPP,81%,47%,67%,9,15%,89,74%,55,98%,67%,63%,SUPP,65%,,,,,,,,,4%,72%,,,,,,,,,9.3,7.9,9.7,10.1,8.7,9.4,,,,,8.6,6.9,9,9.6,8,8.7,,,,,2246,2,0%
1,919,6905,135876,Future Academies Watford,,Horseshoe Lane,Garston,,Watford,WD25 7HW,01923672964,E14001021,Watford,0,0,AC,Does not apply,NSE,OTHER NON SEL,MIXED,0,0,1,11-18,1108,546,562,184,94,51%,90,49%,101.6,62,35%,92,52%,22,13%,50,27%,134,73%,18,10%,166,90%,0,0%,180,98%,1,1%,35,19%,34,18%,7754.8,42.1,1669,9.1,1584,8.6,2221,12.1,2280.8,12.4,1940.5,10.5,340.3,1.8,2.8,2.8,176,4,96%,-0.3,-0.51,-0.1,-0.32,-0.53,-0.1,-0.39,-0.63,-0.15,-0.01,-0.23,0.22,-0.31,-0.55,-0.07,-0.48,-0.72,-0.24,61%,38%,684.48,3.72,2.78,4.07,2.35,4.01,6.14,3.81,4.16,3.3,3.74,,,,,,,75,41%,24%,14%,177,96%,178,97%,178,97%,172,93%,77,42%,68%,52%,67%,46%,59%,38%,48%,33%,68%,51%,170,96%,164,95%,71,92%,-0.19,-0.41,0.03,-0.79,-1.06,-0.51,-0.44,-0.89,0.02,126,95,123,85,105,67,82,56,52,39,74,40%,176,96%,176,96%,177,99%,164,95%,76,99%,32.8,49,1,-0.95,-1.34,-0.55,-0.96,-1.36,-0.56,45.6,127,3,-0.06,-0.3,0.19,-0.07,-0.32,0.18,7.4,-0.97,-1.42,-0.52,6.7,-0.62,-1.05,-0.2,8.9,-1.05,-1.51,-0.59,9.8,-1.09,-1.55,-0.63,9.7,-0.17,-0.45,0.11,9.3,0.23,-0.03,0.5,13.2,-0.03,-0.31,0.26,13.4,-0.25,-0.53,0.04,7.8,2,11.6,1.8,-20,-1.1,29.3,62,0,-0.2,-0.55,0.15,-0.2,-0.56,0.16,45,92,4,-0.46,-0.74,-0.17,-0.48,-0.77,-0.18,65.5,22,0,0.03,-0.56,0.62,0.03,-0.57,0.63,41.9,9,8.7,12.4,11.8,10.6,1.2,13,0,0.25,-0.52,1.01,0.25,-0.53,1.03,46.8,10.1,9.1,13.2,14.5,11.9,2.6,87,2,-0.12,-0.41,0.18,-0.13,-0.43,0.17,37.7,8.1,8.1,11,10.4,9.3,1.2,89,2,-0.49,-0.78,-0.2,-0.5,-0.8,-0.2,42.3,9.1,8.6,12.1,12.5,10.6,1.9,173,4,-0.29,-0.5,-0.08,-0.3,-0.52,-0.09,,,,,,,,,,,,,,,,,,,,,,,,,,,,,,,8,13%,3%,0%,44,48%,25%,12%,17,77%,73%,55%,28%,46%,12%,6%,28%,16%,-0.09,-0.35,0.16,-0.94,0.08,-0.59,-0.81,-1.22,-1.44,-0.55,-0.65,-0.46,-0.27,-1.13,-0.25,-0.51,-1.36,0.34,-0.18,0.29,-0.47,-0.05,-0.65,0.78,-0.45,-0.9,-1.98,-0.23,-0.87,-0.12,-1.06,-0.42,-1.19,-0.46,-1.97,-0.14,-2.12,0.26,-0.76,0.7,-2,0.1,-1.02,0.66,-1.2,,,,,,,26%,12%,10%,57%,37%,18%,42%,24%,14%,50%,22%,17%,,,,,,,,,,,,,55%,,,97%,,,,,42%,68%,15,24%,71,77%,22,100%,53%,69%,50%,61%,20%,45%,7,11%,41,45%,19,86%,29%,48%,39%,38%,,,,,,,,,2%,33%,,,,,,,,,8.3,7.7,8.5,9.4,7.9,8.5,,,,,7.8,7,8,9.1,7.3,8,,,,,1544,0,0%
2,919,7008,117667,Garston Manor School,,Horseshoe Lane,Garston,,Watford,WD25 7HR,01923673757,E14001021,Watford,0,0,CYS,Does not apply,NA,NA,MIXED,0,0,0,11-16,148,110,38,36,25,69%,11,31%,73.3,34,97%,1,3%,0,0%,17,47%,19,53%,5,14%,31,86%,0,0%,35,97%,,,,,,,12,0.3,4,0.1,8,0.2,0,0,0,0,0,0,0,0,0,0,35,0,97%,-1.9,-2.37,-1.43,-1.9,-2.38,-1.43,-2.22,-2.75,-1.68,-1.28,-1.78,-0.77,-1.79,-2.34,-1.25,-2.21,-2.75,-1.67,3%,0%,0.67,0.02,0,0.04,0,SUPP,NE,SUPP,0,0.03,0.02,,,,,,,0,0%,0%,0%,0,0%,1,3%,0,0%,0,0%,0,0%,0%,0%,3%,0%,NE,NE,NE,NE,NE,NE,,NE,,NE,,NE,NE,NE,NE,NE,NE,NE,NE,NE,NE,0,0,1,0,NE,NE,NE,NE,NE,NE,0,0%,0,0%,1,3%,NE,NE,NE,NE,NE,NE,0,17,0,-1.85,-2.52,-1.18,-1.85,-2.54,-1.17,0.6,18,0,-1.95,-2.6,-1.3,-1.95,-2.61,-1.28,0,-2.19,-2.95,-1.42,0,-1.3,-2.03,-0.57,0,-1.72,-2.5,-0.94,0,-2.13,-2.91,-1.36,0.2,-2.25,-2.99,-1.5,0.4,-1.25,-1.96,-0.55,0,-1.87,-2.62,-1.11,0,-2.29,-3.04,-1.53,0,0,0,0,-52.8,-2,0,34,0,-1.86,-2.33,-1.38,-1.86,-2.34,-1.37,SUPP,SUPP,SUPP,SUPP,SUPP,SUPP,SUPP,SUPP,SUPP,NE,NE,NE,NE,NE,NE,NE,NE,NE,SUPP,SUPP,SUPP,SUPP,SUPP,SUPP,SUPP,SUPP,SUPP,SUPP,SUPP,SUPP,SUPP,SUPP,SUPP,0,0,0,0,0,0,0,11,0,-1.85,-2.69,-1.02,-1.85,-2.7,-1,0.5,0.2,0.3,0,0,0,0,24,0,-1.92,-2.49,-1.36,-1.92,-2.5,-1.35,0.3,0.1,0.2,0,0,0,0,34,0,-1.9,-2.37,-1.43,-1.9,-2.38,-1.42,,,,,,,,,,,,,,,,,,,,,,,,,,,,,,,0,0%,0%,0%,SUPP,SUPP,SUPP,SUPP,NE,NE,NE,NE,0%,0%,0%,0%,0%,0%,NE,SUPP,NE,NE,NE,NE,SUPP,NE,NE,NE,NE,SUPP,NE,NE,NE,NE,NE,NE,NE,NE,NE,SUPP,SUPP,NE,NE,NE,NE,NE,NE,NE,NE,SUPP,SUPP,NE,NE,NE,NE,NE,NE,NE,NE,SUPP,SUPP,NE,NE,,,,,,,0%,0%,0%,0%,0%,0%,0%,0%,0%,SUPP,SUPP,SUPP,,,,,,,,,,,,,0%,,,3%,,,,,0%,5%,0,0%,SUPP,SUPP,NE,NE,4%,0%,SUPP,3%,0%,0%,0,0%,SUPP,SUPP,NE,NE,0%,0%,SUPP,0%,,,,,,,,,0%,0%,,,,,,,,,0.1,0,SUPP,NE,0,0.1,,,,,0.1,0,SUPP,NE,0,0.1,,,,,2,0,0%
1,919,5425,145297,Goffs - Churchgate Academy,,College Road,Cheshunt,,Waltham Cross,EN8 9LY,01992624375,E14000606,Broxbourne,0,0,ACC,None,NSE,OTHER NON SEL,MIXED,0,0,0,11-16,545,275,270,58,33,57%,25,43%,100.7,29,53%,22,40%,4,7%,20,34%,38,66%,14,24%,44,76%,0,0%,56,97%,2,3%,12,21%,10,17%,2792,48.1,604,10.4,520,9,787.5,13.6,880.5,15.2,449,7.7,431.5,7.4,2.8,2.9,55,0,95%,0.47,0.09,0.84,0.47,0.09,0.85,0.49,0.06,0.91,0.37,-0.04,0.77,0.38,-0.05,0.82,0.6,0.17,1.03,71%,41%,243.81,4.2,3.54,4.55,3.11,5.12,SUPP,5.12,4.83,3.73,4.19,,,,,,,26,45%,24%,17%,58,100%,58,100%,57,98%,55,95%,26,45%,76%,57%,74%,41%,56%,44%,55%,42%,69%,58%,54,95%,52,95%,25,96%,0.2,-0.19,0.59,0.15,-0.34,0.64,0.93,0.17,1.7,44,33,43,24,32,25,30,23,18,15,25,43%,58,100%,57,98%,54,95%,55,100%,26,100%,41.3,18,0,-0.34,-0.99,0.31,-0.34,-1,0.32,51.7,37,0,0.86,0.4,1.31,0.86,0.4,1.32,9.2,-0.15,-0.89,0.59,7.6,-0.44,-1.15,0.27,11.4,-0.58,-1.34,0.17,13.1,-0.16,-0.91,0.59,11.1,0.8,0.28,1.32,9.7,0.76,0.27,1.26,14.7,0.85,0.32,1.38,16.3,0.97,0.45,1.5,6.6,6.5,8.3,7.9,-11.5,-0.49,37.9,29,0,0.38,-0.13,0.89,0.38,-0.14,0.91,56.6,22,0,0.53,-0.06,1.11,0.53,-0.08,1.13,SUPP,SUPP,SUPP,SUPP,SUPP,SUPP,SUPP,SUPP,SUPP,56.4,11.6,9.7,16.9,18.2,8.4,9.8,11,0,1.58,0.75,2.41,1.58,0.73,2.43,53.6,11.5,9.3,15.7,17.1,9.6,7.5,22,0,1.14,0.55,1.73,1.14,0.54,1.74,44,9.6,8.7,12,13.8,6.3,7.4,33,0,0.02,-0.47,0.5,0.02,-0.48,0.51,48.1,10.4,9,13.5,15.1,7.6,7.5,54,0,0.43,0.05,0.81,0.43,0.05,0.81,,,,,,,,,,,,,,,,,,,,,,,,,,,,,,,6,21%,7%,3%,16,73%,45%,32%,SUPP,SUPP,SUPP,SUPP,35%,50%,20%,15%,26%,18%,-0.06,0.43,SUPP,-0.62,0.57,0.24,0,SUPP,-0.61,0.46,3.91,-0.1,SUPP,-0.04,1.24,0.08,-1.32,1.05,0.1,0.48,-0.61,1.04,-0.18,SUPP,SUPP,0.3,-1.52,1.04,-0.12,0.93,-0.45,0.75,-0.75,SUPP,SUPP,1.53,-1.6,2.12,0.36,5.47,2.34,0.86,-1.06,SUPP,SUPP,,,,,,,36%,12%,6%,56%,40%,32%,43%,25%,18%,71%,29%,21%,,,,,,,,,,,,,62%,,,100%,,,,,55%,79%,14,48%,20,91%,SUPP,SUPP,64%,80%,86%,70%,35%,45%,3,10%,16,73%,SUPP,SUPP,36%,48%,50%,43%,,,,,,,,,7%,0%,,,,,,,,,8.8,8.5,9,SUPP,8.4,9,,,,,6.8,6.2,7.5,SUPP,6.5,6.9,,,,,510,0,0%
1,919,5415,137532,Goffs Academy,,Goffs Lane,Cheshunt,,Waltham Cross,EN7 5QW,01992630443,E14000606,Broxbourne,0,0,ACC,None,NSE,OTHER NON SEL,MIXED,0,0,1,11-18,1540,735,805,235,122,52%,113,48%,105.1,43,18%,133,57%,58,25%,39,17%,196,83%,33,14%,202,86%,0,0%,229,97%,1,0%,9,4%,8,3%,12401,52.8,2641,11.2,2344,10,3412,14.5,4004,17,2897.5,12.3,1106.5,4.7,2.9,3,234,1,100%,0.11,-0.07,0.29,0.11,-0.07,0.3,0.12,-0.08,0.33,-0.04,-0.23,0.16,-0.16,-0.37,0.05,0.48,0.27,0.69,74%,55%,1104.78,4.7,4.03,4.83,2.67,4.55,6.59,5.65,5.08,4.35,4.73,,,,,,,159,68%,48%,35%,234,100%,235,100%,233,99%,217,92%,167,71%,87%,77%,78%,57%,66%,47%,73%,58%,82%,68%,232,100%,216,100%,167,100%,-0.36,-0.55,-0.17,-0.17,-0.41,0.07,0.05,-0.24,0.35,204,180,183,134,154,109,158,126,137,113,157,67%,234,100%,235,100%,230,99%,215,99%,167,100%,45.9,39,0,-0.39,-0.83,0.05,-0.39,-0.84,0.06,54.1,195,1,0.21,0.02,0.41,0.21,0.01,0.41,10,-0.34,-0.85,0.16,8.8,-0.44,-0.92,0.05,12.4,-0.67,-1.18,-0.15,14.8,-0.11,-0.62,0.4,11.5,0.21,-0.01,0.44,10.2,0.04,-0.17,0.26,14.9,-0.06,-0.29,0.17,17.5,0.6,0.37,0.83,9.6,5.1,12.9,4.6,-6.9,-0.54,36.5,43,0,0.26,-0.16,0.69,0.26,-0.16,0.69,51.2,133,0,0.14,-0.1,0.38,0.14,-0.1,0.38,68.7,58,1,-0.06,-0.42,0.3,-0.06,-0.43,0.31,60.4,12.2,11.8,17.9,18.5,15.2,3.3,32,0,0.57,0.08,1.06,0.57,0.07,1.07,56.5,12.1,10.2,15.7,18.5,13.9,4.6,112,0,0.28,0.01,0.54,0.28,0.01,0.54,49.3,10.5,9.8,13.4,15.7,10.9,4.9,122,1,-0.03,-0.28,0.22,-0.04,-0.29,0.22,53.1,11.3,10,14.6,17.1,12.5,4.7,229,1,0.13,-0.06,0.31,0.12,-0.06,0.31,,,,,,,,,,,,,,,,,,,,,,,,,,,,,,,9,21%,2%,0%,95,71%,44%,29%,55,95%,91%,76%,59%,69%,33%,26%,51%,37%,-0.5,-0.33,-0.33,-0.77,-0.28,-0.39,-0.09,-0.21,-0.83,-0.05,0.26,0.06,-0.01,0.11,0.04,-0.31,-1.24,-0.07,-0.48,-0.06,-0.94,-0.07,-0.58,0.05,-0.71,-0.22,-1.43,0.21,-0.31,0.21,-1,0.22,-0.41,0.25,-0.68,0.9,-0.67,0.36,-0.28,1.36,-0.85,0.44,-0.33,0.5,-0.52,,,,,,,61%,41%,30%,74%,56%,41%,68%,49%,35%,82%,67%,45%,,,,,,,,,,,,,73%,,,100%,,,,,59%,77%,10,23%,107,80%,57,98%,68%,81%,85%,75%,36%,59%,4,9%,73,55%,52,90%,50%,60%,70%,56%,,,,,,,,,3%,12%,,,,,,,,,8,7.4,7.8,8.8,7.6,8,,,,,7.2,5.8,7.1,8.5,6.7,7.3,,,,,1872,2,0%
1,919,4036,147785,The Grange Academy,,London Road,,,Bushey,WD23 3AA,02089509502,E14000745,Hertsmere,0,0,AC,Unknown,NR,OTHER NON SEL,MIXED,0,0,1,11-18,975,488,487,183,99,54%,84,46%,102,53,31%,107,63%,10,6%,41,22%,142,78%,24,13%,154,84%,5,3%,178,97%,5,3%,22,12%,17,9%,7763.3,42.4,1664,9.1,1538,8.4,2300.5,12.6,2260.8,12.4,2074,11.3,186.8,1,2.8,2.7,170,3,93%,-0.37,-0.58,-0.16,-0.39,-0.6,-0.17,-0.42,-0.67,-0.18,-0.24,-0.47,-0.01,-0.25,-0.5,0,-0.59,-0.83,-0.34,62%,38%,692.44,3.78,3.3,3.92,2.72,4.07,5.2,4.63,3.74,3.82,3.8,,,,,,,67,37%,23%,15%,173,95%,180,98%,177,97%,156,85%,73,40%,72%,53%,69%,48%,62%,39%,63%,52%,70%,58%,165,93%,145,93%,66,90%,-0.31,-0.53,-0.08,-0.1,-0.4,0.19,-0.07,-0.54,0.41,131,97,127,87,109,69,99,81,51,42,67,37%,171,93%,178,97%,176,99%,150,96%,70,96%,37.7,39,1,-0.85,-1.29,-0.4,-0.85,-1.3,-0.4,43.8,131,2,-0.22,-0.47,0.02,-0.25,-0.49,0,8.3,-0.78,-1.28,-0.27,7.5,-0.69,-1.17,-0.21,11,-0.76,-1.28,-0.25,10.9,-1.09,-1.6,-0.58,9.3,-0.32,-0.59,-0.04,8.7,-0.11,-0.37,0.15,13,-0.1,-0.38,0.18,12.8,-0.44,-0.72,-0.16,10.1,0.8,11.7,1.1,-15.1,-1,32.6,53,0,-0.02,-0.4,0.36,-0.02,-0.41,0.37,45.4,107,2,-0.48,-0.74,-0.21,-0.49,-0.76,-0.22,54.2,10,1,-1.04,-1.91,-0.16,-1.2,-2.09,-0.31,49.2,10,9.8,15.5,14,13,0.9,20,0,0.47,-0.15,1.08,0.47,-0.16,1.1,43.2,9.5,8.1,12.3,13.4,11.4,2,79,3,-0.29,-0.6,0.02,-0.33,-0.65,-0.01,41.8,8.8,8.7,12.8,11.5,11.3,0.2,91,0,-0.43,-0.72,-0.14,-0.43,-0.73,-0.14,42.6,9.1,8.4,12.6,12.4,11.4,1,167,3,-0.35,-0.56,-0.14,-0.37,-0.59,-0.15,,,,,,,,,,,,,,,,,,,,,,,,,,,,,,,8,15%,8%,4%,47,44%,26%,17%,6,60%,50%,30%,32%,38%,12%,5%,26%,18%,-0.08,-0.35,-0.94,-0.54,-0.24,0.23,-0.22,-0.4,-0.71,0.07,1.31,-0.29,-0.45,-0.97,0.16,-0.06,-1.02,0.01,-0.49,0.33,-0.48,-0.07,-0.63,-0.03,-1.85,-0.09,-1.34,0.4,-0.26,0.77,-0.32,0.14,-0.59,0.78,-1.58,0.09,-2.03,0.68,-0.37,2.52,0.1,0.25,-0.83,1.11,-2.02,,,,,,,41%,24%,15%,31%,21%,14%,37%,24%,15%,58%,33%,25%,,,,,,,,,,,,,57%,,,98%,,,,,54%,65%,19,36%,78,73%,8,80%,59%,67%,67%,62%,34%,39%,8,15%,49,46%,7,70%,39%,37%,50%,38%,,,,,,,,,2%,17%,,,,,,,,,7.7,7.3,7.8,8.5,7.2,7.9,,,,,7.5,7,7.6,8.4,7,7.6,,,,,1416,10,1%
2,919,7042,117690,Greenside School,,Shephall Green,,,Stevenage,SG2 9XS,01438315356,E14000968,Stevenage,0,0,CYS,Does not apply,NA,NA,MIXED,0,1,0,2-19,166,115,51,8,7,88%,1,13%,71,8,100%,0,0%,0,0%,2,25%,6,75%,1,13%,7,88%,0,0%,8,100%,,,,,,,NE,NE,NE,NE,NE,NE,NE,NE,NE,NE,NE,NE,NE,NE,NE,NE,NE,NE,NE,NE,NE,NE,NE,NE,NE,NE,NE,NE,NE,NE,NE,NE,NE,NE,NE,NE,NE,NE,NE,NE,NE,SUPP,SUPP,NE,NE,NE,SUPP,SUPP,SUPP,NE,,,,,,,NE,NE,NE,NE,NE,NE,NE,NE,NE,NE,NE,NE,NE,NE,NE,NE,NE,NE,NE,NE,NE,NE,NE,NE,NE,NE,NE,NE,NE,NE,NE,NE,NE,NE,NE,NE,NE,NE,NE,NE,NE,NE,NE,NE,NE,NE,NE,NE,NE,NE,NE,NE,NE,NE,NE,NE,NE,NE,NE,NE,NE,SUPP,SUPP,SUPP,SUPP,SUPP,SUPP,SUPP,SUPP,SUPP,SUPP,SUPP,SUPP,SUPP,SUPP,SUPP,SUPP,SUPP,SUPP,SUPP,SUPP,SUPP,SUPP,SUPP,SUPP,SUPP,SUPP,SUPP,SUPP,SUPP,SUPP,SUPP,SUPP,SUPP,SUPP,SUPP,SUPP,SUPP,SUPP,SUPP,SUPP,SUPP,SUPP,SUPP,SUPP,SUPP,SUPP,SUPP,SUPP,SUPP,SUPP,SUPP,SUPP,SUPP,SUPP,SUPP,SUPP,NE,NE,NE,NE,NE,NE,NE,NE,NE,NE,NE,NE,NE,NE,NE,NE,NE,NE,NE,NE,NE,NE,NE,NE,NE,NE,NE,SUPP,SUPP,SUPP,SUPP,SUPP,SUPP,SUPP,SUPP,SUPP,SUPP,SUPP,SUPP,SUPP,SUPP,SUPP,SUPP,SUPP,SUPP,SUPP,SUPP,SUPP,SUPP,SUPP,SUPP,SUPP,SUPP,SUPP,SUPP,SUPP,SUPP,SUPP,SUPP,SUPP,SUPP,SUPP,SUPP,SUPP,SUPP,SUPP,SUPP,SUPP,SUPP,SUPP,SUPP,SUPP,NE,NE,NE,NE,NE,NE,NE,NE,NE,NE,NE,NE,NE,NE,NE,,,,,,,,,,,,,,,,,,,,,,,,,,,,,,,NE,NE,NE,NE,NE,NE,NE,NE,NE,NE,NE,NE,SUPP,SUPP,SUPP,SUPP,SUPP,SUPP,NE,NE,NE,SUPP,SUPP,NE,NE,NE,SUPP,SUPP,NE,NE,NE,SUPP,SUPP,SUPP,SUPP,SUPP,SUPP,NE,NE,NE,NE,NE,NE,SUPP,SUPP,SUPP,SUPP,NE,NE,NE,NE,NE,NE,SUPP,SUPP,SUPP,SUPP,NE,NE,NE,NE,NE,NE,,,,,,,SUPP,SUPP,SUPP,SUPP,SUPP,SUPP,NE,NE,NE,SUPP,SUPP,SUPP,,,,,,,,,,,,,NE,,,NE,,,,,SUPP,SUPP,NE,NE,NE,NE,NE,NE,SUPP,SUPP,SUPP,NE,SUPP,SUPP,NE,NE,NE,NE,NE,NE,SUPP,SUPP,SUPP,NE,,,,,,,,,NE,NE,,,,,,,,,NE,NE,NE,NE,SUPP,SUPP,,,,,NE,NE,NE,NE,SUPP,SUPP,,,,,NE,NE,NE
1,919,6221,117648,Haberdashers' Boys' School,,Butterfly Lane,Elstree,Hertfordshire,,WD6 3AF,02082661850,E14000745,Hertsmere,0,0,IND,None,,NA,BOYS,0,0,1,5-18,1422,1422,0,165,165,100%,0,0%,NP,NP,NP,NP,NP,NP,NP,NP,NP,NP,NP,NP,NP,NP,NP,NP,NP,NP,NP,NA,NA,NA,NA,NA,NA,6759.1,41,2692,16.3,0,0,1285,7.8,2782.1,16.9,2777,16.8,5.1,0,0.9,2.1,NP,NP,NP,NP,NP,NP,NP,NP,NP,NP,NP,NP,NP,NP,NP,NP,NP,NP,NP,NP,NP,0%,0%,430.1,2.61,NP,NP,NP,NP,NP,NP,NE,2.61,NP,,,,,,,0,0%,0%,0%,163,99%,0,0%,0,0%,117,71%,30,18%,99%,99%,0%,0%,NE,NE,100%,100%,93%,93%,NP,NP,NP,NP,NP,NP,NP,NP,NP,NP,NP,NP,NP,NP,NP,163,163,0,0,NE,NE,117,117,28,28,0,0%,163,99%,0,0%,NE,NE,117,100%,28,93%,NP,NP,NP,NP,NP,NP,NP,NP,NP,NP,NP,NP,NP,NP,NP,NP,NP,NP,NP,NP,NP,NP,NP,NP,NP,NP,NP,NP,NP,NP,NP,NP,NP,NP,NP,NP,NP,NP,NP,NP,NP,NP,NP,NP,NP,NP,NP,NP,NP,NP,NP,NP,NP,NP,NP,NP,NP,NP,NP,NP,NP,NP,NP,NP,NP,NP,NP,NP,NP,NP,NP,NP,NP,NP,NP,NP,NP,NP,NP,NP,NP,NP,NP,NP,NP,NP,NP,NP,NP,NP,NP,NP,NP,NP,NP,NP,NP,NP,NE,NE,NE,NE,NE,NE,NE,NP,NP,NP,NP,NP,NP,NP,NP,41,16.5,0,7.9,17.1,17,0,NP,NP,NP,NP,NP,NP,NP,NP,NP,NP,NP,NP,NP,NP,NP,NP,NP,NP,NP,NP,NP,NP,NP,,,,,,,,,,,,,,,,,,,,,,,,,,,,,,,NP,NP,NP,NP,NP,NP,NP,NP,NP,NP,NP,NP,NP,NP,NP,NP,NP,NP,NP,NP,NP,NP,NP,NP,NP,NP,NP,NP,NP,NP,NP,NP,NP,NP,NP,NP,NP,NP,NP,NP,NP,NP,NP,NP,NP,NP,NP,NP,NP,NP,NP,NP,NP,NP,NP,NP,NP,NP,NP,NP,NP,NP,NP,,,,,,,0%,0%,0%,NE,NE,NE,NP,NP,NP,NP,NP,NP,,,,,,,,,,,,,0%,,,99%,,,,,NP,NP,NP,NP,NP,NP,NP,NP,0%,NE,NP,NP,NP,NP,NP,NP,NP,NP,NP,NP,0%,NE,NP,NP,,,,,,,,,4%,0%,,,,,,,,,4.1,NP,NP,NP,NP,NP,,,,,4.1,NP,NP,NP,NP,NP,,,,,675,9,1%
1,919,6222,117649,Haberdashers' Girls' School,,Aldenham Road,Elstree,Hertfordshire,Borehamwood,WD6 3BT,02082662300,E14000745,Hertsmere,0,0,IND,None,,NA,GIRLS,0,0,1,4-18,1161,0,1161,122,0,0%,122,100%,NP,NP,NP,NP,NP,NP,NP,NP,NP,NP,NP,NP,NP,NP,NP,NP,NP,NP,NP,NA,NA,NA,NA,NA,NA,6262,51.3,913,7.5,1966,16.1,2132,17.5,1251,10.3,1213,9.9,38,0.3,2.1,1.2,NP,NP,NP,NP,NP,NP,NP,NP,NP,NP,NP,NP,NP,NP,NP,NP,NP,NP,NP,NP,NP,99%,98%,332.24,2.72,NP,NP,NP,NP,NP,NP,2.72,NE,NP,,,,,,,0,0%,0%,0%,0,0%,121,99%,0,0%,100,82%,20,16%,0%,0%,99%,98%,NE,NE,100%,100%,95%,95%,NP,NP,NP,NP,NP,NP,NP,NP,NP,NP,NP,NP,NP,NP,NP,0,0,121,120,NE,NE,100,100,19,19,0,0%,0,0%,121,99%,NE,NE,100,100%,19,95%,NP,NP,NP,NP,NP,NP,NP,NP,NP,NP,NP,NP,NP,NP,NP,NP,NP,NP,NP,NP,NP,NP,NP,NP,NP,NP,NP,NP,NP,NP,NP,NP,NP,NP,NP,NP,NP,NP,NP,NP,NP,NP,NP,NP,NP,NP,NP,NP,NP,NP,NP,NP,NP,NP,NP,NP,NP,NP,NP,NP,NP,NP,NP,NP,NP,NP,NP,NP,NP,NP,NP,NP,NP,NP,NP,NP,NP,NP,NP,NP,NP,NP,NP,NP,NP,NP,NP,NP,NP,NP,NP,NP,NP,NP,NP,NP,NP,NP,51.3,7.5,16.2,17.6,10.3,10,0.3,NP,NP,NP,NP,NP,NP,NP,NP,NE,NE,NE,NE,NE,NE,NE,NP,NP,NP,NP,NP,NP,NP,NP,NP,NP,NP,NP,NP,NP,NP,NP,NP,NP,NP,NP,NP,NP,NP,,,,,,,,,,,,,,,,,,,,,,,,,,,,,,,NP,NP,NP,NP,NP,NP,NP,NP,NP,NP,NP,NP,NP,NP,NP,NP,NP,NP,NP,NP,NP,NP,NP,NP,NP,NP,NP,NP,NP,NP,NP,NP,NP,NP,NP,NP,NP,NP,NP,NP,NP,NP,NP,NP,NP,NP,NP,NP,NP,NP,NP,NP,NP,NP,NP,NP,NP,NP,NP,NP,NP,NP,NP,,,,,,,NE,NE,NE,0%,0%,0%,NP,NP,NP,NP,NP,NP,,,,,,,,,,,,,92%,,,99%,,,,,NP,NP,NP,NP,NP,NP,NP,NP,NE,99%,NP,NP,NP,NP,NP,NP,NP,NP,NP,NP,NE,98%,NP,NP,,,,,,,,,5%,0%,,,,,,,,,5.4,NP,NP,NP,NP,NP,,,,,5.3,NP,NP,NP,NP,NP,,,,,658,9,1%
2,919,7014,142257,Hailey Hall School,,Hailey Lane,,,Hertford,SG13 7PB,01992465208,E14000606,Broxbourne,0,0,ACCS,Does not apply,NA,NA,BOYS,0,0,0,11-16,76,76,0,13,13,100%,0,0%,88.4,10,91%,1,9%,0,0%,7,54%,6,46%,0,0%,13,100%,0,0%,13,100%,,,,,,,137.5,10.6,29,2.2,42,3.2,0,0,66.5,5.1,35,2.7,31.5,2.4,0,1.7,11,0,85%,-1.55,-2.38,-0.72,-1.55,-2.4,-0.7,-2,-2.95,-1.05,-0.54,-1.45,0.36,-2.31,-3.28,-1.34,-1.16,-2.13,-0.2,8%,0%,5.66,0.44,0.36,0.53,0.42,SUPP,NE,NE,NE,0.44,0.44,,,,,,,0,0%,0%,0%,5,38%,8,62%,0,0%,0,0%,0,0%,8%,0%,23%,0%,NE,NE,NE,NE,NE,NE,,NE,,NE,,NE,NE,NE,NE,NE,NE,NE,NE,NE,NE,1,0,3,0,NE,NE,NE,NE,NE,NE,0,0%,5,38%,8,62%,NE,NE,NE,NE,NE,NE,9.2,6,0,-1.93,-3.06,-0.8,-1.93,-3.08,-0.78,12.2,SUPP,SUPP,SUPP,SUPP,SUPP,SUPP,SUPP,SUPP,1.6,-2.66,-3.95,-1.37,3.1,-0.98,-2.2,0.24,0,-2.37,-3.68,-1.06,4.5,-1.64,-2.94,-0.33,3,SUPP,SUPP,SUPP,3.3,SUPP,SUPP,SUPP,0,SUPP,SUPP,SUPP,5.8,SUPP,SUPP,SUPP,1.9,2.6,3.7,2.2,-43.6,SUPP,10,10,0,-1.41,-2.29,-0.54,-1.41,-2.3,-0.52,SUPP,SUPP,SUPP,SUPP,SUPP,SUPP,SUPP,SUPP,SUPP,NE,NE,NE,NE,NE,NE,NE,NE,NE,NE,NE,NE,NE,NE,NE,NE,NE,NE,NE,NE,NE,NE,NE,NE,NE,NE,NE,NE,NE,NE,NE,NE,NE,NE,NE,NE,NE,NE,NE,10.6,2.2,3.2,0,5.1,2.7,2.4,11,0,-1.55,-2.38,-0.72,-1.55,-2.4,-0.7,10.6,2.2,3.2,0,5.1,2.7,2.4,11,0,-1.55,-2.38,-0.72,-1.55,-2.4,-0.7,,,,,,,,,,,,,,,,,,,,,,,,,,,,,,,0,0%,0%,0%,SUPP,SUPP,SUPP,SUPP,NE,NE,NE,NE,0%,0%,0%,0%,0%,0%,NE,SUPP,NE,NE,NE,NE,SUPP,NE,NE,NE,NE,SUPP,NE,NE,NE,NE,NE,NE,NE,NE,NE,SUPP,SUPP,NE,NE,NE,NE,NE,NE,NE,NE,SUPP,SUPP,NE,NE,NE,NE,NE,NE,NE,NE,SUPP,SUPP,NE,NE,,,,,,,0%,0%,0%,NE,NE,NE,0%,0%,0%,NE,NE,NE,,,,,,,,,,,,,0%,,,92%,,,,,0%,17%,1,10%,SUPP,SUPP,NE,NE,8%,NE,NE,8%,0%,0%,0,0%,SUPP,SUPP,NE,NE,0%,NE,NE,0%,,,,,,,,,0%,0%,,,,,,,,,3.5,3.5,SUPP,NE,3.9,3.2,,,,,1.9,2,SUPP,NE,1.9,2,,,,,48,0,0%
1,919,6015,117607,Haileybury and Imperial Service College,,,,,Hertford,SG13 7NU,01992706200,E14000744,Hertford and Stortford,0,0,IND,Church of England,,NA,MIXED,0,0,1,11-18,903,482,421,156,87,56%,69,44%,NP,NP,NP,NP,NP,NP,NP,NP,NP,NP,NP,NP,NP,NP,NP,NP,NP,NP,NP,NA,NA,NA,NA,NA,NA,1688,10.8,0,0,0,0,840,5.4,848,5.4,848,5.4,0,0,0.7,0.8,NP,NP,NP,NP,NP,NP,NP,NP,NP,NP,NP,NP,NP,NP,NP,NP,NP,NP,NP,NP,NP,0%,0%,135.17,0.87,NP,NP,NP,NP,NP,NP,0.97,0.79,NP,,,,,,,0,0%,0%,0%,0,0%,0,0%,0,0%,81,52%,29,19%,0%,0%,0%,0%,NE,NE,100%,98%,100%,100%,NP,NP,NP,NP,NP,NP,NP,NP,NP,NP,NP,NP,NP,NP,NP,0,0,0,0,NE,NE,81,79,29,29,0,0%,0,0%,0,0%,NE,NE,81,100%,29,100%,NP,NP,NP,NP,NP,NP,NP,NP,NP,NP,NP,NP,NP,NP,NP,NP,NP,NP,NP,NP,NP,NP,NP,NP,NP,NP,NP,NP,NP,NP,NP,NP,NP,NP,NP,NP,NP,NP,NP,NP,NP,NP,NP,NP,NP,NP,NP,NP,NP,NP,NP,NP,NP,NP,NP,NP,NP,NP,NP,NP,NP,NP,NP,NP,NP,NP,NP,NP,NP,NP,NP,NP,NP,NP,NP,NP,NP,NP,NP,NP,NP,NP,NP,NP,NP,NP,NP,NP,NP,NP,NP,NP,NP,NP,NP,NP,NP,NP,12.3,0,0,5.9,6.4,6.4,0,NP,NP,NP,NP,NP,NP,NP,NP,9.6,0,0,5,4.7,4.7,0,NP,NP,NP,NP,NP,NP,NP,NP,NP,NP,NP,NP,NP,NP,NP,NP,NP,NP,NP,NP,NP,NP,NP,,,,,,,,,,,,,,,,,,,,,,,,,,,,,,,NP,NP,NP,NP,NP,NP,NP,NP,NP,NP,NP,NP,NP,NP,NP,NP,NP,NP,NP,NP,NP,NP,NP,NP,NP,NP,NP,NP,NP,NP,NP,NP,NP,NP,NP,NP,NP,NP,NP,NP,NP,NP,NP,NP,NP,NP,NP,NP,NP,NP,NP,NP,NP,NP,NP,NP,NP,NP,NP,NP,NP,NP,NP,,,,,,,0%,0%,0%,0%,0%,0%,NP,NP,NP,NP,NP,NP,,,,,,,,,,,,,0%,,,88%,,,,,NP,NP,NP,NP,NP,NP,NP,NP,0%,0%,NP,NP,NP,NP,NP,NP,NP,NP,NP,NP,0%,0%,NP,NP,,,,,,,,,3%,0%,,,,,,,,,1.5,NP,NP,NP,NP,NP,,,,,1.5,NP,NP,NP,NP,NP,,,,,234,1,0%
1,919,4022,142051,Haileybury Turnford,,Mill Lane,Cheshunt,,Waltham Cross,EN8 0JU,01992308333,E14000606,Broxbourne,0,0,AC,Does not apply,NSE,OTHER NON SEL,MIXED,0,0,1,11-18,843,442,401,152,89,59%,63,41%,101.3,59,39%,78,51%,15,10%,45,30%,107,70%,14,9%,137,90%,1,1%,147,97%,1,1%,12,8%,11,7%,6568,43.2,1418,9.3,1364,9,1736.5,11.4,2049.5,13.5,1207.5,7.9,842,5.5,2.7,2.9,152,1,100%,-0.13,-0.35,0.1,-0.13,-0.36,0.1,-0.18,-0.44,0.07,0.25,0.01,0.5,-0.42,-0.68,-0.16,-0.06,-0.32,0.2,63%,42%,542.62,3.57,2.94,3.83,2.38,4.14,5.26,3.99,4.26,3.08,3.59,,,,,,,41,27%,14%,6%,148,97%,150,99%,145,95%,125,82%,53,35%,72%,54%,70%,51%,51%,26%,56%,42%,55%,43%,145,100%,125,100%,53,100%,-0.47,-0.7,-0.23,-0.43,-0.74,-0.11,-0.57,-1.09,-0.04,109,82,106,77,74,37,70,53,29,23,41,27%,147,97%,146,96%,143,99%,118,94%,52,98%,35.6,45,1,-0.59,-1.01,-0.18,-0.6,-1.02,-0.18,46.4,107,0,0.07,-0.2,0.33,0.07,-0.21,0.34,8.1,-0.53,-1,-0.06,7.3,-0.26,-0.71,0.18,9.6,-0.72,-1.2,-0.24,10.7,-0.74,-1.21,-0.26,9.9,-0.03,-0.34,0.27,9.7,0.47,0.18,0.76,12.2,-0.29,-0.6,0.02,14.7,0.22,-0.08,0.53,6.3,4.4,8.6,6,-17.2,-0.74,29.8,59,0,-0.21,-0.57,0.15,-0.21,-0.58,0.16,49.8,78,1,-0.01,-0.32,0.3,-0.01,-0.33,0.31,62,15,0,-0.43,-1.15,0.28,-0.43,-1.16,0.3,45.7,9.3,9.4,13,14,9.6,4.4,14,0,0.42,-0.32,1.16,0.42,-0.33,1.17,49.8,11.1,10,13.4,15.3,10.3,5,63,0,0.34,0,0.69,0.34,-0.01,0.7,38.5,8.1,8.2,10,12.2,6.3,5.9,89,1,-0.46,-0.76,-0.17,-0.47,-0.76,-0.17,43.4,9.3,9.1,11.5,13.6,7.9,5.7,147,1,-0.13,-0.35,0.1,-0.13,-0.36,0.11,,,,,,,,,,,,,,,,,,,,,,,,,,,,,,,9,15%,3%,0%,25,32%,18%,6%,7,47%,33%,27%,18%,31%,9%,0%,16%,8%,-0.31,-0.45,-1.12,-0.51,-0.45,-0.31,-0.46,-0.59,-0.59,-0.36,0.32,-0.49,-2.3,-1.55,-0.34,-0.06,-0.97,-0.17,-0.73,0.08,-0.7,-0.12,-0.78,-0.37,-1.86,0,-1.18,0.02,-0.73,0.25,-0.86,-0.04,-0.88,0.39,-1.57,-0.33,-2.76,0.25,-0.92,1.31,-0.67,0.22,-1.2,-1.02,-3.58,,,,,,,15%,7%,2%,44%,24%,11%,27%,14%,6%,43%,29%,7%,,,,,,,,,,,,,55%,,,99%,,,,,53%,67%,19,32%,63,81%,14,93%,54%,76%,64%,64%,31%,47%,8,14%,42,54%,14,93%,34%,54%,50%,43%,,,,,,,,,1%,42%,,,,,,,,,8.5,7.6,9,9.7,8,8.8,,,,,7.3,6.4,7.7,8.6,6.8,7.5,,,,,1326,1,0%
2,919,7032,117685,Heathlands School,,Heathlands Drive,,,St Albans,AL3 5AY,01727807807,E14000960,St Albans,0,0,CYS,Does not apply,NA,NA,MIXED,0,1,0,3-16,130,71,59,14,7,50%,7,50%,81.2,13,100%,0,0%,0,0%,7,50%,7,50%,13,93%,1,7%,0,0%,13,93%,,,,,,,193,13.8,17,1.2,58,4.1,49,3.5,69,4.9,62,4.4,7,0.5,1.4,1.5,13,0,93%,-0.78,-1.54,-0.01,-0.78,-1.56,0,-1.89,-2.76,-1.01,0.36,-0.48,1.19,-0.9,-1.79,-0.01,-0.67,-1.55,0.22,0%,0%,14.19,1.01,1.14,0.88,0.96,NE,NE,1.08,0.76,1.26,0.96,,,,,,,0,0%,0%,0%,1,7%,14,100%,9,64%,8,57%,0,0%,7%,7%,21%,0%,11%,0%,0%,0%,NE,NE,8,89%,8,100%,,NE,-0.62,-1.63,0.4,-0.86,-2.1,0.39,NE,NE,NE,1,1,3,0,1,0,0,0,NE,NE,0,0%,1,7%,13,93%,7,78%,6,75%,NE,NE,14.2,6,0,-0.72,-1.85,0.4,-0.72,-1.87,0.43,13.4,7,0,-0.83,-1.87,0.22,-0.83,-1.89,0.24,0.4,-2.3,-3.59,-1.02,4.9,0.69,-0.54,1.91,4.4,-0.64,-1.95,0.67,4.5,-0.69,-1.99,0.62,2,-1.53,-2.72,-0.34,3.4,0.07,-1.06,1.21,2.6,-1.13,-2.34,0.09,5.4,-0.65,-1.86,0.56,3.9,0.6,5,0.4,-38.6,-0.87,13.8,13,0,-0.78,-1.54,-0.01,-0.78,-1.56,0,NE,NE,NE,NE,NE,NE,NE,NE,NE,NE,NE,NE,NE,NE,NE,NE,NE,NE,14.4,1.3,4.3,3.8,5,4.5,0.5,12,0,-0.74,-1.54,0.06,-0.74,-1.55,0.08,12.5,2.4,2.3,2.4,5.3,4.9,0.5,7,0,-0.9,-1.94,0.15,-0.9,-1.96,0.17,15.1,0,6,4.6,4.5,4,0.5,6,0,-0.64,-1.77,0.49,-0.64,-1.79,0.51,13.8,1.3,4,3.2,5.3,4.8,0.5,13,0,-0.78,-1.54,-0.01,-0.78,-1.56,0,,,,,,,,,,,,,,,,,,,,,,,,,,,,,,,0,0%,0%,0%,NE,NE,NE,NE,NE,NE,NE,NE,0%,0%,0%,0%,0%,0%,-0.62,NE,NE,SUPP,SUPP,-0.86,NE,NE,SUPP,SUPP,NE,NE,NE,NE,NE,SUPP,SUPP,SUPP,SUPP,0.4,-1.63,NE,NE,NE,NE,SUPP,SUPP,SUPP,SUPP,0.39,-2.1,NE,NE,NE,NE,NE,NE,NE,NE,NE,NE,NE,NE,NE,NE,,,,,,,0%,0%,0%,0%,0%,0%,0%,0%,0%,0%,0%,0%,,,,,,,,,,,,,0%,,,100%,,,,,0%,0%,0,0%,NE,NE,NE,NE,0%,0%,0%,0%,0%,0%,0,0%,NE,NE,NE,NE,0%,0%,0%,0%,,,,,,,,,0%,0%,,,,,,,,,4.1,4.2,NE,NE,4.1,4,,,,,3.7,3.8,NE,NE,3.7,3.7,,,,,60,7,12%
1,919,4005,117500,The Hemel Hempstead School,The Hemel Hempstead School,Heath Lane,,,Hemel Hempstead,HP1 1TX,01442390100,E14000739,Hemel Hempstead,0,0,FD,Does not apply,NSE,OTHER NON SEL,MIXED,0,0,1,11-18,1259,630,629,178,98,55%,80,45%,105.6,29,17%,96,55%,48,28%,25,14%,153,86%,13,7%,165,93%,0,0%,173,97%,2,1%,26,15%,24,13%,9180.8,51.6,1939,10.9,1826,10.3,2716.5,15.3,2699.3,15.2,2617,14.7,82.3,0.5,2.8,2.9,173,1,97%,-0.17,-0.38,0.04,-0.17,-0.39,0.04,-0.18,-0.42,0.06,-0.07,-0.3,0.16,-0.12,-0.36,0.13,-0.3,-0.54,-0.06,76%,59%,796.49,4.47,3.44,4.64,2.28,4.19,6.4,4.17,5.1,3.97,4.49,,,,,,,51,29%,22%,15%,172,97%,175,98%,163,92%,157,88%,60,34%,84%,72%,81%,64%,80%,65%,75%,59%,85%,63%,158,97%,155,99%,58,97%,-0.06,-0.29,0.17,-0.05,-0.33,0.24,0.17,-0.34,0.67,149,129,145,114,131,106,118,93,51,38,49,28%,172,97%,175,98%,159,98%,154,98%,58,97%,40.3,24,0,-0.77,-1.33,-0.2,-0.77,-1.34,-0.19,53.4,149,1,-0.07,-0.3,0.15,-0.08,-0.31,0.15,9.3,-0.51,-1.15,0.13,7.9,-0.63,-1.25,-0.02,11.7,-0.7,-1.36,-0.05,11.4,-1.09,-1.74,-0.43,11.2,-0.12,-0.38,0.13,10.6,0.02,-0.23,0.27,15.8,-0.02,-0.29,0.24,15.8,-0.17,-0.43,0.09,10.9,0.5,15.3,0.5,-12.5,-0.92,30.1,29,0,-0.25,-0.77,0.26,-0.25,-0.78,0.27,49,96,1,-0.25,-0.53,0.03,-0.26,-0.55,0.03,69.4,48,0,0.04,-0.36,0.44,0.04,-0.37,0.45,48.9,10,9.8,14.9,14.2,13.6,0.5,10,0,0.25,-0.62,1.13,0.25,-0.64,1.14,58.2,12.5,11.3,17.1,17.3,17.1,0.2,78,1,0.07,-0.24,0.38,0.05,-0.26,0.37,46.2,9.6,9.4,13.7,13.4,12.7,0.7,95,0,-0.36,-0.65,-0.08,-0.36,-0.65,-0.07,51.8,11,10.3,15.3,15.3,14.8,0.5,170,1,-0.16,-0.38,0.05,-0.17,-0.39,0.05,,,,,,,,,,,,,,,,,,,,,,,,,,,,,,,1,3%,0%,0%,26,27%,19%,7%,24,50%,46%,40%,12%,31%,8%,8%,25%,16%,-0.04,-0.2,0.21,-0.56,0.02,-0.11,-0.11,0.1,-0.49,0.01,SUPP,0.1,0.27,SUPP,0.13,0.07,-1.18,0.26,-0.23,0.62,-0.7,0.1,-0.5,0.63,-0.2,0.34,-1.32,0.31,-0.29,0.6,-0.81,0.27,-0.49,0.63,-0.43,SUPP,SUPP,0.65,-0.4,SUPP,SUPP,0.81,-0.61,1,-0.45,,,,,,,21%,14%,10%,38%,33%,20%,28%,23%,14%,15%,8%,8%,,,,,,,,,,,,,74%,,,98%,,,,,52%,80%,7,24%,78,81%,48,100%,68%,86%,62%,77%,32%,63%,2,7%,56,58%,44,92%,48%,73%,62%,60%,,,,,,,,,1%,16%,,,,,,,,,8,7.6,7.8,8.7,7.5,8.1,,,,,7.8,7.3,7.6,8.5,7.2,7.9,,,,,1438,15,1%
1,919,5420,140786,The Hertfordshire & Essex High School and Science College,,Warwick Road,,,Bishop's Stortford,CM23 5NJ,01279654127,E14000744,Hertford and Stortford,0,0,ACC,None,NSE,OTHER NON SEL,GIRLS,0,0,1,11-18,1463,167,1296,179,0,0%,179,100%,108.8,16,10%,67,40%,83,50%,11,6%,168,94%,18,10%,161,90%,0,0%,176,98%,0,0%,14,8%,14,8%,11798,65.9,2480,13.9,2188,12.2,3491.5,19.5,3638.5,20.3,3507,19.6,131.5,0.7,2.9,3,166,1,93%,0.61,0.39,0.82,0.6,0.38,0.82,0.74,0.49,0.98,0.16,-0.07,0.39,0.57,0.32,0.82,0.83,0.58,1.07,91%,81%,1083.17,6.05,5.26,6.1,3.59,5.31,7.11,6.41,6.05,NE,6.07,,,,,,,117,65%,61%,50%,178,99%,178,99%,178,99%,158,88%,131,73%,99%,94%,92%,81%,91%,85%,92%,82%,96%,86%,165,93%,147,93%,120,92%,0.6,0.37,0.82,0.5,0.21,0.79,0.55,0.2,0.9,177,168,164,145,162,152,145,130,126,113,117,65%,178,99%,178,99%,177,99%,158,100%,130,99%,58.3,11,0,0.74,-0.1,1.57,0.74,-0.11,1.58,66.4,155,1,0.6,0.38,0.82,0.59,0.36,0.82,12.7,0.94,-0.01,1.89,10.2,0.15,-0.76,1.05,16.4,0.53,-0.44,1.49,19,1.2,0.23,2.16,13.9,0.72,0.47,0.98,12.4,0.16,-0.08,0.4,19.7,0.58,0.32,0.83,20.4,0.8,0.54,1.06,18.5,0.5,19.7,0.7,5.5,0.59,42.7,16,0,0.71,0.02,1.4,0.71,0,1.41,59.5,67,1,0.71,0.37,1.04,0.68,0.34,1.03,75.6,83,0,0.51,0.21,0.81,0.51,0.2,0.82,68.9,15.1,12.7,20.3,20.8,20.8,0,15,0,0.68,-0.04,1.39,0.68,-0.05,1.4,65.9,13.9,12.2,19.5,20.3,19.6,0.7,166,1,0.61,0.39,0.82,0.6,0.38,0.82,NE,NE,NE,NE,NE,NE,NE,NE,NE,NE,NE,NE,NE,NE,NE,66,13.9,12.3,19.6,20.3,19.6,0.7,165,1,0.63,0.41,0.84,0.62,0.4,0.84,,,,,,,,,,,,,,,,,,,,,,,,,,,,,,,6,38%,19%,0%,39,58%,54%,39%,63,76%,73%,67%,64%,65%,64%,36%,61%,51%,0.62,0.72,0.49,0.44,0.61,0.7,0.64,0.36,1.23,0.46,0.26,0.5,0.59,0.67,0.54,1.3,-0.43,0.84,0.37,1.34,-0.1,1.08,0.37,0.8,0.17,2.41,0.05,0.76,0.16,1.68,-0.28,1.1,0.18,0.77,-0.05,2.11,-0.78,0.9,0.18,1.82,-1.3,1.09,-0.08,1.05,0.14,,,,,,,NE,NE,NE,65%,61%,50%,66%,61%,51%,72%,67%,56%,,,,,,,,,,,,,90%,,,99%,,,,,82%,92%,9,56%,58,87%,83,100%,NE,91%,100%,91%,55%,83%,2,13%,50,75%,81,98%,NE,81%,89%,81%,,,,,,,,,5%,36%,,,,,,,,,8.6,7.5,8,9.1,8.3,8.6,,,,,8.4,7.1,7.8,9.1,8.1,8.4,,,,,1541,5,0%
1,919,4001,138747,Hertswood Academy,,Cowley Hill,,,Borehamwood,WD6 5LG,02082387200,E14000745,Hertsmere,0,0,ACC,Does not apply,NSE,OTHER NON SEL,MIXED,0,0,1,11-18,1250,653,597,208,102,49%,106,51%,102,61,31%,113,58%,20,10%,65,31%,143,69%,41,20%,167,80%,0,0%,196,94%,3,1%,22,11%,19,9%,8598.3,41.3,1767,8.5,1846,8.9,2353.5,11.3,2631.8,12.7,1944,9.3,687.8,3.3,2.7,2.7,194,4,93%,-0.45,-0.65,-0.25,-0.46,-0.67,-0.26,-0.7,-0.93,-0.48,0.04,-0.17,0.26,-0.66,-0.89,-0.43,-0.45,-0.68,-0.22,59%,36%,730.12,3.51,2.74,3.86,2.22,3.87,5.16,3.86,3.78,3.23,3.52,,,,,,,77,37%,13%,8%,199,96%,202,97%,197,95%,182,88%,77,37%,63%,45%,70%,50%,56%,31%,55%,40%,42%,35%,183,93%,168,92%,70,91%,-0.58,-0.79,-0.37,-0.52,-0.79,-0.24,-1.35,-1.81,-0.89,131,94,146,103,110,61,100,73,32,27,68,33%,195,94%,201,97%,189,96%,180,99%,69,90%,32.8,65,3,-1.14,-1.49,-0.8,-1.19,-1.54,-0.84,45.2,129,1,-0.1,-0.34,0.14,-0.1,-0.35,0.15,7.2,-1.23,-1.62,-0.84,7.1,-0.7,-1.07,-0.33,8.4,-1.46,-1.86,-1.06,10.1,-1.21,-1.61,-0.82,9.1,-0.44,-0.72,-0.16,9.7,0.42,0.16,0.68,12.6,-0.26,-0.54,0.02,13.8,-0.06,-0.34,0.22,7.3,2.8,10.3,3.5,-20,-1.29,27.5,61,0,-0.42,-0.78,-0.07,-0.42,-0.78,-0.06,45.7,113,3,-0.4,-0.66,-0.14,-0.42,-0.69,-0.16,59,20,1,-0.81,-1.43,-0.2,-0.82,-1.45,-0.19,43,8.3,8.9,12.7,13,9.1,3.9,32,0,0.12,-0.37,0.61,0.12,-0.38,0.62,44.6,9.1,9,12.1,14.3,10.6,3.8,99,4,-0.2,-0.48,0.08,-0.23,-0.51,0.05,37.9,7.9,8.7,10.5,10.9,8.1,2.8,95,0,-0.71,-0.99,-0.42,-0.71,-1,-0.42,41.7,8.6,9,11.3,12.9,9.5,3.4,191,4,-0.41,-0.61,-0.21,-0.42,-0.63,-0.22,,,,,,,,,,,,,,,,,,,,,,,,,,,,,,,12,20%,8%,2%,49,43%,12%,9%,9,45%,30%,20%,29%,41%,12%,9%,13%,7%,-0.58,-0.54,-0.83,-1.23,-0.28,-0.07,-0.57,-1.22,-1.16,-0.26,0.03,-1.74,-1.1,-1.27,-1.38,-0.85,-1.61,-0.03,-0.54,-0.19,-0.97,-0.26,-0.81,-0.17,-1.49,-0.65,-1.67,0.06,-0.58,0.46,-0.61,-0.23,-0.92,-0.41,-2.03,-0.39,-2.15,-0.85,-1.92,1.14,-1.08,-1.19,-2.28,0.18,-2.37,,,,,,,25%,6%,3%,48%,20%,12%,38%,13%,8%,56%,24%,12%,,,,,,,,,,,,,53%,,,97%,,,,,40%,67%,16,26%,82,73%,17,85%,55%,62%,56%,59%,29%,38%,4,7%,55,49%,13,65%,28%,42%,29%,37%,,,,,,,,,3%,4%,,,,,,,,,7.7,7.1,7.8,8.5,7,8,,,,,6.9,6.1,7.1,7.7,6.3,7.2,,,,,1622,4,0%
1,919,4122,117537,The Highfield School,,Highfield,,,Letchworth Garden City,SG6 3QA,01462620500,E14000845,North East Hertfordshire,0,0,FD,Does not apply,NSE,OTHER NON SEL,MIXED,0,0,1,11-18,974,457,517,140,71,51%,69,49%,102,45,34%,71,54%,16,12%,32,23%,108,77%,10,7%,129,92%,1,1%,133,95%,3,2%,22,16%,19,14%,6765,48.3,1442,10.3,1272,9.1,1998.5,14.3,2052.5,14.7,1857.5,13.3,195,1.4,2.8,2.8,132,0,94%,0.13,-0.11,0.37,0.13,-0.11,0.38,0.13,-0.15,0.4,0.02,-0.24,0.28,0.22,-0.06,0.5,0.12,-0.15,0.4,66%,48%,600.16,4.29,2.39,4.85,2.42,4.71,6.72,3.78,4.37,4.21,4.36,,,,,,,57,41%,31%,24%,132,94%,138,99%,134,96%,128,91%,59,42%,76%,62%,67%,51%,69%,51%,67%,54%,78%,66%,127,95%,122,95%,54,92%,0.26,0,0.51,0.17,-0.15,0.49,0.03,-0.49,0.55,107,87,94,72,92,68,86,69,46,39,57,41%,132,94%,136,97%,133,99%,125,98%,59,100%,29.3,32,0,-1.07,-1.55,-0.58,-1.07,-1.56,-0.57,54,100,0,0.52,0.24,0.79,0.52,0.23,0.8,6.9,-0.97,-1.52,-0.41,5.6,-0.92,-1.45,-0.39,7.9,-1.1,-1.66,-0.53,8.8,-1.2,-1.76,-0.63,11.3,0.48,0.16,0.79,10.1,0.32,0.02,0.62,16.2,0.64,0.32,0.97,16.4,0.55,0.23,0.87,7.5,1.4,15,1.4,-23.5,-1.22,30.4,45,0,-0.19,-0.6,0.22,-0.19,-0.61,0.23,52.8,71,0,0.34,0.01,0.67,0.34,0.01,0.68,70.4,16,0,0.11,-0.58,0.8,0.11,-0.59,0.82,44.3,8.7,8.2,13.4,14,12.5,1.5,9,0,0.62,-0.3,1.54,0.62,-0.32,1.56,49.9,10.8,9.1,14.4,15.5,14.2,1.3,66,0,0.21,-0.13,0.55,0.21,-0.14,0.56,46.8,9.8,9.1,14.1,13.8,12.3,1.5,66,0,0.05,-0.29,0.39,0.05,-0.29,0.4,49.2,10.5,9.2,14.5,15,13.6,1.4,127,0,0.21,-0.03,0.46,0.21,-0.04,0.46,,,,,,,,,,,,,,,,,,,,,,,,,,,,,,,3,7%,2%,0%,36,51%,35%,25%,14,88%,81%,69%,13%,49%,3%,3%,39%,30%,-0.06,0.48,0.06,-0.76,0.54,0.04,0.32,-0.11,-1.17,0.53,SUPP,0,-0.14,SUPP,0.15,-0.22,-1.3,0.83,0.25,0.39,-0.51,0.83,0.14,0.78,-0.65,-0.48,-1.86,0.89,0.17,0.6,-0.52,0.75,-0.12,0.77,-0.99,SUPP,SUPP,0.69,-0.39,SUPP,SUPP,0.63,-0.63,0.88,-1.16,,,,,,,42%,32%,23%,39%,29%,25%,42%,32%,25%,30%,30%,20%,,,,,,,,,,,,,64%,,,99%,,,,,31%,76%,12,27%,57,80%,16,100%,63%,68%,70%,67%,16%,57%,3,7%,41,58%,16,100%,51%,45%,40%,49%,,,,,,,,,0%,36%,,,,,,,,,8.1,7,8.5,9.6,6.9,8.5,,,,,7.6,6.4,8,9.3,6.2,8.1,,,,,1165,0,0%
1,919,4008,139154,Hitchin Boys' School,,Grammar School Walk,,,Hitchin,SG5 1JB,01462432181,E14000749,Hitchin and Harpenden,0,0,ACC,Does not apply,NSE,OTHER NON SEL,BOYS,0,0,1,11-18,1286,1285,1,166,166,100%,0,0%,106.1,26,16%,88,55%,45,28%,13,8%,153,92%,9,5%,154,93%,3,2%,165,99%,1,1%,27,16%,26,16%,9454.5,57,1892,11.4,1910,11.5,2893,17.4,2759.5,16.6,2536.5,15.3,223,1.3,2.9,2.9,159,3,96%,0.31,0.09,0.53,0.28,0.06,0.51,-0.01,-0.26,0.24,0.46,0.22,0.7,0.53,0.28,0.79,0.12,-0.14,0.37,88%,73%,901.38,5.43,4.09,5.54,3.68,5.27,6.77,6.78,NE,5.43,5.43,,,,,,,129,78%,61%,46%,161,97%,164,99%,161,97%,157,95%,130,78%,90%,83%,93%,78%,89%,75%,86%,71%,87%,71%,154,96%,151,96%,125,96%,0.57,0.33,0.8,0.33,0.04,0.61,0.28,-0.06,0.63,150,138,154,130,143,121,135,111,113,92,129,78%,161,97%,164,99%,160,99%,157,100%,130,100%,44.8,13,1,-0.42,-1.18,0.35,-0.43,-1.21,0.35,58,146,2,0.37,0.14,0.6,0.35,0.11,0.58,9.8,-0.36,-1.23,0.52,9.5,0.02,-0.81,0.85,12.5,-0.54,-1.43,0.35,12.9,-0.67,-1.56,0.21,11.5,0.02,-0.24,0.28,11.7,0.5,0.25,0.75,17.8,0.63,0.36,0.89,16.9,0.19,-0.08,0.45,12,0.9,15.6,1.4,-8,-0.57,42.5,26,0,0.85,0.31,1.39,0.85,0.3,1.4,55.2,88,1,0.34,0.04,0.63,0.34,0.04,0.64,68.9,45,2,-0.06,-0.47,0.35,-0.15,-0.57,0.27,67.7,12.4,13.8,22.1,19.4,16.2,3.3,9,0,1.16,0.24,2.08,1.16,0.22,2.1,NE,NE,NE,NE,NE,NE,NE,NE,NE,NE,NE,NE,NE,NE,NE,57,11.4,11.5,17.4,16.6,15.3,1.3,159,3,0.31,0.09,0.53,0.28,0.06,0.51,56.9,11.4,11.5,17.4,16.6,15.3,1.4,158,3,0.31,0.09,0.53,0.28,0.06,0.51,,,,,,,,,,,,,,,,,,,,,,,,,,,,,,,8,31%,15%,12%,73,83%,57%,42%,43,96%,96%,73%,69%,78%,38%,23%,63%,48%,1.12,0.59,0.2,0.54,0.57,1.3,0.32,-0.16,0.01,0.35,1.02,0.2,0.3,-0.34,0.33,1.44,-0.37,0.81,0.33,1.7,0.53,0.9,0.29,0.64,-0.24,1.13,-1.1,0.65,0.05,2.05,0.55,0.7,-0.06,0.38,-0.7,0.94,-1.62,0.69,-0.02,2.37,-0.34,0.64,-0.25,0.88,-0.29,,,,,,,78%,61%,46%,NE,NE,NE,78%,61%,46%,100%,100%,78%,,,,,,,,,,,,,87%,,,99%,,,,,77%,89%,15,58%,82,93%,44,98%,88%,NE,100%,88%,38%,76%,11,42%,65,74%,41,91%,73%,NE,89%,73%,,,,,,,,,4%,51%,,,,,,,,,8.8,7.4,8.7,9.7,7.2,8.9,,,,,8.4,6.5,8.4,9.5,6.9,8.5,,,,,1464,1,0%
1,919,4009,137288,Hitchin Girls' School,,Highbury Road,,,Hitchin,SG4 9RS,01462621300,E14000749,Hitchin and Harpenden,0,0,ACC,Does not apply,NSE,OTHER NON SEL,GIRLS,0,0,1,11-18,1322,0,1322,166,0,0%,166,100%,107.3,19,12%,81,49%,64,39%,18,11%,148,89%,17,10%,149,90%,0,0%,166,100%,0,0%,16,10%,16,10%,10718.5,64.6,2215,13.3,2024,12.2,3208.5,19.3,3271,19.7,3148,19,123,0.7,2.9,2.9,164,0,99%,0.79,0.57,1.01,0.79,0.57,1.01,0.73,0.49,0.98,0.53,0.3,0.76,0.88,0.63,1.13,0.92,0.67,1.17,92%,77%,951.5,5.73,4.72,5.85,3.24,5.11,7.2,5.03,5.73,NE,5.73,,,,,,,66,40%,35%,31%,164,99%,166,100%,164,99%,138,83%,88,53%,95%,89%,92%,80%,93%,85%,90%,83%,91%,83%,162,99%,137,99%,86,98%,0.87,0.64,1.09,0.84,0.54,1.14,1,0.59,1.42,158,148,153,133,152,139,124,115,80,73,64,39%,164,99%,165,99%,163,99%,135,98%,86,98%,53.2,18,0,0.28,-0.37,0.93,0.28,-0.38,0.95,65.9,146,0,0.85,0.62,1.08,0.85,0.62,1.09,11.2,0.22,-0.52,0.96,10,0.12,-0.59,0.82,16.6,0.65,-0.1,1.41,15.5,0.06,-0.69,0.81,13.6,0.8,0.53,1.06,12.5,0.58,0.33,0.83,19.7,0.9,0.64,1.17,20.2,1.02,0.76,1.29,14.3,1.2,19.5,0.7,0.4,0.13,38.8,19,0,0.42,-0.22,1.05,0.42,-0.23,1.06,59,81,0,0.78,0.48,1.09,0.78,0.47,1.1,78.8,64,0,0.91,0.57,1.26,0.91,0.56,1.26,56.4,11.3,11.3,16.8,16.9,16.1,0.8,16,0,0.61,-0.08,1.3,0.61,-0.1,1.31,64.6,13.3,12.2,19.3,19.7,19,0.7,164,0,0.79,0.57,1.01,0.79,0.57,1.01,NE,NE,NE,NE,NE,NE,NE,NE,NE,NE,NE,NE,NE,NE,NE,64.6,13.3,12.2,19.3,19.7,19,0.7,164,0,0.79,0.57,1.01,0.79,0.57,1.01,,,,,,,,,,,,,,,,,,,,,,,,,,,,,,,3,16%,0%,0%,29,36%,30%,23%,33,52%,52%,48%,28%,41%,22%,22%,36%,32%,0.48,0.84,1.02,0.78,0.88,0.32,0.99,0.79,1.04,0.81,0.08,0.92,1.23,0.61,1.03,1.48,0.08,1.12,0.64,1.13,-0.18,1.16,0.52,1.38,0.66,1.96,0.13,1.13,0.49,1.26,-0.63,1.43,0.55,1.26,0.33,2.18,-0.95,1.46,0.6,1.64,-1.49,1.52,0.32,1.85,0.62,,,,,,,NE,NE,NE,40%,35%,31%,40%,35%,31%,53%,24%,24%,,,,,,,,,,,,,90%,,,100%,,,,,67%,95%,11,58%,75,93%,64,100%,NE,92%,76%,92%,50%,80%,3,16%,59,73%,63,98%,NE,77%,71%,77%,,,,,,,,,4%,34%,,,,,,,,,8.3,7.4,8.2,8.8,7.9,8.4,,,,,8.2,7.1,8.1,8.7,7.7,8.3,,,,,1386,2,0%
1,919,5427,136482,Hockerill Anglo-European College,,Dunmow Road,,Hockerill Anglo-European College,Bishop's Stortford,CM23 5HX,01279658451,E14000744,Hertford and Stortford,0,0,ACC,None,NSE,OTHER NON SEL,MIXED,0,0,1,11-18,904,460,444,108,62,57%,46,43%,109.4,7,9%,32,40%,42,52%,10,9%,98,91%,2,2%,105,97%,1,1%,107,99%,2,2%,9,8%,7,6%,7007,64.9,1403,13,1304,12.1,2264,21,2036,18.9,2027.5,18.8,8.5,0.1,3,2.9,81,0,75%,0.4,0.09,0.71,0.4,0.09,0.71,0.27,-0.08,0.62,-0.08,-0.41,0.26,0.91,0.56,1.27,0.29,-0.06,0.65,92%,77%,700.66,6.49,4.63,6.68,3.12,6.11,7.4,SUPP,6.6,6.4,6.47,,,,,,,101,94%,83%,69%,101,94%,107,99%,107,99%,106,98%,104,96%,94%,93%,93%,77%,94%,87%,93%,86%,91%,84%,81,76%,80,75%,79,76%,0.67,0.35,0.99,0.55,0.16,0.95,1.12,0.69,1.55,101,100,100,83,101,93,99,91,95,87,101,94%,101,94%,107,99%,107,100%,106,100%,104,100%,47.1,9,0,-0.5,-1.42,0.42,-0.5,-1.44,0.44,66.7,72,0,0.51,0.19,0.84,0.51,0.18,0.85,9.7,-0.76,-1.81,0.29,9,-0.38,-1.38,0.62,15.3,0.03,-1.04,1.1,13.1,-0.94,-2.01,0.12,13.3,0.4,0.03,0.77,12.4,-0.04,-0.39,0.31,21.5,1.02,0.65,1.4,19.4,0.45,0.07,0.82,13.1,0,19.4,0.1,-5.7,-0.65,32.7,7,0,-0.03,-1.07,1.01,-0.03,-1.09,1.04,61.1,32,0,0.7,0.22,1.19,0.7,0.21,1.2,73.7,42,0,0.24,-0.19,0.67,0.24,-0.19,0.68,SUPP,SUPP,SUPP,SUPP,SUPP,SUPP,SUPP,SUPP,SUPP,SUPP,SUPP,SUPP,SUPP,SUPP,SUPP,66.3,14,11.4,21.1,19.7,19.7,0,37,0,0.39,-0.07,0.84,0.39,-0.08,0.85,63.9,12.2,12.5,20.9,18.3,18.1,0.1,44,0,0.41,0,0.83,0.41,-0.01,0.84,64.7,13,12,20.9,18.8,18.7,0.1,80,0,0.4,0.09,0.71,0.4,0.08,0.71,,,,,,,,,,,,,,,,,,,,,,,,,,,,,,,3,43%,14%,0%,31,97%,94%,72%,42,100%,95%,81%,70%,96%,50%,30%,87%,72%,0.6,0.97,0.46,0.02,0.75,0.45,0.91,0.3,-0.29,0.65,SUPP,1.45,1.03,-0.56,1.29,0.98,-0.94,1.09,0.41,1.69,-0.48,1.48,0.46,0.9,0.01,0.95,-1.54,1.06,0.23,1.89,-0.99,1.53,0.29,0.84,-0.25,0.88,-2.01,1.74,0.84,SUPP,SUPP,2.13,0.77,1.63,0.44,,,,,,,90%,82%,66%,98%,85%,72%,93%,83%,68%,SUPP,SUPP,SUPP,,,,,,,,,,,,,90%,,,99%,,,,,70%,94%,4,57%,30,94%,41,98%,94%,89%,SUPP,92%,40%,81%,0,0%,26,81%,36,86%,77%,76%,SUPP,77%,,,,,,,,,94%,57%,,,,,,,,,9,6.7,8.9,9.6,8,9.1,,,,,9,6.7,8.9,9.6,8,9.1,,,,,971,4,0%
1,919,6231,117657,Immanuel College,,87-91 Elstree Road,,,Bushey,WD23 4EB,02089500604,E14000745,Hertsmere,0,0,IND,Jewish,,NA,MIXED,0,0,1,4-19,684,365,319,91,44,48%,47,52%,NP,NP,NP,NP,NP,NP,NP,NP,NP,NP,NP,NP,NP,NP,NP,NP,NP,NP,NP,NA,NA,NA,NA,NA,NA,1697,18.6,0,0,0,0,1088.5,12,608.5,6.7,608.5,6.7,0,0,1.8,0.9,NP,NP,NP,NP,NP,NP,NP,NP,NP,NP,NP,NP,NP,NP,NP,NP,NP,NP,NP,NP,NP,0%,0%,170.31,1.87,NP,NP,NP,NP,NP,NP,1.9,1.84,NP,,,,,,,0,0%,0%,0%,0,0%,0,0%,54,59%,0,0%,54,59%,0%,0%,0%,0%,93%,74%,NE,NE,98%,96%,NP,NP,NP,NP,NP,NP,NP,NP,NP,NP,NP,NP,NP,NP,NP,0,0,0,0,50,40,NE,NE,53,52,0,0%,0,0%,0,0%,53,98%,NE,NE,53,98%,NP,NP,NP,NP,NP,NP,NP,NP,NP,NP,NP,NP,NP,NP,NP,NP,NP,NP,NP,NP,NP,NP,NP,NP,NP,NP,NP,NP,NP,NP,NP,NP,NP,NP,NP,NP,NP,NP,NP,NP,NP,NP,NP,NP,NP,NP,NP,NP,NP,NP,NP,NP,NP,NP,NP,NP,NP,NP,NP,NP,NP,NP,NP,NP,NP,NP,NP,NP,NP,NP,NP,NP,NP,NP,NP,NP,NP,NP,NP,NP,NP,NP,NP,NP,NP,NP,NP,NP,NP,NP,NP,NP,NP,NP,NP,NP,NP,NP,20.4,0,0,12.2,8.2,8.2,0,NP,NP,NP,NP,NP,NP,NP,NP,16.8,0,0,11.7,5.1,5.1,0,NP,NP,NP,NP,NP,NP,NP,NP,NP,NP,NP,NP,NP,NP,NP,NP,NP,NP,NP,NP,NP,NP,NP,,,,,,,,,,,,,,,,,,,,,,,,,,,,,,,NP,NP,NP,NP,NP,NP,NP,NP,NP,NP,NP,NP,NP,NP,NP,NP,NP,NP,NP,NP,NP,NP,NP,NP,NP,NP,NP,NP,NP,NP,NP,NP,NP,NP,NP,NP,NP,NP,NP,NP,NP,NP,NP,NP,NP,NP,NP,NP,NP,NP,NP,NP,NP,NP,NP,NP,NP,NP,NP,NP,NP,NP,NP,,,,,,,0%,0%,0%,0%,0%,0%,NP,NP,NP,NP,NP,NP,,,,,,,,,,,,,0%,,,96%,,,,,NP,NP,NP,NP,NP,NP,NP,NP,0%,0%,NP,NP,NP,NP,NP,NP,NP,NP,NP,NP,0%,0%,NP,NP,,,,,,,,,13%,0%,,,,,,,,,2.2,NP,NP,NP,NP,NP,,,,,2.2,NP,NP,NP,NP,NP,,,,,202,6,3%
1,919,4619,117557,John F Kennedy Catholic School,,Hollybush Lane,,,Hemel Hempstead,HP1 2PH,01442266150,E14000739,Hemel Hempstead,0,0,VA,Roman Catholic,NSE,OTHER NON SEL,MIXED,0,0,1,11-18,1090,564,526,178,85,48%,93,52%,106.3,24,14%,96,55%,56,32%,11,6%,167,94%,32,18%,146,82%,0,0%,176,99%,1,1%,10,6%,9,5%,9610,54,2083,11.7,1874,10.5,2697,15.2,2956,16.6,2956,16.6,0,0,2.8,2.9,176,3,99%,0.01,-0.2,0.22,-0.02,-0.24,0.19,0.13,-0.11,0.37,-0.04,-0.27,0.18,-0.24,-0.48,0,0.11,-0.14,0.35,85%,61%,801.91,4.51,4.73,4.49,3.27,4.31,5.4,4.81,4.79,4.19,4.53,,,,,,,48,27%,20%,17%,173,97%,174,98%,173,97%,120,67%,85,48%,93%,82%,87%,65%,80%,58%,80%,63%,88%,79%,172,99%,119,99%,85,100%,-0.38,-0.6,-0.16,-0.02,-0.35,0.3,0.49,0.08,0.91,166,146,155,116,138,100,96,76,75,67,42,24%,173,97%,174,98%,165,95%,119,99%,80,94%,56.7,11,0,0.39,-0.44,1.22,0.39,-0.46,1.24,53.8,165,3,-0.01,-0.23,0.2,-0.05,-0.27,0.17,13.1,0.94,-0.01,1.89,10.9,0.31,-0.6,1.21,15.1,-0.1,-1.07,0.87,17.6,0.57,-0.39,1.53,11.6,0.08,-0.17,0.32,10.5,-0.07,-0.3,0.17,15.2,-0.25,-0.5,0,16.5,0.07,-0.17,0.32,17.6,0,16.5,0,3.9,0.24,39.5,24,0,0.37,-0.19,0.93,0.37,-0.21,0.94,52.7,96,1,0.23,-0.05,0.52,0.22,-0.07,0.5,62.9,56,2,-0.53,-0.9,-0.16,-0.6,-0.98,-0.23,58,12.4,11.3,16.7,17.6,17.6,0,30,0,0.52,0.02,1.02,0.52,0,1.03,57.2,12.6,10.6,15.9,18.1,18.1,0,92,0,0.32,0.03,0.61,0.32,0.02,0.61,50.4,10.7,10.4,14.3,14.9,14.9,0,84,3,-0.33,-0.63,-0.03,-0.4,-0.71,-0.09,54.3,11.7,10.6,15.3,16.7,16.7,0,174,2,0.04,-0.17,0.25,0.01,-0.2,0.23,,,,,,,,,,,,,,,,,,,,,,,,,,,,,,,5,21%,8%,8%,22,23%,16%,11%,21,38%,32%,32%,36%,26%,18%,18%,20%,17%,-0.08,-0.23,-0.78,-0.33,-0.39,0.68,0.12,-0.59,0.26,-0.04,1.64,0.8,-0.25,-0.3,0.56,0.54,-1.19,-0.16,-0.61,0.52,-0.68,0.06,-0.53,-0.39,-1.17,1.59,-1.08,0.29,-0.37,1.53,-0.18,0.55,-0.32,-0.01,-1.17,1.15,-1.75,1,0.13,2.85,0.43,1.39,0.21,0.42,-0.92,,,,,,,22%,16%,15%,31%,23%,19%,27%,20%,18%,22%,16%,13%,,,,,,,,,,,,,81%,,,98%,,,,,100%,84%,11,46%,87,91%,53,95%,84%,87%,88%,86%,73%,60%,5,21%,53,55%,49,88%,59%,62%,63%,61%,,,,,,,,,5%,51%,,,,,,,,,8.8,7.9,8.8,9.5,8.7,8.9,,,,,8.8,7.9,8.8,9.5,8.7,8.9,,,,,1588,11,1%
1,919,5426,136607,The John Warner School,,Stanstead Road,,,Hoddesdon,EN11 0QF,01992462889,E14000606,Broxbourne,0,0,ACC,None,NSE,OTHER NON SEL,MIXED,0,0,1,11-18,1285,680,605,226,122,54%,104,46%,104.5,52,24%,114,52%,52,24%,33,15%,193,85%,22,10%,201,89%,3,1%,217,96%,5,2%,17,8%,12,5%,10424,46.1,2300,10.2,2104,9.3,3031.5,13.4,2988.5,13.2,2748.5,12.2,240,1.1,2.9,2.8,218,7,96%,-0.44,-0.63,-0.26,-0.46,-0.65,-0.27,-0.3,-0.51,-0.09,-0.29,-0.49,-0.09,-0.45,-0.66,-0.23,-0.7,-0.92,-0.49,75%,43%,921.66,4.08,2.76,4.3,2.72,3.95,5.81,4.76,4.15,4.02,4.16,,,,,,,75,33%,23%,17%,213,94%,220,97%,216,96%,202,89%,86,38%,82%,64%,78%,47%,62%,41%,65%,51%,78%,56%,208,96%,195,97%,83,97%,-0.46,-0.66,-0.26,-0.3,-0.55,-0.05,-0.2,-0.62,0.22,185,144,176,107,134,89,131,103,67,48,75,33%,213,94%,217,96%,216,100%,199,99%,86,100%,32.2,31,2,-1.11,-1.61,-0.62,-1.16,-1.67,-0.65,48.5,187,5,-0.33,-0.54,-0.13,-0.35,-0.55,-0.14,7.4,-0.99,-1.56,-0.43,6.7,-0.86,-1.4,-0.32,9.3,-1.11,-1.69,-0.54,8.8,-1.52,-2.09,-0.94,10.6,-0.19,-0.42,0.05,9.8,-0.2,-0.42,0.02,14.1,-0.34,-0.57,-0.1,14,-0.57,-0.8,-0.33,8.1,0.8,12.9,1.1,-20.6,-1.26,32.1,52,0,-0.07,-0.45,0.31,-0.07,-0.46,0.32,44.8,114,5,-0.58,-0.84,-0.32,-0.61,-0.87,-0.34,64.2,52,2,-0.52,-0.9,-0.13,-0.54,-0.93,-0.15,50.9,10.4,10.5,15.8,14.3,12.7,1.7,17,1,0.6,-0.06,1.27,0.57,-0.12,1.25,47.3,10.7,9,13.3,14.4,12.9,1.5,101,3,-0.33,-0.61,-0.06,-0.35,-0.63,-0.07,45.1,9.7,9.6,13.5,12.2,11.5,0.7,117,4,-0.54,-0.79,-0.28,-0.56,-0.82,-0.3,47,10.4,9.5,13.7,13.5,12.4,1.1,210,5,-0.38,-0.57,-0.19,-0.4,-0.59,-0.2,,,,,,,,,,,,,,,,,,,,,,,,,,,,,,,5,10%,6%,4%,40,35%,21%,14%,27,52%,44%,38%,12%,37%,6%,6%,26%,19%,-0.06,-0.5,-0.77,-0.82,-0.41,-0.06,-0.33,-0.47,-1.05,-0.18,1.52,-0.34,-0.34,SUPP,-0.22,-0.28,-1.36,-0.19,-0.62,0.35,-0.46,-0.23,-0.78,-0.37,-1.17,-0.36,-1.74,0.09,-0.45,0.45,-0.57,0.02,-0.69,0.04,-0.98,SUPP,SUPP,0.21,-0.65,3.08,-0.05,0.22,-0.89,0.36,-1.04,,,,,,,25%,19%,14%,42%,28%,21%,35%,24%,18%,50%,45%,32%,,,,,,,,,,,,,63%,,,97%,,,,,52%,79%,20,38%,93,82%,51,98%,76%,73%,77%,76%,18%,47%,9,17%,41,36%,43,83%,42%,44%,59%,45%,,,,,,,,,2%,52%,,,,,,,,,8.8,7.8,8.7,10.1,7.8,8.9,,,,,8.1,6.8,8,9.7,7,8.3,,,,,1997,7,0%
1,919,4030,145890,Katherine Warington School,,Lower Luton Road,,,Harpenden,AL5 5FH,01582314777,E14000749,Hitchin and Harpenden,0,0,F,Unknown,NR,OTHER NON SEL,MIXED,0,0,0,11-19,537,328,209
1,919,4140,137656,King James Academy Royston,,Garden Walk,,,Royston,SG8 7JH,01763242236,E14000845,North East Hertfordshire,0,0,ACC,Does not apply,NSE,OTHER NON SEL,MIXED,0,1,1,9-18,976,503,473,64,25,39%,39,61%,100.6,21,33%,37,59%,5,8%,14,22%,50,78%,2,3%,62,97%,0,0%,59,92%,1,2%,9,14%,8,13%,2765,43.2,562,8.8,542,8.5,845,13.2,816,12.8,635,9.9,181,2.8,2.9,2.9,63,0,98%,0,-0.34,0.35,0,-0.35,0.36,-0.35,-0.74,0.05,0.15,-0.22,0.53,0.33,-0.08,0.73,-0.18,-0.58,0.22,61%,36%,232.47,3.63,3.02,3.8,2.4,4.18,SUPP,SUPP,3.49,3.86,3.65,,,,,,,1,2%,2%,0%,64,100%,64,100%,64,100%,58,91%,7,11%,67%,53%,70%,45%,67%,55%,43%,38%,100%,86%,63,98%,57,98%,7,100%,0.4,0.04,0.76,-0.47,-0.93,0,1.77,0.32,3.22,43,34,45,29,43,35,25,22,7,6,1,2%,62,97%,63,98%,63,98%,54,93%,7,100%,35.4,14,0,-0.39,-1.12,0.35,-0.39,-1.14,0.37,45.4,49,0,0.12,-0.28,0.51,0.12,-0.29,0.52,6.9,-0.9,-1.74,-0.06,7.3,0.02,-0.79,0.82,11.1,-0.01,-0.87,0.84,10.2,-0.69,-1.54,0.17,9.3,-0.19,-0.64,0.26,8.8,0.19,-0.23,0.62,13.8,0.42,-0.04,0.88,13.5,-0.04,-0.49,0.42,7.4,2.8,10.6,2.8,-17.4,-0.54,29.3,21,0,0,-0.6,0.6,0,-0.62,0.61,49.3,37,0,0.13,-0.32,0.59,0.13,-0.33,0.6,SUPP,SUPP,SUPP,SUPP,SUPP,SUPP,SUPP,SUPP,SUPP,SUPP,SUPP,SUPP,SUPP,SUPP,SUPP,SUPP,SUPP,SUPP,SUPP,SUPP,SUPP,SUPP,SUPP,SUPP,41.6,8.5,7.7,12.7,12.7,9.3,3.3,39,0,-0.08,-0.53,0.36,-0.08,-0.54,0.37,45.6,9.2,9.6,14,12.9,10.8,2,24,0,0.15,-0.41,0.71,0.15,-0.43,0.73,43.4,8.8,8.4,13.3,12.9,10,2.9,58,0,0.12,-0.25,0.48,0.12,-0.25,0.49,,,,,,,,,,,,,,,,,,,,,,,,,,,,,,,0,0%,0%,0%,1,3%,3%,0%,SUPP,SUPP,SUPP,SUPP,0%,2%,0%,0%,2%,0%,0.39,0.58,SUPP,0.22,0.45,-0.47,-0.3,SUPP,-1.13,-0.27,NE,1.71,SUPP,SUPP,1.6,0.99,-0.55,0.86,0.04,1.01,-0.24,1.05,0.11,SUPP,SUPP,-0.16,-2.11,0.26,-0.8,0.3,-1.24,0.32,-0.92,SUPP,SUPP,SUPP,SUPP,3.16,0.04,NE,NE,3.27,0.15,SUPP,SUPP,,,,,,,0%,0%,0%,3%,3%,0%,2%,2%,0%,SUPP,SUPP,SUPP,,,,,,,,,,,,,56%,,,98%,,,,,36%,68%,6,29%,29,78%,SUPP,SUPP,72%,54%,SUPP,61%,14%,42%,1,5%,18,49%,SUPP,SUPP,40%,33%,SUPP,36%,,,,,,,,,0%,14%,,,,,,,,,7.3,7,7.3,SUPP,7.2,7.3,,,,,6.7,6.3,6.7,SUPP,6.5,6.7,,,,,469,1,0%
1,919,4096,139036,Kings Langley School,,Love Lane,,,Kings Langley,WD4 9HN,01923264504,E14000739,Hemel Hempstead,0,0,ACC,Does not apply,NSE,OTHER NON SEL,MIXED,0,0,1,11-18,1068,547,521,176,78,44%,98,56%,103.9,39,23%,100,60%,28,17%,19,11%,157,89%,6,3%,170,97%,0,0%,170,97%,1,1%,24,14%,23,13%,8937.5,50.8,1934,11,1704,9.7,2612,14.8,2687.5,15.3,2687.5,15.3,0,0,2.9,2.9,167,1,95%,0.16,-0.06,0.37,0.15,-0.06,0.37,0.23,-0.02,0.47,0.1,-0.14,0.33,0.18,-0.07,0.43,0.12,-0.13,0.36,76%,53%,798.06,4.53,3.69,4.64,3.1,4.58,6.32,3.95,4.74,4.28,4.6,,,,,,,84,48%,28%,23%,173,98%,174,99%,173,98%,168,95%,86,49%,89%,73%,80%,59%,75%,53%,70%,56%,71%,63%,164,95%,160,95%,79,92%,0.2,-0.03,0.42,0.08,-0.2,0.35,-0.26,-0.69,0.17,157,128,140,103,129,92,117,94,61,54,83,47%,173,98%,174,99%,173,100%,168,100%,85,99%,41.6,18,0,-0.55,-1.2,0.1,-0.55,-1.21,0.11,51.9,149,1,0.24,0.02,0.47,0.24,0.01,0.47,9.3,-0.47,-1.21,0.27,7.6,-0.71,-1.41,0,12.3,-0.43,-1.18,0.33,12.5,-0.62,-1.37,0.13,11.2,0.31,0.05,0.57,9.9,0.19,-0.05,0.44,15.2,0.25,-0.01,0.51,15.6,0.21,-0.05,0.47,12.5,0,15.6,0,-11.2,-0.7,37.6,39,0,0.42,-0.03,0.86,0.42,-0.03,0.87,51.4,100,0,0.15,-0.12,0.43,0.15,-0.13,0.43,67.6,28,1,-0.19,-0.71,0.33,-0.21,-0.74,0.33,44.3,10,8.7,12.8,12.8,12.8,0,6,0,0.9,-0.22,2.03,0.9,-0.25,2.05,53.3,11.8,9.7,15.3,16.5,16.5,0,95,1,0.29,0.01,0.57,0.29,0,0.57,47.6,10,9.6,14.3,13.7,13.7,0,72,0,-0.02,-0.35,0.3,-0.02,-0.35,0.31,51.5,11.1,9.9,15,15.5,15.5,0,163,1,0.19,-0.03,0.41,0.19,-0.03,0.41,,,,,,,,,,,,,,,,,,,,,,,,,,,,,,,9,23%,3%,0%,53,53%,29%,21%,16,57%,57%,54%,47%,48%,16%,16%,30%,24%,0.4,0.19,-0.03,0.05,0.22,0.5,-0.09,0.1,-0.72,0.16,-1.18,-0.33,0.43,-0.89,-0.19,0.77,-0.67,0.45,-0.02,0.86,-0.07,0.48,-0.1,0.52,-0.59,0.16,-1.6,0.46,-0.13,1.09,-0.09,0.27,-0.44,0.79,-0.59,0.47,-2.24,0.26,-0.65,0.1,-2.45,0.19,-0.86,1.36,-0.5,,,,,,,44%,18%,14%,51%,37%,30%,48%,29%,24%,50%,17%,17%,,,,,,,,,,,,,71%,,,99%,,,,,63%,77%,16,41%,84,84%,27,96%,71%,80%,50%,78%,26%,56%,7,18%,57,57%,25,89%,45%,59%,33%,55%,,,,,,,,,0%,13%,,,,,,,,,8.9,8.6,9,9,8.4,9,,,,,8.9,8.6,9,9,8.4,9,,,,,1589,4,0%
1,919,6224,117650,The King's School,,Elmfield,Ambrose Lane,,Harpenden,AL5 4DU,01582767566,E14000749,Hitchin and Harpenden,0,0,IND,Christian,,NA,MIXED,0,0,0,4-16,160,83,77,15,8,53%,7,47%,NP,NP,NP,NP,NP,NP,NP,NP,NP,NP,NP,NP,NP,NP,NP,NP,NP,NP,NP,NA,NA,NA,NA,NA,NA,1045.5,69.7,213,14.2,192,12.8,312.5,20.8,328,21.9,311,20.7,17,1.1,2.9,2.9,NP,NP,NP,NP,NP,NP,NP,NP,NP,NP,NP,NP,NP,NP,NP,NP,NP,NP,NP,NP,NP,100%,87%,88.33,5.89,NP,NP,NP,NP,NP,NP,5.59,6.15,NP,,,,,,,6,40%,33%,33%,13,87%,15,100%,12,80%,13,87%,9,60%,87%,87%,100%,87%,92%,92%,100%,92%,100%,100%,NP,NP,NP,NP,NP,NP,NP,NP,NP,NP,NP,NP,NP,NP,NP,13,13,15,13,11,11,13,12,9,9,6,40%,13,87%,15,100%,12,100%,13,100%,9,100%,NP,NP,NP,NP,NP,NP,NP,NP,NP,NP,NP,NP,NP,NP,NP,NP,NP,NP,NP,NP,NP,NP,NP,NP,NP,NP,NP,NP,NP,NP,NP,NP,NP,NP,NP,NP,NP,NP,NP,NP,NP,NP,NP,NP,NP,NP,NP,NP,NP,NP,NP,NP,NP,NP,NP,NP,NP,NP,NP,NP,NP,NP,NP,NP,NP,NP,NP,NP,NP,NP,NP,NP,NP,NP,NP,NP,NP,NP,NP,NP,NP,NP,NP,NP,NP,NP,NP,NP,NP,NP,NP,NP,NP,NP,NP,NP,NP,NP,68.8,14.9,11.4,20.4,22.1,20.9,1.2,NP,NP,NP,NP,NP,NP,NP,NP,70.5,13.6,14,21.2,21.7,20.6,1.1,NP,NP,NP,NP,NP,NP,NP,NP,NP,NP,NP,NP,NP,NP,NP,NP,NP,NP,NP,NP,NP,NP,NP,,,,,,,,,,,,,,,,,,,,,,,,,,,,,,,NP,NP,NP,NP,NP,NP,NP,NP,NP,NP,NP,NP,NP,NP,NP,NP,NP,NP,NP,NP,NP,NP,NP,NP,NP,NP,NP,NP,NP,NP,NP,NP,NP,NP,NP,NP,NP,NP,NP,NP,NP,NP,NP,NP,NP,NP,NP,NP,NP,NP,NP,NP,NP,NP,NP,NP,NP,NP,NP,NP,NP,NP,NP,,,,,,,50%,38%,38%,29%,29%,29%,NP,NP,NP,NP,NP,NP,,,,,,,,,,,,,100%,,,100%,,,,,NP,NP,NP,NP,NP,NP,NP,NP,100%,100%,NP,NP,NP,NP,NP,NP,NP,NP,NP,NP,88%,86%,NP,NP,,,,,,,,,7%,40%,,,,,,,,,8.6,NP,NP,NP,NP,NP,,,,,8.5,NP,NP,NP,NP,NP,,,,,131,1,1%
1,919,4016,136608,The Knights Templar School,,Park Street,,,Baldock,SG7 6DZ,01462620700,E14000845,North East Hertfordshire,0,0,ACC,Does not apply,NSE,OTHER NON SEL,MIXED,0,0,1,11-18,1461,748,713,205,104,51%,101,49%,104.5,38,19%,114,58%,45,23%,33,16%,172,84%,14,7%,185,90%,6,3%,197,96%,2,1%,41,20%,39,19%,10529.8,51.4,2236,10.9,2022,9.9,3171.5,15.5,3100.3,15.1,2868.5,14,231.8,1.1,2.9,2.9,197,0,96%,0.09,-0.11,0.28,0.09,-0.11,0.29,0.06,-0.17,0.28,0.03,-0.18,0.24,0.28,0.06,0.51,-0.05,-0.28,0.18,70%,52%,978.18,4.77,2.97,5.12,2.5,4.73,6.97,5.61,4.86,4.69,4.87,,,,,,,110,54%,46%,37%,202,99%,203,99%,202,99%,185,90%,116,57%,80%,67%,76%,56%,75%,55%,74%,62%,89%,84%,194,96%,177,96%,114,98%,0.31,0.11,0.52,0.15,-0.11,0.42,0.55,0.2,0.91,163,137,156,114,152,112,136,114,103,98,110,54%,202,99%,200,98%,202,100%,183,99%,116,100%,33.9,31,0,-0.77,-1.27,-0.28,-0.77,-1.28,-0.27,54.7,166,0,0.25,0.03,0.46,0.25,0.03,0.47,7.7,-0.72,-1.29,-0.15,6.2,-0.83,-1.37,-0.29,10.3,-0.47,-1.05,0.1,9.6,-1.07,-1.64,-0.5,11.5,0.2,-0.04,0.45,10.6,0.19,-0.04,0.42,16.5,0.43,0.18,0.68,16.2,0.14,-0.11,0.39,8.5,1.1,15,1.1,-18.9,-0.92,29.7,38,0,-0.16,-0.61,0.28,-0.16,-0.62,0.29,50.6,114,0,0.05,-0.21,0.31,0.05,-0.21,0.31,73.1,45,0,0.4,-0.01,0.81,0.4,-0.02,0.82,58.4,11.9,11.3,18,17.2,16.5,0.8,13,0,0.9,0.13,1.66,0.9,0.12,1.68,52.5,11.4,9.7,15.6,15.8,14.9,0.8,95,0,0.15,-0.13,0.44,0.15,-0.13,0.44,50.3,10.4,10,15.3,14.5,13.1,1.4,102,0,0.03,-0.25,0.3,0.03,-0.25,0.3,52.3,11,10.1,15.8,15.4,14.3,1.1,191,0,0.13,-0.07,0.33,0.13,-0.08,0.33,,,,,,,,,,,,,,,,,,,,,,,,,,,,,,,5,13%,5%,3%,68,60%,51%,37%,35,78%,73%,71%,9%,62%,9%,6%,53%,43%,0.11,0.29,0.54,-0.29,0.42,-0.21,0.23,0.21,-0.72,0.29,0.45,0.5,0.68,SUPP,0.53,0.23,-0.82,0.65,0.2,0.59,-0.36,0.56,0.01,0.97,0.12,-0.01,-1.42,0.58,0.01,0.43,-0.86,0.57,-0.11,0.77,-0.35,SUPP,SUPP,0.89,0.16,2.01,-1.11,0.95,0.04,1.3,0.06,,,,,,,56%,45%,35%,51%,48%,40%,56%,48%,39%,71%,71%,64%,,,,,,,,,,,,,67%,,,99%,,,,,30%,77%,9,24%,86,75%,44,98%,68%,71%,86%,72%,18%,58%,3,8%,59,52%,42,93%,49%,54%,64%,53%,,,,,,,,,0%,12%,,,,,,,,,7.8,7,7.8,8.2,7.1,7.9,,,,,7.3,6.1,7.5,8,6.4,7.5,,,,,1590,0,0%
2,919,7007,138485,Knightsfield School,,Knightsfield,,,Welwyn Garden City,AL8 7LW,01707376874,E14001027,Welwyn Hatfield,0,0,ACCS,Does not apply,NA,NA,MIXED,0,1,0,9-18,57,37,20,10,7,70%,3,30%,91.1,6,86%,1,14%,0,0%,3,30%,7,70%,4,40%,6,60%,0,0%,8,80%,,,,,,,183.3,18.3,14,1.4,46,4.6,54,5.4,69.3,6.9,28,2.8,41.3,4.1,2.3,2.2,7,0,70%,-0.74,-1.78,0.31,-0.74,-1.8,0.33,-2.82,-4.01,-1.63,0.19,-0.94,1.32,-0.56,-1.78,0.65,-0.14,-1.35,1.07,20%,0%,12.83,1.28,SUPP,SUPP,1.75,SUPP,NE,SUPP,SUPP,SUPP,1.46,,,,,,,0,0%,0%,0%,0,0%,7,70%,9,90%,8,80%,0,0%,0%,0%,30%,20%,0%,0%,13%,0%,NE,NE,7,78%,7,88%,,NE,-0.68,-1.76,0.41,-1,-2.33,0.34,NE,NE,NE,0,0,3,2,0,0,1,0,NE,NE,0,0%,0,0%,7,70%,8,89%,7,88%,NE,NE,SUPP,SUPP,SUPP,SUPP,SUPP,SUPP,SUPP,SUPP,SUPP,SUPP,SUPP,SUPP,SUPP,SUPP,SUPP,SUPP,SUPP,SUPP,SUPP,SUPP,SUPP,SUPP,SUPP,SUPP,SUPP,SUPP,SUPP,SUPP,SUPP,SUPP,SUPP,SUPP,SUPP,SUPP,SUPP,SUPP,SUPP,SUPP,SUPP,SUPP,SUPP,SUPP,SUPP,SUPP,SUPP,SUPP,SUPP,SUPP,SUPP,SUPP,SUPP,SUPP,SUPP,SUPP,SUPP,SUPP,25.6,6,0,-0.25,-1.37,0.88,-0.25,-1.4,0.9,SUPP,SUPP,SUPP,SUPP,SUPP,SUPP,SUPP,SUPP,SUPP,NE,NE,NE,NE,NE,NE,NE,NE,NE,SUPP,SUPP,SUPP,SUPP,SUPP,SUPP,SUPP,SUPP,SUPP,SUPP,SUPP,SUPP,SUPP,SUPP,SUPP,SUPP,SUPP,SUPP,SUPP,SUPP,SUPP,SUPP,SUPP,SUPP,SUPP,SUPP,SUPP,SUPP,SUPP,SUPP,SUPP,SUPP,SUPP,SUPP,SUPP,SUPP,SUPP,SUPP,SUPP,SUPP,SUPP,SUPP,SUPP,SUPP,SUPP,20.2,1.4,5.3,6.1,7.5,3,4.5,6,0,-0.78,-1.91,0.35,-0.78,-1.93,0.37,,,,,,,,,,,,,,,,,,,,,,,,,,,,,,,0,0%,0%,0%,SUPP,SUPP,SUPP,SUPP,NE,NE,NE,NE,SUPP,SUPP,SUPP,SUPP,SUPP,SUPP,-0.32,SUPP,NE,SUPP,SUPP,-0.44,SUPP,NE,SUPP,SUPP,NE,SUPP,NE,SUPP,SUPP,SUPP,SUPP,SUPP,SUPP,0.85,-1.5,SUPP,SUPP,NE,NE,SUPP,SUPP,SUPP,SUPP,1,-1.88,SUPP,SUPP,NE,NE,SUPP,SUPP,SUPP,SUPP,NE,NE,SUPP,SUPP,NE,NE,,,,,,,SUPP,SUPP,SUPP,SUPP,SUPP,SUPP,0%,0%,0%,SUPP,SUPP,SUPP,,,,,,,,,,,,,10%,,,80%,,,,,SUPP,SUPP,2,33%,SUPP,SUPP,NE,NE,SUPP,SUPP,SUPP,25%,SUPP,SUPP,0,0%,SUPP,SUPP,NE,NE,SUPP,SUPP,SUPP,0%,,,,,,,,,0%,0%,,,,,,,,,5.9,7.3,SUPP,NE,SUPP,SUPP,,,,,4.9,5.8,SUPP,NE,SUPP,SUPP,,,,,59,1,2%
2,919,7023,117680,Lakeside School,,Lemsford Lane,,,Welwyn Garden City,AL8 6YN,01707327410,E14001027,Welwyn Hatfield,0,0,CYS,Does not apply,NA,NA,MIXED,0,1,0,2-19,87,58,29,5,SUPP,SUPP,SUPP,SUPP,SUPP,SUPP,SUPP,SUPP,SUPP,SUPP,SUPP,SUPP,SUPP,SUPP,SUPP,SUPP,SUPP,SUPP,SUPP,SUPP,SUPP,SUPP,SUPP,,,,,,,SUPP,SUPP,SUPP,SUPP,SUPP,SUPP,SUPP,SUPP,SUPP,SUPP,SUPP,SUPP,SUPP,SUPP,SUPP,SUPP,SUPP,SUPP,SUPP,SUPP,SUPP,SUPP,SUPP,SUPP,SUPP,SUPP,SUPP,SUPP,SUPP,SUPP,SUPP,SUPP,SUPP,SUPP,SUPP,SUPP,SUPP,SUPP,SUPP,SUPP,SUPP,SUPP,SUPP,SUPP,SUPP,SUPP,SUPP,SUPP,SUPP,SUPP,,,,,,,SUPP,SUPP,SUPP,SUPP,SUPP,SUPP,SUPP,SUPP,SUPP,SUPP,SUPP,SUPP,SUPP,SUPP,SUPP,SUPP,SUPP,SUPP,SUPP,SUPP,SUPP,SUPP,SUPP,SUPP,SUPP,SUPP,SUPP,SUPP,SUPP,SUPP,SUPP,SUPP,SUPP,SUPP,SUPP,SUPP,SUPP,SUPP,SUPP,SUPP,SUPP,SUPP,SUPP,SUPP,SUPP,SUPP,SUPP,SUPP,SUPP,SUPP,SUPP,SUPP,SUPP,SUPP,SUPP,SUPP,SUPP,SUPP,SUPP,SUPP,SUPP,SUPP,SUPP,SUPP,SUPP,SUPP,SUPP,SUPP,SUPP,SUPP,SUPP,SUPP,SUPP,SUPP,SUPP,SUPP,SUPP,SUPP,SUPP,SUPP,SUPP,SUPP,SUPP,SUPP,SUPP,SUPP,SUPP,SUPP,SUPP,SUPP,SUPP,SUPP,SUPP,SUPP,SUPP,SUPP,SUPP,SUPP,SUPP,SUPP,SUPP,SUPP,SUPP,SUPP,SUPP,SUPP,SUPP,SUPP,SUPP,SUPP,SUPP,SUPP,SUPP,SUPP,SUPP,SUPP,SUPP,SUPP,SUPP,SUPP,SUPP,SUPP,SUPP,SUPP,SUPP,SUPP,SUPP,SUPP,SUPP,SUPP,SUPP,SUPP,SUPP,SUPP,SUPP,SUPP,SUPP,SUPP,SUPP,SUPP,SUPP,SUPP,SUPP,SUPP,SUPP,SUPP,SUPP,SUPP,SUPP,SUPP,SUPP,SUPP,SUPP,SUPP,SUPP,SUPP,SUPP,SUPP,SUPP,SUPP,SUPP,SUPP,SUPP,SUPP,SUPP,SUPP,SUPP,SUPP,SUPP,SUPP,SUPP,SUPP,SUPP,SUPP,SUPP,SUPP,SUPP,SUPP,SUPP,SUPP,SUPP,SUPP,SUPP,SUPP,SUPP,SUPP,SUPP,SUPP,SUPP,SUPP,SUPP,SUPP,SUPP,SUPP,SUPP,SUPP,SUPP,SUPP,SUPP,SUPP,SUPP,SUPP,SUPP,SUPP,,,,,,,,,,,,,,,,,,,,,,,,,,,,,,,SUPP,SUPP,SUPP,SUPP,SUPP,SUPP,SUPP,SUPP,SUPP,SUPP,SUPP,SUPP,SUPP,SUPP,SUPP,SUPP,SUPP,SUPP,SUPP,SUPP,SUPP,SUPP,SUPP,SUPP,SUPP,SUPP,SUPP,SUPP,SUPP,SUPP,SUPP,SUPP,SUPP,SUPP,SUPP,SUPP,SUPP,SUPP,SUPP,SUPP,SUPP,SUPP,SUPP,SUPP,SUPP,SUPP,SUPP,SUPP,SUPP,SUPP,SUPP,SUPP,SUPP,SUPP,SUPP,SUPP,SUPP,SUPP,SUPP,SUPP,SUPP,SUPP,SUPP,,,,,,,SUPP,SUPP,SUPP,SUPP,SUPP,SUPP,SUPP,SUPP,SUPP,SUPP,SUPP,SUPP,,,,,,,,,,,,,SUPP,,,SUPP,,,,,SUPP,SUPP,SUPP,SUPP,SUPP,SUPP,SUPP,SUPP,SUPP,SUPP,SUPP,SUPP,SUPP,SUPP,SUPP,SUPP,SUPP,SUPP,SUPP,SUPP,SUPP,SUPP,SUPP,SUPP,,,,,,,,,SUPP,SUPP,,,,,,,,,SUPP,SUPP,SUPP,SUPP,SUPP,SUPP,,,,,SUPP,SUPP,SUPP,SUPP,SUPP,SUPP,,,,,SUPP,SUPP,SUPP
1,919,4033,146440,Laureate Academy,,Warners End Road,,,Hemel Hempstead,HP1 3DW,01442404333,E14000739,Hemel Hempstead,0,0,AC,Does not apply,NR,OTHER NON SEL,MIXED,0,0,1,11-18,756,385,371,117,56,48%,61,52%,101.3,42,40%,50,48%,12,12%,39,33%,78,67%,20,17%,97,83%,0,0%,108,92%,0,0%,21,18%,21,18%,4893.5,41.8,1053,9,930,7.9,1509.5,12.9,1401,12,1321.5,11.3,79.5,0.7,2.8,2.8,104,0,89%,-0.35,-0.62,-0.08,-0.35,-0.63,-0.07,-0.34,-0.65,-0.03,-0.31,-0.61,-0.02,-0.08,-0.4,0.23,-0.64,-0.96,-0.33,50%,35%,454.64,3.89,3.11,4.27,2.65,4.15,6.57,4.76,4.28,3.46,3.94,,,,,,,63,54%,30%,22%,109,93%,114,97%,112,96%,109,93%,63,54%,66%,53%,56%,39%,54%,38%,60%,42%,70%,59%,99,88%,96,88%,54,86%,-0.07,-0.36,0.22,-0.34,-0.7,0.02,-0.2,-0.72,0.32,77,62,65,46,61,43,65,46,44,37,60,51%,109,93%,111,95%,110,98%,103,94%,63,100%,34.5,37,0,-0.75,-1.2,-0.3,-0.75,-1.21,-0.29,45.5,67,0,-0.13,-0.46,0.21,-0.13,-0.47,0.22,7.9,-0.69,-1.21,-0.17,6.5,-0.66,-1.15,-0.16,10.4,-0.49,-1.02,0.04,9.7,-1.11,-1.64,-0.59,9.6,-0.14,-0.53,0.24,8.7,-0.12,-0.49,0.24,14.1,0.14,-0.25,0.53,13.1,-0.38,-0.77,0.01,9.2,0.4,12.3,0.8,-18.3,-0.9,30.2,42,0,-0.15,-0.58,0.27,-0.15,-0.59,0.28,44.5,50,0,-0.59,-0.98,-0.2,-0.59,-0.99,-0.19,68.5,12,0,-0.04,-0.83,0.76,-0.04,-0.85,0.78,47.7,9.2,8.9,16,13.6,13.3,0.4,12,0,0.73,-0.06,1.53,0.73,-0.08,1.55,45.7,10,8.3,14.1,13.4,12.8,0.5,50,0,0.04,-0.35,0.43,0.04,-0.36,0.44,37.6,7.9,7.6,11.6,10.5,9.6,0.8,54,0,-0.71,-1.09,-0.34,-0.71,-1.09,-0.33,42.5,9.2,8.1,12.9,12.2,11.4,0.7,99,0,-0.31,-0.58,-0.03,-0.31,-0.59,-0.02,,,,,,,,,,,,,,,,,,,,,,,,,,,,,,,13,31%,5%,5%,31,62%,38%,26%,10,83%,67%,58%,38%,62%,15%,13%,37%,27%,0.16,-0.31,0.15,-0.27,0.03,-0.21,-0.61,0.35,-0.79,-0.11,0.44,-0.2,-1.01,-0.85,0.03,0.23,-0.76,0.39,-0.33,0.62,-0.3,0.1,-0.73,0.98,-0.68,-0.17,-1.41,0.33,-0.55,0.38,-0.8,-0.1,-1.12,1.37,-0.67,0.18,-1.87,0.63,-0.58,1.5,-0.63,0.48,-0.89,0.2,-2.22,,,,,,,41%,23%,20%,66%,36%,25%,56%,31%,22%,85%,60%,40%,,,,,,,,,,,,,47%,,,97%,,,,,36%,58%,11,26%,29,58%,12,100%,43%,57%,75%,51%,26%,40%,5,12%,19,38%,12,100%,34%,36%,50%,35%,,,,,,,,,3%,12%,,,,,,,,,7.5,7,7.7,8.2,6.9,7.8,,,,,7.3,6.8,7.5,8.2,6.8,7.6,,,,,882,0,0%
1,919,5416,137156,Leventhorpe,,Cambridge Road,,,Sawbridgeworth,CM21 9BY,01279836633,E14000744,Hertford and Stortford,0,0,ACC,None,NSE,OTHER NON SEL,MIXED,0,0,1,11-18,1421,708,713,236,118,50%,118,50%,104.9,47,20%,124,54%,59,26%,20,8%,216,92%,14,6%,222,94%,0,0%,233,99%,6,3%,37,16%,31,13%,12956.3,54.9,2729,11.6,2430,10.3,3858,16.3,3939.3,16.7,3593,15.2,346.3,1.5,3,2.9,230,1,97%,0.29,0.11,0.47,0.28,0.09,0.46,0.25,0.04,0.46,0.1,-0.1,0.29,0.39,0.18,0.6,0.31,0.1,0.52,80%,61%,1154.78,4.89,3.39,5.03,2.88,4.79,6.6,5.48,4.8,4.98,4.89,,,,,,,100,42%,35%,26%,233,99%,234,99%,234,99%,195,83%,136,58%,87%,78%,83%,65%,84%,65%,72%,56%,90%,82%,228,97%,191,98%,130,96%,0.4,0.21,0.59,-0.01,-0.26,0.25,0.58,0.24,0.91,205,184,197,154,196,151,140,110,123,111,100,42%,233,99%,233,99%,234,100%,193,99%,136,100%,38.9,20,1,-0.37,-0.99,0.25,-0.53,-1.16,0.1,56.4,210,0,0.35,0.16,0.54,0.35,0.16,0.55,8.7,-0.48,-1.18,0.23,6.9,-0.76,-1.43,-0.09,11.7,-0.3,-1.02,0.42,11.7,-0.64,-1.35,0.08,11.8,0.32,0.1,0.54,10.6,0.18,-0.03,0.38,16.8,0.45,0.23,0.67,17.2,0.4,0.18,0.62,10.8,0.9,15.6,1.5,-13.9,-0.52,34.1,47,0,0.11,-0.29,0.52,0.11,-0.3,0.53,54.8,124,0,0.43,0.19,0.68,0.43,0.18,0.69,70.4,59,1,0.13,-0.23,0.49,0.08,-0.29,0.44,60.9,12.7,11.1,19,18.1,16.9,1.2,12,0,1.46,0.67,2.26,1.46,0.65,2.28,55.3,11.9,10,15.9,17.5,15.8,1.7,114,1,0.37,0.11,0.63,0.35,0.08,0.61,54.5,11.2,10.6,16.8,15.9,14.6,1.3,116,0,0.21,-0.05,0.47,0.21,-0.05,0.47,54.8,11.5,10.3,16.3,16.7,15.2,1.5,228,1,0.29,0.11,0.47,0.28,0.09,0.46,,,,,,,,,,,,,,,,,,,,,,,,,,,,,,,10,21%,6%,2%,47,38%,30%,19%,39,66%,64%,61%,30%,44%,20%,5%,36%,28%,0.29,0.48,0.32,-0.22,0.46,-0.27,0,0.17,-0.38,0.02,0.46,0.66,0.5,0.63,0.57,0.44,-0.88,0.66,0.26,0.71,-0.13,0.74,0.22,0.69,-0.06,0.56,-1.32,0.29,-0.24,0.29,-0.84,0.35,-0.35,0.66,-0.32,1.84,-0.58,0.92,0.22,1.45,-0.53,1.11,0.2,1.07,-0.07,,,,,,,47%,37%,31%,38%,32%,22%,42%,35%,27%,43%,36%,14%,,,,,,,,,,,,,78%,,,100%,,,,,50%,82%,14,30%,111,90%,57,97%,80%,80%,79%,80%,30%,64%,4,9%,79,64%,57,97%,63%,59%,64%,61%,,,,,,,,,6%,22%,,,,,,,,,8.3,7.5,8.3,9,7.7,8.4,,,,,7.9,7,7.8,8.7,7.2,8,,,,,1972,2,0%
1,919,4080,137110,Longdean School,,Rumballs Rd,,,Hemel Hempstead,HP3 8JB,01442217277,E14000739,Hemel Hempstead,0,0,ACC,Does not apply,NSE,OTHER NON SEL,MIXED,0,0,1,11-18,1375,741,634,233,130,56%,103,44%,103.2,72,32%,102,46%,49,22%,56,24%,177,76%,30,13%,202,87%,1,0%,222,95%,6,3%,81,35%,75,32%,10480,45,2297,9.9,2190,9.4,3132,13.4,2861,12.3,2191,9.4,670,2.9,2.9,2.8,223,1,96%,-0.34,-0.52,-0.16,-0.35,-0.53,-0.16,-0.24,-0.46,-0.03,0.03,-0.17,0.23,-0.18,-0.4,0.03,-0.82,-1.04,-0.61,66%,44%,881.35,3.78,2.71,4.12,2.31,3.98,5.53,3.83,3.87,3.71,3.8,,,,,,,136,58%,6%,3%,227,97%,229,98%,218,94%,198,85%,140,60%,78%,56%,72%,51%,63%,42%,20%,14%,69%,54%,210,96%,192,97%,135,96%,-0.12,-0.32,0.07,-3.39,-3.65,-3.14,-0.43,-0.76,-0.1,182,131,167,118,138,91,40,28,97,75,32,14%,226,97%,226,97%,218,100%,76,38%,139,99%,33.6,53,0,-0.75,-1.13,-0.37,-0.75,-1.14,-0.36,48.6,170,1,-0.21,-0.42,0,-0.22,-0.44,0,7.6,-0.68,-1.11,-0.25,6.9,-0.44,-0.85,-0.02,9.7,-0.63,-1.07,-0.19,9.3,-1.12,-1.56,-0.69,10.6,-0.11,-0.35,0.13,10.2,0.17,-0.06,0.4,14.6,-0.04,-0.29,0.2,13.2,-0.73,-0.97,-0.48,6.4,2.9,10.3,2.9,-19.2,-0.9,29.7,72,0,-0.29,-0.62,0.03,-0.29,-0.63,0.04,46.2,102,1,-0.38,-0.65,-0.11,-0.39,-0.67,-0.11,64.7,49,0,-0.32,-0.72,0.07,-0.32,-0.72,0.08,46.3,10,9.7,14,12.6,10.3,2.4,27,0,0.27,-0.26,0.8,0.27,-0.27,0.82,46.2,10.3,9.2,13.4,13.3,9.8,3.5,98,1,-0.35,-0.63,-0.07,-0.36,-0.65,-0.08,44,9.5,9.6,13.5,11.5,9.1,2.4,125,0,-0.33,-0.58,-0.09,-0.33,-0.59,-0.08,45.2,9.9,9.5,13.5,12.3,9.4,2.9,215,1,-0.31,-0.5,-0.12,-0.32,-0.51,-0.13,,,,,,,,,,,,,,,,,,,,,,,,,,,,,,,7,10%,1%,0%,80,78%,9%,3%,45,92%,8%,6%,34%,66%,0%,0%,8%,3%,0.02,-0.18,-0.19,-0.47,-0.03,-0.78,-3.36,-5.91,-2.81,-3.54,0.2,-0.62,-0.21,-0.64,-0.39,-0.05,-0.9,0.2,-0.25,0.39,-0.35,0.11,-0.47,0.22,-0.6,-2.24,-3.37,-3.25,-3.82,-0.26,-1.3,-3,-3.72,-5.4,-6.41,0.2,-1.47,-0.03,-0.75,1.48,-1.08,-0.2,-1.05,0.36,-0.78,,,,,,,53%,5%,2%,65%,8%,4%,60%,6%,3%,57%,3%,0%,,,,,,,,,,,,,56%,,,99%,,,,,46%,72%,20,28%,79,77%,48,98%,66%,66%,67%,66%,21%,51%,8,11%,50,49%,42,86%,44%,45%,40%,45%,,,,,,,,,1%,51%,,,,,,,,,9.2,8.6,9.3,9.7,8.5,9.4,,,,,7.7,6.5,7.9,9.1,6.8,8,,,,,2156,444,21%
2,919,7022,117679,Lonsdale School,,Brittain Way,,,Stevenage,SG2 8UT,01438726999,E14000968,Stevenage,0,0,CYS,Does not apply,NA,NA,MIXED,0,1,0,3-18,106,68,38,10,6,60%,4,40%,81.8,9,90%,1,10%,0,0%,5,50%,5,50%,0,0%,10,100%,0,0%,10,100%,,,,,,,NE,NE,NE,NE,NE,NE,NE,NE,NE,NE,NE,NE,NE,NE,NE,NE,NE,NE,NE,NE,NE,NE,NE,NE,NE,NE,NE,NE,NE,NE,NE,NE,NE,NE,NE,NE,NE,NE,NE,NE,NE,SUPP,SUPP,NE,SUPP,NE,NE,SUPP,SUPP,NE,,,,,,,NE,NE,NE,NE,NE,NE,NE,NE,NE,NE,NE,NE,NE,NE,NE,NE,NE,NE,NE,NE,NE,NE,NE,NE,NE,NE,NE,NE,NE,NE,NE,NE,NE,NE,NE,NE,NE,NE,NE,NE,NE,NE,NE,NE,NE,NE,NE,NE,NE,NE,NE,NE,NE,NE,NE,NE,NE,NE,NE,NE,NE,SUPP,SUPP,SUPP,SUPP,SUPP,SUPP,SUPP,SUPP,SUPP,SUPP,SUPP,SUPP,SUPP,SUPP,SUPP,SUPP,SUPP,SUPP,SUPP,SUPP,SUPP,SUPP,SUPP,SUPP,SUPP,SUPP,SUPP,SUPP,SUPP,SUPP,SUPP,SUPP,SUPP,SUPP,SUPP,SUPP,SUPP,SUPP,SUPP,SUPP,SUPP,SUPP,SUPP,SUPP,SUPP,SUPP,SUPP,SUPP,SUPP,SUPP,SUPP,SUPP,SUPP,SUPP,SUPP,SUPP,NE,NE,NE,NE,NE,NE,NE,NE,NE,SUPP,SUPP,SUPP,SUPP,SUPP,SUPP,SUPP,SUPP,SUPP,NE,NE,NE,NE,NE,NE,NE,NE,NE,NE,NE,NE,NE,NE,NE,NE,NE,NE,NE,NE,NE,NE,NE,NE,SUPP,SUPP,SUPP,SUPP,SUPP,SUPP,SUPP,SUPP,SUPP,SUPP,SUPP,SUPP,SUPP,SUPP,SUPP,SUPP,SUPP,SUPP,SUPP,SUPP,SUPP,SUPP,SUPP,SUPP,SUPP,SUPP,SUPP,SUPP,SUPP,SUPP,NE,NE,NE,NE,NE,NE,NE,NE,NE,NE,NE,NE,NE,NE,NE,,,,,,,,,,,,,,,,,,,,,,,,,,,,,,,NE,NE,NE,NE,SUPP,SUPP,SUPP,SUPP,NE,NE,NE,NE,SUPP,SUPP,SUPP,SUPP,SUPP,SUPP,NE,SUPP,NE,SUPP,SUPP,NE,SUPP,NE,SUPP,SUPP,NE,SUPP,NE,SUPP,SUPP,SUPP,SUPP,SUPP,SUPP,NE,NE,SUPP,SUPP,NE,NE,SUPP,SUPP,SUPP,SUPP,NE,NE,SUPP,SUPP,NE,NE,SUPP,SUPP,SUPP,SUPP,NE,NE,SUPP,SUPP,NE,NE,,,,,,,SUPP,SUPP,SUPP,SUPP,SUPP,SUPP,NE,NE,NE,NE,NE,NE,,,,,,,,,,,,,NE,,,NE,,,,,SUPP,SUPP,NE,NE,SUPP,SUPP,NE,NE,SUPP,SUPP,NE,NE,SUPP,SUPP,NE,NE,SUPP,SUPP,NE,NE,SUPP,SUPP,NE,NE,,,,,,,,,NE,NE,,,,,,,,,NE,NE,SUPP,NE,SUPP,SUPP,,,,,NE,NE,SUPP,NE,SUPP,SUPP,,,,,NE,NE,NE
1,919,4620,138106,Loreto College,,Hatfield Road,,,St Albans,AL1 3RQ,01727856206,E14000960,St Albans,0,0,ACC,Roman Catholic,NSE,OTHER NON SEL,GIRLS,0,0,1,11-18,955,4,951,160,0,0%,160,100%,107.2,15,10%,82,53%,59,38%,12,8%,148,93%,26,16%,134,84%,0,0%,154,96%,1,1%,18,11%,17,11%,10316.5,64.5,2218,13.9,1854,11.6,3075,19.2,3169.5,19.8,3145,19.7,24.5,0.2,2.9,3,156,1,98%,0.83,0.61,1.05,0.8,0.57,1.02,1.01,0.75,1.26,0.25,0.01,0.49,0.85,0.6,1.11,0.97,0.71,1.22,90%,76%,962.13,6.01,4.6,6.13,2.9,5.69,7.26,6.56,6.01,NE,6.09,,,,,,,120,75%,66%,56%,158,99%,158,99%,158,99%,152,95%,122,76%,96%,92%,90%,76%,91%,75%,93%,86%,91%,80%,154,97%,149,98%,119,98%,0.64,0.4,0.87,1.04,0.75,1.32,0.74,0.39,1.09,153,147,144,122,144,118,141,131,111,97,118,74%,158,99%,156,98%,158,100%,152,100%,121,99%,52,12,0,0.08,-0.71,0.88,0.08,-0.73,0.9,65.5,144,1,0.89,0.66,1.12,0.86,0.62,1.09,12.5,0.78,-0.13,1.69,9.2,-0.39,-1.26,0.47,14.5,-0.13,-1.05,0.8,15.9,0.15,-0.77,1.07,14,1.03,0.76,1.29,11.8,0.3,0.05,0.55,19.6,0.94,0.67,1.2,20.1,1.04,0.77,1.3,15.9,0,20,0.2,-0.8,-0.07,37.9,15,0,0.7,-0.01,1.41,0.7,-0.03,1.43,61.8,82,0,0.99,0.69,1.3,0.99,0.68,1.3,74.8,59,1,0.64,0.28,1,0.55,0.18,0.92,68.7,14.5,12.6,20.8,20.8,20.5,0.3,25,0,0.71,0.16,1.26,0.71,0.15,1.27,64.5,13.9,11.6,19.2,19.8,19.7,0.2,156,1,0.83,0.61,1.05,0.8,0.57,1.02,NE,NE,NE,NE,NE,NE,NE,NE,NE,NE,NE,NE,NE,NE,NE,65.2,14,11.7,19.4,20.1,19.9,0.1,151,1,0.88,0.65,1.1,0.84,0.61,1.07,,,,,,,,,,,,,,,,,,,,,,,,,,,,,,,0,0%,0%,0%,63,77%,63%,49%,55,93%,90%,83%,50%,77%,42%,25%,68%,59%,0.28,0.73,0.58,-0.47,0.73,1.82,1.13,0.75,-0.32,1.15,NE,0.62,0.87,0.85,0.74,0.36,-1.3,0.97,0.49,1.05,-0.49,1.05,0.42,0.96,0.2,0.7,-1.34,1.46,0.85,2.88,0.75,1.52,0.74,1.22,0.28,2.41,-0.71,1.1,0.38,NE,NE,1.11,0.14,1.39,0.36,,,,,,,NE,NE,NE,75%,66%,56%,77%,68%,58%,88%,81%,69%,,,,,,,,,,,,,88%,,,99%,,,,,83%,91%,7,47%,77,94%,57,97%,NE,90%,100%,91%,42%,78%,1,7%,61,74%,56,95%,NE,76%,85%,77%,,,,,,,,,13%,36%,,,,,,,,,9.4,7.3,9.1,10.3,8.8,9.4,,,,,9.3,7,9.1,10.3,8.8,9.4,,,,,1506,12,1%
1,919,5414,138042,The Marlborough Science Academy,,Watling Street,,,St Albans,AL1 2QA,01727856874,E14000960,St Albans,0,0,ACC,None,NSE,OTHER NON SEL,MIXED,0,0,1,11-18,1281,690,591,211,111,53%,100,47%,102.3,67,34%,98,49%,35,18%,37,18%,174,82%,26,12%,185,88%,0,0%,207,98%,2,1%,23,11%,21,10%,9445.8,44.8,2038,9.7,1822,8.6,2717.5,12.9,2868.3,13.6,2599,12.3,269.3,1.3,2.8,2.9,200,1,95%,-0.25,-0.44,-0.05,-0.25,-0.45,-0.05,-0.22,-0.44,0,-0.2,-0.42,0.01,-0.28,-0.51,-0.06,-0.26,-0.48,-0.03,63%,40%,824.12,3.91,2.49,4.21,2.44,4.11,5.96,4.01,4,3.82,3.9,,,,,,,77,36%,26%,17%,206,98%,209,99%,206,98%,179,85%,82,39%,74%,59%,68%,45%,57%,40%,61%,45%,77%,62%,196,95%,169,94%,76,93%,-0.25,-0.45,-0.04,-0.5,-0.77,-0.22,-0.61,-1.05,-0.17,156,125,143,94,117,82,110,80,63,51,75,36%,206,98%,207,98%,205,100%,177,99%,81,99%,30.6,36,1,-0.78,-1.24,-0.32,-0.78,-1.25,-0.31,47.8,164,0,-0.13,-0.35,0.08,-0.13,-0.35,0.09,6.9,-0.76,-1.28,-0.23,6.1,-0.48,-0.98,0.02,8.4,-0.79,-1.32,-0.25,9.2,-0.98,-1.52,-0.45,10.2,-0.1,-0.35,0.14,9.2,-0.14,-0.38,0.09,13.8,-0.17,-0.42,0.08,14.5,-0.1,-0.35,0.15,7.4,1.8,13.4,1.2,-22.2,-0.93,31.2,67,0,-0.02,-0.35,0.32,-0.02,-0.36,0.33,46.8,98,1,-0.29,-0.57,-0.01,-0.29,-0.57,0,64,35,0,-0.57,-1.04,-0.11,-0.57,-1.05,-0.1,44.2,9.5,8.3,13.5,12.9,10.9,2.1,19,0,0.12,-0.52,0.75,0.12,-0.53,0.76,46.1,9.9,8.5,13.2,14.5,13.4,1.1,91,1,-0.09,-0.38,0.2,-0.09,-0.39,0.2,43.6,9.4,8.8,12.6,12.8,11.3,1.5,109,0,-0.38,-0.64,-0.11,-0.38,-0.65,-0.11,44.8,9.7,8.6,12.9,13.6,12.3,1.3,198,1,-0.23,-0.43,-0.04,-0.23,-0.43,-0.03,,,,,,,,,,,,,,,,,,,,,,,,,,,,,,,3,4%,3%,1%,40,41%,27%,14%,28,80%,63%,49%,5%,43%,0%,0%,31%,20%,-0.15,-0.21,-0.53,-0.62,-0.17,-0.19,-0.43,-1.04,-1.27,-0.36,2.21,-0.54,-1.31,SUPP,-0.57,-0.13,-1.12,0.06,-0.39,0.21,-0.51,0.08,-0.5,-0.05,-1.02,-0.57,-1.98,-0.07,-0.65,0.34,-0.72,-0.06,-0.81,-0.44,-1.64,SUPP,SUPP,-0.12,-1.02,3.77,0.65,0.05,-1.13,-0.58,-2.03,,,,,,,32%,23%,14%,41%,29%,19%,36%,26%,16%,42%,31%,23%,,,,,,,,,,,,,57%,,,99%,,,,,27%,71%,15,22%,77,79%,33,94%,61%,65%,54%,62%,16%,45%,5,7%,43,44%,31,89%,39%,42%,35%,40%,,,,,,,,,2%,27%,,,,,,,,,7.8,6.9,7.8,9.6,6.7,8,,,,,7.3,5.9,7.5,9.5,5.8,7.6,,,,,1652,2,0%
1,919,4116,117534,Marriotts School,,Brittain Way,,,Stevenage,SG2 8UT,01438726999,E14000968,Stevenage,0,0,CY,Does not apply,NSE,OTHER NON SEL,MIXED,0,0,1,11-18,1432,738,694,233,119,51%,114,49%,102.9,65,29%,122,54%,38,17%,74,32%,159,68%,21,9%,212,91%,0,0%,227,97%,8,3%,63,27%,55,24%,10931.3,46.9,2146,9.2,2000,8.6,2918,12.5,3867.3,16.6,1111.5,4.8,2755.8,11.8,2.8,2.8,225,2,97%,-0.08,-0.26,0.1,-0.09,-0.28,0.1,-0.54,-0.75,-0.33,-0.32,-0.52,-0.12,-0.44,-0.65,-0.22,0.7,0.49,0.91,61%,37%,893.93,3.84,2.85,4.3,2.32,4.1,5.58,5.03,4.05,3.63,3.86,,,,,,,88,38%,26%,17%,221,95%,227,97%,221,95%,200,86%,96,41%,72%,52%,66%,43%,61%,41%,61%,46%,76%,56%,214,97%,193,97%,92,96%,-0.33,-0.53,-0.14,-0.36,-0.62,-0.11,-0.15,-0.55,0.25,168,122,154,101,134,90,122,92,73,54,88,38%,220,94%,222,95%,221,100%,193,97%,96,100%,37.1,71,1,-0.8,-1.12,-0.47,-0.82,-1.16,-0.49,51.5,154,1,0.25,0.03,0.47,0.24,0.02,0.47,7.4,-1.2,-1.58,-0.83,6.9,-0.86,-1.22,-0.51,9.4,-1.23,-1.62,-0.85,13.4,-0.13,-0.51,0.25,10.1,-0.23,-0.49,0.02,9.4,-0.07,-0.31,0.18,14,-0.07,-0.33,0.19,18.1,1.08,0.82,1.34,3.3,10.1,5.4,12.6,-15.7,-0.95,32,65,0,0.06,-0.28,0.4,0.06,-0.29,0.41,50.2,122,1,0.01,-0.24,0.26,0.01,-0.25,0.26,63.2,38,1,-0.63,-1.07,-0.18,-0.67,-1.13,-0.22,56.7,10.4,11.2,16.6,18.5,5.9,12.5,17,0,1.27,0.6,1.94,1.27,0.58,1.95,49.1,9.9,8.6,13.1,17.5,5.6,11.9,110,0,0.08,-0.18,0.34,0.08,-0.19,0.35,44.8,8.6,8.6,12,15.7,3.9,11.8,115,2,-0.24,-0.49,0.02,-0.26,-0.52,0,47.3,9.3,8.6,12.6,16.8,4.8,12,221,2,-0.05,-0.23,0.14,-0.06,-0.25,0.13,,,,,,,,,,,,,,,,,,,,,,,,,,,,,,,8,12%,5%,2%,53,43%,28%,14%,23,61%,58%,50%,22%,45%,9%,5%,34%,22%,0.01,-0.22,-1.22,-0.91,-0.09,-0.35,-0.19,-0.88,-1.49,0.04,-0.02,-0.13,-0.26,-1.12,0.12,-0.55,-1.27,0.15,-0.32,0.38,-0.37,0.05,-0.48,-0.75,-1.69,-1,-1.99,0.34,-0.25,0.16,-0.87,0.14,-0.53,-0.3,-1.46,-0.27,-1.98,0.57,-0.33,1,-1.04,0.38,-0.65,0.53,-1.06,,,,,,,33%,21%,13%,43%,32%,21%,37%,26%,17%,62%,43%,24%,,,,,,,,,,,,,59%,,,97%,,,,,38%,72%,13,20%,89,73%,36,95%,61%,61%,81%,61%,20%,45%,5,8%,52,43%,28,74%,34%,40%,52%,38%,,,,,,,,,1%,9%,,,,,,,,,8.5,7.9,8.7,9.2,7.9,8.8,,,,,6.4,5.8,6.6,7.1,5.9,6.7,,,,,2005,1,0%
1,919,6036,117616,Merchant Taylors' School,,Sandy Lodge,Northwood,Middlesex,Northwood,HA6 2HT,01923820644,E14000951,South West Hertfordshire,0,0,IND,None,,NA,BOYS,0,0,1,11-18,932,932,0,159,159,100%,0,0%,NP,NP,NP,NP,NP,NP,NP,NP,NP,NP,NP,NP,NP,NP,NP,NP,NP,NP,NP,NA,NA,NA,NA,NA,NA,4723.2,29.7,1202,7.6,0,0,1533,9.6,1988.2,12.5,1667,10.5,321.2,2,1.2,1.7,NP,NP,NP,NP,NP,NP,NP,NP,NP,NP,NP,NP,NP,NP,NP,NP,NP,NP,NP,NP,NP,0%,0%,188.75,1.19,NP,NP,NP,NP,NP,NP,NE,1.19,NP,,,,,,,0,0%,0%,0%,0,0%,0,0%,0,0%,105,66%,39,25%,0%,0%,0%,0%,NE,NE,100%,100%,95%,95%,NP,NP,NP,NP,NP,NP,NP,NP,NP,NP,NP,NP,NP,NP,NP,0,0,0,0,NE,NE,105,105,37,37,0,0%,0,0%,0,0%,NE,NE,105,100%,37,95%,NP,NP,NP,NP,NP,NP,NP,NP,NP,NP,NP,NP,NP,NP,NP,NP,NP,NP,NP,NP,NP,NP,NP,NP,NP,NP,NP,NP,NP,NP,NP,NP,NP,NP,NP,NP,NP,NP,NP,NP,NP,NP,NP,NP,NP,NP,NP,NP,NP,NP,NP,NP,NP,NP,NP,NP,NP,NP,NP,NP,NP,NP,NP,NP,NP,NP,NP,NP,NP,NP,NP,NP,NP,NP,NP,NP,NP,NP,NP,NP,NP,NP,NP,NP,NP,NP,NP,NP,NP,NP,NP,NP,NP,NP,NP,NP,NP,NP,NE,NE,NE,NE,NE,NE,NE,NP,NP,NP,NP,NP,NP,NP,NP,29.7,7.6,0,9.6,12.5,10.5,2,NP,NP,NP,NP,NP,NP,NP,NP,NP,NP,NP,NP,NP,NP,NP,NP,NP,NP,NP,NP,NP,NP,NP,,,,,,,,,,,,,,,,,,,,,,,,,,,,,,,NP,NP,NP,NP,NP,NP,NP,NP,NP,NP,NP,NP,NP,NP,NP,NP,NP,NP,NP,NP,NP,NP,NP,NP,NP,NP,NP,NP,NP,NP,NP,NP,NP,NP,NP,NP,NP,NP,NP,NP,NP,NP,NP,NP,NP,NP,NP,NP,NP,NP,NP,NP,NP,NP,NP,NP,NP,NP,NP,NP,NP,NP,NP,,,,,,,0%,0%,0%,NE,NE,NE,NP,NP,NP,NP,NP,NP,,,,,,,,,,,,,0%,,,100%,,,,,NP,NP,NP,NP,NP,NP,NP,NP,0%,NE,NP,NP,NP,NP,NP,NP,NP,NP,NP,NP,0%,NE,NP,NP,,,,,,,,,3%,0%,,,,,,,,,3.8,NP,NP,NP,NP,NP,,,,,3.5,NP,NP,NP,NP,NP,,,,,626,4,1%
1,919,4118,138632,Monk's Walk School,,Knightsfield,,,Welwyn Garden City,AL8 7NL,01707322846,E14001027,Welwyn Hatfield,0,0,ACC,None,NSE,OTHER NON SEL,MIXED,0,0,1,11-18,1375,735,640,215,124,58%,91,42%,104.8,48,23%,107,51%,53,25%,35,16%,180,84%,26,12%,188,87%,1,0%,207,96%,3,1%,18,8%,15,7%,11985.8,55.7,2527,11.8,2224,10.3,3618,16.8,3616.8,16.8,3027,14.1,589.8,2.7,2.9,2.9,208,1,97%,0.46,0.26,0.65,0.46,0.26,0.65,0.44,0.22,0.66,0.21,0,0.42,0.64,0.42,0.86,0.45,0.23,0.67,80%,61%,1056.8,4.92,3.44,5.2,3.1,4.77,6.99,5.34,4.85,4.96,4.95,,,,,,,67,31%,25%,22%,211,98%,215,100%,212,99%,187,87%,79,37%,91%,80%,81%,63%,86%,74%,86%,72%,87%,82%,205,97%,182,97%,76,96%,0.62,0.42,0.82,0.58,0.32,0.84,0.88,0.44,1.32,195,173,174,136,182,157,161,135,69,65,66,31%,211,98%,215,100%,212,100%,184,98%,79,100%,41.9,34,1,-0.05,-0.53,0.42,-0.06,-0.54,0.43,58.4,174,0,0.56,0.35,0.77,0.56,0.34,0.77,9.5,0.11,-0.43,0.65,7.4,-0.34,-0.86,0.17,12,0.02,-0.53,0.57,13,-0.06,-0.61,0.49,12.2,0.5,0.26,0.74,10.9,0.32,0.09,0.55,17.8,0.76,0.52,1,17.6,0.55,0.3,0.79,10.1,2.9,14.9,2.7,-10.9,-0.2,38.3,48,0,0.53,0.14,0.93,0.53,0.13,0.94,54.9,107,1,0.39,0.13,0.66,0.39,0.12,0.66,74.8,53,0,0.51,0.13,0.89,0.51,0.12,0.9,58,12,11.2,17.9,17,14,3,23,0,0.81,0.24,1.39,0.81,0.22,1.4,56,12,9.9,16.6,17.5,14.5,3.1,90,0,0.51,0.22,0.8,0.51,0.21,0.8,55.5,11.6,10.7,17,16.3,13.8,2.5,118,1,0.42,0.16,0.67,0.42,0.16,0.68,56.2,11.9,10.4,17,17,14.2,2.8,203,1,0.48,0.29,0.67,0.48,0.28,0.68,,,,,,,,,,,,,,,,,,,,,,,,,,,,,,,6,13%,4%,4%,28,26%,20%,14%,31,58%,57%,57%,9%,36%,9%,3%,28%,26%,0.72,0.6,0.57,0.29,0.68,0.34,0.63,0.67,-0.12,0.69,0.81,0.75,1.01,0.77,0.89,0.8,-0.22,0.9,0.46,1.15,0.3,0.88,0.32,0.96,0.17,0.59,-0.82,0.97,0.41,0.92,-0.25,0.98,0.27,1.18,0.17,2.33,-0.8,1.35,0.43,2.09,-0.47,1.43,0.08,1.66,0.36,,,,,,,33%,25%,22%,29%,25%,23%,31%,25%,22%,46%,38%,38%,,,,,,,,,,,,,78%,,,100%,,,,,54%,84%,22,46%,93,87%,53,100%,83%,75%,81%,81%,34%,67%,9,19%,68,64%,52,98%,68%,53%,69%,63%,,,,,,,,,1%,29%,,,,,,,,,8.4,7.4,8.3,9.6,7.5,8.6,,,,,7.7,6.5,7.6,9.3,6.7,7.9,,,,,1809,1,0%
1,919,5411,137224,Mount Grace School,,Church Road,,,Potters Bar,EN6 1EZ,01707655512,E14000745,Hertsmere,0,0,ACC,None,NSE,OTHER NON SEL,MIXED,0,0,1,11-18,515,262,253,94,50,53%,44,47%,103.2,17,19%,64,72%,8,9%,21,22%,73,78%,9,10%,83,88%,2,2%,92,98%,1,1%,10,11%,9,10%,3971,42.2,825,8.8,732,7.8,1032,11,1382,14.7,901,9.6,481,5.1,2.7,2.9,89,0,95%,-0.49,-0.78,-0.2,-0.49,-0.79,-0.19,-0.68,-1.02,-0.35,-0.69,-1.01,-0.38,-0.86,-1.2,-0.52,0.15,-0.19,0.49,53%,24%,309.66,3.29,2.9,3.41,2.48,3.39,4.98,3.63,3.52,3.09,3.32,,,,,,,16,17%,7%,6%,92,98%,94,100%,91,97%,74,79%,27,29%,69%,45%,63%,29%,49%,29%,46%,30%,74%,52%,87,96%,72,97%,27,100%,-0.87,-1.17,-0.56,-0.99,-1.41,-0.58,-0.02,-0.76,0.71,65,42,59,27,45,26,34,22,20,14,15,16%,92,98%,91,97%,84,92%,74,100%,26,96%,37.9,21,0,-0.55,-1.15,0.05,-0.55,-1.17,0.06,43.5,68,0,-0.47,-0.8,-0.13,-0.47,-0.81,-0.13,8.2,-0.67,-1.35,0.02,6.3,-0.98,-1.63,-0.33,9.8,-0.81,-1.51,-0.11,13.6,0.08,-0.62,0.77,8.9,-0.69,-1.07,-0.31,8.2,-0.61,-0.97,-0.24,11.3,-0.87,-1.26,-0.48,15,0.17,-0.22,0.56,7.8,5.8,10.1,4.9,-14.9,-0.7,32.6,17,0,0.06,-0.61,0.73,0.06,-0.63,0.74,43.6,64,0,-0.63,-0.98,-0.29,-0.63,-0.99,-0.28,60.4,8,0,-0.48,-1.46,0.49,-0.48,-1.48,0.51,44.9,8.4,8.7,13.3,14.4,10,4.4,8,0,-0.35,-1.33,0.63,-0.35,-1.35,0.65,45.5,9.5,7.9,11.7,16.4,10.4,6,44,0,-0.2,-0.61,0.22,-0.2,-0.62,0.23,39.3,8.1,7.7,10.3,13.2,8.9,4.3,45,0,-0.77,-1.18,-0.36,-0.77,-1.19,-0.35,42.6,8.8,7.9,11.1,14.9,9.7,5.2,89,0,-0.49,-0.78,-0.2,-0.49,-0.79,-0.19,,,,,,,,,,,,,,,,,,,,,,,,,,,,,,,3,18%,6%,6%,11,17%,8%,6%,2,25%,13%,13%,14%,18%,0%,0%,10%,8%,-0.3,-1.02,-0.86,-0.89,-0.86,-0.46,-1.18,-0.91,-1.39,-0.86,SUPP,0.19,SUPP,SUPP,-0.3,-0.26,-1.51,-0.51,-1.21,0.4,-1,-0.66,-1.39,0.15,-1.88,-0.56,-2.22,-0.38,-1.34,0.42,-1.34,-0.68,-1.69,0.34,-2.15,SUPP,SUPP,0.5,-1.1,SUPP,SUPP,1.01,-0.63,SUPP,SUPP,,,,,,,10%,6%,6%,25%,9%,7%,17%,8%,7%,11%,0%,0%,,,,,,,,,,,,,49%,,,100%,,,,,33%,59%,3,18%,37,58%,8,100%,50%,57%,67%,53%,14%,27%,1,6%,15,23%,7,88%,22%,27%,11%,25%,,,,,,,,,1%,27%,,,,,,,,,8.9,9.1,9.1,9.3,9.1,8.9,,,,,7.6,7.5,7.8,8,7.6,7.6,,,,,866,1,0%
1,919,5412,137938,Nicholas Breakspear Catholic School,,Colney Heath Lane,,,St Albans,AL4 0TT,01727860079,E14000960,St Albans,0,0,ACC,Roman Catholic,NSE,OTHER NON SEL,MIXED,0,0,1,11-18,970,569,401,137,80,58%,57,42%,102,34,27%,83,65%,11,9%,24,18%,113,82%,38,28%,98,72%,1,1%,133,97%,4,3%,31,23%,27,20%,7169.8,52.3,1531,11.2,1294,9.4,2104,15.4,2240.8,16.4,2029,14.8,211.8,1.5,2.9,2.9,128,1,93%,0.6,0.35,0.84,0.59,0.34,0.84,0.51,0.23,0.79,0.32,0.05,0.58,0.7,0.42,0.98,0.72,0.44,1.01,72%,51%,648.5,4.73,3.6,4.97,3.36,4.96,6.97,5.53,5.28,4.35,4.72,,,,,,,103,75%,38%,25%,135,99%,134,98%,133,97%,132,96%,104,76%,89%,78%,74%,53%,73%,51%,74%,62%,60%,51%,126,95%,124,94%,98,94%,0.42,0.17,0.68,0.52,0.2,0.83,0.01,-0.37,0.4,122,107,102,73,97,68,98,82,62,53,98,72%,135,99%,133,97%,133,100%,130,98%,99,95%,41.7,24,1,-0.06,-0.62,0.51,-0.07,-0.65,0.5,54.6,104,0,0.75,0.48,1.02,0.75,0.47,1.02,9.1,-0.07,-0.72,0.57,7.3,-0.33,-0.94,0.28,12.2,0.04,-0.61,0.7,13.1,-0.01,-0.66,0.65,11.6,0.65,0.34,0.96,9.9,0.47,0.17,0.76,16,0.85,0.54,1.17,17.1,0.89,0.58,1.2,12,1.1,15.4,1.6,-11.1,-0.21,38.9,34,0,0.75,0.27,1.22,0.75,0.26,1.23,54.2,83,1,0.53,0.23,0.83,0.52,0.21,0.83,74.9,11,0,0.64,-0.19,1.47,0.64,-0.21,1.49,58,11.8,10.4,17.9,17.9,16.4,1.5,34,0,1.15,0.68,1.62,1.15,0.67,1.63,57.5,12.2,10.2,16.9,18.4,16.7,1.6,54,1,0.88,0.51,1.26,0.88,0.49,1.26,48.6,10.5,8.9,14.3,14.9,13.5,1.5,74,0,0.39,0.06,0.71,0.39,0.06,0.71,52.1,11.1,9.4,15.3,16.3,14.7,1.6,126,1,0.63,0.38,0.87,0.62,0.37,0.88,,,,,,,,,,,,,,,,,,,,,,,,,,,,,,,16,47%,12%,6%,71,86%,42%,27%,11,100%,73%,73%,54%,80%,8%,8%,44%,28%,0.66,0.33,0.38,0.1,0.49,0.79,0.43,0.41,-0.07,0.64,0.1,0.13,-0.86,-1.42,0.23,0.7,-0.5,0.78,0.21,1.16,0.16,0.65,0.01,1.24,-0.49,0.7,-0.84,0.98,0.29,1.42,0.15,0.82,0.04,1.48,-0.65,-0.36,-2.48,0.65,-0.18,1.05,-0.86,0.58,-0.33,0.29,-2.01,,,,,,,66%,26%,16%,88%,54%,37%,76%,38%,25%,92%,63%,42%,,,,,,,,,,,,,69%,,,99%,,,,,50%,76%,15,44%,65,78%,11,100%,65%,81%,84%,72%,25%,57%,6,18%,48,58%,11,100%,44%,61%,63%,51%,,,,,,,,,18%,27%,,,,,,,,,9,8.3,9.3,9.9,8.3,9.2,,,,,8.5,7.4,8.8,9.8,7.6,8.7,,,,,1236,0,0%
1,919,4104,117530,The Nobel School,,Mobbsbury Way,,,Stevenage,SG2 0HS,01438222600,E14000968,Stevenage,0,0,FD,Does not apply,NSE,OTHER NON SEL,MIXED,0,0,1,11-18,1469,758,711,239,120,50%,119,50%,104.4,57,25%,117,51%,57,25%,37,15%,202,85%,25,10%,213,89%,1,0%,227,95%,1,0%,47,20%,46,19%,12207.5,51.1,2579,10.8,2300,9.6,3543,14.8,3785.5,15.8,3507,14.7,278.5,1.2,2.7,2.9,231,2,97%,0.03,-0.15,0.21,0.03,-0.16,0.21,-0.01,-0.22,0.2,-0.11,-0.31,0.09,0.03,-0.19,0.24,0.14,-0.07,0.35,73%,50%,988.87,4.14,2.98,4.35,2.6,4.11,5.7,5.05,4.35,3.92,4.18,,,,,,,19,8%,8%,6%,232,97%,234,98%,233,97%,158,66%,32,13%,82%,71%,76%,54%,75%,51%,81%,70%,97%,97%,225,97%,152,96%,31,97%,0.11,-0.08,0.3,0.68,0.39,0.97,1.58,0.89,2.26,195,170,182,129,174,118,128,110,31,31,19,8%,231,97%,231,97%,230,99%,153,97%,32,100%,37.6,37,1,-0.81,-1.26,-0.35,-0.82,-1.28,-0.35,53.6,194,1,0.19,-0.01,0.39,0.19,-0.02,0.39,8.2,-0.86,-1.38,-0.34,7.1,-0.8,-1.3,-0.31,10.7,-0.8,-1.32,-0.27,11.5,-0.82,-1.34,-0.29,11.3,0.15,-0.07,0.38,10.1,0.02,-0.19,0.24,15.6,0.18,-0.05,0.41,16.6,0.32,0.09,0.55,10.6,1,15.4,1.2,-15.2,-0.96,33.2,57,0,0.02,-0.34,0.39,0.02,-0.35,0.4,50.3,117,2,0.02,-0.23,0.28,0.01,-0.25,0.27,70,57,0,0.06,-0.31,0.42,0.06,-0.31,0.43,60.2,12.5,11.4,18.1,18.2,16.8,1.4,21,0,1.27,0.67,1.88,1.27,0.66,1.89,54.1,11.5,10,15.4,17.1,16,1.1,115,2,0.33,0.07,0.58,0.32,0.05,0.58,48.1,10.1,9.3,14.2,14.6,13.3,1.2,116,0,-0.26,-0.52,-0.01,-0.26,-0.52,0,51.5,10.9,9.7,15,16,14.7,1.2,224,2,0.05,-0.13,0.24,0.05,-0.14,0.24,,,,,,,,,,,,,,,,,,,,,,,,,,,,,,,1,2%,2%,0%,11,9%,9%,8%,6,11%,9%,9%,3%,9%,3%,3%,8%,7%,0.11,0.09,0.14,-0.57,0.23,1.25,0.46,0.63,-0.07,0.79,SUPP,1.63,1,SUPP,1.66,-0.08,-1.06,0.44,0.02,0.51,-0.28,0.36,-0.18,0.52,-0.24,0.72,-0.86,1.1,0.49,1.85,0.66,0.84,0.07,1.25,0.02,SUPP,SUPP,2.37,0.95,SUPP,SUPP,2.58,0.67,2.06,-0.06,,,,,,,6%,6%,4%,10%,9%,8%,8%,7%,7%,16%,16%,8%,,,,,,,,,,,,,72%,,,99%,,,,,51%,77%,19,33%,94,80%,54,95%,70%,76%,84%,74%,35%,53%,3,5%,61,52%,52,91%,46%,55%,60%,51%,,,,,,,,,0%,24%,,,,,,,,,7.9,7.1,8,8.6,7.1,8.1,,,,,7.6,6.4,7.7,8.5,6.7,7.7,,,,,1928,0,0%
1,919,4035,147535,Onslow St Audreys School,,Old Rectory Drive,,,Hatfield,AL10 8AB,01707264228,E14001027,Welwyn Hatfield,0,0,ACC,Unknown,NR,OTHER NON SEL,MIXED,0,0,1,11-18,824,492,332,143,89,62%,54,38%,100.9,52,40%,65,50%,13,10%,44,31%,99,69%,25,17%,116,81%,2,1%,134,94%,4,3%,22,15%,18,13%,5490.3,38.4,1256,8.8,978,6.8,1547.5,10.8,1708.8,11.9,1323.5,9.3,385.3,2.7,2.6,2.8,130,2,91%,-0.47,-0.71,-0.23,-0.48,-0.73,-0.24,-0.31,-0.59,-0.03,-0.7,-0.96,-0.43,-0.51,-0.8,-0.23,-0.43,-0.71,-0.15,45%,25%,463.7,3.24,2.55,3.55,1.99,3.85,6.08,4.07,3.48,3.1,3.31,,,,,,,34,24%,13%,10%,137,96%,139,97%,137,96%,98,69%,42,29%,69%,48%,45%,27%,45%,28%,60%,45%,67%,62%,126,92%,95,97%,38,90%,-0.47,-0.72,-0.21,-0.34,-0.7,0.02,-0.1,-0.73,0.52,98,69,65,39,62,39,59,44,28,26,33,23%,136,95%,137,96%,136,99%,95,97%,41,98%,31.5,42,0,-0.8,-1.23,-0.38,-0.8,-1.24,-0.37,41.4,88,2,-0.31,-0.61,-0.02,-0.33,-0.63,-0.03,7.2,-0.77,-1.25,-0.28,5.5,-0.92,-1.39,-0.46,8.7,-0.83,-1.33,-0.34,10.1,-0.72,-1.21,-0.22,9.5,-0.09,-0.43,0.25,7.4,-0.59,-0.91,-0.27,11.8,-0.36,-0.71,-0.02,12.8,-0.29,-0.63,0.05,7.2,3,10.2,2.6,-21.3,-0.95,26,52,0,-0.53,-0.92,-0.15,-0.53,-0.92,-0.14,44.8,65,2,-0.51,-0.86,-0.17,-0.54,-0.89,-0.19,66.5,13,0,-0.01,-0.77,0.76,-0.01,-0.79,0.77,46.4,10,8.7,14.1,13.5,10.8,2.7,15,0,0.5,-0.21,1.21,0.5,-0.23,1.23,40.7,9.4,6.9,11.5,12.9,10.2,2.7,48,2,-0.27,-0.67,0.12,-0.31,-0.71,0.1,37,8.4,6.8,10.4,11.4,8.7,2.7,82,0,-0.59,-0.89,-0.28,-0.59,-0.9,-0.27,39.2,8.9,7,11.1,12.2,9.5,2.7,126,2,-0.43,-0.68,-0.19,-0.45,-0.7,-0.19,,,,,,,,,,,,,,,,,,,,,,,,,,,,,,,5,10%,0%,0%,20,31%,17%,9%,8,62%,54%,54%,16%,27%,7%,5%,16%,12%,-0.48,-0.54,-0.06,-0.71,-0.36,-0.35,-0.33,-0.36,-0.55,-0.25,-0.59,0.05,-0.12,-0.46,-0.04,-0.25,-1.17,-0.05,-0.66,-0.07,-0.89,-0.18,-0.9,0.74,-0.86,0.12,-1.22,0.18,-0.68,0.31,-1,0.16,-0.81,0.62,-1.34,1.1,-2.02,0.64,-0.71,0.86,-2.04,0.85,-0.75,1.23,-1.47,,,,,,,18%,10%,6%,33%,19%,17%,25%,14%,10%,32%,20%,12%,,,,,,,,,,,,,41%,,,98%,,,,,30%,52%,5,10%,43,66%,13,100%,47%,41%,64%,47%,16%,29%,0,0%,23,35%,12,92%,22%,30%,44%,27%,,,,,,,,,3%,12%,,,,,,,,,7.4,7,7.8,8.3,7.2,7.5,,,,,6.5,5.9,7,7.8,6.1,6.7,,,,,1069,0,0%
1,919,5404,136899,Parmiter's School,,High Elms Lane,Garston,,Watford,WD25 0UU,01923671424,E14001021,Watford,0,0,ACC,None,NSE,OTHER NON SEL,MIXED,0,0,1,11-18,1429,753,676,209,113,54%,96,46%,110.6,14,7%,63,32%,118,61%,18,9%,191,91%,41,20%,166,79%,2,1%,204,98%,4,2%,27,13%,23,11%,14325.5,68.5,2767,13.2,2800,13.4,4487,21.5,4271.5,20.4,4253,20.3,18.5,0.1,2.9,2.9,195,2,93%,0.5,0.3,0.7,0.49,0.29,0.69,0.09,-0.13,0.32,0.36,0.15,0.58,0.83,0.6,1.06,0.5,0.28,0.73,92%,83%,1363.49,6.52,3.91,6.77,3.45,5.43,7.49,6.69,6.74,6.34,6.55,,,,,,,154,74%,67%,61%,204,98%,202,97%,205,98%,160,77%,196,94%,95%,89%,92%,86%,94%,91%,96%,93%,91%,85%,191,93%,150,94%,184,94%,0.88,0.67,1.09,1.1,0.81,1.39,0.35,0.07,0.63,199,185,192,179,193,186,153,149,178,167,154,74%,203,97%,202,97%,205,100%,159,99%,195,99%,42.9,17,1,-0.48,-1.15,0.19,-0.54,-1.22,0.15,71,178,1,0.59,0.38,0.8,0.59,0.38,0.8,8.6,-0.88,-1.65,-0.12,7.8,-0.81,-1.54,-0.08,13,-0.33,-1.11,0.44,13.6,-0.32,-1.1,0.45,13.7,0.19,-0.05,0.42,13.9,0.48,0.25,0.7,22.3,0.94,0.7,1.18,21.1,0.58,0.34,0.82,13.4,0.2,21,0.1,-9.9,-0.63,38,14,0,0.17,-0.57,0.9,0.17,-0.59,0.92,57.7,63,2,0.59,0.24,0.94,0.58,0.22,0.93,78.1,118,0,0.49,0.23,0.74,0.49,0.23,0.75,71.2,13.6,14.2,22.6,20.8,20.8,0,40,0,0.62,0.19,1.06,0.62,0.18,1.07,71.1,14,13.5,21.9,21.7,21.6,0.1,92,0,0.79,0.5,1.08,0.79,0.5,1.08,66.4,12.6,13.3,21.1,19.4,19.3,0.1,103,2,0.24,-0.04,0.51,0.23,-0.05,0.5,68.8,13.3,13.5,21.6,20.5,20.5,0.1,190,2,0.49,0.29,0.69,0.48,0.28,0.69,,,,,,,,,,,,,,,,,,,,,,,,,,,,,,,8,57%,29%,7%,46,73%,60%,46%,91,77%,75%,75%,50%,76%,44%,28%,69%,64%,0.72,1.25,0.71,0.58,0.9,1.15,1.31,0.98,0.85,1.11,-0.14,0.2,0.47,0.05,0.37,1.35,-0.19,1.12,0.69,1.52,-0.08,1.62,0.88,0.97,0.44,1.97,-0.27,1.41,0.82,2.33,-0.03,1.81,0.8,1.35,0.61,1.15,-1.06,0.67,0.08,1.07,-1.35,0.71,-0.3,0.82,0.11,,,,,,,72%,62%,56%,76%,73%,67%,74%,67%,61%,68%,63%,61%,,,,,,,,,,,,,91%,,,99%,,,,,61%,95%,6,43%,56,89%,117,99%,88%,96%,95%,93%,39%,87%,2,14%,44,70%,116,98%,80%,86%,90%,83%,,,,,,,,,12%,49%,,,,,,,,,8.9,7.2,8.1,9.4,7.1,9,,,,,8.8,7.2,8.1,9.4,7,9,,,,,1852,5,0%
2,919,7004,141251,Pinewood School,,Hoe Lane,,,Ware,SG12 9PB,01920412211,E14000744,Hertford and Stortford,0,0,ACCS,Does not apply,NA,NA,MIXED,0,0,0,11-16,199,136,63,28,19,68%,9,32%,76.1,26,100%,0,0%,0,0%,10,36%,18,64%,1,4%,27,96%,0,0%,28,100%,,,,,,,NE,NE,NE,NE,NE,NE,NE,NE,NE,NE,NE,NE,NE,NE,NE,NE,NE,NE,NE,NE,NE,NE,NE,NE,NE,NE,NE,NE,NE,NE,NE,NE,NE,NE,NE,NE,NE,NE,NE,NE,NE,NE,NE,NE,NE,NE,SUPP,NE,NE,NE,,,,,,,NE,NE,NE,NE,NE,NE,NE,NE,NE,NE,NE,NE,NE,NE,NE,NE,NE,NE,NE,NE,NE,NE,NE,NE,NE,NE,NE,NE,NE,NE,NE,NE,NE,NE,NE,NE,NE,NE,NE,NE,NE,NE,NE,NE,NE,NE,NE,NE,NE,NE,NE,NE,NE,NE,NE,NE,NE,NE,NE,NE,NE,NE,NE,NE,NE,NE,NE,NE,NE,NE,NE,NE,NE,NE,NE,NE,NE,NE,NE,NE,NE,NE,NE,NE,NE,NE,NE,NE,NE,NE,NE,NE,NE,NE,NE,NE,NE,NE,NE,NE,NE,NE,NE,NE,NE,NE,NE,NE,NE,NE,NE,NE,NE,NE,NE,NE,NE,NE,NE,NE,NE,NE,NE,NE,NE,NE,NE,NE,NE,NE,NE,NE,NE,NE,NE,NE,NE,NE,NE,NE,NE,NE,NE,NE,SUPP,SUPP,SUPP,SUPP,SUPP,SUPP,SUPP,SUPP,SUPP,SUPP,SUPP,SUPP,SUPP,SUPP,SUPP,NE,NE,NE,NE,NE,NE,NE,NE,NE,NE,NE,NE,NE,NE,NE,NE,NE,NE,NE,NE,NE,NE,NE,NE,NE,NE,NE,NE,NE,NE,NE,NE,NE,NE,NE,NE,NE,NE,NE,NE,NE,NE,NE,NE,NE,,,,,,,,,,,,,,,,,,,,,,,,,,,,,,,NE,NE,NE,NE,NE,NE,NE,NE,NE,NE,NE,NE,NE,NE,NE,NE,NE,NE,NE,NE,NE,NE,NE,NE,NE,NE,NE,NE,NE,NE,NE,NE,NE,NE,NE,NE,NE,NE,NE,NE,NE,NE,NE,NE,NE,NE,NE,NE,NE,NE,NE,NE,NE,NE,NE,NE,NE,NE,NE,NE,NE,NE,NE,,,,,,,NE,NE,NE,NE,NE,NE,NE,NE,NE,SUPP,SUPP,SUPP,,,,,,,,,,,,,NE,,,NE,,,,,NE,NE,NE,NE,NE,NE,NE,NE,NE,NE,SUPP,NE,NE,NE,NE,NE,NE,NE,NE,NE,NE,NE,SUPP,NE,,,,,,,,,NE,NE,,,,,,,,,NE,NE,NE,NE,NE,NE,,,,,NE,NE,NE,NE,NE,NE,,,,,NE,NE,NE
1,919,4013,137985,Presdales School,,Hoe Lane,,,Ware,SG12 9NX,01920462210,E14000744,Hertford and Stortford,0,0,ACC,Does not apply,NSE,OTHER NON SEL,GIRLS,0,0,1,11-18,1160,25,1135,179,0,0%,179,100%,106.6,28,17%,79,47%,62,37%,18,10%,161,90%,9,5%,170,95%,0,0%,178,99%,1,1%,51,28%,50,28%,11027,61.6,2350,13.1,1994,11.1,3305.5,18.5,3377.5,18.9,3335.5,18.6,42,0.2,3,3,169,0,94%,0.58,0.37,0.79,0.58,0.36,0.8,0.72,0.48,0.97,0.1,-0.13,0.33,0.68,0.43,0.93,0.71,0.46,0.96,88%,73%,1040.53,5.81,3.43,6.08,3.07,5.66,7.15,6.39,5.81,NE,5.82,,,,,,,151,84%,73%,61%,179,100%,179,100%,167,93%,173,97%,153,85%,96%,90%,88%,73%,95%,82%,88%,80%,91%,82%,157,94%,163,94%,143,93%,0.61,0.38,0.84,0.8,0.53,1.08,0.36,0.04,0.68,171,161,158,130,159,137,153,138,139,125,151,84%,179,100%,179,100%,167,100%,173,100%,153,100%,42.8,17,0,0,-0.67,0.67,0,-0.68,0.68,63.7,152,0,0.65,0.42,0.87,0.65,0.42,0.87,10.1,0.32,-0.44,1.09,7.1,-0.43,-1.16,0.3,11.9,-0.05,-0.83,0.72,13.7,0.13,-0.65,0.9,13.5,0.77,0.51,1.03,11.6,0.16,-0.09,0.4,19.2,0.76,0.5,1.02,19.5,0.77,0.52,1.03,12.9,0.7,19.3,0.2,-10,-0.15,37.9,28,0,0.49,-0.04,1.01,0.49,-0.05,1.02,59.6,79,0,0.79,0.48,1.1,0.79,0.47,1.1,74.1,62,0,0.36,0.01,0.71,0.36,0,0.72,66.2,14,12.7,19.8,19.8,19.8,0,9,0,0.53,-0.39,1.45,0.53,-0.41,1.47,61.6,13.1,11.1,18.5,18.9,18.6,0.2,169,0,0.58,0.37,0.79,0.58,0.36,0.8,NE,NE,NE,NE,NE,NE,NE,NE,NE,NE,NE,NE,NE,NE,NE,61.7,13.1,11.1,18.5,18.9,18.7,0.2,168,0,0.59,0.37,0.8,0.59,0.37,0.8,,,,,,,,,,,,,,,,,,,,,,,,,,,,,,,11,39%,29%,11%,71,90%,72%,58%,59,95%,94%,87%,44%,89%,28%,22%,78%,65%,0.83,0.87,0.22,0.64,0.61,0.8,1.02,0.53,0.42,0.84,0.52,0.43,0.24,-0.4,0.4,1.6,-0.31,0.85,0.37,1.49,0.17,1.19,0.54,0.59,-0.14,1.36,-0.53,1.13,0.55,1.54,0.06,1.42,0.62,0.98,0.07,0.96,-1.75,0.73,0.07,1.67,-0.63,0.88,-0.02,0.73,-0.25,,,,,,,NE,NE,NE,84%,73%,61%,84%,73%,61%,100%,100%,89%,,,,,,,,,,,,,86%,,,100%,,,,,56%,91%,13,46%,73,92%,62,100%,NE,88%,100%,88%,28%,78%,4,14%,59,75%,60,97%,NE,73%,89%,72%,,,,,,,,,5%,48%,,,,,,,,,8.9,7.7,8.6,9.7,8.2,9,,,,,8.8,7.5,8.5,9.6,7.9,8.9,,,,,1589,1,0%
1,919,4000,117499,The Priory School,,Bedford Road,,,Hitchin,SG5 2UR,01462622300,E14000749,Hitchin and Harpenden,0,0,FD,Does not apply,NSE,OTHER NON SEL,MIXED,0,0,1,11-18,1273,663,610,199,97,49%,102,51%,103.9,52,28%,89,48%,45,24%,29,15%,170,85%,18,9%,180,90%,1,1%,195,98%,5,3%,33,17%,28,14%,9761.3,49.1,2078,10.4,1756,8.8,2994.5,15,2932.8,14.7,2583,13,349.8,1.8,2.9,2.9,186,0,93%,0,-0.2,0.2,0,-0.21,0.21,0.02,-0.21,0.25,-0.35,-0.57,-0.13,0.25,0.01,0.48,-0.02,-0.26,0.21,68%,43%,857.17,4.31,3.07,4.52,2.59,4.5,6.23,4.56,4.59,4.01,4.3,,,,,,,56,28%,22%,17%,180,90%,196,98%,196,98%,191,96%,56,28%,81%,69%,69%,46%,73%,57%,70%,58%,95%,89%,185,94%,181,95%,53,95%,0.16,-0.05,0.37,0.04,-0.22,0.31,0.65,0.12,1.17,162,137,137,92,143,112,133,110,53,50,56,28%,180,90%,193,97%,195,99%,190,99%,56,100%,35.4,28,0,-0.28,-0.8,0.25,-0.28,-0.81,0.26,51.4,158,0,0.05,-0.17,0.27,0.05,-0.17,0.27,8.3,-0.07,-0.67,0.53,5.9,-0.6,-1.17,-0.04,10.7,-0.01,-0.62,0.59,10.6,-0.46,-1.06,0.15,10.8,0.03,-0.22,0.28,9.3,-0.31,-0.54,-0.07,15.8,0.29,0.04,0.55,15.5,0.06,-0.2,0.31,8.9,1.7,13.7,1.8,-17.4,-0.43,31.5,52,0,-0.19,-0.57,0.19,-0.19,-0.58,0.2,50.8,89,0,0.1,-0.19,0.39,0.1,-0.2,0.4,69.7,45,0,0.03,-0.38,0.44,0.03,-0.39,0.45,50.6,10.9,8.9,15.8,15.1,12.4,2.6,14,0,0.41,-0.33,1.15,0.41,-0.34,1.16,51.8,11.2,8.9,15.7,16,14.1,1.8,98,0,0.11,-0.17,0.38,0.11,-0.18,0.39,46.2,9.6,8.7,14.4,13.5,11.8,1.7,88,0,-0.11,-0.41,0.18,-0.11,-0.42,0.19,49,10.5,8.8,15,14.7,12.9,1.8,184,0,0.02,-0.18,0.22,0.02,-0.19,0.23,,,,,,,,,,,,,,,,,,,,,,,,,,,,,,,4,8%,0%,0%,31,35%,28%,16%,18,40%,38%,38%,24%,29%,17%,3%,23%,19%,0,0.28,0.09,-0.13,0.21,-0.04,0.1,0.03,-0.37,0.11,SUPP,0.66,0.83,0.48,0.67,0.41,-0.68,0.44,-0.02,0.4,-0.4,0.59,-0.02,0.52,-0.34,0.31,-1.05,0.4,-0.17,0.47,-0.55,0.47,-0.28,0.55,-0.5,1.92,-0.97,1.24,0.11,SUPP,SUPP,1.35,-0.03,1.73,-0.07,,,,,,,18%,12%,11%,38%,31%,22%,29%,23%,17%,50%,33%,28%,,,,,,,,,,,,,66%,,,99%,,,,,28%,75%,10,19%,72,81%,45,100%,67%,69%,72%,67%,3%,49%,1,2%,42,47%,40,89%,39%,46%,44%,43%,,,,,,,,,1%,25%,,,,,,,,,8.2,7.4,8.3,9.4,7.6,8.3,,,,,7.7,6.7,7.9,9.1,7,7.9,,,,,1637,1,0%
1,919,6239,102256,The Purcell School,,Aldenham Road,Bushey,,,WD23 2TS,01923331100,E14000745,Hertsmere,0,0,IND,None,,NA,MIXED,0,0,1,8-19,183,81,102,29,11,38%,18,62%,NP,NP,NP,NP,NP,NP,NP,NP,NP,NP,NP,NP,NP,NP,NP,NP,NP,NP,NP,NA,NA,NA,NA,NA,NA,992,34.2,0,0,352,12.1,437,15.1,203,7,165,5.7,38,1.3,2.2,1.1,NP,NP,NP,NP,NP,NP,NP,NP,NP,NP,NP,NP,NP,NP,NP,NP,NP,NP,NP,NP,NP,0%,0%,100.67,3.47,NP,NP,NP,NP,NP,NP,3.94,2.71,NP,,,,,,,0,0%,0%,0%,0,0%,28,97%,25,86%,0,0%,13,45%,0%,0%,97%,79%,100%,80%,NE,NE,100%,100%,NP,NP,NP,NP,NP,NP,NP,NP,NP,NP,NP,NP,NP,NP,NP,0,0,28,23,25,20,NE,NE,13,13,0,0%,0,0%,28,97%,25,100%,NE,NE,13,100%,NP,NP,NP,NP,NP,NP,NP,NP,NP,NP,NP,NP,NP,NP,NP,NP,NP,NP,NP,NP,NP,NP,NP,NP,NP,NP,NP,NP,NP,NP,NP,NP,NP,NP,NP,NP,NP,NP,NP,NP,NP,NP,NP,NP,NP,NP,NP,NP,NP,NP,NP,NP,NP,NP,NP,NP,NP,NP,NP,NP,NP,NP,NP,NP,NP,NP,NP,NP,NP,NP,NP,NP,NP,NP,NP,NP,NP,NP,NP,NP,NP,NP,NP,NP,NP,NP,NP,NP,NP,NP,NP,NP,NP,NP,NP,NP,NP,NP,39.4,0,13,17.6,8.8,7.5,1.3,NP,NP,NP,NP,NP,NP,NP,NP,25.8,0,10.7,10.9,4.1,2.7,1.4,NP,NP,NP,NP,NP,NP,NP,NP,NP,NP,NP,NP,NP,NP,NP,NP,NP,NP,NP,NP,NP,NP,NP,,,,,,,,,,,,,,,,,,,,,,,,,,,,,,,NP,NP,NP,NP,NP,NP,NP,NP,NP,NP,NP,NP,NP,NP,NP,NP,NP,NP,NP,NP,NP,NP,NP,NP,NP,NP,NP,NP,NP,NP,NP,NP,NP,NP,NP,NP,NP,NP,NP,NP,NP,NP,NP,NP,NP,NP,NP,NP,NP,NP,NP,NP,NP,NP,NP,NP,NP,NP,NP,NP,NP,NP,NP,,,,,,,0%,0%,0%,0%,0%,0%,NP,NP,NP,NP,NP,NP,,,,,,,,,,,,,0%,,,97%,,,,,NP,NP,NP,NP,NP,NP,NP,NP,0%,0%,NP,NP,NP,NP,NP,NP,NP,NP,NP,NP,0%,0%,NP,NP,,,,,,,,,7%,10%,,,,,,,,,3.5,NP,NP,NP,NP,NP,,,,,3.3,NP,NP,NP,NP,NP,,,,,102,0,0%
1,919,5410,136877,Queens' School,,Aldenham Road,,,Bushey,WD23 2TY,01923224465,E14000745,Hertsmere,0,0,ACC,None,NSE,OTHER NON SEL,MIXED,0,0,1,11-18,1684,865,819,258,135,52%,123,48%,107,29,11%,134,53%,90,36%,34,13%,224,87%,47,18%,211,82%,0,0%,254,98%,2,1%,20,8%,18,7%,15704,60.9,3285,12.7,3040,11.8,4759.5,18.4,4619.5,17.9,4619.5,17.9,0,0,2.9,2.9,253,3,98%,0.48,0.31,0.66,0.47,0.29,0.64,0.47,0.28,0.67,0.37,0.18,0.56,0.63,0.43,0.83,0.36,0.16,0.56,85%,74%,1410.52,5.47,4.25,5.65,2.79,5.19,6.73,6.1,5.76,5.2,5.52,,,,,,,109,42%,40%,35%,252,98%,256,99%,254,98%,233,90%,115,45%,91%,84%,88%,76%,86%,76%,87%,82%,97%,89%,249,98%,229,98%,114,99%,0.59,0.41,0.78,0.59,0.36,0.82,0.83,0.47,1.18,235,216,226,195,219,192,202,191,112,102,109,42%,252,98%,256,99%,252,99%,232,100%,115,100%,48.3,33,2,-0.41,-0.89,0.07,-0.53,-1.02,-0.03,62.8,220,1,0.62,0.43,0.8,0.62,0.43,0.81,10.4,-0.44,-0.99,0.11,9.4,-0.52,-1.04,0,14.5,-0.39,-0.95,0.17,13.9,-0.72,-1.27,-0.16,13.1,0.61,0.4,0.82,12.1,0.51,0.3,0.71,19,0.79,0.57,1,18.5,0.52,0.3,0.74,13.9,0,18.5,0,-4.5,-0.56,35,29,0,0.2,-0.31,0.72,0.2,-0.32,0.73,58.7,134,1,0.68,0.44,0.92,0.68,0.43,0.92,72.1,90,2,0.28,-0.01,0.57,0.24,-0.06,0.54,65.7,13.3,13.3,20.5,18.6,18.6,0,46,0,0.77,0.37,1.18,0.77,0.36,1.19,63.8,13.9,11.8,18.9,19.2,19.2,0,121,1,0.68,0.43,0.93,0.68,0.42,0.94,58.2,11.7,11.8,18,16.7,16.7,0,132,2,0.3,0.06,0.54,0.27,0.03,0.52,61.5,12.9,11.9,18.6,18.1,18.1,0,249,1,0.53,0.36,0.71,0.53,0.35,0.71,,,,,,,,,,,,,,,,,,,,,,,,,,,,,,,1,3%,3%,3%,50,37%,33%,28%,58,64%,64%,59%,32%,44%,26%,26%,42%,37%,0.22,0.85,0.33,-0.21,0.71,0.54,0.87,0.23,-0.1,0.68,SUPP,1.19,0.42,0.5,0.86,0.31,-0.72,0.9,0.51,0.76,-0.33,1.1,0.6,0.64,0.03,0.6,-0.79,0.93,0.43,1.27,-0.2,1.19,0.54,0.6,-0.15,1.61,-0.6,1.24,0.49,SUPP,SUPP,1.71,0.67,0.92,-0.08,,,,,,,34%,33%,27%,51%,48%,44%,43%,41%,36%,57%,53%,51%,,,,,,,,,,,,,83%,,,100%,,,,,65%,88%,11,38%,117,87%,87,97%,83%,88%,94%,86%,47%,78%,5,17%,95,71%,85,94%,72%,76%,83%,74%,,,,,,,,,1%,66%,,,,,,,,,8.4,7.2,8.5,8.8,7.7,8.6,,,,,8.4,7.2,8.5,8.8,7.7,8.6,,,,,2193,1,0%
1,919,6020,117609,Queenswood School,,Shepherd's Way,Brookmans Park,,Hatfield,AL9 6NS,01707602500,E14001027,Welwyn Hatfield,0,0,IND,Methodist,,NA,GIRLS,0,0,1,11-18,443,0,443,59,0,0%,59,100%,NP,NP,NP,NP,NP,NP,NP,NP,NP,NP,NP,NP,NP,NP,NP,NP,NP,NP,NP,NA,NA,NA,NA,NA,NA,2970,50.3,790,13.4,0,0,1122.5,19,1057.5,17.9,1057.5,17.9,0,0,2.7,2.6,NP,NP,NP,NP,NP,NP,NP,NP,NP,NP,NP,NP,NP,NP,NP,NP,NP,NP,NP,NP,NP,0%,0%,235.17,3.99,NP,NP,NP,NP,NP,NP,3.99,NE,NP,,,,,,,0,0%,0%,0%,58,98%,0,0%,58,98%,0,0%,33,56%,98%,92%,0%,0%,98%,93%,NE,NE,82%,79%,NP,NP,NP,NP,NP,NP,NP,NP,NP,NP,NP,NP,NP,NP,NP,58,54,0,0,57,54,NE,NE,27,26,0,0%,58,98%,0,0%,58,100%,NE,NE,30,91%,NP,NP,NP,NP,NP,NP,NP,NP,NP,NP,NP,NP,NP,NP,NP,NP,NP,NP,NP,NP,NP,NP,NP,NP,NP,NP,NP,NP,NP,NP,NP,NP,NP,NP,NP,NP,NP,NP,NP,NP,NP,NP,NP,NP,NP,NP,NP,NP,NP,NP,NP,NP,NP,NP,NP,NP,NP,NP,NP,NP,NP,NP,NP,NP,NP,NP,NP,NP,NP,NP,NP,NP,NP,NP,NP,NP,NP,NP,NP,NP,NP,NP,NP,NP,NP,NP,NP,NP,NP,NP,NP,NP,NP,NP,NP,NP,NP,NP,50.3,13.4,0,19,17.9,17.9,0,NP,NP,NP,NP,NP,NP,NP,NP,NE,NE,NE,NE,NE,NE,NE,NP,NP,NP,NP,NP,NP,NP,NP,NP,NP,NP,NP,NP,NP,NP,NP,NP,NP,NP,NP,NP,NP,NP,,,,,,,,,,,,,,,,,,,,,,,,,,,,,,,NP,NP,NP,NP,NP,NP,NP,NP,NP,NP,NP,NP,NP,NP,NP,NP,NP,NP,NP,NP,NP,NP,NP,NP,NP,NP,NP,NP,NP,NP,NP,NP,NP,NP,NP,NP,NP,NP,NP,NP,NP,NP,NP,NP,NP,NP,NP,NP,NP,NP,NP,NP,NP,NP,NP,NP,NP,NP,NP,NP,NP,NP,NP,,,,,,,NE,NE,NE,0%,0%,0%,NP,NP,NP,NP,NP,NP,,,,,,,,,,,,,0%,,,98%,,,,,NP,NP,NP,NP,NP,NP,NP,NP,NE,0%,NP,NP,NP,NP,NP,NP,NP,NP,NP,NP,NE,0%,NP,NP,,,,,,,,,12%,44%,,,,,,,,,6.1,NP,NP,NP,NP,NP,,,,,6.1,NP,NP,NP,NP,NP,,,,,358,5,1%
2,919,6215,117646,Radlett Lodge School,,Harper Lane,,,Radlett,WD7 9HW,01923854922,E14000960,St Albans,0,0,INDSS,None,,NA,MIXED,0,0,0,4-19,50,40,10,4,SUPP,SUPP,SUPP,SUPP,NP,NP,NP,NP,NP,NP,NP,NP,NP,NP,NP,NP,NP,NP,NP,NP,NP,NP,NP,,,,,,,SUPP,SUPP,SUPP,SUPP,SUPP,SUPP,SUPP,SUPP,SUPP,SUPP,SUPP,SUPP,SUPP,SUPP,SUPP,SUPP,NP,NP,NP,NP,NP,NP,NP,NP,NP,NP,NP,NP,NP,NP,NP,NP,NP,NP,NP,NP,NP,SUPP,SUPP,SUPP,SUPP,NP,NP,NP,NP,NP,NP,SUPP,SUPP,NP,,,,,,,SUPP,SUPP,SUPP,SUPP,SUPP,SUPP,SUPP,SUPP,SUPP,SUPP,SUPP,SUPP,SUPP,SUPP,SUPP,SUPP,SUPP,SUPP,SUPP,SUPP,SUPP,SUPP,SUPP,SUPP,NP,NP,NP,NP,NP,NP,NP,NP,NP,NP,NP,NP,NP,NP,NP,SUPP,SUPP,SUPP,SUPP,SUPP,SUPP,SUPP,SUPP,SUPP,SUPP,SUPP,SUPP,SUPP,SUPP,SUPP,SUPP,SUPP,SUPP,SUPP,SUPP,SUPP,SUPP,NP,NP,NP,NP,NP,NP,NP,NP,NP,NP,NP,NP,NP,NP,NP,NP,NP,NP,NP,NP,NP,NP,NP,NP,NP,NP,NP,NP,NP,NP,NP,NP,NP,NP,NP,NP,NP,NP,NP,NP,NP,NP,NP,NP,NP,NP,NP,NP,NP,NP,NP,NP,NP,NP,NP,NP,NP,NP,NP,NP,NP,NP,NP,NP,NP,NP,NP,NP,NP,NP,NP,NP,NP,NP,NP,NP,NP,NP,NP,NP,NP,NP,NP,NP,NP,NP,NP,NP,NP,NP,NP,NP,NP,NP,NP,NP,NP,NP,SUPP,SUPP,SUPP,SUPP,SUPP,SUPP,SUPP,NP,NP,NP,NP,NP,NP,NP,NP,SUPP,SUPP,SUPP,SUPP,SUPP,SUPP,SUPP,NP,NP,NP,NP,NP,NP,NP,NP,NP,NP,NP,NP,NP,NP,NP,NP,NP,NP,NP,NP,NP,NP,NP,,,,,,,,,,,,,,,,,,,,,,,,,,,,,,,NP,NP,NP,NP,NP,NP,NP,NP,NP,NP,NP,NP,NP,NP,NP,NP,NP,NP,NP,NP,NP,NP,NP,NP,NP,NP,NP,NP,NP,NP,NP,NP,NP,NP,NP,NP,NP,NP,NP,NP,NP,NP,NP,NP,NP,NP,NP,NP,NP,NP,NP,NP,NP,NP,NP,NP,NP,NP,NP,NP,NP,NP,NP,,,,,,,SUPP,SUPP,SUPP,SUPP,SUPP,SUPP,NP,NP,NP,NP,NP,NP,,,,,,,,,,,,,SUPP,,,SUPP,,,,,NP,NP,NP,NP,NP,NP,NP,NP,SUPP,SUPP,NP,NP,NP,NP,NP,NP,NP,NP,NP,NP,SUPP,SUPP,NP,NP,,,,,,,,,SUPP,SUPP,,,,,,,,,SUPP,NP,NP,NP,NP,NP,,,,,SUPP,NP,NP,NP,NP,NP,,,,,SUPP,SUPP,SUPP
1,919,4007,139662,The Reach Free School,,Long Lane,,,Rickmansworth,WD3 8AB,01923711517,E14000951,South West Hertfordshire,0,0,F,None,NSE,OTHER NON SEL,MIXED,0,0,1,11-18,684,328,356,100,47,47%,53,53%,102.9,24,27%,54,60%,12,13%,23,23%,77,77%,18,18%,82,82%,0,0%,99,99%,3,3%,24,24%,21,21%,4134.3,41.3,824,8.2,786,7.9,1226,12.3,1298.3,13,919,9.2,379.3,3.8,2.7,2.8,90,3,90%,-0.64,-0.93,-0.35,-0.66,-0.96,-0.37,-1.02,-1.35,-0.69,-0.67,-0.99,-0.36,-0.55,-0.89,-0.22,-0.53,-0.87,-0.19,54%,31%,376.67,3.77,2.46,4.16,2.21,4.15,5.03,4.45,4.28,3.19,3.78,,,,,,,75,75%,38%,17%,93,93%,96,96%,94,94%,78,78%,77,77%,60%,43%,63%,39%,53%,31%,64%,45%,70%,55%,85,90%,70,90%,68,88%,-0.72,-1.03,-0.4,-0.38,-0.8,0.04,-0.07,-0.53,0.39,60,43,63,39,50,29,50,35,54,42,73,73%,92,92%,94,94%,92,98%,76,97%,77,100%,28.2,23,1,-1.35,-1.92,-0.77,-1.35,-1.94,-0.76,45.3,67,2,-0.39,-0.73,-0.06,-0.43,-0.77,-0.08,5.7,-1.73,-2.39,-1.07,5.4,-1.23,-1.86,-0.61,7.9,-1.29,-1.96,-0.62,9.2,-1.24,-1.9,-0.57,9,-0.78,-1.16,-0.39,8.6,-0.48,-0.85,-0.11,13.6,-0.3,-0.69,0.09,14.1,-0.29,-0.68,0.1,5.6,3.7,10.3,3.8,-24.6,-1.5,26.8,24,0,-0.61,-1.18,-0.05,-0.61,-1.19,-0.04,45.1,54,3,-0.52,-0.89,-0.14,-0.56,-0.95,-0.18,52.7,12,0,-1.23,-2.03,-0.43,-1.23,-2.04,-0.42,47.5,9.1,8.7,15.5,14.2,11.3,2.9,11,0,0.78,-0.06,1.61,0.78,-0.07,1.63,45.5,9.2,8.4,14,14,11.2,2.9,48,2,-0.14,-0.53,0.26,-0.15,-0.55,0.26,36.6,7.2,7.3,10.4,11.8,7,4.8,42,1,-1.21,-1.64,-0.79,-1.26,-1.69,-0.82,41.5,8.3,7.9,12.3,13.1,9.2,3.8,89,3,-0.63,-0.92,-0.34,-0.66,-0.96,-0.36,,,,,,,,,,,,,,,,,,,,,,,,,,,,,,,11,46%,8%,0%,44,81%,44%,24%,12,100%,67%,17%,52%,82%,9%,0%,47%,22%,-0.77,-0.49,-1.54,-1.16,-0.56,-0.16,-0.13,-1.59,-1.12,-0.2,-0.16,0.2,-0.95,-1,0.15,-0.55,-1.78,-0.2,-0.92,-0.17,-1.37,-0.09,-0.9,-0.71,-2.37,-0.17,-2.06,0.27,-0.67,0.82,-1.14,0.4,-0.65,-0.57,-2.61,0.06,-2.07,0.67,-0.36,0.94,-1.27,0.77,-0.38,0.16,-2.05,,,,,,,66%,21%,9%,83%,53%,25%,76%,38%,17%,89%,50%,33%,,,,,,,,,,,,,51%,,,98%,,,,,17%,65%,3,13%,35,65%,11,92%,47%,60%,56%,55%,4%,39%,1,4%,21,39%,5,42%,15%,45%,44%,31%,,,,,,,,,7%,16%,,,,,,,,,7.6,7,7.6,8.3,7.1,7.8,,,,,6.7,5.5,6.9,7.8,5.9,7,,,,,764,0,0%
2,919,6008,144726,Rhodes Wood Hospital School,,Shepherds Way,Brookmans Park,Hatfield,,AL9 6NN,01707655344,E14001027,Welwyn Hatfield,0,0,INDSS,None,,NA,MIXED,0,0,0,7-19,28,0,28,10,0,0%,10,100%,NP,NP,NP,NP,NP,NP,NP,NP,NP,NP,NP,NP,NP,NP,NP,NP,NP,NP,NP,,,,,,,NE,NE,NE,NE,NE,NE,NE,NE,NE,NE,NE,NE,NE,NE,NE,NE,NP,NP,NP,NP,NP,NP,NP,NP,NP,NP,NP,NP,NP,NP,NP,NP,NP,NP,NP,NP,NP,NE,NE,NE,NE,NP,NP,NP,NP,NP,NP,NE,NE,NP,,,,,,,NE,NE,NE,NE,NE,NE,NE,NE,NE,NE,NE,NE,NE,NE,NE,NE,NE,NE,NE,NE,NE,NE,NE,NE,NP,NP,NP,NP,NP,NP,NP,NP,NP,NP,NP,NP,NP,NP,NP,NE,NE,NE,NE,NE,NE,NE,NE,NE,NE,NE,NE,NE,NE,NE,NE,NE,NE,NE,NE,NE,NE,NP,NP,NP,NP,NP,NP,NP,NP,NP,NP,NP,NP,NP,NP,NP,NP,NP,NP,NP,NP,NP,NP,NP,NP,NP,NP,NP,NP,NP,NP,NP,NP,NP,NP,NP,NP,NP,NP,NP,NP,NP,NP,NP,NP,NP,NP,NP,NP,NP,NP,NP,NP,NP,NP,NP,NP,NP,NP,NP,NP,NP,NP,NP,NP,NP,NP,NP,NP,NP,NP,NP,NP,NP,NP,NP,NP,NP,NP,NP,NP,NP,NP,NP,NP,NP,NP,NP,NP,NP,NP,NP,NP,NP,NP,NP,NP,NP,NP,NE,NE,NE,NE,NE,NE,NE,NP,NP,NP,NP,NP,NP,NP,NP,NE,NE,NE,NE,NE,NE,NE,NP,NP,NP,NP,NP,NP,NP,NP,NP,NP,NP,NP,NP,NP,NP,NP,NP,NP,NP,NP,NP,NP,NP,,,,,,,,,,,,,,,,,,,,,,,,,,,,,,,NP,NP,NP,NP,NP,NP,NP,NP,NP,NP,NP,NP,NP,NP,NP,NP,NP,NP,NP,NP,NP,NP,NP,NP,NP,NP,NP,NP,NP,NP,NP,NP,NP,NP,NP,NP,NP,NP,NP,NP,NP,NP,NP,NP,NP,NP,NP,NP,NP,NP,NP,NP,NP,NP,NP,NP,NP,NP,NP,NP,NP,NP,NP,,,,,,,NE,NE,NE,NE,NE,NE,NP,NP,NP,NP,NP,NP,,,,,,,,,,,,,NE,,,NE,,,,,NP,NP,NP,NP,NP,NP,NP,NP,NE,NE,NP,NP,NP,NP,NP,NP,NP,NP,NP,NP,NE,NE,NP,NP,,,,,,,,,NE,NE,,,,,,,,,NE,NP,NP,NP,NP,NP,,,,,NE,NP,NP,NP,NP,NP,,,,,NE,NE,NE
1,919,4006,139873,Richard Hale School,,Hale Road,,,Hertford,SG13 8EN,01992583441,E14000744,Hertford and Stortford,0,0,ACC,None,NSE,OTHER NON SEL,BOYS,0,0,1,11-18,1203,1140,63,178,178,100%,0,0%,107,15,9%,101,61%,49,30%,16,9%,162,91%,6,3%,171,96%,1,1%,176,99%,2,1%,28,16%,26,15%,10530.5,59.2,2167,12.2,2054,11.5,3162,17.8,3147.5,17.7,3147.5,17.7,0,0,2.9,3,165,0,93%,0.39,0.18,0.61,0.39,0.18,0.61,0.29,0.05,0.54,0.34,0.1,0.57,0.52,0.27,0.77,0.38,0.13,0.62,91%,69%,987.71,5.55,4.63,5.64,3.43,5.04,7.35,6.11,NE,5.55,5.58,,,,,,,125,70%,62%,50%,176,99%,177,99%,175,98%,173,97%,125,70%,94%,84%,92%,72%,87%,71%,88%,75%,94%,85%,163,93%,162,94%,116,93%,0.47,0.24,0.7,0.39,0.12,0.67,0.22,-0.14,0.58,168,149,164,129,152,124,152,129,118,106,125,70%,176,99%,177,99%,175,100%,173,100%,125,100%,49.7,15,0,-0.08,-0.79,0.63,-0.08,-0.81,0.65,60.1,150,0,0.44,0.22,0.67,0.44,0.21,0.67,11,0.13,-0.69,0.94,9.8,-0.11,-0.88,0.67,14.3,-0.14,-0.97,0.69,14.7,-0.14,-0.97,0.68,12.3,0.31,0.05,0.57,11.7,0.38,0.14,0.63,18.1,0.58,0.32,0.85,18,0.43,0.17,0.69,14.7,0,18,0,-3.1,-0.23,39.9,15,0,0.36,-0.35,1.07,0.36,-0.37,1.09,54.8,101,0,0.43,0.15,0.7,0.43,0.15,0.71,75.5,49,0,0.34,-0.06,0.73,0.34,-0.06,0.74,64,12.7,13.3,19.4,18.6,18.6,0,6,0,0.57,-0.56,1.69,0.57,-0.58,1.72,NE,NE,NE,NE,NE,NE,NE,NE,NE,NE,NE,NE,NE,NE,NE,59.2,12.2,11.5,17.8,17.7,17.7,0,165,0,0.39,0.18,0.61,0.39,0.18,0.61,59.5,12.2,11.6,17.9,17.8,17.8,0,163,0,0.42,0.21,0.64,0.42,0.2,0.64,,,,,,,,,,,,,,,,,,,,,,,,,,,,,,,3,20%,13%,0%,66,65%,55%,38%,47,96%,94%,92%,69%,70%,44%,31%,64%,52%,0.56,0.45,0.49,-0.29,0.55,0.03,0.57,0.15,-0.19,0.45,SUPP,0.41,-0.03,-0.13,0.26,0.45,-1.03,0.78,0.31,1.31,-0.18,0.74,0.16,0.9,0.08,0.75,-1.13,0.74,0.16,0.95,-0.88,0.92,0.21,0.66,-0.35,1.03,-1.28,0.63,-0.12,SUPP,SUPP,0.88,-0.07,0.53,-0.59,,,,,,,70%,62%,50%,NE,NE,NE,70%,63%,51%,83%,83%,67%,,,,,,,,,,,,,87%,,,99%,,,,,75%,93%,9,60%,93,92%,49,100%,91%,NE,100%,91%,50%,70%,3,20%,64,63%,48,98%,69%,NE,83%,69%,,,,,,,,,5%,48%,,,,,,,,,8.9,8,8.6,10.1,8.2,9,,,,,8.9,8,8.6,9.9,8.1,9,,,,,1598,6,0%
1,919,5400,136606,Rickmansworth School,,Scots Hill,,,Rickmansworth,WD3 3AQ,01923773296,E14000951,South West Hertfordshire,0,0,ACC,None,NSE,OTHER NON SEL,MIXED,0,0,1,11-18,1450,695,755,195,90,46%,105,54%,107.8,17,9%,98,52%,75,39%,19,10%,176,90%,51,26%,144,74%,0,0%,192,98%,1,1%,9,5%,8,4%,12223,62.7,2578,13.2,2418,12.4,3577.5,18.3,3649.5,18.7,3625.5,18.6,24,0.1,2.9,3,190,2,97%,0.51,0.31,0.72,0.5,0.29,0.7,0.56,0.33,0.79,0.53,0.31,0.74,0.44,0.2,0.67,0.49,0.26,0.73,90%,79%,1115.19,5.72,4.3,5.87,3.6,5.05,6.99,6.18,5.94,5.46,5.76,,,,,,,116,59%,54%,44%,193,99%,193,99%,193,99%,177,91%,130,67%,96%,91%,92%,81%,92%,76%,90%,80%,92%,80%,188,97%,173,98%,125,96%,0.38,0.17,0.59,0.43,0.16,0.69,0.33,-0.01,0.67,188,178,180,158,177,146,160,142,120,104,115,59%,193,99%,193,99%,191,99%,177,100%,129,99%,50.5,19,1,-0.39,-1.02,0.24,-0.43,-1.08,0.21,64,171,1,0.62,0.4,0.83,0.6,0.39,0.82,11.1,-0.26,-0.99,0.46,9.9,-0.43,-1.12,0.25,14.1,-0.67,-1.41,0.07,15.5,-0.31,-1.05,0.42,13.5,0.65,0.41,0.89,12.7,0.63,0.4,0.86,18.8,0.56,0.32,0.81,19.1,0.58,0.34,0.83,15.2,0.3,19,0.1,-2.3,-0.54,43.4,17,0,0.69,0.02,1.36,0.69,0.01,1.37,57.7,98,1,0.53,0.25,0.81,0.52,0.24,0.81,72.9,75,1,0.45,0.13,0.77,0.42,0.09,0.74,67,13.7,13.5,19.9,19.8,19.7,0.1,48,0,0.84,0.45,1.24,0.84,0.44,1.25,65.2,14.1,12.3,19,19.9,19.8,0.1,100,2,0.72,0.45,1,0.69,0.41,0.97,59.7,12.2,12.5,17.6,17.4,17.2,0.2,90,0,0.28,-0.01,0.57,0.28,-0.02,0.58,63,13.3,12.5,18.4,18.8,18.7,0.1,187,1,0.55,0.34,0.75,0.53,0.33,0.74,,,,,,,,,,,,,,,,,,,,,,,,,,,,,,,3,18%,12%,12%,48,49%,40%,26%,61,81%,80%,72%,26%,63%,21%,21%,57%,46%,0.57,0.28,0.48,-0.52,0.48,0.87,0.35,0.42,-0.4,0.5,SUPP,0.09,0.52,-0.05,0.36,0.15,-1.2,0.7,0.26,1.27,-0.13,0.57,-0.02,0.82,0.15,0.54,-1.34,0.78,0.22,1.75,-0.02,0.72,-0.03,0.85,-0.01,1.3,-1.41,0.71,0,SUPP,SUPP,0.6,-0.43,0.99,0.05,,,,,,,58%,51%,42%,61%,56%,45%,60%,55%,44%,67%,63%,55%,,,,,,,,,,,,,89%,,,99%,,,,,68%,93%,7,41%,90,92%,74,99%,86%,94%,98%,91%,47%,82%,4,24%,74,76%,71,95%,76%,82%,88%,79%,,,,,,,,,3%,31%,,,,,,,,,8.3,7.9,8.1,8.6,7.9,8.4,,,,,8.1,7.8,8,8.4,7.8,8.2,,,,,1636,6,0%
1,919,4031,146305,Ridgeway Academy,,Herns Lane,,,Welwyn Garden City,AL7 2AF,01707351350,E14001027,Welwyn Hatfield,0,0,AC,Does not apply,NSE,OTHER NON SEL,MIXED,0,0,1,11-18,897,476,421,140,82,59%,58,41%,99.6,62,46%,64,48%,8,6%,46,33%,94,67%,14,10%,126,90%,0,0%,133,95%,2,1%,45,32%,43,31%,4485.3,32,1097,7.8,868,6.2,1086.5,7.8,1433.8,10.2,1023.5,7.3,410.3,2.9,2.1,2.4,134,1,96%,-1.02,-1.26,-0.78,-1.03,-1.27,-0.78,-0.72,-0.99,-0.44,-0.88,-1.14,-0.62,-1.46,-1.74,-1.19,-0.9,-1.17,-0.62,40%,12%,341.54,2.44,1.91,2.7,1.48,2.87,5.96,3.51,2.73,2.24,2.47,,,,,,,5,4%,2%,2%,131,94%,134,96%,131,94%,51,36%,9,6%,60%,43%,47%,16%,40%,14%,47%,35%,67%,67%,125,95%,50,98%,7,78%,-1.11,-1.37,-0.85,-0.54,-1.04,-0.05,0.38,-1.07,1.83,84,60,66,23,53,18,24,18,6,6,4,3%,125,89%,125,89%,114,87%,48,94%,9,100%,25.8,46,0,-1.24,-1.65,-0.83,-1.24,-1.66,-0.83,35.1,88,1,-0.91,-1.2,-0.61,-0.92,-1.22,-0.62,6.8,-0.85,-1.32,-0.39,4.8,-1.14,-1.58,-0.7,6,-1.56,-2.03,-1.08,8.2,-1.25,-1.72,-0.78,8.3,-0.65,-0.98,-0.31,6.9,-0.74,-1.06,-0.42,8.6,-1.42,-1.76,-1.07,11.2,-0.71,-1.05,-0.37,5.7,2.6,8.1,3.1,-27,-1.39,20.2,62,0,-1.1,-1.45,-0.75,-1.1,-1.46,-0.74,38.8,64,1,-1.07,-1.41,-0.72,-1.08,-1.43,-0.72,68.3,8,0,-0.09,-1.06,0.89,-0.09,-1.08,0.91,40.4,9.4,7.6,12.4,11,10.3,0.8,10,0,-0.32,-1.19,0.56,-0.32,-1.21,0.57,37,9.6,6.6,8.3,12.6,8.8,3.8,56,0,-0.76,-1.12,-0.39,-0.76,-1.13,-0.38,28.5,6.6,6,7.4,8.6,6.3,2.3,78,1,-1.21,-1.53,-0.9,-1.22,-1.54,-0.9,32.5,7.9,6.2,7.9,10.5,7.5,3,129,1,-1.01,-1.25,-0.76,-1.01,-1.26,-0.76,,,,,,,,,,,,,,,,,,,,,,,,,,,,,,,0,0%,0%,0%,3,5%,2%,2%,2,25%,25%,25%,0%,5%,0%,0%,3%,3%,-1.05,-1.3,0.01,-1.14,-1.09,-0.52,-0.74,0,-0.72,-0.48,NE,SUPP,SUPP,SUPP,0.72,-0.68,-1.6,-0.78,-1.4,-0.66,-1.44,-0.94,-1.67,1.03,-1,0.22,-1.66,0.11,-1.06,0.25,-1.29,0.01,-1.5,1.34,-1.33,SUPP,SUPP,2.28,-0.84,NE,NE,SUPP,SUPP,SUPP,SUPP,,,,,,,5%,2%,2%,2%,2%,2%,4%,2%,2%,14%,7%,7%,,,,,,,,,,,,,32%,,,97%,,,,,35%,43%,8,13%,38,59%,8,100%,33%,50%,57%,42%,4%,16%,0,0%,8,13%,8,100%,12%,12%,21%,13%,,,,,,,,,1%,11%,,,,,,,,,6.6,6,7,8.8,6,6.9,,,,,5.9,5.1,6.3,8.1,5.3,6.2,,,,,975,0,0%
1,919,4024,143131,Robert Barclay Academy,,Cock Lane,,,Hoddesdon,EN11 8JY,01992410800,E14000606,Broxbourne,0,0,AC,Does not apply,NA,OTHER NON SEL,MIXED,0,0,1,11-18,662,344,318,105,59,56%,46,44%,102,34,34%,51,51%,15,15%,24,23%,81,77%,7,7%,98,93%,0,0%,103,98%,3,3%,18,17%,15,14%,4749,45.2,1058,10.1,848,8.1,1288,12.3,1555,14.8,1023,9.7,532,5.1,2.8,2.9,100,0,95%,-0.05,-0.33,0.22,-0.05,-0.33,0.23,0.09,-0.22,0.41,-0.34,-0.64,-0.04,-0.3,-0.62,0.02,0.29,-0.03,0.61,61%,37%,387.28,3.69,2.61,4.01,2.27,4.12,5.6,4.95,4.05,3.41,3.67,,,,,,,21,20%,11%,8%,104,99%,104,99%,101,96%,97,92%,22,21%,79%,61%,65%,44%,59%,36%,59%,45%,95%,86%,96,95%,92,95%,22,100%,-0.32,-0.61,-0.03,-0.45,-0.82,-0.08,0.5,-0.31,1.32,83,64,68,46,60,36,57,44,21,19,20,19%,103,98%,103,98%,100,99%,93,96%,21,95%,33.4,22,0,-0.73,-1.32,-0.14,-0.73,-1.33,-0.13,48.7,78,0,0.14,-0.17,0.45,0.14,-0.18,0.46,7.6,-0.71,-1.38,-0.04,6,-0.79,-1.43,-0.15,8.6,-0.98,-1.66,-0.3,11.3,-0.46,-1.14,0.22,10.8,0.32,-0.04,0.67,8.7,-0.21,-0.55,0.13,13.4,-0.1,-0.47,0.26,15.9,0.5,0.14,0.86,6.8,4.4,10.6,5.3,-19.4,-0.88,30.3,34,0,-0.23,-0.71,0.24,-0.23,-0.72,0.25,50.3,51,0,0.1,-0.28,0.49,0.1,-0.29,0.5,64.2,15,0,-0.17,-0.88,0.54,-0.17,-0.9,0.56,57.1,12.9,9.4,16.9,18,13.4,4.6,6,0,0.88,-0.24,2.01,0.88,-0.27,2.03,49.5,11.1,8.1,13.4,16.9,12.1,4.7,44,0,0.21,-0.21,0.62,0.21,-0.22,0.63,41.9,9.3,8,11.4,13.2,7.9,5.3,56,0,-0.25,-0.62,0.11,-0.25,-0.63,0.12,45.1,10,8,12.2,14.8,9.7,5.1,99,0,-0.05,-0.33,0.22,-0.05,-0.34,0.23,,,,,,,,,,,,,,,,,,,,,,,,,,,,,,,3,9%,3%,0%,12,24%,12%,6%,6,40%,33%,33%,13%,22%,4%,0%,14%,10%,-0.42,-0.2,-0.5,-0.81,-0.2,-0.61,-0.41,-0.26,-0.99,-0.33,SUPP,0.97,-0.84,SUPP,0.47,-0.15,-1.47,0.13,-0.53,0.1,-0.94,0.2,-0.61,0.24,-1.24,-0.14,-1.85,0.08,-0.73,0.05,-1.28,0.09,-0.92,0.65,-1.18,SUPP,SUPP,1.35,-0.41,SUPP,SUPP,2.03,-0.09,0.72,-2.4,,,,,,,12%,8%,3%,30%,15%,13%,20%,12%,8%,29%,29%,29%,,,,,,,,,,,,,57%,,,100%,,,,,33%,69%,6,18%,42,82%,14,93%,61%,61%,71%,60%,13%,44%,1,3%,24,47%,13,87%,32%,43%,57%,36%,,,,,,,,,1%,0%,,,,,,,,,8.7,8.3,8.9,8.9,8.2,8.9,,,,,7.6,7.3,7.7,7.7,7.2,7.7,,,,,918,146,16%
1,919,4070,136973,Roundwood Park School,,Roundwood Park,,,Harpenden,AL5 3AE,01582765344,E14000749,Hitchin and Harpenden,0,0,ACC,None,NSE,OTHER NON SEL,MIXED,0,0,1,11-18,1349,705,644,191,101,53%,90,47%,107.1,26,14%,83,46%,72,40%,12,6%,179,94%,8,4%,183,96%,0,0%,184,96%,2,1%,2,1%,0,0%,11697,61.2,2399,12.6,2310,12.1,3551.5,18.6,3436.5,18,3351.5,17.5,85,0.4,2.9,2.9,181,2,95%,0.49,0.28,0.69,0.48,0.27,0.69,0.38,0.15,0.62,0.51,0.29,0.74,0.65,0.41,0.89,0.35,0.12,0.59,91%,75%,1042.27,5.46,4.15,5.54,3.19,5.11,6.69,4.73,5.62,5.31,5.47,,,,,,,64,34%,31%,28%,184,96%,189,99%,187,98%,141,74%,102,53%,94%,88%,91%,77%,91%,78%,89%,82%,94%,89%,178,95%,133,94%,96,94%,0.54,0.32,0.75,0.91,0.6,1.21,1.15,0.76,1.54,179,168,174,148,170,146,126,116,96,91,63,33%,184,96%,189,99%,187,100%,140,99%,101,99%,48.8,11,0,-0.16,-1,0.67,-0.16,-1.01,0.68,62.1,170,2,0.53,0.32,0.74,0.52,0.31,0.74,10.7,-0.1,-1.06,0.85,8.8,-0.43,-1.34,0.47,14.7,0.05,-0.92,1.02,14.7,-0.24,-1.2,0.72,12.7,0.41,0.17,0.65,12.3,0.58,0.35,0.81,18.9,0.69,0.44,0.93,18.2,0.39,0.15,0.64,14.4,0.3,17.8,0.5,-4,-0.31,37.6,26,0,0.48,-0.06,1.02,0.48,-0.07,1.03,58.3,83,1,0.67,0.36,0.97,0.67,0.36,0.98,73.6,72,1,0.28,-0.04,0.61,0.26,-0.07,0.6,50.9,10.8,9.5,16,14.7,13.1,1.6,6,0,0.94,-0.19,2.06,0.94,-0.22,2.09,63.1,13.2,12,19,18.9,18.3,0.6,86,0,0.72,0.42,1.02,0.72,0.42,1.02,59.6,12,12.2,18.2,17.2,16.9,0.3,95,2,0.28,-0.01,0.56,0.26,-0.03,0.55,61.6,12.6,12.1,18.6,18.2,17.7,0.5,178,2,0.5,0.29,0.71,0.49,0.28,0.7,,,,,,,,,,,,,,,,,,,,,,,,,,,,,,,3,12%,12%,4%,24,29%,25%,22%,32,44%,43%,42%,8%,35%,8%,8%,32%,29%,0.59,0.81,0.21,0.25,0.55,0.7,1.2,0.61,SUPP,0.91,0.88,1.53,0.93,0.3,1.21,1.15,-0.66,0.78,0.33,1.17,0.02,1.13,0.49,0.55,-0.13,SUPP,SUPP,1.22,0.6,1.51,-0.11,1.64,0.76,1.11,0.11,1.87,-1.26,1.61,0.81,2.32,-0.57,2.16,0.9,1.46,0.39,,,,,,,33%,30%,26%,34%,32%,30%,33%,30%,27%,50%,38%,25%,,,,,,,,,,,,,90%,,,99%,,,,,75%,92%,15,58%,78,94%,71,99%,91%,90%,88%,91%,50%,77%,4,15%,61,73%,71,99%,74%,76%,75%,75%,,,,,,,,,2%,49%,,,,,,,,,7.8,6.6,7.5,8.8,6.8,7.9,,,,,7.8,6.3,7.4,8.7,6.7,7.8,,,,,1501,4,0%
1,919,6165,117641,Royal Masonic School for Girls,,Rickmansworth Park,Chorleywood Road,,Rickmansworth,WD3 4HF,01923773168,E14000951,South West Hertfordshire,0,0,IND,None,,NA,GIRLS,0,0,1,2-18,953,6,947,100,0,0%,100,100%,NP,NP,NP,NP,NP,NP,NP,NP,NP,NP,NP,NP,NP,NP,NP,NP,NP,NP,NP,NA,NA,NA,NA,NA,NA,6760.5,67.6,1358,13.6,1216,12.2,2104.5,21,2082,20.8,1975.5,19.8,106.5,1.1,2.8,2.8,NP,NP,NP,NP,NP,NP,NP,NP,NP,NP,NP,NP,NP,NP,NP,NP,NP,NP,NP,NP,NP,92%,80%,602.83,6.03,NP,NP,NP,NP,NP,NP,6.03,NE,NP,,,,,,,40,40%,37%,34%,93,93%,94,94%,93,93%,52,52%,80,80%,93%,91%,92%,81%,100%,94%,100%,94%,93%,91%,NP,NP,NP,NP,NP,NP,NP,NP,NP,NP,NP,NP,NP,NP,NP,93,91,92,81,93,87,52,49,74,73,38,38%,93,93%,94,94%,93,100%,52,100%,77,96%,NP,NP,NP,NP,NP,NP,NP,NP,NP,NP,NP,NP,NP,NP,NP,NP,NP,NP,NP,NP,NP,NP,NP,NP,NP,NP,NP,NP,NP,NP,NP,NP,NP,NP,NP,NP,NP,NP,NP,NP,NP,NP,NP,NP,NP,NP,NP,NP,NP,NP,NP,NP,NP,NP,NP,NP,NP,NP,NP,NP,NP,NP,NP,NP,NP,NP,NP,NP,NP,NP,NP,NP,NP,NP,NP,NP,NP,NP,NP,NP,NP,NP,NP,NP,NP,NP,NP,NP,NP,NP,NP,NP,NP,NP,NP,NP,NP,NP,67.6,13.6,12.2,21,20.8,19.8,1.1,NP,NP,NP,NP,NP,NP,NP,NP,NE,NE,NE,NE,NE,NE,NE,NP,NP,NP,NP,NP,NP,NP,NP,NP,NP,NP,NP,NP,NP,NP,NP,NP,NP,NP,NP,NP,NP,NP,,,,,,,,,,,,,,,,,,,,,,,,,,,,,,,NP,NP,NP,NP,NP,NP,NP,NP,NP,NP,NP,NP,NP,NP,NP,NP,NP,NP,NP,NP,NP,NP,NP,NP,NP,NP,NP,NP,NP,NP,NP,NP,NP,NP,NP,NP,NP,NP,NP,NP,NP,NP,NP,NP,NP,NP,NP,NP,NP,NP,NP,NP,NP,NP,NP,NP,NP,NP,NP,NP,NP,NP,NP,,,,,,,NE,NE,NE,40%,37%,34%,NP,NP,NP,NP,NP,NP,,,,,,,,,,,,,92%,,,99%,,,,,NP,NP,NP,NP,NP,NP,NP,NP,NE,92%,NP,NP,NP,NP,NP,NP,NP,NP,NP,NP,NE,80%,NP,NP,,,,,,,,,17%,39%,,,,,,,,,8.2,NP,NP,NP,NP,NP,,,,,7.9,NP,NP,NP,NP,NP,,,,,822,7,1%
1,919,4083,137339,St Albans Girls' School,,Sandridgebury Lane,,,St Albans,AL3 6DB,01727853134,E14000960,St Albans,0,0,ACC,Does not apply,NSE,OTHER NON SEL,GIRLS,0,0,1,11-18,1392,1,1391,209,0,0%,209,100%,107.5,26,13%,83,43%,86,44%,15,7%,194,93%,33,16%,175,84%,1,0%,208,100%,3,1%,36,17%,33,16%,13597,65.1,2876,13.8,2470,11.8,4010,19.2,4241,20.3,4123,19.7,118,0.6,2.9,3,195,0,93%,0.77,0.58,0.97,0.77,0.57,0.97,0.89,0.67,1.12,0.27,0.05,0.48,0.74,0.51,0.97,1.06,0.83,1.29,88%,72%,1272.5,6.09,4.27,6.23,3.4,5.32,7.58,5.65,6.09,NE,6.08,,,,,,,161,77%,69%,58%,208,100%,209,100%,205,98%,186,89%,167,80%,98%,93%,88%,73%,87%,76%,95%,88%,95%,87%,192,94%,174,94%,154,92%,0.6,0.39,0.81,0.95,0.68,1.22,1.09,0.78,1.4,205,195,184,153,179,156,176,163,159,145,156,75%,208,100%,208,100%,205,100%,186,100%,162,97%,49.2,14,0,-0.17,-0.9,0.57,-0.17,-0.92,0.59,66.3,181,0,0.85,0.64,1.05,0.85,0.64,1.05,11.1,0.2,-0.64,1.04,8.4,-0.78,-1.58,0.02,14.1,-0.19,-1.05,0.66,15.6,0.03,-0.82,0.88,14,0.95,0.71,1.18,12.1,0.35,0.12,0.57,19.6,0.82,0.58,1.05,20.7,1.14,0.9,1.38,14.6,1,20.1,0.5,-3.6,-0.32,41,26,0,0.73,0.19,1.27,0.73,0.18,1.28,58.5,83,0,0.7,0.39,1,0.7,0.39,1.01,78.2,86,0,0.86,0.56,1.16,0.86,0.56,1.16,61,12.7,11.2,18.3,18.7,18,0.8,31,0,0.88,0.39,1.38,0.88,0.38,1.39,65.1,13.8,11.8,19.2,20.3,19.7,0.6,195,0,0.77,0.58,0.97,0.77,0.57,0.97,NE,NE,NE,NE,NE,NE,NE,NE,NE,NE,NE,NE,NE,NE,NE,65,13.8,11.8,19.2,20.3,19.7,0.6,195,0,0.77,0.58,0.97,0.77,0.57,0.97,,,,,,,,,,,,,,,,,,,,,,,,,,,,,,,13,50%,27%,4%,55,66%,60%,41%,82,95%,90%,87%,40%,80%,27%,20%,73%,61%,0.49,0.55,0.68,-0.2,0.66,0.96,1.02,0.89,-0.05,1.01,0.85,1.19,1.06,0.79,1.1,0.57,-0.97,0.88,0.45,1.07,-0.1,0.87,0.23,0.99,0.37,1.06,-1.17,1.29,0.73,1.87,0.05,1.43,0.6,1.27,0.51,2.23,-0.66,1.42,0.79,1.84,-0.14,1.7,0.68,1.48,0.64,,,,,,,NE,NE,NE,77%,69%,58%,77%,69%,58%,82%,55%,33%,,,,,,,,,,,,,87%,,,100%,,,,,67%,90%,12,46%,74,89%,86,100%,NE,88%,79%,88%,47%,74%,3,12%,52,63%,84,98%,NE,72%,58%,72%,,,,,,,,,3%,31%,,,,,,,,,8.4,7.4,8,9.1,7.5,8.5,,,,,8.3,7.1,7.8,9.1,7.3,8.4,,,,,1760,7,0%
1,919,6038,117617,St Albans High School for Girls,,Townsend Avenue,St Albans,Hertfordshire,,AL1 3SJ,01727853800,E14000960,St Albans,0,0,IND,Anglican,,NA,GIRLS,0,0,1,4-18,1149,0,1149,246,0,0%,246,100%,NP,NP,NP,NP,NP,NP,NP,NP,NP,NP,NP,NP,NP,NP,NP,NP,NP,NP,NP,NA,NA,NA,NA,NA,NA,6250.5,25.4,2011,8.2,0,0,1912,7.8,2327.5,9.5,2220,9,107.5,0.4,1,1.2,NP,NP,NP,NP,NP,NP,NP,NP,NP,NP,NP,NP,NP,NP,NP,NP,NP,NP,NP,NP,NP,0%,0%,406.47,1.65,NP,NP,NP,NP,NP,NP,1.65,NE,NP,,,,,,,0,0%,0%,0%,125,51%,0,0%,0,0%,64,26%,118,48%,51%,51%,0%,0%,NE,NE,100%,100%,100%,97%,NP,NP,NP,NP,NP,NP,NP,NP,NP,NP,NP,NP,NP,NP,NP,125,125,0,0,NE,NE,64,64,118,115,0,0%,125,51%,0,0%,NE,NE,64,100%,118,100%,NP,NP,NP,NP,NP,NP,NP,NP,NP,NP,NP,NP,NP,NP,NP,NP,NP,NP,NP,NP,NP,NP,NP,NP,NP,NP,NP,NP,NP,NP,NP,NP,NP,NP,NP,NP,NP,NP,NP,NP,NP,NP,NP,NP,NP,NP,NP,NP,NP,NP,NP,NP,NP,NP,NP,NP,NP,NP,NP,NP,NP,NP,NP,NP,NP,NP,NP,NP,NP,NP,NP,NP,NP,NP,NP,NP,NP,NP,NP,NP,NP,NP,NP,NP,NP,NP,NP,NP,NP,NP,NP,NP,NP,NP,NP,NP,NP,NP,25.4,15.8,0,15.1,18.3,17.5,0.8,NP,NP,NP,NP,NP,NP,NP,NP,NE,NE,NE,NE,NE,NE,NE,NP,NP,NP,NP,NP,NP,NP,NP,NP,NP,NP,NP,NP,NP,NP,NP,NP,NP,NP,NP,NP,NP,NP,,,,,,,,,,,,,,,,,,,,,,,,,,,,,,,NP,NP,NP,NP,NP,NP,NP,NP,NP,NP,NP,NP,NP,NP,NP,NP,NP,NP,NP,NP,NP,NP,NP,NP,NP,NP,NP,NP,NP,NP,NP,NP,NP,NP,NP,NP,NP,NP,NP,NP,NP,NP,NP,NP,NP,NP,NP,NP,NP,NP,NP,NP,NP,NP,NP,NP,NP,NP,NP,NP,NP,NP,NP,,,,,,,NE,NE,NE,0%,0%,0%,NP,NP,NP,NP,NP,NP,,,,,,,,,,,,,0%,,,51%,,,,,NP,NP,NP,NP,NP,NP,NP,NP,NE,0%,NP,NP,NP,NP,NP,NP,NP,NP,NP,NP,NE,0%,NP,NP,,,,,,,,,15%,0%,,,,,,,,,2.8,NP,NP,NP,NP,NP,,,,,2.7,NP,NP,NP,NP,NP,,,,,690,19,3%
1,919,6243,134087,St Albans Independent College,,69 London Road,,,St Albans,AL1 1LN,01727842348,E14000960,St Albans,0,0,IND,None,,NA,MIXED,0,0,1,14-19,70,42,28,15,10,67%,5,33%,NP,NP,NP,NP,NP,NP,NP,NP,NP,NP,NP,NP,NP,NP,NP,NP,NP,NP,NP,NA,NA,NA,NA,NA,NA,424,28.3,125,8.3,24,1.6,155,10.3,120,8,120,8,0,0,1.7,1.6,NP,NP,NP,NP,NP,NP,NP,NP,NP,NP,NP,NP,NP,NP,NP,NP,NP,NP,NP,NP,NP,7%,7%,36.5,2.43,NP,NP,NP,NP,NP,NP,SUPP,SUPP,NP,,,,,,,0,0%,0%,0%,9,60%,3,20%,8,53%,3,20%,7,47%,60%,53%,7%,7%,88%,75%,SUPP,SUPP,86%,86%,NP,NP,NP,NP,NP,NP,NP,NP,NP,NP,NP,NP,NP,NP,NP,9,8,1,1,7,6,SUPP,SUPP,6,6,0,0%,9,60%,3,20%,8,100%,SUPP,SUPP,7,100%,NP,NP,NP,NP,NP,NP,NP,NP,NP,NP,NP,NP,NP,NP,NP,NP,NP,NP,NP,NP,NP,NP,NP,NP,NP,NP,NP,NP,NP,NP,NP,NP,NP,NP,NP,NP,NP,NP,NP,NP,NP,NP,NP,NP,NP,NP,NP,NP,NP,NP,NP,NP,NP,NP,NP,NP,NP,NP,NP,NP,NP,NP,NP,NP,NP,NP,NP,NP,NP,NP,NP,NP,NP,NP,NP,NP,NP,NP,NP,NP,NP,NP,NP,NP,NP,NP,NP,NP,NP,NP,NP,NP,NP,NP,NP,NP,NP,NP,SUPP,SUPP,SUPP,SUPP,SUPP,SUPP,SUPP,NP,NP,NP,NP,NP,NP,NP,NP,SUPP,SUPP,SUPP,SUPP,SUPP,SUPP,SUPP,NP,NP,NP,NP,NP,NP,NP,NP,NP,NP,NP,NP,NP,NP,NP,NP,NP,NP,NP,NP,NP,NP,NP,,,,,,,,,,,,,,,,,,,,,,,,,,,,,,,NP,NP,NP,NP,NP,NP,NP,NP,NP,NP,NP,NP,NP,NP,NP,NP,NP,NP,NP,NP,NP,NP,NP,NP,NP,NP,NP,NP,NP,NP,NP,NP,NP,NP,NP,NP,NP,NP,NP,NP,NP,NP,NP,NP,NP,NP,NP,NP,NP,NP,NP,NP,NP,NP,NP,NP,NP,NP,NP,NP,NP,NP,NP,,,,,,,SUPP,SUPP,SUPP,SUPP,SUPP,SUPP,NP,NP,NP,NP,NP,NP,,,,,,,,,,,,,0%,,,100%,,,,,NP,NP,NP,NP,NP,NP,NP,NP,SUPP,SUPP,NP,NP,NP,NP,NP,NP,NP,NP,NP,NP,SUPP,SUPP,NP,NP,,,,,,,,,0%,27%,,,,,,,,,4.3,NP,NP,NP,NP,NP,,,,,4.3,NP,NP,NP,NP,NP,,,,,64,1,2%
1,919,6220,117647,St Albans School,,Abbey Gateway,,,St Albans,AL3 4HB,01727855521,E14000960,St Albans,0,0,IND,Christian/non-denominational,,NA,BOYS,0,0,1,11-19,879,820,59,136,136,100%,0,0%,NP,NP,NP,NP,NP,NP,NP,NP,NP,NP,NP,NP,NP,NP,NP,NP,NP,NP,NP,NA,NA,NA,NA,NA,NA,1739.5,12.8,0,0,0,0,898,6.6,841.5,6.2,816,6,25.5,0.2,0.8,0.8,NP,NP,NP,NP,NP,NP,NP,NP,NP,NP,NP,NP,NP,NP,NP,NP,NP,NP,NP,NP,NP,0%,0%,141.52,1.04,NP,NP,NP,NP,NP,NP,NE,1.04,NP,,,,,,,0,0%,0%,0%,0,0%,0,0%,0,0%,71,52%,37,27%,0%,0%,0%,0%,NE,NE,100%,99%,100%,100%,NP,NP,NP,NP,NP,NP,NP,NP,NP,NP,NP,NP,NP,NP,NP,0,0,0,0,NE,NE,71,70,37,37,0,0%,0,0%,0,0%,NE,NE,71,100%,37,100%,NP,NP,NP,NP,NP,NP,NP,NP,NP,NP,NP,NP,NP,NP,NP,NP,NP,NP,NP,NP,NP,NP,NP,NP,NP,NP,NP,NP,NP,NP,NP,NP,NP,NP,NP,NP,NP,NP,NP,NP,NP,NP,NP,NP,NP,NP,NP,NP,NP,NP,NP,NP,NP,NP,NP,NP,NP,NP,NP,NP,NP,NP,NP,NP,NP,NP,NP,NP,NP,NP,NP,NP,NP,NP,NP,NP,NP,NP,NP,NP,NP,NP,NP,NP,NP,NP,NP,NP,NP,NP,NP,NP,NP,NP,NP,NP,NP,NP,NE,NE,NE,NE,NE,NE,NE,NP,NP,NP,NP,NP,NP,NP,NP,12.8,0,0,6.6,6.2,6,0.2,NP,NP,NP,NP,NP,NP,NP,NP,NP,NP,NP,NP,NP,NP,NP,NP,NP,NP,NP,NP,NP,NP,NP,,,,,,,,,,,,,,,,,,,,,,,,,,,,,,,NP,NP,NP,NP,NP,NP,NP,NP,NP,NP,NP,NP,NP,NP,NP,NP,NP,NP,NP,NP,NP,NP,NP,NP,NP,NP,NP,NP,NP,NP,NP,NP,NP,NP,NP,NP,NP,NP,NP,NP,NP,NP,NP,NP,NP,NP,NP,NP,NP,NP,NP,NP,NP,NP,NP,NP,NP,NP,NP,NP,NP,NP,NP,,,,,,,0%,0%,0%,NE,NE,NE,NP,NP,NP,NP,NP,NP,,,,,,,,,,,,,0%,,,95%,,,,,NP,NP,NP,NP,NP,NP,NP,NP,0%,NE,NP,NP,NP,NP,NP,NP,NP,NP,NP,NP,0%,NE,NP,NP,,,,,,,,,4%,0%,,,,,,,,,1.6,NP,NP,NP,NP,NP,,,,,1.6,NP,NP,NP,NP,NP,,,,,218,0,0%
1,919,6028,117612,St Christopher School,,Barrington Road,,,Letchworth Garden City,SG6 3JZ,01462650850,E14000845,North East Hertfordshire,0,0,IND,None,,NA,MIXED,0,0,1,3-19,511,300,211,65,36,55%,29,45%,NP,NP,NP,NP,NP,NP,NP,NP,NP,NP,NP,NP,NP,NP,NP,NP,NP,NP,NP,NA,NA,NA,NA,NA,NA,3859,59.4,802,12.3,716,11,1129.5,17.4,1211.5,18.6,1211.5,18.6,0,0,2.7,2.9,NP,NP,NP,NP,NP,NP,NP,NP,NP,NP,NP,NP,NP,NP,NP,NP,NP,NP,NP,NP,NP,91%,65%,327.15,5.03,NP,NP,NP,NP,NP,NP,4.83,5.2,NP,,,,,,,21,32%,31%,23%,62,95%,64,98%,58,89%,47,72%,29,45%,95%,85%,91%,69%,93%,83%,96%,79%,93%,90%,NP,NP,NP,NP,NP,NP,NP,NP,NP,NP,NP,NP,NP,NP,NP,62,55,59,45,54,48,45,37,27,26,21,32%,62,95%,64,98%,58,100%,47,100%,29,100%,NP,NP,NP,NP,NP,NP,NP,NP,NP,NP,NP,NP,NP,NP,NP,NP,NP,NP,NP,NP,NP,NP,NP,NP,NP,NP,NP,NP,NP,NP,NP,NP,NP,NP,NP,NP,NP,NP,NP,NP,NP,NP,NP,NP,NP,NP,NP,NP,NP,NP,NP,NP,NP,NP,NP,NP,NP,NP,NP,NP,NP,NP,NP,NP,NP,NP,NP,NP,NP,NP,NP,NP,NP,NP,NP,NP,NP,NP,NP,NP,NP,NP,NP,NP,NP,NP,NP,NP,NP,NP,NP,NP,NP,NP,NP,NP,NP,NP,59.2,12.9,10.8,16.3,19.2,19.2,0,NP,NP,NP,NP,NP,NP,NP,NP,59.5,11.9,11.2,18.3,18.2,18.2,0,NP,NP,NP,NP,NP,NP,NP,NP,NP,NP,NP,NP,NP,NP,NP,NP,NP,NP,NP,NP,NP,NP,NP,,,,,,,,,,,,,,,,,,,,,,,,,,,,,,,NP,NP,NP,NP,NP,NP,NP,NP,NP,NP,NP,NP,NP,NP,NP,NP,NP,NP,NP,NP,NP,NP,NP,NP,NP,NP,NP,NP,NP,NP,NP,NP,NP,NP,NP,NP,NP,NP,NP,NP,NP,NP,NP,NP,NP,NP,NP,NP,NP,NP,NP,NP,NP,NP,NP,NP,NP,NP,NP,NP,NP,NP,NP,,,,,,,33%,31%,22%,31%,31%,24%,NP,NP,NP,NP,NP,NP,,,,,,,,,,,,,88%,,,100%,,,,,NP,NP,NP,NP,NP,NP,NP,NP,92%,90%,NP,NP,NP,NP,NP,NP,NP,NP,NP,NP,61%,69%,NP,NP,,,,,,,,,3%,34%,,,,,,,,,8.1,NP,NP,NP,NP,NP,,,,,8.1,NP,NP,NP,NP,NP,,,,,533,0,0%
1,919,5421,136901,St Clement Danes School,,Chenies Road,Chorleywood,,Rickmansworth,WD3 6EW,01923284169,E14000951,South West Hertfordshire,0,0,ACC,None,NSE,OTHER NON SEL,MIXED,0,0,1,11-18,1594,799,795,240,111,46%,129,54%,108.9,16,7%,95,44%,107,49%,13,5%,227,95%,14,6%,226,94%,0,0%,236,98%,2,1%,47,20%,45,19%,16086,67,3321,13.8,3060,12.8,4833.5,20.1,4871.5,20.3,4863,20.3,8.5,0,2.9,3,218,1,91%,0.79,0.6,0.97,0.78,0.59,0.97,0.76,0.54,0.97,0.52,0.32,0.72,0.87,0.65,1.08,0.88,0.67,1.1,93%,82%,1473.33,6.14,4.82,6.21,4.5,5.1,7.42,6.84,6.41,5.82,6.14,,,,,,,152,63%,53%,47%,238,99%,239,100%,239,100%,213,89%,161,67%,98%,94%,95%,83%,92%,80%,95%,89%,86%,76%,217,91%,195,92%,144,89%,0.82,0.62,1.01,1.11,0.86,1.36,0.08,-0.24,0.4,234,226,229,199,220,192,202,189,139,122,142,59%,238,99%,239,100%,238,100%,213,100%,150,93%,57.1,13,0,0.76,-0.01,1.52,0.76,-0.03,1.54,67.6,205,1,0.79,0.6,0.98,0.78,0.59,0.98,12.8,1.07,0.19,1.94,10.6,0.5,-0.33,1.33,16.4,0.72,-0.17,1.61,17.3,0.75,-0.13,1.64,13.9,0.74,0.52,0.96,12.9,0.52,0.31,0.73,20.4,0.88,0.65,1.1,20.5,0.89,0.67,1.12,17.3,0,20.4,0,4.3,0.61,54.6,16,0,1.83,1.14,2.52,1.83,1.13,2.54,59.2,95,1,0.79,0.51,1.07,0.78,0.49,1.07,77.1,107,0,0.62,0.36,0.89,0.62,0.35,0.9,71,13.6,14.3,22.7,20.4,19.8,0.6,12,0,0.81,0.01,1.6,0.81,-0.01,1.62,69,14.6,12.9,20.4,21.1,21,0.1,116,0,1.01,0.76,1.27,1.01,0.75,1.28,64.7,12.9,12.6,19.8,19.4,19.4,0,102,1,0.53,0.25,0.8,0.52,0.24,0.8,67.1,13.9,12.7,20.1,20.3,20.3,0,215,1,0.79,0.6,0.97,0.78,0.59,0.97,,,,,,,,,,,,,,,,,,,,,,,,,,,,,,,5,31%,25%,19%,43,45%,29%,23%,89,83%,79%,73%,38%,65%,23%,23%,55%,48%,1.44,0.71,0.82,0.47,0.84,2.82,1.21,0.83,1.36,1.09,SUPP,-0.3,0.23,-0.9,0.12,1.26,-0.33,1.04,0.64,2.15,0.72,1.01,0.41,1.1,0.54,2.48,0.25,1.35,0.84,3.84,1.8,1.61,0.81,1.18,0.49,0.66,-2.46,0.45,-0.2,SUPP,SUPP,0.26,-0.86,0.63,-0.17,,,,,,,52%,42%,35%,73%,63%,57%,64%,53%,47%,71%,64%,57%,,,,,,,,,,,,,93%,,,100%,,,,,92%,93%,13,81%,86,91%,107,100%,93%,94%,93%,94%,77%,82%,9,56%,71,75%,103,96%,81%,82%,93%,82%,,,,,,,,,4%,28%,,,,,,,,,8.2,7.7,8,8.4,7.7,8.2,,,,,8.2,7.7,8,8.4,7.7,8.2,,,,,1968,8,0%
1,919,6136,117638,St Columba's College,,King Harry Lane,,,St Albans,AL3 4AW,01727855185,E14000960,St Albans,0,0,IND,Roman Catholic,,NA,MIXED,0,0,1,4-18,760,728,32,88,87,99%,1,1%,NP,NP,NP,NP,NP,NP,NP,NP,NP,NP,NP,NP,NP,NP,NP,NP,NP,NP,NP,NA,NA,NA,NA,NA,NA,3118,35.4,0,0,0,0,1570,17.8,1548,17.6,1548,17.6,0,0,2.5,2.4,NP,NP,NP,NP,NP,NP,NP,NP,NP,NP,NP,NP,NP,NP,NP,NP,NP,NP,NP,NP,NP,0%,0%,249.54,2.84,NP,NP,NP,NP,NP,NP,SUPP,SUPP,NP,,,,,,,0,0%,0%,0%,0,0%,0,0%,83,94%,0,0%,47,53%,0%,0%,0%,0%,99%,95%,NE,NE,89%,83%,NP,NP,NP,NP,NP,NP,NP,NP,NP,NP,NP,NP,NP,NP,NP,0,0,0,0,82,79,NE,NE,42,39,0,0%,0,0%,0,0%,83,100%,NE,NE,42,89%,NP,NP,NP,NP,NP,NP,NP,NP,NP,NP,NP,NP,NP,NP,NP,NP,NP,NP,NP,NP,NP,NP,NP,NP,NP,NP,NP,NP,NP,NP,NP,NP,NP,NP,NP,NP,NP,NP,NP,NP,NP,NP,NP,NP,NP,NP,NP,NP,NP,NP,NP,NP,NP,NP,NP,NP,NP,NP,NP,NP,NP,NP,NP,NP,NP,NP,NP,NP,NP,NP,NP,NP,NP,NP,NP,NP,NP,NP,NP,NP,NP,NP,NP,NP,NP,NP,NP,NP,NP,NP,NP,NP,NP,NP,NP,NP,NP,NP,SUPP,SUPP,SUPP,SUPP,SUPP,SUPP,SUPP,NP,NP,NP,NP,NP,NP,NP,NP,SUPP,SUPP,SUPP,SUPP,SUPP,SUPP,SUPP,NP,NP,NP,NP,NP,NP,NP,NP,NP,NP,NP,NP,NP,NP,NP,NP,NP,NP,NP,NP,NP,NP,NP,,,,,,,,,,,,,,,,,,,,,,,,,,,,,,,NP,NP,NP,NP,NP,NP,NP,NP,NP,NP,NP,NP,NP,NP,NP,NP,NP,NP,NP,NP,NP,NP,NP,NP,NP,NP,NP,NP,NP,NP,NP,NP,NP,NP,NP,NP,NP,NP,NP,NP,NP,NP,NP,NP,NP,NP,NP,NP,NP,NP,NP,NP,NP,NP,NP,NP,NP,NP,NP,NP,NP,NP,NP,,,,,,,SUPP,SUPP,SUPP,SUPP,SUPP,SUPP,NP,NP,NP,NP,NP,NP,,,,,,,,,,,,,0%,,,95%,,,,,NP,NP,NP,NP,NP,NP,NP,NP,SUPP,SUPP,NP,NP,NP,NP,NP,NP,NP,NP,NP,NP,SUPP,SUPP,NP,NP,,,,,,,,,13%,19%,,,,,,,,,4.3,NP,NP,NP,NP,NP,,,,,4.3,NP,NP,NP,NP,NP,,,,,382,2,1%
1,919,6115,117633,St Edmund's College,,Old Hall Green,,,Ware,SG11 1DS,01920821504,E14000845,North East Hertfordshire,0,0,IND,Roman Catholic,,NA,MIXED,0,0,1,3-19,878,511,367,113,66,58%,47,42%,NP,NP,NP,NP,NP,NP,NP,NP,NP,NP,NP,NP,NP,NP,NP,NP,NP,NP,NP,NA,NA,NA,NA,NA,NA,5191,45.9,0,0,1286,11.4,1964.5,17.4,1940.5,17.2,1940.5,17.2,0,0,2.7,2.7,NP,NP,NP,NP,NP,NP,NP,NP,NP,NP,NP,NP,NP,NP,NP,NP,NP,NP,NP,NP,NP,0%,0%,421.96,3.73,NP,NP,NP,NP,NP,NP,3.55,3.87,NP,,,,,,,0,0%,0%,0%,0,0%,113,100%,112,99%,62,55%,15,13%,0%,0%,91%,76%,96%,84%,94%,89%,100%,93%,NP,NP,NP,NP,NP,NP,NP,NP,NP,NP,NP,NP,NP,NP,NP,0,0,103,86,108,94,58,55,15,14,0,0%,0,0%,112,99%,112,100%,62,100%,15,100%,NP,NP,NP,NP,NP,NP,NP,NP,NP,NP,NP,NP,NP,NP,NP,NP,NP,NP,NP,NP,NP,NP,NP,NP,NP,NP,NP,NP,NP,NP,NP,NP,NP,NP,NP,NP,NP,NP,NP,NP,NP,NP,NP,NP,NP,NP,NP,NP,NP,NP,NP,NP,NP,NP,NP,NP,NP,NP,NP,NP,NP,NP,NP,NP,NP,NP,NP,NP,NP,NP,NP,NP,NP,NP,NP,NP,NP,NP,NP,NP,NP,NP,NP,NP,NP,NP,NP,NP,NP,NP,NP,NP,NP,NP,NP,NP,NP,NP,44.9,0,10.6,16.5,17.7,17.7,0,NP,NP,NP,NP,NP,NP,NP,NP,46.7,0,11.9,18,16.8,16.8,0,NP,NP,NP,NP,NP,NP,NP,NP,NP,NP,NP,NP,NP,NP,NP,NP,NP,NP,NP,NP,NP,NP,NP,,,,,,,,,,,,,,,,,,,,,,,,,,,,,,,NP,NP,NP,NP,NP,NP,NP,NP,NP,NP,NP,NP,NP,NP,NP,NP,NP,NP,NP,NP,NP,NP,NP,NP,NP,NP,NP,NP,NP,NP,NP,NP,NP,NP,NP,NP,NP,NP,NP,NP,NP,NP,NP,NP,NP,NP,NP,NP,NP,NP,NP,NP,NP,NP,NP,NP,NP,NP,NP,NP,NP,NP,NP,,,,,,,0%,0%,0%,0%,0%,0%,NP,NP,NP,NP,NP,NP,,,,,,,,,,,,,0%,,,100%,,,,,NP,NP,NP,NP,NP,NP,NP,NP,0%,0%,NP,NP,NP,NP,NP,NP,NP,NP,NP,NP,0%,0%,NP,NP,,,,,,,,,0%,39%,,,,,,,,,6.2,NP,NP,NP,NP,NP,,,,,6.2,NP,NP,NP,NP,NP,,,,,701,1,0%
2,919,7006,117665,St Elizabeth's School,,South End,,,Much Hadham,SG10 6EW,01279844270,E14000744,Hertford and Stortford,0,0,NMSS,Does not apply,,NA,MIXED,0,0,0,5-19,50,37,13,6,4,67%,2,33%,NP,NP,NP,NP,NP,NP,NP,NP,NP,NP,NP,NP,NP,NP,NP,NP,NP,NP,NP,,,,,,,NE,NE,NE,NE,NE,NE,NE,NE,NE,NE,NE,NE,NE,NE,NE,NE,NE,SUPP,NE,SUPP,SUPP,SUPP,SUPP,SUPP,SUPP,SUPP,SUPP,SUPP,SUPP,SUPP,SUPP,SUPP,SUPP,SUPP,SUPP,SUPP,SUPP,NE,NE,NE,NE,NP,NP,NP,NP,NP,NP,SUPP,SUPP,NP,,,,,,,NE,NE,NE,NE,NE,NE,NE,NE,NE,NE,NE,NE,NE,NE,NE,NE,NE,NE,NE,NE,NE,NE,NE,NE,NE,NE,NE,NE,NE,NE,NE,NE,NE,NE,NE,NE,NE,NE,NE,NE,NE,NE,NE,NE,NE,NE,NE,NE,NE,NE,NE,NE,NE,NE,NE,NE,NE,NE,NE,NE,NE,NP,NP,SUPP,NP,NP,NP,NP,NP,NP,NP,NP,NP,NP,NP,NP,NP,NP,NP,NP,NP,NP,NP,NP,NP,NP,NP,NP,NP,NP,NP,NP,NP,NP,NP,NP,NP,NP,NP,NP,NP,NP,NP,NP,NP,NP,NP,NP,NP,NP,NP,NP,NP,NP,NP,NP,NP,NP,NP,NP,NP,NP,NP,NP,NP,NP,NP,NP,NP,NP,NP,NP,NP,NP,NP,NP,NP,NP,NP,NP,NP,NP,NP,NP,NP,NP,NP,NP,NP,NP,NP,NP,NP,NP,NP,NP,NP,NP,NP,SUPP,SUPP,SUPP,SUPP,SUPP,SUPP,SUPP,SUPP,SUPP,SUPP,SUPP,SUPP,SUPP,SUPP,SUPP,SUPP,SUPP,SUPP,SUPP,SUPP,SUPP,SUPP,SUPP,SUPP,SUPP,SUPP,SUPP,SUPP,SUPP,SUPP,NP,NP,NP,NP,NP,NP,NP,NP,NP,NP,NP,NP,NP,NP,NP,,,,,,,,,,,,,,,,,,,,,,,,,,,,,,,NP,NP,NP,NP,NP,NP,NP,NP,NP,NP,NP,NP,NP,NP,NP,NP,NP,NP,NP,NP,NP,NP,NP,NP,NP,NP,NP,NP,NP,NP,NP,NP,NP,NP,NP,NP,NP,NP,NP,NP,NP,NP,NP,NP,NP,NP,NP,NP,NP,NP,NP,NP,NP,NP,NP,NP,NP,NP,NP,NP,NP,NP,NP,,,,,,,SUPP,SUPP,SUPP,SUPP,SUPP,SUPP,NP,NP,NP,NP,NP,NP,,,,,,,,,,,,,NE,,,NE,,,,,NP,NP,NP,NP,NP,NP,NP,NP,SUPP,SUPP,NP,NP,NP,NP,NP,NP,NP,NP,NP,NP,SUPP,SUPP,NP,NP,,,,,,,,,NE,NE,,,,,,,,,NE,NP,NP,NP,NP,NP,,,,,NE,NP,NP,NP,NP,NP,,,,,NE,NE,NE
1,919,6029,117613,St Francis College,,Broadway,,,Letchworth Garden City,SG6 3PJ,01462670511,E14000845,North East Hertfordshire,0,0,IND,Christian,,NA,GIRLS,0,0,1,3-18,313,3,310,57,0,0%,57,100%,NP,NP,NP,NP,NP,NP,NP,NP,NP,NP,NP,NP,NP,NP,NP,NP,NP,NP,NP,NA,NA,NA,NA,NA,NA,3068,53.8,0,0,758,13.3,1223,21.5,1087,19.1,1087,19.1,0,0,2.8,2.6,NP,NP,NP,NP,NP,NP,NP,NP,NP,NP,NP,NP,NP,NP,NP,NP,NP,NP,NP,NP,NP,0%,0%,310.5,5.45,NP,NP,NP,NP,NP,NP,5.45,NE,NP,,,,,,,0,0%,0%,0%,0,0%,54,95%,54,95%,47,82%,45,79%,0%,0%,95%,84%,98%,94%,100%,89%,98%,93%,NP,NP,NP,NP,NP,NP,NP,NP,NP,NP,NP,NP,NP,NP,NP,0,0,54,48,53,51,47,42,44,42,0,0%,0,0%,54,95%,54,100%,47,100%,45,100%,NP,NP,NP,NP,NP,NP,NP,NP,NP,NP,NP,NP,NP,NP,NP,NP,NP,NP,NP,NP,NP,NP,NP,NP,NP,NP,NP,NP,NP,NP,NP,NP,NP,NP,NP,NP,NP,NP,NP,NP,NP,NP,NP,NP,NP,NP,NP,NP,NP,NP,NP,NP,NP,NP,NP,NP,NP,NP,NP,NP,NP,NP,NP,NP,NP,NP,NP,NP,NP,NP,NP,NP,NP,NP,NP,NP,NP,NP,NP,NP,NP,NP,NP,NP,NP,NP,NP,NP,NP,NP,NP,NP,NP,NP,NP,NP,NP,NP,53.8,0,13.3,21.5,19.1,19.1,0,NP,NP,NP,NP,NP,NP,NP,NP,NE,NE,NE,NE,NE,NE,NE,NP,NP,NP,NP,NP,NP,NP,NP,NP,NP,NP,NP,NP,NP,NP,NP,NP,NP,NP,NP,NP,NP,NP,,,,,,,,,,,,,,,,,,,,,,,,,,,,,,,NP,NP,NP,NP,NP,NP,NP,NP,NP,NP,NP,NP,NP,NP,NP,NP,NP,NP,NP,NP,NP,NP,NP,NP,NP,NP,NP,NP,NP,NP,NP,NP,NP,NP,NP,NP,NP,NP,NP,NP,NP,NP,NP,NP,NP,NP,NP,NP,NP,NP,NP,NP,NP,NP,NP,NP,NP,NP,NP,NP,NP,NP,NP,,,,,,,NE,NE,NE,0%,0%,0%,NP,NP,NP,NP,NP,NP,,,,,,,,,,,,,0%,,,95%,,,,,NP,NP,NP,NP,NP,NP,NP,NP,NE,0%,NP,NP,NP,NP,NP,NP,NP,NP,NP,NP,NE,0%,NP,NP,,,,,,,,,19%,46%,,,,,,,,,6.3,NP,NP,NP,NP,NP,,,,,6.3,NP,NP,NP,NP,NP,,,,,360,0,0%
1,919,4614,138356,St George's School,,Sun Lane,,,Harpenden,AL5 4TD,01582765477,E14000749,Hitchin and Harpenden,0,0,ACC,Christian,NSE,OTHER NON SEL,MIXED,0,0,1,11-18,1344,637,707,193,106,55%,87,45%,109,13,8%,68,43%,76,48%,14,7%,179,93%,26,13%,167,87%,0,0%,191,99%,2,1%,41,21%,39,20%,12827,66.5,2462,12.8,2618,13.6,3821.5,19.8,3925.5,20.3,3917,20.3,8.5,0,2.8,3,157,1,81%,0.52,0.3,0.74,0.52,0.3,0.75,0.05,-0.2,0.3,0.73,0.49,0.97,0.53,0.28,0.79,0.68,0.43,0.94,95%,84%,1096.08,5.68,3.79,5.83,2.42,4.79,6.81,6.1,5.67,5.69,5.69,,,,,,,45,23%,23%,21%,176,91%,193,100%,192,99%,98,51%,96,50%,91%,87%,96%,89%,94%,82%,98%,93%,97%,93%,156,81%,76,78%,75,78%,0.78,0.55,1.01,1.2,0.8,1.6,1.52,1.07,1.96,175,168,185,171,180,157,96,91,93,89,44,23%,176,91%,193,100%,191,99%,98,100%,93,97%,47.1,13,1,-0.47,-1.23,0.3,-0.5,-1.28,0.28,68,144,0,0.61,0.38,0.84,0.61,0.38,0.85,8.9,-1.14,-2.01,-0.26,10,-0.1,-0.93,0.73,13.4,-0.49,-1.38,0.4,14.8,-0.35,-1.24,0.53,13.1,0.16,-0.1,0.42,13.8,0.81,0.56,1.06,20.3,0.62,0.36,0.89,20.8,0.78,0.51,1.04,14.8,0,20.7,0,-5.7,-0.62,33.7,13,0,-0.14,-0.9,0.63,-0.14,-0.92,0.64,59,68,1,0.61,0.28,0.95,0.61,0.26,0.95,77.1,76,0,0.56,0.24,0.88,0.56,0.24,0.88,70.7,13.3,14.4,21.5,21.5,21.5,0,14,0,0.6,-0.14,1.34,0.6,-0.15,1.35,67.5,13.5,13.3,19.4,21.3,21.2,0.1,71,0,0.62,0.29,0.94,0.62,0.28,0.95,65.6,12.2,13.8,20.2,19.5,19.5,0,86,1,0.45,0.15,0.75,0.44,0.14,0.75,66.5,12.8,13.6,19.8,20.3,20.3,0,156,1,0.53,0.31,0.75,0.53,0.3,0.76,,,,,,,,,,,,,,,,,,,,,,,,,,,,,,,0,0%,0%,0%,7,10%,10%,9%,25,33%,32%,32%,7%,25%,7%,7%,24%,22%,-0.17,0.92,0.83,0.08,0.84,0.94,1.62,0.97,SUPP,1.22,SUPP,2.07,1.26,SUPP,1.52,0.91,-0.75,1.08,0.6,0.62,-0.97,1.27,0.57,1.16,0.5,SUPP,SUPP,1.64,0.8,2.28,-0.39,2.3,0.94,1.51,0.43,SUPP,SUPP,1.97,1.06,SUPP,SUPP,2.83,1.3,1.8,0.71,,,,,,,25%,25%,22%,22%,21%,21%,24%,23%,21%,27%,27%,23%,,,,,,,,,,,,,94%,,,100%,,,,,71%,97%,8,62%,63,93%,76,100%,93%,97%,100%,95%,50%,87%,2,15%,51,75%,76,100%,81%,89%,88%,84%,,,,,,,,,3%,17%,,,,,,,,,8.6,7.6,8.3,8.9,7.7,8.7,,,,,8.5,7.6,8.3,8.7,7.7,8.5,,,,,1666,4,0%
1,919,5418,137914,Saint Joan of Arc Catholic School,,High Street,,,Rickmansworth,WD3 1HG,01923773881,E14000951,South West Hertfordshire,0,0,ACC,Roman Catholic,NSE,OTHER NON SEL,MIXED,0,0,1,11-18,1235,657,578,197,99,50%,98,50%,106.3,19,10%,121,63%,51,27%,16,8%,181,92%,26,13%,170,86%,1,1%,194,98%,3,2%,37,19%,34,17%,11532.5,58.5,2338,11.9,2212,11.2,3480.5,17.7,3502,17.8,3133.5,15.9,368.5,1.9,2.9,2.9,191,0,97%,0.44,0.24,0.64,0.44,0.24,0.64,0.22,-0.01,0.44,0.32,0.1,0.54,0.62,0.38,0.85,0.5,0.26,0.73,86%,70%,1016,5.16,4.79,5.19,2.88,4.95,6.56,5.15,5.19,5.13,5.2,,,,,,,82,42%,30%,23%,192,97%,195,99%,194,98%,170,86%,102,52%,90%,81%,90%,76%,86%,71%,88%,81%,82%,75%,188,97%,166,98%,97,95%,0.35,0.14,0.56,0.75,0.48,1.03,0.56,0.17,0.95,178,160,177,149,167,137,149,138,84,76,82,42%,192,97%,195,99%,194,100%,170,100%,102,100%,54,14,0,0.69,-0.05,1.42,0.69,-0.07,1.44,58.9,177,0,0.42,0.21,0.63,0.42,0.21,0.63,10.8,0.36,-0.48,1.21,10,0.41,-0.39,1.21,16.3,0.95,0.09,1.8,16.9,0.83,-0.03,1.68,12,0.21,-0.03,0.44,11.3,0.31,0.09,0.54,17.8,0.59,0.35,0.83,17.9,0.47,0.23,0.71,15.9,1,15.9,1.9,1.2,0.54,34.7,19,0,0.14,-0.49,0.77,0.14,-0.51,0.79,56.8,121,0,0.56,0.31,0.81,0.56,0.31,0.82,72.4,51,0,0.26,-0.12,0.65,0.26,-0.13,0.66,58.3,11.3,11.1,18.5,17.4,16.5,0.9,23,0,0.8,0.23,1.38,0.8,0.22,1.39,58.7,12.2,10.7,17.3,18.5,16.7,1.8,93,0,0.66,0.37,0.94,0.66,0.36,0.95,58.4,11.6,11.8,18,17,15.1,1.9,98,0,0.23,-0.04,0.51,0.23,-0.05,0.52,59,11.9,11.3,17.8,17.9,16,1.9,189,0,0.48,0.28,0.68,0.48,0.27,0.68,,,,,,,,,,,,,,,,,,,,,,,,,,,,,,,2,11%,5%,0%,52,43%,30%,21%,25,49%,39%,37%,50%,41%,38%,25%,30%,23%,0.09,0.39,0.36,0.61,0.33,0.86,0.96,0.23,0.9,0.74,SUPP,0.53,0.33,0.99,0.52,1.38,-0.16,0.55,0.11,0.75,-0.57,0.65,0.12,0.77,-0.04,1.88,-0.08,1.03,0.46,1.88,-0.16,1.29,0.62,0.76,-0.29,2.34,-0.37,0.93,0.11,SUPP,SUPP,1.02,0.04,1.02,-0.35,,,,,,,30%,17%,14%,53%,44%,32%,42%,30%,23%,35%,23%,19%,,,,,,,,,,,,,84%,,,100%,,,,,81%,87%,5,26%,109,90%,51,100%,88%,85%,77%,87%,56%,71%,2,11%,86,71%,48,94%,71%,69%,58%,71%,,,,,,,,,14%,28%,,,,,,,,,9.1,8,9,9.7,8.6,9.1,,,,,8.6,7.7,8.5,9.3,8.2,8.7,,,,,1792,13,1%
1,919,5413,137895,The Saint John Henry Newman Catholic School,,Hitchin Road,,,Stevenage,SG1 4AE,01438314643,E14000968,Stevenage,0,0,ACC,Roman Catholic,NSE,OTHER NON SEL,MIXED,0,0,1,11-18,1626,842,784,242,135,56%,107,44%,106.4,37,15%,126,53%,76,32%,20,8%,222,92%,50,21%,183,76%,9,4%,236,98%,6,2%,28,12%,22,9%,14502.3,59.9,3034,12.5,2754,11.4,4312.5,17.8,4401.8,18.2,4285.5,17.7,116.3,0.5,2.9,2.9,239,1,99%,0.57,0.39,0.75,0.57,0.39,0.75,0.56,0.36,0.76,0.38,0.19,0.58,0.65,0.44,0.85,0.63,0.42,0.83,88%,69%,1322.67,5.47,4.04,5.59,3.44,5.18,7.05,5.68,5.4,5.52,5.54,,,,,,,157,65%,51%,42%,234,97%,239,99%,235,97%,230,95%,159,66%,96%,88%,90%,71%,91%,77%,88%,77%,81%,71%,233,99%,230,100%,158,99%,0.61,0.42,0.8,0.5,0.27,0.74,0.04,-0.26,0.35,232,212,218,172,213,180,203,176,129,113,155,64%,234,97%,238,98%,231,98%,230,100%,158,99%,45.4,19,0,-0.03,-0.67,0.6,-0.03,-0.68,0.61,61.2,220,1,0.62,0.44,0.81,0.62,0.43,0.81,10.4,0.28,-0.44,1.01,8.7,-0.04,-0.73,0.65,13.3,0.04,-0.69,0.78,13,-0.32,-1.05,0.42,12.7,0.58,0.37,0.8,11.6,0.42,0.22,0.62,18.2,0.7,0.48,0.92,18.7,0.71,0.49,0.92,12.5,0.6,18.2,0.5,-7.4,-0.18,41,37,0,0.68,0.22,1.13,0.68,0.21,1.14,57.8,126,1,0.66,0.41,0.91,0.66,0.41,0.91,73.9,76,0,0.38,0.06,0.69,0.38,0.05,0.7,61,12.4,11.4,18.7,18.4,18,0.4,49,1,0.83,0.43,1.22,0.82,0.42,1.23,59.8,12.8,10.7,17.5,18.8,17.9,0.9,105,1,0.83,0.56,1.1,0.83,0.56,1.11,60,12.3,12,18.1,17.7,17.5,0.1,134,0,0.37,0.13,0.6,0.37,0.12,0.61,60.6,12.7,11.5,18.1,18.4,17.9,0.5,236,1,0.59,0.41,0.77,0.59,0.41,0.77,,,,,,,,,,,,,,,,,,,,,,,,,,,,,,,11,30%,11%,0%,79,63%,44%,35%,67,88%,84%,75%,40%,67%,30%,20%,53%,44%,0.58,0.75,0.39,0.3,0.64,0.86,0.61,0.18,-0.12,0.55,0.18,0.16,-0.12,0.09,0.04,0.99,-0.4,0.83,0.44,1.07,0.1,1.01,0.49,0.72,0.06,0.77,-1,0.79,0.31,1.47,0.24,0.93,0.29,0.59,-0.22,1.44,-1.26,0.35,-0.27,1.33,-0.97,0.59,-0.27,0.35,-0.59,,,,,,,64%,51%,42%,65%,51%,41%,67%,53%,43%,72%,64%,48%,,,,,,,,,,,,,87%,,,99%,,,,,70%,90%,21,57%,115,91%,76,100%,89%,88%,86%,89%,40%,71%,5,14%,87,69%,74,97%,73%,63%,70%,70%,,,,,,,,,3%,38%,,,,,,,,,9.4,8.2,9.3,10.4,8,9.6,,,,,9.2,7.6,9.1,10.3,7.6,9.4,,,,,2283,3,0%
2,919,7012,117671,St Luke's School,,Crouch Hall Lane,Redbourn,,St Albans,AL3 7ET,01582626727,E14000749,Hitchin and Harpenden,0,0,FDS,Does not apply,NA,NA,MIXED,0,1,0,7-16,161,109,52,29,21,72%,8,28%,77.2,18,100%,0,0%,0,0%,16,55%,13,45%,2,7%,27,93%,0,0%,27,93%,,,,,,,NE,NE,NE,NE,NE,NE,NE,NE,NE,NE,NE,NE,NE,NE,NE,NE,NE,NE,NE,NE,NE,NE,NE,NE,NE,NE,NE,NE,NE,NE,NE,NE,NE,NE,NE,NE,NE,NE,NE,NE,NE,NE,NE,NE,NE,NE,SUPP,NE,NE,NE,,,,,,,NE,NE,NE,NE,NE,NE,NE,NE,NE,NE,NE,NE,NE,NE,NE,NE,NE,NE,NE,NE,NE,NE,NE,NE,NE,NE,NE,NE,NE,NE,NE,NE,NE,NE,NE,NE,NE,NE,NE,NE,NE,NE,NE,NE,NE,NE,NE,NE,NE,NE,NE,NE,NE,NE,NE,NE,NE,NE,NE,NE,NE,NE,NE,NE,NE,NE,NE,NE,NE,NE,NE,NE,NE,NE,NE,NE,NE,NE,NE,NE,NE,NE,NE,NE,NE,NE,NE,NE,NE,NE,NE,NE,NE,NE,NE,NE,NE,NE,NE,NE,NE,NE,NE,NE,NE,NE,NE,NE,NE,NE,NE,NE,NE,NE,NE,NE,NE,NE,NE,NE,NE,NE,NE,NE,NE,NE,NE,NE,NE,NE,NE,NE,NE,NE,NE,NE,NE,NE,NE,NE,NE,NE,NE,NE,SUPP,SUPP,SUPP,SUPP,SUPP,SUPP,SUPP,SUPP,SUPP,SUPP,SUPP,SUPP,SUPP,SUPP,SUPP,NE,NE,NE,NE,NE,NE,NE,SUPP,SUPP,SUPP,SUPP,SUPP,SUPP,SUPP,SUPP,NE,NE,NE,NE,NE,NE,NE,SUPP,SUPP,SUPP,SUPP,SUPP,SUPP,SUPP,SUPP,NE,NE,NE,NE,NE,NE,NE,NE,NE,NE,NE,NE,NE,NE,NE,,,,,,,,,,,,,,,,,,,,,,,,,,,,,,,NE,NE,NE,NE,NE,NE,NE,NE,NE,NE,NE,NE,NE,NE,NE,NE,NE,NE,NE,NE,NE,NE,NE,NE,NE,NE,NE,NE,NE,NE,NE,NE,NE,NE,NE,NE,NE,NE,NE,NE,NE,NE,NE,NE,NE,NE,NE,NE,NE,NE,NE,NE,NE,NE,NE,NE,NE,NE,NE,NE,NE,NE,NE,,,,,,,NE,NE,NE,NE,NE,NE,NE,NE,NE,SUPP,SUPP,SUPP,,,,,,,,,,,,,NE,,,NE,,,,,NE,NE,NE,NE,NE,NE,NE,NE,NE,NE,SUPP,NE,NE,NE,NE,NE,NE,NE,NE,NE,NE,NE,SUPP,NE,,,,,,,,,NE,NE,,,,,,,,,NE,NE,NE,NE,NE,NE,,,,,NE,NE,NE,NE,NE,NE,,,,,NE,NE,NE
1,919,6012,117606,St Margaret's School,,Merry Hill Road,,,Bushey,WD23 1DT,02084164400,E14000745,Hertsmere,0,0,IND,None,,NA,MIXED,0,0,1,2-18,531,58,473,52,1,2%,51,98%,NP,NP,NP,NP,NP,NP,NP,NP,NP,NP,NP,NP,NP,NP,NP,NP,NP,NP,NP,NA,NA,NA,NA,NA,NA,2629,50.6,294,5.7,612,11.8,926,17.8,797,15.3,797,15.3,0,0,2.4,2.2,NP,NP,NP,NP,NP,NP,NP,NP,NP,NP,NP,NP,NP,NP,NP,NP,NP,NP,NP,NP,NP,79%,73%,220.17,4.23,NP,NP,NP,NP,NP,NP,SUPP,SUPP,NP,,,,,,,0,0%,0%,0%,0,0%,45,87%,44,85%,29,56%,22,42%,0%,0%,87%,79%,98%,95%,97%,97%,91%,91%,NP,NP,NP,NP,NP,NP,NP,NP,NP,NP,NP,NP,NP,NP,NP,0,0,45,41,43,42,28,28,20,20,0,0%,0,0%,45,87%,44,100%,29,100%,20,91%,NP,NP,NP,NP,NP,NP,NP,NP,NP,NP,NP,NP,NP,NP,NP,NP,NP,NP,NP,NP,NP,NP,NP,NP,NP,NP,NP,NP,NP,NP,NP,NP,NP,NP,NP,NP,NP,NP,NP,NP,NP,NP,NP,NP,NP,NP,NP,NP,NP,NP,NP,NP,NP,NP,NP,NP,NP,NP,NP,NP,NP,NP,NP,NP,NP,NP,NP,NP,NP,NP,NP,NP,NP,NP,NP,NP,NP,NP,NP,NP,NP,NP,NP,NP,NP,NP,NP,NP,NP,NP,NP,NP,NP,NP,NP,NP,NP,NP,SUPP,SUPP,SUPP,SUPP,SUPP,SUPP,SUPP,NP,NP,NP,NP,NP,NP,NP,NP,SUPP,SUPP,SUPP,SUPP,SUPP,SUPP,SUPP,NP,NP,NP,NP,NP,NP,NP,NP,NP,NP,NP,NP,NP,NP,NP,NP,NP,NP,NP,NP,NP,NP,NP,,,,,,,,,,,,,,,,,,,,,,,,,,,,,,,NP,NP,NP,NP,NP,NP,NP,NP,NP,NP,NP,NP,NP,NP,NP,NP,NP,NP,NP,NP,NP,NP,NP,NP,NP,NP,NP,NP,NP,NP,NP,NP,NP,NP,NP,NP,NP,NP,NP,NP,NP,NP,NP,NP,NP,NP,NP,NP,NP,NP,NP,NP,NP,NP,NP,NP,NP,NP,NP,NP,NP,NP,NP,,,,,,,SUPP,SUPP,SUPP,SUPP,SUPP,SUPP,NP,NP,NP,NP,NP,NP,,,,,,,,,,,,,75%,,,87%,,,,,NP,NP,NP,NP,NP,NP,NP,NP,SUPP,SUPP,NP,NP,NP,NP,NP,NP,NP,NP,NP,NP,SUPP,SUPP,NP,NP,,,,,,,,,8%,54%,,,,,,,,,6.1,NP,NP,NP,NP,NP,,,,,6,NP,NP,NP,NP,NP,,,,,323,3,1%
1,919,5422,148499,St Mary's Catholic School,,Windhill,,,Bishop's Stortford,CM23 2NQ,01279654901,E14000744,Hertford and Stortford,0,0,ACC,Roman Catholic,NSE,OTHER NON SEL,MIXED,0,0,1,11-18,1151,575,576,183,105,57%,78,43%,106.5,23,13%,107,61%,44,25%,15,8%,168,92%,29,16%,154,84%,0,0%,179,98%,2,1%,13,7%,11,6%,10518.5,57.5,2207,12.1,1978,10.8,3123,17.1,3210.5,17.5,3210.5,17.5,0,0,3,3,174,1,95%,0.32,0.11,0.52,0.31,0.1,0.52,0.32,0.08,0.56,0.06,-0.17,0.29,0.37,0.13,0.62,0.41,0.17,0.65,87%,67%,967.32,5.29,4.02,5.4,4.13,4.91,6.93,5.62,5.42,5.19,5.29,,,,,,,131,72%,49%,36%,180,98%,183,100%,182,99%,180,98%,132,72%,96%,84%,89%,71%,83%,63%,84%,72%,73%,61%,173,95%,172,96%,128,97%,0.17,-0.05,0.39,0.43,0.16,0.7,-0.25,-0.58,0.09,176,154,163,130,151,114,151,130,96,81,127,69%,180,98%,182,99%,182,100%,180,100%,129,98%,45.4,15,0,-0.7,-1.41,0.02,-0.7,-1.42,0.03,58.6,159,1,0.41,0.19,0.63,0.41,0.18,0.63,9.3,-0.91,-1.73,-0.1,9.7,-0.25,-1.02,0.53,13.3,-0.64,-1.47,0.19,13.1,-0.9,-1.73,-0.08,12.3,0.43,0.18,0.68,10.9,0.09,-0.15,0.33,17.4,0.47,0.21,0.72,17.9,0.54,0.28,0.79,13.1,0,17.9,0,-7.4,-0.85,46.2,23,0,1.12,0.54,1.69,1.12,0.53,1.7,54.3,107,1,0.2,-0.07,0.47,0.19,-0.08,0.47,72.4,44,0,0.17,-0.24,0.59,0.17,-0.25,0.6,58.8,12,10.6,18.2,18,18,0,25,0,0.77,0.22,1.32,0.77,0.21,1.33,59.3,12.9,10.5,17.2,18.8,18.8,0,76,0,0.48,0.16,0.79,0.48,0.15,0.8,56.1,11.5,11,17,16.6,16.6,0,98,1,0.19,-0.09,0.47,0.18,-0.1,0.47,57.4,12.1,10.8,17.1,17.5,17.5,0,170,1,0.32,0.11,0.53,0.32,0.1,0.53,,,,,,,,,,,,,,,,,,,,,,,,,,,,,,,14,61%,26%,17%,71,66%,37%,23%,42,95%,91%,75%,40%,74%,13%,13%,52%,38%,0.7,0.12,0.01,-0.51,0.23,1.08,0.33,0.36,-1.18,0.59,0.99,-0.44,-0.36,-1.06,-0.21,0.23,-1.25,0.46,0,1.3,0.1,0.4,-0.16,0.45,-0.42,-0.27,-2.09,0.87,0.31,1.83,0.32,0.67,-0.01,0.89,-0.18,0.5,-2.62,0.14,-0.55,1.98,0.01,0.02,-0.89,0.23,-0.95,,,,,,,67%,43%,30%,78%,58%,44%,72%,49%,36%,93%,62%,48%,,,,,,,,,,,,,84%,,,100%,,,,,73%,88%,16,70%,93,87%,44,100%,86%,88%,79%,87%,40%,70%,9,39%,66,62%,42,95%,70%,63%,72%,67%,,,,,,,,,2%,16%,,,,,,,,,8.3,8,8.1,9.1,7.8,8.4,,,,,8.3,8,8.1,9.1,7.8,8.4,,,,,1523,3,0%
1,919,5423,138360,St Mary's Church of England High School (VA),,Lieutenant Ellis Way,Cheshunt,,Waltham Cross,EN7 5FB,01992629124,E14000606,Broxbourne,0,0,ACC,Church of England,NSE,OTHER NON SEL,MIXED,0,0,1,11-19,1167,587,580,208,111,53%,97,47%,102.5,62,31%,120,59%,21,10%,48,23%,160,77%,43,21%,165,79%,0,0%,202,97%,4,2%,40,19%,36,17%,9260.3,44.5,1956,9.4,1744,8.4,2578.5,12.4,2981.8,14.3,1471,7.1,1510.8,7.3,2.9,2.9,203,2,98%,-0.21,-0.41,-0.02,-0.22,-0.41,-0.02,-0.33,-0.56,-0.11,-0.27,-0.48,-0.06,-0.35,-0.58,-0.12,0.04,-0.19,0.26,61%,34%,786.21,3.78,3.29,3.93,2.53,4.11,5.56,4.3,4.2,3.41,3.8,,,,,,,88,42%,20%,12%,205,99%,208,100%,206,99%,194,93%,96,46%,76%,55%,66%,43%,53%,33%,54%,37%,76%,64%,201,98%,190,98%,92,96%,-0.68,-0.88,-0.48,-0.53,-0.78,-0.27,0.31,-0.09,0.71,159,115,138,89,109,67,105,71,73,61,86,41%,203,98%,207,100%,199,97%,191,98%,94,98%,39.4,46,1,-0.6,-1.01,-0.19,-0.61,-1.03,-0.2,46,157,1,-0.1,-0.32,0.12,-0.1,-0.32,0.12,8.4,-0.74,-1.21,-0.28,7.1,-0.77,-1.21,-0.32,10.8,-0.75,-1.23,-0.28,13.1,-0.29,-0.76,0.19,9.7,-0.22,-0.47,0.04,8.8,-0.13,-0.37,0.11,12.9,-0.23,-0.49,0.02,14.7,0.13,-0.13,0.38,5.7,7.5,7.5,7.2,-13.4,-0.75,32.1,62,0,-0.04,-0.39,0.31,-0.04,-0.4,0.31,47.9,120,2,-0.22,-0.47,0.03,-0.22,-0.48,0.03,62.2,21,0,-0.68,-1.28,-0.08,-0.68,-1.3,-0.07,46.8,9.3,9,14.5,14,7.6,6.4,40,0,0.2,-0.24,0.64,0.2,-0.25,0.65,49.2,10.5,8.6,14,16.1,8.6,7.6,94,1,0.09,-0.2,0.37,0.08,-0.21,0.37,40.4,8.4,8.2,11,12.8,5.7,7,109,1,-0.47,-0.74,-0.21,-0.47,-0.74,-0.2,44.8,9.4,8.4,12.4,14.4,7.1,7.4,199,2,-0.2,-0.39,0,-0.2,-0.4,0,,,,,,,,,,,,,,,,,,,,,,,,,,,,,,,13,21%,0%,0%,58,48%,28%,15%,14,67%,38%,24%,38%,44%,13%,6%,23%,13%,-0.69,-0.6,-1.08,-1.14,-0.54,-0.23,-0.62,-0.84,-0.75,-0.47,1.27,0.48,-1.31,0.04,0.38,-0.72,-1.57,-0.31,-0.77,-0.32,-1.06,-0.34,-0.87,-0.46,-1.71,-0.19,-1.3,-0.18,-0.76,0.24,-0.71,-0.29,-0.95,-0.05,-1.63,0.91,-0.84,0.83,-0.06,2.26,0.28,0.96,-0.01,-0.32,-2.3,,,,,,,36%,16%,8%,49%,25%,15%,42%,21%,12%,70%,26%,19%,,,,,,,,,,,,,59%,,,100%,,,,,44%,66%,16,26%,87,73%,20,95%,55%,67%,63%,61%,27%,36%,5,8%,48,40%,16,76%,27%,42%,42%,34%,,,,,,,,,5%,17%,,,,,,,,,9.2,8.7,9.2,10.6,9,9.3,,,,,7.2,6.5,7.2,9,7,7.3,,,,,1930,7,0%
1,919,5417,137922,Saint Michael's Catholic High School,,High Elms Lane,Garston,,Watford,WD25 0SS,01923673760,E14001021,Watford,0,0,ACC,Roman Catholic,NSE,OTHER NON SEL,MIXED,0,0,1,11-18,1123,580,543,179,93,52%,86,48%,105.8,24,14%,99,58%,48,28%,22,12%,157,88%,11,6%,168,94%,0,0%,176,98%,2,1%,19,11%,17,9%,10131,56.6,2133,11.9,1836,10.3,3005,16.8,3157,17.6,2788,15.6,369,2.1,2.9,2.9,171,1,96%,0.32,0.11,0.53,0.32,0.1,0.53,0.36,0.12,0.6,-0.13,-0.36,0.1,0.36,0.11,0.6,0.55,0.3,0.79,82%,56%,856.65,4.79,3.26,5,2.76,4.62,6.09,5.3,4.84,4.74,4.77,,,,,,,42,23%,18%,12%,176,98%,177,99%,174,97%,157,88%,60,34%,92%,77%,84%,61%,82%,63%,83%,73%,88%,83%,166,95%,151,96%,53,88%,0.16,-0.07,0.38,0.52,0.24,0.81,0.9,0.37,1.42,164,138,150,109,142,109,131,115,53,50,40,22%,176,98%,177,99%,174,100%,157,100%,58,97%,40.3,21,1,-0.56,-1.17,0.04,-0.58,-1.19,0.04,58.9,150,0,0.44,0.22,0.67,0.44,0.21,0.67,8.8,-0.55,-1.24,0.13,7.1,-0.85,-1.51,-0.2,11.1,-0.71,-1.41,-0.01,13.3,-0.27,-0.97,0.42,12.4,0.49,0.23,0.75,10.7,-0.03,-0.27,0.22,17.6,0.51,0.25,0.77,18.3,0.66,0.4,0.93,9.8,3.5,16.4,1.9,-12.5,-0.71,34.9,24,0,0.25,-0.32,0.81,0.25,-0.33,0.82,55.5,99,1,0.37,0.1,0.65,0.37,0.09,0.66,69.9,48,0,0.24,-0.16,0.64,0.24,-0.17,0.65,59.2,10.9,11.5,19.4,17.5,14.5,3,SUPP,SUPP,SUPP,SUPP,SUPP,SUPP,SUPP,SUPP,57.6,12.5,10,16.9,18.3,17.2,1.1,82,1,0.38,0.08,0.69,0.38,0.07,0.69,55.7,11.4,10.5,16.7,17,14.1,2.9,89,0,0.26,-0.03,0.55,0.26,-0.04,0.56,56.6,12,10.2,16.7,17.7,15.6,2.1,171,1,0.32,0.11,0.53,0.32,0.1,0.53,,,,,,,,,,,,,,,,,,,,,,,,,,,,,,,3,13%,4%,0%,20,20%,14%,8%,14,29%,29%,25%,18%,24%,9%,0%,19%,13%,0.1,0.21,0.07,-0.48,0.24,0.2,0.72,0.27,-0.2,0.62,SUPP,0.7,1.23,SUPP,0.96,0.18,-1.14,0.48,0,0.7,-0.5,0.51,-0.08,0.49,-0.35,0.63,-1.03,0.93,0.32,0.95,-0.55,1.1,0.34,0.82,-0.28,SUPP,SUPP,1.5,0.42,SUPP,SUPP,1.44,-0.03,2.05,0.41,,,,,,,20%,15%,11%,27%,21%,13%,22%,17%,12%,55%,27%,9%,,,,,,,,,,,,,80%,,,100%,,,,,55%,85%,6,25%,85,86%,48,100%,86%,77%,91%,82%,9%,62%,1,4%,55,56%,40,83%,55%,57%,55%,56%,,,,,,,,,3%,13%,,,,,,,,,8,7.7,7.9,8.3,7.4,8.1,,,,,7.6,6.9,7.5,8,6.6,7.7,,,,,1447,4,0%
1,919,4003,138582,Samuel Ryder Academy,,Drakes Drive,,,St Albans,AL1 5AR,01727859382,E14000960,St Albans,0,0,AC,None,NSE,OTHER NON SEL,MIXED,0,1,1,4-19,1460,772,688,166,90,54%,76,46%,103.7,44,28%,76,48%,39,25%,37,22%,129,78%,37,22%,129,78%,0,0%,166,100%,4,2%,39,23%,35,21%,8743.8,52.7,1814,10.9,1742,10.5,2504,15.1,2683.8,16.2,2521.5,15.2,162.3,1,2.9,2.9,159,0,96%,0.29,0.07,0.51,0.29,0.07,0.51,0.18,-0.07,0.43,0.43,0.19,0.67,0.2,-0.06,0.45,0.37,0.11,0.62,76%,60%,751.83,4.53,2.82,5.02,2.77,4.47,6.68,4.54,4.77,4.33,4.53,,,,,,,54,33%,25%,19%,161,97%,165,99%,161,97%,135,81%,68,41%,83%,70%,82%,67%,76%,54%,68%,61%,87%,72%,155,96%,130,96%,64,94%,0.18,-0.05,0.41,0.14,-0.17,0.45,0.4,-0.08,0.88,138,117,136,112,122,87,92,82,59,49,54,33%,161,97%,164,99%,161,100%,134,99%,68,100%,36,36,0,-0.24,-0.7,0.22,-0.24,-0.71,0.23,57.4,123,0,0.45,0.2,0.69,0.45,0.19,0.7,7.8,-0.38,-0.91,0.15,7.4,0.11,-0.39,0.61,9.4,-0.47,-1,0.07,11.5,-0.14,-0.67,0.39,11.8,0.34,0.06,0.63,11.4,0.53,0.26,0.8,16.7,0.39,0.1,0.68,17.5,0.51,0.23,0.8,10.1,1.5,16.7,0.8,-16.8,-0.39,34.5,44,0,0.31,-0.11,0.72,0.31,-0.12,0.73,52.7,76,0,0.24,-0.08,0.56,0.24,-0.08,0.56,74.2,39,0,0.37,-0.07,0.81,0.37,-0.08,0.82,53.4,11.1,10.3,15.5,16.4,15,1.5,35,0,0.87,0.41,1.34,0.87,0.4,1.35,54.8,11.7,10.6,15.3,17.2,15.7,1.5,73,0,0.28,-0.04,0.61,0.28,-0.04,0.61,50.9,10.3,10.4,14.9,15.3,14.7,0.5,86,0,0.3,0,0.59,0.3,-0.01,0.6,52.7,10.9,10.5,15.1,16.2,15.2,1,159,0,0.29,0.07,0.51,0.29,0.07,0.51,,,,,,,,,,,,,,,,,,,,,,,,,,,,,,,9,20%,5%,0%,20,26%,20%,14%,21,54%,54%,51%,8%,40%,3%,0%,31%,25%,0.29,0.09,0.25,-0.33,0.32,0.2,0.12,0.11,-0.51,0.29,0.61,0.5,0.2,0.13,0.44,0.17,-0.83,0.58,0.06,0.74,-0.17,0.42,-0.24,0.71,-0.21,0.19,-1.22,0.64,-0.05,0.8,-0.41,0.57,-0.34,0.71,-0.48,1.48,-1.23,0.95,-0.07,1.82,-0.6,1.2,-0.2,0.98,-0.58,,,,,,,22%,19%,13%,45%,32%,26%,33%,25%,19%,30%,14%,8%,,,,,,,,,,,,,73%,,,99%,,,,,51%,83%,16,36%,67,88%,39,100%,76%,76%,78%,76%,32%,68%,10,23%,49,64%,38,97%,57%,64%,62%,60%,,,,,,,,,5%,16%,,,,,,,,,8.1,7.4,8.1,8.9,7.2,8.4,,,,,7.9,7.2,7.9,8.8,6.8,8.2,,,,,1355,1,0%
1,919,4197,136609,Sandringham School,,The Ridgeway,,,St Albans,AL4 9NX,01727799560,E14000960,St Albans,0,0,ACC,Does not apply,NSE,OTHER NON SEL,MIXED,0,0,1,11-18,1673,910,763,235,146,62%,89,38%,107.5,25,11%,119,53%,81,36%,27,11%,208,89%,21,9%,212,90%,2,1%,235,100%,2,1%,76,32%,74,31%,15177.8,64.6,2998,12.8,3050,13,4522,19.2,4607.8,19.6,3798.5,16.2,809.3,3.4,2.9,3,225,3,96%,0.82,0.64,1.01,0.8,0.61,0.99,0.45,0.24,0.66,0.94,0.74,1.14,0.85,0.64,1.07,0.88,0.67,1.09,92%,77%,1363.64,5.8,3.94,6.04,3.47,5.62,6.89,6.1,5.9,5.74,5.8,,,,,,,130,55%,48%,41%,233,99%,233,99%,231,98%,160,68%,183,78%,95%,86%,94%,80%,93%,80%,94%,89%,87%,74%,221,96%,153,96%,178,97%,0.86,0.66,1.05,1.45,1.16,1.73,0.42,0.14,0.71,224,202,220,189,214,184,150,143,159,135,128,54%,233,99%,233,99%,228,99%,160,100%,182,99%,48.5,25,0,-0.17,-0.73,0.38,-0.17,-0.74,0.39,66.7,200,3,0.95,0.75,1.14,0.92,0.72,1.12,10.4,-0.1,-0.74,0.53,9.9,0.03,-0.57,0.63,13.3,-0.47,-1.11,0.17,15,-0.06,-0.7,0.58,13.1,0.52,0.3,0.75,13.4,1.05,0.84,1.27,20,1.02,0.79,1.25,20.2,1,0.77,1.22,10.8,4.2,16.9,3.3,-4.3,-0.32,42.4,25,0,0.87,0.32,1.42,0.87,0.3,1.43,62.9,119,0,1.05,0.8,1.31,1.05,0.8,1.31,74.7,81,3,0.47,0.16,0.78,0.4,0.09,0.72,67.1,13,13.5,20.7,19.9,15.7,4.2,18,0,1.12,0.47,1.78,1.12,0.46,1.79,65.2,13.3,12.5,19.1,20.4,17.4,3,84,3,0.87,0.57,1.17,0.81,0.5,1.11,64.2,12.5,13.3,19.4,19.1,15.4,3.7,141,0,0.79,0.56,1.03,0.79,0.56,1.03,64.6,12.8,13,19.2,19.6,16.2,3.4,225,3,0.82,0.64,1.01,0.8,0.61,0.99,,,,,,,,,,,,,,,,,,,,,,,,,,,,,,,6,24%,12%,8%,69,58%,49%,38%,52,64%,62%,59%,26%,59%,11%,11%,53%,45%,0.69,1.04,0.63,-0.27,1,1.17,1.95,0.81,-0.28,1.62,0.18,0.51,0.35,-1.37,0.56,0.31,-0.86,1.2,0.79,1.27,0.12,1.31,0.78,0.96,0.3,0.66,-1.22,1.92,1.32,2.09,0.26,2.34,1.55,1.28,0.35,-0.31,-2.43,0.86,0.26,1.28,-0.93,0.9,0.11,0.8,-0.1,,,,,,,52%,45%,37%,61%,53%,47%,55%,48%,41%,52%,48%,43%,,,,,,,,,,,,,91%,,,100%,,,,,70%,95%,15,60%,115,97%,78,96%,95%,89%,95%,92%,44%,81%,3,12%,95,80%,76,94%,75%,79%,81%,77%,,,,,,,,,10%,46%,,,,,,,,,8.9,8,8.7,9.5,8,9.1,,,,,8.3,7,8,9,6.9,8.4,,,,,2100,4,0%
1,919,4117,138484,The Sele School,,Welwyn Road,,,Hertford,SG14 2DG,01992581455,E14000744,Hertford and Stortford,0,0,ACC,Does not apply,NSE,OTHER NON SEL,MIXED,0,0,1,11-18,427,200,227,70,39,56%,31,44%,100.5,27,43%,27,43%,9,14%,11,16%,59,84%,8,11%,62,89%,0,0%,69,99%,0,0%,6,9%,6,9%,2628.5,37.6,670,9.6,534,7.6,691,9.9,733.5,10.5,599,8.6,134.5,1.9,2.6,2.5,63,0,90%,-0.74,-1.09,-0.39,-0.74,-1.1,-0.39,-0.11,-0.51,0.29,-0.49,-0.87,-0.12,-0.99,-1.39,-0.59,-1.08,-1.48,-0.67,56%,36%,200.47,2.86,2.29,2.97,1.91,3.21,4.19,3.65,2.77,2.94,2.87,,,,,,,27,39%,0%,0%,68,97%,69,99%,69,99%,65,93%,27,39%,79%,59%,57%,41%,48%,23%,15%,11%,0%,0%,62,90%,58,89%,23,85%,-0.72,-1.09,-0.36,-2.91,-3.37,-2.45,-4.82,-5.62,-4.02,55,41,40,29,33,16,10,7,0,0,0,0%,68,97%,68,97%,68,99%,26,40%,0,0%,29.3,11,0,-0.85,-1.68,-0.02,-0.85,-1.7,0,39.1,52,0,-0.72,-1.1,-0.34,-0.72,-1.11,-0.33,8.2,-0.1,-1.06,0.85,5.3,-0.83,-1.73,0.08,7.5,-1.07,-2.04,-0.1,8.4,-1.14,-2.1,-0.17,9.8,-0.11,-0.55,0.33,8.1,-0.42,-0.84,-0.01,10.3,-0.97,-1.42,-0.53,10.9,-1.06,-1.51,-0.62,6.9,1.5,8.9,2,-23.5,-1,24.1,27,0,-0.65,-1.18,-0.12,-0.65,-1.19,-0.11,43.1,27,0,-0.75,-1.29,-0.22,-0.75,-1.3,-0.21,55,9,0,-0.98,-1.9,-0.06,-0.98,-1.92,-0.04,43,10.3,9.8,11.9,11.1,10.1,1,SUPP,SUPP,SUPP,SUPP,SUPP,SUPP,SUPP,SUPP,37.1,9.7,7,9.5,11,8.9,2.1,28,0,-0.76,-1.28,-0.23,-0.76,-1.29,-0.22,37.9,9.5,8.2,10.2,10.1,8.3,1.7,35,0,-0.73,-1.2,-0.26,-0.73,-1.21,-0.25,37.7,9.6,7.6,9.9,10.5,8.6,1.9,62,0,-0.73,-1.08,-0.38,-0.73,-1.09,-0.38,,,,,,,,,,,,,,,,,,,,,,,,,,,,,,,3,11%,0%,0%,14,52%,0%,0%,6,67%,0%,0%,18%,42%,0%,0%,0%,0%,-0.52,-0.74,-1.27,-0.96,-0.67,-1.74,-3.74,-3.71,-2.09,-3.06,SUPP,-4.67,-5.65,SUPP,-4.83,-0.09,-1.83,-0.27,-1.07,0.05,-1.08,-0.18,-1.29,-0.31,-2.23,-0.91,-3.26,-2.56,-3.56,-1.02,-2.46,-3.05,-4.43,-2.47,-4.96,SUPP,SUPP,-3.99,-5.66,SUPP,SUPP,-3.65,-5.69,-4.09,-7.21,,,,,,,33%,0%,0%,45%,0%,0%,39%,0%,0%,50%,0%,0%,,,,,,,,,,,,,46%,,,99%,,,,,36%,59%,4,15%,21,78%,9,100%,64%,45%,75%,55%,27%,37%,0,0%,16,59%,7,78%,38%,32%,50%,36%,,,,,,,,,0%,34%,,,,,,,,,8.8,7.6,9.4,9.9,7.9,9,,,,,8.1,6.9,8.8,9.3,7.5,8.3,,,,,617,159,26%
1,919,6047,117622,Sherrardswood School,,Lockleys,,,Welwyn,AL6 0BJ,01438714282,E14001027,Welwyn Hatfield,0,0,IND,Unknown,,NA,MIXED,0,0,1,3-19,488,273,215,55,23,42%,32,58%,NP,NP,NP,NP,NP,NP,NP,NP,NP,NP,NP,NP,NP,NP,NP,NP,NP,NP,NP,NA,NA,NA,NA,NA,NA,3036,55.2,622,11.3,580,10.5,926.5,16.8,907.5,16.5,907.5,16.5,0,0,2.9,2.8,NP,NP,NP,NP,NP,NP,NP,NP,NP,NP,NP,NP,NP,NP,NP,NP,NP,NP,NP,NP,NP,84%,60%,265.99,4.84,NP,NP,NP,NP,NP,NP,5.14,4.41,NP,,,,,,,28,51%,36%,24%,46,84%,55,100%,53,96%,44,80%,31,56%,84%,76%,84%,64%,85%,64%,91%,77%,84%,77%,NP,NP,NP,NP,NP,NP,NP,NP,NP,NP,NP,NP,NP,NP,NP,46,42,46,35,45,34,40,34,26,24,26,47%,46,84%,55,100%,53,100%,44,100%,29,94%,NP,NP,NP,NP,NP,NP,NP,NP,NP,NP,NP,NP,NP,NP,NP,NP,NP,NP,NP,NP,NP,NP,NP,NP,NP,NP,NP,NP,NP,NP,NP,NP,NP,NP,NP,NP,NP,NP,NP,NP,NP,NP,NP,NP,NP,NP,NP,NP,NP,NP,NP,NP,NP,NP,NP,NP,NP,NP,NP,NP,NP,NP,NP,NP,NP,NP,NP,NP,NP,NP,NP,NP,NP,NP,NP,NP,NP,NP,NP,NP,NP,NP,NP,NP,NP,NP,NP,NP,NP,NP,NP,NP,NP,NP,NP,NP,NP,NP,57.9,12.1,10.8,17.4,17.6,17.6,0,NP,NP,NP,NP,NP,NP,NP,NP,51.4,10.2,10.2,16.1,14.9,14.9,0,NP,NP,NP,NP,NP,NP,NP,NP,NP,NP,NP,NP,NP,NP,NP,NP,NP,NP,NP,NP,NP,NP,NP,,,,,,,,,,,,,,,,,,,,,,,,,,,,,,,NP,NP,NP,NP,NP,NP,NP,NP,NP,NP,NP,NP,NP,NP,NP,NP,NP,NP,NP,NP,NP,NP,NP,NP,NP,NP,NP,NP,NP,NP,NP,NP,NP,NP,NP,NP,NP,NP,NP,NP,NP,NP,NP,NP,NP,NP,NP,NP,NP,NP,NP,NP,NP,NP,NP,NP,NP,NP,NP,NP,NP,NP,NP,,,,,,,43%,30%,13%,56%,41%,31%,NP,NP,NP,NP,NP,NP,,,,,,,,,,,,,80%,,,100%,,,,,NP,NP,NP,NP,NP,NP,NP,NP,87%,81%,NP,NP,NP,NP,NP,NP,NP,NP,NP,NP,48%,69%,NP,NP,,,,,,,,,4%,82%,,,,,,,,,9.1,NP,NP,NP,NP,NP,,,,,9.1,NP,NP,NP,NP,NP,,,,,500,2,0%
1,919,4067,140294,Simon Balle All-Through School,,Mangrove Road,,,Hertford,SG13 8AJ,01992410400,E14000744,Hertford and Stortford,0,0,ACC,Does not apply,NSE,OTHER NON SEL,MIXED,0,1,1,4-18,1587,818,769,177,93,53%,84,47%,104.7,37,21%,94,54%,44,25%,25,14%,152,86%,6,3%,170,96%,1,1%,176,99%,3,2%,19,11%,16,9%,9651.5,54.5,1954,11,1930,10.9,2857.5,16.1,2910,16.4,2518.5,14.2,391.5,2.2,2.9,2.9,175,0,99%,0.27,0.06,0.48,0.27,0.06,0.48,0.02,-0.22,0.26,0.42,0.19,0.64,0.34,0.1,0.59,0.26,0.02,0.5,80%,63%,835.04,4.72,3.33,4.95,2.51,4.65,6.69,6.5,4.95,4.51,4.73,,,,,,,50,28%,24%,19%,175,99%,176,99%,174,98%,159,90%,53,30%,88%,73%,85%,68%,76%,60%,77%,67%,87%,85%,172,99%,157,99%,52,98%,0.25,0.03,0.47,0.35,0.07,0.63,0.5,-0.03,1.03,155,130,150,120,132,105,123,107,46,45,48,27%,174,98%,173,98%,172,99%,157,99%,51,96%,40.8,25,0,-0.69,-1.24,-0.14,-0.69,-1.25,-0.12,56.8,150,0,0.43,0.2,0.65,0.43,0.2,0.66,8.6,-0.8,-1.43,-0.17,8,-0.58,-1.18,0.02,11.8,-0.66,-1.3,-0.01,12.4,-0.72,-1.35,-0.08,11.4,0.16,-0.1,0.41,11.4,0.58,0.34,0.83,16.9,0.51,0.25,0.77,17.1,0.43,0.17,0.69,10.2,2.2,14.9,2.2,-12,-0.84,31.7,37,0,0.07,-0.38,0.53,0.07,-0.39,0.54,54.8,94,0,0.36,0.08,0.65,0.36,0.07,0.65,73.2,44,0,0.23,-0.19,0.65,0.23,-0.19,0.65,69.4,13.3,14.7,22.2,19.3,18.3,0.9,6,0,1.13,0,2.26,1.13,-0.02,2.28,55.9,11.5,10.7,16.6,17.1,13.9,3.2,83,0,0.35,0.05,0.66,0.35,0.04,0.66,53.3,10.7,11.1,15.7,15.9,14.5,1.3,92,0,0.19,-0.1,0.48,0.19,-0.1,0.49,54.6,11.1,10.9,16.2,16.5,14.2,2.2,174,0,0.27,0.06,0.48,0.27,0.06,0.49,,,,,,,,,,,,,,,,,,,,,,,,,,,,,,,3,8%,3%,3%,22,23%,19%,12%,24,55%,50%,45%,12%,31%,4%,4%,27%,21%,0.01,0.31,0.31,-0.58,0.38,-0.12,0.53,0.3,-1.02,0.55,SUPP,0.56,0.46,SUPP,0.56,0.01,-1.16,0.62,0.14,0.49,-0.47,0.61,0.01,0.75,-0.12,-0.24,-1.81,0.85,0.25,0.53,-0.76,0.91,0.15,0.86,-0.26,SUPP,SUPP,1.12,0,SUPP,SUPP,1.34,-0.22,1.23,-0.3,,,,,,,18%,15%,12%,39%,33%,26%,28%,24%,19%,67%,50%,50%,,,,,,,,,,,,,77%,,,99%,,,,,56%,84%,11,30%,86,91%,44,100%,80%,81%,100%,80%,32%,68%,4,11%,65,69%,42,95%,61%,65%,83%,64%,,,,,,,,,2%,49%,,,,,,,,,8.5,7.9,8.5,9.1,8.2,8.6,,,,,7.9,6.8,7.9,8.7,7.6,7.9,,,,,1525,15,1%
1,919,4028,137270,Sir John Lawes School,,Manland Way,,,Harpenden,AL5 4QP,01582760043,E14000749,Hitchin and Harpenden,0,0,ACC,None,NSE,OTHER NON SEL,MIXED,0,0,1,11-18,1335,711,624,195,107,55%,88,45%,106.5,35,18%,78,40%,80,41%,22,11%,173,89%,16,8%,179,92%,0,0%,194,99%,3,2%,32,16%,29,15%,12345,63.3,2562,13.1,2286,11.7,3726.5,19.1,3770.5,19.3,3762,19.3,8.5,0,3,3,193,1,99%,0.77,0.57,0.97,0.76,0.56,0.97,0.75,0.52,0.98,0.4,0.18,0.61,0.9,0.67,1.13,0.88,0.65,1.11,83%,70%,1116.64,5.73,3.77,5.97,2.89,5.31,7.39,5.51,5.99,5.51,5.72,,,,,,,94,48%,42%,41%,194,99%,194,99%,194,99%,174,89%,108,55%,93%,88%,83%,73%,82%,74%,86%,77%,91%,87%,192,99%,172,99%,107,99%,0.76,0.55,0.97,0.94,0.67,1.21,0.96,0.59,1.33,182,172,162,142,160,143,150,134,98,94,94,48%,194,99%,194,99%,194,100%,174,100%,108,100%,44.6,22,0,0.45,-0.14,1.03,0.45,-0.15,1.05,65.7,171,1,0.81,0.6,1.02,0.8,0.59,1.02,10.4,0.77,0.1,1.45,7.5,-0.01,-0.65,0.63,12.6,0.42,-0.26,1.1,14.1,0.55,-0.13,1.24,13.5,0.75,0.5,0.99,12.3,0.45,0.22,0.68,19.9,0.96,0.72,1.21,20,0.92,0.68,1.17,14.1,0,19.9,0,-8.2,0.3,36,35,0,0.44,-0.03,0.9,0.44,-0.04,0.91,60.5,78,1,0.93,0.61,1.24,0.91,0.59,1.23,78.2,80,0,0.76,0.45,1.07,0.76,0.45,1.08,60.4,12.6,11.4,17.8,18.6,18.6,0,16,0,0.46,-0.23,1.15,0.46,-0.24,1.17,66.2,14,11.5,19.7,21,20.9,0.1,88,0,0.95,0.65,1.24,0.95,0.65,1.25,60.9,12.4,11.9,18.6,18,18,0,105,1,0.62,0.35,0.89,0.61,0.33,0.88,63.3,13.2,11.7,19.1,19.3,19.3,0,193,1,0.77,0.57,0.97,0.76,0.56,0.97,,,,,,,,,,,,,,,,,,,,,,,,,,,,,,,5,14%,3%,3%,32,41%,31%,28%,56,70%,69%,69%,32%,50%,14%,14%,45%,44%,0.12,0.94,0.87,0.23,0.83,0.5,1.22,0.84,0.29,1.02,-0.18,0.93,1.12,0.51,0.99,0.85,-0.38,1.05,0.61,0.61,-0.36,1.27,0.61,1.19,0.55,1.1,-0.52,1.31,0.74,1.16,-0.15,1.64,0.8,1.25,0.42,1.87,-0.84,1.38,0.61,1.17,-1.54,1.57,0.29,1.6,0.64,,,,,,,42%,37%,36%,56%,47%,45%,48%,41%,40%,56%,44%,44%,,,,,,,,,,,,,82%,,,99%,,,,,45%,88%,9,26%,71,91%,80,100%,86%,80%,81%,83%,32%,75%,2,6%,55,71%,79,99%,67%,74%,75%,70%,,,,,,,,,8%,53%,,,,,,,,,9,7.8,8.6,9.9,8.1,9.1,,,,,9,7.8,8.6,9.9,8.1,9.1,,,,,1755,4,0%
1,919,4014,137847,Stanborough School,,Lemsford Lane,,,Welwyn Garden City,AL8 6YR,01707321755,E14001027,Welwyn Hatfield,0,0,ACC,Does not apply,NSE,OTHER NON SEL,MIXED,0,0,1,11-18,1103,599,504,182,112,62%,70,38%,103.1,49,28%,81,47%,42,24%,41,23%,141,77%,33,18%,149,82%,0,0%,180,99%,4,2%,27,15%,23,13%,9135.8,50.2,1870,10.3,1800,9.9,2762.5,15.2,2703.3,14.9,2339.5,12.9,363.8,2,3,2.9,172,0,95%,0.24,0.02,0.45,0.24,0.02,0.45,0.01,-0.23,0.25,0.34,0.12,0.57,0.45,0.2,0.69,0.1,-0.14,0.34,73%,51%,869.51,4.78,3.61,5.12,3.23,4.65,7.1,5.21,4.72,4.81,4.79,,,,,,,169,93%,50%,34%,177,97%,181,99%,179,98%,179,98%,170,93%,83%,67%,77%,58%,74%,54%,69%,59%,56%,46%,169,94%,170,95%,162,95%,0.27,0.04,0.49,0.29,0.02,0.56,-0.48,-0.78,-0.18,151,122,140,105,132,97,124,106,96,79,163,90%,177,97%,181,99%,179,100%,174,97%,169,99%,38.1,39,0,-0.35,-0.8,0.09,-0.35,-0.8,0.1,53.7,133,0,0.41,0.17,0.65,0.41,0.16,0.65,8.2,-0.45,-0.96,0.05,7.5,-0.14,-0.62,0.34,11.5,-0.11,-0.62,0.41,10.9,-0.68,-1.19,-0.17,10.9,0.15,-0.12,0.42,10.6,0.49,0.22,0.75,16.2,0.61,0.33,0.89,16,0.33,0.05,0.61,9.1,1.8,13.9,2.1,-14.7,-0.5,35.1,49,0,0.4,0.01,0.8,0.4,0,0.8,49.3,81,0,0.08,-0.23,0.38,0.08,-0.23,0.39,72.2,42,0,0.34,-0.08,0.77,0.34,-0.09,0.78,52.8,10.3,10.7,16.9,14.9,13.6,1.3,27,0,0.75,0.22,1.28,0.75,0.21,1.29,50.4,10.6,9.1,14.8,15.9,12,3.9,65,0,0.51,0.17,0.85,0.51,0.16,0.86,50.1,10.1,10.4,15.4,14.2,13.4,0.8,107,0,0.07,-0.2,0.33,0.07,-0.21,0.34,50.3,10.3,9.9,15.2,14.8,12.9,2,171,0,0.23,0.01,0.44,0.23,0.01,0.44,,,,,,,,,,,,,,,,,,,,,,,,,,,,,,,44,90%,14%,10%,76,94%,51%,22%,42,100%,95%,88%,88%,94%,20%,12%,59%,40%,0.49,0.04,0.43,0,0.34,0.25,0.19,0.52,-0.45,0.5,-1.05,-0.41,-0.01,-1.43,-0.22,0.48,-0.47,0.59,0.09,0.9,0.07,0.37,-0.28,0.87,-0.02,0.13,-1.03,0.8,0.19,0.76,-0.26,0.59,-0.2,1.06,-0.03,-0.77,-2.09,0.11,-0.56,-0.47,-1.62,0.03,-0.84,0.58,-0.6,,,,,,,94%,48%,33%,91%,53%,36%,93%,51%,34%,91%,55%,39%,,,,,,,,,,,,,69%,,,99%,,,,,49%,80%,18,37%,70,86%,42,100%,74%,71%,73%,74%,20%,60%,8,16%,42,52%,41,98%,54%,47%,52%,52%,,,,,,,,,2%,14%,,,,,,,,,8,7.8,8,8.4,7.7,8.1,,,,,7.5,7.1,7.5,8.3,7.1,7.7,,,,,1456,0,0%
1,919,6154,117640,Stanborough Secondary School,,Stanborough Park,,,Watford,WD25 9JT,01923673268,E14001021,Watford,0,0,IND,Seventh Day Adventist,,NA,MIXED,0,0,0,11-18,55,29,26,11,7,64%,4,36%,NP,NP,NP,NP,NP,NP,NP,NP,NP,NP,NP,NP,NP,NP,NP,NP,NP,NP,NP,NA,NA,NA,NA,NA,NA,586,53.3,114,10.4,122,11.1,179,16.3,171,15.5,171,15.5,0,0,2.9,3,NP,NP,NP,NP,NP,NP,NP,NP,NP,NP,NP,NP,NP,NP,NP,NP,NP,NP,NP,NP,NP,91%,82%,53.67,4.88,NP,NP,NP,NP,NP,NP,SUPP,SUPP,NP,,,,,,,9,82%,45%,45%,11,100%,11,100%,11,100%,11,100%,9,82%,91%,82%,100%,91%,91%,64%,91%,73%,56%,56%,NP,NP,NP,NP,NP,NP,NP,NP,NP,NP,NP,NP,NP,NP,NP,10,9,11,10,10,7,10,8,5,5,6,55%,11,100%,11,100%,10,91%,11,100%,6,67%,NP,NP,NP,NP,NP,NP,NP,NP,NP,NP,NP,NP,NP,NP,NP,NP,NP,NP,NP,NP,NP,NP,NP,NP,NP,NP,NP,NP,NP,NP,NP,NP,NP,NP,NP,NP,NP,NP,NP,NP,NP,NP,NP,NP,NP,NP,NP,NP,NP,NP,NP,NP,NP,NP,NP,NP,NP,NP,NP,NP,NP,NP,NP,NP,NP,NP,NP,NP,NP,NP,NP,NP,NP,NP,NP,NP,NP,NP,NP,NP,NP,NP,NP,NP,NP,NP,NP,NP,NP,NP,NP,NP,NP,NP,NP,NP,NP,NP,SUPP,SUPP,SUPP,SUPP,SUPP,SUPP,SUPP,NP,NP,NP,NP,NP,NP,NP,NP,SUPP,SUPP,SUPP,SUPP,SUPP,SUPP,SUPP,NP,NP,NP,NP,NP,NP,NP,NP,NP,NP,NP,NP,NP,NP,NP,NP,NP,NP,NP,NP,NP,NP,NP,,,,,,,,,,,,,,,,,,,,,,,,,,,,,,,NP,NP,NP,NP,NP,NP,NP,NP,NP,NP,NP,NP,NP,NP,NP,NP,NP,NP,NP,NP,NP,NP,NP,NP,NP,NP,NP,NP,NP,NP,NP,NP,NP,NP,NP,NP,NP,NP,NP,NP,NP,NP,NP,NP,NP,NP,NP,NP,NP,NP,NP,NP,NP,NP,NP,NP,NP,NP,NP,NP,NP,NP,NP,,,,,,,SUPP,SUPP,SUPP,SUPP,SUPP,SUPP,NP,NP,NP,NP,NP,NP,,,,,,,,,,,,,91%,,,100%,,,,,NP,NP,NP,NP,NP,NP,NP,NP,SUPP,SUPP,NP,NP,NP,NP,NP,NP,NP,NP,NP,NP,SUPP,SUPP,NP,NP,,,,,,,,,0%,91%,,,,,,,,,10.3,NP,NP,NP,NP,NP,,,,,10.3,NP,NP,NP,NP,NP,,,,,113,0,0%
1,919,4017,140037,The Thomas Alleyne Academy,,High Street,,,Stevenage,SG1 3BE,01438344344,E14000968,Stevenage,0,0,AC,Does not apply,NSE,OTHER NON SEL,MIXED,0,0,1,11-18,947,477,470,168,84,50%,84,50%,103.5,42,26%,90,56%,29,18%,47,28%,121,72%,11,7%,153,91%,4,2%,160,95%,7,4%,24,14%,17,10%,7918.8,47.1,1632,9.7,1618,9.6,2380,14.2,2288.8,13.6,1601,9.5,687.8,4.1,2.8,2.8,161,1,96%,-0.2,-0.41,0.02,-0.2,-0.42,0.03,-0.41,-0.66,-0.16,0.09,-0.14,0.33,-0.01,-0.26,0.25,-0.44,-0.69,-0.19,65%,49%,672.16,4,2.93,4.42,2.36,4.24,5.7,4.05,4,4,4.07,,,,,,,31,18%,11%,7%,161,96%,166,99%,161,96%,123,73%,52,31%,74%,62%,72%,57%,74%,57%,63%,53%,60%,35%,154,96%,118,96%,50,96%,0.25,0.01,0.48,-0.35,-0.67,-0.02,-0.94,-1.48,-0.4,125,104,121,95,119,91,77,65,31,18,30,18%,160,95%,160,95%,160,99%,122,99%,50,96%,35.1,46,1,-1.21,-1.61,-0.8,-1.21,-1.62,-0.79,51.8,115,0,0.21,-0.05,0.46,0.21,-0.06,0.47,7.9,-1.17,-1.64,-0.71,7.3,-0.86,-1.31,-0.42,10.1,-1.12,-1.59,-0.65,9.8,-1.54,-2.01,-1.07,10.4,-0.1,-0.39,0.19,10.5,0.47,0.19,0.75,15.7,0.44,0.14,0.74,15.1,0,-0.3,0.3,6.6,3.3,10.7,4.4,-17.7,-1.36,28.3,42,0,-0.38,-0.81,0.05,-0.38,-0.81,0.06,50.3,90,1,-0.05,-0.34,0.25,-0.05,-0.34,0.25,65.2,29,0,-0.4,-0.91,0.11,-0.4,-0.92,0.12,46.4,9.2,9.6,14.5,13.1,9.7,3.4,8,0,0.56,-0.42,1.53,0.56,-0.44,1.55,46.9,10.2,9.2,13.7,13.8,10,3.8,80,1,-0.2,-0.51,0.11,-0.2,-0.52,0.11,47.4,9.2,10,14.6,13.5,9.1,4.4,81,0,-0.19,-0.5,0.12,-0.19,-0.5,0.12,47.9,9.9,9.8,14.4,13.8,9.7,4.2,153,1,-0.15,-0.37,0.07,-0.15,-0.38,0.08,,,,,,,,,,,,,,,,,,,,,,,,,,,,,,,4,10%,2%,0%,18,20%,12%,8%,7,24%,21%,17%,9%,22%,4%,2%,13%,9%,0.12,0.39,-0.02,-0.58,0.54,-0.07,-0.26,-0.91,-1.17,-0.09,-1.22,-0.87,-0.87,-1.66,-0.76,-0.13,-1.04,0.8,0.27,0.59,-0.34,0.7,0.08,0.51,-0.55,-0.5,-1.84,0.28,-0.46,0.64,-0.77,0.16,-0.69,-0.17,-1.64,-0.45,-2.87,-0.15,-1.37,-0.01,-2.43,-0.15,-1.6,0.24,-1.97,,,,,,,15%,8%,5%,21%,13%,10%,19%,11%,8%,36%,18%,9%,,,,,,,,,,,,,64%,,,99%,,,,,51%,71%,9,21%,69,77%,28,97%,65%,65%,73%,67%,26%,58%,7,17%,48,53%,25,86%,46%,51%,55%,50%,,,,,,,,,0%,41%,,,,,,,,,7.9,6.9,8.2,8.7,7.1,8.3,,,,,7,6,7.1,8,6.1,7.3,,,,,1345,1,0%
1,919,4606,117555,Townsend VA Church of England,,High Oaks,,,St Albans,AL3 6DR,01727853047,E14000749,Hitchin and Harpenden,0,0,VA,Church of England,NSE,OTHER NON SEL,MIXED,0,0,1,11-18,764,419,345,140,75,54%,65,46%,102.3,43,33%,60,46%,27,21%,40,29%,100,71%,20,14%,120,86%,0,0%,132,94%,4,3%,26,19%,22,16%,6515,46.5,1412,10.1,1236,8.8,1877,13.4,1990,14.2,1855.5,13.3,134.5,1,2.9,2.9,130,1,93%,-0.17,-0.41,0.08,-0.17,-0.42,0.08,-0.1,-0.37,0.18,-0.22,-0.49,0.04,-0.2,-0.48,0.08,-0.15,-0.43,0.13,58%,41%,540.85,3.86,2.73,4.32,2.58,4,5.35,4.32,4.16,3.61,3.9,,,,,,,12,9%,8%,5%,134,96%,139,99%,137,98%,125,89%,17,12%,75%,59%,61%,43%,61%,44%,62%,46%,100%,88%,127,93%,117,94%,15,88%,-0.26,-0.51,0,-0.11,-0.44,0.21,1.73,0.74,2.72,105,83,86,60,83,60,78,58,17,15,12,9%,134,96%,138,99%,135,99%,123,98%,17,100%,34.1,38,0,-0.83,-1.28,-0.38,-0.83,-1.29,-0.37,51.5,92,1,0.11,-0.18,0.4,0.1,-0.19,0.4,7.6,-0.83,-1.34,-0.32,6.7,-0.63,-1.12,-0.14,9.4,-0.89,-1.42,-0.37,10.4,-0.89,-1.41,-0.38,11.1,0.21,-0.12,0.54,9.7,-0.06,-0.37,0.26,15,0.08,-0.25,0.42,15.7,0.16,-0.17,0.49,9.7,0.7,14.7,1.1,-18.7,-0.98,31.7,43,0,0.14,-0.29,0.56,0.14,-0.29,0.57,48.4,60,1,-0.17,-0.52,0.19,-0.17,-0.54,0.19,62.9,27,0,-0.64,-1.17,-0.11,-0.64,-1.18,-0.1,49.8,10.9,9.2,14.5,15.2,14.8,0.5,16,0,0.5,-0.19,1.19,0.5,-0.2,1.21,50.4,11,9.4,14.3,15.7,15.6,0.1,60,1,-0.06,-0.42,0.3,-0.07,-0.43,0.3,43.2,9.3,8.3,12.6,12.9,11.2,1.7,70,0,-0.26,-0.59,0.07,-0.26,-0.59,0.08,47,10.2,8.8,13.5,14.4,13.5,1,124,1,-0.15,-0.4,0.1,-0.15,-0.4,0.1,,,,,,,,,,,,,,,,,,,,,,,,,,,,,,,4,9%,7%,2%,4,7%,7%,3%,3,11%,11%,11%,8%,9%,5%,0%,9%,7%,-0.02,-0.23,-0.69,-0.99,0.03,-0.02,0.12,-0.82,-0.65,0.09,SUPP,SUPP,1.65,SUPP,1.8,-0.51,-1.47,0.33,-0.27,0.42,-0.47,0.15,-0.61,-0.14,-1.24,-0.02,-1.27,0.47,-0.29,0.55,-0.59,0.59,-0.36,-0.09,-1.56,SUPP,SUPP,2.9,0.69,SUPP,SUPP,SUPP,SUPP,3.21,0.08,,,,,,,5%,5%,4%,12%,11%,6%,8%,8%,5%,30%,30%,25%,,,,,,,,,,,,,55%,,,99%,,,,,38%,66%,9,21%,41,68%,24,89%,52%,65%,65%,58%,15%,52%,4,9%,28,47%,20,74%,36%,48%,40%,42%,,,,,,,,,1%,21%,,,,,,,,,8.1,7.5,8.1,9,7.5,8.4,,,,,8,7.3,8,8.8,7.4,8.2,,,,,1144,2,0%
1,919,6041,117618,Tring Park School for the Performing Arts,,Mansion Drive,,,Tring,HP23 5LX,01442824255,E14000951,South West Hertfordshire,0,0,IND,None,,NA,MIXED,0,0,1,8-19,365,111,254,80,22,28%,58,73%,NP,NP,NP,NP,NP,NP,NP,NP,NP,NP,NP,NP,NP,NP,NP,NP,NP,NP,NP,NA,NA,NA,NA,NA,NA,1889.8,23.6,0,0,452,5.7,702.5,8.8,735.3,9.2,735.3,9.2,0,0,1.5,1.4,NP,NP,NP,NP,NP,NP,NP,NP,NP,NP,NP,NP,NP,NP,NP,NP,NP,NP,NP,NP,NP,0%,0%,176.19,2.2,NP,NP,NP,NP,NP,NP,1.98,2.78,NP,,,,,,,0,0%,0%,0%,0,0%,42,53%,39,49%,37,46%,27,34%,0%,0%,45%,31%,85%,67%,78%,70%,81%,74%,NP,NP,NP,NP,NP,NP,NP,NP,NP,NP,NP,NP,NP,NP,NP,0,0,36,25,33,26,29,26,22,20,0,0%,0,0%,42,53%,39,100%,37,100%,24,89%,NP,NP,NP,NP,NP,NP,NP,NP,NP,NP,NP,NP,NP,NP,NP,NP,NP,NP,NP,NP,NP,NP,NP,NP,NP,NP,NP,NP,NP,NP,NP,NP,NP,NP,NP,NP,NP,NP,NP,NP,NP,NP,NP,NP,NP,NP,NP,NP,NP,NP,NP,NP,NP,NP,NP,NP,NP,NP,NP,NP,NP,NP,NP,NP,NP,NP,NP,NP,NP,NP,NP,NP,NP,NP,NP,NP,NP,NP,NP,NP,NP,NP,NP,NP,NP,NP,NP,NP,NP,NP,NP,NP,NP,NP,NP,NP,NP,NP,21.7,0,9.9,16.1,17.3,17.3,0,NP,NP,NP,NP,NP,NP,NP,NP,28.8,0,10.3,14.8,14.6,14.6,0,NP,NP,NP,NP,NP,NP,NP,NP,NP,NP,NP,NP,NP,NP,NP,NP,NP,NP,NP,NP,NP,NP,NP,,,,,,,,,,,,,,,,,,,,,,,,,,,,,,,NP,NP,NP,NP,NP,NP,NP,NP,NP,NP,NP,NP,NP,NP,NP,NP,NP,NP,NP,NP,NP,NP,NP,NP,NP,NP,NP,NP,NP,NP,NP,NP,NP,NP,NP,NP,NP,NP,NP,NP,NP,NP,NP,NP,NP,NP,NP,NP,NP,NP,NP,NP,NP,NP,NP,NP,NP,NP,NP,NP,NP,NP,NP,,,,,,,0%,0%,0%,0%,0%,0%,NP,NP,NP,NP,NP,NP,,,,,,,,,,,,,0%,,,54%,,,,,NP,NP,NP,NP,NP,NP,NP,NP,0%,0%,NP,NP,NP,NP,NP,NP,NP,NP,NP,NP,0%,0%,NP,NP,,,,,,,,,1%,16%,,,,,,,,,3.5,NP,NP,NP,NP,NP,,,,,3.5,NP,NP,NP,NP,NP,,,,,277,5,2%
1,919,4504,138352,Tring School,,Mortimer Hill,,,Tring,HP23 5JD,01442822303,E14000951,South West Hertfordshire,0,0,ACC,Church of England,NSE,OTHER NON SEL,MIXED,0,0,1,11-18,1544,755,789,235,124,53%,111,47%,105,38,17%,129,58%,57,25%,22,9%,213,91%,6,3%,229,97%,0,0%,232,99%,4,2%,32,14%,28,12%,13073,55.6,2753,11.7,2514,10.7,3746.5,15.9,4059.5,17.3,3752.5,16,307,1.3,2.9,3,224,2,95%,0.32,0.14,0.51,0.32,0.13,0.51,0.3,0.09,0.51,0.23,0.03,0.43,0.21,-0.01,0.42,0.5,0.28,0.71,85%,64%,1117.33,4.75,2.81,4.96,2.34,4.58,6.59,5.89,5.21,4.35,4.77,,,,,,,77,33%,28%,23%,230,98%,230,98%,230,98%,193,82%,93,40%,90%,78%,87%,69%,75%,57%,81%,74%,86%,75%,219,95%,185,96%,86,92%,0.09,-0.1,0.29,0.65,0.39,0.91,0.14,-0.27,0.55,211,184,204,161,173,130,156,142,80,70,77,33%,230,98%,230,98%,229,100%,191,99%,91,98%,36.7,22,1,-0.64,-1.23,-0.05,-0.68,-1.28,-0.08,57.6,202,1,0.43,0.23,0.62,0.43,0.23,0.62,8,-0.74,-1.41,-0.07,7.3,-0.47,-1.11,0.17,9.8,-0.88,-1.56,-0.2,11.7,-0.57,-1.25,0.11,12.1,0.41,0.19,0.64,11.1,0.31,0.1,0.52,16.6,0.33,0.1,0.55,17.9,0.61,0.39,0.84,9.9,1.8,16.6,1.3,-16.1,-0.79,30.7,38,0,-0.05,-0.49,0.4,-0.05,-0.5,0.41,54.7,129,2,0.39,0.15,0.63,0.38,0.13,0.63,72.8,57,0,0.42,0.06,0.79,0.42,0.05,0.8,66.3,13.3,14,19.7,19.3,19.3,0,SUPP,SUPP,SUPP,SUPP,SUPP,SUPP,SUPP,SUPP,59.7,12.8,10.9,17.1,19,17.5,1.4,105,0,0.61,0.34,0.88,0.61,0.34,0.89,52,10.8,10.5,14.9,15.8,14.6,1.2,119,2,0.07,-0.18,0.32,0.06,-0.2,0.32,55.8,11.7,10.7,16,17.3,16,1.3,221,2,0.34,0.16,0.53,0.34,0.15,0.53,,,,,,,,,,,,,,,,,,,,,,,,,,,,,,,2,5%,0%,0%,39,30%,24%,16%,31,54%,54%,53%,5%,36%,5%,0%,30%,25%,-0.18,0.08,0.29,-0.57,0.16,-0.16,0.77,0.8,-0.79,0.76,SUPP,0.31,0.05,SUPP,0.19,0.08,-1.23,0.36,-0.05,0.3,-0.66,0.34,-0.17,0.67,-0.09,0.19,-1.76,1.03,0.49,0.55,-0.86,1.11,0.44,1.29,0.3,SUPP,SUPP,0.61,-0.24,SUPP,SUPP,0.87,-0.24,0.69,-0.6,,,,,,,23%,18%,12%,44%,39%,34%,33%,28%,23%,50%,50%,33%,,,,,,,,,,,,,81%,,,99%,,,,,59%,87%,13,34%,118,91%,57,100%,83%,86%,100%,85%,27%,68%,1,3%,84,65%,56,98%,62%,66%,100%,64%,,,,,,,,,0%,13%,,,,,,,,,8.8,8.1,8.8,9.4,8.1,8.9,,,,,8.5,7.1,8.5,9.2,7.5,8.6,,,,,2086,1,0%
2,919,7010,117669,The Valley School,,Broadhall Way,,,Stevenage,SG2 9BN,01438747274,E14000968,Stevenage,0,0,CYS,Does not apply,NA,NA,MIXED,0,0,0,11-16,161,112,49,33,21,64%,12,36%,77.5,30,100%,0,0%,0,0%,20,61%,13,39%,3,9%,30,91%,0,0%,33,100%,,,,,,,NE,NE,NE,NE,NE,NE,NE,NE,NE,NE,NE,NE,NE,NE,NE,NE,NE,NE,NE,NE,NE,NE,NE,NE,NE,NE,NE,NE,NE,NE,NE,NE,NE,NE,NE,NE,NE,NE,NE,NE,NE,NE,NE,NE,NE,NE,SUPP,NE,NE,NE,,,,,,,NE,NE,NE,NE,NE,NE,NE,NE,NE,NE,NE,NE,NE,NE,NE,NE,NE,NE,NE,NE,NE,NE,NE,NE,NE,NE,NE,NE,NE,NE,NE,NE,NE,NE,NE,NE,NE,NE,NE,NE,NE,NE,NE,NE,NE,NE,NE,NE,NE,NE,NE,NE,NE,NE,NE,NE,NE,NE,NE,NE,NE,NE,NE,NE,NE,NE,NE,NE,NE,NE,NE,NE,NE,NE,NE,NE,NE,NE,NE,NE,NE,NE,NE,NE,NE,NE,NE,NE,NE,NE,NE,NE,NE,NE,NE,NE,NE,NE,NE,NE,NE,NE,NE,NE,NE,NE,NE,NE,NE,NE,NE,NE,NE,NE,NE,NE,NE,NE,NE,NE,NE,NE,NE,NE,NE,NE,NE,NE,NE,NE,NE,NE,NE,NE,NE,NE,NE,NE,NE,NE,NE,NE,NE,NE,SUPP,SUPP,SUPP,SUPP,SUPP,SUPP,SUPP,SUPP,SUPP,SUPP,SUPP,SUPP,SUPP,SUPP,SUPP,NE,NE,NE,NE,NE,NE,NE,NE,NE,NE,NE,NE,NE,NE,NE,NE,NE,NE,NE,NE,NE,NE,NE,NE,NE,NE,NE,NE,NE,NE,NE,NE,NE,NE,NE,NE,NE,NE,NE,NE,NE,NE,NE,NE,NE,,,,,,,,,,,,,,,,,,,,,,,,,,,,,,,NE,NE,NE,NE,NE,NE,NE,NE,NE,NE,NE,NE,NE,NE,NE,NE,NE,NE,NE,NE,NE,NE,NE,NE,NE,NE,NE,NE,NE,NE,NE,NE,NE,NE,NE,NE,NE,NE,NE,NE,NE,NE,NE,NE,NE,NE,NE,NE,NE,NE,NE,NE,NE,NE,NE,NE,NE,NE,NE,NE,NE,NE,NE,,,,,,,NE,NE,NE,NE,NE,NE,NE,NE,NE,SUPP,SUPP,SUPP,,,,,,,,,,,,,NE,,,NE,,,,,NE,NE,NE,NE,NE,NE,NE,NE,NE,NE,SUPP,NE,NE,NE,NE,NE,NE,NE,NE,NE,NE,NE,SUPP,NE,,,,,,,,,NE,NE,,,,,,,,,NE,NE,NE,NE,NE,NE,,,,,NE,NE,NE,NE,NE,NE,,,,,NE,NE,NE
1,919,4011,137038,Verulam School,,Brampton Road,,,St Albans,AL1 4PR,01727766100,E14000960,St Albans,0,0,ACC,Does not apply,NSE,OTHER NON SEL,BOYS,0,0,1,11-18,1081,1060,21,184,184,100%,0,0%,105.2,36,22%,79,47%,52,31%,28,15%,156,85%,32,17%,152,83%,0,0%,175,95%,3,2%,34,18%,31,17%,9750.3,53,2022,11,2060,11.2,2918,15.9,2750.3,14.9,2584,14,166.3,0.9,2.8,2.8,167,3,91%,0.05,-0.17,0.26,0.03,-0.19,0.24,0.02,-0.23,0.26,0.43,0.19,0.66,0.12,-0.13,0.37,-0.33,-0.58,-0.08,83%,60%,912.65,4.96,3.35,5.25,3.18,4.79,6.32,5.3,NE,4.96,4.99,,,,,,,131,71%,48%,32%,174,95%,181,98%,178,97%,175,95%,134,73%,85%,71%,86%,70%,81%,60%,82%,70%,72%,54%,162,91%,159,91%,123,92%,-0.17,-0.39,0.06,0.67,0.39,0.94,-0.63,-0.98,-0.29,156,130,159,129,144,106,143,123,96,72,126,68%,174,95%,180,98%,169,95%,174,99%,133,99%,36.9,26,1,-0.72,-1.27,-0.18,-0.76,-1.31,-0.2,55.9,141,2,0.19,-0.04,0.42,0.17,-0.07,0.41,8.3,-0.8,-1.42,-0.18,8.1,-0.09,-0.67,0.5,11,-0.57,-1.2,0.06,9.5,-1.36,-1.99,-0.73,11.5,0.17,-0.1,0.44,11.7,0.52,0.27,0.77,16.7,0.25,-0.02,0.52,15.9,-0.14,-0.41,0.13,8.3,1.2,15.1,0.9,-15.9,-0.87,36.3,36,0,0.11,-0.35,0.57,0.11,-0.36,0.58,51.3,79,2,0.18,-0.13,0.49,0.17,-0.15,0.49,65.6,52,1,-0.2,-0.58,0.18,-0.25,-0.64,0.14,55.7,10.2,11.9,17.6,16,15.7,0.3,24,0,0.62,0.06,1.18,0.62,0.04,1.19,NE,NE,NE,NE,NE,NE,NE,NE,NE,NE,NE,NE,NE,NE,NE,53,11,11.2,15.9,14.9,14,0.9,167,3,0.05,-0.17,0.26,0.03,-0.19,0.24,53.2,11.2,11.1,15.8,15,14.1,0.9,164,3,0.09,-0.12,0.31,0.07,-0.15,0.29,,,,,,,,,,,,,,,,,,,,,,,,,,,,,,,13,36%,8%,6%,62,78%,43%,27%,48,92%,85%,60%,43%,76%,25%,7%,52%,37%,0.06,-0.03,-0.53,-0.35,-0.14,0.45,0.95,0.4,-0.44,0.84,-0.94,-0.37,-0.89,-1.2,-0.58,0.25,-0.95,0.11,-0.38,0.55,-0.42,0.3,-0.36,-0.13,-0.93,0.31,-1.19,1.14,0.54,1.05,-0.16,1.36,0.54,0.89,-0.1,-0.05,-2.36,-0.21,-0.94,0.12,-2,0.12,-0.85,-0.34,-1.44,,,,,,,71%,48%,32%,NE,NE,NE,74%,50%,33%,66%,47%,38%,,,,,,,,,,,,,77%,,,98%,,,,,54%,88%,18,50%,68,86%,50,96%,83%,NE,84%,83%,29%,66%,6,17%,47,59%,48,92%,60%,NE,53%,61%,,,,,,,,,6%,34%,,,,,,,,,9.2,8.1,9.1,10.2,7.9,9.4,,,,,9,7.7,8.8,10.2,7.6,9.3,,,,,1699,183,11%
1,919,5401,136276,Watford Grammar School for Boys,,Rickmansworth Road,,,Watford,WD18 7JF,01923208900,E14001021,Watford,0,0,ACC,Church of England,NSE,OTHER NON SEL,BOYS,0,0,1,11-18,1516,1516,0,189,189,100%,0,0%,109.7,13,7%,64,37%,97,56%,22,12%,167,88%,36,19%,153,81%,0,0%,186,98%,5,3%,18,10%,13,7%,13220,69.9,2648,14,2744,14.5,4062.5,21.5,3765.5,19.9,3731.5,19.7,34,0.2,3,3,174,1,92%,0.8,0.59,1.01,0.8,0.58,1.01,0.62,0.38,0.86,1.11,0.88,1.34,1,0.76,1.25,0.5,0.25,0.74,96%,89%,1296.85,6.86,5.71,7.01,4.03,5.65,8.05,6.9,NE,6.86,6.88,,,,,,,187,99%,79%,72%,188,99%,188,99%,188,99%,188,99%,188,99%,97%,92%,97%,92%,95%,89%,93%,84%,82%,78%,173,92%,173,92%,173,92%,0.93,0.71,1.15,0.57,0.3,0.83,0.52,0.23,0.81,183,174,183,173,178,168,174,158,155,147,187,99%,188,99%,188,99%,188,100%,188,100%,187,99%,58.2,20,0,-0.08,-0.69,0.54,-0.08,-0.71,0.55,71.5,154,1,0.92,0.69,1.14,0.91,0.68,1.14,11.9,-0.16,-0.86,0.55,12.1,0.16,-0.51,0.83,17.9,0.16,-0.56,0.87,16.3,-0.42,-1.13,0.3,14.3,0.72,0.47,0.98,14.8,1.23,0.99,1.48,22,1.11,0.86,1.37,20.4,0.61,0.36,0.87,16.3,0,20.2,0.2,5.4,-0.23,41.1,13,0,0.72,-0.05,1.49,0.72,-0.06,1.5,57.9,64,1,0.59,0.24,0.93,0.57,0.22,0.92,81.7,97,0,0.96,0.68,1.24,0.96,0.67,1.24,70.4,14.3,14.6,21.6,19.9,19.9,0,35,0,1.13,0.66,1.59,1.13,0.65,1.6,NE,NE,NE,NE,NE,NE,NE,NE,NE,NE,NE,NE,NE,NE,NE,69.9,14,14.5,21.5,19.9,19.7,0.2,174,1,0.8,0.59,1.01,0.8,0.58,1.01,70.1,14,14.5,21.5,20,19.8,0.2,173,1,0.81,0.6,1.02,0.8,0.59,1.02,,,,,,,,,,,,,,,,,,,,,,,,,,,,,,,13,100%,15%,8%,62,97%,64%,52%,97,100%,99%,95%,100%,99%,73%,50%,80%,75%,1.06,0.83,0.98,0,1.05,0.48,0.46,0.65,-0.32,0.68,-0.69,0.13,0.94,-0.19,0.62,0.64,-0.64,1.28,0.82,1.85,0.26,1.19,0.47,1.27,0.69,0.47,-1.11,0.97,0.4,1.46,-0.49,0.9,0.01,1.01,0.29,0.66,-1.05,0.92,0.31,0.37,-1.75,0.62,-0.35,1.32,0.55,,,,,,,99%,79%,72%,NE,NE,NE,99%,80%,72%,97%,72%,67%,,,,,,,,,,,,,94%,,,99%,,,,,91%,96%,10,77%,59,92%,97,100%,96%,NE,92%,96%,77%,90%,4,31%,52,81%,97,100%,89%,NE,89%,89%,,,,,,,,,11%,76%,,,,,,,,,9.5,7.8,9,10,8.9,9.6,,,,,9.5,7.8,9,10,8.9,9.6,,,,,1804,6,0%
1,919,5403,136289,Watford Grammar School for Girls,,Lady's Close,,,Watford,WD18 0AE,01923223403,E14001021,Watford,0,0,ACC,Church of England,NSE,OTHER NON SEL,GIRLS,0,0,1,11-18,1432,0,1432,184,0,0%,184,100%,110.9,6,4%,55,32%,110,64%,10,5%,174,95%,64,35%,120,65%,0,0%,183,99%,3,2%,14,8%,11,6%,13424,73,2836,15.4,2552,13.9,4014.5,21.8,4021.5,21.9,4021.5,21.9,0,0,3,3,171,0,93%,0.9,0.69,1.11,0.9,0.68,1.11,1.16,0.91,1.4,0.57,0.34,0.79,0.88,0.64,1.13,0.96,0.72,1.21,97%,88%,1253.81,6.81,4.57,6.94,4,5.74,7.55,6.96,6.81,NE,6.82,,,,,,,138,75%,65%,59%,182,99%,184,100%,184,100%,146,79%,174,95%,98%,96%,98%,88%,98%,91%,95%,90%,88%,83%,171,93%,136,93%,163,94%,0.84,0.62,1.06,1.05,0.75,1.35,0.35,0.05,0.65,180,177,181,162,180,167,139,132,153,144,133,72%,182,99%,184,100%,184,100%,146,100%,168,97%,54.2,9,0,0.71,-0.21,1.63,0.71,-0.23,1.65,74,162,0,0.91,0.69,1.13,0.91,0.69,1.13,12,0.87,-0.19,1.92,10.2,0.59,-0.41,1.59,14.8,0.53,-0.54,1.6,17.2,0.88,-0.19,1.94,15.6,1.17,0.92,1.42,14.1,0.56,0.33,0.8,22.2,0.9,0.65,1.15,22.1,0.97,0.72,1.22,17.2,0,22.1,0,1.4,0.56,41.5,6,0,0.55,-0.58,1.68,0.55,-0.6,1.7,63.1,55,0,1.21,0.84,1.58,1.21,0.83,1.59,80.2,110,0,0.76,0.5,1.03,0.76,0.49,1.03,73.7,15.2,14.2,22.4,21.9,21.9,0,60,0,0.95,0.59,1.3,0.95,0.58,1.31,73,15.4,13.9,21.8,21.9,21.9,0,171,0,0.9,0.69,1.11,0.9,0.68,1.11,NE,NE,NE,NE,NE,NE,NE,NE,NE,NE,NE,NE,NE,NE,NE,73,15.4,13.9,21.8,21.9,21.9,0,171,0,0.9,0.69,1.11,0.9,0.68,1.11,,,,,,,,,,,,,,,,,,,,,,,,,,,,,,,4,67%,17%,17%,43,78%,53%,38%,81,74%,73%,72%,50%,76%,20%,20%,67%,61%,1,1.22,0.65,0.67,0.85,1.08,1.22,0.96,0.28,1.09,SUPP,-0.04,0.58,-1.21,0.42,1.63,-0.29,1.08,0.63,2.17,-0.17,1.61,0.83,0.92,0.37,1.61,-1.05,1.4,0.78,2.52,-0.37,1.75,0.69,1.34,0.58,0.24,-2.66,0.73,0.12,SUPP,SUPP,0.49,-0.56,0.95,0.21,,,,,,,NE,NE,NE,75%,65%,59%,75%,65%,60%,78%,69%,66%,,,,,,,,,,,,,97%,,,100%,,,,,80%,98%,4,67%,53,96%,110,100%,NE,97%,98%,97%,60%,89%,1,17%,40,73%,109,99%,NE,88%,92%,87%,,,,,,,,,7%,71%,,,,,,,,,9.3,7.8,8.8,9.7,8.3,9.4,,,,,9.3,7.8,8.8,9.7,8.3,9.4,,,,,1723,6,0%
1,919,4021,141004,The Watford UTC,,18 Colonial Way,,,Watford,WD24 4PT,01923905240,E14001021,Watford,0,0,UTC,None,NR,OTHER NON SEL,MIXED,0,0,1,14-19,112,65,47,37,18,49%,19,51%,102.7,7,23%,22,71%,2,6%,14,38%,23,62%,9,24%,28,76%,0,0%,23,62%,1,3%,1,3%,0,0%,1105,29.9,297,8,258,7,324,8.8,226,6.1,222,6,4,0.1,2.4,1.7,31,3,84%,-1.78,-2.28,-1.29,-1.86,-2.37,-1.36,-1.13,-1.7,-0.56,-1.16,-1.7,-0.62,-1.77,-2.35,-1.2,-2.92,-3.49,-2.34,49%,24%,93.35,2.52,2.37,2.62,1.67,2.7,SUPP,2.91,2.78,2.25,2.39,,,,,,,0,0%,0%,0%,33,89%,36,97%,35,95%,0,0%,7,19%,65%,46%,51%,27%,49%,34%,NE,NE,29%,29%,29,83%,,NE,6,86%,-0.95,-1.48,-0.42,NE,NE,NE,-1.39,-2.95,0.17,24,17,19,10,17,12,NE,NE,2,2,0,0%,33,89%,36,97%,35,100%,NE,NE,6,86%,27.4,11,1,-2.04,-2.87,-1.21,-2.05,-2.9,-1.2,31.4,20,2,-1.64,-2.26,-1.03,-1.77,-2.4,-1.14,7.7,-1.15,-2.1,-0.2,6.9,-1.12,-2.03,-0.22,7.9,-2.03,-3,-1.07,4.9,-3.27,-4.23,-2.31,8.2,-1.12,-1.83,-0.42,7,-1.18,-1.85,-0.51,9.3,-1.63,-2.35,-0.91,6.9,-2.72,-3.44,-2.01,4.9,0,6.7,0.2,-25.4,-2.19,19.6,7,0,-1.24,-2.28,-0.2,-1.24,-2.31,-0.18,31.7,22,2,-1.82,-2.41,-1.23,-1.84,-2.44,-1.23,SUPP,SUPP,SUPP,SUPP,SUPP,SUPP,SUPP,SUPP,SUPP,33.6,7.9,7.8,11.1,6.8,6.3,0.4,SUPP,SUPP,SUPP,SUPP,SUPP,SUPP,SUPP,SUPP,31.9,9.1,7.3,9,6.6,6.4,0.2,17,1,-1.9,-2.57,-1.23,-2.03,-2.71,-1.35,27.7,6.9,6.7,8.5,5.6,5.6,0,14,2,-1.64,-2.38,-0.91,-1.67,-2.42,-0.91,28.3,8,7,7.9,5.5,5.5,0,22,2,-1.83,-2.42,-1.24,-1.85,-2.45,-1.25,,,,,,,,,,,,,,,,,,,,,,,,,,,,,,,0,0%,0%,0%,0,0%,0%,0%,SUPP,SUPP,SUPP,SUPP,0%,0%,0%,0%,0%,0%,-0.67,-1.01,SUPP,-1.14,-0.85,NE,NE,SUPP,NE,NE,SUPP,SUPP,SUPP,SUPP,SUPP,-0.23,-2.05,-0.19,-1.51,0.42,-1.76,-0.39,-1.64,SUPP,SUPP,NE,NE,NE,NE,NE,NE,NE,NE,SUPP,SUPP,SUPP,SUPP,SUPP,SUPP,SUPP,SUPP,SUPP,SUPP,SUPP,SUPP,,,,,,,0%,0%,0%,0%,0%,0%,0%,0%,0%,0%,0%,0%,,,,,,,,,,,,,24%,,,97%,,,,,43%,52%,1,14%,13,59%,SUPP,SUPP,44%,53%,44%,52%,14%,30%,1,14%,6,27%,SUPP,SUPP,22%,26%,22%,22%,,,,,,,,,0%,0%,,,,,,,,,5.2,4.9,5.2,SUPP,5.3,5.1,,,,,5.1,4.9,5.2,SUPP,5.3,5,,,,,191,0,0%
2,919,7026,117683,Watling View School,,Watling View,,,St Albans,AL1 2NU,01727850560,E14000960,St Albans,0,0,CYS,Does not apply,NA,NA,MIXED,0,1,0,2-19,90,59,31,3,SUPP,SUPP,SUPP,SUPP,SUPP,SUPP,SUPP,SUPP,SUPP,SUPP,SUPP,SUPP,SUPP,SUPP,SUPP,SUPP,SUPP,SUPP,SUPP,SUPP,SUPP,SUPP,SUPP,,,,,,,SUPP,SUPP,SUPP,SUPP,SUPP,SUPP,SUPP,SUPP,SUPP,SUPP,SUPP,SUPP,SUPP,SUPP,SUPP,SUPP,SUPP,SUPP,SUPP,SUPP,SUPP,SUPP,SUPP,SUPP,SUPP,SUPP,SUPP,SUPP,SUPP,SUPP,SUPP,SUPP,SUPP,SUPP,SUPP,SUPP,SUPP,SUPP,SUPP,SUPP,SUPP,SUPP,SUPP,SUPP,SUPP,SUPP,SUPP,SUPP,SUPP,SUPP,,,,,,,SUPP,SUPP,SUPP,SUPP,SUPP,SUPP,SUPP,SUPP,SUPP,SUPP,SUPP,SUPP,SUPP,SUPP,SUPP,SUPP,SUPP,SUPP,SUPP,SUPP,SUPP,SUPP,SUPP,SUPP,SUPP,SUPP,SUPP,SUPP,SUPP,SUPP,SUPP,SUPP,SUPP,SUPP,SUPP,SUPP,SUPP,SUPP,SUPP,SUPP,SUPP,SUPP,SUPP,SUPP,SUPP,SUPP,SUPP,SUPP,SUPP,SUPP,SUPP,SUPP,SUPP,SUPP,SUPP,SUPP,SUPP,SUPP,SUPP,SUPP,SUPP,SUPP,SUPP,SUPP,SUPP,SUPP,SUPP,SUPP,SUPP,SUPP,SUPP,SUPP,SUPP,SUPP,SUPP,SUPP,SUPP,SUPP,SUPP,SUPP,SUPP,SUPP,SUPP,SUPP,SUPP,SUPP,SUPP,SUPP,SUPP,SUPP,SUPP,SUPP,SUPP,SUPP,SUPP,SUPP,SUPP,SUPP,SUPP,SUPP,SUPP,SUPP,SUPP,SUPP,SUPP,SUPP,SUPP,SUPP,SUPP,SUPP,SUPP,SUPP,SUPP,SUPP,SUPP,SUPP,SUPP,SUPP,SUPP,SUPP,SUPP,SUPP,SUPP,SUPP,SUPP,SUPP,SUPP,SUPP,SUPP,SUPP,SUPP,SUPP,SUPP,SUPP,SUPP,SUPP,SUPP,SUPP,SUPP,SUPP,SUPP,SUPP,SUPP,SUPP,SUPP,SUPP,SUPP,SUPP,SUPP,SUPP,SUPP,SUPP,SUPP,SUPP,SUPP,SUPP,SUPP,SUPP,SUPP,SUPP,SUPP,SUPP,SUPP,SUPP,SUPP,SUPP,SUPP,SUPP,SUPP,SUPP,SUPP,SUPP,SUPP,SUPP,SUPP,SUPP,SUPP,SUPP,SUPP,SUPP,SUPP,SUPP,SUPP,SUPP,SUPP,SUPP,SUPP,SUPP,SUPP,SUPP,SUPP,SUPP,SUPP,SUPP,SUPP,SUPP,SUPP,SUPP,SUPP,SUPP,SUPP,SUPP,SUPP,SUPP,,,,,,,,,,,,,,,,,,,,,,,,,,,,,,,SUPP,SUPP,SUPP,SUPP,SUPP,SUPP,SUPP,SUPP,SUPP,SUPP,SUPP,SUPP,SUPP,SUPP,SUPP,SUPP,SUPP,SUPP,SUPP,SUPP,SUPP,SUPP,SUPP,SUPP,SUPP,SUPP,SUPP,SUPP,SUPP,SUPP,SUPP,SUPP,SUPP,SUPP,SUPP,SUPP,SUPP,SUPP,SUPP,SUPP,SUPP,SUPP,SUPP,SUPP,SUPP,SUPP,SUPP,SUPP,SUPP,SUPP,SUPP,SUPP,SUPP,SUPP,SUPP,SUPP,SUPP,SUPP,SUPP,SUPP,SUPP,SUPP,SUPP,,,,,,,SUPP,SUPP,SUPP,SUPP,SUPP,SUPP,SUPP,SUPP,SUPP,SUPP,SUPP,SUPP,,,,,,,,,,,,,SUPP,,,SUPP,,,,,SUPP,SUPP,SUPP,SUPP,SUPP,SUPP,SUPP,SUPP,SUPP,SUPP,SUPP,SUPP,SUPP,SUPP,SUPP,SUPP,SUPP,SUPP,SUPP,SUPP,SUPP,SUPP,SUPP,SUPP,,,,,,,,,SUPP,SUPP,,,,,,,,,SUPP,SUPP,SUPP,SUPP,SUPP,SUPP,,,,,SUPP,SUPP,SUPP,SUPP,SUPP,SUPP,,,,,SUPP,SUPP,SUPP
1,919,4111,140049,Westfield Academy,,Tolpits Lane,,,Watford,WD18 6NS,01923231560,E14001021,Watford,0,0,ACC,Does not apply,NSE,OTHER NON SEL,MIXED,0,0,1,11-18,1205,632,573,161,81,50%,80,50%,99.7,59,42%,73,52%,8,6%,46,29%,115,71%,86,53%,75,47%,0,0%,157,98%,3,2%,15,9%,12,7%,7289.3,45.3,1533,9.5,1286,8,2227,13.8,2243.3,13.9,1597.5,9.9,645.8,4,2.9,2.9,140,2,87%,0.29,0.06,0.53,0.29,0.05,0.53,0.11,-0.15,0.38,0.07,-0.19,0.32,0.56,0.29,0.84,0.28,0.01,0.55,58%,33%,679.62,4.22,3.52,4.5,3.26,4.64,6.37,4.68,4.47,3.98,4.28,,,,,,,143,89%,34%,19%,157,98%,158,98%,154,96%,151,94%,144,89%,75%,56%,63%,35%,64%,45%,65%,48%,51%,45%,133,86%,130,86%,125,87%,0.39,0.14,0.64,0.5,0.19,0.81,-0.27,-0.61,0.07,120,90,102,57,98,70,98,73,74,65,138,86%,157,98%,154,96%,154,100%,151,100%,141,98%,37.9,43,1,-0.19,-0.61,0.23,-0.19,-0.62,0.24,48.2,97,1,0.51,0.23,0.79,0.5,0.21,0.79,8.1,-0.28,-0.76,0.2,6.6,-0.35,-0.8,0.11,11.4,-0.01,-0.5,0.48,11.8,-0.21,-0.69,0.28,10.1,0.29,-0.03,0.61,8.5,0.25,-0.06,0.55,14.8,0.82,0.49,1.14,14.8,0.49,0.17,0.82,8,3.8,10.7,4.1,-14.9,-0.34,36.1,59,0,0.45,0.09,0.8,0.45,0.08,0.81,49.3,73,1,0.22,-0.1,0.55,0.22,-0.11,0.55,64.9,8,1,-0.19,-1.17,0.78,-0.28,-1.28,0.72,49.8,10.4,8.7,15.4,15.3,11.2,4.2,67,0,0.77,0.44,1.11,0.77,0.43,1.12,47.7,10.2,8.2,14.4,15,10.8,4.2,63,2,0.52,0.18,0.87,0.51,0.16,0.87,42.9,8.9,7.8,13.3,12.9,9.1,3.8,77,0,0.1,-0.21,0.42,0.1,-0.22,0.43,45.9,9.6,8.1,14,14.2,10,4.1,138,1,0.35,0.12,0.59,0.35,0.11,0.59,,,,,,,,,,,,,,,,,,,,,,,,,,,,,,,51,86%,15%,3%,66,90%,44%,23%,7,88%,75%,63%,76%,94%,28%,11%,37%,22%,0.43,0.38,0.24,0.28,0.44,0.66,0.56,-1.16,0.33,0.56,-0.58,-0.08,0.12,-0.22,-0.29,0.76,-0.2,0.73,0.15,0.82,0.04,0.73,0.04,1.26,-0.78,0.92,-0.26,0.93,0.2,1.14,0.18,0.99,0.13,0.09,-2.4,0.45,-0.9,0.11,-0.68,-0.04,-1.11,0.39,-0.55,1.56,-1.33,,,,,,,88%,25%,15%,90%,44%,23%,90%,34%,19%,97%,42%,27%,,,,,,,,,,,,,57%,,,99%,,,,,46%,63%,22,37%,54,74%,7,88%,57%,59%,64%,59%,15%,40%,6,10%,33,45%,7,88%,35%,31%,40%,34%,,,,,,,,,12%,11%,,,,,,,,,9.7,9.3,9.8,10,8.8,10.1,,,,,8.6,8.1,8.7,8.9,7.7,8.9,,,,,1586,0,0%
2,919,6053,140655,White Trees Independent School,,13a London Road,Bishops Stortford,Hertfordshire,,CM23 5NA,01279658518,E14000744,Hertford and Stortford,0,0,INDSS,None,,NA,MIXED,0,0,0,11-18,25,19,6,6,4,67%,2,33%,NP,NP,NP,NP,NP,NP,NP,NP,NP,NP,NP,NP,NP,NP,NP,NP,NP,NP,NP,,,,,,,5,0.8,3,0.5,2,0.3,0,0,0,0,0,0,0,0,0,0,NP,NP,NP,NP,NP,NP,NP,NP,NP,NP,NP,NP,NP,NP,NP,NP,NP,NP,NP,NP,NP,0%,0%,0.17,0.03,NP,NP,NP,NP,NP,NP,SUPP,SUPP,NP,,,,,,,0,0%,0%,0%,0,0%,1,17%,0,0%,0,0%,0,0%,0%,0%,0%,0%,NE,NE,NE,NE,NE,NE,NP,NP,NP,NP,NP,NP,NP,NP,NP,NP,NP,NP,NP,NP,NP,0,0,0,0,NE,NE,NE,NE,NE,NE,0,0%,0,0%,1,17%,NE,NE,NE,NE,NE,NE,NP,NP,NP,NP,NP,NP,NP,NP,NP,NP,NP,NP,NP,NP,NP,NP,NP,NP,NP,NP,NP,NP,NP,NP,NP,NP,NP,NP,NP,NP,NP,NP,NP,NP,NP,NP,NP,NP,NP,NP,NP,NP,NP,NP,NP,NP,NP,NP,NP,NP,NP,NP,NP,NP,NP,NP,NP,NP,NP,NP,NP,NP,NP,NP,NP,NP,NP,NP,NP,NP,NP,NP,NP,NP,NP,NP,NP,NP,NP,NP,NP,NP,NP,NP,NP,NP,NP,NP,NP,NP,NP,NP,NP,NP,NP,NP,NP,NP,SUPP,SUPP,SUPP,SUPP,SUPP,SUPP,SUPP,NP,NP,NP,NP,NP,NP,NP,NP,SUPP,SUPP,SUPP,SUPP,SUPP,SUPP,SUPP,NP,NP,NP,NP,NP,NP,NP,NP,NP,NP,NP,NP,NP,NP,NP,NP,NP,NP,NP,NP,NP,NP,NP,,,,,,,,,,,,,,,,,,,,,,,,,,,,,,,NP,NP,NP,NP,NP,NP,NP,NP,NP,NP,NP,NP,NP,NP,NP,NP,NP,NP,NP,NP,NP,NP,NP,NP,NP,NP,NP,NP,NP,NP,NP,NP,NP,NP,NP,NP,NP,NP,NP,NP,NP,NP,NP,NP,NP,NP,NP,NP,NP,NP,NP,NP,NP,NP,NP,NP,NP,NP,NP,NP,NP,NP,NP,,,,,,,SUPP,SUPP,SUPP,SUPP,SUPP,SUPP,NP,NP,NP,NP,NP,NP,,,,,,,,,,,,,0%,,,17%,,,,,NP,NP,NP,NP,NP,NP,NP,NP,SUPP,SUPP,NP,NP,NP,NP,NP,NP,NP,NP,NP,NP,SUPP,SUPP,NP,NP,,,,,,,,,0%,0%,,,,,,,,,0.5,NP,NP,NP,NP,NP,,,,,0.5,NP,NP,NP,NP,NP,,,,,5,1,20%
2,919,7025,117682,Woodfield School,,Malmes Croft,Leverstock Green,,Hemel Hempstead,HP3 8RL,01442253476,E14000739,Hemel Hempstead,0,0,CYS,Does not apply,NA,NA,MIXED,0,1,0,3-19,122,80,42,8,6,75%,2,25%,71,7,100%,0,0%,0,0%,2,25%,6,75%,2,25%,6,75%,0,0%,8,100%,,,,,,,NE,NE,NE,NE,NE,NE,NE,NE,NE,NE,NE,NE,NE,NE,NE,NE,NE,NE,NE,NE,NE,NE,NE,NE,NE,NE,NE,NE,NE,NE,NE,NE,NE,NE,NE,NE,NE,NE,NE,NE,NE,SUPP,SUPP,NE,NE,NE,SUPP,SUPP,SUPP,NE,,,,,,,NE,NE,NE,NE,NE,NE,NE,NE,NE,NE,NE,NE,NE,NE,NE,NE,NE,NE,NE,NE,NE,NE,NE,NE,NE,NE,NE,NE,NE,NE,NE,NE,NE,NE,NE,NE,NE,NE,NE,NE,NE,NE,NE,NE,NE,NE,NE,NE,NE,NE,NE,NE,NE,NE,NE,NE,NE,NE,NE,NE,NE,SUPP,SUPP,SUPP,SUPP,SUPP,SUPP,SUPP,SUPP,SUPP,SUPP,SUPP,SUPP,SUPP,SUPP,SUPP,SUPP,SUPP,SUPP,SUPP,SUPP,SUPP,SUPP,SUPP,SUPP,SUPP,SUPP,SUPP,SUPP,SUPP,SUPP,SUPP,SUPP,SUPP,SUPP,SUPP,SUPP,SUPP,SUPP,SUPP,SUPP,SUPP,SUPP,SUPP,SUPP,SUPP,SUPP,SUPP,SUPP,SUPP,SUPP,SUPP,SUPP,SUPP,SUPP,SUPP,SUPP,NE,NE,NE,NE,NE,NE,NE,NE,NE,NE,NE,NE,NE,NE,NE,NE,NE,NE,NE,NE,NE,NE,NE,NE,NE,NE,NE,SUPP,SUPP,SUPP,SUPP,SUPP,SUPP,SUPP,SUPP,SUPP,SUPP,SUPP,SUPP,SUPP,SUPP,SUPP,SUPP,SUPP,SUPP,SUPP,SUPP,SUPP,SUPP,SUPP,SUPP,SUPP,SUPP,SUPP,SUPP,SUPP,SUPP,SUPP,SUPP,SUPP,SUPP,SUPP,SUPP,SUPP,SUPP,SUPP,SUPP,SUPP,SUPP,SUPP,SUPP,SUPP,NE,NE,NE,NE,NE,NE,NE,NE,NE,NE,NE,NE,NE,NE,NE,,,,,,,,,,,,,,,,,,,,,,,,,,,,,,,NE,NE,NE,NE,NE,NE,NE,NE,NE,NE,NE,NE,SUPP,SUPP,SUPP,SUPP,SUPP,SUPP,NE,NE,NE,SUPP,SUPP,NE,NE,NE,SUPP,SUPP,NE,NE,NE,SUPP,SUPP,SUPP,SUPP,SUPP,SUPP,NE,NE,NE,NE,NE,NE,SUPP,SUPP,SUPP,SUPP,NE,NE,NE,NE,NE,NE,SUPP,SUPP,SUPP,SUPP,NE,NE,NE,NE,NE,NE,,,,,,,SUPP,SUPP,SUPP,SUPP,SUPP,SUPP,NE,NE,NE,SUPP,SUPP,SUPP,,,,,,,,,,,,,NE,,,NE,,,,,SUPP,SUPP,NE,NE,NE,NE,NE,NE,SUPP,SUPP,SUPP,NE,SUPP,SUPP,NE,NE,NE,NE,NE,NE,SUPP,SUPP,SUPP,NE,,,,,,,,,NE,NE,,,,,,,,,NE,NE,NE,NE,SUPP,SUPP,,,,,NE,NE,NE,NE,SUPP,SUPP,,,,,NE,NE,NE
1,919,4802,136922,Yavneh College,,Hillside Avenue,,,Borehamwood,WD6 1HL,02087365580,E14000745,Hertsmere,0,0,ACC,Jewish,NSE,OTHER NON SEL,MIXED,0,0,1,11-18,1060,577,483,143,72,50%,71,50%,105.4,27,20%,70,53%,35,27%,10,7%,133,93%,4,3%,139,97%,0,0%,142,99%,0,0%,13,9%,13,9%,8868,62,1860,13,1730,12.1,2709,18.9,2569,18,2163,15.1,406,2.8,2.9,2.9,132,1,92%,0.93,0.69,1.17,0.9,0.66,1.15,0.88,0.61,1.15,0.88,0.62,1.14,1.17,0.89,1.45,0.67,0.39,0.95,90%,79%,794.66,5.56,3.77,5.69,3.18,5.72,6.91,SUPP,5.51,5.6,5.57,,,,,,,53,37%,34%,27%,139,97%,140,98%,141,99%,115,80%,71,50%,95%,88%,91%,80%,89%,80%,89%,77%,86%,69%,130,92%,104,90%,64,90%,1.24,0.98,1.49,1.15,0.81,1.5,0.64,0.16,1.11,136,126,130,115,125,113,102,88,61,49,52,36%,139,97%,140,98%,141,100%,115,100%,68,96%,43.2,10,0,0.62,-0.26,1.49,0.62,-0.27,1.51,63.4,122,1,0.96,0.71,1.21,0.93,0.67,1.18,10,0.83,-0.16,1.83,7.8,0.49,-0.46,1.44,12.6,0.81,-0.2,1.83,12.8,0.37,-0.64,1.38,13.2,0.88,0.6,1.17,12.4,0.91,0.64,1.18,19.4,1.2,0.91,1.49,18.4,0.69,0.41,0.98,10.3,2.5,15.5,2.9,-9.6,0.47,39.2,27,0,0.59,0.06,1.12,0.59,0.05,1.13,64,70,0,1.23,0.9,1.56,1.23,0.89,1.56,75.1,35,1,0.6,0.13,1.07,0.5,0.02,0.98,SUPP,SUPP,SUPP,SUPP,SUPP,SUPP,SUPP,SUPP,SUPP,SUPP,SUPP,SUPP,SUPP,SUPP,SUPP,61.3,13.1,11.5,18.7,18,15.1,2.8,65,0,1.02,0.68,1.37,1.02,0.68,1.37,62.8,13,12.7,19.1,18,15.1,2.9,67,1,0.84,0.5,1.18,0.79,0.44,1.13,62.2,13,12.1,19,18,15.1,2.9,132,1,0.93,0.69,1.17,0.9,0.66,1.15,,,,,,,,,,,,,,,,,,,,,,,,,,,,,,,3,11%,7%,4%,24,34%,30%,21%,19,54%,54%,49%,30%,38%,20%,10%,35%,29%,0.74,1.52,1.03,0.93,1.26,0.45,1.52,0.85,0.55,1.2,-0.14,0.86,0.51,SUPP,0.57,1.89,-0.02,1.52,1,1.3,0.18,1.87,1.18,1.52,0.54,1.89,-0.78,1.55,0.84,1.3,-0.41,1.99,1.06,1.49,0.21,SUPP,SUPP,1.07,0.07,1.31,-1.59,1.5,0.22,1.34,-0.33,,,,,,,36%,35%,28%,38%,34%,27%,37%,35%,27%,SUPP,SUPP,SUPP,,,,,,,,,,,,,87%,,,99%,,,,,80%,91%,17,63%,68,97%,34,97%,93%,87%,SUPP,91%,30%,83%,8,30%,61,87%,34,97%,82%,76%,SUPP,80%,,,,,,,,,0%,33%,,,,,,,,,7.5,6.4,7.5,8.4,6.3,7.6,,,,,7,5.6,6.9,8,5.8,7.1,,,,,1082,0,0%
4,919,,,,,,,,,,,,,,0,,,,,,,,,,93141,47053,46088,13855,7121,51%,6734,49%,104.6,2914,22%,6635,51%,3569,27%,2275,16%,11580,84%,1698,12%,12095,87%,62,0%,13499,97%,476,3%,2367,17%,1891,14%,737970.5,53.3,154350,11.1,142738,10.3,217136.3,15.7,223746.3,16.1,198240,14.3,25506.3,1.8,2.8,2.8,13118,103,95%,0.17,0.14,0.19,0.16,0.13,0.18,0.1,0.07,0.13,0.13,0.1,0.15,0.19,0.16,0.22,0.19,0.16,0.21,76%,57%,65761.96,4.75,3.09,5.07,2.52,4.63,6.78,5.15,5,4.51,4.78,4.83,3.46,5.12,4.88,3.37,5.17,6459,47%,35%,28%,13227,95%,13487,97%,13283,96%,11502,83%,7275,53%,84%,72%,79%,62%,76%,60%,76%,65%,82%,72%,12593,,10947,,6834,,,,,,,,,,,11618,10024,10896,8527,10130,7920,8754,7514,5999,5235,6212,45%,13193,95%,13382,97%,13158,99%,11208,97%,7141,98%,36.7,2187,42,-0.66,-0.72,-0.6,-0.67,-0.73,-0.61,56.5,10931,61,0.33,0.3,0.36,0.32,0.3,0.35,8.1,-0.66,-0.73,-0.59,7.1,-0.57,-0.63,-0.51,10.3,-0.71,-0.78,-0.64,11.2,-0.71,-0.78,-0.64,11.7,0.25,0.22,0.28,10.9,0.27,0.24,0.3,16.7,0.37,0.34,0.4,17.1,0.36,0.33,0.4,8.8,2.4,15.4,1.7,-16.1,-0.81,31.1,2914,0,-0.05,-0.1,0,-0.05,-0.1,0,52.8,6635,69,0.21,0.17,0.24,0.2,0.17,0.24,72.5,3569,34,0.26,0.22,0.31,0.25,0.2,0.29,56.1,11.4,11,17.2,16.6,14.9,1.7,1434,3,0.66,0.59,0.74,0.66,0.59,0.74,56.1,12,10.4,16.3,17.5,15.6,1.9,6371,53,0.36,0.33,0.4,0.35,0.32,0.39,50.5,10.3,10.2,15.1,14.9,13.1,1.8,6747,50,-0.02,-0.05,0.02,-0.03,-0.06,0.01,53.6,11.2,10.4,15.8,16.3,14.4,1.9,12888,94,0.19,0.16,0.21,0.18,0.16,0.21,54.2,12576,0.1,0.08,0.12,41.1,2276,-0.48,-0.53,-0.43,57,10300,0.23,0.2,0.25,54.8,12748,0.08,0.06,0.11,39.8,2100,-0.59,-0.65,-0.54,57.7,10648,0.22,0.19,0.24,505,17%,6%,2%,3083,46%,32%,21%,2500,70%,65%,59%,26%,51%,13%,8%,39%,31%,,,,,,,,,,,,,,,,,,,,,,,,,,,,,,,,,,,,,,,,,,,,,,47%,38%,29%,47%,38%,29%,43%,30%,24%,51%,40%,32%,47%,36%,28%,59%,42%,34%,29%,18%,11%,51%,43%,33%,28%,17%,10%,51%,42%,33%,73%,76%,76%,98%,79%,59%,78%,60%,47%,81%,912,31%,5532,83%,3508,98%,73%,78%,78%,76%,27%,63%,328,11%,3887,59%,3341,94%,55%,60%,62%,58%,56%,33%,83%,64%,53%,31%,84%,66%,5%,32%,2333,18%,10867,82%,2205,16%,11282,84%,8.3,7.1,8.4,9.3,7.2,8.5,7.5,8.6,7.5,8.6,7.8,6.3,7.9,9.1,6.5,8.1,6.9,8.2,6.8,8.1,116061,1436,1%
5,,,,,,,,,,,,,,,0,,,,,,,,,,4049086,2062519,1986559,650205,334214,51%,315991,49%,,,,,,,,,,,,,,,,,,,,,,,,,,30488367,46.9,6392981.3,9.8,5766803.3,8.9,9008620.2,13.9,9319962.2,14.3,7682865.4,11.8,1637096.8,2.5,2.7,2.7,,,,,,,,,,,,,,,,,,,,,,64%,46%,2653819.74,4.08,,,,,,,4.33,,4.28,4.17,,,4.24,,,232326,36%,25%,19%,575645,89%,589694,91%,582768,90%,501822,77%,288090,44%,74%,62%,68%,51%,70%,52%,71%,59%,77%,67%,526854,,455359,,246093,,,,,,,,,,,480408,400211,443044,334386,407577,305070,355193,293635,223208,193257,221466,34%,572655,88%,578609,89%,574182,99%,489308,98%,278251,97%,,,,,,,,,,,,,,,,,,,,,,,,,,,,,,,,,,,,,,,,,,,,,,,,,,,,,,,,,,,,,,,,,,,,,,,,,,,,,,,,,,,,,,,,,,,,,,,,,,,49.8,10.7,9,14.5,15.7,13.1,2.6,,,,,,,,,44.1,9,8.8,13.3,13.1,10.7,2.5,,,,,,,,,,,,,,,,,,,,,,,,48.1,,,,,,,,,,,,,,,48.9,,,,,,,,,,,,,,,,,,,,,,,,,,,,,,,,,,,,,,,,,,,,,,,,,,,,,,,,,,,,,,,,,,,,,,,,,,,,,,36%,27%,20%,36%,27%,20%,31%,20%,15%,41%,29%,23%,,,,,,,,,,,,,,,,,,,60%,63%,64%,96%,66%,46%,67%,48%,,,,,,,,,61%,67%,,,,,,,,,,,43%,50%,,,,,,,,,,,4%,25%,,,,66%,,,,66%,7.6,,,,,,,,,,7
7,,,,,,,,,,,,,,,0,,,,,,,,,,3620352,1846555,1773789,587660,300517,51%,287143,49%,103.5,145112,26%,287383,52%,121033,22%,154849,26%,432811,74%,100173,17%,484114,82%,2076,0%,565415,96%,24852,4%,92388,16%,67536,11%,28661352.6,48.8,6101046,10.4,5551528,9.4,8343399.9,14.2,8665378.6,14.7,7048664.9,12,1616713.8,2.8,2.8,2.8,553527,5611,94%,-0.03,,,-0.04,,,-0.05,,,-0.03,,,-0.04,,,-0.04,,,69%,50%,2511594,4.27,3.19,4.66,2.4,4.36,6.41,4.58,4.5,4.06,4.33,4.39,3.39,4.74,4.45,3.4,4.82,227595,39%,27%,20%,556917,95%,567822,97%,557972,95%,478534,81%,263554,45%,79%,65%,73%,55%,69%,51%,70%,57%,76%,66%,526854,,455359,,246093,,,,,,,,,,,463082,384059,427466,321579,385863,286042,333691,273587,201362,172926,217195,37%,554112,94%,558269,95%,549988,99%,466271,97%,255349,97%,37.6,146046,2846,-0.55,-0.55,-0.54,-0.56,-0.57,-0.55,52.8,407481,2765,0.15,0.15,0.16,0.15,0.14,0.15,8.3,-0.52,-0.53,-0.51,7.2,-0.49,-0.49,-0.48,10.6,-0.59,-0.6,-0.58,11.5,-0.6,-0.61,-0.59,11.1,0.13,0.12,0.13,10.2,0.14,0.13,0.14,15.5,0.16,0.16,0.17,15.9,0.15,0.15,0.16,8.5,2.9,13.2,2.7,,,29.7,145112,0,-0.13,-0.14,-0.12,-0.13,-0.14,-0.12,50.3,287382,3867,0,-0.01,0,-0.01,-0.02,0,69.6,121033,1744,0.02,0.01,0.03,0,-0.01,0.01,50.6,10.6,9.9,15.3,14.9,12.7,2.2,81705,308,0.55,0.54,0.56,0.54,0.53,0.55,51.4,11.2,9.5,14.7,16,13.1,2.8,271239,2645,0.15,0.15,0.16,0.15,0.14,0.15,46.3,9.6,9.4,13.7,13.6,10.9,2.7,282288,2966,-0.21,-0.21,-0.2,-0.22,-0.22,-0.21,49.4,10.5,9.6,14.4,15,12.2,2.8,539787,4891,0,0,0,-0.01,-0.01,0,50.2,531592,-0.03,,,40.2,140390,-0.46,-0.47,-0.46,53.7,391202,0.12,0.12,0.13,50.9,542023,-0.03,,,40.3,143689,-0.52,-0.53,-0.51,54.7,398334,0.14,0.14,0.15,23122,16%,4%,2%,115068,40%,26%,17%,76391,63%,57%,51%,27%,43%,14%,9%,31%,24%,0,0,0,-0.4,0.13,-0.01,0,0,-0.52,0.16,0,0,0,-0.34,0.08,,,,,,,,,,,,,,,,,,,,,,,,,,,,,,,40%,30%,21%,39%,30%,22%,34%,22%,17%,44%,32%,24%,39%,27%,21%,51%,33%,25%,28%,17%,10%,44%,35%,25%,27%,16%,10%,43%,34%,26%,65%,69%,70%,97%,71%,50%,72%,52%,48%,76%,41311,28%,226805,79%,117137,97%,66%,72%,70%,70%,30%,57%,14768,10%,154213,54%,109778,91%,47%,53%,53%,51%,53%,30%,78%,57%,53%,32%,79%,59%,3%,26%,146214,26%,415780,74%,151987,26%,423876,74%,8,6.9,8.2,9.1,7.2,8.3,7.4,8.4,7.4,8.4,7.3,6,7.4,8.7,6.4,7.6,6.6,7.8,6.6,7.7,4758273,91374,2%