RECTYPE,ALPHAIND,LEA,ESTAB,URN,SCHNAME,ADDRESS1,ADDRESS2,ADDRESS3,TOWN,PCODE,TELNUM,PCON_CODE,PCON_NAME,URN_AC,SCHNAME_AC,OPEN_AC,NFTYPE,ICLOSE,RELDENOM,AGERANGE,TAB15,TAB1618,TOTPUPS,TPUPYEAR,TELIG,BELIG,GELIG,PBELIG,PGELIG,TKS1AVERAGE,TKS1GROUP_L,PTKS1GROUP_L,TKS1GROUP_M,PTKS1GROUP_M,TKS1GROUP_H,PTKS1GROUP_H,TKS1GROUP_NA,PTKS1GROUP_NA,TFSM6CLA1A,PTFSM6CLA1A,TNOTFSM6CLA1A,PTNOTFSM6CLA1A,TEALGRP2,PTEALGRP2,TMOBN,PTMOBN,PTRWM_EXP,PTRWM_HIGH,READPROG,READPROG_LOWER,READPROG_UPPER,READCOV,WRITPROG,WRITPROG_LOWER,WRITPROG_UPPER,WRITCOV,MATPROG,MATPROG_LOWER,MATPROG_UPPER,MATCOV,PTREAD_EXP,PTREAD_HIGH,PTREAD_AT,READ_AVERAGE,PTGPS_EXP,PTGPS_HIGH,PTGPS_AT,GPS_AVERAGE,PTMAT_EXP,PTMAT_HIGH,PTMAT_AT,MAT_AVERAGE,PTWRITTA_EXP,PTWRITTA_HIGH,PTWRITTA_WTS,PTWRITTA_AD,PTSCITA_EXP,PTSCITA_AD,PTRWM_EXP_B,PTRWM_EXP_G,PTRWM_EXP_L,PTRWM_EXP_M,PTRWM_EXP_H,PTRWM_EXP_FSM6CLA1A,PTRWM_EXP_NotFSM6CLA1A,DIFFN_RWM_EXP,PTRWM_EXP_EAL,PTRWM_EXP_MOBN,PTRWM_HIGH_B,PTRWM_HIGH_G,PTRWM_HIGH_L,PTRWM_HIGH_M,PTRWM_HIGH_H,PTRWM_HIGH_FSM6CLA1A,PTRWM_HIGH_NotFSM6CLA1A,DIFFN_RWM_HIGH,PTRWM_HIGH_EAL,PTRWM_HIGH_MOBN,READPROG_B,READPROG_B_LOWER,READPROG_B_UPPER,READPROG_G,READPROG_G_LOWER,READPROG_G_UPPER,READPROG_L,READPROG_L_LOWER,READPROG_L_UPPER,READPROG_M,READPROG_M_LOWER,READPROG_M_UPPER,READPROG_H,READPROG_H_LOWER,READPROG_H_UPPER,READPROG_FSM6CLA1A,READPROG_FSM6CLA1A_LOWER,READPROG_FSM6CLA1A_UPPER,READPROG_NotFSM6CLA1A,READPROG_NotFSM6CLA1A_LOWER,READPROG_NotFSM6CLA1A_UPPER,DIFFN_READPROG,READPROG_EAL,READPROG_EAL_LOWER,READPROG_EAL_UPPER,READPROG_MOBN,READPROG_MOBN_LOWER,READPROG_MOBN_UPPER,WRITPROG_B,WRITPROG_B_LOWER,WRITPROG_B_UPPER,WRITPROG_G,WRITPROG_G_LOWER,WRITPROG_G_UPPER,WRITPROG_L,WRITPROG_L_LOWER,WRITPROG_L_UPPER,WRITPROG_M,WRITPROG_M_LOWER,WRITPROG_M_UPPER,WRITPROG_H,WRITPROG_H_LOWER,WRITPROG_H_UPPER,WRITPROG_FSM6CLA1A,WRITPROG_FSM6CLA1A_LOWER,WRITPROG_FSM6CLA1A_UPPER,WRITPROG_NotFSM6CLA1A,WRITPROG_NotFSM6CLA1A_LOWER,WRITPROG_NotFSM6CLA1A_UPPER,DIFFN_WRITPROG,WRITPROG_EAL,WRITPROG_EAL_LOWER,WRITPROG_EAL_UPPER,WRITPROG_MOBN,WRITPROG_MOBN_LOWER,WRITPROG_MOBN_UPPER,MATPROG_B,MATPROG_B_LOWER,MATPROG_B_UPPER,MATPROG_G,MATPROG_G_LOWER,MATPROG_G_UPPER,MATPROG_L,MATPROG_L_LOWER,MATPROG_L_UPPER,MATPROG_M,MATPROG_M_LOWER,MATPROG_M_UPPER,MATPROG_H,MATPROG_H_LOWER,MATPROG_H_UPPER,MATPROG_FSM6CLA1A,MATPROG_FSM6CLA1A_LOWER,MATPROG_FSM6CLA1A_UPPER,MATPROG_NotFSM6CLA1A,MATPROG_NotFSM6CLA1A_LOWER,MATPROG_NotFSM6CLA1A_UPPER,DIFFN_MATPROG,MATPROG_EAL,MATPROG_EAL_LOWER,MATPROG_EAL_UPPER,MATPROG_MOBN,MATPROG_MOBN_LOWER,MATPROG_MOBN_UPPER,READ_AVERAGE_B,READ_AVERAGE_G,READ_AVERAGE_L,READ_AVERAGE_M,READ_AVERAGE_H,READ_AVERAGE_FSM6CLA1A,READ_AVERAGE_NotFSM6CLA1A,READ_AVERAGE_EAL,READ_AVERAGE_MOBN,MAT_AVERAGE_B,MAT_AVERAGE_G,MAT_AVERAGE_L,MAT_AVERAGE_M,MAT_AVERAGE_H,MAT_AVERAGE_FSM6CLA1A,MAT_AVERAGE_NotFSM6CLA1A,MAT_AVERAGE_EAL,MAT_AVERAGE_MOBN,GPS_AVERAGE_B,GPS_AVERAGE_G,GPS_AVERAGE_L,GPS_AVERAGE_M,GPS_AVERAGE_H,GPS_AVERAGE_FSM6CLA1A,GPS_AVERAGE_NotFSM6CLA1A,GPS_AVERAGE_EAL,GPS_AVERAGE_MOBN,PTREAD_EXP_L,PTREAD_EXP_M,PTREAD_EXP_H,PTREAD_EXP_FSM6CLA1A,PTREAD_EXP_NotFSM6CLA1A,PTGPS_EXP_L,PTGPS_EXP_M,PTGPS_EXP_H,PTGPS_EXP_FSM6CLA1A,PTGPS_EXP_NotFSM6CLA1A,PTMAT_EXP_L,PTMAT_EXP_M,PTMAT_EXP_H,PTMAT_EXP_FSM6CLA1A,PTMAT_EXP_NotFSM6CLA1A,PTWRITTA_EXP_L,PTWRITTA_EXP_M,PTWRITTA_EXP_H,PTWRITTA_EXP_FSM6CLA1A,PTWRITTA_EXP_NotFSM6CLA1A,PTREAD_HIGH_L,PTREAD_HIGH_M,PTREAD_HIGH_H,PTREAD_HIGH_FSM6CLA1A,PTREAD_HIGH_NotFSM6CLA1A,PTGPS_HIGH_L,PTGPS_HIGH_M,PTGPS_HIGH_H,PTGPS_HIGH_FSM6CLA1A,PTGPS_HIGH_NotFSM6CLA1A,PTMAT_HIGH_L,PTMAT_HIGH_M,PTMAT_HIGH_H,PTMAT_HIGH_FSM6CLA1A,PTMAT_HIGH_NotFSM6CLA1A,PTWRITTA_HIGH_L,PTWRITTA_HIGH_M,PTWRITTA_HIGH_H,PTWRITTA_HIGH_FSM6CLA1A,PTWRITTA_HIGH_NotFSM6CLA1A,TEALGRP1,PTEALGRP1,TEALGRP3,PTEALGRP3,TSENELE,PSENELE,TSENELK,PSENELK,TSENELEK,PSENELEK,TELIG_22,PTFSM6CLA1A_22,PTNOTFSM6CLA1A_22,PTRWM_EXP_22,PTRWM_HIGH_22,PTRWM_EXP_FSM6CLA1A_22,PTRWM_HIGH_FSM6CLA1A_22,PTRWM_EXP_NotFSM6CLA1A_22,PTRWM_HIGH_NotFSM6CLA1A_22,READPROG_22,READPROG_LOWER_22,READPROG_UPPER_22,WRITPROG_22,WRITPROG_LOWER_22,WRITPROG_UPPER_22,MATPROG_22,MATPROG_LOWER_22,MATPROG_UPPER_22,READ_AVERAGE_22,MAT_AVERAGE_22,TELIG_19,PTFSM6CLA1A_19,PTNOTFSM6CLA1A_19,PTRWM_EXP_19,PTRWM_HIGH_19,PTRWM_EXP_FSM6CLA1A_19,PTRWM_HIGH_FSM6CLA1A_19,PTRWM_EXP_NotFSM6CLA1A_19,PTRWM_HIGH_NotFSM6CLA1A_19,READPROG_19,READPROG_LOWER_19,READPROG_UPPER_19,WRITPROG_19,WRITPROG_LOWER_19,WRITPROG_UPPER_19,MATPROG_19,MATPROG_LOWER_19,MATPROG_UPPER_19,READ_AVERAGE_19,MAT_AVERAGE_19,READPROG_UNADJUSTED,WRITPROG_UNADJUSTED,MATPROG_UNADJUSTED,READPROG_DESCR,WRITPROG_DESCR,MATPROG_DESCR
1,220,919,2000,117083,Abbots Langley School,Parsonage Close,,,Abbots Langley,WD5 0BQ,01923263174,E14001021,Watford,0,,,CY,0,Does not apply,3-11,0,0,434,59,60,27,33,45%,55%,7.9,11,19%,30,53%,16,28%,3,5%,11,18%,49,82%,7,12%,57,95%,62%,7%,-1.1,-2.7,0.5,95%,0.8,-0.8,2.4,95%,-0.4,-1.9,1.1,95%,72%,23%,0%,104,73%,23%,0%,104,75%,23%,0%,104,77%,17%,22%,0%,85%,0%,52%,70%,0%,67%,100%,18%,71%,-48,71%,61%,7%,6%,0%,0%,25%,0%,8%,-10,0%,7%,-2.6,-5.1,-0.2,0.1,-2.1,2.3,-2.6,-6.3,1.1,0.1,-2.1,2.4,-2.3,-5.4,0.8,-4.5,-8.4,-0.6,-0.4,-2.2,1.4,-4.9,SUPP,SUPP,SUPP,-1.1,-2.8,0.5,-0.4,-2.8,2.0,1.7,-0.3,3.8,-1.3,-4.8,2.3,1.4,-0.7,3.6,1.1,-1.9,4.0,-1.0,-4.7,2.8,1.2,-0.5,2.9,-1.4,SUPP,SUPP,SUPP,0.8,-0.8,2.4,-0.1,-2.4,2.2,-0.6,-2.7,1.4,-0.2,-3.7,3.3,-0.5,-2.7,1.6,-0.3,-3.2,2.6,-0.3,-4.0,3.3,-0.4,-2.1,1.3,-0.8,SUPP,SUPP,SUPP,-0.4,-1.9,1.2,102,106,96,105,109,97,106,105,104,104,104,97,103,110,101,105,105,104,101,106,95,103,110,99,105,107,103,18%,80%,100%,27%,82%,18%,80%,100%,36%,82%,27%,80%,100%,64%,78%,18%,90%,100%,45%,84%,0%,23%,44%,0%,29%,0%,7%,69%,0%,29%,0%,7%,69%,0%,29%,0%,7%,50%,0%,20%,53,88%,0,0%,1,2%,7,12%,8,13%,,,,,,,,,,,,,,,,,,,,,90,17%,83%,59%,16%,53%,0%,60%,19%,1.3,0.1,2.6,0.0,-1.2,1.2,0.4,-0.7,1.5,106,105,-1.1,0.8,-0.4,3,3,3
1,20258,919,2001,139545,Flamstead End School,Longfield Lane,Cheshunt,,Waltham Cross,EN7 6AG,01992308888,E14000606,Broxbourne,0,,,ACC,0,Does not apply,2-11,0,0,485,60,60,35,25,58%,42%,8.2,7,12%,30,50%,23,38%,0,0%,16,27%,44,73%,2,3%,58,97%,57%,5%,-2.7,-4.3,-1.1,100%,-3.0,-4.5,-1.5,100%,-1.8,-3.3,-0.3,100%,75%,22%,0%,104,65%,17%,0%,102,83%,17%,0%,104,63%,10%,33%,0%,85%,0%,54%,60%,0%,47%,87%,50%,59%,-16,SUPP,59%,9%,0%,0%,0%,13%,0%,7%,-10,SUPP,5%,-2.7,-4.7,-0.6,-2.8,-5.3,-0.4,-4.3,-8.9,0.4,-1.3,-3.6,0.9,-4.1,-6.7,-1.6,-0.9,-4.0,2.2,-3.4,-5.3,-1.5,-1.3,SUPP,SUPP,SUPP,-2.8,-4.4,-1.1,-3.4,-5.4,-1.4,-2.5,-4.8,-0.1,-3.5,-7.9,1.0,-3.1,-5.3,-1.0,-2.7,-5.2,-0.2,-2.6,-5.6,0.4,-3.1,-4.9,-1.4,-3.0,SUPP,SUPP,SUPP,-3.0,-4.5,-1.4,-0.7,-2.6,1.3,-3.3,-5.6,-1.0,-1.9,-6.3,2.5,-2.2,-4.3,0.0,-1.3,-3.7,1.2,-0.7,-3.6,2.2,-2.2,-3.9,-0.4,-1.2,SUPP,SUPP,SUPP,-1.9,-3.5,-0.4,104,103,92,104,107,104,103,SUPP,104,105,102,94,102,109,103,104,SUPP,104,102,102,92,101,106,102,102,SUPP,102,14%,77%,91%,69%,77%,0%,63%,87%,50%,70%,29%,83%,100%,75%,86%,0%,60%,87%,50%,68%,0%,17%,35%,31%,18%,0%,3%,39%,25%,14%,0%,7%,35%,25%,14%,0%,3%,22%,13%,9%,58,97%,0,0%,1,2%,7,12%,8,13%,,,,,,,,,,,,,,,,,,,,,60,17%,83%,75%,20%,60%,30%,78%,18%,0.9,-0.7,2.4,1.9,0.4,3.3,1.1,-0.3,2.5,106,107,-2.7,-3.0,-1.8,4,5,4
1,3050,919,2002,117084,Ashwell Primary School,Silver Street,Ashwell,,Baldock,SG7 5QL,01462742297,E14000845,North East Hertfordshire,0,,,CY,0,Does not apply,3-11,0,0,216,31,31,15,16,48%,52%,8.4,5,17%,9,30%,16,53%,1,3%,1,3%,30,97%,1,3%,28,90%,68%,16%,3.0,0.7,5.2,97%,-1.4,-3.6,0.7,97%,1.5,-0.6,3.6,97%,94%,52%,0%,110,84%,48%,0%,107,84%,39%,0%,107,71%,19%,26%,0%,81%,0%,53%,81%,SUPP,56%,94%,SUPP,SUPP,SUPP,SUPP,71%,20%,13%,SUPP,0%,31%,SUPP,SUPP,SUPP,SUPP,18%,2.5,-0.6,5.7,3.4,0.2,6.6,SUPP,SUPP,SUPP,1.5,-2.6,5.6,2.3,-0.8,5.4,SUPP,SUPP,SUPP,SUPP,SUPP,SUPP,SUPP,SUPP,SUPP,SUPP,2.8,0.4,5.1,-3.2,-6.3,-0.2,0.3,-2.7,3.4,SUPP,SUPP,SUPP,-2.5,-6.4,1.5,-1.4,-4.4,1.6,SUPP,SUPP,SUPP,SUPP,SUPP,SUPP,SUPP,SUPP,SUPP,SUPP,-1.6,-3.8,0.7,2.2,-0.8,5.2,0.8,-2.2,3.8,SUPP,SUPP,SUPP,2.4,-1.5,6.2,0.8,-2.1,3.7,SUPP,SUPP,SUPP,SUPP,SUPP,SUPP,SUPP,SUPP,SUPP,SUPP,1.6,-0.6,3.7,109,110,SUPP,105,114,SUPP,SUPP,SUPP,110,108,106,SUPP,106,112,SUPP,SUPP,SUPP,108,107,107,SUPP,106,112,SUPP,SUPP,SUPP,107,SUPP,89%,100%,SUPP,SUPP,SUPP,89%,100%,SUPP,SUPP,SUPP,100%,100%,SUPP,SUPP,SUPP,56%,94%,SUPP,SUPP,SUPP,11%,88%,SUPP,SUPP,SUPP,44%,69%,SUPP,SUPP,SUPP,22%,63%,SUPP,SUPP,SUPP,0%,38%,SUPP,SUPP,30,97%,0,0%,0,0%,4,13%,4,13%,,,,,,,,,,,,,,,,,,,,,30,10%,90%,90%,27%,SUPP,SUPP,SUPP,SUPP,2.4,0.2,4.6,-1.1,-3.1,1.0,0.6,-1.3,2.6,111,109,3.0,-1.4,1.5,2,3,3
1,7168,919,2003,136857,Bovingdon Primary Academy,"Bovingdon Primary Academy,High Street",High Street,Bovingdon,Hemel Hempstead,HP3 0HL,01442406545,E14000951,South West Hertfordshire,0,,,ACC,0,Does not apply,3-11,0,0,414,60,60,37,23,62%,38%,8.1,8,14%,30,51%,21,36%,1,2%,5,8%,55,92%,2,3%,59,98%,87%,13%,2.3,0.7,3.9,97%,1.2,-0.3,2.8,98%,2.5,0.9,4.0,97%,93%,37%,2%,109,93%,50%,2%,110,92%,35%,2%,108,90%,18%,5%,0%,97%,0%,89%,83%,50%,90%,95%,SUPP,SUPP,SUPP,SUPP,86%,14%,13%,0%,3%,33%,SUPP,SUPP,SUPP,SUPP,14%,1.7,-0.3,3.8,3.2,0.6,5.8,1.1,-3.5,5.8,3.7,1.4,5.9,0.7,-2.0,3.4,SUPP,SUPP,SUPP,SUPP,SUPP,SUPP,SUPP,SUPP,SUPP,SUPP,2.3,0.7,3.9,0.7,-1.2,2.7,2.0,-0.5,4.5,-1.1,-5.3,3.1,2.3,0.2,4.5,0.5,-2.0,3.1,SUPP,SUPP,SUPP,SUPP,SUPP,SUPP,SUPP,SUPP,SUPP,SUPP,1.2,-0.3,2.8,2.9,1.0,4.9,1.7,-0.8,4.2,3.8,-0.5,8.2,3.2,1.1,5.3,0.9,-1.6,3.5,SUPP,SUPP,SUPP,SUPP,SUPP,SUPP,SUPP,SUPP,SUPP,SUPP,2.5,0.9,4.0,109,109,106,108,112,SUPP,SUPP,SUPP,109,109,107,104,107,111,SUPP,SUPP,SUPP,108,110,110,103,109,114,SUPP,SUPP,SUPP,110,50%,100%,100%,SUPP,SUPP,50%,100%,100%,SUPP,SUPP,63%,93%,100%,SUPP,SUPP,50%,97%,95%,SUPP,SUPP,13%,23%,67%,SUPP,SUPP,0%,43%,81%,SUPP,SUPP,0%,23%,67%,SUPP,SUPP,0%,3%,48%,SUPP,SUPP,58,97%,0,0%,1,2%,7,12%,8,13%,,,,,,,,,,,,,,,,,,,,,53,9%,91%,77%,17%,SUPP,SUPP,SUPP,SUPP,2.9,1.2,4.6,1.0,-0.5,2.6,2.3,0.9,3.8,107,108,2.3,1.2,2.5,2,3,2
1,25012,919,2004,138201,Hatfield Community Free School,Briars Lane,,,Hatfield,AL10 8ES,01707276018,E14001027,Welwyn Hatfield,0,,,F,0,None,4-11,0,0,416,58,59,35,24,59%,41%,8.2,6,11%,29,51%,22,39%,2,3%,15,25%,44,75%,19,32%,57,97%,71%,2%,2.1,0.4,3.7,97%,-2.5,-4.1,-1.0,97%,1.4,-0.2,2.9,97%,92%,44%,0%,108,88%,51%,0%,109,86%,31%,0%,107,75%,3%,20%,0%,86%,0%,66%,79%,17%,66%,100%,60%,75%,-6,74%,72%,3%,0%,0%,0%,5%,0%,2%,-10,0%,2%,2.2,0.0,4.3,1.9,-0.6,4.5,2.9,-2.2,7.9,1.7,-0.6,3.9,2.4,-0.2,5.0,1.0,-2.2,4.2,2.4,0.5,4.3,0.6,3.2,0.2,6.1,2.0,0.4,3.7,-3.1,-5.2,-1.1,-1.7,-4.1,0.7,-7.7,-12.5,-2.8,-1.8,-4.1,0.4,-2.0,-4.5,0.5,-4.6,-7.7,-1.5,-1.8,-3.6,0.0,-5.0,-1.5,-4.4,1.3,-2.5,-4.1,-0.9,2.5,0.5,4.5,-0.2,-2.5,2.2,0.2,-4.6,4.9,1.4,-0.7,3.6,1.6,-0.9,4.1,-1.7,-4.7,1.3,2.5,0.7,4.3,-2.2,5.2,2.4,8.0,1.4,-0.1,3.0,108,109,102,107,113,106,109,109,108,107,106,97,106,111,102,108,110,106,108,111,99,107,114,105,111,112,109,83%,90%,100%,87%,93%,50%,86%,100%,73%,93%,33%,90%,100%,73%,91%,17%,72%,100%,67%,77%,0%,31%,77%,33%,48%,17%,38%,82%,27%,59%,17%,17%,55%,7%,39%,0%,0%,9%,0%,5%,40,68%,0,0%,1,2%,11,19%,12,20%,,,,,,,,,,,,,,,,,,,,,58,24%,76%,64%,7%,50%,0%,68%,9%,-3.7,-5.3,-2.1,-3.5,-5.0,-2.1,-3.4,-4.8,-2.0,104,104,2.1,-2.5,1.4,2,4,3
1,19782,919,2005,131505,Featherstone Wood Primary School,Featherston Road,,,Stevenage,SG2 9PP,01438235550,E14000968,Stevenage,0,,,CY,0,Does not apply,3-11,0,0,194,25,27,15,12,56%,44%,7.1,7,28%,13,52%,5,20%,2,7%,15,56%,12,44%,4,15%,23,85%,30%,0%,-1.1,-3.6,1.3,93%,-1.8,-4.1,0.6,93%,-1.9,-4.4,0.5,85%,59%,7%,0%,101,52%,15%,0%,100,52%,7%,7%,99,41%,7%,52%,0%,74%,0%,13%,50%,0%,31%,SUPP,27%,33%,-39,SUPP,30%,0%,0%,0%,0%,SUPP,0%,0%,-10,SUPP,0%,-2.0,-5.2,1.3,-0.1,-3.8,3.7,3.0,-1.6,7.7,-1.2,-4.6,2.2,SUPP,SUPP,SUPP,0.2,-3.0,3.4,-3.1,-7.0,0.8,-0.2,SUPP,SUPP,SUPP,-0.9,-3.4,1.7,-3.7,-6.8,-0.5,0.7,-2.9,4.2,1.4,-3.1,5.9,-2.9,-6.2,0.4,SUPP,SUPP,SUPP,-2.9,-6.0,0.1,0.0,-3.8,3.7,-3.3,SUPP,SUPP,SUPP,-1.4,-3.8,1.1,-2.8,-6.1,0.4,-0.8,-4.5,2.9,-0.3,-5.1,4.4,-1.4,-4.7,2.0,SUPP,SUPP,SUPP,-0.6,-3.8,2.6,-3.7,-7.3,0.0,-1.1,SUPP,SUPP,SUPP,-1.7,-4.2,0.8,100,103,97,102,SUPP,101,101,SUPP,101,99,100,90,102,SUPP,98,100,SUPP,99,98,101,89,102,SUPP,97,103,SUPP,100,29%,69%,SUPP,67%,50%,0%,62%,SUPP,33%,75%,0%,69%,SUPP,53%,50%,0%,46%,SUPP,27%,58%,0%,8%,SUPP,0%,17%,0%,8%,SUPP,7%,25%,0%,0%,SUPP,0%,17%,0%,8%,SUPP,0%,17%,21,78%,2,7%,3,11%,9,33%,12,44%,,,,,,,,,,,,,,,,,,,,,17,76%,24%,53%,6%,SUPP,SUPP,SUPP,SUPP,-2.7,-5.7,0.2,-3.4,-6.1,-0.7,-2.4,-4.9,0.2,103,103,-1.2,-1.8,-1.9,3,3,3
1,5890,919,2007,132105,Birchwood Avenue Primary School,Birchwood Avenue,,,Hatfield,AL10 0PS,01707262503,E14001027,Welwyn Hatfield,0,,,CY,0,Does not apply,5-11,0,0,225,28,29,17,12,59%,41%,7.0,11,46%,8,33%,5,21%,5,17%,11,38%,18,62%,8,28%,23,79%,48%,7%,-1.2,-3.7,1.3,83%,0.4,-2.0,2.8,83%,-1.2,-3.5,1.2,83%,62%,17%,0%,103,62%,17%,3%,102,66%,17%,0%,102,66%,10%,28%,0%,72%,0%,53%,42%,0%,50%,SUPP,45%,50%,-21,50%,39%,0%,17%,0%,0%,SUPP,0%,11%,-10,0%,4%,-0.4,-3.8,3.0,-2.1,-5.9,1.6,-0.7,-4.4,3.0,-4.0,-8.4,0.3,SUPP,SUPP,SUPP,-1.8,-5.5,2.0,-0.7,-4.2,2.7,-2.2,0.4,-4.6,5.4,-1.4,-4.1,1.3,-1.6,-4.9,1.7,2.7,-0.9,6.3,-0.6,-4.1,3.0,1.1,-3.1,5.3,SUPP,SUPP,SUPP,-1.7,-5.3,1.9,2.1,-1.2,5.4,-2.1,-1.6,-6.4,3.2,0.0,-2.5,2.6,1.1,-2.2,4.3,-3.8,-7.3,-0.3,0.7,-2.8,4.2,-4.9,-9.0,-0.9,SUPP,SUPP,SUPP,-2.4,-5.9,1.1,-0.1,-3.3,3.1,-2.9,0.4,-4.3,5.1,-0.9,-3.4,1.7,103,102,97,100,SUPP,102,103,103,101,103,100,97,98,SUPP,99,103,104,101,100,104,94,102,SUPP,100,103,103,101,27%,63%,SUPP,64%,61%,18%,75%,SUPP,36%,78%,27%,75%,SUPP,64%,67%,18%,88%,SUPP,45%,78%,0%,0%,SUPP,18%,17%,0%,0%,SUPP,18%,17%,0%,0%,SUPP,9%,22%,0%,0%,SUPP,0%,17%,21,72%,0,0%,4,14%,4,14%,8,28%,,,,,,,,,,,,,,,,,,,,,31,35%,65%,65%,3%,55%,0%,70%,5%,1.4,-0.8,3.6,-0.5,-2.5,1.6,2.2,0.3,4.2,105,106,-1.2,0.4,-1.3,3,3,3
1,33914,919,2008,132091,Lodge Farm Primary School,Mobbsbury Way,Chells,,Stevenage,SG2 0HP,01438236600,E14000968,Stevenage,0,,,CY,0,Does not apply,3-11,0,0,438,61,60,34,26,57%,43%,8.3,8,13%,28,47%,24,40%,0,0%,17,28%,43,72%,4,7%,58,97%,48%,5%,-3.2,-4.8,-1.6,100%,-0.7,-2.2,0.8,100%,-3.9,-5.4,-2.4,98%,68%,18%,0%,103,78%,30%,0%,105,67%,18%,2%,102,72%,22%,28%,0%,78%,0%,50%,46%,0%,29%,88%,6%,65%,-60,SUPP,50%,6%,4%,0%,0%,13%,0%,7%,-10,SUPP,5%,-1.6,-3.7,0.5,-5.2,-7.6,-2.8,0.2,-4.1,4.6,-3.3,-5.6,-0.9,-4.2,-6.7,-1.7,-1.6,-4.6,1.3,-3.8,-5.7,-1.9,-2.0,SUPP,SUPP,SUPP,-3.4,-5.0,-1.8,-1.4,-3.4,0.6,0.2,-2.1,2.5,1.1,-3.1,5.3,-0.8,-3.0,1.5,-1.2,-3.6,1.2,-2.5,-5.3,0.4,0.0,-1.8,1.8,-2.9,SUPP,SUPP,SUPP,-0.9,-2.4,0.7,-2.0,-4.0,0.0,-6.3,-8.6,-4.1,-0.5,-4.9,3.9,-4.7,-6.8,-2.5,-4.0,-6.4,-1.7,-3.8,-6.6,-1.0,-4.0,-5.8,-2.2,-4.3,SUPP,SUPP,SUPP,-4.0,-5.5,-2.5,104,102,94,102,108,100,105,SUPP,104,104,100,94,99,107,97,104,SUPP,102,106,104,93,104,110,100,107,SUPP,106,25%,57%,96%,47%,77%,13%,82%,96%,53%,88%,13%,57%,96%,41%,77%,0%,71%,96%,35%,86%,0%,4%,42%,0%,26%,0%,14%,58%,12%,37%,0%,0%,46%,0%,26%,0%,11%,42%,0%,30%,56,93%,0,0%,0,0%,11,18%,11,18%,,,,,,,,,,,,,,,,,,,,,59,27%,73%,51%,10%,38%,6%,56%,12%,-0.9,-2.5,0.7,0.8,-0.7,2.3,-1.1,-2.5,0.3,102,103,-3.3,-0.7,-4.0,5,3,5
1,40230,919,2009,138539,Northgate Primary School,Cricketfield Lane,,,Bishop's Stortford,CM23 2RL,01279652376,E14000744,Hertford and Stortford,0,,,ACC,0,Does not apply,3-11,0,0,458,59,62,28,34,45%,55%,8.3,6,10%,23,40%,29,50%,4,6%,7,11%,55,89%,6,10%,57,92%,79%,21%,1.0,-0.6,2.7,92%,1.0,-0.5,2.6,92%,1.7,0.2,3.2,92%,84%,47%,2%,110,79%,47%,2%,109,85%,44%,2%,110,87%,31%,5%,0%,93%,0%,81%,76%,0%,73%,97%,71%,80%,5,100%,79%,15%,26%,0%,0%,41%,14%,22%,4,17%,21%,1.1,-1.4,3.6,1.0,-1.1,3.1,0.0,-5.0,5.0,1.3,-1.3,4.0,1.0,-1.3,3.3,-0.8,-5.4,3.9,1.3,-0.4,3.0,-1.2,SUPP,SUPP,SUPP,1.0,-0.6,2.7,0.5,-1.9,2.9,1.4,-0.7,3.5,-2.2,-7.1,2.6,0.6,-2.0,3.1,2.1,-0.1,4.3,2.0,-2.4,6.5,0.9,-0.8,2.6,1.6,SUPP,SUPP,SUPP,0.8,-0.8,2.4,3.6,1.2,5.9,0.4,-1.6,2.4,-2.3,-7.0,2.4,1.8,-0.7,4.3,2.5,0.3,4.6,0.2,-4.2,4.6,1.9,0.3,3.6,-0.3,SUPP,SUPP,SUPP,1.8,0.3,3.4,109,110,105,106,113,109,110,110,110,111,109,101,106,113,109,110,114,109,109,110,98,104,114,109,109,114,109,33%,78%,97%,71%,85%,17%,65%,100%,71%,80%,17%,83%,100%,71%,87%,17%,86%,100%,86%,87%,0%,30%,69%,43%,47%,0%,17%,79%,43%,47%,0%,13%,76%,43%,44%,0%,0%,62%,29%,31%,55,89%,1,2%,3,5%,5,8%,8,13%,,,,,,,,,,,,,,,,,,,,,62,5%,95%,97%,29%,SUPP,SUPP,SUPP,SUPP,2.6,1.0,4.2,1.5,0.1,2.9,1.5,0.2,2.9,110,109,1.0,1.0,1.7,3,3,2
1,9600,919,2012,117088,Bushey Heath Primary School,The Rutts,Bushey Heath,,Bushey,WD23 1SP,02089503042,E14000745,Hertsmere,0,,,CY,0,Does not apply,3-11,0,0,238,30,30,18,12,60%,40%,8.3,5,19%,8,30%,14,52%,3,10%,2,7%,28,93%,9,30%,29,97%,70%,20%,0.4,-2.0,2.7,90%,2.2,-0.1,4.5,90%,0.5,-1.8,2.7,90%,83%,43%,0%,108,97%,53%,0%,111,87%,30%,0%,107,83%,43%,13%,0%,93%,0%,78%,58%,SUPP,63%,100%,SUPP,SUPP,SUPP,89%,69%,17%,25%,SUPP,0%,36%,SUPP,SUPP,SUPP,22%,17%,-0.2,-3.2,2.8,1.3,-2.6,5.2,SUPP,SUPP,SUPP,1.2,-3.2,5.5,-0.6,-3.8,2.7,SUPP,SUPP,SUPP,SUPP,SUPP,SUPP,SUPP,-0.3,-5.0,4.3,0.4,-2.0,2.7,1.1,-1.7,4.0,4.0,0.3,7.8,SUPP,SUPP,SUPP,3.0,-1.2,7.2,2.9,-0.3,6.0,SUPP,SUPP,SUPP,SUPP,SUPP,SUPP,SUPP,4.4,-0.1,8.9,2.2,-0.1,4.5,0.8,-2.0,3.6,-0.2,-3.9,3.5,SUPP,SUPP,SUPP,1.8,-2.3,5.9,-1.0,-4.1,2.1,SUPP,SUPP,SUPP,SUPP,SUPP,SUPP,SUPP,0.9,-3.5,5.2,0.5,-1.8,2.7,108,108,SUPP,106,112,SUPP,SUPP,108,108,108,106,SUPP,106,110,SUPP,SUPP,109,107,111,111,SUPP,108,114,SUPP,SUPP,111,110,SUPP,88%,100%,SUPP,SUPP,SUPP,100%,100%,SUPP,SUPP,SUPP,75%,100%,SUPP,SUPP,SUPP,88%,100%,SUPP,SUPP,SUPP,25%,64%,SUPP,SUPP,SUPP,50%,79%,SUPP,SUPP,SUPP,25%,43%,SUPP,SUPP,SUPP,25%,71%,SUPP,SUPP,21,70%,0,0%,1,3%,4,13%,5,17%,,,,,,,,,,,,,,,,,,,,,31,16%,84%,81%,23%,SUPP,SUPP,SUPP,SUPP,2.0,-0.2,4.3,4.2,2.1,6.3,2.2,0.3,4.2,107,108,0.4,2.2,0.5,3,3,3
1,26684,919,2013,117089,Highwood Primary School,Mead Way,,,Bushey,WD23 2AW,01923256210,E14000745,Hertsmere,0,,,CY,0,Does not apply,3-11,0,0,434,50,51,16,35,31%,69%,7.8,8,17%,26,57%,12,26%,5,10%,13,25%,38,75%,20,39%,46,90%,57%,8%,-0.8,-2.6,1.0,90%,1.3,-0.5,3.0,90%,-0.3,-2.0,1.4,90%,65%,24%,0%,105,63%,18%,0%,104,67%,20%,0%,104,69%,24%,24%,0%,75%,0%,75%,49%,0%,69%,83%,38%,63%,-28,55%,61%,19%,3%,0%,0%,33%,0%,11%,-10,15%,9%,0.2,-3.0,3.4,-1.3,-3.5,0.9,-3.3,-7.6,1.1,-0.7,-3.1,1.8,0.5,-3.0,4.1,-0.5,-3.9,3.0,-0.9,-3.1,1.2,-0.9,-0.8,-3.8,2.3,-0.8,-2.6,1.0,2.0,-1.0,5.1,0.9,-1.2,3.0,-0.5,-4.7,3.7,0.7,-1.6,3.0,3.6,0.2,7.1,1.4,-1.9,4.7,1.2,-0.9,3.2,1.0,1.9,-1.1,4.9,1.3,-0.5,3.0,3.0,0.0,6.0,-1.9,-4.0,0.2,-4.5,-8.6,-0.4,1.8,-0.5,4.1,-2.1,-5.4,1.3,-2.6,-5.8,0.6,0.6,-1.4,2.6,-3.1,1.6,-1.3,4.5,-0.3,-2.1,1.4,106,104,96,104,112,103,106,106,105,108,103,93,106,108,99,106,107,104,107,102,94,103,110,100,105,108,103,0%,77%,100%,46%,71%,13%,69%,100%,46%,68%,0%,88%,83%,46%,74%,25%,77%,100%,54%,74%,0%,12%,75%,15%,26%,0%,12%,50%,8%,21%,0%,15%,50%,8%,24%,0%,12%,75%,23%,24%,31,61%,0,0%,1,2%,12,24%,13,25%,,,,,,,,,,,,,,,,,,,,,61,28%,72%,51%,13%,41%,0%,55%,18%,0.5,-1.1,2.1,0.6,-0.8,2.1,-0.5,-1.9,0.9,104,104,-0.8,1.3,-0.3,3,3,3
1,27146,919,2016,117091,Holdbrook Primary School and Nursery,Longcroft Drive,,,Waltham Cross,EN8 7QG,01992716789,E14000606,Broxbourne,0,,,CY,0,Does not apply,3-11,0,0,197,22,23,16,7,70%,30%,6.8,8,35%,10,43%,5,22%,0,0%,17,74%,6,26%,4,17%,19,83%,57%,9%,2.1,-0.5,4.6,100%,1.5,-0.9,4.0,100%,3.1,0.7,5.5,100%,65%,26%,0%,105,74%,39%,0%,107,74%,22%,0%,106,57%,9%,30%,0%,83%,0%,56%,57%,0%,80%,SUPP,47%,83%,-19,SUPP,63%,0%,29%,0%,0%,SUPP,6%,17%,-4,SUPP,11%,2.2,-0.9,5.3,1.8,-2.8,6.5,2.7,-1.7,7.0,2.3,-1.6,6.2,SUPP,SUPP,SUPP,1.0,-2.0,3.9,5.2,0.2,10.3,0.6,SUPP,SUPP,SUPP,2.4,-0.5,5.2,2.4,-0.6,5.4,-0.4,-4.9,4.1,4.4,0.2,8.5,-0.6,-4.3,3.2,SUPP,SUPP,SUPP,1.0,-1.9,3.9,3.1,-1.8,7.9,0.6,SUPP,SUPP,SUPP,2.8,0.0,5.5,5.2,2.3,8.1,-1.7,-6.1,2.7,5.2,1.1,9.3,1.9,-1.7,5.6,SUPP,SUPP,SUPP,3.1,0.3,5.9,3.1,-1.6,7.8,2.6,SUPP,SUPP,SUPP,4.2,1.6,6.9,103,107,93,107,SUPP,102,112,SUPP,104,106,106,100,106,SUPP,105,109,SUPP,107,105,109,96,108,SUPP,105,112,SUPP,107,13%,90%,SUPP,59%,83%,25%,100%,SUPP,71%,83%,38%,90%,SUPP,71%,83%,0%,80%,SUPP,47%,83%,0%,30%,SUPP,12%,67%,0%,50%,SUPP,29%,67%,0%,20%,SUPP,18%,33%,0%,0%,SUPP,6%,17%,18,78%,1,4%,2,9%,7,30%,9,39%,,,,,,,,,,,,,,,,,,,,,26,65%,35%,54%,0%,71%,0%,22%,0%,-0.9,-3.4,1.6,-1.8,-4.0,0.5,2.5,0.3,4.6,101,105,2.1,1.5,3.0,3,3,2
1,20732,919,2017,117092,Four Swannes Primary School,King Edward Road,,,Waltham Cross,EN8 7HH,01992763939,E14000606,Broxbourne,0,,,CY,0,Does not apply,3-11,0,0,202,26,26,14,12,54%,46%,6.9,10,40%,10,40%,5,20%,1,4%,8,31%,18,69%,13,50%,21,81%,38%,0%,2.9,0.5,5.4,96%,1.3,-1.1,3.7,96%,1.6,-0.7,3.9,96%,62%,27%,4%,103,65%,19%,4%,104,50%,12%,4%,101,50%,4%,46%,0%,73%,0%,36%,42%,10%,40%,SUPP,25%,44%,-41,38%,43%,0%,0%,0%,0%,SUPP,0%,0%,-10,0%,0%,1.1,-2.2,4.4,5.3,1.6,9.0,9.7,5.8,13.6,-3.1,-7.0,0.8,SUPP,SUPP,SUPP,10.9,6.5,15.2,-0.8,-3.8,2.2,10.5,2.1,-1.3,5.6,4.1,1.4,6.8,1.3,-1.8,4.5,1.3,-2.3,4.8,5.8,2.1,9.6,-1.8,-5.5,2.0,SUPP,SUPP,SUPP,6.9,2.7,11.1,-1.3,-4.2,1.6,6.5,0.6,-2.7,3.9,2.1,-0.5,4.7,2.6,-0.5,5.7,0.3,-3.2,3.8,7.6,3.9,11.2,-3.0,-6.6,0.7,SUPP,SUPP,SUPP,8.6,4.5,12.7,-1.7,-4.5,1.2,8.1,2.5,-0.7,5.7,3.0,0.5,5.6,101,106,100,102,SUPP,103,103,102,104,102,101,97,101,SUPP,100,102,102,102,103,104,100,102,SUPP,102,104,105,104,40%,70%,SUPP,63%,61%,50%,70%,SUPP,50%,72%,20%,60%,SUPP,25%,61%,10%,70%,SUPP,38%,56%,20%,0%,SUPP,38%,22%,10%,0%,SUPP,13%,22%,10%,0%,SUPP,25%,6%,0%,0%,SUPP,0%,6%,12,46%,1,4%,0,0%,3,12%,3,12%,,,,,,,,,,,,,,,,,,,,,21,33%,67%,38%,10%,43%,0%,36%,14%,-1.2,-3.9,1.5,4.3,1.8,6.8,-1.2,-3.6,1.2,100,101,2.9,1.3,1.6,2,3,3
1,12282,919,2019,117093,Chorleywood Primary School,Stag Lane,Chorleywood,,Rickmansworth,WD3 5HR,01923282095,E14000951,South West Hertfordshire,0,,,CY,0,Does not apply,3-11,0,0,229,30,30,12,18,40%,60%,8.6,4,14%,9,32%,15,54%,2,7%,5,17%,25,83%,3,10%,29,97%,80%,23%,0.6,-1.7,2.9,93%,1.9,-0.3,4.1,93%,0.0,-2.3,2.2,90%,87%,47%,3%,109,80%,43%,0%,108,83%,40%,3%,107,83%,37%,7%,3%,87%,0%,75%,83%,SUPP,89%,100%,SUPP,SUPP,SUPP,SUPP,83%,8%,33%,SUPP,0%,47%,SUPP,SUPP,SUPP,SUPP,24%,0.4,-3.3,4.2,0.7,-2.3,3.7,SUPP,SUPP,SUPP,2.1,-2.0,6.2,-0.2,-3.4,3.0,SUPP,SUPP,SUPP,SUPP,SUPP,SUPP,SUPP,SUPP,SUPP,SUPP,0.6,-1.7,2.9,-1.5,-5.1,2.1,4.1,1.2,7.0,SUPP,SUPP,SUPP,3.2,-0.7,7.2,1.6,-1.5,4.6,SUPP,SUPP,SUPP,SUPP,SUPP,SUPP,SUPP,SUPP,SUPP,SUPP,1.9,-0.3,4.1,-2.0,-5.7,1.6,1.1,-1.7,3.9,SUPP,SUPP,SUPP,0.2,-3.7,4.0,-0.7,-3.7,2.3,SUPP,SUPP,SUPP,SUPP,SUPP,SUPP,SUPP,SUPP,SUPP,SUPP,0.0,-2.3,2.2,110,109,SUPP,107,112,SUPP,SUPP,SUPP,109,106,108,SUPP,105,111,SUPP,SUPP,SUPP,107,107,109,SUPP,104,112,SUPP,SUPP,SUPP,108,SUPP,100%,100%,SUPP,SUPP,SUPP,89%,100%,SUPP,SUPP,SUPP,89%,100%,SUPP,SUPP,SUPP,100%,100%,SUPP,SUPP,SUPP,22%,80%,SUPP,SUPP,SUPP,22%,73%,SUPP,SUPP,SUPP,0%,80%,SUPP,SUPP,SUPP,22%,60%,SUPP,SUPP,27,90%,0,0%,2,7%,6,20%,8,27%,,,,,,,,,,,,,,,,,,,,,32,9%,91%,94%,31%,SUPP,SUPP,SUPP,SUPP,3.5,1.4,5.7,2.5,0.5,4.6,0.0,-1.9,1.9,111,107,0.6,1.9,0.0,3,3,3
1,4924,919,2020,145350,Beechfield School,Gammons Lane,,,Watford,WD24 5TY,01923221269,E14001021,Watford,0,,,ACC,0,Does not apply,3-11,0,0,399,49,48,22,26,46%,54%,7.5,13,30%,19,43%,12,27%,4,8%,12,25%,36,75%,24,50%,41,85%,67%,10%,2.0,0.2,3.9,90%,3.4,1.6,5.1,92%,3.3,1.5,5.1,90%,77%,21%,0%,105,79%,42%,0%,107,83%,31%,0%,106,75%,25%,23%,0%,73%,0%,68%,65%,31%,79%,100%,75%,64%,9,67%,68%,14%,8%,0%,0%,42%,8%,11%,-2,8%,7%,2.4,-0.3,5.1,1.7,-0.9,4.4,4.9,1.4,8.5,1.1,-1.8,3.9,0.7,-2.8,4.3,2.5,-1.0,6.1,1.9,-0.3,4.1,2.1,3.1,0.4,5.8,1.9,-0.1,3.9,2.5,0.0,5.0,4.2,1.7,6.7,4.5,1.2,7.8,2.5,-0.3,5.2,3.5,0.1,6.9,2.8,-0.7,6.2,3.6,1.5,5.7,2.4,3.3,0.7,5.9,3.2,1.3,5.1,4.5,1.9,7.0,2.2,-0.3,4.6,3.7,0.3,7.0,3.6,0.9,6.2,2.5,-0.9,5.8,3.9,0.6,7.3,3.0,1.0,5.1,3.4,4.3,1.8,6.8,3.3,1.4,5.2,106,104,100,106,112,106,105,105,105,108,104,98,108,113,107,105,106,106,107,107,98,109,115,106,107,108,107,54%,89%,100%,83%,75%,38%,100%,100%,75%,81%,54%,100%,100%,92%,81%,38%,89%,100%,83%,72%,8%,16%,50%,25%,19%,8%,47%,83%,42%,42%,0%,26%,83%,33%,31%,0%,21%,67%,8%,31%,23,48%,1,2%,1,2%,7,15%,8,17%,,,,,,,,,,,,,,,,,,,,,53,26%,74%,55%,9%,43%,0%,59%,13%,4.5,2.7,6.3,4.5,2.8,6.1,3.5,1.9,5.0,103,104,2.0,3.4,3.3,2,1,1
1,57312,919,2022,117096,Shepherd Primary,Shepherd's Lane,,,Rickmansworth,WD3 8JJ,01923773478,E14000951,South West Hertfordshire,0,,,CY,0,Does not apply,3-11,0,0,230,41,41,25,16,61%,39%,8.1,6,17%,18,50%,12,33%,5,12%,11,27%,30,73%,11,27%,36,88%,54%,10%,-2.3,-4.4,-0.3,88%,1.6,-0.4,3.6,88%,-2.2,-4.1,-0.2,88%,68%,27%,0%,103,76%,37%,0%,105,68%,20%,0%,103,80%,27%,20%,0%,93%,0%,52%,56%,0%,50%,83%,18%,67%,-48,55%,50%,16%,0%,0%,0%,33%,0%,13%,-10,18%,8%,-3.3,-5.9,-0.7,-0.8,-4.1,2.5,-0.4,-5.4,4.6,-2.9,-5.8,0.0,-2.4,-5.9,1.2,-2.9,-6.6,0.9,-2.1,-4.5,0.4,-3.3,-0.8,-5.4,3.9,-2.8,-4.9,-0.7,0.9,-1.6,3.5,2.6,-0.6,5.8,3.0,-1.9,7.8,0.2,-2.6,3.0,3.0,-0.5,6.4,1.6,-2.0,5.2,1.6,-0.8,3.9,1.2,2.0,-2.5,6.5,1.4,-0.6,3.4,-1.6,-4.1,0.9,-3.0,-6.1,0.1,-4.2,-9.0,0.5,-2.3,-5.1,0.4,-0.9,-4.2,2.5,-5.2,-8.7,-1.8,-0.8,-3.1,1.5,-5.7,-0.2,-4.6,4.1,-2.6,-4.6,-0.6,102,105,96,103,109,100,104,103,103,104,102,91,102,110,97,106,105,102,104,107,95,104,114,101,107,107,105,50%,67%,83%,55%,73%,17%,83%,100%,64%,80%,0%,67%,100%,36%,80%,33%,89%,100%,82%,80%,0%,11%,67%,0%,37%,0%,22%,75%,0%,50%,0%,6%,50%,0%,27%,0%,6%,67%,0%,37%,30,73%,0,0%,0,0%,6,15%,6,15%,,,,,,,,,,,,,,,,,,,,,31,6%,94%,71%,23%,SUPP,SUPP,SUPP,SUPP,-0.2,-2.5,2.0,3.2,1.1,5.3,2.4,0.4,4.3,105,108,-2.4,1.6,-2.2,4,3,4
1,27056,919,2023,117097,Hobletts Manor Junior School,Adeyfield Road,,,Hemel Hempstead,HP2 5JS,01442251805,E14000739,Hemel Hempstead,0,,,CY,0,Does not apply,7-11,0,0,225,57,57,34,23,60%,40%,7.9,12,23%,22,42%,18,35%,5,9%,16,28%,41,72%,8,14%,44,77%,65%,9%,-0.1,-1.8,1.7,89%,0.8,-0.8,2.5,91%,2.0,0.4,3.6,91%,82%,16%,2%,105,82%,35%,2%,108,89%,26%,0%,107,72%,18%,25%,0%,88%,0%,65%,65%,8%,82%,94%,63%,66%,-3,50%,70%,6%,13%,0%,5%,22%,0%,12%,-10,13%,11%,-0.2,-2.4,2.0,0.2,-2.6,3.0,3.8,0.3,7.4,0.6,-2.1,3.3,-3.5,-6.4,-0.6,0.9,-2.2,4.0,-0.5,-2.6,1.6,0.5,2.4,-2.6,7.4,-0.2,-2.1,1.7,0.0,-2.1,2.0,2.3,-0.4,5.0,-1.5,-4.9,2.0,1.7,-0.9,4.2,1.3,-1.5,4.1,0.4,-2.6,3.4,1.0,-1.0,3.0,0.0,2.6,-2.3,7.4,1.3,-0.5,3.2,2.1,0.1,4.1,1.7,-0.9,4.4,5.3,1.9,8.6,2.1,-0.4,4.5,-0.4,-3.1,2.4,3.8,0.9,6.7,1.2,-0.8,3.1,3.3,4.9,0.2,9.6,2.0,0.3,3.8,104,105,101,105,108,104,105,102,105,107,106,104,106,111,107,107,106,107,107,109,102,106,114,108,108,108,109,67%,86%,94%,88%,80%,67%,82%,94%,94%,78%,75%,100%,100%,94%,88%,8%,91%,100%,63%,76%,0%,5%,44%,6%,20%,0%,27%,78%,31%,37%,0%,18%,56%,19%,29%,0%,5%,50%,13%,20%,48,84%,1,2%,2,4%,11,19%,13,23%,,,,,,,,,,,,,,,,,,,,,59,29%,71%,69%,8%,59%,0%,74%,12%,-0.2,-1.8,1.4,0.0,-1.5,1.5,1.0,-0.4,2.4,104,106,-0.1,0.8,1.9,3,3,2
1,47502,919,2024,144419,Roebuck Academy,St Margarets,,,Stevenage,SG2 8RG,01438311937,E14000968,Stevenage,0,,,ACC,0,Does not apply,3-11,0,0,458,60,61,30,31,49%,51%,8.1,7,12%,32,53%,21,35%,1,2%,15,25%,46,75%,12,20%,57,93%,56%,10%,-1.3,-2.9,0.3,97%,-0.9,-2.5,0.6,98%,-1.0,-2.5,0.6,97%,69%,26%,2%,105,70%,23%,2%,103,74%,25%,2%,105,75%,13%,20%,0%,79%,0%,47%,65%,0%,50%,86%,47%,59%,-19,67%,54%,10%,10%,0%,0%,29%,7%,11%,-3,8%,11%,-1.7,-4.0,0.6,-0.9,-3.2,1.3,-1.0,-5.7,3.6,-1.9,-4.0,0.3,-0.5,-3.3,2.2,-1.4,-4.6,1.8,-1.3,-3.1,0.6,-1.8,-1.8,-5.3,1.8,-1.5,-3.1,0.2,-1.9,-4.1,0.3,-0.1,-2.2,2.1,-6.7,-11.2,-2.2,0.4,-1.7,2.5,-1.0,-3.6,1.6,-3.2,-6.3,-0.1,-0.2,-1.9,1.6,-3.6,0.8,-2.6,4.2,-0.9,-2.4,0.7,0.5,-1.6,2.7,-2.4,-4.5,-0.3,-2.3,-6.7,2.1,-1.3,-3.3,0.8,0.1,-2.5,2.6,-4.1,-7.1,-1.1,0.1,-1.6,1.9,-4.6,-0.1,-3.4,3.3,-1.1,-2.6,0.5,104,105,95,102,111,103,105,105,104,105,104,97,102,110,101,106,106,104,102,105,91,102,110,101,104,106,103,14%,66%,90%,67%,70%,14%,69%,90%,73%,70%,29%,72%,90%,60%,78%,0%,84%,90%,67%,78%,0%,6%,62%,20%,28%,0%,9%,52%,27%,22%,0%,6%,62%,13%,28%,0%,0%,38%,7%,15%,49,80%,0,0%,3,5%,18,30%,21,34%,,,,,,,,,,,,,,,,,,,,,29,28%,72%,59%,7%,50%,0%,62%,10%,-1.0,-3.3,1.2,-1.9,-3.9,0.2,-1.9,-3.9,0.1,104,104,-1.3,-0.9,-1.0,3,3,3
1,48388,919,2025,117098,The Russell School,Brushwood Drive,Chorleywood,,Rickmansworth,WD3 5RR,01923284272,E14000951,South West Hertfordshire,0,,,CY,0,Does not apply,3-11,0,0,221,30,30,16,14,53%,47%,8.6,1,4%,14,50%,13,46%,2,7%,2,7%,28,93%,2,7%,28,93%,97%,47%,6.8,4.5,9.2,93%,4.4,2.2,6.7,93%,7.5,5.3,9.7,93%,100%,83%,0%,114,100%,77%,0%,114,100%,80%,0%,114,97%,53%,3%,0%,100%,0%,94%,100%,SUPP,93%,100%,SUPP,SUPP,SUPP,SUPP,96%,38%,57%,SUPP,29%,69%,SUPP,SUPP,SUPP,SUPP,50%,5.7,2.5,8.9,8.1,4.7,11.5,SUPP,SUPP,SUPP,7.9,4.6,11.2,4.9,1.5,8.3,SUPP,SUPP,SUPP,SUPP,SUPP,SUPP,SUPP,SUPP,SUPP,SUPP,7.0,4.6,9.4,2.0,-1.1,5.0,7.3,4.0,10.6,SUPP,SUPP,SUPP,5.1,1.9,8.2,2.8,-0.5,6.1,SUPP,SUPP,SUPP,SUPP,SUPP,SUPP,SUPP,SUPP,SUPP,SUPP,4.6,2.3,6.8,7.2,4.2,10.2,7.9,4.7,11.2,SUPP,SUPP,SUPP,7.6,4.5,10.7,6.8,3.6,10.1,SUPP,SUPP,SUPP,SUPP,SUPP,SUPP,SUPP,SUPP,SUPP,SUPP,7.6,5.4,9.9,114,114,SUPP,113,117,SUPP,SUPP,SUPP,115,115,113,SUPP,112,118,SUPP,SUPP,SUPP,115,114,114,SUPP,112,118,SUPP,SUPP,SUPP,115,SUPP,100%,100%,SUPP,SUPP,SUPP,100%,100%,SUPP,SUPP,SUPP,100%,100%,SUPP,SUPP,SUPP,93%,100%,SUPP,SUPP,SUPP,79%,100%,SUPP,SUPP,SUPP,79%,85%,SUPP,SUPP,SUPP,64%,100%,SUPP,SUPP,SUPP,43%,69%,SUPP,SUPP,28,93%,0,0%,0,0%,1,3%,1,3%,,,,,,,,,,,,,,,,,,,,,30,0%,100%,97%,47%,,,SUPP,SUPP,7.6,5.3,9.8,2.1,0.1,4.2,7.4,5.5,9.4,115,115,6.8,4.4,7.5,1,1,1
1,42062,919,2026,133323,Oughton Primary and Nursery School,Mattocke Road,,,Hitchin,SG5 2NZ,01462450716,E14000749,Hitchin and Harpenden,0,,,CY,0,Does not apply,3-11,0,0,239,46,46,23,23,50%,50%,7.5,8,20%,27,68%,5,13%,6,13%,15,33%,31,67%,8,17%,37,80%,39%,7%,-4.5,-6.4,-2.5,87%,2.3,0.4,4.2,87%,-0.7,-2.5,1.2,87%,41%,13%,0%,100,65%,24%,0%,103,72%,22%,0%,103,78%,13%,22%,0%,76%,0%,35%,43%,0%,37%,SUPP,33%,42%,-33,50%,35%,13%,0%,0%,0%,SUPP,0%,10%,-10,0%,8%,-4.1,-6.8,-1.4,-4.9,-7.7,-2.1,-3.0,-7.3,1.4,-5.3,-7.7,-2.9,SUPP,SUPP,SUPP,-4.1,-7.3,-1.0,-4.7,-7.2,-2.2,-4.5,SUPP,SUPP,SUPP,-5.0,-7.0,-2.9,2.5,-0.1,5.0,2.2,-0.6,4.9,6.8,2.6,11.0,0.7,-1.6,3.0,SUPP,SUPP,SUPP,4.3,1.2,7.3,1.1,-1.2,3.5,3.9,SUPP,SUPP,SUPP,2.0,0.0,3.9,0.7,-1.8,3.2,-2.2,-4.8,0.5,-0.1,-4.2,4.0,-0.8,-3.0,1.4,SUPP,SUPP,SUPP,0.8,-2.2,3.8,-1.5,-3.9,0.8,0.3,SUPP,SUPP,SUPP,-1.0,-2.9,0.9,100,100,91,100,SUPP,99,101,102,99,103,102,92,103,SUPP,102,103,102,102,102,104,92,103,SUPP,101,103,102,102,0%,37%,SUPP,33%,45%,13%,70%,SUPP,67%,65%,13%,81%,SUPP,73%,71%,38%,85%,SUPP,80%,77%,0%,4%,SUPP,0%,19%,0%,19%,SUPP,13%,29%,0%,15%,SUPP,20%,23%,0%,7%,SUPP,20%,10%,37,80%,1,2%,2,4%,8,17%,10,22%,,,,,,,,,,,,,,,,,,,,,37,35%,65%,70%,14%,54%,0%,79%,21%,-1.1,-3.2,0.9,0.0,-1.9,1.8,-1.3,-3.1,0.5,104,104,-4.5,2.3,-0.7,5,2,3
1,61028,919,2027,133488,Swallow Dell Primary and Nursery School,Blackthorn Road,,,Welwyn Garden City,AL7 3JP,01707339079,E14001027,Welwyn Hatfield,0,,,CY,0,Does not apply,2-11,0,0,422,60,59,28,31,47%,53%,7.2,21,38%,17,30%,18,32%,3,5%,29,49%,30,51%,4,7%,55,93%,32%,5%,-0.5,-2.2,1.1,95%,-3.3,-4.9,-1.8,95%,-2.9,-4.5,-1.3,92%,59%,20%,0%,102,54%,17%,0%,101,42%,12%,3%,98,46%,8%,27%,0%,64%,0%,29%,35%,5%,18%,83%,21%,43%,-45,SUPP,33%,0%,10%,0%,0%,17%,3%,7%,-7,SUPP,5%,-1.7,-4.1,0.7,0.6,-1.7,2.9,1.3,-1.4,4.0,-2.3,-5.3,0.7,-0.9,-3.8,2.0,-0.3,-2.7,2.1,-0.7,-2.9,1.6,-0.7,SUPP,SUPP,SUPP,-0.6,-2.3,1.1,-6.8,-9.1,-4.5,-0.2,-2.4,2.0,-2.8,-5.3,-0.2,-6.0,-8.9,-3.2,-1.5,-4.3,1.3,-2.8,-5.1,-0.5,-3.8,-6.0,-1.7,-3.2,SUPP,SUPP,SUPP,-2.9,-4.6,-1.3,-1.0,-3.3,1.3,-4.6,-6.7,-2.4,-1.3,-3.9,1.3,-4.0,-6.9,-1.1,-3.8,-6.5,-1.0,-3.5,-5.8,-1.2,-2.4,-4.5,-0.2,-4.0,SUPP,SUPP,SUPP,-3.1,-4.7,-1.4,99,104,95,102,110,101,102,SUPP,101,99,98,92,100,106,97,100,SUPP,98,98,103,93,101,109,100,101,SUPP,100,33%,65%,94%,59%,60%,14%,65%,100%,45%,63%,10%,41%,89%,31%,53%,19%,41%,89%,41%,50%,5%,12%,50%,14%,27%,0%,6%,50%,14%,20%,0%,6%,33%,7%,17%,0%,0%,28%,7%,10%,55,93%,0,0%,6,10%,21,36%,27,46%,,,,,,,,,,,,,,,,,,,,,60,48%,52%,52%,5%,48%,7%,55%,3%,-0.1,-1.7,1.5,-1.4,-2.9,0.0,-1.5,-2.9,-0.1,102,101,-0.5,-3.6,-3.0,3,5,4
1,770,919,2028,138231,Alban City School,7 Hatfield Road,,,St Albans,AL1 3RR,01727860304,E14000960,St Albans,0,,,F,0,Does not apply,5-11,0,0,394,61,60,29,31,48%,52%,8.1,8,17%,20,43%,18,39%,14,23%,8,13%,52,87%,26,43%,48,80%,78%,22%,5.5,3.7,7.3,77%,3.5,1.7,5.2,77%,4.2,2.5,5.9,77%,83%,53%,0%,109,90%,48%,0%,109,93%,47%,0%,109,83%,23%,17%,0%,90%,0%,72%,84%,38%,95%,100%,25%,87%,-41,65%,88%,21%,23%,0%,0%,72%,0%,25%,-10,8%,27%,5.9,3.5,8.4,5.1,2.4,7.7,9.7,5.3,14.1,4.0,1.3,6.8,5.4,2.5,8.3,SUPP,SUPP,SUPP,SUPP,SUPP,SUPP,SUPP,6.1,2.5,9.6,5.4,3.6,7.3,3.7,1.4,6.1,3.1,0.5,5.7,6.2,2.0,10.4,2.0,-0.6,4.7,3.9,1.1,6.6,SUPP,SUPP,SUPP,SUPP,SUPP,SUPP,SUPP,6.1,2.7,9.5,3.5,1.7,5.3,4.5,2.2,6.8,3.8,1.3,6.3,6.7,2.6,10.8,2.5,-0.1,5.1,4.9,2.2,7.6,SUPP,SUPP,SUPP,SUPP,SUPP,SUPP,SUPP,7.1,3.7,10.4,4.1,2.4,5.9,109,109,105,109,117,97,111,105,111,108,110,100,107,115,103,110,108,109,108,110,104,108,115,101,110,107,110,63%,95%,100%,25%,92%,63%,100%,100%,63%,94%,63%,95%,100%,88%,94%,50%,100%,100%,38%,90%,50%,30%,100%,13%,60%,25%,40%,83%,13%,54%,0%,35%,83%,25%,50%,0%,0%,78%,0%,27%,34,57%,0,0%,0,0%,5,8%,5,8%,,,,,,,,,,,,,,,,,,,,,56,14%,86%,68%,13%,25%,0%,75%,15%,-1.7,-3.4,-0.1,-5.2,-6.8,-3.7,-3.2,-4.7,-1.8,105,104,5.5,3.5,4.2,1,1,1
1,21356,919,2029,138389,Garden City Academy,Radburn Way,,,Letchworth Garden City,SG6 2JZ,01462621800,E14000845,North East Hertfordshire,0,,,AC,0,Does not apply,3-11,0,0,203,33,33,16,17,48%,52%,7.8,7,22%,16,50%,9,28%,1,3%,18,55%,15,45%,4,12%,28,85%,48%,3%,-3.4,-5.5,-1.2,97%,-5.2,-7.3,-3.1,97%,-1.9,-3.9,0.2,97%,48%,15%,0%,101,48%,15%,0%,100,61%,15%,0%,101,64%,3%,6%,0%,76%,0%,50%,47%,0%,50%,89%,39%,60%,-27,SUPP,54%,0%,6%,0%,0%,11%,0%,7%,-10,SUPP,4%,-3.4,-6.6,-0.2,-3.3,-6.3,-0.3,-0.6,-5.2,4.1,-4.0,-7.1,-0.9,-4.4,-8.5,-0.3,-3.5,-6.5,-0.5,-3.2,-6.4,0.0,-3.9,SUPP,SUPP,SUPP,-3.3,-5.7,-0.9,-5.6,-8.6,-2.5,-4.9,-7.8,-2.0,-12.6,-17.1,-8.2,-2.9,-5.9,0.1,-3.6,-7.5,0.4,-5.7,-8.6,-2.8,-4.7,-7.7,-1.6,-6.1,SUPP,SUPP,SUPP,-4.1,-6.4,-1.8,-1.7,-4.7,1.3,-2.0,-4.8,0.8,1.9,-2.5,6.3,-4.1,-7.0,-1.2,-0.9,-4.8,2.9,-2.2,-5.0,0.6,-1.6,-4.5,1.4,-2.7,SUPP,SUPP,SUPP,-2.4,-4.7,-0.2,100,101,93,101,108,99,103,SUPP,102,101,102,95,100,110,99,104,SUPP,102,100,101,92,99,110,98,103,SUPP,101,0%,50%,89%,39%,60%,14%,44%,89%,39%,60%,0%,69%,100%,50%,73%,0%,75%,100%,56%,73%,0%,13%,33%,6%,27%,0%,0%,56%,11%,20%,0%,0%,56%,6%,27%,0%,0%,11%,0%,7%,29,88%,0,0%,0,0%,7,21%,7,21%,,,,,,,,,,,,,,,,,,,,,30,67%,33%,73%,7%,65%,5%,90%,10%,4.5,2.3,6.8,3.2,1.1,5.3,4.4,2.5,6.4,103,104,-3.4,-5.3,-1.9,5,5,3
1,14618,919,2030,117099,Cowley Hill School,Winstre Road,,,Borehamwood,WD6 5DP,02089532218,E14000745,Hertsmere,0,,,CY,0,Does not apply,3-11,0,0,436,59,60,38,22,63%,37%,7.6,12,21%,34,59%,12,21%,2,3%,17,28%,43,72%,27,45%,55,92%,65%,15%,2.2,0.6,3.8,97%,0.9,-0.7,2.4,97%,2.5,1.0,4.1,97%,85%,28%,0%,106,77%,32%,0%,106,82%,32%,0%,106,72%,15%,27%,0%,88%,0%,58%,77%,33%,65%,100%,41%,74%,-25,81%,67%,13%,18%,0%,6%,58%,12%,16%,2,22%,16%,3.5,1.5,5.6,0.1,-2.5,2.7,7.5,3.9,11.1,0.5,-1.6,2.6,1.8,-1.8,5.3,-0.1,-3.1,2.9,3.2,1.3,5.1,-0.5,2.3,-0.1,4.8,2.3,0.7,4.0,1.5,-0.5,3.4,-0.1,-2.6,2.4,3.3,-0.2,6.7,-0.5,-2.5,1.5,2.3,-1.1,5.7,0.3,-2.6,3.2,1.1,-0.8,2.9,-0.1,2.5,0.2,4.9,1.4,-0.2,3.0,3.2,1.2,5.1,1.6,-0.9,4.0,4.2,0.9,7.6,0.8,-1.1,2.8,5.7,2.3,9.0,0.8,-2.0,3.6,3.3,1.4,5.1,0.3,5.1,2.7,7.4,2.7,1.2,4.3,106,107,102,105,113,102,108,107,106,105,107,97,105,116,102,107,109,106,103,109,97,105,115,103,107,108,106,67%,85%,100%,59%,95%,42%,82%,100%,59%,84%,50%,85%,100%,59%,91%,33%,76%,100%,59%,77%,17%,18%,75%,18%,33%,0%,24%,83%,29%,33%,0%,21%,92%,24%,35%,0%,6%,58%,12%,16%,32,53%,1,2%,1,2%,7,12%,8,13%,,,,,,,,,,,,,,,,,,,,,57,33%,67%,68%,9%,47%,5%,79%,11%,-2.1,-3.8,-0.5,0.2,-1.3,1.7,-0.5,-2.0,0.9,103,106,2.2,0.9,2.5,2,3,2
1,20260,919,2031,117100,Flamstead Village School,Trowley Hill Road,Flamstead,59 Trowley Hill Road,St. Albans,AL3 8DL,01582840385,E14000739,Hemel Hempstead,0,,,CY,0,Does not apply,3-11,0,0,94,15,15,8,7,53%,47%,8.0,3,23%,5,38%,5,38%,2,13%,0,0%,15,100%,0,0%,14,93%,53%,20%,-1.2,-4.7,2.2,87%,2.1,-1.2,5.4,87%,-3.4,-6.6,-0.2,87%,73%,33%,0%,103,73%,27%,0%,105,53%,20%,0%,101,80%,33%,7%,0%,87%,0%,75%,29%,SUPP,SUPP,SUPP,,SUPP,,,50%,25%,14%,SUPP,SUPP,SUPP,,SUPP,,,14%,-1.7,-6.4,2.9,-0.7,-5.7,4.4,SUPP,SUPP,SUPP,SUPP,SUPP,SUPP,SUPP,SUPP,SUPP,,,,SUPP,SUPP,SUPP,,NA,NA,NA,-1.2,-4.7,2.2,1.7,-2.8,6.2,2.5,-2.3,7.3,SUPP,SUPP,SUPP,SUPP,SUPP,SUPP,SUPP,SUPP,SUPP,,,,SUPP,SUPP,SUPP,,NA,NA,NA,2.1,-1.2,5.4,-1.2,-5.6,3.2,-5.9,-10.7,-1.2,SUPP,SUPP,SUPP,SUPP,SUPP,SUPP,SUPP,SUPP,SUPP,,,,SUPP,SUPP,SUPP,,NA,NA,NA,-3.4,-6.6,-0.2,102,105,SUPP,SUPP,SUPP,,SUPP,,102,102,99,SUPP,SUPP,SUPP,,SUPP,,100,107,103,SUPP,SUPP,SUPP,,SUPP,,104,SUPP,SUPP,SUPP,,SUPP,SUPP,SUPP,SUPP,,SUPP,SUPP,SUPP,SUPP,,SUPP,SUPP,SUPP,SUPP,,SUPP,SUPP,SUPP,SUPP,,SUPP,SUPP,SUPP,SUPP,,SUPP,SUPP,SUPP,SUPP,,SUPP,SUPP,SUPP,SUPP,,SUPP,15,100%,0,0%,0,0%,2,13%,2,13%,,,,,,,,,,,,,,,,,,,,,13,0%,100%,69%,15%,,,SUPP,SUPP,-2.4,-5.7,1.0,0.3,-2.8,3.4,-2.9,-5.8,0.1,105,105,-1.2,2.1,-3.4,3,3,5
1,21270,919,2032,117101,Gaddesden Row JMI School,Gaddesden Row,,,Hemel Hempstead,HP2 6HG,01582840376,E14000739,Hemel Hempstead,0,,,CY,0,Does not apply,4-11,0,0,41,5,5,SUPP,SUPP,SUPP,SUPP,SUPP,SUPP,SUPP,SUPP,SUPP,SUPP,SUPP,SUPP,SUPP,SUPP,SUPP,SUPP,SUPP,SUPP,SUPP,SUPP,SUPP,SUPP,SUPP,SUPP,SUPP,SUPP,SUPP,SUPP,SUPP,SUPP,SUPP,SUPP,SUPP,SUPP,SUPP,SUPP,SUPP,SUPP,SUPP,SUPP,SUPP,SUPP,SUPP,SUPP,SUPP,SUPP,SUPP,SUPP,SUPP,SUPP,SUPP,SUPP,SUPP,SUPP,SUPP,SUPP,SUPP,SUPP,SUPP,SUPP,SUPP,,SUPP,SUPP,SUPP,SUPP,SUPP,SUPP,SUPP,SUPP,SUPP,,SUPP,SUPP,SUPP,SUPP,SUPP,SUPP,SUPP,SUPP,SUPP,SUPP,SUPP,SUPP,SUPP,SUPP,SUPP,SUPP,SUPP,SUPP,SUPP,SUPP,SUPP,SUPP,SUPP,NA,NA,NA,SUPP,SUPP,SUPP,SUPP,SUPP,SUPP,SUPP,SUPP,SUPP,SUPP,SUPP,SUPP,SUPP,SUPP,SUPP,SUPP,SUPP,SUPP,SUPP,SUPP,SUPP,SUPP,SUPP,SUPP,SUPP,NA,NA,NA,SUPP,SUPP,SUPP,SUPP,SUPP,SUPP,SUPP,SUPP,SUPP,SUPP,SUPP,SUPP,SUPP,SUPP,SUPP,SUPP,SUPP,SUPP,SUPP,SUPP,SUPP,SUPP,SUPP,SUPP,SUPP,NA,NA,NA,SUPP,SUPP,SUPP,SUPP,SUPP,SUPP,SUPP,SUPP,SUPP,SUPP,,SUPP,SUPP,SUPP,SUPP,SUPP,SUPP,SUPP,SUPP,,SUPP,SUPP,SUPP,SUPP,SUPP,SUPP,SUPP,SUPP,,SUPP,SUPP,SUPP,SUPP,SUPP,SUPP,SUPP,SUPP,SUPP,SUPP,SUPP,SUPP,SUPP,SUPP,SUPP,SUPP,SUPP,SUPP,SUPP,SUPP,SUPP,SUPP,SUPP,SUPP,SUPP,SUPP,SUPP,SUPP,SUPP,SUPP,SUPP,SUPP,SUPP,SUPP,SUPP,SUPP,SUPP,SUPP,SUPP,SUPP,SUPP,SUPP,SUPP,SUPP,SUPP,SUPP,SUPP,SUPP,SUPP,SUPP,SUPP,,,,,,,,,,,,,,,,,,,,,8,25%,75%,13%,0%,SUPP,SUPP,SUPP,SUPP,-1.9,-6.5,2.6,-2.1,-6.3,2.1,-6.9,-10.9,-2.9,101,96,SUPP,SUPP,SUPP,SUPP,SUPP,SUPP
1,56416,919,2033,117102,Sauncey Wood Primary School,Pickford Hill,,,Harpenden,AL5 5HL,01582621514,E14000749,Hitchin and Harpenden,0,,,CY,0,Does not apply,4-11,0,0,192,33,31,19,12,61%,39%,8.4,3,11%,12,43%,13,46%,3,10%,15,48%,16,52%,1,3%,29,94%,55%,6%,0.9,-1.5,3.2,90%,-4.3,-6.6,-2.1,90%,0.4,-1.8,2.6,90%,87%,42%,0%,108,68%,19%,0%,103,90%,35%,0%,107,58%,6%,42%,0%,74%,0%,58%,50%,SUPP,25%,92%,53%,56%,-13,SUPP,55%,11%,0%,SUPP,0%,15%,0%,13%,-10,SUPP,7%,1.6,-1.4,4.6,-0.3,-4.0,3.4,SUPP,SUPP,SUPP,1.4,-2.2,4.9,-0.7,-4.1,2.8,1.1,-2.2,4.4,0.6,-2.7,3.9,0.7,SUPP,SUPP,SUPP,0.2,-2.2,2.7,-3.3,-6.2,-0.4,-5.9,-9.5,-2.4,SUPP,SUPP,SUPP,-5.9,-9.4,-2.5,-4.0,-7.3,-0.7,-4.6,-7.8,-1.4,-4.0,-7.2,-0.9,-5.0,SUPP,SUPP,SUPP,-4.2,-6.5,-1.9,1.5,-1.3,4.3,-1.3,-4.8,2.2,SUPP,SUPP,SUPP,0.7,-2.6,4.1,-0.6,-3.8,2.6,1.4,-1.7,4.5,-0.5,-3.6,2.6,0.9,SUPP,SUPP,SUPP,0.2,-2.1,2.4,107,109,SUPP,106,111,106,109,SUPP,107,107,106,SUPP,105,110,106,108,SUPP,107,103,105,SUPP,100,109,101,106,SUPP,103,SUPP,75%,100%,87%,88%,SUPP,42%,100%,53%,81%,SUPP,92%,100%,87%,94%,SUPP,33%,92%,53%,63%,SUPP,25%,69%,40%,44%,SUPP,0%,38%,7%,31%,SUPP,17%,62%,40%,31%,SUPP,0%,15%,0%,13%,30,97%,0,0%,1,3%,7,23%,8,26%,,,,,,,,,,,,,,,,,,,,,30,50%,50%,60%,13%,47%,0%,73%,27%,0.7,-1.8,3.2,-1.7,-4.0,0.5,1.1,-1.1,3.3,106,106,0.9,-4.3,0.4,3,5,3
1,35234,919,2034,117103,Manland Primary School,Sauncey Avenue,,,Harpenden,AL5 4QW,01582713452,E14000749,Hitchin and Harpenden,0,,,CY,0,Does not apply,4-11,0,0,205,30,30,14,16,47%,53%,8.5,1,3%,12,41%,16,55%,1,3%,4,13%,26,87%,3,10%,28,93%,87%,30%,1.9,-0.4,4.1,97%,2.1,-0.1,4.3,97%,3.7,1.5,5.9,93%,90%,57%,0%,109,93%,60%,0%,110,97%,67%,3%,111,90%,33%,10%,0%,90%,0%,86%,88%,SUPP,75%,100%,SUPP,SUPP,SUPP,SUPP,89%,14%,44%,SUPP,17%,44%,SUPP,SUPP,SUPP,SUPP,32%,1.6,-1.7,4.9,2.1,-1.1,5.3,SUPP,SUPP,SUPP,0.6,-2.9,4.2,2.4,-0.7,5.5,SUPP,SUPP,SUPP,SUPP,SUPP,SUPP,SUPP,SUPP,SUPP,SUPP,1.9,-0.4,4.3,1.0,-2.2,4.2,3.1,0.1,6.2,SUPP,SUPP,SUPP,2.4,-1.0,5.9,1.4,-1.6,4.3,SUPP,SUPP,SUPP,SUPP,SUPP,SUPP,SUPP,SUPP,SUPP,SUPP,2.1,-0.1,4.4,4.6,1.4,7.8,2.9,-0.1,5.9,SUPP,SUPP,SUPP,4.8,1.3,8.3,2.6,-0.3,5.5,SUPP,SUPP,SUPP,SUPP,SUPP,SUPP,SUPP,SUPP,SUPP,SUPP,3.8,1.6,6.1,108,111,SUPP,105,114,SUPP,SUPP,SUPP,110,110,111,SUPP,108,113,SUPP,SUPP,SUPP,111,108,112,SUPP,107,114,SUPP,SUPP,SUPP,111,SUPP,75%,100%,SUPP,SUPP,SUPP,92%,100%,SUPP,SUPP,SUPP,92%,100%,SUPP,SUPP,SUPP,83%,100%,SUPP,SUPP,SUPP,17%,94%,SUPP,SUPP,SUPP,42%,81%,SUPP,SUPP,SUPP,42%,88%,SUPP,SUPP,SUPP,17%,50%,SUPP,SUPP,27,90%,0,0%,0,0%,3,10%,3,10%,,,,,,,,,,,,,,,,,,,,,59,7%,93%,86%,25%,SUPP,SUPP,SUPP,SUPP,2.1,0.5,3.7,1.0,-0.4,2.5,0.6,-0.8,2.0,110,109,1.9,2.1,3.7,3,3,1
1,23520,919,2035,138507,The Grove Academy,Fourth Avenue,,,Watford,WD25 9RH,01923674463,E14001021,Watford,0,,,AC,0,None,3-11,0,0,524,79,77,33,44,43%,57%,7.1,26,37%,29,41%,15,21%,7,9%,32,42%,45,58%,28,36%,72,94%,48%,3%,2.3,0.8,3.8,87%,-0.6,-2.0,0.8,91%,2.2,0.8,3.6,91%,68%,29%,4%,105,71%,29%,0%,106,77%,21%,0%,105,56%,4%,34%,0%,61%,0%,36%,57%,12%,62%,93%,34%,58%,-32,54%,49%,0%,5%,0%,0%,13%,0%,4%,-10,4%,3%,2.1,-0.3,4.5,2.4,0.5,4.3,4.5,2.0,7.1,0.9,-1.4,3.2,1.5,-1.7,4.7,1.0,-1.4,3.3,3.2,1.2,5.2,0.6,4.0,1.4,6.6,2.3,0.8,3.8,-2.1,-4.3,0.2,0.4,-1.4,2.3,0.5,-1.9,2.8,-0.1,-2.3,2.1,-3.2,-6.3,-0.1,-1.2,-3.3,0.9,-0.1,-2.0,1.8,-1.6,1.9,-0.7,4.4,-0.6,-2.0,0.8,1.5,-0.7,3.7,2.6,0.8,4.4,3.4,1.1,5.7,1.4,-0.7,3.6,1.6,-1.4,4.6,-0.5,-2.6,1.6,4.3,2.5,6.2,-1.0,5.7,3.3,8.2,2.2,0.8,3.6,105,105,101,105,113,103,106,105,105,104,105,100,105,112,102,107,106,105,104,107,100,106,113,102,108,107,106,42%,79%,100%,59%,73%,42%,83%,100%,53%,84%,46%,93%,100%,59%,89%,23%,72%,93%,44%,64%,12%,21%,73%,9%,42%,12%,31%,60%,13%,40%,0%,7%,73%,6%,31%,0%,3%,13%,0%,7%,49,64%,0,0%,0,0%,12,16%,12,16%,,,,,,,,,,,,,,,,,,,,,84,32%,68%,31%,1%,30%,0%,32%,2%,-0.3,-1.8,1.1,-2.0,-3.3,-0.7,1.6,0.3,2.8,99,102,2.3,-0.6,2.2,2,3,2
1,11668,919,2036,139550,Chaulden Junior School,School Row,Chaulden,,Hemel Hempstead,HP1 2JU,01442395758,E14000739,Hemel Hempstead,0,,,AC,0,Does not apply,7-11,0,0,152,32,32,15,17,47%,53%,7.1,11,34%,19,59%,2,6%,0,0%,11,34%,21,66%,8,25%,32,100%,25%,0%,-1.8,-4.0,0.4,97%,-6.6,-8.8,-4.5,97%,-4.4,-6.5,-2.3,97%,50%,13%,3%,101,53%,9%,3%,101,41%,6%,3%,97,31%,0%,38%,3%,28%,3%,20%,29%,0%,32%,SUPP,27%,24%,-39,25%,25%,0%,0%,0%,0%,SUPP,0%,0%,-10,0%,0%,-3.5,-6.8,-0.2,-0.4,-3.4,2.6,-3.6,-7.3,0.1,-1.2,-4.1,1.7,SUPP,SUPP,SUPP,-1.2,-5.1,2.7,-2.0,-4.7,0.7,-1.6,0.3,-4.1,4.7,-1.8,-4.0,0.4,-9.4,-12.6,-6.3,-4.3,-7.2,-1.5,-7.6,-11.2,-4.0,-6.1,-8.9,-3.3,SUPP,SUPP,SUPP,-3.7,-7.5,0.0,-8.0,-10.6,-5.4,-4.1,-5.1,-9.3,-0.9,-6.6,-8.8,-4.5,-2.8,-5.9,0.3,-5.7,-8.5,-2.9,-5.4,-8.9,-1.9,-4.2,-6.9,-1.5,SUPP,SUPP,SUPP,-3.4,-7.1,0.2,-4.8,-7.4,-2.3,-3.9,-1.6,-5.7,2.5,-4.4,-6.5,-2.3,99,103,95,103,SUPP,100,102,101,101,98,96,91,99,SUPP,97,97,96,97,100,102,97,102,SUPP,100,102,102,101,9%,68%,SUPP,55%,48%,27%,63%,SUPP,45%,57%,9%,53%,SUPP,45%,38%,9%,37%,SUPP,45%,24%,0%,11%,SUPP,0%,19%,0%,5%,SUPP,0%,14%,0%,0%,SUPP,0%,10%,0%,0%,SUPP,0%,0%,24,75%,0,0%,0,0%,10,31%,10,31%,,,,,,,,,,,,,,,,,,,,,47,36%,64%,47%,11%,35%,6%,53%,13%,-0.8,-2.6,0.9,-4.6,-6.3,-3.0,-3.2,-4.7,-1.6,105,103,-1.8,-6.7,-4.4,3,5,5
1,67550,919,2038,140611,Wilshere-Dacre Junior Academy,Fishponds Road,,,Hitchin,SG5 1NS,01462459215,E14000749,Hitchin and Harpenden,0,,,AC,0,Does not apply,7-11,0,0,257,58,60,29,31,48%,52%,8.4,9,16%,12,21%,35,63%,4,7%,10,17%,50,83%,10,17%,56,93%,68%,12%,-0.7,-2.4,0.9,93%,-1.5,-3.1,0.1,93%,-2.0,-3.5,-0.4,93%,83%,42%,0%,107,77%,33%,0%,106,77%,22%,0%,105,72%,17%,23%,0%,82%,0%,72%,65%,0%,50%,97%,40%,74%,-26,60%,68%,14%,10%,0%,0%,20%,0%,14%,-10,10%,13%,-1.2,-3.7,1.2,-0.2,-2.5,2.0,-3.6,-7.8,0.5,0.1,-3.5,3.7,-0.2,-2.3,1.9,-0.9,-4.8,3.0,-0.7,-2.5,1.2,-1.3,-3.4,-7.7,1.0,-0.8,-2.5,0.9,-2.3,-4.6,0.1,-0.9,-3.0,1.3,-5.8,-9.7,-1.8,-3.2,-6.7,0.2,0.2,-1.8,2.2,-2.4,-6.2,1.3,-1.3,-3.1,0.4,-2.8,-2.0,-6.2,2.1,-1.7,-3.3,-0.1,-1.6,-3.9,0.7,-2.3,-4.4,-0.1,-4.3,-8.2,-0.5,-1.3,-4.7,2.0,-1.6,-3.5,0.4,-2.0,-5.7,1.7,-1.9,-3.7,-0.2,-2.5,0.0,-4.1,4.1,-1.9,-3.5,-0.3,108,107,98,105,111,104,108,102,107,106,104,95,103,108,101,106,104,105,107,105,97,103,110,103,107,105,106,33%,92%,100%,90%,82%,11%,75%,100%,50%,82%,22%,75%,97%,50%,82%,0%,58%,100%,50%,76%,11%,17%,63%,10%,48%,0%,8%,54%,30%,34%,0%,8%,34%,0%,26%,0%,0%,29%,10%,18%,50,83%,0,0%,3,5%,14,23%,17,28%,,,,,,,,,,,,,,,,,,,,,60,25%,75%,68%,15%,60%,0%,71%,20%,-2.0,-3.6,-0.5,0.0,-1.5,1.4,-2.4,-3.8,-1.0,105,106,-0.7,-1.5,-2.0,3,3,4
1,23050,919,2039,117105,Green Lanes Primary School,Green Lanes,,,Hatfield,AL10 9JY,01707262556,E14001027,Welwyn Hatfield,0,,,CY,0,Does not apply,5-11,0,0,414,60,60,31,29,52%,48%,7.8,13,22%,30,52%,15,26%,2,3%,7,12%,53,88%,15,25%,55,92%,57%,7%,1.3,-0.3,2.9,97%,-2.5,-4.1,-1.0,97%,1.7,0.2,3.2,97%,77%,35%,0%,106,75%,27%,0%,104,80%,32%,0%,105,60%,8%,33%,0%,85%,0%,58%,55%,15%,57%,87%,29%,60%,-37,67%,58%,0%,14%,0%,3%,20%,0%,8%,-10,13%,7%,1.3,-0.9,3.6,1.3,-1.1,3.6,-0.1,-3.5,3.3,1.8,-0.5,4.0,1.6,-1.5,4.8,2.4,-2.2,7.1,1.2,-0.6,2.9,2.0,-1.1,-4.5,2.3,1.6,-0.1,3.3,-3.5,-5.7,-1.4,-1.4,-3.7,0.9,-4.1,-7.4,-0.9,-2.3,-4.5,-0.2,-1.6,-4.6,1.5,-3.8,-8.3,0.7,-2.4,-4.0,-0.7,-4.2,-1.4,-4.6,1.9,-2.1,-3.7,-0.5,2.7,0.6,4.8,0.6,-1.7,2.8,-0.9,-4.1,2.3,1.9,-0.2,4.1,3.4,0.4,6.4,-1.0,-5.4,3.3,2.1,0.4,3.7,-1.5,2.6,-0.6,5.9,2.0,0.4,3.6,106,106,97,106,112,104,106,105,106,106,104,95,106,113,100,106,107,106,104,105,95,104,113,99,105,108,104,23%,87%,100%,71%,77%,23%,83%,100%,57%,77%,23%,93%,100%,71%,81%,23%,60%,87%,29%,64%,0%,33%,67%,29%,36%,0%,13%,67%,0%,30%,0%,23%,73%,14%,34%,0%,3%,27%,0%,9%,45,75%,0,0%,1,2%,9,15%,10,17%,,,,,,,,,,,,,,,,,,,,,58,19%,81%,78%,16%,64%,9%,81%,17%,0.6,-1.0,2.2,0.6,-0.9,2.1,1.0,-0.4,2.4,107,107,1.3,-2.5,1.7,3,4,2
1,21628,919,2040,117106,George Street Primary School,George Street,,,Hemel Hempstead,HP2 5HJ,01442255638,E14000739,Hemel Hempstead,0,,,CY,0,Does not apply,3-11,0,0,232,30,29,19,10,66%,34%,7.5,5,18%,18,64%,5,18%,1,3%,5,17%,24,83%,6,21%,28,97%,69%,0%,1.1,-1.2,3.5,97%,1.1,-1.1,3.4,97%,3.8,1.7,6.0,97%,79%,24%,0%,104,62%,21%,0%,103,90%,24%,0%,106,79%,0%,21%,0%,72%,0%,68%,70%,SUPP,72%,SUPP,SUPP,SUPP,SUPP,83%,68%,0%,0%,SUPP,0%,SUPP,SUPP,SUPP,SUPP,0%,0%,0.4,-2.5,3.4,2.4,-1.5,6.3,SUPP,SUPP,SUPP,2.0,-0.9,4.9,SUPP,SUPP,SUPP,SUPP,SUPP,SUPP,SUPP,SUPP,SUPP,SUPP,3.0,-2.1,8.0,1.1,-1.2,3.5,0.6,-2.2,3.4,2.1,-1.6,5.9,SUPP,SUPP,SUPP,1.2,-1.6,4.0,SUPP,SUPP,SUPP,SUPP,SUPP,SUPP,SUPP,SUPP,SUPP,SUPP,0.7,-4.1,5.6,1.1,-1.1,3.4,5.4,2.6,8.1,1.1,-2.6,4.8,SUPP,SUPP,SUPP,3.0,0.3,5.8,SUPP,SUPP,SUPP,SUPP,SUPP,SUPP,SUPP,SUPP,SUPP,SUPP,5.7,1.0,10.4,3.8,1.7,6.0,104,106,SUPP,106,SUPP,SUPP,SUPP,107,104,108,104,SUPP,106,SUPP,SUPP,SUPP,110,106,102,104,SUPP,103,SUPP,SUPP,SUPP,107,103,SUPP,83%,SUPP,SUPP,SUPP,SUPP,67%,SUPP,SUPP,SUPP,SUPP,94%,SUPP,SUPP,SUPP,SUPP,83%,SUPP,SUPP,SUPP,SUPP,17%,SUPP,SUPP,SUPP,SUPP,11%,SUPP,SUPP,SUPP,SUPP,17%,SUPP,SUPP,SUPP,SUPP,0%,SUPP,SUPP,SUPP,23,79%,0,0%,1,3%,3,10%,4,14%,,,,,,,,,,,,,,,,,,,,,30,40%,60%,47%,0%,50%,0%,44%,0%,-2.0,-4.3,0.3,-1.6,-3.7,0.5,-0.1,-2.1,1.9,101,104,1.1,1.1,3.8,3,3,1
1,58592,919,2047,117110,South Hill Primary School,Heath Lane,,,Hemel Hempstead,HP1 1TT,01442402127,E14000739,Hemel Hempstead,0,,,CY,0,Does not apply,5-11,0,0,413,60,59,24,35,41%,59%,7.5,16,29%,21,38%,19,34%,3,5%,18,31%,41,69%,17,29%,54,92%,53%,2%,-0.9,-2.6,0.7,95%,-0.1,-1.7,1.5,95%,-1.7,-3.2,-0.1,95%,64%,31%,0%,104,69%,25%,0%,103,63%,15%,0%,102,71%,7%,20%,0%,85%,0%,46%,57%,0%,62%,95%,28%,63%,-38,41%,56%,4%,0%,0%,0%,5%,0%,2%,-10,0%,2%,-2.8,-5.4,-0.3,0.4,-1.7,2.6,-4.8,-7.8,-1.7,1.3,-1.4,4.0,-0.1,-3.0,2.7,-2.9,-6.0,0.2,-0.1,-2.1,1.8,-3.3,-2.1,-5.4,1.2,-0.6,-2.3,1.1,-1.0,-3.5,1.4,0.6,-1.5,2.6,-1.1,-4.1,1.8,1.6,-1.0,4.2,-1.0,-3.8,1.7,-1.8,-4.8,1.1,0.6,-1.3,2.5,-2.2,-0.9,-4.0,2.3,0.0,-1.6,1.7,-1.0,-3.5,1.4,-2.1,-4.2,-0.1,-4.3,-7.2,-1.4,-0.1,-2.6,2.4,-1.2,-3.9,1.5,-4.1,-7.0,-1.2,-0.7,-2.5,1.1,-4.6,0.6,-2.5,3.7,-1.2,-2.8,0.4,100,106,93,105,111,100,105,101,105,100,103,92,103,108,96,104,102,103,99,106,95,104,112,99,105,100,104,19%,81%,95%,33%,78%,25%,86%,100%,44%,80%,6%,81%,100%,39%,73%,25%,90%,100%,44%,83%,0%,24%,68%,22%,34%,0%,10%,68%,22%,27%,0%,14%,32%,6%,20%,0%,0%,21%,6%,7%,42,71%,0,0%,3,5%,11,19%,14,24%,,,,,,,,,,,,,,,,,,,,,30,17%,83%,67%,17%,SUPP,SUPP,SUPP,SUPP,-1.0,-3.3,1.3,-0.3,-2.4,1.8,-1.4,-3.4,0.6,105,105,-0.9,-0.1,-1.7,3,3,4
1,7274,919,2041,117107,Boxmoor Primary School,Cowper Road,Boxmoor,,Hemel Hempstead,HP1 1PF,01442402244,E14000739,Hemel Hempstead,0,,,CY,0,Does not apply,3-11,0,0,233,29,29,15,14,52%,48%,8.3,2,8%,11,42%,13,50%,3,10%,4,14%,25,86%,5,17%,26,90%,62%,0%,1.7,-0.7,4.1,90%,-3.2,-5.5,-0.9,90%,0.7,-1.6,3.0,90%,83%,31%,0%,108,83%,31%,0%,107,86%,28%,0%,106,62%,0%,31%,0%,86%,0%,53%,71%,SUPP,45%,100%,SUPP,SUPP,SUPP,SUPP,65%,0%,0%,SUPP,0%,0%,SUPP,SUPP,SUPP,SUPP,0%,2.9,-0.7,6.4,0.8,-2.5,4.1,SUPP,SUPP,SUPP,2.1,-1.6,5.9,1.0,-2.4,4.4,SUPP,SUPP,SUPP,SUPP,SUPP,SUPP,SUPP,SUPP,SUPP,SUPP,1.8,-0.7,4.3,-4.1,-7.5,-0.7,-2.4,-5.6,0.8,SUPP,SUPP,SUPP,-4.4,-7.9,-0.8,-3.4,-6.7,-0.1,SUPP,SUPP,SUPP,SUPP,SUPP,SUPP,SUPP,SUPP,SUPP,SUPP,-3.1,-5.4,-0.7,1.9,-1.5,5.2,-0.3,-3.4,2.8,SUPP,SUPP,SUPP,0.5,-3.0,4.0,0.6,-2.6,3.8,SUPP,SUPP,SUPP,SUPP,SUPP,SUPP,SUPP,SUPP,SUPP,SUPP,0.6,-1.7,2.9,109,107,SUPP,107,112,SUPP,SUPP,SUPP,108,106,105,SUPP,104,110,SUPP,SUPP,SUPP,106,107,107,SUPP,103,113,SUPP,SUPP,SUPP,107,SUPP,100%,100%,SUPP,SUPP,SUPP,91%,100%,SUPP,SUPP,SUPP,100%,100%,SUPP,SUPP,SUPP,45%,100%,SUPP,SUPP,SUPP,18%,54%,SUPP,SUPP,SUPP,0%,69%,SUPP,SUPP,SUPP,9%,54%,SUPP,SUPP,SUPP,0%,0%,SUPP,SUPP,23,79%,1,3%,0,0%,1,3%,1,3%,,,,,,,,,,,,,,,,,,,,,30,20%,80%,67%,20%,67%,17%,67%,21%,2.0,-0.2,4.2,2.2,0.2,4.3,0.0,-2.0,1.9,106,105,1.7,-3.2,0.7,3,5,3
1,29924,919,2042,140955,Jupiter Primary School,Jupiter Drive,,,Hemel Hempstead,HP2 5NT,01442217188,E14000739,Hemel Hempstead,0,,,F,0,None,4-11,0,0,385,54,51,21,30,41%,59%,7.6,14,30%,19,40%,14,30%,4,8%,10,20%,41,80%,11,22%,47,92%,43%,2%,-0.1,-1.9,1.7,92%,-2.3,-4.0,-0.6,92%,-1.2,-2.9,0.5,90%,63%,27%,4%,104,67%,22%,4%,104,59%,14%,6%,102,57%,4%,31%,4%,71%,4%,52%,37%,0%,53%,79%,30%,46%,-36,45%,45%,0%,3%,0%,0%,7%,0%,2%,-10,9%,2%,-0.8,-3.5,2.0,0.5,-1.9,2.8,0.5,-2.7,3.8,-0.4,-3.2,2.4,-0.2,-3.5,3.1,-0.1,-4.2,4.0,-0.1,-2.1,1.9,-0.5,1.1,-3.6,5.7,-0.1,-1.9,1.7,-2.4,-5.0,0.3,-2.3,-4.5,0.0,-3.1,-6.3,0.1,-1.4,-4.1,1.3,-2.8,-6.0,0.4,-6.4,-10.3,-2.4,-1.3,-3.3,0.6,-6.8,4.2,-0.3,8.7,-2.3,-4.0,-0.6,-0.1,-2.7,2.5,-2.0,-4.3,0.3,-0.7,-3.9,2.5,0.0,-2.7,2.6,-3.2,-6.3,-0.1,-2.3,-6.4,1.8,-0.9,-2.8,0.9,-2.8,2.1,-2.3,6.5,-1.2,-2.9,0.5,104,104,98,104,111,104,105,105,104,104,100,95,104,106,99,102,103,102,104,103,95,104,111,100,104,105,104,29%,68%,93%,60%,63%,21%,84%,100%,40%,73%,21%,79%,79%,40%,63%,14%,68%,93%,30%,63%,0%,21%,64%,10%,32%,0%,16%,57%,10%,24%,0%,5%,43%,0%,17%,0%,0%,14%,0%,5%,40,78%,0,0%,1,2%,3,6%,4,8%,,,,,,,,,,,,,,,,,,,,,,,,,,,,,,,,,,,,,,,,,-0.1,-2.3,-1.3,3,4,3
1,2730,919,2043,140956,Ascot Road Primary School,Ascot Road,,,Watford,WD18 8AD,01923801559,E14001021,Watford,0,,,F,0,None,4-11,0,0,380,59,59,34,25,58%,42%,7.8,13,25%,24,47%,14,27%,8,14%,10,17%,49,83%,34,58%,52,88%,42%,8%,-2.7,-4.5,-1.0,86%,-4.9,-6.6,-3.3,86%,-3.3,-4.9,-1.7,86%,61%,22%,2%,102,58%,19%,2%,102,53%,29%,2%,101,47%,8%,32%,0%,69%,0%,38%,48%,0%,42%,86%,30%,45%,-36,50%,44%,9%,8%,0%,0%,29%,0%,10%,-10,9%,8%,-3.5,-5.7,-1.2,-1.8,-4.4,0.9,-3.3,-6.7,0.1,-3.1,-5.6,-0.6,-1.6,-4.9,1.7,-2.8,-6.7,1.1,-2.7,-4.6,-0.8,-3.2,-1.9,-4.2,0.4,-2.8,-4.6,-1.0,-5.7,-7.9,-3.5,-4.0,-6.5,-1.5,-7.7,-11.0,-4.4,-5.7,-8.1,-3.3,-1.1,-4.3,2.1,-5.8,-9.5,-2.0,-4.7,-6.6,-2.9,-6.2,-3.9,-6.1,-1.7,-5.2,-6.9,-3.4,-4.4,-6.5,-2.2,-1.9,-4.4,0.6,-6.2,-9.4,-3.0,-3.7,-6.0,-1.3,0.0,-3.1,3.1,-7.6,-11.2,-3.9,-2.3,-4.1,-0.5,-8.1,-0.7,-2.8,1.5,-3.5,-5.2,-1.8,100,104,93,101,110,98,103,103,102,99,104,89,100,110,92,103,104,101,101,105,93,102,110,98,103,103,102,23%,63%,100%,40%,65%,0%,67%,100%,40%,61%,8%,54%,93%,30%,57%,0%,42%,93%,30%,51%,0%,17%,50%,0%,27%,0%,4%,50%,0%,22%,0%,21%,64%,0%,35%,0%,0%,29%,0%,10%,24,41%,1,2%,1,2%,9,15%,10,17%,,,,,,,,,,,,,,,,,,,,,,,,,,,,,,,,,,,,,,,,,-3.1,-5.6,-3.4,4,5,4
1,63462,919,2044,117108,Two Waters Primary School,High Ridge Close,Apsley,,Hemel Hempstead,HP3 0AU,01442217893,E14000739,Hemel Hempstead,0,,,CY,0,Does not apply,3-11,0,0,239,29,29,14,15,48%,52%,8.5,3,11%,9,32%,16,57%,1,3%,3,10%,26,90%,5,17%,29,100%,72%,7%,1.9,-0.5,4.3,93%,-2.5,-4.7,-0.2,93%,2.0,-0.2,4.2,93%,93%,48%,3%,110,79%,38%,7%,107,90%,48%,3%,110,72%,14%,21%,3%,83%,3%,50%,93%,SUPP,67%,81%,SUPP,SUPP,SUPP,SUPP,72%,0%,13%,SUPP,0%,13%,SUPP,SUPP,SUPP,SUPP,7%,0.4,-3.0,3.8,3.3,0.0,6.5,SUPP,SUPP,SUPP,3.3,-0.8,7.4,0.9,-2.3,4.1,SUPP,SUPP,SUPP,SUPP,SUPP,SUPP,SUPP,SUPP,SUPP,SUPP,1.9,-0.5,4.3,-5.9,-9.2,-2.6,0.7,-2.5,3.9,SUPP,SUPP,SUPP,-1.6,-5.5,2.4,-2.6,-5.7,0.5,SUPP,SUPP,SUPP,SUPP,SUPP,SUPP,SUPP,SUPP,SUPP,SUPP,-2.5,-4.7,-0.2,1.3,-1.9,4.6,2.6,-0.5,5.7,SUPP,SUPP,SUPP,1.4,-2.5,5.3,2.1,-0.9,5.1,SUPP,SUPP,SUPP,SUPP,SUPP,SUPP,SUPP,SUPP,SUPP,SUPP,2.0,-0.2,4.2,110,111,SUPP,107,113,SUPP,SUPP,SUPP,110,111,109,SUPP,105,114,SUPP,SUPP,SUPP,110,106,109,SUPP,102,112,SUPP,SUPP,SUPP,107,SUPP,100%,94%,SUPP,SUPP,SUPP,78%,88%,SUPP,SUPP,SUPP,100%,88%,SUPP,SUPP,SUPP,67%,81%,SUPP,SUPP,SUPP,33%,56%,SUPP,SUPP,SUPP,0%,63%,SUPP,SUPP,SUPP,11%,75%,SUPP,SUPP,SUPP,0%,25%,SUPP,SUPP,24,83%,0,0%,2,7%,1,3%,3,10%,,,,,,,,,,,,,,,,,,,,,29,0%,100%,83%,28%,,,SUPP,SUPP,1.9,-0.4,4.2,1.1,-1.0,3.2,0.1,-1.9,2.1,109,108,1.9,-2.5,1.3,3,4,3
1,63270,919,2045,117109,Tudor Primary School,Redwood Drive,,,Hemel Hempstead,HP3 9ER,01442256294,E14000739,Hemel Hempstead,0,,,CY,0,Does not apply,3-11,0,0,434,59,60,28,32,47%,53%,7.3,15,26%,31,54%,11,19%,3,5%,17,28%,43,72%,19,32%,54,90%,60%,13%,1.6,-0.1,3.2,95%,2.7,1.1,4.3,95%,1.4,-0.2,2.9,95%,72%,27%,0%,106,80%,43%,0%,108,70%,23%,0%,105,67%,25%,27%,0%,85%,0%,54%,66%,20%,74%,91%,41%,67%,-25,63%,65%,11%,16%,0%,3%,64%,12%,14%,2,11%,15%,1.3,-1.2,3.7,1.8,-0.4,4.0,0.5,-2.7,3.7,1.8,-0.4,4.0,2.3,-1.5,6.0,-0.3,-3.3,2.7,2.3,0.4,4.3,-0.7,1.6,-1.3,4.6,1.7,0.0,3.4,1.6,-0.8,3.9,3.6,1.5,5.8,1.4,-1.6,4.5,2.3,0.2,4.5,5.4,1.8,9.0,-0.1,-2.9,2.8,3.9,2.0,5.7,-0.5,1.7,-1.1,4.5,3.2,1.6,4.9,1.1,-1.2,3.3,1.6,-0.5,3.7,0.8,-2.2,3.8,1.1,-1.0,3.2,2.8,-0.7,6.3,0.4,-2.4,3.2,1.8,-0.1,3.6,-0.1,2.8,0.1,5.5,1.8,0.2,3.4,106,106,98,106,113,102,107,105,106,105,104,97,105,113,101,106,105,105,107,108,99,109,115,103,110,109,108,33%,87%,91%,59%,77%,40%,97%,100%,71%,84%,20%,87%,100%,53%,77%,20%,84%,100%,47%,74%,0%,23%,82%,12%,33%,7%,45%,100%,24%,51%,0%,16%,73%,18%,26%,0%,19%,82%,12%,30%,40,67%,1,2%,4,7%,10,17%,14,23%,,,,,,,,,,,,,,,,,,,,,57,30%,70%,61%,14%,47%,0%,68%,20%,0.5,-1.1,2.1,0.4,-1.1,1.9,0.5,-0.9,2.0,104,104,1.6,2.7,1.4,3,2,3
1,32056,919,2049,140954,Lanchester Primary School,Hempstead Road,,,Watford,WD17 3HD,01923224160,E14001021,Watford,0,,,F,0,None,4-11,0,0,342,57,58,31,27,53%,47%,8.3,7,16%,20,44%,18,40%,13,22%,11,19%,47,81%,31,53%,46,79%,47%,3%,-1.0,-2.8,0.9,76%,-4.5,-6.3,-2.7,76%,1.4,-0.3,3.2,76%,69%,26%,3%,105,78%,43%,3%,107,76%,34%,3%,107,50%,3%,43%,3%,62%,3%,48%,44%,0%,45%,78%,18%,53%,-48,52%,50%,0%,7%,0%,0%,11%,0%,4%,-10,3%,4%,-1.6,-4.0,0.9,-0.2,-3.0,2.6,-2.3,-7.0,2.3,-1.3,-4.1,1.5,-0.1,-3.0,2.8,-5.3,-9.9,-0.6,-0.2,-2.2,1.9,-5.7,-0.6,-3.0,1.9,-0.9,-2.8,1.0,-5.3,-7.6,-2.9,-3.5,-6.2,-0.7,-2.6,-7.1,1.9,-4.3,-7.0,-1.6,-5.4,-8.2,-2.6,-8.0,-12.5,-3.6,-3.8,-5.8,-1.9,-8.4,-2.9,-5.3,-0.5,-4.5,-6.3,-2.6,1.4,-0.9,3.7,1.5,-1.2,4.2,1.1,-3.2,5.5,1.9,-0.8,4.6,1.1,-1.7,3.8,-3.5,-7.9,0.9,2.4,0.5,4.3,-4.0,2.8,0.5,5.1,1.4,-0.4,3.1,105,105,95,103,112,100,106,104,105,107,106,97,106,112,101,108,106,107,107,108,97,106,113,104,108,107,107,29%,75%,100%,55%,72%,43%,75%,100%,64%,81%,43%,80%,94%,55%,81%,0%,45%,78%,27%,55%,0%,10%,61%,0%,32%,0%,30%,83%,27%,47%,14%,20%,67%,0%,43%,0%,0%,11%,0%,4%,25,43%,2,3%,0,0%,2,3%,2,3%,,,,,,,,,,,,,,,,,,,,,,,,,,,,,,,,,,,,,,,,,-1.1,-4.6,1.4,3,5,3
1,266,919,2050,117111,Abel Smith School,Churchfields,Greencoates,,Hertford,SG13 8AE,01992583244,E14000744,Hertford and Stortford,0,,,CY,0,Does not apply,3-11,0,0,228,31,30,14,16,47%,53%,8.3,3,11%,14,50%,11,39%,2,7%,5,17%,25,83%,3,10%,27,90%,73%,13%,0.6,-1.8,2.9,93%,0.6,-1.6,2.8,93%,2.5,0.3,4.7,93%,90%,27%,0%,107,97%,50%,0%,110,93%,37%,0%,108,83%,20%,17%,0%,93%,0%,71%,75%,SUPP,71%,100%,SUPP,SUPP,SUPP,SUPP,74%,7%,19%,SUPP,7%,27%,SUPP,SUPP,SUPP,SUPP,11%,1.5,-2.0,5.1,-0.1,-3.2,2.9,SUPP,SUPP,SUPP,0.5,-2.8,3.7,-0.2,-3.9,3.5,SUPP,SUPP,SUPP,SUPP,SUPP,SUPP,SUPP,SUPP,SUPP,SUPP,0.4,-2.0,2.9,-2.4,-5.9,1.0,2.9,-0.1,5.9,SUPP,SUPP,SUPP,0.6,-2.5,3.8,0.5,-3.1,4.1,SUPP,SUPP,SUPP,SUPP,SUPP,SUPP,SUPP,SUPP,SUPP,SUPP,0.5,-1.9,2.8,2.6,-0.8,5.9,2.4,-0.5,5.3,SUPP,SUPP,SUPP,3.9,0.8,7.0,0.4,-3.1,3.9,SUPP,SUPP,SUPP,SUPP,SUPP,SUPP,SUPP,SUPP,SUPP,SUPP,2.5,0.2,4.7,109,106,SUPP,105,112,SUPP,SUPP,SUPP,107,109,108,SUPP,108,111,SUPP,SUPP,SUPP,108,110,111,SUPP,109,115,SUPP,SUPP,SUPP,110,SUPP,93%,100%,SUPP,SUPP,SUPP,100%,100%,SUPP,SUPP,SUPP,93%,100%,SUPP,SUPP,SUPP,86%,100%,SUPP,SUPP,SUPP,14%,55%,SUPP,SUPP,SUPP,21%,100%,SUPP,SUPP,SUPP,29%,55%,SUPP,SUPP,SUPP,7%,45%,SUPP,SUPP,27,90%,0,0%,1,3%,2,7%,3,10%,,,,,,,,,,,,,,,,,,,,,30,13%,87%,63%,17%,SUPP,SUPP,SUPP,SUPP,0.6,-1.7,2.8,-1.6,-3.7,0.4,0.6,-1.3,2.6,107,107,0.6,0.6,2.5,3,3,2
1,65018,919,2051,142221,Watford St John's Church of England Primary School,32 Clarendon Road,,,Watford,WD17 1JJ,01923255017,E14001021,Watford,0,,,F,0,Church of England/Christian,4-11,0,0,346,29,28,11,17,39%,61%,7.9,4,17%,13,57%,6,26%,5,18%,5,18%,23,82%,9,32%,21,75%,54%,0%,-1.3,-3.9,1.3,82%,-5.2,-7.7,-2.7,82%,-3.2,-5.6,-0.8,82%,75%,25%,0%,104,64%,21%,0%,101,64%,18%,0%,101,57%,0%,21%,0%,79%,0%,45%,59%,SUPP,46%,100%,SUPP,SUPP,SUPP,56%,52%,0%,0%,SUPP,0%,0%,SUPP,SUPP,SUPP,0%,0%,0.1,-4.0,4.2,-2.2,-5.5,1.1,SUPP,SUPP,SUPP,-0.2,-3.6,3.2,-1.3,-6.4,3.7,SUPP,SUPP,SUPP,SUPP,SUPP,SUPP,SUPP,SUPP,SUPP,SUPP,-2.0,-4.7,0.8,-6.0,-9.9,-2.0,-4.7,-7.9,-1.5,SUPP,SUPP,SUPP,-4.6,-7.9,-1.4,-2.9,-7.8,1.9,SUPP,SUPP,SUPP,SUPP,SUPP,SUPP,SUPP,SUPP,SUPP,SUPP,-4.8,-7.5,-2.2,-2.1,-6.0,1.7,-3.9,-7.0,-0.8,SUPP,SUPP,SUPP,-2.9,-6.1,0.4,-1.1,-5.8,3.7,SUPP,SUPP,SUPP,SUPP,SUPP,SUPP,SUPP,SUPP,SUPP,SUPP,-3.2,-5.8,-0.6,104,104,SUPP,104,110,SUPP,SUPP,106,102,101,101,SUPP,100,110,SUPP,SUPP,104,100,100,101,SUPP,99,110,SUPP,SUPP,102,100,SUPP,77%,100%,SUPP,SUPP,SUPP,54%,100%,SUPP,SUPP,SUPP,62%,100%,SUPP,SUPP,SUPP,54%,100%,SUPP,SUPP,SUPP,15%,50%,SUPP,SUPP,SUPP,8%,67%,SUPP,SUPP,SUPP,0%,50%,SUPP,SUPP,SUPP,0%,0%,SUPP,SUPP,19,68%,0,0%,1,4%,4,14%,5,18%,,,,,,,,,,,,,,,,,,,,,,,,,,,,,,,,,,,,,,,,,-1.3,-5.3,-3.4,3,5,4
1,26236,919,2053,117112,Hexton Junior Mixed and Infant School,Hexton,,,Hitchin,SG5 3JL,01582881248,E14000749,Hitchin and Harpenden,0,,,CY,0,Does not apply,4-11,0,0,21,2,2,SUPP,SUPP,SUPP,SUPP,SUPP,SUPP,SUPP,SUPP,SUPP,SUPP,SUPP,SUPP,SUPP,SUPP,SUPP,SUPP,SUPP,SUPP,SUPP,SUPP,SUPP,SUPP,SUPP,SUPP,SUPP,SUPP,SUPP,SUPP,SUPP,SUPP,SUPP,SUPP,SUPP,SUPP,SUPP,SUPP,SUPP,SUPP,SUPP,SUPP,SUPP,SUPP,SUPP,SUPP,SUPP,SUPP,SUPP,SUPP,SUPP,SUPP,SUPP,SUPP,SUPP,SUPP,,SUPP,,,,SUPP,,,SUPP,SUPP,,SUPP,,,,SUPP,,,SUPP,SUPP,SUPP,SUPP,NA,NA,NA,SUPP,SUPP,SUPP,NA,NA,NA,NA,NA,NA,,,,SUPP,SUPP,SUPP,,NA,NA,NA,SUPP,SUPP,SUPP,SUPP,SUPP,SUPP,NA,NA,NA,SUPP,SUPP,SUPP,NA,NA,NA,NA,NA,NA,,,,SUPP,SUPP,SUPP,,NA,NA,NA,SUPP,SUPP,SUPP,SUPP,SUPP,SUPP,NA,NA,NA,SUPP,SUPP,SUPP,NA,NA,NA,NA,NA,NA,,,,SUPP,SUPP,SUPP,,NA,NA,NA,SUPP,SUPP,SUPP,SUPP,,SUPP,,,,SUPP,,SUPP,SUPP,,SUPP,,,,SUPP,,SUPP,SUPP,,SUPP,,,,SUPP,,SUPP,SUPP,,,,SUPP,SUPP,,,,SUPP,SUPP,,,,SUPP,SUPP,,,,SUPP,SUPP,,,,SUPP,SUPP,,,,SUPP,SUPP,,,,SUPP,SUPP,,,,SUPP,SUPP,SUPP,SUPP,SUPP,SUPP,SUPP,SUPP,SUPP,SUPP,SUPP,,,,,,,,,,,,,,,,,,,,,6,33%,67%,33%,0%,SUPP,SUPP,SUPP,SUPP,SUPP,SUPP,SUPP,-6.8,-11.3,-2.2,SUPP,SUPP,SUPP,105,103,SUPP,SUPP,SUPP,SUPP,SUPP,SUPP
1,69362,919,2054,142862,Yavneh Primary School,Hillside Avenue,,,Borehamwood,WD6 1HL,02087365580,E14000745,Hertsmere,0,,,F,0,Orthodox Jewish,4-11,0,0,422,60,59,28,31,47%,53%,8.2,7,12%,29,49%,23,39%,0,0%,3,5%,56,95%,1,2%,59,100%,75%,10%,-0.6,-2.2,1.0,100%,0.2,-1.3,1.8,100%,2.5,1.0,4.0,100%,83%,25%,0%,106,93%,44%,0%,107,90%,32%,0%,108,85%,12%,15%,0%,100%,0%,68%,81%,14%,69%,100%,SUPP,SUPP,SUPP,SUPP,75%,7%,13%,0%,0%,26%,SUPP,SUPP,SUPP,SUPP,10%,-0.5,-2.9,1.8,-0.7,-2.9,1.5,0.4,-4.3,5.0,-0.1,-2.3,2.2,-1.6,-4.2,1.0,SUPP,SUPP,SUPP,SUPP,SUPP,SUPP,SUPP,SUPP,SUPP,SUPP,-0.6,-2.2,1.0,0.0,-2.2,2.2,0.4,-1.7,2.6,3.0,-1.4,7.5,-0.2,-2.4,2.0,-0.1,-2.6,2.4,SUPP,SUPP,SUPP,SUPP,SUPP,SUPP,SUPP,SUPP,SUPP,SUPP,0.2,-1.3,1.8,3.6,1.4,5.8,1.4,-0.7,3.5,5.9,1.5,10.2,1.4,-0.7,3.6,2.8,0.3,5.2,SUPP,SUPP,SUPP,SUPP,SUPP,SUPP,SUPP,SUPP,SUPP,SUPP,2.5,1.0,4.0,105,106,98,105,109,SUPP,SUPP,SUPP,106,108,107,102,105,113,SUPP,SUPP,SUPP,108,106,108,100,105,112,SUPP,SUPP,SUPP,107,29%,83%,100%,SUPP,SUPP,71%,93%,100%,SUPP,SUPP,57%,90%,100%,SUPP,SUPP,43%,83%,100%,SUPP,SUPP,14%,14%,43%,SUPP,SUPP,14%,24%,78%,SUPP,SUPP,0%,10%,70%,SUPP,SUPP,0%,0%,30%,SUPP,SUPP,58,98%,0,0%,0,0%,12,20%,12,20%,,,,,,,,,,,,,,,,,,,,,,,,,,,,,,,,,,,,,,,,,-0.6,0.2,2.5,3,3,2
1,26650,919,2057,117115,Highover Junior Mixed and Infant School,Cambridge Road,,,Hitchin,SG4 0JP,01462622333,E14000749,Hitchin and Harpenden,0,,,CY,0,Does not apply,3-11,0,0,435,60,58,29,29,50%,50%,8.2,6,11%,26,46%,25,44%,1,2%,6,10%,52,90%,10,17%,56,97%,67%,17%,4.6,2.9,6.2,97%,-1.1,-2.7,0.5,98%,3.7,2.2,5.3,97%,93%,60%,2%,111,91%,60%,2%,111,93%,48%,2%,109,71%,19%,26%,0%,83%,0%,62%,72%,17%,50%,96%,33%,71%,-33,60%,66%,14%,21%,0%,4%,36%,0%,19%,-10,10%,16%,4.9,2.6,7.2,4.2,1.9,6.5,9.1,4.0,14.1,3.4,0.9,5.9,4.6,2.2,7.1,4.5,-0.5,9.6,4.6,2.8,6.3,4.1,3.9,-0.4,8.3,4.6,2.9,6.2,-3.2,-5.4,-1.0,1.0,-1.2,3.2,1.8,-3.0,6.6,-2.7,-5.1,-0.4,0.0,-2.4,2.3,-2.6,-7.5,2.2,-0.9,-2.6,0.8,-3.0,-1.5,-5.4,2.5,-1.2,-2.8,0.4,3.7,1.5,5.8,3.8,1.6,5.9,10.4,5.6,15.1,4.2,1.9,6.5,1.6,-0.7,4.0,6.7,2.0,11.5,3.3,1.7,5.0,6.2,5.9,1.8,10.0,3.8,2.2,5.4,112,110,102,108,116,106,112,111,111,110,109,103,108,112,107,110,112,109,111,111,98,109,115,106,111,111,110,67%,92%,100%,83%,94%,50%,92%,100%,67%,94%,83%,88%,100%,100%,92%,17%,58%,96%,33%,75%,17%,38%,92%,33%,63%,0%,46%,88%,67%,60%,0%,42%,64%,50%,48%,0%,4%,40%,0%,21%,48,83%,0,0%,2,3%,13,22%,15,26%,,,,,,,,,,,,,,,,,,,,,58,14%,86%,76%,17%,63%,0%,78%,20%,-1.4,-3.0,0.2,0.8,-0.7,2.3,-0.6,-2.0,0.8,105,106,4.6,-1.1,3.7,1,3,1
1,24530,919,2060,143648,Harpenden Academy,25 Vaughan Road,,,Harpenden,AL5 4EL,01582716910,E14000749,Hitchin and Harpenden,0,,,F,0,None,4-11,0,0,213,31,33,13,20,39%,61%,8.4,2,6%,15,47%,15,47%,1,3%,0,0%,33,100%,4,12%,33,100%,79%,27%,2.4,0.3,4.6,97%,0.6,-1.5,2.7,97%,2.7,0.7,4.8,97%,97%,52%,0%,110,97%,64%,0%,110,94%,48%,0%,109,82%,30%,18%,0%,82%,0%,69%,85%,SUPP,60%,100%,,SUPP,,SUPP,79%,8%,40%,SUPP,13%,40%,,SUPP,,SUPP,27%,1.0,-2.4,4.4,3.4,0.6,6.3,SUPP,SUPP,SUPP,2.7,-0.5,5.8,2.1,-1.1,5.3,,,,SUPP,SUPP,SUPP,,SUPP,SUPP,SUPP,2.4,0.3,4.6,-2.6,-5.9,0.7,2.8,0.1,5.5,SUPP,SUPP,SUPP,-0.4,-3.4,2.7,1.1,-1.9,4.2,,,,SUPP,SUPP,SUPP,,SUPP,SUPP,SUPP,0.6,-1.5,2.7,2.2,-1.1,5.4,3.2,0.5,5.8,SUPP,SUPP,SUPP,3.1,0.1,6.1,1.9,-1.1,4.9,,,,SUPP,SUPP,SUPP,,SUPP,SUPP,SUPP,2.7,0.7,4.8,108,111,SUPP,107,113,,SUPP,SUPP,110,109,110,SUPP,107,112,,SUPP,SUPP,109,110,111,SUPP,108,114,,SUPP,SUPP,110,SUPP,100%,100%,,SUPP,SUPP,93%,100%,,SUPP,SUPP,93%,100%,,SUPP,SUPP,67%,100%,,SUPP,SUPP,33%,73%,,SUPP,SUPP,47%,87%,,SUPP,SUPP,27%,73%,,SUPP,SUPP,13%,47%,,SUPP,29,88%,0,0%,0,0%,6,18%,6,18%,,,,,,,,,,,,,,,,,,,,,29,10%,90%,79%,24%,SUPP,SUPP,SUPP,SUPP,6.0,3.6,8.4,3.3,1.1,5.5,2.0,-0.1,4.1,109,106,2.4,0.6,2.7,2,3,2
1,28528,919,2061,117117,Hunsdon Junior Mixed and Infant School,High Street,Hunsdon,,Ware,SG12 8NT,01279842644,E14000744,Hertford and Stortford,0,,,CY,0,Does not apply,4-11,0,0,110,15,15,9,6,60%,40%,7.7,5,33%,5,33%,5,33%,0,0%,3,20%,12,80%,0,0%,15,100%,80%,0%,0.9,-2.3,4.1,100%,2.6,-0.4,5.7,100%,2.5,-0.5,5.4,100%,80%,27%,0%,106,87%,47%,0%,107,93%,27%,0%,106,87%,20%,13%,0%,93%,0%,89%,67%,SUPP,SUPP,SUPP,SUPP,SUPP,SUPP,,80%,0%,0%,SUPP,SUPP,SUPP,SUPP,SUPP,SUPP,,0%,0.5,-3.6,4.6,1.6,-3.4,6.6,SUPP,SUPP,SUPP,SUPP,SUPP,SUPP,SUPP,SUPP,SUPP,SUPP,SUPP,SUPP,SUPP,SUPP,SUPP,SUPP,NA,NA,NA,0.9,-2.3,4.1,2.8,-1.1,6.8,2.4,-2.5,7.2,SUPP,SUPP,SUPP,SUPP,SUPP,SUPP,SUPP,SUPP,SUPP,SUPP,SUPP,SUPP,SUPP,SUPP,SUPP,SUPP,NA,NA,NA,2.6,-0.4,5.7,2.4,-1.4,6.3,2.5,-2.2,7.2,SUPP,SUPP,SUPP,SUPP,SUPP,SUPP,SUPP,SUPP,SUPP,SUPP,SUPP,SUPP,SUPP,SUPP,SUPP,SUPP,NA,NA,NA,2.5,-0.5,5.4,107,104,SUPP,SUPP,SUPP,SUPP,SUPP,,106,107,103,SUPP,SUPP,SUPP,SUPP,SUPP,,106,108,105,SUPP,SUPP,SUPP,SUPP,SUPP,,107,SUPP,SUPP,SUPP,SUPP,SUPP,SUPP,SUPP,SUPP,SUPP,SUPP,SUPP,SUPP,SUPP,SUPP,SUPP,SUPP,SUPP,SUPP,SUPP,SUPP,SUPP,SUPP,SUPP,SUPP,SUPP,SUPP,SUPP,SUPP,SUPP,SUPP,SUPP,SUPP,SUPP,SUPP,SUPP,SUPP,SUPP,SUPP,SUPP,SUPP,15,100%,0,0%,0,0%,2,13%,2,13%,,,,,,,,,,,,,,,,,,,,,15,13%,87%,93%,0%,SUPP,SUPP,SUPP,SUPP,3.4,0.2,6.5,3.5,0.6,6.4,0.1,-2.6,2.8,107,105,0.9,2.6,2.5,3,3,3
1,30510,919,2062,117118,Kimpton Primary School,High Street,Kimpton,,Hitchin,SG4 8RB,01438832394,E14000749,Hitchin and Harpenden,0,,,CY,0,Does not apply,3-11,0,0,176,28,28,17,11,61%,39%,7.8,5,19%,10,37%,12,44%,1,4%,3,11%,25,89%,0,0%,26,93%,54%,4%,1.5,-1.0,3.9,93%,-1.7,-4.0,0.6,96%,-2.1,-4.4,0.2,93%,68%,39%,4%,107,61%,36%,4%,106,64%,21%,4%,104,64%,11%,21%,0%,75%,0%,41%,73%,SUPP,30%,100%,SUPP,SUPP,SUPP,,58%,6%,0%,SUPP,0%,8%,SUPP,SUPP,SUPP,,4%,0.3,-2.8,3.5,3.0,-0.7,6.7,SUPP,SUPP,SUPP,-3.0,-7.1,1.1,4.4,0.8,7.9,SUPP,SUPP,SUPP,SUPP,SUPP,SUPP,SUPP,NA,NA,NA,2.7,0.2,5.2,-1.7,-4.6,1.3,-1.7,-5.3,1.9,SUPP,SUPP,SUPP,-1.9,-5.7,1.8,-0.6,-4.0,2.8,SUPP,SUPP,SUPP,SUPP,SUPP,SUPP,SUPP,NA,NA,NA,-1.0,-3.4,1.4,-0.9,-3.9,2.0,-3.7,-7.2,-0.2,SUPP,SUPP,SUPP,-3.6,-7.4,0.3,-0.5,-3.9,2.8,SUPP,SUPP,SUPP,SUPP,SUPP,SUPP,SUPP,NA,NA,NA,-1.3,-3.7,1.1,105,110,SUPP,102,116,SUPP,SUPP,,108,104,105,SUPP,101,110,SUPP,SUPP,,105,105,108,SUPP,103,114,SUPP,SUPP,,107,SUPP,50%,100%,SUPP,SUPP,SUPP,50%,100%,SUPP,SUPP,SUPP,50%,100%,SUPP,SUPP,SUPP,60%,100%,SUPP,SUPP,SUPP,0%,92%,SUPP,SUPP,SUPP,0%,83%,SUPP,SUPP,SUPP,0%,50%,SUPP,SUPP,SUPP,0%,25%,SUPP,SUPP,28,100%,0,0%,2,7%,7,25%,9,32%,,,,,,,,,,,,,,,,,,,,,22,9%,91%,59%,9%,SUPP,SUPP,SUPP,SUPP,-1.7,-4.3,0.9,-0.1,-2.4,2.3,-2.0,-4.2,0.3,104,105,1.0,-2.0,-2.6,3,3,3
1,12664,919,2063,143856,Churchfield CofE Academy,Cheshunt Wash,,,Waltham Cross,EN8 0LU,01992463289,E14000606,Broxbourne,0,,,AC,0,Church of England,3-11,0,0,311,42,45,31,14,69%,31%,7.7,7,17%,26,63%,8,20%,4,9%,20,44%,25,56%,11,24%,39,87%,59%,5%,-0.2,-2.1,1.8,91%,-0.4,-2.3,1.4,91%,-0.7,-2.6,1.1,91%,73%,18%,4%,105,69%,20%,4%,105,71%,16%,7%,104,66%,9%,23%,7%,64%,7%,55%,69%,29%,69%,75%,53%,64%,-13,60%,66%,6%,0%,0%,0%,25%,0%,8%,-10,0%,5%,-0.7,-3.0,1.6,1.1,-2.5,4.6,-2.1,-6.8,2.6,0.9,-1.5,3.3,-1.9,-6.3,2.4,-1.1,-3.9,1.8,0.6,-2.0,3.2,-1.5,0.9,-3.0,4.8,-0.5,-2.5,1.5,-1.5,-3.7,0.7,2.0,-1.4,5.4,0.5,-4.0,5.0,0.5,-1.8,2.8,-4.3,-8.5,-0.1,-1.0,-3.7,1.7,0.0,-2.5,2.6,-1.4,1.2,-2.5,5.0,-1.1,-3.0,0.9,-0.8,-2.9,1.4,-0.7,-4.0,2.7,-2.9,-7.3,1.4,0.7,-1.6,3.0,-3.5,-7.6,0.5,-1.4,-4.0,1.3,-0.2,-2.7,2.3,-1.9,-1.0,-4.6,2.7,-1.4,-3.3,0.4,105,105,100,105,110,104,106,103,106,104,103,97,104,107,103,105,101,104,105,105,98,105,111,104,105,104,105,57%,81%,100%,80%,68%,14%,81%,100%,70%,68%,29%,88%,88%,65%,76%,43%,77%,75%,58%,72%,0%,15%,50%,10%,24%,0%,15%,63%,15%,24%,0%,12%,50%,5%,24%,0%,8%,25%,11%,8%,31,69%,3,7%,3,7%,3,7%,6,13%,,,,,,,,,,,,,,,,,,,,,34,41%,59%,88%,15%,79%,14%,95%,15%,2.1,0.1,4.2,0.7,-1.2,2.6,2.5,0.7,4.3,107,108,-0.2,-0.6,-0.8,3,3,3
1,7708,919,2064,117119,Breachwood Green Junior Mixed and Infant School,Oxford Road,Breachwood Green,,Hitchin,SG4 8NP,01438833115,E14000749,Hitchin and Harpenden,0,,,CY,0,Does not apply,4-11,0,0,82,6,6,5,1,83%,17%,8.5,1,17%,1,17%,4,67%,0,0%,1,17%,5,83%,1,17%,5,83%,83%,0%,-1.8,-6.9,3.2,100%,-1.9,-6.8,2.9,100%,1.3,-3.5,6.0,100%,100%,17%,0%,106,100%,33%,0%,109,100%,33%,0%,107,83%,0%,17%,0%,83%,0%,SUPP,SUPP,SUPP,SUPP,SUPP,SUPP,SUPP,SUPP,SUPP,SUPP,SUPP,SUPP,SUPP,SUPP,SUPP,SUPP,SUPP,SUPP,SUPP,SUPP,SUPP,SUPP,SUPP,SUPP,SUPP,SUPP,SUPP,SUPP,SUPP,SUPP,SUPP,SUPP,SUPP,SUPP,SUPP,SUPP,SUPP,SUPP,SUPP,SUPP,SUPP,SUPP,SUPP,SUPP,SUPP,SUPP,SUPP,SUPP,SUPP,SUPP,SUPP,SUPP,SUPP,SUPP,SUPP,SUPP,SUPP,SUPP,SUPP,SUPP,SUPP,SUPP,SUPP,SUPP,SUPP,SUPP,SUPP,SUPP,SUPP,SUPP,SUPP,SUPP,SUPP,SUPP,SUPP,SUPP,SUPP,SUPP,SUPP,SUPP,SUPP,SUPP,SUPP,SUPP,SUPP,SUPP,SUPP,SUPP,SUPP,SUPP,SUPP,SUPP,SUPP,SUPP,SUPP,SUPP,SUPP,SUPP,SUPP,SUPP,SUPP,SUPP,SUPP,SUPP,SUPP,SUPP,SUPP,SUPP,SUPP,SUPP,SUPP,SUPP,SUPP,SUPP,SUPP,SUPP,SUPP,SUPP,SUPP,SUPP,SUPP,SUPP,SUPP,SUPP,SUPP,SUPP,SUPP,SUPP,SUPP,SUPP,SUPP,SUPP,SUPP,SUPP,SUPP,SUPP,SUPP,SUPP,SUPP,SUPP,SUPP,SUPP,SUPP,SUPP,SUPP,SUPP,SUPP,SUPP,SUPP,SUPP,SUPP,SUPP,SUPP,SUPP,SUPP,SUPP,SUPP,SUPP,SUPP,SUPP,SUPP,SUPP,SUPP,SUPP,SUPP,SUPP,SUPP,SUPP,SUPP,SUPP,SUPP,5,83%,0,0%,0,0%,1,17%,1,17%,,,,,,,,,,,,,,,,,,,,,17,12%,88%,59%,6%,SUPP,SUPP,SUPP,SUPP,-2.3,-5.3,0.6,0.1,-2.6,2.8,-2.8,-5.3,-0.2,103,104,-1.8,-1.9,1.3,3,3,3
1,31578,919,2066,117120,Knebworth Primary and Nursery School,Swangleys Lane,,,Knebworth,SG3 6AA,01438812184,E14000968,Stevenage,0,,,CY,0,Does not apply,3-11,0,0,427,55,54,28,26,52%,48%,7.9,14,26%,18,34%,21,40%,1,2%,10,19%,44,81%,6,11%,53,98%,72%,11%,-0.5,-2.2,1.2,98%,2.9,1.3,4.6,98%,1.3,-0.3,2.9,98%,78%,26%,0%,104,80%,30%,0%,105,81%,26%,0%,105,80%,31%,17%,0%,83%,0%,68%,77%,21%,83%,100%,60%,75%,-6,100%,72%,11%,12%,0%,0%,29%,0%,14%,-10,17%,11%,-1.0,-3.4,1.3,0.0,-2.4,2.5,0.2,-3.1,3.5,0.8,-2.1,3.7,-2.2,-4.8,0.5,-1.8,-5.9,2.3,-0.3,-2.1,1.6,-2.2,-1.4,-6.4,3.6,-0.4,-2.1,1.3,1.4,-0.9,3.6,4.7,2.3,7.0,2.2,-1.0,5.4,4.0,1.2,6.8,2.5,-0.1,5.0,2.9,-1.0,6.9,2.9,1.1,4.7,2.5,1.5,-3.4,6.3,3.0,1.4,4.7,2.4,0.2,4.6,0.1,-2.3,2.4,2.3,-0.8,5.4,2.6,-0.1,5.3,-0.4,-3.0,2.1,2.3,-1.5,6.2,1.1,-0.6,2.9,1.8,0.6,-4.2,5.3,1.2,-0.4,2.8,104,105,95,105,110,100,105,106,104,106,104,97,106,110,102,106,107,105,105,106,96,105,113,102,106,109,105,36%,89%,100%,60%,82%,36%,94%,100%,70%,82%,43%,94%,100%,70%,84%,36%,94%,100%,70%,82%,0%,11%,57%,0%,32%,0%,0%,76%,10%,34%,0%,17%,52%,10%,30%,0%,17%,67%,0%,39%,48,89%,0,0%,2,4%,2,4%,4,7%,,,,,,,,,,,,,,,,,,,,,55,15%,85%,80%,22%,63%,13%,83%,23%,1.9,0.3,3.5,2.5,1.0,4.0,2.4,0.9,3.8,106,107,-0.6,2.9,1.3,3,1,3
1,67100,919,2067,144903,Wilbury Junior School,Bedford Road,,,Letchworth Garden City,SG6 4DU,01462620410,E14000845,North East Hertfordshire,0,,,ACC,0,Does not apply,7-11,0,0,269,72,71,37,34,52%,48%,8.0,12,18%,28,41%,28,41%,3,4%,32,45%,39,55%,8,11%,66,93%,65%,10%,-2.0,-3.5,-0.4,94%,0.6,-0.8,2.1,96%,-0.3,-1.7,1.2,94%,72%,25%,1%,104,76%,31%,0%,104,77%,21%,1%,105,75%,24%,25%,0%,85%,0%,57%,74%,8%,61%,89%,44%,82%,-22,88%,65%,8%,12%,0%,0%,21%,3%,15%,-7,0%,9%,-4.4,-6.5,-2.3,0.7,-1.5,2.9,-0.5,-4.0,3.1,-0.9,-3.3,1.5,-3.6,-6.0,-1.3,-3.6,-5.8,-1.3,-0.6,-2.6,1.5,-4.0,3.3,-1.7,8.3,-1.9,-3.4,-0.3,-0.5,-2.5,1.5,1.9,-0.2,4.0,3.2,-0.2,6.6,1.1,-1.2,3.3,-0.9,-3.2,1.3,-1.2,-3.3,0.9,2.2,0.2,4.2,-1.6,6.3,1.5,11.2,0.6,-0.9,2.1,-0.1,-2.1,1.9,-0.4,-2.5,1.6,1.5,-1.9,4.8,0.0,-2.2,2.2,-1.3,-3.4,0.9,-1.4,-3.5,0.7,0.7,-1.2,2.7,-1.9,2.6,-2.1,7.4,-0.3,-1.8,1.1,102,106,93,104,108,101,106,107,104,105,104,94,104,109,102,107,106,105,103,106,92,104,109,101,107,110,104,17%,71%,93%,56%,85%,17%,75%,100%,66%,85%,25%,75%,100%,69%,85%,17%,75%,96%,59%,87%,0%,21%,39%,9%,38%,0%,21%,50%,13%,46%,0%,7%,39%,9%,31%,0%,18%,36%,6%,38%,63,89%,0,0%,0,0%,16,23%,16,23%,,,,,,,,,,,,,,,,,,,,,66,48%,52%,36%,0%,28%,0%,44%,0%,-3.7,-5.3,-2.2,-6.8,-8.2,-5.4,-2.9,-4.2,-1.6,100,101,-2.0,0.6,-0.3,4,3,3
1,22434,919,2068,144904,The Grange Academy,Sparhawke,,,Letchworth Garden City,SG6 4PY,01462621444,E14000845,North East Hertfordshire,0,,,ACC,0,Does not apply,7-11,0,0,197,50,51,25,26,49%,51%,7.6,12,24%,17,35%,20,41%,2,4%,19,37%,32,63%,4,8%,47,92%,52%,2%,-1.8,-3.6,0.0,94%,-2.3,-4.0,-0.6,94%,-1.5,-3.1,0.2,94%,65%,24%,0%,103,61%,24%,0%,103,65%,14%,0%,102,66%,4%,20%,2%,74%,2%,40%,64%,0%,41%,90%,32%,65%,-34,SUPP,55%,4%,0%,0%,0%,5%,0%,3%,-10,SUPP,2%,-3.2,-5.7,-0.7,-0.4,-2.9,2.1,-2.5,-6.1,1.0,-3.0,-6.1,0.1,-0.4,-3.2,2.3,-1.7,-4.6,1.2,-1.9,-4.1,0.4,-2.1,SUPP,SUPP,SUPP,-1.3,-3.1,0.5,-3.2,-5.6,-0.8,-1.3,-3.8,1.1,-4.3,-7.7,-0.8,-0.9,-3.9,2.1,-2.1,-4.8,0.5,-4.1,-6.9,-1.3,-1.2,-3.3,1.0,-4.5,SUPP,SUPP,SUPP,-1.7,-3.5,0.1,0.2,-2.2,2.6,-3.1,-5.5,-0.8,0.4,-2.9,3.8,-2.0,-4.9,0.9,-2.2,-4.8,0.4,0.1,-2.6,2.9,-2.4,-4.6,-0.3,-0.4,SUPP,SUPP,SUPP,-1.1,-2.8,0.7,101,106,94,101,110,100,105,SUPP,104,102,103,94,102,107,100,104,SUPP,103,101,105,93,101,109,100,105,SUPP,104,25%,53%,100%,53%,72%,8%,53%,100%,37%,75%,8%,65%,95%,42%,78%,8%,71%,95%,42%,81%,0%,6%,55%,11%,31%,0%,12%,50%,16%,28%,0%,0%,35%,11%,16%,0%,0%,10%,0%,6%,46,90%,1,2%,2,4%,13,25%,15,29%,,,,,,,,,,,,,,,,,,,,,54,35%,65%,54%,7%,21%,5%,71%,9%,-2.7,-4.4,-1.1,-1.6,-3.1,0.0,-1.4,-2.9,0.0,102,104,-1.8,-2.3,-1.5,3,4,3
1,4820,919,2071,144959,Bedmond Academy,Meadow Way,Bedmond,,Abbots Langley,WD5 0RD,01923262825,E14000960,St Albans,0,,,AC,0,Does not apply,3-11,0,0,91,20,20,10,10,50%,50%,7.3,6,32%,10,53%,3,16%,1,5%,6,30%,14,70%,2,10%,19,95%,20%,0%,-3.5,-6.3,-0.7,95%,-6.1,-8.8,-3.3,95%,-7.2,-9.8,-4.5,95%,60%,15%,0%,102,40%,10%,0%,101,40%,5%,0%,96,30%,0%,55%,0%,50%,0%,30%,10%,0%,20%,SUPP,0%,29%,-66,SUPP,21%,0%,0%,0%,0%,SUPP,0%,0%,-10,SUPP,0%,-3.9,-7.8,0.0,-3.0,-7.1,1.1,-7.2,-12.2,-2.1,-1.8,-5.7,2.1,SUPP,SUPP,SUPP,-6.0,-11.0,-1.0,-2.3,-5.7,1.1,-6.4,SUPP,SUPP,SUPP,-3.3,-6.2,-0.4,-7.0,-10.7,-3.2,-5.0,-9.0,-1.1,-6.0,-10.9,-1.2,-5.4,-9.1,-1.6,SUPP,SUPP,SUPP,-7.2,-12.0,-2.3,-5.5,-8.8,-2.2,-7.6,SUPP,SUPP,SUPP,-6.1,-8.9,-3.3,-5.9,-9.6,-2.2,-8.6,-12.4,-4.7,-9.5,-14.2,-4.8,-6.7,-10.3,-3.0,SUPP,SUPP,SUPP,-9.9,-14.7,-5.2,-5.9,-9.1,-2.7,-10.4,SUPP,SUPP,SUPP,-7.4,-10.1,-4.7,105,99,93,103,SUPP,95,104,SUPP,102,100,91,85,97,SUPP,87,99,SUPP,96,104,98,93,101,SUPP,95,103,SUPP,101,17%,80%,SUPP,33%,71%,0%,50%,SUPP,0%,57%,0%,50%,SUPP,0%,57%,0%,40%,SUPP,0%,43%,0%,10%,SUPP,0%,21%,0%,0%,SUPP,0%,14%,0%,0%,SUPP,0%,7%,0%,0%,SUPP,0%,0%,18,90%,0,0%,2,10%,5,25%,7,35%,,,,,,,,,,,,,,,,,,,,,8,38%,63%,0%,0%,SUPP,SUPP,SUPP,SUPP,-8.0,-12.6,-3.4,-2.7,-6.9,1.5,-10.7,-14.7,-6.7,95,93,-3.5,-6.3,-7.4,5,5,5
1,26116,919,2072,117125,Hertford Heath Primary and Nursery School,Woodland Road,Hertford Heath,,Hertford,SG13 7QW,01992583622,E14000744,Hertford and Stortford,0,,,CY,0,Does not apply,3-11,0,0,209,27,27,10,17,37%,63%,8.2,3,11%,14,52%,10,37%,0,0%,5,19%,22,81%,1,4%,26,96%,67%,7%,1.7,-0.6,4.1,100%,1.0,-1.3,3.3,100%,-1.6,-3.9,0.6,96%,81%,44%,0%,108,81%,52%,0%,107,74%,19%,4%,104,78%,22%,22%,0%,89%,0%,50%,76%,SUPP,57%,100%,SUPP,SUPP,SUPP,SUPP,69%,0%,12%,SUPP,0%,20%,SUPP,SUPP,SUPP,SUPP,8%,0.8,-3.1,4.7,2.2,-0.7,5.2,SUPP,SUPP,SUPP,1.0,-2.3,4.3,2.4,-1.5,6.3,SUPP,SUPP,SUPP,SUPP,SUPP,SUPP,SUPP,SUPP,SUPP,SUPP,1.4,-1.0,3.9,-2.0,-5.8,1.7,2.8,-0.1,5.7,SUPP,SUPP,SUPP,1.3,-1.8,4.5,0.6,-3.2,4.3,SUPP,SUPP,SUPP,SUPP,SUPP,SUPP,SUPP,SUPP,SUPP,SUPP,0.8,-1.5,3.1,-3.3,-6.9,0.4,-0.6,-3.5,2.3,SUPP,SUPP,SUPP,-1.2,-4.3,1.9,-1.2,-4.9,2.4,SUPP,SUPP,SUPP,SUPP,SUPP,SUPP,SUPP,SUPP,SUPP,SUPP,-1.6,-4.0,0.7,106,109,SUPP,105,114,SUPP,SUPP,SUPP,108,101,106,SUPP,102,110,SUPP,SUPP,SUPP,104,105,109,SUPP,105,113,SUPP,SUPP,SUPP,107,SUPP,79%,100%,SUPP,SUPP,SUPP,79%,100%,SUPP,SUPP,SUPP,71%,100%,SUPP,SUPP,SUPP,71%,100%,SUPP,SUPP,SUPP,21%,80%,SUPP,SUPP,SUPP,43%,80%,SUPP,SUPP,SUPP,0%,50%,SUPP,SUPP,SUPP,14%,40%,SUPP,SUPP,26,96%,0,0%,2,7%,4,15%,6,22%,,,,,,,,,,,,,,,,,,,,,31,13%,87%,71%,13%,SUPP,SUPP,SUPP,SUPP,3.5,1.3,5.7,1.1,-0.9,3.1,-0.9,-2.8,1.0,107,103,1.7,1.0,-1.6,3,3,3
1,33654,919,2073,117126,Little Hadham Primary School,Stortford Road,Little Hadham,,Ware,SG11 2DX,01279771285,E14000845,North East Hertfordshire,0,,,CY,0,Does not apply,3-11,0,0,125,19,20,9,11,45%,55%,8.8,0,0%,3,19%,13,81%,4,20%,3,15%,17,85%,4,20%,15,75%,80%,25%,4.3,1.3,7.4,80%,0.0,-3.0,3.0,80%,3.8,0.9,6.7,80%,100%,60%,0%,112,95%,70%,0%,112,100%,65%,0%,111,80%,35%,20%,0%,100%,0%,78%,82%,,SUPP,92%,SUPP,SUPP,SUPP,SUPP,80%,0%,45%,,SUPP,31%,SUPP,SUPP,SUPP,SUPP,27%,3.7,-1.3,8.8,4.7,0.8,8.6,NA,NA,NA,SUPP,SUPP,SUPP,4.6,1.2,8.0,SUPP,SUPP,SUPP,SUPP,SUPP,SUPP,SUPP,SUPP,SUPP,SUPP,6.0,2.3,9.7,-3.4,-8.2,1.4,2.1,-1.7,5.8,NA,NA,NA,SUPP,SUPP,SUPP,1.3,-2.0,4.6,SUPP,SUPP,SUPP,SUPP,SUPP,SUPP,SUPP,SUPP,SUPP,SUPP,0.6,-3.0,4.2,5.2,0.5,9.9,3.0,-0.7,6.7,NA,NA,NA,SUPP,SUPP,SUPP,4.0,0.7,7.2,SUPP,SUPP,SUPP,SUPP,SUPP,SUPP,SUPP,SUPP,SUPP,SUPP,3.6,0.1,7.1,110,114,,SUPP,115,SUPP,SUPP,SUPP,113,111,111,,SUPP,113,SUPP,SUPP,SUPP,111,108,115,,SUPP,115,SUPP,SUPP,SUPP,110,,SUPP,100%,SUPP,SUPP,,SUPP,100%,SUPP,SUPP,,SUPP,100%,SUPP,SUPP,,SUPP,92%,SUPP,SUPP,,SUPP,77%,SUPP,SUPP,,SUPP,92%,SUPP,SUPP,,SUPP,77%,SUPP,SUPP,,SUPP,46%,SUPP,SUPP,16,80%,0,0%,1,5%,1,5%,2,10%,,,,,,,,,,,,,,,,,,,,,20,10%,90%,90%,20%,SUPP,SUPP,SUPP,SUPP,1.6,-1.3,4.5,-0.4,-3.1,2.3,3.6,0.9,6.2,108,111,4.3,0.0,3.8,1,3,1
1,35708,919,2074,117127,Markyate Village School and Nursery,Cavendish Road,Markyate,,St Albans,AL3 8PT,01582840537,E14000739,Hemel Hempstead,0,,,CY,0,Does not apply,4-11,0,0,218,33,33,14,19,42%,58%,7.4,10,30%,14,42%,9,27%,0,0%,9,27%,24,73%,3,9%,31,94%,52%,0%,2.8,0.7,4.9,100%,-0.1,-2.2,2.0,100%,-0.7,-2.7,1.3,100%,76%,39%,0%,107,76%,48%,0%,107,58%,15%,0%,102,70%,3%,24%,0%,76%,0%,43%,58%,10%,57%,89%,22%,63%,-44,SUPP,48%,0%,0%,0%,0%,0%,0%,0%,-10,SUPP,0%,3.6,0.3,6.9,2.2,-0.6,5.0,5.2,1.3,9.1,2.0,-1.3,5.2,1.4,-2.7,5.5,-0.2,-4.3,3.9,3.9,1.4,6.5,-0.6,SUPP,SUPP,SUPP,2.5,0.3,4.7,-1.1,-4.2,2.1,0.6,-2.1,3.3,0.5,-3.2,4.3,0.8,-2.4,4.0,-2.2,-6.1,1.8,1.3,-2.6,5.3,-0.6,-3.1,1.8,0.9,SUPP,SUPP,SUPP,-0.4,-2.5,1.7,1.8,-1.3,4.9,-2.5,-5.2,0.1,1.8,-1.8,5.5,-1.0,-4.1,2.1,-2.9,-6.8,0.9,-1.0,-4.9,2.9,-0.6,-2.9,1.8,-1.5,SUPP,SUPP,SUPP,-0.8,-2.9,1.2,107,106,101,107,113,101,109,SUPP,106,103,101,95,103,107,99,103,SUPP,102,105,108,96,109,115,101,109,SUPP,106,40%,86%,100%,44%,88%,20%,100%,100%,67%,79%,20%,64%,89%,33%,67%,10%,93%,100%,56%,75%,10%,36%,78%,11%,50%,0%,50%,100%,11%,63%,0%,14%,33%,0%,21%,0%,0%,11%,11%,0%,30,91%,0,0%,0,0%,7,21%,7,21%,,,,,,,,,,,,,,,,,,,,,26,12%,88%,77%,4%,SUPP,SUPP,SUPP,SUPP,1.3,-1.0,3.7,-1.4,-3.6,0.7,-1.3,-3.4,0.8,107,105,2.8,-0.1,-0.7,2,3,3
1,44304,919,2077,117128,Pirton School,High Street,Pirton,,Hitchin,SG5 3PS,01462712370,E14000749,Hitchin and Harpenden,0,,,CY,0,Does not apply,4-11,0,0,143,22,22,10,12,45%,55%,7.5,6,27%,9,41%,7,32%,0,0%,3,14%,19,86%,1,5%,22,100%,50%,5%,1.0,-1.6,3.7,100%,2.3,-0.2,4.9,100%,-0.5,-3.0,2.0,100%,59%,36%,0%,105,82%,45%,0%,106,64%,32%,0%,102,73%,18%,27%,0%,86%,0%,60%,42%,0%,44%,100%,SUPP,SUPP,SUPP,SUPP,50%,10%,0%,0%,0%,14%,SUPP,SUPP,SUPP,SUPP,5%,1.2,-2.7,5.1,0.9,-2.7,4.4,1.8,-3.2,6.9,1.4,-2.7,5.5,-0.1,-4.8,4.5,SUPP,SUPP,SUPP,SUPP,SUPP,SUPP,SUPP,SUPP,SUPP,SUPP,1.0,-1.6,3.7,1.5,-2.2,5.3,3.0,-0.4,6.4,5.5,0.7,10.4,1.4,-2.6,5.3,0.8,-3.7,5.3,SUPP,SUPP,SUPP,SUPP,SUPP,SUPP,SUPP,SUPP,SUPP,SUPP,2.3,-0.2,4.9,1.4,-2.2,5.1,-2.1,-5.5,1.2,2.4,-2.4,7.1,-0.9,-4.7,3.0,-2.5,-6.9,1.9,SUPP,SUPP,SUPP,SUPP,SUPP,SUPP,SUPP,SUPP,SUPP,SUPP,-0.5,-3.0,2.0,106,104,95,105,112,SUPP,SUPP,SUPP,105,105,100,95,102,109,SUPP,SUPP,SUPP,102,107,104,95,106,113,SUPP,SUPP,SUPP,106,0%,67%,100%,SUPP,SUPP,33%,100%,100%,SUPP,SUPP,33%,56%,100%,SUPP,SUPP,33%,78%,100%,SUPP,SUPP,0%,33%,71%,SUPP,SUPP,0%,44%,86%,SUPP,SUPP,0%,33%,57%,SUPP,SUPP,0%,11%,43%,SUPP,SUPP,21,95%,0,0%,1,5%,5,23%,6,27%,,,,,,,,,,,,,,,,,,,,,24,17%,83%,50%,13%,SUPP,SUPP,SUPP,SUPP,-1.6,-4.1,0.9,-1.1,-3.3,1.2,-3.6,-5.7,-1.4,105,103,1.0,2.3,-0.5,3,3,3
1,69496,919,2079,117130,Yorke Mead Primary School,Dulwich Way,Croxley Green,,Rickmansworth,WD3 3PX,01923778420,E14000951,South West Hertfordshire,0,,,CY,0,Does not apply,3-11,0,0,428,63,62,27,35,44%,56%,8.1,10,16%,27,44%,25,40%,0,0%,8,13%,54,87%,9,15%,60,97%,74%,16%,0.4,-1.2,1.9,98%,0.9,-0.6,2.4,98%,-0.1,-1.6,1.4,98%,82%,39%,2%,107,81%,48%,0%,107,79%,35%,2%,105,84%,21%,11%,0%,80%,0%,74%,74%,30%,69%,96%,38%,79%,-28,100%,73%,19%,15%,0%,4%,36%,0%,19%,-10,56%,17%,-0.1,-2.5,2.3,0.7,-1.4,2.8,2.7,-1.2,6.6,0.4,-2.0,2.8,-0.7,-3.2,1.8,0.6,-3.8,4.9,0.3,-1.4,2.0,0.2,3.3,-0.8,7.4,0.6,-1.0,2.2,0.5,-1.7,2.8,1.2,-0.9,3.2,-0.3,-4.1,3.4,1.6,-0.7,3.9,0.6,-1.7,3.0,0.1,-4.1,4.3,1.0,-0.6,2.6,-0.3,4.3,0.4,8.3,0.9,-0.7,2.4,1.7,-0.6,4.0,-1.4,-3.4,0.5,-2.6,-6.3,1.1,0.3,-2.0,2.5,0.5,-1.8,2.9,-3.8,-7.9,0.3,0.5,-1.1,2.1,-4.3,4.9,1.0,8.8,0.1,-1.4,1.6,108,106,102,104,111,102,108,112,107,109,103,94,104,111,96,107,113,105,110,105,98,105,113,101,108,113,107,60%,78%,96%,50%,87%,30%,81%,100%,50%,85%,30%,81%,96%,50%,83%,40%,85%,100%,63%,87%,20%,22%,64%,38%,39%,10%,33%,80%,38%,50%,0%,26%,60%,0%,41%,0%,8%,44%,0%,25%,53,85%,0,0%,5,8%,13,21%,18,29%,,,,,,,,,,,,,,,,,,,,,56,23%,77%,61%,7%,54%,0%,63%,9%,-0.9,-2.6,0.8,-2.5,-4.0,-0.9,-0.6,-2.1,0.9,104,105,0.4,0.9,-0.1,3,3,3
1,35308,919,2080,144960,Manor Fields Primary School,Penningtons,,,Bishop's Stortford,CM23 4LE,01279504435,E14000744,Hertford and Stortford,0,,,AC,0,Does not apply,3-11,0,0,451,60,60,32,28,53%,47%,7.5,19,32%,15,25%,26,43%,0,0%,4,7%,56,93%,2,3%,58,97%,75%,22%,4.3,2.7,5.9,100%,3.2,1.6,4.7,100%,4.2,2.7,5.7,100%,82%,50%,0%,109,83%,50%,0%,109,87%,45%,0%,108,78%,28%,15%,0%,87%,0%,69%,82%,32%,87%,100%,SUPP,SUPP,SUPP,SUPP,76%,16%,29%,0%,7%,46%,SUPP,SUPP,SUPP,SUPP,22%,3.6,1.4,5.7,5.1,2.7,7.4,5.8,2.9,8.6,4.9,1.8,8.1,2.8,0.4,5.2,SUPP,SUPP,SUPP,SUPP,SUPP,SUPP,SUPP,SUPP,SUPP,SUPP,4.2,2.6,5.8,2.2,0.1,4.3,4.3,2.1,6.6,4.1,1.3,6.8,2.9,-0.2,6.0,2.7,0.4,5.0,SUPP,SUPP,SUPP,SUPP,SUPP,SUPP,SUPP,SUPP,SUPP,SUPP,3.3,1.7,4.8,5.6,3.6,7.7,2.5,0.3,4.7,6.2,3.5,8.9,3.9,0.9,6.8,2.9,0.6,5.2,SUPP,SUPP,SUPP,SUPP,SUPP,SUPP,SUPP,SUPP,SUPP,SUPP,4.2,2.6,5.7,108,110,101,109,114,SUPP,SUPP,SUPP,109,109,107,102,107,113,SUPP,SUPP,SUPP,108,108,111,101,108,115,SUPP,SUPP,SUPP,109,47%,93%,100%,SUPP,SUPP,53%,93%,100%,SUPP,SUPP,63%,93%,100%,SUPP,SUPP,37%,93%,100%,SUPP,SUPP,11%,40%,85%,SUPP,SUPP,5%,40%,88%,SUPP,SUPP,11%,33%,77%,SUPP,SUPP,0%,7%,62%,SUPP,SUPP,58,97%,0,0%,6,10%,7,12%,13,22%,,,,,,,,,,,,,,,,,,,,,60,8%,92%,73%,13%,SUPP,SUPP,SUPP,SUPP,-3.0,-4.5,-1.4,-2.3,-3.7,-0.8,-0.4,-1.8,0.9,105,107,4.3,3.2,4.2,1,1,1
1,59378,919,2081,145409,Springmead Primary School,Hillyfields,,,Welwyn Garden City,AL7 2HB,01707331508,E14001027,Welwyn Hatfield,0,,,AC,0,Does not apply,3-11,0,0,292,45,45,29,16,64%,36%,7.1,20,44%,16,36%,9,20%,0,0%,11,24%,34,76%,7,16%,45,100%,62%,16%,4.0,2.1,5.8,100%,4.3,2.5,6.0,100%,2.5,0.7,4.2,100%,80%,36%,0%,106,76%,24%,0%,105,69%,24%,0%,103,78%,29%,13%,0%,78%,0%,72%,44%,30%,81%,100%,45%,68%,-21,100%,62%,21%,6%,0%,13%,56%,9%,18%,-1,57%,16%,4.2,1.9,6.5,3.6,0.5,6.7,4.8,2.0,7.5,3.5,0.4,6.6,3.0,-1.1,7.1,2.0,-1.7,5.7,4.6,2.5,6.7,1.6,5.7,1.0,10.3,4.0,2.1,5.8,5.4,3.2,7.6,2.1,-0.9,5.1,3.1,0.4,5.7,5.5,2.5,8.5,4.7,0.7,8.6,-0.2,-3.8,3.4,5.7,3.7,7.7,-0.6,7.3,2.8,11.8,4.3,2.5,6.0,2.8,0.7,5.0,1.8,-1.1,4.7,2.5,-0.1,5.1,2.8,-0.1,5.7,1.7,-2.1,5.6,-1.7,-5.2,1.8,3.8,1.8,5.8,-2.2,6.6,2.2,11.0,2.5,0.7,4.2,108,103,101,108,114,103,107,113,106,105,100,97,107,111,98,105,112,103,107,102,99,108,115,103,106,112,105,55%,100%,100%,73%,82%,45%,100%,100%,64%,79%,45%,81%,100%,45%,76%,55%,94%,100%,64%,82%,15%,38%,78%,9%,44%,0%,19%,89%,18%,26%,0%,31%,67%,9%,29%,0%,38%,78%,18%,32%,38,84%,0,0%,0,0%,7,16%,7,16%,,,,,,,,,,,,,,,,,,,,,65,31%,69%,55%,9%,40%,5%,62%,11%,1.2,-0.3,2.8,-5.0,-6.4,-3.6,-1.7,-3.0,-0.4,107,104,4.0,4.3,2.5,1,1,2
1,24890,919,2082,117131,Harvey Road Primary School,Harvey Road,Croxley Green,,Rickmansworth,WD3 3BN,01923773801,E14000951,South West Hertfordshire,0,,,CY,0,Does not apply,3-11,0,0,240,30,30,18,12,60%,40%,8.5,0,0%,15,52%,14,48%,1,3%,1,3%,29,97%,5,17%,28,93%,97%,33%,4.2,1.9,6.5,97%,3.7,1.5,5.9,97%,4.0,1.9,6.2,97%,100%,60%,0%,111,100%,63%,0%,112,100%,47%,0%,110,97%,40%,3%,0%,93%,0%,94%,100%,,93%,100%,SUPP,SUPP,SUPP,SUPP,96%,44%,17%,,7%,64%,SUPP,SUPP,SUPP,SUPP,32%,4.7,1.8,7.7,3.2,-0.5,7.0,NA,NA,NA,5.0,1.9,8.2,3.2,0.0,6.5,SUPP,SUPP,SUPP,SUPP,SUPP,SUPP,SUPP,SUPP,SUPP,SUPP,4.2,1.9,6.5,4.2,1.4,7.0,3.0,-0.6,6.6,NA,NA,NA,3.2,0.1,6.3,4.3,1.1,7.5,SUPP,SUPP,SUPP,SUPP,SUPP,SUPP,SUPP,SUPP,SUPP,SUPP,3.6,1.4,5.8,5.2,2.5,7.9,2.1,-1.4,5.6,NA,NA,NA,4.3,1.3,7.3,3.7,0.6,6.8,SUPP,SUPP,SUPP,SUPP,SUPP,SUPP,SUPP,SUPP,SUPP,SUPP,4.1,1.9,6.3,112,110,,109,114,SUPP,SUPP,SUPP,111,112,108,,108,113,SUPP,SUPP,SUPP,110,113,110,,109,115,SUPP,SUPP,SUPP,112,,100%,100%,SUPP,SUPP,,100%,100%,SUPP,SUPP,,100%,100%,SUPP,SUPP,,93%,100%,SUPP,SUPP,,47%,79%,SUPP,SUPP,,40%,93%,SUPP,SUPP,,20%,79%,SUPP,SUPP,,13%,71%,SUPP,SUPP,25,83%,0,0%,1,3%,2,7%,3,10%,,,,,,,,,,,,,,,,,,,,,30,3%,97%,93%,20%,SUPP,SUPP,SUPP,SUPP,3.6,1.4,5.9,2.1,0.0,4.1,3.2,1.2,5.2,110,110,4.2,3.7,4.0,1,1,1
1,33652,919,2083,117132,Little Green Junior School,Lincoln Drive,Croxley Green,,Rickmansworth,WD3 3NJ,01923773861,E14000951,South West Hertfordshire,0,,,CY,0,Does not apply,7-11,0,0,348,89,90,44,46,49%,51%,8.8,5,6%,34,38%,51,57%,0,0%,4,4%,86,96%,21,23%,88,98%,69%,12%,-2.1,-3.5,-0.8,99%,-1.6,-2.9,-0.4,100%,-2.5,-3.7,-1.3,98%,84%,36%,1%,107,79%,39%,2%,107,80%,30%,2%,105,83%,19%,16%,0%,81%,0%,68%,70%,SUPP,38%,96%,SUPP,SUPP,SUPP,67%,69%,5%,20%,SUPP,0%,22%,SUPP,SUPP,SUPP,10%,13%,-3.9,-5.8,-2.0,-0.5,-2.3,1.3,SUPP,SUPP,SUPP,-1.2,-3.3,1.0,-1.8,-3.5,-0.1,SUPP,SUPP,SUPP,SUPP,SUPP,SUPP,SUPP,-1.7,-4.4,1.0,-2.1,-3.5,-0.8,-2.4,-4.1,-0.6,-1.0,-2.7,0.8,SUPP,SUPP,SUPP,-0.9,-2.9,1.1,-1.7,-3.4,-0.1,SUPP,SUPP,SUPP,SUPP,SUPP,SUPP,SUPP,-0.2,-2.8,2.4,-1.6,-2.9,-0.4,-1.7,-3.5,0.1,-3.2,-4.9,-1.5,SUPP,SUPP,SUPP,-2.7,-4.8,-0.7,-1.9,-3.5,-0.3,SUPP,SUPP,SUPP,SUPP,SUPP,SUPP,SUPP,-1.8,-4.3,0.7,-2.4,-3.6,-1.1,105,108,SUPP,103,111,SUPP,SUPP,105,107,106,105,SUPP,101,109,SUPP,SUPP,104,106,105,108,SUPP,102,111,SUPP,SUPP,106,107,SUPP,74%,100%,SUPP,SUPP,SUPP,65%,96%,SUPP,SUPP,SUPP,65%,98%,SUPP,SUPP,SUPP,74%,98%,SUPP,SUPP,SUPP,9%,57%,SUPP,SUPP,SUPP,9%,63%,SUPP,SUPP,SUPP,0%,53%,SUPP,SUPP,SUPP,3%,31%,SUPP,SUPP,69,77%,0,0%,3,3%,16,18%,19,21%,,,,,,,,,,,,,,,,,,,,,90,9%,91%,77%,27%,25%,0%,82%,29%,-0.3,-1.6,1.0,0.2,-1.0,1.5,-1.7,-2.8,-0.5,107,107,-2.2,-1.6,-2.5,4,4,4
1,4870,919,2086,145487,Beech Hyde Primary School and Nursery,Nurseries Road,Wheathampstead,,St. Albans,AL4 8TP,01582832661,E14000749,Hitchin and Harpenden,0,,,AC,0,Does not apply,3-11,0,0,168,27,25,13,12,52%,48%,7.9,4,20%,9,45%,7,35%,5,20%,7,28%,18,72%,6,24%,19,76%,68%,8%,4.4,1.6,7.1,80%,1.7,-0.9,4.4,80%,0.2,-2.4,2.8,80%,92%,44%,0%,109,88%,36%,0%,106,80%,32%,0%,106,80%,12%,20%,0%,84%,0%,77%,58%,SUPP,89%,86%,29%,83%,-37,67%,68%,8%,8%,SUPP,0%,29%,0%,11%,-10,0%,11%,2.5,-1.2,6.2,6.6,2.5,10.7,SUPP,SUPP,SUPP,2.8,-1.4,6.9,4.4,-0.2,9.1,5.6,0.5,10.6,3.9,0.6,7.2,5.2,SUPP,SUPP,SUPP,4.1,1.3,7.0,2.6,-1.0,6.1,0.7,-3.3,4.6,SUPP,SUPP,SUPP,1.8,-2.1,5.8,0.8,-3.7,5.3,3.1,-1.7,8.0,1.1,-2.1,4.3,2.7,SUPP,SUPP,SUPP,1.6,-1.2,4.3,0.9,-2.6,4.4,-0.6,-4.5,3.2,SUPP,SUPP,SUPP,1.8,-2.1,5.6,-1.1,-5.5,3.3,-2.8,-7.6,1.9,1.5,-1.6,4.6,-3.3,SUPP,SUPP,SUPP,0.2,-2.5,2.8,107,111,SUPP,108,116,108,109,107,109,106,105,SUPP,106,109,99,108,111,104,107,106,SUPP,107,112,103,108,107,107,SUPP,89%,100%,86%,94%,SUPP,100%,100%,71%,94%,SUPP,100%,86%,43%,94%,SUPP,100%,100%,57%,89%,SUPP,33%,86%,29%,50%,SUPP,44%,57%,14%,44%,SUPP,22%,43%,0%,44%,SUPP,0%,43%,14%,11%,19,76%,0,0%,0,0%,2,8%,2,8%,,,,,,,,,,,,,,,,,,,,,45,22%,78%,60%,9%,20%,0%,71%,11%,1.2,-0.7,3.0,-0.8,-2.5,0.9,-0.7,-2.3,0.9,106,105,4.4,1.7,0.2,1,3,3
1,32428,919,2088,146359,Larkspur Academy,Tower Road,,,Ware,SG12 7LP,01920411000,E14000744,Hertford and Stortford,0,,,AC,0,Does not apply,3-11,0,0,113,11,11,8,3,73%,27%,7.4,2,18%,7,64%,2,18%,0,0%,5,45%,6,55%,3,27%,10,91%,45%,9%,-1.0,-4.7,2.7,100%,2.7,-0.8,6.3,100%,-1.8,-5.3,1.7,100%,64%,18%,0%,102,55%,18%,0%,100,55%,9%,0%,101,82%,9%,18%,0%,82%,0%,38%,SUPP,SUPP,43%,SUPP,SUPP,SUPP,SUPP,SUPP,50%,13%,SUPP,SUPP,0%,SUPP,SUPP,SUPP,SUPP,SUPP,10%,-0.5,-4.9,3.9,SUPP,SUPP,SUPP,SUPP,SUPP,SUPP,-2.3,-6.9,2.4,SUPP,SUPP,SUPP,SUPP,SUPP,SUPP,SUPP,SUPP,SUPP,SUPP,SUPP,SUPP,SUPP,-0.3,-4.2,3.6,2.9,-1.3,7.1,SUPP,SUPP,SUPP,SUPP,SUPP,SUPP,1.1,-3.3,5.6,SUPP,SUPP,SUPP,SUPP,SUPP,SUPP,SUPP,SUPP,SUPP,SUPP,SUPP,SUPP,SUPP,2.9,-0.8,6.7,-0.8,-4.9,3.3,SUPP,SUPP,SUPP,SUPP,SUPP,SUPP,-3.2,-7.5,1.2,SUPP,SUPP,SUPP,SUPP,SUPP,SUPP,SUPP,SUPP,SUPP,SUPP,SUPP,SUPP,SUPP,-0.8,-4.5,2.9,102,SUPP,SUPP,102,SUPP,SUPP,SUPP,SUPP,103,101,SUPP,SUPP,100,SUPP,SUPP,SUPP,SUPP,101,100,SUPP,SUPP,98,SUPP,SUPP,SUPP,SUPP,100,SUPP,57%,SUPP,SUPP,SUPP,SUPP,43%,SUPP,SUPP,SUPP,SUPP,57%,SUPP,SUPP,SUPP,SUPP,86%,SUPP,SUPP,SUPP,SUPP,14%,SUPP,SUPP,SUPP,SUPP,14%,SUPP,SUPP,SUPP,SUPP,0%,SUPP,SUPP,SUPP,SUPP,0%,SUPP,SUPP,SUPP,8,73%,0,0%,0,0%,2,18%,2,18%,,,,,,,,,,,,,,,,,,,,,14,57%,43%,36%,0%,38%,0%,33%,0%,-2.1,-5.4,1.3,-0.4,-3.5,2.7,-4.0,-6.9,-1.1,100,98,-1.0,2.7,-1.8,3,3,3
1,10122,919,2091,117136,Camp Primary and Nursery School,Camp Road,,,St Albans,AL1 5PG,01727851056,E14000960,St Albans,0,,,CY,0,Does not apply,3-11,0,0,235,31,28,14,14,50%,50%,7.9,4,14%,15,54%,9,32%,0,0%,4,14%,24,86%,6,21%,27,96%,61%,11%,4.2,1.9,6.6,100%,1.3,-1.0,3.5,100%,-0.1,-2.3,2.1,100%,96%,50%,0%,109,89%,25%,0%,106,79%,18%,0%,104,71%,25%,29%,0%,93%,0%,57%,64%,SUPP,60%,89%,SUPP,SUPP,SUPP,33%,59%,14%,7%,SUPP,0%,33%,SUPP,SUPP,SUPP,0%,11%,5.8,2.5,9.1,2.7,-0.6,6.0,SUPP,SUPP,SUPP,4.2,1.0,7.4,1.1,-3.0,5.2,SUPP,SUPP,SUPP,SUPP,SUPP,SUPP,SUPP,7.1,2.1,12.1,3.9,1.5,6.3,0.5,-2.6,3.7,2.0,-1.1,5.2,SUPP,SUPP,SUPP,0.0,-3.0,3.1,3.8,-0.2,7.7,SUPP,SUPP,SUPP,SUPP,SUPP,SUPP,SUPP,1.1,-3.7,5.9,1.3,-1.0,3.6,0.2,-2.9,3.3,-0.4,-3.5,2.7,SUPP,SUPP,SUPP,-0.3,-3.3,2.7,-1.8,-5.7,2.1,SUPP,SUPP,SUPP,SUPP,SUPP,SUPP,SUPP,3.3,-1.5,8.0,-0.2,-2.5,2.0,110,109,SUPP,109,112,SUPP,SUPP,107,109,104,105,SUPP,103,108,SUPP,SUPP,102,104,104,108,SUPP,104,110,SUPP,SUPP,104,106,SUPP,93%,100%,SUPP,SUPP,SUPP,93%,89%,SUPP,SUPP,SUPP,87%,89%,SUPP,SUPP,SUPP,73%,100%,SUPP,SUPP,SUPP,40%,78%,SUPP,SUPP,SUPP,13%,56%,SUPP,SUPP,SUPP,7%,44%,SUPP,SUPP,SUPP,7%,67%,SUPP,SUPP,22,79%,0,0%,2,7%,3,11%,5,18%,,,,,,,,,,,,,,,,,,,,,29,17%,83%,62%,3%,SUPP,SUPP,SUPP,SUPP,-0.3,-2.7,2.1,0.2,-2.1,2.4,-0.4,-2.5,1.7,105,104,4.2,1.3,-0.1,1,3,3
1,26136,919,2092,147283,Hertsmere Jewish Primary School,Watling Street,,,Radlett,WD7 7LQ,01923855857,E14000745,Hertsmere,0,,,AC,0,Jewish,3-11,0,0,418,60,60,25,35,42%,58%,8.4,8,13%,21,35%,31,52%,0,0%,1,2%,59,98%,2,3%,60,100%,72%,17%,-2.5,-4.1,-0.9,100%,0.3,-1.2,1.8,100%,-0.1,-1.6,1.4,100%,78%,35%,0%,106,83%,33%,0%,107,88%,33%,0%,107,85%,27%,10%,0%,93%,0%,60%,80%,0%,67%,94%,SUPP,SUPP,SUPP,SUPP,72%,8%,23%,0%,0%,32%,SUPP,SUPP,SUPP,SUPP,17%,-2.1,-4.6,0.4,-2.7,-4.8,-0.6,-5.6,-10.0,-1.3,-1.3,-4.0,1.4,-2.4,-4.6,-0.2,SUPP,SUPP,SUPP,SUPP,SUPP,SUPP,SUPP,SUPP,SUPP,SUPP,-2.5,-4.1,-0.9,-1.2,-3.6,1.1,1.4,-0.6,3.4,-4.4,-8.6,-0.2,1.9,-0.6,4.5,0.4,-1.7,2.6,SUPP,SUPP,SUPP,SUPP,SUPP,SUPP,SUPP,SUPP,SUPP,SUPP,0.3,-1.2,1.8,0.4,-1.9,2.7,-0.5,-2.5,1.5,-3.1,-7.2,1.0,0.9,-1.7,3.4,0.0,-2.1,2.1,SUPP,SUPP,SUPP,SUPP,SUPP,SUPP,SUPP,SUPP,SUPP,SUPP,-0.1,-1.6,1.4,106,106,97,104,109,SUPP,SUPP,SUPP,106,108,107,98,105,110,SUPP,SUPP,SUPP,107,106,108,95,105,111,SUPP,SUPP,SUPP,107,25%,71%,97%,SUPP,SUPP,13%,90%,97%,SUPP,SUPP,25%,100%,97%,SUPP,SUPP,13%,95%,97%,SUPP,SUPP,0%,10%,61%,SUPP,SUPP,0%,5%,61%,SUPP,SUPP,0%,10%,58%,SUPP,SUPP,0%,10%,45%,SUPP,SUPP,58,97%,0,0%,3,5%,8,13%,11,18%,,,,,,,,,,,,,,,,,,,,,,,,,,,,,,,,,,,,,,,,,-2.5,0.3,-0.1,4,3,3
1,20294,919,2093,138205,Fleetville Junior School,228 Hatfield Road,,,St Albans,AL1 4LW,01727519224,E14000960,St Albans,0,,,ACC,0,Does not apply,7-11,0,0,358,89,89,49,40,55%,45%,8.4,10,12%,31,38%,40,49%,8,9%,6,7%,83,93%,16,18%,84,94%,73%,25%,2.8,1.4,4.2,90%,0.7,-0.6,2.1,90%,1.4,0.1,2.7,90%,85%,57%,0%,110,84%,48%,0%,109,87%,47%,0%,108,78%,30%,19%,1%,91%,1%,67%,80%,20%,68%,98%,50%,75%,-16,69%,75%,16%,35%,10%,6%,45%,17%,25%,7,19%,25%,2.1,0.2,4.0,3.6,1.6,5.6,2.7,-1.2,6.6,3.1,0.9,5.4,2.6,0.6,4.5,1.3,-3.8,6.3,2.9,1.5,4.4,0.9,5.6,1.9,9.3,2.8,1.4,4.2,-0.3,-2.1,1.5,2.0,0.0,3.9,-0.7,-4.4,3.1,-0.4,-2.5,1.8,1.9,0.0,3.8,-0.2,-5.0,4.7,0.8,-0.6,2.2,-0.6,2.8,-0.8,6.4,0.7,-0.6,2.1,1.5,-0.2,3.3,1.2,-0.7,3.1,0.4,-3.3,4.0,2.1,0.0,4.2,1.1,-0.7,3.0,-3.1,-7.8,1.7,1.8,0.4,3.1,-3.6,5.1,1.6,8.6,1.4,0.1,2.7,109,111,102,108,114,109,110,109,110,108,108,98,106,111,103,108,110,108,108,110,98,106,115,104,110,109,109,40%,87%,98%,67%,87%,40%,81%,100%,67%,86%,40%,84%,100%,50%,89%,20%,74%,100%,67%,78%,10%,32%,90%,50%,58%,10%,29%,80%,17%,51%,10%,35%,65%,33%,48%,10%,6%,58%,17%,31%,72,81%,1,1%,2,2%,10,11%,12,13%,,,,,,,,,,,,,,,,,,,,,89,13%,87%,64%,15%,17%,0%,71%,17%,-0.1,-1.4,1.2,-4.0,-5.2,-2.8,-1.8,-3.0,-0.7,107,105,2.8,0.7,1.4,2,3,2
1,21360,919,2095,148434,Garden Fields Junior Mixed and Infant School,Townsend Drive,,,St Albans,AL3 5RL,01727890440,E14000960,St Albans,0,,,ACC,0,Does not apply,5-11,0,0,567,91,89,39,50,44%,56%,8.1,13,17%,32,42%,32,42%,12,13%,15,17%,74,83%,24,27%,79,89%,65%,12%,2.6,1.2,4.0,87%,0.5,-0.8,1.9,87%,-0.5,-1.8,0.8,87%,85%,45%,0%,108,82%,37%,0%,106,76%,29%,0%,105,75%,17%,25%,0%,80%,0%,67%,64%,15%,66%,97%,20%,74%,-46,67%,70%,18%,8%,0%,3%,28%,0%,15%,-10,8%,11%,3.0,0.9,5.1,2.3,0.4,4.2,5.0,1.6,8.4,1.6,-0.6,3.8,2.7,0.5,4.8,1.3,-1.8,4.5,2.9,1.4,4.5,0.9,3.3,0.0,6.6,2.8,1.4,4.3,1.2,-0.8,3.2,-0.1,-1.9,1.8,1.8,-1.4,5.1,0.4,-1.7,2.5,0.1,-2.0,2.2,-0.8,-3.9,2.2,0.8,-0.7,2.4,-1.2,1.9,-1.3,5.0,0.6,-0.7,2.0,2.2,0.2,4.1,-2.7,-4.5,-0.9,2.3,-0.9,5.5,-1.2,-3.2,0.9,-0.9,-3.0,1.1,-1.4,-4.4,1.6,-0.3,-1.8,1.2,-1.9,3.0,-0.1,6.1,-0.1,-1.5,1.2,107,108,101,106,114,101,109,106,108,107,104,97,103,109,98,107,108,105,105,107,98,106,111,101,107,106,107,62%,88%,100%,60%,91%,38%,94%,100%,53%,88%,23%,72%,97%,27%,86%,23%,84%,100%,33%,84%,8%,34%,84%,13%,51%,0%,31%,66%,20%,41%,0%,13%,53%,0%,35%,0%,6%,38%,0%,20%,64,72%,1,1%,0,0%,17,19%,17,19%,,,,,,,,,,,,,,,,,,,,,58,10%,90%,78%,17%,17%,0%,85%,19%,0.9,-0.7,2.5,-0.2,-1.7,1.3,-0.7,-2.1,0.7,108,107,2.6,0.5,-0.5,2,3,3
1,55202,919,2096,117140,St Peter's School,Cottonmill Lane,,,St Albans,AL1 1HL,01727853075,E14000960,St Albans,0,,,CY,0,Does not apply,3-11,0,0,321,30,27,15,12,56%,44%,7.4,7,33%,9,43%,5,24%,6,22%,3,11%,24,89%,9,33%,23,85%,48%,4%,-1.5,-4.2,1.1,78%,-0.2,-2.7,2.4,78%,-2.2,-4.7,0.3,78%,63%,26%,0%,105,70%,19%,0%,105,63%,30%,0%,105,59%,4%,37%,0%,81%,0%,53%,42%,0%,56%,SUPP,SUPP,SUPP,SUPP,33%,48%,0%,8%,0%,0%,SUPP,SUPP,SUPP,SUPP,0%,4%,0.5,-3.2,4.2,-3.8,-7.7,0.1,-4.8,-9.5,-0.1,-0.7,-4.8,3.4,SUPP,SUPP,SUPP,SUPP,SUPP,SUPP,SUPP,SUPP,SUPP,SUPP,SUPP,SUPP,SUPP,-1.5,-4.2,1.1,0.0,-3.6,3.5,-0.3,-4.0,3.5,0.1,-4.4,4.6,0.5,-3.5,4.4,SUPP,SUPP,SUPP,SUPP,SUPP,SUPP,SUPP,SUPP,SUPP,SUPP,SUPP,SUPP,SUPP,-0.2,-2.7,2.4,2.1,-1.4,5.6,-7.0,-10.6,-3.3,-4.7,-9.1,-0.3,-3.3,-7.2,0.5,SUPP,SUPP,SUPP,SUPP,SUPP,SUPP,SUPP,SUPP,SUPP,SUPP,SUPP,SUPP,SUPP,-2.2,-4.7,0.3,105,106,100,104,SUPP,SUPP,SUPP,102,105,106,104,100,101,SUPP,SUPP,SUPP,106,104,106,105,99,105,SUPP,SUPP,SUPP,102,105,14%,78%,SUPP,SUPP,SUPP,14%,100%,SUPP,SUPP,SUPP,29%,56%,SUPP,SUPP,SUPP,0%,89%,SUPP,SUPP,SUPP,0%,0%,SUPP,SUPP,SUPP,0%,11%,SUPP,SUPP,SUPP,0%,0%,SUPP,SUPP,SUPP,0%,0%,SUPP,SUPP,SUPP,18,67%,0,0%,3,11%,4,15%,7,26%,,,,,,,,,,,,,,,,,,,,,27,15%,85%,85%,26%,SUPP,SUPP,SUPP,SUPP,0.7,-1.6,3.0,0.6,-1.5,2.8,-0.7,-2.7,1.3,110,108,-1.5,-0.2,-2.3,3,3,3
1,3380,919,2097,147834,Avanti Meadows Primary School,Farnham Road,,,Bishop's Stortford,CM23 1FQ,01279598575,E14000744,Hertford and Stortford,0,,,F,0,None,3-11,0,0,148,30,30,13,17,43%,57%,8.4,2,12%,7,41%,8,47%,13,43%,7,23%,23,77%,18,60%,7,23%,67%,0%,1.6,-1.4,4.6,57%,-0.3,-3.2,2.6,57%,-1.6,-4.4,1.3,57%,73%,47%,3%,106,73%,40%,3%,105,83%,20%,3%,105,70%,13%,17%,0%,73%,0%,77%,59%,SUPP,100%,88%,71%,65%,5,61%,86%,0%,0%,SUPP,0%,0%,0%,0%,-10,0%,0%,3.4,-0.5,7.3,-1.0,-5.7,3.6,SUPP,SUPP,SUPP,4.5,-0.1,9.2,-1.2,-5.6,3.1,2.5,-2.1,7.2,0.9,-3.0,4.8,2.1,1.1,-3.5,5.8,SUPP,SUPP,SUPP,-1.4,-5.1,2.4,1.2,-3.2,5.7,SUPP,SUPP,SUPP,2.2,-2.3,6.7,-0.1,-4.3,4.0,0.2,-4.2,4.7,-0.6,-4.4,3.1,-0.2,0.9,-3.5,5.4,SUPP,SUPP,SUPP,-0.3,-4.0,3.3,-3.3,-7.7,1.1,SUPP,SUPP,SUPP,1.6,-2.8,6.0,-3.0,-7.1,1.1,-2.1,-6.4,2.3,-1.2,-4.9,2.5,-2.6,-1.6,-6.0,2.8,SUPP,SUPP,SUPP,106,106,SUPP,109,110,105,106,104,108,103,107,SUPP,105,107,100,107,106,106,104,106,SUPP,105,110,101,106,105,106,SUPP,100%,88%,86%,70%,SUPP,71%,100%,43%,83%,SUPP,100%,100%,71%,87%,SUPP,100%,100%,71%,70%,SUPP,43%,88%,29%,52%,SUPP,29%,63%,29%,43%,SUPP,29%,13%,14%,22%,SUPP,0%,38%,14%,13%,12,40%,0,0%,1,3%,2,7%,3,10%,,,,,,,,,,,,,,,,,,,,,,,,,,,,,,,,,,,,,,,,,1.6,-0.3,-1.6,3,3,3
1,300,919,2098,117141,Aboyne Lodge Junior Mixed and Infant School,Etna Road,,,St Albans,AL3 5NL,01727849700,E14000960,St Albans,0,,,CY,0,Does not apply,4-11,0,0,198,34,29,13,16,45%,55%,8.1,5,19%,10,38%,11,42%,3,10%,1,3%,28,97%,1,3%,27,93%,76%,21%,5.4,3.0,7.8,90%,1.6,-0.7,4.0,90%,5.2,2.9,7.4,90%,97%,66%,0%,111,90%,52%,0%,109,90%,55%,0%,109,79%,21%,21%,0%,93%,0%,85%,69%,SUPP,80%,100%,SUPP,SUPP,SUPP,SUPP,78%,38%,6%,SUPP,0%,55%,SUPP,SUPP,SUPP,SUPP,22%,5.0,1.4,8.6,5.7,2.4,9.0,SUPP,SUPP,SUPP,5.5,1.6,9.4,4.3,0.6,8.0,SUPP,SUPP,SUPP,SUPP,SUPP,SUPP,SUPP,NA,NA,NA,5.4,3.0,7.8,1.5,-2.0,4.9,1.8,-1.4,4.9,SUPP,SUPP,SUPP,-0.6,-4.3,3.2,2.2,-1.4,5.7,SUPP,SUPP,SUPP,SUPP,SUPP,SUPP,SUPP,NA,NA,NA,1.6,-0.7,4.0,5.6,2.2,8.9,4.8,1.7,7.9,SUPP,SUPP,SUPP,5.7,2.1,9.4,4.8,1.3,8.3,SUPP,SUPP,SUPP,SUPP,SUPP,SUPP,SUPP,NA,NA,NA,5.2,2.9,7.4,113,109,SUPP,110,115,SUPP,SUPP,SUPP,111,112,107,SUPP,110,114,SUPP,SUPP,SUPP,110,112,107,SUPP,108,116,SUPP,SUPP,SUPP,110,SUPP,100%,100%,SUPP,SUPP,SUPP,90%,100%,SUPP,SUPP,SUPP,100%,100%,SUPP,SUPP,SUPP,80%,100%,SUPP,SUPP,SUPP,60%,91%,SUPP,SUPP,SUPP,40%,91%,SUPP,SUPP,SUPP,40%,100%,SUPP,SUPP,SUPP,0%,55%,SUPP,SUPP,28,97%,0,0%,1,3%,7,24%,8,28%,,,,,,,,,,,,,,,,,,,,,30,10%,90%,67%,10%,SUPP,SUPP,SUPP,SUPP,0.1,-2.2,2.5,-2.2,-4.4,-0.1,-2.6,-4.6,-0.5,106,103,5.4,1.6,5.2,1,3,1
1,35206,919,2099,139159,Mandeville Primary School,Mandeville Drive,,,St Albans,AL1 2LE,01727519220,E14000960,St Albans,0,,,ACC,0,Does not apply,3-11,0,0,429,58,59,30,29,51%,49%,7.4,18,32%,28,50%,10,18%,3,5%,15,25%,44,75%,24,41%,55,93%,54%,17%,1.0,-0.6,2.7,95%,1.9,0.3,3.5,95%,2.2,0.7,3.8,95%,64%,32%,0%,104,73%,29%,0%,105,75%,32%,0%,105,75%,19%,19%,0%,83%,0%,63%,45%,17%,61%,100%,33%,61%,-33,58%,55%,27%,7%,0%,7%,70%,7%,20%,-3,13%,18%,1.3,-1.0,3.5,0.8,-1.6,3.2,0.3,-2.6,3.2,0.8,-1.5,3.1,3.1,-0.8,7.0,0.7,-2.5,3.9,1.2,-0.8,3.1,0.3,0.8,-1.8,3.4,1.0,-0.7,2.7,0.7,-1.5,2.8,3.3,1.0,5.6,2.1,-0.7,4.8,1.5,-0.7,3.8,2.6,-1.1,6.4,2.1,-1.0,5.1,1.8,0.0,3.7,1.7,1.7,-0.8,4.1,1.9,0.3,3.6,2.8,0.7,4.9,1.5,-0.8,3.8,2.4,-0.3,5.2,1.5,-0.7,3.7,3.7,0.0,7.3,3.4,0.4,6.4,1.8,-0.1,3.6,2.9,2.7,0.3,5.1,2.2,0.6,3.8,105,103,95,105,115,100,106,104,104,106,105,98,105,115,102,106,106,105,105,104,97,105,115,100,106,107,105,22%,79%,100%,47%,70%,39%,86%,100%,67%,75%,50%,79%,100%,73%,75%,39%,86%,100%,60%,80%,0%,32%,90%,13%,39%,6%,21%,80%,13%,34%,6%,25%,100%,13%,39%,0%,11%,70%,13%,20%,35,59%,0,0%,3,5%,10,17%,13,22%,,,,,,,,,,,,,,,,,,,,,59,36%,64%,54%,8%,38%,0%,63%,13%,-1.5,-3.1,0.1,-0.9,-2.3,0.6,-0.5,-1.9,0.9,103,105,1.0,1.9,2.2,3,2,2
1,5476,919,2100,117143,Bernards Heath Junior School,Watson Avenue,,,St Albans,AL3 5HP,01727856262,E14000960,St Albans,0,,,CY,0,Does not apply,7-11,0,0,354,88,87,48,39,55%,45%,8.0,15,19%,27,35%,36,46%,9,10%,13,15%,74,85%,17,20%,80,92%,79%,16%,1.8,0.4,3.2,90%,1.0,-0.3,2.4,90%,2.0,0.6,3.3,90%,85%,45%,0%,108,87%,48%,0%,109,86%,45%,0%,108,86%,18%,10%,0%,90%,0%,73%,87%,13%,89%,97%,38%,86%,-28,88%,80%,19%,13%,0%,0%,28%,8%,18%,-2,35%,16%,0.8,-1.1,2.7,3.0,1.0,5.1,1.6,-1.6,4.8,2.7,0.4,5.1,1.2,-0.8,3.3,1.0,-2.6,4.5,2.0,0.5,3.5,0.6,2.9,-1.0,6.8,1.7,0.3,3.1,0.3,-1.5,2.1,1.9,0.0,3.9,2.6,-0.4,5.7,2.8,0.6,5.1,-1.0,-2.9,1.0,0.4,-3.0,3.8,1.2,-0.3,2.6,0.0,3.4,-0.4,7.1,0.9,-0.4,2.3,2.5,0.7,4.3,1.4,-0.6,3.3,1.8,-1.2,4.8,2.4,0.2,4.6,1.7,-0.3,3.6,0.3,-3.0,3.7,2.3,0.8,3.7,-0.2,2.3,-1.3,6.0,1.9,0.6,3.3,108,110,99,107,113,104,109,108,109,108,107,96,106,112,100,109,109,108,108,110,98,107,113,102,110,110,109,33%,93%,100%,38%,93%,47%,93%,100%,62%,92%,27%,100%,100%,62%,91%,40%,96%,97%,54%,92%,0%,26%,72%,31%,47%,0%,30%,81%,15%,54%,0%,19%,72%,8%,51%,0%,4%,31%,8%,20%,69,79%,1,1%,1,1%,12,14%,13,15%,,,,,,,,,,,,,,,,,,,,,88,15%,85%,73%,19%,31%,0%,80%,23%,1.8,0.5,3.2,1.6,0.4,2.8,0.1,-1.0,1.3,107,106,1.8,1.0,2.0,2,3,2
1,54858,919,2101,117144,St Paul's Walden Primary School,Bendish Lane,Whitwell,,Hitchin,SG4 8HX,01438871241,E14000749,Hitchin and Harpenden,0,,,CY,0,Does not apply,4-11,0,0,76,11,11,5,6,45%,55%,7.6,4,36%,3,27%,4,36%,0,0%,2,18%,9,82%,0,0%,11,100%,45%,9%,2.0,-1.7,5.8,100%,2.4,-1.2,5.9,100%,-3.4,-6.9,0.1,100%,73%,55%,0%,106,73%,27%,0%,105,45%,9%,0%,100,73%,27%,27%,0%,82%,0%,SUPP,67%,SUPP,SUPP,SUPP,SUPP,SUPP,SUPP,,45%,SUPP,17%,SUPP,SUPP,SUPP,SUPP,SUPP,SUPP,,9%,SUPP,SUPP,SUPP,1.6,-3.5,6.6,SUPP,SUPP,SUPP,SUPP,SUPP,SUPP,SUPP,SUPP,SUPP,SUPP,SUPP,SUPP,SUPP,SUPP,SUPP,SUPP,NA,NA,NA,2.0,-1.7,5.8,SUPP,SUPP,SUPP,1.6,-3.2,6.4,SUPP,SUPP,SUPP,SUPP,SUPP,SUPP,SUPP,SUPP,SUPP,SUPP,SUPP,SUPP,SUPP,SUPP,SUPP,SUPP,NA,NA,NA,2.4,-1.2,5.9,SUPP,SUPP,SUPP,-3.3,-8.0,1.4,SUPP,SUPP,SUPP,SUPP,SUPP,SUPP,SUPP,SUPP,SUPP,SUPP,SUPP,SUPP,SUPP,SUPP,SUPP,SUPP,NA,NA,NA,-3.4,-6.9,0.1,SUPP,110,SUPP,SUPP,SUPP,SUPP,SUPP,,106,SUPP,104,SUPP,SUPP,SUPP,SUPP,SUPP,,100,SUPP,109,SUPP,SUPP,SUPP,SUPP,SUPP,,105,SUPP,SUPP,SUPP,SUPP,SUPP,SUPP,SUPP,SUPP,SUPP,SUPP,SUPP,SUPP,SUPP,SUPP,SUPP,SUPP,SUPP,SUPP,SUPP,SUPP,SUPP,SUPP,SUPP,SUPP,SUPP,SUPP,SUPP,SUPP,SUPP,SUPP,SUPP,SUPP,SUPP,SUPP,SUPP,SUPP,SUPP,SUPP,SUPP,SUPP,11,100%,0,0%,0,0%,4,36%,4,36%,,,,,,,,,,,,,,,,,,,,,18,39%,61%,39%,6%,14%,0%,55%,9%,-3.4,-6.3,-0.6,-3.4,-6.0,-0.8,-5.1,-7.6,-2.6,101,100,2.0,2.4,-3.4,3,3,3
1,13664,919,2102,117145,Colney Heath Junior Mixed Infant and Nursery School,High Street,Colney Heath,,St Albans,AL4 0NP,01727823898,E14000960,St Albans,0,,,CY,0,Does not apply,4-11,0,0,209,30,29,15,14,52%,48%,6.7,12,44%,9,33%,6,22%,2,7%,7,24%,22,76%,6,21%,24,83%,55%,7%,1.4,-1.1,3.9,83%,5.3,3.0,7.6,93%,1.1,-1.3,3.4,83%,69%,24%,3%,104,69%,31%,3%,105,59%,21%,3%,102,79%,14%,14%,0%,79%,0%,47%,64%,17%,67%,100%,29%,64%,-37,67%,54%,7%,7%,0%,0%,33%,0%,9%,-10,0%,8%,-1.1,-4.6,2.5,3.9,0.3,7.4,1.9,-2.2,6.0,1.0,-3.1,5.1,1.2,-3.8,6.2,SUPP,SUPP,SUPP,SUPP,SUPP,SUPP,SUPP,SUPP,SUPP,SUPP,2.0,-0.8,4.7,5.4,2.4,8.5,5.1,1.7,8.5,8.2,4.8,11.6,2.1,-1.8,6.1,4.3,-0.6,9.1,4.5,0.0,9.0,5.6,2.9,8.2,4.1,SUPP,SUPP,SUPP,5.4,3.0,7.9,1.2,-2.1,4.6,0.9,-2.4,4.3,2.7,-1.2,6.6,-0.8,-4.6,3.1,1.4,-3.3,6.2,SUPP,SUPP,SUPP,SUPP,SUPP,SUPP,SUPP,SUPP,SUPP,SUPP,1.0,-1.6,3.6,102,106,100,104,111,101,105,102,105,102,103,97,102,110,100,103,103,102,103,106,98,106,112,100,106,107,105,50%,67%,100%,43%,77%,42%,78%,100%,43%,77%,17%,78%,100%,29%,68%,58%,89%,100%,57%,86%,8%,33%,50%,0%,32%,0%,44%,67%,0%,41%,8%,11%,67%,14%,23%,0%,0%,67%,0%,18%,23,79%,0,0%,2,7%,5,17%,7,24%,,,,,,,,,,,,,,,,,,,,,30,27%,73%,70%,17%,50%,0%,77%,23%,-0.1,-2.4,2.1,2.4,0.3,4.5,0.3,-1.7,2.3,107,105,1.4,5.3,1.1,3,1,3
1,33956,919,2103,117146,London Colney Primary & Nursery School,Alexander Road,London Colney,,St Albans,AL2 1JG,01727823283,E14000960,St Albans,0,,,CY,0,Does not apply,3-11,0,0,187,24,23,16,7,70%,30%,7.2,5,24%,11,52%,5,24%,2,9%,8,35%,15,65%,9,39%,18,78%,65%,13%,1.1,-1.6,3.7,91%,3.4,0.8,6.0,91%,1.4,-1.1,3.9,91%,74%,26%,0%,105,70%,30%,0%,105,83%,17%,0%,105,74%,26%,17%,0%,78%,0%,50%,100%,SUPP,73%,SUPP,25%,87%,-41,67%,67%,6%,29%,SUPP,9%,SUPP,0%,20%,-10,11%,11%,-0.1,-3.2,3.1,3.8,-1.2,8.9,SUPP,SUPP,SUPP,0.9,-2.8,4.7,SUPP,SUPP,SUPP,-1.5,-5.9,2.9,2.6,-0.8,6.0,-1.9,4.3,-0.4,8.9,1.6,-1.4,4.6,2.0,-1.1,5.0,6.8,2.0,11.7,SUPP,SUPP,SUPP,4.1,0.5,7.6,SUPP,SUPP,SUPP,1.0,-3.2,5.2,4.8,1.5,8.1,0.6,2.6,-1.9,7.1,3.0,0.1,5.9,1.6,-1.4,4.6,0.9,-3.9,5.6,SUPP,SUPP,SUPP,1.0,-2.5,4.5,SUPP,SUPP,SUPP,0.8,-3.3,4.9,1.8,-1.4,5.0,0.3,1.9,-2.5,6.3,1.0,-1.8,3.8,102,110,SUPP,105,SUPP,100,107,106,107,104,107,SUPP,105,SUPP,101,107,106,105,101,112,SUPP,107,SUPP,97,108,107,106,SUPP,82%,SUPP,38%,93%,SUPP,91%,SUPP,38%,87%,SUPP,91%,SUPP,50%,100%,SUPP,91%,SUPP,50%,87%,SUPP,18%,SUPP,13%,33%,SUPP,36%,SUPP,0%,47%,SUPP,9%,SUPP,0%,27%,SUPP,27%,SUPP,0%,40%,14,61%,0,0%,1,4%,4,17%,5,22%,,,,,,,,,,,,,,,,,,,,,25,20%,80%,64%,0%,SUPP,SUPP,SUPP,SUPP,-3.3,-6.0,-0.5,-2.2,-4.7,0.2,-0.8,-3.2,1.6,102,106,1.1,3.4,1.4,3,1,3
1,56306,919,2105,117147,Sandon Junior Mixed and Infant School,Sandon,,,Nr Buntingford,SG9 0QS,01763287238,E14000845,North East Hertfordshire,0,,,CY,0,Does not apply,4-11,0,0,60,13,13,8,5,62%,38%,7.5,3,23%,9,69%,1,8%,0,0%,1,8%,12,92%,0,0%,12,92%,38%,8%,1.5,-1.9,4.9,100%,-3.3,-6.6,0.0,100%,-1.5,-4.7,1.7,100%,77%,15%,0%,105,46%,15%,0%,99,69%,8%,0%,101,46%,15%,38%,0%,77%,0%,25%,SUPP,SUPP,44%,SUPP,SUPP,SUPP,SUPP,,42%,13%,SUPP,SUPP,0%,SUPP,SUPP,SUPP,SUPP,,8%,3.0,-1.4,7.4,SUPP,SUPP,SUPP,SUPP,SUPP,SUPP,0.9,-3.2,5.0,SUPP,SUPP,SUPP,SUPP,SUPP,SUPP,SUPP,SUPP,SUPP,SUPP,NA,NA,NA,1.8,-1.7,5.4,-4.9,-9.0,-0.7,SUPP,SUPP,SUPP,SUPP,SUPP,SUPP,-3.6,-7.6,0.3,SUPP,SUPP,SUPP,SUPP,SUPP,SUPP,SUPP,SUPP,SUPP,SUPP,NA,NA,NA,-2.7,-6.1,0.7,-0.4,-4.5,3.7,SUPP,SUPP,SUPP,SUPP,SUPP,SUPP,-1.6,-5.4,2.3,SUPP,SUPP,SUPP,SUPP,SUPP,SUPP,SUPP,SUPP,SUPP,SUPP,NA,NA,NA,-0.8,-4.2,2.5,106,SUPP,SUPP,106,SUPP,SUPP,SUPP,,105,102,SUPP,SUPP,102,SUPP,SUPP,SUPP,,102,98,SUPP,SUPP,100,SUPP,SUPP,SUPP,,99,SUPP,89%,SUPP,SUPP,SUPP,SUPP,56%,SUPP,SUPP,SUPP,SUPP,89%,SUPP,SUPP,SUPP,SUPP,44%,SUPP,SUPP,SUPP,SUPP,11%,SUPP,SUPP,SUPP,SUPP,11%,SUPP,SUPP,SUPP,SUPP,0%,SUPP,SUPP,SUPP,SUPP,11%,SUPP,SUPP,SUPP,13,100%,0,0%,0,0%,3,23%,3,23%,,,,,,,,,,,,,,,,,,,,,11,9%,91%,64%,9%,SUPP,SUPP,SUPP,SUPP,1.1,-2.7,4.9,-2.4,-6.0,1.1,-2.9,-6.2,0.5,105,101,1.5,-3.3,-1.5,3,3,3
1,56322,919,2106,117148,Sandridge School,Woodcock Hill,Sandridge,,St Albans,AL4 9EB,01727850576,E14000749,Hitchin and Harpenden,0,,,CY,0,Does not apply,4-11,0,0,166,30,31,14,17,45%,55%,7.5,6,23%,13,50%,7,27%,5,16%,9,29%,22,71%,8,26%,27,87%,61%,10%,1.1,-1.3,3.6,84%,0.1,-2.2,2.4,84%,1.6,-0.7,3.9,84%,81%,29%,0%,105,81%,32%,0%,105,74%,26%,0%,105,68%,16%,23%,0%,77%,0%,79%,47%,17%,62%,100%,22%,77%,-44,63%,59%,14%,6%,0%,8%,14%,0%,14%,-10,13%,11%,1.7,-1.8,5.3,0.6,-2.6,3.9,3.2,-1.8,8.2,1.6,-1.8,5.0,-1.4,-6.1,3.2,3.7,-0.6,8.1,0.0,-2.9,2.9,3.3,SUPP,SUPP,SUPP,1.4,-1.2,3.9,1.1,-2.3,4.5,-0.7,-3.9,2.4,-0.8,-5.7,4.0,0.4,-2.9,3.7,0.3,-4.2,4.8,-3.5,-7.7,0.7,1.7,-1.1,4.5,-3.9,SUPP,SUPP,SUPP,0.3,-2.1,2.7,5.2,1.9,8.6,-1.5,-4.6,1.6,7.0,2.2,11.7,0.2,-3.0,3.4,-0.3,-4.7,4.1,2.6,-1.5,6.7,1.2,-1.6,3.9,2.1,SUPP,SUPP,SUPP,1.5,-0.9,3.8,106,104,95,106,109,102,106,107,105,109,102,98,104,109,101,107,109,104,107,104,94,106,110,101,107,107,104,17%,100%,100%,56%,91%,33%,100%,100%,67%,86%,33%,77%,100%,44%,86%,17%,77%,100%,33%,82%,0%,23%,43%,22%,32%,0%,15%,71%,22%,36%,0%,15%,43%,22%,27%,0%,15%,29%,0%,23%,23,74%,0,0%,2,6%,2,6%,4,13%,,,,,,,,,,,,,,,,,,,,,29,24%,76%,62%,14%,43%,0%,68%,18%,-2.2,-4.5,0.1,-1.1,-3.2,1.0,0.2,-1.8,2.2,103,106,1.1,0.1,1.6,3,3,3
1,57298,919,2108,117150,Shenley Primary School,London Road,Shenley,,Radlett,WD7 9DX,01923855864,E14000745,Hertsmere,0,,,CY,0,Does not apply,3-11,0,0,177,28,28,14,14,50%,50%,7.5,6,21%,16,57%,6,21%,0,0%,7,25%,21,75%,3,11%,27,96%,54%,4%,0.4,-2.0,2.7,100%,-0.2,-2.5,2.0,100%,0.5,-1.7,2.7,100%,68%,25%,0%,105,64%,29%,0%,102,71%,21%,0%,103,71%,4%,25%,0%,79%,0%,43%,64%,17%,56%,83%,0%,71%,-66,SUPP,56%,0%,7%,0%,0%,17%,0%,5%,-10,SUPP,4%,-0.7,-4.0,2.6,1.4,-1.9,4.7,2.8,-2.2,7.9,-1.1,-4.2,2.0,1.8,-3.2,6.8,-1.6,-6.3,3.0,1.0,-1.7,3.7,-2.0,SUPP,SUPP,SUPP,0.3,-2.0,2.7,-0.5,-3.6,2.7,0.0,-3.2,3.2,3.1,-1.8,7.9,-0.5,-3.5,2.5,-2.8,-7.7,2.0,-1.5,-6.0,3.0,0.2,-2.4,2.8,-1.9,SUPP,SUPP,SUPP,-0.2,-2.4,2.1,1.1,-2.0,4.2,-0.1,-3.2,3.0,2.6,-2.1,7.3,0.1,-2.8,3.0,-0.5,-5.3,4.2,-1.7,-6.1,2.7,1.2,-1.3,3.8,-2.2,SUPP,SUPP,SUPP,0.5,-1.7,2.7,102,108,97,104,114,97,107,SUPP,105,101,105,93,104,110,94,106,SUPP,103,98,106,91,102,112,92,105,SUPP,102,33%,69%,100%,14%,86%,17%,69%,100%,29%,76%,33%,81%,83%,43%,81%,17%,81%,100%,14%,90%,0%,19%,67%,0%,33%,0%,25%,67%,0%,38%,0%,13%,67%,0%,29%,0%,0%,17%,0%,5%,25,89%,0,0%,1,4%,5,18%,6,21%,,,,,,,,,,,,,,,,,,,,,32,22%,78%,63%,9%,57%,14%,64%,8%,-0.4,-2.6,1.7,-1.0,-3.0,1.0,-2.2,-4.1,-0.3,105,102,0.4,-0.2,0.5,3,3,3
1,19454,919,2110,143785,Fairlands Primary School,Pound Avenue,,,Stevenage,SG1 3JA,01438351053,E14000968,Stevenage,0,,,ACC,0,Does not apply,3-11,0,0,679,88,82,40,42,49%,51%,7.6,21,26%,40,49%,20,25%,1,1%,29,35%,53,65%,18,22%,75,91%,49%,11%,-1.6,-3.0,-0.3,96%,-1.3,-2.7,0.0,99%,-1.8,-3.1,-0.5,96%,71%,23%,1%,104,65%,22%,1%,104,65%,18%,1%,102,63%,15%,23%,0%,77%,0%,45%,52%,5%,50%,90%,31%,58%,-35,44%,52%,10%,12%,0%,3%,40%,0%,17%,-10,17%,12%,-2.4,-4.4,-0.4,-0.9,-2.9,1.0,-1.2,-3.9,1.4,-2.3,-4.3,-0.3,-0.8,-3.6,2.1,-0.8,-3.1,1.5,-2.1,-3.8,-0.4,-1.2,0.0,-2.9,2.9,-1.6,-3.0,-0.1,-3.0,-4.9,-1.1,0.2,-1.6,2.1,-3.4,-6.0,-0.8,-1.9,-3.8,-0.1,2.1,-0.6,4.7,-1.1,-3.3,1.1,-1.5,-3.1,0.2,-1.5,0.1,-2.7,2.9,-1.4,-2.7,0.0,-1.4,-3.2,0.5,-2.3,-4.1,-0.5,-4.1,-6.7,-1.6,-2.0,-3.8,-0.1,0.9,-1.7,3.6,-1.6,-3.8,0.6,-2.0,-3.6,-0.3,-2.1,-2.2,-5.0,0.5,-1.6,-2.9,-0.2,104,104,100,103,110,102,105,105,105,102,102,91,102,111,99,103,102,103,103,105,95,103,111,101,105,106,104,33%,80%,90%,66%,74%,14%,75%,95%,55%,70%,14%,75%,95%,59%,68%,14%,70%,100%,52%,70%,10%,10%,60%,7%,32%,0%,18%,55%,10%,28%,0%,10%,55%,3%,26%,0%,5%,50%,3%,21%,64,78%,0,0%,7,9%,24,29%,31,38%,,,,,,,,,,,,,,,,,,,,,76,38%,62%,46%,5%,34%,3%,53%,6%,-0.6,-2.1,0.8,-1.3,-2.7,0.0,-2.8,-4.0,-1.5,102,101,-1.7,-1.5,-1.9,4,3,4
1,15850,919,2112,148040,De Havilland Primary School,Travellers Lane,,,Hatfield,AL10 8TQ,01707273542,E14001027,Welwyn Hatfield,0,,,AC,0,Does not apply,3-11,0,0,453,59,58,32,26,55%,45%,6.9,25,45%,23,42%,7,13%,3,5%,21,36%,37,64%,12,21%,53,91%,62%,16%,4.0,2.3,5.7,95%,5.0,3.4,6.6,95%,4.8,3.2,6.3,93%,76%,33%,0%,105,76%,43%,0%,106,76%,34%,2%,105,79%,21%,16%,0%,83%,0%,66%,58%,32%,87%,100%,38%,76%,-28,92%,66%,22%,8%,0%,17%,71%,10%,19%,0,17%,17%,5.3,3.1,7.6,2.4,-0.1,4.9,5.1,2.7,7.6,2.5,-0.1,5.1,4.9,0.2,9.6,3.0,0.3,5.6,4.7,2.5,6.8,2.6,5.0,1.5,8.6,3.9,2.2,5.6,6.7,4.5,8.8,3.1,0.7,5.5,5.4,3.0,7.8,5.3,2.8,7.8,3.0,-1.4,7.5,5.2,2.6,7.8,5.0,2.9,7.0,4.8,5.1,1.7,8.5,5.1,3.5,6.7,6.2,4.1,8.3,2.9,0.6,5.3,5.3,2.9,7.7,4.4,1.9,6.8,4.3,-0.1,8.6,3.7,1.2,6.3,5.4,3.4,7.4,3.2,6.9,3.6,10.3,4.9,3.3,6.5,107,104,101,107,117,102,107,108,106,107,103,99,108,115,101,107,109,105,107,106,101,109,117,103,108,111,107,60%,87%,100%,57%,86%,56%,87%,100%,62%,84%,48%,96%,100%,57%,86%,56%,100%,100%,71%,84%,8%,39%,100%,19%,41%,12%,61%,100%,29%,51%,4%,48%,100%,14%,46%,0%,30%,71%,10%,27%,45,78%,1,2%,0,0%,17,29%,17,29%,,,,,,,,,,,,,,,,,,,,,,,,,,,,,,,,,,,,,,,,,4.0,5.0,4.8,1,1,1
1,35922,919,2113,149330,Martins Wood Primary School,Mildmay Road,,,Stevenage,SG1 5RT,01438222602,E14000968,Stevenage,0,,,AC,0,Does not apply,2-11,0,0,NEW
1,64464,919,2114,117154,Walkern Primary School,High Street,Walkern,,Stevenage,SG2 7NS,01438861285,E14000845,North East Hertfordshire,0,,,CY,0,Does not apply,4-11,0,0,114,10,10,1,9,10%,90%,7.9,2,20%,6,60%,2,20%,0,0%,0,0%,10,100%,0,0%,9,90%,30%,0%,-6.7,-10.8,-2.6,90%,-4.6,-8.3,-0.8,100%,-5.1,-8.7,-1.4,100%,40%,10%,10%,101,60%,30%,10%,105,40%,10%,0%,103,50%,20%,30%,0%,90%,0%,SUPP,33%,SUPP,17%,SUPP,,SUPP,,,33%,SUPP,0%,SUPP,0%,SUPP,,SUPP,,,0%,SUPP,SUPP,SUPP,-7.2,-11.6,-2.9,SUPP,SUPP,SUPP,SUPP,SUPP,SUPP,SUPP,SUPP,SUPP,,,,SUPP,SUPP,SUPP,,NA,NA,NA,-7.2,-11.6,-2.9,SUPP,SUPP,SUPP,-3.9,-7.8,0.1,SUPP,SUPP,SUPP,-5.0,-9.9,-0.2,SUPP,SUPP,SUPP,,,,SUPP,SUPP,SUPP,,NA,NA,NA,-3.9,-7.8,0.1,SUPP,SUPP,SUPP,-6.1,-10.0,-2.3,SUPP,SUPP,SUPP,-5.5,-10.2,-0.7,SUPP,SUPP,SUPP,,,,SUPP,SUPP,SUPP,,NA,NA,NA,-6.1,-10.0,-2.3,SUPP,100,SUPP,102,SUPP,,SUPP,,100,SUPP,102,SUPP,101,SUPP,,SUPP,,102,SUPP,105,SUPP,105,SUPP,,SUPP,,105,SUPP,33%,SUPP,,SUPP,SUPP,67%,SUPP,,SUPP,SUPP,33%,SUPP,,SUPP,SUPP,50%,SUPP,,SUPP,SUPP,17%,SUPP,,SUPP,SUPP,17%,SUPP,,SUPP,SUPP,0%,SUPP,,SUPP,SUPP,0%,SUPP,,SUPP,10,100%,0,0%,0,0%,3,30%,3,30%,,,,,,,,,,,,,,,,,,,,,9,44%,56%,33%,0%,SUPP,SUPP,SUPP,SUPP,-9.3,-13.3,-5.2,-4.4,-8.2,-0.7,-3.3,-6.8,0.3,97,104,-6.8,-4.6,-6.3,5,5,5
1,41706,919,2115,145352,The Orchard Primary School,Gammons Lane,,,Watford,WD24 5JW,01923672280,E14001021,Watford,0,,,ACC,0,Does not apply,3-11,0,0,442,59,59,38,21,64%,36%,7.7,14,24%,28,47%,17,29%,0,0%,18,31%,41,69%,31,53%,56,95%,73%,17%,0.4,-1.2,2.0,100%,3.1,1.6,4.7,100%,4.0,2.5,5.5,100%,76%,31%,0%,105,92%,59%,0%,110,92%,44%,0%,107,81%,27%,19%,0%,85%,0%,68%,81%,14%,86%,100%,61%,78%,-5,81%,73%,16%,19%,0%,11%,41%,17%,17%,7,16%,18%,0.5,-1.5,2.5,0.3,-2.4,3.0,-1.4,-4.7,1.9,1.9,-0.4,4.2,-0.5,-3.5,2.5,0.3,-2.6,3.2,0.5,-1.4,2.4,-0.1,-0.2,-2.4,2.0,0.1,-1.5,1.8,2.9,1.0,4.8,3.5,0.9,6.1,2.4,-0.8,5.5,4.0,1.8,6.2,2.3,-0.6,5.1,1.8,-1.0,4.6,3.7,1.8,5.5,1.4,3.3,1.2,5.4,2.9,1.3,4.5,5.3,3.4,7.2,1.7,-0.9,4.2,4.2,1.1,7.3,5.0,2.8,7.2,2.2,-0.6,5.0,3.4,0.7,6.1,4.3,2.5,6.1,2.9,4.8,2.7,6.9,3.9,2.3,5.4,105,105,96,106,110,103,106,105,105,108,106,99,109,112,105,108,109,108,109,111,101,111,116,108,111,112,110,21%,89%,100%,61%,83%,64%,100%,100%,89%,93%,64%,100%,100%,89%,93%,36%,93%,100%,67%,88%,0%,29%,59%,39%,27%,7%,61%,100%,44%,66%,7%,50%,65%,39%,46%,0%,25%,53%,17%,32%,28,47%,0,0%,3,5%,6,10%,9,15%,,,,,,,,,,,,,,,,,,,,,60,25%,75%,68%,17%,60%,0%,71%,22%,1.4,-0.2,3.0,1.6,0.2,3.1,1.8,0.4,3.2,105,106,0.4,3.1,4.0,3,1,1
1,11128,919,2116,117156,Central Primary School,Derby Road,,,Watford,WD17 2LX,01923225129,E14001021,Watford,0,,,CY,0,Does not apply,3-11,0,0,403,56,52,20,32,38%,62%,7.6,10,20%,26,53%,13,27%,3,6%,13,25%,39,75%,48,92%,47,90%,51%,2%,-1.7,-3.5,0.0,94%,-2.8,-4.6,-1.1,92%,-0.6,-2.3,1.0,94%,63%,13%,0%,103,75%,33%,0%,105,62%,19%,0%,102,63%,2%,24%,0%,80%,0%,40%,58%,0%,54%,85%,38%,55%,-28,51%,52%,0%,3%,0%,0%,8%,0%,3%,-10,2%,2%,-2.2,-5.0,0.6,-1.4,-3.7,0.9,-1.8,-5.6,2.1,-1.5,-3.9,0.9,-2.1,-5.6,1.3,-2.8,-6.2,0.6,-1.3,-3.4,0.7,-3.2,-1.8,-3.6,0.0,-1.7,-3.5,0.1,-5.0,-7.6,-2.3,-1.3,-3.6,0.9,-6.4,-10.4,-2.5,-1.2,-3.5,1.1,-3.6,-6.9,-0.4,-5.9,-9.2,-2.6,-1.7,-3.7,0.3,-6.3,-2.7,-4.5,-0.9,-2.6,-4.4,-0.8,0.9,-1.7,3.5,-1.6,-3.8,0.5,-0.5,-4.2,3.1,-1.3,-3.6,1.0,0.7,-2.5,3.9,-1.9,-5.1,1.4,-0.2,-2.1,1.8,-2.4,-0.5,-2.2,1.2,-0.9,-2.6,0.8,102,103,94,102,109,101,103,103,102,103,102,93,102,111,101,103,103,102,102,107,95,106,112,104,105,106,105,0%,73%,92%,54%,67%,20%,85%,100%,77%,74%,0%,69%,100%,54%,64%,0%,69%,92%,46%,68%,0%,0%,46%,8%,15%,0%,27%,69%,23%,36%,0%,12%,54%,0%,26%,0%,0%,8%,0%,3%,3,6%,1,2%,0,0%,11,21%,11,21%,,,,,,,,,,,,,,,,,,,,,62,21%,79%,56%,13%,62%,8%,55%,14%,-0.8,-2.4,0.9,4.4,2.8,5.9,0.2,-1.2,1.7,102,104,-1.7,-2.9,-0.6,3,5,3
1,64904,919,2118,149333,Watchlytes Primary School,Watchlytes,,,Welwyn Garden City,AL7 2AZ,01707886222,E14001027,Welwyn Hatfield,0,,,AC,0,Does not apply,3-11,0,0,NEW
1,3366,919,2119,149537,Avanti Brook Primary School,Newland Avenue,,,Bishops Stortford,CM23 2UW,01279598575,E14000744,Hertford and Stortford,0,,,F,0,None,2-11,0,0,NEW
1,11624,919,2120,117158,Chater Junior School,Addiscombe Road,,,Watford,WD18 0WN,01923446686,E14001021,Watford,0,,,CY,0,Does not apply,7-11,0,0,239,60,60,27,33,45%,55%,7.9,9,16%,24,44%,22,40%,5,8%,10,17%,50,83%,45,75%,53,88%,52%,22%,-2.6,-4.2,-0.9,92%,0.6,-1.0,2.2,92%,-1.6,-3.2,0.0,92%,58%,32%,0%,103,62%,32%,0%,103,62%,33%,0%,103,65%,33%,28%,0%,57%,0%,41%,61%,0%,29%,95%,50%,52%,-16,51%,53%,11%,30%,0%,13%,32%,10%,24%,0,22%,21%,-3.9,-6.4,-1.4,-1.5,-3.8,0.7,-2.0,-6.1,2.1,-4.2,-6.7,-1.7,-1.1,-3.7,1.6,-1.3,-5.2,2.6,-2.9,-4.7,-1.0,-1.7,-2.7,-4.6,-0.7,-2.7,-4.4,-1.0,-1.8,-4.2,0.6,2.5,0.4,4.7,0.8,-3.1,4.8,-1.3,-3.7,1.1,2.7,0.1,5.2,-0.6,-4.3,3.2,0.9,-0.9,2.7,-1.0,1.3,-0.5,3.2,0.9,-0.8,2.5,-2.2,-4.5,0.2,-1.2,-3.2,0.9,-1.8,-5.7,2.0,-3.9,-6.3,-1.6,1.1,-1.4,3.5,0.4,-3.2,4.1,-2.0,-3.8,-0.3,-0.1,-1.0,-2.9,0.8,-1.5,-3.1,0.1,101,105,90,100,110,102,103,103,103,102,104,87,100,111,101,103,103,103,100,104,87,100,111,100,103,102,103,0%,46%,95%,50%,60%,0%,54%,95%,60%,62%,0%,46%,100%,60%,62%,0%,58%,100%,50%,68%,0%,13%,59%,30%,32%,0%,13%,64%,30%,32%,0%,13%,64%,20%,36%,0%,17%,59%,20%,36%,14,23%,1,2%,2,3%,8,13%,10,17%,,,,,,,,,,,,,,,,,,,,,58,17%,83%,67%,14%,70%,10%,67%,15%,-0.9,-2.5,0.7,0.9,-0.6,2.4,-0.8,-2.2,0.6,104,104,-2.6,0.6,-1.6,4,3,3
1,19970,919,2123,117160,Field Junior School,Watford Field Road,,,Watford,WD18 0AZ,01923221877,E14001021,Watford,0,,,CY,0,Does not apply,7-11,0,0,265,88,89,42,47,47%,53%,8.2,9,12%,31,41%,36,47%,13,15%,17,19%,72,81%,46,52%,80,90%,82%,20%,0.8,-0.7,2.2,85%,2.7,1.4,4.1,85%,4.6,3.2,5.9,85%,85%,39%,0%,108,93%,67%,0%,111,93%,60%,0%,110,90%,33%,9%,0%,93%,0%,74%,89%,22%,77%,97%,59%,88%,-7,83%,81%,10%,30%,0%,10%,36%,12%,22%,2,28%,18%,-0.6,-2.7,1.5,1.8,-0.1,3.7,-0.2,-4.3,3.9,1.6,-0.7,3.8,0.3,-1.7,2.4,-0.2,-3.3,2.9,1.0,-0.6,2.6,-0.6,1.1,-0.9,3.1,0.7,-0.7,2.1,1.4,-0.6,3.4,3.8,2.0,5.7,3.7,-0.2,7.7,2.9,0.8,5.0,2.4,0.4,4.3,1.9,-1.0,4.9,3.0,1.4,4.5,1.5,3.5,1.5,5.4,2.6,1.2,4.0,5.2,3.3,7.2,4.0,2.2,5.8,4.8,0.9,8.6,6.0,3.9,8.1,3.2,1.3,5.2,1.8,-1.1,4.7,5.3,3.8,6.8,1.3,6.1,4.2,7.9,4.6,3.2,5.9,105,110,95,106,111,103,109,108,107,110,111,99,110,113,104,112,112,110,108,113,99,109,115,105,112,112,111,22%,87%,97%,71%,89%,44%,100%,100%,76%,97%,56%,97%,100%,71%,99%,44%,90%,100%,71%,94%,0%,23%,64%,29%,42%,22%,48%,92%,41%,74%,0%,52%,83%,35%,65%,0%,19%,56%,24%,35%,43,48%,0,0%,3,3%,12,13%,15,17%,,,,,,,,,,,,,,,,,,,,,88,28%,72%,85%,27%,84%,32%,86%,25%,4.9,3.6,6.3,4.8,3.6,6.0,5.6,4.5,6.7,107,109,0.8,2.7,4.6,3,2,1
1,43154,919,2125,117162,Parkgate Junior School,Southwold Road,,,Watford,WD24 7DN,01923243905,E14001021,Watford,0,,,CY,0,Does not apply,7-11,0,0,237,60,59,33,26,56%,44%,7.7,11,20%,27,48%,18,32%,3,5%,11,19%,48,81%,24,41%,53,90%,41%,5%,-3.8,-5.4,-2.1,95%,-4.1,-5.7,-2.5,95%,-3.0,-4.6,-1.5,95%,63%,19%,0%,103,68%,14%,0%,103,59%,19%,0%,103,53%,12%,37%,0%,81%,0%,27%,58%,9%,22%,78%,9%,48%,-57,46%,40%,0%,12%,0%,0%,17%,0%,6%,-10,8%,4%,-4.3,-6.6,-2.1,-3.1,-5.6,-0.7,-6.6,-10.3,-2.9,-4.0,-6.3,-1.6,-1.8,-4.7,1.1,-8.3,-12.0,-4.6,-2.7,-4.5,-0.8,-8.7,-4.3,-6.9,-1.8,-4.0,-5.7,-2.3,-6.7,-8.9,-4.6,-1.1,-3.4,1.2,-6.2,-9.8,-2.6,-4.7,-7.0,-2.4,-2.0,-4.8,0.8,-6.2,-9.8,-2.6,-3.6,-5.4,-1.8,-6.6,-2.8,-5.3,-0.3,-4.1,-5.7,-2.4,-3.7,-5.9,-1.6,-2.2,-4.5,0.1,-6.4,-9.9,-2.9,-2.7,-4.9,-0.5,-1.4,-4.1,1.3,-6.3,-9.8,-2.8,-2.2,-3.9,-0.5,-6.8,-2.1,-4.5,0.4,-3.1,-4.7,-1.5,103,104,96,100,109,97,104,102,103,102,104,92,101,108,97,104,103,103,101,104,94,101,107,96,104,102,102,18%,56%,94%,27%,71%,18%,67%,94%,27%,77%,18%,48%,94%,18%,69%,9%,41%,89%,27%,58%,0%,0%,50%,0%,23%,0%,0%,39%,0%,17%,0%,4%,44%,0%,23%,0%,0%,28%,0%,15%,35,59%,0,0%,4,7%,9,15%,13,22%,,,,,,,,,,,,,,,,,,,,,60,15%,85%,57%,10%,44%,0%,59%,12%,-1.7,-3.3,-0.1,0.1,-1.4,1.6,-2.3,-3.7,-0.9,103,103,-3.8,-4.1,-3.0,5,5,4
1,31694,919,2130,146123,Knutsford Primary Academy,Balmoral Road,,,Watford,WD24 7ER,01923466020,E14001021,Watford,0,,,ACC,0,Does not apply,3-11,0,0,436,61,58,25,33,43%,57%,8.1,8,14%,27,47%,22,39%,1,2%,5,9%,53,91%,10,17%,54,93%,71%,16%,1.5,-0.1,3.2,98%,-0.3,-1.8,1.3,98%,3.6,2.0,5.1,98%,83%,47%,0%,108,86%,50%,0%,109,93%,48%,0%,109,74%,17%,24%,0%,93%,0%,64%,76%,13%,67%,95%,SUPP,SUPP,SUPP,50%,70%,4%,24%,0%,4%,36%,SUPP,SUPP,SUPP,0%,15%,0.7,-1.8,3.2,2.1,0.0,4.3,1.3,-3.1,5.6,1.9,-0.5,4.3,1.1,-1.5,3.8,SUPP,SUPP,SUPP,SUPP,SUPP,SUPP,SUPP,2.7,-1.4,6.8,1.3,-0.4,2.9,-3.2,-5.6,-0.8,1.9,-0.2,4.0,0.4,-3.8,4.6,-0.3,-2.6,2.0,-0.5,-3.0,2.1,SUPP,SUPP,SUPP,SUPP,SUPP,SUPP,SUPP,-2.1,-6.0,1.9,-0.3,-1.9,1.3,3.3,1.0,5.7,3.7,1.7,5.7,1.7,-2.4,5.8,4.0,1.7,6.2,3.7,1.2,6.2,SUPP,SUPP,SUPP,SUPP,SUPP,SUPP,SUPP,6.0,2.2,9.9,3.5,1.9,5.1,108,108,100,106,113,SUPP,SUPP,108,108,110,109,99,108,114,SUPP,SUPP,109,109,107,110,99,107,114,SUPP,SUPP,108,109,25%,85%,100%,SUPP,SUPP,50%,85%,100%,SUPP,SUPP,50%,100%,100%,SUPP,SUPP,25%,70%,95%,SUPP,SUPP,13%,30%,77%,SUPP,SUPP,0%,41%,77%,SUPP,SUPP,0%,30%,86%,SUPP,SUPP,0%,7%,36%,SUPP,SUPP,48,83%,0,0%,1,2%,6,10%,7,12%,,,,,,,,,,,,,,,,,,,,,60,7%,93%,80%,22%,SUPP,SUPP,SUPP,SUPP,1.7,0.1,3.3,0.8,-0.7,2.3,1.2,-0.2,2.6,107,107,1.5,-0.3,3.6,3,3,1
1,54018,919,2131,117166,St Meryl School,The Mead,Carpenders Park,,Watford,WD19 5BT,02084281695,E14001021,Watford,0,,,CY,0,Does not apply,3-11,0,0,232,30,30,14,16,47%,53%,8.3,3,11%,12,44%,12,44%,3,10%,3,10%,27,90%,14,47%,29,97%,53%,0%,-0.2,-2.6,2.2,90%,-5.4,-7.7,-3.1,90%,0.7,-1.5,2.9,90%,83%,27%,0%,106,70%,33%,0%,105,87%,37%,0%,106,53%,0%,43%,0%,80%,0%,36%,69%,SUPP,42%,75%,SUPP,SUPP,SUPP,64%,52%,0%,0%,SUPP,0%,0%,SUPP,SUPP,SUPP,0%,0%,-1.1,-4.7,2.5,0.5,-2.7,3.7,SUPP,SUPP,SUPP,-1.3,-4.9,2.3,-0.6,-4.2,2.9,SUPP,SUPP,SUPP,SUPP,SUPP,SUPP,SUPP,-0.5,-4.2,3.3,-0.2,-2.6,2.2,-7.7,-11.1,-4.3,-3.5,-6.6,-0.5,SUPP,SUPP,SUPP,-6.0,-9.4,-2.6,-6.1,-9.6,-2.7,SUPP,SUPP,SUPP,SUPP,SUPP,SUPP,SUPP,-4.6,-8.1,-1.0,-5.6,-8.0,-3.3,-0.3,-3.7,3.0,1.6,-1.4,4.5,SUPP,SUPP,SUPP,1.2,-2.1,4.6,-0.2,-3.5,3.1,SUPP,SUPP,SUPP,SUPP,SUPP,SUPP,SUPP,4.0,0.5,7.5,0.5,-1.8,2.8,104,107,SUPP,104,110,SUPP,SUPP,105,106,105,107,SUPP,106,110,SUPP,SUPP,108,106,103,106,SUPP,105,108,SUPP,SUPP,107,105,SUPP,83%,100%,SUPP,SUPP,SUPP,67%,92%,SUPP,SUPP,SUPP,83%,100%,SUPP,SUPP,SUPP,42%,75%,SUPP,SUPP,SUPP,0%,58%,SUPP,SUPP,SUPP,33%,42%,SUPP,SUPP,SUPP,25%,58%,SUPP,SUPP,SUPP,0%,0%,SUPP,SUPP,16,53%,0,0%,0,0%,2,7%,2,7%,,,,,,,,,,,,,,,,,,,,,30,13%,87%,87%,23%,SUPP,SUPP,SUPP,SUPP,1.1,-1.1,3.4,1.5,-0.6,3.6,0.0,-2.0,2.0,107,107,-0.2,-5.4,0.7,3,5,3
1,10582,919,2132,117167,Cassiobury Junior School,Bellmount Wood Avenue,,,Watford,WD17 3PD,01923232411,E14001021,Watford,0,,,CY,0,Does not apply,7-11,0,0,357,91,88,49,39,56%,44%,8.2,11,13%,37,45%,35,42%,5,6%,9,10%,79,90%,28,32%,82,93%,67%,7%,0.5,-0.9,1.8,94%,-1.9,-3.2,-0.6,94%,1.1,-0.2,2.4,94%,83%,39%,0%,108,86%,49%,0%,109,82%,36%,0%,108,74%,7%,20%,0%,78%,0%,59%,77%,18%,51%,100%,33%,71%,-33,61%,70%,2%,13%,0%,0%,17%,0%,8%,-10,11%,7%,-0.2,-2.0,1.6,1.4,-0.7,3.4,-0.8,-4.5,2.9,0.7,-1.3,2.7,0.6,-1.5,2.7,-1.0,-5.4,3.3,0.6,-0.8,2.1,-1.4,-0.5,-2.9,1.9,0.5,-0.9,1.9,-2.6,-4.4,-0.9,-0.9,-2.9,1.1,-0.3,-3.9,3.2,-2.2,-4.2,-0.3,-2.0,-4.0,0.0,0.6,-3.6,4.8,-2.1,-3.5,-0.8,0.2,-1.8,-4.1,0.5,-1.9,-3.2,-0.5,2.3,0.6,4.0,-0.4,-2.3,1.6,1.1,-2.4,4.6,0.8,-1.1,2.7,1.5,-0.5,3.4,0.4,-3.7,4.5,1.2,-0.1,2.5,-0.1,2.7,0.4,4.9,1.2,-0.1,2.5,106,109,98,105,112,100,108,107,108,108,107,99,105,112,102,108,110,108,108,110,96,106,115,103,109,111,109,45%,81%,100%,56%,86%,36%,92%,100%,44%,91%,27%,84%,100%,44%,86%,27%,65%,100%,44%,77%,0%,24%,69%,0%,43%,0%,27%,89%,11%,53%,9%,22%,60%,11%,39%,0%,0%,17%,0%,8%,60,68%,0,0%,1,1%,15,17%,16,18%,,,,,,,,,,,,,,,,,,,,,90,10%,90%,78%,16%,56%,0%,80%,17%,0.1,-1.2,1.4,-2.1,-3.3,-0.9,1.5,0.4,2.6,108,109,0.5,-1.9,1.1,3,4,3
1,31294,919,2133,117168,Kingsway Junior School,Briar Road,,,Watford,WD25 0JH,01923672583,E14001021,Watford,0,,,CY,0,Does not apply,7-11,0,0,225,56,56,24,32,43%,57%,7.4,17,32%,22,42%,14,26%,3,5%,16,29%,40,71%,14,25%,54,96%,66%,2%,0.6,-1.1,2.3,93%,1.1,-0.5,2.7,95%,1.8,0.2,3.4,89%,71%,21%,2%,104,70%,27%,2%,104,70%,36%,5%,105,79%,2%,18%,0%,79%,0%,63%,69%,18%,77%,100%,38%,78%,-28,79%,65%,4%,0%,0%,0%,7%,0%,3%,-10,0%,2%,-0.8,-3.5,1.9,1.5,-0.7,3.7,0.8,-2.3,3.9,0.0,-2.6,2.6,1.2,-2.1,4.5,1.1,-2.2,4.4,0.4,-1.6,2.4,0.7,-0.8,-4.2,2.6,0.5,-1.2,2.2,0.2,-2.3,2.7,1.8,-0.4,3.9,3.4,0.5,6.2,1.6,-0.9,4.2,-2.4,-5.6,0.8,3.6,0.6,6.7,0.1,-1.8,2.0,3.2,2.7,-0.6,6.0,1.2,-0.4,2.9,2.3,-0.3,4.9,1.5,-0.7,3.6,-0.4,-3.5,2.7,2.3,-0.2,4.7,3.3,0.2,6.4,-0.1,-3.3,3.1,2.5,0.6,4.4,-0.6,4.4,1.1,7.6,1.8,0.2,3.5,104,105,96,104,112,101,105,102,104,107,104,94,106,113,100,107,107,105,103,105,93,105,114,100,105,106,104,29%,82%,100%,50%,80%,6%,95%,100%,50%,78%,18%,86%,100%,38%,83%,35%,95%,100%,69%,83%,0%,14%,57%,13%,25%,0%,14%,86%,6%,35%,0%,23%,93%,25%,40%,0%,0%,7%,0%,3%,42,75%,0,0%,2,4%,13,23%,15,27%,,,,,,,,,,,,,,,,,,,,,89,26%,74%,80%,18%,61%,13%,86%,20%,0.7,-0.7,2.1,-0.1,-1.4,1.1,0.5,-0.7,1.7,106,107,0.6,1.1,1.8,3,3,2
1,64792,919,2135,144905,Warren Dell Primary School,Gosforth Lane,South Oxhey,,Watford,WD19 7UZ,02084284571,E14000951,South West Hertfordshire,0,,,ACC,0,Does not apply,2-11,0,0,262,30,30,13,17,43%,57%,8.4,3,10%,15,52%,11,38%,1,3%,11,37%,19,63%,6,20%,28,93%,83%,10%,1.0,-1.3,3.3,97%,-1.9,-4.1,0.3,97%,-1.2,-3.4,0.9,97%,93%,47%,0%,108,80%,33%,0%,105,90%,23%,0%,105,83%,13%,10%,0%,83%,0%,85%,82%,SUPP,87%,100%,64%,95%,-2,100%,82%,8%,12%,SUPP,0%,18%,0%,16%,-10,33%,7%,1.6,-2.0,5.2,0.6,-2.4,3.6,SUPP,SUPP,SUPP,3.8,0.6,7.0,-2.1,-5.8,1.7,1.4,-2.3,5.1,0.8,-2.1,3.7,1.0,SUPP,SUPP,SUPP,1.1,-1.3,3.4,-2.6,-6.1,0.8,-1.3,-4.2,1.5,SUPP,SUPP,SUPP,-0.3,-3.4,2.8,-1.8,-5.4,1.8,-3.3,-6.9,0.3,-1.0,-3.8,1.8,-3.7,SUPP,SUPP,SUPP,-2.0,-4.2,0.3,-0.7,-4.1,2.6,-1.6,-4.4,1.2,SUPP,SUPP,SUPP,1.1,-1.9,4.1,-2.9,-6.4,0.5,-1.5,-5.0,2.0,-1.1,-3.8,1.7,-2.0,SUPP,SUPP,SUPP,-1.2,-3.4,1.0,110,107,SUPP,109,110,106,110,111,108,107,104,SUPP,105,108,102,107,111,105,106,105,SUPP,103,112,102,107,112,105,SUPP,100%,100%,91%,95%,SUPP,80%,100%,64%,89%,SUPP,100%,100%,82%,95%,SUPP,87%,100%,64%,95%,SUPP,40%,55%,27%,58%,SUPP,7%,73%,9%,47%,SUPP,13%,36%,0%,37%,SUPP,0%,27%,0%,21%,24,80%,0,0%,1,3%,5,17%,6,20%,,,,,,,,,,,,,,,,,,,,,28,54%,46%,82%,7%,73%,0%,92%,15%,0.5,-1.8,2.8,-0.4,-2.5,1.7,-0.3,-2.3,1.7,107,106,1.0,-1.9,-1.2,3,3,3
1,42698,919,2137,144906,Oxhey Wood Primary School,Oxhey Drive,South Oxhey,,Watford,WD19 7SL,02084284828,E14000951,South West Hertfordshire,0,,,ACC,0,Does not apply,3-11,0,0,367,45,43,20,23,47%,53%,7.6,11,28%,18,45%,11,28%,3,7%,17,40%,26,60%,18,42%,38,88%,74%,7%,2.0,0.0,3.9,93%,0.7,-1.1,2.6,93%,2.1,0.2,3.9,93%,74%,37%,0%,106,79%,40%,0%,106,79%,37%,0%,106,79%,14%,12%,0%,81%,0%,85%,65%,27%,89%,100%,53%,88%,-13,83%,71%,10%,4%,0%,0%,27%,6%,8%,-4,11%,8%,2.7,-0.1,5.5,1.4,-1.3,4.0,3.1,-0.6,6.9,3.0,0.1,6.0,-0.9,-4.6,2.8,0.9,-2.2,4.1,2.6,0.2,5.1,0.5,2.5,-0.6,5.6,1.7,-0.4,3.8,1.4,-1.3,4.1,0.2,-2.4,2.8,1.4,-2.2,5.0,1.3,-1.5,4.1,-0.8,-4.4,2.8,-0.5,-3.6,2.5,1.5,-0.8,3.9,-0.9,3.1,0.1,6.0,0.4,-1.6,2.4,4.4,1.8,7.1,-0.1,-2.6,2.5,2.9,-0.6,6.4,3.1,0.4,5.9,-0.5,-4.0,3.0,0.4,-2.6,3.4,3.1,0.7,5.4,-0.1,6.4,3.5,9.3,1.4,-0.6,3.4,109,104,98,108,111,103,108,108,106,110,102,96,107,110,102,108,111,105,109,104,97,108,110,104,108,111,106,27%,89%,100%,53%,88%,36%,94%,100%,59%,92%,36%,94%,100%,59%,92%,36%,94%,100%,59%,92%,0%,44%,64%,29%,42%,9%,44%,55%,41%,38%,9%,44%,45%,24%,46%,0%,6%,36%,12%,15%,25,58%,0,0%,5,12%,7,16%,12,28%,,,,,,,,,,,,,,,,,,,,,42,43%,57%,62%,2%,61%,6%,63%,0%,0.6,-1.3,2.6,-1.2,-3.0,0.7,0.0,-1.7,1.8,104,104,2.0,0.7,2.0,3,3,2
1,65070,919,2139,117171,Watton-at-Stone Primary and Nursery School,Rectory Lane,Watton-At-Stone,,Hertford,SG14 3SG,01920830233,E14000845,North East Hertfordshire,0,,,CY,0,Does not apply,2-11,0,0,230,28,27,13,14,48%,52%,8.0,5,19%,13,48%,9,33%,0,0%,5,19%,22,81%,1,4%,27,100%,59%,7%,-0.1,-2.4,2.3,100%,0.4,-1.8,2.7,100%,-1.4,-3.6,0.9,100%,85%,22%,0%,106,78%,19%,0%,104,74%,15%,0%,103,74%,22%,26%,0%,93%,0%,62%,57%,SUPP,62%,89%,SUPP,SUPP,SUPP,SUPP,59%,8%,7%,SUPP,0%,22%,SUPP,SUPP,SUPP,SUPP,7%,2.0,-1.4,5.4,-2.0,-5.3,1.3,SUPP,SUPP,SUPP,-0.9,-4.3,2.6,0.2,-3.9,4.3,SUPP,SUPP,SUPP,SUPP,SUPP,SUPP,SUPP,SUPP,SUPP,SUPP,-0.1,-2.4,2.3,-0.9,-4.2,2.4,1.6,-1.5,4.8,SUPP,SUPP,SUPP,-2.0,-5.3,1.3,3.0,-0.9,7.0,SUPP,SUPP,SUPP,SUPP,SUPP,SUPP,SUPP,SUPP,SUPP,SUPP,0.4,-1.8,2.7,-0.5,-3.8,2.7,-2.1,-5.2,1.0,SUPP,SUPP,SUPP,-0.6,-3.8,2.6,-3.1,-7.0,0.8,SUPP,SUPP,SUPP,SUPP,SUPP,SUPP,SUPP,SUPP,SUPP,SUPP,-1.4,-3.6,0.9,107,104,SUPP,104,112,SUPP,SUPP,SUPP,106,103,103,SUPP,103,107,SUPP,SUPP,SUPP,103,104,105,SUPP,103,110,SUPP,SUPP,SUPP,104,SUPP,85%,100%,SUPP,SUPP,SUPP,77%,100%,SUPP,SUPP,SUPP,85%,89%,SUPP,SUPP,SUPP,69%,100%,SUPP,SUPP,SUPP,8%,56%,SUPP,SUPP,SUPP,8%,44%,SUPP,SUPP,SUPP,8%,33%,SUPP,SUPP,SUPP,0%,67%,SUPP,SUPP,26,96%,0,0%,0,0%,9,33%,9,33%,,,,,,,,,,,,,,,,,,,,,31,13%,87%,65%,3%,SUPP,SUPP,SUPP,SUPP,-1.4,-3.7,0.8,-0.8,-2.8,1.3,-3.2,-5.2,-1.2,104,102,-0.1,0.4,-1.4,3,3,3
1,43532,919,2140,148989,Peartree Primary School,Peartree Primary School,,Peartree Lane,Welwyn Garden City,AL7 3XW,01707881033,E14001027,Welwyn Hatfield,0,,,ACC,0,Does not apply,5-11,0,0,194,29,28,15,13,54%,46%,7.3,10,40%,9,36%,6,24%,3,11%,9,32%,19,68%,4,14%,24,86%,61%,7%,-0.7,-3.2,1.7,89%,3.8,1.4,6.1,89%,-0.2,-2.5,2.1,89%,64%,14%,0%,102,64%,36%,0%,103,61%,21%,0%,101,71%,21%,29%,0%,64%,0%,53%,69%,10%,89%,100%,44%,68%,-22,SUPP,67%,7%,8%,0%,0%,33%,0%,11%,-10,SUPP,8%,-0.6,-3.9,2.7,-0.9,-4.7,2.8,-1.7,-5.6,2.2,1.2,-2.9,5.3,-2.0,-7.0,3.0,1.1,-3.0,5.2,-1.7,-4.8,1.3,0.7,SUPP,SUPP,SUPP,-0.8,-3.3,1.8,3.2,0.0,6.4,4.5,0.9,8.1,2.1,-1.7,5.8,3.5,-0.5,7.4,7.1,2.2,11.9,2.3,-1.7,6.2,4.6,1.6,7.6,1.9,SUPP,SUPP,SUPP,3.7,1.3,6.2,-0.2,-3.3,2.9,-0.1,-3.6,3.4,-3.9,-7.6,-0.2,2.2,-1.6,6.1,2.4,-2.3,7.2,0.5,-3.4,4.3,-0.5,-3.4,2.4,0.0,SUPP,SUPP,SUPP,0.5,-1.9,2.9,101,103,95,104,109,100,102,SUPP,102,101,102,92,105,113,99,102,SUPP,103,101,105,95,106,115,100,104,SUPP,104,20%,89%,100%,56%,68%,20%,89%,100%,56%,68%,10%,89%,100%,44%,68%,30%,100%,100%,56%,79%,0%,11%,33%,0%,21%,10%,22%,100%,22%,42%,0%,22%,67%,11%,26%,0%,0%,100%,0%,32%,24,86%,0,0%,0,0%,10,36%,10,36%,,,,,,,,,,,,,,,,,,,,,21,48%,52%,24%,0%,10%,0%,36%,0%,-3.9,-6.6,-1.3,-5.8,-8.2,-3.3,-1.9,-4.2,0.4,98,101,-0.7,3.8,-0.2,3,1,3
1,61616,919,2142,117174,Templewood Primary School,Pentley Park,,,Welwyn Garden City,AL8 7SD,01707324251,E14001027,Welwyn Hatfield,0,,,CY,0,Does not apply,3-11,0,0,224,32,30,16,14,53%,47%,8.6,0,0%,14,50%,14,50%,2,7%,6,20%,24,80%,2,7%,26,87%,83%,13%,0.2,-2.1,2.5,93%,0.3,-1.9,2.5,93%,0.3,-1.9,2.5,93%,97%,47%,0%,108,90%,53%,0%,109,93%,40%,0%,108,90%,23%,10%,0%,90%,0%,94%,71%,,64%,100%,83%,83%,17,SUPP,85%,6%,21%,,7%,21%,0%,17%,-10,SUPP,15%,0.7,-2.4,3.8,-0.5,-4.0,3.1,NA,NA,NA,0.4,-2.9,3.7,0.0,-3.3,3.3,SUPP,SUPP,SUPP,SUPP,SUPP,SUPP,SUPP,SUPP,SUPP,SUPP,0.5,-2.0,3.0,0.0,-3.0,2.9,0.7,-2.7,4.2,NA,NA,NA,-0.6,-3.8,2.6,1.2,-2.0,4.4,SUPP,SUPP,SUPP,SUPP,SUPP,SUPP,SUPP,SUPP,SUPP,SUPP,0.9,-1.5,3.3,1.5,-1.4,4.4,-1.2,-4.6,2.1,NA,NA,NA,0.9,-2.2,4.0,-0.3,-3.4,2.8,SUPP,SUPP,SUPP,SUPP,SUPP,SUPP,SUPP,SUPP,SUPP,SUPP,0.7,-1.6,3.0,108,108,,106,111,105,109,SUPP,109,108,107,,105,109,105,108,SUPP,108,109,109,,105,113,107,109,SUPP,109,,93%,100%,100%,96%,,79%,100%,83%,92%,,86%,100%,100%,92%,,79%,100%,83%,92%,,29%,71%,0%,58%,,29%,79%,50%,54%,,29%,50%,17%,46%,,7%,43%,0%,29%,28,93%,0,0%,1,3%,4,13%,5,17%,,,,,,,,,,,,,,,,,,,,,30,7%,93%,80%,17%,SUPP,SUPP,SUPP,SUPP,5.0,2.8,7.2,0.8,-1.3,2.8,3.1,1.2,5.0,111,109,0.2,0.3,0.3,3,3,3
1,27446,919,2143,117175,Holwell Primary School,Holwell Road,,,Welwyn Garden City,AL7 3RP,01707323716,E14001027,Welwyn Hatfield,0,,,CY,0,Does not apply,5-11,0,0,406,57,57,33,24,58%,42%,6.9,20,38%,25,47%,8,15%,4,7%,20,35%,37,65%,12,21%,50,88%,75%,11%,5.9,4.2,7.6,93%,3.4,1.8,5.1,93%,6.4,4.8,7.9,93%,88%,32%,0%,107,81%,40%,0%,106,86%,40%,0%,107,77%,11%,14%,0%,82%,0%,79%,71%,35%,100%,100%,70%,78%,4,83%,78%,3%,21%,0%,8%,38%,0%,16%,-10,25%,10%,4.5,2.3,6.7,8.1,5.4,10.8,8.2,5.5,11.0,4.8,2.3,7.3,3.5,-0.9,7.8,4.9,2.0,7.8,6.4,4.4,8.5,4.5,4.4,0.3,8.5,6.1,4.3,7.8,3.0,0.9,5.0,4.2,1.6,6.8,4.0,1.3,6.6,3.6,1.2,5.9,1.7,-2.5,5.9,2.3,-0.5,5.1,4.0,2.0,6.0,1.9,3.3,-0.6,7.3,3.9,2.2,5.5,6.9,4.8,8.9,5.6,3.1,8.1,8.7,6.1,11.3,5.2,2.8,7.5,4.3,0.2,8.4,4.9,2.2,7.7,7.1,5.1,9.0,4.4,3.2,-0.7,7.1,6.8,5.2,8.4,105,109,101,109,114,105,108,108,107,107,106,101,109,113,105,108,108,107,105,107,97,110,117,104,107,107,106,65%,100%,100%,85%,89%,45%,100%,100%,80%,81%,60%,100%,100%,85%,86%,40%,100%,100%,70%,81%,5%,36%,88%,20%,38%,5%,52%,100%,25%,49%,10%,44%,88%,35%,43%,0%,8%,38%,0%,16%,45,79%,0,0%,2,4%,7,12%,9,16%,,,,,,,,,,,,,,,,,,,,,30,40%,60%,53%,0%,33%,0%,67%,0%,-1.8,-4.1,0.5,-2.8,-4.8,-0.7,-2.4,-4.3,-0.4,104,102,5.9,3.4,6.4,1,1,1
1,67040,919,2145,117176,Widford School,Ware Road,Widford,,Ware,SG12 8RE,01279842681,E14000744,Hertford and Stortford,0,,,CY,0,Does not apply,2-11,0,0,48,6,6,4,2,67%,33%,7.3,1,20%,3,60%,1,20%,1,17%,3,50%,3,50%,1,17%,4,67%,33%,17%,SUPP,SUPP,SUPP,SUPP,SUPP,SUPP,SUPP,SUPP,SUPP,SUPP,SUPP,SUPP,83%,17%,0%,105,67%,17%,0%,104,33%,17%,0%,98,67%,17%,33%,0%,83%,0%,SUPP,SUPP,SUPP,SUPP,SUPP,SUPP,SUPP,SUPP,SUPP,SUPP,SUPP,SUPP,SUPP,SUPP,SUPP,SUPP,SUPP,SUPP,SUPP,SUPP,SUPP,SUPP,SUPP,SUPP,SUPP,SUPP,SUPP,SUPP,SUPP,SUPP,SUPP,SUPP,SUPP,SUPP,SUPP,SUPP,SUPP,SUPP,SUPP,SUPP,SUPP,SUPP,NA,NA,NA,SUPP,SUPP,SUPP,SUPP,SUPP,SUPP,SUPP,SUPP,SUPP,SUPP,SUPP,SUPP,SUPP,SUPP,SUPP,SUPP,SUPP,SUPP,SUPP,SUPP,SUPP,SUPP,SUPP,SUPP,SUPP,NA,NA,NA,SUPP,SUPP,SUPP,SUPP,SUPP,SUPP,SUPP,SUPP,SUPP,SUPP,SUPP,SUPP,SUPP,SUPP,SUPP,SUPP,SUPP,SUPP,SUPP,SUPP,SUPP,SUPP,SUPP,SUPP,SUPP,NA,NA,NA,SUPP,SUPP,SUPP,SUPP,SUPP,SUPP,SUPP,SUPP,SUPP,SUPP,SUPP,SUPP,SUPP,SUPP,SUPP,SUPP,SUPP,SUPP,SUPP,SUPP,SUPP,SUPP,SUPP,SUPP,SUPP,SUPP,SUPP,SUPP,SUPP,SUPP,SUPP,SUPP,SUPP,SUPP,SUPP,SUPP,SUPP,SUPP,SUPP,SUPP,SUPP,SUPP,SUPP,SUPP,SUPP,SUPP,SUPP,SUPP,SUPP,SUPP,SUPP,SUPP,SUPP,SUPP,SUPP,SUPP,SUPP,SUPP,SUPP,SUPP,SUPP,SUPP,SUPP,SUPP,SUPP,SUPP,SUPP,SUPP,SUPP,SUPP,5,83%,0,0%,0,0%,1,17%,1,17%,,,,,,,,,,,,,,,,,,,,,6,0%,100%,83%,33%,,,SUPP,SUPP,SUPP,SUPP,SUPP,SUPP,SUPP,SUPP,SUPP,SUPP,SUPP,109,107,SUPP,SUPP,SUPP,SUPP,SUPP,SUPP
1,8832,919,2169,117189,Broom Barns Primary School,Homestead Moat,Bedwell,,Stevenage,SG1 1UE,01438354913,E14000968,Stevenage,0,,,FD,0,Does not apply,4-11,0,0,227,27,28,9,19,32%,68%,7.5,7,27%,9,35%,10,38%,2,7%,12,43%,16,57%,7,25%,25,89%,61%,14%,0.0,-2.4,2.4,93%,1.4,-0.9,3.7,93%,2.8,0.5,5.1,93%,75%,25%,0%,104,82%,36%,0%,108,79%,36%,0%,106,68%,18%,29%,0%,82%,0%,56%,63%,14%,67%,90%,67%,56%,1,71%,64%,22%,11%,0%,0%,40%,8%,19%,-2,29%,16%,-2.6,-6.9,1.8,1.1,-1.8,4.0,0.9,-3.8,5.6,0.4,-3.7,4.5,-1.0,-4.9,2.9,0.6,-2.9,4.2,-0.6,-3.9,2.7,0.2,1.6,-3.4,6.7,0.1,-2.4,2.5,-2.9,-7.1,1.2,3.4,0.6,6.1,4.9,0.4,9.4,-1.0,-5.0,2.9,1.2,-2.6,4.9,0.8,-2.6,4.3,1.9,-1.3,5.1,0.4,7.6,2.7,12.4,1.9,-0.5,4.3,5.3,1.2,9.4,1.6,-1.1,4.4,2.0,-2.4,6.4,2.3,-1.6,6.1,3.8,0.1,7.5,2.7,-0.6,6.1,2.8,-0.3,5.9,2.2,3.9,-0.8,8.7,3.0,0.7,5.3,106,104,97,104,109,104,105,106,105,110,103,94,105,113,105,106,109,105,111,107,101,104,115,106,109,113,108,29%,89%,100%,92%,63%,57%,89%,100%,83%,81%,29%,100%,100%,83%,75%,43%,67%,90%,67%,69%,0%,22%,50%,17%,31%,0%,11%,80%,25%,44%,0%,11%,80%,33%,38%,0%,0%,50%,8%,25%,20,71%,1,4%,0,0%,11,39%,11,39%,,,,,,,,,,,,,,,,,,,,,28,32%,68%,68%,14%,78%,22%,63%,11%,1.3,-1.0,3.7,3.1,0.9,5.3,4.7,2.6,6.8,104,110,0.0,1.4,2.8,3,3,2
1,69228,919,2146,117177,Wymondley Junior Mixed and Infant School,Siccut Road,Little Wymondley,,Hitchin,SG4 7HN,01438354583,E14000749,Hitchin and Harpenden,0,,,CY,0,Does not apply,4-11,0,0,99,15,15,8,7,53%,47%,8.0,3,21%,4,29%,7,50%,1,7%,2,13%,13,87%,0,0%,15,100%,73%,7%,0.7,-2.6,4.0,93%,0.2,-3.0,3.3,93%,1.4,-1.7,4.5,93%,87%,40%,0%,107,93%,33%,0%,107,93%,33%,0%,106,80%,13%,20%,0%,93%,0%,75%,71%,SUPP,SUPP,86%,SUPP,SUPP,SUPP,,73%,0%,14%,SUPP,SUPP,14%,SUPP,SUPP,SUPP,,7%,1.8,-2.8,6.5,-0.3,-5.0,4.3,SUPP,SUPP,SUPP,SUPP,SUPP,SUPP,0.1,-4.5,4.8,SUPP,SUPP,SUPP,SUPP,SUPP,SUPP,SUPP,NA,NA,NA,0.7,-2.6,4.0,-1.9,-6.3,2.6,2.2,-2.3,6.7,SUPP,SUPP,SUPP,SUPP,SUPP,SUPP,-1.8,-6.2,2.7,SUPP,SUPP,SUPP,SUPP,SUPP,SUPP,SUPP,NA,NA,NA,0.2,-3.0,3.3,2.2,-2.2,6.6,0.7,-3.7,5.1,SUPP,SUPP,SUPP,SUPP,SUPP,SUPP,-0.1,-4.5,4.3,SUPP,SUPP,SUPP,SUPP,SUPP,SUPP,SUPP,NA,NA,NA,1.4,-1.7,4.5,109,104,SUPP,SUPP,111,SUPP,SUPP,,107,108,104,SUPP,SUPP,109,SUPP,SUPP,,106,108,107,SUPP,SUPP,111,SUPP,SUPP,,107,SUPP,SUPP,100%,SUPP,SUPP,SUPP,SUPP,100%,SUPP,SUPP,SUPP,SUPP,100%,SUPP,SUPP,SUPP,SUPP,86%,SUPP,SUPP,SUPP,SUPP,57%,SUPP,SUPP,SUPP,SUPP,57%,SUPP,SUPP,SUPP,SUPP,43%,SUPP,SUPP,SUPP,SUPP,29%,SUPP,SUPP,15,100%,0,0%,1,7%,1,7%,2,13%,,,,,,,,,,,,,,,,,,,,,11,27%,73%,64%,9%,SUPP,SUPP,SUPP,SUPP,-1.7,-5.5,2.1,-1.8,-5.3,1.7,-2.4,-5.7,0.9,105,104,0.7,0.2,1.4,3,3,3
1,61388,919,2147,117178,Tanners Wood Junior Mixed and Infant School,Hazelwood Lane,,,Abbots Langley,WD5 0LG,01923262229,E14001021,Watford,0,,,CY,0,Does not apply,3-11,0,0,439,60,59,31,28,53%,47%,7.9,10,18%,28,49%,19,33%,2,3%,15,25%,44,75%,2,3%,57,97%,59%,14%,0.0,-1.6,1.6,97%,0.0,-1.5,1.6,97%,0.1,-1.4,1.6,97%,73%,29%,0%,106,83%,39%,0%,108,75%,29%,0%,105,76%,17%,17%,0%,81%,0%,55%,64%,0%,57%,100%,27%,70%,-39,SUPP,61%,6%,21%,0%,4%,37%,7%,16%,-3,SUPP,14%,-0.1,-2.4,2.1,0.1,-2.3,2.5,-1.3,-5.2,2.6,0.1,-2.3,2.4,0.6,-2.2,3.4,-1.5,-4.8,1.8,0.5,-1.4,2.4,-1.9,SUPP,SUPP,SUPP,0.0,-1.6,1.7,-2.1,-4.3,0.1,2.4,0.1,4.7,-1.0,-4.8,2.7,-0.3,-2.5,1.9,1.1,-1.6,3.8,-1.0,-4.1,2.2,0.4,-1.4,2.2,-1.4,SUPP,SUPP,SUPP,0.3,-1.3,1.9,0.8,-1.3,2.9,-0.7,-2.9,1.6,-2.3,-6.0,1.3,0.4,-1.8,2.6,0.9,-1.7,3.6,-0.4,-3.5,2.7,0.3,-1.5,2.0,-0.9,SUPP,SUPP,SUPP,0.2,-1.3,1.8,106,106,97,105,112,101,108,SUPP,106,106,105,95,104,111,101,107,SUPP,105,106,109,98,107,113,102,109,SUPP,108,20%,79%,100%,47%,82%,20%,93%,100%,67%,89%,10%,82%,100%,53%,82%,30%,79%,100%,60%,82%,0%,18%,63%,7%,36%,0%,32%,74%,7%,50%,0%,14%,68%,13%,34%,0%,4%,47%,7%,20%,57,97%,0,0%,2,3%,15,25%,17,29%,,,,,,,,,,,,,,,,,,,,,60,27%,73%,68%,13%,31%,0%,82%,18%,0.1,-1.5,1.7,2.5,1.1,4.0,-1.5,-2.9,-0.1,105,104,0.0,0.0,0.1,3,3,3
1,28614,919,2151,117180,Hurst Drive Primary School,Hurst Drive,,,Waltham Cross,EN8 8DH,01992624099,E14000606,Broxbourne,0,,,CY,0,Does not apply,4-11,0,0,397,56,56,29,27,52%,48%,7.4,16,31%,24,46%,12,23%,4,7%,27,48%,29,52%,21,38%,48,86%,36%,2%,-3.0,-4.8,-1.3,93%,-1.8,-3.5,-0.2,93%,-2.6,-4.2,-1.0,93%,45%,5%,0%,99,63%,14%,0%,100,50%,7%,0%,98,59%,2%,25%,0%,70%,0%,38%,33%,6%,42%,75%,33%,38%,-33,38%,38%,0%,4%,0%,0%,8%,0%,3%,-10,0%,2%,-2.5,-4.9,-0.2,-3.6,-6.2,-1.1,-1.8,-4.9,1.3,-3.5,-6.0,-1.0,-3.8,-7.4,-0.3,-2.3,-4.7,0.1,-3.8,-6.2,-1.4,-2.7,-3.2,-6.2,-0.2,-2.9,-4.7,-1.1,-2.6,-4.8,-0.3,-0.9,-3.3,1.5,-3.5,-6.4,-0.5,-0.4,-2.8,2.1,-2.6,-6.0,0.9,-2.3,-4.6,0.1,-1.4,-3.7,0.9,-2.7,-1.3,-4.2,1.6,-1.4,-3.1,0.4,-0.4,-2.6,1.8,-5.2,-7.6,-2.8,-1.1,-4.0,1.8,-3.4,-5.8,-1.1,-3.0,-6.3,0.4,-2.6,-4.9,-0.3,-2.6,-4.9,-0.3,-3.1,-1.0,-3.8,1.8,-2.3,-4.0,-0.6,98,101,93,101,107,98,101,99,100,99,98,92,100,107,97,100,100,99,99,102,93,103,108,98,102,101,101,6%,54%,92%,41%,48%,25%,75%,100%,56%,69%,19%,58%,83%,44%,55%,19%,79%,92%,56%,62%,0%,4%,17%,4%,7%,0%,13%,42%,7%,21%,0%,0%,33%,0%,14%,0%,0%,8%,0%,3%,35,63%,0,0%,3,5%,5,9%,8,14%,,,,,,,,,,,,,,,,,,,,,59,46%,54%,69%,12%,56%,4%,81%,19%,-1.0,-2.6,0.6,1.6,0.1,3.0,0.7,-0.7,2.1,103,106,-3.1,-1.9,-2.7,5,4,4
1,68564,919,2153,117181,Woodlands Primary School,Alban Crescent,,,Borehamwood,WD6 5JF,02089532717,E14000745,Hertsmere,0,,,CY,0,Does not apply,3-11,0,0,225,27,27,10,17,37%,63%,7.5,8,32%,11,44%,6,24%,2,7%,4,15%,23,85%,4,15%,26,96%,44%,7%,-0.9,-3.4,1.7,89%,-1.5,-3.8,0.9,93%,1.4,-1.0,3.8,89%,67%,15%,4%,104,70%,26%,4%,104,70%,30%,4%,105,52%,7%,44%,0%,85%,0%,30%,53%,0%,55%,83%,SUPP,SUPP,SUPP,SUPP,46%,0%,12%,0%,0%,33%,SUPP,SUPP,SUPP,SUPP,8%,-3.3,-7.7,1.0,0.4,-2.7,3.5,-1.1,-5.5,3.3,0.0,-3.9,3.9,-1.9,-6.9,3.1,SUPP,SUPP,SUPP,SUPP,SUPP,SUPP,SUPP,SUPP,SUPP,SUPP,-1.1,-3.6,1.5,-4.4,-8.4,-0.5,0.2,-2.8,3.1,-0.8,-5.0,3.4,-2.5,-6.1,1.1,-0.5,-5.3,4.4,SUPP,SUPP,SUPP,SUPP,SUPP,SUPP,SUPP,SUPP,SUPP,SUPP,-1.4,-3.9,1.0,0.4,-3.7,4.5,1.9,-1.0,4.8,0.6,-3.5,4.7,3.2,-0.5,6.9,-0.5,-5.2,4.2,SUPP,SUPP,SUPP,SUPP,SUPP,SUPP,SUPP,SUPP,SUPP,SUPP,1.6,-0.9,4.0,103,104,97,105,110,SUPP,SUPP,SUPP,104,107,104,98,107,110,SUPP,SUPP,SUPP,106,104,104,98,104,110,SUPP,SUPP,SUPP,104,25%,73%,100%,SUPP,SUPP,38%,73%,100%,SUPP,SUPP,25%,91%,83%,SUPP,SUPP,0%,64%,100%,SUPP,SUPP,0%,9%,50%,SUPP,SUPP,0%,18%,67%,SUPP,SUPP,0%,36%,50%,SUPP,SUPP,0%,0%,33%,SUPP,SUPP,23,85%,0,0%,1,4%,6,22%,7,26%,,,,,,,,,,,,,,,,,,,,,29,34%,66%,48%,14%,30%,0%,58%,21%,-4.6,-6.9,-2.3,-2.4,-4.5,-0.3,-4.2,-6.2,-2.2,101,102,-0.9,-1.9,1.4,3,3,3
1,60736,919,2154,117182,Summerswood Primary School,Furzehill Road,,,Borehamwood,WD6 2DW,02089533139,E14000745,Hertsmere,0,,,CY,0,Does not apply,3-11,0,0,352,42,40,18,22,45%,55%,8.4,5,14%,12,34%,18,51%,5,13%,8,20%,32,80%,19,48%,33,83%,40%,3%,-4.1,-6.2,-2.0,88%,-1.3,-3.3,0.7,88%,-6.2,-8.2,-4.2,85%,63%,18%,0%,102,60%,13%,0%,101,53%,10%,3%,99,73%,10%,28%,0%,73%,0%,28%,50%,SUPP,17%,78%,13%,47%,-53,42%,42%,6%,0%,SUPP,0%,6%,0%,3%,-10,5%,3%,-4.1,-7.1,-1.1,-4.1,-7.0,-1.2,SUPP,SUPP,SUPP,-4.3,-7.8,-0.7,-4.5,-7.4,-1.6,-5.0,-10.1,0.0,-3.9,-6.2,-1.6,-5.4,-2.3,-5.5,0.8,-4.0,-6.2,-1.8,-0.2,-3.1,2.7,-2.3,-5.1,0.5,SUPP,SUPP,SUPP,-1.0,-4.4,2.4,-1.9,-4.7,0.9,-1.9,-6.7,3.0,-1.1,-3.3,1.1,-2.3,-1.5,-4.6,1.6,-0.9,-3.0,1.1,-4.9,-7.8,-2.0,-7.3,-10.0,-4.6,SUPP,SUPP,SUPP,-6.9,-10.3,-3.6,-5.7,-8.4,-3.0,-11.3,-16.0,-6.6,-5.1,-7.3,-2.9,-11.8,-3.8,-6.8,-0.8,-6.3,-8.4,-4.2,102,102,SUPP,100,107,97,103,103,103,101,98,SUPP,97,104,92,101,101,100,101,101,SUPP,100,106,96,102,103,102,SUPP,58%,89%,38%,69%,SUPP,58%,83%,25%,69%,SUPP,42%,89%,13%,63%,SUPP,75%,100%,63%,75%,SUPP,8%,33%,13%,19%,SUPP,0%,28%,0%,16%,SUPP,0%,22%,0%,13%,SUPP,0%,22%,0%,13%,21,53%,0,0%,1,3%,1,3%,2,5%,,,,,,,,,,,,,,,,,,,,,59,25%,75%,47%,7%,40%,7%,50%,7%,-3.0,-4.6,-1.4,-2.1,-3.6,-0.6,-2.8,-4.2,-1.4,102,103,-4.1,-1.3,-6.5,5,3,5
1,30092,919,2155,117183,Kenilworth Primary School,Kenilworth Drive,,,Borehamwood,WD6 1QL,02089533459,E14000745,Hertsmere,0,,,CY,0,Does not apply,3-11,0,0,199,22,24,11,13,46%,54%,7.4,8,36%,8,36%,6,27%,2,8%,4,17%,20,83%,6,25%,22,92%,33%,0%,-4.5,-7.1,-1.8,92%,-3.4,-5.9,-0.8,92%,-5.6,-8.0,-3.1,92%,50%,13%,0%,99,46%,13%,0%,99,33%,4%,0%,96,50%,8%,25%,0%,50%,0%,36%,31%,0%,38%,83%,SUPP,SUPP,SUPP,83%,36%,0%,0%,0%,0%,0%,SUPP,SUPP,SUPP,0%,0%,-5.2,-9.1,-1.3,-3.9,-7.4,-0.3,-6.5,-10.9,-2.2,-4.7,-9.0,-0.3,-1.4,-6.4,3.6,SUPP,SUPP,SUPP,SUPP,SUPP,SUPP,SUPP,-3.8,-8.9,1.2,-4.5,-7.1,-1.8,-3.3,-7.1,0.4,-3.4,-6.8,0.0,-7.0,-11.2,-2.8,-2.4,-6.5,1.8,0.1,-4.7,4.9,SUPP,SUPP,SUPP,SUPP,SUPP,SUPP,SUPP,-1.2,-6.0,3.6,-3.4,-5.9,-0.8,-4.6,-8.2,-0.9,-6.4,-9.7,-3.0,-6.6,-10.7,-2.5,-5.4,-9.5,-1.3,-4.4,-9.1,0.4,SUPP,SUPP,SUPP,SUPP,SUPP,SUPP,SUPP,-3.2,-7.9,1.5,-5.6,-8.0,-3.1,100,99,91,100,110,SUPP,SUPP,105,100,97,95,88,98,105,SUPP,SUPP,104,96,99,99,89,101,109,SUPP,SUPP,106,99,13%,63%,100%,SUPP,SUPP,0%,63%,100%,SUPP,SUPP,0%,38%,83%,SUPP,SUPP,0%,75%,100%,SUPP,SUPP,0%,13%,33%,SUPP,SUPP,0%,13%,33%,SUPP,SUPP,0%,0%,17%,SUPP,SUPP,0%,0%,33%,SUPP,SUPP,16,67%,2,8%,0,0%,8,33%,8,33%,,,,,,,,,,,,,,,,,,,,,29,34%,66%,55%,7%,30%,0%,68%,11%,-4.6,-7.0,-2.2,-4.7,-6.8,-2.5,-3.2,-5.3,-1.1,102,104,-4.5,-3.4,-5.7,5,5,5
1,36780,919,2156,145351,Meryfield Primary School,Theobald Street,,,Borehamwood,WD6 4PA,02089532106,E14000745,Hertsmere,0,,,ACC,0,Does not apply,3-11,0,0,432,56,58,35,23,60%,40%,8.0,9,17%,25,48%,18,35%,6,10%,20,34%,38,66%,20,34%,49,84%,69%,19%,0.8,-0.9,2.5,90%,0.5,-1.2,2.1,90%,1.2,-0.4,2.8,90%,78%,36%,0%,106,81%,43%,0%,108,84%,31%,0%,106,74%,24%,14%,0%,79%,0%,71%,65%,22%,72%,94%,75%,66%,9,65%,69%,17%,22%,0%,0%,56%,10%,24%,0,20%,20%,1.1,-1.1,3.3,0.4,-2.2,3.1,1.1,-3.0,5.2,0.9,-1.5,3.4,0.6,-2.3,3.5,2.6,-0.2,5.5,-0.2,-2.4,1.9,2.2,-0.7,-3.7,2.3,1.2,-0.6,3.0,-0.5,-2.6,1.6,1.9,-0.7,4.5,-6.2,-10.1,-2.2,1.2,-1.2,3.5,2.8,0.0,5.6,2.1,-0.6,4.8,-0.5,-2.5,1.6,1.7,1.0,-1.9,3.9,1.0,-0.8,2.7,1.4,-0.7,3.4,1.0,-1.5,3.6,1.3,-2.5,5.2,1.0,-1.4,3.3,1.6,-1.2,4.3,1.6,-1.0,4.3,1.0,-1.0,3.0,1.1,1.7,-1.2,4.5,1.4,-0.3,3.1,107,105,99,105,112,108,105,104,106,107,105,97,104,112,106,106,106,106,108,108,96,107,116,108,108,108,108,44%,84%,94%,85%,74%,33%,88%,100%,90%,76%,56%,92%,100%,90%,82%,22%,84%,94%,80%,71%,11%,20%,72%,45%,32%,0%,28%,83%,30%,50%,0%,8%,78%,25%,34%,0%,4%,67%,15%,29%,37,64%,1,2%,1,2%,3,5%,4,7%,,,,,,,,,,,,,,,,,,,,,53,40%,60%,64%,11%,62%,10%,66%,13%,-1.0,-2.7,0.6,2.1,0.5,3.6,1.4,0.0,2.9,102,105,0.7,0.2,1.2,3,3,3
1,7240,919,2166,117187,Bowmansgreen Primary School,Telford Road,London Colney,,St Albans,AL2 1PH,01727767772,E14000960,St Albans,0,,,CY,0,Does not apply,4-11,0,0,339,59,61,29,32,48%,52%,7.5,13,22%,35,59%,11,19%,2,3%,22,36%,39,64%,6,10%,59,97%,66%,11%,2.7,1.1,4.3,97%,1.7,0.1,3.2,97%,2.4,0.9,3.9,97%,85%,38%,0%,106,80%,41%,0%,106,84%,28%,0%,105,72%,26%,18%,0%,82%,0%,52%,78%,23%,74%,91%,55%,72%,-11,67%,64%,7%,16%,0%,3%,55%,5%,15%,-5,0%,12%,1.2,-1.1,3.6,3.9,1.7,6.1,6.0,2.6,9.4,1.2,-0.9,3.3,3.4,-0.3,7.1,1.8,-0.8,4.5,3.2,1.1,5.2,1.4,1.8,-3.2,6.9,2.8,1.2,4.4,-1.8,-4.0,0.5,4.6,2.5,6.7,-1.2,-4.5,2.0,2.3,0.3,4.3,3.0,-0.5,6.6,0.1,-2.4,2.7,2.6,0.6,4.5,-0.3,3.0,-1.8,7.9,1.7,0.1,3.3,2.6,0.4,4.9,2.2,0.1,4.2,4.6,1.4,7.8,1.4,-0.5,3.4,2.8,-0.7,6.3,0.7,-1.8,3.2,3.4,1.5,5.3,0.2,3.8,-0.9,8.6,2.6,1.0,4.1,104,108,102,105,114,104,107,103,106,104,106,99,105,112,102,106,105,105,104,109,100,107,114,105,107,105,106,62%,89%,100%,77%,90%,46%,89%,100%,77%,82%,46%,94%,100%,82%,85%,31%,83%,91%,68%,74%,15%,34%,82%,36%,38%,23%,34%,91%,18%,54%,8%,23%,73%,9%,38%,8%,23%,64%,18%,31%,55,90%,0,0%,0,0%,16,26%,16,26%,,,,,,,,,,,,,,,,,,,,,50,32%,68%,62%,10%,31%,0%,76%,15%,-2.3,-4.0,-0.5,-1.4,-3.1,0.2,-0.6,-2.1,1.0,103,104,2.7,1.6,2.4,2,2,2
1,35608,919,2168,117188,Margaret Wix Primary School,High Oaks,,,St Albans,AL3 6EL,01727759232,E14000960,St Albans,0,,,CY,0,Does not apply,3-11,0,0,135,26,27,5,22,19%,81%,7.8,2,11%,13,68%,4,21%,8,30%,11,41%,16,59%,10,37%,17,63%,56%,4%,2.4,-0.5,5.3,67%,0.6,-2.1,3.3,70%,-4.1,-6.9,-1.4,67%,85%,37%,4%,107,85%,37%,4%,107,63%,19%,4%,103,81%,11%,15%,0%,89%,0%,SUPP,50%,SUPP,38%,SUPP,36%,69%,-30,70%,47%,SUPP,5%,SUPP,0%,SUPP,0%,6%,-10,10%,0%,SUPP,SUPP,SUPP,1.4,-1.8,4.6,SUPP,SUPP,SUPP,2.4,-1.0,5.8,SUPP,SUPP,SUPP,-0.7,-4.9,3.4,5.5,1.4,9.6,-1.1,SUPP,SUPP,SUPP,3.5,0.3,6.7,SUPP,SUPP,SUPP,0.8,-2.2,3.7,SUPP,SUPP,SUPP,-0.5,-3.8,2.8,SUPP,SUPP,SUPP,0.2,-3.6,3.9,1.1,-2.9,5.0,-0.2,SUPP,SUPP,SUPP,0.6,-2.4,3.5,SUPP,SUPP,SUPP,-5.6,-8.6,-2.6,SUPP,SUPP,SUPP,-4.5,-7.7,-1.3,SUPP,SUPP,SUPP,-7.3,-11.2,-3.5,-0.9,-4.8,2.9,-7.8,SUPP,SUPP,SUPP,-3.7,-6.7,-0.7,SUPP,107,SUPP,107,SUPP,104,109,108,109,SUPP,101,SUPP,99,SUPP,98,106,106,100,SUPP,107,SUPP,105,SUPP,106,108,110,108,SUPP,92%,SUPP,82%,88%,SUPP,85%,SUPP,73%,94%,SUPP,46%,SUPP,36%,81%,SUPP,77%,SUPP,73%,88%,SUPP,31%,SUPP,18%,50%,SUPP,23%,SUPP,36%,38%,SUPP,8%,SUPP,9%,25%,SUPP,0%,SUPP,9%,13%,14,52%,3,11%,2,7%,2,7%,4,15%,,,,,,,,,,,,,,,,,,,,,30,40%,60%,63%,7%,42%,0%,78%,11%,0.5,-1.8,2.7,-0.2,-2.3,1.9,-1.3,-3.2,0.7,104,103,2.2,0.6,-4.5,3,3,5
1,23184,919,2177,117193,Greenfields Primary School,Ellesborough Close,,,Watford,WD19 6QH,02084281166,E14000951,South West Hertfordshire,0,,,CY,0,Does not apply,3-11,0,0,201,25,25,16,9,64%,36%,7.0,10,43%,9,39%,4,17%,2,8%,9,36%,16,64%,8,32%,19,76%,40%,8%,5.4,2.8,7.9,92%,-0.2,-2.7,2.3,92%,6.3,3.9,8.7,92%,76%,20%,0%,106,68%,16%,0%,103,76%,36%,0%,106,56%,8%,28%,4%,76%,4%,44%,33%,10%,56%,SUPP,44%,38%,-22,50%,42%,13%,0%,0%,0%,SUPP,0%,13%,-10,13%,11%,6.4,3.2,9.6,3.4,-1.0,7.8,9.4,5.5,13.3,4.0,-0.1,8.1,SUPP,SUPP,SUPP,6.5,2.1,10.8,4.8,1.6,8.0,6.1,4.0,-0.7,8.6,6.1,3.3,8.9,-0.4,-3.4,2.7,0.1,-4.1,4.3,0.6,-3.2,4.3,-1.7,-5.6,2.3,SUPP,SUPP,SUPP,-1.8,-6.0,2.4,0.6,-2.5,3.7,-2.2,3.6,-0.9,8.1,-0.6,-3.3,2.2,8.1,5.1,11.1,2.8,-1.2,6.9,9.5,5.8,13.1,4.6,0.8,8.5,SUPP,SUPP,SUPP,5.5,1.4,9.6,6.7,3.7,9.7,5.0,11.3,7.0,15.7,7.0,4.4,9.7,109,101,103,108,SUPP,105,106,104,107,109,101,102,108,SUPP,103,108,110,107,106,99,98,104,SUPP,100,105,106,104,60%,100%,SUPP,67%,81%,50%,89%,SUPP,44%,81%,70%,89%,SUPP,67%,81%,30%,67%,SUPP,44%,63%,10%,22%,SUPP,11%,25%,0%,0%,SUPP,11%,19%,20%,44%,SUPP,11%,50%,0%,0%,SUPP,0%,13%,17,68%,0,0%,4,16%,4,16%,8,32%,,,,,,,,,,,,,,,,,,,,,23,26%,74%,48%,9%,0%,0%,65%,12%,0.7,-1.9,3.3,0.8,-1.6,3.2,1.2,-1.1,3.4,103,104,5.4,-0.2,6.3,1,3,1
1,68412,919,2178,117194,Woodhall Primary School,Woodhall Lane,South Oxhey,,Watford,WD19 6QX,02084283447,E14000951,South West Hertfordshire,0,,,CY,0,Does not apply,3-11,0,0,125,20,20,10,10,50%,50%,6.9,7,35%,8,40%,5,25%,0,0%,14,70%,6,30%,4,20%,19,95%,35%,0%,0.2,-2.5,3.0,100%,1.2,-1.5,3.8,100%,-1.5,-4.1,1.1,100%,55%,15%,0%,101,65%,0%,0%,99,55%,5%,0%,99,60%,0%,40%,0%,80%,0%,40%,30%,14%,25%,SUPP,36%,33%,-30,SUPP,37%,0%,0%,0%,0%,SUPP,0%,0%,-10,SUPP,0%,2.4,-1.5,6.3,-1.9,-5.8,2.0,5.8,1.1,10.4,-2.9,-7.3,1.4,SUPP,SUPP,SUPP,1.2,-2.1,4.5,-1.9,-7.0,3.1,0.8,SUPP,SUPP,SUPP,0.0,-2.8,2.8,-0.1,-3.8,3.7,2.4,-1.3,6.2,5.3,0.8,9.7,1.0,-3.2,5.2,SUPP,SUPP,SUPP,2.2,-1.0,5.3,-1.1,-5.9,3.8,1.8,SUPP,SUPP,SUPP,1.6,-1.1,4.3,0.6,-3.0,4.3,-3.6,-7.3,0.1,1.8,-2.6,6.2,-2.7,-6.8,1.4,SUPP,SUPP,SUPP,-0.7,-3.8,2.4,-3.3,-8.0,1.4,-1.2,SUPP,SUPP,SUPP,-1.5,-4.1,1.2,103,100,97,101,SUPP,102,101,SUPP,101,100,98,92,101,SUPP,99,98,SUPP,99,99,100,95,102,SUPP,99,101,SUPP,99,43%,38%,SUPP,57%,50%,14%,88%,SUPP,57%,83%,14%,75%,SUPP,57%,50%,14%,88%,SUPP,64%,50%,0%,13%,SUPP,21%,0%,0%,0%,SUPP,0%,0%,0%,0%,SUPP,7%,0%,0%,0%,SUPP,0%,0%,16,80%,0,0%,1,5%,7,35%,8,40%,,,,,,,,,,,,,,,,,,,,,22,36%,64%,32%,9%,25%,0%,36%,14%,0.1,-2.5,2.8,-1.7,-4.1,0.8,-3.9,-6.2,-1.6,101,99,0.2,1.2,-1.5,3,3,3
1,48690,919,2181,117195,Saffron Green Primary School,Nicoll Way,,,Borehamwood,WD6 2PP,02089533801,E14000745,Hertsmere,0,,,CY,0,Does not apply,3-11,0,0,194,29,29,13,16,45%,55%,7.6,8,30%,13,48%,6,22%,2,7%,13,45%,16,55%,10,34%,26,90%,21%,0%,-3.1,-5.5,-0.7,93%,-7.9,-10.2,-5.6,93%,-2.4,-4.7,-0.2,93%,52%,14%,0%,100,59%,17%,0%,100,62%,17%,0%,100,21%,0%,66%,0%,52%,0%,15%,25%,0%,8%,83%,8%,31%,-58,20%,23%,0%,0%,0%,0%,0%,0%,0%,-10,0%,0%,-4.6,-8.3,-0.9,-2.1,-5.2,1.0,-2.7,-7.1,1.6,-3.0,-6.4,0.4,-3.9,-8.9,1.2,-3.1,-6.6,0.3,-3.1,-6.4,0.2,-3.5,-4.3,-8.6,0.1,-2.8,-5.3,-0.4,-8.9,-12.5,-5.3,-7.3,-10.2,-4.3,-6.5,-10.7,-2.3,-10.1,-13.4,-6.8,-5.2,-10.0,-0.3,-8.8,-12.1,-5.6,-7.1,-10.3,-3.9,-9.2,-8.6,-12.8,-4.4,-7.7,-10.0,-5.4,-3.2,-6.7,0.3,-1.9,-4.8,1.0,-3.4,-7.5,0.7,-2.0,-5.2,1.2,-2.1,-6.9,2.6,-5.9,-9.2,-2.7,0.8,-2.3,3.9,-6.4,0.0,-4.1,4.1,-2.1,-4.4,0.2,99,102,93,102,108,99,101,101,101,98,101,92,102,108,95,103,102,101,98,102,90,103,109,97,103,102,101,25%,46%,100%,46%,56%,0%,77%,100%,46%,69%,25%,77%,83%,38%,81%,0%,8%,83%,8%,31%,0%,15%,33%,15%,13%,0%,8%,67%,0%,31%,0%,8%,67%,0%,31%,0%,0%,0%,0%,0%,19,66%,0,0%,0,0%,5,17%,5,17%,,,,,,,,,,,,,,,,,,,,,21,29%,71%,48%,0%,67%,0%,40%,0%,-5.4,-8.1,-2.7,-4.4,-6.9,-1.9,-1.8,-4.2,0.5,97,102,-3.1,-8.0,-2.6,5,5,4
1,4830,919,2188,117200,Bedwell Primary School,Bedwell Crescent,,,Stevenage,SG1 1NJ,01438351198,E14000968,Stevenage,0,,,CY,0,Does not apply,4-11,0,0,286,45,45,18,27,40%,60%,7.4,14,33%,19,45%,9,21%,3,7%,21,47%,24,53%,10,22%,40,89%,51%,4%,0.7,-1.2,2.6,93%,0.7,-1.1,2.6,93%,0.0,-1.8,1.8,93%,71%,24%,0%,104,76%,31%,0%,105,71%,18%,0%,102,67%,11%,29%,0%,73%,0%,61%,44%,7%,63%,89%,33%,67%,-33,60%,50%,6%,4%,0%,0%,22%,5%,4%,-5,0%,5%,-1.1,-4.3,2.1,1.8,-0.6,4.1,0.8,-2.5,4.1,1.5,-1.3,4.4,-1.1,-5.2,3.0,1.5,-1.2,4.2,0.0,-2.7,2.7,1.1,1.7,-2.4,5.8,0.7,-1.2,2.7,0.2,-2.8,3.3,1.0,-1.3,3.3,1.4,-1.8,4.6,-0.2,-2.9,2.5,1.7,-2.2,5.7,0.8,-1.8,3.4,0.6,-1.9,3.2,0.4,1.5,-2.4,5.5,1.0,-0.9,2.8,1.8,-1.2,4.8,-1.1,-3.3,1.2,0.3,-2.8,3.4,-0.4,-3.0,2.3,0.1,-3.7,4.0,-0.8,-3.3,1.7,0.7,-1.8,3.2,-1.3,4.7,0.8,8.6,-0.1,-1.9,1.7,104,104,97,106,109,102,105,103,104,106,100,94,103,111,99,105,105,102,107,104,96,106,115,101,108,107,105,29%,95%,89%,57%,83%,21%,100%,100%,57%,92%,21%,89%,100%,57%,83%,29%,79%,100%,57%,75%,0%,26%,56%,24%,25%,7%,21%,89%,19%,42%,0%,11%,56%,14%,21%,0%,0%,56%,5%,17%,35,78%,0,0%,2,4%,17,38%,19,42%,,,,,,,,,,,,,,,,,,,,,38,58%,42%,58%,16%,45%,5%,75%,31%,0.4,-1.6,2.4,0.0,-1.9,1.8,2.5,0.8,4.3,104,106,0.3,0.7,0.0,3,3,3
1,43536,919,2198,117206,Peartree Spring Primary School,Hydean Way,,,Stevenage,SG2 9GG,01438233900,E14000968,Stevenage,0,,,FD,0,Does not apply,4-11,0,0,623,90,89,49,40,55%,45%,8.0,11,13%,44,52%,29,35%,5,6%,32,36%,57,64%,13,15%,83,93%,69%,4%,-0.5,-1.8,0.9,94%,-1.5,-2.8,-0.2,94%,0.0,-1.3,1.3,94%,78%,25%,0%,105,78%,44%,0%,106,79%,27%,0%,105,73%,10%,19%,0%,88%,0%,73%,63%,9%,66%,97%,53%,77%,-13,69%,69%,4%,5%,0%,0%,14%,3%,5%,-7,0%,5%,-0.1,-1.9,1.7,-0.9,-2.9,1.2,1.4,-2.3,5.2,-0.5,-2.4,1.3,-1.1,-3.4,1.2,-0.2,-2.5,2.0,-0.6,-2.3,1.1,-0.6,0.1,-3.8,4.0,-0.2,-1.6,1.1,-0.7,-2.4,1.0,-2.4,-4.4,-0.5,-1.8,-5.4,1.8,-1.9,-3.6,-0.1,-0.7,-2.9,1.5,-1.0,-3.2,1.1,-1.7,-3.3,-0.1,-1.4,-1.5,-5.3,2.2,-1.4,-2.8,-0.1,1.6,-0.1,3.2,-2.0,-3.9,-0.1,2.5,-1.0,5.9,-1.0,-2.7,0.8,0.5,-1.6,2.7,0.8,-1.3,2.9,-0.5,-2.0,1.1,0.3,2.4,-1.3,6.0,0.0,-1.3,1.3,106,104,94,105,110,101,107,104,105,106,102,95,103,110,101,107,105,104,107,105,93,105,112,102,109,108,106,18%,82%,97%,59%,88%,9%,82%,100%,56%,89%,18%,82%,100%,66%,86%,9%,73%,100%,56%,82%,0%,18%,48%,16%,30%,9%,27%,79%,31%,51%,0%,11%,62%,13%,35%,0%,2%,28%,6%,12%,76,85%,0,0%,5,6%,20,22%,25,28%,,,,,,,,,,,,,,,,,,,,,85,35%,65%,61%,4%,43%,10%,71%,0%,-2.6,-4.0,-1.3,0.7,-0.5,1.9,-3.5,-4.6,-2.3,102,102,-0.5,-1.6,-0.2,3,4,3
1,47962,919,2203,117211,Roundwood Primary School,Roundwood Park,,,Harpenden,AL5 3AD,01582460756,E14000749,Hitchin and Harpenden,0,,,CY,0,Does not apply,3-11,0,0,332,45,45,20,25,44%,56%,8.3,6,14%,10,23%,27,63%,2,4%,1,2%,44,98%,3,7%,43,96%,69%,16%,3.5,1.6,5.4,96%,-2.0,-3.8,-0.2,96%,2.7,0.9,4.5,96%,93%,62%,0%,112,87%,69%,0%,111,87%,56%,0%,110,69%,18%,29%,0%,87%,0%,70%,68%,17%,40%,93%,SUPP,SUPP,SUPP,SUPP,67%,5%,24%,0%,10%,22%,SUPP,SUPP,SUPP,SUPP,14%,2.9,0.2,5.7,4.0,1.4,6.5,2.4,-2.7,7.4,6.2,2.3,10.1,2.7,0.3,5.1,SUPP,SUPP,SUPP,SUPP,SUPP,SUPP,SUPP,SUPP,SUPP,SUPP,3.4,1.5,5.3,-2.9,-5.6,-0.3,-1.1,-3.6,1.3,-2.2,-7.1,2.6,-3.1,-6.8,0.7,-1.5,-3.8,0.8,SUPP,SUPP,SUPP,SUPP,SUPP,SUPP,SUPP,SUPP,SUPP,SUPP,-2.2,-4.0,-0.4,2.7,0.1,5.3,2.7,0.3,5.1,1.0,-3.7,5.7,3.6,0.0,7.3,2.7,0.5,5.0,SUPP,SUPP,SUPP,SUPP,SUPP,SUPP,SUPP,SUPP,SUPP,SUPP,2.5,0.7,4.3,112,111,104,110,114,SUPP,SUPP,SUPP,112,110,109,100,107,112,SUPP,SUPP,SUPP,109,112,111,100,107,115,SUPP,SUPP,SUPP,111,83%,90%,100%,SUPP,SUPP,50%,90%,96%,SUPP,SUPP,33%,90%,96%,SUPP,SUPP,17%,40%,93%,SUPP,SUPP,17%,50%,81%,SUPP,SUPP,0%,40%,96%,SUPP,SUPP,0%,30%,78%,SUPP,SUPP,0%,10%,26%,SUPP,SUPP,42,93%,0,0%,3,7%,8,18%,11,24%,,,,,,,,,,,,,,,,,,,,,45,0%,100%,84%,20%,,,SUPP,SUPP,0.5,-1.3,2.4,-2.7,-4.4,-1.0,0.2,-1.4,1.8,109,109,3.5,-2.0,2.7,1,4,2
1,66472,919,2206,146878,Wheatfields Junior Mixed School,Downes Road,,,St Albans,AL4 9NT,01727757444,E14000960,St Albans,0,,,ACC,0,Does not apply,7-11,0,0,358,91,89,44,45,49%,51%,8.6,8,9%,26,30%,52,60%,3,3%,7,8%,82,92%,9,10%,86,97%,73%,19%,1.1,-0.2,2.4,97%,0.0,-1.3,1.2,97%,-0.2,-1.4,1.1,96%,89%,45%,0%,109,88%,47%,0%,108,81%,43%,1%,107,82%,26%,17%,0%,94%,0%,70%,76%,0%,50%,96%,43%,76%,-23,78%,72%,14%,24%,0%,4%,31%,14%,20%,4,33%,20%,0.7,-1.3,2.6,1.5,-0.4,3.3,4.9,0.6,9.3,0.4,-2.0,2.8,0.8,-0.9,2.6,0.9,-3.7,5.6,1.1,-0.3,2.5,0.5,1.5,-2.8,5.9,1.0,-0.3,2.4,-0.7,-2.6,1.1,0.6,-1.2,2.3,0.1,-4.1,4.2,-0.5,-2.9,1.8,0.2,-1.5,1.8,-0.2,-4.7,4.3,0.0,-1.4,1.3,-0.6,2.0,-2.2,6.2,-0.1,-1.4,1.2,0.6,-1.2,2.5,-0.9,-2.7,0.8,1.2,-2.9,5.3,-0.1,-2.4,2.2,-0.4,-2.0,1.2,0.9,-3.5,5.3,-0.3,-1.6,1.0,0.4,2.8,-1.3,6.9,-0.3,-1.6,1.0,107,110,100,104,113,106,109,108,109,107,107,98,103,110,106,107,109,107,107,109,97,103,112,104,108,109,108,63%,77%,100%,100%,88%,25%,85%,100%,86%,88%,25%,69%,96%,71%,82%,13%,69%,100%,57%,84%,0%,15%,67%,14%,48%,0%,8%,73%,29%,49%,0%,15%,62%,43%,43%,0%,4%,40%,29%,26%,80,90%,0,0%,1,1%,10,11%,11,12%,,,,,,,,,,,,,,,,,,,,,90,10%,90%,79%,24%,78%,22%,79%,25%,-0.7,-2.0,0.6,-1.5,-2.7,-0.3,-2.0,-3.2,-0.9,108,107,1.1,0.0,-0.2,3,3,3
1,11298,919,2210,117214,Chambersbury Primary School,Hill Common,Bennetts End,,Hemel Hempstead,HP3 8JH,01442256435,E14000739,Hemel Hempstead,0,,,FD,0,Does not apply,3-11,0,0,203,30,30,12,18,40%,60%,7.5,9,31%,14,48%,6,21%,1,3%,14,47%,16,53%,5,17%,29,97%,53%,10%,0.6,-1.7,2.9,97%,0.9,-1.3,3.1,97%,2.1,-0.1,4.2,97%,60%,33%,0%,104,63%,23%,0%,103,80%,23%,0%,104,67%,10%,33%,0%,83%,0%,42%,61%,11%,64%,100%,43%,63%,-23,SUPP,55%,0%,17%,0%,0%,50%,0%,19%,-10,SUPP,10%,-1.2,-4.8,2.3,1.9,-1.1,4.9,2.6,-1.5,6.7,-1.0,-4.3,2.3,1.3,-3.7,6.3,0.5,-2.8,3.8,0.7,-2.5,3.9,0.1,SUPP,SUPP,SUPP,0.9,-1.4,3.3,-0.9,-4.3,2.5,2.1,-0.8,5.0,1.0,-3.0,4.9,0.5,-2.7,3.6,1.6,-3.2,6.5,0.8,-2.3,4.0,0.9,-2.1,4.0,0.4,SUPP,SUPP,SUPP,0.7,-1.5,2.9,3.9,0.6,7.3,0.8,-2.0,3.6,3.8,0.0,7.7,0.7,-2.4,3.8,2.7,-2.0,7.5,0.6,-2.5,3.7,3.5,0.5,6.5,0.1,SUPP,SUPP,SUPP,2.0,-0.2,4.2,101,106,99,103,113,102,106,SUPP,104,105,104,99,105,113,101,107,SUPP,104,101,105,96,104,112,100,106,SUPP,103,33%,64%,100%,57%,63%,11%,86%,100%,57%,69%,67%,86%,100%,71%,88%,22%,86%,100%,57%,75%,11%,21%,100%,14%,50%,0%,29%,50%,0%,44%,0%,14%,83%,0%,44%,0%,0%,50%,0%,19%,25,83%,0,0%,1,3%,13,43%,14,47%,,,,,,,,,,,,,,,,,,,,,30,37%,63%,40%,0%,27%,0%,47%,0%,-0.5,-2.8,1.9,-3.0,-5.2,-0.9,-0.1,-2.1,2.0,102,103,0.6,0.9,2.1,3,3,3
1,67664,919,2219,117217,Windermere Primary School,Windermere Avenue,,,St. Albans,AL1 5QP,01727851176,E14000960,St Albans,0,,,CY,0,Does not apply,4-11,0,0,179,30,29,15,14,52%,48%,8.1,3,13%,15,63%,6,25%,5,17%,9,31%,20,69%,12,41%,24,83%,41%,3%,-1.4,-3.9,1.1,83%,-6.5,-8.9,-4.1,83%,-4.6,-7.0,-2.2,83%,76%,31%,0%,106,69%,7%,0%,103,66%,10%,0%,101,45%,3%,45%,0%,76%,0%,33%,50%,SUPP,27%,100%,22%,50%,-44,33%,38%,0%,7%,SUPP,0%,17%,0%,5%,-10,0%,4%,0.1,-3.4,3.5,-3.1,-6.8,0.7,SUPP,SUPP,SUPP,0.0,-3.2,3.1,0.0,-5.1,5.0,-6.2,-10.3,-2.1,1.5,-1.6,4.7,-6.6,-5.6,-9.7,-1.4,-1.2,-3.9,1.4,-7.0,-10.3,-3.7,-5.9,-9.5,-2.3,SUPP,SUPP,SUPP,-8.0,-11.0,-4.9,-2.8,-7.7,2.0,-8.8,-12.8,-4.9,-5.1,-8.1,-2.0,-9.2,-7.2,-11.2,-3.3,-6.7,-9.3,-4.2,-2.3,-5.5,0.9,-7.3,-10.8,-3.8,SUPP,SUPP,SUPP,-3.4,-6.4,-0.4,-5.2,-9.9,-0.5,-8.2,-12.1,-4.4,-2.4,-5.4,0.6,-8.7,-4.7,-8.6,-0.9,-4.5,-7.0,-2.0,107,105,SUPP,105,112,101,108,102,106,103,99,SUPP,101,106,97,103,101,101,103,103,SUPP,103,109,102,103,102,103,SUPP,87%,100%,67%,80%,SUPP,73%,100%,56%,75%,SUPP,67%,100%,33%,80%,SUPP,27%,100%,22%,55%,SUPP,27%,67%,11%,40%,SUPP,0%,33%,11%,5%,SUPP,13%,17%,0%,15%,SUPP,0%,17%,0%,5%,17,59%,0,0%,0,0%,3,10%,3,10%,,,,,,,,,,,,,,,,,,,,,28,39%,61%,46%,0%,45%,0%,47%,0%,-3.3,-5.6,-0.9,-4.4,-6.5,-2.3,-4.2,-6.2,-2.1,101,101,-1.4,-6.9,-4.6,3,5,5
1,10136,919,2235,143786,Camps Hill Primary School,Chells Way,,,Stevenage,SG2 0LT,01438233800,E14000968,Stevenage,0,,,ACC,0,Does not apply,2-11,0,0,498,57,58,29,29,50%,50%,7.9,7,13%,37,66%,12,21%,2,3%,15,26%,43,74%,11,19%,56,97%,59%,14%,1.6,-0.1,3.2,97%,0.1,-1.5,1.7,97%,-0.2,-1.8,1.3,97%,84%,47%,0%,107,84%,48%,0%,108,69%,26%,0%,104,74%,17%,22%,0%,76%,0%,52%,66%,0%,57%,92%,33%,67%,-33,73%,59%,7%,21%,0%,5%,42%,0%,19%,-10,27%,14%,-0.1,-2.4,2.3,3.2,0.9,5.5,-0.8,-5.4,3.9,1.8,-0.2,3.8,2.2,-1.3,5.8,0.3,-2.8,3.5,2.0,0.1,3.9,-0.1,1.5,-2.4,5.4,1.7,0.0,3.4,-2.1,-4.3,0.2,2.3,0.1,4.6,-0.2,-4.7,4.3,0.2,-1.8,2.1,0.1,-3.3,3.5,-2.1,-5.2,0.9,0.9,-0.9,2.8,-2.5,1.6,-2.1,5.4,0.4,-1.2,2.0,-0.1,-2.3,2.1,-0.3,-2.5,1.8,0.2,-4.2,4.6,-0.7,-2.6,1.2,0.9,-2.4,4.3,-3.1,-6.1,-0.1,0.9,-1.0,2.7,-3.6,1.4,-2.3,5.0,-0.1,-1.6,1.5,105,109,94,106,114,105,107,107,107,104,104,94,103,112,100,106,106,104,105,110,95,107,115,106,109,109,108,43%,86%,100%,73%,88%,29%,89%,100%,87%,84%,0%,70%,100%,53%,74%,14%,78%,92%,60%,79%,0%,38%,92%,40%,49%,0%,41%,92%,27%,56%,0%,8%,83%,7%,33%,0%,8%,50%,7%,21%,47,81%,0,0%,0,0%,6,10%,6,10%,,,,,,,,,,,,,,,,,,,,,51,39%,61%,51%,4%,45%,5%,55%,3%,-1.2,-2.9,0.5,-1.2,-2.8,0.4,-3.1,-4.7,-1.6,102,102,1.6,0.1,-0.3,3,3,3
1,37518,919,2224,117219,Monksmead School,Hillside Avenue,,Monksmead School,Borehamwood,WD6 1HL,02089533328,E14000745,Hertsmere,0,,,CY,0,Does not apply,3-11,0,0,230,28,27,13,14,48%,52%,8.2,3,12%,9,35%,14,54%,1,4%,5,19%,22,81%,9,33%,24,89%,48%,11%,-2.6,-5.0,-0.1,96%,-1.8,-4.1,0.5,96%,-4.6,-6.9,-2.3,96%,78%,26%,0%,105,70%,22%,0%,104,63%,19%,0%,102,74%,11%,22%,0%,81%,0%,46%,50%,SUPP,44%,57%,SUPP,SUPP,SUPP,78%,50%,8%,14%,SUPP,0%,14%,SUPP,SUPP,SUPP,11%,8%,-2.6,-6.0,0.8,-2.5,-6.0,0.9,SUPP,SUPP,SUPP,-0.8,-4.9,3.4,-2.3,-5.6,1.0,SUPP,SUPP,SUPP,SUPP,SUPP,SUPP,SUPP,0.0,-4.3,4.4,-2.4,-4.9,0.2,-3.4,-6.6,-0.1,-0.3,-3.6,3.0,SUPP,SUPP,SUPP,-1.2,-5.2,2.7,-2.1,-5.3,1.0,SUPP,SUPP,SUPP,SUPP,SUPP,SUPP,SUPP,-3.0,-7.2,1.2,-1.4,-3.8,1.0,-3.0,-6.2,0.3,-6.2,-9.4,-3.0,SUPP,SUPP,SUPP,-4.1,-7.9,-0.2,-4.1,-7.2,-1.0,SUPP,SUPP,SUPP,SUPP,SUPP,SUPP,SUPP,-1.3,-5.4,2.8,-4.6,-6.9,-2.2,104,106,SUPP,103,108,SUPP,SUPP,109,106,103,101,SUPP,100,105,SUPP,SUPP,106,102,102,106,SUPP,104,105,SUPP,SUPP,107,104,SUPP,89%,86%,SUPP,SUPP,SUPP,67%,86%,SUPP,SUPP,SUPP,56%,79%,SUPP,SUPP,SUPP,67%,93%,SUPP,SUPP,SUPP,0%,43%,SUPP,SUPP,SUPP,33%,14%,SUPP,SUPP,SUPP,11%,21%,SUPP,SUPP,SUPP,0%,14%,SUPP,SUPP,18,67%,0,0%,1,4%,4,15%,5,19%,,,,,,,,,,,,,,,,,,,,,27,30%,70%,44%,11%,25%,0%,53%,16%,-0.6,-2.9,1.7,-3.6,-5.8,-1.5,0.0,-2.1,2.0,103,104,-2.6,-1.8,-4.7,4,3,5
1,28356,919,2225,117220,Howe Dell Primary School,The Runway,,,Hatfield,AL10 9AH,01707263291,E14001027,Welwyn Hatfield,0,,,CY,0,Does not apply,3-11,0,0,454,62,60,34,26,57%,43%,7.5,13,25%,26,50%,13,25%,8,13%,16,27%,44,73%,22,37%,54,90%,53%,2%,2.0,0.3,3.7,87%,-0.2,-1.9,1.4,87%,1.7,0.1,3.3,87%,75%,27%,0%,105,73%,32%,0%,105,63%,25%,0%,104,63%,3%,35%,0%,73%,0%,53%,54%,8%,54%,100%,25%,64%,-41,64%,54%,0%,4%,0%,0%,8%,0%,2%,-10,5%,2%,1.7,-0.6,4.0,2.4,-0.1,5.0,2.6,-0.8,6.0,1.3,-1.1,3.7,2.9,-0.6,6.3,0.4,-2.7,3.4,2.8,0.7,4.8,0.0,2.1,-0.6,4.9,2.0,0.3,3.8,-0.6,-2.8,1.6,0.2,-2.2,2.7,0.3,-3.0,3.6,-0.1,-2.4,2.2,-0.9,-4.2,2.4,-1.2,-4.2,1.7,0.2,-1.7,2.2,-1.6,0.0,-2.6,2.7,-0.3,-2.0,1.3,2.3,0.1,4.4,1.0,-1.4,3.4,1.0,-2.2,4.2,0.3,-2.0,2.6,5.2,2.0,8.4,-0.8,-3.7,2.1,2.8,0.9,4.7,-1.3,4.6,2.0,7.2,1.8,0.2,3.4,105,106,99,105,113,102,106,106,105,104,103,96,103,114,100,105,107,104,105,105,98,105,113,103,106,107,105,38%,85%,100%,56%,82%,38%,85%,100%,69%,75%,15%,69%,100%,44%,70%,15%,69%,100%,44%,70%,0%,19%,77%,19%,30%,0%,19%,85%,25%,34%,0%,15%,77%,6%,32%,0%,0%,15%,6%,2%,38,63%,0,0%,2,3%,3,5%,5,8%,,,,,,,,,,,,,,,,,,,,,55,33%,67%,51%,2%,28%,0%,62%,3%,4.6,2.9,6.4,-1.5,-3.1,0.0,1.8,0.3,3.3,105,104,2.0,-0.2,1.7,2,3,2
1,1508,919,2226,117221,Almond Hill Junior School,Almonds Lane,,,Stevenage,SG1 3RP,01438233660,E14000968,Stevenage,0,,,CY,0,Does not apply,7-11,0,0,317,87,88,51,37,58%,42%,7.9,14,17%,41,49%,29,35%,4,5%,18,20%,70,80%,6,7%,72,82%,51%,2%,-1.5,-2.8,-0.1,94%,-3.4,-4.7,-2.1,95%,-1.3,-2.6,0.0,93%,74%,23%,1%,105,72%,26%,1%,104,70%,23%,2%,104,59%,3%,34%,0%,68%,0%,41%,65%,0%,44%,90%,39%,54%,-27,67%,51%,2%,3%,0%,0%,7%,0%,3%,-10,0%,3%,-2.2,-4.0,-0.4,-0.5,-2.5,1.5,-1.6,-5.0,1.8,-1.1,-3.1,0.8,-1.9,-4.1,0.4,-4.1,-7.0,-1.1,-0.8,-2.3,0.7,-4.5,SUPP,SUPP,SUPP,-1.5,-3.0,-0.1,-5.1,-6.8,-3.3,-1.4,-3.3,0.6,-4.2,-7.4,-1.0,-3.3,-5.1,-1.4,-3.3,-5.5,-1.1,-5.4,-8.2,-2.6,-2.9,-4.4,-1.4,-5.8,SUPP,SUPP,SUPP,-3.3,-4.7,-1.9,-0.9,-2.6,0.8,-1.8,-3.8,0.1,-3.3,-6.5,0.0,-0.8,-2.6,1.0,-1.1,-3.3,1.0,-4.4,-7.2,-1.6,-0.5,-1.9,1.0,-4.9,SUPP,SUPP,SUPP,-1.2,-2.5,0.2,104,106,97,104,110,103,105,105,105,104,104,93,103,109,100,105,109,104,104,105,92,103,111,102,105,106,104,29%,73%,100%,50%,80%,7%,73%,100%,44%,79%,14%,73%,93%,50%,76%,0%,56%,97%,44%,63%,0%,20%,41%,11%,26%,0%,17%,55%,17%,29%,0%,12%,48%,6%,27%,0%,0%,10%,0%,4%,80,91%,2,2%,3,3%,15,17%,18,20%,,,,,,,,,,,,,,,,,,,,,61,21%,79%,62%,5%,46%,0%,67%,6%,-2.2,-3.8,-0.6,-2.9,-4.3,-1.4,-3.7,-5.0,-2.3,104,103,-1.8,-3.6,-1.6,4,5,3
1,41022,919,2227,117222,Oakwood Primary School,Oakwood Drive,,,St Albans,AL4 0XA,01727753930,E14000960,St Albans,0,,,CY,0,Does not apply,4-11,0,0,320,46,46,21,25,46%,54%,8.2,5,11%,19,43%,20,45%,2,4%,1,2%,45,98%,6,13%,43,93%,74%,13%,4.0,2.1,5.8,96%,-1.1,-2.9,0.7,96%,3.4,1.7,5.2,96%,98%,57%,0%,111,96%,59%,0%,110,93%,48%,0%,109,74%,15%,26%,0%,89%,0%,57%,88%,SUPP,58%,95%,SUPP,SUPP,SUPP,83%,72%,0%,24%,SUPP,0%,25%,SUPP,SUPP,SUPP,50%,12%,2.3,-0.5,5.1,5.4,2.8,7.9,SUPP,SUPP,SUPP,5.3,2.5,8.1,2.6,-0.2,5.4,SUPP,SUPP,SUPP,SUPP,SUPP,SUPP,SUPP,SUPP,SUPP,SUPP,4.1,2.2,6.0,-2.9,-5.5,-0.2,0.4,-2.0,2.8,SUPP,SUPP,SUPP,-1.2,-3.9,1.5,-1.3,-4.0,1.3,SUPP,SUPP,SUPP,SUPP,SUPP,SUPP,SUPP,SUPP,SUPP,SUPP,-1.1,-2.9,0.7,4.7,2.1,7.2,2.4,0.1,4.8,SUPP,SUPP,SUPP,3.9,1.2,6.5,2.9,0.4,5.5,SUPP,SUPP,SUPP,SUPP,SUPP,SUPP,SUPP,SUPP,SUPP,SUPP,3.3,1.5,5.1,108,113,SUPP,109,114,SUPP,SUPP,112,110,109,109,SUPP,107,113,SUPP,SUPP,114,109,108,113,SUPP,107,115,SUPP,SUPP,117,110,SUPP,100%,100%,SUPP,SUPP,SUPP,95%,100%,SUPP,SUPP,SUPP,100%,100%,SUPP,SUPP,SUPP,58%,95%,SUPP,SUPP,SUPP,47%,75%,SUPP,SUPP,SUPP,37%,90%,SUPP,SUPP,SUPP,21%,80%,SUPP,SUPP,SUPP,5%,25%,SUPP,SUPP,40,87%,0,0%,0,0%,6,13%,6,13%,,,,,,,,,,,,,,,,,,,,,45,4%,96%,80%,16%,SUPP,SUPP,SUPP,SUPP,-1.5,-3.4,0.3,-1.9,-3.6,-0.2,-2.3,-3.9,-0.7,107,106,4.0,-1.1,3.4,1,3,1
1,45304,919,2229,117224,Purwell Primary School,Fairfield Way,,,Hitchin,SG4 0PU,01462432950,E14000749,Hitchin and Harpenden,0,,,CY,0,Does not apply,3-11,0,0,176,31,29,13,16,45%,55%,7.5,6,25%,11,46%,7,29%,5,17%,3,10%,26,90%,5,17%,24,83%,62%,0%,1.1,-1.5,3.6,83%,-0.7,-3.2,1.7,83%,0.3,-2.1,2.6,83%,83%,24%,0%,104,62%,14%,0%,101,76%,24%,0%,103,76%,0%,14%,0%,86%,0%,77%,50%,17%,55%,100%,SUPP,SUPP,SUPP,SUPP,63%,0%,0%,0%,0%,0%,SUPP,SUPP,SUPP,SUPP,0%,2.5,-1.2,6.2,-0.2,-3.6,3.3,-0.6,-5.6,4.4,0.6,-3.1,4.4,3.1,-1.5,7.8,SUPP,SUPP,SUPP,SUPP,SUPP,SUPP,SUPP,SUPP,SUPP,SUPP,1.5,-1.0,4.1,-0.9,-4.5,2.7,-0.6,-3.9,2.7,-0.1,-4.9,4.8,-0.3,-3.9,3.2,-1.9,-6.4,2.5,SUPP,SUPP,SUPP,SUPP,SUPP,SUPP,SUPP,SUPP,SUPP,SUPP,-0.2,-2.6,2.3,3.6,0.1,7.1,-2.5,-5.8,0.7,-3.1,-7.8,1.6,0.2,-3.3,3.7,3.3,-1.1,7.7,SUPP,SUPP,SUPP,SUPP,SUPP,SUPP,SUPP,SUPP,SUPP,SUPP,0.8,-1.6,3.3,106,103,97,104,113,SUPP,SUPP,SUPP,106,108,100,92,103,112,SUPP,SUPP,SUPP,104,104,99,93,101,110,SUPP,SUPP,SUPP,102,50%,91%,100%,SUPP,SUPP,17%,64%,100%,SUPP,SUPP,17%,82%,100%,SUPP,SUPP,50%,73%,100%,SUPP,SUPP,0%,9%,86%,SUPP,SUPP,0%,9%,43%,SUPP,SUPP,17%,0%,71%,SUPP,SUPP,0%,0%,0%,SUPP,SUPP,24,83%,0,0%,1,3%,4,14%,5,17%,,,,,,,,,,,,,,,,,,,,,28,18%,82%,82%,7%,SUPP,SUPP,SUPP,SUPP,0.0,-2.4,2.4,-1.5,-3.6,0.7,-1.3,-3.3,0.8,108,106,1.1,-0.7,0.3,3,3,3
1,24906,919,2237,117227,Harwood Hill Junior Mixed Infant and Nursery School,Harwood Close,,,Welwyn Garden City,AL8 7AG,01707322855,E14001027,Welwyn Hatfield,0,,,CY,0,Does not apply,3-11,0,0,191,30,30,13,17,43%,57%,8.0,6,20%,14,47%,10,33%,0,0%,8,27%,22,73%,4,13%,30,100%,63%,0%,0.5,-1.8,2.7,100%,-0.7,-2.9,1.4,100%,1.1,-1.0,3.2,100%,73%,40%,0%,106,83%,17%,0%,104,80%,30%,0%,105,73%,7%,27%,0%,100%,0%,46%,76%,0%,79%,80%,38%,73%,-28,SUPP,63%,0%,0%,0%,0%,0%,0%,0%,-10,SUPP,0%,0.2,-3.2,3.6,0.7,-2.3,3.7,-1.9,-6.9,3.2,1.7,-1.6,5.0,0.1,-3.8,4.0,-2.2,-6.6,2.1,1.4,-1.2,4.1,-2.6,SUPP,SUPP,SUPP,0.5,-1.8,2.7,-1.4,-4.7,1.9,-0.2,-3.1,2.6,0.0,-4.9,4.8,1.4,-1.7,4.6,-4.2,-7.9,-0.4,-2.4,-6.6,1.8,-0.1,-2.6,2.4,-2.8,SUPP,SUPP,SUPP,-0.7,-2.9,1.4,1.9,-1.3,5.1,0.5,-2.3,3.3,-1.2,-6.0,3.5,3.1,0.0,6.2,-0.3,-3.9,3.4,-1.3,-5.4,2.8,2.0,-0.5,4.4,-1.8,SUPP,SUPP,SUPP,1.1,-1.0,3.2,103,108,95,107,111,101,107,SUPP,106,104,107,95,107,109,101,107,SUPP,105,100,107,94,106,108,102,105,SUPP,104,17%,86%,90%,50%,82%,17%,100%,100%,75%,86%,33%,100%,80%,63%,86%,17%,93%,80%,50%,82%,0%,36%,70%,25%,45%,0%,14%,30%,0%,23%,0%,21%,60%,13%,36%,0%,7%,10%,0%,9%,26,87%,0,0%,0,0%,5,17%,5,17%,,,,,,,,,,,,,,,,,,,,,29,21%,79%,55%,3%,17%,0%,65%,4%,-0.4,-2.7,1.9,-4.3,-6.4,-2.2,-1.7,-3.7,0.3,103,103,0.5,-0.7,1.0,3,3,3
1,14890,919,2240,117229,Creswick Primary & Nursery School,Sir John Newsom Way,,,Welwyn Garden City,AL7 4FL,01707323038,E14001027,Welwyn Hatfield,0,,,CY,0,Does not apply,4-11,0,0,419,54,58,28,30,48%,52%,8.0,12,24%,22,44%,16,32%,8,14%,14,24%,44,76%,9,16%,50,86%,47%,5%,0.5,-1.2,2.3,84%,-3.1,-4.8,-1.4,84%,-2.5,-4.1,-0.8,84%,67%,33%,2%,105,59%,22%,2%,103,64%,19%,2%,102,55%,5%,31%,2%,74%,2%,50%,43%,17%,50%,88%,21%,55%,-45,56%,54%,4%,7%,0%,0%,19%,0%,7%,-10,11%,6%,0.7,-1.9,3.3,0.4,-2.1,2.8,2.9,-0.7,6.4,-1.0,-3.7,1.7,0.7,-2.4,3.8,-0.5,-3.8,2.8,0.9,-1.1,3.0,-0.9,2.4,-2.3,7.0,0.8,-1.0,2.6,-2.9,-5.4,-0.5,-3.2,-5.5,-0.9,-2.8,-6.3,0.6,-3.1,-5.7,-0.5,-3.3,-6.3,-0.3,-4.6,-7.8,-1.5,-2.5,-4.5,-0.5,-5.0,-2.6,-7.1,1.9,-2.8,-4.5,-1.1,-1.0,-3.4,1.4,-3.7,-6.0,-1.5,-3.1,-6.4,0.3,-2.9,-5.5,-0.4,-1.3,-4.2,1.6,-3.6,-6.7,-0.5,-2.0,-4.0,0.0,-4.1,-1.4,-5.8,3.0,-2.3,-4.0,-0.6,104,105,101,104,113,103,105,104,106,103,101,95,101,110,99,103,103,103,102,104,95,102,112,99,104,103,104,42%,68%,100%,57%,70%,25%,55%,100%,29%,68%,25%,73%,88%,50%,68%,25%,59%,94%,36%,61%,25%,14%,75%,14%,39%,0%,5%,75%,7%,27%,0%,5%,63%,0%,25%,0%,0%,19%,0%,7%,45,78%,4,7%,1,2%,5,9%,6,10%,,,,,,,,,,,,,,,,,,,,,60,35%,65%,57%,12%,29%,5%,72%,15%,-3.8,-5.4,-2.3,-1.9,-3.4,-0.5,-3.5,-4.8,-2.1,103,104,0.5,-3.3,-2.6,3,5,4
1,61962,919,2242,117230,Thorley Hill Primary School,Park Lane,,,Bishop's Stortford,CM23 3NH,01279654496,E14000744,Hertford and Stortford,0,,,CY,0,Does not apply,3-11,0,0,231,31,31,15,16,48%,52%,8.1,4,13%,14,47%,12,40%,1,3%,5,16%,26,84%,3,10%,30,97%,84%,29%,4.0,1.8,6.3,97%,2.8,0.7,5.0,97%,6.7,4.6,8.8,97%,100%,58%,0%,110,100%,77%,0%,113,100%,65%,0%,112,84%,39%,16%,0%,100%,0%,93%,75%,SUPP,86%,100%,SUPP,SUPP,SUPP,SUPP,83%,40%,19%,SUPP,0%,67%,SUPP,SUPP,SUPP,SUPP,27%,2.6,-0.7,5.9,5.3,2.2,8.4,SUPP,SUPP,SUPP,2.2,-1.1,5.5,3.1,-0.4,6.7,SUPP,SUPP,SUPP,SUPP,SUPP,SUPP,SUPP,SUPP,SUPP,SUPP,4.0,1.8,6.3,3.0,-0.1,6.2,2.7,-0.3,5.6,SUPP,SUPP,SUPP,1.6,-1.6,4.7,3.9,0.5,7.3,SUPP,SUPP,SUPP,SUPP,SUPP,SUPP,SUPP,SUPP,SUPP,SUPP,2.8,0.7,5.0,6.4,3.3,9.5,6.9,4.0,9.8,SUPP,SUPP,SUPP,6.1,3.0,9.2,5.0,1.7,8.4,SUPP,SUPP,SUPP,SUPP,SUPP,SUPP,SUPP,SUPP,SUPP,SUPP,6.7,4.6,8.8,110,110,SUPP,107,115,SUPP,SUPP,SUPP,110,114,111,SUPP,110,115,SUPP,SUPP,SUPP,112,113,113,SUPP,111,116,SUPP,SUPP,SUPP,112,SUPP,100%,100%,SUPP,SUPP,SUPP,100%,100%,SUPP,SUPP,SUPP,100%,100%,SUPP,SUPP,SUPP,86%,100%,SUPP,SUPP,SUPP,36%,92%,SUPP,SUPP,SUPP,71%,92%,SUPP,SUPP,SUPP,43%,100%,SUPP,SUPP,SUPP,14%,75%,SUPP,SUPP,28,90%,0,0%,0,0%,6,19%,6,19%,,,,,,,,,,,,,,,,,,,,,33,9%,91%,88%,30%,SUPP,SUPP,SUPP,SUPP,1.4,-0.8,3.6,2.2,0.2,4.3,1.9,0.0,3.8,108,108,4.0,2.8,6.7,1,2,1
1,36862,919,2243,117231,Micklem Primary School,Boxted Road,,,Hemel Hempstead,HP1 2QH,01442408964,E14000739,Hemel Hempstead,0,,,CY,0,Does not apply,3-11,0,0,219,30,29,14,15,48%,52%,7.5,9,32%,10,36%,9,32%,1,3%,10,34%,19,66%,3,10%,26,90%,31%,7%,-2.7,-5.0,-0.3,97%,-7.1,-9.3,-4.8,97%,-2.9,-5.1,-0.7,97%,72%,17%,0%,105,66%,14%,0%,104,55%,17%,0%,103,31%,7%,45%,0%,66%,0%,21%,40%,0%,20%,67%,0%,47%,-66,SUPP,31%,7%,7%,0%,0%,11%,0%,11%,-10,SUPP,8%,-1.4,-4.7,1.9,-3.9,-7.2,-0.6,-4.2,-8.3,-0.1,-1.7,-5.5,2.2,-2.3,-6.4,1.8,-5.5,-9.4,-1.6,-1.1,-4.0,1.8,-5.9,SUPP,SUPP,SUPP,-3.0,-5.5,-0.5,-7.0,-10.1,-3.8,-7.1,-10.3,-4.0,-8.0,-11.9,-4.0,-6.3,-10.1,-2.6,-6.9,-10.9,-3.0,-8.1,-11.8,-4.3,-6.5,-9.3,-3.7,-8.5,SUPP,SUPP,SUPP,-7.5,-9.8,-5.1,-1.6,-4.7,1.5,-4.2,-7.3,-1.1,-4.8,-8.7,-1.0,-2.1,-5.8,1.6,-1.8,-5.7,2.1,-4.9,-8.6,-1.2,-1.8,-4.5,1.0,-5.4,SUPP,SUPP,SUPP,-3.4,-5.7,-1.1,105,104,100,102,109,97,108,SUPP,105,104,103,97,101,108,97,106,SUPP,104,104,105,100,103,107,99,106,SUPP,105,33%,80%,100%,30%,95%,22%,80%,89%,30%,84%,11%,60%,89%,10%,79%,0%,20%,67%,0%,47%,0%,10%,33%,0%,26%,0%,0%,33%,0%,21%,0%,20%,22%,0%,26%,0%,0%,11%,0%,11%,26,90%,0,0%,2,7%,11,38%,13,45%,,,,,,,,,,,,,,,,,,,,,28,32%,68%,86%,14%,67%,0%,95%,21%,0.1,-2.2,2.4,3.1,0.9,5.2,2.1,0.1,4.1,105,108,-3.0,-7.9,-3.3,4,5,4
1,8736,919,2250,117233,Brookland Junior School,Elm Drive,Cheshunt,,Waltham Cross,EN8 0RX,01992624487,E14000606,Broxbourne,0,,,CY,0,Does not apply,7-11,0,0,334,77,75,38,37,51%,49%,7.4,19,27%,33,47%,18,26%,5,7%,24,32%,51,68%,14,19%,62,83%,64%,1%,-1.0,-2.5,0.5,93%,-0.1,-1.6,1.3,93%,-0.3,-1.7,1.1,93%,72%,15%,0%,104,84%,44%,0%,108,73%,19%,0%,104,76%,1%,13%,0%,83%,0%,61%,68%,11%,85%,94%,58%,67%,-8,50%,68%,0%,3%,0%,0%,0%,0%,2%,-10,0%,0%,-1.5,-3.5,0.5,-0.4,-2.6,1.7,-2.6,-5.4,0.3,0.0,-2.2,2.1,-1.1,-4.0,1.8,0.6,-2.0,3.2,-1.8,-3.6,0.0,0.2,0.3,-3.2,3.9,-0.9,-2.5,0.6,-1.6,-3.6,0.3,1.5,-0.6,3.6,-1.0,-3.8,1.7,1.9,-0.1,4.0,-3.0,-5.8,-0.2,1.4,-1.1,3.9,-0.9,-2.6,0.8,1.0,-0.1,-3.5,3.4,0.1,-1.5,1.6,0.3,-1.6,2.2,-1.0,-3.0,1.0,-2.2,-4.9,0.5,0.0,-2.0,2.0,1.1,-1.6,3.9,0.0,-2.4,2.5,-0.5,-2.2,1.2,-0.5,1.8,-1.5,5.1,-0.1,-1.6,1.3,103,104,97,104,109,103,104,103,104,105,103,96,104,110,102,104,104,104,107,108,98,109,113,105,109,107,108,32%,88%,100%,67%,75%,42%,100%,100%,79%,86%,21%,94%,100%,75%,73%,37%,94%,94%,75%,76%,0%,6%,44%,13%,16%,0%,52%,83%,33%,49%,0%,12%,50%,13%,22%,0%,0%,0%,0%,2%,61,81%,0,0%,7,9%,3,4%,10,13%,,,,,,,,,,,,,,,,,,,,,80,28%,73%,54%,6%,55%,0%,53%,9%,-1.7,-3.0,-0.3,-0.1,-1.4,1.2,-2.1,-3.3,-0.9,102,103,-1.0,-0.1,-0.3,3,3,3
1,46366,919,2251,117234,The Reddings Primary School,Bennetts End Road,,,Hemel Hempstead,HP3 8DX,01442406500,E14000739,Hemel Hempstead,0,,,CY,0,Does not apply,3-11,0,0,216,28,28,14,14,50%,50%,7.7,6,27%,11,50%,5,23%,6,21%,10,36%,18,64%,12,43%,25,89%,68%,18%,1.4,-1.2,4.0,79%,1.4,-1.1,3.9,79%,2.1,-0.3,4.6,79%,82%,25%,0%,105,75%,36%,0%,107,89%,32%,0%,106,68%,18%,29%,0%,82%,0%,57%,79%,17%,91%,SUPP,50%,78%,-16,67%,68%,14%,21%,0%,0%,SUPP,0%,28%,-10,25%,20%,0.2,-3.5,3.9,2.6,-1.1,6.3,-0.1,-5.2,4.9,1.2,-2.5,4.9,SUPP,SUPP,SUPP,1.8,-2.6,6.1,1.2,-2.1,4.5,1.4,2.4,-2.3,7.1,0.8,-2.0,3.5,0.5,-3.0,4.1,2.3,-1.3,5.8,-1.1,-6.0,3.7,1.0,-2.6,4.6,SUPP,SUPP,SUPP,-1.4,-5.6,2.8,3.0,-0.2,6.2,-1.8,2.1,-2.3,6.6,1.4,-1.2,4.1,4.2,0.7,7.7,0.1,-3.4,3.6,3.5,-1.2,8.2,0.0,-3.5,3.4,SUPP,SUPP,SUPP,-1.0,-5.1,3.1,3.9,0.8,7.0,-1.5,3.3,-1.1,7.6,2.5,-0.1,5.1,103,108,98,106,SUPP,105,106,107,105,107,105,100,104,SUPP,101,109,109,106,106,109,99,107,SUPP,104,109,110,107,50%,100%,SUPP,80%,83%,50%,91%,SUPP,60%,83%,83%,91%,SUPP,70%,100%,17%,91%,SUPP,50%,78%,0%,18%,SUPP,20%,28%,0%,18%,SUPP,20%,44%,0%,9%,SUPP,10%,44%,0%,0%,SUPP,0%,28%,16,57%,0,0%,0,0%,3,11%,3,11%,,,,,,,,,,,,,,,,,,,,,29,31%,69%,55%,7%,44%,0%,60%,10%,1.5,-1.0,3.9,0.4,-1.9,2.6,-0.2,-2.3,2.0,103,103,1.4,1.4,2.1,3,3,3
1,28318,919,2252,117235,How Wood Primary and Nursery School,Spooners Drive,Park Street,,St Albans,AL2 2HU,01727768885,E14000960,St Albans,0,,,CY,0,Does not apply,3-11,0,0,220,26,26,16,10,62%,38%,7.8,5,20%,12,48%,8,32%,1,4%,14,54%,12,46%,6,23%,25,96%,46%,0%,-5.2,-7.7,-2.8,96%,-0.6,-3.0,1.7,96%,-5.9,-8.2,-3.6,96%,50%,4%,0%,99,62%,12%,0%,102,50%,8%,0%,99,69%,8%,31%,0%,65%,0%,38%,60%,SUPP,25%,100%,36%,58%,-30,83%,48%,0%,0%,SUPP,0%,0%,0%,0%,-10,0%,0%,-5.7,-8.8,-2.5,-4.6,-8.5,-0.7,SUPP,SUPP,SUPP,-6.3,-9.8,-2.7,-3.3,-7.7,1.0,-5.3,-8.6,-2.0,-5.1,-8.9,-1.4,-5.7,-3.8,-8.9,1.2,-5.6,-8.1,-3.1,-1.5,-4.6,1.6,0.6,-3.1,4.4,SUPP,SUPP,SUPP,-0.5,-4.0,2.9,-0.3,-4.4,3.9,0.4,-2.8,3.6,-2.0,-5.5,1.6,0.0,-0.3,-5.1,4.6,-0.7,-3.1,1.7,-6.3,-9.2,-3.3,-5.4,-9.0,-1.7,SUPP,SUPP,SUPP,-5.5,-8.9,-2.2,-2.9,-7.0,1.2,-5.8,-8.9,-2.7,-6.1,-9.6,-2.6,-6.3,-1.5,-6.2,3.2,-5.9,-8.2,-3.5,98,102,SUPP,97,107,98,101,104,99,97,102,SUPP,98,106,97,101,105,100,99,105,SUPP,100,108,101,102,104,102,SUPP,33%,100%,43%,58%,SUPP,58%,100%,64%,58%,SUPP,33%,100%,43%,58%,SUPP,75%,100%,71%,67%,SUPP,0%,13%,0%,8%,SUPP,0%,38%,7%,17%,SUPP,0%,25%,0%,17%,SUPP,0%,25%,7%,8%,20,77%,0,0%,1,4%,5,19%,6,23%,,,,,,,,,,,,,,,,,,,,,30,13%,87%,50%,7%,SUPP,SUPP,SUPP,SUPP,-4.2,-6.6,-1.9,-1.1,-3.2,0.9,-4.9,-6.9,-2.9,103,102,-5.5,-0.6,-5.9,5,3,5
1,46318,919,2253,117236,Redbourn Primary School,Long Cutt,Redbourn,,St Albans,AL3 7EX,01582792341,E14000749,Hitchin and Harpenden,0,,,CY,0,Does not apply,3-11,0,0,438,58,56,30,26,54%,46%,8.1,7,13%,26,49%,20,38%,3,5%,9,16%,47,84%,5,9%,52,93%,50%,2%,1.4,-0.4,3.1,93%,-4.1,-5.7,-2.5,95%,0.0,-1.6,1.6,93%,84%,38%,5%,108,75%,36%,2%,106,79%,25%,4%,105,54%,2%,43%,0%,79%,0%,43%,58%,0%,46%,80%,22%,55%,-44,SUPP,52%,3%,0%,0%,0%,5%,0%,2%,-10,SUPP,2%,-0.2,-2.5,2.2,3.1,0.6,5.7,0.1,-5.0,5.1,2.8,0.4,5.2,-0.2,-2.9,2.6,SUPP,SUPP,SUPP,SUPP,SUPP,SUPP,SUPP,SUPP,SUPP,SUPP,1.3,-0.5,3.0,-5.7,-7.9,-3.5,-2.2,-4.6,0.2,-1.6,-6.0,2.9,-3.7,-6.1,-1.4,-5.5,-8.1,-2.8,-4.0,-8.9,0.8,-4.1,-5.8,-2.4,-4.4,SUPP,SUPP,SUPP,-3.9,-5.6,-2.3,1.5,-0.7,3.7,-1.7,-4.1,0.6,-0.8,-5.6,3.9,0.8,-1.5,3.0,-0.7,-3.3,1.9,SUPP,SUPP,SUPP,SUPP,SUPP,SUPP,SUPP,SUPP,SUPP,SUPP,0.2,-1.5,1.9,107,109,97,108,111,108,108,SUPP,108,107,103,95,105,109,101,106,SUPP,105,106,106,96,106,110,105,106,SUPP,106,29%,92%,100%,67%,87%,0%,81%,100%,44%,81%,29%,81%,100%,44%,85%,0%,54%,80%,22%,60%,0%,38%,55%,22%,40%,0%,31%,60%,22%,38%,0%,19%,45%,11%,28%,0%,0%,5%,0%,2%,51,91%,0,0%,1,2%,8,14%,9,16%,,,,,,,,,,,,,,,,,,,,,78,13%,87%,68%,14%,50%,0%,71%,16%,-1.9,-3.3,-0.5,-1.8,-3.1,-0.5,-3.6,-4.8,-2.4,106,104,1.4,-4.1,0.0,3,5,3
1,58194,919,2258,148875,Skyswood Primary & Nursery School,Chandlers Road,,,St Albans,AL4 9RS,01727854164,E14000960,St Albans,0,,,ACC,0,Does not apply,3-11,0,0,243,32,31,18,13,58%,42%,8.0,7,23%,11,37%,12,40%,1,3%,1,3%,30,97%,3,10%,31,100%,84%,39%,5.8,3.5,8.0,97%,4.3,2.1,6.5,97%,5.5,3.4,7.6,97%,90%,68%,0%,111,87%,61%,0%,110,97%,58%,0%,110,84%,48%,16%,0%,90%,0%,89%,77%,29%,100%,100%,SUPP,SUPP,SUPP,SUPP,84%,39%,38%,0%,27%,67%,SUPP,SUPP,SUPP,SUPP,39%,6.5,3.6,9.4,4.8,1.2,8.4,4.3,-0.3,9.0,7.6,3.9,11.3,5.0,1.4,8.6,SUPP,SUPP,SUPP,SUPP,SUPP,SUPP,SUPP,SUPP,SUPP,SUPP,5.8,3.5,8.0,4.6,1.8,7.4,3.9,0.4,7.3,0.0,-4.5,4.5,5.8,2.2,9.4,5.4,2.0,8.9,SUPP,SUPP,SUPP,SUPP,SUPP,SUPP,SUPP,SUPP,SUPP,SUPP,4.3,2.1,6.5,5.4,2.6,8.1,5.6,2.3,9.0,7.3,2.9,11.7,5.9,2.5,9.4,4.0,0.6,7.3,SUPP,SUPP,SUPP,SUPP,SUPP,SUPP,SUPP,SUPP,SUPP,SUPP,5.5,3.4,7.6,113,110,103,112,116,SUPP,SUPP,SUPP,111,111,109,104,110,113,SUPP,SUPP,SUPP,110,110,109,100,110,115,SUPP,SUPP,SUPP,110,57%,100%,100%,SUPP,SUPP,43%,100%,100%,SUPP,SUPP,86%,100%,100%,SUPP,SUPP,29%,100%,100%,SUPP,SUPP,14%,64%,100%,SUPP,SUPP,0%,55%,100%,SUPP,SUPP,14%,55%,83%,SUPP,SUPP,0%,36%,83%,SUPP,SUPP,28,90%,0,0%,0,0%,3,10%,3,10%,,,,,,,,,,,,,,,,,,,,,30,10%,90%,87%,30%,SUPP,SUPP,SUPP,SUPP,3.0,0.7,5.2,0.8,-1.3,2.9,2.5,0.5,4.4,110,110,5.8,4.3,5.5,1,1,1
1,9602,919,2261,117242,Bushey Manor Junior School,Grange Road,,,Bushey,WD23 2QL,01923226362,E14000745,Hertsmere,0,,,CY,0,Does not apply,7-11,0,0,233,54,53,33,20,62%,38%,8.6,3,6%,20,39%,28,55%,2,4%,10,19%,43,81%,6,11%,48,91%,79%,10%,1.2,-0.6,3.0,92%,-1.5,-3.2,0.2,94%,-0.8,-2.4,0.9,92%,89%,47%,4%,110,87%,36%,4%,108,83%,32%,4%,108,87%,15%,8%,0%,90%,0%,76%,84%,SUPP,65%,96%,44%,86%,-22,83%,77%,9%,11%,SUPP,0%,14%,0%,12%,-10,17%,10%,0.8,-1.4,3.0,1.9,-1.1,4.9,SUPP,SUPP,SUPP,2.4,-0.3,5.2,0.9,-1.4,3.3,0.8,-3.5,5.2,1.3,-0.7,3.2,0.4,-0.3,-5.3,4.7,1.3,-0.6,3.1,-2.3,-4.4,-0.2,-0.1,-2.9,2.7,SUPP,SUPP,SUPP,-1.1,-3.8,1.5,-1.2,-3.5,1.0,-3.6,-7.5,0.4,-1.0,-2.9,0.8,-4.0,-2.3,-7.1,2.5,-1.6,-3.4,0.1,-0.2,-2.2,1.9,-1.9,-4.7,0.9,SUPP,SUPP,SUPP,-0.7,-3.3,1.9,-0.2,-2.4,2.0,-4.3,-8.4,-0.2,-0.1,-1.9,1.7,-4.8,-1.5,-6.3,3.2,-0.8,-2.5,1.0,110,112,SUPP,107,113,107,111,112,111,108,107,SUPP,103,110,101,109,111,108,107,109,SUPP,103,111,104,108,110,108,SUPP,95%,96%,80%,91%,SUPP,85%,100%,60%,93%,SUPP,75%,100%,40%,93%,SUPP,80%,100%,67%,91%,SUPP,25%,68%,10%,56%,SUPP,10%,57%,20%,40%,SUPP,5%,54%,10%,37%,SUPP,0%,25%,0%,19%,47,89%,0,0%,4,8%,8,15%,12,23%,,,,,,,,,,,,,,,,,,,,,60,10%,90%,55%,5%,33%,0%,57%,6%,-1.4,-3.0,0.2,-2.0,-3.5,-0.6,-3.8,-5.2,-2.4,104,102,1.2,-1.6,-0.8,3,3,3
1,22074,919,2263,117243,Goffs Oak Primary & Nursery School,Millcrest Road,Goffs Oak,,Waltham Cross,EN7 5NS,01707888488,E14000606,Broxbourne,0,,,CY,0,Does not apply,3-11,0,0,233,31,31,15,16,48%,52%,8.1,5,16%,11,35%,15,48%,0,0%,2,6%,29,94%,3,10%,30,97%,65%,13%,0.2,-2.0,2.5,100%,2.2,0.1,4.4,100%,-0.4,-2.5,1.7,100%,84%,35%,0%,106,77%,32%,0%,105,77%,23%,0%,104,81%,32%,19%,0%,87%,0%,47%,81%,SUPP,55%,93%,SUPP,SUPP,SUPP,SUPP,63%,13%,13%,SUPP,0%,27%,SUPP,SUPP,SUPP,SUPP,13%,0.1,-3.1,3.3,0.3,-2.7,3.4,SUPP,SUPP,SUPP,-0.4,-4.2,3.3,0.4,-2.8,3.6,SUPP,SUPP,SUPP,SUPP,SUPP,SUPP,SUPP,SUPP,SUPP,SUPP,0.2,-2.0,2.5,0.8,-2.3,3.8,3.6,0.6,6.6,SUPP,SUPP,SUPP,-0.6,-4.2,3.0,4.3,1.3,7.4,SUPP,SUPP,SUPP,SUPP,SUPP,SUPP,SUPP,SUPP,SUPP,SUPP,2.0,-0.1,4.2,0.8,-2.2,3.8,-1.5,-4.4,1.4,SUPP,SUPP,SUPP,-1.6,-5.1,1.9,0.8,-2.1,3.8,SUPP,SUPP,SUPP,SUPP,SUPP,SUPP,SUPP,SUPP,SUPP,SUPP,-0.5,-2.6,1.7,105,107,SUPP,103,111,SUPP,SUPP,SUPP,106,104,104,SUPP,102,109,SUPP,SUPP,SUPP,104,103,107,SUPP,102,110,SUPP,SUPP,SUPP,105,SUPP,91%,93%,SUPP,SUPP,SUPP,73%,100%,SUPP,SUPP,SUPP,73%,100%,SUPP,SUPP,SUPP,73%,100%,SUPP,SUPP,SUPP,9%,67%,SUPP,SUPP,SUPP,9%,60%,SUPP,SUPP,SUPP,0%,47%,SUPP,SUPP,SUPP,0%,67%,SUPP,SUPP,28,90%,0,0%,0,0%,2,6%,2,6%,,,,,,,,,,,,,,,,,,,,,30,30%,70%,53%,13%,44%,0%,57%,19%,-1.8,-4.0,0.4,-4.0,-6.0,-2.0,-0.6,-2.5,1.3,103,105,0.2,2.2,-0.4,3,2,3
1,17686,919,2266,117245,Eastbury Farm Primary School,Bishops Avenue,,,Northwood,HA6 3DG,01923824543,E14000951,South West Hertfordshire,0,,,CY,0,Does not apply,3-11,0,0,341,43,43,25,18,58%,42%,8.1,9,22%,14,34%,18,44%,2,5%,4,9%,39,91%,10,23%,42,98%,58%,12%,-0.1,-2.1,1.8,95%,0.2,-1.6,2.1,95%,-0.3,-2.2,1.5,95%,79%,35%,0%,106,74%,30%,0%,105,67%,33%,0%,105,72%,28%,26%,0%,91%,0%,48%,72%,11%,36%,100%,SUPP,SUPP,SUPP,70%,60%,8%,17%,0%,0%,22%,SUPP,SUPP,SUPP,10%,12%,-1.2,-3.8,1.3,1.4,-1.6,4.4,-0.3,-4.4,3.8,0.4,-2.9,3.6,-0.4,-3.3,2.5,SUPP,SUPP,SUPP,SUPP,SUPP,SUPP,SUPP,-1.1,-5.2,3.0,0.0,-2.0,1.9,-2.1,-4.6,0.3,3.6,0.7,6.5,0.1,-3.9,4.0,-0.1,-3.2,3.1,0.6,-2.2,3.4,SUPP,SUPP,SUPP,SUPP,SUPP,SUPP,SUPP,-0.3,-4.3,3.6,0.1,-1.8,2.0,-0.9,-3.2,1.5,0.4,-2.4,3.2,1.2,-2.7,5.0,-2.4,-5.5,0.7,0.5,-2.2,3.3,SUPP,SUPP,SUPP,SUPP,SUPP,SUPP,SUPP,2.8,-1.1,6.7,-0.3,-2.1,1.5,105,108,97,104,112,SUPP,SUPP,106,107,104,106,98,101,112,SUPP,SUPP,108,106,103,108,95,102,111,SUPP,SUPP,107,106,33%,86%,100%,SUPP,SUPP,33%,64%,100%,SUPP,SUPP,22%,57%,100%,SUPP,SUPP,22%,64%,100%,SUPP,SUPP,0%,14%,67%,SUPP,SUPP,0%,0%,67%,SUPP,SUPP,0%,7%,67%,SUPP,SUPP,0%,14%,50%,SUPP,SUPP,33,77%,0,0%,2,5%,5,12%,7,16%,,,,,,,,,,,,,,,,,,,,,41,20%,80%,73%,17%,50%,13%,79%,18%,1.6,-0.5,3.7,2.9,1.0,4.8,0.7,-1.1,2.5,107,106,-0.3,0.2,-0.3,3,3,3
1,21272,919,2274,117249,Gade Valley Primary School,Gadebridge Road,,,Hemel Hempstead,HP1 3DT,01442391324,E14000739,Hemel Hempstead,0,,,CY,0,Does not apply,3-11,0,0,227,30,28,14,14,50%,50%,8.2,2,7%,17,61%,9,32%,0,0%,2,7%,26,93%,3,11%,27,96%,64%,7%,-2.4,-4.7,-0.1,100%,1.9,-0.3,4.2,100%,-1.2,-3.4,1.0,100%,71%,29%,0%,104,57%,4%,0%,100,75%,21%,0%,104,86%,29%,14%,0%,86%,0%,57%,71%,SUPP,53%,100%,SUPP,SUPP,SUPP,SUPP,63%,7%,7%,SUPP,6%,11%,SUPP,SUPP,SUPP,SUPP,7%,-4.1,-7.4,-0.8,-0.6,-3.9,2.7,SUPP,SUPP,SUPP,-1.6,-4.6,1.4,-5.0,-9.1,-0.9,SUPP,SUPP,SUPP,SUPP,SUPP,SUPP,SUPP,SUPP,SUPP,SUPP,-2.2,-4.5,0.2,-0.2,-3.3,3.0,4.1,0.9,7.2,SUPP,SUPP,SUPP,2.2,-0.7,5.0,1.1,-2.9,5.0,SUPP,SUPP,SUPP,SUPP,SUPP,SUPP,SUPP,SUPP,SUPP,SUPP,2.1,-0.2,4.4,-1.6,-4.7,1.5,-0.8,-3.9,2.3,SUPP,SUPP,SUPP,-1.0,-3.8,1.8,-1.2,-5.0,2.7,SUPP,SUPP,SUPP,SUPP,SUPP,SUPP,SUPP,SUPP,SUPP,SUPP,-1.4,-3.7,0.8,102,105,SUPP,103,107,SUPP,SUPP,SUPP,104,104,104,SUPP,103,110,SUPP,SUPP,SUPP,104,99,102,SUPP,98,106,SUPP,SUPP,SUPP,100,SUPP,59%,100%,SUPP,SUPP,SUPP,41%,100%,SUPP,SUPP,SUPP,71%,100%,SUPP,SUPP,SUPP,82%,100%,SUPP,SUPP,SUPP,29%,33%,SUPP,SUPP,SUPP,6%,0%,SUPP,SUPP,SUPP,12%,44%,SUPP,SUPP,SUPP,18%,56%,SUPP,SUPP,25,89%,0,0%,0,0%,5,18%,5,18%,,,,,,,,,,,,,,,,,,,,,30,10%,90%,80%,13%,SUPP,SUPP,SUPP,SUPP,2.3,0.1,4.6,-0.9,-2.9,1.2,0.4,-1.5,2.4,107,106,-2.4,1.9,-1.2,4,3,3
1,15344,919,2280,117250,Cunningham Hill Junior School,Cell Barnes Lane,,,St Albans,AL1 5QJ,01727852911,E14000960,St Albans,0,,,CY,0,Does not apply,7-11,0,0,238,62,58,31,27,53%,47%,8.1,10,19%,22,41%,22,41%,4,7%,12,21%,46,79%,24,41%,56,97%,78%,29%,2.4,0.8,4.1,93%,2.6,1.0,4.2,93%,4.5,2.9,6.1,93%,88%,45%,0%,109,91%,55%,0%,110,91%,53%,0%,109,84%,34%,14%,0%,84%,0%,74%,81%,40%,73%,95%,50%,85%,-16,88%,77%,35%,22%,0%,5%,64%,8%,35%,-2,33%,29%,2.9,0.7,5.2,1.8,-0.7,4.3,5.7,1.8,9.6,1.5,-1.1,4.1,1.9,-0.8,4.5,0.9,-2.7,4.4,2.9,1.0,4.8,0.5,2.2,-0.5,4.9,2.4,0.8,4.1,3.2,1.0,5.3,1.9,-0.5,4.3,4.2,0.4,7.9,1.1,-1.5,3.6,3.5,0.9,6.0,2.0,-1.4,5.4,2.8,1.0,4.6,1.6,2.8,0.2,5.4,2.6,1.0,4.2,5.0,2.9,7.2,3.9,1.5,6.2,5.6,2.0,9.3,4.5,2.0,7.0,4.1,1.6,6.5,2.4,-1.0,5.7,5.1,3.3,6.9,1.9,4.6,2.1,7.2,4.5,2.9,6.1,109,108,101,106,113,104,110,110,108,110,109,100,108,114,104,111,111,109,110,110,102,108,115,106,111,112,109,70%,82%,100%,75%,91%,70%,91%,100%,75%,96%,60%,95%,100%,83%,93%,60%,82%,95%,75%,87%,0%,23%,77%,17%,52%,0%,41%,91%,17%,65%,0%,36%,91%,8%,65%,0%,9%,73%,8%,41%,34,59%,0,0%,1,2%,16,28%,17,29%,,,,,,,,,,,,,,,,,,,,,60,25%,75%,83%,25%,80%,13%,84%,29%,0.3,-1.3,1.8,-0.5,-1.9,1.0,2.3,1.0,3.7,107,110,2.4,2.6,4.5,2,2,1
1,27888,919,2283,117252,Homerswood Primary and Nursery School,Kirklands,,,Welwyn Garden City,AL8 7RF,01707320610,E14001027,Welwyn Hatfield,0,,,CY,0,Does not apply,3-11,0,0,226,33,30,15,15,50%,50%,7.9,6,21%,10,34%,13,45%,1,3%,5,17%,25,83%,5,17%,30,100%,67%,0%,-1.3,-3.5,1.0,97%,-2.2,-4.4,0.0,97%,-1.6,-3.8,0.5,97%,77%,20%,0%,104,83%,30%,0%,105,70%,17%,0%,102,70%,3%,23%,0%,73%,0%,60%,73%,0%,70%,92%,SUPP,SUPP,SUPP,SUPP,67%,0%,0%,0%,0%,0%,SUPP,SUPP,SUPP,SUPP,0%,-1.7,-5.0,1.6,-0.8,-4.0,2.4,2.4,-2.6,7.4,-1.5,-5.4,2.4,-2.8,-6.2,0.6,SUPP,SUPP,SUPP,SUPP,SUPP,SUPP,SUPP,SUPP,SUPP,SUPP,-1.3,-3.5,1.0,-4.5,-7.7,-1.3,-0.1,-3.1,3.0,-0.6,-5.5,4.2,-1.4,-5.2,2.3,-3.5,-6.8,-0.2,SUPP,SUPP,SUPP,SUPP,SUPP,SUPP,SUPP,SUPP,SUPP,SUPP,-2.2,-4.4,0.0,-1.2,-4.3,1.9,-2.0,-5.0,1.0,0.1,-4.6,4.8,-0.5,-4.2,3.2,-3.3,-6.5,-0.1,SUPP,SUPP,SUPP,SUPP,SUPP,SUPP,SUPP,SUPP,SUPP,SUPP,-1.6,-3.8,0.5,103,105,93,104,108,SUPP,SUPP,SUPP,104,103,102,91,104,106,SUPP,SUPP,SUPP,102,104,106,95,106,109,SUPP,SUPP,SUPP,105,0%,100%,92%,SUPP,SUPP,17%,100%,100%,SUPP,SUPP,0%,70%,100%,SUPP,SUPP,0%,80%,92%,SUPP,SUPP,0%,0%,46%,SUPP,SUPP,0%,10%,54%,SUPP,SUPP,0%,20%,23%,SUPP,SUPP,0%,0%,8%,SUPP,SUPP,25,83%,0,0%,0,0%,4,13%,4,13%,,,,,,,,,,,,,,,,,,,,,30,30%,70%,47%,7%,56%,0%,43%,10%,-3.4,-5.6,-1.2,-1.5,-3.6,0.5,-3.6,-5.5,-1.6,101,101,-1.3,-2.2,-1.6,3,3,3
1,66768,919,2287,117253,Whitehill Junior School,Whitehill Road,,,Hitchin,SG4 9HT,01462621313,E14000749,Hitchin and Harpenden,0,,,CY,0,Does not apply,7-11,0,0,242,62,60,29,31,48%,52%,7.9,12,20%,22,37%,25,42%,1,2%,7,12%,53,88%,10,17%,56,93%,75%,28%,3.9,2.3,5.5,98%,2.6,1.0,4.1,98%,2.4,0.9,3.9,98%,93%,55%,0%,110,90%,48%,0%,108,85%,43%,0%,107,85%,32%,10%,0%,93%,0%,76%,74%,33%,73%,96%,57%,77%,-9,100%,73%,24%,32%,0%,9%,60%,0%,32%,-10,40%,29%,3.6,1.3,5.9,4.2,1.9,6.4,7.5,4.0,11.1,3.9,1.3,6.6,2.1,-0.4,4.6,3.6,-1.1,8.3,3.9,2.2,5.6,3.2,7.4,3.3,11.5,3.9,2.2,5.5,2.1,-0.1,4.4,3.0,0.9,5.1,-0.1,-3.5,3.3,4.6,2.0,7.1,2.1,-0.3,4.5,0.3,-4.2,4.8,2.9,1.2,4.5,-0.1,7.2,3.3,11.2,2.4,0.8,3.9,3.1,0.9,5.3,1.8,-0.3,3.9,2.5,-0.8,5.9,2.5,0.0,5.0,2.2,-0.1,4.5,1.4,-3.0,5.8,2.5,0.9,4.1,0.9,6.6,2.7,10.4,2.2,0.6,3.7,110,110,106,108,114,107,110,112,110,108,107,98,106,112,103,108,110,107,108,109,100,107,113,105,109,112,108,83%,91%,100%,86%,94%,58%,95%,100%,86%,91%,58%,82%,100%,71%,87%,33%,100%,96%,57%,89%,25%,41%,80%,14%,60%,8%,32%,80%,0%,55%,0%,23%,80%,14%,47%,0%,14%,64%,0%,36%,50,83%,0,0%,0,0%,4,7%,4,7%,,,,,,,,,,,,,,,,,,,,,59,10%,90%,80%,15%,33%,17%,85%,15%,1.9,0.3,3.5,1.3,-0.2,2.7,0.3,-1.1,1.7,108,106,3.9,2.6,2.4,1,2,2
1,66076,919,2288,117254,Westfield Primary School,Durrants Lane,,,Berkhamsted,HP4 3PJ,01442862729,E14000951,South West Hertfordshire,0,,,CY,0,Does not apply,4-11,0,0,212,27,27,11,16,41%,59%,8.0,5,19%,11,42%,10,38%,1,4%,8,30%,19,70%,2,7%,26,96%,56%,4%,1.2,-1.3,3.6,96%,-4.3,-6.6,-2.0,96%,-2.5,-4.8,-0.3,96%,78%,37%,0%,106,81%,11%,0%,102,74%,19%,0%,102,56%,7%,30%,0%,85%,0%,27%,75%,SUPP,73%,70%,25%,68%,-41,SUPP,58%,0%,6%,SUPP,0%,10%,0%,5%,-10,SUPP,4%,-1.9,-5.8,2.0,3.0,0.0,6.1,SUPP,SUPP,SUPP,2.3,-1.5,6.0,-1.3,-5.2,2.6,0.8,-3.5,5.2,1.3,-1.6,4.2,0.4,SUPP,SUPP,SUPP,1.2,-1.3,3.6,-6.7,-10.5,-3.0,-2.8,-5.8,0.2,SUPP,SUPP,SUPP,-1.6,-5.2,2.0,-5.5,-9.3,-1.8,-6.6,-10.8,-2.4,-3.3,-6.1,-0.5,-7.0,SUPP,SUPP,SUPP,-4.3,-6.6,-2.0,-2.9,-6.5,0.8,-2.3,-5.2,0.6,SUPP,SUPP,SUPP,-2.8,-6.3,0.7,-3.1,-6.8,0.5,-3.0,-7.1,1.1,-2.3,-5.0,0.4,-3.5,SUPP,SUPP,SUPP,-2.5,-4.8,-0.3,102,110,SUPP,108,110,102,108,SUPP,107,100,103,SUPP,102,106,97,104,SUPP,102,99,104,SUPP,102,107,99,104,SUPP,102,SUPP,91%,90%,63%,84%,SUPP,82%,100%,63%,89%,SUPP,82%,90%,50%,84%,SUPP,73%,70%,25%,68%,SUPP,27%,60%,13%,47%,SUPP,0%,30%,0%,16%,SUPP,9%,40%,0%,26%,SUPP,9%,10%,0%,11%,25,93%,0,0%,2,7%,4,15%,6,22%,,,,,,,,,,,,,,,,,,,,,30,10%,90%,70%,10%,SUPP,SUPP,SUPP,SUPP,-2.2,-4.4,0.1,-4.6,-6.7,-2.6,-1.2,-3.1,0.8,105,107,1.1,-4.7,-2.5,3,5,4
1,16826,919,2289,117255,Downfield Primary School,Downfield Road,Cheshunt,,Waltham Cross,EN8 8SS,01992629598,E14000606,Broxbourne,0,,,CY,0,Does not apply,2-11,0,0,450,58,58,27,31,47%,53%,7.4,13,24%,31,56%,11,20%,3,5%,18,31%,40,69%,18,31%,51,88%,40%,0%,-0.2,-1.9,1.5,93%,-3.0,-4.6,-1.4,95%,1.4,-0.2,3.0,93%,59%,16%,2%,102,67%,16%,0%,103,76%,16%,2%,104,45%,3%,47%,0%,64%,0%,33%,45%,0%,39%,100%,22%,48%,-44,33%,43%,0%,0%,0%,0%,0%,0%,0%,-10,0%,0%,-1.8,-4.3,0.7,1.1,-1.2,3.4,0.7,-2.9,4.2,-0.3,-2.5,1.9,-0.9,-4.7,2.8,-1.4,-4.4,1.6,0.3,-1.7,2.3,-1.8,-2.4,-5.5,0.7,0.2,-1.5,2.0,-3.7,-6.0,-1.3,-2.5,-4.7,-0.4,-4.0,-7.3,-0.7,-3.4,-5.5,-1.3,-0.9,-4.4,2.7,-5.5,-8.3,-2.7,-1.9,-3.8,0.1,-5.9,-4.5,-7.5,-1.5,-2.7,-4.4,-1.0,2.7,0.3,5.0,0.3,-1.8,2.5,4.3,0.9,7.6,0.8,-1.3,2.8,0.1,-3.4,3.6,0.9,-2.0,3.7,1.7,-0.2,3.6,0.4,0.8,-2.1,3.7,1.8,0.1,3.4,101,104,95,104,110,100,103,101,103,105,103,97,104,110,102,104,104,104,103,103,96,103,111,101,104,102,103,0%,74%,100%,56%,60%,15%,77%,100%,61%,70%,38%,81%,100%,72%,78%,0%,48%,100%,22%,55%,0%,13%,45%,6%,20%,0%,10%,55%,6%,20%,0%,13%,45%,6%,20%,0%,0%,18%,0%,5%,40,69%,0,0%,4,7%,11,19%,15,26%,,,,,,,,,,,,,,,,,,,,,51,35%,65%,45%,2%,17%,0%,61%,3%,-1.6,-3.3,0.2,-3.9,-5.5,-2.3,-0.7,-2.3,0.8,101,103,-0.2,-3.0,1.4,3,5,3
1,44326,919,2293,117256,Pixies Hill Primary School,Hazeldell Road,,,Hemel Hempstead,HP1 2BY,01442251793,E14000739,Hemel Hempstead,0,,,CY,0,Does not apply,4-11,0,0,209,30,30,18,12,60%,40%,7.6,6,20%,10,33%,14,47%,0,0%,4,13%,26,87%,0,0%,29,97%,67%,7%,1.0,-1.2,3.3,100%,1.0,-1.2,3.2,100%,1.5,-0.6,3.6,100%,77%,33%,0%,106,77%,27%,0%,105,77%,30%,0%,104,80%,13%,10%,0%,80%,0%,67%,67%,0%,60%,100%,SUPP,SUPP,SUPP,,69%,6%,8%,0%,0%,14%,SUPP,SUPP,SUPP,,7%,0.5,-2.4,3.4,1.8,-1.8,5.4,4.2,-0.9,9.2,-0.3,-4.2,3.6,0.6,-2.7,3.9,SUPP,SUPP,SUPP,SUPP,SUPP,SUPP,SUPP,NA,NA,NA,1.3,-0.9,3.6,-2.1,-4.9,0.7,5.7,2.3,9.1,5.4,0.6,10.3,-0.2,-3.9,3.6,0.0,-3.2,3.1,SUPP,SUPP,SUPP,SUPP,SUPP,SUPP,SUPP,NA,NA,NA,1.0,-1.2,3.2,1.5,-1.2,4.3,1.4,-1.9,4.8,6.8,2.1,11.6,-0.3,-4.0,3.4,0.5,-2.6,3.6,SUPP,SUPP,SUPP,SUPP,SUPP,SUPP,SUPP,NA,NA,NA,1.7,-0.4,3.9,106,106,94,104,111,SUPP,SUPP,,106,104,105,94,104,110,SUPP,SUPP,,105,104,106,94,105,109,SUPP,SUPP,,105,17%,80%,100%,SUPP,SUPP,17%,80%,100%,SUPP,SUPP,0%,90%,100%,SUPP,SUPP,33%,80%,100%,SUPP,SUPP,0%,10%,64%,SUPP,SUPP,0%,10%,50%,SUPP,SUPP,0%,10%,57%,SUPP,SUPP,0%,0%,29%,SUPP,SUPP,30,100%,0,0%,2,7%,7,23%,9,30%,,,,,,,,,,,,,,,,,,,,,30,17%,83%,67%,17%,SUPP,SUPP,SUPP,SUPP,-1.2,-3.4,1.0,0.0,-2.0,2.0,-0.5,-2.4,1.4,105,106,1.0,1.0,1.5,3,3,3
1,64984,919,2296,145257,Waterside Academy,Rowans,,,Welwyn Garden City,AL7 1NZ,01707321203,E14001027,Welwyn Hatfield,0,,,ACC,0,Does not apply,3-11,0,0,178,19,17,9,8,53%,47%,7.5,5,29%,9,53%,3,18%,0,0%,3,18%,14,82%,2,12%,17,100%,71%,12%,5.5,2.5,8.5,100%,0.9,-2.0,3.8,100%,4.2,1.4,7.0,100%,82%,59%,0%,109,82%,41%,0%,105,88%,35%,0%,106,71%,18%,24%,0%,76%,0%,67%,75%,SUPP,100%,SUPP,SUPP,SUPP,SUPP,SUPP,71%,0%,25%,SUPP,0%,SUPP,SUPP,SUPP,SUPP,SUPP,12%,7.0,2.9,11.1,3.9,-0.4,8.3,SUPP,SUPP,SUPP,5.5,1.4,9.6,SUPP,SUPP,SUPP,SUPP,SUPP,SUPP,SUPP,SUPP,SUPP,SUPP,SUPP,SUPP,SUPP,5.5,2.5,8.5,0.8,-3.1,4.8,1.0,-3.2,5.2,SUPP,SUPP,SUPP,2.1,-1.9,6.0,SUPP,SUPP,SUPP,SUPP,SUPP,SUPP,SUPP,SUPP,SUPP,SUPP,SUPP,SUPP,SUPP,0.9,-2.0,3.8,4.7,0.8,8.5,3.7,-0.4,7.8,SUPP,SUPP,SUPP,3.5,-0.4,7.4,SUPP,SUPP,SUPP,SUPP,SUPP,SUPP,SUPP,SUPP,SUPP,SUPP,SUPP,SUPP,SUPP,4.2,1.4,7.0,108,109,SUPP,111,SUPP,SUPP,SUPP,SUPP,109,105,108,SUPP,108,SUPP,SUPP,SUPP,SUPP,106,104,106,SUPP,108,SUPP,SUPP,SUPP,SUPP,105,SUPP,100%,SUPP,SUPP,SUPP,SUPP,100%,SUPP,SUPP,SUPP,SUPP,100%,SUPP,SUPP,SUPP,SUPP,100%,SUPP,SUPP,SUPP,SUPP,67%,SUPP,SUPP,SUPP,SUPP,44%,SUPP,SUPP,SUPP,SUPP,33%,SUPP,SUPP,SUPP,SUPP,11%,SUPP,SUPP,SUPP,15,88%,0,0%,1,6%,4,24%,5,29%,,,,,,,,,,,,,,,,,,,,,22,45%,55%,64%,9%,40%,0%,83%,17%,0.3,-2.3,3.0,-0.7,-3.0,1.7,1.4,-0.9,3.7,103,105,5.5,0.9,4.2,1,3,1
1,23548,919,2299,117258,The Grove Junior School,Dark Lane,,,Harpenden,AL5 1QB,01582760031,E14000749,Hitchin and Harpenden,0,,,CY,0,Does not apply,7-11,0,0,357,90,91,47,44,52%,48%,8.4,10,13%,25,32%,42,55%,14,15%,11,12%,80,88%,15,16%,80,88%,74%,12%,2.2,0.8,3.6,85%,0.8,-0.5,2.2,85%,1.4,0.1,2.7,85%,89%,49%,0%,109,88%,52%,0%,109,89%,46%,0%,108,85%,21%,15%,0%,87%,0%,81%,66%,10%,56%,98%,27%,80%,-39,73%,75%,15%,9%,0%,0%,24%,9%,13%,-1,7%,13%,2.0,-0.1,4.1,2.4,0.5,4.3,4.4,0.5,8.3,2.6,0.1,5.1,1.5,-0.4,3.4,2.4,-1.5,6.3,2.2,0.7,3.7,2.0,3.4,-1.7,8.4,2.4,1.0,3.9,0.5,-1.5,2.5,1.1,-0.7,3.0,2.7,-1.0,6.5,0.0,-2.4,2.3,0.9,-0.9,2.7,1.2,-2.5,5.0,0.8,-0.7,2.2,0.8,-2.0,-6.8,2.9,0.7,-0.7,2.1,3.2,1.2,5.1,0.0,-1.8,1.8,4.9,1.3,8.6,0.0,-2.3,2.3,1.4,-0.4,3.2,1.6,-2.1,5.2,1.4,0.0,2.8,1.1,3.3,-1.4,8.0,1.3,0.0,2.7,109,109,100,107,113,104,110,107,110,110,106,100,104,112,102,109,109,108,109,108,97,106,113,102,110,107,109,60%,84%,98%,64%,93%,40%,88%,100%,55%,93%,60%,80%,100%,55%,94%,30%,84%,100%,45%,90%,0%,32%,76%,9%,55%,0%,32%,79%,27%,55%,0%,20%,67%,18%,50%,0%,0%,43%,18%,21%,75,82%,1,1%,1,1%,20,22%,21,23%,,,,,,,,,,,,,,,,,,,,,90,12%,88%,79%,26%,64%,0%,81%,29%,1.1,-0.2,2.4,0.4,-0.8,1.6,-0.4,-1.5,0.7,108,107,2.2,0.8,1.4,2,3,2
1,44328,919,2300,117259,Pixmore Junior School,Rushby Mead,,,Letchworth,SG6 1RS,01462620555,E14000845,North East Hertfordshire,0,,,CY,0,Does not apply,7-11,0,0,240,62,60,33,27,55%,45%,7.7,13,22%,24,41%,21,36%,2,3%,26,43%,34,57%,2,3%,55,92%,35%,0%,-1.9,-3.5,-0.2,93%,-3.7,-5.3,-2.2,97%,-2.2,-3.7,-0.7,95%,60%,13%,3%,103,52%,15%,2%,100,58%,12%,2%,101,52%,10%,35%,0%,68%,0%,27%,44%,0%,17%,76%,19%,47%,-47,SUPP,38%,0%,0%,0%,0%,0%,0%,0%,-10,SUPP,0%,-1.2,-3.3,1.0,-2.8,-5.3,-0.3,3.3,-0.2,6.7,-3.5,-6.2,-0.9,-3.3,-5.9,-0.6,-1.5,-4.1,1.1,-2.1,-4.2,0.0,-1.9,SUPP,SUPP,SUPP,-1.7,-3.4,0.0,-5.5,-7.5,-3.4,-1.4,-3.7,1.0,-3.4,-6.7,-0.1,-5.0,-7.4,-2.6,-2.4,-5.0,0.1,-5.3,-7.7,-2.9,-2.6,-4.6,-0.5,-5.7,SUPP,SUPP,SUPP,-3.8,-5.5,-2.2,-0.8,-2.8,1.3,-4.2,-6.5,-1.8,3.9,0.7,7.2,-4.2,-6.7,-1.8,-3.7,-6.3,-1.2,-4.4,-6.8,-2.0,-0.7,-2.7,1.3,-4.9,SUPP,SUPP,SUPP,-1.7,-3.3,-0.1,102,104,97,101,107,101,104,SUPP,103,100,101,95,99,106,97,103,SUPP,101,98,102,91,99,106,97,102,SUPP,100,23%,50%,90%,50%,68%,8%,42%,86%,42%,59%,15%,54%,90%,35%,76%,8%,42%,86%,42%,59%,0%,4%,33%,4%,21%,0%,4%,38%,4%,24%,0%,4%,29%,4%,18%,0%,4%,24%,8%,12%,58,97%,0,0%,2,3%,8,13%,10,17%,,,,,,,,,,,,,,,,,,,,,59,39%,61%,61%,10%,48%,4%,69%,14%,-0.4,-2.1,1.3,1.7,0.1,3.3,-0.6,-2.0,0.9,103,104,-2.0,-3.8,-2.3,4,5,4
1,40858,919,2302,117261,Oaklands Primary School,Great North Road,Oaklands,,Welwyn,AL6 0PX,01438715278,E14001027,Welwyn Hatfield,0,,,CY,0,Does not apply,4-11,0,0,198,29,27,14,13,52%,48%,8.1,5,19%,11,41%,11,41%,0,0%,3,11%,24,89%,3,11%,26,96%,67%,11%,1.0,-1.4,3.4,100%,-0.3,-2.6,2.0,100%,-0.1,-2.3,2.1,100%,81%,48%,0%,107,70%,30%,0%,104,78%,37%,0%,106,85%,11%,7%,0%,93%,0%,79%,54%,SUPP,64%,91%,SUPP,SUPP,SUPP,SUPP,65%,7%,15%,SUPP,0%,27%,SUPP,SUPP,SUPP,SUPP,12%,0.8,-2.5,4.1,1.2,-2.2,4.6,SUPP,SUPP,SUPP,0.3,-3.4,4.0,2.0,-1.7,5.8,SUPP,SUPP,SUPP,SUPP,SUPP,SUPP,SUPP,SUPP,SUPP,SUPP,1.0,-1.4,3.4,0.2,-3.0,3.4,-0.9,-4.1,2.4,SUPP,SUPP,SUPP,0.7,-2.8,4.3,-0.6,-4.1,3.0,SUPP,SUPP,SUPP,SUPP,SUPP,SUPP,SUPP,SUPP,SUPP,SUPP,-0.3,-2.6,2.1,1.9,-1.2,5.0,-2.2,-5.4,1.0,SUPP,SUPP,SUPP,0.3,-3.2,3.8,0.8,-2.7,4.3,SUPP,SUPP,SUPP,SUPP,SUPP,SUPP,SUPP,SUPP,SUPP,SUPP,-0.1,-2.3,2.2,107,106,SUPP,105,113,SUPP,SUPP,SUPP,107,108,104,SUPP,104,110,SUPP,SUPP,SUPP,106,105,103,SUPP,102,111,SUPP,SUPP,SUPP,104,SUPP,73%,100%,SUPP,SUPP,SUPP,64%,100%,SUPP,SUPP,SUPP,82%,91%,SUPP,SUPP,SUPP,91%,100%,SUPP,SUPP,SUPP,27%,91%,SUPP,SUPP,SUPP,9%,64%,SUPP,SUPP,SUPP,18%,73%,SUPP,SUPP,SUPP,0%,27%,SUPP,SUPP,24,89%,0,0%,1,4%,0,0%,1,4%,,,,,,,,,,,,,,,,,,,,,29,21%,79%,72%,7%,33%,0%,83%,9%,0.7,-1.8,3.1,1.1,-1.2,3.3,-0.3,-2.4,1.8,104,103,1.0,-0.3,-0.1,3,3,3
1,27280,919,2304,117263,Hollybush Primary School,Fordwich Rise,,,Hertford,SG14 2DF,01992581454,E14000744,Hertford and Stortford,0,,,CY,0,Does not apply,3-11,0,0,222,25,27,12,15,44%,56%,8.4,4,15%,8,30%,15,56%,0,0%,9,33%,18,67%,1,4%,24,89%,48%,4%,-4.6,-7.0,-2.2,96%,-4.5,-6.8,-2.2,100%,-5.2,-7.4,-2.9,100%,63%,19%,4%,103,59%,22%,0%,102,59%,15%,0%,101,63%,19%,30%,0%,63%,0%,67%,33%,SUPP,25%,73%,33%,56%,-33,SUPP,46%,0%,7%,SUPP,0%,7%,0%,6%,-10,SUPP,4%,-1.2,-4.9,2.5,-7.1,-10.3,-3.9,SUPP,SUPP,SUPP,-6.3,-10.6,-1.9,-5.2,-8.4,-2.0,-2.8,-7.1,1.6,-5.4,-8.3,-2.5,-3.2,SUPP,SUPP,SUPP,-4.6,-7.2,-2.1,-4.9,-8.3,-1.5,-4.2,-7.3,-1.1,SUPP,SUPP,SUPP,-5.0,-9.2,-0.8,-2.7,-5.8,0.3,-6.2,-10.2,-2.3,-3.6,-6.4,-0.8,-6.6,SUPP,SUPP,SUPP,-4.7,-7.1,-2.3,-1.2,-4.5,2.2,-8.4,-11.4,-5.4,SUPP,SUPP,SUPP,-5.8,-9.9,-1.7,-6.0,-9.0,-3.0,-5.4,-9.3,-1.6,-5.1,-7.8,-2.3,-5.9,SUPP,SUPP,SUPP,-5.3,-7.7,-3.0,106,101,SUPP,99,107,106,102,SUPP,103,104,98,SUPP,98,104,98,102,SUPP,100,102,102,SUPP,98,107,102,102,SUPP,102,SUPP,50%,80%,67%,61%,SUPP,38%,87%,56%,61%,SUPP,50%,80%,33%,72%,SUPP,50%,87%,56%,67%,SUPP,0%,33%,22%,17%,SUPP,0%,40%,33%,17%,SUPP,0%,27%,22%,11%,SUPP,0%,33%,11%,22%,26,96%,0,0%,2,7%,9,33%,11,41%,,,,,,,,,,,,,,,,,,,,,30,27%,73%,63%,13%,25%,0%,77%,18%,-0.4,-2.6,1.8,-2.3,-4.3,-0.2,-0.3,-2.2,1.7,105,106,-4.7,-4.5,-5.8,5,5,5
1,35488,919,2308,117266,Maple Cross Junior Mixed Infant and Nursery School,Denham Way,Maple Cross,,Rickmansworth,WD3 9SS,01923770909,E14000951,South West Hertfordshire,0,,,CY,0,Does not apply,4-11,0,0,167,14,14,10,4,71%,29%,7.5,4,31%,6,46%,3,23%,1,7%,4,29%,10,71%,2,14%,13,93%,29%,0%,-0.3,-3.7,3.2,93%,-6.7,-10.0,-3.4,93%,-3.9,-7.1,-0.7,93%,64%,14%,0%,103,43%,7%,0%,99,43%,7%,0%,98,36%,0%,36%,0%,64%,0%,40%,SUPP,SUPP,17%,SUPP,SUPP,SUPP,SUPP,SUPP,31%,0%,SUPP,SUPP,0%,SUPP,SUPP,SUPP,SUPP,SUPP,0%,0.9,-3.0,4.8,SUPP,SUPP,SUPP,SUPP,SUPP,SUPP,-3.0,-8.0,2.1,SUPP,SUPP,SUPP,SUPP,SUPP,SUPP,SUPP,SUPP,SUPP,SUPP,SUPP,SUPP,SUPP,-0.3,-3.7,3.2,-4.8,-8.6,-1.1,SUPP,SUPP,SUPP,SUPP,SUPP,SUPP,-7.7,-12.5,-2.8,SUPP,SUPP,SUPP,SUPP,SUPP,SUPP,SUPP,SUPP,SUPP,SUPP,SUPP,SUPP,SUPP,-6.7,-10.0,-3.4,-2.3,-6.0,1.4,SUPP,SUPP,SUPP,SUPP,SUPP,SUPP,-6.2,-10.9,-1.5,SUPP,SUPP,SUPP,SUPP,SUPP,SUPP,SUPP,SUPP,SUPP,SUPP,SUPP,SUPP,SUPP,-3.9,-7.1,-0.7,104,SUPP,SUPP,101,SUPP,SUPP,SUPP,SUPP,103,100,SUPP,SUPP,98,SUPP,SUPP,SUPP,SUPP,98,100,SUPP,SUPP,97,SUPP,SUPP,SUPP,SUPP,99,SUPP,67%,SUPP,SUPP,SUPP,SUPP,33%,SUPP,SUPP,SUPP,SUPP,33%,SUPP,SUPP,SUPP,SUPP,33%,SUPP,SUPP,SUPP,SUPP,0%,SUPP,SUPP,SUPP,SUPP,0%,SUPP,SUPP,SUPP,SUPP,0%,SUPP,SUPP,SUPP,SUPP,0%,SUPP,SUPP,SUPP,12,86%,0,0%,1,7%,7,50%,8,57%,,,,,,,,,,,,,,,,,,,,,31,39%,61%,52%,10%,25%,0%,68%,16%,0.3,-2.1,2.6,-0.2,-2.2,1.9,-2.5,-4.5,-0.5,105,104,-0.3,-6.9,-3.9,3,5,5
1,38030,919,2312,117269,Moss Bury Primary School and Nursery,Webb Rise,,,Stevenage,SG1 5PA,01438222300,E14000968,Stevenage,0,,,CY,0,Does not apply,3-11,0,0,258,46,45,26,19,58%,42%,8.4,1,2%,24,56%,18,42%,2,4%,10,22%,35,78%,4,9%,41,91%,64%,4%,-2.0,-3.9,-0.1,96%,-2.3,-4.1,-0.5,96%,-1.3,-3.0,0.5,96%,80%,31%,0%,105,71%,13%,0%,103,89%,20%,0%,105,73%,9%,22%,0%,84%,0%,58%,74%,SUPP,50%,94%,40%,71%,-26,SUPP,68%,0%,11%,SUPP,0%,11%,0%,6%,-10,SUPP,5%,-2.0,-4.5,0.5,-1.9,-4.9,1.0,SUPP,SUPP,SUPP,-2.1,-4.6,0.4,-1.5,-4.4,1.5,-2.4,-6.3,1.5,-1.8,-4.0,0.3,-2.8,SUPP,SUPP,SUPP,-1.9,-3.8,0.1,-3.9,-6.3,-1.6,0.1,-2.7,2.9,SUPP,SUPP,SUPP,-3.0,-5.4,-0.6,-1.2,-4.0,1.6,-5.0,-8.8,-1.3,-1.4,-3.5,0.6,-5.4,SUPP,SUPP,SUPP,-2.3,-4.2,-0.5,-0.7,-3.0,1.7,-2.1,-4.8,0.6,SUPP,SUPP,SUPP,-1.6,-4.0,0.7,-1.0,-3.7,1.8,-1.3,-5.0,2.3,-1.2,-3.3,0.8,-1.8,SUPP,SUPP,SUPP,-1.4,-3.2,0.4,106,105,SUPP,103,110,104,106,SUPP,106,105,104,SUPP,103,109,101,105,SUPP,105,103,104,SUPP,101,108,99,105,SUPP,104,SUPP,75%,94%,80%,80%,SUPP,58%,94%,50%,77%,SUPP,88%,100%,60%,97%,SUPP,63%,100%,40%,83%,SUPP,8%,67%,20%,34%,SUPP,0%,33%,0%,17%,SUPP,0%,50%,10%,23%,SUPP,0%,22%,0%,11%,40,89%,1,2%,0,0%,6,13%,6,13%,,,,,,,,,,,,,,,,,,,,,45,40%,60%,67%,4%,50%,6%,78%,4%,-2.1,-3.9,-0.3,-0.2,-1.9,1.4,-0.7,-2.3,0.9,103,105,-2.0,-2.3,-1.3,4,4,3
1,66038,919,2314,117270,Westfield Community Primary School,Westfield Road,,,Hoddesdon,EN11 8RA,01992465739,E14000606,Broxbourne,0,,,CY,0,Does not apply,5-11,0,0,185,27,26,14,12,54%,46%,7.9,6,23%,9,35%,11,42%,0,0%,9,35%,17,65%,2,8%,25,96%,35%,8%,-5.0,-7.5,-2.6,100%,-0.8,-3.1,1.6,100%,-4.2,-6.4,-1.9,100%,46%,23%,0%,101,62%,23%,0%,102,58%,8%,0%,100,62%,23%,35%,0%,73%,0%,7%,67%,0%,0%,82%,33%,35%,-33,SUPP,36%,0%,17%,0%,0%,18%,11%,6%,1,SUPP,8%,-7.3,-10.6,-4.0,-2.4,-6.0,1.2,-3.8,-8.8,1.2,-8.1,-12.2,-4.0,-3.2,-6.9,0.5,-6.4,-10.5,-2.3,-4.3,-7.3,-1.3,-6.8,SUPP,SUPP,SUPP,-4.9,-7.4,-2.4,-2.8,-6.0,0.3,1.6,-1.8,5.1,-1.5,-6.4,3.3,-3.3,-7.2,0.7,1.7,-1.9,5.3,-2.1,-6.0,1.9,-0.1,-2.9,2.8,-2.5,SUPP,SUPP,SUPP,-0.8,-3.2,1.5,-4.6,-7.7,-1.5,-3.7,-7.0,-0.3,-4.6,-9.3,0.2,-4.0,-7.9,-0.1,-4.1,-7.6,-0.6,-5.4,-9.2,-1.5,-3.5,-6.3,-0.7,-5.9,SUPP,SUPP,SUPP,-4.3,-6.6,-2.0,95,107,95,95,108,100,101,SUPP,101,95,105,90,98,106,98,101,SUPP,100,95,109,93,99,109,97,104,SUPP,101,17%,11%,91%,44%,47%,17%,56%,91%,44%,71%,0%,56%,91%,44%,65%,17%,44%,100%,44%,71%,0%,0%,55%,22%,24%,0%,0%,55%,22%,24%,0%,0%,18%,11%,6%,0%,0%,55%,33%,18%,24,92%,0,0%,2,8%,1,4%,3,12%,,,,,,,,,,,,,,,,,,,,,27,22%,78%,59%,7%,50%,17%,62%,5%,-3.1,-5.4,-0.7,1.0,-1.2,3.1,-2.6,-4.7,-0.5,101,102,-5.1,-0.8,-4.4,5,3,5
1,45014,919,2316,117271,Priors Wood Primary School,Cozens Road,,,Ware,SG12 7HZ,01920464135,E14000744,Hertford and Stortford,0,,,CY,0,Does not apply,3-11,0,0,203,30,29,11,18,38%,62%,8.2,2,7%,14,48%,13,45%,0,0%,5,17%,24,83%,1,3%,29,100%,55%,0%,-1.1,-3.4,1.2,100%,-4.3,-6.5,-2.1,100%,-4.3,-6.4,-2.1,100%,72%,34%,0%,107,66%,7%,0%,102,66%,14%,0%,102,62%,3%,34%,0%,76%,0%,55%,56%,SUPP,50%,69%,SUPP,SUPP,SUPP,SUPP,55%,0%,0%,SUPP,0%,0%,SUPP,SUPP,SUPP,SUPP,0%,-2.7,-6.4,1.0,-0.2,-3.1,2.7,SUPP,SUPP,SUPP,2.5,-0.8,5.8,-3.9,-7.3,-0.4,SUPP,SUPP,SUPP,SUPP,SUPP,SUPP,SUPP,SUPP,SUPP,SUPP,-1.1,-3.4,1.2,-3.7,-7.2,-0.1,-4.7,-7.5,-1.9,SUPP,SUPP,SUPP,-4.2,-7.4,-1.0,-4.1,-7.4,-0.8,SUPP,SUPP,SUPP,SUPP,SUPP,SUPP,SUPP,SUPP,SUPP,SUPP,-4.3,-6.5,-2.1,-1.8,-5.3,1.7,-5.8,-8.5,-3.1,SUPP,SUPP,SUPP,-3.5,-6.6,-0.4,-4.0,-7.2,-0.8,SUPP,SUPP,SUPP,SUPP,SUPP,SUPP,SUPP,SUPP,SUPP,SUPP,-4.3,-6.4,-2.1,106,107,SUPP,107,107,SUPP,SUPP,SUPP,107,105,100,SUPP,101,105,SUPP,SUPP,SUPP,102,103,101,SUPP,100,104,SUPP,SUPP,SUPP,102,SUPP,79%,77%,SUPP,SUPP,SUPP,50%,92%,SUPP,SUPP,SUPP,57%,85%,SUPP,SUPP,SUPP,50%,85%,SUPP,SUPP,SUPP,36%,38%,SUPP,SUPP,SUPP,0%,15%,SUPP,SUPP,SUPP,7%,23%,SUPP,SUPP,SUPP,0%,8%,SUPP,SUPP,28,97%,0,0%,1,3%,4,14%,5,17%,,,,,,,,,,,,,,,,,,,,,29,24%,76%,62%,3%,57%,0%,64%,5%,1.8,-0.4,4.1,0.9,-1.2,3.0,-3.0,-5.0,-1.0,107,103,-1.2,-4.3,-4.5,3,5,5
1,23330,919,2326,117276,Greenway Primary and Nursery School,Crossways,,,Berkhamsted,HP4 3NH,01442866249,E14000951,South West Hertfordshire,0,,,CY,0,Does not apply,3-11,0,0,232,27,26,13,13,50%,50%,8.6,2,8%,8,32%,15,60%,1,4%,2,8%,24,92%,0,0%,26,100%,73%,12%,1.8,-0.6,4.3,96%,-1.1,-3.5,1.2,96%,1.1,-1.2,3.4,96%,88%,58%,0%,110,92%,65%,0%,111,88%,46%,0%,108,77%,19%,23%,0%,92%,0%,69%,77%,SUPP,63%,87%,SUPP,SUPP,SUPP,,73%,8%,15%,SUPP,0%,20%,SUPP,SUPP,SUPP,,12%,2.1,-1.5,5.6,1.6,-1.8,5.0,SUPP,SUPP,SUPP,4.2,-0.1,8.6,0.6,-2.6,3.7,SUPP,SUPP,SUPP,SUPP,SUPP,SUPP,SUPP,NA,NA,NA,1.8,-0.6,4.3,-2.5,-5.9,1.0,0.1,-3.2,3.4,SUPP,SUPP,SUPP,1.0,-3.2,5.2,-2.2,-5.2,0.9,SUPP,SUPP,SUPP,SUPP,SUPP,SUPP,SUPP,NA,NA,NA,-1.1,-3.5,1.2,4.0,0.7,7.3,-1.5,-4.7,1.7,SUPP,SUPP,SUPP,1.9,-2.2,6.0,1.0,-2.0,4.0,SUPP,SUPP,SUPP,SUPP,SUPP,SUPP,SUPP,NA,NA,NA,1.1,-1.2,3.4,110,109,SUPP,108,112,SUPP,SUPP,,110,111,105,SUPP,105,111,SUPP,SUPP,,108,110,111,SUPP,109,114,SUPP,SUPP,,111,SUPP,75%,100%,SUPP,SUPP,SUPP,100%,100%,SUPP,SUPP,SUPP,88%,100%,SUPP,SUPP,SUPP,75%,87%,SUPP,SUPP,SUPP,50%,73%,SUPP,SUPP,SUPP,38%,93%,SUPP,SUPP,SUPP,38%,60%,SUPP,SUPP,SUPP,13%,27%,SUPP,SUPP,26,100%,0,0%,1,4%,1,4%,2,8%,,,,,,,,,,,,,,,,,,,,,86,7%,93%,83%,17%,50%,0%,85%,19%,0.6,-0.7,2.0,-2.6,-3.8,-1.4,-0.6,-1.8,0.5,109,108,1.8,-1.3,1.1,3,3,3
1,61964,919,2327,117277,Thorn Grove Primary School,Thorn Grove,,,Bishop's Stortford,CM23 5LD,01279653002,E14000744,Hertford and Stortford,0,,,CY,0,Does not apply,3-11,0,0,217,33,31,18,13,58%,42%,7.9,7,23%,12,39%,12,39%,0,0%,6,19%,25,81%,2,6%,30,97%,58%,10%,0.2,-2.0,2.5,100%,0.5,-1.6,2.6,100%,-2.7,-4.7,-0.6,100%,81%,32%,0%,106,74%,26%,0%,104,61%,19%,0%,102,74%,16%,23%,0%,77%,0%,61%,54%,0%,58%,92%,17%,68%,-49,SUPP,57%,6%,15%,0%,0%,25%,17%,8%,7,SUPP,7%,1.1,-1.8,4.1,-1.0,-4.4,2.4,-2.6,-7.3,2.1,2.3,-1.3,5.8,-0.1,-3.7,3.4,-1.3,-6.4,3.7,0.6,-1.8,3.1,-1.7,SUPP,SUPP,SUPP,0.2,-2.1,2.4,0.1,-2.7,2.9,1.0,-2.3,4.3,-1.4,-5.8,3.1,1.5,-1.9,4.9,0.6,-2.8,4.0,1.5,-3.4,6.3,0.3,-2.1,2.6,1.1,SUPP,SUPP,SUPP,0.4,-1.8,2.5,-0.9,-3.7,1.8,-5.0,-8.3,-1.8,-4.8,-9.1,-0.4,-1.4,-4.8,1.9,-2.6,-6.0,0.7,-1.4,-6.1,3.4,-3.0,-5.3,-0.6,-1.9,SUPP,SUPP,SUPP,-2.7,-4.9,-0.6,105,107,97,106,111,98,108,SUPP,106,103,102,93,102,108,97,104,SUPP,102,104,105,93,104,111,96,107,SUPP,104,29%,92%,100%,33%,92%,14%,83%,100%,33%,84%,0%,67%,92%,17%,72%,14%,83%,100%,33%,84%,0%,17%,67%,17%,36%,0%,0%,67%,17%,28%,0%,17%,33%,17%,20%,0%,0%,42%,17%,16%,29,94%,0,0%,2,6%,5,16%,7,23%,,,,,,,,,,,,,,,,,,,,,30,23%,77%,50%,0%,50%,0%,50%,0%,1.2,-1.1,3.4,-0.1,-2.3,2.0,-2.1,-4.1,-0.1,104,102,0.2,0.5,-2.7,3,3,4
1,46520,919,2333,117280,Reedings Junior School,Bullfields,,,Sawbridgeworth,CM21 9DD,01279722578,E14000744,Hertford and Stortford,0,,,CY,0,Does not apply,7-11,0,0,241,60,58,33,25,57%,43%,8.1,10,17%,21,36%,27,47%,0,0%,2,3%,56,97%,5,9%,58,100%,72%,28%,1.6,0.0,3.2,100%,1.8,0.3,3.4,100%,1.0,-0.5,2.6,100%,78%,48%,0%,108,88%,47%,0%,108,78%,45%,0%,106,83%,29%,14%,0%,88%,0%,67%,80%,0%,76%,96%,SUPP,SUPP,SUPP,SUPP,72%,15%,44%,0%,0%,59%,SUPP,SUPP,SUPP,SUPP,28%,0.9,-1.3,3.0,2.6,0.2,5.1,-1.7,-5.6,2.2,1.6,-1.1,4.3,2.9,0.5,5.3,SUPP,SUPP,SUPP,SUPP,SUPP,SUPP,SUPP,SUPP,SUPP,SUPP,1.6,0.0,3.2,1.2,-0.8,3.3,2.6,0.2,4.9,0.0,-3.8,3.7,1.9,-0.7,4.5,2.4,0.2,4.7,SUPP,SUPP,SUPP,SUPP,SUPP,SUPP,SUPP,SUPP,SUPP,SUPP,1.8,0.3,3.4,1.7,-0.3,3.7,0.2,-2.2,2.5,-1.3,-5.0,2.3,1.5,-1.0,4.0,1.6,-0.7,3.8,SUPP,SUPP,SUPP,SUPP,SUPP,SUPP,SUPP,SUPP,SUPP,SUPP,1.0,-0.5,2.6,106,111,94,105,115,SUPP,SUPP,SUPP,108,105,106,92,105,112,SUPP,SUPP,SUPP,106,106,111,97,106,114,SUPP,SUPP,SUPP,108,0%,86%,100%,SUPP,SUPP,40%,95%,100%,SUPP,SUPP,10%,86%,96%,SUPP,SUPP,20%,90%,100%,SUPP,SUPP,0%,24%,85%,SUPP,SUPP,0%,19%,85%,SUPP,SUPP,0%,19%,81%,SUPP,SUPP,0%,0%,63%,SUPP,SUPP,53,91%,0,0%,2,3%,12,21%,14,24%,,,,,,,,,,,,,,,,,,,,,60,15%,85%,82%,12%,44%,0%,88%,14%,0.9,-0.6,2.5,1.3,-0.2,2.7,0.6,-0.8,1.9,106,106,1.6,1.8,1.0,3,2,3
1,24140,919,2337,137238,Hammond Academy,Cambrian Way,,,Hemel Hempstead,HP2 5TD,01442404020,E14000739,Hemel Hempstead,0,,,ACC,0,Does not apply,3-11,0,0,384,56,56,28,28,50%,50%,7.6,15,29%,22,42%,15,29%,4,7%,22,39%,34,61%,19,34%,50,89%,41%,0%,-1.6,-3.3,0.1,91%,-3.7,-5.3,-2.0,91%,-3.7,-5.3,-2.1,91%,66%,21%,2%,104,55%,11%,0%,102,54%,7%,2%,100,52%,2%,32%,0%,80%,0%,36%,46%,0%,45%,80%,18%,56%,-48,53%,46%,0%,0%,0%,0%,0%,0%,0%,-10,0%,0%,-2.2,-4.6,0.2,-0.9,-3.4,1.6,-1.7,-4.8,1.5,-1.7,-4.3,0.9,-1.3,-4.6,2.0,-2.5,-5.3,0.2,-1.0,-3.2,1.2,-2.9,-2.1,-5.3,1.1,-1.6,-3.4,0.2,-4.5,-6.8,-2.2,-2.8,-5.2,-0.4,-3.7,-6.8,-0.7,-3.9,-6.5,-1.4,-3.2,-6.4,0.0,-6.3,-8.9,-3.7,-1.9,-4.0,0.3,-6.7,-2.0,-5.2,1.2,-3.7,-5.4,-1.9,-2.5,-4.7,-0.2,-5.0,-7.4,-2.7,-3.6,-6.6,-0.6,-3.4,-5.9,-0.9,-4.3,-7.4,-1.2,-7.1,-9.7,-4.5,-1.5,-3.6,0.6,-7.6,-1.2,-4.2,1.8,-3.2,-4.9,-1.5,102,106,98,104,110,103,104,103,104,100,100,94,101,105,97,102,102,101,100,103,96,101,107,100,103,103,102,40%,68%,93%,59%,71%,20%,50%,100%,45%,62%,20%,59%,87%,27%,71%,13%,55%,87%,32%,65%,0%,18%,53%,18%,24%,0%,9%,27%,9%,12%,0%,5%,20%,0%,12%,0%,0%,7%,0%,3%,37,66%,0,0%,2,4%,20,36%,22,39%,,,,,,,,,,,,,,,,,,,,,57,26%,74%,54%,9%,33%,7%,62%,10%,-3.1,-4.7,-1.4,-1.2,-2.7,0.3,-1.2,-2.6,0.3,102,104,-1.8,-3.8,-4.2,3,5,5
1,30878,919,2338,117283,Kings Langley Primary School,Common Lane,,,Kings Langley,WD4 8DQ,01923263321,E14000739,Hemel Hempstead,0,,,CY,0,Does not apply,3-11,0,0,449,59,58,31,27,53%,47%,8.1,9,16%,23,40%,25,44%,1,2%,7,12%,51,88%,0,0%,57,98%,71%,7%,1.5,-0.1,3.1,98%,-0.9,-2.4,0.7,98%,2.3,0.7,3.8,98%,88%,40%,0%,107,88%,48%,0%,108,86%,34%,0%,107,74%,7%,26%,0%,86%,0%,71%,70%,11%,70%,96%,71%,71%,5,,70%,10%,4%,0%,0%,16%,0%,8%,-10,,7%,2.6,0.4,4.9,0.2,-2.1,2.6,4.4,0.2,8.5,2.2,-0.3,4.8,-0.2,-2.7,2.3,0.1,-4.6,4.7,1.7,0.0,3.4,-0.3,NA,NA,NA,1.5,-0.1,3.2,-0.6,-2.7,1.6,-1.2,-3.5,1.1,2.1,-1.8,6.1,-1.3,-3.7,1.2,-1.6,-4.0,0.8,-0.9,-5.3,3.6,-0.9,-2.6,0.8,-1.3,NA,NA,NA,-0.8,-2.4,0.7,3.0,0.9,5.1,1.5,-0.8,3.7,4.1,0.2,8.0,2.5,0.1,5.0,1.3,-1.0,3.7,0.4,-4.0,4.8,2.5,0.9,4.2,-0.1,NA,NA,NA,2.3,0.7,3.8,108,106,100,107,111,104,108,,107,108,106,99,107,111,104,108,,107,109,108,98,109,112,105,109,,108,56%,87%,100%,100%,86%,33%,100%,100%,71%,90%,44%,91%,100%,86%,86%,22%,74%,96%,71%,75%,0%,35%,60%,0%,45%,0%,43%,72%,14%,53%,0%,22%,60%,0%,39%,0%,0%,16%,0%,8%,58,100%,0,0%,0,0%,7,12%,7,12%,,,,,,,,,,,,,,,,,,,,,60,13%,87%,60%,17%,38%,0%,63%,19%,-0.3,-1.8,1.3,0.4,-1.1,1.9,-0.5,-1.9,0.9,104,105,1.5,-0.9,2.3,3,3,2
1,20606,919,2339,117284,Forres Primary School,Stanstead Road,,,Hoddesdon,EN11 0RW,01992467821,E14000606,Broxbourne,0,,,CY,0,Does not apply,5-11,0,0,307,51,47,25,22,53%,47%,7.7,12,26%,20,43%,15,32%,0,0%,12,26%,35,74%,8,17%,46,98%,43%,2%,-3.5,-5.3,-1.7,98%,-0.5,-2.2,1.2,100%,-4.4,-6.1,-2.7,100%,60%,13%,2%,101,53%,15%,0%,100,47%,13%,0%,99,72%,4%,26%,0%,81%,0%,60%,23%,0%,40%,80%,17%,51%,-49,50%,41%,4%,0%,0%,0%,7%,0%,3%,-10,0%,2%,-2.8,-5.3,-0.3,-4.3,-7.0,-1.7,0.5,-3.0,4.1,-4.1,-7.0,-1.3,-5.9,-9.1,-2.8,0.0,-3.5,3.6,-4.8,-6.9,-2.7,-0.4,-4.6,-8.9,-0.2,-3.5,-5.3,-1.7,-0.6,-3.0,1.7,-0.4,-2.9,2.1,4.0,0.6,7.4,-1.2,-3.8,1.5,-3.3,-6.3,-0.2,3.5,0.1,6.9,-1.9,-3.9,0.1,3.1,-1.8,-6.0,2.4,-0.5,-2.3,1.2,-2.4,-4.7,-0.1,-6.7,-9.2,-4.3,-5.0,-8.4,-1.7,-3.7,-6.3,-1.1,-4.9,-7.9,-1.9,-5.9,-9.2,-2.5,-3.9,-5.9,-1.9,-6.4,-1.8,-5.9,2.3,-4.5,-6.2,-2.8,102,100,95,101,106,99,102,100,101,101,97,88,100,106,93,102,102,99,102,99,91,99,108,95,102,104,100,17%,60%,93%,42%,66%,0%,50%,100%,25%,63%,0%,45%,87%,17%,57%,33%,75%,100%,67%,74%,0%,10%,27%,8%,14%,0%,5%,40%,0%,20%,0%,5%,33%,0%,17%,0%,0%,13%,0%,6%,39,83%,0,0%,4,9%,9,19%,13,28%,,,,,,,,,,,,,,,,,,,,,48,27%,73%,50%,4%,54%,0%,49%,6%,-2.1,-4.0,-0.3,-0.1,-1.8,1.6,-1.0,-2.6,0.5,101,102,-3.5,-0.5,-4.5,5,3,5
1,35920,919,2341,117285,Martins Wood Primary School,Mildmay Road,,,Stevenage,SG1 5RT,,E14000968,Stevenage,0,,,CY,1,Does not apply,2-11,0,0,0,0,80,31,49,39%,61%,7.8,16,21%,28,36%,33,43%,3,4%,19,24%,61,76%,6,8%,76,95%,36%,0%,-3.0,-4.4,-1.6,94%,-1.4,-2.8,0.0,94%,-4.1,-5.5,-2.8,93%,59%,14%,3%,102,74%,21%,3%,104,48%,8%,4%,100,69%,10%,19%,3%,79%,3%,42%,33%,0%,18%,67%,16%,43%,-50,67%,36%,0%,0%,0%,0%,0%,0%,0%,-10,0%,0%,-4.9,-7.2,-2.5,-1.8,-3.6,0.0,2.0,-1.1,5.2,-4.2,-6.5,-1.8,-4.3,-6.4,-2.1,-2.7,-5.6,0.2,-3.1,-4.7,-1.4,-3.1,SUPP,SUPP,SUPP,-3.2,-4.7,-1.8,-4.3,-6.6,-2.1,0.3,-1.4,2.1,-0.8,-3.8,2.3,-1.4,-3.7,0.8,-1.6,-3.7,0.4,-3.2,-6.0,-0.4,-0.8,-2.4,0.7,-3.6,SUPP,SUPP,SUPP,-1.4,-2.8,0.0,-3.9,-6.1,-1.7,-4.2,-5.9,-2.6,0.2,-2.7,3.2,-5.8,-8.1,-3.5,-4.8,-6.8,-2.7,-3.0,-5.8,-0.2,-4.4,-6.0,-2.9,-3.5,SUPP,SUPP,SUPP,-4.1,-5.5,-2.8,102,102,94,101,106,96,103,104,102,102,99,92,98,105,96,101,106,100,104,103,95,102,109,99,105,109,104,6%,57%,85%,21%,70%,19%,79%,100%,47%,82%,0%,32%,82%,21%,56%,13%,75%,91%,37%,79%,0%,11%,24%,5%,16%,0%,0%,52%,16%,23%,0%,0%,18%,5%,8%,0%,0%,24%,5%,11%,74,93%,0,0%,3,4%,14,18%,17,21%,,,,,,,,,,,,,,,,,,,,,85,27%,73%,49%,8%,26%,4%,58%,10%,-2.0,-3.4,-0.7,-2.6,-3.8,-1.3,-2.0,-3.2,-0.8,102,103,-3.1,-1.4,-4.2,5,3,5
1,17180,919,2343,148710,Dundale Primary School and Nursery,"Dundale Primary School, Silk Mill Way",,,Tring,HP23 5DJ,01442822421,E14000951,South West Hertfordshire,0,,,ACC,0,Does not apply,3-11,0,0,208,24,22,8,14,36%,64%,7.1,12,55%,6,27%,4,18%,0,0%,6,27%,16,73%,1,5%,21,95%,55%,5%,1.1,-1.5,3.8,100%,0.8,-1.8,3.3,100%,1.2,-1.3,3.7,100%,68%,23%,0%,103,55%,5%,0%,100,68%,14%,0%,102,64%,5%,32%,0%,68%,0%,38%,64%,33%,83%,SUPP,33%,63%,-33,SUPP,52%,0%,7%,0%,0%,SUPP,0%,6%,-10,SUPP,5%,0.2,-4.2,4.5,1.7,-1.6,5.0,3.0,-0.6,6.5,-0.9,-5.9,4.2,SUPP,SUPP,SUPP,0.6,-4.4,5.6,1.3,-1.8,4.4,0.2,SUPP,SUPP,SUPP,1.3,-1.4,4.0,-0.1,-4.3,4.1,1.3,-1.9,4.4,2.7,-0.7,6.1,0.2,-4.6,5.1,SUPP,SUPP,SUPP,-0.1,-4.9,4.8,1.1,-1.9,4.0,-0.5,SUPP,SUPP,SUPP,0.8,-1.8,3.3,2.5,-1.6,6.6,0.5,-2.6,3.6,2.7,-0.7,6.0,0.6,-4.1,5.4,SUPP,SUPP,SUPP,2.0,-2.7,6.8,0.9,-2.0,3.8,1.5,SUPP,SUPP,SUPP,1.4,-1.2,3.9,100,105,100,104,SUPP,100,104,SUPP,103,101,103,99,105,SUPP,100,103,SUPP,102,96,102,97,102,SUPP,95,102,SUPP,100,58%,83%,SUPP,50%,75%,33%,67%,SUPP,17%,69%,42%,100%,SUPP,50%,75%,50%,83%,SUPP,50%,69%,8%,17%,SUPP,17%,25%,0%,0%,SUPP,0%,6%,0%,17%,SUPP,0%,19%,0%,0%,SUPP,0%,6%,21,95%,0,0%,1,5%,6,27%,7,32%,,,,,,,,,,,,,,,,,,,,,29,34%,66%,45%,3%,30%,0%,53%,5%,-5.3,-7.5,-3.0,-6.5,-8.6,-4.4,-4.4,-6.3,-2.4,100,101,1.1,0.8,1.2,3,3,3
1,14654,919,2344,140708,Crabtree Junior School,Crabtree Lane,,,Harpenden,AL5 5PU,01582623501,E14000749,Hitchin and Harpenden,0,,,ACC,0,Does not apply,7-11,0,0,255,65,65,29,36,45%,55%,8.7,7,12%,18,31%,34,58%,6,9%,2,3%,63,97%,6,9%,63,97%,75%,12%,1.1,-0.6,2.7,88%,-1.2,-2.8,0.4,88%,-0.8,-2.3,0.8,88%,89%,51%,0%,110,82%,49%,0%,109,83%,40%,0%,107,78%,20%,12%,5%,82%,5%,76%,75%,0%,78%,94%,SUPP,SUPP,SUPP,100%,78%,14%,11%,0%,0%,24%,SUPP,SUPP,SUPP,17%,13%,1.9,-0.6,4.4,0.5,-1.7,2.6,-0.6,-5.6,4.4,2.3,-0.6,5.2,0.7,-1.4,2.9,SUPP,SUPP,SUPP,SUPP,SUPP,SUPP,SUPP,SUPP,SUPP,SUPP,1.1,-0.6,2.7,-0.4,-2.8,2.1,-1.8,-3.9,0.3,-6.6,-11.4,-1.7,0.5,-2.3,3.3,-1.2,-3.2,0.9,SUPP,SUPP,SUPP,SUPP,SUPP,SUPP,SUPP,SUPP,SUPP,SUPP,-1.2,-2.8,0.4,2.5,0.1,4.8,-3.1,-5.1,-1.1,-4.6,-9.4,0.1,-0.6,-3.3,2.1,-0.1,-2.2,1.9,SUPP,SUPP,SUPP,SUPP,SUPP,SUPP,SUPP,SUPP,SUPP,SUPP,-0.8,-2.3,0.8,111,110,100,107,113,SUPP,SUPP,111,110,110,105,94,104,111,SUPP,SUPP,112,107,109,110,97,105,114,SUPP,SUPP,113,109,43%,94%,97%,SUPP,SUPP,14%,83%,97%,SUPP,SUPP,14%,83%,97%,SUPP,SUPP,0%,89%,94%,SUPP,SUPP,0%,39%,68%,SUPP,SUPP,0%,17%,82%,SUPP,SUPP,0%,11%,62%,SUPP,SUPP,0%,6%,35%,SUPP,SUPP,58,89%,1,2%,2,3%,7,11%,9,14%,,,,,,,,,,,,,,,,,,,,,64,3%,97%,78%,34%,SUPP,SUPP,SUPP,SUPP,1.2,-0.4,2.8,2.1,0.7,3.6,0.7,-0.6,2.1,109,109,1.0,-1.4,-0.8,3,3,3
1,2630,919,2348,117289,Arnett Hills Junior Mixed and Infant School,Berry Lane,,,Rickmansworth,WD3 4BT,01923720507,E14000951,South West Hertfordshire,0,,,CY,0,Does not apply,4-11,0,0,207,30,29,16,13,55%,45%,7.8,5,18%,16,57%,7,25%,1,3%,2,7%,27,93%,0,0%,26,90%,48%,7%,1.4,-1.0,3.7,97%,-3.4,-5.7,-1.2,97%,-0.7,-2.9,1.5,97%,86%,31%,0%,106,76%,31%,0%,106,69%,14%,0%,103,48%,7%,48%,0%,97%,0%,50%,46%,SUPP,50%,86%,SUPP,SUPP,SUPP,,54%,13%,0%,SUPP,0%,29%,SUPP,SUPP,SUPP,,8%,0.6,-2.6,3.8,2.2,-1.2,5.6,SUPP,SUPP,SUPP,0.0,-3.1,3.0,3.2,-1.5,7.8,SUPP,SUPP,SUPP,SUPP,SUPP,SUPP,SUPP,NA,NA,NA,1.4,-1.0,3.8,-3.8,-6.9,-0.8,-3.0,-6.2,0.3,SUPP,SUPP,SUPP,-3.4,-6.3,-0.4,-1.9,-6.4,2.6,SUPP,SUPP,SUPP,SUPP,SUPP,SUPP,SUPP,NA,NA,NA,-2.5,-4.8,-0.2,0.6,-2.4,3.6,-2.2,-5.5,1.0,SUPP,SUPP,SUPP,-1.8,-4.7,1.1,1.1,-3.3,5.4,SUPP,SUPP,SUPP,SUPP,SUPP,SUPP,SUPP,NA,NA,NA,-0.9,-3.1,1.4,106,106,SUPP,104,114,SUPP,SUPP,,106,105,100,SUPP,102,111,SUPP,SUPP,,103,108,105,SUPP,106,114,SUPP,SUPP,,107,SUPP,88%,100%,SUPP,SUPP,SUPP,81%,100%,SUPP,SUPP,SUPP,69%,100%,SUPP,SUPP,SUPP,50%,86%,SUPP,SUPP,SUPP,19%,86%,SUPP,SUPP,SUPP,25%,71%,SUPP,SUPP,SUPP,0%,57%,SUPP,SUPP,SUPP,0%,29%,SUPP,SUPP,29,100%,0,0%,0,0%,3,10%,3,10%,,,,,,,,,,,,,,,,,,,,,31,10%,90%,68%,16%,SUPP,SUPP,SUPP,SUPP,1.3,-0.9,3.5,3.8,1.8,5.8,-1.5,-3.3,0.4,107,104,1.2,-3.4,-0.7,3,5,3
1,27844,919,2349,117290,Holywell Primary School,Tolpits Lane,,,Watford,WD18 6LL,01923225188,E14001021,Watford,0,,,CY,0,Does not apply,3-11,0,0,232,39,38,21,17,55%,45%,7.4,10,29%,18,51%,7,20%,3,8%,14,37%,24,63%,14,37%,33,87%,50%,0%,-2.0,-4.1,0.2,89%,-3.3,-5.3,-1.3,92%,-2.2,-4.2,-0.2,89%,63%,13%,3%,102,61%,29%,3%,102,55%,29%,3%,101,68%,0%,11%,0%,71%,0%,43%,59%,0%,50%,100%,21%,67%,-45,57%,45%,0%,0%,0%,0%,0%,0%,0%,-10,0%,0%,-3.4,-6.2,-0.6,-0.1,-3.3,3.1,-3.1,-7.2,1.0,-1.9,-4.8,1.0,-0.7,-5.4,4.0,-4.5,-8.0,-1.1,-0.4,-3.0,2.3,-4.9,-0.7,-4.3,2.8,-2.2,-4.4,0.0,-5.0,-7.7,-2.4,-1.0,-4.0,2.1,-6.4,-10.2,-2.7,-1.8,-4.6,1.0,-2.5,-7.0,1.9,-5.5,-8.6,-2.3,-1.8,-4.4,0.8,-5.9,0.2,-3.3,3.6,-3.6,-5.7,-1.5,-3.5,-6.1,-0.8,-0.6,-3.5,2.4,-6.2,-10.1,-2.3,-2.1,-4.8,0.7,2.7,-1.7,7.1,-4.3,-7.5,-1.1,-0.9,-3.4,1.6,-4.8,0.6,-2.8,3.9,-2.5,-4.6,-0.4,102,103,94,103,110,96,106,104,102,101,102,90,102,112,96,104,105,101,102,103,92,103,111,97,105,104,102,10%,72%,100%,36%,79%,10%,67%,100%,36%,75%,0%,61%,100%,29%,71%,20%,78%,100%,50%,79%,10%,11%,29%,7%,17%,0%,22%,71%,14%,38%,0%,17%,86%,14%,38%,0%,0%,0%,0%,0%,24,63%,0,0%,2,5%,5,13%,7,18%,,,,,,,,,,,,,,,,,,,,,81,33%,67%,58%,7%,52%,11%,61%,6%,-0.6,-2.0,0.8,0.8,-0.5,2.1,0.3,-1.0,1.5,102,104,-2.0,-3.3,-2.3,3,5,4
1,63176,919,2353,117292,Trotts Hill Primary and Nursery School,Wisden Road,,,Stevenage,SG1 5JD,01438314189,E14000968,Stevenage,0,,,CY,0,Does not apply,4-11,0,0,237,28,27,9,18,33%,67%,8.3,2,7%,16,59%,9,33%,0,0%,6,22%,21,78%,2,7%,24,89%,93%,22%,3.4,1.0,5.7,100%,2.9,0.6,5.2,100%,4.0,1.8,6.2,100%,96%,52%,0%,110,96%,41%,0%,109,96%,56%,0%,110,96%,30%,4%,0%,85%,0%,89%,94%,SUPP,94%,100%,83%,95%,17,SUPP,96%,22%,22%,SUPP,0%,67%,0%,29%,-10,SUPP,25%,2.8,-1.3,6.9,3.6,0.7,6.5,SUPP,SUPP,SUPP,3.6,0.5,6.7,3.8,-0.4,7.9,2.3,-2.7,7.4,3.6,1.0,6.3,1.9,SUPP,SUPP,SUPP,3.1,0.6,5.6,1.0,-2.9,5.0,3.9,1.1,6.7,SUPP,SUPP,SUPP,3.0,0.0,6.0,2.9,-1.0,6.9,1.9,-2.9,6.8,3.2,0.6,5.8,1.5,SUPP,SUPP,SUPP,3.0,0.6,5.4,6.5,2.7,10.4,2.7,0.0,5.5,SUPP,SUPP,SUPP,3.2,0.3,6.1,4.8,0.9,8.7,0.1,-4.6,4.8,5.1,2.6,7.6,-0.4,SUPP,SUPP,SUPP,4.4,2.1,6.8,110,110,SUPP,108,115,107,111,SUPP,110,113,108,SUPP,107,115,104,111,SUPP,110,110,108,SUPP,106,115,106,110,SUPP,109,SUPP,100%,100%,100%,95%,SUPP,100%,100%,100%,95%,SUPP,94%,100%,83%,100%,SUPP,100%,100%,100%,95%,SUPP,38%,89%,33%,57%,SUPP,19%,89%,17%,48%,SUPP,44%,89%,33%,62%,SUPP,13%,67%,0%,38%,25,93%,0,0%,0,0%,6,22%,6,22%,,,,,,,,,,,,,,,,,,,,,30,13%,87%,87%,30%,SUPP,SUPP,SUPP,SUPP,5.7,3.5,8.0,4.3,2.2,6.4,5.8,3.8,7.8,109,110,3.4,2.9,4.0,1,1,1
1,8546,919,2385,144908,Bromet Primary School,Oxhey Road,,,Watford,WD19 4SG,01923481310,E14001021,Watford,0,,,ACC,0,Does not apply,5-11,0,0,275,39,39,23,16,59%,41%,8.4,7,18%,11,29%,20,53%,1,3%,6,15%,33,85%,9,23%,38,97%,64%,23%,-0.6,-2.7,1.4,95%,-0.6,-2.5,1.3,97%,1.5,-0.5,3.4,95%,69%,44%,3%,106,69%,33%,3%,105,85%,38%,3%,107,74%,23%,26%,0%,85%,0%,70%,56%,0%,55%,95%,33%,70%,-33,78%,66%,26%,19%,0%,0%,45%,0%,27%,-10,44%,24%,-0.4,-3.0,2.2,-0.9,-4.1,2.2,-0.9,-5.6,3.7,-4.5,-8.2,-0.8,1.7,-1.1,4.6,-4.5,-9.5,0.5,0.1,-2.1,2.3,-4.9,1.1,-3.3,5.4,-0.6,-2.7,1.4,-0.4,-2.9,2.1,-0.9,-4.0,2.1,-2.0,-6.5,2.5,-2.3,-5.9,1.3,0.8,-1.9,3.4,-4.7,-9.5,0.2,0.1,-2.0,2.2,-5.1,1.9,-2.3,6.1,-0.6,-2.5,1.3,2.1,-0.3,4.6,0.5,-2.5,3.5,2.3,-2.1,6.7,-0.2,-3.7,3.3,2.1,-0.6,4.7,-0.4,-5.1,4.3,1.8,-0.3,3.9,-0.9,2.6,-1.5,6.7,1.5,-0.5,3.4,107,105,96,101,113,100,107,109,106,108,106,98,104,112,104,108,110,107,106,104,95,101,111,98,106,110,105,29%,55%,95%,33%,76%,29%,55%,95%,50%,73%,57%,82%,95%,67%,88%,0%,73%,100%,50%,79%,14%,0%,80%,17%,48%,0%,18%,55%,0%,39%,0%,18%,65%,17%,42%,0%,0%,45%,0%,27%,30,77%,0,0%,0,0%,6,15%,6,15%,,,,,,,,,,,,,,,,,,,,,40,20%,80%,55%,13%,38%,0%,59%,16%,-0.5,-2.5,1.5,0.5,-1.3,2.3,-0.4,-2.1,1.4,104,104,-0.7,-0.6,1.5,3,3,3
1,42864,919,2356,117294,Panshanger Primary School,Daniells,,,Welwyn Garden City,AL7 1QY,01707328846,E14001027,Welwyn Hatfield,0,,,CY,0,Does not apply,3-11,0,0,233,28,28,15,13,54%,46%,7.6,8,30%,10,37%,9,33%,1,4%,4,14%,24,86%,6,21%,27,96%,57%,7%,0.4,-2.0,2.9,93%,-1.4,-3.7,0.9,96%,0.3,-1.9,2.6,93%,68%,32%,4%,106,71%,29%,4%,104,71%,21%,4%,104,64%,7%,32%,0%,71%,0%,60%,54%,0%,60%,100%,SUPP,SUPP,SUPP,83%,56%,7%,8%,0%,0%,22%,SUPP,SUPP,SUPP,0%,7%,-2.5,-5.9,1.0,3.3,-0.1,6.8,-1.6,-6.3,3.0,-0.8,-4.7,3.1,3.5,-0.7,7.6,SUPP,SUPP,SUPP,SUPP,SUPP,SUPP,SUPP,SUPP,SUPP,SUPP,0.4,-2.0,2.9,-1.9,-5.0,1.3,-0.9,-4.2,2.4,-3.0,-7.2,1.2,-1.0,-4.7,2.8,-0.5,-4.5,3.4,SUPP,SUPP,SUPP,SUPP,SUPP,SUPP,SUPP,SUPP,SUPP,SUPP,-1.4,-3.7,0.9,0.8,-2.4,4.0,-0.1,-3.3,3.1,2.5,-1.9,6.9,-0.5,-4.2,3.1,-0.4,-4.2,3.5,SUPP,SUPP,SUPP,SUPP,SUPP,SUPP,SUPP,SUPP,SUPP,SUPP,0.3,-1.9,2.6,104,108,97,104,114,SUPP,SUPP,110,106,104,104,96,104,109,SUPP,SUPP,108,104,103,106,94,104,113,SUPP,SUPP,111,104,13%,80%,100%,SUPP,SUPP,25%,80%,100%,SUPP,SUPP,25%,80%,100%,SUPP,SUPP,0%,80%,100%,SUPP,SUPP,13%,10%,67%,SUPP,SUPP,0%,10%,78%,SUPP,SUPP,0%,20%,44%,SUPP,SUPP,0%,0%,22%,SUPP,SUPP,22,79%,0,0%,2,7%,11,39%,13,46%,,,,,,,,,,,,,,,,,,,,,30,20%,80%,77%,7%,50%,0%,83%,8%,0.3,-1.9,2.5,0.5,-1.5,2.6,-0.8,-2.7,1.1,105,105,0.4,-1.4,0.3,3,3,3
1,7104,919,2360,117296,Bournehall Primary School,Bournehall Avenue,,,Bushey,WD23 3AX,02089504438,E14000745,Hertsmere,0,,,CY,0,Does not apply,4-11,0,0,209,28,28,16,12,57%,43%,7.9,6,21%,13,46%,9,32%,0,0%,7,25%,21,75%,4,14%,25,89%,71%,7%,3.3,1.0,5.7,100%,-1.1,-3.4,1.1,100%,3.2,1.0,5.4,100%,96%,39%,0%,108,93%,50%,0%,109,89%,32%,0%,107,71%,7%,25%,0%,86%,0%,69%,75%,17%,77%,100%,57%,76%,-9,SUPP,68%,6%,8%,0%,0%,22%,0%,10%,-10,SUPP,8%,2.9,-0.2,5.9,3.9,0.4,7.5,7.5,2.5,12.6,2.7,-0.7,6.1,1.4,-2.7,5.5,4.1,-0.6,8.7,3.1,0.4,5.8,3.7,SUPP,SUPP,SUPP,2.9,0.4,5.4,-1.7,-4.7,1.2,-0.3,-3.7,3.1,-2.6,-7.4,2.3,-0.7,-4.0,2.6,-0.8,-4.7,3.2,-1.5,-6.0,2.9,-1.0,-3.6,1.6,-1.9,SUPP,SUPP,SUPP,-1.3,-3.6,1.1,3.5,0.6,6.4,2.7,-0.6,6.1,3.5,-1.2,8.2,3.2,0.0,6.5,2.9,-1.0,6.7,4.6,0.2,8.9,2.7,0.2,5.2,4.1,SUPP,SUPP,SUPP,3.0,0.7,5.3,108,109,105,107,113,107,109,SUPP,108,108,107,100,107,113,107,108,SUPP,107,108,109,101,108,114,107,109,SUPP,108,83%,100%,100%,100%,95%,67%,100%,100%,100%,90%,50%,100%,100%,100%,86%,17%,77%,100%,57%,76%,0%,31%,78%,29%,43%,0%,38%,100%,43%,52%,0%,15%,78%,14%,38%,0%,0%,22%,0%,10%,24,86%,0,0%,2,7%,1,4%,3,11%,,,,,,,,,,,,,,,,,,,,,30,20%,80%,80%,17%,50%,0%,88%,21%,0.7,-1.5,2.9,0.2,-1.9,2.2,-0.9,-2.8,1.1,107,106,3.3,-1.1,3.2,1,3,1
1,37092,919,2362,117297,Mill Mead Primary School,Mill Mead Primary School Port Vale,,,Hertford,SG14 3AA,01992582776,E14000744,Hertford and Stortford,0,,,CY,0,Does not apply,3-11,0,0,231,30,30,14,16,47%,53%,8.4,4,13%,9,30%,17,57%,0,0%,1,3%,29,97%,6,20%,28,93%,80%,13%,3.5,1.3,5.8,100%,2.0,-0.1,4.2,100%,0.9,-1.2,3.0,100%,93%,63%,0%,111,93%,43%,0%,109,80%,40%,0%,107,97%,23%,3%,0%,97%,3%,86%,75%,SUPP,78%,100%,SUPP,SUPP,SUPP,83%,82%,14%,13%,SUPP,0%,24%,SUPP,SUPP,SUPP,0%,14%,2.5,-0.8,5.8,4.5,1.4,7.5,SUPP,SUPP,SUPP,5.3,1.2,9.4,2.4,-0.6,5.4,SUPP,SUPP,SUPP,SUPP,SUPP,SUPP,SUPP,3.2,-1.9,8.2,4.1,1.8,6.5,1.0,-2.2,4.1,2.9,0.0,5.9,SUPP,SUPP,SUPP,5.2,1.2,9.1,-0.6,-3.5,2.2,SUPP,SUPP,SUPP,SUPP,SUPP,SUPP,SUPP,-0.6,-5.4,4.3,2.3,0.1,4.6,2.5,-0.6,5.6,-0.5,-3.4,2.4,SUPP,SUPP,SUPP,2.1,-1.7,6.0,1.0,-1.8,3.8,SUPP,SUPP,SUPP,SUPP,SUPP,SUPP,SUPP,-0.2,-4.9,4.5,1.5,-0.6,3.7,111,111,SUPP,109,114,SUPP,SUPP,111,112,110,105,SUPP,105,111,SUPP,SUPP,106,108,108,109,SUPP,106,112,SUPP,SUPP,109,109,SUPP,89%,100%,SUPP,SUPP,SUPP,100%,100%,SUPP,SUPP,SUPP,78%,100%,SUPP,SUPP,SUPP,100%,100%,SUPP,SUPP,SUPP,33%,94%,SUPP,SUPP,SUPP,0%,76%,SUPP,SUPP,SUPP,11%,65%,SUPP,SUPP,SUPP,22%,29%,SUPP,SUPP,24,80%,0,0%,0,0%,2,7%,2,7%,,,,,,,,,,,,,,,,,,,,,30,0%,100%,80%,17%,,,SUPP,SUPP,1.5,-0.8,3.7,1.8,-0.3,3.9,3.0,1.0,5.0,106,108,3.5,2.0,0.9,1,3,3
1,35510,919,2364,117298,Maple Primary School,Hall Place Gardens,,Maple Primary School,St Albans,AL1 3SW,01727859053,E14000960,St Albans,0,,,CY,0,Does not apply,4-11,0,0,242,61,57,30,27,53%,47%,8.5,4,9%,18,39%,24,52%,11,19%,2,4%,55,96%,22,39%,52,91%,84%,25%,3.3,1.5,5.1,81%,1.1,-0.6,2.9,81%,3.1,1.4,4.8,81%,93%,65%,0%,111,91%,54%,0%,110,91%,60%,0%,110,88%,26%,11%,0%,91%,0%,73%,96%,SUPP,89%,100%,SUPP,SUPP,SUPP,86%,87%,20%,30%,SUPP,6%,54%,SUPP,SUPP,SUPP,23%,27%,2.4,-0.1,5.0,4.1,1.5,6.7,SUPP,SUPP,SUPP,4.9,2.0,7.8,3.5,1.0,6.0,SUPP,SUPP,SUPP,SUPP,SUPP,SUPP,SUPP,4.0,0.9,7.2,3.3,1.4,5.1,1.0,-1.5,3.4,1.2,-1.2,3.7,SUPP,SUPP,SUPP,2.3,-0.5,5.1,1.5,-1.0,3.9,SUPP,SUPP,SUPP,SUPP,SUPP,SUPP,SUPP,1.1,-2.0,4.2,1.2,-0.6,2.9,2.9,0.5,5.3,3.3,0.9,5.7,SUPP,SUPP,SUPP,3.7,0.9,6.4,3.8,1.4,6.1,SUPP,SUPP,SUPP,SUPP,SUPP,SUPP,SUPP,4.0,1.0,7.0,3.2,1.4,4.9,109,113,SUPP,110,115,SUPP,SUPP,111,111,110,111,SUPP,108,114,SUPP,SUPP,112,111,108,111,SUPP,108,115,SUPP,SUPP,111,110,SUPP,100%,100%,SUPP,SUPP,SUPP,100%,100%,SUPP,SUPP,SUPP,89%,100%,SUPP,SUPP,SUPP,100%,100%,SUPP,SUPP,SUPP,50%,96%,SUPP,SUPP,SUPP,28%,92%,SUPP,SUPP,SUPP,39%,88%,SUPP,SUPP,SUPP,6%,54%,SUPP,SUPP,35,61%,0,0%,2,4%,8,14%,10,18%,,,,,,,,,,,,,,,,,,,,,29,10%,90%,83%,21%,SUPP,SUPP,SUPP,SUPP,3.1,0.7,5.5,0.5,-1.6,2.7,0.7,-1.4,2.8,110,108,3.3,1.1,3.1,1,3,2
1,47926,919,2365,117299,Round Diamond Primary School,Whitehorse Lane,Great Ashby Way,,Stevenage,SG1 6NH,,E14000749,Hitchin and Harpenden,149206,Round Diamond Primary School,20230101,CY,0,Does not apply,3-11,0,0,470,59,58,27,31,47%,53%,8.0,6,11%,32,57%,18,32%,2,3%,8,14%,50,86%,6,10%,51,88%,57%,12%,-2.1,-3.7,-0.4,97%,1.3,-0.3,2.9,97%,-1.0,-2.5,0.6,97%,71%,22%,0%,104,67%,16%,0%,103,71%,26%,0%,105,81%,24%,14%,0%,95%,0%,56%,58%,0%,47%,94%,25%,62%,-41,67%,61%,7%,16%,0%,3%,33%,0%,14%,-10,17%,14%,-1.4,-3.8,1.0,-2.7,-4.9,-0.4,-2.3,-7.3,2.8,-2.1,-4.3,0.1,-1.9,-4.8,1.0,-2.2,-6.6,2.1,-2.0,-3.8,-0.3,-2.6,1.3,-3.7,6.3,-2.0,-3.7,-0.3,-1.1,-3.4,1.3,3.4,1.2,5.6,0.5,-4.3,5.3,1.1,-1.0,3.2,2.0,-0.7,4.8,1.9,-2.3,6.1,1.2,-0.5,2.9,1.5,4.4,-0.4,9.3,1.5,-0.2,3.2,-1.2,-3.5,1.0,-0.8,-2.9,1.3,-1.8,-6.6,2.9,-1.2,-3.3,0.8,-0.4,-3.1,2.4,-4.1,-8.2,0.0,-0.5,-2.2,1.2,-4.6,3.9,-0.8,8.7,-0.5,-2.2,1.1,104,104,96,103,109,101,105,105,104,104,105,95,103,110,98,106,106,105,102,103,93,101,108,101,103,104,103,17%,69%,94%,75%,70%,17%,56%,100%,63%,68%,17%,63%,100%,25%,78%,17%,84%,100%,88%,80%,0%,13%,44%,0%,26%,0%,6%,39%,0%,18%,0%,19%,50%,0%,30%,0%,9%,56%,0%,28%,52,90%,0,0%,3,5%,9,16%,12,21%,,,,,,,,,,,,,,,,,,,,,60,17%,83%,80%,13%,70%,0%,82%,16%,-0.9,-2.4,0.7,-0.3,-1.8,1.1,0.8,-0.6,2.2,106,108,-2.1,1.3,-1.0,4,3,3
1,24860,919,2372,145256,Hartsbourne Primary School,Hartsbourne Road,,,Bushey,WD23 1SJ,02080759857,E14000745,Hertsmere,0,,,ACC,0,Does not apply,4-11,0,0,201,32,30,18,12,60%,40%,8.3,4,14%,13,45%,12,41%,1,3%,1,3%,29,97%,3,10%,27,90%,73%,7%,1.2,-1.1,3.5,97%,0.1,-2.1,2.3,97%,0.4,-1.7,2.6,97%,93%,43%,0%,108,97%,50%,0%,108,93%,30%,0%,106,80%,27%,20%,0%,90%,0%,61%,92%,SUPP,62%,100%,SUPP,SUPP,SUPP,SUPP,70%,11%,0%,SUPP,0%,17%,SUPP,SUPP,SUPP,SUPP,7%,1.4,-1.5,4.3,0.8,-2.9,4.5,SUPP,SUPP,SUPP,0.1,-3.3,3.5,0.6,-2.9,4.2,SUPP,SUPP,SUPP,SUPP,SUPP,SUPP,SUPP,SUPP,SUPP,SUPP,0.5,-1.9,2.9,-1.4,-4.2,1.4,2.6,-1.0,6.2,SUPP,SUPP,SUPP,-1.7,-4.9,1.6,1.1,-2.3,4.5,SUPP,SUPP,SUPP,SUPP,SUPP,SUPP,SUPP,SUPP,SUPP,SUPP,-0.7,-3.0,1.6,0.3,-2.4,3.1,0.6,-2.9,4.1,SUPP,SUPP,SUPP,-0.6,-3.8,2.7,-0.2,-3.6,3.1,SUPP,SUPP,SUPP,SUPP,SUPP,SUPP,SUPP,SUPP,SUPP,SUPP,0.0,-2.3,2.3,108,108,SUPP,105,112,SUPP,SUPP,SUPP,108,106,107,SUPP,104,110,SUPP,SUPP,SUPP,106,108,109,SUPP,107,112,SUPP,SUPP,SUPP,108,SUPP,92%,100%,SUPP,SUPP,SUPP,92%,100%,SUPP,SUPP,SUPP,100%,100%,SUPP,SUPP,SUPP,69%,100%,SUPP,SUPP,SUPP,23%,67%,SUPP,SUPP,SUPP,38%,83%,SUPP,SUPP,SUPP,8%,58%,SUPP,SUPP,SUPP,8%,50%,SUPP,SUPP,27,90%,0,0%,0,0%,4,13%,4,13%,,,,,,,,,,,,,,,,,,,,,30,13%,87%,77%,10%,SUPP,SUPP,SUPP,SUPP,1.9,-0.5,4.2,-0.2,-2.4,1.9,-0.1,-2.1,2.0,107,107,1.2,0.1,0.4,3,3,3
1,1798,919,2375,117302,Andrews Lane Primary School,Andrews Lane,Cheshunt,,Waltham Cross,EN7 6LB,01992623065,E14000606,Broxbourne,0,,,CY,0,Does not apply,3-11,0,0,197,29,28,13,15,46%,54%,7.3,6,22%,15,56%,6,22%,1,4%,13,46%,15,54%,5,18%,27,96%,57%,0%,-0.8,-3.2,1.5,96%,-1.0,-3.3,1.3,96%,-0.9,-3.1,1.4,96%,61%,7%,0%,102,75%,18%,0%,104,71%,14%,0%,101,64%,0%,32%,0%,75%,0%,46%,67%,17%,53%,100%,54%,60%,-12,SUPP,59%,0%,0%,0%,0%,0%,0%,0%,-10,SUPP,0%,-2.4,-5.9,1.0,0.7,-2.6,4.0,3.1,-2.0,8.1,-2.1,-5.2,1.1,-1.6,-6.7,3.4,-1.4,-4.8,2.1,-0.3,-3.6,3.0,-1.8,SUPP,SUPP,SUPP,-0.6,-3.0,1.8,-2.4,-5.7,0.9,0.3,-2.9,3.5,2.7,-2.1,7.5,-2.1,-5.2,0.9,-1.8,-6.7,3.0,-2.0,-5.3,1.2,0.0,-3.2,3.1,-2.4,SUPP,SUPP,SUPP,-0.8,-3.1,1.5,-2.4,-5.6,0.8,0.5,-2.6,3.6,1.8,-3.0,6.5,-2.1,-5.1,0.9,-0.5,-5.2,4.2,-2.2,-5.4,1.0,0.4,-2.7,3.5,-2.7,SUPP,SUPP,SUPP,-0.6,-2.9,1.7,101,102,94,103,108,101,103,SUPP,102,100,101,92,102,108,100,102,SUPP,101,103,105,96,104,110,103,105,SUPP,104,17%,60%,100%,54%,67%,17%,87%,100%,69%,80%,17%,80%,100%,69%,73%,17%,67%,100%,62%,67%,0%,0%,33%,0%,13%,0%,13%,50%,23%,13%,0%,7%,50%,8%,20%,0%,0%,0%,0%,0%,23,82%,0,0%,0,0%,5,18%,5,18%,,,,,,,,,,,,,,,,,,,,,24,42%,58%,67%,4%,60%,0%,71%,7%,1.3,-1.2,3.7,-2.9,-5.2,-0.7,0.1,-2.1,2.2,105,105,-0.8,-1.0,-0.9,3,3,3
1,39092,919,2378,117303,Newberries Primary School,Newberries Avenue,,,Radlett,WD7 7EL,01923857180,E14000745,Hertsmere,0,,,CY,0,Does not apply,4-11,0,0,179,28,30,19,11,63%,37%,8.1,6,21%,9,31%,14,48%,1,3%,1,3%,29,97%,1,3%,28,93%,53%,7%,0.2,-2.1,2.5,97%,-0.6,-2.8,1.6,97%,-3.6,-5.8,-1.5,97%,73%,40%,3%,106,73%,53%,3%,107,60%,30%,3%,102,67%,23%,23%,0%,80%,0%,63%,36%,0%,44%,86%,SUPP,SUPP,SUPP,SUPP,57%,5%,9%,0%,0%,14%,SUPP,SUPP,SUPP,SUPP,7%,1.1,-1.8,4.0,-1.3,-5.0,2.4,0.8,-4.2,5.9,1.1,-3.0,5.2,-0.7,-4.0,2.6,SUPP,SUPP,SUPP,SUPP,SUPP,SUPP,SUPP,SUPP,SUPP,SUPP,0.0,-2.4,2.3,-1.2,-4.0,1.6,0.5,-3.1,4.1,-3.5,-8.3,1.4,1.0,-3.0,4.9,-0.3,-3.5,2.9,SUPP,SUPP,SUPP,SUPP,SUPP,SUPP,SUPP,SUPP,SUPP,SUPP,-0.7,-3.0,1.5,-1.9,-4.6,0.8,-6.5,-10.0,-3.0,-7.0,-11.8,-2.3,-4.2,-8.1,-0.3,-1.8,-4.9,1.3,SUPP,SUPP,SUPP,SUPP,SUPP,SUPP,SUPP,SUPP,SUPP,SUPP,-3.8,-6.0,-1.6,107,104,95,106,111,SUPP,SUPP,SUPP,106,105,98,88,100,108,SUPP,SUPP,SUPP,102,107,107,92,107,113,SUPP,SUPP,SUPP,107,17%,89%,93%,SUPP,SUPP,17%,78%,100%,SUPP,SUPP,0%,44%,100%,SUPP,SUPP,0%,78%,93%,SUPP,SUPP,0%,22%,71%,SUPP,SUPP,0%,44%,86%,SUPP,SUPP,0%,22%,50%,SUPP,SUPP,0%,22%,36%,SUPP,SUPP,28,93%,1,3%,0,0%,8,27%,8,27%,,,,,,,,,,,,,,,,,,,,,30,7%,93%,73%,27%,SUPP,SUPP,SUPP,SUPP,0.6,-1.6,2.9,-1.4,-3.5,0.7,-0.6,-2.5,1.4,108,107,0.2,-0.6,-3.8,3,3,5
1,46858,919,2379,117304,Rickmansworth Park Junior Mixed and Infant School,Park Road,,,Rickmansworth,WD3 1HU,01923770265,E14000951,South West Hertfordshire,0,,,CY,0,Does not apply,5-11,0,0,198,30,30,15,15,50%,50%,8.3,3,10%,13,43%,14,47%,0,0%,3,10%,27,90%,5,17%,29,97%,73%,17%,0.5,-1.7,2.8,100%,2.8,0.7,5.0,100%,0.3,-1.8,2.4,100%,90%,40%,0%,107,83%,33%,0%,106,80%,30%,0%,106,90%,37%,10%,0%,90%,0%,67%,80%,SUPP,62%,93%,SUPP,SUPP,SUPP,SUPP,76%,20%,13%,SUPP,8%,29%,SUPP,SUPP,SUPP,SUPP,17%,1.0,-2.2,4.2,0.1,-3.1,3.3,SUPP,SUPP,SUPP,-0.1,-3.5,3.3,0.4,-2.9,3.7,SUPP,SUPP,SUPP,SUPP,SUPP,SUPP,SUPP,SUPP,SUPP,SUPP,0.6,-1.7,2.9,1.1,-1.9,4.2,4.5,1.5,7.6,SUPP,SUPP,SUPP,1.7,-1.6,5.0,3.4,0.3,6.6,SUPP,SUPP,SUPP,SUPP,SUPP,SUPP,SUPP,SUPP,SUPP,SUPP,2.7,0.5,4.9,0.7,-2.3,3.7,-0.1,-3.1,2.9,SUPP,SUPP,SUPP,2.0,-1.3,5.2,-1.7,-4.8,1.4,SUPP,SUPP,SUPP,SUPP,SUPP,SUPP,SUPP,SUPP,SUPP,SUPP,0.4,-1.7,2.6,108,107,SUPP,104,112,SUPP,SUPP,SUPP,108,107,105,SUPP,105,109,SUPP,SUPP,SUPP,107,105,106,SUPP,102,110,SUPP,SUPP,SUPP,106,SUPP,77%,100%,SUPP,SUPP,SUPP,69%,100%,SUPP,SUPP,SUPP,77%,93%,SUPP,SUPP,SUPP,85%,100%,SUPP,SUPP,SUPP,15%,71%,SUPP,SUPP,SUPP,15%,57%,SUPP,SUPP,SUPP,8%,57%,SUPP,SUPP,SUPP,8%,71%,SUPP,SUPP,25,83%,0,0%,1,3%,2,7%,3,10%,,,,,,,,,,,,,,,,,,,,,27,11%,89%,89%,15%,SUPP,SUPP,SUPP,SUPP,0.7,-1.7,3.1,1.7,-0.5,3.9,0.0,-2.1,2.1,107,107,0.5,2.8,0.3,3,2,3
1,35210,919,2380,117305,Mandeville Primary School,West Road,,,Sawbridgeworth,CM21 0BL,01279723737,E14000744,Hertford and Stortford,0,,,CY,0,Does not apply,3-11,0,0,226,28,30,19,11,63%,37%,8.1,5,17%,11,37%,14,47%,0,0%,3,10%,27,90%,1,3%,27,90%,63%,20%,0.6,-1.7,2.8,100%,0.1,-2.1,2.2,100%,0.7,-1.4,2.9,100%,83%,37%,0%,107,60%,37%,0%,104,73%,47%,0%,107,80%,20%,13%,0%,90%,0%,79%,36%,SUPP,55%,93%,SUPP,SUPP,SUPP,SUPP,59%,16%,27%,SUPP,0%,43%,SUPP,SUPP,SUPP,SUPP,19%,-0.4,-3.2,2.4,2.3,-1.4,6.0,SUPP,SUPP,SUPP,-0.9,-4.6,2.8,0.3,-3.0,3.6,SUPP,SUPP,SUPP,SUPP,SUPP,SUPP,SUPP,SUPP,SUPP,SUPP,-0.2,-2.6,2.2,-1.2,-3.9,1.5,2.3,-1.3,5.9,SUPP,SUPP,SUPP,-2.6,-6.2,1.0,1.2,-2.0,4.4,SUPP,SUPP,SUPP,SUPP,SUPP,SUPP,SUPP,SUPP,SUPP,SUPP,-0.3,-2.6,2.0,2.2,-0.5,4.8,-1.7,-5.2,1.8,SUPP,SUPP,SUPP,-0.5,-4.0,3.0,3.0,-0.1,6.1,SUPP,SUPP,SUPP,SUPP,SUPP,SUPP,SUPP,SUPP,SUPP,SUPP,0.3,-2.0,2.5,107,108,SUPP,104,111,SUPP,SUPP,SUPP,107,109,103,SUPP,103,113,SUPP,SUPP,SUPP,106,104,104,SUPP,98,111,SUPP,SUPP,SUPP,103,SUPP,73%,100%,SUPP,SUPP,SUPP,45%,86%,SUPP,SUPP,SUPP,82%,93%,SUPP,SUPP,SUPP,73%,100%,SUPP,SUPP,SUPP,9%,64%,SUPP,SUPP,SUPP,0%,79%,SUPP,SUPP,SUPP,9%,93%,SUPP,SUPP,SUPP,0%,43%,SUPP,SUPP,29,97%,0,0%,3,10%,1,3%,4,13%,,,,,,,,,,,,,,,,,,,,,30,17%,83%,80%,27%,SUPP,SUPP,SUPP,SUPP,1.3,-0.9,3.6,1.0,-1.1,3.0,1.2,-0.8,3.2,108,108,0.6,0.1,0.7,3,3,3
1,21732,919,2381,117306,Giles Junior School,Durham Road,,,Stevenage,SG1 4JQ,01438353374,E14000968,Stevenage,0,,,CY,0,Does not apply,7-11,0,0,329,87,86,53,33,62%,38%,7.8,19,23%,36,44%,27,33%,4,5%,29,34%,57,66%,18,21%,79,92%,57%,3%,-0.7,-2.1,0.7,94%,-3.1,-4.4,-1.8,95%,-2.0,-3.3,-0.7,94%,74%,34%,1%,105,59%,12%,1%,101,67%,16%,1%,103,71%,5%,8%,0%,79%,0%,60%,52%,5%,61%,93%,41%,65%,-25,83%,58%,4%,3%,0%,0%,11%,0%,5%,-10,6%,4%,-0.7,-2.4,1.0,-0.8,-3.0,1.5,-0.5,-3.4,2.4,-0.8,-2.8,1.3,-0.7,-3.1,1.6,0.3,-2.0,2.6,-1.3,-3.0,0.4,-0.1,-1.8,-4.9,1.3,-1.0,-2.4,0.4,-3.3,-5.0,-1.6,-2.7,-4.8,-0.6,-7.7,-10.4,-5.0,-0.4,-2.4,1.6,-3.4,-5.6,-1.1,-2.6,-4.8,-0.4,-3.3,-4.9,-1.7,-3.0,-2.9,-5.9,0.1,-3.4,-4.8,-2.1,-0.8,-2.4,0.9,-4.2,-6.3,-2.1,-3.3,-6.0,-0.5,-2.1,-4.0,-0.2,-1.1,-3.4,1.1,-3.9,-6.0,-1.7,-1.0,-2.6,0.6,-4.4,1.9,-1.0,4.8,-2.1,-3.4,-0.8,106,104,98,104,111,103,106,105,105,105,100,94,102,109,98,105,107,103,102,100,94,100,107,99,102,103,101,26%,81%,100%,62%,81%,26%,56%,93%,55%,61%,21%,75%,96%,48%,77%,16%,86%,93%,66%,74%,16%,22%,67%,31%,35%,5%,3%,30%,7%,14%,0%,3%,48%,0%,25%,0%,0%,15%,3%,5%,68,79%,0,0%,6,7%,20,23%,26,30%,,,,,,,,,,,,,,,,,,,,,59,25%,75%,68%,8%,53%,7%,73%,9%,-2.4,-4.1,-0.7,-3.0,-4.6,-1.5,-2.6,-4.1,-1.1,103,103,-0.7,-3.3,-2.1,3,5,4
1,14718,919,2384,143410,The Cranbourne Primary School,Bridleway North,,,Hoddesdon,EN11 9PP,01992416220,E14000606,Broxbourne,0,,,ACC,0,Does not apply,4-11,0,0,438,60,60,36,24,60%,40%,8.1,12,20%,19,32%,28,47%,1,2%,9,15%,51,85%,1,2%,58,97%,52%,3%,-1.2,-2.8,0.4,98%,-2.0,-3.5,-0.4,98%,0.3,-1.2,1.8,98%,75%,20%,0%,105,75%,18%,0%,104,80%,30%,0%,105,67%,5%,33%,0%,87%,0%,53%,50%,8%,47%,75%,44%,53%,-22,SUPP,52%,3%,4%,0%,0%,7%,0%,4%,-10,SUPP,3%,-0.7,-2.8,1.3,-2.0,-4.6,0.5,2.8,-0.7,6.4,-1.1,-4.0,1.7,-3.1,-5.4,-0.7,-1.0,-5.1,3.1,-1.3,-3.0,0.5,-1.4,SUPP,SUPP,SUPP,-1.2,-2.9,0.4,-2.4,-4.4,-0.4,-1.3,-3.8,1.2,2.2,-1.3,5.6,-0.9,-3.6,1.9,-4.5,-6.8,-2.3,-5.4,-9.3,-1.4,-1.4,-3.0,0.3,-5.8,SUPP,SUPP,SUPP,-2.0,-3.6,-0.5,1.4,-0.6,3.3,-1.4,-3.8,1.0,3.9,0.6,7.3,-0.7,-3.4,1.9,-0.6,-2.8,1.6,-1.8,-5.6,2.1,0.7,-1.0,2.3,-2.3,SUPP,SUPP,SUPP,0.3,-1.2,1.8,105,105,99,104,108,106,104,SUPP,105,106,104,98,103,109,104,105,SUPP,105,103,105,96,103,108,103,104,SUPP,104,33%,74%,93%,89%,73%,8%,84%,96%,78%,75%,42%,79%,96%,78%,80%,25%,79%,79%,56%,69%,0%,11%,36%,11%,22%,0%,11%,32%,11%,20%,0%,16%,54%,11%,33%,0%,0%,11%,0%,6%,59,98%,0,0%,0,0%,9,15%,9,15%,,,,,,,,,,,,,,,,,,,,,90,21%,79%,64%,8%,63%,5%,65%,8%,-0.8,-2.0,0.5,-0.5,-1.7,0.7,-0.2,-1.3,0.9,104,105,-1.3,-2.0,0.3,3,4,3
1,26838,919,2387,117310,Hillmead Primary School,Woburn Avenue,,,Bishop's Stortford,CM23 4PW,01279656876,E14000744,Hertford and Stortford,0,,,CY,0,Does not apply,3-11,0,0,251,62,59,27,32,46%,54%,7.6,13,24%,24,44%,17,31%,5,8%,6,10%,53,90%,18,31%,52,88%,68%,8%,2.1,0.4,3.7,92%,2.4,0.8,4.0,92%,0.0,-1.6,1.6,92%,80%,32%,0%,106,76%,25%,0%,105,75%,15%,0%,103,80%,24%,15%,0%,93%,0%,59%,75%,15%,71%,100%,67%,68%,1,72%,65%,4%,13%,0%,0%,24%,0%,9%,-10,6%,8%,1.2,-1.2,3.5,3.0,0.6,5.3,5.5,2.1,9.0,0.9,-1.7,3.4,1.1,-1.9,4.1,-0.2,-5.2,4.8,2.4,0.6,4.1,-0.6,5.6,2.4,8.8,2.2,0.4,3.9,1.1,-1.2,3.4,3.7,1.5,6.0,3.5,0.2,6.8,1.1,-1.3,3.5,3.5,0.6,6.3,0.5,-4.3,5.4,2.7,0.9,4.4,0.1,5.8,2.7,8.9,2.2,0.6,3.9,0.1,-2.1,2.4,-0.1,-2.4,2.1,4.3,1.1,7.5,-1.2,-3.6,1.2,-1.6,-4.4,1.2,1.1,-3.6,5.9,-0.1,-1.8,1.5,0.6,3.9,0.9,6.9,0.3,-1.4,1.9,103,107,98,105,112,104,106,105,106,101,105,96,103,108,104,103,104,103,103,107,99,104,111,106,105,107,105,38%,88%,100%,83%,79%,31%,79%,100%,67%,77%,23%,79%,100%,83%,74%,38%,83%,100%,67%,81%,0%,21%,76%,17%,34%,8%,13%,59%,17%,26%,0%,4%,35%,0%,17%,0%,8%,65%,17%,25%,41,69%,0,0%,2,3%,9,15%,11,19%,,,,,,,,,,,,,,,,,,,,,30,7%,93%,80%,17%,SUPP,SUPP,SUPP,SUPP,2.3,0.1,4.5,1.1,-0.9,3.2,2.0,0.1,3.9,108,108,2.1,2.4,0.0,2,2,3
1,38514,919,2389,117311,Nascot Wood Junior School,Nascot Wood Road,,,Watford,WD17 4YS,01923238784,E14001021,Watford,0,,,CY,0,Does not apply,7-11,0,0,240,61,60,25,35,42%,58%,9.1,2,4%,13,23%,42,74%,3,5%,4,7%,56,93%,31,52%,56,93%,92%,40%,0.5,-1.1,2.2,95%,1.4,-0.2,3.0,95%,1.9,0.4,3.4,95%,97%,62%,0%,111,97%,70%,0%,112,93%,62%,0%,111,98%,45%,0%,0%,98%,0%,92%,91%,SUPP,92%,95%,SUPP,SUPP,SUPP,94%,91%,44%,37%,SUPP,8%,55%,SUPP,SUPP,SUPP,42%,41%,0.2,-2.3,2.6,0.8,-1.3,3.0,SUPP,SUPP,SUPP,1.8,-1.6,5.2,0.6,-1.3,2.5,SUPP,SUPP,SUPP,SUPP,SUPP,SUPP,SUPP,0.5,-1.8,2.8,0.4,-1.3,2.1,1.5,-0.9,3.8,1.4,-0.7,3.4,SUPP,SUPP,SUPP,2.1,-1.2,5.4,1.4,-0.4,3.3,SUPP,SUPP,SUPP,SUPP,SUPP,SUPP,SUPP,1.8,-0.4,4.0,1.3,-0.3,2.9,3.6,1.3,5.9,0.6,-1.5,2.6,SUPP,SUPP,SUPP,2.1,-1.1,5.3,1.8,0.0,3.6,SUPP,SUPP,SUPP,SUPP,SUPP,SUPP,SUPP,3.2,1.0,5.3,1.7,0.1,3.3,112,110,SUPP,107,113,SUPP,SUPP,111,111,113,109,SUPP,106,113,SUPP,SUPP,112,111,114,112,SUPP,107,114,SUPP,SUPP,113,112,SUPP,100%,98%,SUPP,SUPP,SUPP,92%,100%,SUPP,SUPP,SUPP,92%,98%,SUPP,SUPP,SUPP,100%,100%,SUPP,SUPP,SUPP,23%,81%,SUPP,SUPP,SUPP,31%,86%,SUPP,SUPP,SUPP,31%,74%,SUPP,SUPP,SUPP,8%,60%,SUPP,SUPP,28,47%,1,2%,1,2%,6,10%,7,12%,,,,,,,,,,,,,,,,,,,,,60,13%,87%,98%,45%,100%,38%,98%,46%,2.9,1.3,4.5,1.1,-0.4,2.5,4.0,2.6,5.4,112,113,0.5,1.4,1.9,3,3,2
1,48430,919,2391,117313,The Ryde School,Pleasant Rise,,,Hatfield,AL9 5DR,01707267333,E14001027,Welwyn Hatfield,0,,,CY,0,Does not apply,3-11,0,0,224,29,29,14,15,48%,52%,8.1,4,15%,12,46%,10,38%,3,10%,4,14%,25,86%,7,24%,27,93%,66%,14%,2.6,0.2,5.1,86%,0.5,-1.8,2.9,90%,2.1,-0.2,4.4,86%,79%,45%,3%,109,59%,28%,3%,103,79%,28%,3%,106,76%,17%,24%,0%,83%,0%,57%,73%,SUPP,50%,100%,SUPP,SUPP,SUPP,86%,67%,14%,13%,SUPP,8%,30%,SUPP,SUPP,SUPP,29%,15%,0.8,-3.0,4.5,4.1,0.8,7.4,SUPP,SUPP,SUPP,3.4,-0.3,7.1,4.0,0.1,7.9,SUPP,SUPP,SUPP,SUPP,SUPP,SUPP,SUPP,SUPP,SUPP,SUPP,2.6,0.2,5.1,-2.4,-5.9,1.0,3.1,-0.1,6.3,SUPP,SUPP,SUPP,-2.2,-5.6,1.3,1.2,-2.5,5.0,SUPP,SUPP,SUPP,SUPP,SUPP,SUPP,SUPP,SUPP,SUPP,SUPP,0.5,-1.8,2.9,2.7,-0.8,6.2,1.6,-1.5,4.7,SUPP,SUPP,SUPP,2.3,-1.2,5.8,2.6,-1.1,6.3,SUPP,SUPP,SUPP,SUPP,SUPP,SUPP,SUPP,SUPP,SUPP,SUPP,2.1,-0.2,4.4,109,109,SUPP,108,115,SUPP,SUPP,110,110,107,106,SUPP,106,112,SUPP,SUPP,109,107,102,104,SUPP,100,112,SUPP,SUPP,107,104,SUPP,83%,100%,SUPP,SUPP,SUPP,42%,100%,SUPP,SUPP,SUPP,83%,100%,SUPP,SUPP,SUPP,58%,100%,SUPP,SUPP,SUPP,33%,90%,SUPP,SUPP,SUPP,8%,70%,SUPP,SUPP,SUPP,25%,50%,SUPP,SUPP,SUPP,8%,40%,SUPP,SUPP,22,76%,0,0%,1,3%,3,10%,4,14%,,,,,,,,,,,,,,,,,,,,,29,21%,79%,79%,21%,50%,0%,87%,26%,2.2,0.0,4.5,-0.3,-2.4,1.7,0.8,-1.1,2.8,108,107,1.9,0.5,2.1,2,3,3
1,67326,919,2392,117314,William Ransom Primary School,Stuart Drive,,,Hitchin,SG4 9QB,01462624777,E14000749,Hitchin and Harpenden,0,,,CY,0,Does not apply,4-11,0,0,419,60,59,32,27,54%,46%,8.5,7,12%,21,36%,30,52%,1,2%,2,3%,57,97%,7,12%,56,95%,68%,8%,3.9,2.3,5.6,98%,-2.5,-4.0,-0.9,98%,0.7,-0.9,2.2,98%,95%,66%,0%,111,93%,49%,0%,109,85%,37%,0%,107,71%,8%,27%,0%,93%,0%,63%,74%,29%,48%,93%,SUPP,SUPP,SUPP,86%,66%,0%,19%,0%,0%,17%,SUPP,SUPP,SUPP,0%,7%,4.0,1.7,6.2,3.9,1.6,6.3,10.2,5.6,14.9,3.7,1.0,6.4,2.7,0.4,4.9,SUPP,SUPP,SUPP,SUPP,SUPP,SUPP,SUPP,6.3,1.2,11.3,4.2,2.5,5.8,-2.8,-4.9,-0.7,-2.0,-4.3,0.2,0.8,-3.6,5.3,-3.3,-5.8,-0.7,-2.7,-4.8,-0.5,SUPP,SUPP,SUPP,SUPP,SUPP,SUPP,SUPP,0.8,-4.1,5.6,-2.4,-4.0,-0.9,1.9,-0.2,4.0,-0.8,-3.0,1.5,5.8,1.5,10.2,-1.0,-3.5,1.6,0.6,-1.5,2.7,SUPP,SUPP,SUPP,SUPP,SUPP,SUPP,SUPP,8.6,3.9,13.4,0.7,-0.8,2.3,110,113,108,109,114,SUPP,SUPP,112,111,107,107,102,103,111,SUPP,SUPP,114,107,108,110,103,106,113,SUPP,SUPP,112,108,86%,90%,100%,SUPP,SUPP,86%,86%,100%,SUPP,SUPP,43%,76%,100%,SUPP,SUPP,29%,57%,93%,SUPP,SUPP,43%,57%,80%,SUPP,SUPP,14%,19%,80%,SUPP,SUPP,14%,5%,63%,SUPP,SUPP,0%,0%,17%,SUPP,SUPP,52,88%,0,0%,1,2%,7,12%,8,14%,,,,,,,,,,,,,,,,,,,,,38,0%,100%,79%,13%,,,SUPP,SUPP,2.4,0.4,4.4,1.7,-0.2,3.5,0.3,-1.4,2.1,107,106,3.9,-2.5,0.7,1,4,3
1,44748,919,2393,117315,Prae Wood Primary School,King Harry Lane,,,St Albans,AL3 4HZ,01727751930,E14000960,St Albans,0,,,CY,0,Does not apply,3-11,0,0,442,57,56,29,27,52%,48%,8.3,3,6%,24,48%,23,46%,6,11%,5,9%,51,91%,11,20%,54,96%,79%,16%,2.7,1.0,4.5,89%,1.0,-0.7,2.7,89%,-0.4,-2.0,1.3,89%,89%,59%,0%,109,84%,38%,0%,106,88%,23%,0%,105,82%,25%,16%,0%,88%,0%,66%,93%,SUPP,71%,96%,SUPP,SUPP,SUPP,55%,81%,17%,15%,SUPP,0%,39%,SUPP,SUPP,SUPP,9%,17%,2.0,-0.4,4.4,3.5,1.0,6.0,SUPP,SUPP,SUPP,2.5,0.0,5.0,2.6,0.0,5.2,SUPP,SUPP,SUPP,SUPP,SUPP,SUPP,SUPP,0.5,-4.5,5.6,2.7,1.0,4.5,-0.8,-3.2,1.5,3.0,0.6,5.4,SUPP,SUPP,SUPP,-0.2,-2.6,2.2,2.0,-0.4,4.5,SUPP,SUPP,SUPP,SUPP,SUPP,SUPP,SUPP,-0.2,-5.0,4.7,1.0,-0.7,2.7,-0.8,-3.1,1.5,0.0,-2.3,2.4,SUPP,SUPP,SUPP,-0.8,-3.2,1.5,-0.1,-2.5,2.3,SUPP,SUPP,SUPP,SUPP,SUPP,SUPP,SUPP,-1.4,-6.2,3.3,-0.4,-2.0,1.3,107,111,SUPP,107,113,SUPP,SUPP,106,110,104,106,SUPP,103,109,SUPP,SUPP,103,106,103,110,SUPP,104,111,SUPP,SUPP,103,107,SUPP,88%,100%,SUPP,SUPP,SUPP,83%,96%,SUPP,SUPP,SUPP,83%,100%,SUPP,SUPP,SUPP,79%,96%,SUPP,SUPP,SUPP,42%,83%,SUPP,SUPP,SUPP,13%,70%,SUPP,SUPP,SUPP,0%,52%,SUPP,SUPP,SUPP,4%,57%,SUPP,SUPP,44,79%,1,2%,0,0%,8,14%,8,14%,,,,,,,,,,,,,,,,,,,,,58,3%,97%,78%,9%,SUPP,SUPP,SUPP,SUPP,0.9,-0.8,2.5,-0.6,-2.1,0.9,-0.5,-1.9,0.9,106,106,2.7,1.0,-0.4,2,3,3
1,32494,919,2398,143603,Laurance Haines School,Vicarage Road,,,Watford,WD18 0DD,01923233146,E14001021,Watford,0,,,ACC,0,Does not apply,3-11,0,0,463,55,58,24,34,41%,59%,7.4,12,26%,23,50%,11,24%,12,21%,16,28%,42,72%,47,81%,48,83%,66%,3%,1.5,-0.4,3.3,79%,1.7,-0.1,3.4,79%,0.7,-1.0,2.5,79%,69%,16%,0%,103,69%,21%,0%,103,72%,16%,0%,103,76%,10%,5%,2%,76%,0%,58%,71%,25%,91%,100%,75%,62%,9,60%,73%,0%,6%,0%,0%,18%,0%,5%,-10,4%,4%,-1.4,-4.2,1.5,3.5,1.1,5.8,4.0,0.4,7.5,1.3,-1.2,3.9,-0.9,-4.7,2.8,1.2,-1.9,4.4,1.6,-0.6,3.8,0.8,1.3,-0.7,3.4,1.3,-0.5,3.2,-0.1,-2.9,2.6,2.9,0.6,5.2,1.2,-2.3,4.6,1.8,-0.6,4.3,1.9,-1.7,5.4,1.0,-2.1,4.1,2.0,-0.2,4.1,0.6,1.4,-0.6,3.3,1.7,-0.1,3.5,-1.1,-3.7,1.6,2.0,-0.2,4.3,2.6,-0.8,5.9,0.4,-2.0,2.8,-0.4,-3.9,3.0,0.8,-2.2,3.8,0.7,-1.4,2.8,0.3,1.0,-0.9,2.9,0.8,-0.9,2.6,101,105,100,106,110,103,104,102,105,101,104,98,104,109,101,103,102,104,101,104,95,105,112,102,103,102,104,42%,91%,100%,81%,64%,25%,96%,100%,75%,67%,33%,96%,100%,75%,71%,42%,96%,100%,81%,74%,0%,17%,45%,13%,17%,0%,17%,64%,19%,21%,0%,9%,55%,13%,17%,0%,4%,45%,0%,14%,10,17%,1,2%,2,3%,5,9%,7,12%,,,,,,,,,,,,,,,,,,,,,58,22%,78%,64%,5%,77%,0%,60%,7%,-0.9,-2.5,0.8,0.1,-1.5,1.6,1.7,0.3,3.2,102,105,1.5,1.7,0.7,3,3,3
1,68740,919,2401,147879,Woodside Primary School,Jones Road,Goffs Oak,Cheshunt,Waltham Cross,EN7 5JS,01707888333,E14000606,Broxbourne,0,,,ACC,0,Does not apply,4-11,0,0,223,31,30,17,13,57%,43%,7.4,7,23%,16,53%,7,23%,0,0%,3,10%,27,90%,5,17%,29,97%,77%,10%,1.2,-1.0,3.5,100%,1.9,-0.2,4.1,100%,3.1,1.0,5.3,100%,83%,23%,0%,106,90%,43%,0%,108,87%,33%,0%,106,77%,17%,20%,0%,80%,0%,88%,62%,14%,94%,100%,SUPP,SUPP,SUPP,SUPP,79%,12%,8%,0%,6%,29%,SUPP,SUPP,SUPP,SUPP,10%,1.4,-1.5,4.4,1.0,-2.5,4.4,2.3,-2.3,7.0,1.0,-2.1,4.1,0.6,-4.0,5.3,SUPP,SUPP,SUPP,SUPP,SUPP,SUPP,SUPP,SUPP,SUPP,SUPP,1.3,-1.0,3.6,1.9,-1.0,4.8,1.9,-1.4,5.2,-0.2,-4.7,4.2,2.0,-1.0,4.9,4.0,-0.5,8.5,SUPP,SUPP,SUPP,SUPP,SUPP,SUPP,SUPP,SUPP,SUPP,SUPP,2.2,0.0,4.4,4.9,2.1,7.8,0.8,-2.4,4.0,0.9,-3.5,5.2,3.4,0.5,6.3,4.9,0.5,9.2,SUPP,SUPP,SUPP,SUPP,SUPP,SUPP,SUPP,SUPP,SUPP,SUPP,3.1,0.9,5.2,107,104,101,105,110,SUPP,SUPP,SUPP,106,109,102,96,107,113,SUPP,SUPP,SUPP,106,111,104,101,107,116,SUPP,SUPP,SUPP,108,29%,100%,100%,SUPP,SUPP,57%,100%,100%,SUPP,SUPP,43%,100%,100%,SUPP,SUPP,14%,94%,100%,SUPP,SUPP,14%,13%,57%,SUPP,SUPP,0%,38%,100%,SUPP,SUPP,0%,25%,86%,SUPP,SUPP,0%,6%,57%,SUPP,SUPP,25,83%,0,0%,1,3%,1,3%,2,7%,,,,,,,,,,,,,,,,,,,,,31,16%,84%,52%,6%,SUPP,SUPP,SUPP,SUPP,-2.6,-4.8,-0.4,-1.8,-3.8,0.2,-3.5,-5.5,-1.6,102,101,1.2,1.9,3.1,3,3,2
1,68822,919,2405,117322,Woolenwick Junior School,Bridge Road West,,,Stevenage,SG1 2NU,01438216565,E14000968,Stevenage,0,,,CY,0,Does not apply,7-11,0,0,232,54,54,20,34,37%,63%,8.3,6,12%,20,38%,26,50%,2,4%,12,22%,42,78%,7,13%,50,93%,57%,9%,-3.0,-4.7,-1.2,96%,-1.8,-3.4,-0.2,96%,-4.1,-5.8,-2.5,96%,67%,30%,0%,104,54%,9%,0%,100,63%,19%,0%,101,69%,17%,20%,0%,72%,0%,60%,56%,0%,40%,85%,17%,69%,-49,57%,56%,5%,12%,0%,0%,19%,0%,12%,-10,29%,8%,-3.4,-6.2,-0.5,-2.7,-4.9,-0.6,3.7,-1.3,8.7,-4.9,-7.7,-2.2,-3.0,-5.4,-0.6,-6.2,-9.9,-2.5,-2.1,-4.0,-0.2,-6.6,-5.5,-10.5,-0.5,-3.0,-4.8,-1.2,-1.5,-4.2,1.2,-2.0,-4.0,0.1,-0.8,-5.7,4.0,-3.6,-6.2,-0.9,-0.6,-3.0,1.7,-5.1,-8.7,-1.6,-0.9,-2.8,0.9,-5.5,-0.2,-5.0,4.7,-2.0,-3.7,-0.3,-3.1,-5.8,-0.5,-4.7,-6.7,-2.7,2.3,-2.4,7.0,-5.6,-8.2,-3.0,-4.5,-6.8,-2.2,-7.9,-11.4,-4.4,-3.1,-5.0,-1.3,-8.4,-3.6,-8.3,1.1,-4.4,-6.1,-2.7,103,104,95,100,108,97,105,103,103,103,101,92,98,105,94,103,103,101,101,100,93,97,104,95,102,103,100,33%,50%,88%,33%,76%,0%,35%,81%,17%,64%,0%,50%,88%,17%,76%,0%,55%,96%,33%,79%,0%,10%,54%,0%,38%,0%,0%,19%,0%,12%,0%,5%,35%,0%,24%,0%,0%,35%,0%,21%,47,87%,0,0%,4,7%,13,24%,17,31%,,,,,,,,,,,,,,,,,,,,,52,29%,71%,44%,8%,27%,7%,51%,8%,-4.0,-5.7,-2.3,0.0,-1.6,1.6,-4.3,-5.8,-2.8,100,101,-3.3,-2.2,-4.5,5,4,5
1,32740,919,2407,117324,Leavesden JMI School,High Road,Leavesden,,Watford,WD25 7QZ,01923484340,E14001021,Watford,0,,,CY,0,Does not apply,3-11,0,0,388,59,59,32,27,54%,46%,7.1,19,33%,25,43%,14,24%,1,2%,16,27%,43,73%,22,37%,56,95%,46%,0%,0.3,-1.3,2.0,98%,0.2,-1.3,1.8,98%,1.3,-0.2,2.8,98%,63%,20%,0%,102,73%,25%,2%,105,66%,19%,0%,102,56%,2%,42%,0%,78%,0%,56%,33%,16%,44%,93%,31%,51%,-35,45%,45%,0%,0%,0%,0%,0%,0%,0%,-10,0%,0%,0.6,-1.6,2.8,0.0,-2.4,2.4,3.4,0.6,6.3,-0.8,-3.3,1.7,-1.8,-5.1,1.5,0.8,-2.3,3.9,0.2,-1.7,2.1,0.4,-0.5,-3.1,2.2,0.4,-1.3,2.0,-0.5,-2.7,1.6,1.1,-1.1,3.4,5.1,2.4,7.8,-1.7,-4.1,0.7,-2.9,-6.1,0.3,0.6,-2.3,3.6,0.1,-1.7,1.9,0.2,-0.8,-3.4,1.8,0.4,-1.2,2.0,2.4,0.3,4.5,0.1,-2.1,2.3,3.9,1.3,6.6,-1.3,-3.6,1.0,2.5,-0.6,5.6,1.4,-1.5,4.3,1.3,-0.5,3.1,0.9,2.4,-0.1,5.0,1.2,-0.3,2.8,103,100,95,104,109,99,103,102,102,105,100,95,103,112,99,104,105,102,105,104,97,107,112,101,106,107,104,21%,80%,93%,56%,65%,32%,92%,100%,63%,77%,37%,72%,93%,63%,67%,16%,68%,93%,31%,65%,0%,16%,57%,6%,26%,5%,16%,71%,6%,33%,0%,8%,64%,0%,26%,0%,0%,7%,0%,2%,37,63%,0,0%,2,3%,13,22%,15,25%,,,,,,,,,,,,,,,,,,,,,30,33%,67%,47%,10%,10%,0%,65%,15%,-0.7,-3.1,1.7,0.6,-1.4,2.7,-1.1,-3.2,0.9,103,103,0.3,0.2,1.3,3,3,3
1,34150,919,2411,117326,Longlands Primary School and Nursery,Nunsbury Drive,Turnford,,Broxbourne,EN10 6AG,01992462090,E14000606,Broxbourne,0,,,CY,0,Does not apply,3-11,0,0,220,30,30,12,18,40%,60%,7.8,6,21%,17,59%,6,21%,1,3%,10,33%,20,67%,11,37%,26,87%,63%,3%,-1.0,-3.3,1.3,97%,0.4,-1.8,2.6,97%,0.9,-1.3,3.0,97%,70%,27%,0%,104,57%,20%,0%,102,83%,23%,0%,105,80%,7%,20%,0%,83%,0%,75%,56%,0%,71%,100%,60%,65%,-6,82%,65%,8%,0%,0%,0%,17%,0%,5%,-10,0%,4%,-1.1,-4.8,2.7,-0.9,-3.8,2.0,-0.6,-5.6,4.4,-1.9,-4.9,1.1,1.2,-3.8,6.3,-2.1,-6.3,2.0,-0.5,-3.2,2.3,-2.5,-0.9,-4.8,3.0,-0.6,-3.1,1.9,0.3,-3.3,3.9,0.4,-2.4,3.2,2.0,-2.9,6.8,0.4,-2.4,3.3,-1.4,-6.3,3.4,-1.3,-5.3,2.6,1.1,-1.5,3.8,-1.7,-1.5,-5.3,2.2,0.2,-2.2,2.6,0.3,-3.2,3.8,1.2,-1.5,3.9,0.4,-4.4,5.1,0.3,-2.5,3.1,2.9,-1.8,7.6,-0.7,-4.5,3.2,1.5,-1.0,4.1,-1.2,2.0,-1.7,5.7,0.8,-1.5,3.1,105,103,96,103,112,103,104,107,104,105,104,96,105,112,103,105,109,105,103,102,96,102,108,101,103,105,102,33%,71%,100%,60%,75%,17%,53%,100%,40%,65%,17%,100%,100%,80%,85%,33%,88%,100%,70%,85%,0%,18%,67%,20%,30%,0%,12%,50%,10%,25%,0%,0%,100%,20%,25%,0%,6%,17%,0%,10%,19,63%,0,0%,2,7%,2,7%,4,13%,,,,,,,,,,,,,,,,,,,,,29,55%,45%,83%,21%,81%,19%,85%,23%,4.3,1.9,6.6,3.0,0.8,5.2,3.3,1.2,5.4,108,109,-1.0,0.4,0.9,3,3,3
1,32642,919,2412,117327,The Lea Primary School and Nursery,Moorland Road,,,Harpenden,AL5 4LE,01582767939,E14000749,Hitchin and Harpenden,0,,,CY,0,Does not apply,3-11,0,0,236,32,30,16,14,53%,47%,8.3,3,12%,8,32%,14,56%,5,17%,4,13%,26,87%,11,37%,27,90%,93%,23%,5.7,3.2,8.1,83%,3.0,0.6,5.3,83%,4.2,1.9,6.5,83%,100%,67%,0%,112,97%,73%,0%,112,93%,63%,0%,110,93%,27%,7%,0%,93%,0%,88%,100%,SUPP,88%,100%,SUPP,SUPP,SUPP,100%,93%,19%,29%,SUPP,25%,36%,SUPP,SUPP,SUPP,27%,26%,5.4,2.0,8.8,5.9,2.4,9.5,SUPP,SUPP,SUPP,6.6,2.3,11.0,3.1,-0.2,6.4,SUPP,SUPP,SUPP,SUPP,SUPP,SUPP,SUPP,7.0,2.4,11.7,5.7,3.2,8.2,1.4,-1.9,4.7,4.6,1.2,8.0,SUPP,SUPP,SUPP,2.5,-1.7,6.6,1.5,-1.7,4.7,SUPP,SUPP,SUPP,SUPP,SUPP,SUPP,SUPP,6.1,1.6,10.6,3.2,0.8,5.6,3.1,-0.1,6.3,5.4,2.0,8.7,SUPP,SUPP,SUPP,3.4,-0.7,7.5,3.1,0.0,6.2,SUPP,SUPP,SUPP,SUPP,SUPP,SUPP,SUPP,6.8,2.4,11.1,4.3,2.0,6.7,111,113,SUPP,112,114,SUPP,SUPP,110,112,110,111,SUPP,108,113,SUPP,SUPP,112,110,110,114,SUPP,111,115,SUPP,SUPP,113,112,SUPP,100%,100%,SUPP,SUPP,SUPP,100%,100%,SUPP,SUPP,SUPP,88%,100%,SUPP,SUPP,SUPP,88%,100%,SUPP,SUPP,SUPP,75%,86%,SUPP,SUPP,SUPP,75%,93%,SUPP,SUPP,SUPP,50%,79%,SUPP,SUPP,SUPP,25%,43%,SUPP,SUPP,19,63%,0,0%,0,0%,7,23%,7,23%,,,,,,,,,,,,,,,,,,,,,27,15%,85%,96%,26%,SUPP,SUPP,SUPP,SUPP,3.7,1.1,6.4,3.2,0.8,5.7,4.3,2.0,6.7,109,110,5.7,3.0,4.2,1,1,1
1,66462,919,2414,117328,Wheatcroft Primary School,Stanstead Road,,,Hertford,SG13 7HQ,01992587899,E14000744,Hertford and Stortford,0,,,CY,0,Does not apply,3-11,0,0,329,47,46,25,21,54%,46%,8.0,9,21%,21,49%,13,30%,3,7%,9,20%,37,80%,5,11%,42,91%,52%,9%,0.1,-1.8,1.9,93%,-2.5,-4.3,-0.7,93%,-1.7,-3.5,0.1,93%,76%,41%,0%,106,70%,22%,0%,104,65%,13%,0%,103,59%,11%,35%,0%,80%,0%,52%,52%,0%,57%,92%,11%,62%,-55,SUPP,57%,12%,5%,0%,0%,31%,0%,11%,-10,SUPP,10%,0.1,-2.4,2.7,0.0,-2.7,2.8,-3.4,-7.5,0.7,1.1,-1.6,3.7,0.9,-2.5,4.3,-2.5,-6.9,1.9,0.7,-1.4,2.7,-2.9,SUPP,SUPP,SUPP,0.7,-1.3,2.6,-2.8,-5.2,-0.3,-2.1,-4.8,0.5,-3.9,-7.9,0.0,-2.7,-5.2,-0.1,-1.2,-4.4,2.1,-4.9,-9.1,-0.7,-1.9,-3.9,0.1,-5.3,SUPP,SUPP,SUPP,-2.0,-3.9,-0.2,-0.9,-3.3,1.5,-2.6,-5.2,0.0,-4.5,-8.3,-0.6,-1.3,-3.8,1.2,-0.5,-3.7,2.7,-4.6,-8.7,-0.5,-1.0,-3.0,0.9,-5.1,SUPP,SUPP,SUPP,-1.6,-3.4,0.2,108,104,96,106,113,99,108,SUPP,106,105,101,93,103,110,94,105,SUPP,103,106,102,95,104,111,95,106,SUPP,104,33%,90%,92%,44%,84%,0%,86%,100%,11%,84%,0%,76%,100%,11%,78%,0%,67%,92%,11%,70%,0%,38%,77%,11%,49%,0%,10%,62%,0%,27%,0%,0%,46%,0%,16%,0%,0%,38%,0%,14%,41,89%,0,0%,2,4%,10,22%,12,26%,,,,,,,,,,,,,,,,,,,,,47,4%,96%,70%,11%,SUPP,SUPP,SUPP,SUPP,-0.8,-2.5,1.0,-1.6,-3.3,0.0,-1.2,-2.8,0.3,106,106,0.1,-2.5,-1.7,3,4,3
1,35972,919,2415,117329,Mary Exton Primary School,St Michael's Road,,,Hitchin,SG4 0QA,01462456997,E14000749,Hitchin and Harpenden,0,,,CY,0,Does not apply,5-11,0,0,177,28,30,12,18,40%,60%,7.9,4,14%,16,55%,9,31%,1,3%,6,20%,24,80%,3,10%,28,93%,43%,3%,-0.4,-2.6,1.9,97%,-5.0,-7.2,-2.8,97%,0.0,-2.1,2.2,97%,70%,40%,0%,106,67%,30%,0%,106,77%,37%,0%,106,53%,7%,23%,0%,87%,7%,50%,39%,SUPP,31%,89%,17%,50%,-49,SUPP,46%,0%,6%,SUPP,0%,11%,0%,4%,-10,SUPP,4%,0.4,-3.3,4.1,-0.8,-3.7,2.1,SUPP,SUPP,SUPP,0.0,-3.1,3.1,1.9,-2.2,6.0,-7.7,-12.7,-2.7,1.6,-1.0,4.1,-8.1,SUPP,SUPP,SUPP,-0.1,-2.4,2.2,-8.2,-11.8,-4.7,-3.0,-5.8,-0.2,SUPP,SUPP,SUPP,-6.4,-9.4,-3.5,-1.6,-5.6,2.3,-13.9,-18.7,-9.0,-2.7,-5.1,-0.2,-14.3,SUPP,SUPP,SUPP,-4.8,-7.0,-2.5,1.4,-2.1,4.9,-0.8,-3.5,2.0,SUPP,SUPP,SUPP,0.7,-2.2,3.6,2.2,-1.6,6.1,-9.2,-13.9,-4.5,2.4,0.0,4.9,-9.7,SUPP,SUPP,SUPP,0.5,-1.7,2.7,108,106,SUPP,104,112,102,107,SUPP,107,108,105,SUPP,104,112,98,108,SUPP,107,106,105,SUPP,101,113,100,106,SUPP,106,SUPP,69%,89%,33%,79%,SUPP,63%,89%,33%,75%,SUPP,81%,100%,33%,88%,SUPP,44%,89%,17%,63%,SUPP,31%,78%,17%,46%,SUPP,13%,78%,17%,33%,SUPP,25%,78%,17%,42%,SUPP,0%,22%,0%,8%,26,87%,1,3%,0,0%,7,23%,7,23%,,,,,,,,,,,,,,,,,,,,,30,10%,90%,70%,3%,SUPP,SUPP,SUPP,SUPP,-2.1,-4.4,0.1,-0.1,-2.2,2.0,-0.3,-2.3,1.7,104,106,-0.6,-5.1,-0.2,3,5,3
1,34304,919,2416,117330,Lordship Farm Primary School,Fouracres,,,Letchworth Garden City,SG6 3UF,01462620550,E14000845,North East Hertfordshire,0,,,CY,0,Does not apply,3-11,0,0,438,57,57,28,29,49%,51%,8.2,10,18%,25,45%,21,38%,1,2%,8,14%,49,86%,9,16%,50,88%,58%,4%,0.9,-0.7,2.6,98%,-2.7,-4.3,-1.1,98%,-2.1,-3.6,-0.5,98%,82%,44%,0%,107,82%,32%,0%,105,70%,18%,0%,103,65%,9%,32%,0%,82%,0%,46%,69%,0%,52%,95%,0%,67%,-66,89%,60%,0%,7%,0%,0%,10%,0%,4%,-10,0%,4%,0.5,-1.9,2.8,1.4,-0.9,3.7,1.2,-2.7,5.1,-0.2,-2.7,2.3,2.2,-0.5,4.9,-1.8,-6.1,2.6,1.4,-0.4,3.2,-2.2,2.1,-2.3,6.5,1.1,-0.6,2.9,-4.4,-6.6,-2.2,-1.0,-3.3,1.2,-5.1,-8.8,-1.3,-2.2,-4.6,0.2,-2.2,-4.8,0.4,-2.5,-6.7,1.7,-2.8,-4.5,-1.1,-2.9,-0.1,-4.3,4.1,-2.7,-4.4,-1.0,-1.9,-4.1,0.3,-2.3,-4.5,-0.1,-2.5,-6.2,1.1,-2.3,-4.7,0.0,-1.5,-4.1,1.0,-5.3,-9.4,-1.2,-1.5,-3.2,0.1,-5.8,0.6,-3.5,4.7,-1.6,-3.2,0.0,105,109,99,105,114,99,108,109,107,102,105,94,102,109,94,105,107,104,104,107,95,103,113,97,107,109,105,60%,80%,100%,50%,88%,40%,84%,100%,50%,88%,10%,68%,100%,13%,80%,0%,68%,95%,25%,71%,0%,32%,81%,13%,49%,0%,4%,81%,0%,37%,0%,8%,38%,0%,20%,0%,0%,24%,0%,10%,48,84%,0,0%,1,2%,8,14%,9,16%,,,,,,,,,,,,,,,,,,,,,53,8%,92%,77%,11%,SUPP,SUPP,SUPP,SUPP,3.0,1.3,4.7,-0.6,-2.1,0.9,-1.1,-2.5,0.4,109,105,0.9,-2.7,-2.1,3,4,4
1,33270,919,2422,117333,Lime Walk Primary School,Lime Walk,Bennetts End,,Hemel Hempstead,HP3 9LN,01442262341,E14000739,Hemel Hempstead,0,,,CY,0,Does not apply,3-11,0,0,204,29,30,16,14,53%,47%,7.7,6,24%,12,48%,7,28%,5,17%,15,50%,15,50%,5,17%,22,73%,40%,3%,-4.3,-6.7,-1.8,83%,-1.4,-3.8,1.0,83%,-5.4,-7.7,-3.1,83%,60%,27%,0%,102,53%,17%,0%,101,50%,13%,0%,100,70%,13%,17%,0%,87%,0%,44%,36%,0%,25%,71%,13%,67%,-53,SUPP,36%,6%,0%,0%,0%,0%,0%,7%,-10,SUPP,0%,-4.9,-8.6,-1.1,-3.8,-7.1,-0.5,-7.8,-12.8,-2.7,-3.5,-7.1,0.0,-2.5,-7.2,2.1,-6.1,-9.3,-2.8,-2.0,-5.7,1.8,-6.5,SUPP,SUPP,SUPP,-3.7,-6.4,-1.0,-2.7,-6.3,0.9,-0.4,-3.5,2.8,-7.9,-12.8,-3.1,1.4,-2.0,4.8,-0.6,-5.0,3.9,-3.3,-6.5,-0.1,1.0,-2.6,4.6,-3.7,SUPP,SUPP,SUPP,-0.9,-3.4,1.7,-3.0,-6.5,0.5,-7.3,-10.4,-4.2,-3.2,-7.9,1.6,-6.9,-10.2,-3.5,-4.8,-9.2,-0.4,-6.2,-9.3,-3.1,-4.4,-7.9,-0.9,-6.7,SUPP,SUPP,SUPP,-5.8,-8.3,-3.2,104,101,90,101,109,98,107,SUPP,101,104,96,92,97,105,95,105,SUPP,98,102,99,90,98,106,96,106,SUPP,99,0%,58%,100%,33%,87%,0%,42%,100%,27%,80%,17%,33%,86%,20%,80%,0%,92%,86%,53%,87%,0%,17%,43%,13%,40%,0%,0%,14%,7%,27%,0%,0%,0%,7%,20%,0%,0%,43%,0%,27%,24,80%,1,3%,0,0%,5,17%,5,17%,,,,,,,,,,,,,,,,,,,,,31,39%,61%,55%,0%,67%,0%,47%,0%,-3.5,-5.7,-1.2,-6.1,-8.1,-4.0,-2.3,-4.3,-0.4,102,103,-4.3,-1.4,-5.4,5,3,5
1,19422,919,2424,117334,Fairfields Primary School and Nursery,Rosedale Way,Cheshunt,,Waltham Cross,EN7 6JG,01992633195,E14000606,Broxbourne,0,,,CY,0,Does not apply,3-11,0,0,444,60,59,26,33,44%,56%,7.9,13,22%,27,46%,19,32%,0,0%,6,10%,53,90%,8,14%,59,100%,61%,10%,-0.9,-2.5,0.8,98%,-1.0,-2.5,0.6,98%,-1.2,-2.7,0.3,97%,71%,31%,2%,105,66%,25%,2%,104,68%,27%,3%,105,73%,20%,15%,2%,76%,2%,46%,73%,0%,67%,95%,50%,62%,-16,63%,61%,0%,18%,0%,0%,32%,0%,11%,-10,0%,10%,-3.1,-5.6,-0.6,0.8,-1.3,3.0,-0.8,-4.4,2.7,-0.5,-2.9,1.9,-1.3,-4.2,1.5,1.2,-3.8,6.3,-1.1,-2.8,0.6,0.8,-1.5,-5.8,2.9,-0.9,-2.5,0.8,-3.1,-5.5,-0.7,0.6,-1.4,2.7,-5.2,-8.6,-1.7,-0.3,-2.6,1.9,0.7,-2.0,3.5,-1.0,-5.8,3.9,-1.0,-2.6,0.7,-1.4,2.6,-1.6,6.7,-1.0,-2.5,0.6,-3.2,-5.5,-0.8,0.3,-1.7,2.4,-5.6,-9.1,-2.1,-0.9,-3.2,1.3,1.0,-1.7,3.7,-0.8,-5.5,4.0,-1.3,-2.9,0.4,-1.3,3.5,-0.6,7.6,-1.2,-2.7,0.3,102,107,97,104,110,103,105,105,105,102,106,93,104,111,100,105,109,105,102,106,94,103,112,100,105,107,104,23%,78%,95%,67%,72%,8%,70%,100%,50%,68%,0%,78%,100%,50%,70%,23%,78%,100%,50%,75%,0%,19%,68%,17%,32%,0%,11%,63%,17%,26%,0%,7%,74%,0%,30%,0%,11%,47%,0%,23%,51,86%,0,0%,4,7%,10,17%,14,24%,,,,,,,,,,,,,,,,,,,,,59,12%,88%,61%,7%,29%,0%,65%,8%,-3.2,-4.8,-1.5,-0.8,-2.3,0.6,-0.5,-1.9,1.0,102,105,-0.9,-1.2,-1.6,3,3,3
1,3512,919,2426,117335,Aycliffe Drive Primary School,Aycliffe Drive,,,Hemel Hempstead,HP2 6LJ,01442973174,E14000739,Hemel Hempstead,0,,,CY,0,Does not apply,3-11,0,0,322,41,40,16,24,40%,60%,7.5,9,24%,19,50%,10,26%,2,5%,14,35%,26,65%,10,25%,35,88%,63%,8%,0.5,-1.5,2.5,95%,4.2,2.3,6.1,95%,3.2,1.3,5.1,95%,68%,23%,0%,104,75%,30%,0%,104,83%,25%,0%,106,83%,25%,18%,0%,98%,0%,63%,63%,22%,68%,90%,57%,65%,-9,80%,66%,13%,4%,0%,0%,30%,0%,12%,-10,10%,9%,1.6,-1.5,4.7,-0.4,-3.0,2.2,2.2,-2.0,6.3,-0.4,-3.2,2.4,0.5,-3.4,4.4,0.3,-3.0,3.5,0.6,-1.9,3.1,-0.1,2.1,-2.3,6.5,0.2,-1.9,2.3,2.7,-0.3,5.6,5.3,2.8,7.9,4.8,0.8,8.7,5.2,2.5,8.0,1.8,-2.0,5.5,3.9,0.7,7.0,4.4,2.0,6.8,3.5,4.7,0.5,8.8,4.2,2.2,6.2,3.0,0.1,5.9,3.3,0.9,5.8,4.9,1.0,8.8,3.6,0.9,6.2,0.9,-2.8,4.6,3.3,0.2,6.4,3.1,0.8,5.5,2.8,3.8,-0.3,7.9,3.4,1.4,5.3,104,103,98,103,110,101,105,107,104,105,106,100,107,110,104,106,107,106,103,105,96,105,111,101,106,108,104,44%,68%,90%,64%,69%,11%,100%,90%,57%,85%,56%,95%,90%,71%,88%,44%,100%,90%,71%,88%,0%,11%,70%,14%,27%,0%,26%,70%,21%,35%,0%,26%,50%,21%,27%,0%,21%,60%,21%,27%,30,75%,0,0%,1,3%,7,18%,8,20%,,,,,,,,,,,,,,,,,,,,,37,38%,62%,81%,19%,86%,14%,78%,22%,2.5,0.5,4.5,4.4,2.6,6.3,5.4,3.7,7.2,105,109,0.1,4.2,3.2,3,1,1
1,27440,919,2427,117336,Holtsmere End Junior School,Shenley Road,,,Hemel Hempstead,HP2 7JZ,01442253189,E14000739,Hemel Hempstead,0,,,CY,0,Does not apply,7-11,0,0,238,61,60,31,29,52%,48%,7.7,10,18%,30,53%,17,30%,3,5%,17,28%,43,72%,21,35%,56,93%,60%,13%,0.1,-1.6,1.7,95%,1.5,-0.1,3.1,95%,0.1,-1.4,1.6,95%,70%,28%,0%,105,68%,37%,2%,106,70%,30%,0%,105,72%,22%,23%,0%,85%,0%,61%,59%,0%,67%,94%,47%,65%,-19,52%,63%,19%,7%,0%,7%,35%,6%,16%,-4,14%,14%,0.1,-2.2,2.5,0.0,-2.3,2.3,-0.5,-4.4,3.4,0.8,-1.4,3.1,-0.9,-3.9,2.1,-4.0,-7.1,-0.9,1.7,-0.3,3.6,-4.4,3.5,0.6,6.4,0.2,-1.5,1.8,1.2,-1.1,3.4,1.8,-0.4,4.0,1.7,-2.1,5.4,1.4,-0.8,3.5,1.6,-1.2,4.5,0.5,-2.5,3.4,1.9,0.1,3.8,0.1,5.1,2.3,7.9,1.5,-0.1,3.1,1.6,-0.6,3.8,-1.3,-3.5,0.8,-1.2,-4.9,2.4,0.0,-2.1,2.1,1.0,-1.8,3.8,-4.0,-6.9,-1.1,1.7,-0.1,3.5,-4.5,2.7,-0.1,5.4,0.4,-1.2,2.0,106,104,97,105,111,101,106,104,106,107,102,94,104,112,101,106,103,105,106,105,95,105,113,104,106,104,106,20%,80%,94%,53%,77%,20%,73%,100%,47%,77%,10%,73%,100%,59%,74%,20%,80%,100%,65%,74%,0%,17%,71%,18%,33%,0%,27%,82%,29%,40%,0%,20%,71%,12%,37%,0%,13%,53%,18%,23%,39,65%,0,0%,1,2%,14,23%,15,25%,,,,,,,,,,,,,,,,,,,,,54,30%,70%,54%,7%,50%,6%,55%,8%,-0.9,-2.6,0.8,0.8,-0.7,2.4,-1.4,-2.9,0.1,104,104,0.1,1.5,0.1,3,3,3
1,56190,919,2428,117337,Samuel Lucas Junior Mixed and Infant School,Gaping Lane,,,Hitchin,SG5 2JQ,01462456737,E14000749,Hitchin and Harpenden,0,,,CY,0,Does not apply,4-11,0,0,421,59,60,30,30,50%,50%,8.2,11,19%,19,33%,28,48%,2,3%,4,7%,56,93%,3,5%,58,97%,70%,22%,2.8,1.2,4.5,93%,1.4,-0.1,3.0,97%,2.7,1.1,4.2,93%,83%,48%,5%,109,83%,55%,5%,110,83%,38%,5%,108,78%,27%,20%,0%,93%,0%,70%,70%,18%,74%,93%,SUPP,SUPP,SUPP,SUPP,72%,17%,27%,0%,0%,46%,SUPP,SUPP,SUPP,SUPP,22%,3.2,0.9,5.6,2.5,0.1,4.8,3.3,-0.6,7.2,1.8,-1.2,4.7,3.4,1.0,5.7,SUPP,SUPP,SUPP,SUPP,SUPP,SUPP,SUPP,SUPP,SUPP,SUPP,2.8,1.2,4.5,1.5,-0.7,3.7,1.4,-0.8,3.6,2.6,-1.0,6.2,0.8,-1.9,3.5,1.4,-0.8,3.6,SUPP,SUPP,SUPP,SUPP,SUPP,SUPP,SUPP,SUPP,SUPP,SUPP,1.4,-0.1,3.0,2.7,0.5,4.9,2.6,0.4,4.8,3.0,-0.6,6.7,2.7,0.0,5.5,2.5,0.3,4.7,SUPP,SUPP,SUPP,SUPP,SUPP,SUPP,SUPP,SUPP,SUPP,SUPP,2.7,1.1,4.2,109,108,100,106,115,SUPP,SUPP,SUPP,109,108,108,98,106,113,SUPP,SUPP,SUPP,108,110,109,99,108,116,SUPP,SUPP,SUPP,110,45%,89%,100%,SUPP,SUPP,45%,89%,100%,SUPP,SUPP,45%,95%,96%,SUPP,SUPP,36%,84%,96%,SUPP,SUPP,0%,16%,93%,SUPP,SUPP,9%,32%,93%,SUPP,SUPP,9%,5%,75%,SUPP,SUPP,0%,0%,57%,SUPP,SUPP,57,95%,0,0%,3,5%,4,7%,7,12%,,,,,,,,,,,,,,,,,,,,,31,13%,87%,71%,19%,SUPP,SUPP,SUPP,SUPP,-1.5,-3.7,0.8,-0.1,-2.2,1.9,-0.6,-2.5,1.4,106,108,2.8,1.4,2.7,2,3,2
1,47778,919,2429,143409,Roselands Primary School,High Wood Road,,,Hoddesdon,EN11 9AR,01992442407,E14000606,Broxbourne,0,,,ACC,0,Does not apply,5-11,0,0,297,44,44,20,24,45%,55%,8.2,8,18%,17,39%,19,43%,0,0%,11,25%,33,75%,2,5%,43,98%,59%,14%,-2.2,-4.1,-0.4,100%,-1.4,-3.1,0.4,100%,-1.6,-3.4,0.1,100%,70%,30%,0%,104,57%,23%,0%,103,64%,36%,0%,104,68%,16%,32%,0%,86%,0%,70%,50%,38%,29%,95%,27%,70%,-39,SUPP,60%,15%,13%,0%,0%,32%,0%,18%,-10,SUPP,14%,-1.6,-4.4,1.1,-2.8,-5.3,-0.2,-1.0,-5.3,3.4,-3.8,-6.8,-0.8,-1.4,-4.2,1.4,-5.1,-8.8,-1.4,-1.3,-3.4,0.8,-5.5,SUPP,SUPP,SUPP,-2.3,-4.2,-0.5,-1.6,-4.2,1.1,-1.1,-3.6,1.3,1.6,-2.5,5.8,-4.3,-7.2,-1.5,0.1,-2.7,2.8,-5.8,-9.3,-2.2,0.1,-1.9,2.2,-6.2,SUPP,SUPP,SUPP,-1.2,-3.0,0.6,-0.1,-2.7,2.5,-2.9,-5.3,-0.5,-0.2,-4.3,3.9,-5.9,-8.8,-3.1,1.6,-1.1,4.3,-6.2,-9.6,-2.7,-0.1,-2.1,1.9,-6.7,SUPP,SUPP,SUPP,-1.7,-3.5,0.1,106,103,97,101,110,100,105,SUPP,104,107,101,96,98,112,97,106,SUPP,104,105,101,95,98,110,98,104,SUPP,103,38%,59%,95%,55%,76%,13%,35%,95%,36%,64%,38%,41%,95%,36%,73%,38%,47%,100%,36%,79%,0%,6%,63%,9%,36%,0%,0%,53%,9%,27%,0%,6%,79%,18%,42%,0%,0%,37%,0%,21%,42,95%,0,0%,0,0%,7,16%,7,16%,,,,,,,,,,,,,,,,,,,,,43,21%,79%,60%,16%,22%,11%,71%,18%,-0.3,-2.2,1.6,1.0,-0.7,2.7,-1.5,-3.1,0.1,104,104,-2.3,-1.4,-1.7,4,3,3
1,11880,919,2432,145353,Cherry Tree Primary School,Berry Avenue,,,Watford,WD24 6ST,01923245490,E14001021,Watford,0,,,ACC,0,Does not apply,3-11,0,0,444,57,57,27,30,47%,53%,7.7,14,25%,24,43%,18,32%,1,2%,11,19%,46,81%,35,61%,52,91%,68%,5%,1.3,-0.3,3.0,98%,0.5,-1.1,2.1,98%,3.2,1.7,4.8,98%,81%,26%,0%,106,88%,44%,0%,108,86%,30%,0%,107,72%,14%,26%,0%,77%,0%,70%,67%,21%,71%,100%,64%,70%,-2,66%,69%,4%,7%,0%,0%,17%,9%,4%,-1,6%,6%,1.0,-1.4,3.4,1.6,-0.6,3.9,3.2,-0.1,6.5,1.1,-1.4,3.6,0.2,-2.7,3.1,2.7,-1.0,6.4,1.0,-0.8,2.8,2.3,0.3,-1.8,2.4,1.9,0.2,3.6,-0.1,-2.5,2.2,1.1,-1.1,3.3,1.6,-1.6,4.8,-0.4,-2.8,2.0,0.9,-1.9,3.7,2.3,-1.3,5.9,0.1,-1.7,1.9,1.9,0.7,-1.4,2.7,0.7,-1.0,2.3,4.2,1.9,6.4,2.4,0.3,4.6,4.4,1.3,7.5,2.3,-0.1,4.7,3.6,0.9,6.3,2.9,-0.6,6.4,3.3,1.6,5.1,2.4,4.1,2.1,6.1,3.5,1.9,5.1,105,107,99,106,111,106,106,105,106,107,106,99,106,114,105,107,107,107,107,109,100,107,116,107,108,108,108,50%,83%,100%,73%,83%,64%,92%,100%,91%,87%,64%,88%,100%,82%,87%,29%,75%,100%,73%,72%,0%,17%,61%,27%,26%,7%,29%,94%,45%,43%,0%,13%,78%,18%,33%,0%,4%,39%,18%,13%,22,39%,0,0%,3,5%,8,14%,11,19%,,,,,,,,,,,,,,,,,,,,,59,20%,80%,68%,2%,58%,0%,70%,2%,-1.0,-2.6,0.5,-2.3,-3.8,-0.8,-1.1,-2.5,0.3,104,105,1.3,0.5,3.2,3,3,1
1,13338,919,2433,117340,Coates Way JMI and Nursery School,Coates Way,Garston,,Watford,WD25 9NW,01923670341,E14001021,Watford,0,,,CY,0,Does not apply,3-11,0,0,230,29,29,12,17,41%,59%,7.9,3,10%,17,59%,9,31%,0,0%,5,17%,24,83%,7,24%,28,97%,55%,17%,0.0,-2.3,2.3,100%,-1.2,-3.4,1.0,100%,0.3,-1.8,2.5,100%,66%,45%,0%,107,76%,38%,0%,107,79%,28%,0%,106,62%,21%,31%,0%,66%,0%,50%,59%,SUPP,47%,89%,SUPP,SUPP,SUPP,71%,57%,8%,24%,SUPP,6%,44%,SUPP,SUPP,SUPP,43%,18%,2.2,-1.3,5.8,-1.6,-4.5,1.4,SUPP,SUPP,SUPP,0.5,-2.5,3.5,-0.4,-4.5,3.7,SUPP,SUPP,SUPP,SUPP,SUPP,SUPP,SUPP,5.7,1.0,10.3,0.1,-2.2,2.4,-0.3,-3.8,3.1,-1.8,-4.7,1.1,SUPP,SUPP,SUPP,-2.4,-5.2,0.5,0.7,-3.2,4.7,SUPP,SUPP,SUPP,SUPP,SUPP,SUPP,SUPP,4.9,0.4,9.4,-1.3,-3.5,1.0,2.7,-0.6,6.1,-1.4,-4.2,1.4,SUPP,SUPP,SUPP,-1.1,-3.9,1.7,2.7,-1.2,6.6,SUPP,SUPP,SUPP,SUPP,SUPP,SUPP,SUPP,7.0,2.6,11.4,0.4,-1.8,2.6,108,106,SUPP,106,111,SUPP,SUPP,110,107,107,105,SUPP,103,113,SUPP,SUPP,110,107,107,106,SUPP,104,113,SUPP,SUPP,111,107,SUPP,65%,89%,SUPP,SUPP,SUPP,76%,100%,SUPP,SUPP,SUPP,76%,100%,SUPP,SUPP,SUPP,53%,100%,SUPP,SUPP,SUPP,35%,78%,SUPP,SUPP,SUPP,24%,78%,SUPP,SUPP,SUPP,6%,78%,SUPP,SUPP,SUPP,12%,44%,SUPP,SUPP,22,76%,0,0%,2,7%,3,10%,5,17%,,,,,,,,,,,,,,,,,,,,,29,17%,83%,76%,7%,SUPP,SUPP,SUPP,SUPP,-0.2,-2.4,2.1,-0.8,-2.9,1.2,2.1,0.1,4.1,105,108,-0.3,-1.3,0.0,3,3,3
1,23594,919,2436,145255,Grove Road Primary School,Grove Road,,,Tring,HP23 5PD,01442822056,E14000951,South West Hertfordshire,0,,,ACC,0,Does not apply,3-11,0,0,457,53,53,30,23,57%,43%,8.3,7,14%,21,41%,23,45%,2,4%,8,15%,45,85%,2,4%,50,94%,68%,19%,1.2,-0.5,3.0,94%,1.9,0.3,3.6,96%,0.9,-0.7,2.5,94%,83%,45%,2%,108,83%,47%,2%,109,79%,36%,2%,107,87%,28%,11%,0%,92%,0%,70%,65%,0%,67%,91%,88%,64%,22,SUPP,68%,13%,26%,0%,10%,35%,25%,18%,15,SUPP,20%,1.8,-0.5,4.1,0.5,-2.2,3.2,0.0,-4.7,4.7,1.6,-1.1,4.3,1.3,-1.3,4.0,3.2,-1.2,7.6,0.9,-1.0,2.8,2.8,SUPP,SUPP,SUPP,1.4,-0.4,3.1,1.0,-1.3,3.2,3.2,0.7,5.7,3.0,-1.5,7.4,2.3,-0.2,4.9,1.2,-1.2,3.7,2.4,-1.8,6.6,1.8,0.0,3.6,2.0,SUPP,SUPP,SUPP,2.0,0.3,3.7,1.7,-0.4,3.9,-0.2,-2.7,2.3,-2.4,-6.8,1.9,1.4,-1.2,3.9,1.5,-0.9,4.0,1.4,-2.7,5.5,0.8,-1.0,2.6,0.9,SUPP,SUPP,SUPP,0.8,-0.8,2.5,108,108,100,106,113,110,108,SUPP,108,107,106,96,105,112,108,107,SUPP,107,108,109,100,106,114,110,108,SUPP,109,71%,76%,91%,100%,80%,43%,86%,91%,88%,82%,14%,81%,96%,88%,78%,57%,86%,100%,88%,87%,0%,38%,70%,50%,44%,0%,24%,83%,75%,42%,0%,24%,61%,38%,36%,0%,14%,48%,38%,27%,51,96%,0,0%,1,2%,10,19%,11,21%,,,,,,,,,,,,,,,,,,,,,56,5%,95%,80%,11%,SUPP,SUPP,SUPP,SUPP,0.4,-1.3,2.1,0.7,-0.9,2.3,-0.2,-1.7,1.2,107,106,1.2,1.9,0.9,3,2,3
1,26300,919,2437,117342,High Beeches Primary School,Aldwickbury Crescent,,,Harpenden,AL5 5SD,01582767966,E14000749,Hitchin and Harpenden,0,,,CY,0,Does not apply,5-11,0,0,415,59,62,31,31,50%,50%,8.2,9,15%,24,40%,27,45%,2,3%,2,3%,60,97%,2,3%,59,95%,77%,19%,4.0,2.4,5.6,97%,0.4,-1.1,2.0,97%,4.8,3.3,6.3,97%,94%,58%,0%,110,92%,53%,0%,109,97%,56%,0%,110,77%,23%,23%,0%,92%,0%,77%,77%,22%,71%,100%,SUPP,SUPP,SUPP,SUPP,78%,16%,23%,0%,4%,41%,SUPP,SUPP,SUPP,SUPP,20%,3.2,0.9,5.5,4.7,2.5,7.0,4.3,0.2,8.4,4.5,2.0,7.0,3.4,1.0,5.8,SUPP,SUPP,SUPP,SUPP,SUPP,SUPP,SUPP,SUPP,SUPP,SUPP,3.9,2.3,5.5,-1.1,-3.3,1.1,1.8,-0.3,4.0,-0.1,-4.0,3.9,-0.2,-2.6,2.2,1.1,-1.1,3.4,SUPP,SUPP,SUPP,SUPP,SUPP,SUPP,SUPP,SUPP,SUPP,SUPP,0.5,-1.1,2.0,6.0,3.8,8.1,3.7,1.6,5.8,6.8,3.0,10.7,5.0,2.6,7.4,3.9,1.7,6.2,SUPP,SUPP,SUPP,SUPP,SUPP,SUPP,SUPP,SUPP,SUPP,SUPP,4.7,3.2,6.2,110,110,102,108,115,SUPP,SUPP,SUPP,110,112,108,103,108,114,SUPP,SUPP,SUPP,110,109,109,101,106,114,SUPP,SUPP,SUPP,109,67%,96%,100%,SUPP,SUPP,56%,96%,100%,SUPP,SUPP,78%,100%,100%,SUPP,SUPP,22%,71%,100%,SUPP,SUPP,0%,50%,85%,SUPP,SUPP,11%,25%,96%,SUPP,SUPP,11%,38%,85%,SUPP,SUPP,0%,4%,48%,SUPP,SUPP,59,95%,1,2%,0,0%,9,15%,9,15%,,,,,,,,,,,,,,,,,,,,,30,0%,100%,90%,30%,,,SUPP,SUPP,3.1,0.9,5.4,1.2,-0.9,3.3,3.8,1.8,5.8,110,111,4.0,0.4,4.8,1,3,1
1,60312,919,2442,117345,Stonehill School,Western Close,,,Letchworth Garden City,SG6 4SZ,01462620262,E14000845,North East Hertfordshire,0,,,CY,0,Does not apply,3-11,0,0,215,30,29,14,15,48%,52%,7.6,7,24%,13,45%,9,31%,0,0%,9,31%,20,69%,1,3%,27,93%,69%,3%,-0.5,-2.8,1.8,100%,1.4,-0.8,3.6,100%,1.1,-1.0,3.3,100%,69%,17%,0%,103,76%,17%,0%,102,79%,17%,0%,104,79%,10%,17%,0%,79%,0%,79%,60%,29%,69%,100%,33%,85%,-33,SUPP,70%,0%,7%,0%,0%,11%,0%,5%,-10,SUPP,4%,-1.7,-5.0,1.5,0.6,-2.5,3.8,2.2,-2.4,6.9,-1.4,-4.8,2.0,-1.4,-5.5,2.7,-2.9,-7.0,1.2,0.6,-2.2,3.3,-3.3,SUPP,SUPP,SUPP,-1.0,-3.3,1.4,2.2,-1.0,5.4,0.7,-2.3,3.8,3.6,-0.9,8.1,0.7,-2.6,4.0,0.8,-3.1,4.8,0.6,-3.4,4.5,1.8,-0.8,4.5,0.2,SUPP,SUPP,SUPP,1.5,-0.8,3.8,1.1,-2.0,4.2,1.1,-1.9,4.1,4.9,0.5,9.3,0.1,-3.2,3.3,-0.3,-4.2,3.5,0.6,-3.2,4.5,1.3,-1.3,3.9,0.1,SUPP,SUPP,SUPP,0.7,-1.5,2.9,103,103,96,103,109,99,105,SUPP,104,105,103,98,104,109,102,105,SUPP,105,102,102,95,103,107,99,104,SUPP,103,29%,69%,100%,33%,85%,43%,77%,100%,56%,85%,29%,92%,100%,67%,85%,43%,85%,100%,67%,85%,0%,8%,44%,0%,25%,0%,15%,33%,11%,20%,0%,8%,44%,11%,20%,0%,0%,33%,11%,10%,28,97%,0,0%,2,7%,7,24%,9,31%,,,,,,,,,,,,,,,,,,,,,28,50%,50%,75%,7%,71%,0%,79%,14%,-0.1,-2.4,2.2,0.4,-1.7,2.6,0.1,-1.9,2.2,105,106,-0.5,1.4,1.1,3,3,3
1,46788,919,2443,117346,Richard Whittington Primary School,Thornbera Gardens,,,Bishop's Stortford,CM23 3NP,01279657778,E14000744,Hertford and Stortford,0,,,CY,0,Does not apply,3-11,0,0,307,45,45,21,24,47%,53%,8.0,6,14%,20,45%,18,41%,1,2%,6,13%,39,87%,7,16%,42,93%,64%,16%,0.7,-1.1,2.6,98%,-0.2,-1.9,1.6,98%,1.4,-0.3,3.2,98%,87%,31%,0%,106,91%,51%,0%,108,84%,33%,0%,106,73%,22%,22%,0%,84%,0%,52%,75%,0%,55%,94%,83%,62%,17,57%,64%,5%,25%,0%,0%,39%,17%,15%,7,0%,17%,1.6,-1.1,4.4,-0.1,-2.6,2.5,3.6,-1.4,8.7,1.4,-1.3,4.2,-1.1,-4.0,1.9,1.5,-3.5,6.5,0.6,-1.4,2.6,1.1,-1.0,-6.1,4.0,0.1,-1.8,2.1,-2.3,-5.0,0.3,1.6,-0.8,4.1,-3.3,-8.2,1.5,-1.2,-3.9,1.4,2.1,-0.7,4.9,1.0,-3.9,5.8,-0.3,-2.3,1.6,0.6,1.0,-3.9,5.8,-0.3,-2.2,1.5,1.9,-0.7,4.5,1.0,-1.4,3.4,3.0,-1.8,7.7,1.1,-1.5,3.7,1.3,-1.5,4.0,0.0,-4.8,4.7,1.6,-0.2,3.5,-0.5,3.7,-1.0,8.5,1.1,-0.7,2.9,105,107,97,106,110,105,106,103,106,105,107,95,105,111,103,107,107,106,106,110,96,108,113,107,108,107,108,33%,95%,94%,83%,87%,50%,95%,100%,83%,92%,33%,85%,100%,83%,85%,0%,70%,100%,83%,72%,0%,15%,61%,50%,28%,0%,40%,83%,50%,51%,0%,15%,67%,17%,36%,0%,0%,56%,17%,23%,38,84%,0,0%,3,7%,6,13%,9,20%,,,,,,,,,,,,,,,,,,,,,47,13%,87%,51%,9%,33%,0%,54%,10%,-2.1,-4.0,-0.2,0.1,-1.6,1.9,-3.2,-4.8,-1.5,103,103,0.7,-0.2,1.4,3,3,3
1,38178,919,2444,145969,Mount Pleasant Lane Primary School,Mount Pleasant Lane,Bricket Wood,,St Albans,AL2 3XA,01923672729,E14000960,St Albans,0,,,ACC,0,Does not apply,3-11,0,0,270,43,42,21,21,50%,50%,7.5,13,31%,16,38%,13,31%,0,0%,13,31%,29,69%,7,17%,39,93%,38%,5%,-0.6,-2.5,1.3,100%,-2.0,-3.8,-0.1,100%,-2.9,-4.7,-1.1,100%,71%,19%,0%,104,67%,26%,0%,104,50%,14%,0%,100,52%,10%,40%,0%,88%,0%,43%,33%,0%,44%,69%,8%,52%,-58,57%,41%,5%,5%,0%,0%,15%,0%,7%,-10,29%,5%,-0.8,-3.5,1.9,-0.5,-3.2,2.2,0.8,-2.7,4.2,0.1,-3.0,3.1,-2.9,-6.3,0.5,-1.7,-5.1,1.7,-0.2,-2.5,2.1,-2.1,3.1,-1.5,7.8,-0.1,-2.1,1.9,-2.9,-5.5,-0.3,-1.1,-3.7,1.5,-1.2,-4.5,2.1,-2.5,-5.5,0.4,-2.1,-5.3,1.2,-3.3,-6.6,-0.1,-1.4,-3.6,0.8,-3.7,-0.2,-4.7,4.2,-2.0,-3.9,-0.1,-1.5,-4.0,1.0,-4.3,-6.8,-1.7,-1.3,-4.5,1.9,-3.5,-6.4,-0.6,-3.7,-6.9,-0.5,-5.3,-8.5,-2.1,-1.8,-3.9,0.4,-5.8,-0.2,-4.6,4.2,-2.3,-4.2,-0.5,104,104,98,105,108,102,105,109,104,102,99,94,100,106,96,102,105,101,103,104,96,103,111,102,105,111,104,38%,75%,100%,54%,79%,15%,81%,100%,54%,72%,15%,56%,77%,15%,66%,8%,56%,92%,31%,62%,0%,19%,38%,15%,21%,0%,19%,62%,15%,31%,0%,6%,38%,0%,21%,0%,6%,23%,0%,14%,35,83%,0,0%,3,7%,5,12%,8,19%,,,,,,,,,,,,,,,,,,,,,44,18%,82%,59%,14%,25%,0%,67%,17%,-0.5,-2.4,1.3,-0.2,-1.9,1.5,-3.2,-4.8,-1.6,104,102,-0.6,-2.0,-3.0,3,4,4
1,64902,919,2446,117348,Watchlytes Primary School,Watchlytes,,,Welwyn Garden City,AL7 2AZ,,E14001027,Welwyn Hatfield,0,,,CY,1,Does not apply,3-11,0,0,0,0,24,9,15,38%,63%,7.3,9,38%,10,42%,5,21%,0,0%,12,50%,12,50%,2,8%,23,96%,42%,8%,-1.6,-4.1,0.9,100%,-0.3,-2.7,2.1,100%,-3.3,-5.6,-0.9,100%,54%,21%,0%,103,50%,13%,0%,101,46%,8%,0%,100,58%,8%,33%,0%,58%,0%,56%,33%,0%,50%,SUPP,17%,67%,-49,SUPP,39%,11%,7%,0%,0%,SUPP,0%,17%,-10,SUPP,9%,-2.0,-6.1,2.1,-1.4,-4.6,1.8,-3.1,-7.2,1.0,-0.9,-4.8,3.0,SUPP,SUPP,SUPP,-3.7,-7.3,-0.1,0.4,-3.1,4.0,-4.1,SUPP,SUPP,SUPP,-1.3,-3.9,1.2,-1.9,-5.9,2.0,0.6,-2.4,3.7,0.1,-3.8,4.1,-1.4,-5.1,2.4,SUPP,SUPP,SUPP,-1.3,-4.7,2.1,0.7,-2.8,4.1,-1.7,SUPP,SUPP,SUPP,-0.3,-2.7,2.2,-1.4,-5.3,2.4,-4.4,-7.4,-1.4,-3.3,-7.2,0.5,-4.6,-8.3,-0.9,SUPP,SUPP,SUPP,-3.8,-7.1,-0.4,-2.8,-6.1,0.6,-4.3,SUPP,SUPP,SUPP,-3.3,-5.7,-0.9,104,102,96,104,SUPP,98,107,SUPP,103,104,98,93,99,SUPP,97,103,SUPP,100,103,99,96,100,SUPP,97,104,SUPP,100,11%,70%,SUPP,33%,75%,11%,60%,SUPP,25%,75%,11%,50%,SUPP,25%,67%,22%,70%,SUPP,42%,75%,0%,20%,SUPP,8%,33%,0%,10%,SUPP,0%,25%,0%,0%,SUPP,0%,17%,0%,0%,SUPP,0%,17%,22,92%,0,0%,1,4%,3,13%,4,17%,,,,,,,,,,,,,,,,,,,,,29,38%,62%,45%,3%,36%,0%,50%,6%,-4.5,-6.7,-2.2,-5.3,-7.4,-3.2,-2.4,-4.4,-0.4,102,105,-1.6,-0.3,-3.4,3,3,4
1,8510,919,2448,117349,Brockswood Primary School,Shenley Road,Woodhall Farm,,Hemel Hempstead,HP2 7QH,01442404000,E14000739,Hemel Hempstead,0,,,CY,0,Does not apply,3-11,0,0,233,29,28,16,12,57%,43%,7.6,6,21%,16,57%,6,21%,0,0%,9,32%,19,68%,9,32%,27,96%,86%,21%,1.5,-0.8,3.9,100%,4.1,1.8,6.3,100%,5.4,3.2,7.6,100%,86%,36%,0%,107,96%,68%,0%,112,96%,43%,0%,110,93%,25%,4%,0%,89%,0%,81%,92%,33%,100%,100%,78%,89%,12,89%,89%,19%,25%,0%,6%,83%,0%,32%,-10,11%,22%,3.2,0.1,6.2,-0.6,-4.2,3.0,-0.5,-5.5,4.5,1.7,-1.4,4.8,3.1,-1.9,8.2,0.8,-3.3,4.9,1.9,-0.9,4.7,0.4,0.9,-3.3,5.0,2.3,0.0,4.7,5.1,2.1,8.1,2.7,-0.8,6.1,5.3,0.4,10.1,3.5,0.5,6.4,4.4,-0.4,9.2,1.4,-2.6,5.3,5.3,2.6,8.0,1.0,4.1,0.2,8.1,4.9,2.7,7.2,7.1,4.3,10.0,3.2,-0.2,6.5,6.7,2.0,11.4,4.7,1.9,7.6,6.0,1.3,10.7,3.2,-0.7,7.0,6.5,3.8,9.2,2.7,5.8,1.9,9.6,6.3,4.1,8.6,106,107,98,106,115,105,107,105,107,110,110,105,109,117,107,111,109,110,111,113,107,111,118,110,113,111,112,33%,100%,100%,78%,89%,83%,100%,100%,89%,100%,83%,100%,100%,89%,100%,67%,100%,100%,78%,100%,0%,25%,100%,22%,42%,33%,69%,100%,56%,74%,0%,38%,100%,22%,53%,0%,13%,83%,0%,37%,19,68%,0,0%,1,4%,16,57%,17,61%,,,,,,,,,,,,,,,,,,,,,29,45%,55%,83%,17%,69%,23%,94%,13%,2.2,-0.1,4.6,-0.2,-2.4,1.9,3.8,1.7,5.8,107,109,1.4,4.1,5.3,3,1,1
1,3038,919,2451,117352,Ashtree Primary School and Nursery,Chertsey Rise,,,Stevenage,SG2 9JQ,01438351090,E14000968,Stevenage,0,,,CY,0,Does not apply,3-11,0,0,304,53,52,24,28,46%,54%,8.1,12,24%,19,38%,19,38%,2,4%,16,31%,36,69%,8,15%,49,94%,50%,6%,-4.2,-6.0,-2.5,96%,-2.2,-3.8,-0.5,96%,-4.4,-6.1,-2.8,94%,60%,19%,0%,101,50%,10%,0%,99,58%,19%,2%,101,71%,6%,21%,0%,77%,0%,50%,50%,8%,37%,89%,31%,58%,-35,63%,49%,0%,11%,0%,0%,16%,0%,8%,-10,0%,6%,-5.8,-8.3,-3.2,-2.9,-5.3,-0.6,-5.9,-9.5,-2.4,-4.1,-6.9,-1.2,-3.3,-6.2,-0.5,-5.3,-8.5,-2.1,-3.8,-5.9,-1.7,-5.7,-4.7,-9.4,-0.1,-4.3,-6.0,-2.5,-3.4,-5.8,-0.9,-1.1,-3.4,1.1,-2.8,-6.2,0.6,-0.9,-3.6,1.9,-3.1,-5.8,-0.4,-1.1,-4.1,2.0,-2.6,-4.6,-0.6,-1.5,1.3,-3.2,5.8,-2.2,-3.9,-0.5,-3.3,-5.7,-0.9,-5.4,-7.7,-3.1,-6.5,-9.8,-3.2,-4.6,-7.3,-1.9,-2.9,-5.6,-0.2,-5.6,-8.5,-2.6,-3.9,-5.9,-1.9,-6.1,-2.9,-7.2,1.5,-4.5,-6.2,-2.8,99,103,92,101,108,97,103,101,102,101,100,90,100,108,95,103,102,101,97,101,90,99,105,94,101,101,99,17%,53%,95%,31%,72%,0%,53%,79%,19%,64%,8%,47%,100%,38%,67%,17%,84%,95%,56%,78%,0%,16%,37%,6%,25%,0%,0%,26%,6%,11%,0%,0%,53%,13%,22%,0%,0%,16%,0%,8%,44,85%,0,0%,1,2%,8,15%,9,17%,,,,,,,,,,,,,,,,,,,,,56,23%,77%,57%,11%,46%,0%,60%,14%,-2.6,-4.2,-0.9,0.9,-0.7,2.4,-3.9,-5.3,-2.4,104,102,-4.2,-2.2,-4.4,5,4,5
1,57396,919,2452,117353,Sheredes Primary School,Benford Road,,,Hoddesdon,EN11 8LL,01992465154,E14000606,Broxbourne,0,,,CY,0,Does not apply,3-11,0,0,458,60,60,38,22,63%,37%,8.7,2,3%,23,38%,35,58%,0,0%,4,7%,56,93%,9,15%,58,97%,95%,25%,2.5,0.9,4.1,100%,2.1,0.6,3.6,100%,3.3,1.8,4.8,100%,98%,63%,0%,111,98%,63%,0%,111,100%,62%,0%,111,97%,38%,3%,0%,100%,0%,92%,100%,SUPP,91%,100%,SUPP,SUPP,SUPP,89%,95%,24%,27%,SUPP,4%,40%,SUPP,SUPP,SUPP,22%,26%,2.4,0.4,4.4,2.6,-0.1,5.2,SUPP,SUPP,SUPP,2.7,0.1,5.3,2.2,0.1,4.3,SUPP,SUPP,SUPP,SUPP,SUPP,SUPP,SUPP,3.9,-0.3,8.0,2.5,0.9,4.1,1.1,-0.9,3.0,3.9,1.3,6.4,SUPP,SUPP,SUPP,1.3,-1.1,3.8,2.5,0.5,4.5,SUPP,SUPP,SUPP,SUPP,SUPP,SUPP,SUPP,0.1,-3.9,4.0,2.1,0.5,3.6,4.0,2.1,5.9,2.2,-0.3,4.6,SUPP,SUPP,SUPP,3.4,1.0,5.8,3.0,1.0,5.0,SUPP,SUPP,SUPP,SUPP,SUPP,SUPP,SUPP,4.8,1.0,8.7,3.2,1.7,4.7,111,111,SUPP,108,114,SUPP,SUPP,113,111,111,110,SUPP,108,113,SUPP,SUPP,113,111,110,111,SUPP,107,113,SUPP,SUPP,111,111,SUPP,96%,100%,SUPP,SUPP,SUPP,100%,100%,SUPP,SUPP,SUPP,100%,100%,SUPP,SUPP,SUPP,96%,100%,SUPP,SUPP,SUPP,35%,86%,SUPP,SUPP,SUPP,35%,86%,SUPP,SUPP,SUPP,30%,86%,SUPP,SUPP,SUPP,9%,60%,SUPP,SUPP,51,85%,0,0%,1,2%,7,12%,8,13%,,,,,,,,,,,,,,,,,,,,,60,12%,88%,92%,35%,86%,14%,92%,38%,1.7,0.1,3.3,2.4,0.9,3.8,3.0,1.6,4.4,110,111,2.5,2.1,3.3,2,2,1
1,2258,919,2454,137943,Applecroft School,Applecroft Road,,,Welwyn Garden City,AL8 6JZ,01707323758,E14001027,Welwyn Hatfield,0,,,ACC,0,None,3-11,0,0,454,63,60,29,31,48%,52%,7.9,15,26%,23,40%,20,34%,2,3%,15,25%,45,75%,10,17%,54,90%,60%,12%,-0.1,-1.7,1.5,97%,2.1,0.5,3.7,97%,-0.9,-2.4,0.6,97%,67%,30%,0%,105,65%,27%,0%,104,68%,23%,0%,103,80%,28%,18%,0%,87%,0%,62%,58%,13%,65%,95%,13%,76%,-53,70%,65%,17%,6%,0%,0%,35%,0%,16%,-10,20%,13%,-0.2,-2.5,2.0,0.1,-2.2,2.3,-1.7,-4.9,1.5,-1.0,-3.5,1.6,2.1,-0.6,4.9,-1.7,-4.9,1.4,0.5,-1.4,2.4,-2.1,-0.6,-4.5,3.3,-0.1,-1.8,1.6,0.8,-1.5,3.0,3.5,1.3,5.7,4.5,1.5,7.6,-0.8,-3.3,1.7,3.6,1.0,6.3,0.8,-2.3,3.9,2.6,0.8,4.4,0.4,2.1,-1.6,5.9,2.8,1.2,4.4,0.6,-1.6,2.7,-2.4,-4.5,-0.2,-3.3,-6.3,-0.3,-0.4,-2.8,2.0,0.4,-2.2,2.9,-3.2,-6.2,-0.2,-0.1,-1.9,1.7,-3.7,-0.2,-3.9,3.4,-0.8,-2.4,0.8,105,105,96,103,114,98,107,106,105,105,101,93,103,111,95,106,105,104,103,104,96,101,112,98,106,107,104,20%,70%,100%,27%,80%,33%,52%,100%,47%,71%,13%,83%,95%,27%,82%,60%,74%,100%,53%,89%,0%,17%,70%,0%,40%,0%,9%,70%,0%,36%,0%,13%,55%,0%,31%,0%,9%,75%,0%,38%,50,83%,0,0%,3,5%,6,10%,9,15%,,,,,,,,,,,,,,,,,,,,,60,13%,87%,78%,23%,63%,0%,81%,27%,0.8,-0.8,2.3,0.8,-0.7,2.2,0.7,-0.7,2.0,107,107,-0.1,2.1,-0.9,3,2,3
1,68216,919,2457,117358,Wood End School,Yeomans Avenue,,,Harpenden,AL5 3EF,01582761636,E14000749,Hitchin and Harpenden,0,,,CY,0,Does not apply,4-11,0,0,455,61,61,30,31,49%,51%,8.4,7,12%,25,42%,28,47%,1,2%,4,7%,57,93%,3,5%,60,98%,82%,28%,3.1,1.5,4.7,98%,2.8,1.3,4.3,98%,2.8,1.3,4.3,98%,89%,57%,0%,111,92%,51%,0%,110,89%,49%,0%,109,87%,41%,13%,0%,97%,0%,87%,77%,14%,84%,100%,SUPP,SUPP,SUPP,SUPP,83%,23%,32%,0%,12%,50%,SUPP,SUPP,SUPP,SUPP,28%,3.7,1.5,6.0,2.5,0.3,4.8,-0.2,-4.9,4.4,3.7,1.3,6.2,3.4,1.1,5.7,SUPP,SUPP,SUPP,SUPP,SUPP,SUPP,SUPP,SUPP,SUPP,SUPP,3.1,1.5,4.7,2.5,0.3,4.7,3.1,0.9,5.3,-0.8,-5.3,3.7,3.8,1.4,6.2,2.8,0.6,5.1,SUPP,SUPP,SUPP,SUPP,SUPP,SUPP,SUPP,SUPP,SUPP,SUPP,2.8,1.3,4.3,3.8,1.7,5.9,1.8,-0.4,3.9,2.6,-1.8,7.0,3.0,0.6,5.3,2.6,0.4,4.8,SUPP,SUPP,SUPP,SUPP,SUPP,SUPP,SUPP,SUPP,SUPP,SUPP,2.8,1.3,4.3,111,111,100,109,115,SUPP,SUPP,SUPP,111,110,108,99,107,113,SUPP,SUPP,SUPP,109,109,110,98,108,114,SUPP,SUPP,SUPP,110,43%,92%,100%,SUPP,SUPP,57%,96%,100%,SUPP,SUPP,43%,92%,100%,SUPP,SUPP,14%,96%,100%,SUPP,SUPP,0%,48%,82%,SUPP,SUPP,0%,32%,82%,SUPP,SUPP,0%,36%,75%,SUPP,SUPP,0%,28%,64%,SUPP,SUPP,58,95%,0,0%,0,0%,7,11%,7,11%,,,,,,,,,,,,,,,,,,,,,90,2%,98%,94%,40%,SUPP,SUPP,SUPP,SUPP,4.0,2.7,5.3,3.0,1.8,4.2,2.3,1.1,3.4,112,110,3.1,2.8,2.8,1,2,2
1,5322,919,2462,117361,Bengeo Primary School,The Avenue,Bengeo,,Hertford,SG14 3DX,01992582765,E14000744,Hertford and Stortford,0,,,CY,0,Does not apply,3-11,0,0,446,59,59,32,27,54%,46%,8.1,9,16%,28,50%,19,34%,3,5%,3,5%,56,95%,5,8%,57,97%,75%,8%,1.8,0.1,3.4,95%,-0.6,-2.2,1.0,95%,1.8,0.3,3.4,93%,86%,42%,0%,108,81%,44%,0%,108,85%,32%,2%,107,76%,12%,20%,0%,93%,0%,66%,85%,0%,89%,95%,SUPP,SUPP,SUPP,SUPP,75%,6%,11%,0%,0%,26%,SUPP,SUPP,SUPP,SUPP,9%,1.1,-1.1,3.4,2.6,0.2,5.0,-3.6,-7.7,0.5,3.5,1.2,5.8,1.8,-1.0,4.6,SUPP,SUPP,SUPP,SUPP,SUPP,SUPP,SUPP,SUPP,SUPP,SUPP,1.8,0.1,3.4,-2.1,-4.2,0.1,1.1,-1.2,3.4,-3.2,-7.2,0.7,0.1,-2.1,2.4,-0.4,-3.1,2.3,SUPP,SUPP,SUPP,SUPP,SUPP,SUPP,SUPP,SUPP,SUPP,SUPP,-0.6,-2.2,1.0,2.4,0.2,4.5,1.3,-1.0,3.6,1.7,-2.4,5.8,1.8,-0.4,4.0,2.0,-0.7,4.7,SUPP,SUPP,SUPP,SUPP,SUPP,SUPP,SUPP,SUPP,SUPP,SUPP,1.8,0.3,3.4,108,109,97,109,113,SUPP,SUPP,SUPP,109,107,107,97,106,112,SUPP,SUPP,SUPP,107,107,109,95,107,116,SUPP,SUPP,SUPP,108,22%,100%,95%,SUPP,SUPP,11%,96%,100%,SUPP,SUPP,22%,93%,100%,SUPP,SUPP,11%,89%,95%,SUPP,SUPP,0%,39%,74%,SUPP,SUPP,0%,32%,89%,SUPP,SUPP,0%,18%,68%,SUPP,SUPP,0%,0%,37%,SUPP,SUPP,53,90%,1,2%,2,3%,6,10%,8,14%,,,,,,,,,,,,,,,,,,,,,84,12%,88%,73%,11%,40%,0%,77%,12%,0.4,-0.9,1.7,1.7,0.4,2.9,0.2,-1.0,1.3,105,105,1.7,-0.6,1.8,2,3,2
1,37918,919,2464,117363,Morgans Primary School & Nursery,Morgans Road,,,Hertford,SG13 8DR,01992582162,E14000744,Hertford and Stortford,0,,,CY,0,Does not apply,3-11,0,0,347,46,45,24,21,53%,47%,7.7,12,27%,17,39%,15,34%,1,2%,10,22%,35,78%,3,7%,44,98%,40%,4%,-0.7,-2.6,1.2,93%,-4.3,-6.0,-2.5,98%,-0.9,-2.6,0.9,96%,67%,27%,4%,104,62%,20%,2%,102,67%,13%,2%,103,44%,7%,47%,0%,82%,0%,38%,43%,0%,41%,73%,10%,49%,-56,SUPP,41%,8%,0%,0%,0%,13%,0%,6%,-10,SUPP,5%,-0.5,-3.2,2.2,-0.8,-3.5,1.8,0.2,-3.5,3.9,-1.4,-4.5,1.7,-0.5,-3.7,2.7,-2.4,-6.8,1.9,-0.2,-2.4,1.9,-2.8,SUPP,SUPP,SUPP,-0.5,-2.4,1.4,-4.4,-6.9,-1.9,-4.1,-6.7,-1.5,-4.7,-8.2,-1.3,-4.3,-7.2,-1.5,-3.8,-6.9,-0.7,-9.9,-13.9,-6.0,-2.8,-4.8,-0.8,-10.3,SUPP,SUPP,SUPP,-4.2,-6.0,-2.4,0.8,-1.7,3.2,-2.6,-5.1,0.0,-0.6,-4.0,2.7,0.0,-2.9,2.9,-2.0,-5.0,1.0,-4.7,-8.8,-0.6,0.0,-1.9,2.0,-5.2,SUPP,SUPP,SUPP,-0.8,-2.6,1.0,103,104,97,103,111,99,105,SUPP,104,104,102,96,104,108,97,105,SUPP,103,102,102,96,102,108,98,104,SUPP,102,25%,76%,93%,50%,71%,25%,59%,100%,50%,66%,17%,76%,100%,40%,74%,0%,47%,80%,10%,54%,8%,12%,60%,10%,31%,8%,12%,40%,0%,26%,0%,12%,27%,0%,17%,0%,0%,20%,0%,9%,42,93%,0,0%,2,4%,3,7%,5,11%,,,,,,,,,,,,,,,,,,,,,59,19%,81%,59%,8%,18%,0%,69%,10%,-1.9,-3.5,-0.3,-1.8,-3.2,-0.3,-1.7,-3.1,-0.3,104,105,-0.7,-4.3,-0.9,3,5,3
1,33120,919,2465,117364,The Leys Primary and Nursery School,Ripon Road,,,Stevenage,SG1 4QZ,01438314148,E14000968,Stevenage,0,,,CY,0,Does not apply,3-11,0,0,438,72,70,42,28,60%,40%,7.7,20,32%,24,38%,19,30%,7,10%,20,29%,50,71%,13,19%,61,87%,51%,3%,-0.6,-2.1,1.0,89%,-3.6,-5.1,-2.1,90%,-0.7,-2.2,0.7,89%,69%,40%,1%,105,73%,29%,1%,104,70%,24%,1%,103,54%,7%,34%,0%,67%,0%,48%,57%,5%,50%,95%,20%,64%,-46,54%,52%,0%,7%,0%,8%,0%,0%,4%,-10,8%,3%,-0.9,-3.0,1.1,0.0,-2.4,2.4,-4.8,-7.6,-2.0,3.0,0.5,5.6,-0.9,-3.7,1.9,-0.2,-3.1,2.7,-0.7,-2.6,1.2,-0.6,0.7,-3.0,4.4,-0.4,-2.0,1.2,-5.2,-7.2,-3.3,-1.2,-3.6,1.1,-6.3,-9.0,-3.7,-1.6,-4.0,0.8,-3.2,-5.9,-0.5,-6.1,-8.8,-3.3,-2.5,-4.3,-0.7,-6.5,-1.7,-5.3,1.9,-3.2,-4.7,-1.6,-0.5,-2.5,1.4,-1.0,-3.3,1.3,-4.8,-7.4,-2.1,2.2,-0.2,4.5,-0.4,-3.0,2.3,-1.5,-4.2,1.2,-0.4,-2.2,1.3,-2.0,2.4,-1.1,5.9,-0.6,-2.1,0.9,105,104,94,107,111,102,105,104,105,104,102,92,106,110,100,104,104,103,104,104,94,106,111,100,105,106,104,15%,83%,100%,55%,74%,25%,88%,100%,60%,78%,15%,88%,100%,55%,76%,5%,58%,95%,20%,68%,10%,42%,68%,30%,44%,5%,21%,68%,0%,40%,5%,21%,58%,10%,30%,0%,8%,16%,0%,10%,56,80%,1,1%,2,3%,14,20%,16,23%,,,,,,,,,,,,,,,,,,,,,66,29%,71%,71%,23%,53%,5%,79%,30%,-1.6,-3.1,0.0,-0.3,-1.7,1.1,-1.1,-2.4,0.2,105,106,-0.6,-3.7,-0.7,3,5,3
1,5246,919,2466,117365,Belswains Primary School,Barnfield,,,Hemel Hempstead,HP3 9QJ,01442264324,E14000739,Hemel Hempstead,0,,,CY,0,Does not apply,3-11,0,0,377,60,60,27,33,45%,55%,8.0,7,12%,31,54%,19,33%,3,5%,18,30%,42,70%,6,10%,54,90%,63%,13%,0.3,-1.4,1.9,95%,-0.1,-1.7,1.5,95%,0.3,-1.3,1.8,95%,77%,30%,0%,106,72%,33%,0%,105,78%,28%,0%,105,70%,17%,27%,0%,100%,0%,59%,67%,14%,61%,89%,44%,71%,-22,50%,69%,7%,18%,0%,0%,42%,0%,19%,-10,17%,15%,0.3,-2.1,2.8,0.2,-2.0,2.4,0.1,-4.5,4.8,0.5,-1.7,2.7,-0.1,-2.9,2.8,-1.4,-4.4,1.6,1.0,-1.0,2.9,-1.8,SUPP,SUPP,SUPP,0.3,-1.4,1.9,-1.0,-3.4,1.4,0.6,-1.5,2.7,-0.7,-5.2,3.8,-0.5,-2.7,1.6,0.8,-1.9,3.5,-1.1,-4.0,1.8,0.3,-1.6,2.2,-1.5,SUPP,SUPP,SUPP,-0.1,-1.7,1.5,1.2,-1.1,3.5,-0.5,-2.5,1.6,-1.6,-5.9,2.8,0.4,-1.7,2.4,0.8,-1.9,3.4,-1.8,-4.6,1.0,1.1,-0.7,3.0,-2.3,SUPP,SUPP,SUPP,0.4,-1.2,2.0,105,106,96,104,112,103,107,107,106,105,105,93,104,111,102,106,107,105,103,106,91,103,112,101,106,108,105,29%,77%,100%,61%,83%,29%,65%,100%,56%,79%,29%,81%,95%,61%,86%,14%,71%,95%,61%,74%,0%,16%,68%,22%,33%,0%,19%,74%,22%,38%,0%,13%,68%,11%,36%,0%,0%,53%,0%,24%,54,90%,0,0%,2,3%,3,5%,5,8%,,,,,,,,,,,,,,,,,,,,,28,11%,89%,82%,7%,SUPP,SUPP,SUPP,SUPP,0.3,-2.1,2.7,-0.3,-2.4,1.9,3.3,1.2,5.3,106,110,0.3,-0.1,0.2,3,3,3
1,6904,919,2467,117366,Bonneygrove Primary School,Dark Lane,Cheshunt,,Waltham Cross,EN7 5ED,01992307900,E14000606,Broxbourne,0,,,CY,0,Does not apply,3-11,0,0,398,61,61,34,27,56%,44%,7.9,10,16%,39,64%,12,20%,0,0%,18,30%,43,70%,16,26%,53,87%,74%,5%,2.3,0.8,3.9,100%,0.6,-0.9,2.2,100%,2.1,0.6,3.6,100%,90%,33%,0%,107,89%,36%,0%,107,90%,28%,0%,106,85%,7%,11%,0%,92%,0%,62%,89%,30%,79%,92%,61%,79%,-5,75%,72%,3%,7%,0%,0%,25%,0%,7%,-10,0%,6%,1.6,-0.5,3.7,3.3,0.9,5.7,5.5,1.6,9.4,2.0,0.0,3.9,1.0,-2.6,4.5,2.5,-0.4,5.4,2.3,0.4,4.2,2.1,1.2,-1.9,4.2,2.3,0.6,4.0,-0.2,-2.3,1.8,1.7,-0.5,4.0,2.5,-1.3,6.2,0.5,-1.4,2.4,-0.2,-3.7,3.2,0.4,-2.4,3.2,0.8,-1.0,2.6,0.0,0.9,-2.1,3.8,0.5,-1.2,2.1,2.8,0.8,4.7,1.2,-1.0,3.4,6.6,2.9,10.2,0.5,-1.4,2.3,3.4,0.1,6.8,2.7,0.0,5.4,1.8,0.0,3.6,2.2,3.5,0.6,6.4,2.2,0.6,3.8,106,109,103,107,112,105,108,105,107,106,106,103,105,114,104,107,107,106,106,109,101,107,113,104,109,108,107,80%,92%,92%,78%,95%,50%,95%,100%,83%,91%,80%,90%,100%,89%,91%,50%,90%,100%,72%,91%,10%,28%,67%,22%,37%,10%,31%,75%,17%,44%,10%,13%,92%,11%,35%,0%,0%,33%,0%,9%,44,72%,1,2%,0,0%,14,23%,14,23%,,,,,,,,,,,,,,,,,,,,,59,19%,81%,59%,12%,30%,0%,65%,15%,-0.9,-2.5,0.7,-1.4,-2.8,0.1,-2.1,-3.4,-0.7,105,104,2.3,0.5,2.1,2,3,2
1,9286,919,2468,117367,Burleigh Primary School,Blindmans Lane,Cheshunt,,Waltham Cross,EN8 9DP,01992622159,E14000606,Broxbourne,0,,,CY,0,Does not apply,4-11,0,0,413,56,57,28,29,49%,51%,7.8,13,23%,27,48%,16,29%,1,2%,21,37%,36,63%,11,19%,51,89%,58%,5%,-0.8,-2.5,0.8,98%,0.5,-1.1,2.1,98%,-2.1,-3.7,-0.6,98%,67%,23%,0%,104,70%,28%,0%,104,67%,19%,0%,101,75%,11%,25%,0%,91%,0%,68%,48%,8%,63%,94%,43%,67%,-23,73%,59%,0%,10%,0%,0%,19%,10%,3%,0,9%,6%,-1.0,-3.4,1.3,-0.6,-2.9,1.8,-0.1,-3.5,3.3,-1.2,-3.6,1.1,-0.7,-3.8,2.4,0.7,-2.1,3.5,-1.6,-3.7,0.4,0.3,0.4,-3.3,4.1,-1.1,-2.8,0.6,-0.4,-2.7,1.8,1.4,-0.8,3.7,1.1,-2.2,4.4,0.5,-1.8,2.8,0.0,-2.9,3.0,0.7,-2.0,3.4,0.4,-1.6,2.4,0.3,1.2,-2.4,4.8,0.3,-1.3,2.0,-0.5,-2.7,1.7,-3.8,-6.0,-1.6,-5.4,-8.6,-2.1,-1.3,-3.6,0.9,-0.9,-3.8,2.0,-3.6,-6.1,-1.0,-1.4,-3.3,0.6,-4.1,-0.1,-3.6,3.4,-1.9,-3.5,-0.3,104,103,96,103,111,103,104,107,104,104,99,90,102,110,97,104,106,102,104,104,97,102,113,102,105,107,104,23%,70%,94%,67%,67%,31%,70%,100%,71%,69%,8%,78%,100%,48%,78%,23%,85%,100%,57%,86%,0%,11%,63%,19%,25%,0%,11%,81%,14%,36%,0%,7%,56%,14%,22%,0%,0%,38%,10%,11%,46,81%,0,0%,2,4%,8,14%,10,18%,,,,,,,,,,,,,,,,,,,,,55,44%,56%,55%,5%,54%,0%,55%,10%,-0.4,-2.1,1.3,3.2,1.7,4.8,1.1,-0.3,2.6,101,103,-0.8,0.5,-2.1,3,3,4
1,27052,919,2469,117368,Hobbs Hill Wood Primary School,Peascroft Road,,,Hemel Hempstead,HP3 8ER,01442401222,E14000739,Hemel Hempstead,0,,,CY,0,Does not apply,3-11,0,0,455,60,60,26,34,43%,57%,7.9,12,20%,24,40%,24,40%,0,0%,13,22%,47,78%,14,23%,57,95%,68%,2%,0.6,-1.0,2.2,100%,-0.5,-2.0,1.0,100%,0.6,-0.9,2.1,100%,80%,33%,0%,106,80%,35%,0%,106,78%,30%,0%,105,78%,7%,18%,0%,85%,0%,69%,68%,17%,75%,88%,46%,74%,-20,71%,70%,0%,3%,0%,0%,4%,0%,2%,-10,0%,2%,-1.1,-3.5,1.3,1.9,-0.2,4.0,2.1,-1.4,5.7,0.1,-2.4,2.6,0.4,-2.2,2.9,-0.4,-3.8,3.1,0.9,-0.9,2.7,-0.8,0.1,-3.2,3.4,0.4,-1.2,2.0,-1.5,-3.8,0.8,0.2,-1.8,2.3,2.5,-0.9,5.9,0.2,-2.2,2.6,-2.7,-5.1,-0.3,-0.9,-4.1,2.4,-0.4,-2.2,1.3,-1.3,1.1,-2.1,4.2,-0.3,-1.9,1.3,1.2,-1.0,3.5,0.0,-2.0,2.0,3.0,-0.3,6.4,1.9,-0.5,4.3,-2.0,-4.4,0.3,0.8,-2.4,4.0,0.5,-1.2,2.2,0.3,3.3,0.2,6.3,0.6,-0.9,2.1,105,107,97,105,112,102,108,105,106,107,104,97,106,108,102,106,108,105,105,106,96,107,109,103,107,109,106,33%,83%,100%,62%,85%,17%,96%,96%,69%,83%,17%,92%,96%,62%,83%,25%,92%,92%,62%,83%,8%,17%,63%,15%,38%,8%,25%,58%,23%,38%,0%,33%,42%,15%,34%,0%,0%,17%,0%,9%,46,77%,0,0%,1,2%,12,20%,13,22%,,,,,,,,,,,,,,,,,,,,,60,28%,72%,57%,7%,53%,6%,58%,7%,-1.5,-3.1,0.1,0.7,-0.8,2.1,1.0,-0.4,2.3,102,106,0.6,-0.5,0.6,3,3,3
1,14714,919,2980,117369,Cranborne Primary School,Laurel Fields,,,Potters Bar,EN6 2BA,01707652714,E14000745,Hertsmere,0,,,FD,0,Does not apply,3-11,0,0,447,61,60,28,32,47%,53%,8.4,7,12%,24,41%,27,47%,2,3%,9,15%,51,85%,15,25%,55,92%,90%,35%,3.3,1.7,4.9,97%,2.6,1.0,4.2,97%,5.2,3.7,6.7,97%,93%,60%,0%,111,97%,85%,0%,114,97%,67%,0%,112,90%,40%,10%,0%,92%,0%,82%,97%,29%,96%,100%,78%,92%,12,100%,89%,29%,41%,0%,4%,67%,11%,39%,1,47%,35%,2.0,-0.3,4.4,4.4,2.2,6.6,3.4,-1.3,8.0,3.9,1.4,6.4,2.8,0.4,5.2,4.7,0.6,8.8,3.1,1.3,4.8,4.3,3.6,0.3,6.9,3.2,1.6,4.9,1.0,-1.2,3.3,4.0,1.8,6.1,0.9,-3.5,5.4,2.8,0.4,5.2,2.9,0.6,5.1,2.7,-1.2,6.7,2.6,0.9,4.3,2.3,2.6,-0.6,5.7,2.5,0.9,4.1,5.2,3.0,7.4,5.2,3.1,7.2,6.5,2.1,10.8,6.0,3.7,8.4,4.1,1.9,6.3,4.5,0.7,8.4,5.3,3.6,7.0,4.0,5.6,2.5,8.7,5.2,3.7,6.8,109,112,101,108,115,107,111,112,111,111,112,103,110,115,106,113,114,112,113,116,102,113,118,110,115,117,114,43%,100%,100%,78%,96%,71%,100%,100%,89%,98%,71%,100%,100%,78%,100%,29%,96%,100%,78%,92%,29%,29%,93%,44%,63%,14%,88%,100%,67%,88%,14%,54%,89%,33%,73%,0%,13%,70%,11%,45%,45,75%,0,0%,2,3%,9,15%,11,18%,,,,,,,,,,,,,,,,,,,,,59,15%,85%,76%,24%,56%,0%,80%,28%,1.0,-0.6,2.7,0.2,-1.3,1.7,1.2,-0.2,2.6,108,108,3.3,2.6,5.2,1,2,1
1,31788,919,2982,117370,Ladbrooke Junior Mixed and Infant School,Watkins Rise,,,Potters Bar,EN6 1QB,01707652882,E14000745,Hertsmere,0,,,CY,0,Does not apply,3-11,0,0,236,32,30,13,17,43%,57%,7.7,8,28%,12,41%,9,31%,1,3%,8,27%,22,73%,9,30%,28,93%,57%,7%,0.8,-1.4,3.1,97%,1.3,-0.9,3.5,97%,1.9,-0.2,4.1,97%,83%,17%,0%,105,77%,27%,0%,105,77%,27%,0%,105,73%,13%,27%,0%,93%,0%,62%,53%,13%,75%,78%,50%,59%,-16,67%,61%,15%,0%,0%,0%,22%,0%,9%,-10,11%,7%,0.0,-3.4,3.4,1.5,-1.6,4.6,5.1,0.8,9.5,-0.6,-4.1,3.0,-1.1,-5.2,3.0,3.3,-1.0,7.7,-0.1,-2.8,2.6,2.9,1.5,-2.8,5.9,1.1,-1.3,3.5,-0.6,-3.8,2.7,2.9,-0.1,5.8,4.4,0.2,8.6,0.9,-2.5,4.3,-0.8,-4.8,3.1,3.4,-0.8,7.6,0.5,-2.1,3.1,3.0,3.7,-0.5,7.9,1.3,-1.0,3.6,2.5,-0.8,5.7,1.5,-1.4,4.4,3.5,-0.6,7.6,2.1,-1.3,5.4,0.4,-3.4,4.3,2.6,-1.5,6.7,1.7,-0.8,4.2,2.1,1.5,-2.6,5.6,2.4,0.1,4.6,106,104,102,104,110,105,105,105,105,107,104,99,106,110,104,106,104,105,106,104,100,106,108,103,105,106,105,75%,83%,100%,88%,82%,63%,83%,89%,63%,82%,50%,83%,89%,63%,82%,50%,83%,89%,75%,73%,0%,0%,56%,13%,18%,0%,33%,44%,25%,27%,0%,25%,56%,25%,27%,0%,8%,33%,13%,14%,21,70%,0,0%,0,0%,5,17%,5,17%,,,,,,,,,,,,,,,,,,,,,30,7%,93%,77%,13%,SUPP,SUPP,SUPP,SUPP,2.9,0.6,5.1,-1.5,-3.5,0.6,2.6,0.7,4.5,109,109,0.8,1.3,1.9,3,3,3
1,40912,919,2985,117371,Oakmere Primary School,Chace Avenue,,,Potters Bar,EN6 5NP,01707656963,E14000745,Hertsmere,0,,,CY,0,Does not apply,4-11,0,0,285,42,41,20,21,49%,51%,7.2,14,39%,16,44%,6,17%,5,12%,23,56%,18,44%,13,32%,29,71%,32%,0%,-2.4,-4.5,-0.3,85%,-3.8,-5.8,-1.8,88%,-3.4,-5.3,-1.4,85%,46%,12%,2%,100,44%,12%,2%,98,51%,15%,2%,98,54%,0%,24%,0%,63%,0%,25%,38%,0%,50%,50%,17%,50%,-49,31%,34%,0%,0%,0%,0%,0%,0%,0%,-10,0%,0%,-4.8,-7.8,-1.7,-0.4,-3.2,2.4,-3.0,-6.3,0.3,-0.7,-3.9,2.5,-5.4,-10.4,-0.3,-2.5,-5.1,0.1,-2.2,-5.6,1.2,-2.9,-0.2,-4.3,3.9,-1.8,-4.1,0.6,-6.3,-9.2,-3.4,-1.6,-4.3,1.1,-5.9,-9.1,-2.8,-1.2,-4.1,1.8,-5.9,-10.8,-1.1,-4.2,-6.8,-1.7,-3.2,-6.3,0.0,-4.6,-2.5,-6.5,1.4,-4.1,-6.3,-1.8,-2.8,-5.7,0.1,-3.9,-6.6,-1.2,-5.5,-8.6,-2.4,-0.7,-3.7,2.2,-5.0,-9.7,-0.3,-3.3,-5.7,-0.8,-3.6,-6.8,-0.4,-3.8,-1.6,-5.5,2.3,-4.0,-6.2,-1.7,98,102,93,104,106,97,104,100,101,98,99,88,103,105,96,102,101,97,96,100,90,100,105,94,103,101,98,7%,69%,83%,35%,61%,0%,63%,67%,26%,67%,7%,75%,67%,39%,67%,7%,75%,83%,35%,78%,0%,13%,33%,4%,22%,0%,13%,33%,4%,22%,0%,13%,17%,9%,22%,0%,0%,0%,0%,0%,28,68%,0,0%,2,5%,12,29%,14,34%,,,,,,,,,,,,,,,,,,,,,44,20%,80%,64%,14%,67%,11%,63%,14%,-0.4,-2.2,1.5,1.3,-0.4,3.0,2.2,0.5,3.8,102,106,-2.4,-4.1,-3.6,4,5,5
1,24864,919,2994,117376,Hartsfield Junior Mixed and Infant School,Clothall Road,,,Baldock,SG7 6PB,01462895267,E14000845,North East Hertfordshire,0,,,CY,0,Does not apply,4-11,0,0,412,60,58,25,33,43%,57%,8.3,8,14%,24,43%,24,43%,2,3%,6,10%,52,90%,4,7%,56,97%,76%,7%,1.7,0.1,3.4,97%,-1.6,-3.2,-0.1,97%,2.6,1.0,4.1,97%,86%,45%,0%,108,86%,45%,0%,107,91%,45%,0%,108,78%,9%,16%,0%,90%,0%,72%,79%,38%,71%,100%,50%,79%,-16,SUPP,77%,8%,6%,0%,4%,13%,17%,6%,7,SUPP,7%,1.6,-1.0,4.1,1.8,-0.3,4.0,-0.7,-5.1,3.6,2.6,0.1,5.1,1.6,-0.9,4.1,0.8,-4.2,5.8,1.8,0.1,3.6,0.4,SUPP,SUPP,SUPP,1.8,0.1,3.4,-1.7,-4.2,0.7,-1.6,-3.6,0.5,-1.3,-5.5,2.9,-1.0,-3.4,1.4,-2.4,-4.8,0.1,-0.2,-5.1,4.6,-1.8,-3.5,-0.1,-0.6,SUPP,SUPP,SUPP,-1.6,-3.2,0.0,3.1,0.7,5.6,2.2,0.2,4.2,2.4,-1.7,6.5,2.4,0.0,4.7,2.9,0.5,5.2,-0.3,-5.0,4.4,2.9,1.3,4.6,-0.8,SUPP,SUPP,SUPP,2.6,1.0,4.1,108,109,99,107,113,105,109,SUPP,109,108,108,98,106,113,104,108,SUPP,108,105,109,97,105,114,104,108,SUPP,107,38%,92%,100%,67%,88%,50%,88%,100%,67%,88%,50%,96%,100%,67%,94%,38%,75%,100%,67%,79%,0%,29%,79%,17%,48%,0%,17%,92%,33%,46%,0%,21%,88%,33%,46%,0%,4%,17%,17%,8%,54,93%,0,0%,0,0%,8,14%,8,14%,,,,,,,,,,,,,,,,,,,,,89,16%,84%,80%,12%,71%,0%,81%,15%,0.0,-1.3,1.2,-0.9,-2.1,0.3,0.1,-1.0,1.2,106,107,1.7,-1.7,2.6,2,4,2
1,13744,919,2996,117378,Commonswood Primary & Nursery School,The Commons,,,WELWYN GARDEN CITY,AL7 4RU,01707880420,E14001027,Welwyn Hatfield,0,,,CY,0,Does not apply,4-11,0,0,452,72,73,32,41,44%,56%,7.9,12,17%,33,47%,25,36%,3,4%,16,22%,57,78%,7,10%,71,97%,59%,10%,0.2,-1.3,1.7,96%,0.4,-1.0,1.9,96%,-0.6,-2.0,0.8,96%,71%,32%,0%,106,88%,37%,0%,107,67%,21%,0%,104,75%,14%,22%,0%,85%,0%,50%,66%,8%,48%,100%,44%,63%,-22,43%,61%,9%,10%,0%,6%,16%,0%,12%,-10,0%,10%,0.3,-2.0,2.5,0.1,-1.8,2.1,1.1,-2.5,4.6,0.4,-1.7,2.6,-0.5,-3.0,1.9,-1.3,-4.4,1.8,0.6,-1.0,2.3,-1.7,-3.7,-8.7,1.3,0.4,-1.1,1.9,-0.8,-3.0,1.4,1.3,-0.6,3.1,6.2,2.8,9.6,-0.7,-2.8,1.3,-0.8,-3.1,1.6,-3.2,-6.1,-0.2,1.5,-0.1,3.1,-3.6,1.3,-3.6,6.1,0.6,-0.8,2.0,0.7,-1.5,2.8,-1.5,-3.3,0.3,2.4,-0.9,5.8,-1.4,-3.4,0.6,-1.0,-3.3,1.3,-1.2,-4.1,1.7,-0.4,-2.0,1.2,-1.7,-0.8,-5.5,3.9,-0.5,-1.9,0.9,105,106,96,105,111,101,107,101,106,104,103,97,102,109,101,105,101,104,105,108,99,106,112,102,108,106,107,8%,70%,100%,44%,79%,58%,88%,100%,69%,93%,25%,61%,100%,63%,68%,50%,70%,100%,50%,82%,0%,24%,56%,13%,37%,0%,21%,76%,19%,42%,0%,12%,40%,0%,26%,0%,6%,28%,0%,18%,66,90%,0,0%,3,4%,12,16%,15,21%,,,,,,,,,,,,,,,,,,,,,58,21%,79%,64%,14%,25%,0%,74%,17%,1.0,-0.6,2.6,-0.5,-2.0,1.0,0.5,-0.9,1.9,105,105,0.2,0.4,-0.6,3,3,3
1,37158,919,2997,117379,Millbrook School,Gews Corner,Cheshunt,,Waltham Cross,EN8 9BX,01992622975,E14000606,Broxbourne,0,,,CY,0,Does not apply,4-11,0,0,148,19,18,8,10,44%,56%,7.0,6,38%,7,44%,3,19%,2,11%,9,50%,9,50%,6,33%,16,89%,61%,6%,1.7,-1.5,4.9,83%,3.9,0.9,6.8,89%,0.6,-2.3,3.5,89%,67%,17%,6%,103,44%,6%,0%,101,78%,11%,0%,103,72%,17%,22%,0%,78%,0%,75%,50%,33%,71%,SUPP,67%,56%,1,67%,63%,13%,0%,0%,0%,SUPP,11%,0%,1,0%,6%,3.9,-0.7,8.6,-0.3,-4.7,4.0,SUPP,SUPP,SUPP,1.8,-2.9,6.5,SUPP,SUPP,SUPP,1.4,-2.9,5.8,2.0,-2.7,6.6,1.0,SUPP,SUPP,SUPP,1.5,-1.7,4.8,4.1,-0.1,8.3,3.6,-0.5,7.8,1.6,-3.3,6.4,5.5,1.0,10.0,SUPP,SUPP,SUPP,2.5,-1.4,6.5,5.6,1.1,10.1,2.1,SUPP,SUPP,SUPP,3.8,0.8,6.9,3.7,-0.4,7.8,-2.6,-6.7,1.5,-0.4,-5.2,4.3,2.0,-2.3,6.4,SUPP,SUPP,SUPP,0.0,-3.9,3.9,1.3,-3.1,5.7,-0.5,SUPP,SUPP,SUPP,0.6,-2.4,3.6,106,102,97,105,SUPP,106,102,103,104,104,102,97,105,SUPP,102,103,105,103,102,99,95,102,SUPP,103,98,102,101,33%,71%,SUPP,67%,67%,17%,57%,SUPP,56%,33%,33%,100%,SUPP,78%,78%,33%,100%,SUPP,78%,67%,0%,14%,SUPP,22%,11%,0%,0%,SUPP,11%,0%,0%,14%,SUPP,11%,11%,0%,14%,SUPP,22%,11%,12,67%,0,0%,2,11%,4,22%,6,33%,,,,,,,,,,,,,,,,,,,,,19,16%,84%,37%,0%,SUPP,SUPP,SUPP,SUPP,1.2,-1.6,4.1,-4.7,-7.3,-2.0,-2.7,-5.1,-0.2,103,100,1.7,3.9,0.6,3,1,3
1,866,919,3000,117382,Aldbury Church of England Primary and Nursery School,Stocks Road,Aldbury,,Tring,HP23 5RT,01442851240,E14000951,South West Hertfordshire,0,,,VC,0,Church of England,3-11,0,0,107,12,10,6,4,60%,40%,8.2,2,20%,2,20%,6,60%,0,0%,0,0%,10,100%,0,0%,9,90%,50%,0%,3.1,-0.8,7.0,100%,-3.9,-7.6,-0.1,100%,0.8,-2.9,4.5,100%,90%,50%,0%,110,100%,20%,0%,106,100%,20%,0%,106,60%,0%,40%,0%,100%,0%,17%,SUPP,SUPP,SUPP,67%,,SUPP,,,44%,0%,SUPP,SUPP,SUPP,0%,,SUPP,,,0%,1.8,-3.2,6.9,SUPP,SUPP,SUPP,SUPP,SUPP,SUPP,SUPP,SUPP,SUPP,2.1,-3.0,7.1,,,,SUPP,SUPP,SUPP,,NA,NA,NA,3.7,-0.4,7.8,-6.4,-11.2,-1.5,SUPP,SUPP,SUPP,SUPP,SUPP,SUPP,SUPP,SUPP,SUPP,-6.5,-11.4,-1.7,,,,SUPP,SUPP,SUPP,,NA,NA,NA,-4.0,-8.0,-0.1,1.4,-3.3,6.2,SUPP,SUPP,SUPP,SUPP,SUPP,SUPP,SUPP,SUPP,SUPP,-1.4,-6.1,3.3,,,,SUPP,SUPP,SUPP,,NA,NA,NA,1.0,-2.9,4.9,108,SUPP,SUPP,SUPP,113,,SUPP,,110,106,SUPP,SUPP,SUPP,108,,SUPP,,106,105,SUPP,SUPP,SUPP,107,,SUPP,,106,SUPP,SUPP,100%,,SUPP,SUPP,SUPP,100%,,SUPP,SUPP,SUPP,100%,,SUPP,SUPP,SUPP,67%,,SUPP,SUPP,SUPP,67%,,SUPP,SUPP,SUPP,17%,,SUPP,SUPP,SUPP,33%,,SUPP,SUPP,SUPP,0%,,SUPP,10,100%,0,0%,0,0%,2,20%,2,20%,,,,,,,,,,,,,,,,,,,,,7,14%,86%,71%,29%,SUPP,SUPP,SUPP,SUPP,-0.8,-5.7,4.1,5.7,1.2,10.3,2.8,-1.5,7.1,104,108,3.1,-3.9,0.8,3,5,3
1,53766,919,3005,117385,St Mary's Junior Mixed School,St Mary's Way,,,Baldock,SG7 6HY,01462892156,E14000845,North East Hertfordshire,0,,,VC,0,Church of England,7-11,0,0,222,61,60,36,24,60%,40%,8.0,9,15%,30,51%,20,34%,1,2%,16,27%,44,73%,4,7%,58,97%,50%,5%,-2.0,-3.6,-0.4,98%,-2.9,-4.4,-1.4,98%,-2.4,-3.9,-0.9,98%,72%,27%,0%,104,75%,18%,0%,103,68%,10%,0%,102,57%,13%,40%,0%,75%,0%,42%,63%,0%,33%,95%,31%,57%,-35,SUPP,50%,3%,8%,0%,0%,15%,0%,7%,-10,SUPP,5%,-2.9,-5.0,-0.9,-0.5,-3.1,2.1,-4.5,-8.6,-0.4,-2.0,-4.2,0.3,-0.9,-3.6,1.9,-1.1,-4.2,2.0,-2.3,-4.2,-0.4,-1.5,SUPP,SUPP,SUPP,-2.2,-3.8,-0.6,-4.0,-6.0,-2.1,-1.1,-3.6,1.3,-4.2,-8.1,-0.2,-4.8,-6.9,-2.6,0.5,-2.2,3.1,-3.9,-6.9,-0.9,-2.5,-4.3,-0.7,-4.3,SUPP,SUPP,SUPP,-2.9,-4.4,-1.3,-1.4,-3.3,0.6,-4.0,-6.4,-1.6,-1.0,-4.8,2.9,-2.3,-4.4,-0.2,-3.2,-5.8,-0.6,-1.7,-4.6,1.2,-2.7,-4.4,-0.9,-2.2,SUPP,SUPP,SUPP,-2.4,-3.9,-0.9,103,106,94,102,111,101,105,SUPP,104,103,102,95,102,107,99,104,SUPP,102,102,105,93,102,110,100,104,SUPP,103,22%,70%,95%,63%,75%,0%,80%,100%,56%,82%,11%,67%,95%,50%,75%,0%,43%,100%,31%,66%,0%,3%,75%,13%,32%,0%,3%,50%,0%,25%,0%,3%,25%,0%,14%,0%,0%,40%,0%,18%,56,93%,0,0%,2,3%,7,12%,9,15%,,,,,,,,,,,,,,,,,,,,,61,26%,74%,41%,5%,25%,0%,47%,7%,-2.6,-4.1,-1.0,-1.5,-3.0,-0.1,-2.8,-4.2,-1.5,103,102,-2.0,-2.9,-2.4,4,5,4
1,13408,919,3013,117392,Codicote Church of England Primary School,Meadow Way,Codicote,,Hitchin,SG4 8YL,01438820255,E14000968,Stevenage,0,,,VC,0,Church of England,3-11,0,0,283,49,48,25,23,52%,48%,8.4,5,10%,23,48%,20,42%,0,0%,7,15%,41,85%,0,0%,48,100%,79%,27%,1.4,-0.3,3.2,100%,1.7,-0.1,3.4,100%,1.4,-0.3,3.1,100%,94%,42%,0%,109,88%,38%,0%,107,88%,35%,0%,107,92%,27%,8%,0%,94%,0%,76%,83%,SUPP,70%,100%,43%,85%,-23,,79%,36%,17%,SUPP,4%,60%,0%,32%,-10,,27%,2.4,-0.1,4.8,0.4,-2.1,3.0,SUPP,SUPP,SUPP,1.0,-1.6,3.6,1.4,-1.4,4.1,-0.3,-5.0,4.4,1.7,-0.2,3.7,-0.7,NA,NA,NA,1.4,-0.3,3.2,1.6,-0.8,4.0,1.7,-0.8,4.2,SUPP,SUPP,SUPP,0.7,-1.7,3.2,2.2,-0.5,4.8,0.8,-3.7,5.3,1.8,0.0,3.7,0.4,NA,NA,NA,1.7,-0.1,3.4,3.0,0.7,5.3,-0.3,-2.7,2.1,SUPP,SUPP,SUPP,-0.7,-3.1,1.7,3.2,0.6,5.8,0.3,-4.1,4.7,1.6,-0.2,3.4,-0.2,NA,NA,NA,1.4,-0.3,3.1,110,107,SUPP,106,113,102,110,,109,109,106,SUPP,104,113,102,108,,107,108,107,SUPP,104,113,101,108,,107,SUPP,91%,100%,71%,98%,SUPP,83%,100%,71%,90%,SUPP,78%,100%,71%,90%,SUPP,91%,100%,71%,95%,SUPP,22%,75%,0%,49%,SUPP,13%,75%,0%,44%,SUPP,9%,75%,0%,41%,SUPP,4%,60%,0%,32%,48,100%,0,0%,0,0%,3,6%,3,6%,,,,,,,,,,,,,,,,,,,,,28,11%,89%,71%,18%,SUPP,SUPP,SUPP,SUPP,-2.6,-5.0,-0.3,0.5,-1.7,2.6,-3.0,-5.0,-0.9,105,105,1.4,1.7,1.4,3,3,3
1,4416,919,3007,117387,Bayford Church of England Voluntary Controlled Primary School,Ashendene Road,Bayford,,Hertford,SG13 8PX,01992511259,E14000845,North East Hertfordshire,0,,,VC,0,Church of England,3-11,0,0,99,10,10,4,6,40%,60%,8.2,1,13%,4,50%,3,38%,2,20%,2,20%,8,80%,0,0%,10,100%,40%,10%,-0.6,-4.9,3.8,80%,-3.9,-8.1,0.3,80%,-1.1,-5.2,3.0,80%,70%,40%,0%,105,60%,30%,0%,105,60%,20%,0%,104,50%,20%,40%,0%,90%,0%,SUPP,33%,SUPP,SUPP,SUPP,SUPP,SUPP,SUPP,,40%,SUPP,0%,SUPP,SUPP,SUPP,SUPP,SUPP,SUPP,,10%,SUPP,SUPP,SUPP,SUPP,SUPP,SUPP,SUPP,SUPP,SUPP,SUPP,SUPP,SUPP,SUPP,SUPP,SUPP,SUPP,SUPP,SUPP,SUPP,SUPP,SUPP,SUPP,NA,NA,NA,-0.6,-4.9,3.8,SUPP,SUPP,SUPP,SUPP,SUPP,SUPP,SUPP,SUPP,SUPP,SUPP,SUPP,SUPP,SUPP,SUPP,SUPP,SUPP,SUPP,SUPP,SUPP,SUPP,SUPP,SUPP,NA,NA,NA,-3.9,-8.1,0.3,SUPP,SUPP,SUPP,SUPP,SUPP,SUPP,SUPP,SUPP,SUPP,SUPP,SUPP,SUPP,SUPP,SUPP,SUPP,SUPP,SUPP,SUPP,SUPP,SUPP,SUPP,SUPP,NA,NA,NA,-1.1,-5.2,3.0,SUPP,103,SUPP,SUPP,SUPP,SUPP,SUPP,,105,SUPP,100,SUPP,SUPP,SUPP,SUPP,SUPP,,104,SUPP,103,SUPP,SUPP,SUPP,SUPP,SUPP,,105,SUPP,SUPP,SUPP,SUPP,SUPP,SUPP,SUPP,SUPP,SUPP,SUPP,SUPP,SUPP,SUPP,SUPP,SUPP,SUPP,SUPP,SUPP,SUPP,SUPP,SUPP,SUPP,SUPP,SUPP,SUPP,SUPP,SUPP,SUPP,SUPP,SUPP,SUPP,SUPP,SUPP,SUPP,SUPP,SUPP,SUPP,SUPP,SUPP,SUPP,10,100%,0,0%,0,0%,3,30%,3,30%,,,,,,,,,,,,,,,,,,,,,15,7%,93%,87%,7%,SUPP,SUPP,SUPP,SUPP,1.7,-1.5,5.0,-0.5,-3.5,2.5,0.8,-2.0,3.6,107,107,-0.6,-3.9,-1.1,3,3,3
1,62618,919,3008,117388,Tonwell St Mary's Church of England Primary School,Ware Road,Tonwell,,Ware,SG12 0HN,01920462894,E14000845,North East Hertfordshire,0,,,VC,0,Church of England,2-11,0,0,35,3,3,SUPP,SUPP,SUPP,SUPP,SUPP,SUPP,SUPP,SUPP,SUPP,SUPP,SUPP,SUPP,SUPP,SUPP,SUPP,SUPP,SUPP,SUPP,SUPP,SUPP,SUPP,SUPP,SUPP,SUPP,SUPP,SUPP,SUPP,SUPP,SUPP,SUPP,SUPP,SUPP,SUPP,SUPP,SUPP,SUPP,SUPP,SUPP,SUPP,SUPP,SUPP,SUPP,SUPP,SUPP,SUPP,SUPP,SUPP,SUPP,SUPP,SUPP,SUPP,SUPP,SUPP,,SUPP,SUPP,SUPP,,SUPP,SUPP,SUPP,,SUPP,,SUPP,SUPP,SUPP,,SUPP,SUPP,SUPP,,SUPP,NA,NA,NA,SUPP,SUPP,SUPP,SUPP,SUPP,SUPP,SUPP,SUPP,SUPP,NA,NA,NA,SUPP,SUPP,SUPP,SUPP,SUPP,SUPP,SUPP,NA,NA,NA,SUPP,SUPP,SUPP,NA,NA,NA,SUPP,SUPP,SUPP,SUPP,SUPP,SUPP,SUPP,SUPP,SUPP,NA,NA,NA,SUPP,SUPP,SUPP,SUPP,SUPP,SUPP,SUPP,NA,NA,NA,SUPP,SUPP,SUPP,NA,NA,NA,SUPP,SUPP,SUPP,SUPP,SUPP,SUPP,SUPP,SUPP,SUPP,NA,NA,NA,SUPP,SUPP,SUPP,SUPP,SUPP,SUPP,SUPP,NA,NA,NA,SUPP,SUPP,SUPP,,SUPP,SUPP,SUPP,,SUPP,SUPP,,SUPP,,SUPP,SUPP,SUPP,,SUPP,SUPP,,SUPP,,SUPP,SUPP,SUPP,,SUPP,SUPP,,SUPP,SUPP,SUPP,,SUPP,SUPP,SUPP,SUPP,,SUPP,SUPP,SUPP,SUPP,,SUPP,SUPP,SUPP,SUPP,,SUPP,SUPP,SUPP,SUPP,,SUPP,SUPP,SUPP,SUPP,,SUPP,SUPP,SUPP,SUPP,,SUPP,SUPP,SUPP,SUPP,,SUPP,SUPP,SUPP,SUPP,SUPP,SUPP,SUPP,SUPP,SUPP,SUPP,SUPP,SUPP,,,,,,,,,,,,,,,,,,,,,4,SUPP,SUPP,SUPP,SUPP,SUPP,SUPP,SUPP,SUPP,SUPP,SUPP,SUPP,SUPP,SUPP,SUPP,SUPP,SUPP,SUPP,SUPP,SUPP,SUPP,SUPP,SUPP,SUPP,SUPP,SUPP
1,5332,919,3009,117389,Benington Church of England Primary School,Walkern Road,Benington,Benington Primary School,Stevenage,SG2 7LP,01438869254,E14000845,North East Hertfordshire,0,,,VC,0,Church of England,4-11,0,0,91,11,10,8,2,80%,20%,8.2,2,22%,4,44%,3,33%,1,10%,2,20%,8,80%,1,10%,9,90%,90%,20%,-1.1,-5.2,3.0,90%,6.7,2.7,10.6,90%,2.7,-1.2,6.6,90%,90%,20%,0%,104,80%,60%,0%,109,100%,30%,0%,107,100%,50%,0%,0%,100%,0%,88%,SUPP,SUPP,SUPP,SUPP,SUPP,SUPP,SUPP,SUPP,89%,25%,SUPP,SUPP,SUPP,SUPP,SUPP,SUPP,SUPP,SUPP,22%,-0.9,-5.5,3.8,SUPP,SUPP,SUPP,SUPP,SUPP,SUPP,SUPP,SUPP,SUPP,SUPP,SUPP,SUPP,SUPP,SUPP,SUPP,SUPP,SUPP,SUPP,SUPP,SUPP,SUPP,SUPP,-1.1,-5.2,3.0,6.3,1.8,10.8,SUPP,SUPP,SUPP,SUPP,SUPP,SUPP,SUPP,SUPP,SUPP,SUPP,SUPP,SUPP,SUPP,SUPP,SUPP,SUPP,SUPP,SUPP,SUPP,SUPP,SUPP,SUPP,6.7,2.7,10.6,3.1,-1.3,7.5,SUPP,SUPP,SUPP,SUPP,SUPP,SUPP,SUPP,SUPP,SUPP,SUPP,SUPP,SUPP,SUPP,SUPP,SUPP,SUPP,SUPP,SUPP,SUPP,SUPP,SUPP,SUPP,2.7,-1.2,6.6,105,SUPP,SUPP,SUPP,SUPP,SUPP,SUPP,SUPP,105,108,SUPP,SUPP,SUPP,SUPP,SUPP,SUPP,SUPP,108,109,SUPP,SUPP,SUPP,SUPP,SUPP,SUPP,SUPP,110,SUPP,SUPP,SUPP,SUPP,SUPP,SUPP,SUPP,SUPP,SUPP,SUPP,SUPP,SUPP,SUPP,SUPP,SUPP,SUPP,SUPP,SUPP,SUPP,SUPP,SUPP,SUPP,SUPP,SUPP,SUPP,SUPP,SUPP,SUPP,SUPP,SUPP,SUPP,SUPP,SUPP,SUPP,SUPP,SUPP,SUPP,SUPP,SUPP,SUPP,9,90%,0,0%,0,0%,2,20%,2,20%,,,,,,,,,,,,,,,,,,,,,7,0%,100%,100%,0%,,,SUPP,SUPP,5.0,0.4,9.5,1.8,-2.4,6.1,1.0,-3.0,5.0,113,109,-1.1,6.7,2.7,3,1,3
1,2868,919,3012,117391,Ashfield Junior School,School Lane,,,Bushey,WD23 1SR,02089502350,E14000745,Hertsmere,0,,,VC,0,None,7-11,0,0,208,52,50,25,25,50%,50%,8.7,6,12%,12,24%,31,63%,1,2%,11,22%,39,78%,6,12%,49,98%,76%,12%,-2.4,-4.1,-0.6,96%,-0.9,-2.6,0.9,96%,-1.9,-3.6,-0.2,96%,80%,30%,2%,106,78%,30%,2%,105,82%,36%,2%,106,86%,20%,14%,0%,88%,0%,72%,79%,0%,67%,93%,60%,79%,-6,83%,75%,16%,8%,0%,0%,20%,10%,13%,0,17%,13%,-3.1,-5.6,-0.7,-1.5,-4.1,1.1,-2.3,-7.3,2.7,-0.8,-4.3,2.8,-3.0,-5.3,-0.8,-0.9,-4.8,3.0,-2.7,-4.7,-0.7,-1.3,SUPP,SUPP,SUPP,-2.4,-4.1,-0.6,-2.1,-4.5,0.2,0.5,-1.9,3.0,-0.6,-5.4,4.3,0.4,-3.1,3.8,-1.4,-3.6,0.8,-0.7,-4.5,3.0,-0.9,-2.8,1.0,-1.1,SUPP,SUPP,SUPP,-0.9,-2.6,0.9,0.2,-2.2,2.5,-4.1,-6.6,-1.7,-1.8,-6.6,2.9,-0.6,-4.0,2.7,-2.4,-4.5,-0.3,-3.6,-7.3,0.1,-1.5,-3.3,0.4,-4.1,SUPP,SUPP,SUPP,-1.9,-3.6,-0.2,105,107,95,104,109,104,107,106,106,107,104,94,104,109,100,107,108,106,105,105,94,103,108,100,107,106,105,17%,83%,90%,64%,85%,17%,67%,94%,55%,85%,17%,75%,97%,55%,90%,17%,92%,97%,70%,90%,0%,8%,45%,9%,36%,0%,8%,45%,9%,36%,0%,33%,45%,9%,44%,0%,0%,33%,10%,23%,44,88%,0,0%,0,0%,7,14%,7,14%,,,,,,,,,,,,,,,,,,,,,60,12%,88%,88%,27%,86%,0%,89%,30%,0.2,-1.4,1.8,0.9,-0.6,2.4,1.2,-0.2,2.6,107,109,-2.5,-0.9,-1.9,4,3,4
1,19056,919,3015,117393,Essendon CofE (VC) Primary School,School Lane,,,Essendon,AL9 6HD,01707261209,E14001027,Welwyn Hatfield,0,,,VC,0,Church of England,3-11,0,0,93,13,13,7,6,54%,46%,7.8,2,15%,7,54%,4,31%,0,0%,3,23%,10,77%,0,0%,12,92%,38%,0%,-1.5,-5.0,1.9,100%,-3.7,-7.0,-0.4,100%,-5.1,-8.4,-1.9,100%,69%,31%,0%,104,54%,15%,0%,103,54%,0%,0%,99,46%,8%,46%,0%,38%,0%,43%,33%,SUPP,29%,SUPP,SUPP,SUPP,SUPP,,42%,0%,0%,SUPP,0%,SUPP,SUPP,SUPP,SUPP,,0%,-1.0,-5.6,3.7,-2.2,-7.2,2.8,SUPP,SUPP,SUPP,-3.9,-8.5,0.8,SUPP,SUPP,SUPP,SUPP,SUPP,SUPP,SUPP,SUPP,SUPP,SUPP,NA,NA,NA,-0.4,-4.0,3.1,-3.3,-7.8,1.1,-4.1,-8.9,0.8,SUPP,SUPP,SUPP,-5.7,-10.2,-1.2,SUPP,SUPP,SUPP,SUPP,SUPP,SUPP,SUPP,SUPP,SUPP,SUPP,NA,NA,NA,-2.9,-6.3,0.6,-2.4,-6.8,2.0,-8.3,-13.1,-3.6,SUPP,SUPP,SUPP,-5.8,-10.2,-1.4,SUPP,SUPP,SUPP,SUPP,SUPP,SUPP,SUPP,SUPP,SUPP,SUPP,NA,NA,NA,-4.4,-7.8,-1.1,104,105,SUPP,103,SUPP,SUPP,SUPP,,104,102,96,SUPP,100,SUPP,SUPP,SUPP,,99,103,102,SUPP,101,SUPP,SUPP,SUPP,,103,SUPP,57%,SUPP,SUPP,SUPP,SUPP,57%,SUPP,SUPP,SUPP,SUPP,43%,SUPP,SUPP,SUPP,SUPP,43%,SUPP,SUPP,SUPP,SUPP,14%,SUPP,SUPP,SUPP,SUPP,0%,SUPP,SUPP,SUPP,SUPP,0%,SUPP,SUPP,SUPP,SUPP,0%,SUPP,SUPP,SUPP,13,100%,0,0%,0,0%,2,15%,2,15%,,,,,,,,,,,,,,,,,,,,,10,30%,70%,60%,10%,SUPP,SUPP,SUPP,SUPP,-0.8,-4.7,3.0,-0.1,-3.6,3.4,2.6,-0.7,6.0,100,105,-2.4,-4.4,-6.1,3,5,5
1,21198,919,3016,117394,Furneux Pelham Church of England School,,,Furneux Pelham School,Furneux Pelham,SG9 0LH,01279777344,E14000845,North East Hertfordshire,0,,,VC,0,Church of England,4-11,0,0,102,19,19,11,8,58%,42%,8.2,1,5%,11,58%,7,37%,0,0%,3,16%,16,84%,1,5%,15,79%,68%,5%,1.5,-1.4,4.3,100%,2.0,-0.7,4.7,100%,-0.4,-3.1,2.2,100%,79%,47%,0%,108,84%,16%,0%,104,89%,11%,0%,105,89%,26%,11%,0%,89%,0%,64%,75%,SUPP,45%,100%,SUPP,SUPP,SUPP,SUPP,73%,9%,0%,SUPP,0%,14%,SUPP,SUPP,SUPP,SUPP,7%,-1.2,-4.9,2.5,5.1,0.8,9.5,SUPP,SUPP,SUPP,0.4,-3.3,4.1,1.2,-3.5,5.8,SUPP,SUPP,SUPP,SUPP,SUPP,SUPP,SUPP,SUPP,SUPP,SUPP,0.4,-2.8,3.6,0.3,-3.3,3.9,4.3,0.1,8.5,SUPP,SUPP,SUPP,1.2,-2.4,4.7,2.1,-2.4,6.6,SUPP,SUPP,SUPP,SUPP,SUPP,SUPP,SUPP,SUPP,SUPP,SUPP,2.4,-0.7,5.5,-0.4,-3.9,3.1,-0.5,-4.6,3.6,SUPP,SUPP,SUPP,-1.1,-4.6,2.4,-0.8,-5.2,3.5,SUPP,SUPP,SUPP,SUPP,SUPP,SUPP,SUPP,SUPP,SUPP,SUPP,-0.3,-3.3,2.7,106,111,SUPP,105,113,SUPP,SUPP,SUPP,108,106,104,SUPP,103,109,SUPP,SUPP,SUPP,106,103,106,SUPP,102,108,SUPP,SUPP,SUPP,105,SUPP,64%,100%,SUPP,SUPP,SUPP,73%,100%,SUPP,SUPP,SUPP,82%,100%,SUPP,SUPP,SUPP,82%,100%,SUPP,SUPP,SUPP,27%,71%,SUPP,SUPP,SUPP,9%,29%,SUPP,SUPP,SUPP,0%,29%,SUPP,SUPP,SUPP,9%,57%,SUPP,SUPP,18,95%,0,0%,0,0%,2,11%,2,11%,,,,,,,,,,,,,,,,,,,,,14,7%,93%,79%,29%,SUPP,SUPP,SUPP,SUPP,-1.2,-4.5,2.0,2.0,-0.9,5.0,0.2,-2.6,3.1,106,108,1.5,2.0,-0.4,3,3,3
1,22666,919,3018,117395,Graveley Primary School,Ashwell Common,Graveley,,Hitchin,SG4 7LJ,01438351377,E14000749,Hitchin and Harpenden,0,,,VC,0,Church of England,4-11,0,0,92,14,14,3,11,21%,79%,6.7,6,43%,5,36%,3,21%,0,0%,5,36%,9,64%,0,0%,14,100%,21%,14%,-2.5,-5.8,0.8,100%,-2.3,-5.4,0.9,100%,-3.1,-6.2,0.0,100%,57%,14%,0%,104,43%,14%,0%,102,29%,14%,0%,102,36%,14%,43%,0%,71%,0%,SUPP,18%,0%,SUPP,SUPP,SUPP,SUPP,SUPP,,21%,SUPP,9%,0%,SUPP,SUPP,SUPP,SUPP,SUPP,,14%,SUPP,SUPP,SUPP,-4.8,-8.5,-1.1,-2.6,-7.6,2.4,SUPP,SUPP,SUPP,SUPP,SUPP,SUPP,SUPP,SUPP,SUPP,SUPP,SUPP,SUPP,SUPP,NA,NA,NA,-2.5,-5.8,0.8,SUPP,SUPP,SUPP,-3.8,-7.3,-0.2,-3.3,-8.2,1.5,SUPP,SUPP,SUPP,SUPP,SUPP,SUPP,SUPP,SUPP,SUPP,SUPP,SUPP,SUPP,SUPP,NA,NA,NA,-2.3,-5.4,0.9,SUPP,SUPP,SUPP,-4.9,-8.4,-1.4,-2.8,-7.5,1.9,SUPP,SUPP,SUPP,SUPP,SUPP,SUPP,SUPP,SUPP,SUPP,SUPP,SUPP,SUPP,SUPP,NA,NA,NA,-3.1,-6.2,0.0,SUPP,103,102,SUPP,SUPP,SUPP,SUPP,,104,SUPP,101,99,SUPP,SUPP,SUPP,SUPP,,102,SUPP,102,96,SUPP,SUPP,SUPP,SUPP,,102,33%,SUPP,SUPP,SUPP,SUPP,0%,SUPP,SUPP,SUPP,SUPP,17%,SUPP,SUPP,SUPP,SUPP,0%,SUPP,SUPP,SUPP,SUPP,0%,SUPP,SUPP,SUPP,SUPP,0%,SUPP,SUPP,SUPP,SUPP,0%,SUPP,SUPP,SUPP,SUPP,0%,SUPP,SUPP,SUPP,SUPP,14,100%,0,0%,3,21%,3,21%,6,43%,,,,,,,,,,,,,,,,,,,,,15,13%,87%,67%,7%,SUPP,SUPP,SUPP,SUPP,-1.3,-4.5,1.8,-1.1,-4.0,1.8,-2.8,-5.5,-0.1,104,103,-2.5,-2.3,-3.1,3,3,3
1,44494,919,3020,117396,Ponsbourne St Mary's Church of England Primary School,Newgate Street Village,,,Hertford,SG13 8RA,01707872395,E14001027,Welwyn Hatfield,0,,,VC,0,Church of England,3-11,0,0,103,14,13,8,5,62%,38%,7.7,2,17%,7,58%,3,25%,1,8%,1,8%,12,92%,1,8%,13,100%,54%,0%,1.8,-1.7,5.4,92%,-1.0,-4.4,2.4,92%,3.3,-0.1,6.6,92%,85%,15%,0%,105,100%,31%,0%,107,100%,15%,0%,107,69%,0%,31%,0%,100%,0%,38%,SUPP,SUPP,57%,SUPP,SUPP,SUPP,SUPP,SUPP,54%,0%,SUPP,SUPP,0%,SUPP,SUPP,SUPP,SUPP,SUPP,0%,4.2,-0.5,8.8,SUPP,SUPP,SUPP,SUPP,SUPP,SUPP,1.3,-3.4,5.9,SUPP,SUPP,SUPP,SUPP,SUPP,SUPP,SUPP,SUPP,SUPP,SUPP,SUPP,SUPP,SUPP,1.8,-1.7,5.4,-1.6,-6.1,2.9,SUPP,SUPP,SUPP,SUPP,SUPP,SUPP,-1.2,-5.7,3.2,SUPP,SUPP,SUPP,SUPP,SUPP,SUPP,SUPP,SUPP,SUPP,SUPP,SUPP,SUPP,SUPP,-1.0,-4.4,2.4,5.7,1.3,10.1,SUPP,SUPP,SUPP,SUPP,SUPP,SUPP,2.5,-1.9,6.8,SUPP,SUPP,SUPP,SUPP,SUPP,SUPP,SUPP,SUPP,SUPP,SUPP,SUPP,SUPP,SUPP,3.3,-0.1,6.6,105,SUPP,SUPP,106,SUPP,SUPP,SUPP,SUPP,105,107,SUPP,SUPP,106,SUPP,SUPP,SUPP,SUPP,107,107,SUPP,SUPP,107,SUPP,SUPP,SUPP,SUPP,107,SUPP,86%,SUPP,SUPP,SUPP,SUPP,100%,SUPP,SUPP,SUPP,SUPP,100%,SUPP,SUPP,SUPP,SUPP,71%,SUPP,SUPP,SUPP,SUPP,14%,SUPP,SUPP,SUPP,SUPP,29%,SUPP,SUPP,SUPP,SUPP,0%,SUPP,SUPP,SUPP,SUPP,0%,SUPP,SUPP,SUPP,12,92%,0,0%,0,0%,1,8%,1,8%,,,,,,,,,,,,,,,,,,,,,12,8%,92%,50%,8%,SUPP,SUPP,SUPP,SUPP,-5.7,-9.2,-2.2,-1.3,-4.5,1.9,-1.4,-4.4,1.7,101,106,1.8,-1.0,3.3,3,3,3
1,26124,919,3025,117397,Hertford St Andrew CofE Primary School,Calton Avenue,,,Hertford,SG14 2EP,01992583105,E14000744,Hertford and Stortford,0,,,VC,0,Church of England,3-11,0,0,139,22,22,14,8,64%,36%,6.1,13,62%,5,24%,3,14%,1,5%,13,59%,9,41%,6,27%,21,95%,41%,0%,2.6,-0.1,5.3,95%,0.9,-1.6,3.5,95%,1.2,-1.4,3.7,95%,68%,18%,0%,101,64%,27%,0%,103,55%,0%,0%,99,45%,0%,41%,0%,55%,0%,14%,88%,15%,SUPP,SUPP,46%,33%,-20,67%,38%,0%,0%,0%,SUPP,SUPP,0%,0%,-10,0%,0%,3.0,-0.3,6.3,1.8,-2.8,6.5,3.4,0.0,6.9,SUPP,SUPP,SUPP,SUPP,SUPP,SUPP,2.8,-0.7,6.2,2.3,-2.0,6.7,2.4,SUPP,SUPP,SUPP,2.7,-0.1,5.4,0.5,-2.7,3.6,1.9,-2.6,6.4,2.1,-1.2,5.4,SUPP,SUPP,SUPP,SUPP,SUPP,SUPP,1.4,-1.9,4.7,0.2,-4.0,4.4,1.0,SUPP,SUPP,SUPP,1.1,-1.6,3.7,1.0,-2.1,4.1,1.5,-2.8,5.9,2.0,-1.2,5.2,SUPP,SUPP,SUPP,SUPP,SUPP,SUPP,2.3,-0.9,5.5,-0.7,-4.8,3.4,1.8,SUPP,SUPP,SUPP,1.4,-1.2,3.9,99,106,98,SUPP,SUPP,101,101,103,101,96,104,95,SUPP,SUPP,100,97,103,98,100,108,99,SUPP,SUPP,104,102,107,103,54%,SUPP,SUPP,69%,67%,54%,SUPP,SUPP,62%,67%,31%,SUPP,SUPP,54%,56%,23%,SUPP,SUPP,46%,44%,0%,SUPP,SUPP,15%,22%,15%,SUPP,SUPP,38%,11%,0%,SUPP,SUPP,0%,0%,0%,SUPP,SUPP,0%,0%,16,73%,0,0%,3,14%,8,36%,11,50%,,,,,,,,,,,,,,,,,,,,,17,65%,35%,71%,12%,55%,9%,100%,17%,0.7,-2.5,3.8,1.0,-1.8,3.8,2.8,0.0,5.5,106,109,2.6,0.9,1.2,3,3,3
1,26420,919,3026,117398,High Wych Church of England Primary School,High Wych,,,Sawbridgeworth,CM21 0JB,01279722109,E14000744,Hertford and Stortford,0,,,VC,0,Church of England,3-11,0,0,222,30,30,21,9,70%,30%,8.1,4,13%,14,47%,12,40%,0,0%,5,17%,25,83%,0,0%,29,97%,77%,17%,0.9,-1.3,3.2,100%,-0.2,-2.3,2.0,100%,0.1,-2.0,2.2,100%,83%,47%,0%,108,83%,27%,0%,106,80%,33%,0%,106,83%,20%,7%,0%,90%,0%,76%,78%,SUPP,79%,100%,SUPP,SUPP,SUPP,,76%,19%,11%,SUPP,0%,42%,SUPP,SUPP,SUPP,,17%,1.5,-1.2,4.2,-0.4,-4.5,3.7,SUPP,SUPP,SUPP,1.5,-1.8,4.8,1.6,-2.0,5.1,SUPP,SUPP,SUPP,SUPP,SUPP,SUPP,SUPP,NA,NA,NA,1.0,-1.3,3.3,-0.2,-2.8,2.3,0.0,-4.0,3.9,SUPP,SUPP,SUPP,1.3,-1.9,4.4,1.4,-2.1,4.8,SUPP,SUPP,SUPP,SUPP,SUPP,SUPP,SUPP,NA,NA,NA,-0.1,-2.3,2.1,0.5,-2.1,3.0,-0.7,-4.6,3.1,SUPP,SUPP,SUPP,2.0,-1.1,5.1,0.1,-3.2,3.5,SUPP,SUPP,SUPP,SUPP,SUPP,SUPP,SUPP,NA,NA,NA,0.1,-2.1,2.2,108,108,SUPP,106,113,SUPP,SUPP,,108,106,107,SUPP,106,111,SUPP,SUPP,,106,105,107,SUPP,104,113,SUPP,SUPP,,106,SUPP,86%,100%,SUPP,SUPP,SUPP,93%,100%,SUPP,SUPP,SUPP,86%,100%,SUPP,SUPP,SUPP,93%,100%,SUPP,SUPP,SUPP,29%,83%,SUPP,SUPP,SUPP,0%,67%,SUPP,SUPP,SUPP,14%,67%,SUPP,SUPP,SUPP,0%,50%,SUPP,SUPP,30,100%,0,0%,1,3%,6,20%,7,23%,,,,,,,,,,,,,,,,,,,,,30,17%,83%,77%,17%,SUPP,SUPP,SUPP,SUPP,-0.4,-2.6,1.9,-0.1,-2.2,2.0,0.0,-2.0,2.0,106,107,0.9,-0.2,0.1,3,3,3
1,68966,919,3029,117400,Wormley CofE Primary School,Cozens Lane East,Wormley,"Wormley Primary School, Cozens Lane East",Broxbourne,EN10 6QA,01992303331,E14000606,Broxbourne,0,,,VC,0,Church of England,3-11,0,0,444,59,59,31,28,53%,47%,7.7,13,22%,26,45%,19,33%,1,2%,13,22%,46,78%,12,20%,54,92%,54%,5%,0.4,-1.2,2.0,98%,-1.2,-2.7,0.4,98%,0.1,-1.4,1.6,98%,73%,25%,0%,105,64%,17%,0%,103,78%,19%,0%,104,63%,8%,34%,0%,64%,0%,39%,71%,0%,50%,100%,46%,57%,-20,75%,54%,0%,11%,0%,0%,16%,8%,4%,-2,0%,6%,-0.5,-2.8,1.7,1.4,-0.9,3.7,1.1,-2.3,4.5,-0.2,-2.6,2.3,0.7,-2.1,3.6,-1.3,-4.8,2.1,0.9,-0.9,2.8,-1.7,1.7,-1.8,5.3,0.4,-1.3,2.1,-1.0,-3.1,1.2,-1.4,-3.7,0.8,-0.9,-4.2,2.4,-1.1,-3.4,1.3,-1.5,-4.3,1.2,-2.1,-5.4,1.2,-0.9,-2.7,0.9,-2.5,1.5,-1.9,4.9,-1.0,-2.7,0.6,2.4,0.3,4.5,-2.3,-4.5,-0.1,0.6,-2.6,3.8,1.1,-1.1,3.4,-1.6,-4.3,1.0,-1.0,-4.3,2.2,0.4,-1.3,2.2,-1.5,1.5,-1.8,4.8,-0.2,-1.8,1.4,102,109,98,104,112,104,106,107,105,104,104,96,105,108,103,104,105,104,101,104,95,102,108,101,103,104,103,38%,73%,100%,46%,80%,0%,69%,100%,62%,65%,15%,92%,100%,69%,80%,8%,65%,100%,54%,65%,0%,12%,63%,23%,26%,0%,12%,37%,8%,20%,0%,8%,47%,8%,22%,0%,8%,16%,8%,9%,47,80%,0,0%,2,3%,13,22%,15,25%,,,,,,,,,,,,,,,,,,,,,59,27%,73%,68%,14%,44%,13%,77%,14%,-1.6,-3.1,0.0,-0.4,-1.9,1.1,-0.3,-1.7,1.1,105,106,0.4,-1.2,0.1,3,3,3
1,28784,919,3030,117401,Ickleford Primary School,Arlesey Road,Ickleford,,Hitchin,SG5 3TG,01462459150,E14000749,Hitchin and Harpenden,0,,,VC,0,Church of England,4-11,0,0,207,29,29,14,15,48%,52%,8.1,3,10%,16,55%,10,34%,0,0%,3,10%,26,90%,0,0%,28,97%,72%,7%,2.9,0.6,5.2,100%,-1.0,-3.2,1.2,100%,2.6,0.5,4.8,100%,90%,48%,0%,110,86%,66%,0%,109,93%,38%,0%,107,72%,14%,24%,0%,83%,0%,57%,87%,SUPP,69%,100%,SUPP,SUPP,SUPP,,75%,7%,7%,SUPP,0%,20%,SUPP,SUPP,SUPP,,7%,2.4,-0.9,5.7,3.4,0.2,6.6,SUPP,SUPP,SUPP,2.7,-0.4,5.8,2.7,-1.2,6.6,SUPP,SUPP,SUPP,SUPP,SUPP,SUPP,SUPP,NA,NA,NA,3.2,0.8,5.5,-3.8,-7.0,-0.6,1.6,-1.5,4.6,SUPP,SUPP,SUPP,-2.0,-4.9,1.0,-0.2,-4.0,3.5,SUPP,SUPP,SUPP,SUPP,SUPP,SUPP,SUPP,NA,NA,NA,-0.7,-2.9,1.6,3.3,0.2,6.4,2.0,-1.0,5.0,SUPP,SUPP,SUPP,3.7,0.8,6.6,1.1,-2.6,4.7,SUPP,SUPP,SUPP,SUPP,SUPP,SUPP,SUPP,NA,NA,NA,2.8,0.6,5.0,110,109,SUPP,107,115,SUPP,SUPP,,110,108,107,SUPP,108,112,SUPP,SUPP,,107,107,110,SUPP,107,115,SUPP,SUPP,,109,SUPP,94%,100%,SUPP,SUPP,SUPP,88%,100%,SUPP,SUPP,SUPP,100%,100%,SUPP,SUPP,SUPP,69%,100%,SUPP,SUPP,SUPP,31%,90%,SUPP,SUPP,SUPP,56%,100%,SUPP,SUPP,SUPP,25%,70%,SUPP,SUPP,SUPP,0%,40%,SUPP,SUPP,29,100%,0,0%,0,0%,3,10%,3,10%,,,,,,,,,,,,,,,,,,,,,31,6%,94%,74%,23%,SUPP,SUPP,SUPP,SUPP,-0.6,-2.8,1.5,1.3,-0.7,3.3,-0.3,-2.2,1.6,107,107,2.9,-1.0,2.6,2,3,2
1,33704,919,3032,117402,Little Munden Church of England Voluntary Controlled Primary School,Little Munden Primary School,Church Lane,Dane End,Ware,SG12 0NR,01920438271,E14000845,North East Hertfordshire,0,,,VC,0,Church of England,3-11,0,0,76,7,7,2,5,29%,71%,8.1,1,14%,3,43%,3,43%,0,0%,2,29%,5,71%,0,0%,6,86%,57%,14%,5.7,1.1,10.4,100%,-0.6,-5.1,3.9,100%,1.8,-2.6,6.2,100%,100%,57%,0%,111,86%,14%,0%,105,86%,29%,0%,106,57%,29%,43%,0%,86%,0%,SUPP,SUPP,SUPP,SUPP,SUPP,SUPP,SUPP,SUPP,,67%,SUPP,SUPP,SUPP,SUPP,SUPP,SUPP,SUPP,SUPP,,17%,SUPP,SUPP,SUPP,SUPP,SUPP,SUPP,SUPP,SUPP,SUPP,SUPP,SUPP,SUPP,SUPP,SUPP,SUPP,SUPP,SUPP,SUPP,SUPP,SUPP,SUPP,SUPP,NA,NA,NA,6.9,1.9,12.0,SUPP,SUPP,SUPP,SUPP,SUPP,SUPP,SUPP,SUPP,SUPP,SUPP,SUPP,SUPP,SUPP,SUPP,SUPP,SUPP,SUPP,SUPP,SUPP,SUPP,SUPP,SUPP,NA,NA,NA,1.6,-3.3,6.4,SUPP,SUPP,SUPP,SUPP,SUPP,SUPP,SUPP,SUPP,SUPP,SUPP,SUPP,SUPP,SUPP,SUPP,SUPP,SUPP,SUPP,SUPP,SUPP,SUPP,SUPP,SUPP,NA,NA,NA,1.4,-3.3,6.1,SUPP,SUPP,SUPP,SUPP,SUPP,SUPP,SUPP,,112,SUPP,SUPP,SUPP,SUPP,SUPP,SUPP,SUPP,,106,SUPP,SUPP,SUPP,SUPP,SUPP,SUPP,SUPP,,106,SUPP,SUPP,SUPP,SUPP,SUPP,SUPP,SUPP,SUPP,SUPP,SUPP,SUPP,SUPP,SUPP,SUPP,SUPP,SUPP,SUPP,SUPP,SUPP,SUPP,SUPP,SUPP,SUPP,SUPP,SUPP,SUPP,SUPP,SUPP,SUPP,SUPP,SUPP,SUPP,SUPP,SUPP,SUPP,SUPP,SUPP,SUPP,SUPP,SUPP,7,100%,0,0%,0,0%,0,0%,0,0%,,,,,,,,,,,,,,,,,,,,,12,8%,92%,58%,0%,SUPP,SUPP,SUPP,SUPP,-0.9,-4.4,2.6,-3.0,-6.2,0.2,-1.2,-4.3,1.8,103,103,5.7,-0.6,1.8,1,3,3
1,44832,919,3034,117403,Preston Primary School,Back Lane,Preston,,Hitchin,SG4 7UJ,01462451734,E14000749,Hitchin and Harpenden,0,,,VC,0,Church of England,4-11,0,0,70,7,7,5,2,71%,29%,8.5,1,17%,1,17%,4,67%,1,14%,0,0%,7,100%,0,0%,7,100%,71%,0%,-0.8,-5.8,4.2,86%,-2.1,-7.0,2.7,86%,-1.5,-6.3,3.2,86%,86%,57%,0%,107,86%,29%,0%,104,71%,29%,0%,103,71%,0%,29%,0%,71%,0%,SUPP,SUPP,SUPP,SUPP,SUPP,,SUPP,,,71%,SUPP,SUPP,SUPP,SUPP,SUPP,,SUPP,,,0%,SUPP,SUPP,SUPP,SUPP,SUPP,SUPP,SUPP,SUPP,SUPP,SUPP,SUPP,SUPP,SUPP,SUPP,SUPP,,,,SUPP,SUPP,SUPP,,NA,NA,NA,-0.8,-5.8,4.2,SUPP,SUPP,SUPP,SUPP,SUPP,SUPP,SUPP,SUPP,SUPP,SUPP,SUPP,SUPP,SUPP,SUPP,SUPP,,,,SUPP,SUPP,SUPP,,NA,NA,NA,-2.1,-7.0,2.7,SUPP,SUPP,SUPP,SUPP,SUPP,SUPP,SUPP,SUPP,SUPP,SUPP,SUPP,SUPP,SUPP,SUPP,SUPP,,,,SUPP,SUPP,SUPP,,NA,NA,NA,-1.5,-6.3,3.2,SUPP,SUPP,SUPP,SUPP,SUPP,,SUPP,,107,SUPP,SUPP,SUPP,SUPP,SUPP,,SUPP,,103,SUPP,SUPP,SUPP,SUPP,SUPP,,SUPP,,104,SUPP,SUPP,SUPP,,SUPP,SUPP,SUPP,SUPP,,SUPP,SUPP,SUPP,SUPP,,SUPP,SUPP,SUPP,SUPP,,SUPP,SUPP,SUPP,SUPP,,SUPP,SUPP,SUPP,SUPP,,SUPP,SUPP,SUPP,SUPP,,SUPP,SUPP,SUPP,SUPP,,SUPP,7,100%,0,0%,0,0%,3,43%,3,43%,,,,,,,,,,,,,,,,,,,,,16,13%,88%,56%,0%,SUPP,SUPP,SUPP,SUPP,-1.1,-4.1,2.0,-5.6,-8.4,-2.8,-2.2,-4.8,0.5,104,104,-0.8,-2.1,-1.5,3,3,3
1,56396,919,3037,146723,Sarratt Church of England Primary School,The Green,Sarratt,,Rickmansworth,WD3 6AS,01923262003,E14000951,South West Hertfordshire,0,,,ACC,0,Church of England,4-11,0,0,159,28,27,15,12,56%,44%,8.0,7,29%,5,21%,12,50%,3,11%,5,19%,22,81%,0,0%,24,89%,67%,7%,0.6,-1.9,3.2,89%,1.2,-1.2,3.6,89%,-0.9,-3.3,1.5,89%,81%,41%,0%,106,81%,33%,0%,105,74%,22%,0%,104,74%,26%,26%,0%,96%,0%,73%,58%,29%,SUPP,92%,SUPP,SUPP,SUPP,,71%,7%,8%,0%,SUPP,17%,SUPP,SUPP,SUPP,,8%,0.2,-3.1,3.5,1.3,-2.6,5.2,7.8,3.1,12.4,SUPP,SUPP,SUPP,-1.6,-5.1,2.0,SUPP,SUPP,SUPP,SUPP,SUPP,SUPP,SUPP,NA,NA,NA,1.9,-0.8,4.5,0.9,-2.3,4.1,1.5,-2.2,5.3,6.0,1.5,10.4,SUPP,SUPP,SUPP,-0.2,-3.7,3.2,SUPP,SUPP,SUPP,SUPP,SUPP,SUPP,SUPP,NA,NA,NA,2.4,-0.1,4.9,-0.4,-3.4,2.7,-1.7,-5.3,2.0,-0.3,-4.7,4.1,SUPP,SUPP,SUPP,-0.3,-3.7,3.0,SUPP,SUPP,SUPP,SUPP,SUPP,SUPP,SUPP,NA,NA,NA,-0.4,-2.8,2.1,105,108,105,SUPP,109,SUPP,SUPP,,107,104,104,95,SUPP,109,SUPP,SUPP,,104,105,106,98,SUPP,109,SUPP,SUPP,,105,71%,SUPP,92%,SUPP,SUPP,43%,SUPP,100%,SUPP,SUPP,29%,SUPP,100%,SUPP,SUPP,43%,SUPP,92%,SUPP,SUPP,29%,SUPP,58%,SUPP,SUPP,0%,SUPP,58%,SUPP,SUPP,0%,SUPP,50%,SUPP,SUPP,29%,SUPP,33%,SUPP,SUPP,27,100%,0,0%,0,0%,1,4%,1,4%,,,,,,,,,,,,,,,,,,,,,24,13%,88%,79%,8%,SUPP,SUPP,SUPP,SUPP,1.9,-0.6,4.4,1.4,-0.9,3.7,2.6,0.4,4.8,107,108,0.5,1.0,-0.9,3,3,3
1,59122,919,3038,117405,Spellbrook CofE Primary School,London Road,Spellbrook,,Bishop's Stortford,CM23 4BA,01279723204,E14000744,Hertford and Stortford,0,,,VC,0,Church of England,3-11,0,0,106,16,16,11,5,69%,31%,8.3,2,13%,9,56%,5,31%,0,0%,0,0%,16,100%,3,19%,16,100%,75%,31%,2.7,-0.4,5.7,100%,1.2,-1.8,4.1,100%,1.7,-1.2,4.6,100%,88%,50%,0%,109,88%,38%,0%,108,100%,31%,0%,107,75%,38%,25%,0%,88%,0%,73%,SUPP,SUPP,67%,SUPP,,SUPP,,SUPP,75%,27%,SUPP,SUPP,11%,SUPP,,SUPP,,SUPP,31%,1.1,-2.6,4.8,SUPP,SUPP,SUPP,SUPP,SUPP,SUPP,0.1,-4.0,4.2,SUPP,SUPP,SUPP,,,,SUPP,SUPP,SUPP,,SUPP,SUPP,SUPP,2.7,-0.4,5.7,-0.2,-3.8,3.4,SUPP,SUPP,SUPP,SUPP,SUPP,SUPP,-1.5,-5.4,2.5,SUPP,SUPP,SUPP,,,,SUPP,SUPP,SUPP,,SUPP,SUPP,SUPP,1.2,-1.8,4.1,1.3,-2.2,4.8,SUPP,SUPP,SUPP,SUPP,SUPP,SUPP,1.7,-2.2,5.6,SUPP,SUPP,SUPP,,,,SUPP,SUPP,SUPP,,SUPP,SUPP,SUPP,1.7,-1.2,4.6,108,SUPP,SUPP,105,SUPP,,SUPP,SUPP,109,108,SUPP,SUPP,106,SUPP,,SUPP,SUPP,107,108,SUPP,SUPP,104,SUPP,,SUPP,SUPP,108,SUPP,78%,SUPP,,SUPP,SUPP,89%,SUPP,,SUPP,SUPP,100%,SUPP,,SUPP,SUPP,67%,SUPP,,SUPP,SUPP,33%,SUPP,,SUPP,SUPP,11%,SUPP,,SUPP,SUPP,11%,SUPP,,SUPP,SUPP,11%,SUPP,,SUPP,13,81%,0,0%,0,0%,3,19%,3,19%,,,,,,,,,,,,,,,,,,,,,14,7%,93%,79%,7%,SUPP,SUPP,SUPP,SUPP,-0.4,-3.7,2.8,1.0,-2.0,4.0,-0.9,-3.7,1.9,106,106,2.7,1.2,1.7,3,3,3
1,48992,919,3040,117407,St Andrew's Church of England Voluntary Controlled Primary School,Mill Race,Stanstead Abbotts,,Ware,SG12 8BZ,01920870097,E14000744,Hertford and Stortford,0,,,VC,0,Church of England,3-11,0,0,220,27,27,15,12,56%,44%,8.0,5,19%,15,56%,7,26%,0,0%,3,11%,24,89%,2,7%,27,100%,52%,11%,-2.2,-4.6,0.2,100%,-0.4,-2.7,1.9,100%,-3.0,-5.2,-0.7,100%,56%,22%,0%,103,59%,22%,0%,102,59%,22%,0%,102,74%,11%,26%,0%,81%,0%,47%,58%,SUPP,53%,86%,SUPP,SUPP,SUPP,SUPP,52%,7%,17%,SUPP,0%,43%,SUPP,SUPP,SUPP,SUPP,11%,-3.3,-6.5,-0.1,-0.9,-4.4,2.7,SUPP,SUPP,SUPP,-2.2,-5.3,1.0,-1.5,-6.2,3.2,SUPP,SUPP,SUPP,SUPP,SUPP,SUPP,SUPP,SUPP,SUPP,SUPP,-2.2,-4.6,0.2,-1.3,-4.4,1.7,0.7,-2.7,4.1,SUPP,SUPP,SUPP,-1.5,-4.5,1.6,0.1,-4.4,4.6,SUPP,SUPP,SUPP,SUPP,SUPP,SUPP,SUPP,SUPP,SUPP,SUPP,-0.4,-2.7,1.9,-2.5,-5.5,0.5,-3.6,-7.0,-0.3,SUPP,SUPP,SUPP,-4.0,-7.0,-1.0,0.6,-3.8,4.9,SUPP,SUPP,SUPP,SUPP,SUPP,SUPP,SUPP,SUPP,SUPP,SUPP,-3.0,-5.2,-0.7,103,104,SUPP,103,110,SUPP,SUPP,SUPP,103,103,100,SUPP,100,111,SUPP,SUPP,SUPP,102,103,102,SUPP,100,111,SUPP,SUPP,SUPP,102,SUPP,60%,86%,SUPP,SUPP,SUPP,53%,86%,SUPP,SUPP,SUPP,60%,100%,SUPP,SUPP,SUPP,73%,100%,SUPP,SUPP,SUPP,13%,57%,SUPP,SUPP,SUPP,13%,57%,SUPP,SUPP,SUPP,7%,71%,SUPP,SUPP,SUPP,0%,43%,SUPP,SUPP,25,93%,0,0%,0,0%,7,26%,7,26%,,,,,,,,,,,,,,,,,,,,,30,13%,87%,67%,3%,SUPP,SUPP,SUPP,SUPP,-2.7,-5.0,-0.5,-4.3,-6.3,-2.2,-4.7,-6.6,-2.8,105,103,-2.2,-0.4,-3.0,3,3,4
1,62290,919,3041,117408,Thundridge Church of England Primary School,Ermine Street,Thundridge,,Ware,SG12 0SY,01920462642,E14000845,North East Hertfordshire,0,,,VC,0,Church of England,3-11,0,0,67,12,13,6,7,46%,54%,7.5,4,31%,6,46%,3,23%,0,0%,1,8%,12,92%,0,0%,12,92%,46%,0%,-3.2,-6.6,0.3,100%,-3.8,-7.1,-0.5,100%,-2.6,-5.8,0.6,100%,62%,15%,0%,100,54%,15%,0%,100,62%,0%,0%,100,54%,0%,31%,0%,85%,0%,50%,43%,SUPP,50%,SUPP,SUPP,SUPP,SUPP,,42%,0%,0%,SUPP,0%,SUPP,SUPP,SUPP,SUPP,,0%,-1.7,-6.7,3.3,-4.4,-9.0,0.3,SUPP,SUPP,SUPP,-4.0,-9.0,1.0,SUPP,SUPP,SUPP,SUPP,SUPP,SUPP,SUPP,SUPP,SUPP,SUPP,NA,NA,NA,-3.4,-6.9,0.2,-2.1,-6.9,2.8,-5.3,-9.8,-0.8,SUPP,SUPP,SUPP,-2.2,-7.1,2.6,SUPP,SUPP,SUPP,SUPP,SUPP,SUPP,SUPP,SUPP,SUPP,SUPP,NA,NA,NA,-3.6,-7.1,-0.2,-0.3,-5.0,4.5,-4.6,-9.0,-0.2,SUPP,SUPP,SUPP,-1.0,-5.7,3.7,SUPP,SUPP,SUPP,SUPP,SUPP,SUPP,SUPP,SUPP,SUPP,SUPP,NA,NA,NA,-2.3,-5.6,1.1,99,101,SUPP,101,SUPP,SUPP,SUPP,,99,100,100,SUPP,103,SUPP,SUPP,SUPP,,100,97,102,SUPP,100,SUPP,SUPP,SUPP,,98,SUPP,67%,SUPP,SUPP,SUPP,SUPP,67%,SUPP,SUPP,SUPP,SUPP,83%,SUPP,SUPP,SUPP,SUPP,67%,SUPP,SUPP,SUPP,SUPP,0%,SUPP,SUPP,SUPP,SUPP,0%,SUPP,SUPP,SUPP,SUPP,0%,SUPP,SUPP,SUPP,SUPP,0%,SUPP,SUPP,SUPP,13,100%,0,0%,0,0%,2,15%,2,15%,,,,,,,,,,,,,,,,,,,,,13,15%,85%,92%,23%,SUPP,SUPP,SUPP,SUPP,0.6,-2.7,4.0,1.6,-1.5,4.6,-0.5,-3.4,2.4,107,106,-3.2,-3.8,-2.6,3,5,3
1,53888,919,3042,117409,St Mary's Voluntary Controlled Church of England Junior School,Heath Drive,,,Ware,SG12 0RL,01920463641,E14000744,Hertford and Stortford,0,,,VC,0,Church of England,7-11,0,0,236,61,59,29,30,49%,51%,8.5,3,5%,27,46%,29,49%,0,0%,10,17%,49,83%,0,0%,57,97%,66%,2%,-2.2,-3.8,-0.6,100%,-1.8,-3.4,-0.3,100%,-2.9,-4.4,-1.4,100%,83%,20%,0%,105,76%,29%,2%,105,78%,15%,0%,104,78%,10%,22%,0%,80%,0%,59%,73%,SUPP,48%,90%,80%,63%,14,,65%,3%,0%,SUPP,0%,3%,0%,2%,-10,,2%,-2.0,-4.3,0.3,-2.4,-4.6,-0.1,SUPP,SUPP,SUPP,-0.8,-3.2,1.6,-3.5,-5.8,-1.2,-4.8,-8.7,-0.9,-1.7,-3.4,0.1,-5.2,NA,NA,NA,-2.2,-3.8,-0.6,-2.6,-4.8,-0.4,-1.1,-3.2,1.1,SUPP,SUPP,SUPP,-1.6,-3.9,0.7,-2.3,-4.5,-0.1,-0.9,-4.7,2.8,-2.0,-3.7,-0.3,-1.3,NA,NA,NA,-1.9,-3.5,-0.3,-1.4,-3.5,0.8,-4.4,-6.5,-2.3,SUPP,SUPP,SUPP,-2.3,-4.5,-0.1,-3.0,-5.1,-0.8,-3.5,-7.2,0.2,-2.8,-4.4,-1.1,-4.0,NA,NA,NA,-2.9,-4.4,-1.4,106,105,SUPP,104,108,103,106,,105,105,102,SUPP,102,107,104,104,,104,105,105,SUPP,102,109,106,105,,105,SUPP,74%,97%,80%,84%,SUPP,63%,97%,80%,76%,SUPP,67%,97%,80%,78%,SUPP,63%,97%,90%,76%,SUPP,11%,31%,10%,22%,SUPP,11%,48%,30%,29%,SUPP,7%,24%,10%,16%,SUPP,7%,14%,10%,10%,59,100%,0,0%,0,0%,8,14%,8,14%,,,,,,,,,,,,,,,,,,,,,60,12%,88%,78%,20%,71%,0%,79%,23%,1.9,0.3,3.4,1.4,0.0,2.9,-1.5,-2.9,-0.2,108,105,-2.4,-1.9,-3.1,4,4,4
1,49902,919,3043,117410,St Catherine's Church of England Primary School,Park Road,,,Ware,SG12 0AW,01920462653,E14000744,Hertford and Stortford,0,,,VC,0,Church of England,3-11,0,0,393,56,57,29,28,51%,49%,7.9,14,25%,19,33%,24,42%,0,0%,13,23%,44,77%,4,7%,51,89%,56%,12%,-1.4,-3.0,0.2,100%,-0.6,-2.1,1.0,100%,-0.4,-2.0,1.1,100%,74%,32%,0%,105,77%,26%,0%,105,77%,26%,0%,105,67%,21%,28%,0%,86%,0%,59%,54%,7%,47%,92%,38%,61%,-28,SUPP,57%,10%,14%,0%,0%,29%,8%,14%,-2,SUPP,14%,-2.8,-5.1,-0.5,0.0,-2.3,2.4,-2.8,-6.1,0.5,-1.5,-4.3,1.3,-0.5,-3.0,2.0,-3.3,-6.7,0.2,-0.8,-2.7,1.0,-3.7,SUPP,SUPP,SUPP,-0.9,-2.6,0.9,-2.2,-4.4,0.0,1.1,-1.1,3.4,-2.1,-5.3,1.1,0.1,-2.6,2.8,-0.2,-2.6,2.2,-2.1,-5.4,1.2,-0.1,-1.9,1.7,-2.5,SUPP,SUPP,SUPP,0.1,-1.6,1.7,0.4,-1.8,2.5,-1.2,-3.4,0.9,0.5,-2.6,3.6,-1.7,-4.4,0.9,0.1,-2.3,2.4,-2.1,-5.3,1.2,0.1,-1.7,1.8,-2.6,SUPP,SUPP,SUPP,-0.2,-1.8,1.5,104,106,96,103,111,101,106,SUPP,105,106,103,98,102,110,102,106,SUPP,105,104,106,96,104,110,101,106,SUPP,105,29%,74%,100%,54%,80%,29%,84%,100%,62%,82%,43%,74%,100%,46%,86%,14%,74%,92%,46%,73%,0%,11%,67%,8%,39%,0%,11%,54%,8%,32%,0%,5%,58%,23%,27%,0%,11%,42%,8%,25%,53,93%,0,0%,1,2%,7,12%,8,14%,,,,,,,,,,,,,,,,,,,,,47,19%,81%,72%,13%,56%,0%,76%,16%,1.4,-0.4,3.2,-0.5,-2.2,1.1,1.6,0.0,3.2,105,106,-1.4,-0.6,-0.4,3,3,3
1,66268,919,3047,117413,Weston Primary & Nursery School,Maiden Street,Weston,,Hitchin,SG4 7AG,01462790317,E14000845,North East Hertfordshire,0,,,VC,0,Church of England,3-11,0,0,125,18,18,15,3,83%,17%,8.1,3,17%,9,50%,6,33%,0,0%,5,28%,13,72%,0,0%,18,100%,72%,22%,2.2,-0.7,5.1,100%,0.1,-2.7,2.9,100%,1.0,-1.8,3.7,100%,83%,50%,0%,108,78%,39%,0%,107,78%,33%,0%,106,78%,22%,17%,0%,89%,0%,67%,SUPP,SUPP,78%,100%,SUPP,SUPP,SUPP,,72%,20%,SUPP,SUPP,0%,67%,SUPP,SUPP,SUPP,,22%,2.7,-0.5,5.9,SUPP,SUPP,SUPP,SUPP,SUPP,SUPP,1.5,-2.6,5.6,3.8,-1.2,8.8,SUPP,SUPP,SUPP,SUPP,SUPP,SUPP,SUPP,NA,NA,NA,2.2,-0.7,5.1,-0.3,-3.4,2.7,SUPP,SUPP,SUPP,SUPP,SUPP,SUPP,0.5,-3.5,4.4,2.2,-2.7,7.0,SUPP,SUPP,SUPP,SUPP,SUPP,SUPP,SUPP,NA,NA,NA,0.1,-2.7,2.9,1.0,-2.0,4.0,SUPP,SUPP,SUPP,SUPP,SUPP,SUPP,2.4,-1.4,6.3,1.5,-3.3,6.2,SUPP,SUPP,SUPP,SUPP,SUPP,SUPP,SUPP,NA,NA,NA,1.0,-1.8,3.7,108,SUPP,SUPP,106,116,SUPP,SUPP,,108,105,SUPP,SUPP,107,112,SUPP,SUPP,,106,106,SUPP,SUPP,106,114,SUPP,SUPP,,107,SUPP,100%,100%,SUPP,SUPP,SUPP,89%,100%,SUPP,SUPP,SUPP,89%,100%,SUPP,SUPP,SUPP,89%,100%,SUPP,SUPP,SUPP,33%,100%,SUPP,SUPP,SUPP,33%,67%,SUPP,SUPP,SUPP,22%,67%,SUPP,SUPP,SUPP,0%,67%,SUPP,SUPP,18,100%,0,0%,2,11%,2,11%,4,22%,,,,,,,,,,,,,,,,,,,,,16,25%,75%,69%,19%,SUPP,SUPP,SUPP,SUPP,-3.0,-6.1,0.0,-2.0,-4.8,0.8,-2.1,-4.7,0.5,106,107,2.2,0.1,0.9,3,3,3
1,44684,919,3049,117414,Potten End CofE Primary School,Church Road,Potten End,,Berkhamsted,HP4 2QY,01442865022,E14000739,Hemel Hempstead,0,,,VC,0,Church of England,3-11,0,0,204,29,29,14,15,48%,52%,7.6,9,32%,9,32%,10,36%,1,3%,7,24%,22,76%,2,7%,27,93%,66%,7%,1.8,-0.5,4.1,97%,-0.7,-3.0,1.5,97%,0.6,-1.6,2.8,97%,76%,38%,0%,106,66%,21%,0%,102,72%,28%,0%,104,72%,7%,21%,0%,72%,0%,57%,73%,11%,89%,90%,43%,73%,-23,SUPP,67%,14%,0%,0%,0%,20%,0%,9%,-10,SUPP,7%,2.0,-1.3,5.3,1.5,-1.8,4.8,0.6,-3.5,4.7,3.0,-1.1,7.1,1.8,-2.1,5.7,-1.4,-6.0,3.3,2.8,0.1,5.5,-1.8,SUPP,SUPP,SUPP,2.3,-0.1,4.6,-1.4,-4.6,1.8,-0.1,-3.2,3.1,-0.8,-4.8,3.1,0.6,-3.4,4.5,-1.8,-5.6,1.9,-6.4,-10.8,-1.9,1.1,-1.4,3.7,-6.8,SUPP,SUPP,SUPP,-0.3,-2.5,2.0,1.3,-1.8,4.4,-0.1,-3.2,3.0,-0.3,-4.2,3.5,1.3,-2.5,5.2,0.8,-2.9,4.5,0.0,-4.4,4.3,0.8,-1.7,3.4,-0.5,SUPP,SUPP,SUPP,1.0,-1.2,3.3,106,106,97,108,112,102,107,SUPP,106,104,104,95,105,110,102,105,SUPP,104,100,104,93,105,108,96,104,SUPP,102,33%,100%,90%,57%,82%,11%,100%,80%,29%,77%,22%,100%,90%,57%,77%,33%,89%,90%,43%,82%,11%,33%,70%,43%,36%,0%,0%,50%,14%,23%,0%,11%,60%,29%,27%,0%,0%,20%,0%,9%,27,93%,0,0%,0,0%,7,24%,7,24%,,,,,,,,,,,,,,,,,,,,,29,7%,93%,79%,24%,SUPP,SUPP,SUPP,SUPP,-0.3,-2.6,2.0,0.5,-1.6,2.6,-0.3,-2.3,1.7,107,107,1.8,-0.7,0.6,3,3,3
1,16302,919,3053,117415,Dewhurst St Mary CofE Primary School,"94, Churchgate",Cheshunt,,Waltham Cross,EN8 9ND,01992624177,E14000606,Broxbourne,0,,,VC,0,Church of England,5-11,0,0,197,27,26,16,10,62%,38%,8.1,5,20%,9,36%,11,44%,1,4%,6,23%,20,77%,1,4%,25,96%,62%,0%,0.5,-1.9,3.0,96%,-2.7,-5.1,-0.3,96%,0.1,-2.3,2.4,96%,85%,27%,0%,106,85%,46%,0%,107,77%,31%,0%,104,62%,0%,38%,0%,73%,0%,50%,80%,SUPP,56%,100%,50%,65%,-16,SUPP,60%,0%,0%,SUPP,0%,0%,0%,0%,-10,SUPP,0%,1.1,-2.0,4.2,-0.4,-4.5,3.7,SUPP,SUPP,SUPP,1.3,-2.8,5.4,-1.3,-5.0,2.4,SUPP,SUPP,SUPP,SUPP,SUPP,SUPP,SUPP,SUPP,SUPP,SUPP,0.6,-1.9,3.1,-3.2,-6.2,-0.2,-1.8,-5.8,2.1,SUPP,SUPP,SUPP,-1.6,-5.6,2.3,-3.7,-7.3,-0.2,SUPP,SUPP,SUPP,SUPP,SUPP,SUPP,SUPP,SUPP,SUPP,SUPP,-3.0,-5.4,-0.6,-0.5,-3.4,2.4,1.0,-2.8,4.9,SUPP,SUPP,SUPP,1.7,-2.2,5.5,-1.5,-5.0,2.0,SUPP,SUPP,SUPP,SUPP,SUPP,SUPP,SUPP,SUPP,SUPP,SUPP,0.0,-2.4,2.3,106,107,SUPP,105,110,106,106,SUPP,106,103,106,SUPP,105,109,103,105,SUPP,104,107,108,SUPP,106,114,105,108,SUPP,108,SUPP,89%,100%,83%,85%,SUPP,89%,100%,67%,90%,SUPP,78%,100%,50%,85%,SUPP,56%,100%,50%,65%,SUPP,11%,55%,33%,25%,SUPP,22%,91%,50%,45%,SUPP,33%,45%,50%,25%,SUPP,0%,0%,0%,0%,25,96%,0,0%,2,8%,4,15%,6,23%,,,,,,,,,,,,,,,,,,,,,31,29%,71%,74%,6%,67%,0%,77%,9%,2.8,0.6,5.0,-1.4,-3.4,0.7,2.5,0.6,4.5,107,108,0.5,-2.7,0.1,3,4,3
1,33048,919,3054,117416,Leverstock Green Church of England Primary School,Green Lane,Leverstock Green,,Hemel Hempstead,HP2 4SA,01442406520,E14000739,Hemel Hempstead,0,,,VC,0,Church of England,3-11,0,0,234,28,26,15,11,58%,42%,8.1,5,20%,7,28%,13,52%,1,4%,5,19%,21,81%,4,15%,22,85%,62%,12%,-1.0,-3.4,1.5,96%,1.1,-1.3,3.4,96%,-0.7,-3.1,1.6,96%,77%,38%,0%,107,69%,27%,0%,105,73%,27%,0%,105,77%,27%,15%,0%,81%,0%,60%,64%,SUPP,57%,92%,SUPP,SUPP,SUPP,SUPP,64%,13%,9%,SUPP,0%,23%,SUPP,SUPP,SUPP,SUPP,9%,-0.4,-3.7,2.9,-1.6,-5.3,2.1,SUPP,SUPP,SUPP,0.8,-3.8,5.5,-1.4,-4.8,2.0,SUPP,SUPP,SUPP,SUPP,SUPP,SUPP,SUPP,SUPP,SUPP,SUPP,-1.5,-4.2,1.2,1.5,-1.7,4.7,0.5,-3.1,4.1,SUPP,SUPP,SUPP,1.0,-3.5,5.5,1.9,-1.4,5.2,SUPP,SUPP,SUPP,SUPP,SUPP,SUPP,SUPP,SUPP,SUPP,SUPP,1.0,-1.6,3.6,0.4,-2.7,3.5,-2.2,-5.7,1.3,SUPP,SUPP,SUPP,1.3,-3.1,5.7,-1.0,-4.2,2.3,SUPP,SUPP,SUPP,SUPP,SUPP,SUPP,SUPP,SUPP,SUPP,SUPP,-0.9,-3.4,1.6,107,106,SUPP,105,110,SUPP,SUPP,SUPP,106,105,104,SUPP,105,109,SUPP,SUPP,SUPP,105,105,105,SUPP,101,110,SUPP,SUPP,SUPP,105,SUPP,86%,92%,SUPP,SUPP,SUPP,71%,100%,SUPP,SUPP,SUPP,86%,100%,SUPP,SUPP,SUPP,86%,100%,SUPP,SUPP,SUPP,29%,62%,SUPP,SUPP,SUPP,0%,54%,SUPP,SUPP,SUPP,14%,46%,SUPP,SUPP,SUPP,0%,54%,SUPP,SUPP,22,85%,0,0%,2,8%,6,23%,8,31%,,,,,,,,,,,,,,,,,,,,,30,20%,80%,53%,0%,50%,0%,54%,0%,-0.3,-2.6,1.9,-3.5,-5.6,-1.5,1.7,-0.2,3.7,104,106,-1.0,1.1,-0.7,3,3,3
1,54734,919,3301,117417,"St Paul's Church of England Primary School, Langleybury",Langleybury Lane,Hunton Bridge,,Kings Langley,WD4 8RJ,01923263641,E14001021,Watford,0,,,VA,0,Church of England,3-11,0,0,202,28,28,8,20,29%,71%,8.6,1,4%,15,54%,12,43%,0,0%,1,4%,27,96%,0,0%,28,100%,71%,18%,-0.6,-3.0,1.7,100%,0.7,-1.5,3.0,100%,-1.5,-3.6,0.7,100%,79%,36%,0%,107,86%,36%,0%,108,82%,25%,0%,106,86%,32%,14%,0%,89%,0%,75%,70%,SUPP,53%,100%,SUPP,SUPP,SUPP,,71%,0%,25%,SUPP,0%,42%,SUPP,SUPP,SUPP,,18%,0.4,-4.0,4.7,-1.0,-3.8,1.7,SUPP,SUPP,SUPP,-2.1,-5.3,1.1,0.7,-2.9,4.2,SUPP,SUPP,SUPP,SUPP,SUPP,SUPP,SUPP,NA,NA,NA,-0.6,-3.0,1.7,-1.8,-6.0,2.4,1.7,-0.9,4.4,SUPP,SUPP,SUPP,0.1,-2.9,3.2,1.7,-1.7,5.1,SUPP,SUPP,SUPP,SUPP,SUPP,SUPP,SUPP,NA,NA,NA,0.7,-1.5,3.0,-1.1,-5.1,3.0,-1.6,-4.2,1.0,SUPP,SUPP,SUPP,-2.5,-5.5,0.5,-0.5,-3.8,2.9,SUPP,SUPP,SUPP,SUPP,SUPP,SUPP,SUPP,NA,NA,NA,-1.5,-3.6,0.7,107,107,SUPP,103,113,SUPP,SUPP,,107,105,106,SUPP,102,111,SUPP,SUPP,,106,107,108,SUPP,104,113,SUPP,SUPP,,108,SUPP,60%,100%,SUPP,SUPP,SUPP,80%,100%,SUPP,SUPP,SUPP,73%,100%,SUPP,SUPP,SUPP,80%,100%,SUPP,SUPP,SUPP,7%,75%,SUPP,SUPP,SUPP,13%,67%,SUPP,SUPP,SUPP,0%,58%,SUPP,SUPP,SUPP,7%,67%,SUPP,SUPP,28,100%,0,0%,2,7%,3,11%,5,18%,,,,,,,,,,,,,,,,,,,,,30,3%,97%,80%,3%,SUPP,SUPP,SUPP,SUPP,0.1,-2.1,2.3,0.5,-1.6,2.5,-2.0,-3.9,0.0,107,105,-0.6,0.7,-1.5,3,3,3
1,38520,919,3302,117418,Nash Mills Church of England Primary School,Belswains Lane,Nash Mills,,Hemel Hempstead,HP3 9XB,01442252972,E14000739,Hemel Hempstead,0,,,VA,0,Church of England,3-11,0,0,230,30,29,10,19,34%,66%,7.5,7,26%,14,52%,6,22%,2,7%,5,17%,24,83%,3,10%,28,97%,76%,10%,1.9,-0.4,4.3,93%,2.6,0.3,4.8,93%,3.4,1.2,5.6,93%,86%,31%,0%,106,83%,24%,0%,106,86%,24%,0%,107,83%,14%,14%,0%,90%,0%,90%,68%,14%,100%,100%,SUPP,SUPP,SUPP,SUPP,75%,10%,11%,0%,14%,17%,SUPP,SUPP,SUPP,SUPP,11%,1.0,-3.1,5.1,2.4,-0.5,5.3,2.4,-2.3,7.1,3.0,-0.3,6.3,-1.1,-6.1,4.0,SUPP,SUPP,SUPP,SUPP,SUPP,SUPP,SUPP,SUPP,SUPP,SUPP,1.9,-0.5,4.3,2.2,-1.7,6.2,2.7,-0.1,5.5,2.6,-1.9,7.1,3.6,0.4,6.8,0.1,-4.7,4.9,SUPP,SUPP,SUPP,SUPP,SUPP,SUPP,SUPP,SUPP,SUPP,SUPP,2.6,0.3,4.9,3.7,-0.2,7.5,3.2,0.5,6.0,4.0,-0.4,8.3,3.8,0.7,6.9,1.7,-3.0,6.5,SUPP,SUPP,SUPP,SUPP,SUPP,SUPP,SUPP,SUPP,SUPP,SUPP,3.2,0.9,5.5,106,106,101,107,110,SUPP,SUPP,SUPP,106,108,106,101,108,112,SUPP,SUPP,SUPP,106,109,104,102,107,109,SUPP,SUPP,SUPP,106,57%,100%,100%,SUPP,SUPP,57%,100%,83%,SUPP,SUPP,57%,100%,100%,SUPP,SUPP,43%,100%,100%,SUPP,SUPP,0%,36%,67%,SUPP,SUPP,14%,21%,50%,SUPP,SUPP,0%,29%,50%,SUPP,SUPP,0%,14%,33%,SUPP,SUPP,26,90%,0,0%,1,3%,4,14%,5,17%,,,,,,,,,,,,,,,,,,,,,30,17%,83%,57%,3%,SUPP,SUPP,SUPP,SUPP,4.3,2.0,6.6,-4.7,-6.8,-2.7,2.9,0.9,4.9,109,108,1.9,2.6,3.4,3,2,1
1,842,919,3303,117419,Albury Church of England Voluntary Aided Primary School,Church End,,,Albury,SG11 2JQ,01279771253,E14000845,North East Hertfordshire,0,,,VA,0,Church of England,2-11,0,0,61,8,8,3,5,38%,63%,8.7,0,0%,2,40%,3,60%,3,38%,1,13%,7,88%,3,38%,4,50%,75%,13%,SUPP,SUPP,SUPP,SUPP,SUPP,SUPP,SUPP,SUPP,SUPP,SUPP,SUPP,SUPP,88%,63%,0%,112,88%,38%,0%,110,88%,38%,0%,110,75%,13%,13%,0%,88%,0%,SUPP,SUPP,,SUPP,SUPP,SUPP,SUPP,SUPP,SUPP,SUPP,SUPP,SUPP,,SUPP,SUPP,SUPP,SUPP,SUPP,SUPP,SUPP,NA,NA,NA,SUPP,SUPP,SUPP,NA,NA,NA,SUPP,SUPP,SUPP,SUPP,SUPP,SUPP,SUPP,SUPP,SUPP,SUPP,SUPP,SUPP,SUPP,SUPP,SUPP,SUPP,SUPP,SUPP,SUPP,NA,NA,NA,SUPP,SUPP,SUPP,NA,NA,NA,SUPP,SUPP,SUPP,SUPP,SUPP,SUPP,SUPP,SUPP,SUPP,SUPP,SUPP,SUPP,SUPP,SUPP,SUPP,SUPP,SUPP,SUPP,SUPP,NA,NA,NA,SUPP,SUPP,SUPP,NA,NA,NA,SUPP,SUPP,SUPP,SUPP,SUPP,SUPP,SUPP,SUPP,SUPP,SUPP,SUPP,SUPP,SUPP,SUPP,SUPP,SUPP,SUPP,SUPP,SUPP,SUPP,SUPP,,SUPP,SUPP,SUPP,SUPP,SUPP,SUPP,SUPP,SUPP,,SUPP,SUPP,SUPP,SUPP,SUPP,SUPP,SUPP,SUPP,,SUPP,SUPP,SUPP,SUPP,SUPP,SUPP,,SUPP,SUPP,SUPP,SUPP,,SUPP,SUPP,SUPP,SUPP,,SUPP,SUPP,SUPP,SUPP,,SUPP,SUPP,SUPP,SUPP,,SUPP,SUPP,SUPP,SUPP,,SUPP,SUPP,SUPP,SUPP,,SUPP,SUPP,SUPP,SUPP,,SUPP,SUPP,SUPP,SUPP,5,63%,0,0%,0,0%,1,13%,1,13%,,,,,,,,,,,,,,,,,,,,,6,17%,83%,83%,0%,SUPP,SUPP,SUPP,SUPP,SUPP,SUPP,SUPP,SUPP,SUPP,SUPP,SUPP,SUPP,SUPP,107,104,SUPP,SUPP,SUPP,SUPP,SUPP,SUPP
1,2426,919,3306,117420,Ardeley St Lawrence Church of England Voluntary Aided Primary School,School Lane,Ardeley,,Stevenage,SG2 7AJ,01438861284,E14000845,North East Hertfordshire,0,,,VA,0,Church of England,3-11,0,0,74,7,6,2,4,33%,67%,7.8,0,0%,6,100%,0,0%,0,0%,1,17%,5,83%,0,0%,5,83%,0%,0%,SUPP,SUPP,SUPP,SUPP,SUPP,SUPP,SUPP,SUPP,SUPP,SUPP,SUPP,SUPP,50%,0%,17%,100,50%,0%,17%,100,0%,0%,17%,93,17%,0%,67%,17%,0%,17%,SUPP,SUPP,,0%,,SUPP,SUPP,SUPP,,SUPP,SUPP,SUPP,,0%,,SUPP,SUPP,SUPP,,SUPP,SUPP,SUPP,SUPP,SUPP,SUPP,SUPP,NA,NA,NA,SUPP,SUPP,SUPP,NA,NA,NA,SUPP,SUPP,SUPP,SUPP,SUPP,SUPP,SUPP,NA,NA,NA,SUPP,SUPP,SUPP,SUPP,SUPP,SUPP,SUPP,SUPP,SUPP,NA,NA,NA,SUPP,SUPP,SUPP,NA,NA,NA,SUPP,SUPP,SUPP,SUPP,SUPP,SUPP,SUPP,NA,NA,NA,SUPP,SUPP,SUPP,SUPP,SUPP,SUPP,SUPP,SUPP,SUPP,NA,NA,NA,SUPP,SUPP,SUPP,NA,NA,NA,SUPP,SUPP,SUPP,SUPP,SUPP,SUPP,SUPP,NA,NA,NA,SUPP,SUPP,SUPP,SUPP,SUPP,,100,,SUPP,SUPP,,SUPP,SUPP,SUPP,,93,,SUPP,SUPP,,SUPP,SUPP,SUPP,,100,,SUPP,SUPP,,SUPP,,50%,,SUPP,SUPP,,50%,,SUPP,SUPP,,0%,,SUPP,SUPP,,17%,,SUPP,SUPP,,0%,,SUPP,SUPP,,0%,,SUPP,SUPP,,0%,,SUPP,SUPP,,0%,,SUPP,SUPP,6,100%,0,0%,1,17%,3,50%,4,67%,,,,,,,,,,,,,,,,,,,,,5,SUPP,SUPP,SUPP,SUPP,SUPP,SUPP,SUPP,SUPP,SUPP,SUPP,SUPP,SUPP,SUPP,SUPP,SUPP,SUPP,SUPP,SUPP,SUPP,SUPP,SUPP,SUPP,SUPP,SUPP,SUPP
1,3186,919,3307,117421,Aston St Mary's Church of England Aided Primary School,School Lane,Aston,,Stevenage,SG2 7HA,01438880212,E14000968,Stevenage,0,,,VA,0,Church of England,4-11,0,0,127,17,16,12,4,75%,25%,7.2,6,38%,5,31%,5,31%,0,0%,2,13%,14,88%,3,19%,16,100%,69%,13%,3.3,0.2,6.3,100%,3.5,0.6,6.5,100%,2.3,-0.6,5.2,100%,75%,31%,0%,106,81%,38%,0%,106,75%,19%,0%,104,75%,19%,25%,0%,81%,0%,75%,SUPP,17%,SUPP,SUPP,SUPP,SUPP,SUPP,SUPP,69%,17%,SUPP,0%,SUPP,SUPP,SUPP,SUPP,SUPP,SUPP,13%,2.9,-0.7,6.4,SUPP,SUPP,SUPP,3.9,-1.2,8.9,SUPP,SUPP,SUPP,SUPP,SUPP,SUPP,SUPP,SUPP,SUPP,SUPP,SUPP,SUPP,SUPP,SUPP,SUPP,SUPP,3.3,0.2,6.3,4.1,0.7,7.5,SUPP,SUPP,SUPP,5.1,0.3,10.0,SUPP,SUPP,SUPP,SUPP,SUPP,SUPP,SUPP,SUPP,SUPP,SUPP,SUPP,SUPP,SUPP,SUPP,SUPP,SUPP,3.5,0.6,6.5,3.9,0.6,7.3,SUPP,SUPP,SUPP,2.4,-2.4,7.1,SUPP,SUPP,SUPP,SUPP,SUPP,SUPP,SUPP,SUPP,SUPP,SUPP,SUPP,SUPP,SUPP,SUPP,SUPP,SUPP,2.3,-0.6,5.2,106,SUPP,98,SUPP,SUPP,SUPP,SUPP,SUPP,106,106,SUPP,95,SUPP,SUPP,SUPP,SUPP,SUPP,104,107,SUPP,98,SUPP,SUPP,SUPP,SUPP,SUPP,106,33%,SUPP,SUPP,SUPP,SUPP,50%,SUPP,SUPP,SUPP,SUPP,33%,SUPP,SUPP,SUPP,SUPP,33%,SUPP,SUPP,SUPP,SUPP,0%,SUPP,SUPP,SUPP,SUPP,0%,SUPP,SUPP,SUPP,SUPP,0%,SUPP,SUPP,SUPP,SUPP,0%,SUPP,SUPP,SUPP,SUPP,13,81%,0,0%,1,6%,3,19%,4,25%,,,,,,,,,,,,,,,,,,,,,14,7%,93%,100%,7%,SUPP,SUPP,SUPP,SUPP,1.6,-1.7,4.8,3.1,0.1,6.1,1.5,-1.3,4.4,107,107,3.3,3.5,2.3,1,1,3
1,53730,919,3315,117424,"St Mary's CofE Primary School, Northchurch",Northchurch,,,Berkhamsted,HP4 3QZ,01442389040,E14000951,South West Hertfordshire,0,,,VA,0,Church of England,3-11,0,0,206,27,27,12,15,44%,56%,8.5,0,0%,15,58%,11,42%,1,4%,1,4%,26,96%,0,0%,25,93%,70%,11%,1.9,-0.5,4.4,96%,-0.1,-2.4,2.2,96%,-2.8,-5.0,-0.5,96%,96%,48%,0%,109,96%,30%,0%,107,74%,19%,0%,104,85%,19%,15%,0%,100%,0%,83%,60%,,60%,82%,SUPP,SUPP,SUPP,,68%,17%,7%,,0%,27%,SUPP,SUPP,SUPP,,8%,2.1,-1.5,5.6,1.8,-1.4,5.1,NA,NA,NA,1.3,-1.9,4.5,2.9,-0.8,6.6,SUPP,SUPP,SUPP,SUPP,SUPP,SUPP,SUPP,NA,NA,NA,2.0,-0.5,4.5,-0.1,-3.5,3.4,-0.1,-3.3,3.1,NA,NA,NA,-0.5,-3.6,2.5,0.6,-3.0,4.1,SUPP,SUPP,SUPP,SUPP,SUPP,SUPP,SUPP,NA,NA,NA,-0.3,-2.7,2.1,-0.8,-4.1,2.6,-4.5,-7.6,-1.4,NA,NA,NA,-3.4,-6.4,-0.4,-1.9,-5.4,1.6,SUPP,SUPP,SUPP,SUPP,SUPP,SUPP,SUPP,NA,NA,NA,-3.0,-5.4,-0.6,110,109,,106,114,SUPP,SUPP,,109,106,102,,101,107,SUPP,SUPP,,103,107,107,,104,111,SUPP,SUPP,,107,,93%,100%,SUPP,SUPP,,93%,100%,SUPP,SUPP,,60%,91%,SUPP,SUPP,,80%,91%,SUPP,SUPP,,27%,73%,SUPP,SUPP,,7%,55%,SUPP,SUPP,,7%,27%,SUPP,SUPP,,0%,45%,SUPP,SUPP,27,100%,0,0%,0,0%,3,11%,3,11%,,,,,,,,,,,,,,,,,,,,,29,14%,86%,66%,21%,SUPP,SUPP,SUPP,SUPP,-2.0,-4.4,0.3,-1.3,-3.4,0.8,-0.9,-3.0,1.1,105,106,1.9,-0.1,-2.9,3,3,4
1,52150,919,3318,148491,St Joseph's Catholic Primary School B/S,Great Hadham Road,,,Bishop's Stortford,CM23 2NL,01279652576,E14000744,Hertford and Stortford,0,,,ACC,0,Roman Catholic,3-11,0,0,428,52,50,27,23,54%,46%,8.0,8,17%,21,44%,19,40%,2,4%,1,2%,49,98%,9,18%,46,92%,82%,24%,2.2,0.4,4.0,96%,2.2,0.4,3.9,96%,5.1,3.4,6.7,96%,86%,52%,0%,109,94%,60%,0%,111,94%,60%,0%,110,86%,26%,10%,0%,96%,0%,81%,83%,38%,86%,100%,SUPP,SUPP,SUPP,78%,83%,26%,22%,0%,0%,58%,SUPP,SUPP,SUPP,22%,26%,3.0,0.6,5.4,1.2,-1.4,3.9,2.7,-1.7,7.1,0.9,-1.8,3.6,3.3,0.5,6.2,SUPP,SUPP,SUPP,SUPP,SUPP,SUPP,SUPP,4.3,-0.4,9.0,2.1,0.3,4.0,2.7,0.4,5.0,1.5,-1.0,4.0,3.6,-0.6,7.7,1.2,-1.4,3.8,2.6,-0.1,5.4,SUPP,SUPP,SUPP,SUPP,SUPP,SUPP,SUPP,2.0,-2.5,6.5,2.2,0.5,4.0,6.5,4.2,8.7,3.4,0.9,5.9,6.8,2.7,10.9,4.7,2.1,7.2,4.8,2.1,7.4,SUPP,SUPP,SUPP,SUPP,SUPP,SUPP,SUPP,5.3,0.9,9.7,5.3,3.5,7.0,110,108,100,106,115,SUPP,SUPP,109,109,112,109,101,109,115,SUPP,SUPP,111,111,111,112,101,110,117,SUPP,SUPP,111,112,38%,90%,100%,SUPP,SUPP,63%,100%,100%,SUPP,SUPP,63%,100%,100%,SUPP,SUPP,38%,95%,100%,SUPP,SUPP,0%,33%,95%,SUPP,SUPP,0%,52%,95%,SUPP,SUPP,0%,43%,100%,SUPP,SUPP,0%,0%,63%,SUPP,SUPP,41,82%,0,0%,2,4%,3,6%,5,10%,,,,,,,,,,,,,,,,,,,,,45,4%,96%,84%,22%,SUPP,SUPP,SUPP,SUPP,4.8,3.0,6.6,1.9,0.2,3.5,1.3,-0.3,2.9,111,108,2.2,2.2,5.1,2,2,1
1,54148,919,3319,117426,St Michael's Church of England Primary School,St Michael's CE Primary School,Apton Road,,Bishop's Stortford,CM23 3SN,01279652607,E14000744,Hertford and Stortford,0,,,VA,0,Church of England,3-11,0,0,216,30,29,15,14,52%,48%,8.1,3,12%,15,58%,8,31%,3,10%,1,3%,28,97%,6,21%,28,97%,55%,0%,1.4,-1.0,3.8,90%,-0.9,-3.2,1.5,90%,-0.6,-2.9,1.7,90%,83%,31%,0%,106,97%,55%,0%,109,72%,14%,0%,104,69%,7%,31%,0%,86%,0%,47%,64%,SUPP,60%,88%,SUPP,SUPP,SUPP,50%,57%,0%,0%,SUPP,0%,0%,SUPP,SUPP,SUPP,0%,0%,0.8,-2.5,4.1,2.0,-1.5,5.6,SUPP,SUPP,SUPP,2.7,-0.5,5.9,-0.9,-5.3,3.5,SUPP,SUPP,SUPP,SUPP,SUPP,SUPP,SUPP,SUPP,SUPP,SUPP,1.4,-1.0,3.8,-1.5,-4.6,1.7,-0.1,-3.6,3.3,SUPP,SUPP,SUPP,-0.7,-3.8,2.3,-2.1,-6.3,2.1,SUPP,SUPP,SUPP,SUPP,SUPP,SUPP,SUPP,SUPP,SUPP,SUPP,-0.9,-3.2,1.5,1.2,-1.9,4.3,-2.7,-6.1,0.6,SUPP,SUPP,SUPP,0.8,-2.2,3.8,-3.6,-7.7,0.5,SUPP,SUPP,SUPP,SUPP,SUPP,SUPP,SUPP,SUPP,SUPP,SUPP,-0.6,-2.9,1.7,104,109,SUPP,108,110,SUPP,SUPP,106,107,104,104,SUPP,105,106,SUPP,SUPP,105,104,107,110,SUPP,109,112,SUPP,SUPP,108,109,SUPP,93%,100%,SUPP,SUPP,SUPP,93%,100%,SUPP,SUPP,SUPP,80%,88%,SUPP,SUPP,SUPP,73%,100%,SUPP,SUPP,SUPP,33%,50%,SUPP,SUPP,SUPP,60%,75%,SUPP,SUPP,SUPP,13%,25%,SUPP,SUPP,SUPP,7%,13%,SUPP,SUPP,23,79%,0,0%,2,7%,4,14%,6,21%,,,,,,,,,,,,,,,,,,,,,28,11%,89%,86%,18%,SUPP,SUPP,SUPP,SUPP,-0.2,-2.5,2.1,-2.1,-4.2,0.1,0.8,-1.2,2.9,108,109,1.4,-0.9,-0.6,3,3,3
1,27712,919,3326,117428,Holy Trinity Church of England Primary School,Longlands Close,Crossbrook Street,Holy Trinity School,Waltham Cross,EN8 8LU,01992622180,E14000606,Broxbourne,0,,,VA,0,Church of England,4-11,0,0,193,25,27,11,16,41%,59%,8.0,2,10%,13,62%,6,29%,6,22%,6,22%,21,78%,8,30%,23,85%,56%,19%,0.0,-2.7,2.7,78%,-1.3,-3.9,1.2,78%,1.7,-0.8,4.3,78%,81%,26%,4%,106,85%,30%,4%,107,81%,30%,4%,107,56%,22%,44%,0%,96%,0%,45%,63%,SUPP,62%,83%,33%,62%,-33,75%,57%,27%,13%,SUPP,0%,50%,17%,19%,7,25%,22%,-0.4,-4.8,4.0,0.2,-3.2,3.7,SUPP,SUPP,SUPP,-0.6,-4.0,2.9,-0.9,-5.9,4.1,SUPP,SUPP,SUPP,SUPP,SUPP,SUPP,SUPP,-2.7,-7.7,2.3,-0.3,-3.2,2.6,-1.1,-5.3,3.1,-1.5,-4.8,1.8,SUPP,SUPP,SUPP,-2.2,-5.4,1.1,-0.8,-5.6,4.0,SUPP,SUPP,SUPP,SUPP,SUPP,SUPP,SUPP,-3.1,-8.0,1.7,-0.9,-3.7,1.9,2.4,-1.7,6.5,1.3,-1.9,4.5,SUPP,SUPP,SUPP,0.0,-3.2,3.2,2.7,-2.1,7.4,SUPP,SUPP,SUPP,SUPP,SUPP,SUPP,SUPP,3.6,-1.1,8.3,1.9,-0.8,4.7,106,106,SUPP,104,111,106,106,106,106,107,106,SUPP,104,113,106,107,111,107,108,107,SUPP,106,112,107,107,108,107,SUPP,85%,83%,100%,76%,SUPP,92%,100%,83%,86%,SUPP,77%,100%,100%,76%,SUPP,62%,83%,33%,62%,SUPP,15%,50%,33%,24%,SUPP,23%,50%,17%,33%,SUPP,15%,67%,17%,33%,SUPP,8%,50%,17%,24%,18,67%,1,4%,0,0%,2,7%,2,7%,,,,,,,,,,,,,,,,,,,,,31,29%,71%,68%,16%,67%,11%,68%,18%,-1.5,-3.9,0.8,-0.7,-2.8,1.4,-0.4,-2.5,1.6,104,106,0.0,-1.3,1.7,3,3,3
1,52148,919,3327,148492,St Joseph's Catholic Primary School (Wx),Royal Avenue,,,Waltham Cross,EN8 7EN,01992629503,E14000606,Broxbourne,0,,,ACC,0,Roman Catholic,3-11,0,0,205,27,27,11,16,41%,59%,7.5,5,19%,18,67%,4,15%,0,0%,3,11%,24,89%,7,26%,26,96%,70%,4%,3.5,1.2,5.9,100%,3.3,1.0,5.6,100%,1.6,-0.6,3.8,100%,81%,37%,0%,108,89%,41%,0%,108,81%,26%,0%,105,85%,15%,15%,0%,100%,0%,82%,63%,SUPP,89%,SUPP,SUPP,SUPP,SUPP,71%,69%,0%,6%,SUPP,0%,SUPP,SUPP,SUPP,SUPP,0%,4%,1.0,-2.8,4.7,5.3,2.2,8.4,SUPP,SUPP,SUPP,4.5,1.6,7.4,SUPP,SUPP,SUPP,SUPP,SUPP,SUPP,SUPP,SUPP,SUPP,SUPP,1.2,-3.4,5.9,3.8,1.4,6.2,2.9,-0.7,6.5,3.5,0.6,6.5,SUPP,SUPP,SUPP,3.3,0.5,6.1,SUPP,SUPP,SUPP,SUPP,SUPP,SUPP,SUPP,SUPP,SUPP,SUPP,2.3,-2.2,6.8,3.4,1.1,5.7,0.0,-3.5,3.5,2.7,-0.2,5.6,SUPP,SUPP,SUPP,2.1,-0.6,4.9,SUPP,SUPP,SUPP,SUPP,SUPP,SUPP,SUPP,SUPP,SUPP,SUPP,0.5,-3.9,4.9,1.7,-0.5,4.0,107,108,SUPP,109,SUPP,SUPP,SUPP,105,108,106,105,SUPP,106,SUPP,SUPP,SUPP,104,105,108,108,SUPP,108,SUPP,SUPP,SUPP,109,108,SUPP,89%,SUPP,SUPP,SUPP,SUPP,94%,SUPP,SUPP,SUPP,SUPP,100%,SUPP,SUPP,SUPP,SUPP,94%,SUPP,SUPP,SUPP,SUPP,39%,SUPP,SUPP,SUPP,SUPP,44%,SUPP,SUPP,SUPP,SUPP,22%,SUPP,SUPP,SUPP,SUPP,17%,SUPP,SUPP,SUPP,20,74%,0,0%,1,4%,3,11%,4,15%,,,,,,,,,,,,,,,,,,,,,30,13%,87%,50%,7%,SUPP,SUPP,SUPP,SUPP,-1.3,-3.5,1.0,-2.2,-4.3,-0.2,-2.1,-4.1,-0.2,101,102,3.5,3.3,1.6,1,1,3
1,1282,919,3329,117430,"All Saints Church of England Voluntary Aided Primary School, Datchworth",Hollybush Lane,Datchworth,,Knebworth,SG3 6RE,01438812381,E14000968,Stevenage,0,,,VA,0,Church of England,4-11,0,0,144,28,29,20,9,69%,31%,7.9,7,25%,8,29%,13,46%,1,3%,4,14%,25,86%,1,3%,26,90%,86%,21%,3.9,1.6,6.2,97%,2.2,-0.1,4.4,97%,4.6,2.5,6.8,97%,93%,48%,0%,110,90%,52%,0%,111,93%,55%,0%,110,86%,21%,10%,0%,90%,0%,90%,78%,43%,100%,100%,SUPP,SUPP,SUPP,SUPP,85%,15%,33%,0%,0%,46%,SUPP,SUPP,SUPP,SUPP,19%,3.1,0.2,5.9,5.7,1.6,9.8,3.9,-0.7,8.6,3.3,-1.1,7.6,4.3,0.8,7.7,SUPP,SUPP,SUPP,SUPP,SUPP,SUPP,SUPP,SUPP,SUPP,SUPP,3.8,1.4,6.2,1.0,-1.7,3.7,4.7,0.7,8.6,2.4,-2.1,6.9,3.3,-0.9,7.5,1.3,-2.0,4.6,SUPP,SUPP,SUPP,SUPP,SUPP,SUPP,SUPP,SUPP,SUPP,SUPP,2.1,-0.2,4.4,3.9,1.3,6.6,6.1,2.3,10.0,5.2,0.8,9.6,4.2,0.1,8.3,4.6,1.4,7.8,SUPP,SUPP,SUPP,SUPP,SUPP,SUPP,SUPP,SUPP,SUPP,SUPP,4.5,2.2,6.7,111,109,104,107,116,SUPP,SUPP,SUPP,110,111,108,103,107,115,SUPP,SUPP,SUPP,109,112,110,102,110,116,SUPP,SUPP,SUPP,111,71%,100%,100%,SUPP,SUPP,57%,100%,100%,SUPP,SUPP,71%,100%,100%,SUPP,SUPP,43%,100%,100%,SUPP,SUPP,29%,0%,92%,SUPP,SUPP,0%,50%,85%,SUPP,SUPP,14%,25%,100%,SUPP,SUPP,0%,0%,46%,SUPP,SUPP,27,93%,1,3%,1,3%,3,10%,4,14%,,,,,,,,,,,,,,,,,,,,,24,8%,92%,75%,8%,SUPP,SUPP,SUPP,SUPP,1.0,-1.5,3.5,-0.4,-2.8,1.9,-1.3,-3.5,0.9,107,105,3.9,2.2,4.6,1,3,1
1,54402,919,3333,117431,St Nicholas Elstree Church of England VA Primary School,St Nicholas Close,,,Elstree,WD6 3EW,02089533015,E14000745,Hertsmere,0,,,VA,0,Church of England,3-11,0,0,92,11,12,6,6,50%,50%,6.4,9,75%,0,0%,3,25%,0,0%,2,17%,10,83%,7,58%,10,83%,25%,17%,3.1,-0.5,6.6,100%,1.9,-1.6,5.3,100%,-1.3,-4.6,2.1,100%,67%,17%,0%,104,50%,17%,0%,101,33%,17%,0%,97,42%,17%,50%,0%,83%,0%,33%,17%,11%,,SUPP,SUPP,SUPP,SUPP,29%,30%,33%,0%,0%,,SUPP,SUPP,SUPP,SUPP,29%,20%,-0.1,-5.2,4.9,6.3,1.2,11.3,4.9,0.7,9.0,NA,NA,NA,SUPP,SUPP,SUPP,SUPP,SUPP,SUPP,SUPP,SUPP,SUPP,SUPP,6.0,1.4,10.7,1.9,-2.0,5.8,0.7,-4.1,5.5,3.0,-1.8,7.9,1.5,-2.5,5.4,NA,NA,NA,SUPP,SUPP,SUPP,SUPP,SUPP,SUPP,SUPP,SUPP,SUPP,SUPP,4.9,0.4,9.4,1.6,-2.1,5.4,-3.5,-8.2,1.2,0.9,-3.8,5.7,-0.2,-4.0,3.7,NA,NA,NA,SUPP,SUPP,SUPP,SUPP,SUPP,SUPP,SUPP,SUPP,SUPP,SUPP,1.0,-3.4,5.3,-1.0,-4.7,2.6,107,103,103,,SUPP,SUPP,SUPP,104,105,97,96,93,,SUPP,SUPP,SUPP,99,98,105,99,98,,SUPP,SUPP,SUPP,103,103,56%,,SUPP,SUPP,SUPP,33%,,SUPP,SUPP,SUPP,22%,,SUPP,SUPP,SUPP,22%,,SUPP,SUPP,SUPP,0%,,SUPP,SUPP,SUPP,0%,,SUPP,SUPP,SUPP,0%,,SUPP,SUPP,SUPP,0%,,SUPP,SUPP,SUPP,5,42%,0,0%,0,0%,1,8%,1,8%,,,,,,,,,,,,,,,,,,,,,26,12%,88%,42%,12%,SUPP,SUPP,SUPP,SUPP,-1.5,-4.2,1.2,-1.2,-3.7,1.3,-0.3,-2.6,2.1,101,103,3.1,1.9,-1.4,3,3,3
1,51554,919,3334,117432,St John the Baptist Voluntary Aided Church of England Primary School,Hillside Lane,Great Amwell,,Ware,SG12 9SE,01920870135,E14000744,Hertford and Stortford,0,,,VA,0,Church of England,4-11,0,0,176,30,29,15,14,52%,48%,7.9,4,15%,17,63%,6,22%,2,7%,8,28%,21,72%,2,7%,27,93%,41%,0%,-3.9,-6.3,-1.5,90%,-4.1,-6.3,-1.8,93%,-5.5,-7.7,-3.2,90%,59%,14%,3%,102,55%,14%,3%,102,55%,10%,3%,100,59%,0%,38%,0%,79%,3%,53%,29%,SUPP,29%,83%,13%,52%,-53,SUPP,44%,0%,0%,SUPP,0%,0%,0%,0%,-10,SUPP,0%,-2.3,-5.7,1.1,-5.6,-9.0,-2.1,SUPP,SUPP,SUPP,-3.3,-6.4,-0.3,-2.9,-7.9,2.1,-5.1,-9.4,-0.7,-3.4,-6.3,-0.5,-5.5,SUPP,SUPP,SUPP,-3.7,-6.2,-1.2,-5.1,-8.3,-2.0,-2.9,-6.2,0.4,SUPP,SUPP,SUPP,-4.4,-7.3,-1.6,-3.2,-8.1,1.6,-5.0,-9.2,-0.9,-3.7,-6.4,-0.9,-5.4,SUPP,SUPP,SUPP,-4.0,-6.4,-1.6,-3.4,-6.6,-0.2,-7.5,-10.7,-4.3,SUPP,SUPP,SUPP,-4.8,-7.7,-1.9,-4.4,-9.1,0.4,-8.8,-12.9,-4.7,-4.0,-6.7,-1.2,-9.3,SUPP,SUPP,SUPP,-5.7,-8.1,-3.4,105,100,SUPP,102,108,100,103,SUPP,103,103,97,SUPP,100,105,95,102,SUPP,100,104,100,SUPP,101,107,98,104,SUPP,102,SUPP,53%,100%,50%,62%,SUPP,47%,100%,25%,67%,SUPP,53%,83%,38%,62%,SUPP,53%,100%,38%,67%,SUPP,12%,33%,0%,19%,SUPP,12%,17%,0%,19%,SUPP,0%,33%,0%,14%,SUPP,0%,0%,0%,0%,27,93%,0,0%,0,0%,4,14%,4,14%,,,,,,,,,,,,,,,,,,,,,29,14%,86%,59%,10%,SUPP,SUPP,SUPP,SUPP,-1.1,-3.3,1.2,1.2,-0.9,3.3,-2.6,-4.6,-0.7,104,103,-4.2,-4.1,-5.5,5,5,5
1,22800,919,3335,117433,Great Gaddesden Church of England Primary School,Church Meadow,Great Gaddesden,Great Gaddesden Primary School,Hemel Hempstead,HP1 3BT,01442255734,E14000739,Hemel Hempstead,0,,,VA,0,Church of England,3-11,0,0,87,12,12,5,7,42%,58%,8.7,0,0%,7,64%,4,36%,1,8%,1,8%,11,92%,1,8%,11,92%,92%,17%,6.0,2.3,9.7,92%,0.6,-3.0,4.2,92%,3.5,0.0,7.0,92%,100%,92%,0%,113,100%,50%,0%,109,92%,83%,0%,110,92%,17%,8%,0%,92%,0%,SUPP,86%,,100%,SUPP,SUPP,SUPP,SUPP,SUPP,91%,SUPP,14%,,14%,SUPP,SUPP,SUPP,SUPP,SUPP,18%,SUPP,SUPP,SUPP,5.8,0.8,10.9,NA,NA,NA,8.3,3.7,13.0,SUPP,SUPP,SUPP,SUPP,SUPP,SUPP,SUPP,SUPP,SUPP,SUPP,SUPP,SUPP,SUPP,5.7,1.8,9.6,SUPP,SUPP,SUPP,-0.2,-5.1,4.6,NA,NA,NA,2.4,-2.1,6.9,SUPP,SUPP,SUPP,SUPP,SUPP,SUPP,SUPP,SUPP,SUPP,SUPP,SUPP,SUPP,SUPP,0.9,-2.8,4.7,SUPP,SUPP,SUPP,3.0,-1.7,7.7,NA,NA,NA,5.2,0.9,9.6,SUPP,SUPP,SUPP,SUPP,SUPP,SUPP,SUPP,SUPP,SUPP,SUPP,SUPP,SUPP,SUPP,3.7,0.1,7.4,SUPP,113,,114,SUPP,SUPP,SUPP,SUPP,112,SUPP,109,,110,SUPP,SUPP,SUPP,SUPP,109,SUPP,111,,108,SUPP,SUPP,SUPP,SUPP,109,,100%,SUPP,SUPP,SUPP,,100%,SUPP,SUPP,SUPP,,100%,SUPP,SUPP,SUPP,,100%,SUPP,SUPP,SUPP,,100%,SUPP,SUPP,SUPP,,43%,SUPP,SUPP,SUPP,,86%,SUPP,SUPP,SUPP,,14%,SUPP,SUPP,SUPP,11,92%,0,0%,0,0%,0,0%,0,0%,,,,,,,,,,,,,,,,,,,,,8,38%,63%,63%,0%,SUPP,SUPP,SUPP,SUPP,-0.7,-5.0,3.5,-2.5,-6.5,1.4,-3.7,-7.5,0.0,105,103,6.0,0.6,3.5,1,3,3
1,54400,919,3336,117434,St Nicholas CofE VA Primary School,Church Green,,,Harpenden,AL5 2TP,01582623620,E14000749,Hitchin and Harpenden,0,,,VA,0,Church of England,4-11,0,0,147,23,24,13,11,54%,46%,8.2,3,15%,8,40%,9,45%,4,17%,1,4%,23,96%,4,17%,22,92%,79%,8%,2.8,0.0,5.5,83%,1.1,-1.5,3.8,83%,3.5,0.9,6.1,83%,83%,50%,0%,109,88%,54%,0%,108,96%,54%,0%,109,92%,13%,8%,0%,96%,0%,77%,82%,SUPP,88%,100%,SUPP,SUPP,SUPP,SUPP,82%,8%,9%,SUPP,0%,22%,SUPP,SUPP,SUPP,SUPP,9%,2.9,-0.6,6.5,2.6,-1.8,6.9,SUPP,SUPP,SUPP,3.7,-0.7,8.0,2.8,-1.4,6.9,SUPP,SUPP,SUPP,SUPP,SUPP,SUPP,SUPP,NA,NA,NA,2.8,0.0,5.5,0.4,-3.1,3.8,2.3,-1.9,6.4,SUPP,SUPP,SUPP,1.0,-3.2,5.2,0.0,-4.0,3.9,SUPP,SUPP,SUPP,SUPP,SUPP,SUPP,SUPP,NA,NA,NA,1.1,-1.5,3.8,4.6,1.3,8.0,1.7,-2.4,5.8,SUPP,SUPP,SUPP,4.8,0.7,8.9,1.8,-2.0,5.7,SUPP,SUPP,SUPP,SUPP,SUPP,SUPP,SUPP,NA,NA,NA,3.5,0.9,6.1,108,109,SUPP,108,114,SUPP,SUPP,SUPP,109,109,109,SUPP,109,112,SUPP,SUPP,SUPP,109,108,109,SUPP,106,114,SUPP,SUPP,SUPP,109,SUPP,88%,100%,SUPP,SUPP,SUPP,88%,100%,SUPP,SUPP,SUPP,100%,100%,SUPP,SUPP,SUPP,88%,100%,SUPP,SUPP,SUPP,50%,89%,SUPP,SUPP,SUPP,38%,89%,SUPP,SUPP,SUPP,50%,78%,SUPP,SUPP,SUPP,0%,33%,SUPP,SUPP,20,83%,0,0%,0,0%,2,8%,2,8%,,,,,,,,,,,,,,,,,,,,,22,0%,100%,91%,14%,,,SUPP,SUPP,3.3,0.8,5.9,0.5,-1.9,2.9,2.4,0.1,4.6,110,110,2.8,1.1,3.5,3,3,1
1,51932,919,3339,117435,"St John's Voluntary Aided Church of England Primary School, Lemsford",Lemsford Village,,St John's C of E Primary School,Welwyn Garden City,AL8 7TR,01707322589,E14001027,Welwyn Hatfield,0,,,VA,0,Church of England,4-11,0,0,101,17,15,4,11,27%,73%,8.0,2,13%,7,47%,6,40%,0,0%,0,0%,15,100%,0,0%,14,93%,67%,13%,2.1,-1.0,5.3,100%,1.5,-1.5,4.6,100%,-0.3,-3.3,2.7,100%,87%,53%,0%,108,67%,27%,0%,103,80%,27%,0%,106,80%,27%,20%,0%,87%,0%,SUPP,64%,SUPP,57%,83%,,SUPP,,,71%,SUPP,9%,SUPP,0%,33%,,SUPP,,,14%,SUPP,SUPP,SUPP,3.5,-0.2,7.2,SUPP,SUPP,SUPP,2.5,-2.2,7.1,0.7,-4.3,5.8,,,,SUPP,SUPP,SUPP,,NA,NA,NA,2.4,-0.9,5.7,SUPP,SUPP,SUPP,1.3,-2.3,4.9,SUPP,SUPP,SUPP,-0.5,-4.9,4.0,3.6,-1.3,8.4,,,,SUPP,SUPP,SUPP,,NA,NA,NA,1.8,-1.4,4.9,SUPP,SUPP,SUPP,0.5,-3.0,4.0,SUPP,SUPP,SUPP,1.5,-2.8,5.9,-0.8,-5.5,4.0,,,,SUPP,SUPP,SUPP,,NA,NA,NA,1.0,-2.1,4.1,SUPP,109,SUPP,106,112,,SUPP,,109,SUPP,105,SUPP,105,109,,SUPP,,106,SUPP,103,SUPP,100,107,,SUPP,,104,SUPP,86%,100%,,SUPP,SUPP,43%,100%,,SUPP,SUPP,86%,83%,,SUPP,SUPP,71%,100%,,SUPP,SUPP,29%,83%,,SUPP,SUPP,0%,50%,,SUPP,SUPP,14%,50%,,SUPP,SUPP,0%,67%,,SUPP,15,100%,0,0%,0,0%,5,33%,5,33%,,,,,,,,,,,,,,,,,,,,,14,14%,86%,71%,14%,SUPP,SUPP,SUPP,SUPP,0.3,-3.0,3.5,1.4,-1.5,4.4,-1.8,-4.6,1.0,106,104,2.1,1.5,-0.4,3,3,3
1,52146,919,3341,148493,St Joseph's Catholic Primary School (Hertford),"St Joseph's Catholic Primary School, North Road",,North Road,Hertford,SG14 2BU,01992583148,E14000744,Hertford and Stortford,0,,,ACC,0,Roman Catholic,3-11,0,0,218,26,26,14,12,54%,46%,8.0,4,15%,13,50%,9,35%,0,0%,2,8%,24,92%,1,4%,26,100%,65%,4%,0.3,-2.1,2.8,96%,-0.5,-2.8,1.8,100%,-1.2,-3.5,1.2,96%,81%,35%,4%,107,85%,38%,4%,107,77%,15%,4%,105,81%,8%,15%,0%,81%,0%,71%,58%,SUPP,69%,89%,SUPP,SUPP,SUPP,SUPP,65%,0%,8%,SUPP,0%,11%,SUPP,SUPP,SUPP,SUPP,4%,2.9,-0.6,6.3,-2.4,-5.9,1.2,SUPP,SUPP,SUPP,3.3,-0.1,6.7,-1.9,-6.0,2.2,SUPP,SUPP,SUPP,SUPP,SUPP,SUPP,SUPP,SUPP,SUPP,SUPP,0.3,-2.1,2.8,0.1,-3.1,3.3,-1.2,-4.6,2.3,SUPP,SUPP,SUPP,0.8,-2.5,4.1,-3.1,-7.1,0.8,SUPP,SUPP,SUPP,SUPP,SUPP,SUPP,SUPP,SUPP,SUPP,SUPP,-0.5,-2.8,1.8,1.7,-1.5,4.9,-4.3,-7.6,-0.9,SUPP,SUPP,SUPP,0.4,-2.9,3.6,-2.5,-6.4,1.4,SUPP,SUPP,SUPP,SUPP,SUPP,SUPP,SUPP,SUPP,SUPP,SUPP,-1.2,-3.5,1.2,108,107,SUPP,107,110,SUPP,SUPP,SUPP,107,106,104,SUPP,104,108,SUPP,SUPP,SUPP,105,108,107,SUPP,106,111,SUPP,SUPP,SUPP,107,SUPP,100%,89%,SUPP,SUPP,SUPP,100%,100%,SUPP,SUPP,SUPP,85%,89%,SUPP,SUPP,SUPP,85%,89%,SUPP,SUPP,SUPP,23%,67%,SUPP,SUPP,SUPP,31%,67%,SUPP,SUPP,SUPP,8%,33%,SUPP,SUPP,SUPP,0%,22%,SUPP,SUPP,25,96%,0,0%,1,4%,4,15%,5,19%,,,,,,,,,,,,,,,,,,,,,30,0%,100%,77%,27%,,,SUPP,SUPP,1.9,-0.3,4.1,1.6,-0.4,3.6,1.6,-0.3,3.5,108,108,0.3,-0.5,-1.2,3,3,3
1,8980,919,3344,117437,Broxbourne CofE Primary School,Mill Lane,,,Broxbourne,EN10 7AY,01992462419,E14000606,Broxbourne,0,,,VA,0,Church of England,3-11,0,0,244,30,30,12,18,40%,60%,7.7,7,23%,14,47%,9,30%,0,0%,2,7%,28,93%,1,3%,29,97%,77%,13%,2.9,0.6,5.1,100%,2.2,0.1,4.4,100%,3.7,1.5,5.8,100%,90%,43%,0%,107,80%,40%,0%,106,83%,43%,0%,107,83%,17%,17%,0%,90%,0%,83%,72%,43%,79%,100%,SUPP,SUPP,SUPP,SUPP,79%,8%,17%,0%,7%,33%,SUPP,SUPP,SUPP,SUPP,14%,1.4,-2.1,5.0,3.8,0.9,6.7,4.4,-0.3,9.0,2.8,-0.5,6.1,1.9,-2.2,6.0,SUPP,SUPP,SUPP,SUPP,SUPP,SUPP,SUPP,SUPP,SUPP,SUPP,3.0,0.7,5.3,2.3,-1.1,5.7,2.2,-0.6,5.0,6.6,2.2,11.1,2.0,-1.2,5.1,-0.8,-4.7,3.2,SUPP,SUPP,SUPP,SUPP,SUPP,SUPP,SUPP,SUPP,SUPP,SUPP,2.5,0.3,4.7,4.4,1.1,7.8,3.1,0.4,5.9,5.1,0.7,9.5,2.7,-0.4,5.8,4.1,0.2,8.0,SUPP,SUPP,SUPP,SUPP,SUPP,SUPP,SUPP,SUPP,SUPP,SUPP,3.9,1.7,6.0,106,108,100,107,114,SUPP,SUPP,SUPP,108,108,107,99,106,115,SUPP,SUPP,SUPP,108,107,105,97,105,114,SUPP,SUPP,SUPP,106,71%,93%,100%,SUPP,SUPP,29%,93%,100%,SUPP,SUPP,43%,93%,100%,SUPP,SUPP,57%,86%,100%,SUPP,SUPP,0%,36%,89%,SUPP,SUPP,0%,36%,78%,SUPP,SUPP,0%,29%,100%,SUPP,SUPP,0%,14%,33%,SUPP,SUPP,29,97%,0,0%,0,0%,3,10%,3,10%,,,,,,,,,,,,,,,,,,,,,30,10%,90%,83%,20%,SUPP,SUPP,SUPP,SUPP,-0.1,-2.3,2.1,1.2,-0.9,3.2,2.3,0.4,4.2,105,108,2.9,2.2,3.7,2,2,1
1,49416,919,3345,148494,St Augustine's Catholic Primary School,Riversmead,,,Hoddesdon,EN11 8DP,01992463549,E14000606,Broxbourne,0,,,ACC,0,Roman Catholic,3-11,0,0,235,30,30,17,13,57%,43%,8.1,6,20%,14,47%,10,33%,0,0%,1,3%,29,97%,7,23%,30,100%,90%,30%,3.3,1.0,5.5,100%,4.9,2.7,7.0,100%,4.3,2.2,6.4,100%,90%,53%,0%,109,90%,63%,0%,111,97%,43%,0%,109,93%,43%,7%,0%,90%,0%,88%,92%,50%,100%,100%,SUPP,SUPP,SUPP,86%,90%,29%,31%,0%,14%,70%,SUPP,SUPP,SUPP,29%,30%,3.0,0.0,6.0,3.6,0.2,7.0,4.2,-0.8,9.2,3.1,-0.2,6.4,2.9,-1.0,6.8,SUPP,SUPP,SUPP,SUPP,SUPP,SUPP,SUPP,4.2,-0.5,8.9,3.3,1.0,5.5,3.6,0.8,6.5,6.5,3.2,9.8,7.1,2.3,11.9,4.1,0.9,7.3,4.6,0.9,8.4,SUPP,SUPP,SUPP,SUPP,SUPP,SUPP,SUPP,4.4,-0.1,8.9,4.9,2.7,7.0,4.8,2.0,7.6,3.7,0.4,6.9,8.3,3.6,13.1,4.1,1.0,7.2,2.2,-1.4,5.9,SUPP,SUPP,SUPP,SUPP,SUPP,SUPP,SUPP,4.9,0.5,9.3,4.3,2.2,6.4,108,109,102,108,114,SUPP,SUPP,109,109,109,108,105,109,112,SUPP,SUPP,109,109,110,112,101,111,117,SUPP,SUPP,112,111,50%,100%,100%,SUPP,SUPP,50%,100%,100%,SUPP,SUPP,83%,100%,100%,SUPP,SUPP,67%,100%,100%,SUPP,SUPP,17%,50%,80%,SUPP,SUPP,17%,57%,100%,SUPP,SUPP,0%,36%,80%,SUPP,SUPP,17%,29%,80%,SUPP,SUPP,23,77%,0,0%,0,0%,5,17%,5,17%,,,,,,,,,,,,,,,,,,,,,29,7%,93%,86%,10%,SUPP,SUPP,SUPP,SUPP,-0.9,-3.2,1.3,-1.2,-3.3,0.9,-0.1,-2.1,1.8,106,107,3.3,4.9,4.3,1,1,1
1,51166,919,3348,117440,St Ippolyts Church of England Aided Primary School,Ashbrook Lane,,,Hitchin,SG4 7PB,01462432080,E14000749,Hitchin and Harpenden,0,,,VA,0,Church of England,5-11,0,0,171,21,20,9,11,45%,55%,8.2,2,11%,11,58%,6,32%,1,5%,5,25%,15,75%,1,5%,20,100%,85%,10%,1.2,-1.6,4.1,95%,1.6,-1.2,4.3,95%,2.2,-0.5,4.8,95%,85%,40%,0%,107,90%,30%,0%,107,90%,45%,0%,107,95%,20%,0%,0%,95%,0%,78%,91%,SUPP,91%,100%,SUPP,SUPP,SUPP,SUPP,85%,0%,18%,SUPP,0%,33%,SUPP,SUPP,SUPP,SUPP,10%,-0.4,-4.5,3.7,2.7,-1.2,6.6,SUPP,SUPP,SUPP,0.7,-3.0,4.4,2.0,-3.1,7.0,SUPP,SUPP,SUPP,SUPP,SUPP,SUPP,SUPP,SUPP,SUPP,SUPP,1.2,-1.6,4.1,-0.7,-4.6,3.3,3.6,-0.2,7.3,SUPP,SUPP,SUPP,1.3,-2.3,4.9,2.7,-2.1,7.6,SUPP,SUPP,SUPP,SUPP,SUPP,SUPP,SUPP,SUPP,SUPP,SUPP,1.6,-1.2,4.3,3.6,-0.3,7.5,0.9,-2.8,4.5,SUPP,SUPP,SUPP,1.8,-1.7,5.3,2.5,-2.2,7.2,SUPP,SUPP,SUPP,SUPP,SUPP,SUPP,SUPP,SUPP,SUPP,SUPP,2.2,-0.5,4.8,105,109,SUPP,106,114,SUPP,SUPP,SUPP,107,108,107,SUPP,106,113,SUPP,SUPP,SUPP,107,106,108,SUPP,106,112,SUPP,SUPP,SUPP,107,SUPP,91%,100%,SUPP,SUPP,SUPP,91%,100%,SUPP,SUPP,SUPP,91%,100%,SUPP,SUPP,SUPP,100%,100%,SUPP,SUPP,SUPP,27%,83%,SUPP,SUPP,SUPP,18%,67%,SUPP,SUPP,SUPP,36%,83%,SUPP,SUPP,SUPP,0%,67%,SUPP,SUPP,19,95%,0,0%,0,0%,1,5%,1,5%,,,,,,,,,,,,,,,,,,,,,26,8%,92%,73%,27%,SUPP,SUPP,SUPP,SUPP,0.3,-2.2,2.7,2.9,0.6,5.1,0.4,-1.7,2.5,105,106,1.2,1.6,2.2,3,3,3
1,54744,919,3349,117441,"St Paul's Church of England Voluntary Aided Primary School, Chipperfield",The Common,Chipperfield,,Kings Langley,WD4 9BS,01923262340,E14000951,South West Hertfordshire,0,,,VA,0,Church of England,3-11,0,0,194,24,22,13,9,59%,41%,7.6,4,20%,9,45%,7,35%,2,9%,1,5%,21,95%,3,14%,19,86%,45%,5%,1.5,-1.3,4.3,91%,-1.7,-4.3,1.0,91%,-0.8,-3.4,1.8,91%,77%,45%,0%,108,82%,23%,0%,106,68%,14%,0%,105,55%,14%,32%,0%,82%,0%,31%,67%,SUPP,44%,71%,SUPP,SUPP,SUPP,SUPP,42%,0%,11%,SUPP,0%,14%,SUPP,SUPP,SUPP,SUPP,5%,-0.2,-3.9,3.6,3.5,-0.6,7.6,SUPP,SUPP,SUPP,0.9,-3.2,5.0,3.6,-1.1,8.2,SUPP,SUPP,SUPP,SUPP,SUPP,SUPP,SUPP,SUPP,SUPP,SUPP,1.4,-1.6,4.4,-3.1,-6.7,0.4,0.1,-3.8,4.1,SUPP,SUPP,SUPP,-1.4,-5.3,2.6,-3.0,-7.5,1.5,SUPP,SUPP,SUPP,SUPP,SUPP,SUPP,SUPP,SUPP,SUPP,SUPP,-1.9,-4.7,1.0,-1.2,-4.6,2.3,-0.4,-4.2,3.5,SUPP,SUPP,SUPP,-1.6,-5.5,2.2,-0.5,-4.8,3.9,SUPP,SUPP,SUPP,SUPP,SUPP,SUPP,SUPP,SUPP,SUPP,SUPP,-0.4,-3.2,2.4,105,111,SUPP,106,114,SUPP,SUPP,SUPP,108,103,106,SUPP,103,108,SUPP,SUPP,SUPP,105,103,109,SUPP,104,111,SUPP,SUPP,SUPP,106,SUPP,89%,100%,SUPP,SUPP,SUPP,100%,100%,SUPP,SUPP,SUPP,67%,100%,SUPP,SUPP,SUPP,67%,71%,SUPP,SUPP,SUPP,33%,100%,SUPP,SUPP,SUPP,11%,57%,SUPP,SUPP,SUPP,11%,29%,SUPP,SUPP,SUPP,11%,29%,SUPP,SUPP,19,86%,0,0%,2,9%,1,5%,3,14%,,,,,,,,,,,,,,,,,,,,,29,3%,97%,72%,17%,SUPP,SUPP,SUPP,SUPP,-1.0,-3.3,1.3,-0.4,-2.4,1.7,-1.8,-3.8,0.2,106,105,1.5,-1.7,-0.8,3,3,3
1,40398,919,3350,117442,Norton St Nicholas CofE (VA) Primary School,Norton Road,,,Letchworth Garden City,SG6 1AG,01462623322,E14000845,North East Hertfordshire,0,,,VA,0,Church of England,3-11,0,0,228,29,28,14,14,50%,50%,7.7,5,19%,11,41%,11,41%,1,4%,6,21%,22,79%,2,7%,27,96%,64%,11%,3.3,0.9,5.7,96%,0.6,-1.7,2.8,96%,2.9,0.7,5.1,96%,82%,36%,0%,107,75%,32%,0%,105,82%,32%,0%,106,71%,11%,25%,0%,86%,0%,57%,71%,SUPP,55%,100%,33%,73%,-33,SUPP,63%,7%,14%,SUPP,0%,27%,0%,14%,-10,SUPP,11%,2.9,-0.4,6.2,3.7,0.3,7.1,SUPP,SUPP,SUPP,2.8,-0.9,6.5,-0.8,-4.5,2.9,SUPP,SUPP,SUPP,SUPP,SUPP,SUPP,SUPP,SUPP,SUPP,SUPP,3.3,0.9,5.7,0.8,-2.4,4.0,0.3,-3.0,3.6,SUPP,SUPP,SUPP,-2.5,-6.1,1.0,-1.3,-4.9,2.2,SUPP,SUPP,SUPP,SUPP,SUPP,SUPP,SUPP,SUPP,SUPP,SUPP,0.6,-1.7,2.8,3.7,0.6,6.8,2.0,-1.2,5.2,SUPP,SUPP,SUPP,0.8,-2.7,4.3,0.4,-3.1,3.9,SUPP,SUPP,SUPP,SUPP,SUPP,SUPP,SUPP,SUPP,SUPP,SUPP,2.9,0.7,5.1,105,109,SUPP,107,111,103,108,SUPP,107,104,107,SUPP,105,111,103,106,SUPP,105,104,106,SUPP,104,111,104,105,SUPP,105,SUPP,91%,100%,67%,86%,SUPP,73%,100%,67%,77%,SUPP,91%,100%,67%,86%,SUPP,64%,100%,50%,77%,SUPP,36%,55%,17%,41%,SUPP,18%,64%,17%,36%,SUPP,9%,64%,17%,36%,SUPP,0%,27%,0%,14%,26,93%,0,0%,0,0%,4,14%,4,14%,,,,,,,,,,,,,,,,,,,,,29,14%,86%,72%,17%,SUPP,SUPP,SUPP,SUPP,1.6,-0.7,3.8,-0.9,-3.0,1.2,-0.9,-2.9,1.0,108,106,3.3,0.6,2.9,1,3,2
1,33648,919,3352,117443,Little Gaddesden Church of England Voluntary Aided Primary School,Church Road,Little Gaddesden,,Berkhamsted,HP4 1NX,01442842464,E14000739,Hemel Hempstead,0,,,VA,0,Church of England,4-11,0,0,92,8,8,4,4,50%,50%,8.6,0,0%,5,63%,3,38%,0,0%,0,0%,8,100%,0,0%,8,100%,88%,38%,4.4,0.1,8.8,100%,1.2,-3.0,5.4,100%,1.5,-2.6,5.6,100%,100%,63%,0%,112,100%,38%,0%,109,100%,38%,0%,109,88%,38%,13%,0%,100%,0%,SUPP,SUPP,,SUPP,SUPP,,SUPP,,,88%,SUPP,SUPP,,SUPP,SUPP,,SUPP,,,38%,SUPP,SUPP,SUPP,SUPP,SUPP,SUPP,NA,NA,NA,SUPP,SUPP,SUPP,SUPP,SUPP,SUPP,,,,SUPP,SUPP,SUPP,,NA,NA,NA,4.4,0.1,8.8,SUPP,SUPP,SUPP,SUPP,SUPP,SUPP,NA,NA,NA,SUPP,SUPP,SUPP,SUPP,SUPP,SUPP,,,,SUPP,SUPP,SUPP,,NA,NA,NA,1.2,-3.0,5.4,SUPP,SUPP,SUPP,SUPP,SUPP,SUPP,NA,NA,NA,SUPP,SUPP,SUPP,SUPP,SUPP,SUPP,,,,SUPP,SUPP,SUPP,,NA,NA,NA,1.5,-2.6,5.6,SUPP,SUPP,,SUPP,SUPP,,SUPP,,112,SUPP,SUPP,,SUPP,SUPP,,SUPP,,109,SUPP,SUPP,,SUPP,SUPP,,SUPP,,109,,SUPP,SUPP,,SUPP,,SUPP,SUPP,,SUPP,,SUPP,SUPP,,SUPP,,SUPP,SUPP,,SUPP,,SUPP,SUPP,,SUPP,,SUPP,SUPP,,SUPP,,SUPP,SUPP,,SUPP,,SUPP,SUPP,,SUPP,8,100%,0,0%,0,0%,0,0%,0,0%,,,,,,,,,,,,,,,,,,,,,16,0%,100%,94%,31%,,,SUPP,SUPP,7.2,3.8,10.5,-1.2,-4.3,1.9,1.3,-1.6,4.2,114,109,4.4,1.2,1.5,1,3,3
1,48916,919,3353,117444,St Andrew's CE Primary School and Nursery,Tower Hill,,,Much Hadham,SG10 6DL,01279842626,E14000744,Hertford and Stortford,0,,,VA,0,Church of England,3-11,0,0,215,26,27,14,13,52%,48%,7.8,6,23%,11,42%,9,35%,1,4%,3,11%,24,89%,2,7%,27,100%,59%,7%,1.5,-1.0,3.9,93%,-0.8,-3.2,1.5,96%,-2.8,-5.2,-0.5,93%,85%,33%,4%,108,81%,22%,4%,105,63%,15%,4%,102,74%,15%,15%,0%,85%,0%,57%,62%,17%,64%,89%,SUPP,SUPP,SUPP,SUPP,59%,14%,0%,0%,0%,22%,SUPP,SUPP,SUPP,SUPP,7%,1.3,-2.1,4.7,1.6,-1.9,5.2,SUPP,SUPP,SUPP,2.7,-1.0,6.4,1.2,-2.9,5.3,SUPP,SUPP,SUPP,SUPP,SUPP,SUPP,SUPP,SUPP,SUPP,SUPP,1.5,-1.0,3.9,-2.5,-5.7,0.6,1.2,-2.3,4.6,-6.0,-10.8,-1.1,0.3,-3.2,3.9,1.2,-2.8,5.1,SUPP,SUPP,SUPP,SUPP,SUPP,SUPP,SUPP,SUPP,SUPP,SUPP,-0.8,-3.2,1.5,-2.1,-5.3,1.1,-3.6,-7.0,-0.3,SUPP,SUPP,SUPP,-2.3,-5.8,1.2,-1.8,-5.7,2.0,SUPP,SUPP,SUPP,SUPP,SUPP,SUPP,SUPP,SUPP,SUPP,SUPP,-2.8,-5.2,-0.5,109,106,100,107,112,SUPP,SUPP,SUPP,108,105,100,92,101,108,SUPP,SUPP,SUPP,102,105,105,97,104,110,SUPP,SUPP,SUPP,105,33%,100%,100%,SUPP,SUPP,33%,91%,100%,SUPP,SUPP,17%,73%,89%,SUPP,SUPP,17%,82%,100%,SUPP,SUPP,17%,18%,67%,SUPP,SUPP,0%,18%,44%,SUPP,SUPP,0%,0%,44%,SUPP,SUPP,0%,0%,44%,SUPP,SUPP,25,93%,0,0%,2,7%,3,11%,5,19%,,,,,,,,,,,,,,,,,,,,,32,13%,88%,78%,22%,SUPP,SUPP,SUPP,SUPP,1.1,-1.2,3.4,1.5,-0.7,3.6,0.8,-1.2,2.8,107,107,1.5,-0.8,-2.8,3,3,4
1,41230,919,3357,117445,Offley Endowed Primary School and Nursery,School Lane,Offley,,Hitchin,SG5 3AT,01462768392,E14000749,Hitchin and Harpenden,0,,,VA,0,Church of England,3-11,0,0,158,22,22,8,14,36%,64%,8.3,2,10%,12,60%,6,30%,2,9%,7,32%,15,68%,1,5%,21,95%,77%,0%,0.5,-2.3,3.3,91%,0.1,-2.5,2.8,91%,1.2,-1.4,3.8,91%,77%,45%,0%,107,95%,27%,0%,107,100%,23%,0%,107,95%,5%,5%,0%,100%,0%,75%,79%,SUPP,75%,83%,43%,93%,-23,SUPP,76%,0%,0%,SUPP,0%,0%,0%,0%,-10,SUPP,0%,2.5,-2.1,7.2,-0.6,-4.0,2.8,SUPP,SUPP,SUPP,-0.3,-3.8,3.3,0.2,-4.8,5.2,-2.8,-7.4,1.9,2.3,-1.1,5.7,-3.2,SUPP,SUPP,SUPP,0.2,-2.6,3.1,0.9,-3.6,5.3,-0.3,-3.6,3.0,SUPP,SUPP,SUPP,1.3,-2.1,4.7,-3.5,-8.4,1.3,0.1,-4.4,4.5,0.2,-3.1,3.4,-0.3,SUPP,SUPP,SUPP,0.1,-2.6,2.8,5.5,1.2,9.9,-1.2,-4.4,2.0,SUPP,SUPP,SUPP,1.1,-2.2,4.5,-1.4,-6.2,3.3,-0.9,-5.3,3.4,2.3,-0.9,5.5,-1.4,SUPP,SUPP,SUPP,0.9,-1.8,3.5,107,107,SUPP,105,112,105,108,SUPP,107,110,106,SUPP,106,110,106,108,SUPP,107,108,107,SUPP,106,112,108,107,SUPP,107,SUPP,75%,83%,43%,93%,SUPP,100%,100%,100%,93%,SUPP,100%,100%,100%,100%,SUPP,100%,100%,100%,93%,SUPP,33%,83%,43%,47%,SUPP,8%,67%,43%,20%,SUPP,8%,50%,29%,20%,SUPP,0%,17%,14%,0%,21,95%,0,0%,0,0%,3,14%,3,14%,,,,,,,,,,,,,,,,,,,,,17,24%,76%,82%,12%,SUPP,SUPP,SUPP,SUPP,-0.1,-3.2,2.9,1.5,-1.3,4.3,1.5,-1.1,4.2,105,107,0.3,0.1,1.2,3,3,3
1,13380,919,3358,117446,Cockernhoe Endowed CofE Primary School,Cockernhoe Green,,,Luton,LU2 8PY,01582732509,E14000749,Hitchin and Harpenden,0,,,VA,0,Church of England,3-11,0,0,91,15,15,8,7,53%,47%,8.0,2,13%,8,53%,5,33%,0,0%,4,27%,11,73%,3,20%,12,80%,60%,20%,0.5,-2.7,3.7,100%,0.5,-2.6,3.5,100%,-1.4,-4.4,1.5,100%,73%,40%,0%,106,67%,27%,0%,103,60%,20%,0%,103,73%,27%,20%,0%,87%,0%,75%,43%,SUPP,50%,SUPP,SUPP,SUPP,SUPP,SUPP,67%,25%,14%,SUPP,13%,SUPP,SUPP,SUPP,SUPP,SUPP,25%,2.0,-2.4,6.4,-1.2,-5.9,3.5,SUPP,SUPP,SUPP,1.7,-2.7,6.0,SUPP,SUPP,SUPP,SUPP,SUPP,SUPP,SUPP,SUPP,SUPP,SUPP,SUPP,SUPP,SUPP,0.7,-2.9,4.2,0.2,-4.0,4.4,0.7,-3.8,5.2,SUPP,SUPP,SUPP,-0.7,-4.9,3.5,SUPP,SUPP,SUPP,SUPP,SUPP,SUPP,SUPP,SUPP,SUPP,SUPP,SUPP,SUPP,SUPP,0.0,-3.4,3.4,0.4,-3.7,4.5,-3.5,-7.9,0.9,SUPP,SUPP,SUPP,-1.3,-5.4,2.8,SUPP,SUPP,SUPP,SUPP,SUPP,SUPP,SUPP,SUPP,SUPP,SUPP,SUPP,SUPP,SUPP,-1.0,-4.4,2.3,109,103,SUPP,106,SUPP,SUPP,SUPP,SUPP,107,106,100,SUPP,103,SUPP,SUPP,SUPP,SUPP,104,106,100,SUPP,102,SUPP,SUPP,SUPP,SUPP,103,SUPP,75%,SUPP,SUPP,SUPP,SUPP,63%,SUPP,SUPP,SUPP,SUPP,50%,SUPP,SUPP,SUPP,SUPP,75%,SUPP,SUPP,SUPP,SUPP,38%,SUPP,SUPP,SUPP,SUPP,13%,SUPP,SUPP,SUPP,SUPP,13%,SUPP,SUPP,SUPP,SUPP,13%,SUPP,SUPP,SUPP,12,80%,0,0%,0,0%,1,7%,1,7%,,,,,,,,,,,,,,,,,,,,,15,13%,87%,53%,0%,SUPP,SUPP,SUPP,SUPP,0.5,-2.6,3.6,-0.9,-3.8,2.0,-1.2,-3.9,1.6,106,105,0.5,0.4,-1.4,3,3,3
1,53572,919,3359,117447,"St Mary's Church of England Primary School, Rickmansworth",Stockers Farm Road,,St Mary's Church of England Primary School,Rickmansworth,WD3 1NY,01923776529,E14000951,South West Hertfordshire,0,,,VA,0,Church of England,4-11,0,0,195,30,30,17,13,57%,43%,7.7,4,15%,16,62%,6,23%,4,13%,0,0%,30,100%,8,27%,26,87%,67%,3%,4.2,1.8,6.7,87%,0.1,-2.3,2.4,87%,2.5,0.2,4.8,87%,93%,43%,0%,108,90%,40%,0%,107,87%,43%,0%,107,70%,10%,23%,0%,83%,0%,76%,54%,SUPP,81%,83%,,SUPP,,63%,73%,0%,8%,SUPP,0%,17%,,SUPP,,13%,4%,5.3,2.0,8.6,3.1,-0.5,6.6,SUPP,SUPP,SUPP,5.0,1.9,8.1,0.8,-4.3,5.8,,,,SUPP,SUPP,SUPP,,SUPP,SUPP,SUPP,4.5,1.9,7.0,-0.4,-3.6,2.8,0.6,-2.8,4.1,SUPP,SUPP,SUPP,2.2,-0.8,5.1,-2.5,-7.3,2.4,,,,SUPP,SUPP,SUPP,,SUPP,SUPP,SUPP,0.9,-1.5,3.4,3.9,0.8,7.0,0.8,-2.6,4.1,SUPP,SUPP,SUPP,3.3,0.4,6.2,2.0,-2.7,6.7,,,,SUPP,SUPP,SUPP,,SUPP,SUPP,SUPP,3.0,0.6,5.4,109,106,SUPP,109,112,,SUPP,107,109,108,104,SUPP,107,112,,SUPP,109,108,108,106,SUPP,107,114,,SUPP,109,108,SUPP,100%,100%,,SUPP,SUPP,100%,100%,,SUPP,SUPP,94%,100%,,SUPP,SUPP,88%,83%,,SUPP,SUPP,44%,67%,,SUPP,SUPP,38%,83%,,SUPP,SUPP,31%,83%,,SUPP,SUPP,6%,33%,,SUPP,22,73%,0,0%,0,0%,6,20%,6,20%,,,,,,,,,,,,,,,,,,,,,28,7%,93%,82%,14%,SUPP,SUPP,SUPP,SUPP,2.0,-0.3,4.3,0.6,-1.5,2.7,0.6,-1.4,2.6,108,107,4.2,0.1,2.5,1,3,2
1,55068,919,3360,117448,St Peter's Church of England Voluntary Aided Primary School,Church Lane,Mill End,,Rickmansworth,WD3 8HD,01923773240,E14000951,South West Hertfordshire,0,,,VA,0,Church of England,4-11,0,0,241,31,31,12,19,39%,61%,8.0,8,27%,9,30%,13,43%,1,3%,4,13%,27,87%,6,19%,30,97%,74%,23%,1.9,-0.3,4.2,97%,3.3,1.1,5.4,97%,2.5,0.4,4.6,97%,84%,52%,0%,108,77%,52%,0%,109,84%,42%,0%,107,84%,32%,16%,0%,87%,0%,67%,79%,25%,78%,100%,SUPP,SUPP,SUPP,100%,77%,17%,26%,0%,11%,46%,SUPP,SUPP,SUPP,50%,23%,0.9,-2.6,4.5,2.6,-0.3,5.5,0.4,-3.9,4.8,2.2,-1.9,6.3,2.7,-0.8,6.1,SUPP,SUPP,SUPP,SUPP,SUPP,SUPP,SUPP,SUPP,SUPP,SUPP,1.9,-0.4,4.2,3.1,-0.3,6.5,3.4,0.6,6.2,4.2,0.0,8.4,2.4,-1.5,6.4,3.3,0.0,6.6,SUPP,SUPP,SUPP,SUPP,SUPP,SUPP,SUPP,SUPP,SUPP,SUPP,3.5,1.3,5.7,4.4,1.0,7.7,1.2,-1.5,3.9,4.1,0.0,8.1,0.5,-3.4,4.4,2.9,-0.3,6.1,SUPP,SUPP,SUPP,SUPP,SUPP,SUPP,SUPP,SUPP,SUPP,SUPP,2.7,0.5,4.8,104,110,97,107,114,SUPP,SUPP,115,108,107,107,99,104,114,SUPP,SUPP,112,108,106,111,99,107,116,SUPP,SUPP,117,109,50%,89%,100%,SUPP,SUPP,25%,89%,100%,SUPP,SUPP,63%,78%,100%,SUPP,SUPP,50%,89%,100%,SUPP,SUPP,0%,44%,85%,SUPP,SUPP,0%,44%,85%,SUPP,SUPP,0%,22%,77%,SUPP,SUPP,0%,11%,69%,SUPP,SUPP,25,81%,0,0%,0,0%,6,19%,6,19%,,,,,,,,,,,,,,,,,,,,,30,10%,90%,93%,13%,SUPP,SUPP,SUPP,SUPP,0.8,-1.4,3.1,0.8,-1.3,2.8,-1.2,-3.2,0.8,108,107,1.9,3.3,2.5,3,1,2
1,36,919,3361,117449,"The Abbey Church of England Voluntary Aided Primary School, St Albans",Grove Road,,,St Albans,AL1 1DQ,01727851802,E14000960,St Albans,0,,,VA,0,Church of England,4-11,0,0,174,23,21,9,12,43%,57%,8.7,1,6%,6,38%,9,56%,5,24%,3,14%,18,86%,8,38%,17,81%,86%,33%,3.1,0.0,6.2,76%,5.1,2.1,8.0,76%,3.4,0.5,6.3,76%,100%,52%,0%,110,100%,57%,0%,111,95%,67%,0%,111,90%,67%,10%,0%,100%,0%,89%,83%,SUPP,67%,100%,SUPP,SUPP,SUPP,88%,88%,33%,33%,SUPP,33%,56%,SUPP,SUPP,SUPP,25%,41%,3.8,-0.9,8.5,2.5,-1.6,6.6,SUPP,SUPP,SUPP,3.0,-2.0,8.1,3.3,-0.8,7.4,SUPP,SUPP,SUPP,SUPP,SUPP,SUPP,SUPP,SUPP,SUPP,SUPP,3.3,0.1,6.5,4.1,-0.4,8.6,5.8,1.9,9.8,SUPP,SUPP,SUPP,3.7,-1.1,8.6,4.7,0.7,8.6,SUPP,SUPP,SUPP,SUPP,SUPP,SUPP,SUPP,SUPP,SUPP,SUPP,5.3,2.3,8.4,4.3,-0.1,8.7,2.7,-1.2,6.5,SUPP,SUPP,SUPP,4.6,-0.1,9.4,1.9,-2.0,5.7,SUPP,SUPP,SUPP,SUPP,SUPP,SUPP,SUPP,SUPP,SUPP,SUPP,3.4,0.4,6.4,111,110,SUPP,107,115,SUPP,SUPP,109,111,112,110,SUPP,108,113,SUPP,SUPP,112,111,112,111,SUPP,108,118,SUPP,SUPP,108,112,SUPP,100%,100%,SUPP,SUPP,SUPP,100%,100%,SUPP,SUPP,SUPP,83%,100%,SUPP,SUPP,SUPP,83%,100%,SUPP,SUPP,SUPP,50%,78%,SUPP,SUPP,SUPP,33%,100%,SUPP,SUPP,SUPP,50%,78%,SUPP,SUPP,SUPP,33%,89%,SUPP,SUPP,13,62%,0,0%,0,0%,1,5%,1,5%,,,,,,,,,,,,,,,,,,,,,29,7%,93%,69%,24%,SUPP,SUPP,SUPP,SUPP,-0.8,-3.0,1.5,-1.6,-3.7,0.4,-0.9,-2.9,1.0,108,108,3.1,5.1,3.4,3,1,1
1,54182,919,3363,117451,"St Michael's Church of England Voluntary Aided Primary School, St Albans",St Michael's Street,,,St Albans,AL3 4SJ,01727854866,E14000960,St Albans,0,,,VA,0,Church of England,5-11,0,0,180,25,25,13,12,52%,48%,8.3,3,14%,7,33%,11,52%,4,16%,4,16%,21,84%,8,32%,20,80%,84%,24%,3.0,0.3,5.6,84%,2.6,0.1,5.2,84%,0.4,-2.1,2.9,84%,92%,56%,0%,110,96%,56%,0%,110,88%,36%,0%,107,92%,28%,8%,0%,88%,0%,85%,83%,SUPP,100%,91%,SUPP,SUPP,SUPP,88%,80%,31%,17%,SUPP,0%,45%,SUPP,SUPP,SUPP,38%,20%,3.9,0.0,7.8,2.1,-1.6,5.8,SUPP,SUPP,SUPP,5.2,0.5,9.9,0.0,-3.7,3.7,SUPP,SUPP,SUPP,SUPP,SUPP,SUPP,SUPP,5.5,0.5,10.5,2.6,-0.3,5.5,2.7,-1.0,6.5,2.6,-1.0,6.1,SUPP,SUPP,SUPP,1.0,-3.5,5.5,2.1,-1.5,5.7,SUPP,SUPP,SUPP,SUPP,SUPP,SUPP,SUPP,3.6,-1.2,8.4,2.8,0.0,5.5,1.5,-2.2,5.2,-0.6,-4.1,2.9,SUPP,SUPP,SUPP,0.0,-4.4,4.3,-1.5,-5.0,2.0,SUPP,SUPP,SUPP,SUPP,SUPP,SUPP,SUPP,0.4,-4.3,5.1,0.8,-1.9,3.5,111,109,SUPP,111,111,SUPP,SUPP,112,109,109,105,SUPP,105,108,SUPP,SUPP,108,107,110,109,SUPP,109,112,SUPP,SUPP,113,109,SUPP,100%,91%,SUPP,SUPP,SUPP,100%,100%,SUPP,SUPP,SUPP,100%,91%,SUPP,SUPP,SUPP,100%,100%,SUPP,SUPP,SUPP,57%,73%,SUPP,SUPP,SUPP,43%,82%,SUPP,SUPP,SUPP,14%,45%,SUPP,SUPP,SUPP,0%,55%,SUPP,SUPP,17,68%,0,0%,0,0%,6,24%,6,24%,,,,,,,,,,,,,,,,,,,,,22,9%,91%,77%,23%,SUPP,SUPP,SUPP,SUPP,6.5,3.8,9.2,3.0,0.5,5.5,1.5,-0.9,3.9,110,106,2.9,2.6,0.4,2,2,3
1,43072,919,3364,117452,Park Street Church of England Voluntary Aided Primary School,Branch Road,Park Street,,St Albans,AL2 2LX,01727872158,E14000960,St Albans,0,,,VA,0,Church of England,3-11,0,0,138,23,22,9,13,41%,59%,8.1,3,14%,8,38%,10,48%,1,5%,3,14%,19,86%,2,9%,21,95%,68%,5%,0.2,-2.5,2.9,95%,-0.8,-3.4,1.8,95%,-0.8,-3.3,1.8,91%,86%,36%,0%,108,77%,27%,0%,105,77%,23%,5%,106,82%,5%,14%,0%,95%,0%,56%,77%,SUPP,75%,80%,SUPP,SUPP,SUPP,SUPP,71%,11%,0%,SUPP,0%,10%,SUPP,SUPP,SUPP,SUPP,5%,-0.8,-5.2,3.6,0.7,-2.7,4.2,SUPP,SUPP,SUPP,0.8,-3.5,5.2,1.4,-2.5,5.3,SUPP,SUPP,SUPP,SUPP,SUPP,SUPP,SUPP,SUPP,SUPP,SUPP,0.2,-2.5,2.9,-4.1,-8.3,0.1,1.3,-2.0,4.5,SUPP,SUPP,SUPP,2.5,-1.7,6.7,-2.9,-6.7,0.8,SUPP,SUPP,SUPP,SUPP,SUPP,SUPP,SUPP,SUPP,SUPP,SUPP,-0.8,-3.4,1.8,-1.3,-5.4,2.8,-0.4,-3.7,3.0,SUPP,SUPP,SUPP,0.0,-4.4,4.4,-0.7,-4.4,3.0,SUPP,SUPP,SUPP,SUPP,SUPP,SUPP,SUPP,SUPP,SUPP,SUPP,-0.8,-3.3,1.8,109,107,SUPP,105,112,SUPP,SUPP,SUPP,108,107,105,SUPP,104,109,SUPP,SUPP,SUPP,106,105,106,SUPP,103,110,SUPP,SUPP,SUPP,106,SUPP,88%,100%,SUPP,SUPP,SUPP,88%,90%,SUPP,SUPP,SUPP,75%,90%,SUPP,SUPP,SUPP,100%,90%,SUPP,SUPP,SUPP,13%,70%,SUPP,SUPP,SUPP,0%,60%,SUPP,SUPP,SUPP,0%,50%,SUPP,SUPP,SUPP,0%,10%,SUPP,SUPP,20,91%,0,0%,1,5%,2,9%,3,14%,,,,,,,,,,,,,,,,,,,,,26,15%,85%,77%,8%,SUPP,SUPP,SUPP,SUPP,2.7,0.1,5.2,-2.1,-4.4,0.2,1.5,-0.7,3.7,108,108,0.2,-0.8,-0.8,3,3,3
1,45248,919,3366,117453,"Puller Memorial, Church of England, Voluntary Aided Primary School",High Cross,,,Ware,SG11 1AZ,01920463178,E14000845,North East Hertfordshire,0,,,VA,0,Church of England,3-11,0,0,63,7,7,5,2,71%,29%,6.5,4,57%,1,14%,2,29%,0,0%,2,29%,5,71%,1,14%,7,100%,43%,0%,-1.7,-6.8,3.3,86%,0.2,-4.3,4.7,100%,4.4,-0.4,9.1,86%,57%,14%,14%,103,71%,29%,14%,103,71%,0%,14%,104,43%,0%,57%,0%,71%,0%,SUPP,SUPP,SUPP,SUPP,SUPP,SUPP,SUPP,SUPP,SUPP,43%,SUPP,SUPP,SUPP,SUPP,SUPP,SUPP,SUPP,SUPP,SUPP,0%,SUPP,SUPP,SUPP,SUPP,SUPP,SUPP,SUPP,SUPP,SUPP,SUPP,SUPP,SUPP,SUPP,SUPP,SUPP,SUPP,SUPP,SUPP,SUPP,SUPP,SUPP,SUPP,SUPP,SUPP,SUPP,-1.7,-6.8,3.3,SUPP,SUPP,SUPP,SUPP,SUPP,SUPP,SUPP,SUPP,SUPP,SUPP,SUPP,SUPP,SUPP,SUPP,SUPP,SUPP,SUPP,SUPP,SUPP,SUPP,SUPP,SUPP,SUPP,SUPP,SUPP,0.2,-4.3,4.7,SUPP,SUPP,SUPP,SUPP,SUPP,SUPP,SUPP,SUPP,SUPP,SUPP,SUPP,SUPP,SUPP,SUPP,SUPP,SUPP,SUPP,SUPP,SUPP,SUPP,SUPP,SUPP,SUPP,SUPP,SUPP,4.4,-0.4,9.1,SUPP,SUPP,SUPP,SUPP,SUPP,SUPP,SUPP,SUPP,103,SUPP,SUPP,SUPP,SUPP,SUPP,SUPP,SUPP,SUPP,104,SUPP,SUPP,SUPP,SUPP,SUPP,SUPP,SUPP,SUPP,103,SUPP,SUPP,SUPP,SUPP,SUPP,SUPP,SUPP,SUPP,SUPP,SUPP,SUPP,SUPP,SUPP,SUPP,SUPP,SUPP,SUPP,SUPP,SUPP,SUPP,SUPP,SUPP,SUPP,SUPP,SUPP,SUPP,SUPP,SUPP,SUPP,SUPP,SUPP,SUPP,SUPP,SUPP,SUPP,SUPP,SUPP,SUPP,SUPP,SUPP,6,86%,0,0%,0,0%,2,29%,2,29%,,,,,,,,,,,,,,,,,,,,,5,SUPP,SUPP,SUPP,SUPP,SUPP,SUPP,SUPP,SUPP,SUPP,SUPP,SUPP,SUPP,SUPP,SUPP,SUPP,SUPP,SUPP,SUPP,SUPP,-1.7,0.2,4.4,3,3,3
1,55784,919,3367,148495,St Thomas of Canterbury Catholic Primary School,High Street,Puckeridge,,Ware,SG11 1RZ,01920821450,E14000845,North East Hertfordshire,0,,,ACC,0,Roman Catholic,3-11,0,0,118,17,17,9,8,53%,47%,8.1,2,12%,8,47%,7,41%,0,0%,1,6%,16,94%,4,24%,17,100%,59%,18%,0.4,-2.6,3.4,100%,-0.8,-3.6,2.1,100%,0.2,-2.6,3.0,100%,76%,35%,0%,106,82%,35%,0%,107,82%,35%,0%,105,71%,18%,29%,0%,94%,0%,44%,75%,SUPP,50%,86%,SUPP,SUPP,SUPP,SUPP,59%,11%,25%,SUPP,0%,43%,SUPP,SUPP,SUPP,SUPP,18%,-3.5,-7.6,0.6,4.8,0.5,9.2,SUPP,SUPP,SUPP,2.4,-2.0,6.7,-1.2,-5.8,3.5,SUPP,SUPP,SUPP,SUPP,SUPP,SUPP,SUPP,SUPP,SUPP,SUPP,0.4,-2.6,3.4,-3.0,-7.0,0.9,1.7,-2.5,5.9,SUPP,SUPP,SUPP,-1.4,-5.6,2.8,-0.9,-5.4,3.6,SUPP,SUPP,SUPP,SUPP,SUPP,SUPP,SUPP,SUPP,SUPP,SUPP,-0.8,-3.6,2.1,-0.7,-4.6,3.1,1.2,-2.9,5.3,SUPP,SUPP,SUPP,1.6,-2.5,5.7,-1.8,-6.1,2.6,SUPP,SUPP,SUPP,SUPP,SUPP,SUPP,SUPP,SUPP,SUPP,SUPP,0.2,-2.6,3.0,102,111,SUPP,106,109,SUPP,SUPP,SUPP,106,104,106,SUPP,105,108,SUPP,SUPP,SUPP,105,106,109,SUPP,103,114,SUPP,SUPP,SUPP,107,SUPP,75%,86%,SUPP,SUPP,SUPP,75%,100%,SUPP,SUPP,SUPP,100%,86%,SUPP,SUPP,SUPP,63%,86%,SUPP,SUPP,SUPP,38%,43%,SUPP,SUPP,SUPP,13%,71%,SUPP,SUPP,SUPP,13%,71%,SUPP,SUPP,SUPP,0%,43%,SUPP,SUPP,13,76%,0,0%,2,12%,1,6%,3,18%,,,,,,,,,,,,,,,,,,,,,16,6%,94%,94%,31%,SUPP,SUPP,SUPP,SUPP,1.9,-1.2,5.1,0.9,-2.0,3.8,1.3,-1.5,4.0,107,107,0.1,-0.8,0.1,3,3,3
1,59834,919,3368,117455,Stapleford Primary School,Church Lane,Stapleford,,Hertford,SG14 3NB,01992583341,E14000845,North East Hertfordshire,0,,,VA,0,Church of England,3-11,0,0,69,8,8,4,4,50%,50%,7.8,2,25%,4,50%,2,25%,0,0%,2,25%,6,75%,0,0%,8,100%,63%,13%,0.9,-3.5,5.3,100%,3.5,-0.7,7.7,100%,-0.5,-4.6,3.6,100%,63%,63%,0%,105,88%,38%,0%,106,88%,13%,0%,103,88%,25%,13%,0%,88%,0%,SUPP,SUPP,SUPP,SUPP,SUPP,SUPP,SUPP,SUPP,,63%,SUPP,SUPP,SUPP,SUPP,SUPP,SUPP,SUPP,SUPP,,13%,SUPP,SUPP,SUPP,SUPP,SUPP,SUPP,SUPP,SUPP,SUPP,SUPP,SUPP,SUPP,SUPP,SUPP,SUPP,SUPP,SUPP,SUPP,SUPP,SUPP,SUPP,SUPP,NA,NA,NA,0.9,-3.5,5.3,SUPP,SUPP,SUPP,SUPP,SUPP,SUPP,SUPP,SUPP,SUPP,SUPP,SUPP,SUPP,SUPP,SUPP,SUPP,SUPP,SUPP,SUPP,SUPP,SUPP,SUPP,SUPP,NA,NA,NA,3.5,-0.7,7.7,SUPP,SUPP,SUPP,SUPP,SUPP,SUPP,SUPP,SUPP,SUPP,SUPP,SUPP,SUPP,SUPP,SUPP,SUPP,SUPP,SUPP,SUPP,SUPP,SUPP,SUPP,SUPP,NA,NA,NA,-0.5,-4.6,3.6,SUPP,SUPP,SUPP,SUPP,SUPP,SUPP,SUPP,,105,SUPP,SUPP,SUPP,SUPP,SUPP,SUPP,SUPP,,103,SUPP,SUPP,SUPP,SUPP,SUPP,SUPP,SUPP,,106,SUPP,SUPP,SUPP,SUPP,SUPP,SUPP,SUPP,SUPP,SUPP,SUPP,SUPP,SUPP,SUPP,SUPP,SUPP,SUPP,SUPP,SUPP,SUPP,SUPP,SUPP,SUPP,SUPP,SUPP,SUPP,SUPP,SUPP,SUPP,SUPP,SUPP,SUPP,SUPP,SUPP,SUPP,SUPP,SUPP,SUPP,SUPP,SUPP,SUPP,8,100%,0,0%,1,13%,1,13%,2,25%,,,,,,,,,,,,,,,,,,,,,8,13%,88%,63%,0%,SUPP,SUPP,SUPP,SUPP,-1.0,-5.2,3.3,-1.6,-5.6,2.3,2.3,-1.5,6.0,103,106,0.9,3.5,-0.5,3,3,3
1,54382,919,3369,117456,St Nicholas CofE (VA) Primary School and Nursery,Six Hills Way,,,Stevenage,SG2 0PZ,01438352706,E14000968,Stevenage,0,,,VA,0,Church of England,3-11,0,0,228,29,30,14,16,47%,53%,7.9,6,21%,11,39%,11,39%,2,7%,10,33%,20,67%,9,30%,27,90%,33%,3%,-3.2,-5.6,-0.8,90%,-3.5,-5.8,-1.3,93%,-3.6,-5.8,-1.5,93%,57%,20%,3%,102,67%,27%,7%,105,40%,23%,0%,101,50%,10%,47%,0%,50%,0%,36%,31%,0%,18%,73%,10%,45%,-56,67%,37%,0%,6%,0%,0%,9%,0%,5%,-10,11%,4%,-3.7,-7.2,-0.1,-2.8,-6.0,0.4,-6.9,-12.0,-1.9,-2.2,-5.9,1.5,-2.0,-5.9,1.9,-5.9,-10.0,-1.8,-1.8,-4.7,1.1,-6.3,-0.5,-4.9,3.8,-3.2,-5.6,-0.7,-5.0,-8.3,-1.7,-2.3,-5.3,0.8,-1.5,-6.3,3.3,-5.4,-9.0,-1.8,-2.8,-6.3,0.8,-7.0,-10.8,-3.3,-1.6,-4.4,1.2,-7.4,0.1,-4.1,4.3,-3.4,-5.7,-1.1,-3.7,-6.9,-0.5,-3.6,-6.6,-0.6,-4.2,-9.0,0.5,-3.5,-7.0,0.0,-3.4,-6.9,0.0,-6.6,-10.3,-2.9,-2.0,-4.7,0.7,-7.1,1.8,-2.3,5.9,-3.6,-5.9,-1.4,102,103,91,102,109,98,104,106,103,101,101,93,100,107,98,103,106,102,104,105,95,104,112,99,107,108,106,0%,64%,82%,30%,70%,17%,73%,91%,40%,80%,0%,27%,82%,30%,45%,17%,36%,82%,20%,65%,0%,9%,45%,10%,25%,0%,18%,55%,0%,40%,0%,18%,45%,0%,35%,0%,0%,27%,0%,15%,21,70%,0,0%,3,10%,4,13%,7,23%,,,,,,,,,,,,,,,,,,,,,29,28%,72%,72%,7%,50%,0%,81%,10%,-0.1,-2.3,2.2,-1.7,-3.8,0.3,-0.3,-2.3,1.6,106,106,-3.7,-3.9,-4.1,5,5,5
1,61680,919,3370,117457,Tewin Cowper Church of England Voluntary Aided Primary School,Cannons Meadow,Tewin,Tewin Cowper Ce Primary School Va,Welwyn,AL6 0JU,01438717378,E14000845,North East Hertfordshire,0,,,VA,0,Church of England,4-11,0,0,174,22,23,12,11,52%,48%,7.2,5,22%,15,65%,3,13%,0,0%,2,9%,21,91%,0,0%,22,96%,65%,0%,2.5,0.0,5.1,100%,-0.8,-3.3,1.7,100%,1.6,-0.8,4.1,100%,78%,26%,0%,105,70%,26%,0%,104,78%,22%,0%,103,65%,4%,22%,0%,91%,0%,42%,91%,SUPP,80%,SUPP,SUPP,SUPP,SUPP,,68%,0%,0%,SUPP,0%,SUPP,SUPP,SUPP,SUPP,,0%,1.5,-2.0,5.1,3.7,-0.1,7.4,SUPP,SUPP,SUPP,2.2,-0.9,5.4,SUPP,SUPP,SUPP,SUPP,SUPP,SUPP,SUPP,SUPP,SUPP,SUPP,NA,NA,NA,2.6,-0.1,5.2,-3.2,-6.6,0.2,1.8,-1.8,5.3,SUPP,SUPP,SUPP,1.4,-1.7,4.4,SUPP,SUPP,SUPP,SUPP,SUPP,SUPP,SUPP,SUPP,SUPP,SUPP,NA,NA,NA,-0.8,-3.3,1.8,2.5,-0.9,5.8,0.7,-2.8,4.2,SUPP,SUPP,SUPP,0.4,-2.6,3.4,SUPP,SUPP,SUPP,SUPP,SUPP,SUPP,SUPP,SUPP,SUPP,SUPP,NA,NA,NA,1.7,-0.8,4.2,103,107,SUPP,106,SUPP,SUPP,SUPP,,105,103,104,SUPP,104,SUPP,SUPP,SUPP,,104,101,107,SUPP,106,SUPP,SUPP,SUPP,,104,SUPP,93%,SUPP,SUPP,SUPP,SUPP,87%,SUPP,SUPP,SUPP,SUPP,93%,SUPP,SUPP,SUPP,SUPP,80%,SUPP,SUPP,SUPP,SUPP,27%,SUPP,SUPP,SUPP,SUPP,27%,SUPP,SUPP,SUPP,SUPP,13%,SUPP,SUPP,SUPP,SUPP,7%,SUPP,SUPP,SUPP,23,100%,0,0%,2,9%,1,4%,3,13%,,,,,,,,,,,,,,,,,,,,,22,14%,86%,73%,14%,SUPP,SUPP,SUPP,SUPP,0.5,-2.3,3.3,0.2,-2.3,2.7,1.7,-0.7,4.1,106,107,2.5,-0.8,1.6,3,3,3
1,6162,919,3371,117458,"Bishop Wood Church of England Junior School, Tring",Frogmore Street,,,Tring,HP23 5AU,01442822024,E14000951,South West Hertfordshire,0,,,VA,0,Church of England,7-11,0,0,236,55,55,35,20,64%,36%,8.7,5,9%,18,33%,31,57%,1,2%,3,5%,52,95%,2,4%,51,93%,84%,13%,2.0,0.3,3.7,98%,-0.7,-2.4,0.9,98%,0.2,-1.3,1.8,98%,93%,60%,0%,111,89%,53%,0%,109,91%,40%,0%,108,87%,20%,11%,0%,96%,0%,83%,85%,SUPP,78%,100%,SUPP,SUPP,SUPP,SUPP,82%,6%,25%,SUPP,0%,19%,SUPP,SUPP,SUPP,SUPP,14%,1.6,-0.5,3.7,2.7,-0.1,5.5,SUPP,SUPP,SUPP,2.5,-0.4,5.4,1.6,-0.6,3.8,SUPP,SUPP,SUPP,SUPP,SUPP,SUPP,SUPP,SUPP,SUPP,SUPP,2.3,0.5,4.0,-1.3,-3.3,0.7,0.2,-2.5,2.9,SUPP,SUPP,SUPP,-0.6,-3.3,2.2,-0.8,-2.9,1.3,SUPP,SUPP,SUPP,SUPP,SUPP,SUPP,SUPP,SUPP,SUPP,SUPP,-0.7,-2.4,0.9,1.2,-0.8,3.1,-1.4,-4.1,1.2,SUPP,SUPP,SUPP,2.6,-0.2,5.3,-1.3,-3.4,0.8,SUPP,SUPP,SUPP,SUPP,SUPP,SUPP,SUPP,SUPP,SUPP,SUPP,0.3,-1.3,2.0,110,112,SUPP,108,113,SUPP,SUPP,SUPP,111,108,107,SUPP,107,109,SUPP,SUPP,SUPP,108,108,111,SUPP,106,112,SUPP,SUPP,SUPP,109,SUPP,89%,100%,SUPP,SUPP,SUPP,89%,100%,SUPP,SUPP,SUPP,94%,100%,SUPP,SUPP,SUPP,83%,100%,SUPP,SUPP,SUPP,39%,81%,SUPP,SUPP,SUPP,28%,74%,SUPP,SUPP,SUPP,28%,52%,SUPP,SUPP,SUPP,0%,32%,SUPP,SUPP,53,96%,0,0%,1,2%,4,7%,5,9%,,,,,,,,,,,,,,,,,,,,,59,3%,97%,88%,24%,SUPP,SUPP,SUPP,SUPP,2.2,0.6,3.7,1.5,0.1,3.0,1.0,-0.4,2.3,109,108,2.0,-0.7,0.2,2,3,3
1,34032,919,3373,117459,Long Marston VA Church of England Primary School,Station Road,Long Marston,,Tring,HP23 4QS,01296668386,E14000951,South West Hertfordshire,0,,,VA,0,Church of England,3-11,0,0,120,18,17,12,5,71%,29%,7.9,4,25%,6,38%,6,38%,1,6%,2,12%,15,88%,1,6%,16,94%,76%,12%,3.8,0.7,6.8,94%,2.1,-0.8,5.1,94%,0.7,-2.2,3.6,94%,94%,41%,0%,107,71%,29%,0%,104,76%,29%,0%,104,76%,18%,24%,0%,76%,0%,75%,SUPP,SUPP,100%,100%,SUPP,SUPP,SUPP,SUPP,81%,17%,SUPP,SUPP,0%,33%,SUPP,SUPP,SUPP,SUPP,13%,4.0,0.3,7.7,SUPP,SUPP,SUPP,SUPP,SUPP,SUPP,4.0,-1.0,9.0,-0.3,-5.4,4.7,SUPP,SUPP,SUPP,SUPP,SUPP,SUPP,SUPP,NA,NA,NA,3.8,0.7,6.8,2.5,-1.0,6.1,SUPP,SUPP,SUPP,SUPP,SUPP,SUPP,1.8,-3.1,6.6,1.5,-3.3,6.3,SUPP,SUPP,SUPP,SUPP,SUPP,SUPP,SUPP,NA,NA,NA,2.1,-0.8,5.1,0.9,-2.6,4.4,SUPP,SUPP,SUPP,SUPP,SUPP,SUPP,1.7,-3.1,6.4,-0.9,-5.7,3.8,SUPP,SUPP,SUPP,SUPP,SUPP,SUPP,SUPP,NA,NA,NA,0.7,-2.2,3.6,106,SUPP,SUPP,109,111,SUPP,SUPP,SUPP,108,104,SUPP,SUPP,106,110,SUPP,SUPP,SUPP,105,102,SUPP,SUPP,105,110,SUPP,SUPP,SUPP,105,SUPP,100%,100%,SUPP,SUPP,SUPP,83%,100%,SUPP,SUPP,SUPP,100%,100%,SUPP,SUPP,SUPP,100%,100%,SUPP,SUPP,SUPP,50%,67%,SUPP,SUPP,SUPP,17%,67%,SUPP,SUPP,SUPP,17%,67%,SUPP,SUPP,SUPP,0%,50%,SUPP,SUPP,16,94%,0,0%,0,0%,2,12%,2,12%,,,,,,,,,,,,,,,,,,,,,20,5%,95%,75%,10%,SUPP,SUPP,SUPP,SUPP,1.4,-1.3,4.1,-1.6,-4.1,0.9,-1.4,-3.7,1.0,108,105,3.8,2.1,0.7,1,3,3
1,51816,919,3376,117460,St John's CofE Primary School,Hertford Road,Digswell,,Welwyn,AL6 0BX,01438714283,E14001027,Welwyn Hatfield,0,,,VA,0,Church of England,3-11,0,0,221,27,26,11,15,42%,58%,7.8,6,23%,13,50%,7,27%,0,0%,4,15%,22,85%,2,8%,24,92%,62%,15%,2.1,-0.4,4.5,100%,1.2,-1.1,3.6,100%,0.0,-2.3,2.2,100%,81%,42%,0%,107,73%,27%,0%,105,69%,23%,0%,104,73%,19%,27%,0%,73%,0%,45%,73%,0%,69%,100%,SUPP,SUPP,SUPP,SUPP,67%,9%,20%,0%,8%,43%,SUPP,SUPP,SUPP,SUPP,17%,2.1,-1.7,5.8,2.1,-1.1,5.3,3.2,-1.9,8.2,2.6,-0.8,6.0,0.1,-4.6,4.8,SUPP,SUPP,SUPP,SUPP,SUPP,SUPP,SUPP,SUPP,SUPP,SUPP,3.3,0.8,5.9,0.1,-3.5,3.7,2.0,-1.0,5.1,2.4,-2.5,7.2,1.1,-2.2,4.4,0.4,-4.0,4.9,SUPP,SUPP,SUPP,SUPP,SUPP,SUPP,SUPP,SUPP,SUPP,SUPP,1.8,-0.6,4.2,2.5,-1.0,6.0,-1.9,-4.9,1.1,2.0,-2.7,6.7,-1.8,-5.0,1.5,1.5,-2.9,5.8,SUPP,SUPP,SUPP,SUPP,SUPP,SUPP,SUPP,SUPP,SUPP,SUPP,0.7,-1.6,3.1,105,109,98,109,113,SUPP,SUPP,SUPP,108,105,104,96,103,113,SUPP,SUPP,SUPP,105,103,106,95,104,114,SUPP,SUPP,SUPP,105,50%,85%,100%,SUPP,SUPP,33%,77%,100%,SUPP,SUPP,17%,77%,100%,SUPP,SUPP,17%,85%,100%,SUPP,SUPP,0%,46%,71%,SUPP,SUPP,0%,8%,86%,SUPP,SUPP,0%,8%,71%,SUPP,SUPP,0%,8%,57%,SUPP,SUPP,24,92%,0,0%,1,4%,8,31%,9,35%,,,,,,,,,,,,,,,,,,,,,30,10%,90%,80%,33%,SUPP,SUPP,SUPP,SUPP,2.2,0.0,4.5,-0.4,-2.4,1.7,2.8,0.8,4.7,109,110,1.9,1.2,-0.4,3,3,3
1,54278,919,3378,117461,St Michael's Woolmer Green CofE VA Primary School,London Road,,,Woolmer Green,SG3 6JP,01438813267,E14001027,Welwyn Hatfield,0,,,VA,0,Church of England,4-11,0,0,185,28,27,17,10,63%,37%,7.9,3,13%,16,67%,5,21%,3,11%,5,19%,22,81%,3,11%,21,78%,67%,11%,0.2,-2.3,2.7,89%,1.1,-1.3,3.5,89%,-0.6,-3.0,1.8,89%,74%,33%,0%,106,89%,30%,0%,106,81%,19%,0%,105,70%,26%,22%,0%,78%,0%,59%,80%,SUPP,75%,SUPP,SUPP,SUPP,SUPP,SUPP,76%,18%,0%,SUPP,6%,SUPP,SUPP,SUPP,SUPP,SUPP,10%,-0.4,-3.7,2.8,1.2,-2.7,5.1,SUPP,SUPP,SUPP,0.8,-2.3,3.9,SUPP,SUPP,SUPP,SUPP,SUPP,SUPP,SUPP,SUPP,SUPP,SUPP,SUPP,SUPP,SUPP,0.2,-2.5,2.9,-0.2,-3.3,3.0,2.9,-0.8,6.7,SUPP,SUPP,SUPP,1.1,-1.9,4.0,SUPP,SUPP,SUPP,SUPP,SUPP,SUPP,SUPP,SUPP,SUPP,SUPP,SUPP,SUPP,SUPP,1.3,-1.3,3.9,-0.5,-3.6,2.6,-0.8,-4.5,2.9,SUPP,SUPP,SUPP,0.0,-2.9,2.9,SUPP,SUPP,SUPP,SUPP,SUPP,SUPP,SUPP,SUPP,SUPP,SUPP,SUPP,SUPP,SUPP,-0.6,-3.1,1.9,106,107,SUPP,106,SUPP,SUPP,SUPP,SUPP,107,105,104,SUPP,104,SUPP,SUPP,SUPP,SUPP,105,107,105,SUPP,106,SUPP,SUPP,SUPP,SUPP,106,SUPP,81%,SUPP,SUPP,SUPP,SUPP,100%,SUPP,SUPP,SUPP,SUPP,88%,SUPP,SUPP,SUPP,SUPP,81%,SUPP,SUPP,SUPP,SUPP,31%,SUPP,SUPP,SUPP,SUPP,25%,SUPP,SUPP,SUPP,SUPP,13%,SUPP,SUPP,SUPP,SUPP,19%,SUPP,SUPP,SUPP,24,89%,0,0%,0,0%,1,4%,1,4%,,,,,,,,,,,,,,,,,,,,,22,9%,91%,64%,18%,SUPP,SUPP,SUPP,SUPP,1.8,-0.8,4.4,2.0,-0.4,4.3,2.2,0.0,4.5,105,107,0.2,0.9,-0.6,3,3,3
1,51068,919,3379,117462,St Helen's Church of England Primary School,Brewhouse Hill,Wheathampstead,,St Albans,AL4 8AN,01582832106,E14000749,Hitchin and Harpenden,0,,,VA,0,Church of England,4-11,0,0,256,58,57,32,25,56%,44%,8.9,1,2%,16,36%,28,62%,12,21%,5,9%,52,91%,11,19%,46,81%,67%,7%,0.5,-1.3,2.4,77%,-2.8,-4.6,-1.0,79%,-3.8,-5.5,-2.0,79%,82%,51%,2%,109,86%,32%,2%,106,84%,25%,0%,105,77%,18%,21%,0%,91%,0%,63%,72%,SUPP,31%,96%,SUPP,SUPP,SUPP,55%,72%,0%,16%,SUPP,0%,7%,SUPP,SUPP,SUPP,9%,7%,-0.6,-3.2,2.0,1.8,-0.9,4.5,SUPP,SUPP,SUPP,-0.5,-3.7,2.7,1.3,-1.0,3.7,SUPP,SUPP,SUPP,SUPP,SUPP,SUPP,SUPP,SUPP,SUPP,SUPP,0.5,-1.3,2.4,-4.1,-6.5,-1.7,-1.3,-3.9,1.2,SUPP,SUPP,SUPP,-4.9,-7.9,-2.0,-1.7,-4.0,0.5,SUPP,SUPP,SUPP,SUPP,SUPP,SUPP,SUPP,SUPP,SUPP,SUPP,-2.5,-4.2,-0.7,-2.6,-4.9,-0.2,-5.1,-7.6,-2.6,SUPP,SUPP,SUPP,-4.5,-7.4,-1.6,-3.3,-5.5,-1.1,SUPP,SUPP,SUPP,SUPP,SUPP,SUPP,SUPP,SUPP,SUPP,SUPP,-3.5,-5.3,-1.8,107,111,SUPP,104,113,SUPP,SUPP,107,110,106,105,SUPP,99,107,SUPP,SUPP,111,105,105,108,SUPP,101,110,SUPP,SUPP,106,106,SUPP,69%,100%,SUPP,SUPP,SUPP,75%,96%,SUPP,SUPP,SUPP,50%,100%,SUPP,SUPP,SUPP,50%,96%,SUPP,SUPP,SUPP,13%,75%,SUPP,SUPP,SUPP,0%,54%,SUPP,SUPP,SUPP,6%,21%,SUPP,SUPP,SUPP,0%,25%,SUPP,SUPP,45,79%,1,2%,0,0%,9,16%,9,16%,,,,,,,,,,,,,,,,,,,,,34,12%,88%,68%,3%,SUPP,SUPP,SUPP,SUPP,-1.5,-3.6,0.6,0.0,-1.9,1.9,-1.9,-3.8,-0.1,106,106,0.5,-2.8,-3.9,3,5,5
1,49548,919,3380,117463,"St Bartholomew's Church of England Voluntary Aided Primary School, Wigginton",Common Field,Wigginton,,Tring,HP23 6EP,01442822364,E14000951,South West Hertfordshire,0,,,VA,0,Church of England,4-11,0,0,101,14,13,7,6,54%,46%,7.9,3,25%,5,42%,4,33%,1,8%,2,15%,11,85%,0,0%,11,85%,77%,0%,1.6,-1.9,5.2,92%,0.8,-2.6,4.3,92%,1.7,-1.7,5.0,92%,77%,31%,0%,106,92%,38%,0%,106,92%,31%,0%,106,92%,8%,0%,0%,92%,0%,57%,100%,SUPP,SUPP,SUPP,SUPP,SUPP,SUPP,,82%,0%,0%,SUPP,SUPP,SUPP,SUPP,SUPP,SUPP,,0%,2.7,-2.0,7.3,SUPP,SUPP,SUPP,SUPP,SUPP,SUPP,SUPP,SUPP,SUPP,SUPP,SUPP,SUPP,SUPP,SUPP,SUPP,SUPP,SUPP,SUPP,SUPP,NA,NA,NA,1.7,-2.0,5.4,0.7,-3.8,5.1,SUPP,SUPP,SUPP,SUPP,SUPP,SUPP,SUPP,SUPP,SUPP,SUPP,SUPP,SUPP,SUPP,SUPP,SUPP,SUPP,SUPP,SUPP,SUPP,NA,NA,NA,0.0,-3.6,3.6,1.7,-2.7,6.1,SUPP,SUPP,SUPP,SUPP,SUPP,SUPP,SUPP,SUPP,SUPP,SUPP,SUPP,SUPP,SUPP,SUPP,SUPP,SUPP,SUPP,SUPP,SUPP,NA,NA,NA,1.4,-2.1,4.9,105,108,SUPP,SUPP,SUPP,SUPP,SUPP,,107,104,108,SUPP,SUPP,SUPP,SUPP,SUPP,,106,103,110,SUPP,SUPP,SUPP,SUPP,SUPP,,107,SUPP,SUPP,SUPP,SUPP,SUPP,SUPP,SUPP,SUPP,SUPP,SUPP,SUPP,SUPP,SUPP,SUPP,SUPP,SUPP,SUPP,SUPP,SUPP,SUPP,SUPP,SUPP,SUPP,SUPP,SUPP,SUPP,SUPP,SUPP,SUPP,SUPP,SUPP,SUPP,SUPP,SUPP,SUPP,SUPP,SUPP,SUPP,SUPP,SUPP,13,100%,0,0%,1,8%,1,8%,2,15%,,,,,,,,,,,,,,,,,,,,,15,0%,100%,87%,33%,,,SUPP,SUPP,1.4,-1.7,4.5,1.1,-1.8,4.0,0.5,-2.2,3.2,107,107,1.6,0.8,1.7,3,3,3
1,42176,919,3382,117464,Our Lady Catholic Primary School,Woodhall Lane,,,Welwyn Garden City,AL7 3TF,01707324408,E14001027,Welwyn Hatfield,0,,,VA,0,Roman Catholic,4-11,0,0,201,28,28,11,17,39%,61%,8.0,6,21%,13,46%,9,32%,0,0%,0,0%,28,100%,8,29%,27,96%,75%,18%,3.9,1.6,6.2,100%,1.1,-1.1,3.4,100%,1.3,-0.9,3.5,100%,96%,54%,0%,109,96%,57%,0%,110,86%,29%,0%,106,79%,21%,21%,0%,75%,0%,73%,76%,0%,92%,100%,,SUPP,,75%,78%,36%,6%,0%,8%,44%,,SUPP,,25%,19%,2.7,-1.0,6.4,4.7,1.7,7.7,4.3,-0.7,9.3,4.6,1.2,8.0,2.6,-1.5,6.7,,,,SUPP,SUPP,SUPP,,2.6,-1.8,7.0,3.8,1.4,6.2,1.1,-2.4,4.7,1.1,-1.8,4.0,-0.6,-5.4,4.3,1.1,-2.2,4.4,2.3,-1.7,6.2,,,,SUPP,SUPP,SUPP,,2.8,-1.4,6.9,1.1,-1.2,3.4,1.4,-2.1,4.9,1.2,-1.6,4.0,1.9,-2.8,6.6,1.7,-1.5,4.9,0.4,-3.5,4.3,,,,SUPP,SUPP,SUPP,,3.1,-1.0,7.2,1.1,-1.2,3.3,109,110,102,110,114,,SUPP,108,110,107,105,98,106,110,,SUPP,107,106,111,109,102,110,115,,SUPP,110,110,83%,100%,100%,,SUPP,83%,100%,100%,,SUPP,50%,92%,100%,,SUPP,17%,92%,100%,,SUPP,0%,54%,89%,,SUPP,0%,54%,100%,,SUPP,0%,23%,56%,,SUPP,0%,8%,56%,,SUPP,20,71%,0,0%,0,0%,0,0%,0,0%,,,,,,,,,,,,,,,,,,,,,29,17%,83%,62%,3%,SUPP,SUPP,SUPP,SUPP,-1.1,-3.4,1.2,-0.5,-2.7,1.6,-1.7,-3.7,0.3,104,104,3.9,1.1,1.3,1,3,3
1,51952,919,3383,117465,St Joseph Catholic Primary School,Ainsdale Road,South Oxhey,,Watford,WD19 7DW,02084285371,E14000951,South West Hertfordshire,0,,,VA,0,Roman Catholic,3-11,0,0,237,30,30,14,16,47%,53%,7.3,10,33%,15,50%,5,17%,0,0%,4,13%,26,87%,6,20%,29,97%,63%,7%,3.7,1.5,6.0,100%,2.7,0.6,4.9,100%,2.8,0.7,5.0,100%,83%,30%,0%,106,77%,40%,0%,106,80%,20%,0%,104,77%,10%,23%,0%,87%,0%,71%,56%,10%,87%,SUPP,SUPP,SUPP,SUPP,100%,62%,7%,6%,0%,7%,SUPP,SUPP,SUPP,SUPP,17%,7%,3.1,-0.2,6.4,4.2,1.1,7.3,5.2,1.3,9.1,3.9,0.7,7.1,SUPP,SUPP,SUPP,SUPP,SUPP,SUPP,SUPP,SUPP,SUPP,SUPP,4.1,-0.9,9.1,3.5,1.2,5.8,3.3,0.2,6.5,2.2,-0.8,5.2,3.6,-0.2,7.3,2.4,-0.7,5.5,SUPP,SUPP,SUPP,SUPP,SUPP,SUPP,SUPP,SUPP,SUPP,SUPP,2.4,-2.5,7.2,2.8,0.6,5.0,3.1,0.0,6.2,2.6,-0.3,5.5,5.5,1.8,9.2,2.1,-0.9,5.1,SUPP,SUPP,SUPP,SUPP,SUPP,SUPP,SUPP,SUPP,SUPP,SUPP,3.8,-1.0,8.5,2.9,0.7,5.0,107,106,100,109,SUPP,SUPP,SUPP,111,106,106,103,99,106,SUPP,SUPP,SUPP,109,104,106,106,99,109,SUPP,SUPP,SUPP,110,106,60%,93%,SUPP,SUPP,SUPP,30%,100%,SUPP,SUPP,SUPP,50%,93%,SUPP,SUPP,SUPP,30%,100%,SUPP,SUPP,SUPP,0%,47%,SUPP,SUPP,SUPP,0%,53%,SUPP,SUPP,SUPP,10%,20%,SUPP,SUPP,SUPP,0%,7%,SUPP,SUPP,SUPP,24,80%,0,0%,0,0%,5,17%,5,17%,,,,,,,,,,,,,,,,,,,,,30,20%,80%,73%,13%,83%,0%,71%,17%,4.9,2.7,7.1,3.4,1.4,5.5,5.1,3.1,7.0,106,106,3.7,2.7,2.8,1,2,2
1,55528,919,3384,117466,St Teresa Catholic Primary School,Brook Road,,,Borehamwood,WD6 5HL,02089533753,E14000745,Hertsmere,0,,,VA,0,Catholic,3-11,0,0,209,30,30,14,16,47%,53%,7.9,5,17%,14,48%,10,34%,1,3%,8,27%,22,73%,12,40%,30,100%,47%,10%,-2.0,-4.3,0.2,97%,-3.5,-5.7,-1.3,97%,-1.4,-3.5,0.8,97%,67%,23%,0%,104,63%,23%,0%,104,60%,30%,0%,103,60%,13%,27%,0%,80%,0%,64%,31%,SUPP,29%,90%,38%,50%,-28,58%,47%,14%,6%,SUPP,0%,20%,0%,14%,-10,17%,10%,-2.1,-5.5,1.4,-2.0,-5.1,1.0,SUPP,SUPP,SUPP,-3.5,-6.8,-0.3,-1.5,-5.4,2.4,-0.2,-4.6,4.1,-2.7,-5.4,-0.1,-0.6,-3.3,-7.0,0.4,-2.0,-4.3,0.2,-2.3,-5.6,0.9,-4.5,-7.4,-1.5,SUPP,SUPP,SUPP,-4.5,-7.6,-1.3,-0.2,-3.9,3.5,-4.3,-8.5,-0.1,-3.2,-5.8,-0.6,-4.7,-3.1,-6.6,0.5,-3.5,-5.7,-1.3,1.2,-2.0,4.4,-3.4,-6.3,-0.5,SUPP,SUPP,SUPP,-2.0,-5.1,1.0,-0.8,-4.5,2.8,-3.8,-7.9,0.3,-0.4,-3.0,2.1,-4.3,-1.4,-4.9,2.1,-1.4,-3.5,0.8,105,102,SUPP,100,110,103,104,105,104,107,100,SUPP,101,109,99,105,105,103,106,102,SUPP,101,111,101,105,105,104,SUPP,50%,100%,75%,64%,SUPP,50%,100%,63%,64%,SUPP,57%,90%,50%,64%,SUPP,43%,100%,50%,64%,SUPP,14%,40%,13%,27%,SUPP,7%,60%,13%,27%,SUPP,14%,60%,0%,41%,SUPP,0%,30%,0%,18%,18,60%,0,0%,0,0%,4,13%,4,13%,,,,,,,,,,,,,,,,,,,,,29,21%,79%,72%,7%,100%,17%,65%,4%,0.7,-1.5,3.0,-0.5,-2.6,1.6,0.3,-1.6,2.3,106,106,-2.1,-3.5,-1.4,3,5,3
1,48984,919,3385,117467,"St Andrew's Church of England Voluntary Aided Primary School, Hitchin",Benslow Lane,,,Hitchin,SG4 9RD,01462459160,E14000749,Hitchin and Harpenden,0,,,VA,0,Church of England,4-11,0,0,246,30,30,10,20,33%,67%,8.3,2,7%,16,53%,12,40%,0,0%,1,3%,29,97%,2,7%,28,93%,80%,10%,3.6,1.3,5.9,97%,2.1,-0.1,4.3,100%,1.3,-0.9,3.4,97%,90%,53%,3%,110,93%,23%,3%,106,93%,27%,3%,107,90%,30%,10%,0%,100%,0%,70%,85%,SUPP,81%,83%,SUPP,SUPP,SUPP,SUPP,82%,0%,15%,SUPP,6%,17%,SUPP,SUPP,SUPP,SUPP,11%,3.1,-0.8,7.0,3.9,1.1,6.7,SUPP,SUPP,SUPP,4.5,1.4,7.6,1.3,-2.4,5.0,SUPP,SUPP,SUPP,SUPP,SUPP,SUPP,SUPP,SUPP,SUPP,SUPP,3.9,1.5,6.2,-2.1,-5.9,1.6,4.2,1.6,6.9,SUPP,SUPP,SUPP,3.4,0.4,6.3,0.7,-2.8,4.1,SUPP,SUPP,SUPP,SUPP,SUPP,SUPP,SUPP,SUPP,SUPP,SUPP,2.1,-0.1,4.3,4.1,0.4,7.7,-0.2,-2.9,2.4,SUPP,SUPP,SUPP,2.5,-0.4,5.4,-1.8,-5.3,1.7,SUPP,SUPP,SUPP,SUPP,SUPP,SUPP,SUPP,SUPP,SUPP,SUPP,1.1,-1.2,3.3,109,111,SUPP,109,112,SUPP,SUPP,SUPP,111,109,106,SUPP,106,108,SUPP,SUPP,SUPP,107,103,108,SUPP,105,109,SUPP,SUPP,SUPP,107,SUPP,94%,83%,SUPP,SUPP,SUPP,94%,92%,SUPP,SUPP,SUPP,94%,92%,SUPP,SUPP,SUPP,88%,100%,SUPP,SUPP,SUPP,50%,58%,SUPP,SUPP,SUPP,19%,33%,SUPP,SUPP,SUPP,19%,42%,SUPP,SUPP,SUPP,25%,42%,SUPP,SUPP,28,93%,0,0%,0,0%,5,17%,5,17%,,,,,,,,,,,,,,,,,,,,,29,10%,90%,93%,28%,SUPP,SUPP,SUPP,SUPP,4.3,2.1,6.6,1.7,-0.3,3.8,1.5,-0.5,3.5,111,109,3.6,2.1,1.3,1,3,3
1,50188,919,3386,117468,St Cuthbert Mayne Catholic Junior School,Clover Way,Gadebridge Road,,Hemel Hempstead,HP1 3EA,01442253347,E14000739,Hemel Hempstead,0,,,VA,0,Roman Catholic,7-11,0,0,237,59,60,26,34,43%,57%,8.2,5,9%,25,44%,27,47%,3,5%,9,15%,51,85%,12,20%,56,93%,68%,12%,0.8,-0.8,2.5,95%,-1.5,-3.1,0.0,95%,1.3,-0.2,2.9,95%,80%,35%,0%,107,92%,43%,0%,109,88%,33%,0%,108,70%,15%,25%,0%,77%,0%,69%,68%,SUPP,56%,96%,33%,75%,-33,75%,70%,23%,3%,SUPP,0%,26%,11%,12%,1,25%,11%,2.2,-0.2,4.7,-0.2,-2.4,1.9,SUPP,SUPP,SUPP,0.2,-2.3,2.6,1.5,-0.9,3.8,-0.8,-4.9,3.3,1.1,-0.6,2.9,-1.2,3.3,-0.8,7.4,0.7,-0.9,2.4,-0.6,-3.0,1.8,-2.3,-4.4,-0.2,SUPP,SUPP,SUPP,-2.5,-4.9,-0.2,-0.5,-2.7,1.8,-4.9,-8.9,-1.0,-0.9,-2.6,0.8,-5.3,1.0,-2.9,5.0,-1.6,-3.2,-0.1,2.4,0.0,4.7,0.5,-1.5,2.6,SUPP,SUPP,SUPP,1.4,-1.0,3.7,1.5,-0.7,3.7,-0.6,-4.4,3.3,1.7,0.0,3.4,-1.1,3.3,-0.5,7.2,1.3,-0.3,2.8,109,106,SUPP,104,113,105,108,108,108,108,107,SUPP,105,111,104,108,111,107,110,108,SUPP,105,113,104,109,111,109,SUPP,76%,100%,56%,84%,SUPP,92%,100%,67%,96%,SUPP,88%,100%,67%,92%,SUPP,60%,96%,33%,76%,SUPP,12%,63%,22%,37%,SUPP,12%,81%,22%,47%,SUPP,12%,56%,11%,37%,SUPP,0%,33%,11%,16%,48,80%,0,0%,0,0%,12,20%,12,20%,,,,,,,,,,,,,,,,,,,,,61,7%,93%,74%,21%,SUPP,SUPP,SUPP,SUPP,0.6,-0.9,2.2,-2.1,-3.5,-0.6,0.2,-1.2,1.5,108,108,0.8,-1.6,1.3,3,3,3
1,55222,919,3388,117469,St Philip Howard Catholic Primary School,Woods Avenue,,,Hatfield,AL10 8NN,01707263969,E14001027,Welwyn Hatfield,0,,,VA,0,Roman Catholic,3-11,0,0,481,61,59,28,31,47%,53%,7.7,12,21%,37,64%,9,16%,1,2%,11,19%,48,81%,40,68%,55,93%,47%,3%,0.7,-0.9,2.3,98%,-1.6,-3.2,-0.1,98%,-0.7,-2.2,0.8,98%,68%,36%,0%,105,76%,27%,0%,105,73%,10%,0%,103,58%,8%,41%,0%,71%,0%,32%,61%,0%,49%,100%,36%,50%,-30,48%,47%,0%,6%,0%,3%,11%,0%,4%,-10,5%,2%,-1.7,-4.1,0.6,2.8,0.6,5.0,-2.2,-5.8,1.3,0.9,-1.1,2.9,3.6,-0.5,7.7,-0.1,-3.9,3.6,0.9,-0.9,2.7,-0.5,1.1,-0.8,3.1,0.8,-0.9,2.4,-3.5,-5.8,-1.3,0.0,-2.1,2.1,-3.1,-6.5,0.3,-1.8,-3.7,0.2,0.7,-3.2,4.7,-1.9,-5.4,1.7,-1.6,-3.3,0.1,-2.3,-0.8,-2.7,1.1,-1.4,-3.0,0.2,-0.8,-3.1,1.4,-0.5,-2.6,1.5,-1.2,-4.5,2.2,-0.6,-2.5,1.3,-0.4,-4.3,3.4,-1.8,-5.3,1.7,-0.4,-2.1,1.3,-2.3,-0.3,-2.1,1.6,-0.6,-2.2,1.0,103,107,97,105,115,105,105,106,105,102,103,95,103,110,103,102,103,102,103,107,95,106,112,106,105,105,105,25%,73%,100%,73%,67%,8%,92%,100%,91%,73%,17%,84%,100%,82%,71%,8%,62%,100%,55%,58%,0%,30%,100%,27%,38%,0%,24%,67%,18%,29%,0%,8%,33%,0%,13%,0%,5%,33%,18%,6%,19,32%,0,0%,3,5%,10,17%,13,22%,,,,,,,,,,,,,,,,,,,,,52,25%,75%,62%,0%,38%,0%,69%,0%,0.9,-0.8,2.6,-3.4,-5.0,-1.9,0.6,-0.9,2.1,105,105,0.7,-1.6,-0.7,3,4,3
1,48704,919,3389,117470,St Adrian Roman Catholic Primary School,Watling View,,,St Albans,AL1 2PB,01727852687,E14000960,St Albans,0,,,VA,0,Roman Catholic,3-11,0,0,219,33,32,14,18,44%,56%,7.9,4,14%,17,59%,8,28%,3,9%,9,28%,23,72%,9,28%,30,94%,69%,3%,1.1,-1.2,3.4,91%,-1.3,-3.5,0.9,91%,1.2,-1.0,3.3,91%,81%,50%,0%,108,84%,44%,0%,108,78%,41%,0%,107,78%,3%,19%,0%,94%,0%,64%,72%,SUPP,65%,88%,78%,65%,12,89%,67%,0%,6%,SUPP,0%,13%,0%,4%,-10,0%,0%,0.1,-3.3,3.5,1.9,-1.2,5.0,SUPP,SUPP,SUPP,1.2,-1.7,4.2,1.6,-2.8,6.0,0.4,-4.0,4.7,1.4,-1.3,4.0,0.0,4.5,-0.6,9.5,0.7,-1.7,3.1,-2.8,-6.1,0.4,-0.1,-3.1,2.9,SUPP,SUPP,SUPP,-0.6,-3.5,2.3,-3.5,-7.7,0.7,-0.2,-4.4,3.9,-1.8,-4.3,0.8,-0.6,1.0,-3.9,5.8,-1.6,-3.9,0.7,3.8,0.6,7.0,-0.9,-3.8,2.0,SUPP,SUPP,SUPP,0.7,-2.1,3.5,3.2,-0.9,7.3,-1.7,-5.8,2.4,2.3,-0.2,4.8,-2.2,5.9,1.2,10.7,0.9,-1.3,3.1,107,109,SUPP,106,113,109,108,110,107,110,106,SUPP,105,113,105,108,110,107,108,108,SUPP,104,115,108,107,108,107,SUPP,82%,100%,89%,78%,SUPP,82%,100%,89%,83%,SUPP,71%,100%,78%,78%,SUPP,82%,88%,89%,74%,SUPP,35%,75%,44%,52%,SUPP,24%,100%,44%,43%,SUPP,24%,75%,11%,52%,SUPP,0%,13%,0%,4%,23,72%,0,0%,0,0%,5,16%,5,16%,,,,,,,,,,,,,,,,,,,,,30,7%,93%,87%,17%,SUPP,SUPP,SUPP,SUPP,3.2,1.0,5.5,0.2,-1.8,2.2,2.6,0.7,4.6,109,109,1.1,-1.4,1.2,3,3,3
1,48830,919,3391,117471,Saint Albert the Great Catholic Primary School,Acorn Road,Bennetts End,,Hemel Hempstead,HP3 8DW,01442264835,E14000739,Hemel Hempstead,149741,"Saint Albert the Great Catholic Primary School, a Voluntary Academy",20230701,VA,0,Roman Catholic,3-11,0,0,217,28,28,14,14,50%,50%,7.9,5,19%,16,59%,6,22%,1,4%,5,18%,23,82%,10,36%,27,96%,39%,4%,-0.1,-2.5,2.2,96%,-2.0,-4.3,0.3,96%,-1.0,-3.2,1.2,96%,79%,25%,0%,104,71%,21%,0%,103,64%,21%,0%,102,54%,11%,43%,0%,86%,0%,29%,50%,SUPP,31%,100%,SUPP,SUPP,SUPP,50%,41%,0%,7%,SUPP,0%,17%,SUPP,SUPP,SUPP,0%,4%,-2.0,-5.4,1.4,1.6,-1.7,4.9,SUPP,SUPP,SUPP,-2.4,-5.4,0.7,3.9,-1.2,8.9,SUPP,SUPP,SUPP,SUPP,SUPP,SUPP,SUPP,-0.2,-4.4,3.9,0.1,-2.3,2.5,-4.8,-8.1,-1.5,0.6,-2.6,3.7,SUPP,SUPP,SUPP,-3.2,-6.2,-0.2,0.3,-4.6,5.1,SUPP,SUPP,SUPP,SUPP,SUPP,SUPP,SUPP,0.0,-4.0,3.9,-2.3,-4.6,0.0,-1.1,-4.3,2.1,-0.9,-4.0,2.2,SUPP,SUPP,SUPP,-1.3,-4.2,1.6,1.4,-3.3,6.2,SUPP,SUPP,SUPP,SUPP,SUPP,SUPP,SUPP,-0.8,-4.6,3.1,-1.0,-3.2,1.3,102,107,SUPP,102,116,SUPP,SUPP,104,105,101,104,SUPP,102,113,SUPP,SUPP,102,103,101,106,SUPP,102,114,SUPP,SUPP,104,104,SUPP,75%,100%,SUPP,SUPP,SUPP,81%,100%,SUPP,SUPP,SUPP,75%,100%,SUPP,SUPP,SUPP,50%,100%,SUPP,SUPP,SUPP,6%,100%,SUPP,SUPP,SUPP,6%,83%,SUPP,SUPP,SUPP,6%,83%,SUPP,SUPP,SUPP,6%,33%,SUPP,SUPP,18,64%,0,0%,1,4%,3,11%,4,14%,,,,,,,,,,,,,,,,,,,,,30,17%,83%,73%,10%,SUPP,SUPP,SUPP,SUPP,-0.6,-2.8,1.7,-1.5,-3.6,0.5,-1.3,-3.2,0.7,104,105,-0.1,-2.5,-1.0,3,3,3
1,1254,919,3393,117472,"All Saints Church of England Primary School and Nursery, Bishop's Stortford",Parsonage Lane,,,Bishop's Stortford,CM23 5BE,01279836006,E14000744,Hertford and Stortford,0,,,VA,0,Church of England,3-11,0,0,219,31,31,13,18,42%,58%,7.8,5,19%,11,42%,10,38%,5,16%,4,13%,27,87%,12,39%,27,87%,42%,0%,0.1,-2.3,2.5,84%,-5.4,-7.8,-3.1,84%,0.2,-2.1,2.5,84%,74%,39%,0%,107,81%,42%,0%,107,81%,39%,0%,106,45%,0%,39%,0%,58%,0%,38%,44%,SUPP,27%,80%,SUPP,SUPP,SUPP,33%,44%,0%,0%,SUPP,0%,0%,SUPP,SUPP,SUPP,0%,0%,-3.0,-6.9,0.9,2.0,-1.1,5.1,SUPP,SUPP,SUPP,1.0,-2.7,4.7,-0.5,-4.3,3.4,SUPP,SUPP,SUPP,SUPP,SUPP,SUPP,SUPP,3.2,-1.1,7.6,0.1,-2.3,2.5,-6.7,-10.5,-3.0,-4.7,-7.6,-1.7,SUPP,SUPP,SUPP,-4.7,-8.3,-1.1,-5.7,-9.5,-2.0,SUPP,SUPP,SUPP,SUPP,SUPP,SUPP,SUPP,-3.8,-8.0,0.4,-5.4,-7.8,-3.1,-1.5,-5.2,2.1,1.3,-1.6,4.2,SUPP,SUPP,SUPP,0.9,-2.6,4.4,0.3,-3.4,3.9,SUPP,SUPP,SUPP,SUPP,SUPP,SUPP,SUPP,4.5,0.4,8.6,0.2,-2.1,2.5,107,107,SUPP,105,111,SUPP,SUPP,105,107,106,106,SUPP,104,111,SUPP,SUPP,107,105,106,108,SUPP,106,112,SUPP,SUPP,107,107,SUPP,73%,90%,SUPP,SUPP,SUPP,91%,100%,SUPP,SUPP,SUPP,82%,100%,SUPP,SUPP,SUPP,36%,80%,SUPP,SUPP,SUPP,18%,70%,SUPP,SUPP,SUPP,27%,80%,SUPP,SUPP,SUPP,18%,80%,SUPP,SUPP,SUPP,0%,0%,SUPP,SUPP,19,61%,0,0%,1,3%,2,6%,3,10%,,,,,,,,,,,,,,,,,,,,,30,10%,90%,83%,20%,SUPP,SUPP,SUPP,SUPP,1.6,-0.7,3.8,-1.7,-3.7,0.4,1.2,-0.8,3.2,109,109,-0.1,-5.5,0.1,3,5,3
1,12350,919,3394,117473,Christ Church CofE (VA) Primary School and Nursery,New Road,,,Ware,SG12 7BT,01920462158,E14000744,Hertford and Stortford,0,,,VA,0,Church of England,3-11,0,0,311,40,40,21,19,53%,48%,7.4,10,26%,17,44%,12,31%,1,3%,8,20%,32,80%,3,8%,36,90%,45%,5%,-1.8,-3.8,0.2,95%,-0.3,-2.2,1.6,98%,-2.5,-4.3,-0.6,95%,70%,15%,3%,104,55%,15%,3%,102,53%,18%,3%,102,73%,10%,15%,0%,75%,0%,52%,37%,0%,35%,100%,13%,53%,-53,SUPP,47%,10%,0%,0%,0%,17%,0%,6%,-10,SUPP,6%,-1.5,-4.3,1.2,-2.2,-5.1,0.8,-0.7,-4.6,3.2,-2.4,-5.5,0.7,-1.9,-5.5,1.6,-1.2,-6.3,3.8,-1.9,-4.1,0.2,-1.6,SUPP,SUPP,SUPP,-2.3,-4.4,-0.2,-0.8,-3.4,1.7,0.3,-2.5,3.1,-1.4,-5.1,2.4,0.1,-2.7,3.0,0.0,-3.5,3.4,-3.8,-8.3,0.6,0.5,-1.6,2.6,-4.2,SUPP,SUPP,SUPP,-0.5,-2.5,1.5,-1.2,-3.8,1.4,-3.9,-6.6,-1.2,-2.2,-5.9,1.5,-4.1,-7.0,-1.2,-0.5,-3.9,2.8,-1.8,-6.5,2.9,-2.6,-4.6,-0.5,-2.3,SUPP,SUPP,SUPP,-2.6,-4.6,-0.6,106,102,100,102,109,105,104,SUPP,104,105,99,95,100,110,94,103,SUPP,102,104,100,95,100,109,97,103,SUPP,102,40%,65%,100%,50%,75%,0%,59%,100%,0%,69%,20%,41%,100%,13%,63%,20%,82%,100%,25%,84%,0%,0%,50%,0%,19%,0%,0%,50%,0%,19%,0%,0%,58%,0%,22%,0%,0%,33%,0%,13%,37,93%,0,0%,4,10%,8,20%,12,30%,,,,,,,,,,,,,,,,,,,,,44,18%,82%,59%,2%,13%,0%,69%,3%,2.6,0.8,4.5,-0.1,-1.8,1.6,-1.8,-3.5,-0.2,106,102,-1.8,-0.3,-2.5,3,3,4
1,52726,919,3397,117474,St Margaret Clitherow Roman Catholic Primary School,Monkswood Lane,(Off Monkswood Way),,Stevenage,SG2 8QJ,01438352863,E14000968,Stevenage,0,,,VA,0,Roman Catholic,3-11,0,0,237,30,30,16,14,53%,47%,7.9,7,24%,12,41%,10,34%,1,3%,2,7%,28,93%,7,23%,30,100%,70%,13%,1.3,-1.1,3.6,93%,0.0,-2.2,2.2,97%,2.8,0.6,4.9,97%,73%,33%,3%,106,80%,47%,3%,107,80%,40%,0%,107,73%,20%,23%,0%,80%,0%,56%,86%,14%,83%,90%,SUPP,SUPP,SUPP,71%,70%,6%,21%,0%,0%,40%,SUPP,SUPP,SUPP,14%,13%,0.9,-2.3,4.1,1.7,-1.7,5.1,-2.3,-7.0,2.4,2.6,-0.9,6.2,2.3,-1.8,6.4,SUPP,SUPP,SUPP,SUPP,SUPP,SUPP,SUPP,-0.4,-5.1,4.2,1.3,-1.1,3.6,-1.1,-4.1,1.8,1.4,-1.9,4.7,-1.2,-5.7,3.3,1.1,-2.3,4.6,-0.6,-4.3,3.2,SUPP,SUPP,SUPP,SUPP,SUPP,SUPP,SUPP,0.8,-3.7,5.3,0.0,-2.2,2.2,2.1,-0.8,5.0,3.6,0.4,6.8,-0.7,-5.0,3.7,4.0,0.6,7.3,3.7,0.1,7.4,SUPP,SUPP,SUPP,SUPP,SUPP,SUPP,SUPP,5.3,0.9,9.7,2.8,0.6,4.9,105,108,94,108,113,SUPP,SUPP,106,106,105,108,94,108,113,SUPP,SUPP,110,107,105,110,95,109,114,SUPP,SUPP,109,107,14%,92%,90%,SUPP,SUPP,29%,100%,90%,SUPP,SUPP,29%,100%,90%,SUPP,SUPP,14%,92%,90%,SUPP,SUPP,0%,33%,50%,SUPP,SUPP,0%,50%,70%,SUPP,SUPP,0%,42%,70%,SUPP,SUPP,0%,8%,40%,SUPP,SUPP,23,77%,0,0%,2,7%,4,13%,6,20%,,,,,,,,,,,,,,,,,,,,,30,10%,90%,70%,7%,SUPP,SUPP,SUPP,SUPP,-2.0,-4.2,0.3,-1.7,-3.7,0.3,-1.9,-3.8,0.1,106,106,1.3,0.0,2.5,3,3,2
1,51424,919,3398,146859,St John Catholic Primary School,Berry Lane,Mill End,,Rickmansworth,WD3 7HG,01923774004,E14000951,South West Hertfordshire,0,,,ACC,0,Roman Catholic,4-11,0,0,188,29,30,15,15,50%,50%,8.0,4,14%,12,41%,13,45%,1,3%,7,23%,23,77%,3,10%,27,90%,57%,3%,-0.6,-2.9,1.7,97%,1.5,-0.7,3.7,97%,-1.5,-3.6,0.7,97%,67%,20%,0%,105,53%,13%,0%,102,73%,17%,0%,104,87%,20%,13%,0%,93%,0%,67%,47%,SUPP,50%,77%,29%,65%,-37,SUPP,56%,0%,7%,SUPP,0%,8%,0%,4%,-10,SUPP,4%,0.2,-3.0,3.5,-1.4,-4.6,1.8,SUPP,SUPP,SUPP,-1.5,-5.1,2.1,0.5,-2.9,3.9,-3.5,-8.2,1.2,0.3,-2.3,2.9,-3.9,SUPP,SUPP,SUPP,-1.1,-3.5,1.3,0.6,-2.6,3.8,2.4,-0.7,5.5,SUPP,SUPP,SUPP,3.2,-0.3,6.6,0.2,-3.1,3.5,2.6,-1.9,7.1,1.2,-1.3,3.7,2.2,SUPP,SUPP,SUPP,1.8,-0.5,4.1,-0.9,-4.0,2.2,-2.0,-5.0,0.9,SUPP,SUPP,SUPP,-0.8,-4.1,2.6,-1.6,-4.8,1.6,-1.8,-6.2,2.6,-1.4,-3.9,1.1,-2.3,SUPP,SUPP,SUPP,-1.5,-3.7,0.7,108,103,SUPP,102,111,99,107,SUPP,105,106,101,SUPP,102,107,100,105,SUPP,103,102,102,SUPP,99,105,98,103,SUPP,101,SUPP,58%,92%,29%,78%,SUPP,50%,69%,14%,65%,SUPP,75%,92%,57%,78%,SUPP,100%,92%,71%,91%,SUPP,0%,46%,0%,26%,SUPP,0%,23%,14%,13%,SUPP,0%,31%,14%,17%,SUPP,0%,38%,14%,22%,27,90%,0,0%,0,0%,8,27%,8,27%,,,,,,,,,,,,,,,,,,,,,30,3%,97%,80%,7%,SUPP,SUPP,SUPP,SUPP,1.0,-1.2,3.2,-1.1,-3.2,0.9,-0.8,-2.7,1.1,107,106,-0.6,1.5,-1.5,3,3,3
1,42174,919,3399,138322,Our Lady Catholic Primary School,Old Hale Way,,,Hitchin,SG5 1XT,01462622555,E14000749,Hitchin and Harpenden,0,,,ACC,0,Roman Catholic,5-11,0,0,160,30,31,17,14,55%,45%,7.9,7,23%,10,33%,13,43%,1,3%,6,19%,25,81%,3,10%,28,90%,61%,26%,2.2,0.0,4.5,97%,1.8,-0.4,3.9,97%,1.8,-0.3,3.9,97%,71%,42%,0%,107,74%,39%,0%,106,71%,35%,0%,106,74%,29%,26%,0%,90%,0%,59%,64%,0%,80%,85%,17%,72%,-49,SUPP,68%,24%,29%,0%,20%,46%,17%,28%,7,SUPP,29%,2.8,-0.2,5.8,1.5,-1.9,4.9,2.8,-1.9,7.4,1.7,-2.2,5.6,2.4,-1.1,5.8,-0.3,-5.3,4.8,2.9,0.3,5.4,-0.7,SUPP,SUPP,SUPP,2.8,0.4,5.1,2.2,-0.7,5.0,1.2,-2.1,4.5,0.7,-3.7,5.2,4.0,0.3,7.8,0.6,-2.7,3.9,-2.7,-7.5,2.2,2.9,0.4,5.3,-3.1,SUPP,SUPP,SUPP,2.4,0.2,4.7,3.8,1.0,6.6,-0.7,-4.0,2.5,2.7,-1.7,7.1,3.9,0.2,7.6,-0.2,-3.5,3.0,-1.0,-5.7,3.8,2.5,0.1,4.9,-1.5,SUPP,SUPP,SUPP,2.6,0.4,4.8,107,107,99,106,113,101,109,SUPP,108,107,105,97,108,109,100,108,SUPP,107,105,107,95,105,112,96,108,SUPP,107,29%,80%,92%,33%,80%,29%,80%,92%,17%,88%,14%,90%,85%,33%,80%,14%,90%,92%,17%,88%,0%,30%,77%,17%,48%,0%,10%,85%,0%,48%,0%,30%,62%,17%,40%,0%,30%,46%,17%,32%,28,90%,0,0%,1,3%,3,10%,4,13%,,,,,,,,,,,,,,,,,,,,,33,18%,82%,58%,12%,50%,0%,59%,15%,-2.6,-4.8,-0.4,-4.4,-6.4,-2.3,-3.8,-5.7,-1.9,105,104,2.2,1.8,1.8,3,3,3
1,55758,919,3400,138354,St Thomas More Roman Catholic Primary School,Highfield,,,Letchworth Garden City,SG6 3QB,01462620670,E14000845,North East Hertfordshire,0,,,ACC,0,Roman Catholic,3-11,0,0,224,30,30,11,19,37%,63%,8.5,4,13%,12,40%,14,47%,0,0%,2,7%,28,93%,9,30%,30,100%,73%,17%,-1.7,-4.0,0.5,100%,1.1,-1.1,3.2,100%,-1.2,-3.3,0.9,100%,83%,20%,0%,106,87%,40%,0%,106,80%,33%,0%,105,83%,33%,17%,0%,87%,0%,91%,63%,SUPP,67%,93%,SUPP,SUPP,SUPP,67%,73%,18%,16%,SUPP,0%,36%,SUPP,SUPP,SUPP,11%,17%,-1.4,-5.1,2.4,-2.0,-4.8,0.9,SUPP,SUPP,SUPP,-1.1,-4.7,2.4,-2.6,-5.9,0.7,SUPP,SUPP,SUPP,SUPP,SUPP,SUPP,SUPP,-1.4,-5.5,2.7,-1.7,-4.0,0.5,1.3,-2.3,4.8,0.9,-1.8,3.7,SUPP,SUPP,SUPP,2.0,-1.5,5.4,0.5,-2.6,3.7,SUPP,SUPP,SUPP,SUPP,SUPP,SUPP,SUPP,1.5,-2.5,5.4,1.1,-1.1,3.2,0.7,-2.8,4.2,-2.3,-4.9,0.4,SUPP,SUPP,SUPP,-1.5,-4.8,1.9,-1.4,-4.5,1.7,SUPP,SUPP,SUPP,SUPP,SUPP,SUPP,SUPP,-0.5,-4.4,3.3,-1.2,-3.3,0.9,107,105,SUPP,104,110,SUPP,SUPP,104,106,109,103,SUPP,103,110,SUPP,SUPP,104,105,109,105,SUPP,106,110,SUPP,SUPP,104,106,SUPP,83%,100%,SUPP,SUPP,SUPP,92%,100%,SUPP,SUPP,SUPP,75%,100%,SUPP,SUPP,SUPP,92%,93%,SUPP,SUPP,SUPP,0%,43%,SUPP,SUPP,SUPP,25%,64%,SUPP,SUPP,SUPP,8%,64%,SUPP,SUPP,SUPP,17%,57%,SUPP,SUPP,21,70%,0,0%,0,0%,4,13%,4,13%,,,,,,,,,,,,,,,,,,,,,30,10%,90%,70%,17%,SUPP,SUPP,SUPP,SUPP,-1.1,-3.3,1.1,0.4,-1.7,2.4,-2.1,-4.0,-0.2,106,105,-1.7,1.1,-1.2,3,3,3
1,50298,919,3401,117478,St Dominic Catholic Primary School,St Dominic Catholic Primary School,Southdown Road,,HARPENDEN,AL5 1PF,01582760047,E14000749,Hitchin and Harpenden,0,,,VA,0,Roman Catholic,3-11,0,0,240,31,31,16,15,52%,48%,8.6,2,7%,11,41%,14,52%,4,13%,0,0%,31,100%,7,23%,29,94%,97%,29%,3.2,0.8,5.5,87%,2.4,0.1,4.7,87%,2.9,0.7,5.1,87%,100%,55%,0%,111,97%,55%,0%,109,97%,61%,0%,110,100%,32%,0%,0%,94%,0%,94%,100%,SUPP,100%,100%,,SUPP,,100%,97%,31%,27%,SUPP,9%,50%,,SUPP,,14%,31%,3.0,-0.4,6.4,3.3,0.0,6.6,SUPP,SUPP,SUPP,4.6,0.9,8.3,2.0,-1.3,5.3,,,,SUPP,SUPP,SUPP,,SUPP,SUPP,SUPP,3.2,0.8,5.5,3.2,0.0,6.5,1.7,-1.5,4.8,SUPP,SUPP,SUPP,2.7,-0.8,6.3,1.6,-1.6,4.7,,,,SUPP,SUPP,SUPP,,SUPP,SUPP,SUPP,2.4,0.1,4.7,4.0,0.8,7.2,1.9,-1.2,5.0,SUPP,SUPP,SUPP,4.4,0.9,7.9,1.6,-1.5,4.7,,,,SUPP,SUPP,SUPP,,SUPP,SUPP,SUPP,2.9,0.7,5.1,111,112,SUPP,109,114,,SUPP,111,111,112,109,SUPP,108,112,,SUPP,113,110,109,110,SUPP,107,113,,SUPP,108,109,SUPP,100%,100%,,SUPP,SUPP,100%,100%,,SUPP,SUPP,100%,100%,,SUPP,SUPP,100%,100%,,SUPP,SUPP,36%,79%,,SUPP,SUPP,27%,86%,,SUPP,SUPP,55%,71%,,SUPP,SUPP,9%,57%,,SUPP,24,77%,0,0%,0,0%,0,0%,0,0%,,,,,,,,,,,,,,,,,,,,,60,2%,98%,93%,35%,SUPP,SUPP,SUPP,SUPP,4.2,2.6,5.8,0.4,-1.1,1.9,1.6,0.2,3.0,112,109,3.2,2.4,2.9,1,2,2
1,55762,919,3402,117479,St Thomas More Roman Catholic Voluntary Aided Primary School,Greenway,,,Berkhamsted,HP4 3LF,01442385060,E14000951,South West Hertfordshire,149742,"St Thomas More Roman Catholic Primary School, a Voluntary Academy",20230601,VA,0,Roman Catholic,3-11,0,0,182,21,21,11,10,52%,48%,7.7,5,25%,8,40%,7,35%,1,5%,2,10%,19,90%,5,24%,20,95%,57%,10%,-0.5,-3.2,2.3,95%,-2.7,-5.3,0.0,95%,-0.3,-2.9,2.3,95%,67%,33%,0%,108,71%,48%,0%,108,62%,33%,0%,106,57%,10%,24%,0%,57%,0%,73%,40%,SUPP,63%,100%,SUPP,SUPP,SUPP,SUPP,60%,0%,20%,SUPP,0%,29%,SUPP,SUPP,SUPP,SUPP,10%,0.3,-3.4,4.0,-1.5,-5.6,2.7,SUPP,SUPP,SUPP,-0.3,-4.7,4.0,4.1,-0.6,8.7,SUPP,SUPP,SUPP,SUPP,SUPP,SUPP,SUPP,SUPP,SUPP,SUPP,-0.5,-3.2,2.3,-1.3,-4.9,2.3,-4.4,-8.3,-0.4,SUPP,SUPP,SUPP,-2.0,-6.2,2.2,-1.3,-5.8,3.1,SUPP,SUPP,SUPP,SUPP,SUPP,SUPP,SUPP,SUPP,SUPP,SUPP,-2.7,-5.3,0.0,2.2,-1.3,5.7,-3.3,-7.2,0.6,SUPP,SUPP,SUPP,-1.6,-5.7,2.5,2.3,-2.1,6.6,SUPP,SUPP,SUPP,SUPP,SUPP,SUPP,SUPP,SUPP,SUPP,SUPP,-0.3,-2.9,2.3,107,109,SUPP,104,116,SUPP,SUPP,SUPP,108,108,102,SUPP,102,113,SUPP,SUPP,SUPP,106,111,106,SUPP,107,116,SUPP,SUPP,SUPP,108,SUPP,88%,100%,SUPP,SUPP,SUPP,88%,100%,SUPP,SUPP,SUPP,63%,100%,SUPP,SUPP,SUPP,63%,100%,SUPP,SUPP,SUPP,0%,100%,SUPP,SUPP,SUPP,38%,100%,SUPP,SUPP,SUPP,13%,86%,SUPP,SUPP,SUPP,0%,29%,SUPP,SUPP,16,76%,0,0%,3,14%,6,29%,9,43%,,,,,,,,,,,,,,,,,,,,,27,11%,89%,78%,0%,SUPP,SUPP,SUPP,SUPP,0.2,-2.1,2.5,-4.2,-6.4,-2.1,-0.3,-2.3,1.8,107,107,-0.5,-2.7,-0.3,3,3,3
1,51462,919,3403,148990,"St John Fisher Catholic Primary School, a Voluntary Academy",Hazelmere Road,,,St Albans,AL4 9RW,01727861077,E14000960,St Albans,0,,,ACC,0,Roman Catholic,4-11,0,0,162,33,32,12,20,38%,63%,8.2,3,12%,10,38%,13,50%,6,19%,1,3%,31,97%,7,22%,31,97%,81%,19%,1.5,-0.9,4.0,78%,2.8,0.4,5.1,78%,0.5,-1.9,2.8,78%,87%,48%,0%,108,87%,45%,0%,107,88%,38%,3%,108,97%,32%,3%,0%,100%,0%,73%,85%,SUPP,78%,100%,SUPP,SUPP,SUPP,71%,80%,18%,20%,SUPP,0%,23%,SUPP,SUPP,SUPP,43%,17%,0.0,-4.1,4.1,2.4,-0.7,5.5,SUPP,SUPP,SUPP,1.9,-2.2,6.0,1.0,-2.4,4.4,SUPP,SUPP,SUPP,SUPP,SUPP,SUPP,SUPP,SUPP,SUPP,SUPP,1.5,-0.9,4.0,2.1,-1.9,6.0,3.1,0.2,6.1,SUPP,SUPP,SUPP,2.8,-1.2,6.7,2.0,-1.3,5.3,SUPP,SUPP,SUPP,SUPP,SUPP,SUPP,SUPP,SUPP,SUPP,SUPP,2.8,0.4,5.1,1.3,-2.6,5.1,0.0,-2.9,2.9,SUPP,SUPP,SUPP,1.3,-2.6,5.1,-0.4,-3.6,2.8,SUPP,SUPP,SUPP,SUPP,SUPP,SUPP,SUPP,SUPP,SUPP,SUPP,0.5,-1.9,2.8,106,109,SUPP,106,112,SUPP,SUPP,105,108,108,108,SUPP,105,109,SUPP,SUPP,112,107,104,108,SUPP,104,109,SUPP,SUPP,109,106,SUPP,89%,100%,SUPP,SUPP,SUPP,89%,100%,SUPP,SUPP,SUPP,80%,100%,SUPP,SUPP,SUPP,100%,100%,SUPP,SUPP,SUPP,33%,69%,SUPP,SUPP,SUPP,22%,62%,SUPP,SUPP,SUPP,10%,38%,SUPP,SUPP,SUPP,0%,54%,SUPP,SUPP,25,78%,0,0%,0,0%,4,13%,4,13%,,,,,,,,,,,,,,,,,,,,,29,24%,76%,69%,17%,57%,14%,73%,18%,0.2,-2.2,2.6,2.3,0.1,4.5,-1.0,-3.1,1.2,105,104,1.5,2.8,0.5,3,2,3
1,27522,919,3404,117481,The Holy Family Catholic Primary School,Crookhams,,,Welwyn Garden City,AL7 1PG,01707375518,E14001027,Welwyn Hatfield,0,,,VA,0,Roman Catholic,3-11,0,0,210,29,29,14,15,48%,52%,8.1,4,15%,13,48%,10,37%,2,7%,12,41%,17,59%,7,24%,28,97%,55%,17%,2.3,-0.1,4.7,93%,-0.5,-2.8,1.8,93%,-1.0,-3.2,1.3,93%,72%,52%,0%,108,83%,41%,0%,107,76%,31%,0%,104,66%,17%,34%,0%,76%,0%,43%,67%,SUPP,46%,100%,42%,65%,-24,29%,57%,7%,27%,SUPP,0%,50%,0%,29%,-10,29%,18%,5.1,1.5,8.6,0.1,-3.1,3.3,SUPP,SUPP,SUPP,1.6,-1.8,5.1,3.9,0.0,7.8,1.1,-2.6,4.8,3.1,0.1,6.2,0.7,-1.7,-6.7,3.4,2.8,0.4,5.2,-0.5,-3.9,2.9,-0.5,-3.6,2.5,SUPP,SUPP,SUPP,-1.1,-4.3,2.2,0.8,-3.0,4.5,-0.7,-4.3,2.9,-0.4,-3.4,2.6,-1.1,-1.1,-5.9,3.8,-0.3,-2.6,2.1,-0.9,-4.2,2.5,-1.0,-4.0,2.0,SUPP,SUPP,SUPP,-1.2,-4.4,2.0,3.0,-0.7,6.6,-3.4,-6.8,0.1,0.7,-2.2,3.6,-3.9,-1.4,-6.1,3.3,-0.8,-3.0,1.5,107,108,SUPP,106,116,104,110,103,108,102,106,SUPP,102,113,100,107,103,104,105,108,SUPP,105,114,103,109,105,107,SUPP,69%,100%,67%,76%,SUPP,85%,100%,75%,88%,SUPP,77%,100%,58%,88%,SUPP,69%,100%,58%,71%,SUPP,46%,90%,33%,65%,SUPP,23%,90%,17%,59%,SUPP,0%,90%,8%,47%,SUPP,0%,50%,0%,29%,22,76%,0,0%,0,0%,5,17%,5,17%,,,,,,,,,,,,,,,,,,,,,25,32%,68%,76%,8%,63%,0%,82%,12%,1.4,-1.0,3.8,-2.5,-4.7,-0.2,-0.3,-2.4,1.8,107,105,2.3,-0.5,-1.0,3,3,3
1,14504,919,3406,140238,Countess Anne Church of England School,School Lane,,,Hatfield,AL10 8AX,01707262840,E14001027,Welwyn Hatfield,0,,,ACC,0,Church of England,5-11,0,0,211,30,31,11,20,35%,65%,8.5,4,15%,9,33%,14,52%,4,13%,6,19%,25,81%,11,35%,27,87%,68%,13%,-0.2,-2.6,2.2,84%,-1.4,-3.8,0.9,84%,-0.2,-2.4,2.1,84%,81%,42%,0%,107,74%,26%,0%,106,90%,19%,0%,107,74%,23%,23%,3%,81%,3%,73%,65%,SUPP,56%,100%,33%,76%,-33,82%,74%,9%,15%,SUPP,0%,21%,0%,16%,-10,27%,15%,-1.5,-5.6,2.6,0.5,-2.5,3.5,SUPP,SUPP,SUPP,-0.3,-4.5,3.8,-0.7,-4.0,2.6,-4.3,-9.3,0.8,1.0,-1.8,3.8,-4.7,1.8,-2.3,5.9,0.0,-2.5,2.4,-4.9,-8.9,-1.0,0.4,-2.5,3.3,SUPP,SUPP,SUPP,-2.5,-6.5,1.4,-1.0,-4.2,2.2,-4.1,-9.0,0.7,-0.6,-3.3,2.0,-4.5,2.0,-2.0,5.9,-1.1,-3.4,1.3,-1.5,-5.3,2.4,0.5,-2.3,3.4,SUPP,SUPP,SUPP,0.4,-3.5,4.2,-1.4,-4.5,1.7,-2.7,-7.4,2.1,0.6,-2.0,3.2,-3.2,1.9,-1.9,5.8,-0.2,-2.5,2.1,108,107,SUPP,105,112,102,109,109,108,109,106,SUPP,105,110,103,108,108,107,106,105,SUPP,103,110,103,106,109,106,SUPP,89%,100%,67%,84%,SUPP,78%,100%,67%,76%,SUPP,100%,100%,83%,92%,SUPP,67%,100%,50%,80%,SUPP,22%,71%,33%,44%,SUPP,11%,43%,17%,28%,SUPP,0%,36%,0%,24%,SUPP,0%,43%,17%,24%,19,61%,1,3%,1,3%,5,16%,6,19%,,,,,,,,,,,,,,,,,,,,,31,42%,58%,71%,10%,77%,8%,67%,11%,-0.1,-2.3,2.0,1.6,-0.4,3.6,0.9,-1.0,2.8,104,106,-0.2,-1.4,-0.2,3,3,3
1,50184,919,3408,148496,St Cross Catholic Primary School,Upper Marsh Lane,,,Hoddesdon,EN11 8BN,01992467309,E14000606,Broxbourne,0,,,ACC,0,Roman Catholic,5-11,0,0,209,27,28,9,19,32%,68%,8.1,5,19%,13,48%,9,33%,1,4%,1,4%,27,96%,3,11%,25,89%,68%,25%,-0.9,-3.3,1.4,96%,2.1,-0.2,4.4,96%,0.6,-1.6,2.9,96%,68%,36%,0%,106,79%,50%,0%,107,79%,32%,0%,107,79%,36%,14%,0%,93%,0%,89%,58%,SUPP,77%,100%,SUPP,SUPP,SUPP,SUPP,68%,56%,11%,SUPP,0%,78%,SUPP,SUPP,SUPP,SUPP,24%,0.7,-3.7,5.0,-1.6,-4.4,1.2,SUPP,SUPP,SUPP,-0.5,-3.9,2.9,0.8,-3.3,4.9,SUPP,SUPP,SUPP,SUPP,SUPP,SUPP,SUPP,SUPP,SUPP,SUPP,-1.4,-3.9,1.1,5.1,0.9,9.3,0.8,-1.9,3.6,SUPP,SUPP,SUPP,2.2,-1.1,5.5,3.9,0.0,7.9,SUPP,SUPP,SUPP,SUPP,SUPP,SUPP,SUPP,SUPP,SUPP,SUPP,1.9,-0.5,4.3,3.8,-0.3,7.9,-0.7,-3.4,2.0,SUPP,SUPP,SUPP,1.0,-2.2,4.3,2.6,-1.3,6.5,SUPP,SUPP,SUPP,SUPP,SUPP,SUPP,SUPP,SUPP,SUPP,SUPP,0.3,-2.1,2.6,112,104,SUPP,105,113,SUPP,SUPP,SUPP,105,114,104,SUPP,105,114,SUPP,SUPP,SUPP,106,114,104,SUPP,107,114,SUPP,SUPP,SUPP,107,SUPP,77%,100%,SUPP,SUPP,SUPP,92%,100%,SUPP,SUPP,SUPP,92%,100%,SUPP,SUPP,SUPP,92%,100%,SUPP,SUPP,SUPP,15%,89%,SUPP,SUPP,SUPP,46%,89%,SUPP,SUPP,SUPP,8%,89%,SUPP,SUPP,SUPP,15%,89%,SUPP,SUPP,25,89%,0,0%,0,0%,4,14%,4,14%,,,,,,,,,,,,,,,,,,,,,31,16%,84%,84%,10%,SUPP,SUPP,SUPP,SUPP,-1.1,-3.3,1.1,0.5,-1.5,2.5,-0.4,-2.3,1.5,106,107,-0.9,2.1,0.6,3,3,3
1,16474,919,3410,146922,Divine Saviour Roman Catholic Primary School,Broomfield Rise,,,Abbots Langley,WD5 0HW,01923265607,E14001021,Watford,0,,,ACC,0,Roman Catholic,3-11,0,0,204,28,30,15,15,50%,50%,8.5,0,0%,16,53%,14,47%,0,0%,9,30%,21,70%,0,0%,29,97%,60%,3%,-1.8,-4.0,0.5,100%,-0.6,-2.7,1.6,100%,-3.3,-5.4,-1.2,100%,87%,23%,0%,106,73%,30%,0%,104,70%,13%,0%,103,83%,17%,17%,0%,93%,0%,60%,60%,,31%,93%,56%,62%,-10,,62%,7%,0%,,0%,7%,11%,0%,1,,3%,-0.2,-3.3,3.0,-3.4,-6.6,-0.2,NA,NA,NA,-1.2,-4.3,1.9,-2.5,-5.7,0.8,-2.4,-6.5,1.7,-1.5,-4.2,1.2,-2.8,NA,NA,NA,-1.7,-4.0,0.6,-2.8,-5.8,0.3,1.7,-1.4,4.7,NA,NA,NA,-0.8,-3.8,2.2,-0.3,-3.4,2.9,0.3,-3.6,4.3,-0.9,-3.5,1.7,-0.1,NA,NA,NA,-0.4,-2.6,1.9,-1.1,-4.1,1.9,-5.6,-8.6,-2.6,NA,NA,NA,-3.7,-6.6,-0.8,-2.9,-6.0,0.2,-5.1,-9.0,-1.2,-2.6,-5.1,0.0,-5.6,NA,NA,NA,-3.2,-5.3,-1.0,106,105,,102,109,105,106,,106,105,101,,99,107,102,104,,103,102,105,,100,108,104,103,,104,,75%,100%,78%,90%,,56%,93%,67%,76%,,50%,93%,56%,76%,,69%,100%,89%,81%,,6%,43%,22%,24%,,6%,57%,44%,24%,,0%,29%,22%,10%,,0%,36%,22%,14%,30,100%,0,0%,0,0%,3,10%,3,10%,,,,,,,,,,,,,,,,,,,,,31,19%,81%,65%,16%,33%,0%,72%,20%,-1.3,-3.5,0.8,0.3,-1.7,2.3,-1.3,-3.2,0.6,105,106,-1.8,-0.6,-3.5,3,3,4
1,51502,919,3413,138316,St John Roman Catholic Primary School,Providence Way,,,Baldock,SG7 6TT,01462892478,E14000845,North East Hertfordshire,0,,,ACC,0,Roman Catholic,3-11,0,0,166,31,31,14,17,45%,55%,7.6,6,19%,18,58%,7,23%,0,0%,9,29%,22,71%,2,6%,31,100%,55%,10%,-0.1,-2.4,2.1,97%,1.6,-0.5,3.8,100%,-0.5,-2.6,1.6,97%,74%,23%,3%,104,71%,10%,3%,103,74%,19%,3%,102,71%,23%,26%,0%,77%,0%,50%,59%,17%,56%,86%,33%,64%,-33,SUPP,55%,0%,18%,0%,0%,43%,11%,9%,1,SUPP,10%,-1.4,-4.8,2.0,0.8,-2.1,3.8,-4.1,-9.1,0.9,0.1,-2.9,3.1,2.7,-1.9,7.4,1.5,-2.9,5.8,-0.7,-3.3,1.9,1.1,SUPP,SUPP,SUPP,-0.1,-2.4,2.1,-2.1,-5.3,1.0,4.7,1.9,7.6,0.3,-4.5,5.2,2.1,-0.7,4.9,1.5,-3.0,5.9,0.7,-3.3,4.6,2.0,-0.5,4.5,0.3,SUPP,SUPP,SUPP,1.6,-0.5,3.8,2.4,-0.9,5.6,-2.6,-5.5,0.2,-0.5,-5.3,4.2,-1.1,-3.9,1.8,1.0,-3.4,5.3,-1.1,-5.2,3.0,-0.3,-2.7,2.2,-1.6,SUPP,SUPP,SUPP,-0.5,-2.6,1.6,103,106,95,104,113,104,105,SUPP,104,104,101,94,102,110,101,103,SUPP,102,101,104,93,103,111,102,103,SUPP,103,33%,78%,100%,67%,77%,0%,83%,100%,56%,77%,50%,72%,100%,56%,82%,33%,78%,86%,44%,82%,0%,11%,71%,22%,23%,0%,0%,43%,11%,9%,0%,6%,71%,22%,18%,0%,17%,57%,33%,18%,29,94%,0,0%,0,0%,6,19%,6,19%,,,,,,,,,,,,,,,,,,,,,29,14%,86%,66%,3%,SUPP,SUPP,SUPP,SUPP,-1.2,-3.4,1.1,-1.5,-3.6,0.6,-4.6,-6.5,-2.6,105,102,-0.1,1.6,-0.5,3,3,3
1,48578,919,3415,117488,Sacred Heart Catholic Primary School and Nursery,Merry Hill Road,,,Bushey,WD23 1SU,01923901179,E14000745,Hertsmere,0,,,VA,0,Roman Catholic,3-11,0,0,340,46,45,21,24,47%,53%,7.5,10,23%,26,60%,7,16%,2,4%,5,11%,40,89%,7,16%,41,91%,71%,9%,4.7,2.9,6.6,96%,0.6,-1.2,2.4,96%,4.1,2.3,5.8,96%,89%,40%,0%,108,91%,47%,0%,109,87%,36%,0%,106,76%,9%,16%,0%,91%,0%,67%,75%,30%,85%,86%,SUPP,SUPP,SUPP,71%,78%,5%,13%,0%,4%,43%,SUPP,SUPP,SUPP,0%,10%,3.9,1.1,6.6,5.5,2.9,8.1,5.6,1.7,9.5,4.7,2.3,7.1,3.8,-0.8,8.5,SUPP,SUPP,SUPP,SUPP,SUPP,SUPP,SUPP,SUPP,SUPP,SUPP,5.1,3.1,7.0,0.5,-2.2,3.1,0.8,-1.7,3.3,-2.1,-5.9,1.6,1.4,-1.0,3.7,1.9,-2.6,6.3,SUPP,SUPP,SUPP,SUPP,SUPP,SUPP,SUPP,SUPP,SUPP,SUPP,1.4,-0.5,3.2,4.8,2.2,7.4,3.4,1.0,5.8,3.0,-0.7,6.6,4.2,2.0,6.5,5.0,0.6,9.3,SUPP,SUPP,SUPP,SUPP,SUPP,SUPP,SUPP,SUPP,SUPP,SUPP,4.3,2.5,6.2,106,110,102,109,114,SUPP,SUPP,104,109,106,107,98,108,114,SUPP,SUPP,104,107,108,110,102,110,117,SUPP,SUPP,107,110,80%,96%,86%,SUPP,SUPP,70%,100%,100%,SUPP,SUPP,50%,100%,100%,SUPP,SUPP,30%,88%,100%,SUPP,SUPP,10%,46%,71%,SUPP,SUPP,10%,54%,86%,SUPP,SUPP,10%,35%,86%,SUPP,SUPP,0%,4%,43%,SUPP,SUPP,38,84%,0,0%,2,4%,4,9%,6,13%,,,,,,,,,,,,,,,,,,,,,43,5%,95%,65%,14%,SUPP,SUPP,SUPP,SUPP,-0.3,-2.2,1.6,-1.3,-3.0,0.5,-2.0,-3.7,-0.4,104,104,4.7,0.6,4.1,1,3,1
1,49730,919,3416,117489,Saint Bernadette Catholic Primary School,Walsingham Way,London Colney,,St Albans,AL2 1NL,01727822489,E14000960,St Albans,0,,,VA,0,Roman Catholic,4-11,0,0,216,29,29,12,17,41%,59%,8.4,2,7%,15,52%,12,41%,0,0%,5,17%,24,83%,4,14%,27,93%,72%,7%,0.8,-1.4,3.1,100%,-0.1,-2.3,2.1,100%,0.3,-1.9,2.4,100%,90%,45%,0%,108,86%,38%,0%,107,86%,31%,0%,106,83%,17%,17%,0%,83%,0%,75%,71%,SUPP,67%,92%,SUPP,SUPP,SUPP,SUPP,74%,0%,12%,SUPP,0%,17%,SUPP,SUPP,SUPP,SUPP,4%,1.1,-2.5,4.6,0.7,-2.3,3.7,SUPP,SUPP,SUPP,1.7,-1.4,4.9,-0.2,-3.7,3.4,SUPP,SUPP,SUPP,SUPP,SUPP,SUPP,SUPP,SUPP,SUPP,SUPP,1.0,-1.4,3.4,-1.9,-5.4,1.5,1.2,-1.7,4.0,SUPP,SUPP,SUPP,-0.7,-3.7,2.4,-0.1,-3.5,3.3,SUPP,SUPP,SUPP,SUPP,SUPP,SUPP,SUPP,SUPP,SUPP,SUPP,0.0,-2.3,2.2,2.6,-0.8,5.9,-1.4,-4.2,1.5,SUPP,SUPP,SUPP,-0.1,-3.1,2.9,1.7,-1.7,5.0,SUPP,SUPP,SUPP,SUPP,SUPP,SUPP,SUPP,SUPP,SUPP,SUPP,0.2,-2.1,2.4,107,108,SUPP,106,111,SUPP,SUPP,SUPP,108,108,105,SUPP,104,111,SUPP,SUPP,SUPP,106,105,109,SUPP,104,113,SUPP,SUPP,SUPP,107,SUPP,100%,92%,SUPP,SUPP,SUPP,80%,100%,SUPP,SUPP,SUPP,87%,100%,SUPP,SUPP,SUPP,73%,100%,SUPP,SUPP,SUPP,27%,75%,SUPP,SUPP,SUPP,13%,75%,SUPP,SUPP,SUPP,20%,50%,SUPP,SUPP,SUPP,7%,33%,SUPP,SUPP,25,86%,0,0%,0,0%,7,24%,7,24%,,,,,,,,,,,,,,,,,,,,,30,20%,80%,73%,10%,33%,0%,83%,13%,-1.3,-3.5,1.0,1.0,-1.1,3.0,-2.8,-4.7,-0.8,104,103,0.8,-0.1,0.3,3,3,3
1,65418,919,3419,117490,Welwyn St Mary's Church of England Voluntary Aided Primary School,15 London Road,,,Welwyn,AL6 9DJ,01438714169,E14001027,Welwyn Hatfield,0,,,VA,0,Church of England,4-11,0,0,421,59,58,34,24,59%,41%,8.1,10,18%,27,49%,18,33%,3,5%,9,16%,49,84%,4,7%,53,91%,55%,12%,1.4,-0.3,3.1,93%,-2.1,-3.7,-0.5,95%,0.2,-1.4,1.7,93%,71%,38%,2%,107,76%,33%,2%,105,72%,28%,2%,105,60%,12%,40%,0%,91%,0%,56%,54%,0%,52%,94%,22%,61%,-44,SUPP,55%,9%,17%,0%,0%,33%,0%,14%,-10,SUPP,9%,1.6,-0.6,3.7,1.2,-1.4,3.8,-1.5,-5.4,2.4,0.7,-1.7,3.1,4.1,1.2,7.0,-1.5,-5.9,2.9,1.9,0.1,3.7,-1.9,SUPP,SUPP,SUPP,1.3,-0.4,3.1,-2.8,-4.9,-0.7,-1.2,-3.7,1.3,-2.0,-5.8,1.7,-3.3,-5.5,-1.0,-0.5,-3.3,2.3,-6.6,-10.8,-2.4,-1.4,-3.1,0.4,-7.0,SUPP,SUPP,SUPP,-2.3,-3.9,-0.7,0.5,-1.5,2.6,-0.4,-2.9,2.1,-3.4,-7.1,0.3,0.4,-1.9,2.7,1.8,-0.9,4.5,-5.4,-9.5,-1.3,1.1,-0.6,2.8,-5.9,SUPP,SUPP,SUPP,0.1,-1.5,1.7,107,107,95,105,116,103,107,SUPP,107,105,105,92,105,112,100,106,SUPP,105,105,106,94,105,113,103,106,SUPP,105,20%,74%,100%,56%,73%,20%,85%,94%,78%,76%,20%,78%,94%,56%,76%,0%,59%,100%,33%,65%,0%,19%,89%,33%,39%,0%,19%,72%,11%,37%,0%,7%,72%,11%,31%,0%,0%,33%,0%,14%,54,93%,0,0%,0,0%,9,16%,9,16%,,,,,,,,,,,,,,,,,,,,,62,6%,94%,76%,24%,SUPP,SUPP,SUPP,SUPP,0.7,-0.8,2.3,-0.5,-1.9,0.9,1.1,-0.3,2.5,108,108,1.4,-2.1,0.1,3,4,3
1,48772,919,3421,117491,St Alban & St Stephen Catholic Primary School & Nursery,"St Alban & St Stephen Catholic Primary School, Cecil Road",,,St Albans,AL1 5EG,01727866668,E14000960,St Albans,0,,,VA,0,Roman Catholic,3-11,0,0,457,61,59,31,28,53%,47%,8.3,8,15%,14,26%,32,59%,5,8%,9,15%,50,85%,11,19%,56,95%,75%,14%,3.4,1.8,5.1,92%,0.7,-0.9,2.3,92%,0.6,-1.0,2.2,92%,88%,56%,0%,110,83%,54%,0%,108,83%,32%,0%,106,81%,19%,17%,0%,86%,0%,74%,75%,38%,57%,97%,56%,78%,-10,82%,77%,16%,11%,0%,0%,25%,0%,16%,-10,18%,14%,2.9,0.6,5.2,4.0,1.6,6.4,5.9,1.6,10.3,3.5,0.2,6.8,2.8,0.6,4.9,1.3,-2.8,5.4,3.9,2.0,5.7,0.9,4.7,0.6,8.8,3.3,1.6,5.0,-0.5,-2.8,1.7,2.1,-0.2,4.4,2.0,-2.2,6.2,1.5,-1.7,4.6,0.1,-2.0,2.2,-0.1,-4.1,3.8,0.9,-0.9,2.7,-0.5,3.1,-0.9,7.0,0.8,-0.9,2.4,0.9,-1.3,3.1,0.2,-2.1,2.5,0.8,-3.3,4.9,0.1,-3.0,3.2,0.8,-1.3,2.8,-2.9,-6.8,0.9,1.3,-0.4,3.0,-3.4,3.8,-0.1,7.6,0.6,-1.0,2.2,111,110,104,107,114,106,111,109,110,108,105,97,103,110,101,107,107,106,108,108,99,106,112,101,109,109,109,63%,86%,100%,78%,90%,38%,93%,97%,67%,86%,50%,79%,97%,67%,86%,38%,86%,97%,78%,82%,25%,29%,81%,22%,62%,13%,36%,78%,11%,62%,0%,14%,53%,22%,34%,0%,0%,34%,0%,22%,48,81%,0,0%,0,0%,4,7%,4,7%,,,,,,,,,,,,,,,,,,,,,60,10%,90%,78%,12%,50%,17%,81%,11%,3.3,1.7,4.9,-2.4,-3.8,-0.9,1.0,-0.4,2.3,109,107,3.4,0.7,0.6,1,3,3
1,54688,919,3423,117492,St Paul's Catholic Primary School,Park Lane,,,Cheshunt,EN7 6LR,01992635060,E14000606,Broxbourne,0,,,VA,0,Roman Catholic,3-11,0,0,201,22,22,12,10,55%,45%,8.2,2,9%,10,45%,10,45%,0,0%,5,23%,17,77%,5,23%,22,100%,59%,0%,-4.8,-7.4,-2.2,100%,-2.6,-5.1,-0.1,100%,-3.3,-5.7,-0.8,100%,68%,23%,0%,103,77%,5%,0%,102,77%,18%,0%,103,73%,9%,23%,0%,77%,0%,42%,80%,SUPP,40%,90%,SUPP,SUPP,SUPP,SUPP,59%,0%,0%,SUPP,0%,0%,SUPP,SUPP,SUPP,SUPP,0%,-8.4,-11.9,-4.8,-0.5,-4.4,3.4,SUPP,SUPP,SUPP,-5.4,-9.3,-1.5,-1.8,-5.7,2.1,SUPP,SUPP,SUPP,SUPP,SUPP,SUPP,SUPP,SUPP,SUPP,SUPP,-4.8,-7.4,-2.2,-3.3,-6.7,0.1,-1.8,-5.6,1.9,SUPP,SUPP,SUPP,-1.5,-5.2,2.3,-1.8,-5.6,1.9,SUPP,SUPP,SUPP,SUPP,SUPP,SUPP,SUPP,SUPP,SUPP,SUPP,-2.6,-5.1,-0.1,-3.7,-7.0,-0.4,-2.8,-6.4,0.9,SUPP,SUPP,SUPP,-3.1,-6.7,0.6,-0.5,-4.2,3.2,SUPP,SUPP,SUPP,SUPP,SUPP,SUPP,SUPP,SUPP,SUPP,SUPP,-3.3,-5.7,-0.8,100,107,SUPP,99,109,SUPP,SUPP,SUPP,103,103,103,SUPP,100,109,SUPP,SUPP,SUPP,103,101,103,SUPP,99,107,SUPP,SUPP,SUPP,102,SUPP,50%,100%,SUPP,SUPP,SUPP,70%,100%,SUPP,SUPP,SUPP,70%,100%,SUPP,SUPP,SUPP,70%,90%,SUPP,SUPP,SUPP,10%,40%,SUPP,SUPP,SUPP,0%,10%,SUPP,SUPP,SUPP,10%,30%,SUPP,SUPP,SUPP,0%,20%,SUPP,SUPP,17,77%,0,0%,4,18%,2,9%,6,27%,,,,,,,,,,,,,,,,,,,,,29,10%,90%,38%,10%,SUPP,SUPP,SUPP,SUPP,-3.4,-5.8,-1.1,-1.5,-3.6,0.6,-4.7,-6.7,-2.6,102,101,-4.8,-2.6,-3.7,5,4,4
1,48542,919,3424,148498,Sacred Heart Catholic Primary School,Broadmeads,,,Ware,SG12 9HY,01920461678,E14000744,Hertford and Stortford,0,,,ACC,0,Roman Catholic,4-11,0,0,199,29,29,10,19,34%,66%,7.6,8,29%,11,39%,9,32%,1,3%,3,10%,26,90%,5,17%,28,97%,41%,7%,0.4,-2.0,2.8,93%,0.5,-1.8,2.7,97%,-0.3,-2.5,2.0,93%,66%,34%,7%,105,69%,34%,7%,105,62%,14%,3%,103,66%,10%,34%,0%,76%,0%,40%,42%,0%,27%,100%,SUPP,SUPP,SUPP,SUPP,43%,0%,11%,0%,0%,22%,SUPP,SUPP,SUPP,SUPP,7%,0.8,-3.1,4.7,0.1,-2.8,3.1,-0.2,-4.8,4.5,-0.9,-4.6,2.8,2.4,-1.7,6.5,SUPP,SUPP,SUPP,SUPP,SUPP,SUPP,SUPP,SUPP,SUPP,SUPP,0.4,-2.0,2.8,-1.2,-4.9,2.6,1.4,-1.4,4.2,1.8,-2.4,6.0,-0.4,-4.0,3.1,0.4,-3.5,4.4,SUPP,SUPP,SUPP,SUPP,SUPP,SUPP,SUPP,SUPP,SUPP,SUPP,0.5,-1.8,2.7,-0.1,-3.7,3.6,-0.4,-3.2,2.4,2.8,-1.6,7.2,-2.4,-5.9,1.1,0.0,-3.9,3.8,SUPP,SUPP,SUPP,SUPP,SUPP,SUPP,SUPP,SUPP,SUPP,SUPP,-0.3,-2.5,2.0,103,106,95,104,113,SUPP,SUPP,SUPP,105,101,104,97,102,110,SUPP,SUPP,SUPP,103,102,107,97,103,115,SUPP,SUPP,SUPP,105,13%,82%,100%,SUPP,SUPP,38%,73%,100%,SUPP,SUPP,25%,64%,100%,SUPP,SUPP,13%,82%,100%,SUPP,SUPP,0%,18%,89%,SUPP,SUPP,0%,9%,100%,SUPP,SUPP,0%,0%,44%,SUPP,SUPP,0%,0%,33%,SUPP,SUPP,24,83%,0,0%,1,3%,5,17%,6,21%,,,,,,,,,,,,,,,,,,,,,31,3%,97%,71%,6%,SUPP,SUPP,SUPP,SUPP,3.7,1.5,5.8,2.1,0.1,4.1,1.7,-0.2,3.6,107,106,0.4,0.5,-0.3,3,3,3
1,49298,919,3428,117495,St Anthony's Catholic Primary School,Croxley View,,,Watford,WD18 6BW,01923226987,E14001021,Watford,0,,,VA,0,Roman Catholic,3-11,0,0,437,63,62,28,34,45%,55%,8.0,9,16%,29,52%,18,32%,6,10%,3,5%,59,95%,41,66%,57,92%,73%,11%,1.3,-0.4,2.9,90%,3.4,1.8,5.0,90%,1.7,0.1,3.2,89%,85%,27%,0%,106,82%,45%,2%,106,87%,26%,2%,106,87%,29%,13%,0%,95%,0%,71%,74%,22%,79%,94%,SUPP,SUPP,SUPP,78%,72%,4%,18%,0%,0%,39%,SUPP,SUPP,SUPP,17%,12%,0.5,-2.1,3.0,1.8,-0.3,4.0,2.2,-1.9,6.3,1.5,-0.8,3.8,0.5,-2.4,3.4,SUPP,SUPP,SUPP,SUPP,SUPP,SUPP,SUPP,2.1,0.0,4.2,1.0,-0.7,2.6,1.5,-0.9,4.0,4.7,2.7,6.8,1.2,-2.7,5.2,3.8,1.6,6.0,3.9,1.2,6.7,SUPP,SUPP,SUPP,SUPP,SUPP,SUPP,SUPP,3.9,1.9,5.9,3.2,1.6,4.8,2.3,-0.2,4.8,1.3,-0.7,3.3,3.2,-0.7,7.0,1.7,-0.5,3.9,0.9,-1.8,3.6,SUPP,SUPP,SUPP,SUPP,SUPP,SUPP,SUPP,3.2,1.2,5.2,1.7,0.1,3.3,105,107,100,106,112,SUPP,SUPP,107,106,107,105,99,105,111,SUPP,SUPP,108,106,105,108,99,106,112,SUPP,SUPP,107,107,67%,90%,94%,SUPP,SUPP,44%,86%,100%,SUPP,SUPP,56%,90%,100%,SUPP,SUPP,33%,97%,100%,SUPP,SUPP,0%,14%,72%,SUPP,SUPP,0%,34%,89%,SUPP,SUPP,0%,14%,56%,SUPP,SUPP,0%,17%,72%,SUPP,SUPP,21,34%,0,0%,0,0%,10,16%,10,16%,,,,,,,,,,,,,,,,,,,,,67,7%,93%,76%,24%,SUPP,SUPP,SUPP,SUPP,4.3,2.8,5.8,5.9,4.5,7.3,4.1,2.8,5.5,107,108,1.3,3.4,1.7,3,1,2
1,44546,919,3975,117496,Pope Paul Catholic Primary School,Baker Street,,,Potters Bar,EN6 2ES,01707659755,E14000745,Hertsmere,0,,,VA,0,Roman Catholic,4-11,0,0,208,30,30,17,13,57%,43%,8.4,1,3%,15,52%,13,45%,1,3%,4,13%,26,87%,8,27%,30,100%,87%,13%,1.8,-0.5,4.1,97%,0.0,-2.2,2.2,97%,1.9,-0.3,4.0,97%,100%,43%,0%,109,93%,63%,0%,111,93%,37%,0%,108,87%,17%,13%,0%,93%,0%,82%,92%,SUPP,80%,100%,SUPP,SUPP,SUPP,100%,87%,18%,8%,SUPP,0%,31%,SUPP,SUPP,SUPP,13%,13%,1.3,-1.7,4.4,2.4,-1.0,5.8,SUPP,SUPP,SUPP,2.0,-1.2,5.2,1.6,-1.8,5.0,SUPP,SUPP,SUPP,SUPP,SUPP,SUPP,SUPP,1.1,-3.6,5.7,1.8,-0.5,4.1,-0.3,-3.2,2.7,0.4,-2.9,3.6,SUPP,SUPP,SUPP,0.3,-2.8,3.3,0.1,-3.1,3.4,SUPP,SUPP,SUPP,SUPP,SUPP,SUPP,SUPP,-0.4,-4.9,4.1,0.0,-2.2,2.2,2.0,-0.9,4.9,1.7,-1.5,4.9,SUPP,SUPP,SUPP,2.4,-0.6,5.4,1.4,-1.8,4.6,SUPP,SUPP,SUPP,SUPP,SUPP,SUPP,SUPP,3.8,-0.6,8.2,1.9,-0.3,4.0,109,110,SUPP,106,113,SUPP,SUPP,111,109,108,108,SUPP,106,111,SUPP,SUPP,112,108,110,111,SUPP,107,115,SUPP,SUPP,113,111,SUPP,100%,100%,SUPP,SUPP,SUPP,87%,100%,SUPP,SUPP,SUPP,93%,100%,SUPP,SUPP,SUPP,80%,100%,SUPP,SUPP,SUPP,13%,77%,SUPP,SUPP,SUPP,40%,92%,SUPP,SUPP,SUPP,13%,62%,SUPP,SUPP,SUPP,0%,38%,SUPP,SUPP,22,73%,0,0%,0,0%,2,7%,2,7%,,,,,,,,,,,,,,,,,,,,,30,7%,93%,90%,20%,SUPP,SUPP,SUPP,SUPP,1.5,-0.7,3.7,0.3,-1.7,2.3,1.5,-0.4,3.4,109,109,1.8,0.0,1.9,3,3,3
1,53588,919,3976,117497,"St Mary's Church of England VA Primary School, Welham Green",Dellsome Lane,Welham Green,,Hatfield,AL9 7NE,01707276725,E14001027,Welwyn Hatfield,0,,,VA,0,Church of England,4-11,0,0,170,29,29,18,11,62%,38%,7.3,7,32%,8,36%,7,32%,7,24%,8,28%,21,72%,5,17%,22,76%,45%,0%,-5.3,-8.0,-2.6,72%,-5.0,-7.6,-2.5,76%,-5.1,-7.7,-2.6,69%,59%,17%,3%,101,45%,7%,7%,100,55%,14%,7%,101,52%,0%,24%,0%,59%,0%,44%,45%,0%,38%,86%,38%,48%,-28,SUPP,36%,0%,0%,0%,0%,0%,0%,0%,-10,SUPP,0%,-5.4,-8.9,-1.8,-5.2,-9.3,-1.1,-7.2,-12.2,-2.2,-4.2,-8.5,0.2,-5.0,-9.6,-0.3,-4.6,-9.3,0.1,-5.7,-9.0,-2.4,-5.0,SUPP,SUPP,SUPP,-5.4,-8.2,-2.6,-6.3,-9.8,-2.9,-3.5,-7.2,0.3,-8.7,-13.2,-4.2,-2.1,-6.3,2.1,-4.7,-9.2,-0.2,-2.9,-7.1,1.3,-6.2,-9.4,-3.1,-3.3,SUPP,SUPP,SUPP,-4.9,-7.5,-2.2,-5.2,-8.7,-1.7,-5.1,-9.0,-1.2,-6.9,-11.6,-2.2,-4.1,-8.5,0.2,-4.6,-9.0,-0.3,-4.5,-9.2,0.3,-5.4,-8.5,-2.3,-5.0,SUPP,SUPP,SUPP,-5.4,-8.1,-2.6,102,101,91,99,106,99,102,SUPP,100,102,99,91,98,105,98,101,SUPP,99,100,101,93,97,104,98,101,SUPP,98,0%,63%,100%,50%,62%,0%,50%,71%,25%,52%,0%,63%,86%,38%,62%,0%,63%,86%,50%,52%,0%,0%,29%,0%,24%,0%,0%,0%,0%,10%,0%,0%,14%,0%,19%,0%,0%,0%,0%,0%,24,83%,0,0%,1,3%,5,17%,6,21%,,,,,,,,,,,,,,,,,,,,,14,43%,57%,50%,0%,33%,0%,63%,0%,1.2,-2.2,4.5,-2.0,-5.1,1.1,-0.7,-3.6,2.3,101,101,-5.5,-5.5,-5.5,5,5,5
1,55842,919,3977,117498,Saint Vincent de Paul Catholic Primary School,Bedwell Crescent,,,Stevenage,SG1 1NJ,01438729555,E14000968,Stevenage,0,,,VA,0,Roman Catholic,3-11,0,0,447,60,58,36,22,62%,38%,7.9,13,23%,21,37%,23,40%,1,2%,7,12%,51,88%,13,22%,57,98%,52%,3%,-2.1,-3.7,-0.5,98%,-3.2,-4.8,-1.7,98%,-1.4,-2.9,0.2,98%,71%,28%,0%,104,79%,28%,0%,105,71%,28%,0%,104,66%,3%,22%,0%,88%,0%,47%,59%,8%,43%,87%,0%,59%,-66,85%,53%,6%,0%,0%,0%,9%,0%,4%,-10,15%,4%,-1.6,-3.7,0.5,-2.9,-5.6,-0.3,-6.4,-9.9,-3.0,-1.0,-3.7,1.7,-0.7,-3.3,1.9,-7.9,-12.6,-3.3,-1.3,-3.0,0.5,-8.3,1.3,-2.3,4.9,-2.1,-3.7,-0.5,-4.2,-6.2,-2.2,-1.6,-4.2,0.9,-6.5,-9.8,-3.2,-1.1,-3.7,1.5,-3.3,-5.8,-0.9,-7.8,-12.3,-3.3,-2.6,-4.3,-0.9,-8.2,-1.0,-4.4,2.4,-3.2,-4.8,-1.7,-1.2,-3.1,0.8,-1.7,-4.1,0.8,-6.0,-9.2,-2.8,-0.2,-2.7,2.3,0.2,-2.2,2.6,-8.2,-12.6,-3.8,-0.4,-2.1,1.2,-8.7,2.5,-0.8,5.9,-1.4,-2.9,0.2,104,104,95,103,110,96,105,109,104,104,104,94,103,110,95,105,109,104,104,106,97,104,109,97,106,109,105,23%,71%,96%,29%,76%,54%,76%,96%,43%,84%,31%,67%,96%,14%,78%,23%,71%,87%,29%,71%,0%,14%,57%,0%,31%,0%,19%,52%,0%,31%,0%,14%,57%,0%,31%,0%,0%,9%,0%,4%,45,78%,0,0%,2,3%,6,10%,8,14%,,,,,,,,,,,,,,,,,,,,,60,12%,88%,67%,13%,57%,0%,68%,15%,-0.4,-2.0,1.1,-1.6,-3.0,-0.1,1.4,0.0,2.7,106,108,-2.2,-3.3,-1.4,4,5,3
1,49916,919,3978,133773,St Catherine's Hoddesdon CofE Primary School,Haslewood Avenue,,,Hoddesdon,EN11 8HT,01992463214,E14000606,Broxbourne,0,,,VC,0,Church of England/Christian,4-11,0,0,359,54,53,25,28,47%,53%,7.7,12,24%,24,49%,13,27%,4,8%,14,26%,39,74%,12,23%,45,85%,45%,0%,-0.4,-2.2,1.3,92%,-1.2,-2.9,0.5,92%,-2.4,-4.1,-0.8,92%,72%,25%,0%,104,72%,25%,0%,104,58%,8%,0%,101,62%,11%,30%,0%,72%,0%,44%,46%,0%,38%,92%,14%,56%,-52,42%,47%,0%,0%,0%,0%,0%,0%,0%,-10,0%,0%,-1.9,-4.5,0.8,0.7,-1.7,3.1,3.4,-0.2,7.0,-2.4,-4.9,0.1,-0.4,-3.9,3.0,-0.5,-3.9,2.9,-0.4,-2.5,1.6,-0.9,-3.6,-7.7,0.5,-0.3,-2.2,1.5,-3.6,-6.1,-1.1,0.8,-1.5,3.1,-0.7,-4.1,2.7,-1.9,-4.3,0.5,-0.3,-3.6,3.0,-1.9,-5.2,1.4,-0.9,-2.9,1.1,-2.3,-3.4,-7.4,0.5,-1.0,-2.8,0.8,-1.2,-3.7,1.2,-3.4,-5.7,-1.2,-0.6,-3.9,2.8,-2.7,-5.1,-0.4,-3.6,-6.8,-0.4,-3.5,-6.8,-0.3,-2.1,-4.0,-0.1,-4.0,0.1,-3.7,4.0,-1.9,-3.7,-0.2,103,105,100,102,111,100,105,100,104,103,100,95,101,106,97,103,103,102,102,105,97,104,110,98,106,104,104,50%,67%,100%,50%,79%,33%,75%,100%,50%,79%,8%,58%,92%,36%,67%,25%,63%,92%,36%,72%,8%,13%,54%,14%,28%,0%,25%,46%,7%,31%,0%,4%,8%,7%,8%,0%,4%,38%,7%,13%,41,77%,0,0%,1,2%,5,9%,6,11%,,,,,,,,,,,,,,,,,,,,,40,35%,65%,68%,15%,86%,0%,58%,23%,-1.9,-3.8,0.1,0.3,-1.5,2.0,-1.3,-3.0,0.4,103,104,-0.4,-1.4,-2.5,3,3,4
1,67672,919,3979,141851,Windhill21,Windhill,,,Bishop's Stortford,CM23 2NE,01279696850,E14000744,Hertford and Stortford,0,,,ACC,0,Does not apply,3-11,0,0,452,61,60,31,29,52%,48%,7.9,12,21%,24,41%,22,38%,2,3%,9,15%,51,85%,18,30%,58,97%,82%,20%,3.5,1.8,5.1,97%,2.5,1.0,4.1,97%,2.0,0.5,3.5,97%,90%,42%,0%,109,87%,57%,0%,110,87%,35%,0%,107,92%,23%,3%,0%,93%,0%,74%,90%,33%,92%,95%,44%,88%,-22,89%,83%,19%,21%,0%,0%,50%,0%,24%,-10,17%,19%,3.2,1.0,5.5,3.7,1.4,6.1,5.7,2.1,9.2,2.7,0.2,5.2,3.0,0.4,5.7,0.3,-3.8,4.4,4.0,2.3,5.8,-0.1,4.9,1.8,8.0,3.7,2.1,5.3,1.2,-1.0,3.4,4.0,1.7,6.2,5.8,2.4,9.3,1.6,-0.8,4.1,1.7,-0.8,4.2,-1.6,-5.5,2.4,3.3,1.6,5.0,-2.0,4.7,1.7,7.7,2.9,1.3,4.5,2.6,0.4,4.7,1.4,-0.8,3.6,3.8,0.4,7.1,2.2,-0.2,4.5,0.8,-1.7,3.3,-2.2,-6.1,1.6,2.8,1.1,4.4,-2.7,3.8,0.9,6.7,2.2,0.7,3.7,108,110,101,107,115,104,110,109,109,107,107,98,106,111,100,108,108,107,109,111,101,108,116,104,111,112,110,67%,92%,100%,67%,94%,42%,96%,100%,78%,88%,42%,100%,95%,67%,90%,67%,96%,100%,78%,94%,0%,21%,86%,11%,47%,17%,42%,95%,22%,63%,0%,17%,68%,0%,41%,0%,4%,55%,0%,27%,42,70%,0,0%,2,3%,12,20%,14,23%,,,,,,,,,,,,,,,,,,,,,60,22%,78%,80%,18%,69%,8%,83%,21%,5.1,3.5,6.7,2.0,0.5,3.5,3.6,2.2,5.0,109,109,3.5,2.5,2.0,1,2,2
1,776,919,3981,144907,Alban Wood Primary School and Nursery,The Brow,,,Watford,WD25 7NX,01923678240,E14001021,Watford,0,,,ACC,0,Does not apply,3-11,0,0,240,30,30,13,17,43%,57%,8.3,5,17%,11,37%,14,47%,0,0%,10,33%,20,67%,13,43%,29,97%,67%,10%,-2.3,-4.6,0.0,97%,-0.9,-3.1,1.2,100%,1.0,-1.2,3.1,97%,80%,17%,3%,104,83%,33%,0%,105,83%,33%,3%,106,73%,13%,27%,0%,80%,0%,54%,76%,SUPP,55%,93%,50%,75%,-16,69%,66%,0%,18%,SUPP,0%,21%,0%,15%,-10,23%,10%,-4.4,-7.9,-0.8,-0.9,-3.9,2.1,SUPP,SUPP,SUPP,-0.5,-4.4,3.4,-4.3,-7.6,-1.0,-1.1,-5.0,2.8,-3.0,-5.8,-0.1,-1.5,-1.3,-4.7,2.1,-2.3,-4.6,0.1,-1.0,-4.3,2.3,-0.9,-3.8,2.0,SUPP,SUPP,SUPP,-1.1,-4.7,2.5,-1.9,-5.1,1.3,-3.3,-7.0,0.5,0.2,-2.4,2.9,-3.7,0.5,-2.7,3.8,-1.0,-3.2,1.2,2.1,-1.2,5.5,0.2,-2.6,3.0,SUPP,SUPP,SUPP,2.0,-1.6,5.7,-0.8,-3.9,2.3,0.2,-3.4,3.9,1.4,-1.3,4.0,-0.3,2.6,-0.6,5.8,0.9,-1.3,3.0,101,106,SUPP,103,107,103,105,105,104,107,106,SUPP,105,110,104,108,108,106,103,107,SUPP,104,109,103,106,106,105,SUPP,73%,100%,80%,80%,SUPP,82%,100%,80%,85%,SUPP,82%,100%,70%,90%,SUPP,64%,93%,50%,85%,SUPP,9%,29%,0%,25%,SUPP,18%,57%,20%,40%,SUPP,9%,64%,20%,40%,SUPP,0%,29%,0%,20%,17,57%,0,0%,0,0%,4,13%,4,13%,,,,,,,,,,,,,,,,,,,,,29,41%,59%,45%,14%,25%,8%,59%,18%,-3.1,-5.4,-0.8,-2.2,-4.4,-0.1,-4.3,-6.4,-2.3,102,101,-2.3,-0.9,1.0,3,3,3
1,34166,919,3983,135083,Longmeadow Primary School,Oaks Cross,Broadwater,,Stevenage,SG2 8LT,01438351087,E14000968,Stevenage,0,,,CY,0,Does not apply,3-11,0,0,227,33,32,22,10,69%,31%,7.7,7,23%,11,35%,13,42%,1,3%,12,38%,20,63%,4,13%,29,91%,50%,16%,-2.8,-5.0,-0.6,97%,0.9,-1.3,3.0,97%,-3.0,-5.1,-1.0,97%,63%,19%,0%,102,50%,9%,0%,100,56%,19%,0%,100,66%,16%,34%,0%,69%,0%,45%,60%,0%,45%,85%,42%,55%,-24,SUPP,48%,14%,20%,0%,0%,38%,0%,25%,-10,SUPP,17%,-3.6,-6.2,-0.9,-0.8,-4.9,3.3,1.5,-3.2,6.1,-4.7,-8.4,-1.0,-3.4,-6.8,0.0,-0.7,-4.2,2.9,-4.1,-6.9,-1.3,-1.1,SUPP,SUPP,SUPP,-2.9,-5.2,-0.5,0.2,-2.3,2.7,2.5,-1.5,6.4,8.3,3.9,12.8,-1.2,-4.8,2.4,-1.4,-4.7,1.9,4.0,0.6,7.4,-1.1,-3.8,1.6,3.6,SUPP,SUPP,SUPP,0.6,-1.7,2.8,-3.7,-6.1,-1.2,-1.5,-5.4,2.4,-2.5,-6.9,1.9,-5.0,-8.5,-1.5,-1.7,-4.9,1.5,-2.8,-6.2,0.5,-3.2,-5.8,-0.5,-3.3,SUPP,SUPP,SUPP,-3.6,-5.8,-1.4,101,102,93,100,108,99,103,SUPP,102,99,102,87,99,108,94,103,SUPP,100,99,102,89,100,106,96,102,SUPP,100,14%,64%,92%,58%,65%,14%,45%,77%,50%,50%,0%,55%,92%,42%,65%,29%,73%,85%,58%,70%,0%,0%,46%,0%,30%,0%,0%,23%,0%,15%,0%,0%,46%,0%,30%,0%,0%,38%,0%,25%,28,88%,0,0%,3,9%,6,19%,9,28%,,,,,,,,,,,,,,,,,,,,,50,52%,48%,50%,0%,35%,0%,67%,0%,0.1,-1.7,1.8,-1.0,-2.6,0.5,-2.8,-4.3,-1.3,103,101,-2.8,0.9,-3.1,5,3,4
1,57308,919,3984,135084,Shephalbury Park Primary School,Burydale,Broadwater,,Stevenage,SG2 8AX,01438235454,E14000968,Stevenage,0,,,CY,0,Does not apply,3-11,0,0,226,30,30,16,14,53%,47%,6.9,11,37%,13,43%,6,20%,0,0%,6,20%,24,80%,3,10%,30,100%,50%,3%,2.3,0.0,4.5,100%,2.8,0.6,4.9,100%,0.4,-1.8,2.5,100%,57%,27%,0%,103,63%,27%,0%,103,57%,13%,0%,101,70%,3%,30%,0%,100%,0%,69%,29%,9%,69%,83%,17%,58%,-49,SUPP,50%,6%,0%,0%,0%,17%,0%,4%,-10,SUPP,3%,2.8,-0.3,5.9,1.7,-1.6,5.0,4.0,0.3,7.7,1.9,-1.5,5.3,0.0,-5.0,5.1,-2.8,-7.9,2.2,3.6,1.0,6.1,-3.2,SUPP,SUPP,SUPP,2.3,0.0,4.5,2.4,-0.6,5.4,3.2,0.0,6.4,7.7,4.1,11.3,-0.1,-3.4,3.2,-0.2,-5.0,4.7,0.2,-4.6,5.0,3.4,1.0,5.8,-0.2,SUPP,SUPP,SUPP,2.8,0.6,4.9,1.3,-1.6,4.2,-0.7,-3.8,2.4,2.0,-1.5,5.5,0.3,-2.9,3.5,-2.5,-7.2,2.2,-2.6,-7.3,2.2,1.1,-1.3,3.4,-3.1,SUPP,SUPP,SUPP,0.4,-1.8,2.5,106,100,97,106,110,98,105,SUPP,103,104,97,94,104,106,98,101,SUPP,101,104,101,96,105,110,98,104,SUPP,103,18%,77%,83%,33%,63%,36%,69%,100%,33%,71%,9%,77%,100%,50%,58%,45%,77%,100%,50%,75%,0%,38%,50%,0%,33%,0%,38%,50%,17%,29%,0%,15%,33%,0%,17%,0%,0%,17%,0%,4%,27,90%,0,0%,0,0%,3,10%,3,10%,,,,,,,,,,,,,,,,,,,,,30,33%,67%,73%,7%,60%,0%,80%,10%,-0.5,-2.7,1.7,-0.1,-2.2,1.9,1.9,0.0,3.8,105,107,2.3,2.8,0.4,3,2,3
1,27614,919,3985,146903,Holy Rood Catholic Primary School,Greenbank Road,,,Watford,WD17 4FS,01923223785,E14001021,Watford,0,,,ACC,0,Roman Catholic,3-11,0,0,452,61,60,33,27,55%,45%,8.3,8,14%,27,47%,23,40%,2,3%,6,10%,54,90%,14,23%,56,93%,80%,20%,2.2,0.6,3.8,97%,1.2,-0.4,2.7,97%,2.0,0.5,3.5,97%,88%,47%,0%,109,88%,43%,0%,108,90%,40%,0%,108,83%,27%,17%,0%,87%,0%,76%,85%,25%,78%,100%,67%,81%,1,71%,80%,18%,22%,0%,7%,39%,0%,22%,-10,21%,16%,3.3,1.2,5.5,0.9,-1.6,3.3,5.1,0.7,9.4,1.8,-0.6,4.1,1.8,-0.8,4.3,2.3,-2.8,7.3,2.2,0.5,3.9,1.9,0.2,-3.4,3.7,2.1,0.5,3.8,0.4,-1.7,2.5,2.1,-0.3,4.4,0.2,-4.0,4.3,0.7,-1.5,3.0,2.0,-0.5,4.5,0.7,-4.1,5.5,1.2,-0.4,2.9,0.3,0.5,-2.9,3.9,1.1,-0.5,2.7,3.1,1.0,5.1,0.6,-1.6,2.9,3.9,-0.2,8.0,1.6,-0.6,3.9,1.7,-0.7,4.1,0.3,-4.4,5.0,2.2,0.6,3.8,-0.2,2.6,-0.7,6.0,1.9,0.3,3.5,109,109,103,107,113,106,109,107,109,108,108,100,106,112,103,108,108,107,107,110,101,105,113,105,108,109,108,50%,89%,100%,83%,89%,63%,85%,100%,83%,89%,63%,89%,100%,83%,91%,25%,85%,100%,83%,83%,25%,30%,70%,17%,50%,13%,22%,78%,33%,44%,0%,22%,74%,0%,44%,0%,7%,57%,0%,30%,46,77%,0,0%,0,0%,5,8%,5,8%,,,,,,,,,,,,,,,,,,,,,64,9%,91%,88%,23%,100%,0%,86%,26%,1.5,0.0,3.1,0.8,-0.7,2.2,0.5,-0.8,1.9,109,108,2.2,1.2,2.0,2,3,2
1,60692,919,3986,137351,Summercroft Primary School,Plaw Hatch Close,,,Bishop's Stortford,CM23 5BJ,01279307477,E14000744,Hertford and Stortford,0,,,ACC,0,Does not apply,3-11,0,0,443,61,59,35,24,59%,41%,7.9,11,20%,20,36%,24,44%,4,7%,5,8%,54,92%,10,17%,56,95%,75%,14%,3.7,2.0,5.3,93%,0.4,-1.2,2.0,93%,3.2,1.6,4.8,93%,88%,58%,0%,111,85%,63%,0%,110,85%,54%,0%,109,80%,22%,8%,0%,85%,0%,69%,83%,27%,80%,92%,SUPP,SUPP,SUPP,50%,73%,11%,17%,0%,5%,21%,SUPP,SUPP,SUPP,20%,13%,2.8,0.7,4.9,5.1,2.4,7.8,2.8,-0.9,6.5,4.8,2.0,7.6,3.1,0.6,5.6,SUPP,SUPP,SUPP,SUPP,SUPP,SUPP,SUPP,3.9,-0.7,8.6,3.6,2.0,5.3,-0.5,-2.6,1.5,1.9,-0.7,4.4,-0.3,-3.9,3.3,0.8,-1.9,3.4,0.3,-2.1,2.8,SUPP,SUPP,SUPP,SUPP,SUPP,SUPP,SUPP,1.4,-3.1,5.9,0.4,-1.2,2.0,3.6,1.7,5.6,2.5,0.0,5.0,3.6,0.1,7.1,5.0,2.4,7.6,1.5,-0.8,3.9,SUPP,SUPP,SUPP,SUPP,SUPP,SUPP,SUPP,5.8,1.4,10.2,3.3,1.7,4.8,110,112,104,110,114,SUPP,SUPP,109,111,109,110,103,109,111,SUPP,SUPP,110,109,109,111,100,109,113,SUPP,SUPP,110,110,55%,95%,100%,SUPP,SUPP,45%,90%,100%,SUPP,SUPP,45%,95%,96%,SUPP,SUPP,36%,85%,96%,SUPP,SUPP,18%,45%,83%,SUPP,SUPP,18%,55%,88%,SUPP,SUPP,27%,55%,63%,SUPP,SUPP,9%,10%,33%,SUPP,SUPP,49,83%,0,0%,3,5%,4,7%,7,12%,,,,,,,,,,,,,,,,,,,,,60,7%,93%,83%,25%,SUPP,SUPP,SUPP,SUPP,3.2,1.6,4.8,1.0,-0.5,2.5,3.9,2.5,5.3,109,110,3.7,0.4,3.2,1,3,1
1,35496,919,3987,135221,Maple Grove Primary School,St Agnell's Lane,Grove Hill,,Hemel Hempstead,HP2 7BG,01442214966,E14000739,Hemel Hempstead,0,,,CY,0,Does not apply,3-11,0,0,220,29,29,17,12,59%,41%,8.0,5,17%,13,45%,11,38%,0,0%,10,34%,19,66%,10,34%,27,93%,31%,7%,-2.9,-5.1,-0.6,100%,-6.5,-8.7,-4.3,100%,-5.0,-7.2,-2.9,100%,69%,17%,0%,103,62%,17%,0%,102,55%,10%,0%,99,31%,10%,59%,0%,45%,0%,35%,25%,SUPP,8%,73%,0%,47%,-66,30%,33%,6%,8%,SUPP,0%,18%,0%,11%,-10,0%,7%,-3.0,-6.0,0.0,-2.7,-6.2,0.9,SUPP,SUPP,SUPP,-3.9,-7.3,-0.5,-2.6,-6.3,1.1,-2.3,-6.2,1.6,-3.1,-6.0,-0.3,-2.7,-1.1,-5.0,2.8,-2.7,-5.0,-0.3,-5.9,-8.8,-3.0,-7.4,-10.8,-3.9,SUPP,SUPP,SUPP,-9.6,-12.9,-6.3,-4.5,-8.1,-1.0,-7.2,-10.9,-3.4,-6.1,-8.9,-3.4,-7.6,-5.2,-8.9,-1.4,-7.0,-9.3,-4.8,-4.6,-7.4,-1.8,-5.6,-9.0,-2.3,SUPP,SUPP,SUPP,-6.9,-10.1,-3.7,-3.9,-7.4,-0.5,-5.3,-9.0,-1.6,-4.9,-7.6,-2.2,-5.8,-3.9,-7.5,-0.2,-5.0,-7.2,-2.7,103,104,SUPP,100,110,99,105,101,104,99,100,SUPP,96,107,93,102,97,100,101,103,SUPP,99,109,96,105,101,102,SUPP,69%,100%,40%,84%,SUPP,54%,91%,40%,74%,SUPP,38%,100%,30%,68%,SUPP,8%,73%,0%,47%,SUPP,0%,45%,0%,26%,SUPP,0%,45%,0%,26%,SUPP,0%,27%,0%,16%,SUPP,0%,27%,0%,16%,19,66%,0,0%,0,0%,7,24%,7,24%,,,,,,,,,,,,,,,,,,,,,30,43%,57%,73%,20%,62%,15%,82%,24%,1.5,-0.8,3.9,1.3,-0.8,3.5,-0.5,-2.5,1.5,106,104,-2.9,-6.7,-5.2,5,5,5
1,69474,919,3988,135222,Yewtree Primary School,Fletcher Way,,,Hemel Hempstead,HP2 5QR,01442424920,E14000739,Hemel Hempstead,0,,,CY,0,Does not apply,3-11,0,0,361,51,52,25,27,48%,52%,7.5,10,23%,24,55%,10,23%,8,15%,25,48%,27,52%,17,33%,43,83%,25%,0%,-3.1,-5.0,-1.2,83%,-3.8,-5.6,-2.0,83%,-5.7,-7.4,-3.9,83%,54%,8%,2%,101,44%,2%,4%,98,42%,6%,2%,97,42%,0%,38%,4%,79%,4%,24%,26%,10%,25%,60%,16%,33%,-50,41%,30%,0%,0%,0%,0%,0%,0%,0%,-10,0%,0%,-4.1,-6.9,-1.4,-2.2,-4.8,0.4,-3.0,-7.1,1.1,-3.1,-5.6,-0.6,-3.1,-7.0,0.8,-4.7,-7.2,-2.2,-1.0,-3.8,1.8,-5.1,1.0,-2.7,4.7,-3.1,-5.1,-1.2,-6.5,-9.2,-3.9,-1.5,-3.9,1.0,-2.5,-6.5,1.4,-3.8,-6.2,-1.4,-5.1,-8.9,-1.4,-5.7,-8.2,-3.3,-1.4,-4.1,1.3,-6.1,1.4,-2.2,4.9,-3.7,-5.6,-1.9,-5.4,-8.0,-2.8,-5.8,-8.3,-3.4,-4.2,-8.1,-0.3,-6.0,-8.3,-3.6,-6.2,-9.9,-2.5,-8.2,-10.6,-5.8,-2.4,-5.1,0.2,-8.7,-0.4,-3.9,3.1,-5.4,-7.2,-3.6,100,101,98,101,108,101,100,99,102,97,97,96,97,103,95,99,97,98,96,100,95,99,103,98,98,97,99,20%,67%,100%,52%,56%,20%,54%,70%,52%,37%,30%,46%,70%,36%,48%,20%,50%,80%,36%,48%,0%,4%,30%,8%,7%,0%,0%,10%,0%,4%,10%,0%,20%,0%,11%,0%,0%,0%,0%,0%,33,63%,2,4%,1,2%,10,19%,11,21%,,,,,,,,,,,,,,,,,,,,,59,59%,41%,25%,2%,26%,3%,25%,0%,-3.3,-5.0,-1.7,-4.3,-5.8,-2.8,-4.2,-5.6,-2.8,98,98,-3.1,-3.8,-6.0,5,5,5
1,40656,919,3989,135223,Oak View Primary and Nursery School,Woods Avenue,,,Hatfield,AL10 8NW,01707280590,E14001027,Welwyn Hatfield,0,,,CY,0,Does not apply,3-11,0,0,430,61,59,33,26,56%,44%,7.8,17,33%,15,29%,20,38%,7,12%,19,32%,40,68%,25,42%,54,92%,63%,5%,-1.2,-2.9,0.5,88%,-1.3,-2.9,0.3,88%,0.2,-1.4,1.8,88%,71%,22%,0%,104,81%,31%,0%,106,76%,24%,0%,105,68%,7%,20%,0%,73%,0%,55%,73%,24%,67%,90%,47%,70%,-19,64%,61%,3%,8%,0%,0%,15%,0%,8%,-10,8%,4%,-2.6,-4.9,-0.4,0.6,-2.0,3.2,-1.2,-4.2,1.8,-0.1,-3.3,3.1,-2.1,-4.8,0.7,-1.2,-4.1,1.7,-1.2,-3.3,0.9,-1.6,-0.5,-3.1,2.2,-1.1,-2.9,0.6,-3.0,-5.2,-0.8,0.9,-1.6,3.3,-1.7,-4.5,1.2,1.1,-2.0,4.1,-2.8,-5.4,-0.1,-1.6,-4.4,1.2,-1.1,-3.2,0.9,-2.0,0.6,-1.9,3.1,-1.4,-3.1,0.3,1.5,-0.7,3.6,-1.5,-3.9,1.0,1.7,-1.2,4.5,0.1,-2.8,3.1,-1.1,-3.7,1.5,-2.3,-5.1,0.4,1.5,-0.5,3.5,-2.8,2.6,0.2,5.1,0.2,-1.4,1.8,103,107,99,104,109,104,105,103,104,105,105,99,104,109,101,107,106,105,104,108,99,105,113,102,108,107,106,29%,87%,95%,68%,73%,53%,100%,95%,84%,80%,47%,73%,100%,63%,83%,24%,87%,90%,58%,73%,0%,13%,55%,16%,25%,12%,7%,60%,5%,43%,6%,7%,45%,5%,33%,0%,0%,20%,5%,8%,34,58%,0,0%,4,7%,6,10%,10,17%,,,,,,,,,,,,,,,,,,,,,54,48%,52%,57%,7%,46%,8%,68%,7%,-1.0,-2.7,0.7,-3.3,-4.9,-1.8,-2.7,-4.1,-1.2,104,102,-1.2,-1.6,0.2,3,3,3
1,21306,919,3990,135224,Galley Hill Primary School and Nursery,Galley Hill,,,Hemel Hempstead,HP1 3JY,01442406000,E14000739,Hemel Hempstead,0,,,CY,0,Does not apply,3-11,0,0,433,52,50,27,23,54%,46%,7.7,12,25%,23,48%,13,27%,2,4%,24,48%,26,52%,10,20%,50,100%,44%,6%,-2.2,-4.0,-0.4,92%,-1.0,-2.7,0.7,96%,-2.7,-4.4,-0.9,92%,68%,16%,4%,104,58%,22%,2%,102,58%,12%,4%,101,64%,10%,34%,0%,82%,0%,37%,52%,0%,35%,92%,33%,54%,-33,80%,44%,7%,4%,0%,0%,23%,0%,12%,-10,10%,6%,-2.8,-5.2,-0.5,-1.3,-4.1,1.5,-4.0,-7.7,-0.3,-1.4,-4.0,1.2,-2.0,-5.4,1.4,-2.4,-5.0,0.2,-2.0,-4.5,0.5,-2.8,0.6,-3.8,5.0,-2.2,-4.0,-0.4,-1.5,-3.8,0.8,-0.3,-2.9,2.3,-0.5,-3.9,3.0,-1.3,-3.8,1.1,-0.9,-4.2,2.4,-0.7,-3.2,1.8,-1.3,-3.6,1.1,-1.1,2.3,-1.9,6.5,-1.0,-2.7,0.7,-2.0,-4.2,0.2,-3.6,-6.3,-1.0,0.7,-2.8,4.2,-4.0,-6.4,-1.5,-3.3,-6.5,-0.1,-3.9,-6.3,-1.4,-1.6,-3.9,0.8,-4.4,3.6,-0.5,7.7,-2.7,-4.4,-0.9,102,106,94,104,110,102,105,103,104,101,102,96,100,108,98,104,105,101,101,104,93,102,111,101,104,106,102,8%,78%,100%,54%,81%,8%,57%,100%,50%,65%,33%,48%,92%,46%,69%,8%,70%,100%,58%,69%,0%,13%,38%,13%,19%,0%,13%,62%,13%,31%,0%,9%,31%,4%,19%,0%,0%,38%,4%,15%,40,80%,0,0%,2,4%,16,32%,18,36%,,,,,,,,,,,,,,,,,,,,,45,51%,49%,53%,13%,48%,4%,59%,23%,0.4,-1.4,2.2,2.7,1.0,4.4,-1.9,-3.5,-0.3,104,102,-2.3,-1.0,-2.7,4,3,4
1,8332,919,3991,144909,Broadfield Academy,Windmill Road,,,Hemel Hempstead,HP2 4BX,01442262103,E14000739,Hemel Hempstead,0,,,ACC,0,Does not apply,3-11,0,0,395,50,51,26,25,51%,49%,7.1,16,32%,21,42%,13,26%,1,2%,12,24%,39,76%,10,20%,47,92%,51%,0%,2.7,0.9,4.4,94%,-2.3,-4.0,-0.6,94%,-0.1,-1.8,1.5,94%,69%,39%,0%,108,65%,25%,0%,104,63%,18%,0%,103,55%,0%,27%,4%,67%,4%,54%,48%,19%,57%,85%,33%,56%,-33,70%,53%,0%,0%,0%,0%,0%,0%,0%,-10,0%,0%,5.4,2.9,7.9,-0.1,-2.6,2.4,2.5,-0.8,5.8,2.5,-0.2,5.2,3.1,-0.3,6.5,-0.9,-4.4,2.7,3.8,1.8,5.9,-1.3,9.2,5.3,13.1,3.0,1.2,4.9,-2.0,-4.4,0.4,-2.6,-5.1,-0.2,-1.3,-4.5,1.8,-2.5,-5.1,0.1,-3.1,-6.4,0.2,-6.3,-9.7,-2.9,-1.0,-3.0,1.0,-6.7,2.7,-1.0,6.5,-2.1,-3.9,-0.4,1.6,-0.8,3.9,-1.8,-4.2,0.5,1.1,-2.0,4.2,-1.0,-3.5,1.6,-0.2,-3.4,3.0,-2.9,-6.2,0.5,0.8,-1.2,2.7,-3.4,5.3,1.6,9.0,0.0,-1.7,1.7,110,107,104,108,113,109,108,110,108,104,102,98,103,108,102,104,105,103,105,103,99,103,110,102,105,106,104,38%,76%,100%,58%,72%,31%,71%,100%,42%,72%,38%,67%,92%,50%,67%,19%,62%,92%,42%,59%,19%,38%,69%,33%,41%,6%,24%,54%,17%,28%,6%,5%,54%,0%,23%,0%,0%,0%,0%,0%,40,78%,1,2%,4,8%,13,25%,17,33%,,,,,,,,,,,,,,,,,,,,,55,27%,73%,55%,5%,33%,0%,63%,8%,-4.1,-5.9,-2.4,-3.9,-5.5,-2.3,-4.7,-6.2,-3.1,101,102,2.5,-2.4,-0.2,2,4,3
1,30460,919,3992,135528,Killigrew Primary and Nursery School,West Avenue,,,St Albans,AL2 3HD,01727774200,E14000960,St Albans,0,,,CY,0,Does not apply,3-11,0,0,390,59,59,27,32,46%,54%,8.0,8,14%,28,48%,22,38%,1,2%,6,10%,53,90%,9,15%,58,98%,83%,34%,4.8,3.2,6.4,98%,3.1,1.6,4.7,98%,3.8,2.2,5.3,98%,90%,54%,0%,110,93%,75%,0%,112,88%,51%,0%,109,88%,36%,8%,0%,86%,0%,81%,84%,25%,86%,100%,67%,85%,1,89%,83%,37%,31%,0%,7%,82%,0%,38%,-10,44%,34%,3.9,1.5,6.3,5.5,3.3,7.7,3.7,-0.7,8.0,5.3,3.0,7.6,4.6,1.9,7.2,SUPP,SUPP,SUPP,SUPP,SUPP,SUPP,SUPP,3.1,-1.3,7.5,4.8,3.2,6.4,2.3,-0.1,4.6,3.8,1.7,5.9,2.8,-1.3,7.0,1.7,-0.5,4.0,5.0,2.4,7.5,SUPP,SUPP,SUPP,SUPP,SUPP,SUPP,SUPP,2.9,-1.3,7.1,3.1,1.6,4.7,3.5,1.2,5.8,4.0,1.9,6.0,2.7,-1.4,6.8,3.8,1.6,6.0,4.2,1.7,6.6,SUPP,SUPP,SUPP,SUPP,SUPP,SUPP,SUPP,5.4,1.3,9.5,3.8,2.2,5.3,110,111,98,110,116,101,111,109,110,109,108,96,108,114,98,110,111,109,112,112,100,112,117,102,113,113,112,38%,96%,100%,67%,92%,50%,100%,100%,67%,96%,25%,96%,100%,67%,91%,50%,89%,100%,67%,91%,0%,43%,91%,0%,60%,13%,79%,91%,33%,79%,0%,36%,86%,17%,55%,0%,7%,86%,0%,40%,50,85%,0,0%,0,0%,2,3%,2,3%,,,,,,,,,,,,,,,,,,,,,58,22%,78%,78%,24%,69%,15%,80%,27%,0.2,-1.4,1.8,1.4,-0.1,2.9,0.9,-0.5,2.3,107,108,4.8,3.1,3.8,1,1,1
1,56196,919,4003,138582,Samuel Ryder Academy,Drakes Drive,,,St Albans,AL1 5AR,01727859382,E14000960,St Albans,0,,,AC,0,None,4-19,0,0,1508,60,60,30,30,50%,50%,8.0,11,19%,26,45%,21,36%,2,3%,9,15%,51,85%,7,12%,57,95%,73%,18%,1.9,0.3,3.5,97%,2.0,0.5,3.6,97%,1.9,0.4,3.4,97%,85%,35%,0%,107,85%,45%,0%,108,85%,33%,0%,107,82%,25%,18%,0%,98%,0%,73%,73%,36%,69%,100%,78%,73%,12,86%,75%,23%,13%,0%,4%,48%,0%,22%,-10,0%,19%,1.7,-0.6,4.0,2.1,-0.2,4.4,4.6,0.9,8.3,0.8,-1.6,3.2,1.8,-0.8,4.5,1.7,-2.6,6.1,1.9,0.2,3.7,1.3,SUPP,SUPP,SUPP,1.9,0.3,3.6,1.1,-1.1,3.3,3.0,0.8,5.2,4.2,0.6,7.8,-0.1,-2.5,2.2,3.6,1.0,6.2,2.7,-1.5,6.9,1.9,0.3,3.6,2.3,SUPP,SUPP,SUPP,2.2,0.6,3.8,2.0,-0.1,4.2,1.7,-0.4,3.9,2.3,-1.2,5.8,1.0,-1.2,3.3,2.7,0.2,5.2,-0.2,-4.3,3.9,2.2,0.6,3.8,-0.7,SUPP,SUPP,SUPP,2.0,0.4,3.5,108,106,102,105,113,105,107,106,107,108,105,98,105,112,104,107,108,107,109,108,100,107,115,107,109,109,109,73%,81%,100%,89%,84%,55%,85%,100%,89%,84%,55%,85%,100%,78%,86%,55%,77%,100%,78%,82%,0%,23%,71%,11%,39%,0%,27%,90%,33%,47%,0%,15%,71%,11%,37%,0%,4%,67%,22%,25%,53,88%,0,0%,0,0%,8,13%,8,13%,,,,,,,,,,,,,,,,,,,,,60,22%,78%,55%,5%,31%,0%,62%,6%,-1.7,-3.3,-0.1,-0.6,-2.1,0.8,-1.9,-3.3,-0.5,103,103,1.9,2.0,1.9,2,2,2
1,57860,919,4067,140294,Simon Balle All-Through School,Mangrove Road,,,Hertford,SG13 8AJ,01992410400,E14000744,Hertford and Stortford,0,,,ACC,0,Does not apply,4-18,0,0,1597,59,60,30,30,50%,50%,8.3,8,13%,23,38%,29,48%,0,0%,8,13%,52,87%,0,0%,60,100%,85%,30%,1.8,0.2,3.4,100%,4.2,2.7,5.8,100%,2.3,0.8,3.8,100%,88%,50%,0%,109,92%,37%,2%,108,90%,43%,0%,108,92%,45%,7%,0%,97%,0%,77%,93%,25%,96%,93%,63%,88%,-3,,85%,30%,30%,0%,17%,48%,0%,35%,-10,,30%,-0.3,-2.6,1.9,3.9,1.7,6.2,-2.4,-6.7,2.0,4.3,1.7,6.9,1.0,-1.3,3.3,-2.9,-7.3,1.4,2.5,0.8,4.2,-3.3,NA,NA,NA,1.8,0.2,3.4,2.7,0.5,4.9,5.8,3.6,8.0,5.7,1.5,9.9,5.5,3.0,8.0,2.8,0.6,5.0,0.9,-3.3,5.1,4.8,3.1,6.4,0.5,NA,NA,NA,4.2,2.7,5.8,1.9,-0.2,4.1,2.6,0.5,4.7,-1.2,-5.3,2.9,3.7,1.3,6.1,2.1,-0.1,4.2,-0.1,-4.2,4.0,2.6,1.0,4.2,-0.6,NA,NA,NA,2.3,0.8,3.8,107,110,95,108,112,103,109,,109,109,107,96,107,112,105,109,,108,108,108,97,106,112,104,108,,108,25%,96%,100%,75%,90%,50%,96%,100%,75%,94%,38%,100%,97%,75%,92%,63%,96%,97%,88%,92%,0%,48%,66%,13%,56%,0%,22%,59%,0%,42%,0%,26%,69%,13%,48%,0%,35%,66%,13%,50%,59,98%,1,2%,3,5%,5,8%,8,13%,,,,,,,,,,,,,,,,,,,,,,,,,,,,,,,,,,,,,,,,,1.8,4.2,2.3,2,1,2
1,30680,919,4140,137656,King James Academy Royston,Garden Walk,,,Royston,SG8 7JH,01763242236,E14000845,North East Hertfordshire,0,,,ACC,0,Does not apply,9-18,0,0,1004,184,180,94,86,52%,48%,8.2,26,15%,78,45%,71,41%,5,3%,40,22%,140,78%,14,8%,169,94%,52%,7%,-1.6,-2.5,-0.6,97%,-3.0,-3.9,-2.1,97%,-3.0,-3.9,-2.1,96%,73%,31%,1%,105,66%,29%,1%,104,63%,21%,2%,102,63%,10%,34%,1%,85%,1%,48%,56%,0%,35%,89%,35%,56%,-31,64%,52%,1%,13%,0%,0%,17%,0%,9%,-10,21%,7%,-2.2,-3.5,-0.9,-0.8,-2.2,0.5,-1.7,-4.1,0.7,-2.3,-3.7,-0.9,-0.7,-2.2,0.7,-0.7,-2.7,1.3,-1.8,-2.9,-0.7,-1.1,-0.8,-4.4,2.7,-1.7,-2.7,-0.8,-4.1,-5.3,-2.8,-1.7,-3.0,-0.4,-1.6,-4.0,0.8,-4.5,-5.8,-3.2,-1.7,-3.1,-0.3,-3.8,-5.7,-1.9,-2.7,-3.7,-1.7,-4.2,0.0,-3.4,3.5,-3.2,-4.1,-2.3,-2.9,-4.2,-1.7,-3.1,-4.3,-1.8,-2.8,-5.2,-0.4,-3.6,-5.0,-2.3,-2.4,-3.7,-1.0,-3.7,-5.5,-1.8,-2.8,-3.8,-1.8,-4.2,-0.5,-3.9,2.8,-3.0,-3.9,-2.1,103,106,93,102,111,101,106,106,105,102,103,91,100,108,98,104,105,102,102,105,94,100,111,101,105,107,104,12%,69%,99%,60%,76%,15%,53%,100%,50%,71%,8%,56%,90%,45%,69%,8%,47%,99%,38%,70%,0%,8%,66%,15%,35%,0%,8%,62%,15%,34%,0%,4%,45%,5%,26%,0%,0%,25%,3%,12%,166,92%,0,0%,0,0%,50,28%,50,28%,,,,,,,,,,,,,,,,,,,,,,,,,,,,,,,,,,,,,,,,,-1.6,-3.0,-3.1,NA,NA,NA
1,8014,919,4144,117541,Bridgewater Primary School,Bridle Way,Billet Lane,,Berkhamsted,HP4 1ES,01442871231,E14000951,South West Hertfordshire,0,,,CY,0,Does not apply,3-11,0,0,453,57,56,32,24,57%,43%,8.5,2,4%,27,48%,27,48%,0,0%,2,4%,54,96%,1,2%,56,100%,80%,4%,2.5,0.9,4.1,100%,-0.9,-2.5,0.7,98%,2.4,0.9,4.0,98%,93%,57%,0%,110,95%,55%,0%,110,95%,39%,2%,109,84%,9%,14%,2%,96%,2%,75%,88%,SUPP,67%,96%,SUPP,SUPP,SUPP,SUPP,80%,3%,4%,SUPP,0%,7%,SUPP,SUPP,SUPP,SUPP,4%,2.8,0.6,4.9,2.2,-0.4,4.7,SUPP,SUPP,SUPP,1.6,-0.8,3.9,3.5,1.1,5.9,SUPP,SUPP,SUPP,SUPP,SUPP,SUPP,SUPP,SUPP,SUPP,SUPP,2.5,0.9,4.1,-2.4,-4.6,-0.3,1.0,-1.5,3.4,SUPP,SUPP,SUPP,-1.0,-3.3,1.3,-1.6,-3.9,0.7,SUPP,SUPP,SUPP,SUPP,SUPP,SUPP,SUPP,SUPP,SUPP,SUPP,-0.9,-2.5,0.7,3.8,1.7,5.9,0.6,-1.7,3.0,SUPP,SUPP,SUPP,2.1,-0.1,4.4,2.6,0.3,4.8,SUPP,SUPP,SUPP,SUPP,SUPP,SUPP,SUPP,SUPP,SUPP,SUPP,2.4,0.9,4.0,111,109,SUPP,106,115,SUPP,SUPP,SUPP,110,111,107,SUPP,106,112,SUPP,SUPP,SUPP,109,111,109,SUPP,106,114,SUPP,SUPP,SUPP,110,SUPP,89%,100%,SUPP,SUPP,SUPP,89%,100%,SUPP,SUPP,SUPP,96%,96%,SUPP,SUPP,SUPP,70%,96%,SUPP,SUPP,SUPP,30%,89%,SUPP,SUPP,SUPP,30%,81%,SUPP,SUPP,SUPP,15%,67%,SUPP,SUPP,SUPP,4%,15%,SUPP,SUPP,55,98%,0,0%,1,2%,3,5%,4,7%,,,,,,,,,,,,,,,,,,,,,,,,,,,,,,,,,,,,,,,,,2.5,-0.9,2.4,2,3,2
1,45886,919,4146,140249,Ralph Sadleir School,Station Road,Puckeridge,,Ware,SG11 1TF,01920821042,E14000845,North East Hertfordshire,0,,,ACC,0,Does not apply,9-13,0,0,348,80,79,46,33,58%,42%,8.0,14,18%,34,44%,30,38%,1,1%,8,10%,71,90%,2,3%,74,94%,51%,0%,0.2,-1.2,1.6,95%,-4.2,-5.6,-2.9,97%,-1.5,-2.8,-0.2,95%,76%,28%,4%,106,67%,27%,4%,104,72%,18%,4%,103,62%,0%,25%,1%,78%,1%,50%,52%,21%,35%,80%,13%,55%,-53,SUPP,54%,0%,0%,0%,0%,0%,0%,0%,-10,SUPP,0%,0.4,-1.5,2.3,0.0,-2.2,2.2,2.1,-1.5,5.6,0.5,-1.6,2.6,-0.9,-3.2,1.4,-0.4,-5.1,4.3,0.3,-1.2,1.8,-0.8,SUPP,SUPP,SUPP,0.3,-1.2,1.8,-5.0,-6.8,-3.2,-3.2,-5.2,-1.1,-3.7,-7.0,-0.5,-4.7,-6.7,-2.7,-3.9,-6.0,-1.7,-8.7,-12.9,-4.5,-3.7,-5.1,-2.3,-9.1,SUPP,SUPP,SUPP,-3.8,-5.2,-2.4,-0.5,-2.3,1.2,-2.8,-4.9,-0.8,0.8,-2.6,4.1,-1.4,-3.4,0.6,-2.6,-4.7,-0.4,-3.0,-7.3,1.4,-1.4,-2.8,0.1,-3.5,SUPP,SUPP,SUPP,-1.4,-2.8,0.0,106,105,99,104,110,99,106,SUPP,106,104,101,96,102,108,96,104,SUPP,103,104,104,97,101,110,98,104,SUPP,104,43%,79%,87%,38%,80%,36%,62%,90%,25%,72%,36%,71%,90%,38%,76%,21%,47%,97%,25%,66%,7%,15%,53%,13%,30%,0%,9%,60%,0%,30%,0%,9%,37%,0%,20%,0%,0%,0%,0%,0%,74,94%,3,4%,2,3%,11,14%,13,16%,,,,,,,,,,,,,,,,,,,,,119,8%,92%,70%,10%,33%,0%,73%,11%,-1.6,-2.7,-0.5,-2.6,-3.6,-1.5,-2.8,-3.7,-1.8,105,105,0.2,-4.5,-1.5,NA,NA,NA
1,18226,919,4506,117554,Edwinstree Church of England Middle School,Norfolk Road,,,Buntingford,SG9 9AW,01763271446,E14000845,North East Hertfordshire,0,,,VC,0,Church of England,9-13,0,0,477,123,118,53,65,45%,55%,8.1,20,17%,48,41%,48,41%,2,2%,15,13%,103,87%,4,3%,110,93%,59%,0%,-0.9,-2.1,0.2,93%,-2.5,-3.6,-1.4,97%,-1.2,-2.3,-0.1,94%,71%,31%,5%,105,77%,36%,4%,106,75%,19%,4%,104,75%,0%,18%,2%,85%,1%,60%,58%,0%,54%,88%,20%,65%,-46,SUPP,60%,0%,0%,0%,0%,0%,0%,0%,-10,SUPP,0%,-0.3,-2.1,1.5,-1.5,-3.0,0.1,-1.6,-4.7,1.5,-0.4,-2.2,1.4,-1.3,-3.1,0.5,-3.0,-6.4,0.4,-0.7,-1.9,0.6,-3.4,SUPP,SUPP,SUPP,-1.1,-2.3,0.1,-3.5,-5.2,-1.9,-1.7,-3.2,-0.3,-2.7,-5.5,0.1,-1.7,-3.4,0.0,-3.3,-5.0,-1.6,-2.4,-5.4,0.7,-2.6,-3.7,-1.4,-2.8,SUPP,SUPP,SUPP,-2.7,-3.9,-1.6,0.4,-1.3,2.1,-2.4,-3.9,-1.0,-1.3,-4.2,1.6,-0.5,-2.2,1.2,-1.8,-3.5,-0.1,-2.6,-5.9,0.6,-1.0,-2.2,0.2,-3.1,SUPP,SUPP,SUPP,-1.2,-2.4,-0.1,105,105,96,104,110,98,106,SUPP,105,105,103,95,103,108,98,105,SUPP,104,105,107,96,105,110,99,107,SUPP,106,15%,73%,92%,33%,77%,20%,79%,98%,33%,83%,20%,75%,96%,47%,79%,30%,69%,98%,47%,79%,0%,19%,54%,7%,34%,0%,21%,65%,0%,41%,0%,8%,38%,0%,22%,0%,0%,0%,0%,0%,114,97%,0,0%,0,0%,11,9%,11,9%,,,,,,,,,,,,,,,,,,,,,90,17%,83%,62%,8%,33%,0%,68%,9%,-1.9,-3.2,-0.6,1.3,0.1,2.5,-3.6,-4.7,-2.4,105,104,-1.0,-2.6,-1.3,NA,NA,NA
1,61836,919,4627,117559,The Thomas Coram Church of England School,Swing Gate Lane,,,Berkhamsted,HP4 2RP,01442866757,E14000951,South West Hertfordshire,0,,,VA,0,Church of England,7-11,0,0,315,66,60,42,18,70%,30%,8.0,8,14%,31,53%,20,34%,1,2%,6,10%,54,90%,2,3%,58,97%,40%,12%,0.4,-1.2,2.0,98%,-4.0,-5.6,-2.5,98%,-1.5,-3.0,0.0,98%,80%,40%,0%,107,77%,25%,0%,105,63%,27%,0%,104,50%,12%,40%,0%,87%,0%,45%,28%,0%,26%,75%,17%,43%,-49,SUPP,41%,17%,0%,0%,0%,35%,0%,13%,-10,SUPP,12%,1.1,-0.8,3.1,-1.3,-4.2,1.6,-3.6,-8.0,0.7,0.7,-1.6,2.9,1.6,-1.2,4.3,SUPP,SUPP,SUPP,SUPP,SUPP,SUPP,SUPP,SUPP,SUPP,SUPP,0.4,-1.2,2.0,-4.0,-5.9,-2.2,-4.1,-6.8,-1.3,-5.9,-10.0,-1.7,-5.1,-7.2,-3.0,-1.7,-4.3,1.0,SUPP,SUPP,SUPP,SUPP,SUPP,SUPP,SUPP,SUPP,SUPP,SUPP,-3.8,-5.4,-2.2,-0.3,-2.1,1.5,-4.4,-7.1,-1.7,-3.6,-7.7,0.5,-2.7,-4.8,-0.6,1.1,-1.4,3.7,SUPP,SUPP,SUPP,SUPP,SUPP,SUPP,SUPP,SUPP,SUPP,SUPP,-1.3,-2.9,0.2,109,103,99,105,113,100,108,SUPP,107,107,100,96,101,111,98,105,SUPP,105,107,102,98,103,110,101,106,SUPP,105,25%,81%,100%,33%,85%,25%,77%,95%,50%,80%,13%,55%,95%,17%,69%,0%,42%,80%,33%,52%,13%,26%,70%,17%,43%,0%,13%,55%,0%,28%,0%,10%,65%,0%,30%,0%,0%,35%,0%,13%,58,97%,0,0%,3,5%,9,15%,12,20%,,,,,,,,,,,,,,,,,,,,,85,13%,87%,75%,19%,55%,0%,78%,22%,2.4,1.1,3.7,-2.1,-3.3,-0.8,0.6,-0.6,1.7,109,108,0.3,-4.3,-1.6,3,5,3
1,53170,919,5200,138292,St Mary Roman Catholic Primary School,Melbourn Road,,,Royston,SG8 7DB,01763246021,E14000845,North East Hertfordshire,0,,,ACC,0,Roman Catholic,3-11,0,0,231,28,28,11,17,39%,61%,8.1,5,18%,10,36%,13,46%,0,0%,4,14%,24,86%,4,14%,28,100%,64%,7%,1.8,-0.6,4.2,93%,2.8,0.5,5.1,93%,-0.5,-2.7,1.8,93%,82%,43%,0%,109,82%,29%,0%,107,71%,21%,0%,106,79%,39%,14%,0%,86%,0%,73%,59%,SUPP,50%,92%,SUPP,SUPP,SUPP,SUPP,64%,9%,6%,SUPP,0%,15%,SUPP,SUPP,SUPP,SUPP,7%,3.3,-0.8,7.4,1.0,-1.9,4.0,SUPP,SUPP,SUPP,1.8,-2.1,5.7,0.8,-2.6,4.3,SUPP,SUPP,SUPP,SUPP,SUPP,SUPP,SUPP,SUPP,SUPP,SUPP,1.8,-0.6,4.2,1.4,-2.5,5.4,3.5,0.6,6.4,SUPP,SUPP,SUPP,1.2,-2.6,4.9,4.3,1.0,7.6,SUPP,SUPP,SUPP,SUPP,SUPP,SUPP,SUPP,SUPP,SUPP,SUPP,2.8,0.5,5.1,3.3,-0.6,7.1,-2.4,-5.3,0.4,SUPP,SUPP,SUPP,-0.4,-4.1,3.3,-1.1,-4.3,2.1,SUPP,SUPP,SUPP,SUPP,SUPP,SUPP,SUPP,SUPP,SUPP,SUPP,-0.5,-2.7,1.8,111,108,SUPP,106,112,SUPP,SUPP,SUPP,109,110,104,SUPP,103,110,SUPP,SUPP,SUPP,106,107,107,SUPP,105,111,SUPP,SUPP,SUPP,107,SUPP,90%,92%,SUPP,SUPP,SUPP,100%,100%,SUPP,SUPP,SUPP,60%,100%,SUPP,SUPP,SUPP,80%,100%,SUPP,SUPP,SUPP,20%,69%,SUPP,SUPP,SUPP,0%,62%,SUPP,SUPP,SUPP,20%,31%,SUPP,SUPP,SUPP,10%,77%,SUPP,SUPP,24,86%,0,0%,2,7%,3,11%,5,18%,,,,,,,,,,,,,,,,,,,,,29,17%,83%,76%,31%,SUPP,SUPP,SUPP,SUPP,0.7,-1.6,3.1,2.0,-0.2,4.1,0.6,-1.4,2.6,107,107,1.8,2.8,-0.5,3,2,3
1,12322,919,5201,139507,Christ Church Chorleywood CofE School,The Common,Rickmansworth Road,Chorleywood,Rickmansworth,WD3 5SG,01923282647,E14000951,South West Hertfordshire,0,,,ACC,0,Church of England,3-11,0,0,231,33,32,14,18,44%,56%,8.7,4,13%,9,28%,19,59%,0,0%,2,6%,30,94%,1,3%,32,100%,78%,25%,1.0,-1.1,3.2,100%,-0.7,-2.8,1.4,100%,1.0,-1.0,3.1,100%,91%,53%,0%,110,97%,66%,0%,112,94%,44%,0%,109,81%,28%,16%,0%,97%,0%,57%,94%,SUPP,89%,79%,SUPP,SUPP,SUPP,SUPP,78%,14%,33%,SUPP,0%,42%,SUPP,SUPP,SUPP,SUPP,25%,-0.8,-4.1,2.4,2.5,-0.4,5.4,SUPP,SUPP,SUPP,4.3,0.2,8.4,-0.8,-3.6,2.0,SUPP,SUPP,SUPP,SUPP,SUPP,SUPP,SUPP,SUPP,SUPP,SUPP,1.0,-1.1,3.2,-3.9,-7.1,-0.7,1.9,-0.9,4.7,SUPP,SUPP,SUPP,0.6,-3.4,4.5,-1.6,-4.3,1.1,SUPP,SUPP,SUPP,SUPP,SUPP,SUPP,SUPP,SUPP,SUPP,SUPP,-0.7,-2.8,1.4,2.0,-1.1,5.1,0.3,-2.4,3.0,SUPP,SUPP,SUPP,2.1,-1.8,6.0,0.1,-2.6,2.8,SUPP,SUPP,SUPP,SUPP,SUPP,SUPP,SUPP,SUPP,SUPP,SUPP,1.0,-1.0,3.1,108,112,SUPP,109,111,SUPP,SUPP,SUPP,110,110,109,SUPP,106,111,SUPP,SUPP,SUPP,109,109,114,SUPP,109,114,SUPP,SUPP,SUPP,112,SUPP,100%,89%,SUPP,SUPP,SUPP,100%,100%,SUPP,SUPP,SUPP,100%,100%,SUPP,SUPP,SUPP,89%,84%,SUPP,SUPP,SUPP,44%,63%,SUPP,SUPP,SUPP,44%,84%,SUPP,SUPP,SUPP,11%,68%,SUPP,SUPP,SUPP,0%,47%,SUPP,SUPP,31,97%,0,0%,1,3%,4,13%,5,16%,,,,,,,,,,,,,,,,,,,,,30,3%,97%,90%,30%,SUPP,SUPP,SUPP,SUPP,2.4,0.2,4.6,0.9,-1.1,2.9,2.7,0.7,4.6,110,110,1.0,-0.8,1.0,3,3,3
1,43242,919,5202,117562,Parkside Community Primary School,Aycliffe Road,,,Borehamwood,WD6 4EP,02083873000,E14000745,Hertsmere,0,,,FD,0,None,3-11,0,0,247,25,25,16,9,64%,36%,8.0,4,19%,8,38%,9,43%,4,16%,7,28%,18,72%,15,60%,22,88%,52%,12%,-4.8,-7.5,-2.1,84%,-3.7,-6.3,-1.1,84%,-2.0,-4.5,0.5,84%,60%,20%,0%,103,68%,40%,0%,105,80%,24%,0%,105,68%,12%,20%,0%,88%,0%,38%,78%,SUPP,50%,89%,43%,56%,-23,47%,50%,13%,11%,SUPP,0%,22%,0%,17%,-10,13%,9%,-5.0,-8.6,-1.5,-4.5,-8.6,-0.4,SUPP,SUPP,SUPP,-1.4,-5.7,3.0,-3.4,-7.5,0.7,-5.9,-10.5,-1.2,-4.3,-7.5,-1.0,-6.3,-5.9,-9.7,-2.2,-4.7,-7.5,-2.0,-5.7,-9.1,-2.3,-1.1,-5.0,2.9,SUPP,SUPP,SUPP,-0.3,-4.5,3.9,-2.2,-6.2,1.7,-8.5,-13.0,-4.0,-1.3,-4.5,1.8,-8.9,-3.7,-7.3,-0.2,-3.8,-6.5,-1.2,-0.9,-4.2,2.5,-3.5,-7.4,0.4,SUPP,SUPP,SUPP,-0.1,-4.2,4.0,-0.8,-4.7,3.0,-5.9,-10.3,-1.5,-0.1,-3.2,3.0,-6.4,-1.1,-4.6,2.4,-2.2,-4.8,0.4,101,105,SUPP,102,107,107,102,101,102,105,105,SUPP,103,108,105,105,105,104,103,108,SUPP,104,111,107,105,104,104,SUPP,63%,100%,71%,56%,SUPP,75%,100%,57%,72%,SUPP,88%,100%,71%,83%,SUPP,75%,89%,43%,78%,SUPP,13%,33%,0%,28%,SUPP,38%,67%,43%,39%,SUPP,0%,56%,14%,28%,SUPP,0%,22%,0%,17%,10,40%,0,0%,1,4%,5,20%,6,24%,,,,,,,,,,,,,,,,,,,,,42,64%,36%,48%,12%,41%,7%,60%,20%,-2.8,-4.7,-0.9,0.8,-1.0,2.5,-1.1,-2.7,0.6,99,102,-5.0,-3.7,-2.2,5,5,3
1,26132,919,5203,117563,Hertingfordbury Cowper Primary School,Birch Green,,,Hertford,SG14 2LR,01992583239,E14000845,North East Hertfordshire,0,,,VA,0,Church of England,4-11,0,0,223,32,30,18,12,60%,40%,8.3,3,10%,15,50%,12,40%,0,0%,2,7%,28,93%,1,3%,29,97%,53%,7%,0.5,-1.8,2.7,100%,-3.9,-6.0,-1.7,100%,-0.8,-2.9,1.3,100%,87%,43%,0%,108,90%,50%,0%,109,73%,33%,0%,106,63%,7%,33%,0%,90%,0%,67%,33%,SUPP,40%,83%,SUPP,SUPP,SUPP,SUPP,55%,11%,0%,SUPP,0%,17%,SUPP,SUPP,SUPP,SUPP,7%,1.8,-1.1,4.7,-1.5,-5.1,2.0,SUPP,SUPP,SUPP,1.0,-2.2,4.2,0.8,-2.7,4.4,SUPP,SUPP,SUPP,SUPP,SUPP,SUPP,SUPP,SUPP,SUPP,SUPP,0.5,-1.7,2.8,-3.3,-6.1,-0.5,-4.7,-8.2,-1.3,SUPP,SUPP,SUPP,-3.8,-6.9,-0.7,-3.3,-6.7,0.1,SUPP,SUPP,SUPP,SUPP,SUPP,SUPP,SUPP,SUPP,SUPP,SUPP,-3.6,-5.8,-1.4,0.9,-1.8,3.7,-3.5,-6.8,-0.1,SUPP,SUPP,SUPP,-0.7,-3.7,2.3,-0.6,-3.9,2.8,SUPP,SUPP,SUPP,SUPP,SUPP,SUPP,SUPP,SUPP,SUPP,SUPP,-0.8,-2.9,1.4,111,105,SUPP,106,113,SUPP,SUPP,SUPP,108,109,102,SUPP,103,110,SUPP,SUPP,SUPP,106,111,108,SUPP,106,115,SUPP,SUPP,SUPP,110,SUPP,87%,100%,SUPP,SUPP,SUPP,100%,100%,SUPP,SUPP,SUPP,73%,92%,SUPP,SUPP,SUPP,53%,92%,SUPP,SUPP,SUPP,27%,75%,SUPP,SUPP,SUPP,27%,92%,SUPP,SUPP,SUPP,13%,67%,SUPP,SUPP,SUPP,0%,17%,SUPP,SUPP,29,97%,0,0%,0,0%,7,23%,7,23%,,,,,,,,,,,,,,,,,,,,,30,7%,93%,87%,10%,SUPP,SUPP,SUPP,SUPP,1.0,-1.2,3.2,0.8,-1.2,2.9,-0.5,-2.5,1.4,109,108,0.5,-3.9,-0.9,3,5,3
1,50958,919,5204,117564,St Giles' CofE Primary School,Blanche Lane,South Mimms,,Potters Bar,EN6 3PE,01707642170,E14000745,Hertsmere,0,,,VA,0,Church of England,4-11,0,0,81,12,12,8,4,67%,33%,6.3,5,45%,4,36%,2,18%,1,8%,7,58%,5,42%,0,0%,10,83%,17%,0%,0.7,-3.0,4.5,92%,-4.1,-7.6,-0.5,92%,-2.0,-5.5,1.5,92%,42%,8%,0%,98,42%,8%,0%,97,25%,8%,0%,95,25%,0%,50%,0%,50%,0%,13%,SUPP,SUPP,SUPP,SUPP,SUPP,SUPP,SUPP,,20%,0%,SUPP,SUPP,SUPP,SUPP,SUPP,SUPP,SUPP,,0%,0.9,-3.7,5.6,SUPP,SUPP,SUPP,SUPP,SUPP,SUPP,SUPP,SUPP,SUPP,SUPP,SUPP,SUPP,SUPP,SUPP,SUPP,SUPP,SUPP,SUPP,SUPP,NA,NA,NA,1.8,-2.4,5.9,-3.6,-8.0,0.9,SUPP,SUPP,SUPP,SUPP,SUPP,SUPP,SUPP,SUPP,SUPP,SUPP,SUPP,SUPP,SUPP,SUPP,SUPP,SUPP,SUPP,SUPP,SUPP,NA,NA,NA,-1.5,-5.5,2.4,-0.5,-4.9,3.9,SUPP,SUPP,SUPP,SUPP,SUPP,SUPP,SUPP,SUPP,SUPP,SUPP,SUPP,SUPP,SUPP,SUPP,SUPP,SUPP,SUPP,SUPP,SUPP,NA,NA,NA,0.1,-3.8,3.9,94,SUPP,SUPP,SUPP,SUPP,SUPP,SUPP,,99,93,SUPP,SUPP,SUPP,SUPP,SUPP,SUPP,,97,94,SUPP,SUPP,SUPP,SUPP,SUPP,SUPP,,97,SUPP,SUPP,SUPP,SUPP,SUPP,SUPP,SUPP,SUPP,SUPP,SUPP,SUPP,SUPP,SUPP,SUPP,SUPP,SUPP,SUPP,SUPP,SUPP,SUPP,SUPP,SUPP,SUPP,SUPP,SUPP,SUPP,SUPP,SUPP,SUPP,SUPP,SUPP,SUPP,SUPP,SUPP,SUPP,SUPP,SUPP,SUPP,SUPP,SUPP,12,100%,0,0%,2,17%,5,42%,7,58%,,,,,,,,,,,,,,,,,,,,,18,33%,67%,61%,0%,67%,0%,58%,0%,1.8,-1.2,4.8,-3.0,-5.8,-0.2,-4.5,-7.1,-1.8,107,103,0.5,-4.2,-2.5,3,5,3
1,15274,919,5205,117565,Cuffley School,Theobalds Road,Cuffley,,Potters Bar,EN6 4HN,01707888100,E14000606,Broxbourne,0,,,FD,0,None,3-11,0,0,453,60,60,35,25,58%,42%,7.8,12,21%,24,41%,22,38%,2,3%,2,3%,58,97%,7,12%,57,95%,67%,15%,1.1,-0.6,2.7,97%,2.8,1.2,4.3,97%,2.6,1.0,4.1,97%,75%,38%,2%,106,75%,43%,2%,106,88%,33%,0%,106,77%,32%,22%,0%,83%,0%,57%,80%,8%,75%,95%,SUPP,SUPP,SUPP,43%,68%,11%,20%,0%,4%,36%,SUPP,SUPP,SUPP,14%,16%,0.4,-1.7,2.6,1.9,-0.5,4.4,4.0,0.4,7.6,0.6,-1.9,3.2,-0.1,-2.7,2.6,SUPP,SUPP,SUPP,SUPP,SUPP,SUPP,SUPP,-0.8,-5.8,4.2,1.1,-0.6,2.7,2.0,-0.1,4.0,3.8,1.5,6.2,2.2,-1.2,5.6,3.2,0.7,5.6,2.7,0.2,5.2,SUPP,SUPP,SUPP,SUPP,SUPP,SUPP,SUPP,5.4,0.5,10.2,2.7,1.1,4.3,3.3,1.3,5.3,1.6,-0.7,4.0,7.0,3.7,10.4,2.6,0.2,5.0,0.1,-2.4,2.6,SUPP,SUPP,SUPP,SUPP,SUPP,SUPP,SUPP,3.6,-1.1,8.4,2.3,0.8,3.9,104,108,99,105,111,SUPP,SUPP,103,106,106,107,101,106,110,SUPP,SUPP,106,107,105,108,98,105,112,SUPP,SUPP,107,106,33%,83%,95%,SUPP,SUPP,42%,75%,100%,SUPP,SUPP,67%,92%,100%,SUPP,SUPP,17%,92%,100%,SUPP,SUPP,8%,29%,68%,SUPP,SUPP,8%,25%,86%,SUPP,SUPP,8%,38%,45%,SUPP,SUPP,0%,21%,64%,SUPP,SUPP,53,88%,0,0%,2,3%,4,7%,6,10%,,,,,,,,,,,,,,,,,,,,,60,7%,93%,62%,17%,SUPP,SUPP,SUPP,SUPP,0.4,-1.2,2.0,2.1,0.6,3.5,3.1,1.7,4.4,104,107,1.1,2.8,2.6,3,2,2
1,69120,919,5206,138215,The Wroxham School,Wroxham Gardens,,,Potters Bar,EN6 3DJ,01707643576,E14000745,Hertsmere,0,,,ACC,0,None,4-11,0,0,232,30,30,19,11,63%,37%,8.0,6,20%,12,40%,12,40%,0,0%,6,20%,24,80%,5,17%,29,97%,77%,17%,-0.5,-2.8,1.7,100%,0.8,-1.4,3.0,100%,1.2,-0.9,3.3,100%,80%,33%,0%,107,87%,40%,0%,108,83%,43%,0%,108,83%,17%,10%,0%,87%,0%,84%,64%,17%,83%,100%,50%,83%,-16,SUPP,76%,21%,9%,0%,0%,42%,0%,21%,-10,SUPP,17%,0.6,-2.2,3.5,-2.5,-6.2,1.3,-2.4,-7.5,2.6,0.0,-3.5,3.6,-0.1,-3.6,3.5,-1.3,-6.4,3.7,-0.3,-2.8,2.2,-1.7,SUPP,SUPP,SUPP,-0.5,-2.8,1.7,2.1,-0.6,4.8,-1.5,-5.1,2.1,0.3,-4.5,5.1,1.5,-2.0,4.9,0.4,-3.0,3.8,-1.8,-6.6,3.1,1.4,-1.0,3.9,-2.2,SUPP,SUPP,SUPP,0.8,-1.4,3.0,2.7,0.1,5.4,-1.4,-4.9,2.1,0.8,-3.9,5.6,0.4,-3.0,3.7,2.2,-1.2,5.5,-3.2,-7.9,1.5,2.3,-0.1,4.7,-3.7,SUPP,SUPP,SUPP,1.4,-0.8,3.5,108,104,98,104,112,103,107,SUPP,107,110,104,102,104,113,100,109,SUPP,108,109,105,97,105,114,102,109,SUPP,108,17%,92%,100%,50%,88%,33%,100%,100%,67%,92%,33%,92%,100%,67%,88%,33%,92%,100%,50%,92%,0%,0%,83%,0%,42%,0%,8%,92%,17%,46%,0%,17%,92%,0%,54%,0%,0%,42%,0%,21%,25,83%,0,0%,3,10%,5,17%,8,27%,,,,,,,,,,,,,,,,,,,,,30,17%,83%,53%,17%,SUPP,SUPP,SUPP,SUPP,-1.0,-3.2,1.2,-4.5,-6.6,-2.5,-0.2,-2.2,1.7,105,107,-0.5,0.8,1.2,3,3,3
1,33662,919,5207,117567,Little Heath Primary School,School Road,,,Potters Bar,EN6 1JW,01707652104,E14001027,Welwyn Hatfield,0,,,FD,0,None,3-11,0,0,236,31,30,18,12,60%,40%,8.1,5,17%,13,43%,12,40%,0,0%,6,20%,24,80%,2,7%,30,100%,73%,10%,-0.5,-2.8,1.7,100%,1.1,-1.1,3.2,100%,-0.5,-2.6,1.7,100%,87%,37%,0%,106,67%,23%,0%,103,80%,27%,0%,105,87%,23%,7%,0%,90%,0%,67%,83%,SUPP,69%,100%,50%,79%,-16,SUPP,73%,11%,8%,SUPP,0%,25%,0%,13%,-10,SUPP,10%,-0.5,-3.5,2.4,-0.5,-4.1,3.0,SUPP,SUPP,SUPP,-0.5,-3.9,3.0,-1.8,-5.4,1.7,-0.6,-5.7,4.4,-0.5,-3.0,2.0,-1.0,SUPP,SUPP,SUPP,-0.5,-2.8,1.7,0.6,-2.2,3.4,1.8,-1.6,5.2,SUPP,SUPP,SUPP,0.1,-3.2,3.3,1.2,-2.2,4.6,-1.5,-6.4,3.3,1.7,-0.7,4.1,-1.9,SUPP,SUPP,SUPP,1.1,-1.1,3.2,0.6,-2.1,3.4,-2.1,-5.4,1.3,SUPP,SUPP,SUPP,-1.8,-5.1,1.4,-0.9,-4.2,2.5,-3.2,-7.9,1.6,0.2,-2.1,2.6,-3.7,SUPP,SUPP,SUPP,-0.5,-2.6,1.7,105,108,SUPP,105,111,106,106,SUPP,106,105,105,SUPP,103,110,100,106,SUPP,105,103,104,SUPP,100,110,101,104,SUPP,103,SUPP,92%,100%,67%,92%,SUPP,46%,100%,50%,71%,SUPP,85%,100%,50%,88%,SUPP,92%,100%,67%,92%,SUPP,23%,67%,33%,38%,SUPP,8%,50%,17%,25%,SUPP,8%,58%,0%,33%,SUPP,0%,58%,17%,25%,28,93%,0,0%,2,7%,5,17%,7,23%,,,,,,,,,,,,,,,,,,,,,30,10%,90%,73%,7%,SUPP,SUPP,SUPP,SUPP,3.2,1.0,5.4,-0.3,-2.3,1.7,0.7,-1.2,2.6,108,106,-0.5,1.1,-0.5,3,3,3
1,33720,919,5208,137861,Little Reddings Primary School,Harcourt Road,,,Bushey,WD23 3PR,02089505388,E14000745,Hertsmere,0,,,ACC,0,None,3-11,0,0,305,54,49,21,28,43%,57%,7.2,17,38%,15,33%,13,29%,4,8%,22,45%,27,55%,12,24%,39,80%,45%,6%,0.4,-1.4,2.2,92%,-4.5,-6.2,-2.7,92%,-1.6,-3.4,0.1,92%,63%,29%,0%,105,67%,37%,0%,106,61%,18%,0%,103,49%,8%,20%,0%,71%,0%,33%,54%,12%,53%,85%,27%,59%,-39,50%,41%,5%,7%,0%,0%,15%,5%,7%,-5,0%,5%,0.4,-2.3,3.2,0.4,-2.1,2.8,-1.7,-4.7,1.3,1.5,-1.6,4.7,1.8,-1.6,5.2,-3.0,-5.8,-0.2,2.9,0.5,5.3,-3.4,3.6,-0.3,7.5,0.7,-1.3,2.8,-7.3,-10.0,-4.7,-2.2,-4.5,0.2,-6.9,-9.8,-4.0,-4.0,-7.1,-0.9,-1.9,-5.1,1.4,-5.7,-8.4,-2.9,-3.6,-5.9,-1.3,-6.1,-4.1,-7.8,-0.3,-4.7,-6.7,-2.7,-0.3,-2.9,2.3,-2.7,-5.0,-0.4,-3.6,-6.4,-0.8,1.2,-1.8,4.2,-2.4,-5.6,0.8,-4.3,-7.0,-1.6,0.3,-2.0,2.6,-4.8,2.7,-1.0,6.4,-1.3,-3.2,0.6,105,105,98,106,112,101,108,106,105,104,101,95,105,106,99,105,107,103,106,106,99,108,111,104,107,107,106,24%,87%,100%,41%,81%,29%,93%,92%,55%,78%,24%,80%,92%,41%,78%,18%,53%,92%,32%,63%,6%,20%,69%,9%,44%,0%,47%,77%,23%,48%,0%,27%,23%,14%,22%,0%,7%,15%,9%,7%,37,76%,0,0%,2,4%,17,35%,19,39%,,,,,,,,,,,,,,,,,,,,,48,29%,71%,64%,9%,38%,0%,74%,12%,1.7,-0.2,3.6,0.0,-1.8,1.7,0.5,-1.1,2.2,105,105,0.4,-4.8,-1.7,3,5,3
1,40112,919,5209,117569,Northaw Church of England Primary School,Vineyards Road,Northaw,,Potters Bar,EN6 4PB,01707652869,E14000606,Broxbourne,0,,,VA,0,Church of England,3-11,0,0,107,15,15,6,9,40%,60%,8.1,3,20%,4,27%,8,53%,0,0%,4,27%,11,73%,0,0%,15,100%,67%,33%,4.3,1.1,7.5,100%,2.6,-0.4,5.7,100%,0.1,-2.9,3.0,100%,87%,67%,0%,110,73%,53%,0%,106,73%,40%,0%,105,73%,47%,20%,0%,73%,0%,67%,67%,SUPP,SUPP,100%,SUPP,SUPP,SUPP,,67%,17%,44%,SUPP,SUPP,63%,SUPP,SUPP,SUPP,,33%,3.3,-1.7,8.4,5.0,0.9,9.1,SUPP,SUPP,SUPP,SUPP,SUPP,SUPP,4.1,-0.2,8.5,SUPP,SUPP,SUPP,SUPP,SUPP,SUPP,SUPP,NA,NA,NA,4.3,1.1,7.5,0.9,-3.9,5.7,3.8,-0.2,7.7,SUPP,SUPP,SUPP,SUPP,SUPP,SUPP,4.9,0.7,9.0,SUPP,SUPP,SUPP,SUPP,SUPP,SUPP,SUPP,NA,NA,NA,2.6,-0.4,5.7,-0.1,-4.8,4.7,0.1,-3.7,4.0,SUPP,SUPP,SUPP,SUPP,SUPP,SUPP,1.1,-3.0,5.2,SUPP,SUPP,SUPP,SUPP,SUPP,SUPP,SUPP,NA,NA,NA,0.1,-2.9,3.0,106,113,SUPP,SUPP,116,SUPP,SUPP,,110,102,107,SUPP,SUPP,112,SUPP,SUPP,,105,104,108,SUPP,SUPP,114,SUPP,SUPP,,106,SUPP,SUPP,100%,SUPP,SUPP,SUPP,SUPP,100%,SUPP,SUPP,SUPP,SUPP,100%,SUPP,SUPP,SUPP,SUPP,100%,SUPP,SUPP,SUPP,SUPP,100%,SUPP,SUPP,SUPP,SUPP,100%,SUPP,SUPP,SUPP,SUPP,75%,SUPP,SUPP,SUPP,SUPP,88%,SUPP,SUPP,15,100%,0,0%,0,0%,6,40%,6,40%,,,,,,,,,,,,,,,,,,,,,15,20%,80%,67%,20%,SUPP,SUPP,SUPP,SUPP,0.8,-2.3,3.9,3.0,0.1,5.8,0.6,-2.1,3.3,105,106,4.3,2.6,0.1,1,3,3
1,8768,919,5210,117570,Brookmans Park Primary School,Bradmore Way,Brookmans Park,,Hatfield,AL9 7QY,01707652355,E14001027,Welwyn Hatfield,0,,,FD,0,None,4-11,0,0,345,45,46,25,21,54%,46%,8.4,5,11%,17,38%,23,51%,1,2%,5,11%,41,89%,3,7%,43,93%,78%,30%,1.3,-0.5,3.2,98%,2.9,1.1,4.6,98%,1.6,-0.2,3.3,98%,87%,46%,0%,108,91%,39%,0%,108,91%,37%,0%,108,89%,37%,11%,0%,100%,0%,84%,71%,SUPP,71%,100%,SUPP,SUPP,SUPP,SUPP,79%,32%,29%,SUPP,6%,57%,SUPP,SUPP,SUPP,SUPP,33%,1.2,-1.3,3.7,1.5,-1.2,4.3,SUPP,SUPP,SUPP,1.1,-1.9,4.0,0.5,-2.1,3.0,SUPP,SUPP,SUPP,SUPP,SUPP,SUPP,SUPP,SUPP,SUPP,SUPP,1.2,-0.7,3.0,2.1,-0.3,4.5,3.9,1.2,6.5,SUPP,SUPP,SUPP,3.8,1.0,6.7,2.2,-0.2,4.7,SUPP,SUPP,SUPP,SUPP,SUPP,SUPP,SUPP,SUPP,SUPP,SUPP,2.9,1.0,4.7,1.4,-0.9,3.7,1.8,-0.8,4.4,SUPP,SUPP,SUPP,0.9,-1.9,3.7,0.7,-1.7,3.1,SUPP,SUPP,SUPP,SUPP,SUPP,SUPP,SUPP,SUPP,SUPP,SUPP,1.5,-0.3,3.2,109,107,SUPP,105,112,SUPP,SUPP,SUPP,108,108,107,SUPP,105,111,SUPP,SUPP,SUPP,108,108,107,SUPP,106,112,SUPP,SUPP,SUPP,108,SUPP,82%,100%,SUPP,SUPP,SUPP,100%,100%,SUPP,SUPP,SUPP,88%,100%,SUPP,SUPP,SUPP,100%,100%,SUPP,SUPP,SUPP,24%,70%,SUPP,SUPP,SUPP,18%,65%,SUPP,SUPP,SUPP,12%,65%,SUPP,SUPP,SUPP,18%,61%,SUPP,SUPP,43,93%,0,0%,0,0%,6,13%,6,13%,,,,,,,,,,,,,,,,,,,,,45,9%,91%,93%,27%,SUPP,SUPP,SUPP,SUPP,2.1,0.3,4.0,2.9,1.2,4.5,2.4,0.8,3.9,109,109,1.3,2.9,1.6,3,1,3
1,49878,919,5211,138288,St Catherine of Siena Catholic Primary School,Horseshoe Lane,Garston,,Watford,WD25 7HP,01923676022,E14001021,Watford,0,,,ACC,0,Roman Catholic,4-11,0,0,269,35,33,19,14,58%,42%,7.7,6,19%,15,47%,11,34%,1,3%,6,18%,27,82%,12,36%,33,100%,67%,15%,1.9,-0.3,4.0,97%,1.1,-0.9,3.2,97%,0.5,-1.5,2.6,97%,85%,36%,0%,107,70%,15%,0%,104,88%,21%,0%,105,73%,18%,24%,0%,79%,0%,53%,86%,33%,53%,100%,67%,67%,1,67%,67%,16%,14%,0%,0%,45%,17%,15%,7,17%,15%,0.7,-2.2,3.6,3.4,0.1,6.7,4.0,-1.1,9.0,2.0,-1.2,5.2,0.5,-3.3,4.2,0.1,-4.9,5.2,2.2,-0.2,4.7,-0.3,2.7,-1.1,6.4,1.9,-0.3,4.0,0.4,-2.4,3.2,2.1,-1.1,5.3,6.5,1.6,11.3,-1.8,-4.9,1.2,2.3,-1.3,5.9,0.3,-4.5,5.2,1.3,-1.0,3.7,-0.1,2.7,-0.9,6.3,1.1,-0.9,3.2,0.9,-1.8,3.6,0.1,-3.0,3.2,4.0,-0.7,8.7,-0.8,-3.8,2.2,0.5,-3.0,4.0,-2.3,-7.1,2.4,1.2,-1.1,3.5,-2.8,1.9,-1.6,5.4,0.5,-1.5,2.6,105,110,101,106,112,105,108,107,107,104,105,98,103,111,102,105,106,105,101,107,97,101,110,102,104,106,104,50%,87%,100%,83%,85%,33%,60%,100%,50%,74%,50%,93%,100%,83%,89%,33%,67%,100%,67%,74%,17%,20%,73%,50%,33%,0%,0%,45%,17%,15%,0%,0%,64%,17%,22%,0%,0%,55%,17%,19%,21,64%,0,0%,1,3%,6,18%,7,21%,,,,,,,,,,,,,,,,,,,,,34,24%,76%,88%,6%,100%,0%,85%,8%,1.1,-1.0,3.2,2.9,1.0,4.8,0.1,-1.7,1.9,107,106,1.9,1.1,0.5,3,3,3
1,19334,919,5212,141898,Fair Field Junior School,Watford Road,,,Radlett,WD7 8LU,01923856341,E14000745,Hertsmere,0,,,ACC,0,None,7-11,0,0,228,58,55,33,22,60%,40%,8.1,8,15%,27,52%,17,33%,3,5%,19,35%,36,65%,7,13%,53,96%,78%,18%,1.9,0.1,3.6,95%,0.7,-0.9,2.4,95%,3.0,1.4,4.6,95%,89%,44%,0%,108,87%,49%,0%,109,89%,42%,0%,108,84%,18%,15%,0%,93%,0%,70%,91%,13%,85%,100%,74%,81%,8,86%,79%,9%,32%,0%,0%,53%,11%,22%,1,14%,19%,1.6,-0.6,3.8,2.2,-0.5,5.0,1.7,-2.6,6.1,0.9,-1.5,3.3,3.4,0.4,6.4,1.1,-1.8,4.0,2.3,0.1,4.4,0.7,SUPP,SUPP,SUPP,1.9,0.2,3.7,-0.4,-2.5,1.7,2.5,-0.2,5.1,-0.9,-5.1,3.3,0.7,-1.5,3.0,1.5,-1.4,4.4,-0.7,-3.5,2.1,1.5,-0.6,3.5,-1.1,SUPP,SUPP,SUPP,0.5,-1.1,2.2,2.8,0.7,4.8,3.4,0.8,6.0,2.3,-1.8,6.4,2.4,0.2,4.6,4.3,1.5,7.1,1.3,-1.4,4.0,3.9,1.9,5.9,0.8,SUPP,SUPP,SUPP,2.9,1.3,4.5,107,110,99,106,115,106,109,105,108,107,110,98,107,115,106,110,112,108,107,111,99,107,116,106,110,110,109,50%,96%,100%,84%,92%,38%,96%,100%,89%,86%,50%,93%,100%,79%,94%,25%,93%,100%,79%,86%,0%,26%,88%,42%,44%,0%,33%,94%,42%,53%,0%,26%,82%,26%,50%,0%,0%,53%,11%,22%,48,87%,0,0%,0,0%,10,18%,10,18%,,,,,,,,,,,,,,,,,,,,,53,17%,83%,77%,19%,56%,11%,82%,20%,-1.9,-3.6,-0.3,-1.4,-3.0,0.2,-0.9,-2.4,0.5,106,107,1.9,0.7,3.0,2,3,2
1,13256,919,5213,131456,Clore Shalom School,Hugo Gryn Way,,,Shenley,WD7 9BL,01923855631,E14000745,Hertsmere,0,,,VA,0,Jewish,4-11,0,0,203,30,29,14,15,48%,52%,8.1,3,10%,17,59%,9,31%,0,0%,4,14%,25,86%,0,0%,28,97%,52%,7%,0.0,-2.3,2.3,100%,1.2,-1.0,3.4,100%,-2.1,-4.2,0.1,100%,76%,38%,0%,107,83%,24%,0%,106,66%,10%,0%,104,79%,28%,17%,0%,79%,0%,50%,53%,SUPP,41%,89%,SUPP,SUPP,SUPP,,54%,0%,13%,SUPP,0%,22%,SUPP,SUPP,SUPP,,7%,-0.1,-3.4,3.2,0.1,-3.0,3.3,SUPP,SUPP,SUPP,-1.3,-4.3,1.7,-0.6,-4.7,3.5,SUPP,SUPP,SUPP,SUPP,SUPP,SUPP,SUPP,NA,NA,NA,0.5,-1.8,2.9,-0.7,-3.9,2.4,3.0,-0.1,6.1,SUPP,SUPP,SUPP,0.8,-2.1,3.6,3.6,-0.4,7.5,SUPP,SUPP,SUPP,SUPP,SUPP,SUPP,SUPP,NA,NA,NA,1.2,-1.0,3.4,-0.2,-3.3,2.9,-3.8,-6.8,-0.8,SUPP,SUPP,SUPP,-2.6,-5.4,0.2,-2.1,-6.0,1.7,SUPP,SUPP,SUPP,SUPP,SUPP,SUPP,SUPP,NA,NA,NA,-1.8,-4.0,0.4,105,109,SUPP,104,111,SUPP,SUPP,,107,104,103,SUPP,101,109,SUPP,SUPP,,104,103,108,SUPP,103,111,SUPP,SUPP,,106,SUPP,65%,100%,SUPP,SUPP,SUPP,76%,100%,SUPP,SUPP,SUPP,53%,89%,SUPP,SUPP,SUPP,82%,100%,SUPP,SUPP,SUPP,24%,56%,SUPP,SUPP,SUPP,12%,56%,SUPP,SUPP,SUPP,0%,33%,SUPP,SUPP,SUPP,6%,78%,SUPP,SUPP,29,100%,0,0%,0,0%,4,14%,4,14%,,,,,,,,,,,,,,,,,,,,,30,13%,87%,80%,23%,SUPP,SUPP,SUPP,SUPP,0.0,-2.5,2.5,3.1,0.8,5.4,0.9,-1.2,3.1,106,107,-0.4,1.2,-2.1,3,3,3
2,31598,919,7007,138485,Knightsfield School,Knightsfield,,,Welwyn Garden City,AL8 7LW,01707376874,E14001027,Welwyn Hatfield,0,,,ACCS,0,Does not apply,9-18,0,0,65,4,4,SUPP,SUPP,SUPP,SUPP,SUPP,SUPP,SUPP,SUPP,SUPP,SUPP,SUPP,SUPP,SUPP,SUPP,SUPP,SUPP,SUPP,SUPP,SUPP,SUPP,SUPP,SUPP,SUPP,SUPP,SUPP,SUPP,SUPP,SUPP,SUPP,SUPP,SUPP,SUPP,SUPP,SUPP,SUPP,SUPP,SUPP,SUPP,SUPP,SUPP,SUPP,SUPP,SUPP,SUPP,SUPP,SUPP,SUPP,SUPP,SUPP,SUPP,SUPP,SUPP,SUPP,SUPP,,SUPP,,,SUPP,SUPP,SUPP,SUPP,,SUPP,,SUPP,,,SUPP,SUPP,SUPP,SUPP,,SUPP,SUPP,SUPP,NA,NA,NA,SUPP,SUPP,SUPP,NA,NA,NA,NA,NA,NA,SUPP,SUPP,SUPP,SUPP,SUPP,SUPP,SUPP,NA,NA,NA,NA,NA,NA,SUPP,SUPP,SUPP,NA,NA,NA,SUPP,SUPP,SUPP,NA,NA,NA,NA,NA,NA,SUPP,SUPP,SUPP,SUPP,SUPP,SUPP,SUPP,NA,NA,NA,NA,NA,NA,SUPP,SUPP,SUPP,NA,NA,NA,SUPP,SUPP,SUPP,NA,NA,NA,NA,NA,NA,SUPP,SUPP,SUPP,SUPP,SUPP,SUPP,SUPP,NA,NA,NA,NA,NA,NA,SUPP,,SUPP,,,SUPP,SUPP,SUPP,,SUPP,,SUPP,,,SUPP,SUPP,SUPP,,SUPP,,SUPP,,,SUPP,SUPP,SUPP,,SUPP,,,SUPP,SUPP,SUPP,,,SUPP,SUPP,SUPP,,,SUPP,SUPP,SUPP,,,SUPP,SUPP,SUPP,,,SUPP,SUPP,SUPP,,,SUPP,SUPP,SUPP,,,SUPP,SUPP,SUPP,,,SUPP,SUPP,SUPP,SUPP,SUPP,SUPP,SUPP,SUPP,SUPP,SUPP,SUPP,SUPP,,,,,,,,,,,,,,,,,,,,,4,SUPP,SUPP,SUPP,SUPP,SUPP,SUPP,SUPP,SUPP,SUPP,SUPP,SUPP,SUPP,SUPP,SUPP,SUPP,SUPP,SUPP,SUPP,SUPP,SUPP,SUPP,SUPP,NA,NA,NA
2,13636,919,7011,117670,Colnbrook School,Hayling Road,,,Watford,WD19 7UY,02084281281,E14000951,South West Hertfordshire,0,,,CYS,0,Does not apply,4-11,0,0,113,28,28,19,9,68%,32%,2.9,27,100%,0,0%,0,0%,1,4%,12,43%,16,57%,5,18%,26,93%,0%,0%,-5.0,-7.3,-2.6,96%,-3.3,-5.6,-1.1,96%,-4.5,-6.8,-2.3,96%,0%,0%,0%,,0%,0%,0%,,0%,0%,0%,,0%,0%,0%,0%,0%,0%,0%,0%,0%,,,0%,0%,-66,SUPP,0%,0%,0%,0%,,,0%,0%,-10,SUPP,0%,-5.0,-7.9,-2.1,-4.9,-9.0,-0.8,-5.0,-7.3,-2.6,NA,NA,NA,NA,NA,NA,-4.1,-7.7,-0.6,-5.7,-8.8,-2.5,-4.5,SUPP,SUPP,SUPP,-5.3,-7.7,-2.8,-3.3,-6.1,-0.5,-3.5,-7.4,0.5,-3.3,-5.6,-1.1,NA,NA,NA,NA,NA,NA,-2.5,-5.9,0.9,-4.0,-7.1,-1.0,-2.9,SUPP,SUPP,SUPP,-3.7,-6.1,-1.3,-4.2,-7.0,-1.5,-5.1,-9.0,-1.3,-4.5,-6.8,-2.3,NA,NA,NA,NA,NA,NA,-3.9,-7.2,-0.5,-5.1,-8.0,-2.1,-4.4,SUPP,SUPP,SUPP,-4.9,-7.3,-2.6,,,,,,,,SUPP,,,,,,,,,SUPP,,,,,,,,,SUPP,,0%,,,0%,0%,0%,,,0%,0%,0%,,,0%,0%,0%,,,0%,0%,0%,,,0%,0%,0%,,,0%,0%,0%,,,0%,0%,0%,,,0%,0%,23,82%,0,0%,28,100%,0,0%,28,100%,,,,,,,,,,,,,,,,,,,,,18,44%,56%,0%,0%,0%,0%,0%,0%,-3.9,-6.7,-1.0,-3.5,-6.1,-0.9,-5.1,-7.6,-2.7,,,-5.0,-3.3,-4.5,5,5,5
2,52704,919,7012,117671,St Luke's School,Crouch Hall Lane,Redbourn,,St Albans,AL3 7ET,01582626727,E14000749,Hitchin and Harpenden,0,,,FDS,0,Does not apply,7-16,0,0,160,11,11,7,4,64%,36%,3.8,10,100%,0,0%,0,0%,1,9%,5,45%,6,55%,0,0%,4,36%,0%,0%,-7.6,-11.7,-3.5,82%,-3.6,-7.6,0.3,82%,-7.9,-11.8,-4.1,82%,0%,0%,0%,,0%,0%,0%,,0%,0%,0%,,0%,0%,0%,9%,0%,9%,0%,SUPP,0%,,,SUPP,SUPP,SUPP,,SUPP,0%,SUPP,0%,,,SUPP,SUPP,SUPP,,SUPP,-9.5,-14.5,-4.5,SUPP,SUPP,SUPP,-7.6,-11.7,-3.5,NA,NA,NA,NA,NA,NA,SUPP,SUPP,SUPP,SUPP,SUPP,SUPP,SUPP,NA,NA,NA,SUPP,SUPP,SUPP,-5.7,-10.6,-0.9,SUPP,SUPP,SUPP,-3.6,-7.6,0.3,NA,NA,NA,NA,NA,NA,SUPP,SUPP,SUPP,SUPP,SUPP,SUPP,SUPP,NA,NA,NA,SUPP,SUPP,SUPP,-9.8,-14.6,-5.1,SUPP,SUPP,SUPP,-7.9,-11.8,-4.1,NA,NA,NA,NA,NA,NA,SUPP,SUPP,SUPP,SUPP,SUPP,SUPP,SUPP,NA,NA,NA,SUPP,SUPP,SUPP,,SUPP,,,,SUPP,SUPP,,SUPP,,SUPP,,,,SUPP,SUPP,,SUPP,,SUPP,,,,SUPP,SUPP,,SUPP,0%,,,SUPP,SUPP,0%,,,SUPP,SUPP,0%,,,SUPP,SUPP,0%,,,SUPP,SUPP,0%,,,SUPP,SUPP,0%,,,SUPP,SUPP,0%,,,SUPP,SUPP,0%,,,SUPP,SUPP,11,100%,0,0%,11,100%,0,0%,11,100%,,,,,,,,,,,,,,,,,,,,,21,29%,71%,0%,0%,0%,0%,0%,0%,-8.6,-11.3,-5.9,-7.5,-10.0,-5.0,-12.0,-14.4,-9.6,,,-7.6,-3.6,-7.9,5,3,5
2,13578,919,7013,117672,The Collett School,Lockers Park Lane,,,Hemel Hempstead,HP1 1TQ,01442398988,E14000739,Hemel Hempstead,0,,,CYS,0,Does not apply,4-16,0,0,130,8,8,2,6,25%,75%,3.5,6,100%,0,0%,0,0%,2,25%,3,38%,5,63%,1,13%,7,88%,0%,0%,-9.6,-14.6,-4.5,75%,-9.2,-14.1,-4.4,75%,-8.0,-12.7,-3.3,75%,0%,0%,0%,,0%,0%,0%,,0%,0%,0%,,0%,0%,0%,0%,0%,0%,SUPP,0%,0%,,,SUPP,SUPP,SUPP,SUPP,0%,SUPP,0%,0%,,,SUPP,SUPP,SUPP,SUPP,0%,SUPP,SUPP,SUPP,SUPP,SUPP,SUPP,-9.6,-14.6,-4.5,NA,NA,NA,NA,NA,NA,SUPP,SUPP,SUPP,SUPP,SUPP,SUPP,SUPP,SUPP,SUPP,SUPP,-9.6,-14.6,-4.5,SUPP,SUPP,SUPP,SUPP,SUPP,SUPP,-9.2,-14.1,-4.4,NA,NA,NA,NA,NA,NA,SUPP,SUPP,SUPP,SUPP,SUPP,SUPP,SUPP,SUPP,SUPP,SUPP,-9.2,-14.1,-4.4,SUPP,SUPP,SUPP,SUPP,SUPP,SUPP,-8.0,-12.7,-3.3,NA,NA,NA,NA,NA,NA,SUPP,SUPP,SUPP,SUPP,SUPP,SUPP,SUPP,SUPP,SUPP,SUPP,-8.0,-12.7,-3.3,SUPP,,,,,SUPP,SUPP,SUPP,,SUPP,,,,,SUPP,SUPP,SUPP,,SUPP,,,,,SUPP,SUPP,SUPP,,0%,,,SUPP,SUPP,0%,,,SUPP,SUPP,0%,,,SUPP,SUPP,0%,,,SUPP,SUPP,0%,,,SUPP,SUPP,0%,,,SUPP,SUPP,0%,,,SUPP,SUPP,0%,,,SUPP,SUPP,7,88%,0,0%,8,100%,0,0%,8,100%,,,,,,,,,,,,,,,,,,,,,14,43%,57%,0%,0%,0%,0%,0%,0%,-4.5,-7.7,-1.2,-4.5,-7.4,-1.5,-3.5,-6.4,-0.7,,,-10.3,-9.2,-8.4,5,5,5
2,36938,919,7019,117676,Middleton School,Walnut Tree Walk,,,Ware,SG12 9PD,01920485152,E14000744,Hertford and Stortford,0,,,CYS,0,Does not apply,4-11,0,0,100,26,26,16,10,62%,38%,2.9,23,100%,0,0%,0,0%,3,12%,17,65%,9,35%,2,8%,23,88%,0%,0%,1.2,-1.4,3.8,88%,-3.9,-6.4,-1.4,88%,0.2,-2.2,2.6,88%,4%,0%,0%,92,4%,0%,0%,93,0%,0%,0%,88,0%,0%,0%,0%,0%,0%,0%,0%,0%,,,0%,0%,-66,SUPP,0%,0%,0%,0%,,,0%,0%,-10,SUPP,0%,4.6,1.4,7.8,-5.2,-9.5,-0.8,1.2,-1.4,3.8,NA,NA,NA,NA,NA,NA,1.8,-1.4,5.0,0.1,-4.3,4.4,1.4,SUPP,SUPP,SUPP,1.3,-1.4,4.1,-2.3,-5.4,0.7,-6.9,-11.1,-2.7,-3.9,-6.4,-1.4,NA,NA,NA,NA,NA,NA,-4.1,-7.2,-1.1,-3.5,-7.7,0.6,-4.5,SUPP,SUPP,SUPP,-3.4,-6.0,-0.7,3.3,0.3,6.3,-5.5,-9.6,-1.4,0.2,-2.2,2.6,NA,NA,NA,NA,NA,NA,0.8,-2.2,3.8,-0.9,-5.0,3.2,0.3,SUPP,SUPP,SUPP,1.3,-1.3,3.8,92,92,92,,,92,93,SUPP,92,88,90,88,,,89,87,SUPP,88,93,,93,,,91,102,SUPP,93,4%,,,0%,11%,4%,,,0%,11%,0%,,,0%,0%,0%,,,0%,0%,0%,,,0%,0%,0%,,,0%,0%,0%,,,0%,0%,0%,,,0%,0%,24,92%,0,0%,26,100%,0,0%,26,100%,,,,,,,,,,,,,,,,,,,,,13,38%,62%,0%,0%,SUPP,SUPP,SUPP,SUPP,-0.4,-3.8,2.9,-5.6,-8.7,-2.5,-1.6,-4.6,1.3,87,87,1.2,-3.9,0.2,3,5,3
2,34268,919,7022,117679,Lonsdale School,Brittain Way,,,Stevenage,SG2 8UT,01438726999,E14000968,Stevenage,0,,,CYS,0,Does not apply,3-18,0,0,112,9,9,5,4,56%,44%,3.4,7,100%,0,0%,0,0%,2,22%,6,67%,3,33%,0,0%,7,78%,0%,0%,-8.6,-13.3,-4.0,78%,-6.0,-10.5,-1.5,78%,-10.5,-14.9,-6.1,78%,0%,0%,0%,,0%,0%,0%,,0%,0%,0%,,0%,0%,0%,0%,0%,0%,SUPP,SUPP,0%,,,SUPP,SUPP,SUPP,,0%,SUPP,SUPP,0%,,,SUPP,SUPP,SUPP,,0%,SUPP,SUPP,SUPP,SUPP,SUPP,SUPP,-8.6,-13.3,-4.0,NA,NA,NA,NA,NA,NA,SUPP,SUPP,SUPP,SUPP,SUPP,SUPP,SUPP,NA,NA,NA,SUPP,SUPP,SUPP,SUPP,SUPP,SUPP,SUPP,SUPP,SUPP,-6.0,-10.5,-1.5,NA,NA,NA,NA,NA,NA,SUPP,SUPP,SUPP,SUPP,SUPP,SUPP,SUPP,NA,NA,NA,SUPP,SUPP,SUPP,SUPP,SUPP,SUPP,SUPP,SUPP,SUPP,-10.5,-14.9,-6.1,NA,NA,NA,NA,NA,NA,SUPP,SUPP,SUPP,SUPP,SUPP,SUPP,SUPP,NA,NA,NA,SUPP,SUPP,SUPP,SUPP,SUPP,,,,SUPP,SUPP,,,SUPP,SUPP,,,,SUPP,SUPP,,,SUPP,SUPP,,,,SUPP,SUPP,,,0%,,,SUPP,SUPP,0%,,,SUPP,SUPP,0%,,,SUPP,SUPP,0%,,,SUPP,SUPP,0%,,,SUPP,SUPP,0%,,,SUPP,SUPP,0%,,,SUPP,SUPP,0%,,,SUPP,SUPP,9,100%,0,0%,9,100%,0,0%,9,100%,,,,,,,,,,,,,,,,,,,,,8,63%,38%,0%,0%,SUPP,SUPP,SUPP,SUPP,-2.9,-7.2,1.4,-6.0,-10.0,-2.1,-3.3,-7.0,0.4,,82,-8.6,-6.0,-10.5,5,5,5
2,31948,919,7023,117680,Lakeside School,Lemsford Lane,,,Welwyn Garden City,AL8 6YN,01707327410,E14001027,Welwyn Hatfield,0,,,CYS,0,Does not apply,2-19,0,0,92,6,6,5,1,83%,17%,1.3,5,100%,0,0%,0,0%,1,17%,2,33%,4,67%,2,33%,6,100%,0%,0%,SUPP,SUPP,SUPP,SUPP,SUPP,SUPP,SUPP,SUPP,SUPP,SUPP,SUPP,SUPP,0%,0%,0%,,0%,0%,0%,,0%,0%,0%,,0%,0%,0%,0%,0%,0%,SUPP,SUPP,SUPP,,,SUPP,SUPP,SUPP,SUPP,0%,SUPP,SUPP,SUPP,,,SUPP,SUPP,SUPP,SUPP,0%,SUPP,SUPP,SUPP,SUPP,SUPP,SUPP,SUPP,SUPP,SUPP,NA,NA,NA,NA,NA,NA,SUPP,SUPP,SUPP,SUPP,SUPP,SUPP,SUPP,SUPP,SUPP,SUPP,SUPP,SUPP,SUPP,SUPP,SUPP,SUPP,SUPP,SUPP,SUPP,SUPP,SUPP,SUPP,NA,NA,NA,NA,NA,NA,SUPP,SUPP,SUPP,SUPP,SUPP,SUPP,SUPP,SUPP,SUPP,SUPP,SUPP,SUPP,SUPP,SUPP,SUPP,SUPP,SUPP,SUPP,SUPP,SUPP,SUPP,SUPP,NA,NA,NA,NA,NA,NA,SUPP,SUPP,SUPP,SUPP,SUPP,SUPP,SUPP,SUPP,SUPP,SUPP,SUPP,SUPP,SUPP,SUPP,SUPP,SUPP,,,SUPP,SUPP,SUPP,,SUPP,SUPP,SUPP,,,SUPP,SUPP,SUPP,,SUPP,SUPP,SUPP,,,SUPP,SUPP,SUPP,,SUPP,,,SUPP,SUPP,SUPP,,,SUPP,SUPP,SUPP,,,SUPP,SUPP,SUPP,,,SUPP,SUPP,SUPP,,,SUPP,SUPP,SUPP,,,SUPP,SUPP,SUPP,,,SUPP,SUPP,SUPP,,,SUPP,SUPP,4,67%,0,0%,6,100%,0,0%,6,100%,,,,,,,,,,,,,,,,,,,,,3,SUPP,SUPP,SUPP,SUPP,SUPP,SUPP,,,SUPP,SUPP,SUPP,SUPP,SUPP,SUPP,SUPP,SUPP,SUPP,SUPP,SUPP,SUPP,SUPP,SUPP,SUPP,SUPP,SUPP
2,7728,919,7024,117681,Breakspeare School,Gallows Hill Lane,,,Abbots Langley,WD5 0BU,01923263645,E14001021,Watford,0,,,CYS,0,Does not apply,2-19,0,0,94,5,5,SUPP,SUPP,SUPP,SUPP,SUPP,SUPP,SUPP,SUPP,SUPP,SUPP,SUPP,SUPP,SUPP,SUPP,SUPP,SUPP,SUPP,SUPP,SUPP,SUPP,SUPP,SUPP,SUPP,SUPP,SUPP,SUPP,SUPP,SUPP,SUPP,SUPP,SUPP,SUPP,SUPP,SUPP,SUPP,SUPP,SUPP,SUPP,SUPP,SUPP,SUPP,SUPP,SUPP,SUPP,SUPP,SUPP,SUPP,SUPP,SUPP,SUPP,SUPP,SUPP,SUPP,SUPP,SUPP,SUPP,,,SUPP,SUPP,SUPP,SUPP,SUPP,SUPP,SUPP,SUPP,,,SUPP,SUPP,SUPP,SUPP,SUPP,SUPP,SUPP,SUPP,SUPP,SUPP,SUPP,SUPP,SUPP,SUPP,NA,NA,NA,NA,NA,NA,SUPP,SUPP,SUPP,SUPP,SUPP,SUPP,SUPP,SUPP,SUPP,SUPP,SUPP,SUPP,SUPP,SUPP,SUPP,SUPP,SUPP,SUPP,SUPP,SUPP,SUPP,SUPP,NA,NA,NA,NA,NA,NA,SUPP,SUPP,SUPP,SUPP,SUPP,SUPP,SUPP,SUPP,SUPP,SUPP,SUPP,SUPP,SUPP,SUPP,SUPP,SUPP,SUPP,SUPP,SUPP,SUPP,SUPP,SUPP,NA,NA,NA,NA,NA,NA,SUPP,SUPP,SUPP,SUPP,SUPP,SUPP,SUPP,SUPP,SUPP,SUPP,SUPP,SUPP,SUPP,SUPP,SUPP,SUPP,,,SUPP,SUPP,SUPP,SUPP,SUPP,SUPP,SUPP,,,SUPP,SUPP,SUPP,SUPP,SUPP,SUPP,SUPP,,,SUPP,SUPP,SUPP,SUPP,SUPP,,,SUPP,SUPP,SUPP,,,SUPP,SUPP,SUPP,,,SUPP,SUPP,SUPP,,,SUPP,SUPP,SUPP,,,SUPP,SUPP,SUPP,,,SUPP,SUPP,SUPP,,,SUPP,SUPP,SUPP,,,SUPP,SUPP,SUPP,SUPP,SUPP,SUPP,SUPP,SUPP,SUPP,SUPP,SUPP,SUPP,,,,,,,,,,,,,,,,,,,,,5,SUPP,SUPP,SUPP,SUPP,SUPP,SUPP,SUPP,SUPP,SUPP,SUPP,SUPP,SUPP,SUPP,SUPP,SUPP,SUPP,SUPP,SUPP,SUPP,SUPP,SUPP,SUPP,SUPP,SUPP,SUPP
2,68366,919,7025,117682,Woodfield School,Malmes Croft,Leverstock Green,,Hemel Hempstead,HP3 8RL,01442253476,E14000739,Hemel Hempstead,0,,,CYS,0,Does not apply,3-19,0,0,124,13,13,10,3,77%,23%,2.2,13,100%,0,0%,0,0%,0,0%,7,54%,6,46%,1,8%,13,100%,0%,0%,-13.1,-16.5,-9.6,100%,-11.6,-14.9,-8.3,100%,-13.3,-16.5,-10.0,100%,0%,0%,0%,,0%,0%,0%,,0%,0%,0%,,0%,0%,0%,0%,0%,0%,0%,SUPP,0%,,,0%,0%,-66,SUPP,0%,0%,SUPP,0%,,,0%,0%,-10,SUPP,0%,-11.9,-15.8,-8.0,SUPP,SUPP,SUPP,-13.1,-16.5,-9.6,NA,NA,NA,NA,NA,NA,-10.7,-15.3,-6.0,-15.9,-20.9,-10.8,-11.1,SUPP,SUPP,SUPP,-13.1,-16.5,-9.6,-10.6,-14.4,-6.9,SUPP,SUPP,SUPP,-11.6,-14.9,-8.3,NA,NA,NA,NA,NA,NA,-9.5,-14.0,-5.1,-14.0,-18.8,-9.1,-9.9,SUPP,SUPP,SUPP,-11.6,-14.9,-8.3,-12.2,-15.8,-8.5,SUPP,SUPP,SUPP,-13.3,-16.5,-10.0,NA,NA,NA,NA,NA,NA,-10.9,-15.3,-6.5,-16.0,-20.7,-11.3,-11.4,SUPP,SUPP,SUPP,-13.3,-16.5,-10.0,,SUPP,,,,,,SUPP,,,SUPP,,,,,,SUPP,,,SUPP,,,,,,SUPP,,0%,,,0%,0%,0%,,,0%,0%,0%,,,0%,0%,0%,,,0%,0%,0%,,,0%,0%,0%,,,0%,0%,0%,,,0%,0%,0%,,,0%,0%,12,92%,0,0%,13,100%,0,0%,13,100%,,,,,,,,,,,,,,,,,,,,,5,SUPP,SUPP,SUPP,SUPP,SUPP,SUPP,SUPP,SUPP,SUPP,SUPP,SUPP,SUPP,SUPP,SUPP,SUPP,SUPP,SUPP,SUPP,SUPP,-13.1,-11.6,-13.3,5,5,5
2,65050,919,7026,117683,Watling View School,Watling View,,,St Albans,AL1 2NU,01727850560,E14000960,St Albans,0,,,CYS,0,Does not apply,2-19,0,0,98,6,6,5,1,83%,17%,1.5,5,100%,0,0%,0,0%,1,17%,3,50%,3,50%,4,67%,6,100%,0%,0%,SUPP,SUPP,SUPP,SUPP,SUPP,SUPP,SUPP,SUPP,SUPP,SUPP,SUPP,SUPP,0%,0%,0%,,0%,0%,0%,,0%,0%,0%,,0%,0%,0%,0%,0%,0%,SUPP,SUPP,SUPP,,,SUPP,SUPP,SUPP,SUPP,0%,SUPP,SUPP,SUPP,,,SUPP,SUPP,SUPP,SUPP,0%,SUPP,SUPP,SUPP,SUPP,SUPP,SUPP,SUPP,SUPP,SUPP,NA,NA,NA,NA,NA,NA,SUPP,SUPP,SUPP,SUPP,SUPP,SUPP,SUPP,SUPP,SUPP,SUPP,SUPP,SUPP,SUPP,SUPP,SUPP,SUPP,SUPP,SUPP,SUPP,SUPP,SUPP,SUPP,NA,NA,NA,NA,NA,NA,SUPP,SUPP,SUPP,SUPP,SUPP,SUPP,SUPP,SUPP,SUPP,SUPP,SUPP,SUPP,SUPP,SUPP,SUPP,SUPP,SUPP,SUPP,SUPP,SUPP,SUPP,SUPP,NA,NA,NA,NA,NA,NA,SUPP,SUPP,SUPP,SUPP,SUPP,SUPP,SUPP,SUPP,SUPP,SUPP,SUPP,SUPP,SUPP,SUPP,SUPP,SUPP,,,SUPP,SUPP,SUPP,,SUPP,SUPP,SUPP,,,SUPP,SUPP,SUPP,,SUPP,SUPP,SUPP,,,SUPP,SUPP,SUPP,,SUPP,,,SUPP,SUPP,SUPP,,,SUPP,SUPP,SUPP,,,SUPP,SUPP,SUPP,,,SUPP,SUPP,SUPP,,,SUPP,SUPP,SUPP,,,SUPP,SUPP,SUPP,,,SUPP,SUPP,SUPP,,,SUPP,SUPP,2,33%,0,0%,6,100%,0,0%,6,100%,,,,,,,,,,,,,,,,,,,,,6,50%,50%,0%,0%,SUPP,SUPP,SUPP,SUPP,SUPP,SUPP,SUPP,SUPP,SUPP,SUPP,SUPP,SUPP,SUPP,,,SUPP,SUPP,SUPP,SUPP,SUPP,SUPP
2,1758,919,7028,117684,Amwell View School,Station Road,Stanstead Abbotts,,Ware,SG12 8EH,01920870027,E14000744,Hertford and Stortford,0,,,CYS,0,Does not apply,2-19,0,0,162,12,12,7,5,58%,42%,2.4,12,100%,0,0%,0,0%,0,0%,8,67%,4,33%,1,8%,12,100%,0%,0%,-7.4,-10.9,-3.8,100%,-6.8,-10.3,-3.4,100%,-9.8,-13.2,-6.5,100%,0%,0%,0%,,0%,0%,0%,,0%,0%,0%,,0%,0%,0%,0%,0%,0%,0%,SUPP,0%,,,SUPP,SUPP,SUPP,SUPP,0%,0%,SUPP,0%,,,SUPP,SUPP,SUPP,SUPP,0%,-7.9,-12.5,-3.2,SUPP,SUPP,SUPP,-7.4,-10.9,-3.8,NA,NA,NA,NA,NA,NA,SUPP,SUPP,SUPP,SUPP,SUPP,SUPP,SUPP,SUPP,SUPP,SUPP,-7.4,-10.9,-3.8,-6.3,-10.7,-1.8,SUPP,SUPP,SUPP,-6.8,-10.3,-3.4,NA,NA,NA,NA,NA,NA,SUPP,SUPP,SUPP,SUPP,SUPP,SUPP,SUPP,SUPP,SUPP,SUPP,-6.8,-10.3,-3.4,-10.5,-14.8,-6.1,SUPP,SUPP,SUPP,-9.8,-13.2,-6.5,NA,NA,NA,NA,NA,NA,SUPP,SUPP,SUPP,SUPP,SUPP,SUPP,SUPP,SUPP,SUPP,SUPP,-9.8,-13.2,-6.5,,SUPP,,,,SUPP,SUPP,SUPP,,,SUPP,,,,SUPP,SUPP,SUPP,,,SUPP,,,,SUPP,SUPP,SUPP,,0%,,,SUPP,SUPP,0%,,,SUPP,SUPP,0%,,,SUPP,SUPP,0%,,,SUPP,SUPP,0%,,,SUPP,SUPP,0%,,,SUPP,SUPP,0%,,,SUPP,SUPP,0%,,,SUPP,SUPP,11,92%,0,0%,12,100%,0,0%,12,100%,,,,,,,,,,,,,,,,,,,,,12,42%,58%,0%,0%,SUPP,SUPP,SUPP,SUPP,-1.0,-4.6,2.7,-1.5,-4.9,1.8,-0.3,-3.5,2.9,,,-7.4,-6.8,-9.8,5,5,5
2,25648,919,7032,117685,Heathlands School,Heathlands Drive,,,St Albans,AL3 5AY,01727807807,E14000960,St Albans,0,,,CYS,0,Does not apply,3-18,0,0,129,5,4,SUPP,SUPP,SUPP,SUPP,SUPP,SUPP,SUPP,SUPP,SUPP,SUPP,SUPP,SUPP,SUPP,SUPP,SUPP,SUPP,SUPP,SUPP,SUPP,SUPP,SUPP,SUPP,SUPP,SUPP,SUPP,SUPP,SUPP,SUPP,SUPP,SUPP,SUPP,SUPP,SUPP,SUPP,SUPP,SUPP,SUPP,SUPP,SUPP,SUPP,SUPP,SUPP,SUPP,SUPP,SUPP,SUPP,SUPP,SUPP,SUPP,SUPP,SUPP,SUPP,SUPP,SUPP,SUPP,SUPP,SUPP,,SUPP,,SUPP,SUPP,SUPP,SUPP,SUPP,SUPP,SUPP,,SUPP,,SUPP,SUPP,SUPP,SUPP,SUPP,SUPP,SUPP,SUPP,SUPP,SUPP,SUPP,SUPP,SUPP,SUPP,SUPP,NA,NA,NA,SUPP,SUPP,SUPP,,,,SUPP,SUPP,SUPP,SUPP,SUPP,SUPP,SUPP,SUPP,SUPP,SUPP,SUPP,SUPP,SUPP,SUPP,SUPP,SUPP,SUPP,SUPP,SUPP,NA,NA,NA,SUPP,SUPP,SUPP,,,,SUPP,SUPP,SUPP,SUPP,SUPP,SUPP,SUPP,SUPP,SUPP,SUPP,SUPP,SUPP,SUPP,SUPP,SUPP,SUPP,SUPP,SUPP,SUPP,NA,NA,NA,SUPP,SUPP,SUPP,,,,SUPP,SUPP,SUPP,SUPP,SUPP,SUPP,SUPP,SUPP,SUPP,SUPP,SUPP,,SUPP,,SUPP,SUPP,SUPP,SUPP,SUPP,SUPP,,SUPP,,SUPP,SUPP,SUPP,SUPP,SUPP,SUPP,,SUPP,,SUPP,SUPP,SUPP,SUPP,,SUPP,,SUPP,SUPP,,SUPP,,SUPP,SUPP,,SUPP,,SUPP,SUPP,,SUPP,,SUPP,SUPP,,SUPP,,SUPP,SUPP,,SUPP,,SUPP,SUPP,,SUPP,,SUPP,SUPP,,SUPP,,SUPP,SUPP,SUPP,SUPP,SUPP,SUPP,SUPP,SUPP,SUPP,SUPP,,,,,,,,,,,,,,,,,,,,,14,50%,50%,14%,0%,0%,0%,29%,0%,-4.7,-8.2,-1.2,-6.6,-9.8,-3.4,-3.0,-6.1,0.0,103,102,SUPP,SUPP,SUPP,SUPP,SUPP,SUPP
2,32440,919,7034,143604,Larwood School,Larwood Drive,,,Stevenage,SG1 5BZ,01438236333,E14000968,Stevenage,0,,,ACCS,0,Does not apply,5-11,0,0,93,29,29,26,3,90%,10%,6.6,17,71%,3,13%,4,17%,5,17%,20,69%,9,31%,1,3%,20,69%,7%,0%,-13.1,-15.6,-10.5,83%,-6.0,-8.5,-3.6,83%,-13.7,-16.1,-11.4,83%,10%,10%,0%,115,10%,0%,0%,102,7%,3%,0%,103,21%,0%,48%,0%,7%,0%,8%,SUPP,0%,SUPP,SUPP,5%,11%,-61,SUPP,5%,0%,SUPP,0%,SUPP,SUPP,0%,0%,-10,SUPP,0%,-12.6,-15.3,-9.9,SUPP,SUPP,SUPP,-15.9,-18.9,-13.0,SUPP,SUPP,SUPP,SUPP,SUPP,SUPP,-13.6,-16.7,-10.5,-11.9,-16.3,-7.6,-14.0,SUPP,SUPP,SUPP,-14.5,-17.7,-11.3,-5.9,-8.5,-3.3,SUPP,SUPP,SUPP,-6.8,-9.6,-3.9,SUPP,SUPP,SUPP,SUPP,SUPP,SUPP,-6.1,-9.1,-3.1,-6.0,-10.1,-1.8,-6.5,SUPP,SUPP,SUPP,-6.1,-9.2,-3.1,-13.5,-16.0,-10.9,SUPP,SUPP,SUPP,-15.2,-18.0,-12.4,SUPP,SUPP,SUPP,SUPP,SUPP,SUPP,-13.7,-16.6,-10.8,-13.8,-17.9,-9.7,-14.2,SUPP,SUPP,SUPP,-14.6,-17.6,-11.6,115,SUPP,,SUPP,SUPP,114,115,SUPP,114,103,SUPP,,SUPP,SUPP,100,104,SUPP,100,102,SUPP,,SUPP,SUPP,101,103,SUPP,101,0%,SUPP,SUPP,5%,22%,0%,SUPP,SUPP,5%,22%,0%,SUPP,SUPP,5%,11%,6%,SUPP,SUPP,20%,22%,0%,SUPP,SUPP,5%,22%,0%,SUPP,SUPP,0%,0%,0%,SUPP,SUPP,0%,11%,0%,SUPP,SUPP,0%,0%,28,97%,0,0%,28,97%,1,3%,29,100%,,,,,,,,,,,,,,,,,,,,,27,59%,41%,4%,0%,0%,0%,9%,0%,-6.6,-9.1,-4.0,-3.8,-6.0,-1.6,-7.9,-10.1,-5.7,91,89,-16.5,-6.0,-16.5,5,5,5
2,68826,919,7041,137997,"Woolgrove School, Special Needs Academy",Pryor Way,,,Letchworth Garden City,SG6 2PT,01462622422,E14000845,North East Hertfordshire,0,,,ACCS,0,Does not apply,4-11,0,0,125,30,27,20,7,74%,26%,2.9,26,100%,0,0%,0,0%,1,4%,13,48%,14,52%,3,11%,23,85%,0%,0%,-7.8,-10.3,-5.3,93%,-6.3,-8.6,-3.9,93%,-7.9,-10.2,-5.6,93%,0%,0%,0%,,0%,0%,0%,,0%,0%,0%,,0%,0%,0%,4%,0%,0%,0%,0%,0%,,,0%,0%,-66,SUPP,0%,0%,0%,0%,,,0%,0%,-10,SUPP,0%,-8.6,-11.5,-5.7,-5.8,-10.4,-1.1,-7.8,-10.3,-5.3,NA,NA,NA,NA,NA,NA,-9.6,-13.2,-6.0,-6.1,-9.5,-2.7,-10.0,SUPP,SUPP,SUPP,-7.9,-10.5,-5.2,-7.0,-9.8,-4.2,-4.4,-8.9,0.0,-6.3,-8.6,-3.9,NA,NA,NA,NA,NA,NA,-7.7,-11.2,-4.3,-4.9,-8.2,-1.6,-8.1,SUPP,SUPP,SUPP,-6.7,-9.2,-4.2,-8.4,-11.1,-5.6,-6.7,-11.1,-2.4,-7.9,-10.2,-5.6,NA,NA,NA,NA,NA,NA,-9.2,-12.5,-5.8,-6.7,-10.0,-3.5,-9.7,SUPP,SUPP,SUPP,-8.0,-10.5,-5.5,,,,,,,,SUPP,,,,,,,,,SUPP,,,,,,,,,SUPP,,0%,,,0%,0%,0%,,,0%,0%,0%,,,0%,0%,0%,,,0%,0%,0%,,,0%,0%,0%,,,0%,0%,0%,,,0%,0%,0%,,,0%,0%,24,89%,0,0%,27,100%,0,0%,27,100%,,,,,,,,,,,,,,,,,,,,,21,43%,57%,0%,0%,0%,0%,0%,0%,-5.6,-8.2,-2.9,-5.4,-7.8,-3.0,-4.3,-6.6,-2.0,,,-7.8,-6.3,-7.9,5,5,5
2,23302,919,7042,117690,Greenside School,Shephall Green,,,Stevenage,SG2 9XS,01438315356,E14000968,Stevenage,0,,,CYS,0,Does not apply,2-19,0,0,172,18,18,10,8,56%,44%,1.6,18,100%,0,0%,0,0%,0,0%,6,33%,12,67%,1,6%,18,100%,0%,0%,-6.5,-9.4,-3.6,100%,-5.7,-8.5,-2.9,100%,-6.7,-9.4,-4.0,100%,0%,0%,0%,,0%,0%,0%,,0%,0%,0%,,0%,0%,0%,0%,0%,0%,0%,0%,0%,,,0%,0%,-66,SUPP,0%,0%,0%,0%,,,0%,0%,-10,SUPP,0%,-8.2,-12.1,-4.3,-4.3,-8.7,0.0,-6.5,-9.4,-3.6,NA,NA,NA,NA,NA,NA,-7.3,-12.3,-2.2,-6.1,-9.6,-2.5,-7.7,SUPP,SUPP,SUPP,-6.5,-9.4,-3.6,-7.4,-11.1,-3.6,-3.6,-7.8,0.6,-5.7,-8.5,-2.9,NA,NA,NA,NA,NA,NA,-6.0,-10.8,-1.2,-5.5,-8.9,-2.1,-6.4,SUPP,SUPP,SUPP,-5.7,-8.5,-2.9,-8.1,-11.8,-4.5,-4.9,-9.0,-0.8,-6.7,-9.4,-4.0,NA,NA,NA,NA,NA,NA,-8.0,-12.7,-3.2,-6.1,-9.4,-2.7,-8.5,SUPP,SUPP,SUPP,-6.7,-9.4,-4.0,,,,,,,,SUPP,,,,,,,,,SUPP,,,,,,,,,SUPP,,0%,,,0%,0%,0%,,,0%,0%,0%,,,0%,0%,0%,,,0%,0%,0%,,,0%,0%,0%,,,0%,0%,0%,,,0%,0%,0%,,,0%,0%,17,94%,0,0%,18,100%,0,0%,18,100%,,,,,,,,,,,,,,,,,,,,,11,36%,64%,0%,0%,SUPP,SUPP,SUPP,SUPP,-0.8,-4.9,3.2,-0.6,-4.3,3.1,-1.9,-5.4,1.7,,,-6.5,-5.7,-6.7,5,5,5
2,36288,919,7043,117691,Meadow Wood School,Coldharbour Lane,,,Bushey,WD23 4NN,02084204720,E14000745,Hertsmere,0,,,CYS,0,Does not apply,3-11,0,0,36,8,8,4,4,50%,50%,1.8,8,100%,0,0%,0,0%,0,0%,3,38%,5,63%,0,0%,8,100%,0%,0%,-10.6,-15.0,-6.2,100%,-9.3,-13.5,-5.1,100%,-10.8,-14.9,-6.7,100%,0%,0%,0%,,0%,0%,0%,,0%,0%,0%,,0%,0%,0%,0%,0%,0%,SUPP,SUPP,0%,,,SUPP,SUPP,SUPP,,0%,SUPP,SUPP,0%,,,SUPP,SUPP,SUPP,,0%,SUPP,SUPP,SUPP,SUPP,SUPP,SUPP,-10.6,-15.0,-6.2,NA,NA,NA,NA,NA,NA,SUPP,SUPP,SUPP,SUPP,SUPP,SUPP,SUPP,NA,NA,NA,-10.6,-15.0,-6.2,SUPP,SUPP,SUPP,SUPP,SUPP,SUPP,-9.3,-13.5,-5.1,NA,NA,NA,NA,NA,NA,SUPP,SUPP,SUPP,SUPP,SUPP,SUPP,SUPP,NA,NA,NA,-9.3,-13.5,-5.1,SUPP,SUPP,SUPP,SUPP,SUPP,SUPP,-10.8,-14.9,-6.7,NA,NA,NA,NA,NA,NA,SUPP,SUPP,SUPP,SUPP,SUPP,SUPP,SUPP,NA,NA,NA,-10.8,-14.9,-6.7,SUPP,SUPP,,,,SUPP,SUPP,,,SUPP,SUPP,,,,SUPP,SUPP,,,SUPP,SUPP,,,,SUPP,SUPP,,,0%,,,SUPP,SUPP,0%,,,SUPP,SUPP,0%,,,SUPP,SUPP,0%,,,SUPP,SUPP,0%,,,SUPP,SUPP,0%,,,SUPP,SUPP,0%,,,SUPP,SUPP,0%,,,SUPP,SUPP,8,100%,0,0%,8,100%,0,0%,8,100%,,,,,,,,,,,,,,,,,,,,,4,SUPP,SUPP,SUPP,SUPP,SUPP,SUPP,SUPP,SUPP,SUPP,SUPP,SUPP,SUPP,SUPP,SUPP,SUPP,SUPP,SUPP,SUPP,SUPP,-10.6,-9.3,-10.8,5,5,5
2,58868,919,7044,130362,Southfield School,Woods Avenue,,,Hatfield,AL10 8NN,01707276504,E14001027,Welwyn Hatfield,0,,,CYS,0,Does not apply,4-11,0,0,85,21,21,16,5,76%,24%,3.0,18,100%,0,0%,0,0%,3,14%,12,57%,9,43%,1,5%,19,90%,0%,0%,-4.0,-6.9,-1.1,86%,-1.9,-4.7,0.9,86%,-3.3,-6.0,-0.5,86%,0%,0%,0%,,0%,0%,0%,,0%,0%,0%,,0%,0%,0%,5%,0%,5%,0%,SUPP,0%,,,0%,0%,-66,SUPP,0%,0%,SUPP,0%,,,0%,0%,-10,SUPP,0%,-5.0,-8.4,-1.5,SUPP,SUPP,SUPP,-4.0,-6.9,-1.1,NA,NA,NA,NA,NA,NA,-2.9,-6.6,0.8,-5.6,-10.3,-1.0,-3.3,SUPP,SUPP,SUPP,-2.5,-5.6,0.6,-2.5,-5.8,0.8,SUPP,SUPP,SUPP,-1.9,-4.7,0.9,NA,NA,NA,NA,NA,NA,-1.4,-5.0,2.2,-2.8,-7.3,1.7,-1.8,SUPP,SUPP,SUPP,-0.6,-3.5,2.4,-3.4,-6.6,-0.2,SUPP,SUPP,SUPP,-3.3,-6.0,-0.5,NA,NA,NA,NA,NA,NA,-2.1,-5.6,1.4,-5.0,-9.4,-0.7,-2.6,SUPP,SUPP,SUPP,-2.0,-4.9,0.9,,SUPP,,,,,,SUPP,,,SUPP,,,,,,SUPP,,,SUPP,,,,,,SUPP,,0%,,,0%,0%,0%,,,0%,0%,0%,,,0%,0%,0%,,,0%,0%,0%,,,0%,0%,0%,,,0%,0%,0%,,,0%,0%,0%,,,0%,0%,20,95%,0,0%,21,100%,0,0%,21,100%,,,,,,,,,,,,,,,,,,,,,8,75%,25%,0%,0%,SUPP,SUPP,SUPP,SUPP,-2.3,-6.9,2.2,-2.6,-6.8,1.7,-3.2,-7.2,0.8,,,-4.0,-1.9,-3.3,5,3,4
2,25338,919,7047,131319,Haywood Grove School,St Agnell's Lane,,,Hemel Hempstead,HP2 7BG,01442250077,E14000739,Hemel Hempstead,0,,,CYS,0,Does not apply,5-11,0,0,59,22,21,18,3,86%,14%,5.3,14,74%,3,16%,2,11%,2,10%,14,67%,7,33%,0,0%,16,76%,0%,0%,-8.8,-11.6,-5.9,90%,-11.1,-13.8,-8.4,90%,-7.4,-10.2,-4.6,81%,5%,5%,0%,92,5%,0%,0%,87,10%,0%,10%,86,0%,0%,14%,5%,0%,5%,0%,SUPP,0%,SUPP,SUPP,0%,0%,-66,,0%,0%,SUPP,0%,SUPP,SUPP,0%,0%,-10,,0%,-10.4,-13.4,-7.3,SUPP,SUPP,SUPP,-7.6,-10.9,-4.3,SUPP,SUPP,SUPP,SUPP,SUPP,SUPP,-8.5,-12.1,-4.9,-9.2,-13.9,-4.6,-8.9,NA,NA,NA,-9.1,-12.4,-5.8,-11.0,-14.0,-8.0,SUPP,SUPP,SUPP,-9.6,-12.8,-6.4,SUPP,SUPP,SUPP,SUPP,SUPP,SUPP,-10.1,-13.5,-6.6,-12.8,-17.3,-8.4,-10.5,NA,NA,NA,-10.9,-14.1,-7.8,-7.3,-10.3,-4.3,SUPP,SUPP,SUPP,-5.4,-8.8,-2.1,SUPP,SUPP,SUPP,SUPP,SUPP,SUPP,-5.5,-9.1,-1.8,-10.3,-14.6,-5.9,-6.0,NA,NA,NA,-6.9,-10.3,-3.6,91,SUPP,89,SUPP,SUPP,87,99,,93,87,SUPP,85,SUPP,SUPP,85,89,,88,87,SUPP,85,SUPP,SUPP,85,90,,88,0%,SUPP,SUPP,0%,14%,0%,SUPP,SUPP,0%,14%,0%,SUPP,SUPP,0%,29%,0%,SUPP,SUPP,0%,0%,0%,SUPP,SUPP,0%,14%,0%,SUPP,SUPP,0%,0%,0%,SUPP,SUPP,0%,0%,0%,SUPP,SUPP,0%,0%,21,100%,0,0%,21,100%,0,0%,21,100%,,,,,,,,,,,,,,,,,,,,,16,56%,44%,0%,0%,0%,0%,0%,0%,-10.9,-14.1,-7.8,-16.7,-19.5,-13.9,-12.0,-14.8,-9.2,95,87,-9.9,-12.3,-8.3,5,5,5
3,,919,,,Hertfordshire,,,,,,,,,,,,,,,,,,99798,14685,14621,7472,7149,51%,49%,7.9,2820,20%,6000,43%,5023,36%,778,5%,3054,21%,11567,79%,2786,19%,13487,92%,61%,10%,0.4,0.3,0.5,94%,-0.4,-0.5,-0.3,94%,0.1,0.0,0.2,94%,76%,34%,1%,106,76%,34%,1%,106,75%,28%,1%,105,71%,16%,22%,0%,82%,0%,59%,64%,11%,60%,93%,36%,68%,-30,65%,62%,9%,12%,0%,2%,27%,3%,12%,-7,13%,11%,0.1,0.0,0.3,0.7,0.6,0.9,0.4,0.1,0.6,0.5,0.4,0.7,0.3,0.2,0.5,-1.0,-1.2,-0.8,0.8,0.7,0.9,-1.4,0.8,0.6,1.1,0.5,0.4,0.6,-1.3,-1.4,-1.1,0.6,0.4,0.7,-0.7,-0.9,-0.4,-0.4,-0.5,-0.2,-0.1,-0.3,0.0,-1.8,-2.0,-1.5,0.0,-0.1,0.1,-2.2,0.8,0.6,1.1,-0.3,-0.4,-0.2,0.9,0.8,1.0,-0.7,-0.9,-0.6,0.0,-0.3,0.2,0.1,-0.1,0.2,0.2,0.0,0.4,-1.8,-2.0,-1.6,0.6,0.5,0.7,-2.3,2.2,1.9,2.4,0.2,0.1,0.3,106,107,98,105,112,102,107,106,106,106,104,96,104,110,100,106,107,105,105,106,96,105,112,101,107,107,106,33%,81%,97%,57%,81%,28%,81%,98%,55%,81%,27%,79%,97%,53%,81%,22%,75%,96%,50%,77%,4%,22%,67%,16%,39%,2%,22%,69%,16%,39%,1%,15%,58%,10%,33%,0%,5%,38%,5%,19%,11774,81%,61,0%,692,5%,2280,16%,2972,20%,14741,20%,80%,60%,10%,36%,3%,66%,12%,0.3,0.2,0.4,-0.3,-0.4,-0.2,0.0,-0.1,0.1,106,104,14293,21%,79%,67%,13%,46%,4%,72%,16%,-0.1,-0.2,0.1,-0.4,-0.5,-0.3,-0.4,-0.5,-0.3,105,105,0.4,-0.4,0.1
4,,,,,,,,,,,,,,,,,,,,,,,4718100,677548,676102,345435,330667,51%,49%,7.7,139721,22%,302198,48%,192739,30%,41444,6%,205000,30%,471102,70%,148158,22%,616182,91%,60%,8%,,,,,,,,,,,,,73%,29%,1%,105,72%,30%,1%,105,73%,24%,1%,104,71%,13%,22%,0%,80%,0%,56%,63%,12%,62%,94%,44%,66%,,60%,61%,7%,9%,0%,2%,24%,3%,10%,,9%,8%,-0.2,,,0.3,,,0.0,,,0.0,,,0.0,,,-0.9,,,0.4,,,,0.6,,,0.1,,,-0.8,,,0.9,,,0.0,,,0.1,,,0.0,,,-0.7,,,0.4,,,,1.3,,,0.1,,,0.8,,,-0.8,,,0.0,,,0.0,,,0.0,,,-1.0,,,0.5,,,,2.3,,,0.1,,,105,106,97,105,111,102,106,104,105,105,104,96,104,110,101,105,106,104,104,106,96,104,112,102,106,106,105,32%,79%,97%,60%,78%,26%,80%,98%,59%,78%,28%,80%,97%,59%,79%,24%,80%,97%,58%,77%,4%,20%,63%,17%,34%,2%,21%,67%,18%,35%,1%,15%,55%,13%,29%,0%,5%,37%,7%,16%,521442,77%,6502,1%,32463,5%,105157,16%,137620,20%,669356,30%,70%,59%,7%,43%,3%,66%,9%,,,,,,,,,,105,104,649249,31%,69%,65%,11%,51%,5%,71%,13%,,,,,,,,,,104,105,0.0,0.0,0.0
5,,,,,,,,,,,,,,,,,,,,,,,4675567,673979,673070,343882,329188,51%,49%,7.7,139266,22%,301695,48%,192411,30%,39698,6%,204538,30%,468532,70%,148119,22%,615992,92%,60%,8%,,,,,,,,,,,,,73%,29%,1%,105,72%,30%,1%,105,73%,24%,1%,104,71%,13%,22%,0%,80%,0%,56%,63%,12%,62%,94%,44%,66%,,60%,61%,7%,9%,0%,2%,24%,3%,10%,,9%,8%,-0.2,,,0.3,,,0.1,,,0.0,,,0.0,,,-0.9,,,0.4,,,,0.6,,,0.1,,,-0.8,,,0.9,,,0.0,,,0.1,,,0.0,,,-0.7,,,0.4,,,,1.3,,,0.1,,,0.8,,,-0.8,,,0.0,,,0.0,,,0.0,,,-1.0,,,0.5,,,,2.3,,,0.1,,,105,106,97,105,111,102,106,104,105,105,104,96,104,110,101,105,106,104,104,106,96,104,112,102,106,106,105,32%,79%,97%,60%,78%,26%,80%,98%,59%,78%,28%,80%,97%,59%,79%,24%,80%,97%,58%,77%,4%,20%,63%,17%,34%,2%,21%,67%,18%,35%,1%,15%,55%,13%,29%,0%,5%,37%,7%,16%,520908,77%,4043,1%,32109,5%,104978,16%,137087,20%,666222,30%,70%,59%,7%,43%,3%,66%,9%,,,,,,,,,,105,104,644967,31%,69%,65%,11%,51%,5%,71%,13%,,,,,,,,,,104,105,0.0,0.0,0.0