RECTYPE,LEA,ESTAB,URN,SCHNAME,SCHNAME_AC,ADDRESS1,ADDRESS2,ADDRESS3,TOWN,PCODE,TELNUM,PCON_CODE,PCON_NAME,CONTFLAG,ICLOSE,NFTYPE,RELDENOM,ADMPOL,ADMPOL_PT,EGENDER,FEEDER,TABKS2,TAB1618,AGERANGE,TOTPUPS,NUMBOYS,NUMGIRLS,TPUP,BPUP,PBPUP,GPUP,PGPUP,KS2ASS,TPRIORLO,PTPRIORLO,TPRIORAV,PTPRIORAV,TPRIORHI,PTPRIORHI,TFSM6CLA1A,PTFSM6CLA1A,TNOTFSM6CLA1A,PTNOTFSM6CLA1A,TEALGRP2,PTEALGRP2,TEALGRP1,PTEALGRP1,TEALGRP3,PTEALGRP3,TNMOB,PTNMOB,SENE4,PSENE4,SEN_ALL4,PSEN_ALL4,SENK4,PSENK4,TOTATT8,ATT8SCR,TOTATT8ENG,ATT8SCRENG,TOTATT8MAT,ATT8SCRMAT,TOTATT8EBAC,ATT8SCREBAC,TOTATT8OPEN,ATT8SCROPEN,TOTATT8OPENG,ATT8SCROPENG,TOTATT8OPENNG,ATT8SCROPENNG,AVGEBACFILL,AVGOPENFILL,P8PUP,TP8ADJ,P8MEACOV,P8MEA,P8CILOW,P8CIUPP,P8MEA_ORIG,P8CILOW_ORIG,P8CIUPP_ORIG,P8MEAENG,P8MEAENG_CILOW,P8MEAENG_CIUPP,P8MEAMAT,P8MEAMAT_CILOW,P8MEAMAT_CIUPP,P8MEAEBAC,P8MEAEBAC_CILOW,P8MEAEBAC_CIUPP,P8MEAOPEN,P8MEAOPEN_CILOW,P8MEAOPEN_CIUPP,PTL2BASICS_94,PTL2BASICS_95,TOTEBACCAPS,EBACCAPS,EBACCAPS_FSM6CLA1A,EBACCAPS_NFSM6CLA1A,EBACCAPS_LO,EBACCAPS_MID,EBACCAPS_HI,EBACCAPS_EAL,EBACCAPS_GIRLS,EBACCAPS_BOYS,EBACCAPS_NMOB,EBACCAPS_21,EBACCAPS_FSM6CLA1A_21,EBACCAPS_NFSM6CLA1A_21,EBACCAPS_22,EBACCAPS_FSM6CLA1A_22,EBACCAPS_NFSM6CLA1A_22,TEBACC_E_PTQ_EE,PTEBACC_E_PTQ_EE,PTEBACC_94,PTEBACC_95,TEBACENG_E_PTQ_EE,PTEBACENG_E_PTQ_EE,TEBACMAT_E_PTQ_EE,PTEBACMAT_E_PTQ_EE,TEBAC2SCI_E_PTQ_EE,PTEBAC2SCI_E_PTQ_EE,TEBACHUM_E_PTQ_EE,PTEBACHUM_E_PTQ_EE,TEBACLAN_E_PTQ_EE,PTEBACLAN_E_PTQ_EE,PTEBACENG_94,PTEBACENG_95,PTEBACMAT_94,PTEBACMAT_95,PTEBAC2SCI_94,PTEBAC2SCI_95,PTEBACHUM_94,PTEBACHUM_95,PTEBACLAN_94,PTEBACLAN_95,SCIVAPUP_PTQ_EE,SCIVACOV_PTQ_EE,HUMVAPUP_PTQ_EE,HUMVACOV_PTQ_EE,LANVAPUP_PTQ_EE,LANVACOV_PTQ_EE,SCIVAMEA_PTQ_EE,SCIVALOW_PTQ_EE,SCIVAUPP_PTQ_EE,HUMVAMEA_PTQ_EE,HUMVALOW_PTQ_EE,HUMVAUPP_PTQ_EE,LANVAMEA_PTQ_EE,LANVALOW_PTQ_EE,LANVAUPP_PTQ_EE,TEBACENG_94,TEBACENG_95,TEBACMAT_94,TEBACMAT_95,TEBAC2SCI_94,TEBAC2SCI_95,TEBACHUM_94,TEBACHUM_95,TEBACLAN_94,TEBACLAN_95,TEBACC91,PTEBACC91,TEBACENG91,PTEBACENG91,TEBACMAT91,PTEBACMAT91,TEBAC2SCI91,PTEBAC2SCI91,TEBACHUM91,PTEBACHUM91,TEBACLAN91,PTEBACLAN91,ATT8SCR_FSM6CLA1A,P8PUP_FSM6CLA1A,TP8ADJ_FSM6CLA1A,P8MEA_FSM6CLA1A,P8CILOW_FSM6CLA1A,P8CIUPP_FSM6CLA1A,P8MEA_FSM6CLA1A_ORIG,P8CILOW_FSM6CLA1A_ORIG,P8CIUPP_FSM6CLA1A_ORIG,ATT8SCR_NFSM6CLA1A,P8PUP_NFSM6CLA1A,TP8ADJ_NFSM6CLA1A,P8MEA_NFSM6CLA1A,P8CILOW_NFSM6CLA1A,P8CIUPP_NFSM6CLA1A,P8MEA_NFSM6CLA1A_ORIG,P8CILOW_NFSM6CLA1A_ORIG,P8CIUPP_NFSM6CLA1A_ORIG,ATT8SCRENG_FSM6CLA1A,P8MEAENG_FSM6CLA1A,P8MEAENG_CILOW_FSM6CLA1A,P8MEAENG_CIUPP_FSM6CLA1A,ATT8SCRMAT_FSM6CLA1A,P8MEAMAT_FSM6CLA1A,P8MEAMAT_CILOW_FSM6CLA1A,P8MEAMAT_CIUPP_FSM6CLA1A,ATT8SCREBAC_FSM6CLA1A,P8MEAEBAC_FSM6CLA1A,P8MEAEBAC_CILOW_FSM6CLA1A,P8MEAEBAC_CIUPP_FSM6CLA1A,ATT8SCROPEN_FSM6CLA1A,P8MEAOPEN_FSM6CLA1A,P8MEAOPEN_CILOW_FSM6CLA1A,P8MEAOPEN_CIUPP_FSM6CLA1A,ATT8SCRENG_NFSM6CLA1A,P8MEAENG_NFSM6CLA1A,P8MEAENG_CILOW_NFSM6CLA1A,P8MEAENG_CIUPP_NFSM6CLA1A,ATT8SCRMAT_NFSM6CLA1A,P8MEAMAT_NFSM6CLA1A,P8MEAMAT_CILOW_NFSM6CLA1A,P8MEAMAT_CIUPP_NFSM6CLA1A,ATT8SCREBAC_NFSM6CLA1A,P8MEAEBAC_NFSM6CLA1A,P8MEAEBAC_CILOW_NFSM6CLA1A,P8MEAEBAC_CIUPP_NFSM6CLA1A,ATT8SCROPEN_NFSM6CLA1A,P8MEAOPEN_NFSM6CLA1A,P8MEAOPEN_CILOW_NFSM6CLA1A,P8MEAOPEN_CIUPP_NFSM6CLA1A,ATT8SCROPENG_FSM6CLA1A,ATT8SCROPENNG_FSM6CLA1A,ATT8SCROPENG_NFSM6CLA1A,ATT8SCROPENNG_NFSM6CLA1A,DIFFN_ATT8,DIFFN_P8MEA,ATT8SCR_LO,P8PUP_LO,TP8ADJ_LO,P8MEA_LO,P8CILOW_LO,P8CIUPP_LO,P8MEA_LO_ORIG,P8CILOW_LO_ORIG,P8CIUPP_LO_ORIG,ATT8SCR_MID,P8PUP_MID,TP8ADJ_MID,P8MEA_MID,P8CILOW_MID,P8CIUPP_MID,P8MEA_MID_ORIG,P8CILOW_MID_ORIG,P8CIUPP_MID_ORIG,ATT8SCR_HI,P8PUP_HI,TP8ADJ_HI,P8MEA_HI,P8CILOW_HI,P8CIUPP_HI,P8MEA_HI_ORIG,P8CILOW_HI_ORIG,P8CIUPP_HI_ORIG,ATT8SCR_EAL,ATT8SCRENG_EAL,ATT8SCRMAT_EAL,ATT8SCREBAC_EAL,ATT8SCROPEN_EAL,ATT8SCROPENG_EAL,ATT8SCROPENNG_EAL,P8PUP_EAL,TP8ADJ_EAL,P8MEA_EAL,P8CILOW_EAL,P8CIUPP_EAL,P8MEA_EAL_ORIG,P8CILOW_EAL_ORIG,P8CIUPP_EAL_ORIG,ATT8SCR_GIRLS,ATT8SCRENG_GIRLS,ATT8SCRMAT_GIRLS,ATT8SCREBAC_GIRLS,ATT8SCROPEN_GIRLS,ATT8SCROPENG_GIRLS,ATT8SCROPENNG_GIRLS,P8PUP_GIRLS,TP8ADJ_GIRLS,P8MEA_GIRLS,P8CILOW_GIRLS,P8CIUPP_GIRLS,P8MEA_GIRLS_ORIG,P8CILOW_GIRLS_ORIG,P8CIUPP_GIRLS_ORIG,ATT8SCR_BOYS,ATT8SCRENG_BOYS,ATT8SCRMAT_BOYS,ATT8SCREBAC_BOYS,ATT8SCROPEN_BOYS,ATT8SCROPENG_BOYS,ATT8SCROPENNG_BOYS,P8PUP_BOYS,TP8ADJ_BOYS,P8MEA_BOYS,P8CILOW_BOYS,P8CIUPP_BOYS,P8MEA_BOYS_ORIG,P8CILOW_BOYS_ORIG,P8CIUPP_BOYS_ORIG,ATT8SCR_NMOB,ATT8SCRENG_NMOB,ATT8SCRMAT_NMOB,ATT8SCREBAC_NMOB,ATT8SCROPEN_NMOB,ATT8SCROPENG_NMOB,ATT8SCROPENNG_NMOB,P8PUP_NMOB,TP8ADJ_NMOB,P8MEA_NMOB,P8CILOW_NMOB,P8CIUPP_NMOB,P8MEA_NMOB_ORIG,P8CILOW_NMOB_ORIG,P8CIUPP_NMOB_ORIG,ATT8SCR_21,P8PUP_21,P8MEA_21,P8CILOW_21,P8CIUPP_21,ATT8SCR_FSM6CLA1A_21,P8PUP_FSM6CLA1A_21,P8MEA_FSM6CLA1A_21,P8CILOW_FSM6CLA1A_21,P8CIUPP_FSM6CLA1A_21,ATT8SCR_NFSM6CLA1A_21,P8PUP_NFSM6CLA1A_21,P8MEA_NFSM6CLA1A_21,P8CILOW_NFSM6CLA1A_21,P8CIUPP_NFSM6CLA1A_21,ATT8SCR_22,P8PUP_22,P8MEA_22,P8CILOW_22,P8CIUPP_22,ATT8SCR_FSM6CLA1A_22,P8PUP_FSM6CLA1A_22,P8MEA_FSM6CLA1A_22,P8CILOW_FSM6CLA1A_22,P8CIUPP_FSM6CLA1A_22,ATT8SCR_NFSM6CLA1A_22,P8PUP_NFSM6CLA1A_22,P8MEA_NFSM6CLA1A_22,P8CILOW_NFSM6CLA1A_22,P8CIUPP_NFSM6CLA1A_22,TEBACC_ELO_PTQ_EE,PTEBACC_ELO_PTQ_EE,PTEBACCLO_94,PTEBACCLO_95,TEBACC_EAV_PTQ_EE,PTEBACC_EAV_PTQ_EE,PTEBACCAV_94,PTEBACCAV_95,TEBACC_EHI_PTQ_EE,PTEBACC_EHI_PTQ_EE,PTEBACCHI_94,PTEBACCHI_95,PTEBACC_EFSM6CLA1A_PTQ_EE,PTEBACC_ENFSM6CLA1A_PTQ_EE,PTEBACC_94_FSM6CLA1A,PTEBACC_95_FSM6CLA1A,PTEBACC_94_NFSM6CLA1A,PTEBACC_95_NFSM6CLA1A,SCIVAMEA_LO_PTQ_EE,SCIVAMEA_MID_PTQ_EE,SCIVAMEA_HI_PTQ_EE,SCIVAMEA_FSM6CLA1A_PTQ_EE,SCIVAMEA_NFSM6CLA1A_PTQ_EE,HUMVAMEA_LO_PTQ_EE,HUMVAMEA_MID_PTQ_EE,HUMVAMEA_HI_PTQ_EE,HUMVAMEA_FSM6CLA1A_PTQ_EE,HUMVAMEA_NFSM6CLA1A_PTQ_EE,LANVAMEA_LO_PTQ_EE,LANVAMEA_MID_PTQ_EE,LANVAMEA_HI_PTQ_EE,LANVAMEA_FSM6CLA1A_PTQ_EE,LANVAMEA_NFSM6CLA1A_PTQ_EE,SCIVAUPP_FSM6CLA1A_PTQ_EE,SCIVALOW_FSM6CLA1A_PTQ_EE,SCIVAUPP_NFSM6CLA1A_PTQ_EE,SCIVALOW_NFSM6CLA1A_PTQ_EE,SCIVAUPP_LO_PTQ_EE,SCIVALOW_LO_PTQ_EE,SCIVAUPP_MID_PTQ_EE,SCIVALOW_MID_PTQ_EE,SCIVAUPP_HI_PTQ_EE,SCIVALOW_HI_PTQ_EE,HUMVAUPP_FSM6CLA1A_PTQ_EE,HUMVALOW_FSM6CLA1A_PTQ_EE,HUMVAUPP_NFSM6CLA1A_PTQ_EE,HUMVALOW_NFSM6CLA1A_PTQ_EE,HUMVAUPP_LO_PTQ_EE,HUMVALOW_LO_PTQ_EE,HUMVAUPP_MID_PTQ_EE,HUMVALOW_MID_PTQ_EE,HUMVAUPP_HI_PTQ_EE,HUMVALOW_HI_PTQ_EE,LANVAUPP_FSM6CLA1A_PTQ_EE,LANVALOW_FSM6CLA1A_PTQ_EE,LANVAUPP_NFSM6CLA1A_PTQ_EE,LANVALOW_NFSM6CLA1A_PTQ_EE,LANVAUPP_LO_PTQ_EE,LANVALOW_LO_PTQ_EE,LANVAUPP_MID_PTQ_EE,LANVALOW_MID_PTQ_EE,LANVAUPP_HI_PTQ_EE,LANVALOW_HI_PTQ_EE,PTEBACC_E_21_PTQ_EE,PTEBACC_94_21,PTEBACC_95_21,PTEBACC_E_22_PTQ_EE,PTEBACC_94_22,PTEBACC_95_22,PBEBACC_E_PTQ_EE,PBEBACC_94,PBEBACC_95,PGEBACC_E_PTQ_EE,PGEBACC_94,PGEBACC_95,PTEBACC_ENMOB_PTQ_EE,PTEBACCNMOB_94,PTEBACCNMOB_95,PTEBACC_EEAL_PTQ_EE,PTEBACCEAL_94,PTEBACCEAL_95,PTEBACC_EFSM6CLA1A_21,PTEBACC_94_FSM6CLA1A_21,PTEBACC_95_FSM6CLA1A_21,PTEBACC_ENFSM6CLA1A_21,PTEBACC_94_NFSM6CLA1A_21,PTEBACC_95_NFSM6CLA1A_21,PTEBACC_EFSM6CLA1A_22,PTEBACC_94_FSM6CLA1A_22,PTEBACC_95_FSM6CLA1A_22,PTEBACC_ENFSM6CLA1A_22,PTEBACC_94_NFSM6CLA1A_22,PTEBACC_95_NFSM6CLA1A_22,PT5EM_94,PT5EM_94_21,PT5EM_94_22,PTANYQ_PTQ_EE,PTL2BASICS_94_21,PTL2BASICS_95_21,PTL2BASICS_94_22,PTL2BASICS_95_22,PTFSM6CLA1ABASICS_94,PTNOTFSM6CLA1ABASICS_94,TBASICSLO_94,PTBASICSLO_94,TBASICSAV_94,PTBASICSAV_94,TBASICSHI_94,PTBASICSHI_94,PBL2BASICS_94,PGL2BASICS_94,PTL2BASICSEAL_94,PTL2BASICSNMOB_94,PTFSM6CLA1ABASICS_95,PTNOTFSM6CLA1ABASICS_95,TBASICSLO_95,PTBASICSLO_95,TBASICSAV_95,PTBASICSAV_95,TBASICSHI_95,PTBASICSHI_95,PBL2BASICS_95,PGL2BASICS_95,PTL2BASICSEAL_95,PTL2BASICSNMOB_95,PTFSM6CLA1ABASICS_94_21,PTFSM6CLA1ABASICS_95_21,PTNOTFSM6CLA1ABASICS_94_21,PTNOTFSM6CLA1ABASICS_95_21,PTFSM6CLA1ABASICS_94_22,PTFSM6CLA1ABASICS_95_22,PTNOTFSM6CLA1ABASICS_94_22,PTNOTFSM6CLA1ABASICS_95_22,PTmultiLan_E,PTtripleSci_E,TFSM6CLA1A_21,PTFSM6CLA1A_21,TNOTFSM6CLA1A_21,PTNOTFSM6CLA1A_21,TFSM6CLA1A_22,PTFSM6CLA1A_22,TNOTFSM6CLA1A_22,PTNOTFSM6CLA1A_22,TAVENT_E_3NG_PTQ_EE,TAVENT_E_3NG_LO_PTQ_EE,TAVENT_E_3NG_MID_PTQ_EE,TAVENT_E_3NG_HI_PTQ_EE,TAVENT_E_3NG_FSM6CLA1A_PTQ_EE,TAVENT_E_3NG_NFSM6CLA1A_PTQ_EE,TAVENT_EFSM6CLA1A_21_PTQ_EE,TAVENT_ENFSM6CLA1A_21_PTQ_EE,TAVENT_EFSM6CLA1A_22_PTQ_EE,TAVENT_ENFSM6CLA1A_22_PTQ_EE,TAVENT_G_PTQ_EE,TAVENT_GLO_PTQ_EE,TAVENT_GAV_PTQ_EE,TAVENT_GHI_PTQ_EE,TAVENT_GFSM6CLA1A_PTQ_EE,TAVENT_GNFSM6CLA1A_PTQ_EE,TAVENT_GFSM6CLA1A_21_PTQ_EE,TAVENT_GNFSM6CLA1A_21_PTQ_EE,TAVENT_GFSM6CLA1A_22_PTQ_EE,TAVENT_GNFSM6CLA1A_22_PTQ_EE,TTOTENT_E_TOTAL_PTQ_EE,TTOTENT_E_COVID_IMPACTED_PTQ_EE,PTOTENT_E_COVID_IMPACTED_PTQ_EE,P8_BANDING
1,919,6000,117600,Abbot's Hill School,,Bunkers Lane,,,Hemel Hempstead,HP3 8RP,01442240333,E14000739,Hemel Hempstead,0,0,IND,None,,NA,GIRLS,0,0,0,0-16,522,19,503,60,,0%,60,100%,NP,NP,NP,NP,NP,NP,NP,NP,NP,NP,NP,NP,NP,NP,NP,NP,NP,NP,NP,NA,NA,NA,NA,NA,NA,3453.5,57.6,735.0,12.3,594.0,9.9,1042.5,17.4,1082.0,18.0,1073.5,17.9,8.5,0.1,2.7,2.8,NP,NP,NP,NP,NP,NP,NP,NP,NP,NP,NP,NP,NP,NP,NP,NP,NP,NP,NP,NP,NP,83%,58%,305.82,5.10,NP,NP,NP,NP,NP,NP,5.10,NE,NP,,,,6.15,NP,NP,28,47%,42%,27%,56,93%,57,95%,55,92%,30,50%,51,85%,90%,88%,85%,60%,95%,80%,100%,87%,94%,73%,NP,NP,NP,NP,NP,NP,NP,NP,NP,NP,NP,NP,NP,NP,NP,54,53,51,36,52,44,30,26,48,37,28,47%,56,93%,57,95%,55,100%,30,100%,51,100%,NP,NP,NP,NP,NP,NP,NP,NP,NP,NP,NP,NP,NP,NP,NP,NP,NP,NP,NP,NP,NP,NP,NP,NP,NP,NP,NP,NP,NP,NP,NP,NP,NP,NP,NP,NP,NP,NP,NP,NP,NP,NP,NP,NP,NP,NP,NP,NP,NP,NP,NP,NP,NP,NP,NP,NP,NP,NP,NP,NP,NP,NP,NP,NP,NP,NP,NP,NP,NP,NP,NP,NP,NP,NP,NP,NP,NP,NP,NP,NP,NP,NP,NP,NP,NP,NP,NP,NP,NP,NP,NP,NP,NP,NP,NP,NP,NP,NP,57.6,12.3,9.9,17.4,18.0,17.9,0.1,NP,NP,NP,NP,NP,NP,NP,NP,NE,NE,NE,NE,NE,NE,NE,NP,NP,NP,NP,NP,NP,NP,NP,NP,NP,NP,NP,NP,NP,NP,NP,NP,NP,NP,NP,NP,NP,NP,,,,,,,,,,,,,,,,68.1,NP,NP,NP,NP,NP,NP,NP,NP,NP,NP,NP,NP,NP,NP,NP,NP,NP,NP,NP,NP,NP,NP,NP,NP,NP,NP,NP,NP,NP,NP,NP,NP,NP,NP,NP,NP,NP,NP,NP,NP,NP,NP,NP,NP,NP,NP,NP,NP,NP,NP,NP,NP,NP,NP,NP,NP,NP,NP,NP,NP,NP,NP,NP,NP,NP,NP,NP,NP,NP,NP,NP,NP,NP,NP,NP,NP,NP,,,,53%,49%,42%,NE,NE,NE,47%,42%,27%,NP,NP,NP,NP,NP,NP,,,,,,,NP,NP,NP,NP,NP,NP,83%,,95%,97%,,,97%,90%,NP,NP,NP,NP,NP,NP,NP,NP,NE,83%,NP,NP,NP,NP,NP,NP,NP,NP,NP,NP,NE,58%,NP,NP,,,,,NP,NP,NP,NP,12%,22%,,,,,NP,NP,NP,NP,7.7,NP,NP,NP,NP,NP,,,NP,NP,7.6,NP,NP,NP,NP,NP,,,NP,NP,462.0,0.0,0%
1,919,4032,145430,The Adeyfield Academy,,Longlands,,,Hemel Hempstead,HP2 4DE,01442406020,E14000739,Hemel Hempstead,0,0,AC,Does not apply,NSE,OTHER NON SEL,MIXED,0,0,1,11-18,709,354,355,104,54,52%,50,48%,100.9,39,39%,50,50%,11,11%,37,36%,67,64%,14,13%,90,87%,0,0%,102,98%,2,2%,29,28%,27,26%,3664.8,35.2,746.0,7.2,706.0,6.8,1041.0,10.0,1171.8,11.3,688.0,6.6,483.8,4.7,2.6,2.7,100,1,96%,-0.58,-0.85,-0.30,-0.58,-0.86,-0.30,-0.82,-1.14,-0.50,-0.59,-0.89,-0.30,-0.56,-0.88,-0.24,-0.44,-0.76,-0.12,50%,24%,299.16,2.88,2.18,3.26,1.39,3.51,5.26,3.83,2.86,2.89,2.92,,,,2.56,2.04,3.1,16,15%,11%,7%,93,89%,99,95%,88,85%,78,75%,25,24%,57%,35%,57%,29%,53%,30%,55%,36%,68%,52%,85,97%,77,99%,24,96%,-0.59,-0.90,-0.28,-0.31,-0.71,0.09,0.07,-0.72,0.86,59,36,59,30,47,26,43,28,17,13,15,14%,90,87%,95,91%,84,95%,75,96%,24,96%,28.5,37,1,-0.78,-1.24,-0.33,-0.79,-1.25,-0.33,38.9,63,0,-0.46,-0.81,-0.11,-0.46,-0.81,-0.10,6.2,-0.95,-1.48,-0.42,5.4,-0.77,-1.25,-0.29,7.7,-0.82,-1.35,-0.30,9.3,-0.66,-1.19,-0.14,7.7,-0.74,-1.14,-0.33,7.6,-0.49,-0.86,-0.12,11.3,-0.40,-0.81,0.00,12.3,-0.31,-0.71,0.09,5.0,4.4,7.5,4.8,-21.8,-0.95,19.9,39,0,-0.62,-1.06,-0.18,-0.62,-1.07,-0.17,41.8,50,1,-0.50,-0.89,-0.11,-0.51,-0.91,-0.11,59.0,11,0,-0.77,-1.61,0.06,-0.77,-1.62,0.08,43.8,7.4,9.0,14.2,13.2,7.8,5.4,10,0,0.48,-0.40,1.35,0.48,-0.42,1.37,35.6,7.5,6.2,9.8,12.1,7.2,4.9,49,0,-0.53,-0.93,-0.14,-0.53,-0.94,-0.13,34.9,6.9,7.3,10.2,10.5,6.1,4.4,51,1,-0.62,-1.01,-0.23,-0.62,-1.02,-0.23,35.8,7.3,6.9,10.1,11.4,6.7,4.7,98,1,-0.55,-0.83,-0.27,-0.55,-0.84,-0.27,,,,,,,,,,,,,,,,34.9,84,-0.67,-0.98,-0.37,29.3,42,-0.89,-1.32,-0.47,40.8,42,-0.46,-0.88,-0.03,0,0%,0%,0%,11,22%,12%,8%,5,45%,45%,27%,5%,21%,3%,3%,15%,9%,-0.40,-0.63,-0.80,-0.59,-0.59,-0.29,-0.36,-0.07,-0.46,-0.24,0.46,0.29,-0.76,SUPP,0.28,-0.04,-1.15,-0.21,-0.96,0.18,-0.99,-0.22,-1.04,0.06,-1.67,0.25,-1.16,0.25,-0.73,0.48,-1.06,0.15,-0.88,1.10,-1.25,SUPP,SUPP,1.13,-0.56,2.04,-1.13,1.41,-0.83,0.83,-2.35,,,,0%,0%,0%,11%,7%,6%,20%,14%,8%,16%,11%,7%,36%,21%,21%,,,,,,,0%,0%,0%,0%,0%,0%,47%,,38%,98%,,,45%,21%,41%,55%,6,15%,34,68%,11,100%,50%,50%,50%,51%,16%,28%,0,0%,15,30%,9,82%,22%,26%,36%,25%,,,,,31%,18%,60%,24%,4%,0%,,,,,45,52%,42,48%,7.4,6.9,7.8,8.0,6.8,7.8,,,6.5,7.5,6.3,5.7,6.6,7.1,5.7,6.6,,,5,6,798.0,0.0,0%,Well below average
1,919,6003,117602,The Aldenham Foundation,,Elstree,,,Elstree,WD6 3AJ,01923858122,E14000745,Hertsmere,0,0,IND,Church of England,,NA,MIXED,0,0,1,3-19,865,602,263,109,77,71%,32,29%,NP,NP,NP,NP,NP,NP,NP,NP,NP,NP,NP,NP,NP,NP,NP,NP,NP,NP,NP,NA,NA,NA,NA,NA,NA,4409.0,40.4,0.0,0.0,1272.0,11.7,1844.0,16.9,1293.0,11.9,1293.0,11.9,0.0,0.0,2.7,1.9,NP,NP,NP,NP,NP,NP,NP,NP,NP,NP,NP,NP,NP,NP,NP,NP,NP,NP,NP,NP,NP,0%,0%,396.00,3.63,NP,NP,NP,NP,NP,NP,3.67,3.62,NP,,,,3.3,NP,NP,0,0%,0%,0%,0,0%,107,98%,107,98%,0,0%,71,65%,0%,0%,96%,86%,96%,79%,NE,NE,96%,82%,NP,NP,NP,NP,NP,NP,NP,NP,NP,NP,NP,NP,NP,NP,NP,0,0,105,94,103,84,NE,NE,68,58,0,0%,0,0%,107,98%,107,100%,NE,NE,70,99%,NP,NP,NP,NP,NP,NP,NP,NP,NP,NP,NP,NP,NP,NP,NP,NP,NP,NP,NP,NP,NP,NP,NP,NP,NP,NP,NP,NP,NP,NP,NP,NP,NP,NP,NP,NP,NP,NP,NP,NP,NP,NP,NP,NP,NP,NP,NP,NP,NP,NP,NP,NP,NP,NP,NP,NP,NP,NP,NP,NP,NP,NP,NP,NP,NP,NP,NP,NP,NP,NP,NP,NP,NP,NP,NP,NP,NP,NP,NP,NP,NP,NP,NP,NP,NP,NP,NP,NP,NP,NP,NP,NP,NP,NP,NP,NP,NP,NP,43.7,0.0,11.9,17.2,14.6,14.6,0.0,NP,NP,NP,NP,NP,NP,NP,NP,39.1,0.0,11.6,16.8,10.7,10.7,0.0,NP,NP,NP,NP,NP,NP,NP,NP,NP,NP,NP,NP,NP,NP,NP,NP,NP,NP,NP,NP,NP,NP,NP,,,,,,,,,,,,,,,,37.9,NP,NP,NP,NP,NP,NP,NP,NP,NP,NP,NP,NP,NP,NP,NP,NP,NP,NP,NP,NP,NP,NP,NP,NP,NP,NP,NP,NP,NP,NP,NP,NP,NP,NP,NP,NP,NP,NP,NP,NP,NP,NP,NP,NP,NP,NP,NP,NP,NP,NP,NP,NP,NP,NP,NP,NP,NP,NP,NP,NP,NP,NP,NP,NP,NP,NP,NP,NP,NP,NP,NP,NP,NP,NP,NP,NP,NP,,,,0%,0%,0%,0%,0%,0%,0%,0%,0%,NP,NP,NP,NP,NP,NP,,,,,,,NP,NP,NP,NP,NP,NP,0%,,0%,100%,,,0%,0%,NP,NP,NP,NP,NP,NP,NP,NP,0%,0%,NP,NP,NP,NP,NP,NP,NP,NP,NP,NP,0%,0%,NP,NP,,,,,NP,NP,NP,NP,4%,41%,,,,,NP,NP,NP,NP,5.1,NP,NP,NP,NP,NP,,,NP,NP,5.1,NP,NP,NP,NP,NP,,,NP,NP,552.0,1.0,0%
2,919,7028,117684,Amwell View School,,Station Road,Stanstead Abbotts,,Ware,SG12 8EH,01920870027,E14000744,Hertford and Stortford,0,0,CYS,Does not apply,NA,NA,MIXED,0,1,0,2-19,162,103,59,9,5,56%,4,44%,71.0,9,100%,0,0%,0,0%,3,33%,6,67%,0,0%,9,100%,0,0%,9,100%,,,,,,,NE,NE,NE,NE,NE,NE,NE,NE,NE,NE,NE,NE,NE,NE,NE,NE,NE,NE,NE,NE,NE,NE,NE,NE,NE,NE,NE,NE,NE,NE,NE,NE,NE,NE,NE,NE,NE,NE,NE,NE,NE,SUPP,SUPP,NE,NE,NE,NE,SUPP,SUPP,NE,,,,SUPP,SUPP,SUPP,NE,NE,NE,NE,NE,NE,NE,NE,NE,NE,NE,NE,NE,NE,NE,NE,NE,NE,NE,NE,NE,NE,NE,NE,NE,NE,NE,NE,NE,NE,NE,NE,NE,NE,NE,NE,NE,NE,NE,NE,NE,NE,NE,NE,NE,NE,NE,NE,NE,NE,NE,NE,NE,NE,NE,NE,NE,NE,NE,NE,NE,SUPP,SUPP,SUPP,SUPP,SUPP,SUPP,SUPP,SUPP,SUPP,SUPP,SUPP,SUPP,SUPP,SUPP,SUPP,SUPP,SUPP,SUPP,SUPP,SUPP,SUPP,SUPP,SUPP,SUPP,SUPP,SUPP,SUPP,SUPP,SUPP,SUPP,SUPP,SUPP,SUPP,SUPP,SUPP,SUPP,SUPP,SUPP,SUPP,SUPP,SUPP,SUPP,SUPP,SUPP,SUPP,SUPP,SUPP,SUPP,SUPP,SUPP,SUPP,SUPP,SUPP,SUPP,SUPP,SUPP,NE,NE,NE,NE,NE,NE,NE,NE,NE,NE,NE,NE,NE,NE,NE,NE,NE,NE,NE,NE,NE,NE,NE,NE,NE,NE,NE,NE,NE,NE,NE,NE,NE,NE,NE,NE,NE,NE,NE,NE,NE,NE,SUPP,SUPP,SUPP,SUPP,SUPP,SUPP,SUPP,SUPP,SUPP,SUPP,SUPP,SUPP,SUPP,SUPP,SUPP,SUPP,SUPP,SUPP,SUPP,SUPP,SUPP,SUPP,SUPP,SUPP,SUPP,SUPP,SUPP,SUPP,SUPP,SUPP,NE,NE,NE,NE,NE,NE,NE,NE,NE,NE,NE,NE,NE,NE,NE,,,,,,,,,,,,,,,,SUPP,SUPP,SUPP,SUPP,SUPP,SUPP,SUPP,SUPP,SUPP,SUPP,SUPP,SUPP,SUPP,SUPP,SUPP,NE,NE,NE,NE,NE,NE,NE,NE,NE,NE,NE,NE,SUPP,SUPP,SUPP,SUPP,SUPP,SUPP,NE,NE,NE,SUPP,SUPP,NE,NE,NE,SUPP,SUPP,NE,NE,NE,SUPP,SUPP,SUPP,SUPP,SUPP,SUPP,NE,NE,NE,NE,NE,NE,SUPP,SUPP,SUPP,SUPP,NE,NE,NE,NE,NE,NE,SUPP,SUPP,SUPP,SUPP,NE,NE,NE,NE,NE,NE,,,,SUPP,SUPP,SUPP,SUPP,SUPP,SUPP,SUPP,SUPP,SUPP,NE,NE,NE,NE,NE,NE,,,,,,,SUPP,SUPP,SUPP,SUPP,SUPP,SUPP,NE,,SUPP,NE,,,SUPP,SUPP,SUPP,SUPP,NE,NE,NE,NE,NE,NE,SUPP,SUPP,NE,NE,SUPP,SUPP,NE,NE,NE,NE,NE,NE,SUPP,SUPP,NE,NE,,,,,SUPP,SUPP,SUPP,SUPP,NE,NE,,,,,SUPP,SUPP,SUPP,SUPP,NE,NE,NE,NE,SUPP,SUPP,,,SUPP,SUPP,NE,NE,NE,NE,SUPP,SUPP,,,SUPP,SUPP,NE,NE,NE
1,919,5406,117578,Ashlyns School,,Chesham Road,,,Berkhamsted,HP4 3AH,01442863605,E14000951,South West Hertfordshire,0,0,FD,None,NSE,OTHER NON SEL,MIXED,0,0,1,11-18,1506,758,748,234,107,46%,127,54%,105.4,33,15%,132,59%,58,26%,31,13%,203,87%,8,3%,226,97%,0,0%,230,98%,5,2%,34,15%,29,12%,12178.5,52.0,2633.0,11.3,2388.0,10.2,3455.0,14.8,3702.5,15.8,3616.5,15.5,86.0,0.4,2.8,2.9,223,1,95%,0.28,0.09,0.46,0.27,0.09,0.46,0.38,0.16,0.59,0.24,0.05,0.44,0.17,-0.05,0.38,0.33,0.12,0.55,80%,60%,1059.57,4.53,2.67,4.81,2.16,4.31,6.36,4.13,4.87,4.12,4.56,,,,4.67,3.22,4.85,88,38%,27%,23%,224,96%,229,98%,225,96%,186,79%,100,43%,84%,78%,82%,63%,74%,56%,83%,72%,74%,62%,215,96%,177,95%,96,96%,0.15,-0.05,0.35,0.76,0.49,1.02,0.19,-0.21,0.58,197,182,193,148,167,126,155,134,74,62,87,37%,223,95%,227,97%,223,99%,184,99%,99,99%,34.6,30,0,-0.41,-0.92,0.09,-0.41,-0.93,0.10,54.7,193,1,0.38,0.18,0.58,0.38,0.18,0.58,8.5,0.00,-0.58,0.59,6.5,-0.50,-1.03,0.04,8.5,-0.79,-1.38,-0.21,11.1,-0.25,-0.83,0.33,11.7,0.44,0.21,0.67,10.8,0.36,0.15,0.57,15.7,0.32,0.09,0.55,16.5,0.43,0.20,0.65,10.8,0.4,16.2,0.4,-15.7,-0.58,28.1,33,0,-0.06,-0.54,0.43,-0.06,-0.55,0.44,50.4,132,1,0.34,0.10,0.58,0.34,0.09,0.58,69.1,58,0,0.32,-0.05,0.68,0.32,-0.05,0.69,51.3,11.0,9.8,13.5,17.0,16.5,0.5,6,0,0.88,-0.25,2.01,0.88,-0.27,2.03,56.0,12.4,10.4,15.8,17.4,17.1,0.3,119,0,0.58,0.33,0.84,0.58,0.32,0.84,47.4,9.9,9.9,13.6,14.0,13.5,0.5,104,1,-0.07,-0.35,0.20,-0.08,-0.35,0.20,52.4,11.3,10.3,14.9,15.9,15.6,0.4,220,1,0.31,0.12,0.50,0.31,0.12,0.50,,,,,,,,,,,,,,,,54.5,223,0.16,-0.03,0.34,40.8,26,-0.63,-1.18,-0.09,56.1,197,0.26,0.06,0.46,4,12%,0%,0%,45,34%,20%,13%,36,62%,59%,59%,16%,41%,0%,0%,32%,27%,-0.04,0.22,0.08,-0.48,0.24,0.96,0.90,0.42,0.18,0.82,-1.37,0.04,0.71,-1.17,0.28,0.09,-1.04,0.44,0.03,0.50,-0.57,0.48,-0.03,0.46,-0.30,1.03,-0.68,1.10,0.54,1.93,-0.02,1.23,0.56,0.91,-0.06,0.41,-2.76,0.69,-0.13,0.00,-2.75,0.59,-0.51,1.34,0.08,,,,31%,24%,20%,35%,22%,17%,40%,31%,28%,38%,28%,23%,25%,13%,13%,,,,,,,12%,0%,0%,33%,27%,23%,76%,,79%,98%,,,81%,61%,55%,84%,7,21%,113,86%,58,100%,74%,85%,88%,80%,26%,65%,1,3%,77,58%,56,97%,58%,61%,50%,60%,,,,,58%,27%,83%,65%,0%,25%,,,,,26,11%,210,89%,8.8,7.3,8.9,9.5,7.2,9.0,,,8.5,8.9,8.6,6.8,8.7,9.5,6.9,8.9,,,7.8,8.6,2064.0,0.0,0%,Above average
1,919,4499,117552,The Astley Cooper School,,St Agnell's Lane,,,Hemel Hempstead,HP2 7HL,01442394141,E14000739,Hemel Hempstead,0,0,CY,Does not apply,NSE,OTHER NON SEL,MIXED,0,0,1,11-18,913,463,450,135,65,48%,70,52%,102.4,36,29%,67,54%,21,17%,47,35%,88,65%,22,16%,113,84%,0,0%,127,94%,1,1%,22,16%,21,16%,4818.0,35.7,1114.0,8.3,952.0,7.1,1359.5,10.1,1392.5,10.3,810.0,6.0,582.5,4.3,2.6,2.6,124,0,92%,-0.82,-1.07,-0.57,-0.82,-1.08,-0.57,-0.60,-0.89,-0.31,-0.72,-0.98,-0.45,-0.86,-1.15,-0.57,-1.01,-1.29,-0.72,46%,25%,396.34,2.94,2.32,3.27,1.55,3.09,4.33,3.81,3.00,2.86,2.88,,,,3.12,2.4,3.51,8,6%,3%,2%,127,94%,128,95%,126,93%,98,73%,15,11%,63%,46%,51%,30%,43%,21%,43%,30%,87%,80%,115,91%,91,93%,10,67%,-0.75,-1.02,-0.48,-0.83,-1.20,-0.46,1.13,-0.10,2.36,85,62,69,40,54,26,42,29,13,12,8,6%,126,93%,122,90%,125,99%,93,95%,15,100%,28.2,45,0,-1.09,-1.50,-0.68,-1.09,-1.51,-0.67,39.7,79,0,-0.67,-0.98,-0.36,-0.67,-0.99,-0.35,6.9,-0.85,-1.33,-0.38,5.6,-0.90,-1.34,-0.47,7.7,-1.11,-1.58,-0.63,8.0,-1.35,-1.82,-0.88,9.0,-0.45,-0.81,-0.09,7.8,-0.61,-0.94,-0.28,11.3,-0.72,-1.08,-0.36,11.5,-0.81,-1.17,-0.46,4.7,3.3,6.7,4.9,-22.1,-1.26,19.3,36,0,-0.76,-1.23,-0.30,-0.76,-1.24,-0.29,37.7,67,0,-0.74,-1.08,-0.40,-0.74,-1.08,-0.39,53.3,21,0,-1.19,-1.79,-0.58,-1.19,-1.81,-0.57,45.7,10.2,8.8,13.5,13.2,7.5,5.6,15,0,0.63,-0.09,1.35,0.63,-0.10,1.36,36.7,8.7,7.1,10.0,10.9,6.0,4.9,64,0,-0.76,-1.11,-0.42,-0.76,-1.12,-0.41,34.6,7.8,7.0,10.2,9.6,6.0,3.7,60,0,-0.89,-1.24,-0.53,-0.89,-1.25,-0.52,35.2,8.2,6.9,9.8,10.2,6.0,4.3,119,0,-0.81,-1.07,-0.56,-0.81,-1.07,-0.55,,,,,,,,,,,,,,,,38.9,133,-0.64,-0.88,-0.4,30.3,47,-1.25,-1.65,-0.85,43.5,86,-0.31,-0.6,-0.01,0,0%,0%,0%,2,3%,1%,1%,2,10%,10%,5%,2%,8%,2%,2%,3%,2%,-0.37,-0.65,-1.56,-0.87,-0.68,-0.56,-0.66,-1.71,-1.03,-0.73,SUPP,0.77,SUPP,NE,1.13,-0.41,-1.32,-0.35,-1.01,0.15,-0.90,-0.29,-1.01,-0.94,-2.19,-0.40,-1.66,-0.27,-1.18,0.19,-1.31,-0.17,-1.15,-0.86,-2.57,NE,NE,2.36,-0.10,SUPP,SUPP,2.35,-0.82,SUPP,SUPP,,,,6%,4%,2%,5%,3%,2%,7%,3%,3%,5%,2%,2%,18%,5%,5%,,,,,,,2%,2%,2%,9%,4%,2%,41%,,45%,96%,,,51%,34%,30%,55%,4,11%,33,49%,19,90%,42%,50%,59%,43%,23%,26%,0,0%,17,25%,13,62%,25%,26%,45%,24%,,,,,31%,20%,61%,41%,2%,16%,,,,,49,35%,93,66%,7.3,6.0,7.5,8.5,6.6,7.6,,,7.1,7.8,6.0,4.8,6.2,7.1,5.6,6.2,,,6,6.5,988.0,0.0,0%,Well below average
1,919,4037,149078,Avanti Grange Secondary School,,Newland Avenue,,,Bishops Stortford,CM23 2BD,,E14000744,Hertford and Stortford,0,0,F,None,NSE,OTHER NON SEL,MIXED,0,0,0,11-18,107,50,57
1,919,4026,144623,Barclay Academy,,Walkern Road,,,Stevenage,SG1 3RB,01438748459,E14000968,Stevenage,0,0,AC,Does not apply,NSE,OTHER NON SEL,MIXED,0,0,1,11-18,814,415,399,125,63,50%,62,50%,103.9,33,28%,60,51%,25,21%,33,26%,92,74%,11,9%,114,91%,0,0%,118,94%,3,2%,18,14%,15,12%,5778.3,46.2,1318.0,10.5,1158.0,9.3,1673.5,13.4,1628.8,13.0,1623.0,13.0,5.8,0.0,2.8,2.8,118,2,94%,-0.02,-0.28,0.23,-0.03,-0.29,0.23,0.30,0.01,0.60,0.05,-0.21,0.32,0.00,-0.30,0.29,-0.33,-0.63,-0.04,70%,50%,527.47,4.22,2.93,4.68,2.45,4.19,6.54,4.46,4.44,4.00,4.22,,,,4.58,4.09,4.74,68,54%,37%,22%,123,98%,123,98%,119,95%,110,88%,76,61%,81%,66%,73%,53%,66%,47%,58%,43%,74%,53%,112,94%,103,94%,71,93%,0.04,-0.23,0.31,-0.39,-0.73,-0.04,-0.08,-0.54,0.38,101,83,91,66,79,56,64,47,56,40,65,52%,123,98%,122,98%,114,96%,105,95%,74,97%,34.0,31,2,-0.83,-1.33,-0.34,-0.87,-1.37,-0.36,50.6,87,0,0.27,-0.03,0.57,0.27,-0.03,0.57,8.5,-0.36,-0.94,0.22,7.2,-0.54,-1.07,-0.02,8.8,-1.12,-1.69,-0.54,9.5,-1.17,-1.74,-0.60,11.3,0.54,0.19,0.88,10.0,0.27,-0.05,0.58,15.0,0.39,0.05,0.74,14.3,-0.04,-0.38,0.30,9.3,0.2,14.3,0.0,-16.3,-1.00,30.3,33,0,0.25,-0.23,0.73,0.25,-0.24,0.74,46.2,60,2,-0.20,-0.56,0.16,-0.22,-0.58,0.15,66.9,25,0,0.04,-0.51,0.60,0.04,-0.52,0.61,48.6,10.9,9.6,14.0,14.0,14.0,0.0,8,0,0.87,-0.11,1.85,0.87,-0.13,1.87,48.3,10.9,9.4,14.0,14.0,13.9,0.1,60,1,0.00,-0.35,0.36,0.00,-0.37,0.36,44.2,10.2,9.1,12.7,12.1,12.1,0.0,58,1,-0.05,-0.41,0.32,-0.06,-0.43,0.31,46.2,10.5,9.3,13.4,13.0,13.0,0.0,114,2,0.00,-0.26,0.26,-0.01,-0.28,0.25,,,,,,,,,,,,,,,,52.5,80,0.41,0.1,0.72,48.2,21,-0.02,-0.63,0.58,53.9,59,0.57,0.21,0.93,7,21%,3%,3%,34,57%,33%,13%,22,88%,84%,68%,42%,59%,21%,15%,42%,25%,0.13,-0.19,0.46,-1.02,0.36,0.03,-0.57,-0.43,-1.03,-0.18,-0.54,-0.11,0.17,-1.24,0.21,-0.45,-1.58,0.67,0.05,0.65,-0.40,0.19,-0.57,1.03,-0.11,-0.33,-1.73,0.22,-0.58,0.72,-0.66,-0.09,-1.05,0.29,-1.14,-0.20,-2.28,0.72,-0.31,0.69,-1.76,0.52,-0.74,0.98,-0.64,,,,27%,25%,21%,41%,32%,19%,68%,42%,26%,53%,36%,23%,64%,45%,9%,,,,,,,18%,18%,18%,30%,27%,22%,60%,,80%,98%,,,84%,67%,48%,77%,10,30%,47,78%,25,100%,67%,73%,91%,70%,30%,58%,4,12%,33,55%,23,92%,48%,53%,45%,52%,,,,,68%,55%,90%,72%,4%,22%,,,,,22,25%,67,75%,7.6,7.1,7.6,8.2,7.0,7.8,,,7.8,8,7.6,7.0,7.6,8.2,7.0,7.8,,,6.8,7.1,949.0,0.0,0%,Average
1,919,4066,117518,Barnwell School,,Barnwell,,,Stevenage,SG2 9SW,01438222500,E14000968,Stevenage,0,0,FD,Does not apply,NSE,OTHER NON SEL,MIXED,0,0,1,11-18,1227,618,609,192,99,52%,93,48%,104.3,38,21%,108,59%,36,20%,45,23%,147,77%,21,11%,171,89%,0,0%,181,94%,4,2%,43,22%,39,20%,8274.5,43.1,1794.0,9.3,1616.0,8.4,2356.5,12.3,2508.0,13.1,1838.0,9.6,670.0,3.5,2.8,2.8,182,2,95%,-0.31,-0.52,-0.11,-0.32,-0.53,-0.11,-0.30,-0.54,-0.06,-0.33,-0.54,-0.11,-0.36,-0.60,-0.12,-0.30,-0.53,-0.06,58%,37%,683.40,3.56,2.81,3.79,2.26,3.42,5.45,4.01,3.89,3.25,3.59,,,,3.52,2.86,3.72,20,10%,7%,5%,182,95%,185,96%,184,96%,158,82%,28,15%,72%,55%,64%,42%,64%,41%,54%,37%,71%,61%,174,95%,149,94%,24,86%,-0.15,-0.37,0.06,-0.54,-0.83,-0.25,0.29,-0.50,1.09,138,106,123,81,118,75,86,59,20,17,20,10%,182,95%,183,95%,183,99%,152,96%,28,100%,33.8,42,1,-0.62,-1.04,-0.19,-0.65,-1.08,-0.21,45.9,140,1,-0.22,-0.46,0.01,-0.23,-0.46,0.01,7.6,-0.65,-1.14,-0.15,6.7,-0.55,-1.00,-0.10,9.4,-0.69,-1.18,-0.19,10.2,-0.67,-1.16,-0.18,9.9,-0.19,-0.46,0.08,9.0,-0.26,-0.51,-0.02,13.2,-0.26,-0.53,0.01,13.9,-0.19,-0.45,0.08,7.6,2.6,10.2,3.7,-16.5,-0.79,28.0,38,0,-0.12,-0.57,0.33,-0.12,-0.58,0.33,42.0,108,1,-0.44,-0.71,-0.17,-0.45,-0.73,-0.18,64.4,36,1,-0.14,-0.60,0.33,-0.14,-0.61,0.33,47.6,11.0,8.1,13.8,14.7,10.8,3.9,14,0,0.33,-0.41,1.07,0.33,-0.42,1.09,47.0,10.3,8.7,13.2,14.7,11.3,3.5,89,1,-0.23,-0.52,0.07,-0.23,-0.53,0.07,39.4,8.4,8.1,11.4,11.5,8.0,3.5,93,1,-0.40,-0.69,-0.11,-0.41,-0.71,-0.12,43.5,9.4,8.5,12.3,13.3,9.7,3.6,176,1,-0.30,-0.51,-0.09,-0.31,-0.52,-0.10,,,,,,,,,,,,,,,,43.2,159,-0.58,-0.8,-0.36,35.8,39,-1.08,-1.52,-0.63,45.4,120,-0.42,-0.67,-0.16,2,5%,0%,0%,7,6%,4%,2%,9,25%,22%,19%,11%,10%,7%,4%,7%,5%,0.23,-0.19,-0.41,-0.12,-0.16,-0.03,-0.70,-0.49,-0.89,-0.44,SUPP,0.21,0.62,SUPP,0.36,0.35,-0.60,0.09,-0.41,0.71,-0.26,0.09,-0.48,0.07,-0.89,-0.27,-1.51,-0.12,-0.77,0.66,-0.72,-0.33,-1.07,0.14,-1.11,SUPP,SUPP,1.23,-0.51,SUPP,SUPP,1.38,-0.97,1.85,-0.61,,,,8%,3%,3%,4%,1%,0%,17%,13%,10%,11%,7%,5%,19%,14%,10%,,,,,,,8%,0%,0%,8%,4%,4%,53%,,49%,97%,,,54%,34%,38%,64%,4,11%,67,62%,36,100%,54%,62%,67%,59%,24%,41%,0,0%,37,34%,32,89%,34%,40%,38%,37%,,,,,39%,21%,59%,38%,1%,13%,,,,,39,23%,130,77%,7.6,6.8,7.6,8.4,6.8,7.8,,,7.5,7.6,6.7,5.9,6.7,7.8,6.1,6.9,,,6.3,6.8,1461.0,0.0,0%,Below average
2,919,7016,117674,Batchwood School,,Townsend Drive,,,St Albans,AL3 5RP,01727868021,E14000960,St Albans,0,0,CYS,Does not apply,NA,NA,MIXED,0,0,0,11-16,101,65,36,17,11,65%,6,35%,90.8,10,67%,5,33%,0,0%,13,76%,4,24%,0,0%,17,100%,0,0%,16,94%,,,,,,,140.0,8.2,38.0,2.2,18.0,1.1,29.0,1.7,55.0,3.2,51.0,3.0,4.0,0.2,0.8,0.9,15,0,88%,-1.73,-2.44,-1.01,-1.73,-2.46,-1.00,-1.78,-2.61,-0.95,-1.75,-2.50,-0.99,-1.76,-2.59,-0.94,-1.64,-2.46,-0.82,0%,0%,9.17,0.54,SUPP,SUPP,0.45,SUPP,NE,NE,0.58,0.52,0.57,,,,0.74,0.56,0.98,0,0%,0%,0%,6,35%,7,41%,7,41%,0,0%,0,0%,6%,0%,0%,0%,0%,0%,NE,NE,NE,NE,7,100%,,NE,,NE,-0.96,-2.05,0.12,NE,NE,NE,NE,NE,NE,1,0,0,0,0,0,NE,NE,NE,NE,0,0%,6,35%,6,35%,7,100%,NE,NE,NE,NE,SUPP,SUPP,SUPP,SUPP,SUPP,SUPP,SUPP,SUPP,SUPP,SUPP,SUPP,SUPP,SUPP,SUPP,SUPP,SUPP,SUPP,SUPP,SUPP,SUPP,SUPP,SUPP,SUPP,SUPP,SUPP,SUPP,SUPP,SUPP,SUPP,SUPP,SUPP,SUPP,SUPP,SUPP,SUPP,SUPP,SUPP,SUPP,SUPP,SUPP,SUPP,SUPP,SUPP,SUPP,SUPP,SUPP,SUPP,SUPP,SUPP,SUPP,SUPP,SUPP,SUPP,SUPP,SUPP,SUPP,6.8,10,0,-1.15,-2.03,-0.28,-1.15,-2.05,-0.26,SUPP,SUPP,SUPP,SUPP,SUPP,SUPP,SUPP,SUPP,SUPP,NE,NE,NE,NE,NE,NE,NE,NE,NE,NE,NE,NE,NE,NE,NE,NE,NE,NE,NE,NE,NE,NE,NE,NE,10.8,3.7,0.7,1.7,4.8,4.8,0.0,6,0,-2.05,-3.18,-0.92,-2.05,-3.20,-0.90,6.8,1.5,1.3,1.7,2.4,2.0,0.4,9,0,-1.51,-2.44,-0.59,-1.51,-2.45,-0.57,8.8,2.4,1.1,1.8,3.4,3.2,0.3,15,0,-1.73,-2.44,-1.01,-1.73,-2.46,-1.00,,,,,,,,,,,,,,,,10.3,15,-2.09,-2.81,-1.38,8.3,8,-1.89,-2.87,-0.91,12.7,7,-2.32,-3.37,-1.28,0,0%,0%,0%,SUPP,SUPP,SUPP,SUPP,NE,NE,NE,NE,SUPP,SUPP,SUPP,SUPP,SUPP,SUPP,SUPP,SUPP,NE,SUPP,SUPP,NE,SUPP,NE,SUPP,SUPP,NE,SUPP,NE,SUPP,SUPP,SUPP,SUPP,SUPP,SUPP,SUPP,SUPP,SUPP,SUPP,NE,NE,SUPP,SUPP,SUPP,SUPP,NE,NE,SUPP,SUPP,NE,NE,SUPP,SUPP,SUPP,SUPP,NE,NE,SUPP,SUPP,NE,NE,,,,0%,0%,0%,0%,0%,0%,0%,0%,0%,0%,0%,0%,NE,NE,NE,,,,,,,0%,0%,0%,0%,0%,0%,0%,,6%,53%,,,6%,0%,SUPP,SUPP,0,0%,SUPP,SUPP,NE,NE,0%,0%,NE,0%,SUPP,SUPP,0,0%,SUPP,SUPP,NE,NE,0%,0%,NE,0%,,,,,0%,0%,14%,0%,0%,0%,,,,,9,56%,7,44%,2.2,2.2,SUPP,NE,SUPP,SUPP,,,2.3,3.1,2.2,2.1,SUPP,NE,SUPP,SUPP,,,2.1,2.9,43.0,0.0,0%,Well below average
1,919,4043,138286,Beaumont School,,Austen Way,,,St Albans,AL4 0XB,01727854726,E14000960,St Albans,0,0,ACC,Does not apply,NSE,OTHER NON SEL,MIXED,0,0,1,11-18,1543,826,717,211,124,59%,87,41%,107.8,20,10%,100,49%,86,42%,22,10%,189,90%,27,13%,184,87%,0,0%,210,100%,3,1%,75,36%,72,34%,12971.8,61.5,2636.0,12.5,2608.0,12.4,3905.0,18.5,3822.8,18.1,3676.5,17.4,146.3,0.7,2.9,2.9,206,2,98%,0.72,0.53,0.91,0.70,0.51,0.90,0.58,0.35,0.80,0.76,0.55,0.96,0.83,0.60,1.05,0.63,0.41,0.85,92%,71%,1229.18,5.83,4.18,6.02,3.45,5.16,7.11,6.32,5.77,5.86,5.84,,,,6.37,5.64,6.42,171,81%,62%,46%,206,98%,211,100%,207,98%,204,97%,172,82%,95%,83%,94%,77%,89%,72%,87%,74%,80%,63%,202,98%,199,98%,168,98%,0.79,0.59,1.00,0.77,0.52,1.02,0.39,0.09,0.69,200,176,198,163,185,149,177,150,137,109,171,81%,206,98%,210,100%,206,100%,203,100%,172,100%,45.9,22,0,0.28,-0.31,0.87,0.28,-0.32,0.88,63.3,184,2,0.77,0.57,0.98,0.75,0.55,0.96,10.3,0.46,-0.22,1.14,9.1,0.36,-0.26,0.98,13.0,0.25,-0.43,0.93,13.5,0.14,-0.53,0.82,12.8,0.59,0.35,0.83,12.7,0.80,0.59,1.02,19.2,0.89,0.66,1.13,18.6,0.69,0.46,0.93,13.0,0.6,17.9,0.7,-4.4,0.11,40.2,20,0,0.97,0.35,1.59,0.97,0.33,1.60,55.3,100,0,0.75,0.47,1.03,0.75,0.47,1.03,73.2,86,2,0.63,0.33,0.93,0.59,0.29,0.90,64.8,13.0,12.9,20.0,18.8,18.2,0.6,26,0,0.79,0.25,1.34,0.79,0.24,1.35,61.5,13.0,11.7,18.1,18.7,17.9,0.8,85,2,0.65,0.35,0.95,0.61,0.31,0.92,61.4,12.2,12.8,18.8,17.7,17.1,0.6,121,0,0.77,0.52,1.02,0.77,0.51,1.02,61.6,12.5,12.4,18.5,18.2,17.5,0.7,205,2,0.73,0.53,0.92,0.71,0.52,0.91,,,,,,,,,,,,,,,,66.7,179,1.06,0.85,1.26,59.9,13,0.56,-0.21,1.32,67.2,166,1.1,0.88,1.31,6,30%,10%,5%,81,81%,49%,24%,80,93%,88%,80%,68%,83%,27%,9%,66%,50%,0.96,0.77,0.78,0.10,0.88,1.38,0.87,0.52,0.30,0.82,0.60,0.06,0.71,-0.38,0.47,0.72,-0.51,1.09,0.66,1.62,0.30,1.06,0.49,1.09,0.46,1.09,-0.49,1.08,0.55,2.24,0.53,1.22,0.51,0.91,0.14,0.62,-1.38,0.78,0.16,2.18,-0.99,0.50,-0.37,1.14,0.28,,,,87%,76%,65%,81%,60%,44%,80%,63%,48%,81%,62%,46%,89%,78%,67%,,,,,,,77%,69%,54%,88%,77%,65%,87%,,92%,100%,,,93%,82%,82%,94%,14,70%,91,91%,85,99%,94%,91%,93%,92%,27%,76%,4,20%,60,60%,82,95%,74%,67%,78%,71%,,,,,85%,77%,93%,83%,8%,33%,,,,,13,7%,173,93%,9.0,7.8,8.8,9.4,8.3,9.0,,,9,9.1,8.6,7.4,8.4,9.2,7.8,8.7,,,8.5,8.7,1907.0,1.0,0%,Well above average
1,919,6005,117604,Berkhamsted School,,Overton House,133 High Street,,Berkhamsted,HP4 2DJ,01442358000,E14000951,South West Hertfordshire,0,0,IND,Anglican/Christian,,NA,MIXED,0,0,1,11-19,1333,745,588,195,115,59%,80,41%,NP,NP,NP,NP,NP,NP,NP,NP,NP,NP,NP,NP,NP,NP,NP,NP,NP,NP,NP,NA,NA,NA,NA,NA,NA,3143.6,16.1,1255.0,6.4,0.0,0.0,230.0,1.2,1658.6,8.5,1446.0,7.4,212.6,1.1,0.2,1.3,NP,NP,NP,NP,NP,NP,NP,NP,NP,NP,NP,NP,NP,NP,NP,NP,NP,NP,NP,NP,NP,0%,0%,38.33,0.20,NP,NP,NP,NP,NP,NP,0.21,0.19,NP,,,,0.18,NP,NP,0,0%,0%,0%,0,0%,0,0%,0,0%,0,0%,35,18%,0%,0%,0%,0%,NE,NE,NE,NE,97%,89%,NP,NP,NP,NP,NP,NP,NP,NP,NP,NP,NP,NP,NP,NP,NP,0,0,0,0,NE,NE,NE,NE,34,31,0,0%,0,0%,0,0%,NE,NE,NE,NE,35,100%,NP,NP,NP,NP,NP,NP,NP,NP,NP,NP,NP,NP,NP,NP,NP,NP,NP,NP,NP,NP,NP,NP,NP,NP,NP,NP,NP,NP,NP,NP,NP,NP,NP,NP,NP,NP,NP,NP,NP,NP,NP,NP,NP,NP,NP,NP,NP,NP,NP,NP,NP,NP,NP,NP,NP,NP,NP,NP,NP,NP,NP,NP,NP,NP,NP,NP,NP,NP,NP,NP,NP,NP,NP,NP,NP,NP,NP,NP,NP,NP,NP,NP,NP,NP,NP,NP,NP,NP,NP,NP,NP,NP,NP,NP,NP,NP,NP,NP,17.1,6.6,0.0,1.3,9.3,8.0,1.2,NP,NP,NP,NP,NP,NP,NP,NP,15.4,6.3,0.0,1.1,8.0,7.0,1.0,NP,NP,NP,NP,NP,NP,NP,NP,NP,NP,NP,NP,NP,NP,NP,NP,NP,NP,NP,NP,NP,NP,NP,,,,,,,,,,,,,,,,16.1,NP,NP,NP,NP,NP,NP,NP,NP,NP,NP,NP,NP,NP,NP,NP,NP,NP,NP,NP,NP,NP,NP,NP,NP,NP,NP,NP,NP,NP,NP,NP,NP,NP,NP,NP,NP,NP,NP,NP,NP,NP,NP,NP,NP,NP,NP,NP,NP,NP,NP,NP,NP,NP,NP,NP,NP,NP,NP,NP,NP,NP,NP,NP,NP,NP,NP,NP,NP,NP,NP,NP,NP,NP,NP,NP,NP,NP,,,,0%,0%,0%,0%,0%,0%,0%,0%,0%,NP,NP,NP,NP,NP,NP,,,,,,,NP,NP,NP,NP,NP,NP,0%,,0%,99%,,,0%,0%,NP,NP,NP,NP,NP,NP,NP,NP,0%,0%,NP,NP,NP,NP,NP,NP,NP,NP,NP,NP,0%,0%,NP,NP,,,,,NP,NP,NP,NP,0%,0%,,,,,NP,NP,NP,NP,2.5,NP,NP,NP,NP,NP,,,NP,NP,2.3,NP,NP,NP,NP,NP,,,NP,NP,496.0,0.0,0%
1,919,4200,137637,Birchwood High School,,Parsonage Lane,,,Bishop's Stortford,CM23 5BD,01279655936,E14000744,Hertford and Stortford,0,0,ACC,None,NSE,OTHER NON SEL,MIXED,0,0,1,11-18,1418,768,650,230,130,57%,100,43%,105.4,41,19%,115,53%,61,28%,26,11%,204,89%,22,10%,208,90%,0,0%,219,95%,7,3%,19,8%,12,5%,10373.3,45.1,2128.0,9.3,2142.0,9.3,2961.5,12.9,3141.8,13.7,2679.0,11.6,462.8,2.0,2.8,2.8,217,2,94%,-0.45,-0.64,-0.26,-0.46,-0.65,-0.27,-0.60,-0.82,-0.38,-0.26,-0.46,-0.06,-0.56,-0.77,-0.34,-0.42,-0.63,-0.20,63%,38%,905.65,3.94,2.96,4.06,2.12,3.58,5.59,4.18,3.84,4.01,3.94,,,,4.49,2.83,4.72,81,35%,24%,18%,221,96%,225,98%,222,97%,195,85%,89,39%,74%,54%,72%,49%,63%,36%,59%,42%,80%,66%,209,94%,188,96%,80,90%,-0.58,-0.78,-0.38,-0.45,-0.71,-0.19,0.16,-0.27,0.59,171,124,166,112,140,81,115,82,71,59,80,35%,221,96%,225,98%,217,98%,193,99%,88,99%,33.6,26,2,-1.21,-1.75,-0.67,-1.34,-1.89,-0.78,46.6,191,0,-0.34,-0.54,-0.14,-0.34,-0.55,-0.14,7.8,-1.15,-1.78,-0.52,6.9,-1.15,-1.72,-0.58,9.5,-1.33,-1.96,-0.70,9.4,-1.59,-2.22,-0.97,9.4,-0.53,-0.76,-0.29,9.6,-0.14,-0.35,0.07,13.3,-0.45,-0.68,-0.22,14.2,-0.26,-0.49,-0.02,8.3,1.1,12.1,2.1,-16.7,-1.38,27.5,41,0,-0.12,-0.55,0.32,-0.12,-0.56,0.32,42.1,115,0,-0.55,-0.81,-0.30,-0.55,-0.82,-0.29,60.3,61,2,-0.47,-0.82,-0.11,-0.52,-0.88,-0.16,46.7,7.8,10.5,14.8,13.7,11.8,1.9,14,0,-0.83,-1.57,-0.09,-0.83,-1.58,-0.08,45.2,9.8,8.9,12.2,14.3,12.9,1.4,97,2,-0.36,-0.64,-0.08,-0.39,-0.68,-0.10,45.0,8.8,9.6,13.4,13.1,10.7,2.5,120,0,-0.52,-0.77,-0.27,-0.52,-0.78,-0.26,45.2,9.3,9.3,12.9,13.7,11.7,2.1,210,1,-0.41,-0.60,-0.22,-0.43,-0.62,-0.23,,,,,,,,,,,,,,,,48.2,188,-0.37,-0.57,-0.17,32.7,25,-0.84,-1.4,-0.29,50.4,163,-0.3,-0.52,-0.08,1,2%,0%,0%,34,30%,16%,11%,42,69%,56%,43%,31%,36%,12%,8%,26%,20%,-0.17,-0.62,-0.76,-0.96,-0.53,0.03,-0.50,-0.62,-1.21,-0.36,SUPP,0.22,0.12,-0.46,0.23,-0.38,-1.55,-0.32,-0.74,0.30,-0.64,-0.35,-0.89,-0.39,-1.14,-0.42,-2.00,-0.09,-0.63,0.66,-0.61,-0.15,-0.86,-0.16,-1.08,0.91,-1.83,0.69,-0.23,SUPP,SUPP,0.87,-0.44,0.71,-0.48,,,,59%,43%,33%,33%,25%,19%,38%,24%,17%,36%,25%,19%,32%,18%,14%,,,,,,,27%,12%,12%,63%,47%,36%,58%,,66%,98%,,,68%,48%,42%,66%,7,17%,72,63%,59,97%,67%,58%,45%,63%,15%,41%,1,2%,36,31%,45,74%,38%,38%,27%,38%,,,,,27%,15%,74%,53%,3%,28%,,,,,26,12%,183,88%,8.1,6.8,8.0,9.1,7.0,8.3,,,7.3,8.4,7.6,6.3,7.4,8.8,6.7,7.8,,,6.8,8,1880.0,0.0,0%,Below average
1,919,4099,137757,Bishop's Hatfield Girls' School,,Woods Avenue,,,Hatfield,AL10 8NL,01707275331,E14001027,Welwyn Hatfield,0,0,ACC,Does not apply,NSE,OTHER NON SEL,GIRLS,0,0,1,11-18,943,5,938,144,,0%,144,100%,105.4,26,20%,63,48%,42,32%,23,16%,121,84%,34,24%,110,76%,0,0%,132,92%,4,3%,16,11%,12,8%,8114.3,56.3,1791.0,12.4,1486.0,10.3,2368.5,16.4,2468.8,17.1,2221.0,15.4,247.8,1.7,2.8,2.8,131,0,91%,0.80,0.56,1.05,0.80,0.56,1.05,1.12,0.84,1.40,0.33,0.08,0.59,0.81,0.53,1.09,0.90,0.62,1.17,76%,57%,728.68,5.06,3.90,5.28,3.11,4.88,6.92,5.06,5.06,NE,5.11,,,,5.39,4.15,5.55,82,57%,46%,36%,136,94%,143,99%,139,97%,127,88%,85,59%,89%,86%,77%,58%,77%,57%,89%,80%,92%,78%,126,91%,118,93%,83,98%,0.22,-0.04,0.48,1.65,1.32,1.97,1.24,0.82,1.67,128,124,111,83,107,79,113,101,78,66,78,54%,136,94%,142,99%,136,98%,127,100%,85,100%,44.6,23,0,0.09,-0.49,0.67,0.09,-0.50,0.68,58.6,108,0,0.96,0.69,1.22,0.96,0.68,1.23,10.1,0.32,-0.35,0.99,8.7,0.10,-0.51,0.71,12.7,0.05,-0.62,0.72,13.2,-0.03,-0.70,0.63,12.9,1.29,0.98,1.60,10.6,0.38,0.10,0.66,17.2,0.98,0.67,1.29,17.9,1.09,0.79,1.40,11.2,2.0,16.2,1.7,-5.7,-0.08,36.7,26,0,0.80,0.26,1.35,0.80,0.25,1.36,54.9,63,0,0.76,0.41,1.11,0.76,0.40,1.11,74.1,42,0,0.87,0.44,1.30,0.87,0.44,1.31,57.3,12.2,10.6,16.9,17.5,15.7,1.9,25,0,1.19,0.64,1.75,1.19,0.63,1.76,56.3,12.4,10.3,16.4,17.1,15.4,1.7,131,0,0.80,0.56,1.05,0.80,0.56,1.05,NE,NE,NE,NE,NE,NE,NE,NE,NE,NE,NE,NE,NE,NE,NE,56.7,12.6,10.3,16.5,17.4,15.6,1.8,127,0,0.80,0.56,1.05,0.80,0.55,1.05,,,,,,,,,,,,,,,,58.6,135,0.79,0.55,1.02,47.3,16,0.28,-0.41,0.97,60.1,119,0.85,0.6,1.11,9,35%,12%,0%,37,59%,44%,35%,34,81%,81%,69%,35%,61%,30%,26%,49%,38%,0.51,0.28,-0.03,0.19,0.22,1.77,1.66,1.58,1.53,1.66,1.13,1.31,1.20,1.56,1.21,0.85,-0.47,0.50,-0.05,1.10,-0.08,0.65,-0.09,0.41,-0.48,2.41,0.65,2.01,1.32,2.57,0.96,2.12,1.19,2.13,1.03,2.93,0.19,1.66,0.76,2.43,-0.16,1.93,0.69,1.86,0.54,,,,57%,52%,43%,NE,NE,NE,57%,46%,36%,61%,48%,39%,50%,32%,29%,,,,,,,24%,18%,12%,62%,56%,48%,75%,,79%,99%,,,79%,63%,61%,79%,11,42%,48,76%,42,100%,NE,76%,76%,75%,39%,60%,2,8%,33,52%,42,100%,NE,57%,59%,58%,,,,,59%,41%,82%,66%,4%,40%,,,,,17,12%,128,88%,8.4,7.0,8.3,9.9,7.5,8.6,,,7.1,8.4,8.1,6.3,8.0,9.6,7.0,8.3,,,6.6,8,1217.0,0.0,0%,Well above average
1,919,6007,117605,Bishop's Stortford College,,School House,Maze Green Road,,Bishop's Stortford,CM23 2PQ,01279838575,E14000744,Hertford and Stortford,0,0,IND,None,,NA,MIXED,0,0,1,4-18,1276,673,603,120,63,53%,57,48%,NP,NP,NP,NP,NP,NP,NP,NP,NP,NP,NP,NP,NP,NP,NP,NP,NP,NP,NP,NA,NA,NA,NA,NA,NA,2638.5,22.0,0.0,0.0,0.0,0.0,1423.0,11.9,1215.5,10.1,1173.0,9.8,42.5,0.4,1.6,1.4,NP,NP,NP,NP,NP,NP,NP,NP,NP,NP,NP,NP,NP,NP,NP,NP,NP,NP,NP,NP,NP,0%,0%,195.96,1.63,NP,NP,NP,NP,NP,NP,1.53,1.73,NP,,,,1.78,NP,NP,0,0%,0%,0%,0,0%,0,0%,0,0%,61,51%,105,88%,0%,0%,0%,0%,NE,NE,100%,92%,97%,94%,NP,NP,NP,NP,NP,NP,NP,NP,NP,NP,NP,NP,NP,NP,NP,0,0,0,0,NE,NE,61,56,102,99,0,0%,0,0%,0,0%,NE,NE,61,100%,104,99%,NP,NP,NP,NP,NP,NP,NP,NP,NP,NP,NP,NP,NP,NP,NP,NP,NP,NP,NP,NP,NP,NP,NP,NP,NP,NP,NP,NP,NP,NP,NP,NP,NP,NP,NP,NP,NP,NP,NP,NP,NP,NP,NP,NP,NP,NP,NP,NP,NP,NP,NP,NP,NP,NP,NP,NP,NP,NP,NP,NP,NP,NP,NP,NP,NP,NP,NP,NP,NP,NP,NP,NP,NP,NP,NP,NP,NP,NP,NP,NP,NP,NP,NP,NP,NP,NP,NP,NP,NP,NP,NP,NP,NP,NP,NP,NP,NP,NP,22.7,0.0,0.0,12.0,11.1,10.7,0.5,NP,NP,NP,NP,NP,NP,NP,NP,21.3,0.0,0.0,11.9,9.4,9.1,0.3,NP,NP,NP,NP,NP,NP,NP,NP,NP,NP,NP,NP,NP,NP,NP,NP,NP,NP,NP,NP,NP,NP,NP,,,,,,,,,,,,,,,,22.4,NP,NP,NP,NP,NP,NP,NP,NP,NP,NP,NP,NP,NP,NP,NP,NP,NP,NP,NP,NP,NP,NP,NP,NP,NP,NP,NP,NP,NP,NP,NP,NP,NP,NP,NP,NP,NP,NP,NP,NP,NP,NP,NP,NP,NP,NP,NP,NP,NP,NP,NP,NP,NP,NP,NP,NP,NP,NP,NP,NP,NP,NP,NP,NP,NP,NP,NP,NP,NP,NP,NP,NP,NP,NP,NP,NP,NP,,,,0%,0%,0%,0%,0%,0%,0%,0%,0%,NP,NP,NP,NP,NP,NP,,,,,,,NP,NP,NP,NP,NP,NP,0%,,0%,99%,,,0%,0%,NP,NP,NP,NP,NP,NP,NP,NP,0%,0%,NP,NP,NP,NP,NP,NP,NP,NP,NP,NP,0%,0%,NP,NP,,,,,NP,NP,NP,NP,24%,0%,,,,,NP,NP,NP,NP,3.0,NP,NP,NP,NP,NP,,,NP,NP,3.0,NP,NP,NP,NP,NP,,,NP,NP,367.0,1.0,0%
1,919,5405,117577,The Bishop's Stortford High School,,London Road,,,Bishop's Stortford,CM23 3LU,01279868686,E14000744,Hertford and Stortford,0,0,FD,None,NSE,OTHER NON SEL,BOYS,0,0,1,11-18,1194,1101,93,168,168,100%,,0%,107.6,15,9%,81,51%,62,39%,9,5%,159,95%,11,7%,157,93%,0,0%,167,99%,2,1%,14,8%,12,7%,9949.0,59.2,1926.0,11.5,1996.0,11.9,3163.5,18.8,2863.5,17.0,2855.0,17.0,8.5,0.1,3.0,3.0,158,0,94%,0.49,0.27,0.71,0.49,0.26,0.71,0.03,-0.22,0.29,0.51,0.28,0.74,0.97,0.72,1.23,0.29,0.04,0.55,90%,68%,962.85,5.73,3.37,5.86,3.07,5.31,6.83,6.80,NE,5.73,5.75,,,,5.97,4.74,6.06,119,71%,62%,54%,167,99%,167,99%,168,100%,125,74%,158,94%,93%,80%,94%,74%,90%,74%,94%,82%,90%,81%,158,94%,117,94%,149,94%,0.83,0.60,1.05,1.18,0.86,1.51,0.71,0.39,1.03,157,134,158,125,152,124,117,103,142,128,119,71%,167,99%,167,99%,168,100%,125,100%,158,100%,40.4,9,0,-0.24,-1.17,0.68,-0.24,-1.18,0.70,60.3,149,0,0.53,0.31,0.76,0.53,0.30,0.76,8.9,-0.19,-1.26,0.88,7.8,-0.27,-1.25,0.70,11.3,-0.30,-1.37,0.76,12.4,-0.20,-1.26,0.86,11.6,0.05,-0.22,0.31,12.1,0.56,0.32,0.80,19.3,1.05,0.79,1.31,17.3,0.32,0.06,0.58,12.4,0.0,17.3,0.1,-9.9,-0.41,35.9,15,0,0.65,-0.07,1.36,0.65,-0.08,1.38,55.1,81,0,0.67,0.36,0.97,0.67,0.35,0.98,69.3,62,0,0.22,-0.13,0.57,0.22,-0.14,0.58,69.2,12.5,15.3,22.2,19.1,19.1,0.0,8,0,1.37,0.39,2.35,1.37,0.37,2.37,NE,NE,NE,NE,NE,NE,NE,NE,NE,NE,NE,NE,NE,NE,NE,59.2,11.5,11.9,18.8,17.0,17.0,0.1,158,0,0.49,0.27,0.71,0.49,0.26,0.71,59.4,11.5,11.9,18.9,17.1,17.1,0.1,157,0,0.51,0.29,0.73,0.51,0.28,0.74,,,,,,,,,,,,,,,,62.5,164,0.43,0.22,0.65,52.1,12,0.09,-0.71,0.89,63.3,152,0.46,0.23,0.68,4,27%,0%,0%,56,69%,60%,47%,52,84%,81%,76%,11%,74%,11%,0%,65%,57%,0.63,1.01,0.63,-0.03,0.88,SUPP,1.57,0.72,SUPP,1.18,0.33,0.89,0.55,-0.38,0.76,0.93,-0.98,1.11,0.64,1.38,-0.11,1.33,0.69,1.00,0.27,SUPP,SUPP,1.51,0.85,SUPP,SUPP,2.04,1.11,1.20,0.24,1.20,-1.97,1.08,0.43,1.55,-0.90,1.33,0.45,1.05,0.05,,,,74%,63%,51%,71%,62%,54%,NE,NE,NE,71%,62%,54%,82%,73%,64%,,,,,,,50%,33%,25%,76%,65%,53%,88%,,94%,100%,,,94%,83%,67%,92%,7,47%,76,94%,60,97%,90%,NE,91%,91%,11%,71%,1,7%,51,63%,55,89%,68%,NE,91%,68%,,,,,67%,58%,96%,85%,6%,25%,,,,,12,7%,156,93%,8.2,7.7,8.1,8.5,7.4,8.3,,,7.4,8.4,8.2,7.7,8.1,8.5,7.4,8.3,,,7.4,8.4,1387.0,1.0,0%,Above average
2,919,7003,147679,Brandles School,,Weston Way,,,Baldock,SG7 6EY,01462896351,E14000845,North East Hertfordshire,0,0,ACS,Does not apply,NA,NA,BOYS,0,0,0,11-16,69,69,,12,12,100%,,0%,95.1,6,55%,5,45%,0,0%,8,67%,4,33%,0,0%,12,100%,0,0%,10,83%,,,,,,,64.0,5.3,18.0,1.5,32.0,2.7,0.0,0.0,14.0,1.2,3.0,0.3,11.0,0.9,0.0,0.3,11,0,92%,-2.83,-3.66,-1.99,-2.83,-3.68,-1.98,-2.98,-3.95,-2.01,-1.83,-2.71,-0.95,-3.05,-4.02,-2.08,-3.17,-4.12,-2.21,0%,0%,3.34,0.28,SUPP,SUPP,0.14,SUPP,NE,NE,NE,0.28,0.32,,,,0.35,0.29,0.42,0,0%,0%,0%,1,8%,9,75%,0,0%,0,0%,0,0%,8%,0%,0%,0%,NE,NE,NE,NE,NE,NE,,NE,,NE,,NE,NE,NE,NE,NE,NE,NE,NE,NE,NE,1,0,0,0,NE,NE,NE,NE,NE,NE,0,0%,1,8%,9,75%,NE,NE,NE,NE,NE,NE,SUPP,SUPP,SUPP,SUPP,SUPP,SUPP,SUPP,SUPP,SUPP,SUPP,SUPP,SUPP,SUPP,SUPP,SUPP,SUPP,SUPP,SUPP,SUPP,SUPP,SUPP,SUPP,SUPP,SUPP,SUPP,SUPP,SUPP,SUPP,SUPP,SUPP,SUPP,SUPP,SUPP,SUPP,SUPP,SUPP,SUPP,SUPP,SUPP,SUPP,SUPP,SUPP,SUPP,SUPP,SUPP,SUPP,SUPP,SUPP,SUPP,SUPP,SUPP,SUPP,SUPP,SUPP,SUPP,SUPP,3.3,6,0,-2.17,-3.30,-1.03,-2.17,-3.32,-1.01,SUPP,SUPP,SUPP,SUPP,SUPP,SUPP,SUPP,SUPP,SUPP,NE,NE,NE,NE,NE,NE,NE,NE,NE,NE,NE,NE,NE,NE,NE,NE,NE,NE,NE,NE,NE,NE,NE,NE,NE,NE,NE,NE,NE,NE,NE,NE,NE,NE,NE,NE,NE,NE,NE,5.3,1.5,2.7,0.0,1.2,0.3,0.9,11,0,-2.83,-3.66,-1.99,-2.83,-3.68,-1.98,6.2,1.8,3.0,0.0,1.4,0.3,1.1,9,0,-2.71,-3.63,-1.78,-2.71,-3.65,-1.76,,,,,,,,,,,,,,,,7.2,13,-2.5,-3.27,-1.74,6.5,7,-2.72,-3.76,-1.67,8,6,-2.25,-3.38,-1.13,0,0%,0%,0%,SUPP,SUPP,SUPP,SUPP,NE,NE,NE,NE,SUPP,SUPP,SUPP,SUPP,SUPP,SUPP,NE,SUPP,NE,SUPP,SUPP,NE,SUPP,NE,SUPP,SUPP,NE,SUPP,NE,SUPP,SUPP,SUPP,SUPP,SUPP,SUPP,NE,NE,SUPP,SUPP,NE,NE,SUPP,SUPP,SUPP,SUPP,NE,NE,SUPP,SUPP,NE,NE,SUPP,SUPP,SUPP,SUPP,NE,NE,SUPP,SUPP,NE,NE,,,,0%,0%,0%,0%,0%,0%,NE,NE,NE,0%,0%,0%,NE,NE,NE,,,,,,,0%,0%,0%,0%,0%,0%,0%,,0%,75%,,,8%,0%,SUPP,SUPP,0,0%,SUPP,SUPP,NE,NE,0%,NE,NE,0%,SUPP,SUPP,0,0%,SUPP,SUPP,NE,NE,0%,NE,NE,0%,,,,,0%,0%,17%,0%,0%,0%,,,,,7,54%,6,46%,1.6,1.0,SUPP,NE,SUPP,SUPP,,,2,1.7,1.3,0.8,SUPP,NE,SUPP,SUPP,,,1.7,1.5,20.0,0.0,0%,Well below average
2,919,7024,117681,Breakspeare School,,Gallows Hill Lane,,,Abbots Langley,WD5 0BU,01923263645,E14001021,Watford,0,0,CYS,Does not apply,NA,NA,MIXED,0,1,0,2-19,94,64,30,2,SUPP,SUPP,SUPP,SUPP,SUPP,SUPP,SUPP,SUPP,SUPP,SUPP,SUPP,SUPP,SUPP,SUPP,SUPP,SUPP,SUPP,SUPP,SUPP,SUPP,SUPP,SUPP,SUPP,,,,,,,SUPP,SUPP,SUPP,SUPP,SUPP,SUPP,SUPP,SUPP,SUPP,SUPP,SUPP,SUPP,SUPP,SUPP,SUPP,SUPP,SUPP,SUPP,SUPP,SUPP,SUPP,SUPP,SUPP,SUPP,SUPP,SUPP,SUPP,SUPP,SUPP,SUPP,SUPP,SUPP,SUPP,SUPP,SUPP,SUPP,SUPP,SUPP,SUPP,SUPP,SUPP,SUPP,SUPP,SUPP,SUPP,SUPP,SUPP,SUPP,SUPP,SUPP,,,,SUPP,SUPP,SUPP,SUPP,SUPP,SUPP,SUPP,SUPP,SUPP,SUPP,SUPP,SUPP,SUPP,SUPP,SUPP,SUPP,SUPP,SUPP,SUPP,SUPP,SUPP,SUPP,SUPP,SUPP,SUPP,SUPP,SUPP,SUPP,SUPP,SUPP,SUPP,SUPP,SUPP,SUPP,SUPP,SUPP,SUPP,SUPP,SUPP,SUPP,SUPP,SUPP,SUPP,SUPP,SUPP,SUPP,SUPP,SUPP,SUPP,SUPP,SUPP,SUPP,SUPP,SUPP,SUPP,SUPP,SUPP,SUPP,SUPP,SUPP,SUPP,SUPP,SUPP,SUPP,SUPP,SUPP,SUPP,SUPP,SUPP,SUPP,SUPP,SUPP,SUPP,SUPP,SUPP,SUPP,SUPP,SUPP,SUPP,SUPP,SUPP,SUPP,SUPP,SUPP,SUPP,SUPP,SUPP,SUPP,SUPP,SUPP,SUPP,SUPP,SUPP,SUPP,SUPP,SUPP,SUPP,SUPP,SUPP,SUPP,SUPP,SUPP,SUPP,SUPP,SUPP,SUPP,SUPP,SUPP,SUPP,SUPP,SUPP,SUPP,SUPP,SUPP,SUPP,SUPP,SUPP,SUPP,SUPP,SUPP,SUPP,SUPP,SUPP,SUPP,SUPP,SUPP,SUPP,SUPP,SUPP,SUPP,SUPP,SUPP,SUPP,SUPP,SUPP,SUPP,SUPP,SUPP,SUPP,SUPP,SUPP,SUPP,SUPP,SUPP,SUPP,SUPP,SUPP,SUPP,SUPP,SUPP,SUPP,SUPP,SUPP,SUPP,SUPP,SUPP,SUPP,SUPP,SUPP,SUPP,SUPP,SUPP,SUPP,SUPP,SUPP,SUPP,SUPP,SUPP,SUPP,SUPP,SUPP,SUPP,SUPP,SUPP,SUPP,SUPP,SUPP,SUPP,SUPP,SUPP,SUPP,SUPP,SUPP,SUPP,SUPP,SUPP,SUPP,SUPP,SUPP,SUPP,SUPP,SUPP,SUPP,SUPP,SUPP,SUPP,SUPP,SUPP,SUPP,SUPP,SUPP,SUPP,SUPP,SUPP,SUPP,SUPP,SUPP,,,,,,,,,,,,,,,,SUPP,SUPP,SUPP,SUPP,SUPP,SUPP,SUPP,SUPP,SUPP,SUPP,SUPP,SUPP,SUPP,SUPP,SUPP,SUPP,SUPP,SUPP,SUPP,SUPP,SUPP,SUPP,SUPP,SUPP,SUPP,SUPP,SUPP,SUPP,SUPP,SUPP,SUPP,SUPP,SUPP,SUPP,SUPP,SUPP,SUPP,SUPP,SUPP,SUPP,SUPP,SUPP,SUPP,SUPP,SUPP,SUPP,SUPP,SUPP,SUPP,SUPP,SUPP,SUPP,SUPP,SUPP,SUPP,SUPP,SUPP,SUPP,SUPP,SUPP,SUPP,SUPP,SUPP,SUPP,SUPP,SUPP,SUPP,SUPP,SUPP,SUPP,SUPP,SUPP,SUPP,SUPP,SUPP,SUPP,SUPP,SUPP,,,,SUPP,SUPP,SUPP,SUPP,SUPP,SUPP,SUPP,SUPP,SUPP,SUPP,SUPP,SUPP,SUPP,SUPP,SUPP,,,,,,,SUPP,SUPP,SUPP,SUPP,SUPP,SUPP,SUPP,,SUPP,SUPP,,,SUPP,SUPP,SUPP,SUPP,SUPP,SUPP,SUPP,SUPP,SUPP,SUPP,SUPP,SUPP,SUPP,SUPP,SUPP,SUPP,SUPP,SUPP,SUPP,SUPP,SUPP,SUPP,SUPP,SUPP,SUPP,SUPP,,,,,SUPP,SUPP,SUPP,SUPP,SUPP,SUPP,,,,,SUPP,SUPP,SUPP,SUPP,SUPP,SUPP,SUPP,SUPP,SUPP,SUPP,,,SUPP,SUPP,SUPP,SUPP,SUPP,SUPP,SUPP,SUPP,,,SUPP,SUPP,SUPP,SUPP,SUPP
1,919,4101,136396,The Broxbourne School,,Badgers Walk,,,Broxbourne,EN10 7FU,01992411060,E14000606,Broxbourne,0,0,ACC,None,NSE,OTHER NON SEL,MIXED,0,0,1,11-18,1332,653,679,213,106,50%,107,50%,107.3,17,8%,110,54%,78,38%,22,10%,191,90%,15,7%,198,93%,0,0%,210,99%,4,2%,27,13%,23,11%,11181.5,52.5,2469.0,11.6,2238.0,10.5,3240.5,15.2,3234.0,15.2,3083.5,14.5,150.5,0.7,2.9,2.9,205,0,96%,-0.10,-0.30,0.09,-0.10,-0.30,0.09,0.19,-0.03,0.41,-0.06,-0.27,0.14,-0.17,-0.39,0.06,-0.27,-0.49,-0.05,84%,63%,1026.59,4.82,4.46,4.86,1.94,4.23,6.17,5.04,4.97,4.67,4.83,,,,5.1,3.8,5.32,142,67%,41%,28%,210,99%,211,99%,209,98%,200,94%,147,69%,89%,77%,85%,66%,78%,56%,72%,59%,67%,48%,201,96%,192,96%,140,95%,-0.30,-0.50,-0.10,-0.25,-0.50,0.01,-0.53,-0.86,-0.20,190,163,181,140,162,117,143,118,98,71,139,65%,209,98%,210,99%,205,98%,197,99%,147,100%,48.5,20,0,-0.26,-0.88,0.36,-0.26,-0.90,0.37,53.0,185,0,-0.09,-0.29,0.12,-0.09,-0.30,0.12,10.9,0.19,-0.52,0.91,9.5,-0.36,-1.01,0.29,14.7,-0.14,-0.85,0.58,13.4,-0.63,-1.35,0.08,11.7,0.19,-0.05,0.42,10.6,-0.03,-0.24,0.19,15.3,-0.17,-0.40,0.07,15.4,-0.23,-0.46,0.00,13.3,0.1,14.6,0.8,-1.8,-0.43,23.3,17,0,-0.38,-1.05,0.30,-0.38,-1.06,0.31,47.2,110,0,0.04,-0.23,0.30,0.04,-0.23,0.30,65.3,78,0,-0.24,-0.56,0.07,-0.24,-0.56,0.08,52.0,10.5,10.9,16.6,14.0,13.3,0.8,14,0,0.24,-0.51,0.98,0.24,-0.52,0.99,54.3,12.2,10.3,15.6,16.3,15.9,0.4,101,0,0.13,-0.14,0.41,0.13,-0.15,0.41,50.7,11.0,10.8,14.9,14.1,13.0,1.1,104,0,-0.34,-0.61,-0.06,-0.34,-0.61,-0.06,52.6,11.6,10.5,15.2,15.2,14.5,0.7,204,0,-0.10,-0.29,0.10,-0.10,-0.29,0.10,,,,,,,,,,,,,,,,56,202,-0.06,-0.26,0.13,44.4,31,-0.55,-1.05,-0.05,58.1,171,0.03,-0.19,0.24,5,29%,6%,0%,62,56%,32%,15%,69,88%,60%,50%,45%,69%,27%,27%,42%,28%,-0.36,-0.19,-0.45,-0.18,-0.31,-0.39,-0.12,-0.39,-0.25,-0.24,0.21,-0.01,-1.08,-0.31,-0.55,0.48,-0.84,-0.10,-0.53,0.40,-1.13,0.09,-0.46,-0.12,-0.77,0.55,-1.06,0.02,-0.51,0.67,-1.45,0.22,-0.47,0.01,-0.79,0.92,-1.53,-0.20,-0.89,1.80,-1.38,0.47,-0.50,-0.61,-1.54,,,,73%,49%,30%,58%,32%,24%,76%,50%,32%,68%,41%,28%,73%,60%,27%,,,,,,,48%,23%,7%,77%,54%,35%,77%,,77%,99%,,,81%,65%,77%,85%,4,24%,90,82%,78,100%,83%,85%,87%,84%,50%,65%,1,6%,58,53%,70,90%,61%,65%,73%,64%,,,,,55%,36%,85%,70%,7%,37%,,,,,31,15%,177,85%,8.7,6.3,8.4,9.6,8.1,8.8,,,8.3,8.9,8.4,5.9,8.0,9.5,8.0,8.5,,,7.7,8.6,1852.0,1.0,0%,Average
1,919,5408,137872,Bushey Meads School,,Coldharbour Lane,,,Bushey,WD23 4PA,02089503000,E14000745,Hertsmere,0,0,ACC,None,NSE,OTHER NON SEL,MIXED,0,0,1,11-18,1226,683,543,187,115,61%,72,39%,105.9,29,16%,90,50%,60,34%,26,14%,161,86%,39,21%,145,78%,3,2%,187,100%,17,9%,42,22%,25,13%,9490.8,50.8,1944.0,10.4,2068.0,11.1,2782.0,14.9,2696.8,14.4,2525.0,13.5,171.8,0.9,2.8,2.7,179,1,96%,-0.02,-0.23,0.19,-0.04,-0.25,0.17,-0.18,-0.42,0.06,0.44,0.22,0.65,-0.04,-0.28,0.20,-0.28,-0.52,-0.04,76%,60%,741.83,3.97,2.70,4.17,1.37,3.73,5.46,4.95,3.84,4.04,3.97,,,,4.32,3.03,4.61,14,7%,6%,5%,177,95%,183,98%,174,93%,61,33%,39,21%,83%,70%,79%,69%,74%,57%,85%,74%,92%,77%,167,96%,59,97%,36,92%,0.09,-0.13,0.31,0.31,-0.15,0.77,0.92,0.27,1.56,155,131,148,129,128,100,52,45,36,30,14,7%,177,95%,180,96%,174,100%,61,100%,39,100%,35.2,26,1,-0.86,-1.40,-0.31,-1.02,-1.58,-0.47,53.3,153,0,0.12,-0.10,0.35,0.12,-0.11,0.35,8.0,-0.86,-1.49,-0.23,7.3,-0.78,-1.35,-0.21,9.8,-1.10,-1.73,-0.47,10.1,-1.22,-1.85,-0.60,10.8,-0.06,-0.32,0.20,11.7,0.64,0.41,0.88,15.7,0.14,-0.12,0.40,15.1,-0.12,-0.38,0.14,9.2,1.0,14.2,0.9,-15.1,-1.03,20.2,29,0,-0.65,-1.16,-0.13,-0.65,-1.17,-0.12,48.7,90,0,0.06,-0.23,0.35,0.06,-0.23,0.36,67.5,60,1,0.16,-0.20,0.52,0.09,-0.28,0.45,62.0,11.6,14.3,18.9,17.2,16.7,0.5,34,0,0.43,-0.04,0.91,0.43,-0.05,0.92,49.9,10.9,10.2,14.1,14.8,14.2,0.6,69,0,0.08,-0.25,0.41,0.08,-0.26,0.42,51.3,10.1,11.6,15.4,14.2,13.1,1.1,110,1,-0.08,-0.35,0.18,-0.12,-0.39,0.15,50.8,10.4,11.1,14.9,14.4,13.5,0.9,179,1,-0.02,-0.23,0.19,-0.04,-0.25,0.17,,,,,,,,,,,,,,,,54.1,175,0.02,-0.19,0.23,38.7,32,-1.03,-1.52,-0.54,57.6,143,0.25,0.02,0.49,1,3%,0%,0%,5,6%,4%,3%,7,12%,12%,8%,8%,7%,8%,4%,6%,5%,-0.15,-0.13,0.50,-0.71,0.21,SUPP,0.84,-0.31,-0.05,0.37,SUPP,0.77,1.16,SUPP,0.98,-0.09,-1.32,0.45,-0.03,0.51,-0.81,0.18,-0.43,0.87,0.12,1.19,-1.30,0.86,-0.13,SUPP,SUPP,1.46,0.22,0.41,-1.03,SUPP,SUPP,1.64,0.31,SUPP,SUPP,1.74,-0.20,2.05,0.27,,,,9%,8%,7%,9%,7%,5%,6%,6%,4%,7%,6%,5%,8%,8%,8%,,,,,,,3%,0%,0%,10%,10%,8%,72%,,78%,97%,,,81%,66%,50%,81%,4,14%,73,81%,59,98%,79%,72%,92%,76%,23%,66%,1,3%,48,53%,56,93%,61%,58%,85%,60%,,,,,64%,46%,85%,71%,1%,93%,,,,,33,18%,147,82%,8.4,6.1,8.9,8.8,7.4,8.6,,,7,8.7,8.2,5.9,8.7,8.8,7.2,8.4,,,6.9,8.5,1597.0,0.0,0%,Average
1,919,5419,147246,Chancellor's School,,Pine Grove,Brookmans Park,,Hatfield,AL9 7BN,01707650702,E14001027,Welwyn Hatfield,0,0,ACC,None,NSE,OTHER NON SEL,MIXED,0,0,1,11-18,1218,692,526,173,100,58%,73,42%,106.3,21,13%,95,57%,52,31%,17,10%,156,90%,32,18%,139,80%,2,1%,173,100%,3,2%,19,11%,16,9%,9336.8,54.0,1954.0,11.3,1842.0,10.6,2786.5,16.1,2754.3,15.9,2583.5,14.9,170.8,1.0,2.9,2.9,168,1,97%,0.34,0.13,0.56,0.34,0.13,0.56,0.30,0.05,0.55,0.30,0.08,0.53,0.48,0.23,0.72,0.26,0.02,0.51,80%,59%,876.86,5.07,3.61,5.23,2.70,4.69,6.93,5.25,5.30,4.90,5.07,,,,5.27,3.75,5.43,135,78%,53%,38%,169,98%,172,99%,170,98%,147,85%,143,83%,87%,73%,84%,61%,80%,61%,78%,67%,73%,57%,166,98%,144,98%,140,98%,0.30,0.07,0.52,0.58,0.29,0.88,0.25,-0.08,0.57,150,126,145,106,136,103,115,99,105,82,133,77%,169,98%,172,99%,169,99%,146,99%,142,99%,40.1,15,1,-0.31,-1.02,0.41,-0.32,-1.05,0.41,55.5,153,0,0.41,0.18,0.63,0.41,0.18,0.64,9.3,0.05,-0.78,0.87,8.2,-0.10,-0.85,0.65,10.9,-0.54,-1.37,0.28,11.7,-0.49,-1.31,0.33,11.5,0.33,0.07,0.59,10.9,0.34,0.11,0.58,16.7,0.58,0.32,0.83,16.4,0.34,0.08,0.59,10.1,1.6,15.5,0.9,-10.2,-0.48,31.7,21,0,0.35,-0.26,0.95,0.35,-0.27,0.96,50.8,95,1,0.31,0.03,0.60,0.31,0.02,0.60,70.8,52,0,0.40,0.02,0.79,0.40,0.01,0.79,54.0,11.0,10.9,16.6,15.5,14.9,0.5,32,1,0.18,-0.31,0.67,0.17,-0.33,0.67,57.1,12.4,10.5,16.6,17.5,16.4,1.2,70,0,0.63,0.30,0.96,0.63,0.29,0.97,51.7,10.5,10.7,15.7,14.8,13.9,0.9,98,1,0.14,-0.14,0.42,0.14,-0.15,0.42,54.0,11.3,10.6,16.1,15.9,14.9,1.0,168,1,0.34,0.13,0.56,0.34,0.13,0.56,,,,,,,,,,,,,,,,56.1,180,0.23,0.03,0.44,41.4,16,-0.83,-1.52,-0.14,57.6,164,0.34,0.12,0.55,10,48%,10%,0%,73,77%,45%,24%,50,96%,90%,81%,65%,79%,29%,12%,56%,40%,0.39,0.21,0.43,-0.32,0.35,0.36,0.60,0.62,-0.09,0.64,-0.32,0.16,0.50,-0.93,0.34,0.45,-1.08,0.59,0.12,1.03,-0.25,0.50,-0.09,0.82,0.03,0.93,-1.10,0.95,0.34,1.30,-0.59,1.00,0.20,1.11,0.13,0.30,-2.16,0.68,0.00,0.91,-1.55,0.59,-0.27,1.05,-0.05,,,,79%,61%,42%,75%,48%,38%,82%,60%,37%,78%,53%,38%,91%,66%,50%,,,,,,,61%,33%,17%,80%,64%,45%,76%,,81%,100%,,,83%,60%,59%,83%,5,24%,82,86%,50,96%,75%,88%,72%,80%,29%,62%,1,5%,51,54%,49,94%,56%,63%,66%,59%,,,,,61%,22%,85%,64%,7%,35%,,,,,18,10%,168,90%,8.5,7.6,8.3,9.5,7.6,8.6,,,7.7,8.5,8.1,6.9,7.8,9.3,7.1,8.2,,,7.2,8.2,1472.0,4.0,0%,Above average
1,919,4498,137090,The Chauncy School,,Park Road,,,Ware,SG12 0DP,01920411200,E14000744,Hertford and Stortford,0,0,ACC,None,NSE,OTHER NON SEL,MIXED,0,0,1,11-18,1365,721,644,206,113,55%,93,45%,103.9,50,25%,110,55%,40,20%,37,18%,169,82%,10,5%,196,95%,0,0%,204,99%,9,4%,37,18%,28,14%,10628.3,51.6,2201.0,10.7,2098.0,10.2,3089.0,15.0,3240.3,15.7,2565.0,12.5,675.3,3.3,2.9,2.9,200,2,97%,0.54,0.34,0.73,0.53,0.33,0.73,0.39,0.16,0.61,0.55,0.34,0.75,0.57,0.35,0.80,0.59,0.36,0.81,78%,55%,927.65,4.50,3.83,4.65,2.62,4.62,6.33,6.05,4.69,4.35,4.50,,,,4.25,3.07,4.45,69,33%,29%,20%,200,97%,204,99%,205,100%,194,94%,69,33%,83%,69%,82%,64%,75%,60%,75%,65%,91%,78%,199,97%,188,97%,66,96%,0.45,0.24,0.65,0.72,0.47,0.98,0.78,0.30,1.26,171,142,169,131,154,124,145,127,63,54,69,33%,200,97%,202,98%,200,98%,192,99%,69,100%,44.7,36,1,0.14,-0.32,0.60,0.13,-0.34,0.60,53.1,164,1,0.63,0.41,0.84,0.62,0.40,0.84,9.4,-0.02,-0.55,0.52,9.0,0.28,-0.21,0.76,13.1,0.25,-0.29,0.78,13.3,0.01,-0.52,0.54,11.0,0.48,0.23,0.73,10.4,0.60,0.38,0.83,15.4,0.65,0.39,0.90,16.3,0.71,0.46,0.96,10.9,2.4,12.8,3.5,-5.6,-0.03,32.6,50,0,0.39,0.00,0.79,0.39,0.00,0.79,53.1,110,2,0.62,0.35,0.88,0.61,0.34,0.88,69.4,40,0,0.51,0.07,0.94,0.51,0.06,0.95,62.0,12.2,13.0,19.3,17.5,13.1,4.4,7,0,2.01,0.96,3.05,2.01,0.94,3.07,55.3,11.7,10.3,15.6,17.6,14.4,3.2,92,1,0.77,0.48,1.06,0.77,0.47,1.06,48.6,9.9,10.1,14.5,14.2,10.8,3.3,108,1,0.34,0.07,0.61,0.34,0.06,0.61,51.5,10.7,10.2,15.0,15.7,12.4,3.3,200,2,0.54,0.34,0.73,0.53,0.33,0.73,,,,,,,,,,,,,,,,49.9,168,0.39,0.17,0.6,39,24,-0.19,-0.75,0.37,51.8,144,0.48,0.25,0.71,6,12%,4%,0%,37,34%,29%,18%,23,58%,55%,48%,22%,36%,16%,11%,31%,22%,0.25,0.61,0.26,0.21,0.50,0.53,0.90,0.46,0.78,0.71,0.48,0.88,0.70,0.22,0.86,0.69,-0.27,0.73,0.28,0.66,-0.16,0.88,0.33,0.71,-0.20,1.43,0.12,0.99,0.43,1.06,0.00,1.24,0.56,1.03,-0.10,1.60,-1.15,1.37,0.35,2.07,-1.11,1.52,0.24,1.51,-0.11,,,,30%,24%,17%,35%,30%,19%,31%,27%,22%,34%,29%,20%,80%,70%,60%,,,,,,,13%,4%,0%,32%,27%,20%,74%,,72%,99%,,,75%,53%,65%,81%,20,40%,97,88%,38,95%,76%,81%,90%,78%,43%,57%,5,10%,68,62%,35,88%,52%,58%,80%,54%,,,,,54%,38%,78%,56%,0%,30%,,,,,24,14%,145,86%,8.3,7.4,8.3,9.4,7.5,8.5,,,8,9.2,7.5,6.4,7.4,9.0,6.8,7.7,,,6.9,8.3,1723.0,1.0,0%,Well above average
2,919,7013,117672,The Collett School,,Lockers Park Lane,,,Hemel Hempstead,HP1 1TQ,01442398988,E14000739,Hemel Hempstead,0,0,CYS,Does not apply,NA,NA,MIXED,0,1,0,4-16,130,89,41,15,11,73%,4,27%,76.3,12,100%,0,0%,0,0%,8,53%,7,47%,0,0%,15,100%,0,0%,15,100%,,,,,,,NE,NE,NE,NE,NE,NE,NE,NE,NE,NE,NE,NE,NE,NE,NE,NE,NE,NE,NE,NE,NE,NE,NE,NE,NE,NE,NE,NE,NE,NE,NE,NE,NE,NE,NE,NE,NE,NE,NE,NE,NE,NE,NE,NE,NE,NE,NE,SUPP,SUPP,NE,,,,NE,NE,NE,NE,NE,NE,NE,NE,NE,NE,NE,NE,NE,NE,NE,NE,NE,NE,NE,NE,NE,NE,NE,NE,NE,NE,NE,NE,NE,NE,NE,NE,NE,NE,NE,NE,NE,NE,NE,NE,NE,NE,NE,NE,NE,NE,NE,NE,NE,NE,NE,NE,NE,NE,NE,NE,NE,NE,NE,NE,NE,NE,NE,NE,NE,NE,NE,NE,NE,NE,NE,NE,NE,NE,SUPP,SUPP,SUPP,SUPP,SUPP,SUPP,SUPP,SUPP,NE,NE,NE,NE,NE,NE,NE,NE,NE,NE,NE,NE,NE,NE,NE,NE,NE,SUPP,SUPP,SUPP,NE,SUPP,SUPP,SUPP,NE,SUPP,SUPP,SUPP,NE,SUPP,SUPP,SUPP,NE,NE,NE,NE,NE,SUPP,NE,NE,NE,NE,NE,NE,NE,NE,NE,NE,NE,NE,NE,NE,NE,NE,NE,NE,NE,NE,NE,NE,NE,NE,NE,NE,NE,NE,NE,NE,NE,NE,NE,NE,NE,NE,NE,NE,NE,NE,NE,NE,SUPP,SUPP,SUPP,SUPP,SUPP,SUPP,SUPP,SUPP,SUPP,SUPP,SUPP,SUPP,SUPP,SUPP,SUPP,SUPP,SUPP,SUPP,SUPP,SUPP,SUPP,SUPP,SUPP,SUPP,SUPP,SUPP,SUPP,SUPP,SUPP,SUPP,NE,NE,NE,NE,NE,NE,NE,NE,NE,NE,NE,NE,NE,NE,NE,,,,,,,,,,,,,,,,NE,NE,NE,NE,NE,NE,NE,NE,NE,NE,NE,NE,NE,NE,NE,NE,NE,NE,NE,NE,NE,NE,NE,NE,NE,NE,NE,NE,NE,NE,NE,NE,NE,NE,NE,NE,NE,NE,NE,NE,NE,NE,NE,NE,NE,NE,NE,NE,NE,NE,NE,NE,NE,NE,NE,NE,NE,NE,NE,NE,NE,NE,NE,NE,NE,NE,NE,NE,NE,NE,NE,NE,NE,NE,NE,NE,NE,NE,,,,NE,NE,NE,SUPP,SUPP,SUPP,SUPP,SUPP,SUPP,NE,NE,NE,NE,NE,NE,,,,,,,NE,NE,NE,NE,NE,NE,NE,,NE,NE,,,NE,NE,NE,NE,NE,NE,NE,NE,NE,NE,SUPP,SUPP,NE,NE,NE,NE,NE,NE,NE,NE,NE,NE,SUPP,SUPP,NE,NE,,,,,NE,NE,NE,NE,NE,NE,,,,,6,46%,7,54%,NE,NE,NE,NE,NE,NE,,,NE,NE,NE,NE,NE,NE,NE,NE,,,NE,NE,NE,NE,NE
1,919,4025,144402,Croxley Danes School,,Baldwins Lane,Croxley Green,,Rickmansworth,WD3 3LR,01923284483,E14000951,South West Hertfordshire,0,0,F,None,NR,OTHER NON SEL,MIXED,0,0,0,11-18,993,480,513,178,85,48%,93,52%,105.6,27,16%,100,57%,47,27%,26,15%,152,85%,38,21%,140,79%,0,0%,175,98%,3,2%,27,15%,24,13%,9366.0,52.6,1990.0,11.2,1812.0,10.2,2855.5,16.0,2708.5,15.2,2700.0,15.2,8.5,0.0,2.9,2.9,174,1,98%,0.35,0.14,0.56,0.34,0.13,0.56,0.35,0.11,0.60,0.21,-0.01,0.44,0.60,0.36,0.85,0.16,-0.08,0.40,79%,60%,863.71,4.85,3.67,5.05,2.64,4.69,6.51,5.26,4.99,4.70,4.88,,,,5.14,3.71,5.3,104,58%,41%,29%,172,97%,175,98%,174,98%,160,90%,109,61%,85%,74%,82%,63%,79%,66%,79%,61%,74%,61%,170,98%,156,98%,108,99%,0.63,0.41,0.85,0.23,-0.05,0.51,0.26,-0.12,0.63,152,132,146,113,138,114,126,98,81,67,103,58%,172,97%,174,98%,173,99%,158,99%,109,100%,42.1,26,0,-0.21,-0.75,0.33,-0.21,-0.76,0.34,54.4,148,1,0.45,0.22,0.67,0.44,0.21,0.67,10.1,0.24,-0.39,0.87,7.8,-0.39,-0.97,0.18,11.7,-0.29,-0.91,0.34,12.5,-0.31,-0.94,0.31,11.4,0.37,0.11,0.64,10.6,0.32,0.08,0.56,16.8,0.76,0.50,1.02,15.7,0.24,-0.02,0.50,12.5,0.0,15.6,0.1,-8.2,-0.38,31.3,27,0,0.18,-0.36,0.71,0.18,-0.37,0.72,51.8,100,1,0.45,0.17,0.73,0.44,0.16,0.72,67.1,47,0,0.23,-0.18,0.63,0.23,-0.18,0.64,55.8,11.6,10.9,17.7,15.6,15.6,0.0,37,0,0.98,0.53,1.44,0.98,0.52,1.45,53.8,11.6,10.0,16.3,15.8,15.8,0.0,92,0,0.40,0.11,0.69,0.40,0.10,0.69,51.4,10.7,10.3,15.8,14.5,14.4,0.1,82,1,0.29,-0.01,0.60,0.28,-0.03,0.59,52.9,11.3,10.2,16.1,15.3,15.3,0.0,172,1,0.37,0.16,0.58,0.36,0.15,0.58,,,,,,,,,,,,,,,,56.9,115,0.43,0.17,0.68,42.2,12,-0.26,-1.05,0.54,58.6,103,0.51,0.23,0.78,8,30%,7%,4%,52,52%,34%,20%,43,91%,77%,62%,42%,61%,19%,4%,45%,33%,0.32,0.70,0.65,-0.12,0.76,0.66,0.33,-0.10,-0.67,0.37,0.01,0.74,-0.29,0.22,0.26,0.45,-0.70,1.00,0.52,0.89,-0.26,0.99,0.41,1.07,0.23,0.10,-1.44,0.67,0.07,1.54,-0.22,0.69,-0.04,0.41,-0.62,1.39,-0.95,0.66,-0.13,1.18,-1.16,1.27,0.21,0.30,-0.88,,,,56%,46%,31%,51%,36%,24%,66%,45%,33%,59%,42%,29%,63%,55%,34%,,,,,,,58%,8%,8%,56%,51%,34%,76%,,79%,99%,,,82%,60%,69%,81%,10,37%,81,81%,47,100%,78%,81%,87%,80%,23%,66%,3,11%,59,59%,43,91%,59%,61%,61%,61%,,,,,58%,25%,84%,64%,6%,22%,,,,,12,10%,107,90%,8.1,7.1,8.1,8.4,7.6,8.1,,,7.9,8.1,8.0,7.1,8.1,8.4,7.6,8.1,,,7.9,8.1,1433.0,1.0,0%,Above average
1,919,5407,136554,Dame Alice Owen's School,,Dugdale Hill Lane,,,Potters Bar,EN6 2DU,01707643441,E14000745,Hertsmere,0,0,ACC,None,NSE,OTHER NON SEL,MIXED,0,0,1,11-18,1449,720,729,195,96,49%,99,51%,112.5,2,1%,43,24%,134,75%,11,6%,184,94%,15,8%,180,92%,0,0%,193,99%,4,2%,31,16%,27,14%,13925.5,71.4,2742.0,14.1,2772.0,14.2,4278.5,21.9,4133.0,21.2,4090.5,21.0,42.5,0.2,2.9,2.9,179,1,92%,0.64,0.43,0.84,0.63,0.42,0.84,0.41,0.17,0.65,0.55,0.33,0.77,0.82,0.58,1.06,0.65,0.42,0.89,96%,90%,1326.98,6.81,5.11,6.91,SUPP,4.91,7.55,7.57,6.86,6.74,6.81,,,,7.31,5.19,7.54,160,82%,73%,66%,189,97%,195,100%,192,98%,170,87%,177,91%,96%,94%,96%,91%,98%,94%,96%,92%,89%,81%,176,92%,160,94%,165,93%,0.92,0.70,1.13,0.72,0.44,1.00,0.30,0.00,0.61,188,183,187,177,189,181,163,157,158,144,158,81%,189,97%,195,100%,192,100%,169,99%,174,98%,54.3,10,0,-0.33,-1.21,0.54,-0.33,-1.23,0.56,72.4,169,1,0.69,0.48,0.91,0.69,0.47,0.91,10.8,-0.56,-1.57,0.46,10.9,-0.18,-1.10,0.75,17.0,-0.12,-1.13,0.89,15.5,-0.50,-1.51,0.50,14.3,0.47,0.22,0.71,14.4,0.59,0.37,0.81,22.2,0.88,0.63,1.12,21.5,0.72,0.48,0.97,15.5,0.0,21.3,0.2,4.0,-0.50,SUPP,SUPP,SUPP,SUPP,SUPP,SUPP,SUPP,SUPP,SUPP,53.5,43,1,0.59,0.17,1.01,0.59,0.16,1.02,78.1,134,0,0.68,0.44,0.92,0.68,0.43,0.92,77.7,14.9,16.0,24.0,22.8,22.8,0.0,14,0,0.75,0.01,1.49,0.75,0.00,1.50,72.7,14.6,14.2,22.0,21.9,21.8,0.2,91,1,0.63,0.34,0.92,0.63,0.33,0.92,70.1,13.5,14.3,21.9,20.4,20.2,0.3,88,0,0.64,0.35,0.94,0.64,0.34,0.94,71.4,14.1,14.2,21.9,21.2,21.0,0.2,177,1,0.63,0.42,0.84,0.63,0.42,0.84,,,,,,,,,,,,,,,,75.8,183,0.74,0.53,0.94,56.6,20,0,-0.62,0.62,77.9,163,0.83,0.61,1.04,SUPP,SUPP,SUPP,SUPP,29,67%,37%,28%,122,91%,89%,82%,64%,83%,55%,36%,74%,68%,SUPP,1.23,0.83,0.08,0.96,SUPP,0.82,0.72,0.06,0.75,SUPP,0.03,0.38,-0.80,0.35,0.99,-0.83,1.19,0.74,SUPP,SUPP,1.68,0.78,1.08,0.58,1.31,-1.18,1.04,0.47,SUPP,SUPP,1.44,0.21,1.03,0.40,0.67,-2.27,0.66,0.04,SUPP,SUPP,0.69,-0.62,0.72,0.03,,,,83%,77%,72%,88%,74%,65%,77%,73%,68%,82%,73%,66%,87%,80%,80%,,,,,,,65%,50%,30%,85%,80%,76%,95%,,95%,100%,,,95%,90%,91%,96%,SUPP,SUPP,38,88%,134,100%,96%,96%,100%,96%,55%,92%,SUPP,SUPP,27,63%,134,100%,91%,89%,93%,90%,,,,,75%,60%,97%,93%,9%,69%,,,,,20,10%,182,90%,9.3,SUPP,8.0,9.7,8.2,9.3,,,8.3,9.6,9.2,SUPP,8.0,9.7,8.2,9.3,,,8.3,9.6,1804.0,5.0,0%,Well above average
1,919,6062,117623,Egerton-Rothesay School,,Durrants Lane,,,Berkhamsted,HP4 3UJ,01442865275,E14000951,South West Hertfordshire,0,0,IND,Christian,,NA,MIXED,0,0,1,6-19,158,112,46,21,19,90%,2,10%,NP,NP,NP,NP,NP,NP,NP,NP,NP,NP,NP,NP,NP,NP,NP,NP,NP,NP,NP,NA,NA,NA,NA,NA,NA,369.3,17.6,61.0,2.9,104.0,5.0,120.0,5.7,84.3,4.0,67.0,3.2,17.3,0.8,1.1,1.1,NP,NP,NP,NP,NP,NP,NP,NP,NP,NP,NP,NP,NP,NP,NP,NP,NP,NP,NP,NP,NP,14%,14%,28.68,1.37,NP,NP,NP,NP,NP,NP,SUPP,SUPP,NP,,,,1.07,NP,NP,0,0%,0%,0%,0,0%,15,71%,4,19%,7,33%,8,38%,0%,0%,24%,19%,SUPP,SUPP,43%,14%,88%,63%,NP,NP,NP,NP,NP,NP,NP,NP,NP,NP,NP,NP,NP,NP,NP,0,0,5,4,SUPP,SUPP,3,1,7,5,0,0%,0,0%,15,71%,SUPP,SUPP,7,100%,8,100%,NP,NP,NP,NP,NP,NP,NP,NP,NP,NP,NP,NP,NP,NP,NP,NP,NP,NP,NP,NP,NP,NP,NP,NP,NP,NP,NP,NP,NP,NP,NP,NP,NP,NP,NP,NP,NP,NP,NP,NP,NP,NP,NP,NP,NP,NP,NP,NP,NP,NP,NP,NP,NP,NP,NP,NP,NP,NP,NP,NP,NP,NP,NP,NP,NP,NP,NP,NP,NP,NP,NP,NP,NP,NP,NP,NP,NP,NP,NP,NP,NP,NP,NP,NP,NP,NP,NP,NP,NP,NP,NP,NP,NP,NP,NP,NP,NP,NP,SUPP,SUPP,SUPP,SUPP,SUPP,SUPP,SUPP,NP,NP,NP,NP,NP,NP,NP,NP,SUPP,SUPP,SUPP,SUPP,SUPP,SUPP,SUPP,NP,NP,NP,NP,NP,NP,NP,NP,NP,NP,NP,NP,NP,NP,NP,NP,NP,NP,NP,NP,NP,NP,NP,,,,,,,,,,,,,,,,17.3,NP,NP,NP,NP,NP,NP,NP,NP,NP,NP,NP,NP,NP,NP,NP,NP,NP,NP,NP,NP,NP,NP,NP,NP,NP,NP,NP,NP,NP,NP,NP,NP,NP,NP,NP,NP,NP,NP,NP,NP,NP,NP,NP,NP,NP,NP,NP,NP,NP,NP,NP,NP,NP,NP,NP,NP,NP,NP,NP,NP,NP,NP,NP,NP,NP,NP,NP,NP,NP,NP,NP,NP,NP,NP,NP,NP,NP,,,,0%,0%,0%,SUPP,SUPP,SUPP,SUPP,SUPP,SUPP,NP,NP,NP,NP,NP,NP,,,,,,,NP,NP,NP,NP,NP,NP,10%,,14%,86%,,,31%,14%,NP,NP,NP,NP,NP,NP,NP,NP,SUPP,SUPP,NP,NP,NP,NP,NP,NP,NP,NP,NP,NP,SUPP,SUPP,NP,NP,,,,,NP,NP,NP,NP,0%,0%,,,,,NP,NP,NP,NP,3.5,NP,NP,NP,NP,NP,,,NP,NP,3.2,NP,NP,NP,NP,NP,,,NP,NP,75.0,0.0,0%
1,919,4004,139416,Elstree Screen Arts Academy,,Studio Way,Elstree,,Borehamwood,WD6 5NN,02083866220,E14000745,Hertsmere,0,0,UTC,Does not apply,NSE,OTHER NON SEL,MIXED,0,0,1,14-19,474,151,323,86,29,34%,57,66%,102.5,22,29%,43,57%,10,13%,23,27%,63,73%,6,7%,80,93%,0,0%,81,94%,3,3%,34,40%,31,36%,3188.3,37.1,811.0,9.4,634.0,7.4,647.0,7.5,1096.3,12.7,854.0,9.9,242.3,2.8,2.0,2.8,75,0,87%,-0.68,-1.00,-0.36,-0.68,-1.01,-0.36,-0.01,-0.38,0.36,-0.60,-0.93,-0.26,-1.65,-2.02,-1.28,-0.23,-0.60,0.14,55%,20%,227.67,2.65,2.13,2.84,1.80,2.83,3.53,2.83,2.73,2.49,2.66,,,,2.76,2.4,2.9,0,0%,0%,0%,85,99%,86,100%,85,99%,0,0%,0,0%,74%,57%,63%,22%,47%,22%,NE,NE,NE,NE,74,87%,,NE,,NE,-0.54,-0.88,-0.21,NE,NE,NE,NE,NE,NE,64,49,54,19,40,19,NE,NE,NE,NE,0,0%,84,98%,86,100%,85,100%,NE,NE,NE,NE,29.6,22,0,-0.79,-1.38,-0.20,-0.79,-1.39,-0.19,39.8,53,0,-0.64,-1.02,-0.26,-0.64,-1.03,-0.25,7.7,-0.34,-1.03,0.34,6.3,-0.43,-1.05,0.19,6.0,-1.49,-2.17,-0.80,9.7,-0.63,-1.31,0.05,10.1,0.13,-0.31,0.57,7.8,-0.67,-1.07,-0.27,8.1,-1.71,-2.15,-1.27,13.9,-0.07,-0.50,0.37,8.0,1.7,10.6,3.2,-20.7,-0.96,27.2,22,0,0.03,-0.56,0.62,0.03,-0.57,0.64,39.0,43,0,-0.81,-1.23,-0.39,-0.81,-1.24,-0.38,47.0,10,0,-1.72,-2.60,-0.85,-1.72,-2.62,-0.83,37.6,9.0,7.7,8.7,12.3,10.0,2.3,SUPP,SUPP,SUPP,SUPP,SUPP,SUPP,SUPP,SUPP,38.3,9.8,7.4,7.8,13.2,9.9,3.3,51,0,-0.70,-1.09,-0.32,-0.70,-1.10,-0.31,34.7,8.8,7.2,6.9,11.8,10.0,1.8,24,0,-0.64,-1.21,-0.08,-0.64,-1.22,-0.07,37.4,9.4,7.5,7.6,12.9,10.0,2.9,72,0,-0.70,-1.03,-0.38,-0.70,-1.04,-0.37,,,,,,,,,,,,,,,,39.7,87,-0.74,-1.04,-0.45,34.4,25,-1,-1.55,-0.45,41.7,62,-0.64,-0.99,-0.29,0,0%,0%,0%,0,0%,0%,0%,0,0%,0%,0%,0%,0%,0%,0%,0%,0%,-0.10,-0.60,-1.23,-0.63,-0.51,NE,NE,NE,NE,NE,NE,NE,NE,NE,NE,0.00,-1.25,-0.12,-0.91,0.52,-0.73,-0.16,-1.04,-0.32,-2.14,NE,NE,NE,NE,NE,NE,NE,NE,NE,NE,NE,NE,NE,NE,NE,NE,NE,NE,NE,NE,,,,0%,0%,0%,0%,0%,0%,0%,0%,0%,0%,0%,0%,0%,0%,0%,,,,,,,0%,0%,0%,0%,0%,0%,45%,,57%,100%,,,63%,32%,30%,63%,3,14%,25,58%,10,100%,55%,54%,83%,56%,4%,25%,0,0%,9,21%,5,50%,17%,21%,0%,21%,,,,,50%,19%,67%,37%,0%,0%,,,,,26,27%,70,73%,7.1,7.1,7.0,7.2,6.9,7.2,,,5.8,6.7,6.1,6.0,6.0,6.2,6.1,6.1,,,5.1,5.6,639.0,1.0,0%,SUPP
2,919,6009,145962,Elysium Healthcare Potters Bar Clinic School,,Barnet Road,Potters Bar,Hertfordshire,Potters Bar,EN6 2SE,01707858585,E14000745,Hertsmere,0,0,INDSS,None,,NA,MIXED,0,0,0,11-19,13,,13,2,SUPP,SUPP,SUPP,SUPP,NP,NP,NP,NP,NP,NP,NP,NP,NP,NP,NP,NP,NP,NP,NP,NP,NP,NP,NP,,,,,,,SUPP,SUPP,SUPP,SUPP,SUPP,SUPP,SUPP,SUPP,SUPP,SUPP,SUPP,SUPP,SUPP,SUPP,SUPP,SUPP,NP,NP,NP,NP,NP,NP,NP,NP,NP,NP,NP,NP,NP,NP,NP,NP,NP,NP,NP,NP,NP,SUPP,SUPP,SUPP,SUPP,NP,NP,NP,NP,NP,NP,SUPP,SUPP,NP,,,,SUPP,NP,NP,SUPP,SUPP,SUPP,SUPP,SUPP,SUPP,SUPP,SUPP,SUPP,SUPP,SUPP,SUPP,SUPP,SUPP,SUPP,SUPP,SUPP,SUPP,SUPP,SUPP,SUPP,SUPP,SUPP,SUPP,NP,NP,NP,NP,NP,NP,NP,NP,NP,NP,NP,NP,NP,NP,NP,SUPP,SUPP,SUPP,SUPP,SUPP,SUPP,SUPP,SUPP,SUPP,SUPP,SUPP,SUPP,SUPP,SUPP,SUPP,SUPP,SUPP,SUPP,SUPP,SUPP,SUPP,SUPP,NP,NP,NP,NP,NP,NP,NP,NP,NP,NP,NP,NP,NP,NP,NP,NP,NP,NP,NP,NP,NP,NP,NP,NP,NP,NP,NP,NP,NP,NP,NP,NP,NP,NP,NP,NP,NP,NP,NP,NP,NP,NP,NP,NP,NP,NP,NP,NP,NP,NP,NP,NP,NP,NP,NP,NP,NP,NP,NP,NP,NP,NP,NP,NP,NP,NP,NP,NP,NP,NP,NP,NP,NP,NP,NP,NP,NP,NP,NP,NP,NP,NP,NP,NP,NP,NP,NP,NP,NP,NP,NP,NP,NP,NP,NP,NP,NP,NP,SUPP,SUPP,SUPP,SUPP,SUPP,SUPP,SUPP,NP,NP,NP,NP,NP,NP,NP,NP,SUPP,SUPP,SUPP,SUPP,SUPP,SUPP,SUPP,NP,NP,NP,NP,NP,NP,NP,NP,NP,NP,NP,NP,NP,NP,NP,NP,NP,NP,NP,NP,NP,NP,NP,,,,,,,,,,,,,,,,SUPP,NP,NP,NP,NP,NP,NP,NP,NP,NP,NP,NP,NP,NP,NP,NP,NP,NP,NP,NP,NP,NP,NP,NP,NP,NP,NP,NP,NP,NP,NP,NP,NP,NP,NP,NP,NP,NP,NP,NP,NP,NP,NP,NP,NP,NP,NP,NP,NP,NP,NP,NP,NP,NP,NP,NP,NP,NP,NP,NP,NP,NP,NP,NP,NP,NP,NP,NP,NP,NP,NP,NP,NP,NP,NP,NP,NP,NP,,,,SUPP,SUPP,SUPP,SUPP,SUPP,SUPP,SUPP,SUPP,SUPP,NP,NP,NP,NP,NP,NP,,,,,,,NP,NP,NP,NP,NP,NP,SUPP,,SUPP,SUPP,,,SUPP,SUPP,NP,NP,NP,NP,NP,NP,NP,NP,SUPP,SUPP,NP,NP,NP,NP,NP,NP,NP,NP,NP,NP,SUPP,SUPP,NP,NP,,,,,NP,NP,NP,NP,SUPP,SUPP,,,,,NP,NP,NP,NP,SUPP,NP,NP,NP,NP,NP,,,NP,NP,SUPP,NP,NP,NP,NP,NP,,,NP,NP,SUPP,SUPP,SUPP
2,919,7033,117686,Falconer School,,Falconer Road,,,Bushey,WD23 3AT,02089502505,E14000745,Hertsmere,0,0,CYS,Does not apply,NA,NA,BOYS,0,0,0,11-16,87,87,,14,14,100%,,0%,92.7,8,80%,1,10%,1,10%,8,57%,6,43%,0,0%,14,100%,0,0%,11,79%,,,,,,,70.3,5.0,0.0,0.0,16.0,1.1,29.0,2.1,25.3,1.8,13.0,0.9,12.3,0.9,1.1,0.6,10,0,71%,-2.25,-3.13,-1.37,-2.25,-3.14,-1.36,-3.24,-4.25,-2.22,-1.83,-2.75,-0.91,-1.74,-2.76,-0.73,-2.38,-3.39,-1.38,0%,0%,5.83,0.42,0.29,0.58,0.25,SUPP,SUPP,NE,NE,0.42,0.50,,,,0.74,SUPP,SUPP,0,0%,0%,0%,0,0%,5,36%,6,43%,4,29%,0,0%,0%,0%,7%,0%,17%,17%,SUPP,SUPP,NE,NE,5,SUPP,3,SUPP,,NE,SUPP,SUPP,SUPP,SUPP,SUPP,SUPP,NE,NE,NE,0,0,1,0,1,1,SUPP,SUPP,NE,NE,0,0%,0,0%,5,36%,6,100%,SUPP,SUPP,NE,NE,3.4,6,0,-2.37,-3.50,-1.23,-2.37,-3.52,-1.21,7.2,SUPP,SUPP,SUPP,SUPP,SUPP,SUPP,SUPP,SUPP,0.0,-3.04,-4.35,-1.73,0.8,-1.96,-3.16,-0.77,1.5,-1.90,-3.21,-0.59,1.2,-2.65,-3.95,-1.35,0.0,SUPP,SUPP,SUPP,1.7,SUPP,SUPP,SUPP,2.8,SUPP,SUPP,SUPP,2.7,SUPP,SUPP,SUPP,0.5,0.7,1.5,1.2,-46.9,SUPP,2.4,8,0,-1.95,-2.93,-0.97,-1.95,-2.95,-0.95,SUPP,SUPP,SUPP,SUPP,SUPP,SUPP,SUPP,SUPP,SUPP,SUPP,SUPP,SUPP,SUPP,SUPP,SUPP,SUPP,SUPP,SUPP,NE,NE,NE,NE,NE,NE,NE,NE,NE,NE,NE,NE,NE,NE,NE,NE,NE,NE,NE,NE,NE,NE,NE,NE,NE,NE,NE,NE,NE,NE,5.0,0.0,1.1,2.1,1.8,0.9,0.9,10,0,-2.25,-3.13,-1.37,-2.25,-3.14,-1.36,6.2,0.0,1.5,2.5,2.3,1.2,1.1,7,0,-2.42,-3.46,-1.37,-2.42,-3.48,-1.35,,,,,,,,,,,,,,,,8,17,-2.55,-3.22,-1.88,SUPP,SUPP,SUPP,SUPP,SUPP,SUPP,SUPP,SUPP,SUPP,SUPP,0,0%,0%,0%,SUPP,SUPP,SUPP,SUPP,SUPP,SUPP,SUPP,SUPP,0%,0%,0%,0%,0%,0%,SUPP,SUPP,SUPP,SUPP,SUPP,SUPP,SUPP,SUPP,NE,SUPP,NE,SUPP,SUPP,NE,NE,SUPP,SUPP,SUPP,SUPP,SUPP,SUPP,SUPP,SUPP,SUPP,SUPP,NE,NE,SUPP,SUPP,SUPP,SUPP,SUPP,SUPP,SUPP,SUPP,NE,NE,NE,NE,NE,NE,SUPP,SUPP,SUPP,SUPP,,,,0%,0%,0%,0%,0%,0%,NE,NE,NE,0%,0%,0%,NE,NE,NE,,,,,,,SUPP,SUPP,SUPP,SUPP,SUPP,SUPP,0%,,5%,43%,,,5%,0%,0%,0%,0,0%,SUPP,SUPP,SUPP,SUPP,0%,NE,NE,0%,0%,0%,0,0%,SUPP,SUPP,SUPP,SUPP,0%,NE,NE,0%,,,,,SUPP,SUPP,SUPP,SUPP,0%,0%,,,,,18,86%,3,14%,1.7,1.1,SUPP,SUPP,1.5,2.0,,,SUPP,SUPP,1.4,1.1,SUPP,SUPP,1.1,1.8,,,SUPP,SUPP,28.0,0.0,0%,Well below average
1,919,4010,117504,Fearnhill School,,Icknield Way West,,,Letchworth,SG6 4BA,01462621200,E14000845,North East Hertfordshire,0,0,FD,Does not apply,NSE,OTHER NON SEL,MIXED,0,0,1,11-18,570,289,281,77,39,51%,38,49%,101.3,24,32%,45,60%,6,8%,21,27%,56,73%,4,5%,72,94%,1,1%,73,95%,3,4%,5,6%,2,3%,3333.0,43.3,698.0,9.1,652.0,8.5,997.5,13.0,985.5,12.8,828.5,10.8,157.0,2.0,2.9,2.9,75,0,97%,0.27,-0.05,0.59,0.27,-0.06,0.59,0.12,-0.25,0.49,0.29,-0.05,0.63,0.49,0.12,0.86,0.13,-0.24,0.50,64%,30%,287.28,3.73,3.25,3.91,2.60,4.16,5.28,SUPP,3.83,3.64,3.84,,,,4.37,2.89,5.03,17,22%,8%,3%,75,97%,77,100%,76,99%,62,81%,24,31%,73%,47%,74%,40%,78%,43%,53%,32%,42%,33%,74,97%,62,100%,23,96%,0.61,0.27,0.94,0.07,-0.38,0.51,-0.15,-0.96,0.66,56,36,57,31,59,33,33,20,10,8,17,22%,75,97%,77,100%,76,100%,62,100%,24,100%,37.4,20,0,-0.04,-0.66,0.58,-0.04,-0.67,0.59,45.5,55,0,0.38,0.01,0.75,0.38,0.00,0.76,7.8,-0.20,-0.92,0.51,7.5,0.12,-0.53,0.77,11.4,0.26,-0.46,0.98,10.6,-0.35,-1.06,0.36,9.5,0.23,-0.20,0.66,8.8,0.35,-0.04,0.75,13.5,0.57,0.14,1.00,13.6,0.31,-0.12,0.73,9.3,1.3,11.3,2.3,-12.9,-0.21,31.1,24,0,0.35,-0.22,0.92,0.35,-0.23,0.93,47.9,45,0,0.32,-0.09,0.73,0.32,-0.10,0.74,60.7,6,0,-0.48,-1.61,0.65,-0.48,-1.63,0.67,SUPP,SUPP,SUPP,SUPP,SUPP,SUPP,SUPP,SUPP,SUPP,SUPP,SUPP,SUPP,SUPP,SUPP,SUPP,44.7,9.3,8.5,13.2,13.7,10.8,2.9,37,0,0.36,-0.09,0.82,0.36,-0.10,0.82,41.9,8.8,8.5,12.7,11.9,10.7,1.2,38,0,0.17,-0.27,0.62,0.17,-0.28,0.63,44.4,9.3,8.7,13.3,13.2,11.1,2.0,72,0,0.31,-0.02,0.63,0.31,-0.03,0.64,,,,,,,,,,,,,,,,48.6,67,0.26,-0.08,0.6,34.1,21,-0.19,-0.79,0.41,55,46,0.47,0.06,0.87,4,17%,0%,0%,11,24%,11%,2%,2,33%,17%,17%,19%,23%,5%,0%,9%,4%,0.74,0.65,-0.24,0.46,0.66,0.48,0.13,-1.44,0.25,0.01,-0.68,0.21,SUPP,SUPP,0.05,1.12,-0.19,1.05,0.27,1.34,0.14,1.08,0.22,0.94,-1.41,1.16,-0.66,0.52,-0.51,1.39,-0.43,0.68,-0.42,0.00,-2.88,SUPP,SUPP,0.96,-0.87,0.79,-2.15,1.25,-0.83,SUPP,SUPP,,,,34%,27%,20%,18%,5%,3%,26%,11%,3%,23%,8%,3%,SUPP,SUPP,SUPP,,,,,,,9%,5%,0%,45%,37%,29%,58%,,69%,100%,,,73%,52%,48%,70%,6,25%,36,80%,6,100%,56%,71%,SUPP,66%,19%,34%,0,0%,17,38%,6,100%,28%,32%,SUPP,32%,,,,,41%,23%,88%,65%,0%,0%,,,,,22,31%,49,69%,7.9,7.8,7.9,8.2,7.7,7.9,,,7.2,7.9,7.2,6.8,7.4,7.5,7.0,7.3,,,6.3,7.5,606.0,0.0,0%,Average
1,919,4141,137002,Freman College,,Bowling Green Lane,,,Buntingford,SG9 9BT,01763271818,E14000845,North East Hertfordshire,0,0,ACC,None,NSE,OTHER NON SEL,MIXED,0,0,1,13-18,991,518,473,213,113,53%,100,47%,104.0,52,25%,108,52%,48,23%,30,14%,183,86%,5,2%,206,97%,2,1%,211,99%,6,3%,56,26%,50,23%,10735.0,50.4,2271.0,10.7,2074.0,9.7,3066.0,14.4,3324.0,15.6,2678.0,12.6,646.0,3.0,2.9,2.9,208,3,98%,0.36,0.17,0.55,0.35,0.15,0.54,0.33,0.11,0.55,0.25,0.05,0.46,0.29,0.07,0.51,0.48,0.26,0.70,72%,52%,937.52,4.40,2.76,4.67,2.45,4.37,6.41,SUPP,4.45,4.36,4.41,,,,4.98,3.89,5.08,80,38%,31%,25%,210,99%,211,99%,210,99%,202,95%,82,38%,83%,69%,76%,55%,62%,44%,73%,59%,89%,74%,205,98%,197,98%,79,96%,0.08,-0.12,0.28,0.59,0.34,0.84,0.46,0.02,0.90,176,146,162,118,130,93,148,119,73,61,80,38%,210,99%,211,99%,209,100%,197,98%,82,100%,34.9,30,0,-0.04,-0.55,0.46,-0.04,-0.56,0.47,52.9,178,3,0.43,0.22,0.64,0.42,0.20,0.63,8.3,0.21,-0.37,0.80,6.5,-0.11,-0.64,0.43,8.9,-0.27,-0.86,0.31,11.2,0.05,-0.53,0.63,11.0,0.35,0.11,0.59,10.3,0.31,0.09,0.53,15.3,0.39,0.15,0.63,16.3,0.56,0.32,0.79,8.4,2.8,13.3,3.1,-15.4,-0.21,31.8,52,0,0.30,-0.08,0.69,0.30,-0.09,0.69,51.2,108,1,0.49,0.22,0.75,0.48,0.21,0.75,67.3,48,2,0.14,-0.26,0.54,0.11,-0.30,0.51,SUPP,SUPP,SUPP,SUPP,SUPP,SUPP,SUPP,SUPP,SUPP,SUPP,SUPP,SUPP,SUPP,SUPP,SUPP,51.3,11.0,9.5,14.4,16.5,12.9,3.6,99,2,0.36,0.08,0.64,0.34,0.05,0.62,49.6,10.3,10.0,14.4,14.8,12.3,2.6,109,1,0.36,0.10,0.63,0.36,0.09,0.63,50.5,10.7,9.8,14.4,15.7,12.6,3.0,206,3,0.36,0.17,0.56,0.35,0.15,0.55,,,,,,,,,,,,,,,,56.6,235,0.68,0.5,0.87,46.9,19,0.18,-0.45,0.82,57.5,216,0.73,0.54,0.92,2,4%,0%,0%,38,35%,26%,17%,37,77%,73%,67%,7%,43%,3%,3%,36%,28%,-0.11,0.13,0.17,-0.36,0.15,0.41,0.77,0.35,-0.34,0.74,SUPP,0.60,0.40,SUPP,0.47,0.16,-0.89,0.37,-0.06,0.29,-0.51,0.41,-0.15,0.59,-0.26,0.34,-1.02,1.01,0.47,0.92,-0.10,1.11,0.43,0.88,-0.17,SUPP,SUPP,0.91,0.02,SUPP,SUPP,1.23,-0.03,1.03,-0.23,,,,37%,35%,27%,35%,29%,23%,41%,33%,27%,37%,31%,25%,SUPP,SUPP,SUPP,,,,,,,16%,11%,5%,39%,37%,29%,69%,,78%,99%,,,81%,65%,33%,79%,16,31%,87,81%,47,98%,75%,69%,SUPP,73%,10%,59%,2,4%,59,55%,46,96%,52%,52%,SUPP,53%,,,,,63%,47%,83%,67%,3%,73%,,,,,19,8%,221,92%,9.3,8.3,9.5,9.8,8.3,9.5,,,8.7,9.4,8.6,7.4,8.8,9.2,7.6,8.8,,,8,8.7,1999.0,0.0,0%,SUPP
1,919,6905,135876,Future Academies Watford,,Horseshoe Lane,Garston,,Watford,WD25 7HW,01923672964,E14001021,Watford,0,0,AC,Does not apply,NSE,OTHER NON SEL,MIXED,0,0,1,11-18,1123,566,557,189,95,50%,94,50%,102.6,58,31%,109,59%,18,10%,64,34%,125,66%,25,13%,164,87%,0,0%,184,97%,4,2%,37,20%,33,17%,7322.0,38.7,1647.0,8.7,1574.0,8.3,2102.5,11.1,1998.5,10.6,1998.5,10.6,0.0,0.0,2.8,2.8,185,4,98%,-0.44,-0.64,-0.23,-0.45,-0.65,-0.24,-0.32,-0.55,-0.08,-0.04,-0.26,0.17,-0.39,-0.62,-0.15,-0.86,-1.10,-0.63,57%,34%,662.31,3.50,2.97,3.78,2.31,3.68,6.07,3.99,3.71,3.30,3.55,,,,3.72,2.78,4.07,107,57%,20%,8%,182,96%,184,97%,178,94%,174,92%,108,57%,66%,45%,65%,44%,57%,34%,40%,22%,45%,27%,174,98%,170,98%,104,96%,-0.21,-0.42,0.01,-0.86,-1.13,-0.59,-1.09,-1.47,-0.71,125,85,122,84,101,60,69,38,49,29,98,52%,180,95%,182,96%,176,99%,165,95%,101,94%,32.8,64,2,-0.78,-1.13,-0.43,-0.79,-1.15,-0.44,41.8,121,2,-0.26,-0.51,0.00,-0.26,-0.52,-0.01,7.3,-0.79,-1.19,-0.39,7.2,-0.34,-0.70,0.03,9.5,-0.66,-1.06,-0.26,8.8,-1.24,-1.64,-0.84,9.4,-0.07,-0.36,0.22,8.9,0.11,-0.15,0.38,11.9,-0.25,-0.54,0.04,11.5,-0.66,-0.95,-0.37,8.8,0.0,11.5,0.0,-17.5,-0.95,27.4,58,0,-0.19,-0.55,0.18,-0.19,-0.56,0.18,40.4,109,4,-0.65,-0.91,-0.38,-0.66,-0.93,-0.39,63.5,18,0,0.02,-0.63,0.68,0.02,-0.64,0.69,42.7,9.2,9.0,12.8,11.7,11.7,0.0,21,0,0.17,-0.44,0.77,0.17,-0.45,0.78,40.8,9.4,8.3,11.5,11.6,11.6,0.0,92,3,-0.31,-0.60,-0.02,-0.33,-0.62,-0.03,36.7,8.0,8.4,10.7,9.5,9.5,0.0,93,1,-0.56,-0.85,-0.28,-0.57,-0.86,-0.27,39.2,8.8,8.4,11.3,10.7,10.7,0.0,180,4,-0.42,-0.63,-0.22,-0.43,-0.64,-0.22,,,,,,,,,,,,,,,,42.1,176,-0.3,-0.51,-0.1,32.8,49,-0.95,-1.34,-0.55,45.6,127,-0.06,-0.3,0.19,15,26%,5%,2%,71,65%,21%,8%,17,94%,61%,33%,52%,59%,14%,6%,23%,10%,-0.09,-0.34,0.17,-0.43,-0.09,-0.51,-1.10,-0.55,-1.19,-0.69,-0.64,-1.23,-0.89,-1.48,-0.90,-0.06,-0.80,0.18,-0.36,0.31,-0.48,-0.05,-0.62,0.85,-0.50,-0.72,-1.65,-0.36,-1.02,-0.02,-1.00,-0.74,-1.45,0.28,-1.38,-0.80,-2.16,-0.44,-1.37,0.33,-1.61,-0.77,-1.70,0.05,-1.83,,,,41%,24%,14%,47%,12%,6%,66%,29%,11%,58%,21%,9%,72%,32%,12%,,,,,,,28%,12%,6%,46%,28%,16%,47%,,55%,97%,,,61%,38%,44%,63%,14,24%,72,66%,18,100%,51%,63%,64%,58%,20%,42%,2,3%,43,39%,18,100%,28%,40%,40%,35%,,,,,42%,20%,68%,45%,5%,34%,,,,,50,27%,134,73%,8.3,7.8,8.3,9.6,8.0,8.4,,,7.9,8.5,8.3,7.8,8.3,9.6,8.0,8.4,,,7.3,8,1584.0,0.0,0%,Below average
2,919,7008,117667,Garston Manor School,,Horseshoe Lane,Garston,,Watford,WD25 7HR,01923673757,E14001021,Watford,0,0,CYS,Does not apply,NA,NA,MIXED,0,0,0,11-16,150,114,36,27,22,81%,5,19%,75.2,26,100%,0,0%,0,0%,6,22%,21,78%,3,11%,24,89%,0,0%,26,96%,,,,,,,25.0,0.9,7.0,0.3,18.0,0.7,0.0,0.0,0.0,0.0,0.0,0.0,0.0,0.0,0.0,0.0,26,0,96%,-1.54,-2.08,-0.99,-1.54,-2.09,-0.98,-1.83,-2.46,-1.20,-0.85,-1.42,-0.28,-1.43,-2.06,-0.80,-1.90,-2.53,-1.28,4%,0%,1.50,0.06,0.00,0.07,0.06,NE,NE,SUPP,SUPP,SUPP,0.06,,,,0.02,0,0.04,0,0%,0%,0%,0,0%,2,7%,0,0%,0,0%,0,0%,0%,0%,7%,4%,NE,NE,NE,NE,NE,NE,,NE,,NE,,NE,NE,NE,NE,NE,NE,NE,NE,NE,NE,0,0,2,1,NE,NE,NE,NE,NE,NE,0,0%,0,0%,2,7%,NE,NE,NE,NE,NE,NE,0.0,6,0,-1.59,-2.72,-0.45,-1.59,-2.74,-0.43,1.2,20,0,-1.52,-2.14,-0.90,-1.52,-2.15,-0.89,0.0,-1.91,-3.21,-0.60,0.0,-1.15,-2.34,0.05,0.0,-1.40,-2.71,-0.09,0.0,-1.85,-3.15,-0.55,0.3,-1.81,-2.52,-1.09,0.9,-0.76,-1.41,-0.11,0.0,-1.44,-2.16,-0.73,0.0,-1.92,-2.63,-1.21,0.0,0.0,0.0,0.0,-50.3,-1.76,1.0,26,0,-1.54,-2.08,-0.99,-1.54,-2.09,-0.98,NE,NE,NE,NE,NE,NE,NE,NE,NE,NE,NE,NE,NE,NE,NE,NE,NE,NE,SUPP,SUPP,SUPP,SUPP,SUPP,SUPP,SUPP,SUPP,SUPP,SUPP,SUPP,SUPP,SUPP,SUPP,SUPP,SUPP,SUPP,SUPP,SUPP,SUPP,SUPP,SUPP,SUPP,SUPP,SUPP,SUPP,SUPP,SUPP,SUPP,SUPP,SUPP,SUPP,SUPP,SUPP,SUPP,SUPP,SUPP,SUPP,SUPP,SUPP,SUPP,SUPP,SUPP,SUPP,SUPP,1.0,0.3,0.7,0.0,0.0,0.0,0.0,25,0,-1.54,-2.09,-0.98,-1.54,-2.10,-0.97,,,,,,,,,,,,,,,,0.3,35,-1.9,-2.37,-1.43,0,17,-1.85,-2.52,-1.18,0.6,18,-1.95,-2.6,-1.3,0,0%,0%,0%,NE,NE,NE,NE,NE,NE,NE,NE,0%,0%,0%,0%,0%,0%,NE,NE,NE,NE,NE,NE,NE,NE,NE,NE,NE,NE,NE,NE,NE,NE,NE,NE,NE,NE,NE,NE,NE,NE,NE,NE,NE,NE,NE,NE,NE,NE,NE,NE,NE,NE,NE,NE,NE,NE,NE,NE,NE,NE,NE,,,,0%,0%,0%,SUPP,SUPP,SUPP,SUPP,SUPP,SUPP,0%,0%,0%,SUPP,SUPP,SUPP,,,,,,,0%,0%,0%,0%,0%,0%,0%,,0%,7%,,,3%,0%,0%,5%,1,4%,NE,NE,NE,NE,SUPP,SUPP,SUPP,4%,0%,0%,0,0%,NE,NE,NE,NE,SUPP,SUPP,SUPP,0%,,,,,0%,0%,5%,0%,0%,0%,,,,,17,47%,19,53%,0.1,0.2,NE,NE,0.0,0.2,,,0,0.1,0.1,0.2,NE,NE,0.0,0.2,,,0,0.1,4.0,0.0,0%,Well below average
1,919,5425,145297,Goffs - Churchgate Academy,,College Road,Cheshunt,,Waltham Cross,EN8 9LY,01992624375,E14000606,Broxbourne,0,0,ACC,None,NSE,OTHER NON SEL,MIXED,0,0,0,11-16,603,286,317,116,52,45%,64,55%,102.4,35,31%,65,58%,13,12%,33,28%,83,72%,22,19%,94,81%,0,0%,111,96%,3,3%,25,22%,22,19%,5343.5,46.1,1147.0,9.9,1014.0,8.7,1446.0,12.5,1736.5,15.0,778.0,6.7,958.5,8.3,2.9,3.0,113,1,97%,0.32,0.06,0.58,0.31,0.04,0.58,0.28,-0.02,0.58,0.20,-0.08,0.47,0.08,-0.22,0.38,0.63,0.33,0.93,63%,46%,455.04,3.92,3.60,4.05,2.44,4.37,5.45,4.60,4.00,3.83,3.96,,,,4.2,3.54,4.55,65,56%,22%,9%,113,97%,114,98%,114,98%,110,95%,65,56%,75%,60%,70%,52%,60%,39%,60%,45%,45%,25%,111,97%,107,97%,63,97%,-0.02,-0.29,0.25,0.24,-0.10,0.58,-0.87,-1.36,-0.38,87,70,81,60,68,45,66,50,29,16,63,54%,113,97%,112,97%,111,97%,109,99%,64,98%,42.2,32,1,-0.18,-0.67,0.31,-0.21,-0.70,0.29,47.6,81,0,0.51,0.20,0.82,0.51,0.20,0.83,9.2,-0.21,-0.77,0.36,8.1,-0.30,-0.81,0.22,11.4,-0.40,-0.97,0.16,13.6,0.05,-0.51,0.62,10.2,0.47,0.11,0.83,9.0,0.39,0.07,0.71,12.9,0.27,-0.08,0.63,15.5,0.86,0.51,1.22,5.4,8.2,7.2,8.3,-8.1,-0.35,32.9,35,0,0.47,0.00,0.94,0.47,-0.01,0.95,49.9,65,1,0.36,0.02,0.71,0.35,0.00,0.70,61.2,13,0,-0.33,-1.10,0.44,-0.33,-1.11,0.45,52.9,10.9,10.3,14.7,17.0,6.8,10.3,21,0,0.81,0.21,1.42,0.81,0.20,1.43,46.5,10.2,8.5,12.6,15.2,7.8,7.4,63,1,0.32,-0.03,0.66,0.30,-0.05,0.66,45.5,9.5,9.1,12.3,14.6,5.3,9.3,50,0,0.32,-0.07,0.71,0.32,-0.08,0.72,46.2,9.9,8.8,12.6,15.0,6.8,8.2,109,1,0.31,0.04,0.57,0.30,0.03,0.57,,,,,,,,,,,,,,,,48.1,55,0.47,0.09,0.84,41.3,18,-0.34,-0.99,0.31,51.7,37,0.86,0.4,1.31,6,17%,0%,0%,47,72%,29%,11%,10,77%,38%,23%,55%,57%,21%,9%,23%,10%,-0.19,0.16,-0.42,-0.17,0.04,0.17,0.44,-0.60,0.05,0.30,-1.12,-0.60,-1.98,-1.11,-0.78,0.36,-0.69,0.36,-0.28,0.30,-0.67,0.52,-0.20,0.38,-1.21,0.71,-0.62,0.70,-0.09,0.78,-0.43,0.89,-0.01,0.42,-1.61,-0.17,-2.06,-0.20,-1.35,0.47,-2.70,-0.03,-1.17,-0.75,-3.21,,,,45%,24%,17%,44%,19%,10%,66%,25%,9%,59%,23%,10%,68%,27%,18%,,,,,,,35%,20%,15%,50%,26%,18%,61%,,62%,99%,,,71%,41%,52%,67%,8,23%,50,77%,13,100%,62%,64%,77%,64%,36%,49%,2,6%,36,55%,13,100%,46%,45%,64%,47%,,,,,55%,35%,79%,45%,6%,3%,,,,,20,35%,38,66%,8.6,8.3,8.7,8.8,8.1,8.8,,,8.4,9,6.8,6.0,7.1,7.5,6.4,7.0,,,6.5,6.9,1005.0,2.0,0%,Above average
1,919,5415,137532,Goffs Academy,,Goffs Lane,Cheshunt,,Waltham Cross,EN7 5QW,01992630443,E14000606,Broxbourne,0,0,ACC,None,NSE,OTHER NON SEL,MIXED,0,0,1,11-18,1543,763,780,235,105,45%,130,55%,105.8,33,14%,133,57%,67,29%,31,13%,204,87%,22,9%,213,91%,0,0%,227,97%,1,0%,15,6%,14,6%,12132.8,51.6,2578.0,11.0,2434.0,10.4,3475.0,14.8,3645.8,15.5,2835.5,12.1,810.3,3.4,2.9,2.9,233,0,99%,0.18,0.00,0.36,0.18,-0.01,0.36,0.18,-0.03,0.39,0.26,0.07,0.45,0.12,-0.09,0.33,0.17,-0.03,0.38,75%,55%,1098.42,4.67,3.58,4.84,2.46,4.31,6.51,5.95,4.87,4.44,4.72,,,,4.7,4.03,4.83,145,62%,41%,29%,234,100%,235,100%,234,100%,208,89%,157,67%,82%,69%,80%,61%,70%,53%,64%,51%,73%,57%,232,99%,207,100%,157,100%,0.07,-0.12,0.25,-0.23,-0.48,0.01,0.11,-0.20,0.42,193,162,188,144,163,123,134,107,114,89,143,61%,233,99%,234,100%,233,100%,204,98%,156,99%,41.9,31,0,0.02,-0.48,0.52,0.02,-0.49,0.53,53.1,202,0,0.20,0.01,0.40,0.20,0.00,0.40,9.2,0.06,-0.52,0.64,7.5,-0.30,-0.82,0.23,11.2,-0.18,-0.75,0.40,13.9,0.40,-0.17,0.97,11.2,0.20,-0.02,0.43,10.8,0.34,0.14,0.55,15.3,0.17,-0.06,0.39,15.8,0.14,-0.08,0.36,8.7,5.2,12.6,3.2,-8.4,-0.15,33.3,33,0,0.41,-0.07,0.89,0.41,-0.08,0.90,47.9,133,0,0.09,-0.15,0.33,0.09,-0.15,0.34,67.9,67,0,0.23,-0.11,0.56,0.23,-0.12,0.57,61.6,13.0,11.6,19.5,17.5,15.4,2.1,22,0,0.97,0.38,1.56,0.97,0.37,1.58,54.0,11.8,10.2,15.3,16.7,12.6,4.1,128,0,0.39,0.15,0.64,0.39,0.14,0.64,48.7,9.9,10.6,14.2,14.1,11.4,2.6,105,0,-0.09,-0.36,0.19,-0.09,-0.36,0.19,52.1,11.0,10.5,14.9,15.7,12.2,3.5,225,0,0.19,0.01,0.38,0.19,0.00,0.38,,,,,,,,,,,,,,,,52.8,234,0.11,-0.07,0.29,45.9,39,-0.39,-0.83,0.05,54.1,195,0.21,0.02,0.41,6,18%,0%,0%,79,59%,32%,19%,60,90%,79%,64%,52%,63%,13%,6%,45%,32%,-0.11,0.05,0.18,-0.37,0.13,-0.15,-0.28,-0.18,-0.34,-0.22,1.25,0.02,0.07,0.30,0.08,0.14,-0.89,0.34,-0.07,0.39,-0.62,0.30,-0.20,0.53,-0.18,0.35,-1.03,0.04,-0.48,0.58,-0.89,0.05,-0.60,0.26,-0.62,1.21,-0.62,0.41,-0.25,2.55,-0.04,0.43,-0.40,0.57,-0.43,,,,68%,48%,35%,57%,37%,25%,65%,44%,32%,62%,41%,30%,82%,59%,55%,,,,,,,59%,33%,26%,69%,51%,37%,68%,,73%,100%,,,74%,55%,52%,79%,7,21%,102,77%,66,99%,72%,78%,86%,76%,32%,59%,2,6%,64,48%,63,94%,52%,58%,73%,56%,,,,,59%,36%,77%,59%,4%,14%,,,,,39,17%,196,83%,7.9,7.3,7.7,8.7,7.6,8.0,,,7.6,8,7.3,5.7,7.1,8.4,6.5,7.4,,,6.7,7.3,1866.0,0.0,0%,Average
1,919,4036,147785,The Grange Academy,,London Road,,,Bushey,WD23 3AA,02089509502,E14000745,Hertsmere,0,0,AC,Unknown,NR,OTHER NON SEL,MIXED,0,0,1,11-18,984,491,493,182,96,53%,86,47%,101.5,51,32%,95,60%,13,8%,34,19%,148,81%,38,21%,141,77%,3,2%,178,98%,2,1%,15,8%,13,7%,6697.5,36.8,1545.0,8.5,1330.0,7.3,1882.0,10.3,1940.5,10.7,1940.5,10.7,0.0,0.0,2.7,2.6,159,4,87%,-0.28,-0.50,-0.06,-0.30,-0.52,-0.08,-0.04,-0.30,0.21,-0.21,-0.44,0.02,-0.33,-0.58,-0.07,-0.50,-0.76,-0.25,51%,30%,599.16,3.29,2.62,3.45,2.16,3.82,4.86,3.65,3.63,2.99,3.34,,,,3.78,3.3,3.92,84,46%,21%,13%,165,91%,175,96%,169,93%,153,84%,90,49%,65%,51%,55%,34%,47%,27%,42%,33%,67%,50%,151,89%,137,90%,80,89%,-0.39,-0.63,-0.16,-0.31,-0.61,-0.01,0.21,-0.23,0.64,119,93,101,62,79,46,64,50,60,45,81,45%,162,89%,171,94%,165,98%,146,95%,89,99%,28.8,29,4,-1.32,-1.83,-0.80,-1.40,-1.93,-0.88,38.6,130,0,-0.05,-0.30,0.19,-0.05,-0.30,0.19,6.9,-1.02,-1.62,-0.43,5.6,-1.44,-1.98,-0.90,8.3,-1.35,-1.94,-0.75,7.9,-1.69,-2.28,-1.10,8.9,0.18,-0.11,0.46,7.7,0.06,-0.20,0.32,10.8,-0.10,-0.38,0.18,11.3,-0.24,-0.52,0.04,7.9,0.0,11.3,0.0,-21.5,-1.49,25.4,51,0,-0.23,-0.62,0.16,-0.23,-0.62,0.17,42.6,95,1,-0.19,-0.48,0.09,-0.20,-0.49,0.09,51.3,13,3,-1.16,-1.93,-0.39,-1.33,-2.11,-0.54,39.8,8.6,7.8,12.0,11.4,11.4,0.0,22,0,0.57,-0.02,1.17,0.57,-0.03,1.18,40.6,9.8,7.3,11.4,12.1,12.1,0.0,78,2,-0.11,-0.43,0.20,-0.13,-0.45,0.19,33.4,7.3,7.3,9.4,9.3,9.3,0.0,81,2,-0.45,-0.76,-0.14,-0.46,-0.78,-0.15,37.3,8.6,7.4,10.5,10.8,10.8,0.0,157,3,-0.25,-0.47,-0.03,-0.27,-0.49,-0.04,,,,,,,,,,,,,,,,42.4,170,-0.37,-0.58,-0.16,37.7,39,-0.85,-1.29,-0.4,43.8,131,-0.22,-0.47,0.02,13,25%,2%,0%,54,57%,28%,14%,9,69%,54%,54%,38%,48%,21%,18%,22%,11%,-0.30,-0.36,-1.07,-1.01,-0.28,-0.21,-0.30,-0.81,-1.31,-0.13,0.55,0.07,0.50,1.43,0.01,-0.41,-1.61,-0.03,-0.53,0.12,-0.72,-0.06,-0.65,-0.21,-1.94,-0.54,-2.08,0.20,-0.46,0.34,-0.76,0.08,-0.68,0.26,-1.87,2.60,0.26,0.48,-0.45,1.56,-0.45,0.59,-0.45,1.79,-0.80,,,,37%,23%,15%,40%,15%,9%,53%,29%,16%,47%,22%,13%,55%,24%,16%,,,,,,,32%,12%,5%,38%,26%,18%,43%,,57%,96%,,,62%,38%,35%,54%,8,16%,65,68%,10,77%,43%,59%,55%,51%,21%,32%,2,4%,41,43%,8,62%,27%,34%,29%,31%,,,,,54%,34%,65%,39%,3%,20%,,,,,41,22%,142,78%,7.6,7.0,8.1,8.2,6.5,7.8,,,7.2,7.9,7.6,7.0,8.1,8.2,6.5,7.8,,,7,7.6,1388.0,0.0,0%,Below average
2,919,7042,117690,Greenside School,,Shephall Green,,,Stevenage,SG2 9XS,01438315356,E14000968,Stevenage,0,0,CYS,Does not apply,NA,NA,MIXED,0,1,0,2-19,172,120,52,5,SUPP,SUPP,SUPP,SUPP,SUPP,SUPP,SUPP,SUPP,SUPP,SUPP,SUPP,SUPP,SUPP,SUPP,SUPP,SUPP,SUPP,SUPP,SUPP,SUPP,SUPP,SUPP,SUPP,,,,,,,SUPP,SUPP,SUPP,SUPP,SUPP,SUPP,SUPP,SUPP,SUPP,SUPP,SUPP,SUPP,SUPP,SUPP,SUPP,SUPP,SUPP,SUPP,SUPP,SUPP,SUPP,SUPP,SUPP,SUPP,SUPP,SUPP,SUPP,SUPP,SUPP,SUPP,SUPP,SUPP,SUPP,SUPP,SUPP,SUPP,SUPP,SUPP,SUPP,SUPP,SUPP,SUPP,SUPP,SUPP,SUPP,SUPP,SUPP,SUPP,SUPP,SUPP,,,,NE,SUPP,SUPP,SUPP,SUPP,SUPP,SUPP,SUPP,SUPP,SUPP,SUPP,SUPP,SUPP,SUPP,SUPP,SUPP,SUPP,SUPP,SUPP,SUPP,SUPP,SUPP,SUPP,SUPP,SUPP,SUPP,SUPP,SUPP,SUPP,SUPP,SUPP,SUPP,SUPP,SUPP,SUPP,SUPP,SUPP,SUPP,SUPP,SUPP,SUPP,SUPP,SUPP,SUPP,SUPP,SUPP,SUPP,SUPP,SUPP,SUPP,SUPP,SUPP,SUPP,SUPP,SUPP,SUPP,SUPP,SUPP,SUPP,SUPP,SUPP,SUPP,SUPP,SUPP,SUPP,SUPP,SUPP,SUPP,SUPP,SUPP,SUPP,SUPP,SUPP,SUPP,SUPP,SUPP,SUPP,SUPP,SUPP,SUPP,SUPP,SUPP,SUPP,SUPP,SUPP,SUPP,SUPP,SUPP,SUPP,SUPP,SUPP,SUPP,SUPP,SUPP,SUPP,SUPP,SUPP,SUPP,SUPP,SUPP,SUPP,SUPP,SUPP,SUPP,SUPP,SUPP,SUPP,SUPP,SUPP,SUPP,SUPP,SUPP,SUPP,SUPP,SUPP,SUPP,SUPP,SUPP,SUPP,SUPP,SUPP,SUPP,SUPP,SUPP,SUPP,SUPP,SUPP,SUPP,SUPP,SUPP,SUPP,SUPP,SUPP,SUPP,SUPP,SUPP,SUPP,SUPP,SUPP,SUPP,SUPP,SUPP,SUPP,SUPP,SUPP,SUPP,SUPP,SUPP,SUPP,SUPP,SUPP,SUPP,SUPP,SUPP,SUPP,SUPP,SUPP,SUPP,SUPP,SUPP,SUPP,SUPP,SUPP,SUPP,SUPP,SUPP,SUPP,SUPP,SUPP,SUPP,SUPP,SUPP,SUPP,SUPP,SUPP,SUPP,SUPP,SUPP,SUPP,SUPP,SUPP,SUPP,SUPP,SUPP,SUPP,SUPP,SUPP,SUPP,SUPP,SUPP,SUPP,SUPP,SUPP,SUPP,SUPP,SUPP,SUPP,SUPP,SUPP,SUPP,SUPP,SUPP,SUPP,SUPP,SUPP,SUPP,SUPP,,,,,,,,,,,,,,,,NE,NE,NE,NE,NE,SUPP,SUPP,SUPP,SUPP,SUPP,SUPP,SUPP,SUPP,SUPP,SUPP,SUPP,SUPP,SUPP,SUPP,SUPP,SUPP,SUPP,SUPP,SUPP,SUPP,SUPP,SUPP,SUPP,SUPP,SUPP,SUPP,SUPP,SUPP,SUPP,SUPP,SUPP,SUPP,SUPP,SUPP,SUPP,SUPP,SUPP,SUPP,SUPP,SUPP,SUPP,SUPP,SUPP,SUPP,SUPP,SUPP,SUPP,SUPP,SUPP,SUPP,SUPP,SUPP,SUPP,SUPP,SUPP,SUPP,SUPP,SUPP,SUPP,SUPP,SUPP,SUPP,SUPP,SUPP,SUPP,SUPP,SUPP,SUPP,SUPP,SUPP,SUPP,SUPP,SUPP,,,,NE,NE,NE,SUPP,SUPP,SUPP,SUPP,SUPP,SUPP,SUPP,SUPP,SUPP,SUPP,SUPP,SUPP,,,,,,,SUPP,SUPP,SUPP,SUPP,SUPP,SUPP,SUPP,,NE,SUPP,,,NE,NE,SUPP,SUPP,SUPP,SUPP,SUPP,SUPP,SUPP,SUPP,SUPP,SUPP,SUPP,SUPP,SUPP,SUPP,SUPP,SUPP,SUPP,SUPP,SUPP,SUPP,SUPP,SUPP,SUPP,SUPP,,,,,SUPP,SUPP,SUPP,SUPP,SUPP,SUPP,,,,,2,25%,6,75%,SUPP,SUPP,SUPP,SUPP,SUPP,SUPP,,,SUPP,SUPP,SUPP,SUPP,SUPP,SUPP,SUPP,SUPP,,,SUPP,SUPP,SUPP,SUPP,SUPP
1,919,6221,117648,Haberdashers' Boys' School,,Butterfly Lane,Elstree,Hertfordshire,,WD6 3AF,02082661850,E14000745,Hertsmere,0,0,IND,None,,NA,BOYS,0,0,1,4-18,1473,1473,,176,176,100%,,0%,NP,NP,NP,NP,NP,NP,NP,NP,NP,NP,NP,NP,NP,NP,NP,NP,NP,NP,NP,NA,NA,NA,NA,NA,NA,6975.5,39.6,2816.0,16.0,0.0,0.0,1296.0,7.4,2863.5,16.3,2783.0,15.8,80.5,0.5,0.9,2.1,NP,NP,NP,NP,NP,NP,NP,NP,NP,NP,NP,NP,NP,NP,NP,NP,NP,NP,NP,NP,NP,0%,0%,440.59,2.50,NP,NP,NP,NP,NP,NP,NE,2.50,NP,,,,2.61,NP,NP,0,0%,0%,0%,174,99%,0,0%,0,0%,119,68%,27,15%,98%,98%,0%,0%,NE,NE,100%,100%,100%,100%,NP,NP,NP,NP,NP,NP,NP,NP,NP,NP,NP,NP,NP,NP,NP,173,173,0,0,NE,NE,119,119,27,27,0,0%,174,99%,0,0%,NE,NE,119,100%,27,100%,NP,NP,NP,NP,NP,NP,NP,NP,NP,NP,NP,NP,NP,NP,NP,NP,NP,NP,NP,NP,NP,NP,NP,NP,NP,NP,NP,NP,NP,NP,NP,NP,NP,NP,NP,NP,NP,NP,NP,NP,NP,NP,NP,NP,NP,NP,NP,NP,NP,NP,NP,NP,NP,NP,NP,NP,NP,NP,NP,NP,NP,NP,NP,NP,NP,NP,NP,NP,NP,NP,NP,NP,NP,NP,NP,NP,NP,NP,NP,NP,NP,NP,NP,NP,NP,NP,NP,NP,NP,NP,NP,NP,NP,NP,NP,NP,NP,NP,NE,NE,NE,NE,NE,NE,NE,NP,NP,NP,NP,NP,NP,NP,NP,39.6,16.0,0.0,7.4,16.3,15.8,0.5,NP,NP,NP,NP,NP,NP,NP,NP,NP,NP,NP,NP,NP,NP,NP,NP,NP,NP,NP,NP,NP,NP,NP,,,,,,,,,,,,,,,,41,NP,NP,NP,NP,NP,NP,NP,NP,NP,NP,NP,NP,NP,NP,NP,NP,NP,NP,NP,NP,NP,NP,NP,NP,NP,NP,NP,NP,NP,NP,NP,NP,NP,NP,NP,NP,NP,NP,NP,NP,NP,NP,NP,NP,NP,NP,NP,NP,NP,NP,NP,NP,NP,NP,NP,NP,NP,NP,NP,NP,NP,NP,NP,NP,NP,NP,NP,NP,NP,NP,NP,NP,NP,NP,NP,NP,NP,,,,0%,0%,0%,0%,0%,0%,NE,NE,NE,NP,NP,NP,NP,NP,NP,,,,,,,NP,NP,NP,NP,NP,NP,0%,,0%,100%,,,0%,0%,NP,NP,NP,NP,NP,NP,NP,NP,0%,NE,NP,NP,NP,NP,NP,NP,NP,NP,NP,NP,0%,NE,NP,NP,,,,,NP,NP,NP,NP,4%,0%,,,,,NP,NP,NP,NP,4.0,NP,NP,NP,NP,NP,,,NP,NP,3.9,NP,NP,NP,NP,NP,,,NP,NP,707.0,0.0,0%
1,919,6222,117649,Haberdashers' Girls' School,,Aldenham Road,Elstree,Hertfordshire,Borehamwood,WD6 3BT,02082662300,E14000745,Hertsmere,0,0,IND,None,,NA,GIRLS,0,0,1,4-18,1170,,1170,123,,0%,123,100%,NP,NP,NP,NP,NP,NP,NP,NP,NP,NP,NP,NP,NP,NP,NP,NP,NP,NP,NP,NA,NA,NA,NA,NA,NA,6632.5,53.9,939.0,7.6,2000.0,16.3,2329.0,18.9,1364.5,11.1,1277.0,10.4,87.5,0.7,2.3,1.4,NP,NP,NP,NP,NP,NP,NP,NP,NP,NP,NP,NP,NP,NP,NP,NP,NP,NP,NP,NP,NP,100%,100%,337.80,2.75,NP,NP,NP,NP,NP,NP,2.75,NE,NP,,,,2.72,NP,NP,0,0%,0%,0%,0,0%,123,100%,0,0%,107,87%,21,17%,0%,0%,100%,100%,NE,NE,100%,100%,76%,76%,NP,NP,NP,NP,NP,NP,NP,NP,NP,NP,NP,NP,NP,NP,NP,0,0,123,123,NE,NE,107,107,16,16,0,0%,0,0%,123,100%,NE,NE,107,100%,16,76%,NP,NP,NP,NP,NP,NP,NP,NP,NP,NP,NP,NP,NP,NP,NP,NP,NP,NP,NP,NP,NP,NP,NP,NP,NP,NP,NP,NP,NP,NP,NP,NP,NP,NP,NP,NP,NP,NP,NP,NP,NP,NP,NP,NP,NP,NP,NP,NP,NP,NP,NP,NP,NP,NP,NP,NP,NP,NP,NP,NP,NP,NP,NP,NP,NP,NP,NP,NP,NP,NP,NP,NP,NP,NP,NP,NP,NP,NP,NP,NP,NP,NP,NP,NP,NP,NP,NP,NP,NP,NP,NP,NP,NP,NP,NP,NP,NP,NP,53.9,7.6,16.3,18.9,11.1,10.4,0.7,NP,NP,NP,NP,NP,NP,NP,NP,NE,NE,NE,NE,NE,NE,NE,NP,NP,NP,NP,NP,NP,NP,NP,NP,NP,NP,NP,NP,NP,NP,NP,NP,NP,NP,NP,NP,NP,NP,,,,,,,,,,,,,,,,51.3,NP,NP,NP,NP,NP,NP,NP,NP,NP,NP,NP,NP,NP,NP,NP,NP,NP,NP,NP,NP,NP,NP,NP,NP,NP,NP,NP,NP,NP,NP,NP,NP,NP,NP,NP,NP,NP,NP,NP,NP,NP,NP,NP,NP,NP,NP,NP,NP,NP,NP,NP,NP,NP,NP,NP,NP,NP,NP,NP,NP,NP,NP,NP,NP,NP,NP,NP,NP,NP,NP,NP,NP,NP,NP,NP,NP,NP,,,,0%,0%,0%,NE,NE,NE,0%,0%,0%,NP,NP,NP,NP,NP,NP,,,,,,,NP,NP,NP,NP,NP,NP,99%,,92%,100%,,,99%,98%,NP,NP,NP,NP,NP,NP,NP,NP,NE,100%,NP,NP,NP,NP,NP,NP,NP,NP,NP,NP,NE,100%,NP,NP,,,,,NP,NP,NP,NP,1%,0%,,,,,NP,NP,NP,NP,5.8,NP,NP,NP,NP,NP,,,NP,NP,5.7,NP,NP,NP,NP,NP,,,NP,NP,716.0,6.0,1%
2,919,7014,142257,Hailey Hall School,,Hailey Lane,,,Hertford,SG13 7PB,01992465208,E14000606,Broxbourne,0,0,ACCS,Does not apply,NA,NA,BOYS,0,0,0,11-16,78,78,,13,13,100%,,0%,92.8,8,73%,2,18%,1,9%,8,62%,5,38%,0,0%,13,100%,0,0%,12,92%,,,,,,,187.8,14.4,36.0,2.8,54.0,4.2,0.0,0.0,97.8,7.5,49.0,3.8,48.8,3.8,0.0,2.2,11,0,85%,-1.23,-2.06,-0.39,-1.23,-2.08,-0.38,-1.69,-2.66,-0.73,-0.18,-1.06,0.70,-2.69,-3.65,-1.72,-0.16,-1.12,0.80,15%,0%,7.51,0.58,SUPP,SUPP,0.48,SUPP,SUPP,NE,NE,0.58,0.57,,,,0.44,0.36,0.53,0,0%,0%,0%,5,38%,11,85%,0,0%,0,0%,0,0%,15%,15%,23%,0%,NE,NE,NE,NE,NE,NE,,NE,,NE,,NE,NE,NE,NE,NE,NE,NE,NE,NE,NE,2,2,3,0,NE,NE,NE,NE,NE,NE,0,0%,5,38%,10,77%,NE,NE,NE,NE,NE,NE,SUPP,SUPP,SUPP,SUPP,SUPP,SUPP,SUPP,SUPP,SUPP,SUPP,SUPP,SUPP,SUPP,SUPP,SUPP,SUPP,SUPP,SUPP,SUPP,SUPP,SUPP,SUPP,SUPP,SUPP,SUPP,SUPP,SUPP,SUPP,SUPP,SUPP,SUPP,SUPP,SUPP,SUPP,SUPP,SUPP,SUPP,SUPP,SUPP,SUPP,SUPP,SUPP,SUPP,SUPP,SUPP,SUPP,SUPP,SUPP,SUPP,SUPP,SUPP,SUPP,SUPP,SUPP,SUPP,SUPP,13.9,8,0,-0.71,-1.69,0.27,-0.71,-1.70,0.29,SUPP,SUPP,SUPP,SUPP,SUPP,SUPP,SUPP,SUPP,SUPP,SUPP,SUPP,SUPP,SUPP,SUPP,SUPP,SUPP,SUPP,SUPP,NE,NE,NE,NE,NE,NE,NE,NE,NE,NE,NE,NE,NE,NE,NE,NE,NE,NE,NE,NE,NE,NE,NE,NE,NE,NE,NE,NE,NE,NE,14.4,2.8,4.2,0.0,7.5,3.8,3.8,11,0,-1.23,-2.06,-0.39,-1.23,-2.08,-0.38,14.5,2.5,4.3,0.0,7.7,3.9,3.8,10,0,-1.27,-2.14,-0.39,-1.27,-2.16,-0.37,,,,,,,,,,,,,,,,10.6,11,-1.55,-2.38,-0.72,9.2,6,-1.93,-3.06,-0.8,12.2,SUPP,SUPP,SUPP,SUPP,0,0%,0%,0%,SUPP,SUPP,SUPP,SUPP,SUPP,SUPP,SUPP,SUPP,SUPP,SUPP,SUPP,SUPP,SUPP,SUPP,NE,SUPP,SUPP,SUPP,SUPP,NE,SUPP,SUPP,SUPP,SUPP,NE,SUPP,SUPP,SUPP,SUPP,SUPP,SUPP,SUPP,SUPP,NE,NE,SUPP,SUPP,SUPP,SUPP,SUPP,SUPP,SUPP,SUPP,NE,NE,SUPP,SUPP,SUPP,SUPP,SUPP,SUPP,SUPP,SUPP,NE,NE,SUPP,SUPP,SUPP,SUPP,,,,0%,0%,0%,0%,0%,0%,NE,NE,NE,0%,0%,0%,NE,NE,NE,,,,,,,0%,0%,0%,0%,0%,0%,0%,,0%,85%,,,8%,0%,SUPP,SUPP,0,0%,SUPP,SUPP,SUPP,SUPP,15%,NE,NE,17%,SUPP,SUPP,0,0%,SUPP,SUPP,SUPP,SUPP,0%,NE,NE,0%,,,,,0%,0%,17%,0%,0%,0%,,,,,7,54%,6,46%,3.5,3.9,SUPP,SUPP,SUPP,SUPP,,,3.9,3.2,2.2,2.5,SUPP,SUPP,SUPP,SUPP,,,1.9,2,46.0,0.0,0%,Well below average
1,919,6015,117607,Haileybury and Imperial Service College,,,,,Hertford,SG13 7NU,01992706200,E14000744,Hertford and Stortford,0,0,IND,Church of England,,NA,MIXED,0,0,1,11-18,892,462,430,148,76,51%,72,49%,NP,NP,NP,NP,NP,NP,NP,NP,NP,NP,NP,NP,NP,NP,NP,NP,NP,NP,NP,NA,NA,NA,NA,NA,NA,1782.5,12.0,0.0,0.0,0.0,0.0,748.0,5.1,1034.5,7.0,968.0,6.5,66.5,0.4,0.7,1.0,NP,NP,NP,NP,NP,NP,NP,NP,NP,NP,NP,NP,NP,NP,NP,NP,NP,NP,NP,NP,NP,0%,0%,115.34,0.78,NP,NP,NP,NP,NP,NP,0.72,0.84,NP,,,,0.87,NP,NP,0,0%,0%,0%,0,0%,0,0%,0,0%,61,41%,35,24%,0%,0%,0%,0%,NE,NE,100%,100%,100%,94%,NP,NP,NP,NP,NP,NP,NP,NP,NP,NP,NP,NP,NP,NP,NP,0,0,0,0,NE,NE,61,61,35,33,0,0%,0,0%,0,0%,NE,NE,61,100%,35,100%,NP,NP,NP,NP,NP,NP,NP,NP,NP,NP,NP,NP,NP,NP,NP,NP,NP,NP,NP,NP,NP,NP,NP,NP,NP,NP,NP,NP,NP,NP,NP,NP,NP,NP,NP,NP,NP,NP,NP,NP,NP,NP,NP,NP,NP,NP,NP,NP,NP,NP,NP,NP,NP,NP,NP,NP,NP,NP,NP,NP,NP,NP,NP,NP,NP,NP,NP,NP,NP,NP,NP,NP,NP,NP,NP,NP,NP,NP,NP,NP,NP,NP,NP,NP,NP,NP,NP,NP,NP,NP,NP,NP,NP,NP,NP,NP,NP,NP,12.3,0.0,0.0,4.8,7.5,7.1,0.5,NP,NP,NP,NP,NP,NP,NP,NP,11.8,0.0,0.0,5.3,6.5,6.0,0.4,NP,NP,NP,NP,NP,NP,NP,NP,NP,NP,NP,NP,NP,NP,NP,NP,NP,NP,NP,NP,NP,NP,NP,,,,,,,,,,,,,,,,10.8,NP,NP,NP,NP,NP,NP,NP,NP,NP,NP,NP,NP,NP,NP,NP,NP,NP,NP,NP,NP,NP,NP,NP,NP,NP,NP,NP,NP,NP,NP,NP,NP,NP,NP,NP,NP,NP,NP,NP,NP,NP,NP,NP,NP,NP,NP,NP,NP,NP,NP,NP,NP,NP,NP,NP,NP,NP,NP,NP,NP,NP,NP,NP,NP,NP,NP,NP,NP,NP,NP,NP,NP,NP,NP,NP,NP,NP,,,,0%,0%,0%,0%,0%,0%,0%,0%,0%,NP,NP,NP,NP,NP,NP,,,,,,,NP,NP,NP,NP,NP,NP,0%,,0%,90%,,,0%,0%,NP,NP,NP,NP,NP,NP,NP,NP,0%,0%,NP,NP,NP,NP,NP,NP,NP,NP,NP,NP,0%,0%,NP,NP,,,,,NP,NP,NP,NP,5%,0%,,,,,NP,NP,NP,NP,1.7,NP,NP,NP,NP,NP,,,NP,NP,1.6,NP,NP,NP,NP,NP,,,NP,NP,249.0,1.0,0%
1,919,4022,142051,Haileybury Turnford,,Mill Lane,Cheshunt,,Waltham Cross,EN8 0JU,01992308333,E14000606,Broxbourne,0,0,AC,Does not apply,NSE,OTHER NON SEL,MIXED,0,0,1,11-18,868,446,422,135,86,64%,49,36%,102.2,49,38%,57,45%,22,17%,30,22%,105,78%,27,20%,106,79%,2,1%,132,98%,3,2%,14,10%,11,8%,6140.3,45.5,1313.0,9.7,1270.0,9.4,1742.0,12.9,1815.3,13.4,1280.5,9.5,534.8,4.0,2.9,2.9,128,1,95%,0.30,0.05,0.54,0.29,0.04,0.54,0.30,0.02,0.59,0.58,0.32,0.83,0.21,-0.07,0.49,0.18,-0.10,0.46,61%,41%,526.28,3.90,3.34,4.06,2.67,4.53,5.04,4.10,3.94,3.87,3.88,,,,3.57,2.94,3.83,38,28%,11%,8%,133,99%,134,99%,132,98%,122,90%,45,33%,72%,59%,72%,47%,58%,38%,57%,45%,64%,56%,125,95%,119,98%,39,87%,0.09,-0.17,0.35,0.19,-0.14,0.51,0.45,-0.17,1.08,97,80,97,63,77,50,70,55,29,25,37,27%,130,96%,132,98%,129,98%,119,98%,45,100%,39.0,29,0,-0.06,-0.58,0.45,-0.06,-0.59,0.46,47.3,99,1,0.40,0.12,0.68,0.40,0.11,0.68,9.3,0.41,-0.18,1.01,7.4,-0.16,-0.70,0.38,10.7,-0.25,-0.85,0.34,11.6,-0.13,-0.72,0.46,9.9,0.27,-0.05,0.59,10.0,0.79,0.50,1.08,13.5,0.34,0.02,0.67,14.0,0.27,-0.05,0.59,9.7,1.9,9.4,4.5,-11.3,-0.23,32.4,49,0,0.32,-0.08,0.71,0.32,-0.09,0.72,52.5,57,1,0.68,0.31,1.05,0.67,0.30,1.04,58.7,22,0,-0.74,-1.33,-0.15,-0.74,-1.34,-0.14,45.4,8.7,9.2,14.5,13.1,8.2,4.8,20,0,0.71,0.09,1.33,0.71,0.08,1.34,45.9,10.5,8.8,12.8,13.8,10.2,3.6,47,1,0.38,-0.02,0.78,0.37,-0.04,0.78,45.2,9.3,9.7,13.0,13.2,9.1,4.2,81,0,0.25,-0.06,0.56,0.25,-0.06,0.56,45.3,9.8,9.4,12.8,13.4,9.5,3.9,126,1,0.28,0.03,0.53,0.28,0.03,0.53,,,,,,,,,,,,,,,,43.2,152,-0.13,-0.35,0.1,35.6,45,-0.59,-1.01,-0.18,46.4,107,0.07,-0.2,0.33,11,22%,4%,0%,21,37%,19%,16%,4,18%,9%,9%,30%,28%,10%,7%,11%,9%,0.01,0.62,-1.09,-0.46,0.25,0.09,0.62,-0.69,-0.48,0.38,1.01,0.42,SUPP,0.23,0.53,0.07,-0.99,0.55,-0.04,0.43,-0.40,1.01,0.24,-0.47,-1.70,0.20,-1.16,0.75,0.02,0.63,-0.44,1.10,0.14,0.06,-1.44,1.46,-1.00,1.25,-0.19,2.09,-0.07,1.25,-0.41,SUPP,SUPP,,,,27%,14%,6%,24%,8%,7%,35%,16%,10%,28%,11%,8%,37%,15%,7%,,,,,,,18%,9%,0%,31%,16%,8%,57%,,55%,100%,,,63%,42%,47%,66%,15,31%,48,84%,19,86%,60%,63%,48%,61%,30%,44%,3,6%,34,60%,17,77%,41%,41%,30%,40%,,,,,53%,31%,67%,47%,2%,20%,,,,,45,30%,107,70%,8.1,7.8,8.0,8.5,8.1,8.0,,,8,8.8,7.1,6.7,7.1,7.8,7.4,7.0,,,6.8,7.5,1089.0,0.0,0%,Above average
2,919,7032,117685,Heathlands School,,Heathlands Drive,,,St Albans,AL3 5AY,01727807807,E14000960,St Albans,0,0,CYS,Does not apply,NA,NA,MIXED,0,1,0,3-18,129,67,62,6,5,83%,1,17%,75.5,6,100%,0,0%,0,0%,5,83%,1,17%,4,67%,2,33%,0,0%,6,100%,,,,,,,29.5,4.9,0.0,0.0,18.0,3.0,0.0,0.0,11.5,1.9,9.0,1.5,2.5,0.4,0.0,0.8,6,0,100%,-1.09,-2.23,0.04,-1.09,-2.25,0.06,-1.91,-3.21,-0.60,0.36,-0.84,1.55,-1.40,-2.71,-0.09,-1.21,-2.51,0.08,0%,0%,1.51,0.25,SUPP,SUPP,0.25,NE,NE,SUPP,SUPP,SUPP,0.25,,,,1.01,1.14,0.88,0,0%,0%,0%,0,0%,6,100%,0,0%,0,0%,0,0%,0%,0%,0%,0%,NE,NE,NE,NE,NE,NE,,NE,,NE,,NE,NE,NE,NE,NE,NE,NE,NE,NE,NE,0,0,0,0,NE,NE,NE,NE,NE,NE,0,0%,0,0%,6,100%,NE,NE,NE,NE,NE,NE,SUPP,SUPP,SUPP,SUPP,SUPP,SUPP,SUPP,SUPP,SUPP,SUPP,SUPP,SUPP,SUPP,SUPP,SUPP,SUPP,SUPP,SUPP,SUPP,SUPP,SUPP,SUPP,SUPP,SUPP,SUPP,SUPP,SUPP,SUPP,SUPP,SUPP,SUPP,SUPP,SUPP,SUPP,SUPP,SUPP,SUPP,SUPP,SUPP,SUPP,SUPP,SUPP,SUPP,SUPP,SUPP,SUPP,SUPP,SUPP,SUPP,SUPP,SUPP,SUPP,SUPP,SUPP,SUPP,SUPP,4.9,6,0,-1.09,-2.23,0.04,-1.09,-2.25,0.06,NE,NE,NE,NE,NE,NE,NE,NE,NE,NE,NE,NE,NE,NE,NE,NE,NE,NE,SUPP,SUPP,SUPP,SUPP,SUPP,SUPP,SUPP,SUPP,SUPP,SUPP,SUPP,SUPP,SUPP,SUPP,SUPP,SUPP,SUPP,SUPP,SUPP,SUPP,SUPP,SUPP,SUPP,SUPP,SUPP,SUPP,SUPP,SUPP,SUPP,SUPP,SUPP,SUPP,SUPP,SUPP,SUPP,SUPP,SUPP,SUPP,SUPP,SUPP,SUPP,SUPP,SUPP,SUPP,SUPP,4.9,0.0,3.0,0.0,1.9,1.5,0.4,6,0,-1.09,-2.23,0.04,-1.09,-2.25,0.06,,,,,,,,,,,,,,,,13.8,13,-0.78,-1.54,-0.01,14.2,6,-0.72,-1.85,0.4,13.4,7,-0.83,-1.87,0.22,0,0%,0%,0%,NE,NE,NE,NE,NE,NE,NE,NE,SUPP,SUPP,SUPP,SUPP,SUPP,SUPP,NE,NE,NE,SUPP,SUPP,NE,NE,NE,SUPP,SUPP,NE,NE,NE,SUPP,SUPP,SUPP,SUPP,SUPP,SUPP,NE,NE,NE,NE,NE,NE,SUPP,SUPP,SUPP,SUPP,NE,NE,NE,NE,NE,NE,SUPP,SUPP,SUPP,SUPP,NE,NE,NE,NE,NE,NE,,,,0%,0%,0%,SUPP,SUPP,SUPP,SUPP,SUPP,SUPP,0%,0%,0%,SUPP,SUPP,SUPP,,,,,,,0%,0%,0%,0%,0%,0%,0%,,0%,100%,,,0%,0%,SUPP,SUPP,0,0%,NE,NE,NE,NE,SUPP,SUPP,SUPP,0%,SUPP,SUPP,0,0%,NE,NE,NE,NE,SUPP,SUPP,SUPP,0%,,,,,0%,0%,0%,0%,0%,0%,,,,,7,50%,7,50%,1.8,1.8,NE,NE,SUPP,SUPP,,,4.1,4,1.5,1.5,NE,NE,SUPP,SUPP,,,3.7,3.7,11.0,0.0,0%,Average
1,919,4005,117500,The Hemel Hempstead School,The Hemel Hempstead School,Heath Lane,,,Hemel Hempstead,HP1 1TX,,E14000739,Hemel Hempstead,0,0,FD,Does not apply,NSE,OTHER NON SEL,MIXED,0,0,1,11-18,1297,655,642,184,88,48%,96,52%,106.1,26,15%,103,58%,50,28%,29,16%,155,84%,25,14%,159,86%,0,0%,173,94%,2,1%,24,13%,22,12%,8928.5,48.5,1906.0,10.4,1728.0,9.4,2672.0,14.5,2622.5,14.3,2566.5,13.9,56.0,0.3,2.8,2.9,179,2,97%,-0.14,-0.34,0.07,-0.14,-0.35,0.07,-0.09,-0.33,0.15,-0.28,-0.50,-0.06,0.00,-0.24,0.24,-0.21,-0.45,0.03,72%,47%,776.31,4.22,2.77,4.49,2.07,4.08,5.76,4.12,4.50,3.92,4.32,,,,4.47,3.44,4.64,50,27%,21%,16%,176,96%,181,98%,168,91%,158,86%,66,36%,82%,70%,76%,50%,75%,55%,68%,57%,77%,59%,163,97%,156,99%,66,100%,0.05,-0.18,0.27,0.03,-0.25,0.31,0.41,-0.07,0.88,151,129,140,92,126,92,108,90,51,39,50,27%,175,95%,181,98%,165,98%,157,99%,66,100%,33.2,28,1,-0.62,-1.14,-0.10,-0.63,-1.16,-0.10,51.4,151,1,-0.05,-0.27,0.18,-0.05,-0.28,0.18,7.3,-0.68,-1.28,-0.07,6.1,-0.75,-1.30,-0.20,9.7,-0.49,-1.09,0.12,10.1,-0.66,-1.26,-0.06,10.9,0.01,-0.25,0.27,10.0,-0.19,-0.43,0.05,15.4,0.09,-0.17,0.35,15.0,-0.12,-0.38,0.13,9.4,0.7,14.8,0.2,-17.1,-0.79,27.1,26,0,-0.28,-0.82,0.27,-0.28,-0.83,0.28,47.5,103,2,-0.04,-0.31,0.24,-0.04,-0.32,0.24,63.4,50,0,-0.27,-0.66,0.13,-0.27,-0.67,0.13,46.2,10.3,9.0,14.1,12.8,12.6,0.2,21,0,-0.10,-0.70,0.50,-0.10,-0.72,0.52,52.0,11.2,9.4,15.5,15.9,15.8,0.1,95,1,0.17,-0.12,0.45,0.16,-0.12,0.45,44.7,9.4,9.4,13.5,12.4,11.9,0.5,84,1,-0.48,-0.78,-0.18,-0.48,-0.79,-0.17,49.6,10.6,9.5,14.8,14.6,14.3,0.3,172,2,-0.10,-0.31,0.12,-0.10,-0.31,0.12,,,,,,,,,,,,,,,,51.6,173,-0.17,-0.38,0.04,40.3,24,-0.77,-1.33,-0.2,53.4,149,-0.07,-0.3,0.15,4,15%,0%,0%,27,26%,19%,13%,19,38%,36%,32%,21%,28%,14%,14%,22%,16%,-0.07,0.10,-0.01,-0.36,0.11,-0.10,0.11,-0.07,-0.62,0.14,-0.60,0.64,0.37,0.94,0.33,0.25,-0.98,0.35,-0.13,0.61,-0.75,0.40,-0.19,0.40,-0.42,0.14,-1.37,0.44,-0.17,0.71,-0.90,0.48,-0.26,0.44,-0.59,2.31,-0.43,0.84,-0.18,0.77,-1.97,1.28,0.00,1.22,-0.48,,,,29%,23%,15%,19%,15%,13%,34%,26%,19%,29%,22%,17%,36%,28%,28%,,,,,,,12%,8%,8%,31%,25%,16%,67%,,74%,98%,,,76%,59%,38%,78%,3,12%,79,77%,48,96%,66%,77%,64%,74%,21%,52%,0,0%,46,45%,40,80%,45%,49%,48%,50%,,,,,52%,32%,80%,63%,1%,19%,,,,,25,14%,153,86%,7.9,7.5,7.9,8.4,7.4,8.0,,,7.5,8.1,7.9,7.2,7.9,8.4,7.1,8.0,,,7.2,7.9,1477.0,2.0,0%,Average
1,919,5420,140786,The Hertfordshire & Essex High School and Science College,,Warwick Road,,,Bishop's Stortford,CM23 5NJ,01279654127,E14000744,Hertford and Stortford,0,0,ACC,None,NSE,OTHER NON SEL,GIRLS,0,0,1,11-18,1483,185,1298,183,,0%,183,100%,108.3,11,7%,90,53%,68,40%,14,8%,169,92%,23,13%,160,87%,0,0%,181,99%,3,2%,25,14%,22,12%,11297.5,61.7,2471.0,13.5,2059.5,11.3,3275.5,17.9,3491.5,19.1,3419.5,18.7,72.0,0.4,2.9,2.9,169,0,92%,0.60,0.39,0.81,0.60,0.38,0.82,0.98,0.74,1.23,0.05,-0.18,0.27,0.45,0.21,0.70,0.86,0.61,1.10,93%,73%,1033.62,5.65,3.50,5.83,2.73,5.15,6.56,5.93,5.65,NE,5.68,,,,6.05,5.26,6.1,122,67%,61%,44%,179,98%,181,99%,179,98%,162,89%,128,70%,98%,93%,93%,74%,92%,78%,91%,78%,96%,80%,165,92%,149,92%,118,92%,0.44,0.22,0.67,0.65,0.36,0.94,0.79,0.43,1.14,179,170,170,135,165,139,147,127,123,103,120,66%,179,98%,181,99%,178,99%,162,100%,127,99%,41.2,14,0,-0.16,-0.90,0.58,-0.16,-0.92,0.59,63.4,155,0,0.67,0.45,0.89,0.67,0.44,0.89,10.2,0.46,-0.40,1.31,7.0,-0.66,-1.44,0.12,11.1,-0.35,-1.21,0.50,12.9,-0.04,-0.89,0.81,13.8,1.03,0.77,1.29,11.6,0.11,-0.12,0.34,18.5,0.53,0.27,0.78,19.6,0.94,0.69,1.20,12.9,0.0,19.2,0.4,-9.1,-0.33,34.5,11,0,0.33,-0.50,1.17,0.33,-0.52,1.18,57.5,90,0,0.80,0.51,1.10,0.80,0.51,1.10,70.0,68,0,0.37,0.04,0.71,0.37,0.03,0.71,62.8,13.1,11.5,19.4,18.8,18.5,0.3,17,0,0.54,-0.13,1.21,0.54,-0.14,1.22,61.7,13.5,11.3,17.9,19.1,18.7,0.4,169,0,0.60,0.39,0.81,0.60,0.38,0.82,NE,NE,NE,NE,NE,NE,NE,NE,NE,NE,NE,NE,NE,NE,NE,62.1,13.6,11.3,18.0,19.2,18.8,0.4,167,0,0.63,0.41,0.84,0.63,0.41,0.85,,,,,,,,,,,,,,,,65.9,166,0.61,0.39,0.82,58.3,11,0.74,-0.1,1.57,66.4,155,0.6,0.38,0.82,1,9%,9%,9%,59,66%,54%,32%,53,78%,76%,60%,29%,70%,21%,14%,64%,46%,0.76,0.64,0.14,0.31,0.45,0.81,0.74,0.51,0.68,0.64,SUPP,0.75,0.82,SUPP,0.81,1.17,-0.56,0.68,0.22,1.72,-0.19,0.94,0.33,0.49,-0.21,1.86,-0.49,0.94,0.35,2.14,-0.52,1.14,0.34,0.96,0.07,SUPP,SUPP,1.17,0.44,SUPP,SUPP,1.24,0.25,1.34,0.30,,,,65%,61%,50%,NE,NE,NE,67%,61%,44%,67%,61%,44%,74%,61%,43%,,,,,,,64%,64%,36%,66%,61%,51%,91%,,90%,99%,,,91%,81%,57%,96%,5,45%,84,93%,68,100%,NE,93%,96%,93%,36%,76%,2,18%,63,70%,58,85%,NE,73%,57%,73%,,,,,82%,55%,92%,83%,5%,28%,,,,,11,6%,168,94%,8.3,5.9,8.0,8.9,6.2,8.5,,,8.3,8.6,8.1,5.6,7.8,8.9,6.1,8.3,,,8.1,8.4,1528.0,1.0,0%,Well above average
1,919,4001,138747,Hertswood Academy,,Cowley Hill,,,Borehamwood,WD6 5LG,02082387200,E14000745,Hertsmere,0,0,ACC,Does not apply,NSE,OTHER NON SEL,MIXED,0,0,1,11-18,1216,649,567,218,124,57%,94,43%,103.1,52,27%,107,56%,31,16%,72,33%,146,67%,59,27%,158,72%,1,0%,193,89%,1,0%,21,10%,20,9%,8601.8,39.5,1749.0,8.0,1834.0,8.4,2448.0,11.2,2570.8,11.8,1908.0,8.8,662.8,3.0,2.7,2.7,190,4,87%,-0.34,-0.55,-0.14,-0.36,-0.57,-0.16,-0.59,-0.82,-0.35,0.01,-0.20,0.23,-0.42,-0.65,-0.19,-0.40,-0.63,-0.17,48%,36%,725.97,3.33,2.66,3.66,2.06,3.45,5.69,3.63,3.80,2.97,3.46,,,,3.51,2.74,3.86,45,21%,7%,4%,206,94%,213,98%,211,97%,189,87%,50,23%,58%,42%,58%,47%,49%,37%,44%,34%,64%,52%,184,87%,170,90%,36,72%,-0.30,-0.51,-0.08,-0.64,-0.91,-0.36,-0.78,-1.42,-0.13,126,92,126,102,103,78,83,64,32,26,36,17%,200,92%,203,93%,197,93%,177,94%,43,86%,31.6,61,1,-0.76,-1.11,-0.40,-0.76,-1.12,-0.40,43.3,129,3,-0.15,-0.39,0.09,-0.17,-0.42,0.07,6.6,-0.88,-1.29,-0.47,6.4,-0.57,-0.94,-0.19,9.0,-0.80,-1.21,-0.39,9.5,-0.76,-1.17,-0.35,8.7,-0.45,-0.73,-0.16,9.4,0.29,0.03,0.55,12.3,-0.24,-0.52,0.04,12.9,-0.23,-0.51,0.05,6.5,3.0,9.8,3.1,-18.7,-0.93,26.6,52,0,-0.13,-0.52,0.25,-0.13,-0.52,0.26,41.5,107,3,-0.51,-0.78,-0.24,-0.51,-0.79,-0.24,63.5,31,1,-0.14,-0.64,0.35,-0.22,-0.73,0.28,40.9,8.0,8.8,12.3,11.9,8.5,3.4,41,0,0.28,-0.15,0.71,0.28,-0.16,0.72,45.3,9.4,9.1,12.6,14.0,11.7,2.3,84,0,0.12,-0.18,0.42,0.12,-0.19,0.43,35.1,6.9,7.9,10.2,10.1,6.5,3.6,106,4,-0.71,-0.98,-0.45,-0.75,-1.02,-0.47,41.2,8.4,8.8,11.6,12.4,9.2,3.2,183,4,-0.28,-0.49,-0.08,-0.30,-0.51,-0.09,,,,,,,,,,,,,,,,41.3,194,-0.45,-0.65,-0.25,32.8,65,-1.14,-1.49,-0.8,45.2,129,-0.1,-0.34,0.14,3,6%,2%,0%,17,16%,3%,1%,16,52%,32%,26%,13%,25%,4%,3%,8%,5%,-0.20,-0.45,0.10,-0.64,-0.14,-0.22,-0.87,-0.38,-0.99,-0.48,SUPP,-0.71,-1.22,0.48,-1.08,-0.26,-1.02,0.12,-0.39,0.21,-0.61,-0.17,-0.74,0.63,-0.42,-0.50,-1.47,-0.16,-0.80,0.34,-0.77,-0.52,-1.23,0.28,-1.03,1.94,-0.99,-0.36,-1.80,SUPP,SUPP,0.24,-1.65,-0.25,-2.19,,,,37%,13%,8%,16%,3%,2%,27%,12%,6%,21%,8%,5%,37%,14%,8%,,,,,,,29%,12%,9%,41%,13%,7%,43%,,53%,97%,,,59%,36%,31%,56%,9,17%,64,60%,27,87%,41%,56%,51%,52%,17%,45%,5,10%,45,42%,27,87%,27%,47%,31%,40%,,,,,40%,29%,67%,39%,2%,11%,,,,,65,31%,143,69%,8.3,7.9,8.2,9.5,7.9,8.5,,,7,8,7.3,6.7,7.3,9.0,6.9,7.6,,,6.3,7.2,1849.0,1.0,0%,Below average
1,919,4122,117537,The Highfield School,The Highfield School,Highfield,,,Letchworth Garden City,SG6 3QA,01462620500,E14000845,North East Hertfordshire,0,0,FD,Does not apply,NSE,OTHER NON SEL,MIXED,0,0,1,11-18,987,466,521,156,78,50%,78,50%,103.7,39,27%,78,53%,30,20%,42,27%,114,73%,15,10%,141,90%,0,0%,150,96%,6,4%,30,19%,24,15%,6987.3,44.8,1494.0,9.6,1388.0,8.9,2070.5,13.3,2034.8,13.0,1854.5,11.9,180.3,1.2,2.7,2.7,147,6,94%,-0.11,-0.33,0.12,-0.13,-0.36,0.10,-0.12,-0.39,0.14,-0.07,-0.31,0.17,-0.03,-0.30,0.23,-0.28,-0.54,-0.01,60%,43%,637.67,4.09,2.88,4.53,2.22,4.20,6.19,4.57,4.09,4.09,4.09,,,,4.29,2.39,4.85,76,49%,31%,22%,147,94%,152,97%,146,94%,139,89%,79,51%,69%,54%,64%,49%,65%,49%,62%,50%,67%,54%,137,94%,132,95%,73,92%,0.11,-0.14,0.35,0.09,-0.21,0.40,-0.25,-0.70,0.21,107,84,100,77,95,71,86,69,53,43,76,49%,144,92%,149,96%,142,97%,138,99%,79,100%,32.4,39,3,-0.96,-1.40,-0.52,-0.99,-1.45,-0.54,49.3,108,3,0.20,-0.06,0.47,0.18,-0.09,0.45,6.9,-1.11,-1.62,-0.59,6.9,-0.64,-1.10,-0.17,9.5,-0.88,-1.39,-0.37,9.2,-1.27,-1.78,-0.76,10.6,0.23,-0.07,0.54,9.6,0.14,-0.14,0.42,14.7,0.28,-0.03,0.58,14.5,0.08,-0.22,0.39,7.7,1.5,13.4,1.0,-17.9,-1.13,27.7,39,0,0.05,-0.40,0.49,0.05,-0.41,0.50,45.8,78,4,-0.17,-0.49,0.14,-0.19,-0.51,0.13,64.7,30,2,-0.13,-0.64,0.38,-0.20,-0.72,0.31,48.2,9.7,10.1,15.1,13.2,12.7,0.6,10,1,0.62,-0.26,1.50,0.58,-0.31,1.48,45.5,10.1,8.6,13.1,13.8,12.5,1.3,74,3,-0.07,-0.40,0.25,-0.10,-0.43,0.23,44.1,9.1,9.2,13.5,12.3,11.3,1.0,73,3,-0.14,-0.46,0.19,-0.16,-0.49,0.17,45.0,9.7,8.9,13.3,13.1,12.0,1.2,145,5,-0.06,-0.29,0.17,-0.08,-0.32,0.15,,,,,,,,,,,,,,,,48.3,132,0.13,-0.11,0.37,29.3,32,-1.07,-1.55,-0.58,54,100,0.52,0.24,0.79,1,3%,3%,3%,46,59%,28%,17%,25,83%,73%,63%,21%,59%,17%,14%,36%,25%,0.28,0.12,-0.15,-0.26,0.21,0.18,0.08,0.02,-0.45,0.25,SUPP,-0.37,-0.24,-0.23,-0.25,0.27,-0.78,0.48,-0.07,0.78,-0.21,0.46,-0.21,0.38,-0.69,0.19,-1.10,0.60,-0.10,0.79,-0.44,0.50,-0.33,0.68,-0.65,1.14,-1.60,0.23,-0.73,SUPP,SUPP,0.21,-0.94,0.54,-1.02,,,,41%,31%,24%,53%,31%,21%,45%,31%,24%,49%,31%,23%,47%,33%,27%,,,,,,,13%,3%,3%,49%,39%,30%,58%,,64%,96%,,,66%,48%,31%,71%,7,18%,55,71%,28,93%,65%,55%,60%,61%,26%,49%,4,10%,35,45%,26,87%,44%,42%,53%,43%,,,,,31%,16%,76%,57%,1%,37%,,,,,32,23%,108,77%,8.1,6.8,8.2,9.4,6.9,8.6,,,6.9,8.5,7.7,6.0,7.9,9.2,6.3,8.2,,,6.2,8.1,1304.0,0.0,0%,Average
1,919,4008,139154,Hitchin Boys' School,,Grammar School Walk,,,Hitchin,SG5 1JB,01462432181,E14000749,Hitchin and Harpenden,0,0,ACC,Does not apply,NSE,OTHER NON SEL,BOYS,0,0,1,11-18,1307,1306,1,208,208,100%,,0%,107.1,22,11%,107,54%,68,35%,24,12%,184,88%,12,6%,195,94%,1,0%,206,99%,4,2%,31,15%,27,13%,11869.0,57.1,2434.0,11.7,2402.0,11.5,3662.0,17.6,3371.0,16.2,3123.0,15.0,248.0,1.2,2.9,2.9,197,2,95%,0.39,0.19,0.59,0.39,0.19,0.59,0.27,0.04,0.50,0.49,0.29,0.70,0.69,0.46,0.92,0.10,-0.13,0.32,87%,71%,1140.64,5.48,4.04,5.67,3.42,5.02,6.74,5.90,NE,5.48,5.51,,,,5.43,4.09,5.54,169,81%,57%,41%,206,99%,208,100%,204,98%,201,97%,171,82%,90%,81%,89%,75%,88%,76%,80%,68%,78%,62%,193,95%,191,95%,162,95%,0.70,0.49,0.90,0.32,0.06,0.57,0.19,-0.12,0.49,188,169,186,157,180,155,161,136,134,106,166,80%,206,99%,208,100%,202,99%,200,100%,169,99%,42.7,24,0,-0.24,-0.81,0.32,-0.24,-0.82,0.33,58.9,173,2,0.48,0.27,0.69,0.48,0.26,0.69,8.9,-0.42,-1.07,0.24,8.9,0.04,-0.55,0.64,13.5,0.19,-0.47,0.84,11.4,-0.75,-1.40,-0.10,12.1,0.37,0.12,0.61,11.9,0.56,0.33,0.78,18.1,0.76,0.52,1.00,16.8,0.21,-0.03,0.46,9.6,1.8,15.7,1.1,-7.6,-0.41,38.6,22,0,0.86,0.27,1.45,0.86,0.25,1.46,52.2,107,0,0.46,0.19,0.73,0.46,0.19,0.73,69.1,68,2,0.13,-0.20,0.47,0.13,-0.22,0.47,60.9,11.8,13.3,19.4,16.4,15.3,1.0,10,0,1.67,0.79,2.55,1.67,0.78,2.56,NE,NE,NE,NE,NE,NE,NE,NE,NE,NE,NE,NE,NE,NE,NE,57.1,11.7,11.5,17.6,16.2,15.0,1.2,197,2,0.39,0.19,0.59,0.39,0.19,0.59,57.3,11.8,11.6,17.7,16.3,15.1,1.2,196,2,0.41,0.22,0.61,0.41,0.21,0.61,,,,,,,,,,,,,,,,57,159,0.31,0.09,0.53,44.8,13,-0.42,-1.18,0.35,58,146,0.37,0.14,0.6,8,36%,14%,9%,93,87%,53%,29%,60,88%,76%,69%,54%,85%,29%,21%,61%,44%,1.25,0.73,0.46,0.31,0.75,0.67,0.48,-0.05,-0.46,0.42,0.29,0.19,0.16,0.18,0.19,0.91,-0.29,0.97,0.53,1.88,0.62,1.01,0.45,0.81,0.11,0.27,-1.20,0.69,0.15,1.44,-0.10,0.83,0.14,0.38,-0.48,1.26,-0.89,0.50,-0.13,1.67,-1.08,0.59,-0.21,0.66,-0.34,,,,78%,61%,46%,81%,57%,41%,NE,NE,NE,82%,58%,42%,75%,67%,50%,,,,,,,69%,39%,23%,78%,63%,48%,83%,,87%,100%,,,88%,74%,63%,90%,10,45%,93,87%,67,99%,87%,NE,83%,87%,33%,76%,5,23%,69,64%,64,94%,71%,NE,75%,71%,,,,,77%,39%,89%,77%,6%,51%,,,,,13,8%,153,92%,9.0,7.9,8.7,9.8,8.4,9.1,,,7.2,8.9,8.6,6.7,8.3,9.5,7.5,8.7,,,6.9,8.5,1874.0,3.0,0%,Above average
1,919,4009,137288,Hitchin Girls' School,,Highbury Road,,,Hitchin,SG4 9RS,01462621300,E14000749,Hitchin and Harpenden,0,0,ACC,Does not apply,NSE,OTHER NON SEL,GIRLS,0,0,1,11-18,1368,,1368,202,,0%,202,100%,107.5,23,12%,87,45%,85,44%,16,8%,186,92%,24,12%,178,88%,0,0%,197,98%,3,1%,25,12%,22,11%,11878.0,58.8,2595.0,12.8,2202.0,10.9,3486.0,17.3,3595.0,17.8,3435.5,17.0,159.5,0.8,2.9,3.0,195,0,97%,0.53,0.33,0.73,0.53,0.33,0.73,0.81,0.58,1.04,0.12,-0.09,0.33,0.53,0.30,0.76,0.62,0.40,0.85,84%,66%,1035.14,5.12,3.61,5.25,2.72,4.44,6.50,5.81,5.12,NE,5.14,,,,5.73,4.72,5.85,73,36%,28%,23%,201,100%,201,100%,198,98%,181,90%,83,41%,93%,86%,85%,67%,84%,69%,77%,68%,77%,71%,191,96%,175,97%,80,96%,0.49,0.28,0.70,0.60,0.33,0.87,0.55,0.11,0.98,188,174,172,136,166,137,140,123,64,59,69,34%,201,100%,200,99%,192,97%,178,98%,78,94%,45.3,16,0,-0.11,-0.81,0.58,-0.11,-0.82,0.59,60.0,179,0,0.59,0.38,0.80,0.59,0.38,0.80,10.8,0.39,-0.41,1.19,8.1,-0.49,-1.22,0.24,12.3,-0.34,-1.14,0.46,14.1,0.02,-0.77,0.82,13.0,0.85,0.61,1.09,11.1,0.17,-0.05,0.39,17.7,0.61,0.37,0.84,18.1,0.68,0.44,0.92,13.6,0.5,17.3,0.8,-5.0,-0.28,34.8,23,0,0.40,-0.17,0.98,0.40,-0.18,0.99,52.6,87,0,0.59,0.30,0.89,0.59,0.29,0.90,71.8,85,0,0.50,0.20,0.80,0.50,0.19,0.81,64.3,14.3,11.9,19.3,18.9,17.7,1.1,19,0,0.83,0.20,1.47,0.83,0.19,1.48,58.8,12.8,10.9,17.3,17.8,17.0,0.8,195,0,0.53,0.33,0.73,0.53,0.33,0.73,NE,NE,NE,NE,NE,NE,NE,NE,NE,NE,NE,NE,NE,NE,NE,59.0,12.9,10.9,17.4,17.8,17.0,0.8,193,0,0.55,0.35,0.75,0.55,0.35,0.75,,,,,,,,,,,,,,,,64.6,164,0.79,0.57,1.01,53.2,18,0.28,-0.37,0.93,65.9,146,0.85,0.62,1.08,2,9%,4%,0%,27,31%,18%,13%,42,49%,45%,41%,13%,38%,6%,6%,30%,25%,0.21,0.44,0.61,-0.20,0.55,0.19,0.56,0.75,-0.77,0.70,SUPP,0.58,0.59,SUPP,0.57,0.54,-0.94,0.76,0.33,0.82,-0.40,0.75,0.13,0.92,0.29,0.25,-1.78,0.98,0.43,0.98,-0.60,0.96,0.16,1.15,0.35,SUPP,SUPP,1.01,0.12,SUPP,SUPP,1.27,-0.12,1.16,0.03,,,,40%,35%,31%,NE,NE,NE,36%,28%,23%,36%,28%,23%,54%,42%,33%,,,,,,,28%,22%,22%,41%,37%,32%,81%,,90%,100%,,,92%,77%,81%,84%,9,39%,70,80%,85,100%,NE,84%,92%,83%,50%,68%,2,9%,44,51%,83,98%,NE,66%,75%,66%,,,,,67%,50%,95%,80%,5%,29%,,,,,18,11%,148,89%,8.3,7.3,8.0,8.8,7.8,8.3,,,7.9,8.4,8.1,7.0,7.8,8.7,7.6,8.1,,,7.7,8.3,1671.0,1.0,0%,Well above average
1,919,5427,136482,Hockerill Anglo-European College,,Dunmow Road,,Hockerill Anglo-European College,Bishop's Stortford,CM23 5HX,01279658451,E14000744,Hertford and Stortford,0,0,ACC,None,NSE,OTHER NON SEL,MIXED,0,0,1,11-18,925,465,460,131,68,52%,63,48%,109.2,6,6%,34,36%,55,58%,4,3%,127,97%,7,5%,123,94%,1,1%,130,99%,4,3%,19,15%,15,11%,8458.5,64.6,1751.0,13.4,1514.0,11.6,2727.0,20.8,2466.5,18.8,2425.5,18.5,41.0,0.3,2.9,2.9,95,1,73%,0.51,0.23,0.80,0.51,0.22,0.80,0.56,0.23,0.89,-0.06,-0.36,0.24,0.99,0.66,1.32,0.38,0.05,0.71,90%,75%,845.13,6.45,SUPP,SUPP,1.83,5.74,7.12,7.67,6.68,6.24,6.44,,,,6.49,4.63,6.68,122,93%,85%,67%,123,94%,129,98%,126,96%,124,95%,127,97%,93%,88%,91%,76%,95%,87%,93%,86%,94%,86%,91,72%,89,72%,91,72%,0.82,0.52,1.12,0.88,0.51,1.25,1.32,0.91,1.72,122,115,119,100,120,110,115,107,120,109,122,93%,123,94%,129,98%,126,100%,124,100%,127,100%,SUPP,SUPP,SUPP,SUPP,SUPP,SUPP,SUPP,SUPP,SUPP,SUPP,SUPP,SUPP,SUPP,SUPP,SUPP,SUPP,SUPP,SUPP,SUPP,SUPP,SUPP,SUPP,SUPP,SUPP,SUPP,SUPP,SUPP,SUPP,SUPP,SUPP,SUPP,SUPP,SUPP,SUPP,SUPP,SUPP,SUPP,SUPP,SUPP,SUPP,SUPP,SUPP,SUPP,SUPP,SUPP,SUPP,SUPP,SUPP,SUPP,SUPP,SUPP,SUPP,SUPP,SUPP,SUPP,SUPP,19.7,6,0,-0.20,-1.34,0.93,-0.20,-1.36,0.95,57.6,34,0,0.77,0.30,1.25,0.77,0.29,1.25,71.4,55,1,0.43,0.06,0.81,0.43,0.04,0.81,76.6,16.0,12.6,25.0,23.1,21.9,1.2,SUPP,SUPP,SUPP,SUPP,SUPP,SUPP,SUPP,SUPP,67.3,14.2,11.4,21.6,20.1,19.7,0.4,46,1,0.75,0.35,1.16,0.74,0.33,1.16,62.0,12.6,11.7,20.1,17.7,17.5,0.2,49,0,0.29,-0.11,0.68,0.29,-0.11,0.69,64.5,13.3,11.6,20.8,18.8,18.5,0.3,95,1,0.51,0.23,0.80,0.51,0.22,0.80,,,,,,,,,,,,,,,,64.9,81,0.4,0.09,0.71,47.1,9,-0.5,-1.42,0.42,66.7,72,0.51,0.19,0.84,2,33%,0%,0%,32,94%,74%,56%,54,98%,98%,80%,SUPP,SUPP,SUPP,SUPP,SUPP,SUPP,SUPP,1.26,0.56,SUPP,SUPP,SUPP,1.03,0.83,SUPP,SUPP,SUPP,1.37,1.31,SUPP,SUPP,SUPP,SUPP,SUPP,SUPP,SUPP,SUPP,1.76,0.76,0.95,0.17,SUPP,SUPP,SUPP,SUPP,SUPP,SUPP,1.64,0.42,1.31,0.35,SUPP,SUPP,SUPP,SUPP,SUPP,SUPP,2.05,0.70,1.84,0.78,,,,94%,83%,69%,90%,82%,68%,97%,87%,67%,94%,85%,68%,100%,100%,57%,,,,,,,70%,50%,30%,96%,87%,72%,89%,,90%,100%,,,92%,77%,SUPP,SUPP,0,0%,32,94%,54,98%,90%,90%,100%,91%,SUPP,SUPP,0,0%,22,65%,50,91%,76%,73%,57%,75%,,,,,70%,40%,94%,81%,89%,54%,,,,,10,9%,98,91%,8.9,5.0,8.4,9.5,SUPP,SUPP,,,8,9.1,8.9,5.0,8.4,9.4,SUPP,SUPP,,,8,9.1,1177.0,0.0,0%,Well above average
1,919,6231,117657,Immanuel College,,87-91 Elstree Road,,,Bushey,WD23 4EB,02089500604,E14000745,Hertsmere,0,0,IND,Jewish,,NA,MIXED,0,0,1,4-19,660,356,304,88,56,64%,32,36%,NP,NP,NP,NP,NP,NP,NP,NP,NP,NP,NP,NP,NP,NP,NP,NP,NP,NP,NP,NA,NA,NA,NA,NA,NA,1810.9,20.6,0.0,0.0,14.0,0.2,1145.0,13.0,651.9,7.4,572.0,6.5,79.9,0.9,1.9,1.1,NP,NP,NP,NP,NP,NP,NP,NP,NP,NP,NP,NP,NP,NP,NP,NP,NP,NP,NP,NP,NP,0%,0%,183.46,2.08,NP,NP,NP,NP,NP,NP,2.02,2.12,NP,,,,1.87,NP,NP,0,0%,0%,0%,0,0%,1,1%,55,63%,0,0%,54,61%,0%,0%,1%,1%,96%,78%,NE,NE,100%,98%,NP,NP,NP,NP,NP,NP,NP,NP,NP,NP,NP,NP,NP,NP,NP,0,0,1,1,53,43,NE,NE,54,53,0,0%,0,0%,1,1%,54,98%,NE,NE,54,100%,NP,NP,NP,NP,NP,NP,NP,NP,NP,NP,NP,NP,NP,NP,NP,NP,NP,NP,NP,NP,NP,NP,NP,NP,NP,NP,NP,NP,NP,NP,NP,NP,NP,NP,NP,NP,NP,NP,NP,NP,NP,NP,NP,NP,NP,NP,NP,NP,NP,NP,NP,NP,NP,NP,NP,NP,NP,NP,NP,NP,NP,NP,NP,NP,NP,NP,NP,NP,NP,NP,NP,NP,NP,NP,NP,NP,NP,NP,NP,NP,NP,NP,NP,NP,NP,NP,NP,NP,NP,NP,NP,NP,NP,NP,NP,NP,NP,NP,23.3,0.0,0.0,12.1,11.2,10.6,0.6,NP,NP,NP,NP,NP,NP,NP,NP,19.0,0.0,0.3,13.5,5.2,4.2,1.1,NP,NP,NP,NP,NP,NP,NP,NP,NP,NP,NP,NP,NP,NP,NP,NP,NP,NP,NP,NP,NP,NP,NP,,,,,,,,,,,,,,,,18.6,NP,NP,NP,NP,NP,NP,NP,NP,NP,NP,NP,NP,NP,NP,NP,NP,NP,NP,NP,NP,NP,NP,NP,NP,NP,NP,NP,NP,NP,NP,NP,NP,NP,NP,NP,NP,NP,NP,NP,NP,NP,NP,NP,NP,NP,NP,NP,NP,NP,NP,NP,NP,NP,NP,NP,NP,NP,NP,NP,NP,NP,NP,NP,NP,NP,NP,NP,NP,NP,NP,NP,NP,NP,NP,NP,NP,NP,,,,0%,0%,0%,0%,0%,0%,0%,0%,0%,NP,NP,NP,NP,NP,NP,,,,,,,NP,NP,NP,NP,NP,NP,0%,,0%,98%,,,0%,0%,NP,NP,NP,NP,NP,NP,NP,NP,0%,0%,NP,NP,NP,NP,NP,NP,NP,NP,NP,NP,0%,0%,NP,NP,,,,,NP,NP,NP,NP,11%,0%,,,,,NP,NP,NP,NP,2.4,NP,NP,NP,NP,NP,,,NP,NP,2.2,NP,NP,NP,NP,NP,,,NP,NP,216.0,0.0,0%
2,919,7030,149736,James Marks Academy,,C/O Roman Fields Academy,11 Box Lane,,Hemel Hempstead,HP3 0DF,,E14000951,South West Hertfordshire,0,0,FS,Does not apply,NSE,NA,MIXED,0,0,0,11-18,NEW
1,919,4619,117557,John F Kennedy Catholic School,John F Kennedy Catholic School,Hollybush Lane,,,Hemel Hempstead,HP1 2PH,01442266150,E14000739,Hemel Hempstead,0,0,VA,Roman Catholic,NSE,OTHER NON SEL,MIXED,0,0,1,11-18,1125,581,544,180,99,55%,81,45%,105.1,32,18%,106,60%,38,22%,20,11%,160,89%,38,21%,142,79%,0,0%,174,97%,4,2%,14,8%,10,6%,8859.0,49.2,1966.0,10.9,1720.0,9.6,2486.5,13.8,2686.5,14.9,2686.5,14.9,0.0,0.0,2.8,2.9,176,1,98%,0.14,-0.07,0.35,0.14,-0.07,0.35,0.37,0.13,0.61,0.07,-0.15,0.29,0.00,-0.24,0.24,0.18,-0.06,0.42,76%,53%,745.51,4.14,2.63,4.33,2.28,4.27,5.53,5.07,4.49,3.85,4.22,,,,4.51,4.73,4.49,44,24%,18%,11%,174,97%,176,98%,171,95%,137,76%,64,36%,84%,75%,78%,57%,71%,51%,69%,55%,89%,73%,168,98%,135,99%,64,100%,-0.12,-0.34,0.10,0.12,-0.18,0.43,1.39,0.91,1.88,152,135,141,103,122,88,95,76,57,47,44,24%,173,96%,174,97%,168,98%,136,99%,64,100%,31.2,20,0,-0.75,-1.37,-0.13,-0.75,-1.38,-0.11,51.5,156,1,0.25,0.03,0.48,0.25,0.03,0.48,7.9,-0.32,-1.03,0.40,6.2,-0.60,-1.25,0.05,7.9,-0.98,-1.70,-0.27,9.3,-0.89,-1.60,-0.18,11.3,0.46,0.20,0.71,10.0,0.15,-0.08,0.38,14.6,0.13,-0.13,0.38,15.6,0.31,0.06,0.57,9.3,0.0,15.6,0.0,-19.1,-0.92,28.4,32,0,-0.10,-0.59,0.39,-0.10,-0.60,0.40,50.7,106,1,0.34,0.07,0.61,0.34,0.07,0.61,64.8,38,0,-0.22,-0.67,0.23,-0.22,-0.67,0.24,57.6,11.6,11.3,17.5,17.1,17.1,0.0,38,0,0.63,0.18,1.08,0.63,0.17,1.09,54.3,12.5,9.8,14.8,17.2,17.2,0.0,81,0,0.42,0.11,0.73,0.42,0.11,0.74,45.0,9.6,9.4,13.0,13.1,13.1,0.0,95,1,-0.10,-0.38,0.19,-0.10,-0.39,0.19,50.1,11.1,9.7,14.1,15.2,15.2,0.0,171,1,0.21,0.00,0.43,0.21,0.00,0.43,,,,,,,,,,,,,,,,54,176,0.01,-0.2,0.22,56.7,11,0.39,-0.44,1.22,53.8,165,-0.01,-0.23,0.2,4,13%,3%,3%,31,29%,22%,12%,9,24%,21%,16%,20%,25%,15%,10%,18%,11%,-0.30,0.06,-0.45,-0.44,-0.09,-0.04,0.34,-0.44,-0.44,0.19,1.70,1.63,0.76,SUPP,1.41,0.30,-1.18,0.15,-0.32,0.24,-0.85,0.34,-0.23,0.01,-0.92,0.47,-1.35,0.52,-0.13,0.71,-0.79,0.72,-0.04,0.24,-1.12,SUPP,SUPP,1.91,0.91,3.17,0.23,2.25,1.01,1.68,-0.15,,,,27%,20%,17%,22%,17%,8%,27%,19%,15%,25%,18%,11%,39%,34%,21%,,,,,,,36%,18%,18%,26%,20%,17%,73%,,82%,98%,,,85%,61%,50%,79%,6,19%,91,86%,38,100%,72%,81%,95%,78%,25%,57%,2,6%,57,54%,35,92%,51%,57%,68%,55%,,,,,100%,73%,84%,60%,3%,29%,,,,,11,6%,167,94%,8.3,7.2,8.3,9.4,6.6,8.5,,,8.7,8.9,8.3,7.2,8.3,9.4,6.6,8.5,,,8.7,8.9,1501.0,1.0,0%,Average
1,919,5426,136607,The John Warner School,,Stanstead Road,,,Hoddesdon,EN11 0QF,01992462889,E14000606,Broxbourne,0,0,ACC,None,NSE,OTHER NON SEL,MIXED,0,0,1,11-18,1203,643,560,219,123,56%,96,44%,104.9,42,20%,120,57%,49,23%,34,16%,185,84%,21,10%,195,89%,3,1%,215,98%,2,1%,19,9%,17,8%,9066.8,41.4,2076.0,9.5,1868.0,8.5,2539.0,11.6,2583.8,11.8,2418.0,11.0,165.8,0.8,2.7,2.7,211,1,96%,-0.59,-0.78,-0.40,-0.60,-0.79,-0.41,-0.30,-0.52,-0.08,-0.41,-0.61,-0.21,-0.70,-0.92,-0.48,-0.83,-1.05,-0.61,64%,39%,767.54,3.50,2.11,3.76,1.56,3.61,5.11,3.86,3.65,3.39,3.53,,,,4.08,2.76,4.3,51,23%,12%,7%,198,90%,219,100%,207,95%,183,84%,65,30%,74%,61%,70%,45%,48%,30%,52%,39%,66%,48%,199,96%,177,97%,64,98%,-0.80,-1.01,-0.60,-0.52,-0.78,-0.25,-0.37,-0.86,0.12,161,133,154,98,99,62,96,72,43,31,50,23%,196,89%,212,97%,199,96%,174,95%,64,98%,26.5,33,0,-1.37,-1.86,-0.89,-1.37,-1.87,-0.88,44.1,178,1,-0.45,-0.65,-0.24,-0.46,-0.67,-0.24,6.9,-0.93,-1.49,-0.38,5.5,-1.14,-1.65,-0.63,6.7,-1.56,-2.12,-1.01,7.4,-1.64,-2.19,-1.08,10.0,-0.18,-0.42,0.06,9.1,-0.28,-0.49,-0.06,12.5,-0.54,-0.78,-0.30,12.6,-0.68,-0.92,-0.44,7.0,0.4,11.8,0.8,-23.8,-1.54,19.6,42,0,-0.96,-1.39,-0.53,-0.96,-1.39,-0.52,42.9,120,0,-0.41,-0.66,-0.16,-0.41,-0.67,-0.15,58.9,49,1,-0.72,-1.12,-0.33,-0.76,-1.17,-0.36,43.1,9.6,8.3,13.4,11.9,11.2,0.6,16,0,0.04,-0.66,0.73,0.04,-0.67,0.74,43.8,10.2,8.4,12.0,13.2,12.1,1.0,92,1,-0.48,-0.77,-0.20,-0.50,-0.80,-0.21,39.6,8.9,8.7,11.2,10.7,10.2,0.5,119,0,-0.67,-0.93,-0.42,-0.67,-0.93,-0.41,41.7,9.5,8.6,11.7,11.9,11.1,0.8,209,1,-0.57,-0.77,-0.38,-0.58,-0.78,-0.39,,,,,,,,,,,,,,,,46.1,218,-0.44,-0.63,-0.26,32.2,31,-1.11,-1.61,-0.62,48.5,187,-0.33,-0.54,-0.13,1,2%,0%,0%,32,27%,10%,4%,17,35%,29%,20%,12%,25%,6%,3%,13%,8%,-0.83,-0.71,-1.00,-1.50,-0.68,-0.73,-0.40,-0.65,-1.58,-0.34,SUPP,-0.04,-1.09,SUPP,-0.42,-0.97,-2.04,-0.46,-0.90,-0.36,-1.30,-0.44,-0.98,-0.58,-1.42,-0.88,-2.29,-0.06,-0.63,-0.09,-1.36,-0.06,-0.75,-0.10,-1.21,SUPP,SUPP,0.08,-0.92,SUPP,SUPP,0.59,-0.67,-0.30,-1.89,,,,33%,23%,17%,21%,11%,4%,26%,14%,10%,24%,12%,7%,33%,19%,10%,,,,,,,12%,6%,6%,37%,26%,19%,54%,,63%,98%,,,75%,43%,38%,69%,4,10%,88,73%,46,94%,63%,66%,67%,65%,18%,43%,0,0%,42,35%,41,84%,40%,38%,33%,39%,,,,,52%,18%,79%,47%,4%,67%,,,,,33,15%,193,85%,8.8,6.8,9.3,9.6,7.6,9.0,,,7.8,8.9,8.3,6.0,8.8,9.4,7.2,8.5,,,7,8.3,1965.0,2.0,0%,Well below average
1,919,4030,145890,Katherine Warington School,,Lower Luton Road,,,Harpenden,AL5 5FH,01582314777,E14000749,Hitchin and Harpenden,0,0,F,Unknown,NR,OTHER NON SEL,MIXED,0,0,0,11-19,744,437,307,1,SUPP,SUPP,SUPP,SUPP,SUPP,SUPP,SUPP,SUPP,SUPP,SUPP,SUPP,SUPP,SUPP,SUPP,SUPP,SUPP,SUPP,SUPP,SUPP,SUPP,SUPP,SUPP,SUPP,SUPP,SUPP,SUPP,SUPP,SUPP,SUPP,SUPP,SUPP,SUPP,SUPP,SUPP,SUPP,SUPP,SUPP,SUPP,SUPP,SUPP,SUPP,SUPP,SUPP,SUPP,SUPP,SUPP,SUPP,SUPP,SUPP,SUPP,SUPP,SUPP,SUPP,SUPP,SUPP,SUPP,SUPP,SUPP,SUPP,SUPP,SUPP,SUPP,SUPP,SUPP,SUPP,SUPP,SUPP,SUPP,SUPP,SUPP,SUPP,SUPP,SUPP,SUPP,SUPP,SUPP,SUPP,SUPP,SUPP,,,,,,,SUPP,SUPP,SUPP,SUPP,SUPP,SUPP,SUPP,SUPP,SUPP,SUPP,SUPP,SUPP,SUPP,SUPP,SUPP,SUPP,SUPP,SUPP,SUPP,SUPP,SUPP,SUPP,SUPP,SUPP,SUPP,SUPP,SUPP,SUPP,SUPP,SUPP,SUPP,SUPP,SUPP,SUPP,SUPP,SUPP,SUPP,SUPP,SUPP,SUPP,SUPP,SUPP,SUPP,SUPP,SUPP,SUPP,SUPP,SUPP,SUPP,SUPP,SUPP,SUPP,SUPP,SUPP,SUPP,SUPP,SUPP,SUPP,SUPP,SUPP,SUPP,SUPP,SUPP,SUPP,SUPP,SUPP,SUPP,SUPP,SUPP,SUPP,SUPP,SUPP,SUPP,SUPP,SUPP,SUPP,SUPP,SUPP,SUPP,SUPP,SUPP,SUPP,SUPP,SUPP,SUPP,SUPP,SUPP,SUPP,SUPP,SUPP,SUPP,SUPP,SUPP,SUPP,SUPP,SUPP,SUPP,SUPP,SUPP,SUPP,SUPP,SUPP,SUPP,SUPP,SUPP,SUPP,SUPP,SUPP,SUPP,SUPP,SUPP,SUPP,SUPP,SUPP,SUPP,SUPP,SUPP,SUPP,SUPP,SUPP,SUPP,SUPP,SUPP,SUPP,SUPP,SUPP,SUPP,SUPP,SUPP,SUPP,SUPP,SUPP,SUPP,SUPP,SUPP,SUPP,SUPP,SUPP,SUPP,SUPP,SUPP,SUPP,SUPP,SUPP,SUPP,SUPP,SUPP,SUPP,SUPP,SUPP,SUPP,SUPP,SUPP,SUPP,SUPP,SUPP,SUPP,SUPP,SUPP,SUPP,SUPP,SUPP,SUPP,SUPP,SUPP,SUPP,SUPP,SUPP,SUPP,SUPP,SUPP,SUPP,SUPP,SUPP,SUPP,SUPP,SUPP,SUPP,SUPP,SUPP,SUPP,SUPP,SUPP,SUPP,SUPP,SUPP,SUPP,SUPP,SUPP,SUPP,SUPP,SUPP,SUPP,SUPP,SUPP,SUPP,SUPP,SUPP,SUPP,SUPP,SUPP,SUPP,SUPP,SUPP,,,,,,,,,,,,,,,,,,,,,,,,,,,,,,,SUPP,SUPP,SUPP,SUPP,SUPP,SUPP,SUPP,SUPP,SUPP,SUPP,SUPP,SUPP,SUPP,SUPP,SUPP,SUPP,SUPP,SUPP,SUPP,SUPP,SUPP,SUPP,SUPP,SUPP,SUPP,SUPP,SUPP,SUPP,SUPP,SUPP,SUPP,SUPP,SUPP,SUPP,SUPP,SUPP,SUPP,SUPP,SUPP,SUPP,SUPP,SUPP,SUPP,SUPP,SUPP,SUPP,SUPP,SUPP,SUPP,SUPP,SUPP,SUPP,SUPP,SUPP,SUPP,SUPP,SUPP,SUPP,SUPP,SUPP,SUPP,SUPP,SUPP,,,,,,,SUPP,SUPP,SUPP,SUPP,SUPP,SUPP,SUPP,SUPP,SUPP,SUPP,SUPP,SUPP,,,,,,,,,,,,,SUPP,,,SUPP,,,,,SUPP,SUPP,SUPP,SUPP,SUPP,SUPP,SUPP,SUPP,SUPP,SUPP,SUPP,SUPP,SUPP,SUPP,SUPP,SUPP,SUPP,SUPP,SUPP,SUPP,SUPP,SUPP,SUPP,SUPP,,,,,,,,,SUPP,SUPP,,,,,,,,,SUPP,SUPP,SUPP,SUPP,SUPP,SUPP,,,,,SUPP,SUPP,SUPP,SUPP,SUPP,SUPP,,,,,SUPP,SUPP,SUPP
1,919,4140,137656,King James Academy Royston,,Garden Walk,,,Royston,SG8 7JH,01763242236,E14000845,North East Hertfordshire,0,0,ACC,Does not apply,NSE,OTHER NON SEL,MIXED,0,1,1,9-18,1004,507,497,119,68,57%,51,43%,101.9,47,40%,55,47%,16,14%,30,25%,89,75%,3,3%,116,97%,0,0%,119,100%,2,2%,23,19%,21,18%,5314.0,44.7,1104.0,9.3,1084.0,9.1,1581.0,13.3,1545.0,13.0,1179.0,9.9,366.0,3.1,2.9,2.9,118,1,99%,0.31,0.05,0.56,0.29,0.03,0.55,0.09,-0.21,0.38,0.52,0.25,0.79,0.49,0.20,0.79,0.07,-0.22,0.36,61%,38%,449.69,3.78,3.17,3.98,2.70,4.15,5.80,SUPP,3.88,3.71,3.78,,,,3.63,3.02,3.8,10,8%,7%,6%,119,100%,118,99%,119,100%,95,80%,22,18%,73%,46%,70%,47%,63%,44%,58%,39%,55%,50%,118,99%,95,100%,21,95%,0.52,0.26,0.79,0.26,-0.11,0.62,0.43,-0.42,1.28,87,55,83,56,75,52,55,37,12,11,10,8%,118,99%,118,99%,118,99%,94,99%,22,100%,36.9,30,0,-0.12,-0.62,0.39,-0.12,-0.63,0.40,47.3,88,1,0.45,0.16,0.75,0.43,0.13,0.73,8.3,-0.08,-0.67,0.50,7.7,0.19,-0.34,0.72,10.9,0.09,-0.49,0.68,10.1,-0.56,-1.14,0.02,9.6,0.14,-0.20,0.49,9.6,0.63,0.32,0.94,14.1,0.63,0.29,0.97,14.0,0.28,-0.06,0.62,7.9,2.2,10.6,3.4,-13.4,-0.29,32.5,47,0,0.32,-0.08,0.73,0.32,-0.09,0.73,49.4,55,0,0.36,-0.02,0.73,0.36,-0.02,0.74,65.5,16,1,0.10,-0.59,0.79,-0.03,-0.74,0.67,SUPP,SUPP,SUPP,SUPP,SUPP,SUPP,SUPP,SUPP,SUPP,SUPP,SUPP,SUPP,SUPP,SUPP,SUPP,46.1,9.8,8.9,13.4,14.0,11.0,3.0,50,0,0.44,0.05,0.83,0.44,0.04,0.84,43.6,8.9,9.3,13.2,12.2,9.1,3.1,68,1,0.21,-0.12,0.55,0.18,-0.16,0.52,44.7,9.3,9.1,13.3,13.0,9.9,3.1,118,1,0.31,0.05,0.56,0.29,0.03,0.55,,,,,,,,,,,,,,,,43.2,63,0,-0.34,0.35,35.4,14,-0.39,-1.12,0.35,45.4,49,0.12,-0.28,0.51,1,2%,0%,0%,5,9%,7%,5%,4,25%,25%,25%,7%,9%,3%,3%,8%,7%,0.53,0.58,0.30,0.13,0.66,0.33,0.31,-0.18,-0.13,0.40,-1.05,1.52,0.81,SUPP,0.51,0.65,-0.40,0.96,0.35,0.95,0.12,0.96,0.19,1.02,-0.42,0.56,-0.82,0.82,-0.02,0.92,-0.25,0.82,-0.21,0.83,-1.20,SUPP,SUPP,1.43,-0.40,0.42,-2.52,2.99,0.05,2.28,-0.65,,,,2%,2%,0%,7%,6%,4%,10%,8%,8%,8%,7%,6%,SUPP,SUPP,SUPP,,,,,,,0%,0%,0%,2%,2%,0%,55%,,56%,99%,,,61%,36%,43%,67%,13,28%,45,82%,15,94%,60%,63%,SUPP,61%,17%,45%,4,9%,26,47%,15,94%,37%,39%,SUPP,38%,,,,,36%,14%,68%,42%,0%,21%,,,,,14,22%,50,78%,7.4,6.9,7.5,8.3,7.0,7.5,,,7.2,7.3,6.7,6.2,6.7,7.9,6.4,6.8,,,6.5,6.7,879.0,0.0,0%,Above average
1,919,4096,139036,Kings Langley School,,Love Lane,,,Kings Langley,WD4 9HN,01923264504,E14000739,Hemel Hempstead,0,0,ACC,Does not apply,NSE,OTHER NON SEL,MIXED,0,0,1,11-18,1100,587,513,167,87,52%,80,48%,104.9,26,17%,97,63%,32,21%,19,11%,148,89%,8,5%,159,95%,0,0%,161,96%,1,1%,17,10%,16,10%,8141.8,48.8,1756.0,10.5,1600.0,9.6,2376.0,14.2,2409.8,14.4,2408.0,14.4,1.8,0.0,2.9,2.9,155,1,93%,0.06,-0.17,0.28,0.05,-0.17,0.28,0.10,-0.15,0.36,0.04,-0.19,0.28,0.11,-0.15,0.37,-0.03,-0.28,0.23,70%,53%,725.85,4.35,2.59,4.57,2.24,4.32,5.92,5.00,4.42,4.28,4.36,,,,4.53,3.69,4.64,73,44%,32%,21%,162,97%,165,99%,163,98%,160,96%,73,44%,84%,68%,74%,56%,70%,53%,63%,53%,81%,58%,151,93%,148,93%,69,95%,0.11,-0.12,0.35,-0.09,-0.38,0.20,0.15,-0.32,0.61,141,113,123,94,114,86,100,85,59,42,71,43%,160,96%,163,98%,162,99%,155,97%,72,99%,32.4,17,0,-0.58,-1.25,0.09,-0.58,-1.26,0.11,50.8,138,1,0.13,-0.10,0.37,0.13,-0.11,0.37,7.6,-0.41,-1.19,0.37,5.6,-0.80,-1.51,-0.09,9.0,-0.57,-1.35,0.21,10.2,-0.55,-1.32,0.22,10.9,0.17,-0.11,0.44,10.1,0.15,-0.10,0.40,14.9,0.19,-0.08,0.47,15.0,0.04,-0.23,0.31,10.1,0.1,15.0,0.0,-17.9,-0.75,27.3,26,0,-0.18,-0.72,0.37,-0.18,-0.73,0.38,48.8,97,1,0.19,-0.10,0.47,0.18,-0.10,0.47,63.0,32,0,-0.15,-0.64,0.34,-0.15,-0.65,0.35,55.1,11.5,10.8,17.8,15.1,15.1,0.0,SUPP,SUPP,SUPP,SUPP,SUPP,SUPP,SUPP,SUPP,50.2,11.1,9.3,14.1,15.7,15.7,0.0,76,1,0.18,-0.14,0.50,0.18,-0.15,0.50,47.4,9.9,9.9,14.3,13.3,13.3,0.0,79,0,-0.06,-0.38,0.25,-0.06,-0.38,0.25,48.9,10.5,9.6,14.3,14.5,14.5,0.0,151,1,0.08,-0.15,0.30,0.08,-0.15,0.31,,,,,,,,,,,,,,,,50.8,167,0.16,-0.06,0.37,41.6,18,-0.55,-1.2,0.1,51.9,149,0.24,0.02,0.47,4,15%,4%,4%,43,44%,29%,18%,22,69%,63%,50%,5%,49%,0%,0%,36%,24%,0.15,0.21,-0.20,-0.56,0.19,-0.09,-0.05,-0.22,-0.71,-0.02,SUPP,0.27,-0.17,SUPP,0.16,0.16,-1.28,0.44,-0.05,0.75,-0.45,0.50,-0.08,0.31,-0.71,0.24,-1.65,0.28,-0.33,0.70,-0.87,0.31,-0.41,0.40,-0.84,SUPP,SUPP,0.63,-0.31,SUPP,SUPP,0.86,-0.33,0.66,-1.00,,,,48%,28%,23%,37%,29%,18%,51%,35%,24%,44%,32%,21%,38%,38%,25%,,,,,,,47%,16%,16%,48%,30%,24%,66%,,71%,99%,,,76%,53%,26%,76%,4,15%,71,73%,32,100%,68%,73%,88%,71%,11%,58%,2,8%,48,49%,29,91%,54%,51%,75%,53%,,,,,63%,26%,77%,56%,1%,13%,,,,,19,11%,157,89%,9.0,8.0,9.1,9.2,8.8,9.0,,,8.4,9,9.0,8.0,9.1,9.2,8.7,9.0,,,8.4,9,1512.0,0.0,0%,Average
1,919,6224,117650,The King's School,,Elmfield,Ambrose Lane,,Harpenden,AL5 4DU,01582767566,E14000749,Hitchin and Harpenden,0,0,IND,Christian,,NA,MIXED,0,0,0,4-16,181,91,90,21,12,57%,9,43%,NP,NP,NP,NP,NP,NP,NP,NP,NP,NP,NP,NP,NP,NP,NP,NP,NP,NP,NP,NA,NA,NA,NA,NA,NA,1259.5,60.0,246.0,11.7,250.0,11.9,383.5,18.3,380.0,18.1,380.0,18.1,0.0,0.0,2.9,3.0,NP,NP,NP,NP,NP,NP,NP,NP,NP,NP,NP,NP,NP,NP,NP,NP,NP,NP,NP,NP,NP,90%,76%,114.82,5.47,NP,NP,NP,NP,NP,NP,5.33,5.57,NP,,,,5.89,NP,NP,15,71%,62%,43%,20,95%,21,100%,20,95%,20,95%,15,71%,95%,90%,90%,81%,90%,65%,95%,90%,100%,87%,NP,NP,NP,NP,NP,NP,NP,NP,NP,NP,NP,NP,NP,NP,NP,20,19,19,17,18,13,19,18,15,13,15,71%,20,95%,21,100%,20,100%,20,100%,15,100%,NP,NP,NP,NP,NP,NP,NP,NP,NP,NP,NP,NP,NP,NP,NP,NP,NP,NP,NP,NP,NP,NP,NP,NP,NP,NP,NP,NP,NP,NP,NP,NP,NP,NP,NP,NP,NP,NP,NP,NP,NP,NP,NP,NP,NP,NP,NP,NP,NP,NP,NP,NP,NP,NP,NP,NP,NP,NP,NP,NP,NP,NP,NP,NP,NP,NP,NP,NP,NP,NP,NP,NP,NP,NP,NP,NP,NP,NP,NP,NP,NP,NP,NP,NP,NP,NP,NP,NP,NP,NP,NP,NP,NP,NP,NP,NP,NP,NP,57.7,12.2,10.2,16.9,18.3,18.3,0.0,NP,NP,NP,NP,NP,NP,NP,NP,61.7,11.3,13.2,19.3,17.9,17.9,0.0,NP,NP,NP,NP,NP,NP,NP,NP,NP,NP,NP,NP,NP,NP,NP,NP,NP,NP,NP,NP,NP,NP,NP,,,,,,,,,,,,,,,,69.7,NP,NP,NP,NP,NP,NP,NP,NP,NP,NP,NP,NP,NP,NP,NP,NP,NP,NP,NP,NP,NP,NP,NP,NP,NP,NP,NP,NP,NP,NP,NP,NP,NP,NP,NP,NP,NP,NP,NP,NP,NP,NP,NP,NP,NP,NP,NP,NP,NP,NP,NP,NP,NP,NP,NP,NP,NP,NP,NP,NP,NP,NP,NP,NP,NP,NP,NP,NP,NP,NP,NP,NP,NP,NP,NP,NP,NP,,,,40%,33%,33%,58%,50%,42%,89%,78%,44%,NP,NP,NP,NP,NP,NP,,,,,,,NP,NP,NP,NP,NP,NP,86%,,100%,100%,,,100%,87%,NP,NP,NP,NP,NP,NP,NP,NP,100%,78%,NP,NP,NP,NP,NP,NP,NP,NP,NP,NP,83%,67%,NP,NP,,,,,NP,NP,NP,NP,5%,62%,,,,,NP,NP,NP,NP,9.0,NP,NP,NP,NP,NP,,,NP,NP,9.0,NP,NP,NP,NP,NP,,,NP,NP,190.0,0.0,0%
1,919,4016,136608,The Knights Templar School,,Park Street,,,Baldock,SG7 6DZ,01462620700,E14000845,North East Hertfordshire,0,0,ACC,Does not apply,NSE,OTHER NON SEL,MIXED,0,0,1,11-18,1429,733,696,202,107,53%,95,47%,105.0,39,20%,115,58%,45,23%,34,17%,168,83%,6,3%,193,96%,3,1%,198,98%,0,0%,31,15%,31,15%,9663.0,47.8,2094.0,10.4,1902.0,9.4,2835.0,14.0,2832.0,14.0,2535.5,12.6,296.5,1.5,2.8,2.8,199,6,99%,0.00,-0.20,0.20,-0.02,-0.22,0.18,0.06,-0.17,0.28,-0.03,-0.24,0.18,0.05,-0.17,0.28,-0.15,-0.38,0.07,69%,47%,877.33,4.34,3.14,4.59,2.24,4.30,6.33,4.78,4.21,4.46,4.37,,,,4.77,2.97,5.12,99,49%,34%,23%,196,97%,199,99%,194,96%,180,89%,103,51%,81%,68%,72%,51%,69%,50%,65%,48%,84%,70%,191,98%,177,98%,102,99%,0.17,-0.04,0.37,-0.07,-0.34,0.19,0.45,0.07,0.84,163,138,145,103,134,97,117,86,87,72,99,49%,195,97%,196,97%,191,98%,175,97%,103,100%,36.8,34,4,-0.63,-1.11,-0.16,-0.69,-1.18,-0.21,50.1,165,2,0.13,-0.08,0.35,0.11,-0.11,0.33,8.7,-0.39,-0.94,0.16,6.8,-0.88,-1.38,-0.38,10.2,-0.74,-1.29,-0.19,11.1,-0.72,-1.27,-0.18,10.7,0.15,-0.10,0.40,10.0,0.15,-0.08,0.37,14.8,0.22,-0.03,0.47,14.6,-0.03,-0.28,0.21,9.8,1.4,13.1,1.5,-13.5,-0.80,27.6,39,0,-0.22,-0.66,0.22,-0.22,-0.67,0.23,47.9,115,3,0.07,-0.19,0.33,0.07,-0.20,0.33,65.9,45,3,0.01,-0.40,0.43,-0.08,-0.50,0.34,48.9,10.0,10.3,15.3,13.3,11.7,1.6,6,0,0.13,-1.00,1.26,0.13,-1.02,1.29,47.3,10.8,8.5,13.7,14.4,12.7,1.7,94,2,0.06,-0.23,0.35,0.04,-0.25,0.33,48.3,10.0,10.2,14.4,13.7,12.4,1.3,105,4,-0.05,-0.32,0.22,-0.08,-0.36,0.19,48.1,10.4,9.5,14.1,14.1,12.6,1.5,196,6,0.02,-0.18,0.22,0.00,-0.20,0.20,,,,,,,,,,,,,,,,51.4,197,0.09,-0.11,0.28,33.9,31,-0.77,-1.27,-0.28,54.7,166,0.25,0.03,0.46,3,8%,0%,0%,61,53%,32%,17%,34,76%,71%,62%,26%,54%,15%,9%,38%,26%,-0.06,0.15,0.40,-0.34,0.26,-0.65,0.08,-0.03,-0.25,-0.04,SUPP,0.24,0.83,-0.05,0.51,0.19,-0.86,0.49,0.03,0.41,-0.53,0.43,-0.12,0.84,-0.05,0.45,-0.96,0.24,-0.33,-0.02,-1.28,0.42,-0.27,0.52,-0.57,1.18,-1.28,0.91,0.10,SUPP,SUPP,0.73,-0.25,1.50,0.17,,,,54%,46%,37%,53%,40%,27%,44%,27%,19%,50%,35%,24%,83%,33%,17%,,,,,,,9%,9%,6%,62%,54%,43%,64%,,67%,99%,,,70%,52%,56%,71%,9,23%,87,76%,42,93%,72%,65%,83%,70%,24%,51%,0,0%,55,48%,38,84%,50%,42%,67%,47%,,,,,30%,18%,77%,58%,1%,21%,,,,,33,16%,172,84%,7.9,7.3,7.9,8.6,6.9,8.1,,,7.1,7.9,7.4,6.6,7.4,8.4,6.4,7.7,,,6.4,7.5,1609.0,0.0,0%,Average
2,919,7007,138485,Knightsfield School,,Knightsfield,,,Welwyn Garden City,AL8 7LW,01707376874,E14001027,Welwyn Hatfield,0,0,ACCS,Does not apply,NA,NA,MIXED,0,1,0,9-18,65,42,23,10,5,50%,5,50%,84.3,6,75%,2,25%,0,0%,4,40%,6,60%,2,20%,8,80%,0,0%,10,100%,,,,,,,182.0,18.2,54.0,5.4,24.0,2.4,36.0,3.6,68.0,6.8,49.0,4.9,19.0,1.9,1.5,2.1,8,0,80%,-0.57,-1.55,0.41,-0.57,-1.57,0.43,-0.13,-1.27,1.00,-0.79,-1.82,0.24,-0.91,-2.05,0.22,-0.37,-1.50,0.75,0%,0%,12.51,1.25,SUPP,SUPP,0.75,SUPP,NE,SUPP,SUPP,SUPP,1.25,,,,1.28,SUPP,SUPP,0,0%,0%,0%,7,70%,6,60%,6,60%,3,30%,0,0%,40%,10%,0%,0%,0%,0%,SUPP,SUPP,NE,NE,4,SUPP,3,SUPP,,NE,SUPP,SUPP,SUPP,SUPP,SUPP,SUPP,NE,NE,NE,4,1,0,0,0,0,SUPP,SUPP,NE,NE,0,0%,7,70%,6,60%,6,100%,SUPP,SUPP,NE,NE,SUPP,SUPP,SUPP,SUPP,SUPP,SUPP,SUPP,SUPP,SUPP,SUPP,SUPP,SUPP,SUPP,SUPP,SUPP,SUPP,SUPP,SUPP,SUPP,SUPP,SUPP,SUPP,SUPP,SUPP,SUPP,SUPP,SUPP,SUPP,SUPP,SUPP,SUPP,SUPP,SUPP,SUPP,SUPP,SUPP,SUPP,SUPP,SUPP,SUPP,SUPP,SUPP,SUPP,SUPP,SUPP,SUPP,SUPP,SUPP,SUPP,SUPP,SUPP,SUPP,SUPP,SUPP,SUPP,SUPP,10.8,6,0,-0.61,-1.74,0.52,-0.61,-1.76,0.54,SUPP,SUPP,SUPP,SUPP,SUPP,SUPP,SUPP,SUPP,SUPP,NE,NE,NE,NE,NE,NE,NE,NE,NE,SUPP,SUPP,SUPP,SUPP,SUPP,SUPP,SUPP,SUPP,SUPP,SUPP,SUPP,SUPP,SUPP,SUPP,SUPP,SUPP,SUPP,SUPP,SUPP,SUPP,SUPP,SUPP,SUPP,SUPP,SUPP,SUPP,SUPP,SUPP,SUPP,SUPP,SUPP,SUPP,SUPP,SUPP,SUPP,SUPP,SUPP,SUPP,SUPP,SUPP,SUPP,SUPP,SUPP,SUPP,SUPP,18.2,5.4,2.4,3.6,6.8,4.9,1.9,8,0,-0.57,-1.55,0.41,-0.57,-1.57,0.43,,,,,,,,,,,,,,,,18.3,7,-0.74,-1.78,0.31,SUPP,SUPP,SUPP,SUPP,SUPP,SUPP,SUPP,SUPP,SUPP,SUPP,0,0%,0%,0%,SUPP,SUPP,SUPP,SUPP,NE,NE,NE,NE,SUPP,SUPP,SUPP,SUPP,SUPP,SUPP,SUPP,SUPP,NE,SUPP,SUPP,SUPP,SUPP,NE,SUPP,SUPP,NE,SUPP,NE,SUPP,SUPP,SUPP,SUPP,SUPP,SUPP,SUPP,SUPP,SUPP,SUPP,NE,NE,SUPP,SUPP,SUPP,SUPP,SUPP,SUPP,SUPP,SUPP,NE,NE,SUPP,SUPP,SUPP,SUPP,NE,NE,SUPP,SUPP,NE,NE,,,,0%,0%,0%,SUPP,SUPP,SUPP,SUPP,SUPP,SUPP,0%,0%,0%,SUPP,SUPP,SUPP,,,,,,,SUPP,SUPP,SUPP,SUPP,SUPP,SUPP,0%,,10%,90%,,,20%,0%,SUPP,SUPP,0,0%,SUPP,SUPP,NE,NE,SUPP,SUPP,SUPP,0%,SUPP,SUPP,0,0%,SUPP,SUPP,NE,NE,SUPP,SUPP,SUPP,0%,,,,,SUPP,SUPP,SUPP,SUPP,0%,0%,,,,,3,30%,7,70%,4.9,3.2,SUPP,NE,SUPP,SUPP,,,SUPP,SUPP,4.3,3.0,SUPP,NE,SUPP,SUPP,,,SUPP,SUPP,50.0,0.0,0%,Average
2,919,7023,117680,Lakeside School,,Lemsford Lane,,,Welwyn Garden City,AL8 6YN,01707327410,E14001027,Welwyn Hatfield,0,0,CYS,Does not apply,NA,NA,MIXED,0,1,0,2-19,92,62,30,3,SUPP,SUPP,SUPP,SUPP,SUPP,SUPP,SUPP,SUPP,SUPP,SUPP,SUPP,SUPP,SUPP,SUPP,SUPP,SUPP,SUPP,SUPP,SUPP,SUPP,SUPP,SUPP,SUPP,,,,,,,SUPP,SUPP,SUPP,SUPP,SUPP,SUPP,SUPP,SUPP,SUPP,SUPP,SUPP,SUPP,SUPP,SUPP,SUPP,SUPP,SUPP,SUPP,SUPP,SUPP,SUPP,SUPP,SUPP,SUPP,SUPP,SUPP,SUPP,SUPP,SUPP,SUPP,SUPP,SUPP,SUPP,SUPP,SUPP,SUPP,SUPP,SUPP,SUPP,SUPP,SUPP,SUPP,SUPP,SUPP,SUPP,SUPP,SUPP,SUPP,SUPP,SUPP,,,,SUPP,SUPP,SUPP,SUPP,SUPP,SUPP,SUPP,SUPP,SUPP,SUPP,SUPP,SUPP,SUPP,SUPP,SUPP,SUPP,SUPP,SUPP,SUPP,SUPP,SUPP,SUPP,SUPP,SUPP,SUPP,SUPP,SUPP,SUPP,SUPP,SUPP,SUPP,SUPP,SUPP,SUPP,SUPP,SUPP,SUPP,SUPP,SUPP,SUPP,SUPP,SUPP,SUPP,SUPP,SUPP,SUPP,SUPP,SUPP,SUPP,SUPP,SUPP,SUPP,SUPP,SUPP,SUPP,SUPP,SUPP,SUPP,SUPP,SUPP,SUPP,SUPP,SUPP,SUPP,SUPP,SUPP,SUPP,SUPP,SUPP,SUPP,SUPP,SUPP,SUPP,SUPP,SUPP,SUPP,SUPP,SUPP,SUPP,SUPP,SUPP,SUPP,SUPP,SUPP,SUPP,SUPP,SUPP,SUPP,SUPP,SUPP,SUPP,SUPP,SUPP,SUPP,SUPP,SUPP,SUPP,SUPP,SUPP,SUPP,SUPP,SUPP,SUPP,SUPP,SUPP,SUPP,SUPP,SUPP,SUPP,SUPP,SUPP,SUPP,SUPP,SUPP,SUPP,SUPP,SUPP,SUPP,SUPP,SUPP,SUPP,SUPP,SUPP,SUPP,SUPP,SUPP,SUPP,SUPP,SUPP,SUPP,SUPP,SUPP,SUPP,SUPP,SUPP,SUPP,SUPP,SUPP,SUPP,SUPP,SUPP,SUPP,SUPP,SUPP,SUPP,SUPP,SUPP,SUPP,SUPP,SUPP,SUPP,SUPP,SUPP,SUPP,SUPP,SUPP,SUPP,SUPP,SUPP,SUPP,SUPP,SUPP,SUPP,SUPP,SUPP,SUPP,SUPP,SUPP,SUPP,SUPP,SUPP,SUPP,SUPP,SUPP,SUPP,SUPP,SUPP,SUPP,SUPP,SUPP,SUPP,SUPP,SUPP,SUPP,SUPP,SUPP,SUPP,SUPP,SUPP,SUPP,SUPP,SUPP,SUPP,SUPP,SUPP,SUPP,SUPP,SUPP,SUPP,SUPP,SUPP,SUPP,SUPP,SUPP,SUPP,SUPP,SUPP,,,,,,,,,,,,,,,,SUPP,SUPP,SUPP,SUPP,SUPP,SUPP,SUPP,SUPP,SUPP,SUPP,SUPP,SUPP,SUPP,SUPP,SUPP,SUPP,SUPP,SUPP,SUPP,SUPP,SUPP,SUPP,SUPP,SUPP,SUPP,SUPP,SUPP,SUPP,SUPP,SUPP,SUPP,SUPP,SUPP,SUPP,SUPP,SUPP,SUPP,SUPP,SUPP,SUPP,SUPP,SUPP,SUPP,SUPP,SUPP,SUPP,SUPP,SUPP,SUPP,SUPP,SUPP,SUPP,SUPP,SUPP,SUPP,SUPP,SUPP,SUPP,SUPP,SUPP,SUPP,SUPP,SUPP,SUPP,SUPP,SUPP,SUPP,SUPP,SUPP,SUPP,SUPP,SUPP,SUPP,SUPP,SUPP,SUPP,SUPP,SUPP,,,,SUPP,SUPP,SUPP,SUPP,SUPP,SUPP,SUPP,SUPP,SUPP,SUPP,SUPP,SUPP,SUPP,SUPP,SUPP,,,,,,,SUPP,SUPP,SUPP,SUPP,SUPP,SUPP,SUPP,,SUPP,SUPP,,,SUPP,SUPP,SUPP,SUPP,SUPP,SUPP,SUPP,SUPP,SUPP,SUPP,SUPP,SUPP,SUPP,SUPP,SUPP,SUPP,SUPP,SUPP,SUPP,SUPP,SUPP,SUPP,SUPP,SUPP,SUPP,SUPP,,,,,SUPP,SUPP,SUPP,SUPP,SUPP,SUPP,,,,,SUPP,SUPP,SUPP,SUPP,SUPP,SUPP,SUPP,SUPP,SUPP,SUPP,,,SUPP,SUPP,SUPP,SUPP,SUPP,SUPP,SUPP,SUPP,,,SUPP,SUPP,SUPP,SUPP,SUPP
1,919,4033,146440,Laureate Academy,,Warners End Road,,,Hemel Hempstead,HP1 3DW,01442404333,E14000739,Hemel Hempstead,0,0,AC,Does not apply,NR,OTHER NON SEL,MIXED,0,0,1,11-18,754,380,374,147,79,54%,68,46%,104.1,32,24%,77,57%,26,19%,43,29%,104,71%,26,18%,121,82%,0,0%,137,93%,3,2%,27,18%,24,16%,5783.5,39.3,1261.0,8.6,1158.0,7.9,1833.5,12.5,1531.0,10.4,1531.0,10.4,0.0,0.0,2.7,2.6,135,4,92%,-0.74,-0.98,-0.50,-0.75,-1.00,-0.51,-0.69,-0.96,-0.41,-0.65,-0.90,-0.40,-0.38,-0.65,-0.10,-1.24,-1.51,-0.96,52%,29%,552.85,3.76,2.90,4.12,2.45,3.79,4.98,3.93,3.89,3.65,3.84,,,,3.89,3.11,4.27,93,63%,26%,16%,133,90%,144,98%,138,94%,130,88%,94,64%,69%,44%,58%,35%,58%,39%,49%,37%,52%,40%,126,91%,121,93%,86,91%,-0.30,-0.56,-0.04,-0.48,-0.80,-0.16,-0.71,-1.13,-0.29,102,65,85,51,80,54,64,48,49,38,85,58%,133,90%,141,96%,136,99%,127,98%,87,93%,30.6,40,3,-1.13,-1.56,-0.69,-1.16,-1.61,-0.71,42.9,95,1,-0.58,-0.86,-0.29,-0.58,-0.87,-0.29,7.0,-1.07,-1.58,-0.56,5.9,-1.18,-1.64,-0.72,9.7,-0.78,-1.29,-0.27,8.0,-1.59,-2.09,-1.08,9.3,-0.53,-0.86,-0.20,8.7,-0.43,-0.73,-0.13,13.6,-0.21,-0.54,0.12,11.4,-1.09,-1.42,-0.77,8.0,0.0,11.4,0.0,-19.7,-1.30,26.8,32,0,-0.15,-0.64,0.34,-0.15,-0.64,0.35,39.7,77,1,-0.75,-1.07,-0.44,-0.76,-1.08,-0.44,51.1,26,3,-1.43,-1.97,-0.89,-1.48,-2.03,-0.93,40.2,8.5,7.2,13.2,11.3,11.3,0.0,17,0,0.13,-0.54,0.80,0.13,-0.55,0.81,40.7,9.0,7.8,12.8,11.1,11.1,0.0,60,3,-1.02,-1.38,-0.66,-1.04,-1.41,-0.68,38.2,8.2,7.9,12.2,9.8,9.8,0.0,75,1,-0.51,-0.83,-0.19,-0.52,-0.85,-0.19,40.0,8.8,7.9,12.7,10.7,10.7,0.0,130,4,-0.69,-0.94,-0.45,-0.71,-0.96,-0.46,,,,,,,,,,,,,,,,41.8,104,-0.35,-0.62,-0.08,34.5,37,-0.75,-1.2,-0.3,45.5,67,-0.13,-0.46,0.21,15,47%,3%,0%,50,65%,25%,16%,20,77%,54%,35%,44%,71%,14%,7%,31%,19%,0.22,-0.26,-0.98,-0.57,-0.20,0.14,-0.49,-1.13,-0.77,-0.37,0.27,-0.80,-1.26,-0.62,-0.73,-0.09,-1.06,0.10,-0.50,0.77,-0.34,0.07,-0.59,-0.41,-1.56,-0.16,-1.39,0.01,-0.74,0.82,-0.54,-0.07,-0.91,-0.42,-1.85,0.27,-1.51,-0.26,-1.21,1.24,-0.70,-0.25,-1.35,-0.39,-2.13,,,,54%,30%,22%,61%,19%,9%,66%,34%,24%,67%,28%,17%,73%,31%,15%,,,,,,,39%,15%,13%,62%,37%,27%,44%,,47%,98%,,,50%,35%,21%,65%,5,16%,45,58%,20,77%,53%,51%,42%,55%,12%,37%,0,0%,22,29%,18,69%,25%,34%,19%,31%,,,,,36%,26%,58%,40%,6%,18%,,,,,39,33%,78,67%,7.4,6.8,7.4,8.0,6.6,7.8,,,6.9,7.8,7.4,6.8,7.4,8.0,6.6,7.8,,,6.8,7.6,1096.0,0.0,0%,Well below average
1,919,5416,137156,Leventhorpe,,Cambridge Road,,,Sawbridgeworth,CM21 9BY,01279836633,E14000744,Hertford and Stortford,0,0,ACC,None,NSE,OTHER NON SEL,MIXED,0,0,1,11-18,1478,734,742,237,110,46%,127,54%,106.2,32,14%,128,54%,76,32%,27,11%,210,89%,5,2%,231,97%,1,0%,236,100%,2,1%,19,8%,17,7%,12028.0,50.8,2542.0,10.7,2312.0,9.8,3529.5,14.9,3644.5,15.4,3445.0,14.5,199.5,0.8,2.9,2.9,236,1,100%,0.00,-0.18,0.18,0.00,-0.19,0.18,-0.02,-0.23,0.19,-0.14,-0.33,0.05,0.04,-0.16,0.25,0.05,-0.16,0.26,77%,51%,1079.12,4.55,3.12,4.74,2.18,4.26,6.03,SUPP,4.86,4.20,4.57,,,,4.89,3.39,5.03,113,48%,36%,24%,232,98%,235,99%,231,97%,193,81%,141,59%,83%,70%,80%,55%,77%,54%,65%,51%,86%,69%,230,100%,192,99%,140,99%,0.05,-0.14,0.24,-0.25,-0.51,0.00,0.69,0.36,1.02,196,166,190,131,177,124,125,99,121,97,112,47%,232,98%,233,98%,230,100%,189,98%,140,99%,36.1,27,1,-0.76,-1.30,-0.23,-0.78,-1.33,-0.24,52.6,209,0,0.10,-0.09,0.29,0.10,-0.10,0.29,8.4,-0.54,-1.16,0.08,6.7,-0.95,-1.51,-0.39,10.1,-0.83,-1.44,-0.21,11.0,-0.79,-1.40,-0.18,11.0,0.04,-0.18,0.27,10.2,-0.03,-0.24,0.17,15.5,0.16,-0.06,0.38,15.9,0.16,-0.06,0.38,10.8,0.2,15.0,0.9,-14.2,-0.93,25.7,32,0,-0.33,-0.82,0.16,-0.33,-0.83,0.17,48.0,128,0,0.09,-0.16,0.33,0.09,-0.16,0.34,65.7,76,1,-0.01,-0.33,0.31,-0.02,-0.34,0.31,SUPP,SUPP,SUPP,SUPP,SUPP,SUPP,SUPP,SUPP,SUPP,SUPP,SUPP,SUPP,SUPP,SUPP,SUPP,54.6,11.6,10.0,15.8,17.1,16.1,1.0,126,1,0.30,0.05,0.55,0.30,0.05,0.55,46.3,9.7,9.4,13.8,13.4,12.7,0.7,110,0,-0.35,-0.61,-0.08,-0.35,-0.62,-0.08,51.0,10.8,9.8,15.0,15.4,14.6,0.8,235,1,0.01,-0.17,0.19,0.01,-0.17,0.19,,,,,,,,,,,,,,,,54.9,230,0.29,0.11,0.47,38.9,20,-0.37,-0.99,0.25,56.4,210,0.35,0.16,0.54,3,9%,3%,3%,62,48%,33%,18%,47,62%,55%,45%,26%,50%,19%,11%,39%,26%,0.12,0.08,-0.03,-0.35,0.10,-0.18,-0.15,-0.44,-0.66,-0.22,0.15,0.66,0.79,0.99,0.66,0.23,-0.94,0.30,-0.10,0.66,-0.41,0.34,-0.17,0.30,-0.36,0.25,-1.57,0.05,-0.48,0.57,-0.93,0.19,-0.50,0.00,-0.88,2.16,-0.18,1.01,0.32,1.73,-1.44,1.10,0.22,1.30,0.27,,,,42%,35%,26%,43%,31%,20%,52%,41%,28%,48%,36%,25%,SUPP,SUPP,SUPP,,,,,,,30%,20%,5%,44%,36%,28%,72%,,78%,99%,,,80%,61%,44%,81%,6,19%,101,79%,75,99%,71%,83%,SUPP,78%,22%,55%,1,3%,57,45%,63,83%,45%,57%,SUPP,51%,,,,,50%,30%,82%,64%,5%,34%,,,,,20,9%,216,92%,8.5,6.8,8.3,9.4,6.9,8.7,,,7.7,8.4,8.0,6.4,7.9,9.0,6.7,8.2,,,7.2,8,2017.0,0.0,0%,Average
1,919,4080,137110,Longdean School,,Rumballs Rd,,,Hemel Hempstead,HP3 8JB,01442217277,E14000739,Hemel Hempstead,0,0,ACC,Does not apply,NSE,OTHER NON SEL,MIXED,0,0,1,11-18,1405,741,664,236,123,52%,113,48%,104.2,51,22%,126,55%,51,22%,50,21%,186,79%,29,12%,207,88%,0,0%,229,97%,10,4%,57,24%,47,20%,10734.5,45.5,2348.0,9.9,2098.0,8.9,3048.5,12.9,3240.0,13.7,2441.0,10.3,799.0,3.4,2.8,2.9,228,2,97%,-0.08,-0.27,0.10,-0.10,-0.29,0.09,0.01,-0.20,0.22,-0.12,-0.31,0.08,-0.16,-0.37,0.05,-0.10,-0.31,0.11,70%,45%,913.41,3.87,2.66,4.19,2.06,3.90,5.70,4.38,4.13,3.63,3.89,,,,3.78,2.71,4.12,127,54%,21%,13%,229,97%,230,97%,212,90%,178,75%,133,56%,80%,58%,73%,51%,65%,45%,51%,41%,64%,45%,205,97%,176,99%,128,96%,-0.08,-0.28,0.12,-1.03,-1.30,-0.77,-0.30,-0.64,0.04,188,138,173,121,137,96,91,73,85,60,94,40%,229,97%,226,96%,212,100%,138,78%,133,100%,34.2,48,2,-0.48,-0.88,-0.08,-0.56,-0.97,-0.16,48.5,180,0,0.02,-0.18,0.23,0.02,-0.19,0.23,7.6,-0.57,-1.04,-0.11,6.5,-0.56,-0.98,-0.14,9.0,-0.73,-1.20,-0.27,11.1,-0.39,-0.85,0.07,10.6,0.16,-0.08,0.40,9.5,0.00,-0.21,0.22,14.0,-0.01,-0.25,0.23,14.4,-0.02,-0.26,0.22,6.7,4.4,11.3,3.1,-16.1,-0.65,28.5,51,0,0.03,-0.36,0.42,0.03,-0.36,0.43,45.9,126,1,-0.06,-0.31,0.19,-0.06,-0.31,0.19,62.8,51,1,-0.26,-0.64,0.13,-0.33,-0.72,0.07,49.0,10.6,9.7,14.6,14.2,11.5,2.7,24,0,0.73,0.17,1.30,0.73,0.16,1.31,48.0,10.7,8.8,13.6,14.9,11.3,3.6,110,0,0.02,-0.24,0.29,0.02,-0.24,0.29,43.2,9.3,9.0,12.3,12.7,9.5,3.2,118,2,-0.18,-0.44,0.07,-0.22,-0.48,0.04,45.8,10.0,8.9,13.0,13.8,10.4,3.5,225,2,-0.07,-0.25,0.12,-0.09,-0.28,0.10,,,,,,,,,,,,,,,,45,223,-0.34,-0.52,-0.16,33.6,53,-0.75,-1.13,-0.37,48.6,170,-0.21,-0.42,0,10,20%,2%,2%,69,55%,19%,12%,46,90%,45%,27%,30%,60%,8%,4%,24%,15%,0.20,-0.10,-0.24,-0.10,-0.07,0.10,-0.56,-2.58,-1.31,-0.98,-0.68,-0.12,-0.47,-0.36,-0.29,0.38,-0.57,0.15,-0.29,0.68,-0.28,0.17,-0.36,0.17,-0.64,-0.63,-1.98,-0.69,-1.27,0.84,-0.63,-0.21,-0.90,-2.07,-3.08,0.61,-1.33,0.08,-0.66,0.49,-1.86,0.34,-0.58,0.09,-1.04,,,,58%,6%,3%,45%,14%,10%,64%,28%,16%,55%,21%,13%,59%,34%,24%,,,,,,,34%,0%,0%,66%,8%,3%,62%,,56%,99%,,,66%,44%,40%,78%,15,29%,96,76%,50,98%,72%,67%,72%,71%,26%,50%,5,10%,54,43%,46,90%,41%,50%,48%,45%,,,,,46%,21%,72%,51%,1%,35%,,,,,56,24%,177,76%,9.0,8.6,9.1,9.4,8.2,9.2,,,8.5,9.4,7.6,6.5,7.7,8.6,6.5,7.9,,,6.8,8,2141.0,214.0,10%,Average
2,919,7022,117679,Lonsdale School,,Brittain Way,,,Stevenage,SG2 8UT,01438726999,E14000968,Stevenage,0,0,CYS,Does not apply,NA,NA,MIXED,0,1,0,3-18,112,71,41,12,8,67%,4,33%,82.8,8,80%,2,20%,0,0%,6,50%,6,50%,0,0%,12,100%,0,0%,12,100%,,,,,,,NE,NE,NE,NE,NE,NE,NE,NE,NE,NE,NE,NE,NE,NE,NE,NE,NE,NE,NE,NE,NE,NE,NE,NE,NE,NE,NE,NE,NE,NE,NE,NE,NE,NE,NE,NE,NE,NE,NE,NE,NE,NE,NE,NE,SUPP,NE,NE,SUPP,SUPP,NE,,,,NE,SUPP,SUPP,NE,NE,NE,NE,NE,NE,NE,NE,NE,NE,NE,NE,NE,NE,NE,NE,NE,NE,NE,NE,NE,NE,NE,NE,NE,NE,NE,NE,NE,NE,NE,NE,NE,NE,NE,NE,NE,NE,NE,NE,NE,NE,NE,NE,NE,NE,NE,NE,NE,NE,NE,NE,NE,NE,NE,NE,NE,NE,NE,NE,NE,NE,NE,NE,NE,NE,NE,NE,NE,NE,NE,SUPP,SUPP,SUPP,SUPP,SUPP,SUPP,SUPP,SUPP,NE,NE,NE,NE,NE,NE,NE,NE,NE,NE,NE,NE,NE,NE,NE,NE,NE,SUPP,SUPP,SUPP,NE,SUPP,SUPP,SUPP,NE,SUPP,SUPP,SUPP,NE,SUPP,SUPP,SUPP,NE,NE,NE,NE,NE,SUPP,NE,NE,NE,NE,NE,NE,NE,NE,NE,SUPP,SUPP,SUPP,SUPP,SUPP,SUPP,SUPP,SUPP,SUPP,NE,NE,NE,NE,NE,NE,NE,NE,NE,NE,NE,NE,NE,NE,NE,NE,NE,NE,NE,NE,NE,NE,NE,NE,SUPP,SUPP,SUPP,SUPP,SUPP,SUPP,SUPP,SUPP,SUPP,SUPP,SUPP,SUPP,SUPP,SUPP,SUPP,SUPP,SUPP,SUPP,SUPP,SUPP,SUPP,SUPP,SUPP,SUPP,SUPP,SUPP,SUPP,SUPP,SUPP,SUPP,NE,NE,NE,NE,NE,NE,NE,NE,NE,NE,NE,NE,NE,NE,NE,,,,,,,,,,,,,,,,NE,NE,NE,NE,NE,SUPP,SUPP,SUPP,SUPP,SUPP,SUPP,SUPP,SUPP,SUPP,SUPP,NE,NE,NE,NE,SUPP,SUPP,SUPP,SUPP,NE,NE,NE,NE,NE,NE,NE,NE,NE,NE,NE,SUPP,NE,NE,NE,NE,SUPP,NE,NE,NE,NE,SUPP,NE,NE,NE,NE,NE,NE,NE,NE,NE,SUPP,SUPP,NE,NE,NE,NE,NE,NE,NE,NE,SUPP,SUPP,NE,NE,NE,NE,NE,NE,NE,NE,SUPP,SUPP,NE,NE,,,,NE,NE,NE,SUPP,SUPP,SUPP,SUPP,SUPP,SUPP,NE,NE,NE,NE,NE,NE,,,,,,,SUPP,SUPP,SUPP,SUPP,SUPP,SUPP,NE,,NE,NE,,,NE,NE,NE,NE,NE,NE,SUPP,SUPP,NE,NE,SUPP,SUPP,NE,NE,NE,NE,NE,NE,SUPP,SUPP,NE,NE,SUPP,SUPP,NE,NE,,,,,SUPP,SUPP,SUPP,SUPP,NE,NE,,,,,5,50%,5,50%,NE,NE,SUPP,NE,NE,NE,,,SUPP,SUPP,NE,NE,SUPP,NE,NE,NE,,,SUPP,SUPP,NE,NE,NE
1,919,4620,138106,Loreto College,,Hatfield Road,,,St Albans,AL1 3RQ,01727856206,E14000960,St Albans,0,0,ACC,Roman Catholic,NSE,OTHER NON SEL,GIRLS,0,0,1,11-18,962,4,958,156,,0%,156,100%,106.9,13,9%,90,61%,45,30%,17,11%,139,89%,27,17%,129,83%,0,0%,152,97%,1,1%,21,13%,20,13%,9361.3,60.0,2047.0,13.1,1644.0,10.5,2811.5,18.0,2858.8,18.3,2815.5,18.0,43.3,0.3,3.0,3.0,148,0,95%,0.78,0.55,1.01,0.78,0.55,1.01,1.07,0.81,1.34,0.05,-0.19,0.29,0.92,0.66,1.18,0.93,0.67,1.19,85%,68%,875.48,5.61,4.14,5.79,2.87,5.19,7.15,5.21,5.61,NE,5.68,,,,6.01,4.6,6.13,119,76%,66%,50%,155,99%,156,100%,156,100%,153,98%,119,76%,96%,90%,85%,69%,87%,71%,85%,71%,90%,79%,148,95%,146,95%,114,96%,0.57,0.34,0.81,0.82,0.52,1.11,1.03,0.66,1.39,149,140,133,108,135,111,130,109,107,94,116,74%,155,99%,155,99%,155,99%,153,100%,118,99%,47.3,17,0,0.07,-0.61,0.74,0.07,-0.62,0.75,61.6,131,0,0.87,0.63,1.11,0.87,0.63,1.12,10.8,0.40,-0.38,1.17,8.4,-0.40,-1.11,0.31,13.2,-0.04,-0.82,0.73,14.9,0.27,-0.51,1.04,13.4,1.16,0.88,1.44,10.8,0.11,-0.15,0.36,18.6,1.04,0.76,1.32,18.7,1.01,0.74,1.29,14.8,0.1,18.4,0.3,-3.0,-0.10,36.2,13,0,0.53,-0.24,1.30,0.53,-0.25,1.32,56.1,90,0,0.83,0.54,1.13,0.83,0.54,1.13,73.7,45,0,0.74,0.33,1.15,0.74,0.32,1.16,56.0,12.3,10.0,17.3,16.4,16.4,0.0,23,0,0.61,0.04,1.19,0.61,0.03,1.20,60.0,13.1,10.5,18.0,18.3,18.0,0.3,148,0,0.78,0.55,1.01,0.78,0.55,1.01,NE,NE,NE,NE,NE,NE,NE,NE,NE,NE,NE,NE,NE,NE,NE,60.7,13.3,10.6,18.2,18.6,18.3,0.3,145,0,0.83,0.60,1.06,0.83,0.59,1.06,,,,,,,,,,,,,,,,64.5,156,0.83,0.61,1.05,52,12,0.08,-0.71,0.88,65.5,144,0.89,0.66,1.12,1,8%,0%,0%,69,77%,60%,41%,44,98%,98%,84%,41%,81%,35%,24%,70%,53%,0.31,0.59,0.61,-0.21,0.67,0.52,0.90,0.74,-0.24,0.94,SUPP,1.05,1.02,1.35,1.00,0.49,-0.90,0.92,0.42,1.11,-0.48,0.90,0.29,1.04,0.18,0.64,-1.12,1.25,0.64,1.50,-0.46,1.27,0.52,1.27,0.22,2.82,-0.12,1.38,0.63,SUPP,SUPP,1.52,0.59,1.61,0.44,,,,75%,66%,56%,NE,NE,NE,76%,66%,50%,78%,67%,51%,74%,56%,37%,,,,,,,50%,42%,25%,77%,68%,59%,83%,,88%,100%,,,90%,76%,65%,87%,3,23%,77,86%,45,100%,NE,85%,81%,86%,47%,71%,0,0%,56,62%,43,96%,NE,68%,59%,69%,,,,,83%,42%,91%,78%,11%,33%,,,,,12,8%,148,93%,9.4,8.0,9.2,10.5,8.8,9.5,,,8.8,9.4,9.4,7.8,9.1,10.5,8.8,9.5,,,8.8,9.4,1478.0,3.0,0%,Well above average
1,919,5414,138042,The Marlborough Science Academy,,Watling Street,,,St Albans,AL1 2QA,01727856874,E14000960,St Albans,0,0,ACC,None,NSE,OTHER NON SEL,MIXED,0,0,1,11-18,1290,688,601,202,105,52%,97,48%,104.0,44,23%,111,58%,38,20%,37,18%,165,82%,17,8%,185,92%,0,0%,197,98%,1,0%,30,15%,29,14%,9196.8,45.5,2006.0,9.9,1836.0,9.1,2681.0,13.3,2673.8,13.2,2500.0,12.4,173.8,0.9,2.8,2.8,193,4,96%,-0.18,-0.38,0.02,-0.20,-0.40,0.00,-0.13,-0.36,0.10,-0.08,-0.29,0.13,-0.15,-0.38,0.08,-0.37,-0.60,-0.14,71%,47%,833.55,4.13,2.54,4.48,1.99,4.14,6.03,4.81,4.56,3.73,4.13,,,,3.91,2.49,4.21,108,53%,30%,20%,197,98%,200,99%,199,99%,182,90%,109,54%,77%,59%,76%,52%,67%,45%,62%,44%,60%,46%,190,95%,173,95%,103,94%,-0.14,-0.34,0.07,-0.39,-0.66,-0.12,-0.45,-0.83,-0.07,155,119,154,106,133,90,113,80,65,50,107,53%,194,96%,200,99%,196,98%,178,98%,108,99%,29.8,36,1,-0.84,-1.30,-0.37,-0.87,-1.34,-0.40,49.1,157,3,-0.03,-0.25,0.19,-0.05,-0.27,0.18,6.9,-0.80,-1.33,-0.26,6.4,-0.41,-0.90,0.08,8.1,-0.92,-1.45,-0.38,8.3,-1.18,-1.71,-0.65,10.6,0.03,-0.23,0.28,9.7,-0.01,-0.24,0.22,14.4,0.02,-0.23,0.28,14.3,-0.18,-0.44,0.07,7.0,1.3,13.6,0.8,-20.5,-1.01,25.0,44,0,-0.29,-0.71,0.12,-0.29,-0.72,0.13,45.9,111,2,-0.13,-0.40,0.13,-0.15,-0.41,0.12,62.7,38,2,-0.18,-0.62,0.27,-0.25,-0.71,0.21,51.6,11.2,9.8,16.0,14.6,13.5,1.1,13,0,0.56,-0.21,1.33,0.56,-0.22,1.35,50.4,11.3,9.3,14.4,15.4,14.7,0.7,91,2,0.20,-0.09,0.49,0.17,-0.12,0.47,41.1,8.7,8.9,12.3,11.2,10.2,1.0,102,2,-0.51,-0.79,-0.24,-0.53,-0.81,-0.25,45.5,9.9,9.1,13.3,13.3,12.4,0.9,190,4,-0.16,-0.36,0.04,-0.18,-0.39,0.02,,,,,,,,,,,,,,,,44.8,200,-0.25,-0.44,-0.05,30.6,36,-0.78,-1.24,-0.32,47.8,164,-0.13,-0.35,0.08,3,7%,2%,0%,63,57%,23%,13%,36,95%,74%,55%,19%,61%,8%,5%,35%,23%,-0.47,-0.07,0.07,-0.81,0.02,-0.63,-0.32,-0.38,-1.39,-0.24,SUPP,-0.49,-0.77,0.32,-0.51,-0.32,-1.29,0.25,-0.22,-0.03,-0.90,0.20,-0.35,0.54,-0.41,-0.66,-2.12,0.05,-0.52,-0.01,-1.25,0.02,-0.66,0.21,-0.97,1.79,-1.15,-0.11,-0.90,SUPP,SUPP,0.00,-0.98,-0.12,-1.42,,,,37%,26%,17%,45%,18%,10%,63%,42%,31%,54%,30%,20%,53%,47%,41%,,,,,,,5%,0%,0%,43%,31%,20%,61%,,57%,99%,,,63%,40%,32%,80%,8,18%,92,83%,35,92%,66%,77%,76%,72%,16%,54%,0,0%,53,48%,34,89%,42%,53%,53%,48%,,,,,27%,16%,71%,45%,2%,27%,,,,,37,18%,174,83%,7.9,6.9,7.7,9.1,6.8,8.1,,,6.7,8,7.6,6.1,7.5,9.1,6.3,7.9,,,5.8,7.6,1608.0,1.0,0%,Average
1,919,4116,117534,Marriotts School,,Brittain Way,,,Stevenage,SG2 8UT,01438726999,E14000968,Stevenage,0,0,CY,Does not apply,NSE,OTHER NON SEL,MIXED,0,0,1,11-18,1449,738,711,233,126,54%,107,46%,102.7,71,31%,124,54%,34,15%,73,31%,160,69%,21,9%,212,91%,0,0%,225,97%,2,1%,49,21%,47,20%,9872.0,42.4,1988.0,8.5,1872.0,8.0,2567.0,11.0,3445.0,14.8,1317.5,5.7,2127.5,9.1,2.8,2.8,229,1,98%,-0.11,-0.29,0.07,-0.11,-0.30,0.08,-0.46,-0.67,-0.24,-0.21,-0.41,-0.02,-0.45,-0.66,-0.23,0.53,0.32,0.74,56%,26%,804.12,3.45,2.61,3.84,2.23,3.57,5.58,4.02,3.60,3.32,3.50,,,,3.84,2.85,4.3,89,38%,21%,13%,228,98%,230,99%,227,97%,200,86%,99,42%,72%,42%,62%,33%,47%,27%,46%,31%,71%,47%,223,98%,197,99%,97,98%,-0.47,-0.66,-0.28,-0.67,-0.92,-0.42,0.12,-0.28,0.51,167,99,144,76,106,61,92,61,70,47,83,36%,226,97%,225,97%,218,96%,191,96%,97,98%,34.0,73,0,-0.61,-0.94,-0.29,-0.61,-0.94,-0.28,46.2,156,1,0.12,-0.10,0.35,0.12,-0.10,0.35,7.1,-0.83,-1.21,-0.46,6.3,-0.72,-1.07,-0.38,8.4,-0.96,-1.34,-0.59,12.2,-0.04,-0.41,0.33,9.2,-0.28,-0.54,-0.02,8.8,0.02,-0.21,0.26,12.2,-0.20,-0.46,0.05,16.0,0.79,0.54,1.04,4.2,8.0,6.3,9.6,-16.3,-0.78,30.5,71,0,0.15,-0.18,0.48,0.15,-0.18,0.49,44.2,124,1,-0.18,-0.43,0.06,-0.18,-0.44,0.07,60.9,34,0,-0.39,-0.86,0.09,-0.39,-0.87,0.10,46.0,9.6,8.5,13.0,14.9,6.4,8.5,20,0,0.84,0.22,1.46,0.84,0.21,1.47,44.2,9.1,8.0,11.6,15.5,6.7,8.8,104,0,-0.06,-0.34,0.21,-0.06,-0.34,0.21,40.9,8.1,8.0,10.5,14.2,4.8,9.4,125,1,-0.15,-0.40,0.10,-0.15,-0.40,0.10,42.9,8.6,8.1,11.1,15.0,5.7,9.3,221,1,-0.08,-0.27,0.11,-0.08,-0.27,0.11,,,,,,,,,,,,,,,,46.9,225,-0.08,-0.26,0.1,37.1,71,-0.8,-1.12,-0.47,51.5,154,0.25,0.03,0.47,13,18%,3%,1%,50,40%,20%,10%,24,71%,62%,50%,21%,46%,7%,5%,28%,16%,-0.29,-0.52,-0.65,-0.89,-0.28,-0.56,-0.64,-0.93,-1.07,-0.51,0.76,-0.14,0.20,0.01,0.14,-0.54,-1.23,-0.05,-0.51,0.06,-0.64,-0.26,-0.79,-0.16,-1.15,-0.60,-1.54,-0.21,-0.80,-0.09,-1.04,-0.30,-0.98,-0.31,-1.54,0.93,-0.91,0.58,-0.30,1.68,-0.15,0.39,-0.66,0.97,-0.58,,,,38%,26%,17%,39%,18%,12%,37%,24%,14%,39%,22%,13%,67%,29%,19%,,,,,,,22%,10%,5%,45%,34%,22%,52%,,59%,98%,,,61%,37%,36%,65%,15,21%,80,65%,33,97%,56%,56%,57%,56%,15%,31%,1,1%,33,27%,25,74%,23%,29%,29%,26%,,,,,38%,20%,72%,45%,1%,9%,,,,,74,32%,159,68%,7.8,7.5,7.8,8.5,7.3,8.0,,,7.9,8.8,6.2,5.6,6.1,7.4,5.7,6.4,,,5.9,6.7,1828.0,0.0,0%,Average
1,919,6036,117616,Merchant Taylors' School,,Sandy Lodge,Northwood,Middlesex,Northwood,HA6 2HT,01923820644,E14000951,South West Hertfordshire,0,0,IND,None,,NA,BOYS,0,0,1,11-18,945,945,,173,173,100%,,0%,NP,NP,NP,NP,NP,NP,NP,NP,NP,NP,NP,NP,NP,NP,NP,NP,NP,NP,NP,NA,NA,NA,NA,NA,NA,6901.4,39.9,2612.0,15.1,0.0,0.0,1300.0,7.5,2989.4,17.3,2751.0,15.9,238.4,1.4,1.0,2.4,NP,NP,NP,NP,NP,NP,NP,NP,NP,NP,NP,NP,NP,NP,NP,NP,NP,NP,NP,NP,NP,0%,0%,384.51,2.22,NP,NP,NP,NP,NP,NP,NE,2.22,NP,,,,1.19,NP,NP,0,0%,0%,0%,172,99%,0,0%,0,0%,85,49%,41,24%,99%,99%,0%,0%,NE,NE,100%,100%,98%,98%,NP,NP,NP,NP,NP,NP,NP,NP,NP,NP,NP,NP,NP,NP,NP,172,172,0,0,NE,NE,85,85,40,40,0,0%,172,99%,0,0%,NE,NE,85,100%,40,98%,NP,NP,NP,NP,NP,NP,NP,NP,NP,NP,NP,NP,NP,NP,NP,NP,NP,NP,NP,NP,NP,NP,NP,NP,NP,NP,NP,NP,NP,NP,NP,NP,NP,NP,NP,NP,NP,NP,NP,NP,NP,NP,NP,NP,NP,NP,NP,NP,NP,NP,NP,NP,NP,NP,NP,NP,NP,NP,NP,NP,NP,NP,NP,NP,NP,NP,NP,NP,NP,NP,NP,NP,NP,NP,NP,NP,NP,NP,NP,NP,NP,NP,NP,NP,NP,NP,NP,NP,NP,NP,NP,NP,NP,NP,NP,NP,NP,NP,NE,NE,NE,NE,NE,NE,NE,NP,NP,NP,NP,NP,NP,NP,NP,39.9,15.2,0.0,7.6,17.4,16.0,1.4,NP,NP,NP,NP,NP,NP,NP,NP,NP,NP,NP,NP,NP,NP,NP,NP,NP,NP,NP,NP,NP,NP,NP,,,,,,,,,,,,,,,,29.7,NP,NP,NP,NP,NP,NP,NP,NP,NP,NP,NP,NP,NP,NP,NP,NP,NP,NP,NP,NP,NP,NP,NP,NP,NP,NP,NP,NP,NP,NP,NP,NP,NP,NP,NP,NP,NP,NP,NP,NP,NP,NP,NP,NP,NP,NP,NP,NP,NP,NP,NP,NP,NP,NP,NP,NP,NP,NP,NP,NP,NP,NP,NP,NP,NP,NP,NP,NP,NP,NP,NP,NP,NP,NP,NP,NP,NP,,,,0%,0%,0%,0%,0%,0%,NE,NE,NE,NP,NP,NP,NP,NP,NP,,,,,,,NP,NP,NP,NP,NP,NP,0%,,0%,99%,,,0%,0%,NP,NP,NP,NP,NP,NP,NP,NP,0%,NE,NP,NP,NP,NP,NP,NP,NP,NP,NP,NP,0%,NE,NP,NP,,,,,NP,NP,NP,NP,2%,0%,,,,,NP,NP,NP,NP,4.4,NP,NP,NP,NP,NP,,,NP,NP,4.2,NP,NP,NP,NP,NP,,,NP,NP,789.0,2.0,0%
1,919,4118,138632,Monk's Walk School,,Knightsfield,,,Welwyn Garden City,AL8 7NL,01707322846,E14001027,Welwyn Hatfield,0,0,ACC,None,NSE,OTHER NON SEL,MIXED,0,0,1,11-18,1394,780,614,220,116,53%,104,47%,105.2,43,20%,112,52%,59,28%,31,14%,189,86%,16,7%,203,92%,1,0%,216,98%,7,3%,34,15%,27,12%,11915.3,54.2,2518.0,11.4,2280.0,10.4,3580.5,16.3,3536.8,16.1,2922.0,13.3,614.8,2.8,2.8,2.9,214,3,97%,0.59,0.40,0.78,0.58,0.39,0.77,0.58,0.37,0.80,0.40,0.20,0.60,0.76,0.54,0.98,0.52,0.30,0.74,77%,60%,1048.25,4.76,2.93,5.07,2.56,4.65,6.73,6.48,4.65,4.87,4.79,,,,4.92,3.44,5.2,60,27%,23%,20%,214,97%,214,97%,210,95%,190,86%,69,31%,87%,75%,79%,63%,82%,68%,78%,68%,84%,75%,205,98%,186,98%,69,100%,0.84,0.64,1.04,0.86,0.60,1.12,1.09,0.62,1.56,191,164,174,139,172,142,148,129,58,52,58,26%,214,97%,214,97%,209,100%,190,100%,66,96%,34.6,29,2,-0.37,-0.88,0.15,-0.43,-0.95,0.10,57.4,185,1,0.74,0.54,0.95,0.74,0.53,0.95,7.9,-0.30,-0.90,0.30,6.7,-0.47,-1.01,0.08,9.7,-0.40,-1.00,0.19,10.3,-0.50,-1.10,0.09,12.0,0.72,0.49,0.96,11.0,0.54,0.32,0.75,17.3,0.94,0.70,1.18,17.0,0.68,0.45,0.92,7.0,3.3,14.3,2.7,-15.7,-0.54,31.6,43,0,0.38,-0.04,0.81,0.38,-0.05,0.82,53.7,112,3,0.65,0.39,0.92,0.63,0.37,0.90,73.0,59,0,0.62,0.26,0.98,0.62,0.25,0.99,69.0,14.5,13.1,21.2,20.2,17.4,2.8,15,0,1.49,0.77,2.20,1.49,0.76,2.22,54.0,11.6,9.9,16.0,16.5,13.7,2.8,101,3,0.59,0.31,0.86,0.57,0.29,0.85,54.3,11.3,10.8,16.5,15.7,12.9,2.8,113,0,0.59,0.33,0.85,0.59,0.33,0.86,54.4,11.5,10.4,16.4,16.2,13.4,2.8,211,3,0.62,0.43,0.81,0.61,0.41,0.80,,,,,,,,,,,,,,,,55.7,208,0.46,0.26,0.65,41.9,34,-0.05,-0.53,0.42,58.4,174,0.56,0.35,0.77,3,7%,0%,0%,27,24%,19%,13%,30,51%,51%,47%,16%,29%,6%,3%,26%,22%,0.65,1.01,0.67,0.39,0.90,0.15,1.06,0.92,-0.23,1.00,SUPP,0.83,1.58,-0.92,1.28,0.98,-0.19,1.12,0.69,1.11,0.19,1.29,0.73,1.04,0.29,0.54,-1.00,1.27,0.73,0.77,-0.48,1.42,0.70,1.38,0.46,0.66,-2.51,1.77,0.79,SUPP,SUPP,1.49,0.16,2.28,0.87,,,,31%,25%,22%,31%,28%,22%,23%,18%,16%,27%,24%,20%,63%,56%,56%,,,,,,,9%,9%,3%,36%,28%,26%,75%,,78%,97%,,,80%,61%,45%,83%,14,33%,94,84%,59,100%,81%,73%,94%,78%,23%,66%,3,7%,69,62%,57,97%,60%,60%,88%,60%,,,,,54%,34%,84%,67%,1%,27%,,,,,35,16%,180,84%,8.2,7.2,7.9,9.4,6.6,8.4,,,7.5,8.6,7.5,6.1,7.3,9.1,5.8,7.8,,,6.7,7.9,1815.0,1.0,0%,Well above average
1,919,5411,137224,Mount Grace School,,Church Road,,,Potters Bar,EN6 1EZ,01707655512,E14000745,Hertsmere,0,0,ACC,None,NSE,OTHER NON SEL,MIXED,0,0,1,11-18,507,271,236,69,36,52%,33,48%,101.5,24,35%,36,53%,8,12%,23,33%,46,67%,13,19%,56,81%,0,0%,64,93%,2,3%,15,22%,13,19%,2729.5,39.6,594.0,8.6,510.0,7.4,730.0,10.6,895.5,13.0,647.0,9.4,248.5,3.6,2.6,2.7,68,3,99%,-0.18,-0.51,0.16,-0.20,-0.55,0.14,-0.21,-0.60,0.18,-0.34,-0.69,0.02,-0.41,-0.80,-0.02,0.09,-0.29,0.48,48%,30%,222.33,3.22,2.72,3.47,2.01,3.60,5.21,4.10,3.43,3.03,3.29,,,,3.29,2.9,3.41,17,25%,16%,7%,65,94%,67,97%,64,93%,46,67%,25,36%,67%,46%,54%,36%,45%,33%,54%,28%,68%,40%,63,98%,45,98%,25,100%,-0.21,-0.57,0.16,-0.38,-0.90,0.15,-0.05,-0.82,0.73,46,32,37,25,29,21,25,13,17,10,16,23%,65,94%,66,96%,64,100%,44,96%,24,96%,33.1,23,1,-0.18,-0.75,0.40,-0.19,-0.77,0.40,42.8,45,2,-0.18,-0.59,0.24,-0.21,-0.63,0.21,7.4,-0.20,-0.87,0.47,6.1,-0.24,-0.85,0.36,8.9,-0.26,-0.93,0.41,10.7,-0.06,-0.72,0.60,9.2,-0.21,-0.69,0.27,8.0,-0.39,-0.82,0.05,11.4,-0.49,-0.96,-0.01,14.1,0.17,-0.30,0.64,7.8,2.9,10.2,3.9,-17.2,-0.35,27.1,24,0,0.00,-0.57,0.56,0.00,-0.58,0.57,43.2,36,3,-0.23,-0.70,0.23,-0.29,-0.76,0.18,60.8,8,0,-0.44,-1.42,0.54,-0.44,-1.44,0.55,46.0,9.8,8.5,13.2,14.6,11.2,3.4,13,1,0.19,-0.58,0.96,0.16,-0.62,0.94,42.8,9.5,7.5,11.3,14.5,11.1,3.4,33,0,0.20,-0.28,0.69,0.20,-0.29,0.69,36.6,7.8,7.3,9.9,11.6,7.8,3.8,35,3,-0.53,-1.00,-0.07,-0.59,-1.07,-0.11,40.5,8.8,7.6,10.8,13.4,9.6,3.8,63,2,-0.07,-0.42,0.28,-0.09,-0.45,0.26,,,,,,,,,,,,,,,,42.2,89,-0.49,-0.78,-0.2,37.9,21,-0.55,-1.15,0.05,43.5,68,-0.47,-0.8,-0.13,2,8%,0%,0%,12,33%,22%,8%,3,38%,38%,25%,22%,26%,9%,4%,20%,9%,-0.13,-0.21,-0.42,-0.14,-0.24,-0.35,-0.17,-1.20,-0.27,-0.42,SUPP,-0.13,SUPP,0.53,-0.32,0.49,-0.77,0.20,-0.68,0.49,-0.74,0.29,-0.71,0.59,-1.44,0.70,-1.25,0.20,-1.04,0.66,-1.37,0.52,-0.86,0.13,-2.53,1.91,-0.84,0.63,-1.26,SUPP,SUPP,0.82,-1.07,SUPP,SUPP,,,,17%,7%,6%,25%,22%,8%,24%,9%,6%,25%,17%,8%,62%,38%,15%,,,,,,,14%,0%,0%,18%,10%,8%,46%,,49%,96%,,,53%,25%,30%,57%,2,8%,23,64%,8,100%,47%,48%,69%,50%,17%,37%,1,4%,15,42%,5,63%,33%,27%,38%,31%,,,,,33%,14%,59%,27%,3%,35%,,,,,21,22%,73,78%,8.5,7.9,8.6,10.0,8.0,8.8,,,9.1,8.9,7.5,6.6,7.7,9.3,7.0,7.7,,,7.6,7.6,592.0,0.0,0%,Average
1,919,5412,137938,Nicholas Breakspear Catholic School,,Colney Heath Lane,,,St Albans,AL4 0TT,01727860079,E14000960,St Albans,0,0,ACC,Roman Catholic,NSE,OTHER NON SEL,MIXED,0,0,1,11-18,1037,611,426,179,97,54%,82,46%,103.4,37,24%,98,63%,20,13%,21,12%,158,88%,51,28%,127,71%,1,1%,174,97%,4,2%,26,15%,22,12%,9409.3,52.6,1972.0,11.0,1798.0,10.0,2804.5,15.7,2834.8,15.8,2607.0,14.6,227.8,1.3,3.0,3.0,155,0,87%,0.70,0.48,0.93,0.70,0.48,0.93,0.67,0.41,0.92,0.52,0.28,0.75,0.81,0.55,1.07,0.75,0.49,1.00,79%,54%,872.15,4.87,3.90,5.00,3.24,5.09,6.30,4.92,4.92,4.83,4.86,,,,4.73,3.6,4.97,149,83%,45%,22%,179,100%,179,100%,179,100%,176,98%,150,84%,88%,71%,82%,60%,78%,54%,78%,64%,59%,38%,155,87%,153,87%,128,85%,0.53,0.30,0.76,0.75,0.47,1.04,-0.14,-0.49,0.20,158,127,147,107,139,97,137,112,89,57,143,80%,179,100%,178,99%,179,100%,175,99%,144,96%,43.1,18,0,0.60,-0.05,1.25,0.60,-0.07,1.27,53.8,137,0,0.72,0.48,0.95,0.72,0.48,0.96,9.6,0.67,-0.09,1.42,7.6,0.29,-0.39,0.98,12.2,0.59,-0.16,1.35,13.6,0.77,0.02,1.52,11.2,0.67,0.39,0.94,10.4,0.54,0.30,0.79,16.1,0.84,0.57,1.12,16.1,0.74,0.47,1.01,11.3,2.3,15.0,1.1,-7.2,0.43,37.3,37,0,0.98,0.52,1.43,0.98,0.51,1.44,54.5,98,0,0.67,0.39,0.95,0.67,0.39,0.96,67.7,20,0,0.35,-0.27,0.97,0.35,-0.28,0.98,51.5,10.2,10.2,16.0,15.1,13.8,1.2,39,0,0.80,0.36,1.24,0.80,0.35,1.25,53.7,11.5,9.6,15.8,16.8,14.8,2.0,71,0,0.71,0.38,1.04,0.71,0.38,1.05,51.6,10.6,10.4,15.6,15.0,14.4,0.7,84,0,0.70,0.40,1.00,0.70,0.39,1.01,52.5,11.0,10.0,15.6,15.9,14.6,1.3,154,0,0.70,0.48,0.93,0.70,0.48,0.93,,,,,,,,,,,,,,,,52.3,128,0.6,0.35,0.84,41.7,24,-0.06,-0.62,0.51,54.6,104,0.75,0.48,1.02,19,51%,16%,5%,90,92%,52%,22%,19,95%,55%,45%,67%,85%,33%,19%,46%,22%,0.63,0.58,0.12,0.23,0.57,0.91,0.75,0.45,0.61,0.77,0.60,-0.07,-1.23,0.52,-0.21,0.90,-0.45,0.82,0.33,1.10,0.16,0.87,0.29,0.77,-0.52,1.46,-0.25,1.07,0.47,1.50,0.32,1.11,0.40,1.24,-0.34,1.65,-0.60,0.15,-0.57,1.49,-0.29,0.34,-0.48,-0.34,-2.12,,,,75%,38%,25%,78%,45%,23%,89%,44%,21%,83%,45%,22%,86%,51%,35%,,,,,,,54%,8%,8%,80%,44%,28%,75%,,69%,100%,,,72%,51%,52%,83%,12,32%,90,92%,20,100%,77%,82%,73%,79%,33%,57%,5,14%,54,55%,20,100%,54%,55%,59%,53%,,,,,50%,25%,76%,57%,10%,21%,,,,,24,18%,113,83%,9.1,8.6,9.1,9.6,8.8,9.2,,,8.3,9.2,8.7,8.0,8.8,9.4,8.2,8.8,,,7.6,8.7,1630.0,0.0,0%,Well above average
1,919,4104,117530,The Nobel School,,Mobbsbury Way,,,Stevenage,SG2 0HS,01438222600,E14000968,Stevenage,0,0,FD,Does not apply,NSE,OTHER NON SEL,MIXED,0,0,1,11-18,1474,747,727,234,134,57%,100,43%,103.8,57,25%,126,55%,47,20%,36,15%,198,85%,25,11%,209,89%,0,0%,227,97%,5,2%,42,18%,37,16%,11682.8,49.9,2460.0,10.5,2312.0,9.9,3408.0,14.6,3502.8,15.0,3183.5,13.6,319.3,1.4,2.9,2.9,230,1,98%,0.40,0.22,0.59,0.40,0.22,0.59,0.34,0.12,0.55,0.43,0.23,0.62,0.47,0.26,0.68,0.37,0.16,0.58,74%,52%,963.99,4.12,3.12,4.30,2.68,4.16,5.72,4.47,4.14,4.10,4.13,,,,4.14,2.98,4.35,20,9%,7%,6%,227,97%,232,99%,228,97%,194,83%,24,10%,82%,67%,79%,59%,72%,54%,76%,59%,83%,83%,224,98%,194,100%,23,96%,0.40,0.21,0.59,0.80,0.55,1.05,1.38,0.57,2.19,192,156,184,139,164,123,147,115,20,20,20,9%,227,97%,228,97%,228,100%,192,99%,24,100%,38.2,36,0,-0.19,-0.65,0.27,-0.19,-0.66,0.28,52.1,194,1,0.51,0.32,0.71,0.51,0.31,0.72,8.3,-0.24,-0.78,0.29,7.6,-0.05,-0.54,0.44,10.7,-0.19,-0.72,0.35,11.6,-0.25,-0.79,0.28,10.9,0.44,0.21,0.67,10.3,0.51,0.30,0.72,15.3,0.59,0.36,0.82,15.6,0.48,0.25,0.71,10.4,1.2,14.2,1.4,-12.1,-0.36,33.5,57,0,0.50,0.13,0.86,0.50,0.12,0.87,50.2,126,1,0.41,0.16,0.66,0.41,0.16,0.66,68.6,47,0,0.28,-0.12,0.68,0.28,-0.13,0.69,53.8,10.9,10.7,16.5,15.7,14.9,0.9,22,0,1.14,0.55,1.74,1.14,0.54,1.75,50.9,10.9,9.3,14.6,16.0,14.5,1.5,98,1,0.59,0.31,0.87,0.59,0.31,0.88,49.2,10.2,10.3,14.5,14.2,12.9,1.3,132,0,0.26,0.02,0.51,0.26,0.02,0.51,50.0,10.5,9.9,14.6,15.0,13.6,1.4,226,1,0.42,0.23,0.60,0.42,0.23,0.61,,,,,,,,,,,,,,,,51.1,231,0.03,-0.15,0.21,37.6,37,-0.81,-1.26,-0.35,53.6,194,0.19,-0.01,0.39,1,2%,2%,0%,14,11%,9%,7%,5,11%,11%,11%,3%,10%,3%,3%,8%,7%,0.52,0.44,0.16,0.04,0.46,0.94,0.92,0.33,0.32,0.88,SUPP,1.17,1.74,SUPP,1.40,0.55,-0.46,0.67,0.25,0.91,0.13,0.70,0.18,0.58,-0.25,0.98,-0.35,1.16,0.61,1.45,0.42,1.26,0.58,0.88,-0.23,SUPP,SUPP,2.23,0.57,SUPP,SUPP,2.14,0.20,3.32,0.15,,,,8%,8%,6%,8%,8%,7%,9%,6%,5%,8%,7%,6%,24%,20%,12%,,,,,,,3%,3%,3%,9%,8%,7%,69%,,72%,99%,,,73%,50%,47%,78%,22,39%,100,79%,47,100%,77%,69%,76%,74%,33%,56%,8,14%,68,54%,43,91%,54%,50%,68%,52%,,,,,51%,35%,77%,53%,0%,24%,,,,,37,16%,202,85%,7.9,7.3,8.0,8.5,7.1,8.1,,,7.1,8.1,7.6,6.7,7.7,8.3,6.8,7.7,,,6.7,7.7,1863.0,0.0,0%,Above average
1,919,4035,147535,Onslow St Audrey's School,,Old Rectory Drive,,,Hatfield,AL10 8AB,01707264228,E14001027,Welwyn Hatfield,0,0,ACC,Unknown,NR,OTHER NON SEL,MIXED,0,0,1,11-18,824,478,346,129,76,59%,53,41%,101.1,41,36%,61,53%,13,11%,41,32%,88,68%,31,24%,93,72%,5,4%,115,89%,3,2%,23,18%,20,16%,4621.5,35.8,1015.0,7.9,874.0,6.8,1289.5,10.0,1443.0,11.2,1080.0,8.4,363.0,2.8,2.7,2.8,115,2,89%,-0.46,-0.72,-0.20,-0.48,-0.74,-0.21,-0.50,-0.80,-0.20,-0.53,-0.80,-0.26,-0.49,-0.78,-0.19,-0.42,-0.71,-0.12,41%,21%,383.72,2.97,2.60,3.15,1.98,3.30,4.37,3.59,3.03,2.94,3.02,,,,3.24,2.55,3.55,32,25%,7%,5%,122,95%,125,97%,123,95%,104,81%,32,25%,62%,40%,48%,26%,36%,22%,42%,25%,63%,47%,111,90%,94,90%,24,75%,-0.51,-0.79,-0.24,-0.49,-0.85,-0.12,-0.21,-1.00,0.58,80,52,62,33,44,27,44,26,20,15,30,23%,120,93%,121,94%,119,97%,104,100%,31,97%,31.9,39,1,-0.63,-1.07,-0.18,-0.67,-1.12,-0.22,37.6,76,1,-0.38,-0.70,-0.06,-0.38,-0.70,-0.05,7.4,-0.57,-1.09,-0.06,5.7,-0.83,-1.29,-0.36,8.7,-0.65,-1.16,-0.13,10.1,-0.65,-1.16,-0.14,8.1,-0.46,-0.83,-0.09,7.3,-0.38,-0.71,-0.04,10.6,-0.40,-0.77,-0.03,11.7,-0.30,-0.66,0.07,6.9,3.2,9.0,2.6,-18.4,-0.80,26.5,41,0,-0.16,-0.59,0.27,-0.16,-0.60,0.28,39.1,61,0,-0.49,-0.84,-0.13,-0.49,-0.85,-0.13,50.2,13,2,-1.30,-2.07,-0.53,-1.42,-2.21,-0.64,41.3,8.5,7.5,12.3,12.9,10.0,2.9,24,0,0.22,-0.34,0.79,0.22,-0.35,0.80,36.7,8.5,6.4,9.9,11.9,9.0,2.9,44,0,-0.44,-0.86,-0.03,-0.44,-0.87,-0.02,35.2,7.5,7.0,10.0,10.7,8.0,2.8,71,2,-0.47,-0.80,-0.14,-0.50,-0.83,-0.16,36.5,8.0,6.8,10.2,11.6,8.4,3.1,105,2,-0.37,-0.64,-0.10,-0.39,-0.66,-0.11,,,,,,,,,,,,,,,,38.4,130,-0.47,-0.71,-0.23,31.5,42,-0.8,-1.23,-0.38,41.4,88,-0.31,-0.61,-0.02,4,10%,0%,0%,15,25%,7%,3%,5,38%,23%,15%,17%,28%,5%,2%,8%,6%,-0.39,-0.45,-1.23,-0.49,-0.53,0.00,-0.50,-1.52,-0.49,-0.48,SUPP,0.28,SUPP,-0.60,-0.08,-0.01,-0.96,-0.19,-0.86,0.07,-0.85,-0.08,-0.82,-0.40,-2.05,0.16,-1.15,-0.05,-0.92,0.67,-0.68,-0.02,-0.97,-0.50,-2.53,0.99,-2.18,0.84,-1.00,SUPP,SUPP,1.29,-0.72,SUPP,SUPP,,,,24%,13%,10%,24%,4%,3%,26%,11%,8%,24%,7%,5%,42%,16%,10%,,,,,,,16%,7%,5%,27%,16%,12%,36%,,41%,98%,,,45%,25%,24%,49%,8,20%,28,46%,10,77%,39%,43%,48%,43%,12%,25%,1,2%,15,25%,8,62%,22%,19%,26%,22%,,,,,30%,16%,52%,29%,1%,16%,,,,,44,31%,99,69%,7.6,7.1,7.9,8.1,7.2,7.7,,,7.2,7.5,6.6,5.9,6.9,7.6,6.2,6.8,,,6.1,6.7,992.0,0.0,0%,Below average
1,919,5404,136899,Parmiter's School,,High Elms Lane,Garston,,Watford,WD25 0UU,01923671424,E14001021,Watford,0,0,ACC,None,NSE,OTHER NON SEL,MIXED,0,0,1,11-18,1430,762,668,206,103,50%,103,50%,109.1,14,7%,81,42%,97,51%,13,6%,193,94%,43,21%,162,79%,1,0%,204,99%,4,2%,27,13%,23,11%,13073.5,63.5,2641.0,12.8,2604.0,12.6,4021.0,19.5,3807.5,18.5,3758.0,18.2,49.5,0.2,2.9,2.9,192,1,93%,0.50,0.30,0.70,0.49,0.29,0.70,0.33,0.10,0.56,0.49,0.27,0.70,0.72,0.49,0.95,0.37,0.14,0.60,91%,77%,1244.66,6.04,4.13,6.17,2.38,5.05,7.23,6.56,6.34,5.75,6.05,,,,6.52,3.91,6.77,153,74%,65%,54%,202,98%,204,99%,203,99%,162,79%,189,92%,94%,84%,92%,83%,92%,84%,90%,83%,87%,76%,189,93%,151,93%,176,93%,0.77,0.56,0.98,0.50,0.21,0.78,0.43,0.13,0.72,193,174,189,170,187,170,146,135,164,144,153,74%,202,98%,203,99%,202,100%,162,100%,188,99%,45.5,12,1,-0.59,-1.39,0.21,-0.67,-1.48,0.15,64.7,180,0,0.57,0.36,0.78,0.57,0.36,0.78,9.7,-0.69,-1.61,0.24,8.8,-0.76,-1.60,0.08,13.6,-0.52,-1.45,0.40,13.5,-0.74,-1.66,0.18,13.0,0.40,0.16,0.64,12.9,0.57,0.35,0.79,19.9,0.80,0.57,1.04,18.8,0.45,0.21,0.69,13.5,0.0,18.6,0.3,-4.8,-0.76,29.6,14,0,0.29,-0.45,1.03,0.29,-0.46,1.05,53.7,81,1,0.52,0.21,0.83,0.51,0.19,0.82,74.8,97,0,0.51,0.23,0.79,0.51,0.22,0.79,67.6,13.5,13.5,21.0,19.6,19.6,0.0,40,0,0.74,0.30,1.18,0.74,0.29,1.19,66.2,13.6,12.8,20.3,19.4,19.3,0.2,96,0,0.59,0.31,0.88,0.59,0.31,0.88,60.8,12.0,12.5,18.8,17.5,17.2,0.3,96,1,0.40,0.12,0.68,0.39,0.10,0.68,63.5,12.8,12.6,19.5,18.5,18.3,0.2,191,1,0.50,0.30,0.70,0.49,0.29,0.70,,,,,,,,,,,,,,,,68.5,195,0.5,0.3,0.7,42.9,17,-0.48,-1.15,0.19,71,178,0.59,0.38,0.8,2,14%,0%,0%,56,69%,53%,30%,84,87%,82%,78%,54%,76%,31%,23%,67%,56%,0.48,0.98,0.65,0.56,0.78,0.31,0.66,0.41,0.26,0.51,SUPP,0.39,0.49,-0.42,0.46,1.52,-0.40,1.00,0.57,1.28,-0.32,1.30,0.65,0.94,0.36,1.51,-0.98,0.80,0.22,1.48,-0.86,1.12,0.19,0.79,0.02,1.05,-1.89,0.76,0.16,SUPP,SUPP,0.83,-0.06,0.89,0.10,,,,74%,67%,61%,69%,58%,44%,80%,72%,64%,75%,66%,54%,84%,79%,72%,,,,,,,50%,44%,28%,76%,69%,64%,88%,,91%,100%,,,92%,83%,54%,93%,2,14%,74,91%,97,100%,88%,93%,91%,91%,54%,79%,0,0%,50,62%,96,99%,70%,84%,84%,77%,,,,,61%,39%,95%,87%,10%,40%,,,,,18,9%,191,91%,8.7,6.7,8.0,9.5,6.8,8.8,,,7.1,9,8.7,6.7,8.0,9.5,6.8,8.8,,,7,9,1796.0,4.0,0%,Well above average
2,919,7004,141251,Pinewood School,,Hoe Lane,,,Ware,SG12 9PB,01920412211,E14000744,Hertford and Stortford,0,0,ACCS,Does not apply,NA,NA,MIXED,0,0,0,11-16,204,142,62,35,23,66%,12,34%,77.5,31,100%,0,0%,0,0%,17,49%,18,51%,0,0%,35,100%,0,0%,35,100%,,,,,,,NE,NE,NE,NE,NE,NE,NE,NE,NE,NE,NE,NE,NE,NE,NE,NE,NE,NE,NE,NE,NE,NE,NE,NE,NE,NE,NE,NE,NE,NE,NE,NE,NE,NE,NE,NE,NE,NE,NE,NE,NE,NE,NE,NE,NE,NE,NE,NE,NE,NE,,,,NE,NE,NE,NE,NE,NE,NE,NE,NE,NE,NE,NE,NE,NE,NE,NE,NE,NE,NE,NE,NE,NE,NE,NE,NE,NE,NE,NE,NE,NE,NE,NE,NE,NE,NE,NE,NE,NE,NE,NE,NE,NE,NE,NE,NE,NE,NE,NE,NE,NE,NE,NE,NE,NE,NE,NE,NE,NE,NE,NE,NE,NE,NE,NE,NE,NE,NE,NE,NE,NE,NE,NE,NE,NE,NE,NE,NE,NE,NE,NE,NE,NE,NE,NE,NE,NE,NE,NE,NE,NE,NE,NE,NE,NE,NE,NE,NE,NE,NE,NE,NE,NE,NE,NE,NE,NE,NE,NE,NE,NE,NE,NE,NE,NE,NE,NE,NE,NE,NE,NE,NE,NE,NE,NE,NE,NE,NE,NE,NE,NE,NE,NE,NE,NE,NE,NE,NE,NE,NE,NE,NE,NE,NE,NE,NE,NE,NE,NE,NE,NE,NE,NE,NE,NE,NE,NE,NE,NE,NE,NE,NE,NE,NE,NE,NE,NE,NE,NE,NE,NE,NE,NE,NE,NE,NE,NE,NE,NE,NE,NE,NE,NE,NE,NE,NE,NE,NE,NE,NE,NE,NE,NE,NE,NE,NE,NE,NE,NE,NE,NE,NE,NE,NE,NE,NE,NE,NE,,,,,,,,,,,,,,,,NE,NE,NE,NE,NE,NE,NE,NE,NE,NE,NE,NE,NE,NE,NE,NE,NE,NE,NE,NE,NE,NE,NE,NE,NE,NE,NE,NE,NE,NE,NE,NE,NE,NE,NE,NE,NE,NE,NE,NE,NE,NE,NE,NE,NE,NE,NE,NE,NE,NE,NE,NE,NE,NE,NE,NE,NE,NE,NE,NE,NE,NE,NE,NE,NE,NE,NE,NE,NE,NE,NE,NE,NE,NE,NE,NE,NE,NE,,,,NE,NE,NE,NE,NE,NE,NE,NE,NE,NE,NE,NE,NE,NE,NE,,,,,,,NE,NE,NE,NE,NE,NE,NE,,NE,NE,,,NE,NE,NE,NE,NE,NE,NE,NE,NE,NE,NE,NE,NE,NE,NE,NE,NE,NE,NE,NE,NE,NE,NE,NE,NE,NE,,,,,NE,NE,NE,NE,NE,NE,,,,,10,36%,18,64%,NE,NE,NE,NE,NE,NE,,,NE,NE,NE,NE,NE,NE,NE,NE,,,NE,NE,NE,NE,NE
1,919,4013,137985,Presdales School,,Hoe Lane,,,Ware,SG12 9NX,01920462210,E14000744,Hertford and Stortford,0,0,ACC,Does not apply,NSE,OTHER NON SEL,GIRLS,0,0,1,11-18,1162,30,1132,177,,0%,177,100%,106.9,16,10%,94,56%,58,35%,15,8%,162,92%,6,3%,171,97%,0,0%,175,99%,1,1%,16,9%,15,8%,10238.0,57.8,2178.0,12.3,1974.0,11.2,3087.0,17.4,2999.0,16.9,2953.0,16.7,46.0,0.3,3.0,3.0,168,0,95%,0.58,0.37,0.79,0.58,0.36,0.80,0.65,0.40,0.90,0.43,0.20,0.65,0.75,0.51,1.00,0.46,0.22,0.71,87%,68%,964.32,5.45,4.28,5.56,3.43,5.07,6.54,6.33,5.45,NE,5.48,,,,5.81,3.43,6.08,142,80%,56%,40%,177,100%,177,100%,173,98%,174,98%,145,82%,93%,82%,90%,73%,86%,72%,78%,67%,76%,57%,164,95%,166,95%,137,94%,0.63,0.40,0.85,0.69,0.42,0.97,0.16,-0.17,0.49,165,146,160,129,149,124,136,116,110,83,140,79%,177,100%,177,100%,173,100%,174,100%,143,99%,45.8,13,0,-0.22,-0.99,0.55,-0.22,-1.00,0.56,59.0,155,0,0.65,0.42,0.87,0.65,0.42,0.87,9.9,-0.37,-1.26,0.52,9.1,-0.11,-0.92,0.70,13.7,-0.12,-1.01,0.76,13.1,-0.29,-1.17,0.60,12.5,0.74,0.48,0.99,11.3,0.47,0.24,0.71,17.8,0.83,0.57,1.09,17.3,0.52,0.27,0.78,12.6,0.5,17.1,0.2,-4.5,-0.39,39.1,16,0,0.67,-0.03,1.36,0.67,-0.04,1.37,54.1,94,0,0.68,0.40,0.97,0.68,0.39,0.97,68.3,58,0,0.39,0.03,0.75,0.39,0.02,0.76,64.5,13.3,13.3,19.3,18.5,18.5,0.0,6,0,1.32,0.19,2.45,1.32,0.17,2.47,57.8,12.3,11.2,17.4,16.9,16.7,0.3,168,0,0.58,0.37,0.79,0.58,0.36,0.80,NE,NE,NE,NE,NE,NE,NE,NE,NE,NE,NE,NE,NE,NE,NE,58.1,12.3,11.2,17.5,17.0,16.8,0.2,166,0,0.59,0.38,0.81,0.59,0.38,0.81,,,,,,,,,,,,,,,,61.6,169,0.58,0.37,0.79,42.8,17,0,-0.67,0.67,63.7,152,0.65,0.42,0.87,7,44%,25%,13%,75,80%,46%,33%,53,91%,83%,60%,73%,81%,27%,20%,59%,42%,0.88,0.78,0.31,0.08,0.67,0.67,0.82,0.48,-0.55,0.80,0.35,0.23,0.03,-0.47,0.21,0.91,-0.75,0.90,0.44,1.62,0.14,1.08,0.48,0.69,-0.07,0.42,-1.53,1.08,0.51,1.55,-0.21,1.19,0.46,0.95,0.01,0.83,-1.76,0.55,-0.14,1.82,-1.11,0.68,-0.21,0.56,-0.50,,,,84%,73%,61%,NE,NE,NE,80%,56%,40%,81%,57%,41%,100%,100%,67%,,,,,,,44%,28%,22%,89%,78%,65%,84%,,86%,100%,,,88%,73%,73%,88%,9,56%,79,84%,57,98%,NE,87%,100%,87%,33%,71%,4,25%,56,60%,54,93%,NE,68%,100%,69%,,,,,56%,28%,91%,78%,6%,35%,,,,,18,10%,161,90%,8.5,7.4,8.2,9.2,7.8,8.5,,,8.2,9,8.4,7.3,8.1,9.1,7.7,8.5,,,7.9,8.9,1499.0,0.0,0%,Well above average
1,919,4000,117499,The Priory School,,Bedford Road,,,Hitchin,SG5 2UR,01462622300,E14000749,Hitchin and Harpenden,0,0,FD,Does not apply,NSE,OTHER NON SEL,MIXED,0,0,1,11-18,1243,644,599,205,108,53%,97,47%,105.2,33,17%,110,58%,48,25%,35,17%,170,83%,11,5%,194,95%,0,0%,193,94%,2,1%,40,20%,38,19%,9870.3,48.1,2051.0,10.0,1926.0,9.4,3053.5,14.9,2839.8,13.9,2524.5,12.3,315.3,1.5,2.9,2.9,191,0,93%,-0.07,-0.27,0.13,-0.07,-0.28,0.13,-0.21,-0.44,0.02,-0.11,-0.32,0.10,0.27,0.04,0.50,-0.30,-0.53,-0.07,65%,44%,883.34,4.31,3.09,4.56,2.20,4.11,6.08,4.89,4.68,3.98,4.32,,,,4.31,3.07,4.52,72,35%,20%,14%,190,93%,204,100%,203,99%,200,98%,72,35%,78%,64%,70%,49%,74%,52%,68%,55%,61%,49%,190,94%,187,94%,66,92%,0.19,-0.02,0.39,0.12,-0.14,0.38,-0.24,-0.71,0.24,160,132,144,100,150,106,135,109,44,35,69,34%,190,93%,204,100%,199,98%,197,99%,69,96%,35.2,34,0,-0.50,-0.98,-0.03,-0.50,-0.99,-0.02,50.8,157,0,0.02,-0.20,0.24,0.02,-0.20,0.25,7.6,-0.60,-1.15,-0.05,7.0,-0.39,-0.89,0.11,10.7,-0.17,-0.72,0.38,9.8,-0.85,-1.39,-0.30,10.5,-0.13,-0.38,0.13,9.9,-0.05,-0.29,0.18,15.8,0.37,0.11,0.62,14.7,-0.18,-0.43,0.08,8.1,1.7,13.2,1.5,-15.1,-0.67,26.7,33,0,-0.21,-0.69,0.27,-0.21,-0.70,0.28,45.7,110,0,-0.12,-0.38,0.15,-0.12,-0.39,0.15,67.0,48,0,0.13,-0.27,0.53,0.13,-0.28,0.53,53.5,10.2,11.1,17.1,15.1,14.1,1.0,9,0,0.57,-0.35,1.50,0.57,-0.37,1.51,52.5,11.3,9.8,15.9,15.5,14.2,1.4,90,0,0.19,-0.10,0.48,0.19,-0.10,0.49,44.2,8.9,9.0,14.0,12.3,10.6,1.7,101,0,-0.31,-0.58,-0.03,-0.31,-0.59,-0.03,48.2,10.0,9.4,14.9,13.9,12.3,1.5,184,0,-0.05,-0.25,0.16,-0.05,-0.25,0.16,,,,,,,,,,,,,,,,49.1,186,0,-0.2,0.2,35.4,28,-0.28,-0.8,0.25,51.4,158,0.05,-0.17,0.27,2,6%,0%,0%,46,42%,18%,11%,18,38%,31%,27%,26%,37%,11%,6%,21%,16%,0.02,0.10,0.49,-0.20,0.27,-0.13,0.12,0.28,-0.52,0.25,SUPP,-0.36,0.01,-0.55,-0.19,0.29,-0.70,0.50,0.04,0.53,-0.49,0.37,-0.17,0.91,0.08,0.10,-1.14,0.54,-0.03,0.51,-0.76,0.46,-0.22,0.78,-0.23,0.74,-1.85,0.33,-0.70,SUPP,SUPP,0.21,-0.94,0.93,-0.91,,,,28%,22%,17%,28%,14%,13%,43%,26%,15%,35%,19%,15%,36%,36%,27%,,,,,,,24%,17%,3%,29%,23%,19%,63%,,66%,100%,,,68%,43%,40%,71%,6,18%,72,65%,46,96%,56%,75%,82%,65%,26%,48%,0,0%,43,39%,41,85%,33%,57%,64%,46%,,,,,28%,3%,75%,49%,1%,35%,,,,,29,15%,170,85%,8.4,7.0,8.4,9.6,7.7,8.6,,,7.6,8.3,7.9,5.9,7.8,9.4,7.0,8.1,,,7,7.9,1729.0,1.0,0%,Average
1,919,6239,102256,The Purcell School,,Aldenham Road,Bushey,,,WD23 2TS,01923331100,E14000745,Hertsmere,0,0,IND,None,,NA,MIXED,0,0,1,8-19,185,74,111,22,9,41%,13,59%,NP,NP,NP,NP,NP,NP,NP,NP,NP,NP,NP,NP,NP,NP,NP,NP,NP,NP,NP,NA,NA,NA,NA,NA,NA,805.5,36.6,0.0,0.0,240.0,10.9,385.5,17.5,180.0,8.2,102.5,4.7,77.5,3.5,2.6,1.1,NP,NP,NP,NP,NP,NP,NP,NP,NP,NP,NP,NP,NP,NP,NP,NP,NP,NP,NP,NP,NP,0%,0%,84.00,3.82,NP,NP,NP,NP,NP,NP,3.99,3.57,NP,,,,3.47,NP,NP,0,0%,0%,0%,0,0%,21,95%,20,91%,0,0%,17,77%,0%,0%,86%,64%,95%,75%,NE,NE,94%,88%,NP,NP,NP,NP,NP,NP,NP,NP,NP,NP,NP,NP,NP,NP,NP,0,0,19,14,19,15,NE,NE,16,15,0,0%,0,0%,21,95%,20,100%,NE,NE,17,100%,NP,NP,NP,NP,NP,NP,NP,NP,NP,NP,NP,NP,NP,NP,NP,NP,NP,NP,NP,NP,NP,NP,NP,NP,NP,NP,NP,NP,NP,NP,NP,NP,NP,NP,NP,NP,NP,NP,NP,NP,NP,NP,NP,NP,NP,NP,NP,NP,NP,NP,NP,NP,NP,NP,NP,NP,NP,NP,NP,NP,NP,NP,NP,NP,NP,NP,NP,NP,NP,NP,NP,NP,NP,NP,NP,NP,NP,NP,NP,NP,NP,NP,NP,NP,NP,NP,NP,NP,NP,NP,NP,NP,NP,NP,NP,NP,NP,NP,39.1,0.0,11.4,18.3,9.3,6.4,2.9,NP,NP,NP,NP,NP,NP,NP,NP,33.1,0.0,10.2,16.3,6.5,2.1,4.4,NP,NP,NP,NP,NP,NP,NP,NP,NP,NP,NP,NP,NP,NP,NP,NP,NP,NP,NP,NP,NP,NP,NP,,,,,,,,,,,,,,,,34.2,NP,NP,NP,NP,NP,NP,NP,NP,NP,NP,NP,NP,NP,NP,NP,NP,NP,NP,NP,NP,NP,NP,NP,NP,NP,NP,NP,NP,NP,NP,NP,NP,NP,NP,NP,NP,NP,NP,NP,NP,NP,NP,NP,NP,NP,NP,NP,NP,NP,NP,NP,NP,NP,NP,NP,NP,NP,NP,NP,NP,NP,NP,NP,NP,NP,NP,NP,NP,NP,NP,NP,NP,NP,NP,NP,NP,NP,,,,0%,0%,0%,0%,0%,0%,0%,0%,0%,NP,NP,NP,NP,NP,NP,,,,,,,NP,NP,NP,NP,NP,NP,0%,,0%,100%,,,0%,0%,NP,NP,NP,NP,NP,NP,NP,NP,0%,0%,NP,NP,NP,NP,NP,NP,NP,NP,NP,NP,0%,0%,NP,NP,,,,,NP,NP,NP,NP,5%,9%,,,,,NP,NP,NP,NP,3.9,NP,NP,NP,NP,NP,,,NP,NP,3.4,NP,NP,NP,NP,NP,,,NP,NP,87.0,0.0,0%
1,919,5410,136877,Queens' School,,Aldenham Road,,,Bushey,WD23 2TY,01923224465,E14000745,Hertsmere,0,0,ACC,None,NSE,OTHER NON SEL,MIXED,0,0,1,11-18,1690,883,807,264,147,56%,117,44%,107.6,27,11%,134,53%,94,37%,27,10%,237,90%,59,22%,205,78%,0,0%,259,98%,2,1%,19,7%,17,6%,14673.0,55.6,3028.0,11.5,3000.0,11.4,4427.0,16.8,4218.0,16.0,4218.0,16.0,0.0,0.0,2.9,2.9,255,1,97%,0.18,0.01,0.36,0.18,0.00,0.36,0.10,-0.10,0.30,0.33,0.15,0.52,0.33,0.13,0.53,-0.02,-0.22,0.18,86%,65%,1310.64,4.96,4.07,5.07,2.68,4.46,6.34,5.45,5.35,4.65,4.99,,,,5.47,4.25,5.65,107,41%,30%,23%,258,98%,263,100%,260,98%,238,90%,113,43%,89%,79%,91%,71%,79%,66%,82%,71%,78%,63%,252,97%,231,97%,108,96%,0.26,0.08,0.44,0.41,0.18,0.64,-0.12,-0.50,0.25,234,208,241,188,206,172,196,168,88,71,106,40%,258,98%,261,99%,258,99%,236,99%,113,100%,46.1,25,0,-0.19,-0.75,0.36,-0.19,-0.76,0.37,56.7,230,1,0.22,0.04,0.41,0.22,0.04,0.41,9.4,-0.43,-1.07,0.21,9.8,0.13,-0.46,0.71,13.7,-0.04,-0.68,0.60,13.3,-0.40,-1.03,0.24,11.7,0.16,-0.05,0.37,11.5,0.35,0.16,0.55,17.1,0.37,0.16,0.59,16.3,0.02,-0.19,0.23,13.3,0.0,16.3,0.0,-4.2,-0.36,32.8,27,0,0.20,-0.33,0.73,0.20,-0.34,0.74,50.5,134,1,0.14,-0.10,0.38,0.14,-0.10,0.38,69.2,94,0,0.23,-0.05,0.52,0.23,-0.06,0.53,58.8,11.8,12.7,18.1,16.1,16.1,0.0,55,0,0.51,0.14,0.89,0.51,0.13,0.89,60.1,12.8,11.8,17.9,17.6,17.6,0.0,112,0,0.50,0.24,0.76,0.50,0.23,0.77,52.0,10.4,11.0,15.9,14.7,14.7,0.0,143,1,-0.07,-0.30,0.17,-0.07,-0.30,0.17,55.8,11.5,11.4,16.8,16.0,16.0,0.0,253,1,0.20,0.03,0.37,0.20,0.02,0.38,,,,,,,,,,,,,,,,60.9,253,0.48,0.31,0.66,48.3,33,-0.41,-0.89,0.07,62.8,220,0.62,0.43,0.8,2,7%,0%,0%,52,39%,22%,13%,49,52%,48%,43%,37%,41%,26%,19%,30%,23%,0.21,0.22,0.33,-0.10,0.30,0.12,0.39,0.50,-0.12,0.46,SUPP,-0.17,-0.06,-1.10,-0.03,0.48,-0.67,0.49,0.11,0.76,-0.34,0.47,-0.03,0.63,0.04,0.63,-0.87,0.71,0.22,0.91,-0.67,0.71,0.06,0.87,0.13,0.20,-2.39,0.36,-0.42,SUPP,SUPP,0.35,-0.70,0.49,-0.61,,,,42%,40%,35%,38%,25%,17%,44%,35%,30%,40%,30%,23%,54%,39%,27%,,,,,,,32%,27%,27%,44%,42%,37%,80%,,83%,100%,,,85%,74%,67%,88%,14,52%,111,83%,94,100%,84%,89%,86%,86%,41%,68%,5,19%,75,56%,86,91%,60%,72%,75%,66%,,,,,65%,47%,88%,78%,0%,70%,,,,,34,13%,224,87%,8.5,7.6,8.5,8.8,8.3,8.6,,,7.7,8.6,8.5,7.6,8.5,8.8,8.3,8.6,,,7.7,8.6,2258.0,0.0,0%,Above average
1,919,6020,117609,Queenswood School,,Shepherd's Way,Brookmans Park,,Hatfield,AL9 6NS,01707602500,E14001027,Welwyn Hatfield,0,0,IND,Methodist,,NA,GIRLS,0,0,1,11-18,456,,456,157,,0%,157,100%,NP,NP,NP,NP,NP,NP,NP,NP,NP,NP,NP,NP,NP,NP,NP,NP,NP,NP,NP,NA,NA,NA,NA,NA,NA,2808.5,17.9,798.0,5.1,0.0,0.0,987.5,6.3,1023.0,6.5,1023.0,6.5,0.0,0.0,0.9,1.0,NP,NP,NP,NP,NP,NP,NP,NP,NP,NP,NP,NP,NP,NP,NP,NP,NP,NP,NP,NP,NP,0%,0%,217.84,1.39,NP,NP,NP,NP,NP,NP,1.39,NE,NP,,,,3.99,NP,NP,0,0%,0%,0%,59,38%,0,0%,56,36%,0,0%,25,16%,38%,35%,0%,0%,91%,84%,NE,NE,92%,88%,NP,NP,NP,NP,NP,NP,NP,NP,NP,NP,NP,NP,NP,NP,NP,59,55,0,0,51,47,NE,NE,23,22,0,0%,59,38%,0,0%,56,100%,NE,NE,25,100%,NP,NP,NP,NP,NP,NP,NP,NP,NP,NP,NP,NP,NP,NP,NP,NP,NP,NP,NP,NP,NP,NP,NP,NP,NP,NP,NP,NP,NP,NP,NP,NP,NP,NP,NP,NP,NP,NP,NP,NP,NP,NP,NP,NP,NP,NP,NP,NP,NP,NP,NP,NP,NP,NP,NP,NP,NP,NP,NP,NP,NP,NP,NP,NP,NP,NP,NP,NP,NP,NP,NP,NP,NP,NP,NP,NP,NP,NP,NP,NP,NP,NP,NP,NP,NP,NP,NP,NP,NP,NP,NP,NP,NP,NP,NP,NP,NP,NP,17.9,13.5,0.0,16.7,17.3,17.3,0.0,NP,NP,NP,NP,NP,NP,NP,NP,NE,NE,NE,NE,NE,NE,NE,NP,NP,NP,NP,NP,NP,NP,NP,NP,NP,NP,NP,NP,NP,NP,NP,NP,NP,NP,NP,NP,NP,NP,,,,,,,,,,,,,,,,50.3,NP,NP,NP,NP,NP,NP,NP,NP,NP,NP,NP,NP,NP,NP,NP,NP,NP,NP,NP,NP,NP,NP,NP,NP,NP,NP,NP,NP,NP,NP,NP,NP,NP,NP,NP,NP,NP,NP,NP,NP,NP,NP,NP,NP,NP,NP,NP,NP,NP,NP,NP,NP,NP,NP,NP,NP,NP,NP,NP,NP,NP,NP,NP,NP,NP,NP,NP,NP,NP,NP,NP,NP,NP,NP,NP,NP,NP,,,,0%,0%,0%,NE,NE,NE,0%,0%,0%,NP,NP,NP,NP,NP,NP,,,,,,,NP,NP,NP,NP,NP,NP,0%,,0%,38%,,,0%,0%,NP,NP,NP,NP,NP,NP,NP,NP,NE,0%,NP,NP,NP,NP,NP,NP,NP,NP,NP,NP,NE,0%,NP,NP,,,,,NP,NP,NP,NP,4%,13%,,,,,NP,NP,NP,NP,2.2,NP,NP,NP,NP,NP,,,NP,NP,2.2,NP,NP,NP,NP,NP,,,NP,NP,350.0,1.0,0%
2,919,6215,117646,Radlett Lodge School,,Harper Lane,,,Radlett,WD7 9HW,01923854922,E14000960,St Albans,0,0,INDSS,None,,NA,MIXED,0,0,0,5-19,45,34,11,7,7,100%,,0%,NP,NP,NP,NP,NP,NP,NP,NP,NP,NP,NP,NP,NP,NP,NP,NP,NP,NP,NP,,,,,,,NE,NE,NE,NE,NE,NE,NE,NE,NE,NE,NE,NE,NE,NE,NE,NE,NP,NP,NP,NP,NP,NP,NP,NP,NP,NP,NP,NP,NP,NP,NP,NP,NP,NP,NP,NP,NP,NE,NE,NE,NE,NP,NP,NP,NP,NP,NP,NE,NE,NP,,,,SUPP,NP,NP,NE,NE,NE,NE,NE,NE,NE,NE,NE,NE,NE,NE,NE,NE,NE,NE,NE,NE,NE,NE,NE,NE,NE,NE,NP,NP,NP,NP,NP,NP,NP,NP,NP,NP,NP,NP,NP,NP,NP,NE,NE,NE,NE,NE,NE,NE,NE,NE,NE,NE,NE,NE,NE,NE,NE,NE,NE,NE,NE,NE,NE,NP,NP,NP,NP,NP,NP,NP,NP,NP,NP,NP,NP,NP,NP,NP,NP,NP,NP,NP,NP,NP,NP,NP,NP,NP,NP,NP,NP,NP,NP,NP,NP,NP,NP,NP,NP,NP,NP,NP,NP,NP,NP,NP,NP,NP,NP,NP,NP,NP,NP,NP,NP,NP,NP,NP,NP,NP,NP,NP,NP,NP,NP,NP,NP,NP,NP,NP,NP,NP,NP,NP,NP,NP,NP,NP,NP,NP,NP,NP,NP,NP,NP,NP,NP,NP,NP,NP,NP,NP,NP,NP,NP,NP,NP,NP,NP,NP,NP,NE,NE,NE,NE,NE,NE,NE,NP,NP,NP,NP,NP,NP,NP,NP,NE,NE,NE,NE,NE,NE,NE,NP,NP,NP,NP,NP,NP,NP,NP,NP,NP,NP,NP,NP,NP,NP,NP,NP,NP,NP,NP,NP,NP,NP,,,,,,,,,,,,,,,,SUPP,NP,NP,NP,NP,NP,NP,NP,NP,NP,NP,NP,NP,NP,NP,NP,NP,NP,NP,NP,NP,NP,NP,NP,NP,NP,NP,NP,NP,NP,NP,NP,NP,NP,NP,NP,NP,NP,NP,NP,NP,NP,NP,NP,NP,NP,NP,NP,NP,NP,NP,NP,NP,NP,NP,NP,NP,NP,NP,NP,NP,NP,NP,NP,NP,NP,NP,NP,NP,NP,NP,NP,NP,NP,NP,NP,NP,NP,,,,SUPP,SUPP,SUPP,NE,NE,NE,NE,NE,NE,NP,NP,NP,NP,NP,NP,,,,,,,NP,NP,NP,NP,NP,NP,NE,,SUPP,NE,,,SUPP,SUPP,NP,NP,NP,NP,NP,NP,NP,NP,NE,NE,NP,NP,NP,NP,NP,NP,NP,NP,NP,NP,NE,NE,NP,NP,,,,,NP,NP,NP,NP,NE,NE,,,,,NP,NP,NP,NP,NE,NP,NP,NP,NP,NP,,,NP,NP,NE,NP,NP,NP,NP,NP,,,NP,NP,NE,NE,NE
1,919,4007,139662,The Reach Free School,,Long Lane,,,Rickmansworth,WD3 8AB,01923711517,E14000951,South West Hertfordshire,0,0,F,None,NSE,OTHER NON SEL,MIXED,0,0,1,11-18,734,363,371,123,52,42%,71,58%,105.0,17,15%,75,68%,19,17%,31,25%,92,75%,18,15%,105,85%,0,0%,116,94%,3,2%,19,15%,16,13%,5800.0,47.2,1178.0,9.6,1120.0,9.1,1675.5,13.6,1826.5,14.8,1278.5,10.4,548.0,4.5,2.9,3.0,111,0,90%,-0.11,-0.37,0.16,-0.11,-0.37,0.16,-0.32,-0.63,-0.02,-0.22,-0.49,0.06,-0.11,-0.41,0.20,0.12,-0.19,0.42,67%,37%,530.66,4.31,4.04,4.41,2.31,4.33,5.64,5.17,4.65,3.86,4.29,,,,3.77,2.46,4.16,98,80%,40%,19%,122,99%,123,100%,122,99%,105,85%,101,82%,82%,57%,75%,42%,64%,39%,64%,49%,68%,38%,110,90%,96,91%,92,91%,-0.19,-0.46,0.09,-0.20,-0.56,0.16,-0.39,-0.80,0.01,101,70,92,52,78,48,67,51,69,38,95,77%,122,99%,123,100%,121,99%,105,100%,99,98%,44.3,29,0,-0.13,-0.65,0.38,-0.13,-0.66,0.39,48.1,82,0,-0.10,-0.40,0.21,-0.10,-0.41,0.22,9.5,-0.19,-0.79,0.40,7.9,-0.46,-1.01,0.08,12.6,-0.12,-0.71,0.48,14.2,0.10,-0.49,0.70,9.6,-0.37,-0.72,-0.02,9.5,-0.13,-0.45,0.19,14.0,-0.11,-0.46,0.25,15.1,0.12,-0.23,0.47,10.0,4.2,10.5,4.5,-6.0,-0.30,31.5,17,0,0.18,-0.49,0.85,0.18,-0.50,0.87,46.6,75,0,-0.06,-0.38,0.26,-0.06,-0.38,0.27,60.1,19,0,-0.55,-1.19,0.08,-0.55,-1.20,0.10,53.6,10.6,11.2,16.4,15.4,12.7,2.8,16,0,0.29,-0.40,0.98,0.29,-0.42,1.00,50.5,10.6,9.3,14.6,16.0,12.4,3.6,65,0,0.16,-0.19,0.50,0.16,-0.19,0.51,42.6,8.2,8.8,12.3,13.3,7.6,5.6,46,0,-0.48,-0.89,-0.07,-0.48,-0.89,-0.06,46.9,9.6,9.1,13.5,14.8,10.4,4.4,108,0,-0.12,-0.39,0.14,-0.12,-0.39,0.15,,,,,,,,,,,,,,,,41.3,90,-0.64,-0.93,-0.35,28.2,23,-1.35,-1.92,-0.77,45.3,67,-0.39,-0.73,-0.06,6,35%,0%,0%,68,91%,39%,13%,15,79%,63%,42%,74%,82%,39%,16%,40%,20%,-0.11,-0.14,-0.43,-0.12,-0.21,0.70,-0.31,-0.19,0.05,-0.29,0.07,-0.29,-1.03,-0.41,-0.39,0.41,-0.66,0.11,-0.53,0.61,-0.82,0.19,-0.48,0.23,-1.09,0.77,-0.67,0.13,-0.70,1.95,-0.54,0.11,-0.73,0.67,-1.04,0.40,-1.22,0.08,-0.86,1.65,-1.52,0.18,-0.75,-0.06,-2.00,,,,75%,38%,17%,81%,25%,10%,79%,51%,25%,80%,39%,18%,100%,50%,33%,,,,,,,52%,9%,0%,82%,47%,22%,63%,,51%,100%,,,54%,31%,55%,72%,2,12%,54,72%,19,100%,63%,70%,78%,67%,29%,40%,0,0%,27,36%,13,68%,31%,42%,61%,38%,,,,,17%,4%,65%,39%,2%,24%,,,,,23,23%,77,77%,8.0,7.2,8.1,8.1,7.7,8.1,,,7.1,7.8,7.1,5.5,7.4,7.4,6.8,7.2,,,5.9,7,983.0,0.0,0%,Average
2,919,6008,144726,Rhodes Wood Hospital School,,Shepherds Way,Brookmans Park,Hatfield,,AL9 6NN,01707655344,E14001027,Welwyn Hatfield,0,0,INDSS,None,,NA,MIXED,0,0,0,7-19,37,,37,12,,0%,12,100%,NP,NP,NP,NP,NP,NP,NP,NP,NP,NP,NP,NP,NP,NP,NP,NP,NP,NP,NP,,,,,,,NE,NE,NE,NE,NE,NE,NE,NE,NE,NE,NE,NE,NE,NE,NE,NE,NP,NP,NP,NP,NP,NP,NP,NP,NP,NP,NP,NP,NP,NP,NP,NP,NP,NP,NP,NP,NP,NE,NE,NE,NE,NP,NP,NP,NP,NP,NP,NE,NE,NP,,,,NE,NP,NP,NE,NE,NE,NE,NE,NE,NE,NE,NE,NE,NE,NE,NE,NE,NE,NE,NE,NE,NE,NE,NE,NE,NE,NE,NP,NP,NP,NP,NP,NP,NP,NP,NP,NP,NP,NP,NP,NP,NP,NE,NE,NE,NE,NE,NE,NE,NE,NE,NE,NE,NE,NE,NE,NE,NE,NE,NE,NE,NE,NE,NE,NP,NP,NP,NP,NP,NP,NP,NP,NP,NP,NP,NP,NP,NP,NP,NP,NP,NP,NP,NP,NP,NP,NP,NP,NP,NP,NP,NP,NP,NP,NP,NP,NP,NP,NP,NP,NP,NP,NP,NP,NP,NP,NP,NP,NP,NP,NP,NP,NP,NP,NP,NP,NP,NP,NP,NP,NP,NP,NP,NP,NP,NP,NP,NP,NP,NP,NP,NP,NP,NP,NP,NP,NP,NP,NP,NP,NP,NP,NP,NP,NP,NP,NP,NP,NP,NP,NP,NP,NP,NP,NP,NP,NP,NP,NP,NP,NP,NP,NE,NE,NE,NE,NE,NE,NE,NP,NP,NP,NP,NP,NP,NP,NP,NE,NE,NE,NE,NE,NE,NE,NP,NP,NP,NP,NP,NP,NP,NP,NP,NP,NP,NP,NP,NP,NP,NP,NP,NP,NP,NP,NP,NP,NP,,,,,,,,,,,,,,,,NE,NP,NP,NP,NP,NP,NP,NP,NP,NP,NP,NP,NP,NP,NP,NP,NP,NP,NP,NP,NP,NP,NP,NP,NP,NP,NP,NP,NP,NP,NP,NP,NP,NP,NP,NP,NP,NP,NP,NP,NP,NP,NP,NP,NP,NP,NP,NP,NP,NP,NP,NP,NP,NP,NP,NP,NP,NP,NP,NP,NP,NP,NP,NP,NP,NP,NP,NP,NP,NP,NP,NP,NP,NP,NP,NP,NP,NP,,,,NE,NE,NE,NE,NE,NE,NE,NE,NE,NP,NP,NP,NP,NP,NP,,,,,,,NP,NP,NP,NP,NP,NP,NE,,NE,NE,,,NE,NE,NP,NP,NP,NP,NP,NP,NP,NP,NE,NE,NP,NP,NP,NP,NP,NP,NP,NP,NP,NP,NE,NE,NP,NP,,,,,NP,NP,NP,NP,NE,NE,,,,,NP,NP,NP,NP,NE,NP,NP,NP,NP,NP,,,NP,NP,NE,NP,NP,NP,NP,NP,,,NP,NP,NE,NE,NE
1,919,4006,139873,Richard Hale School,,Hale Road,,,Hertford,SG13 8EN,01992583441,E14000744,Hertford and Stortford,0,0,ACC,None,NSE,OTHER NON SEL,BOYS,0,0,1,11-18,1227,1153,74,175,175,100%,,0%,106.8,21,13%,93,56%,52,31%,15,9%,160,91%,8,5%,167,95%,0,0%,175,100%,2,1%,30,17%,28,16%,9654.0,55.2,2014.0,11.5,1920.0,11.0,2928.0,16.7,2792.0,16.0,2792.0,16.0,0.0,0.0,3.0,3.0,166,0,95%,0.38,0.17,0.60,0.38,0.17,0.60,0.32,0.07,0.57,0.41,0.18,0.63,0.59,0.34,0.84,0.21,-0.04,0.45,86%,65%,905.82,5.18,3.73,5.31,3.25,4.72,6.90,4.10,NE,5.18,5.18,,,,5.55,4.63,5.64,116,66%,53%,40%,171,98%,174,99%,173,99%,171,98%,118,67%,89%,75%,89%,72%,87%,65%,73%,61%,87%,69%,164,95%,162,95%,113,96%,0.53,0.30,0.75,0.36,0.08,0.64,0.24,-0.12,0.61,156,131,155,126,150,112,124,105,103,82,116,66%,171,98%,174,99%,173,100%,169,99%,118,100%,42.3,15,0,-0.42,-1.14,0.30,-0.42,-1.15,0.31,56.4,151,0,0.46,0.24,0.69,0.46,0.23,0.69,9.2,-0.41,-1.23,0.42,8.7,-0.24,-0.99,0.52,12.7,-0.20,-1.02,0.63,11.7,-0.78,-1.60,0.05,11.7,0.39,0.13,0.66,11.2,0.47,0.23,0.71,17.1,0.67,0.41,0.93,16.4,0.30,0.04,0.56,11.7,0.0,16.4,0.0,-8.0,-0.59,37.4,21,0,0.61,0.01,1.22,0.61,0.00,1.23,51.2,93,0,0.37,0.09,0.66,0.37,0.08,0.67,71.0,52,0,0.31,-0.07,0.70,0.31,-0.08,0.70,45.3,9.6,10.3,13.6,11.8,11.8,0.0,8,0,-0.35,-1.33,0.63,-0.35,-1.35,0.65,NE,NE,NE,NE,NE,NE,NE,NE,NE,NE,NE,NE,NE,NE,NE,55.2,11.5,11.0,16.7,16.0,16.0,0.0,166,0,0.38,0.17,0.60,0.38,0.17,0.60,55.2,11.5,11.0,16.7,16.0,16.0,0.0,166,0,0.38,0.17,0.60,0.38,0.17,0.60,,,,,,,,,,,,,,,,59.2,165,0.39,0.18,0.61,49.7,15,-0.08,-0.79,0.63,60.1,150,0.44,0.22,0.67,6,29%,5%,5%,54,58%,45%,28%,51,98%,88%,79%,33%,69%,13%,7%,56%,43%,0.93,0.56,0.31,-0.08,0.59,0.81,0.34,0.24,-1.17,0.49,0.44,0.35,0.10,SUPP,0.27,0.66,-0.82,0.82,0.35,1.57,0.28,0.86,0.26,0.71,-0.09,-0.19,-2.14,0.78,0.21,1.62,0.00,0.70,-0.03,0.73,-0.26,SUPP,SUPP,0.64,-0.11,2.03,-1.15,0.88,-0.17,0.64,-0.44,,,,70%,62%,50%,66%,53%,40%,NE,NE,NE,66%,53%,40%,50%,25%,13%,,,,,,,69%,44%,31%,70%,64%,52%,80%,,87%,99%,,,91%,69%,60%,89%,11,52%,81,87%,52,100%,86%,NE,88%,86%,20%,69%,4,19%,54,58%,51,98%,65%,NE,63%,65%,,,,,75%,50%,93%,70%,3%,48%,,,,,16,9%,162,91%,9.1,7.7,8.7,10.3,8.4,9.1,,,8.2,9,8.9,7.7,8.7,9.9,8.3,9.0,,,8.1,9,1604.0,1.0,0%,Above average
1,919,5400,136606,Rickmansworth School,,Scots Hill,,,Rickmansworth,WD3 3AQ,01923773296,E14000951,South West Hertfordshire,0,0,ACC,None,NSE,OTHER NON SEL,MIXED,0,0,1,11-18,1511,729,782,221,107,48%,114,52%,108.7,12,6%,105,50%,94,45%,15,7%,206,93%,47,21%,173,78%,1,0%,218,99%,2,1%,8,4%,6,3%,13608.5,61.6,2866.0,13.0,2780.0,12.6,4101.5,18.6,3861.0,17.5,3861.0,17.5,0.0,0.0,3.0,3.0,211,0,95%,0.55,0.36,0.74,0.55,0.35,0.74,0.66,0.44,0.88,0.67,0.47,0.87,0.66,0.44,0.88,0.28,0.06,0.50,95%,80%,1276.51,5.78,4.36,5.88,2.47,5.33,6.67,6.15,5.98,5.56,5.76,,,,5.72,4.3,5.87,158,71%,61%,43%,217,98%,221,100%,220,100%,198,90%,173,78%,96%,91%,95%,83%,92%,81%,91%,83%,87%,69%,210,95%,189,95%,165,95%,0.53,0.34,0.73,0.57,0.32,0.83,0.19,-0.11,0.49,213,202,211,184,203,179,180,164,151,119,152,69%,217,98%,221,100%,219,100%,198,100%,168,97%,48.8,14,0,0.64,-0.10,1.38,0.64,-0.12,1.39,62.5,197,0,0.54,0.34,0.74,0.54,0.34,0.74,11.2,1.08,0.23,1.94,9.6,0.61,-0.18,1.39,14.2,0.70,-0.16,1.55,13.8,0.30,-0.55,1.15,13.1,0.63,0.40,0.86,12.8,0.67,0.46,0.88,18.9,0.66,0.43,0.89,17.7,0.27,0.05,0.50,13.8,0.0,17.7,0.0,-1.5,0.47,33.3,12,0,0.35,-0.45,1.15,0.35,-0.47,1.16,58.2,105,0,0.91,0.64,1.18,0.91,0.64,1.19,68.7,94,0,0.17,-0.12,0.45,0.17,-0.13,0.46,64.3,13.4,13.2,19.6,18.1,18.1,0.0,43,0,0.86,0.44,1.28,0.86,0.43,1.29,63.6,13.6,12.5,18.9,18.5,18.5,0.0,113,0,0.71,0.45,0.97,0.71,0.44,0.98,59.4,12.3,12.7,18.1,16.3,16.3,0.0,98,0,0.36,0.08,0.64,0.36,0.07,0.64,61.5,13.0,12.6,18.5,17.4,17.4,0.0,209,0,0.54,0.35,0.73,0.54,0.34,0.74,,,,,,,,,,,,,,,,62.7,190,0.51,0.31,0.72,50.5,19,-0.39,-1.02,0.24,64,171,0.62,0.4,0.83,0,0%,0%,0%,66,63%,50%,27%,84,89%,82%,66%,47%,73%,40%,13%,63%,45%,0.37,0.82,0.24,0.73,0.52,0.30,0.92,0.22,0.64,0.57,SUPP,0.61,-0.16,0.24,0.19,1.53,-0.06,0.73,0.32,1.24,-0.49,1.10,0.54,0.53,-0.06,1.70,-0.43,0.83,0.30,1.74,-1.14,1.28,0.56,0.59,-0.16,1.53,-1.06,0.50,-0.12,SUPP,SUPP,1.06,0.16,0.25,-0.58,,,,60%,54%,44%,68%,51%,36%,75%,70%,49%,72%,61%,43%,81%,72%,51%,,,,,,,26%,21%,21%,63%,57%,46%,91%,,89%,100%,,,90%,79%,80%,96%,5,42%,101,96%,94,100%,94%,95%,94%,94%,40%,83%,1,8%,76,72%,91,97%,80%,80%,83%,80%,,,,,68%,47%,93%,82%,4%,41%,,,,,19,10%,176,90%,8.4,7.3,8.3,8.7,7.6,8.5,,,7.9,8.4,8.4,7.3,8.3,8.6,7.6,8.4,,,7.8,8.2,1871.0,2.0,0%,Well above average
1,919,4031,146305,Ridgeway Academy,,Herns Lane,,,Welwyn Garden City,AL7 2AF,01707351350,E14001027,Welwyn Hatfield,0,0,AC,Does not apply,NSE,OTHER NON SEL,MIXED,0,0,1,11-18,904,468,436,145,82,57%,63,43%,102.3,43,31%,81,58%,15,11%,39,27%,106,73%,11,8%,134,92%,0,0%,136,94%,5,3%,40,28%,35,24%,5633.8,38.9,1369.0,9.4,1110.0,7.7,1497.0,10.3,1657.8,11.4,1447.0,10.0,210.8,1.5,2.5,2.7,139,1,96%,-0.36,-0.59,-0.12,-0.36,-0.60,-0.12,0.12,-0.16,0.39,-0.31,-0.56,-0.06,-0.58,-0.85,-0.31,-0.51,-0.78,-0.24,57%,29%,448.54,3.09,2.32,3.38,1.99,3.48,4.30,3.70,3.08,3.10,3.09,,,,2.44,1.91,2.7,9,6%,4%,1%,140,97%,143,99%,139,96%,72,50%,11,8%,70%,58%,63%,34%,55%,28%,49%,39%,91%,73%,134,96%,70,97%,11,100%,-0.26,-0.51,-0.01,-0.07,-0.49,0.35,0.99,-0.18,2.16,101,84,92,49,77,39,35,28,10,8,8,6%,139,96%,142,98%,137,99%,71,99%,10,91%,30.3,37,0,-0.80,-1.25,-0.34,-0.80,-1.26,-0.33,42.0,102,1,-0.20,-0.47,0.08,-0.21,-0.49,0.07,7.6,-0.41,-0.93,0.12,6.2,-0.58,-1.06,-0.10,7.6,-1.04,-1.57,-0.51,8.9,-0.97,-1.49,-0.44,10.1,0.30,-0.01,0.62,8.2,-0.21,-0.50,0.08,11.3,-0.42,-0.73,-0.10,12.4,-0.34,-0.65,-0.02,7.4,1.6,10.9,1.4,-20.0,-0.97,25.6,43,0,-0.20,-0.63,0.22,-0.20,-0.63,0.23,43.4,81,1,-0.34,-0.64,-0.03,-0.35,-0.66,-0.03,53.4,15,0,-0.92,-1.64,-0.21,-0.92,-1.65,-0.19,43.5,10.2,8.2,12.7,12.4,12.4,0.0,9,0,0.64,-0.28,1.56,0.64,-0.30,1.58,40.5,10.1,7.4,10.1,12.9,11.1,1.8,60,0,-0.16,-0.52,0.20,-0.16,-0.53,0.20,37.6,8.9,7.9,10.5,10.3,9.1,1.2,79,1,-0.51,-0.82,-0.20,-0.52,-0.84,-0.20,39.0,9.5,7.6,10.3,11.7,10.1,1.5,131,1,-0.30,-0.54,-0.06,-0.31,-0.55,-0.06,,,,,,,,,,,,,,,,32,134,-1.02,-1.26,-0.78,25.8,46,-1.24,-1.65,-0.83,35.1,88,-0.91,-1.2,-0.61,1,2%,0%,0%,7,9%,6%,1%,1,7%,7%,0%,3%,8%,0%,0%,6%,1%,-0.17,-0.17,-0.99,-0.54,-0.16,0.09,0.08,-0.98,0.13,-0.11,SUPP,1.03,SUPP,SUPP,0.76,-0.05,-1.03,0.12,-0.45,0.28,-0.62,0.16,-0.49,-0.25,-1.73,1.25,-0.98,0.35,-0.56,0.90,-0.72,0.63,-0.47,0.13,-2.09,SUPP,SUPP,1.99,-0.47,SUPP,SUPP,2.32,-0.27,SUPP,SUPP,,,,4%,2%,2%,7%,5%,1%,5%,3%,0%,7%,4%,1%,36%,9%,0%,,,,,,,0%,0%,0%,5%,3%,3%,48%,,32%,99%,,,40%,12%,36%,65%,7,16%,60,74%,14,93%,56%,59%,64%,57%,10%,36%,1,2%,28,35%,12,80%,29%,29%,9%,29%,,,,,35%,4%,43%,16%,0%,23%,,,,,46,33%,94,67%,7.1,6.6,7.4,7.6,6.6,7.3,,,6,6.9,6.6,6.0,6.9,7.2,6.1,6.8,,,5.3,6.2,1041.0,0.0,0%,Below average
1,919,4024,143131,Robert Barclay Academy,,Cock Lane,,,Hoddesdon,EN11 8JY,01992410800,E14000606,Broxbourne,0,0,AC,Does not apply,NA,OTHER NON SEL,MIXED,0,0,1,11-18,707,357,350,108,53,49%,55,51%,103.9,25,24%,59,56%,21,20%,32,30%,76,70%,10,9%,97,90%,1,1%,107,99%,2,2%,18,17%,16,15%,4844.8,44.9,1049.0,9.7,916.0,8.5,1339.0,12.4,1540.8,14.3,1358.5,12.6,182.3,1.7,2.8,2.9,105,0,97%,-0.10,-0.37,0.17,-0.10,-0.37,0.18,-0.08,-0.39,0.24,-0.26,-0.54,0.03,-0.25,-0.56,0.06,0.14,-0.17,0.45,63%,42%,404.66,3.75,3.12,4.01,2.41,3.89,4.89,4.58,3.84,3.65,3.76,,,,3.69,2.61,4.01,21,19%,18%,14%,105,97%,106,98%,106,98%,97,90%,26,24%,74%,63%,69%,45%,62%,40%,54%,40%,92%,88%,103,97%,94,97%,25,96%,-0.25,-0.53,0.04,-0.28,-0.65,0.08,1.02,0.25,1.80,80,68,75,49,66,42,52,39,24,23,21,19%,104,96%,106,98%,105,99%,92,95%,26,100%,38.5,30,0,-0.63,-1.13,-0.12,-0.63,-1.14,-0.11,47.5,75,0,0.11,-0.21,0.43,0.11,-0.21,0.44,8.8,-0.46,-1.05,0.12,7.6,-0.57,-1.10,-0.03,10.1,-0.92,-1.50,-0.33,12.1,-0.49,-1.07,0.09,10.1,0.08,-0.29,0.45,8.9,-0.13,-0.47,0.20,13.4,0.02,-0.35,0.39,15.2,0.40,0.03,0.76,10.0,2.0,13.6,1.5,-11.8,-0.80,31.7,25,0,0.25,-0.31,0.80,0.25,-0.32,0.81,45.8,59,0,-0.09,-0.45,0.27,-0.09,-0.46,0.28,57.5,21,0,-0.54,-1.15,0.06,-0.54,-1.16,0.07,51.1,10.4,9.8,15.0,15.9,15.0,0.9,9,0,0.83,-0.09,1.76,0.83,-0.11,1.77,46.5,10.3,8.4,12.6,15.2,14.5,0.7,53,0,-0.19,-0.57,0.19,-0.19,-0.57,0.20,43.1,9.1,8.5,12.2,13.3,10.6,2.7,52,0,-0.01,-0.39,0.38,-0.01,-0.40,0.38,44.9,9.7,8.5,12.4,14.3,12.6,1.7,104,0,-0.07,-0.34,0.20,-0.07,-0.35,0.21,,,,,,,,,,,,,,,,45.2,100,-0.05,-0.33,0.22,33.4,22,-0.73,-1.32,-0.14,48.7,78,0.14,-0.17,0.45,1,4%,0%,0%,13,22%,22%,19%,6,29%,24%,19%,9%,24%,9%,3%,21%,18%,-0.03,-0.07,-0.98,-0.76,-0.04,-0.02,-0.21,-0.75,-0.82,-0.10,SUPP,1.50,0.25,SUPP,1.06,-0.23,-1.30,0.29,-0.38,0.55,-0.60,0.31,-0.45,-0.36,-1.61,-0.10,-1.54,0.32,-0.52,0.73,-0.77,0.27,-0.70,0.04,-1.54,SUPP,SUPP,1.89,0.23,SUPP,SUPP,2.47,0.53,1.72,-1.22,,,,20%,11%,8%,19%,17%,13%,20%,18%,15%,20%,18%,14%,40%,40%,40%,,,,,,,13%,4%,0%,22%,14%,10%,59%,,57%,99%,,,61%,37%,56%,66%,5,20%,41,69%,20,95%,60%,65%,70%,63%,31%,46%,2,8%,26,44%,15,71%,34%,49%,50%,42%,,,,,33%,13%,69%,44%,1%,0%,,,,,24,23%,81,77%,7.8,8.0,7.7,7.9,7.5,7.9,,,8.2,8.9,7.5,7.6,7.3,7.8,7.1,7.7,,,7.2,7.7,843.0,1.0,0%,Average
1,919,4070,136973,Roundwood Park School,,Roundwood Park,,,Harpenden,AL5 3AE,01582765344,E14000749,Hitchin and Harpenden,0,0,ACC,None,NSE,OTHER NON SEL,MIXED,0,0,1,11-18,1358,715,643,210,119,57%,91,43%,107.7,22,11%,101,51%,75,38%,14,7%,196,93%,9,4%,200,95%,1,0%,206,98%,3,1%,9,4%,6,3%,12552.0,59.8,2594.0,12.4,2544.0,12.1,3815.5,18.2,3598.5,17.1,3540.5,16.9,58.0,0.3,2.9,2.9,198,0,94%,0.54,0.35,0.74,0.54,0.34,0.75,0.54,0.32,0.77,0.60,0.39,0.80,0.71,0.48,0.94,0.35,0.12,0.57,85%,76%,1128.10,5.37,3.92,5.48,2.92,4.77,6.83,5.07,5.52,5.26,5.37,,,,5.46,4.15,5.54,70,33%,31%,29%,203,97%,210,100%,208,99%,170,81%,93,44%,90%,82%,90%,80%,87%,76%,86%,79%,96%,91%,196,94%,165,97%,83,89%,0.55,0.34,0.75,0.98,0.70,1.25,1.50,1.07,1.92,188,173,190,167,181,158,146,134,89,85,70,33%,203,97%,208,99%,206,99%,169,99%,92,99%,45.6,12,0,0.07,-0.73,0.87,0.07,-0.74,0.89,60.8,186,0,0.58,0.37,0.78,0.58,0.37,0.78,9.0,0.06,-0.87,0.98,10.3,0.49,-0.36,1.33,14.2,0.25,-0.67,1.18,12.1,-0.38,-1.30,0.54,12.6,0.58,0.34,0.81,12.2,0.60,0.39,0.82,18.5,0.74,0.50,0.97,17.5,0.39,0.16,0.63,12.1,0.0,17.2,0.3,-4.7,-0.10,35.2,22,0,0.49,-0.10,1.08,0.49,-0.11,1.09,54.3,101,0,0.58,0.31,0.86,0.58,0.30,0.87,73.8,75,0,0.51,0.19,0.83,0.51,0.18,0.83,57.4,9.9,12.9,18.8,15.8,15.8,0.0,SUPP,SUPP,SUPP,SUPP,SUPP,SUPP,SUPP,SUPP,60.8,12.7,12.0,18.4,17.7,17.3,0.4,85,0,0.68,0.38,0.98,0.68,0.38,0.99,59.0,12.1,12.2,18.0,16.7,16.5,0.2,113,0,0.44,0.18,0.70,0.44,0.17,0.71,59.9,12.4,12.1,18.1,17.2,16.9,0.3,198,0,0.54,0.35,0.74,0.54,0.34,0.75,,,,,,,,,,,,,,,,61.2,181,0.49,0.28,0.69,48.8,11,-0.16,-1,0.67,62.1,170,0.53,0.32,0.74,2,9%,5%,0%,26,26%,23%,19%,37,49%,49%,49%,7%,35%,7%,7%,33%,31%,0.48,0.68,0.39,0.67,0.54,1.25,0.95,0.96,-1.04,1.07,SUPP,1.54,1.53,SUPP,1.54,1.50,-0.16,0.75,0.33,1.09,-0.14,0.96,0.39,0.73,0.06,0.29,-2.38,1.35,0.79,2.19,0.30,1.34,0.55,1.38,0.54,SUPP,SUPP,1.97,1.10,SUPP,SUPP,2.16,0.93,2.15,0.92,,,,34%,31%,28%,28%,26%,25%,41%,38%,34%,33%,31%,29%,33%,22%,22%,,,,,,,8%,8%,8%,35%,32%,29%,82%,,90%,100%,,,91%,75%,64%,87%,9,41%,85,84%,75,100%,85%,86%,67%,86%,57%,78%,5,23%,71,70%,75,100%,75%,78%,67%,77%,,,,,75%,50%,92%,77%,1%,52%,,,,,12,6%,179,94%,7.9,6.4,7.5,8.8,6.7,8.0,,,6.8,7.9,7.8,6.2,7.4,8.7,6.6,7.9,,,6.7,7.8,1662.0,1.0,0%,Well above average
1,919,6165,117641,Royal Masonic School for Girls,,Rickmansworth Park,Chorleywood Road,,Rickmansworth,WD3 4HF,01923773168,E14000951,South West Hertfordshire,0,0,IND,None,,NA,GIRLS,0,0,1,2-18,999,10,989,131,,0%,131,100%,NP,NP,NP,NP,NP,NP,NP,NP,NP,NP,NP,NP,NP,NP,NP,NP,NP,NP,NP,NA,NA,NA,NA,NA,NA,8450.5,64.5,1750.0,13.4,1518.0,11.6,2594.0,19.8,2588.5,19.8,2451.0,18.7,137.5,1.0,2.8,2.8,NP,NP,NP,NP,NP,NP,NP,NP,NP,NP,NP,NP,NP,NP,NP,NP,NP,NP,NP,NP,NP,90%,79%,756.66,5.78,NP,NP,NP,NP,NP,NP,5.78,NE,NP,,,,6.03,NP,NP,56,43%,40%,37%,124,95%,124,95%,124,95%,66,50%,106,81%,94%,90%,91%,79%,96%,90%,97%,92%,95%,91%,NP,NP,NP,NP,NP,NP,NP,NP,NP,NP,NP,NP,NP,NP,NP,123,118,119,104,119,111,64,61,101,96,56,43%,124,95%,123,94%,123,99%,66,100%,104,98%,NP,NP,NP,NP,NP,NP,NP,NP,NP,NP,NP,NP,NP,NP,NP,NP,NP,NP,NP,NP,NP,NP,NP,NP,NP,NP,NP,NP,NP,NP,NP,NP,NP,NP,NP,NP,NP,NP,NP,NP,NP,NP,NP,NP,NP,NP,NP,NP,NP,NP,NP,NP,NP,NP,NP,NP,NP,NP,NP,NP,NP,NP,NP,NP,NP,NP,NP,NP,NP,NP,NP,NP,NP,NP,NP,NP,NP,NP,NP,NP,NP,NP,NP,NP,NP,NP,NP,NP,NP,NP,NP,NP,NP,NP,NP,NP,NP,NP,64.5,13.4,11.6,19.8,19.8,18.7,1.0,NP,NP,NP,NP,NP,NP,NP,NP,NE,NE,NE,NE,NE,NE,NE,NP,NP,NP,NP,NP,NP,NP,NP,NP,NP,NP,NP,NP,NP,NP,NP,NP,NP,NP,NP,NP,NP,NP,,,,,,,,,,,,,,,,67.6,NP,NP,NP,NP,NP,NP,NP,NP,NP,NP,NP,NP,NP,NP,NP,NP,NP,NP,NP,NP,NP,NP,NP,NP,NP,NP,NP,NP,NP,NP,NP,NP,NP,NP,NP,NP,NP,NP,NP,NP,NP,NP,NP,NP,NP,NP,NP,NP,NP,NP,NP,NP,NP,NP,NP,NP,NP,NP,NP,NP,NP,NP,NP,NP,NP,NP,NP,NP,NP,NP,NP,NP,NP,NP,NP,NP,NP,,,,40%,37%,34%,NE,NE,NE,43%,40%,37%,NP,NP,NP,NP,NP,NP,,,,,,,NP,NP,NP,NP,NP,NP,89%,,92%,100%,,,92%,80%,NP,NP,NP,NP,NP,NP,NP,NP,NE,90%,NP,NP,NP,NP,NP,NP,NP,NP,NP,NP,NE,79%,NP,NP,,,,,NP,NP,NP,NP,9%,53%,,,,,NP,NP,NP,NP,8.6,NP,NP,NP,NP,NP,,,NP,NP,8.3,NP,NP,NP,NP,NP,,,NP,NP,1134.0,3.0,0%
1,919,4083,137339,St Albans Girls' School,,Sandridgebury Lane,,,St Albans,AL3 6DB,01727853134,E14000960,St Albans,0,0,ACC,Does not apply,NSE,OTHER NON SEL,GIRLS,0,0,1,11-18,1419,1,1418,207,,0%,207,100%,106.8,22,11%,103,54%,67,35%,17,8%,190,92%,26,13%,180,87%,1,0%,205,99%,3,1%,33,16%,30,14%,12582.0,60.8,2709.0,13.1,2262.0,10.9,3782.5,18.3,3828.5,18.5,3728.0,18.0,100.5,0.5,2.9,2.9,192,0,93%,0.85,0.65,1.05,0.85,0.64,1.05,1.02,0.79,1.25,0.28,0.07,0.49,0.99,0.76,1.22,0.96,0.73,1.19,84%,68%,1183.99,5.72,3.84,5.89,3.12,5.32,7.06,5.66,5.72,NE,5.71,,,,6.09,4.27,6.23,151,73%,65%,53%,204,99%,204,99%,200,97%,194,94%,156,75%,91%,86%,85%,71%,89%,76%,87%,79%,96%,89%,185,93%,181,93%,144,92%,0.76,0.55,0.97,1.27,1.00,1.53,1.47,1.15,1.80,189,179,176,146,177,151,168,154,150,139,151,73%,204,99%,203,98%,200,100%,194,100%,156,100%,42.3,16,0,0.11,-0.58,0.80,0.11,-0.60,0.81,62.4,176,0,0.91,0.70,1.12,0.91,0.70,1.13,9.9,0.48,-0.33,1.28,7.3,-0.33,-1.06,0.40,12.3,0.20,-0.60,1.01,12.8,0.06,-0.73,0.86,13.4,1.07,0.83,1.31,11.3,0.33,0.11,0.55,18.8,1.06,0.82,1.31,19.0,1.04,0.80,1.28,12.1,0.7,18.5,0.5,-8.0,-0.06,36.6,22,0,0.48,-0.11,1.07,0.48,-0.12,1.08,56.7,103,0,0.98,0.70,1.25,0.98,0.70,1.26,73.8,67,0,0.77,0.43,1.10,0.77,0.42,1.11,58.0,11.9,11.0,18.1,17.1,16.8,0.3,22,0,0.92,0.33,1.51,0.92,0.32,1.53,60.8,13.1,10.9,18.3,18.5,18.0,0.5,192,0,0.85,0.65,1.05,0.85,0.64,1.05,NE,NE,NE,NE,NE,NE,NE,NE,NE,NE,NE,NE,NE,NE,NE,60.7,13.1,10.9,18.2,18.5,18.0,0.5,192,0,0.85,0.65,1.05,0.85,0.64,1.05,,,,,,,,,,,,,,,,65.1,195,0.77,0.58,0.97,49.2,14,-0.17,-0.9,0.57,66.3,181,0.85,0.64,1.05,8,36%,18%,9%,76,74%,62%,44%,56,84%,84%,79%,47%,75%,35%,24%,68%,56%,0.55,0.90,0.61,0.24,0.81,0.63,1.51,1.10,0.51,1.32,2.15,1.44,1.43,1.45,1.47,0.98,-0.50,1.03,0.59,1.22,-0.13,1.18,0.61,0.97,0.26,1.49,-0.46,1.60,1.05,1.42,-0.16,1.87,1.15,1.54,0.67,2.92,-0.02,1.81,1.14,3.53,0.78,1.88,1.00,1.94,0.92,,,,77%,69%,58%,NE,NE,NE,73%,65%,53%,73%,65%,53%,88%,58%,50%,,,,,,,40%,27%,20%,80%,73%,61%,83%,,87%,99%,,,88%,72%,47%,87%,7,32%,85,83%,67,100%,NE,84%,77%,83%,24%,72%,4,18%,59,57%,65,97%,NE,68%,58%,67%,,,,,67%,47%,90%,74%,5%,27%,,,,,15,7%,194,93%,8.3,7.4,8.0,9.1,7.5,8.4,,,7.5,8.5,8.2,7.1,7.8,9.1,7.2,8.3,,,7.3,8.4,1723.0,2.0,0%,Well above average
1,919,6038,117617,St Albans High School for Girls,,Townsend Avenue,St Albans,Hertfordshire,,AL1 3SJ,01727853800,E14000960,St Albans,0,0,IND,Anglican,,NA,GIRLS,0,0,1,4-18,1156,,1156,119,1,1%,118,99%,NP,NP,NP,NP,NP,NP,NP,NP,NP,NP,NP,NP,NP,NP,NP,NP,NP,NP,NP,NA,NA,NA,NA,NA,NA,5792.0,48.7,1908.0,16.0,0.0,0.0,1736.0,14.6,2148.0,18.1,2073.0,17.4,75.0,0.6,1.9,2.3,NP,NP,NP,NP,NP,NP,NP,NP,NP,NP,NP,NP,NP,NP,NP,NP,NP,NP,NP,NP,NP,0%,0%,373.62,3.14,NP,NP,NP,NP,NP,NP,SUPP,SUPP,NP,,,,1.65,NP,NP,0,0%,0%,0%,117,98%,0,0%,0,0%,59,50%,111,93%,98%,98%,0%,0%,NE,NE,100%,97%,96%,95%,NP,NP,NP,NP,NP,NP,NP,NP,NP,NP,NP,NP,NP,NP,NP,117,117,0,0,NE,NE,59,57,107,105,0,0%,117,98%,0,0%,NE,NE,59,100%,110,99%,NP,NP,NP,NP,NP,NP,NP,NP,NP,NP,NP,NP,NP,NP,NP,NP,NP,NP,NP,NP,NP,NP,NP,NP,NP,NP,NP,NP,NP,NP,NP,NP,NP,NP,NP,NP,NP,NP,NP,NP,NP,NP,NP,NP,NP,NP,NP,NP,NP,NP,NP,NP,NP,NP,NP,NP,NP,NP,NP,NP,NP,NP,NP,NP,NP,NP,NP,NP,NP,NP,NP,NP,NP,NP,NP,NP,NP,NP,NP,NP,NP,NP,NP,NP,NP,NP,NP,NP,NP,NP,NP,NP,NP,NP,NP,NP,NP,NP,SUPP,SUPP,SUPP,SUPP,SUPP,SUPP,SUPP,NP,NP,NP,NP,NP,NP,NP,NP,SUPP,SUPP,SUPP,SUPP,SUPP,SUPP,SUPP,NP,NP,NP,NP,NP,NP,NP,NP,NP,NP,NP,NP,NP,NP,NP,NP,NP,NP,NP,NP,NP,NP,NP,,,,,,,,,,,,,,,,25.4,NP,NP,NP,NP,NP,NP,NP,NP,NP,NP,NP,NP,NP,NP,NP,NP,NP,NP,NP,NP,NP,NP,NP,NP,NP,NP,NP,NP,NP,NP,NP,NP,NP,NP,NP,NP,NP,NP,NP,NP,NP,NP,NP,NP,NP,NP,NP,NP,NP,NP,NP,NP,NP,NP,NP,NP,NP,NP,NP,NP,NP,NP,NP,NP,NP,NP,NP,NP,NP,NP,NP,NP,NP,NP,NP,NP,NP,,,,0%,0%,0%,SUPP,SUPP,SUPP,SUPP,SUPP,SUPP,NP,NP,NP,NP,NP,NP,,,,,,,NP,NP,NP,NP,NP,NP,0%,,0%,99%,,,0%,0%,NP,NP,NP,NP,NP,NP,NP,NP,SUPP,SUPP,NP,NP,NP,NP,NP,NP,NP,NP,NP,NP,SUPP,SUPP,NP,NP,,,,,NP,NP,NP,NP,28%,0%,,,,,NP,NP,NP,NP,5.3,NP,NP,NP,NP,NP,,,NP,NP,5.2,NP,NP,NP,NP,NP,,,NP,NP,634.0,2.0,0%
1,919,6243,134087,St Albans Independent College,,69 London Road,,,St Albans,AL1 1LN,01727842348,E14000960,St Albans,0,0,IND,None,,NA,MIXED,0,0,1,14-19,79,28,51,12,3,25%,9,75%,NP,NP,NP,NP,NP,NP,NP,NP,NP,NP,NP,NP,NP,NP,NP,NP,NP,NP,NP,NA,NA,NA,NA,NA,NA,309.0,25.8,101.0,8.4,20.0,1.7,73.0,6.1,115.0,9.6,108.0,9.0,7.0,0.6,1.3,1.8,NP,NP,NP,NP,NP,NP,NP,NP,NP,NP,NP,NP,NP,NP,NP,NP,NP,NP,NP,NP,NP,8%,8%,15.34,1.28,NP,NP,NP,NP,NP,NP,SUPP,SUPP,NP,,,,2.43,NP,NP,0,0%,0%,0%,7,58%,2,17%,2,17%,3,25%,3,25%,58%,58%,17%,8%,SUPP,SUPP,SUPP,SUPP,SUPP,SUPP,NP,NP,NP,NP,NP,NP,NP,NP,NP,NP,NP,NP,NP,NP,NP,7,7,2,1,SUPP,SUPP,SUPP,SUPP,SUPP,SUPP,0,0%,7,58%,2,17%,SUPP,SUPP,SUPP,SUPP,SUPP,SUPP,NP,NP,NP,NP,NP,NP,NP,NP,NP,NP,NP,NP,NP,NP,NP,NP,NP,NP,NP,NP,NP,NP,NP,NP,NP,NP,NP,NP,NP,NP,NP,NP,NP,NP,NP,NP,NP,NP,NP,NP,NP,NP,NP,NP,NP,NP,NP,NP,NP,NP,NP,NP,NP,NP,NP,NP,NP,NP,NP,NP,NP,NP,NP,NP,NP,NP,NP,NP,NP,NP,NP,NP,NP,NP,NP,NP,NP,NP,NP,NP,NP,NP,NP,NP,NP,NP,NP,NP,NP,NP,NP,NP,NP,NP,NP,NP,NP,NP,SUPP,SUPP,SUPP,SUPP,SUPP,SUPP,SUPP,NP,NP,NP,NP,NP,NP,NP,NP,SUPP,SUPP,SUPP,SUPP,SUPP,SUPP,SUPP,NP,NP,NP,NP,NP,NP,NP,NP,NP,NP,NP,NP,NP,NP,NP,NP,NP,NP,NP,NP,NP,NP,NP,,,,,,,,,,,,,,,,28.3,NP,NP,NP,NP,NP,NP,NP,NP,NP,NP,NP,NP,NP,NP,NP,NP,NP,NP,NP,NP,NP,NP,NP,NP,NP,NP,NP,NP,NP,NP,NP,NP,NP,NP,NP,NP,NP,NP,NP,NP,NP,NP,NP,NP,NP,NP,NP,NP,NP,NP,NP,NP,NP,NP,NP,NP,NP,NP,NP,NP,NP,NP,NP,NP,NP,NP,NP,NP,NP,NP,NP,NP,NP,NP,NP,NP,NP,,,,0%,0%,0%,SUPP,SUPP,SUPP,SUPP,SUPP,SUPP,NP,NP,NP,NP,NP,NP,,,,,,,NP,NP,NP,NP,NP,NP,0%,,0%,75%,,,7%,7%,NP,NP,NP,NP,NP,NP,NP,NP,SUPP,SUPP,NP,NP,NP,NP,NP,NP,NP,NP,NP,NP,SUPP,SUPP,NP,NP,,,,,NP,NP,NP,NP,0%,0%,,,,,NP,NP,NP,NP,4.2,NP,NP,NP,NP,NP,,,NP,NP,4.1,NP,NP,NP,NP,NP,,,NP,NP,52.0,2.0,4%
1,919,6220,117647,St Albans School,,Abbey Gateway,,,St Albans,AL3 4HB,01727855521,E14000960,St Albans,0,0,IND,Christian/non-denominational,,NA,BOYS,0,0,1,11-19,901,828,73,156,156,100%,,0%,NP,NP,NP,NP,NP,NP,NP,NP,NP,NP,NP,NP,NP,NP,NP,NP,NP,NP,NP,NA,NA,NA,NA,NA,NA,1927.0,12.4,0.0,0.0,0.0,0.0,903.0,5.8,1024.0,6.6,1000.0,6.4,24.0,0.2,0.8,0.9,NP,NP,NP,NP,NP,NP,NP,NP,NP,NP,NP,NP,NP,NP,NP,NP,NP,NP,NP,NP,NP,0%,0%,148.01,0.95,NP,NP,NP,NP,NP,NP,NE,0.95,NP,,,,1.04,NP,NP,0,0%,0%,0%,0,0%,0,0%,0,0%,83,53%,36,23%,0%,0%,0%,0%,NE,NE,100%,98%,100%,97%,NP,NP,NP,NP,NP,NP,NP,NP,NP,NP,NP,NP,NP,NP,NP,0,0,0,0,NE,NE,83,81,36,35,0,0%,0,0%,0,0%,NE,NE,83,100%,36,100%,NP,NP,NP,NP,NP,NP,NP,NP,NP,NP,NP,NP,NP,NP,NP,NP,NP,NP,NP,NP,NP,NP,NP,NP,NP,NP,NP,NP,NP,NP,NP,NP,NP,NP,NP,NP,NP,NP,NP,NP,NP,NP,NP,NP,NP,NP,NP,NP,NP,NP,NP,NP,NP,NP,NP,NP,NP,NP,NP,NP,NP,NP,NP,NP,NP,NP,NP,NP,NP,NP,NP,NP,NP,NP,NP,NP,NP,NP,NP,NP,NP,NP,NP,NP,NP,NP,NP,NP,NP,NP,NP,NP,NP,NP,NP,NP,NP,NP,NE,NE,NE,NE,NE,NE,NE,NP,NP,NP,NP,NP,NP,NP,NP,12.4,0.0,0.0,5.8,6.6,6.4,0.2,NP,NP,NP,NP,NP,NP,NP,NP,NP,NP,NP,NP,NP,NP,NP,NP,NP,NP,NP,NP,NP,NP,NP,,,,,,,,,,,,,,,,12.8,NP,NP,NP,NP,NP,NP,NP,NP,NP,NP,NP,NP,NP,NP,NP,NP,NP,NP,NP,NP,NP,NP,NP,NP,NP,NP,NP,NP,NP,NP,NP,NP,NP,NP,NP,NP,NP,NP,NP,NP,NP,NP,NP,NP,NP,NP,NP,NP,NP,NP,NP,NP,NP,NP,NP,NP,NP,NP,NP,NP,NP,NP,NP,NP,NP,NP,NP,NP,NP,NP,NP,NP,NP,NP,NP,NP,NP,,,,0%,0%,0%,0%,0%,0%,NE,NE,NE,NP,NP,NP,NP,NP,NP,,,,,,,NP,NP,NP,NP,NP,NP,0%,,0%,93%,,,0%,0%,NP,NP,NP,NP,NP,NP,NP,NP,0%,NE,NP,NP,NP,NP,NP,NP,NP,NP,NP,NP,0%,NE,NP,NP,,,,,NP,NP,NP,NP,2%,0%,,,,,NP,NP,NP,NP,1.7,NP,NP,NP,NP,NP,,,NP,NP,1.7,NP,NP,NP,NP,NP,,,NP,NP,267.0,2.0,1%
1,919,6028,117612,St Christopher School,,Barrington Road,,,Letchworth Garden City,SG6 3JZ,01462650850,E14000845,North East Hertfordshire,0,0,IND,None,,NA,MIXED,0,0,1,3-19,523,298,225,72,50,69%,22,31%,NP,NP,NP,NP,NP,NP,NP,NP,NP,NP,NP,NP,NP,NP,NP,NP,NP,NP,NP,NA,NA,NA,NA,NA,NA,4059.5,56.4,807.0,11.2,780.0,10.8,1218.5,16.9,1254.0,17.4,1254.0,17.4,0.0,0.0,2.8,2.9,NP,NP,NP,NP,NP,NP,NP,NP,NP,NP,NP,NP,NP,NP,NP,NP,NP,NP,NP,NP,NP,88%,61%,354.51,4.92,NP,NP,NP,NP,NP,NP,4.85,4.96,NP,,,,5.03,NP,NP,27,38%,35%,26%,69,96%,71,99%,68,94%,52,72%,35,49%,92%,76%,93%,67%,91%,79%,88%,83%,91%,83%,NP,NP,NP,NP,NP,NP,NP,NP,NP,NP,NP,NP,NP,NP,NP,66,55,67,48,62,54,46,43,32,29,27,38%,69,96%,71,99%,68,100%,52,100%,35,100%,NP,NP,NP,NP,NP,NP,NP,NP,NP,NP,NP,NP,NP,NP,NP,NP,NP,NP,NP,NP,NP,NP,NP,NP,NP,NP,NP,NP,NP,NP,NP,NP,NP,NP,NP,NP,NP,NP,NP,NP,NP,NP,NP,NP,NP,NP,NP,NP,NP,NP,NP,NP,NP,NP,NP,NP,NP,NP,NP,NP,NP,NP,NP,NP,NP,NP,NP,NP,NP,NP,NP,NP,NP,NP,NP,NP,NP,NP,NP,NP,NP,NP,NP,NP,NP,NP,NP,NP,NP,NP,NP,NP,NP,NP,NP,NP,NP,NP,56.8,11.7,10.6,16.4,18.0,18.0,0.0,NP,NP,NP,NP,NP,NP,NP,NP,56.2,11.0,10.9,17.2,17.1,17.1,0.0,NP,NP,NP,NP,NP,NP,NP,NP,NP,NP,NP,NP,NP,NP,NP,NP,NP,NP,NP,NP,NP,NP,NP,,,,,,,,,,,,,,,,59.4,NP,NP,NP,NP,NP,NP,NP,NP,NP,NP,NP,NP,NP,NP,NP,NP,NP,NP,NP,NP,NP,NP,NP,NP,NP,NP,NP,NP,NP,NP,NP,NP,NP,NP,NP,NP,NP,NP,NP,NP,NP,NP,NP,NP,NP,NP,NP,NP,NP,NP,NP,NP,NP,NP,NP,NP,NP,NP,NP,NP,NP,NP,NP,NP,NP,NP,NP,NP,NP,NP,NP,NP,NP,NP,NP,NP,NP,,,,32%,31%,23%,38%,34%,22%,36%,36%,36%,NP,NP,NP,NP,NP,NP,,,,,,,NP,NP,NP,NP,NP,NP,81%,,88%,100%,,,91%,65%,NP,NP,NP,NP,NP,NP,NP,NP,86%,91%,NP,NP,NP,NP,NP,NP,NP,NP,NP,NP,60%,64%,NP,NP,,,,,NP,NP,NP,NP,8%,32%,,,,,NP,NP,NP,NP,8.2,NP,NP,NP,NP,NP,,,NP,NP,8.2,NP,NP,NP,NP,NP,,,NP,NP,607.0,0.0,0%
1,919,5421,136901,St Clement Danes School,,Chenies Road,Chorleywood,,Rickmansworth,WD3 6EW,01923284169,E14000951,South West Hertfordshire,0,0,ACC,None,NSE,OTHER NON SEL,MIXED,0,0,1,11-18,1586,801,785,238,119,50%,119,50%,109.6,12,6%,76,36%,122,58%,17,7%,221,93%,30,13%,208,87%,0,0%,232,97%,3,1%,40,17%,37,16%,15601.0,65.6,3151.0,13.2,3122.0,13.1,4742.0,19.9,4586.0,19.3,4553.5,19.1,32.5,0.1,2.9,3.0,210,0,88%,0.74,0.55,0.93,0.74,0.54,0.93,0.60,0.38,0.82,0.76,0.56,0.96,0.89,0.67,1.11,0.67,0.45,0.89,93%,84%,1451.18,6.10,4.07,6.25,3.17,4.82,7.20,6.31,6.30,5.89,6.10,,,,6.14,4.82,6.21,174,73%,58%,47%,236,99%,238,100%,235,99%,218,92%,180,76%,96%,91%,95%,86%,92%,82%,92%,85%,78%,66%,208,89%,194,89%,159,88%,0.93,0.73,1.13,0.73,0.48,0.98,-0.34,-0.65,-0.03,228,217,225,205,217,192,200,186,141,118,164,69%,236,99%,238,100%,235,100%,218,100%,169,94%,48.4,15,0,-0.02,-0.73,0.70,-0.02,-0.74,0.71,66.9,195,0,0.80,0.60,1.00,0.80,0.60,1.00,10.9,0.34,-0.49,1.17,9.5,-0.10,-0.85,0.66,13.0,-0.33,-1.16,0.50,15.0,0.12,-0.71,0.94,13.4,0.62,0.39,0.85,13.4,0.82,0.61,1.03,20.5,0.99,0.76,1.22,19.6,0.71,0.48,0.94,15.0,0.0,19.5,0.1,-1.9,-0.19,40.8,12,0,1.01,0.21,1.81,1.01,0.20,1.83,55.1,76,0,0.78,0.46,1.09,0.78,0.45,1.10,74.8,122,0,0.69,0.44,0.94,0.69,0.43,0.95,65.5,12.6,13.7,20.9,18.3,18.3,0.0,28,0,0.79,0.27,1.32,0.79,0.26,1.33,67.8,13.9,13.1,20.4,20.4,20.2,0.2,104,0,0.88,0.61,1.16,0.88,0.61,1.16,63.3,12.6,13.1,19.5,18.2,18.1,0.1,106,0,0.60,0.33,0.87,0.60,0.32,0.87,65.5,13.2,13.1,19.9,19.3,19.1,0.1,208,0,0.74,0.55,0.93,0.74,0.55,0.94,,,,,,,,,,,,,,,,67,218,0.79,0.6,0.97,57.1,13,0.76,-0.01,1.52,67.6,205,0.79,0.6,0.98,0,0%,0%,0%,41,54%,30%,17%,113,93%,80%,69%,41%,76%,29%,29%,60%,48%,1.07,0.83,0.99,0.06,0.99,1.51,0.85,0.61,-0.01,0.78,NE,-0.58,-0.25,-0.55,-0.33,0.86,-0.74,1.20,0.79,1.90,0.24,1.16,0.49,1.25,0.73,0.97,-0.99,1.04,0.52,2.84,0.18,1.28,0.43,0.93,0.29,0.92,-2.02,-0.02,-0.65,NE,NE,0.00,-1.16,0.11,-0.61,,,,63%,53%,47%,70%,55%,41%,76%,61%,52%,74%,58%,47%,77%,70%,57%,,,,,,,39%,23%,23%,65%,55%,49%,92%,,93%,100%,,,93%,82%,53%,96%,8,67%,69,91%,122,100%,91%,96%,93%,93%,47%,86%,3,25%,55,72%,118,97%,81%,87%,83%,83%,,,,,92%,77%,93%,82%,3%,33%,,,,,13,5%,227,95%,8.3,7.5,8.1,8.5,7.4,8.4,,,7.7,8.2,8.3,7.5,8.1,8.5,7.4,8.3,,,7.7,8.2,1978.0,1.0,0%,Well above average
1,919,6136,117638,St Columba's College,,King Harry Lane,,,St Albans,AL3 4AW,01727855185,E14000960,St Albans,0,0,IND,Roman Catholic,,NA,MIXED,0,0,1,4-18,797,727,70,100,100,100%,,0%,NP,NP,NP,NP,NP,NP,NP,NP,NP,NP,NP,NP,NP,NP,NP,NP,NP,NP,NP,NA,NA,NA,NA,NA,NA,3569.5,35.7,0.0,0.0,0.0,0.0,1861.0,18.6,1708.5,17.1,1693.0,16.9,15.5,0.2,2.7,2.5,NP,NP,NP,NP,NP,NP,NP,NP,NP,NP,NP,NP,NP,NP,NP,NP,NP,NP,NP,NP,NP,0%,0%,290.68,2.91,NP,NP,NP,NP,NP,NP,NE,2.91,NP,,,,2.84,NP,NP,0,0%,0%,0%,0,0%,0,0%,98,98%,0,0%,57,57%,0%,0%,0%,0%,100%,94%,NE,NE,93%,84%,NP,NP,NP,NP,NP,NP,NP,NP,NP,NP,NP,NP,NP,NP,NP,0,0,0,0,98,92,NE,NE,53,48,0,0%,0,0%,0,0%,98,100%,NE,NE,54,95%,NP,NP,NP,NP,NP,NP,NP,NP,NP,NP,NP,NP,NP,NP,NP,NP,NP,NP,NP,NP,NP,NP,NP,NP,NP,NP,NP,NP,NP,NP,NP,NP,NP,NP,NP,NP,NP,NP,NP,NP,NP,NP,NP,NP,NP,NP,NP,NP,NP,NP,NP,NP,NP,NP,NP,NP,NP,NP,NP,NP,NP,NP,NP,NP,NP,NP,NP,NP,NP,NP,NP,NP,NP,NP,NP,NP,NP,NP,NP,NP,NP,NP,NP,NP,NP,NP,NP,NP,NP,NP,NP,NP,NP,NP,NP,NP,NP,NP,NE,NE,NE,NE,NE,NE,NE,NP,NP,NP,NP,NP,NP,NP,NP,35.7,0.0,0.0,18.6,17.1,16.9,0.2,NP,NP,NP,NP,NP,NP,NP,NP,NP,NP,NP,NP,NP,NP,NP,NP,NP,NP,NP,NP,NP,NP,NP,,,,,,,,,,,,,,,,35.4,NP,NP,NP,NP,NP,NP,NP,NP,NP,NP,NP,NP,NP,NP,NP,NP,NP,NP,NP,NP,NP,NP,NP,NP,NP,NP,NP,NP,NP,NP,NP,NP,NP,NP,NP,NP,NP,NP,NP,NP,NP,NP,NP,NP,NP,NP,NP,NP,NP,NP,NP,NP,NP,NP,NP,NP,NP,NP,NP,NP,NP,NP,NP,NP,NP,NP,NP,NP,NP,NP,NP,NP,NP,NP,NP,NP,NP,,,,0%,0%,0%,0%,0%,0%,NE,NE,NE,NP,NP,NP,NP,NP,NP,,,,,,,NP,NP,NP,NP,NP,NP,0%,,0%,98%,,,0%,0%,NP,NP,NP,NP,NP,NP,NP,NP,0%,NE,NP,NP,NP,NP,NP,NP,NP,NP,NP,NP,0%,NE,NP,NP,,,,,NP,NP,NP,NP,5%,24%,,,,,NP,NP,NP,NP,4.5,NP,NP,NP,NP,NP,,,NP,NP,4.5,NP,NP,NP,NP,NP,,,NP,NP,453.0,1.0,0%
1,919,6115,117633,St Edmund's College,,Old Hall Green,,,Ware,SG11 1DS,01920821504,E14000845,North East Hertfordshire,0,0,IND,Roman Catholic,,NA,MIXED,0,0,1,3-19,878,505,373,90,55,61%,35,39%,NP,NP,NP,NP,NP,NP,NP,NP,NP,NP,NP,NP,NP,NP,NP,NP,NP,NP,NP,NA,NA,NA,NA,NA,NA,3822.5,42.5,0.0,0.0,960.0,10.7,1452.0,16.1,1410.5,15.7,1402.0,15.6,8.5,0.1,2.5,2.5,NP,NP,NP,NP,NP,NP,NP,NP,NP,NP,NP,NP,NP,NP,NP,NP,NP,NP,NP,NP,NP,0%,0%,312.69,3.47,NP,NP,NP,NP,NP,NP,3.26,3.61,NP,,,,3.73,NP,NP,0,0%,0%,0%,0,0%,82,91%,83,92%,44,49%,6,7%,0%,0%,88%,73%,93%,87%,93%,86%,100%,83%,NP,NP,NP,NP,NP,NP,NP,NP,NP,NP,NP,NP,NP,NP,NP,0,0,79,66,77,72,41,38,6,5,0,0%,0,0%,82,91%,83,100%,44,100%,6,100%,NP,NP,NP,NP,NP,NP,NP,NP,NP,NP,NP,NP,NP,NP,NP,NP,NP,NP,NP,NP,NP,NP,NP,NP,NP,NP,NP,NP,NP,NP,NP,NP,NP,NP,NP,NP,NP,NP,NP,NP,NP,NP,NP,NP,NP,NP,NP,NP,NP,NP,NP,NP,NP,NP,NP,NP,NP,NP,NP,NP,NP,NP,NP,NP,NP,NP,NP,NP,NP,NP,NP,NP,NP,NP,NP,NP,NP,NP,NP,NP,NP,NP,NP,NP,NP,NP,NP,NP,NP,NP,NP,NP,NP,NP,NP,NP,NP,NP,42.3,0.0,11.6,17.2,19.0,18.7,0.3,NP,NP,NP,NP,NP,NP,NP,NP,42.6,0.0,11.5,17.7,15.8,15.8,0.0,NP,NP,NP,NP,NP,NP,NP,NP,NP,NP,NP,NP,NP,NP,NP,NP,NP,NP,NP,NP,NP,NP,NP,,,,,,,,,,,,,,,,45.9,NP,NP,NP,NP,NP,NP,NP,NP,NP,NP,NP,NP,NP,NP,NP,NP,NP,NP,NP,NP,NP,NP,NP,NP,NP,NP,NP,NP,NP,NP,NP,NP,NP,NP,NP,NP,NP,NP,NP,NP,NP,NP,NP,NP,NP,NP,NP,NP,NP,NP,NP,NP,NP,NP,NP,NP,NP,NP,NP,NP,NP,NP,NP,NP,NP,NP,NP,NP,NP,NP,NP,NP,NP,NP,NP,NP,NP,,,,0%,0%,0%,0%,0%,0%,0%,0%,0%,NP,NP,NP,NP,NP,NP,,,,,,,NP,NP,NP,NP,NP,NP,0%,,0%,92%,,,0%,0%,NP,NP,NP,NP,NP,NP,NP,NP,0%,0%,NP,NP,NP,NP,NP,NP,NP,NP,NP,NP,0%,0%,NP,NP,,,,,NP,NP,NP,NP,0%,27%,,,,,NP,NP,NP,NP,5.5,NP,NP,NP,NP,NP,,,NP,NP,5.5,NP,NP,NP,NP,NP,,,NP,NP,496.0,0.0,0%
2,919,7006,117665,St Elizabeth's School,,South End,,,Much Hadham,SG10 6EW,01279844270,E14000744,Hertford and Stortford,0,0,NMSS,Does not apply,,NA,MIXED,0,0,0,5-19,37,29,8,3,SUPP,SUPP,SUPP,SUPP,NP,NP,NP,NP,NP,NP,NP,NP,NP,NP,NP,NP,NP,NP,NP,NP,NP,NP,NP,,,,,,,SUPP,SUPP,SUPP,SUPP,SUPP,SUPP,SUPP,SUPP,SUPP,SUPP,SUPP,SUPP,SUPP,SUPP,SUPP,SUPP,SUPP,SUPP,SUPP,SUPP,SUPP,SUPP,SUPP,SUPP,SUPP,SUPP,SUPP,SUPP,SUPP,SUPP,SUPP,SUPP,SUPP,SUPP,SUPP,SUPP,SUPP,SUPP,SUPP,SUPP,SUPP,NP,NP,NP,NP,NP,NP,SUPP,SUPP,NP,,,,NE,NP,NP,SUPP,SUPP,SUPP,SUPP,SUPP,SUPP,SUPP,SUPP,SUPP,SUPP,SUPP,SUPP,SUPP,SUPP,SUPP,SUPP,SUPP,SUPP,SUPP,SUPP,SUPP,SUPP,SUPP,SUPP,SUPP,SUPP,SUPP,SUPP,SUPP,SUPP,SUPP,SUPP,SUPP,SUPP,SUPP,SUPP,SUPP,SUPP,SUPP,SUPP,SUPP,SUPP,SUPP,SUPP,SUPP,SUPP,SUPP,SUPP,SUPP,SUPP,SUPP,SUPP,SUPP,SUPP,SUPP,SUPP,SUPP,SUPP,SUPP,SUPP,SUPP,NP,NP,SUPP,NP,NP,NP,NP,NP,NP,NP,NP,NP,NP,NP,NP,NP,NP,NP,NP,NP,NP,NP,NP,NP,NP,NP,NP,NP,NP,NP,NP,NP,NP,NP,NP,NP,NP,NP,NP,NP,NP,NP,NP,NP,NP,NP,NP,NP,NP,NP,NP,NP,NP,NP,NP,NP,NP,NP,NP,NP,NP,NP,NP,NP,NP,NP,NP,NP,NP,NP,NP,NP,NP,NP,NP,NP,NP,NP,NP,NP,NP,NP,NP,NP,NP,NP,NP,NP,NP,NP,NP,NP,NP,NP,NP,NP,NP,NP,SUPP,SUPP,SUPP,SUPP,SUPP,SUPP,SUPP,SUPP,SUPP,SUPP,SUPP,SUPP,SUPP,SUPP,SUPP,SUPP,SUPP,SUPP,SUPP,SUPP,SUPP,SUPP,SUPP,SUPP,SUPP,SUPP,SUPP,SUPP,SUPP,SUPP,NP,NP,NP,NP,NP,NP,NP,NP,NP,NP,NP,NP,NP,NP,NP,,,,,,,,,,,,,,,,NE,NE,SUPP,SUPP,SUPP,NP,NP,NP,NP,NP,NP,NP,NP,NP,NP,NP,NP,NP,NP,NP,NP,NP,NP,NP,NP,NP,NP,NP,NP,NP,NP,NP,NP,NP,NP,NP,NP,NP,NP,NP,NP,NP,NP,NP,NP,NP,NP,NP,NP,NP,NP,NP,NP,NP,NP,NP,NP,NP,NP,NP,NP,NP,NP,NP,NP,NP,NP,NP,NP,NP,NP,NP,NP,NP,NP,NP,NP,NP,,,,NE,NE,NE,SUPP,SUPP,SUPP,SUPP,SUPP,SUPP,NP,NP,NP,NP,NP,NP,,,,,,,NP,NP,NP,NP,NP,NP,SUPP,,NE,SUPP,,,NE,NE,NP,NP,NP,NP,NP,NP,NP,NP,SUPP,SUPP,NP,NP,NP,NP,NP,NP,NP,NP,NP,NP,SUPP,SUPP,NP,NP,,,,,NP,NP,NP,NP,SUPP,SUPP,,,,,NP,NP,NP,NP,SUPP,NP,NP,NP,NP,NP,,,NP,NP,SUPP,NP,NP,NP,NP,NP,,,NP,NP,SUPP,SUPP,SUPP
1,919,6029,117613,St Francis College,,Broadway,,,Letchworth Garden City,SG6 3PJ,01462670511,E14000845,North East Hertfordshire,0,0,IND,Christian,,NA,GIRLS,0,0,1,3-18,313,2,311,46,,0%,46,100%,NP,NP,NP,NP,NP,NP,NP,NP,NP,NP,NP,NP,NP,NP,NP,NP,NP,NP,NP,NA,NA,NA,NA,NA,NA,2437.0,53.0,256.0,5.6,540.0,11.7,883.0,19.2,758.0,16.5,758.0,16.5,0.0,0.0,2.3,2.3,NP,NP,NP,NP,NP,NP,NP,NP,NP,NP,NP,NP,NP,NP,NP,NP,NP,NP,NP,NP,NP,74%,74%,228.65,4.97,NP,NP,NP,NP,NP,NP,4.97,NE,NP,,,,5.45,NP,NP,0,0%,0%,0%,0,0%,35,76%,35,76%,34,74%,36,78%,0%,0%,76%,76%,100%,100%,100%,97%,100%,100%,NP,NP,NP,NP,NP,NP,NP,NP,NP,NP,NP,NP,NP,NP,NP,0,0,35,35,35,35,34,33,36,36,0,0%,0,0%,35,76%,35,100%,34,100%,36,100%,NP,NP,NP,NP,NP,NP,NP,NP,NP,NP,NP,NP,NP,NP,NP,NP,NP,NP,NP,NP,NP,NP,NP,NP,NP,NP,NP,NP,NP,NP,NP,NP,NP,NP,NP,NP,NP,NP,NP,NP,NP,NP,NP,NP,NP,NP,NP,NP,NP,NP,NP,NP,NP,NP,NP,NP,NP,NP,NP,NP,NP,NP,NP,NP,NP,NP,NP,NP,NP,NP,NP,NP,NP,NP,NP,NP,NP,NP,NP,NP,NP,NP,NP,NP,NP,NP,NP,NP,NP,NP,NP,NP,NP,NP,NP,NP,NP,NP,53.0,6.7,14.2,23.2,19.9,19.9,0.0,NP,NP,NP,NP,NP,NP,NP,NP,NE,NE,NE,NE,NE,NE,NE,NP,NP,NP,NP,NP,NP,NP,NP,NP,NP,NP,NP,NP,NP,NP,NP,NP,NP,NP,NP,NP,NP,NP,,,,,,,,,,,,,,,,53.8,NP,NP,NP,NP,NP,NP,NP,NP,NP,NP,NP,NP,NP,NP,NP,NP,NP,NP,NP,NP,NP,NP,NP,NP,NP,NP,NP,NP,NP,NP,NP,NP,NP,NP,NP,NP,NP,NP,NP,NP,NP,NP,NP,NP,NP,NP,NP,NP,NP,NP,NP,NP,NP,NP,NP,NP,NP,NP,NP,NP,NP,NP,NP,NP,NP,NP,NP,NP,NP,NP,NP,NP,NP,NP,NP,NP,NP,,,,0%,0%,0%,NE,NE,NE,0%,0%,0%,NP,NP,NP,NP,NP,NP,,,,,,,NP,NP,NP,NP,NP,NP,74%,,0%,83%,,,0%,0%,NP,NP,NP,NP,NP,NP,NP,NP,NE,74%,NP,NP,NP,NP,NP,NP,NP,NP,NP,NP,NE,74%,NP,NP,,,,,NP,NP,NP,NP,15%,39%,,,,,NP,NP,NP,NP,6.2,NP,NP,NP,NP,NP,,,NP,NP,6.2,NP,NP,NP,NP,NP,,,NP,NP,287.0,0.0,0%
1,919,4614,138356,St George's School,,Sun Lane,,,Harpenden,AL5 4TD,01582765477,E14000749,Hitchin and Harpenden,0,0,ACC,Christian,NSE,OTHER NON SEL,MIXED,0,0,1,11-18,1369,655,714,215,101,47%,114,53%,108.8,11,6%,81,44%,91,50%,14,7%,201,93%,32,15%,183,85%,0,0%,212,99%,3,1%,44,20%,41,19%,13701.0,63.7,2699.0,12.6,2652.0,12.3,4171.0,19.4,4179.0,19.4,4156.5,19.3,22.5,0.1,2.8,3.0,183,0,85%,0.72,0.52,0.93,0.72,0.52,0.93,0.39,0.15,0.63,0.53,0.32,0.75,0.91,0.67,1.15,0.89,0.66,1.13,91%,78%,1178.16,5.48,3.49,5.62,1.65,4.74,6.65,5.65,5.57,5.37,5.51,,,,5.68,3.79,5.83,53,25%,24%,21%,190,88%,213,99%,212,99%,115,53%,113,53%,88%,85%,93%,81%,91%,83%,97%,89%,94%,89%,180,85%,101,88%,94,83%,1.01,0.80,1.23,1.64,1.29,1.99,1.58,1.18,1.98,189,182,199,175,192,176,112,102,106,101,53,25%,190,88%,213,99%,212,100%,115,100%,113,100%,44.9,12,0,0.15,-0.65,0.95,0.15,-0.66,0.97,65.0,171,0,0.76,0.55,0.98,0.76,0.55,0.98,8.8,0.09,-0.84,1.01,9.0,0.12,-0.73,0.96,13.3,0.14,-0.78,1.07,13.9,0.23,-0.69,1.14,12.8,0.41,0.16,0.65,12.6,0.56,0.34,0.79,19.8,0.96,0.72,1.21,19.8,0.94,0.69,1.18,13.9,0.0,19.7,0.1,-5.4,-0.02,25.0,11,0,-0.40,-1.23,0.44,-0.40,-1.25,0.45,56.7,81,0,0.84,0.53,1.14,0.84,0.52,1.15,74.8,91,0,0.76,0.47,1.05,0.76,0.47,1.06,63.4,11.7,12.6,20.3,18.8,18.8,0.0,22,0,0.93,0.34,1.52,0.93,0.33,1.53,65.0,13.2,12.0,19.4,20.3,20.3,0.1,94,0,0.87,0.58,1.15,0.87,0.58,1.16,62.3,11.8,12.7,19.4,18.4,18.3,0.1,89,0,0.57,0.28,0.87,0.57,0.27,0.87,64.0,12.6,12.3,19.5,19.5,19.4,0.1,182,0,0.73,0.52,0.93,0.73,0.52,0.94,,,,,,,,,,,,,,,,66.5,157,0.52,0.3,0.74,47.1,13,-0.47,-1.23,0.3,68,144,0.61,0.38,0.84,0,0%,0%,0%,19,23%,21%,14%,29,32%,32%,32%,7%,26%,7%,7%,25%,22%,0.51,1.01,1.06,0.56,1.05,SUPP,1.98,1.41,SUPP,1.66,SUPP,1.59,1.69,SUPP,1.62,1.38,-0.27,1.27,0.82,1.47,-0.45,1.33,0.69,1.36,0.76,SUPP,SUPP,2.01,1.30,SUPP,SUPP,2.53,1.43,1.88,0.95,SUPP,SUPP,2.03,1.21,SUPP,SUPP,2.21,0.97,2.22,1.15,,,,23%,23%,21%,23%,23%,20%,26%,25%,22%,25%,24%,21%,38%,38%,34%,,,,,,,7%,7%,7%,25%,24%,22%,89%,,94%,100%,,,95%,85%,64%,93%,2,18%,74,91%,91,100%,92%,89%,94%,91%,50%,80%,0,0%,55,68%,89,98%,77%,79%,75%,79%,,,,,71%,50%,97%,87%,7%,24%,,,,,14,7%,179,93%,8.7,6.5,8.4,9.1,7.9,8.7,,,7.7,8.7,8.6,6.5,8.4,8.9,7.9,8.6,,,7.7,8.5,1884.0,3.0,0%,Well above average
1,919,5418,137914,Saint Joan of Arc Catholic School,,High Street,,,Rickmansworth,WD3 1HG,01923773881,E14000951,South West Hertfordshire,0,0,ACC,Roman Catholic,NSE,OTHER NON SEL,MIXED,0,0,1,11-18,1229,637,592,204,117,57%,87,43%,106.2,22,11%,124,63%,52,26%,11,5%,193,95%,28,14%,175,86%,1,0%,203,100%,2,1%,40,20%,38,19%,10734.5,52.6,2223.0,10.9,2104.0,10.3,3123.5,15.3,3284.0,16.1,2881.5,14.1,402.5,2.0,2.9,2.9,198,1,97%,0.25,0.05,0.45,0.25,0.05,0.45,0.13,-0.09,0.36,0.19,-0.01,0.40,0.26,0.04,0.49,0.34,0.11,0.57,82%,57%,920.83,4.51,2.85,4.61,2.69,4.27,5.98,4.68,4.42,4.58,4.51,,,,5.16,4.79,5.19,83,41%,25%,17%,198,97%,200,98%,199,98%,181,89%,102,50%,88%,72%,85%,65%,74%,55%,78%,64%,73%,57%,194,97%,177,98%,100,98%,-0.15,-0.36,0.06,0.28,0.01,0.54,0.49,0.10,0.88,180,146,173,132,148,110,142,115,74,58,79,39%,197,97%,200,98%,187,94%,180,99%,101,99%,36.6,10,1,-1.09,-1.97,-0.21,-1.14,-2.04,-0.25,53.5,188,0,0.32,0.12,0.52,0.32,0.12,0.53,8.0,-1.26,-2.28,-0.25,6.7,-1.31,-2.24,-0.39,10.0,-1.19,-2.21,-0.18,11.9,-0.90,-1.91,0.10,11.1,0.21,-0.03,0.44,10.5,0.27,0.06,0.49,15.6,0.34,0.11,0.57,16.3,0.41,0.17,0.64,10.4,1.5,14.3,2.0,-13.7,-1.26,32.8,22,0,0.30,-0.29,0.89,0.30,-0.30,0.90,50.2,124,1,0.26,0.02,0.51,0.26,0.01,0.51,67.5,52,0,0.19,-0.19,0.58,0.19,-0.20,0.58,52.8,10.4,10.1,16.7,15.6,14.8,0.8,27,0,0.57,0.03,1.10,0.57,0.02,1.11,52.2,11.0,9.5,15.1,16.6,14.5,2.1,83,1,0.33,0.03,0.64,0.33,0.02,0.64,52.9,10.8,10.9,15.5,15.7,13.8,1.9,115,0,0.19,-0.07,0.45,0.19,-0.07,0.45,52.6,10.9,10.3,15.3,16.1,14.1,1.9,198,1,0.25,0.05,0.45,0.25,0.05,0.45,,,,,,,,,,,,,,,,58.5,191,0.44,0.24,0.64,54,14,0.69,-0.05,1.42,58.9,177,0.42,0.21,0.63,6,27%,9%,5%,52,42%,23%,11%,24,46%,42%,37%,9%,42%,0%,0%,27%,18%,-0.19,-0.24,0.08,-0.93,-0.12,0.48,0.39,-0.09,0.05,0.28,1.41,0.36,0.48,SUPP,0.54,0.09,-1.95,0.09,-0.33,0.43,-0.82,0.02,-0.50,0.48,-0.32,1.48,-1.39,0.55,0.01,1.31,-0.35,0.72,0.06,0.43,-0.61,SUPP,SUPP,0.93,0.15,2.70,0.11,0.86,-0.13,1.20,-0.25,,,,42%,31%,23%,38%,22%,13%,44%,30%,22%,41%,26%,17%,57%,32%,18%,,,,,,,50%,38%,25%,41%,30%,23%,79%,,84%,99%,,,86%,70%,45%,84%,5,23%,105,85%,52,100%,85%,78%,75%,82%,27%,59%,2,9%,63,51%,48,92%,58%,55%,54%,57%,,,,,81%,56%,87%,71%,9%,28%,,,,,16,8%,181,92%,9.1,8.2,9.0,9.8,7.7,9.2,,,8.6,9.1,8.5,7.7,8.4,9.4,7.1,8.6,,,8.2,8.7,1857.0,4.0,0%,Above average
1,919,5413,137895,The Saint John Henry Newman Catholic School,,Hitchin Road,,,Stevenage,SG1 4AE,01438314643,E14000968,Stevenage,0,0,ACC,Roman Catholic,NSE,OTHER NON SEL,MIXED,0,0,1,11-18,1615,833,782,245,126,51%,119,49%,105.8,38,16%,134,55%,70,29%,10,4%,235,96%,55,22%,189,77%,1,0%,242,99%,7,3%,21,9%,14,6%,14032.5,57.3,2966.0,12.1,2674.0,10.9,4209.5,17.2,4183.0,17.1,3882.5,15.8,300.5,1.2,2.9,2.9,242,0,99%,0.70,0.52,0.88,0.70,0.52,0.88,0.74,0.54,0.95,0.48,0.29,0.66,0.86,0.65,1.06,0.67,0.46,0.87,86%,65%,1230.02,5.02,4.40,5.05,3.00,4.82,6.44,5.53,5.09,4.96,5.02,,,,5.47,4.04,5.59,77,31%,27%,23%,240,98%,241,98%,239,98%,219,89%,84,34%,94%,82%,87%,68%,85%,70%,81%,70%,92%,85%,236,99%,216,99%,83,99%,0.82,0.63,1.01,0.83,0.59,1.07,1.40,0.98,1.83,231,201,213,167,203,167,178,153,77,71,76,31%,240,98%,241,98%,238,100%,219,100%,83,99%,50.7,10,0,0.77,-0.10,1.65,0.77,-0.12,1.67,57.6,232,0,0.70,0.52,0.88,0.70,0.51,0.88,11.6,1.13,0.12,2.14,8.8,0.23,-0.70,1.15,14.9,0.90,-0.11,1.92,15.4,0.77,-0.24,1.78,12.1,0.73,0.52,0.94,11.0,0.49,0.30,0.68,17.3,0.85,0.64,1.06,17.1,0.66,0.45,0.87,13.1,2.4,16.0,1.2,0.4,0.60,37.1,38,0,0.74,0.29,1.19,0.74,0.28,1.20,54.5,134,0,0.76,0.52,1.00,0.76,0.52,1.00,72.9,70,0,0.57,0.24,0.90,0.57,0.23,0.91,61.0,12.5,11.9,18.6,18.1,16.8,1.2,53,0,0.91,0.53,1.29,0.91,0.52,1.30,57.9,12.6,10.6,17.0,17.7,16.0,1.8,118,0,0.79,0.53,1.04,0.79,0.53,1.05,56.7,11.7,11.2,17.3,16.5,15.7,0.7,124,0,0.62,0.37,0.86,0.62,0.36,0.87,57.3,12.1,10.9,17.2,17.1,15.9,1.2,241,0,0.71,0.54,0.89,0.71,0.53,0.90,,,,,,,,,,,,,,,,59.9,239,0.57,0.39,0.75,45.4,19,-0.03,-0.67,0.6,61.2,220,0.62,0.44,0.81,3,8%,5%,0%,47,35%,31%,25%,26,37%,33%,31%,20%,32%,20%,20%,28%,23%,0.80,0.92,0.63,0.88,0.82,0.76,1.04,0.45,0.89,0.83,SUPP,1.59,1.05,SUPP,1.37,1.79,-0.03,1.01,0.62,1.28,0.32,1.18,0.67,0.97,0.29,2.06,-0.29,1.08,0.59,1.40,0.13,1.36,0.73,0.90,0.00,SUPP,SUPP,1.80,0.93,SUPP,SUPP,2.15,1.03,1.74,0.37,,,,65%,51%,42%,28%,22%,19%,35%,33%,28%,32%,28%,24%,49%,40%,31%,,,,,,,40%,30%,20%,67%,53%,44%,83%,,87%,99%,,,88%,69%,70%,87%,19,50%,119,89%,70,100%,90%,82%,91%,86%,50%,66%,5,13%,84,63%,68,97%,68%,62%,75%,65%,,,,,70%,40%,90%,71%,3%,38%,,,,,20,8%,222,92%,8.6,7.4,8.3,9.7,8.1,8.6,,,8,9.6,8.3,6.9,8.0,9.5,7.5,8.3,,,7.6,9.4,2104.0,1.0,0%,Well above average
2,919,7012,117671,St Luke's School,,Crouch Hall Lane,Redbourn,,St Albans,AL3 7ET,01582626727,E14000749,Hitchin and Harpenden,0,0,FDS,Does not apply,NA,NA,MIXED,0,1,0,7-16,160,104,56,29,19,66%,10,34%,75.9,26,100%,0,0%,0,0%,13,45%,16,55%,1,3%,28,97%,0,0%,29,100%,,,,,,,NE,NE,NE,NE,NE,NE,NE,NE,NE,NE,NE,NE,NE,NE,NE,NE,NE,NE,NE,NE,NE,NE,NE,NE,NE,NE,NE,NE,NE,NE,NE,NE,NE,NE,NE,NE,NE,NE,NE,NE,NE,NE,NE,NE,NE,NE,SUPP,NE,NE,NE,,,,NE,NE,NE,NE,NE,NE,NE,NE,NE,NE,NE,NE,NE,NE,NE,NE,NE,NE,NE,NE,NE,NE,NE,NE,NE,NE,NE,NE,NE,NE,NE,NE,NE,NE,NE,NE,NE,NE,NE,NE,NE,NE,NE,NE,NE,NE,NE,NE,NE,NE,NE,NE,NE,NE,NE,NE,NE,NE,NE,NE,NE,NE,NE,NE,NE,NE,NE,NE,NE,NE,NE,NE,NE,NE,NE,NE,NE,NE,NE,NE,NE,NE,NE,NE,NE,NE,NE,NE,NE,NE,NE,NE,NE,NE,NE,NE,NE,NE,NE,NE,NE,NE,NE,NE,NE,NE,NE,NE,NE,NE,NE,NE,NE,NE,NE,NE,NE,NE,NE,NE,NE,NE,NE,NE,NE,NE,NE,NE,NE,NE,NE,NE,NE,NE,NE,NE,NE,NE,NE,NE,NE,NE,NE,NE,NE,NE,NE,SUPP,SUPP,SUPP,SUPP,SUPP,SUPP,SUPP,SUPP,SUPP,SUPP,SUPP,SUPP,SUPP,SUPP,SUPP,NE,NE,NE,NE,NE,NE,NE,NE,NE,NE,NE,NE,NE,NE,NE,NE,NE,NE,NE,NE,NE,NE,NE,NE,NE,NE,NE,NE,NE,NE,NE,NE,NE,NE,NE,NE,NE,NE,NE,NE,NE,NE,NE,NE,NE,,,,,,,,,,,,,,,,NE,NE,NE,NE,NE,NE,NE,NE,NE,NE,NE,NE,NE,NE,NE,NE,NE,NE,NE,NE,NE,NE,NE,NE,NE,NE,NE,NE,NE,NE,NE,NE,NE,NE,NE,NE,NE,NE,NE,NE,NE,NE,NE,NE,NE,NE,NE,NE,NE,NE,NE,NE,NE,NE,NE,NE,NE,NE,NE,NE,NE,NE,NE,NE,NE,NE,NE,NE,NE,NE,NE,NE,NE,NE,NE,NE,NE,NE,,,,NE,NE,NE,NE,NE,NE,NE,NE,NE,NE,NE,NE,SUPP,SUPP,SUPP,,,,,,,NE,NE,NE,NE,NE,NE,NE,,NE,NE,,,NE,NE,NE,NE,NE,NE,NE,NE,NE,NE,NE,NE,SUPP,NE,NE,NE,NE,NE,NE,NE,NE,NE,NE,NE,SUPP,NE,,,,,NE,NE,NE,NE,NE,NE,,,,,16,55%,13,45%,NE,NE,NE,NE,NE,NE,,,NE,NE,NE,NE,NE,NE,NE,NE,,,NE,NE,NE,NE,NE
1,919,6012,117606,St Margaret's School,,Merry Hill Road,,,Bushey,WD23 1DT,02084164400,E14000745,Hertsmere,0,0,IND,None,,NA,MIXED,0,0,1,2-18,654,162,492,82,,0%,82,100%,NP,NP,NP,NP,NP,NP,NP,NP,NP,NP,NP,NP,NP,NP,NP,NP,NP,NP,NP,NA,NA,NA,NA,NA,NA,4216.5,51.4,458.0,5.6,992.0,12.1,1553.0,18.9,1213.5,14.8,1188.0,14.5,25.5,0.3,2.7,2.3,NP,NP,NP,NP,NP,NP,NP,NP,NP,NP,NP,NP,NP,NP,NP,NP,NP,NP,NP,NP,NP,80%,71%,353.38,4.31,NP,NP,NP,NP,NP,NP,4.31,NE,NP,,,,4.23,NP,NP,0,0%,0%,0%,0,0%,81,99%,81,99%,50,61%,34,41%,0%,0%,94%,82%,95%,91%,98%,92%,94%,88%,NP,NP,NP,NP,NP,NP,NP,NP,NP,NP,NP,NP,NP,NP,NP,0,0,77,67,77,74,49,46,32,30,0,0%,0,0%,81,99%,77,95%,50,100%,33,97%,NP,NP,NP,NP,NP,NP,NP,NP,NP,NP,NP,NP,NP,NP,NP,NP,NP,NP,NP,NP,NP,NP,NP,NP,NP,NP,NP,NP,NP,NP,NP,NP,NP,NP,NP,NP,NP,NP,NP,NP,NP,NP,NP,NP,NP,NP,NP,NP,NP,NP,NP,NP,NP,NP,NP,NP,NP,NP,NP,NP,NP,NP,NP,NP,NP,NP,NP,NP,NP,NP,NP,NP,NP,NP,NP,NP,NP,NP,NP,NP,NP,NP,NP,NP,NP,NP,NP,NP,NP,NP,NP,NP,NP,NP,NP,NP,NP,NP,51.4,5.6,12.1,18.9,14.8,14.5,0.3,NP,NP,NP,NP,NP,NP,NP,NP,NE,NE,NE,NE,NE,NE,NE,NP,NP,NP,NP,NP,NP,NP,NP,NP,NP,NP,NP,NP,NP,NP,NP,NP,NP,NP,NP,NP,NP,NP,,,,,,,,,,,,,,,,50.6,NP,NP,NP,NP,NP,NP,NP,NP,NP,NP,NP,NP,NP,NP,NP,NP,NP,NP,NP,NP,NP,NP,NP,NP,NP,NP,NP,NP,NP,NP,NP,NP,NP,NP,NP,NP,NP,NP,NP,NP,NP,NP,NP,NP,NP,NP,NP,NP,NP,NP,NP,NP,NP,NP,NP,NP,NP,NP,NP,NP,NP,NP,NP,NP,NP,NP,NP,NP,NP,NP,NP,NP,NP,NP,NP,NP,NP,,,,0%,0%,0%,NE,NE,NE,0%,0%,0%,NP,NP,NP,NP,NP,NP,,,,,,,NP,NP,NP,NP,NP,NP,79%,,75%,99%,,,79%,73%,NP,NP,NP,NP,NP,NP,NP,NP,NE,80%,NP,NP,NP,NP,NP,NP,NP,NP,NP,NP,NE,71%,NP,NP,,,,,NP,NP,NP,NP,9%,50%,,,,,NP,NP,NP,NP,6.7,NP,NP,NP,NP,NP,,,NP,NP,6.5,NP,NP,NP,NP,NP,,,NP,NP,554.0,1.0,0%
1,919,5422,148499,St Mary's Catholic School,,Windhill,,,Bishop's Stortford,CM23 2NQ,01279654901,E14000744,Hertford and Stortford,0,0,ACC,Roman Catholic,NSE,OTHER NON SEL,MIXED,0,0,1,11-18,1158,582,576,183,82,45%,101,55%,106.4,24,14%,94,55%,54,31%,16,9%,167,91%,38,21%,145,79%,0,0%,174,95%,1,1%,16,9%,15,8%,9944.0,54.3,2145.0,11.7,1946.0,10.6,2940.0,16.1,2913.0,15.9,2913.0,15.9,0.0,0.0,2.9,2.9,172,1,94%,0.38,0.17,0.59,0.38,0.17,0.60,0.52,0.28,0.77,0.27,0.05,0.50,0.46,0.22,0.70,0.28,0.04,0.52,81%,64%,918.45,5.02,3.90,5.13,2.92,4.66,6.63,5.84,5.25,4.73,5.02,,,,5.29,4.02,5.4,132,72%,42%,28%,180,98%,182,99%,180,98%,174,95%,134,73%,91%,80%,83%,68%,76%,61%,71%,60%,65%,50%,170,94%,166,95%,125,93%,0.41,0.19,0.63,0.25,-0.02,0.53,-0.30,-0.64,0.05,167,146,152,124,137,110,123,104,87,67,124,68%,180,98%,182,99%,178,99%,174,100%,127,95%,43.4,13,0,0.19,-0.57,0.96,0.19,-0.59,0.98,55.4,159,1,0.40,0.18,0.62,0.40,0.17,0.62,9.8,0.50,-0.39,1.38,9.0,0.36,-0.45,1.17,12.6,0.25,-0.63,1.14,12.1,-0.18,-1.06,0.71,11.9,0.53,0.27,0.78,10.8,0.27,0.03,0.50,16.4,0.48,0.22,0.73,16.3,0.32,0.06,0.57,12.1,0.0,16.3,0.0,-6.9,0.02,34.7,24,0,0.42,-0.14,0.99,0.42,-0.15,1.00,51.3,94,1,0.37,0.08,0.66,0.37,0.08,0.66,69.4,54,0,0.38,0.01,0.76,0.38,0.00,0.77,59.9,12.4,12.1,18.5,16.9,16.9,0.0,35,0,0.94,0.47,1.41,0.94,0.47,1.42,57.3,12.4,10.8,16.7,17.4,17.4,0.0,95,1,0.48,0.20,0.77,0.48,0.19,0.77,50.7,10.9,10.5,15.3,14.0,14.0,0.0,77,0,0.26,-0.06,0.57,0.26,-0.06,0.58,54.4,11.8,10.6,16.0,16.0,16.0,0.0,166,1,0.37,0.16,0.59,0.37,0.16,0.59,,,,,,,,,,,,,,,,57.5,174,0.32,0.11,0.52,45.4,15,-0.7,-1.41,0.02,58.6,159,0.41,0.19,0.63,8,33%,8%,4%,67,71%,35%,17%,49,91%,70%,56%,38%,75%,25%,13%,44%,29%,0.03,0.38,0.63,0.18,0.43,0.41,0.31,0.09,-0.59,0.33,0.25,-0.27,-0.43,0.99,-0.36,0.98,-0.62,0.66,0.20,0.62,-0.56,0.68,0.08,1.02,0.24,0.39,-1.57,0.61,0.04,1.13,-0.31,0.68,-0.07,0.57,-0.38,2.58,-0.60,-0.01,-0.72,1.62,-1.13,0.20,-0.74,0.13,-0.98,,,,72%,49%,36%,66%,30%,16%,77%,51%,38%,72%,43%,28%,95%,68%,45%,,,,,,,40%,13%,13%,74%,52%,38%,75%,,84%,99%,,,87%,67%,56%,84%,7,29%,81,86%,54,100%,77%,85%,92%,82%,56%,65%,1,4%,57,61%,53,98%,62%,65%,74%,65%,,,,,73%,40%,88%,70%,5%,16%,,,,,15,8%,168,92%,8.2,7.8,8.0,8.9,7.4,8.3,,,7.8,8.4,8.2,7.8,8.0,8.8,7.4,8.3,,,7.8,8.4,1516.0,2.0,0%,Above average
1,919,5423,138360,St Mary's Church of England High School (VA),,Lieutenant Ellis Way,Cheshunt,,Waltham Cross,EN7 5FB,01992629124,E14000606,Broxbourne,0,0,ACC,Church of England,NSE,OTHER NON SEL,MIXED,0,0,1,11-19,1092,535,557,180,83,46%,97,54%,103.1,41,24%,117,67%,16,9%,47,26%,133,74%,50,28%,129,72%,1,1%,173,96%,4,2%,34,19%,30,17%,7392.5,41.1,1618.0,9.0,1484.0,8.2,2070.5,11.5,2220.0,12.3,1524.0,8.5,696.0,3.9,2.7,2.8,174,1,97%,-0.24,-0.45,-0.03,-0.24,-0.45,-0.03,-0.24,-0.48,0.00,-0.13,-0.35,0.09,-0.25,-0.49,-0.01,-0.31,-0.55,-0.06,63%,36%,656.37,3.65,3.12,3.83,2.11,3.94,5.80,3.93,4.01,3.23,3.70,,,,3.78,3.29,3.93,86,48%,28%,17%,177,98%,178,99%,174,97%,165,92%,88,49%,72%,51%,65%,42%,48%,30%,47%,38%,81%,59%,170,98%,162,98%,85,97%,-0.51,-0.73,-0.29,-0.42,-0.70,-0.15,0.72,0.30,1.14,130,92,117,75,84,52,77,63,71,52,79,44%,173,96%,173,96%,166,95%,151,92%,87,99%,35.3,47,0,-0.40,-0.81,0.00,-0.40,-0.81,0.01,43.1,127,1,-0.18,-0.42,0.07,-0.18,-0.43,0.07,8.0,-0.30,-0.76,0.17,6.8,-0.37,-0.80,0.06,9.9,-0.38,-0.85,0.09,10.6,-0.51,-0.98,-0.05,9.3,-0.22,-0.50,0.06,8.8,-0.04,-0.30,0.22,12.1,-0.20,-0.49,0.08,13.0,-0.23,-0.51,0.05,8.1,2.5,8.6,4.4,-15.0,-0.57,25.9,41,0,-0.34,-0.77,0.10,-0.34,-0.78,0.11,44.2,117,1,-0.21,-0.47,0.05,-0.21,-0.47,0.05,60.5,16,0,-0.20,-0.90,0.49,-0.20,-0.91,0.50,42.9,9.2,8.7,12.5,12.5,8.7,3.8,46,0,0.01,-0.40,0.42,0.01,-0.40,0.43,44.7,9.7,8.6,12.5,13.8,9.1,4.8,93,1,-0.07,-0.36,0.21,-0.08,-0.37,0.22,36.9,8.1,7.8,10.4,10.6,7.8,2.8,81,0,-0.43,-0.74,-0.12,-0.43,-0.74,-0.11,41.6,9.1,8.3,11.7,12.5,8.5,4.0,167,1,-0.20,-0.42,0.01,-0.21,-0.43,0.01,,,,,,,,,,,,,,,,44.5,203,-0.21,-0.41,-0.02,39.4,46,-0.6,-1.01,-0.19,46,157,-0.1,-0.32,0.12,7,17%,2%,0%,62,53%,32%,18%,15,94%,75%,50%,36%,52%,19%,11%,32%,19%,-0.39,-0.56,-0.40,-0.59,-0.48,-0.37,-0.44,-0.38,-0.55,-0.38,2.30,0.79,-0.31,1.45,0.53,-0.17,-1.02,-0.22,-0.74,0.08,-0.85,-0.30,-0.83,0.32,-1.12,-0.01,-1.10,-0.05,-0.70,0.26,-0.99,-0.11,-0.77,0.50,-1.26,2.39,0.51,1.01,0.06,3.76,0.83,1.28,0.30,0.69,-1.31,,,,42%,20%,12%,35%,18%,6%,59%,37%,26%,50%,29%,17%,66%,34%,20%,,,,,,,38%,13%,6%,44%,23%,13%,55%,,59%,99%,,,61%,34%,47%,68%,9,22%,87,74%,15,94%,58%,67%,68%,63%,26%,39%,1,2%,50,43%,12,75%,31%,39%,38%,36%,,,,,44%,27%,66%,36%,3%,23%,,,,,48,23%,160,77%,9.1,8.3,9.4,10.0,8.8,9.2,,,9,9.3,7.3,6.2,7.5,8.9,7.1,7.4,,,7,7.3,1662.0,0.0,0%,Below average
1,919,5417,137922,Saint Michael's Catholic High School,,High Elms Lane,Garston,,Watford,WD25 0SS,01923673760,E14001021,Watford,0,0,ACC,Roman Catholic,NSE,OTHER NON SEL,MIXED,0,0,1,11-18,1127,598,529,175,94,54%,81,46%,106.9,16,9%,95,56%,58,34%,19,11%,156,89%,10,6%,165,94%,0,0%,169,97%,1,1%,18,10%,17,10%,9523.8,54.4,1974.0,11.3,1778.0,10.2,2851.0,16.3,2920.8,16.7,2650.5,15.1,270.3,1.5,2.9,2.9,169,2,97%,0.24,0.03,0.45,0.24,0.02,0.45,0.16,-0.09,0.41,-0.09,-0.31,0.14,0.36,0.12,0.61,0.37,0.13,0.62,78%,57%,813.74,4.65,4.09,4.72,3.41,4.07,5.96,5.12,4.86,4.47,4.68,,,,4.79,3.26,5,41,23%,17%,13%,172,98%,172,98%,172,98%,157,90%,49,28%,87%,74%,83%,61%,83%,62%,75%,64%,98%,88%,166,97%,153,97%,46,94%,0.23,0.00,0.45,0.26,-0.03,0.54,1.80,1.23,2.37,153,129,146,106,142,106,118,100,48,43,41,23%,172,98%,172,98%,171,99%,156,99%,49,100%,47.6,19,0,0.20,-0.44,0.83,0.20,-0.45,0.84,55.3,150,2,0.24,0.02,0.47,0.24,0.01,0.47,10.1,0.13,-0.60,0.87,8.8,-0.06,-0.73,0.61,13.5,0.17,-0.56,0.91,15.1,0.43,-0.30,1.16,11.4,0.16,-0.10,0.42,10.3,-0.09,-0.33,0.15,16.6,0.39,0.12,0.65,16.9,0.36,0.10,0.62,12.1,3.0,15.5,1.4,-2.7,0.03,41.1,16,0,1.03,0.34,1.72,1.03,0.32,1.73,48.5,95,2,0.11,-0.18,0.39,0.10,-0.19,0.39,67.8,58,0,0.24,-0.13,0.60,0.24,-0.13,0.61,56.2,10.2,10.6,18.4,17.0,14.2,2.8,7,0,0.82,-0.22,1.87,0.82,-0.24,1.89,55.5,11.9,9.9,16.6,17.2,16.7,0.5,76,2,0.38,0.06,0.69,0.37,0.04,0.69,53.5,10.8,10.4,16.0,16.2,13.8,2.4,93,0,0.13,-0.16,0.41,0.13,-0.17,0.42,54.7,11.4,10.2,16.4,16.8,15.3,1.6,166,2,0.25,0.04,0.47,0.25,0.03,0.47,,,,,,,,,,,,,,,,56.6,171,0.32,0.11,0.53,40.3,21,-0.56,-1.17,0.04,58.9,150,0.44,0.22,0.67,3,19%,6%,0%,19,20%,12%,7%,17,29%,29%,26%,32%,22%,26%,16%,16%,13%,1.11,0.04,0.30,0.04,0.25,1.08,0.13,0.22,-0.15,0.31,SUPP,1.59,1.88,2.07,1.76,0.70,-0.62,0.49,0.02,1.86,0.37,0.34,-0.26,0.67,-0.08,0.68,-0.98,0.61,0.01,1.99,0.18,0.51,-0.24,0.72,-0.27,3.65,0.48,2.38,1.15,SUPP,SUPP,2.42,0.76,2.72,1.03,,,,24%,18%,12%,12%,7%,4%,37%,28%,23%,23%,18%,14%,50%,30%,30%,,,,,,,18%,9%,0%,24%,19%,13%,76%,,80%,99%,,,82%,56%,63%,79%,7,44%,68,72%,58,100%,79%,77%,80%,79%,42%,58%,3,19%,42,44%,52,90%,56%,57%,60%,57%,,,,,55%,9%,85%,62%,3%,15%,,,,,22,12%,157,88%,8.0,7.7,7.9,8.3,8.0,8.0,,,7.4,8.1,7.7,7.1,7.5,8.2,7.4,7.8,,,6.6,7.7,1415.0,0.0,0%,Above average
1,919,4003,138582,Samuel Ryder Academy,,Drakes Drive,,,St Albans,AL1 5AR,01727859382,E14000960,St Albans,0,0,AC,None,NSE,OTHER NON SEL,MIXED,0,1,1,4-19,1508,811,697,160,78,49%,82,51%,104.6,35,23%,83,54%,37,24%,29,18%,131,82%,23,14%,137,86%,0,0%,159,99%,5,3%,35,22%,30,19%,8249.0,51.6,1754.0,11.0,1654.0,10.3,2377.0,14.9,2464.0,15.4,2375.0,14.8,89.0,0.6,2.9,2.9,155,1,97%,0.36,0.14,0.59,0.34,0.12,0.57,0.36,0.11,0.62,0.44,0.21,0.67,0.32,0.06,0.57,0.30,0.04,0.55,78%,58%,711.18,4.44,3.18,4.72,2.78,4.32,6.11,4.68,4.80,4.07,4.47,,,,4.53,2.82,5.02,48,30%,23%,18%,158,99%,158,99%,158,99%,131,82%,63,39%,84%,70%,83%,63%,70%,52%,71%,60%,76%,60%,153,97%,126,96%,61,97%,0.17,-0.06,0.40,0.47,0.15,0.78,0.41,-0.08,0.91,134,112,132,100,111,82,93,78,48,38,47,29%,158,99%,158,99%,158,100%,130,99%,62,98%,39.1,29,1,-0.13,-0.65,0.38,-0.23,-0.76,0.29,54.3,126,0,0.48,0.23,0.72,0.48,0.23,0.73,8.6,-0.20,-0.80,0.39,7.5,-0.24,-0.78,0.30,11.1,-0.21,-0.80,0.39,11.8,-0.27,-0.87,0.32,11.5,0.49,0.21,0.78,11.0,0.60,0.34,0.86,15.7,0.43,0.15,0.72,16.2,0.43,0.14,0.71,10.2,1.6,15.9,0.3,-11.2,-0.30,34.1,35,0,0.52,0.05,0.99,0.52,0.04,1.00,50.9,83,0,0.36,0.06,0.67,0.36,0.06,0.67,67.8,37,1,0.21,-0.24,0.67,0.13,-0.33,0.60,52.8,10.7,10.9,15.8,15.4,15.2,0.2,22,0,0.66,0.07,1.25,0.66,0.06,1.26,55.2,11.9,10.6,15.9,16.9,16.2,0.7,79,0,0.45,0.14,0.77,0.45,0.14,0.77,47.7,10.0,10.1,13.8,13.8,13.4,0.4,76,1,0.27,-0.05,0.59,0.23,-0.09,0.55,51.9,11.0,10.4,14.9,15.5,14.9,0.6,154,1,0.38,0.16,0.60,0.36,0.13,0.59,,,,,,,,,,,,,,,,52.7,159,0.29,0.07,0.51,36,36,-0.24,-0.7,0.22,57.4,123,0.45,0.2,0.69,3,9%,3%,3%,24,29%,19%,12%,19,51%,46%,41%,14%,34%,7%,7%,26%,20%,0.37,0.09,0.17,-0.20,0.25,0.79,0.38,0.38,-0.12,0.56,2.34,0.35,-0.04,1.56,0.24,0.34,-0.74,0.51,0.00,0.86,-0.12,0.40,-0.23,0.65,-0.31,0.73,-0.98,0.90,0.22,1.48,0.10,0.81,-0.05,0.99,-0.23,2.93,0.19,0.77,-0.29,3.92,0.75,1.02,-0.32,0.81,-0.88,,,,33%,25%,19%,19%,13%,12%,40%,32%,23%,30%,23%,18%,35%,26%,17%,,,,,,,8%,3%,0%,40%,31%,25%,69%,,73%,99%,,,76%,60%,52%,83%,12,34%,72,87%,36,97%,71%,84%,74%,78%,28%,64%,5,14%,51,61%,33,89%,55%,60%,57%,58%,,,,,51%,32%,83%,68%,9%,26%,,,,,37,22%,129,78%,8.4,7.8,8.3,9.1,8.0,8.5,,,7.2,8.4,8.3,7.6,8.2,8.9,7.7,8.4,,,6.8,8.2,1352.0,1.0,0%,Above average
1,919,4197,136609,Sandringham School,,The Ridgeway,,,St Albans,AL4 9NX,01727799560,E14000960,St Albans,0,0,ACC,Does not apply,NSE,OTHER NON SEL,MIXED,0,0,1,11-18,1712,935,777,240,142,59%,98,41%,107.0,31,13%,108,47%,91,40%,22,9%,218,91%,18,8%,220,92%,2,1%,240,100%,6,3%,75,31%,69,29%,14688.8,61.2,3031.0,12.6,2898.0,12.1,4389.0,18.3,4370.8,18.2,3567.0,14.9,803.8,3.3,2.9,2.9,230,1,96%,0.83,0.64,1.01,0.81,0.63,1.00,0.75,0.54,0.97,0.77,0.57,0.96,0.90,0.69,1.11,0.79,0.58,1.00,88%,75%,1329.60,5.54,3.31,5.76,2.80,5.21,6.84,5.98,5.34,5.68,5.54,,,,5.8,3.94,6.04,137,57%,47%,33%,235,98%,237,99%,235,98%,165,69%,200,83%,93%,88%,90%,79%,90%,79%,88%,78%,81%,59%,225,96%,159,96%,192,96%,0.93,0.74,1.13,1.07,0.79,1.35,0.17,-0.12,0.45,224,211,215,189,211,186,145,128,161,117,130,54%,235,98%,236,98%,235,100%,164,99%,190,95%,41.2,22,0,0.23,-0.36,0.83,0.23,-0.37,0.84,63.2,208,1,0.89,0.70,1.08,0.87,0.68,1.07,9.5,0.48,-0.20,1.16,7.6,0.10,-0.52,0.72,11.4,0.16,-0.52,0.85,12.7,0.23,-0.44,0.91,12.9,0.78,0.56,1.01,12.5,0.84,0.64,1.04,19.0,0.98,0.76,1.20,18.8,0.85,0.63,1.07,9.5,3.2,15.4,3.4,-9.1,0.06,35.7,31,0,0.71,0.21,1.21,0.71,0.20,1.22,57.5,108,0,0.96,0.70,1.23,0.96,0.69,1.24,73.8,91,1,0.70,0.41,0.99,0.66,0.37,0.96,65.6,12.2,13.0,20.6,19.7,15.1,4.6,16,0,1.27,0.58,1.97,1.27,0.57,1.98,59.7,12.9,11.0,17.5,18.3,15.6,2.6,92,1,0.79,0.50,1.08,0.75,0.46,1.05,62.3,12.4,12.8,18.9,18.2,14.3,3.8,138,0,0.85,0.61,1.09,0.85,0.61,1.09,61.2,12.6,12.1,18.3,18.2,14.9,3.3,230,1,0.83,0.64,1.01,0.81,0.63,1.00,,,,,,,,,,,,,,,,64.6,225,0.82,0.64,1.01,48.5,25,-0.17,-0.73,0.38,66.7,200,0.95,0.75,1.14,4,13%,0%,0%,65,60%,45%,23%,63,69%,66%,56%,14%,61%,9%,9%,51%,35%,0.91,1.11,0.74,0.38,0.99,0.56,1.22,1.01,-0.09,1.15,-0.63,0.27,0.18,0.26,0.16,1.02,-0.26,1.19,0.79,1.45,0.37,1.38,0.83,1.04,0.44,1.03,-1.20,1.44,0.86,1.51,-0.38,1.61,0.82,1.44,0.57,1.49,-0.97,0.45,-0.13,0.41,-1.67,0.68,-0.14,0.60,-0.23,,,,55%,48%,41%,60%,50%,32%,53%,43%,35%,57%,47%,33%,56%,50%,33%,,,,,,,26%,11%,11%,59%,53%,45%,85%,,91%,100%,,,92%,77%,59%,91%,11,35%,104,96%,90,99%,92%,83%,89%,88%,18%,81%,3,10%,82,76%,89,98%,79%,70%,72%,75%,,,,,70%,44%,95%,81%,5%,42%,,,,,27,12%,208,89%,8.8,7.5,8.4,9.6,7.7,8.9,,,8,9.1,8.1,6.4,7.8,8.9,6.8,8.2,,,6.9,8.4,2115.0,1.0,0%,Well above average
1,919,4117,138484,The Sele School,,Welwyn Road,,,Hertford,SG14 2DG,01992581455,E14000744,Hertford and Stortford,0,0,ACC,Does not apply,NSE,OTHER NON SEL,MIXED,0,0,1,11-18,423,187,236,75,31,41%,44,59%,102.9,20,30%,35,53%,11,17%,22,29%,53,71%,10,13%,65,87%,0,0%,70,93%,2,3%,20,27%,18,24%,3048.0,40.6,684.0,9.1,630.0,8.4,833.0,11.1,901.0,12.0,837.0,11.2,64.0,0.9,2.6,2.9,66,1,88%,-0.45,-0.79,-0.11,-0.46,-0.80,-0.11,-0.24,-0.64,0.15,-0.26,-0.62,0.10,-0.71,-1.10,-0.31,-0.48,-0.87,-0.09,57%,35%,254.67,3.40,2.58,3.74,2.07,3.57,4.64,4.07,3.61,3.09,3.41,,,,2.86,2.29,2.97,13,17%,11%,5%,71,95%,75,100%,74,99%,55,73%,15,20%,69%,53%,67%,43%,49%,31%,62%,45%,73%,53%,65,88%,50,91%,12,80%,-0.80,-1.16,-0.44,-0.19,-0.69,0.31,-0.16,-1.28,0.96,52,40,50,32,36,23,34,25,11,8,13,17%,70,93%,74,99%,69,93%,53,96%,15,100%,31.8,18,1,-1.02,-1.68,-0.37,-1.05,-1.72,-0.39,44.3,48,0,-0.23,-0.63,0.17,-0.23,-0.64,0.18,7.1,-0.94,-1.70,-0.19,7.6,-0.31,-1.00,0.38,8.3,-1.41,-2.16,-0.65,8.8,-1.27,-2.02,-0.52,10.0,0.02,-0.44,0.48,8.7,-0.24,-0.66,0.18,12.3,-0.44,-0.91,0.02,13.4,-0.18,-0.64,0.28,8.1,0.7,12.4,0.9,-18.5,-1.19,27.2,20,0,-0.10,-0.72,0.52,-0.10,-0.73,0.54,42.6,35,0,-0.44,-0.91,0.03,-0.44,-0.92,0.03,54.4,11,1,-1.10,-1.94,-0.27,-1.15,-2.00,-0.30,46.6,10.0,9.4,13.6,13.6,13.2,0.4,SUPP,SUPP,SUPP,SUPP,SUPP,SUPP,SUPP,SUPP,43.4,10.1,8.3,11.7,13.3,12.9,0.4,39,1,-0.35,-0.80,0.09,-0.37,-0.82,0.09,36.8,7.7,8.6,10.3,10.1,8.6,1.5,27,0,-0.59,-1.12,-0.05,-0.59,-1.13,-0.04,41.1,9.3,8.4,11.1,12.3,11.4,0.9,65,1,-0.45,-0.80,-0.11,-0.46,-0.81,-0.11,,,,,,,,,,,,,,,,37.6,63,-0.74,-1.09,-0.39,29.3,11,-0.85,-1.68,-0.02,39.1,52,-0.72,-1.1,-0.34,1,5%,0%,0%,9,26%,17%,6%,2,18%,18%,18%,5%,23%,0%,0%,15%,8%,-0.29,-0.79,-1.76,-1.29,-0.63,0.55,-0.19,-0.85,-0.96,0.02,SUPP,-0.11,SUPP,NE,-0.16,-0.59,-1.98,-0.21,-1.04,0.35,-0.93,-0.30,-1.28,-0.89,-2.62,0.11,-2.02,0.59,-0.54,1.73,-0.62,0.44,-0.83,0.26,-1.96,NE,NE,0.96,-1.28,SUPP,SUPP,1.18,-1.40,SUPP,SUPP,,,,39%,0%,0%,6%,6%,3%,25%,14%,7%,17%,11%,6%,30%,10%,10%,,,,,,,18%,0%,0%,42%,0%,0%,53%,,46%,100%,,,56%,36%,41%,64%,5,25%,21,60%,10,91%,48%,64%,70%,59%,14%,43%,1,5%,11,31%,9,82%,29%,39%,40%,36%,,,,,36%,27%,59%,37%,0%,33%,,,,,11,16%,59,84%,7.9,7.2,8.1,8.6,7.5,8.1,,,7.9,9,7.5,6.8,7.7,8.3,7.1,7.7,,,7.5,8.3,599.0,0.0,0%,Below average
1,919,6047,117622,Sherrardswood School,,Lockleys,,,Welwyn,AL6 0BJ,01438714282,E14001027,Welwyn Hatfield,0,0,IND,Unknown,,NA,MIXED,0,0,1,3-19,500,275,225,53,26,49%,27,51%,NP,NP,NP,NP,NP,NP,NP,NP,NP,NP,NP,NP,NP,NP,NP,NP,NP,NP,NP,NA,NA,NA,NA,NA,NA,2923.0,55.2,627.0,11.8,548.0,10.3,875.0,16.5,873.0,16.5,873.0,16.5,0.0,0.0,2.8,2.8,NP,NP,NP,NP,NP,NP,NP,NP,NP,NP,NP,NP,NP,NP,NP,NP,NP,NP,NP,NP,NP,87%,53%,254.31,4.80,NP,NP,NP,NP,NP,NP,4.54,5.07,NP,,,,4.84,NP,NP,17,32%,26%,25%,50,94%,51,96%,49,92%,33,62%,28,53%,94%,85%,87%,55%,86%,71%,94%,85%,86%,75%,NP,NP,NP,NP,NP,NP,NP,NP,NP,NP,NP,NP,NP,NP,NP,50,45,46,29,42,35,31,28,24,21,17,32%,50,94%,51,96%,49,100%,33,100%,28,100%,NP,NP,NP,NP,NP,NP,NP,NP,NP,NP,NP,NP,NP,NP,NP,NP,NP,NP,NP,NP,NP,NP,NP,NP,NP,NP,NP,NP,NP,NP,NP,NP,NP,NP,NP,NP,NP,NP,NP,NP,NP,NP,NP,NP,NP,NP,NP,NP,NP,NP,NP,NP,NP,NP,NP,NP,NP,NP,NP,NP,NP,NP,NP,NP,NP,NP,NP,NP,NP,NP,NP,NP,NP,NP,NP,NP,NP,NP,NP,NP,NP,NP,NP,NP,NP,NP,NP,NP,NP,NP,NP,NP,NP,NP,NP,NP,NP,NP,53.3,11.4,9.3,15.9,16.8,16.8,0.0,NP,NP,NP,NP,NP,NP,NP,NP,57.0,12.3,11.5,17.2,16.1,16.1,0.0,NP,NP,NP,NP,NP,NP,NP,NP,NP,NP,NP,NP,NP,NP,NP,NP,NP,NP,NP,NP,NP,NP,NP,,,,,,,,,,,,,,,,55.2,NP,NP,NP,NP,NP,NP,NP,NP,NP,NP,NP,NP,NP,NP,NP,NP,NP,NP,NP,NP,NP,NP,NP,NP,NP,NP,NP,NP,NP,NP,NP,NP,NP,NP,NP,NP,NP,NP,NP,NP,NP,NP,NP,NP,NP,NP,NP,NP,NP,NP,NP,NP,NP,NP,NP,NP,NP,NP,NP,NP,NP,NP,NP,NP,NP,NP,NP,NP,NP,NP,NP,NP,NP,NP,NP,NP,NP,,,,51%,36%,24%,31%,31%,27%,33%,22%,22%,NP,NP,NP,NP,NP,NP,,,,,,,NP,NP,NP,NP,NP,NP,85%,,80%,98%,,,84%,60%,NP,NP,NP,NP,NP,NP,NP,NP,88%,85%,NP,NP,NP,NP,NP,NP,NP,NP,NP,NP,62%,44%,NP,NP,,,,,NP,NP,NP,NP,0%,83%,,,,,NP,NP,NP,NP,8.9,NP,NP,NP,NP,NP,,,NP,NP,8.9,NP,NP,NP,NP,NP,,,NP,NP,473.0,0.0,0%
1,919,4067,140294,Simon Balle All-Through School,,Mangrove Road,,,Hertford,SG13 8AJ,01992410400,E14000744,Hertford and Stortford,0,0,ACC,Does not apply,NSE,OTHER NON SEL,MIXED,0,1,1,4-18,1597,829,768,171,86,50%,85,50%,104.7,35,21%,85,52%,45,27%,34,20%,137,80%,4,2%,166,97%,1,1%,168,98%,10,6%,29,17%,19,11%,8302.5,48.6,1768.0,10.3,1668.0,9.8,2442.5,14.3,2424.0,14.2,2171.0,12.7,253.0,1.5,2.8,2.8,165,4,96%,0.03,-0.19,0.24,0.01,-0.21,0.23,0.03,-0.22,0.28,0.10,-0.13,0.32,0.09,-0.16,0.34,-0.14,-0.39,0.11,75%,53%,732.14,4.28,2.57,4.71,2.05,4.18,6.16,SUPP,4.37,4.19,4.26,,,,4.72,3.33,4.95,57,33%,27%,20%,164,96%,165,96%,164,96%,149,87%,60,35%,80%,65%,77%,57%,71%,56%,73%,58%,87%,75%,158,96%,145,97%,57,95%,0.07,-0.16,0.30,0.17,-0.12,0.46,0.85,0.33,1.36,137,112,132,98,117,92,109,87,52,45,56,33%,164,96%,163,95%,163,99%,143,96%,60,100%,30.3,34,1,-0.70,-1.17,-0.22,-0.72,-1.21,-0.24,53.1,131,3,0.21,-0.03,0.46,0.20,-0.05,0.45,7.2,-0.53,-1.08,0.02,5.9,-0.64,-1.14,-0.14,8.5,-0.64,-1.19,-0.09,8.7,-0.99,-1.53,-0.44,11.1,0.17,-0.11,0.45,10.7,0.29,0.03,0.54,15.7,0.28,0.00,0.56,15.5,0.08,-0.20,0.36,7.1,1.6,14.1,1.5,-20.0,-0.87,25.8,35,0,-0.18,-0.64,0.29,-0.18,-0.65,0.30,47.6,85,3,0.05,-0.25,0.35,0.02,-0.28,0.33,67.3,45,1,0.14,-0.27,0.55,0.13,-0.30,0.55,SUPP,SUPP,SUPP,SUPP,SUPP,SUPP,SUPP,SUPP,SUPP,SUPP,SUPP,SUPP,SUPP,SUPP,SUPP,49.3,10.9,9.4,14.2,14.8,12.9,1.9,81,3,0.18,-0.13,0.49,0.15,-0.16,0.47,47.8,9.8,10.1,14.3,13.6,12.5,1.0,84,1,-0.12,-0.43,0.18,-0.13,-0.44,0.18,48.4,10.3,9.7,14.2,14.2,12.7,1.5,163,4,0.03,-0.19,0.25,0.01,-0.21,0.23,,,,,,,,,,,,,,,,54.5,175,0.27,0.06,0.48,40.8,25,-0.69,-1.24,-0.14,56.8,150,0.43,0.2,0.65,5,14%,0%,0%,27,32%,27%,15%,22,49%,47%,44%,15%,38%,6%,6%,32%,24%,-0.28,0.10,0.28,-0.43,0.19,-0.25,0.32,0.16,-0.18,0.24,0.12,0.95,0.92,-0.22,1.00,0.09,-0.96,0.44,-0.06,0.23,-0.78,0.42,-0.22,0.71,-0.15,0.55,-0.92,0.56,-0.08,0.45,-0.96,0.72,-0.09,0.70,-0.38,1.25,-1.69,1.55,0.45,1.70,-1.47,1.68,0.22,1.73,0.11,,,,28%,24%,19%,28%,20%,16%,39%,34%,25%,32%,26%,20%,SUPP,SUPP,SUPP,,,,,,,12%,4%,4%,31%,27%,21%,68%,,77%,97%,,,80%,63%,29%,86%,5,14%,73,86%,45,100%,76%,74%,SUPP,74%,15%,63%,0,0%,46,54%,42,93%,55%,52%,SUPP,54%,,,,,56%,32%,84%,68%,1%,36%,,,,,25,14%,152,86%,7.9,7.2,7.8,8.6,6.7,8.2,,,8.2,8.6,7.5,6.4,7.5,8.5,6.1,7.9,,,7.6,7.9,1362.0,0.0,0%,Average
1,919,4028,137270,Sir John Lawes School,,Manland Way,,,Harpenden,AL5 4QP,01582760043,E14000749,Hitchin and Harpenden,0,0,ACC,None,NSE,OTHER NON SEL,MIXED,0,0,1,11-18,1342,730,612,200,116,58%,84,42%,107.3,26,13%,85,44%,84,43%,18,9%,182,91%,4,2%,195,98%,1,1%,198,99%,2,1%,38,19%,36,18%,12195.0,61.0,2546.0,12.7,2312.0,11.6,3687.5,18.4,3649.5,18.2,3624.0,18.1,25.5,0.1,3.0,3.0,195,0,98%,0.79,0.59,0.98,0.79,0.58,0.99,0.80,0.57,1.03,0.49,0.28,0.70,0.96,0.73,1.19,0.81,0.58,1.03,88%,72%,1102.33,5.51,4.31,5.63,2.80,5.06,6.82,SUPP,5.47,5.54,5.50,,,,5.73,3.77,5.97,99,50%,44%,35%,200,100%,200,100%,200,100%,188,94%,107,54%,94%,86%,88%,72%,84%,75%,84%,76%,91%,77%,195,98%,184,98%,103,96%,0.74,0.53,0.94,1.02,0.76,1.28,0.64,0.26,1.03,188,172,176,144,168,150,157,142,97,82,93,47%,200,100%,200,100%,196,98%,187,99%,104,97%,49.9,16,0,0.36,-0.33,1.06,0.36,-0.34,1.07,62.1,179,0,0.82,0.62,1.03,0.82,0.61,1.04,10.6,0.42,-0.38,1.22,9.8,0.21,-0.52,0.94,14.4,0.32,-0.48,1.12,15.2,0.47,-0.32,1.27,12.9,0.83,0.59,1.07,11.7,0.51,0.30,0.73,18.8,1.02,0.78,1.26,18.5,0.84,0.60,1.07,15.2,0.0,18.4,0.1,-0.4,0.19,34.5,26,0,0.33,-0.22,0.87,0.33,-0.23,0.88,57.2,85,0,0.98,0.68,1.28,0.98,0.67,1.29,73.2,84,0,0.73,0.43,1.03,0.73,0.42,1.04,SUPP,SUPP,SUPP,SUPP,SUPP,SUPP,SUPP,SUPP,SUPP,SUPP,SUPP,SUPP,SUPP,SUPP,SUPP,60.8,13.1,11.0,18.1,18.6,18.5,0.1,83,0,0.88,0.58,1.19,0.88,0.57,1.19,61.1,12.5,12.0,18.7,18.0,17.9,0.1,112,0,0.72,0.45,0.98,0.72,0.45,0.98,60.9,12.8,11.5,18.4,18.3,18.1,0.1,195,0,0.79,0.59,0.98,0.79,0.58,0.99,,,,,,,,,,,,,,,,63.3,193,0.77,0.57,0.97,44.6,22,0.45,-0.14,1.03,65.7,171,0.81,0.6,1.02,5,19%,0%,0%,38,45%,39%,27%,53,63%,62%,52%,22%,52%,22%,22%,46%,36%,0.07,0.84,0.84,0.23,0.78,0.06,1.48,0.83,0.57,1.05,0.43,0.67,0.64,SUPP,0.65,0.95,-0.49,1.00,0.57,0.63,-0.49,1.15,0.53,1.15,0.52,1.59,-0.44,1.32,0.79,0.81,-0.69,1.87,1.09,1.22,0.44,SUPP,SUPP,1.04,0.26,2.02,-1.16,1.28,0.07,1.16,0.13,,,,48%,42%,41%,48%,44%,34%,51%,44%,37%,49%,43%,34%,SUPP,SUPP,SUPP,,,,,,,32%,14%,14%,50%,45%,44%,84%,,82%,100%,,,83%,70%,78%,88%,10,38%,76,89%,84,100%,88%,87%,SUPP,87%,50%,74%,1,4%,56,66%,82,98%,76%,65%,SUPP,71%,,,,,46%,32%,88%,75%,4%,53%,,,,,22,11%,173,89%,9.0,7.8,8.7,9.7,8.2,9.1,,,8.1,9.1,9.0,7.8,8.7,9.7,8.2,9.1,,,8.1,9.1,1811.0,1.0,0%,Well above average
1,919,4014,137847,Stanborough School,,Lemsford Lane,,,Welwyn Garden City,AL8 6YR,01707321755,E14001027,Welwyn Hatfield,0,0,ACC,Does not apply,NSE,OTHER NON SEL,MIXED,0,0,1,11-18,1123,603,520,193,94,49%,99,51%,104.0,43,23%,95,52%,45,25%,35,18%,158,82%,28,15%,165,85%,0,0%,181,94%,3,2%,36,19%,33,17%,9777.0,50.7,1990.0,10.3,1952.0,10.1,2995.0,15.5,2840.0,14.7,2431.5,12.6,408.5,2.1,2.9,2.9,183,1,95%,0.42,0.21,0.62,0.41,0.20,0.61,0.18,-0.05,0.42,0.48,0.26,0.69,0.69,0.45,0.93,0.22,-0.01,0.46,75%,55%,931.03,4.82,3.55,5.11,2.72,4.79,6.91,6.14,4.69,4.97,4.83,,,,4.78,3.61,5.12,173,90%,44%,28%,192,99%,192,99%,191,99%,189,98%,173,90%,81%,68%,77%,62%,73%,54%,66%,55%,56%,37%,181,95%,179,95%,165,95%,0.62,0.40,0.83,0.43,0.16,0.69,-0.37,-0.67,-0.07,156,131,149,120,140,104,125,104,97,64,170,88%,191,99%,189,98%,189,99%,185,98%,171,99%,37.9,35,0,0.03,-0.44,0.50,0.03,-0.45,0.51,53.5,148,1,0.51,0.28,0.73,0.49,0.26,0.73,8.1,-0.14,-0.68,0.41,7.5,0.15,-0.34,0.65,11.6,0.38,-0.16,0.93,10.8,-0.29,-0.83,0.25,10.8,0.26,-0.01,0.52,10.7,0.56,0.32,0.80,16.4,0.76,0.50,1.02,15.6,0.34,0.08,0.61,8.0,2.8,13.6,2.0,-12.4,-0.14,30.6,43,0,0.30,-0.12,0.73,0.30,-0.13,0.73,50.1,95,0,0.38,0.10,0.67,0.38,0.10,0.67,71.2,45,1,0.59,0.18,1.00,0.55,0.13,0.97,61.8,12.0,12.2,20.0,17.6,15.7,1.9,24,0,1.63,1.07,2.20,1.63,1.05,2.21,50.2,10.6,9.6,14.8,15.2,11.9,3.4,94,0,0.48,0.20,0.77,0.48,0.19,0.77,51.1,10.0,10.7,16.3,14.2,13.4,0.8,89,1,0.35,0.05,0.64,0.32,0.03,0.62,50.7,10.3,10.1,15.5,14.8,12.7,2.1,177,1,0.42,0.21,0.63,0.41,0.20,0.62,,,,,,,,,,,,,,,,50.2,172,0.24,0.02,0.45,38.1,39,-0.35,-0.8,0.09,53.7,133,0.41,0.17,0.65,31,72%,5%,2%,93,98%,44%,22%,41,91%,82%,67%,86%,91%,14%,6%,50%,33%,0.28,0.47,1.27,0.19,0.72,-0.06,0.47,0.82,0.03,0.52,-0.78,-0.35,-0.10,-1.07,-0.21,0.67,-0.30,0.96,0.48,0.72,-0.16,0.77,0.18,1.71,0.83,0.63,-0.58,0.81,0.23,0.48,-0.60,0.83,0.11,1.35,0.28,-0.36,-1.78,0.12,-0.55,-0.08,-1.48,0.05,-0.76,0.51,-0.71,,,,93%,50%,34%,90%,45%,28%,89%,42%,28%,91%,44%,29%,100%,71%,64%,,,,,,,88%,20%,12%,94%,59%,40%,69%,,69%,99%,,,73%,51%,46%,81%,9,21%,82,86%,44,98%,72%,77%,93%,74%,26%,62%,2,5%,58,61%,44,98%,60%,52%,75%,56%,,,,,49%,20%,80%,60%,6%,13%,,,,,41,23%,141,78%,8.0,7.8,8.0,8.1,7.8,8.0,,,7.7,8.1,7.6,7.0,7.6,8.0,7.1,7.7,,,7.1,7.7,1544.0,0.0,0%,Above average
1,919,6154,117640,Stanborough Secondary School,,Stanborough Park,,,Watford,WD25 9JT,01923673268,E14001021,Watford,0,0,IND,Seventh Day Adventist,,NA,MIXED,0,0,1,11-18,63,29,34,9,4,44%,5,56%,NP,NP,NP,NP,NP,NP,NP,NP,NP,NP,NP,NP,NP,NP,NP,NP,NP,NP,NP,NA,NA,NA,NA,NA,NA,493.0,54.8,94.0,10.4,104.0,11.6,148.0,16.4,147.0,16.3,147.0,16.3,0.0,0.0,2.7,2.8,NP,NP,NP,NP,NP,NP,NP,NP,NP,NP,NP,NP,NP,NP,NP,NP,NP,NP,NP,NP,NP,89%,78%,45.32,5.04,NP,NP,NP,NP,NP,NP,SUPP,SUPP,NP,,,,4.88,NP,NP,7,78%,56%,33%,9,100%,9,100%,8,89%,7,78%,8,89%,89%,78%,100%,89%,88%,88%,100%,86%,75%,50%,NP,NP,NP,NP,NP,NP,NP,NP,NP,NP,NP,NP,NP,NP,NP,8,7,9,8,7,7,7,6,6,4,5,56%,9,100%,9,100%,8,100%,7,100%,6,75%,NP,NP,NP,NP,NP,NP,NP,NP,NP,NP,NP,NP,NP,NP,NP,NP,NP,NP,NP,NP,NP,NP,NP,NP,NP,NP,NP,NP,NP,NP,NP,NP,NP,NP,NP,NP,NP,NP,NP,NP,NP,NP,NP,NP,NP,NP,NP,NP,NP,NP,NP,NP,NP,NP,NP,NP,NP,NP,NP,NP,NP,NP,NP,NP,NP,NP,NP,NP,NP,NP,NP,NP,NP,NP,NP,NP,NP,NP,NP,NP,NP,NP,NP,NP,NP,NP,NP,NP,NP,NP,NP,NP,NP,NP,NP,NP,NP,NP,SUPP,SUPP,SUPP,SUPP,SUPP,SUPP,SUPP,NP,NP,NP,NP,NP,NP,NP,NP,SUPP,SUPP,SUPP,SUPP,SUPP,SUPP,SUPP,NP,NP,NP,NP,NP,NP,NP,NP,NP,NP,NP,NP,NP,NP,NP,NP,NP,NP,NP,NP,NP,NP,NP,,,,,,,,,,,,,,,,53.3,NP,NP,NP,NP,NP,NP,NP,NP,NP,NP,NP,NP,NP,NP,NP,NP,NP,NP,NP,NP,NP,NP,NP,NP,NP,NP,NP,NP,NP,NP,NP,NP,NP,NP,NP,NP,NP,NP,NP,NP,NP,NP,NP,NP,NP,NP,NP,NP,NP,NP,NP,NP,NP,NP,NP,NP,NP,NP,NP,NP,NP,NP,NP,NP,NP,NP,NP,NP,NP,NP,NP,NP,NP,NP,NP,NP,NP,,,,82%,46%,46%,SUPP,SUPP,SUPP,SUPP,SUPP,SUPP,NP,NP,NP,NP,NP,NP,,,,,,,NP,NP,NP,NP,NP,NP,78%,,91%,100%,,,91%,82%,NP,NP,NP,NP,NP,NP,NP,NP,SUPP,SUPP,NP,NP,NP,NP,NP,NP,NP,NP,NP,NP,SUPP,SUPP,NP,NP,,,,,NP,NP,NP,NP,0%,89%,,,,,NP,NP,NP,NP,10.0,NP,NP,NP,NP,NP,,,NP,NP,10.0,NP,NP,NP,NP,NP,,,NP,NP,90.0,0.0,0%
1,919,4017,140037,The Thomas Alleyne Academy,,High Street,,,Stevenage,SG1 3BE,01438344344,E14000968,Stevenage,0,0,AC,Does not apply,NSE,OTHER NON SEL,MIXED,0,0,1,11-18,973,490,483,163,83,51%,80,49%,104.4,36,23%,84,54%,35,23%,29,18%,134,82%,10,6%,151,93%,2,1%,156,96%,3,2%,36,22%,33,20%,7477.3,45.9,1451.0,8.9,1674.0,10.3,2260.0,13.9,2092.3,12.8,1439.0,8.8,653.3,4.0,2.9,2.8,155,1,95%,-0.04,-0.27,0.18,-0.05,-0.27,0.18,-0.48,-0.73,-0.22,0.57,0.33,0.80,0.13,-0.13,0.39,-0.34,-0.59,-0.08,64%,42%,633.68,3.89,2.56,4.17,2.44,3.83,5.58,5.67,4.06,3.72,3.94,,,,4,2.93,4.42,28,17%,9%,5%,154,94%,159,98%,158,97%,118,72%,46,28%,69%,48%,74%,58%,73%,52%,55%,42%,59%,35%,150,95%,114,97%,44,96%,0.36,0.13,0.60,-0.21,-0.54,0.12,-0.85,-1.44,-0.27,112,78,120,95,115,82,65,49,27,16,27,17%,153,94%,159,98%,158,100%,114,97%,45,98%,31.0,28,1,-1.10,-1.62,-0.57,-1.11,-1.64,-0.58,49.1,127,0,0.19,-0.06,0.43,0.19,-0.06,0.44,6.2,-1.50,-2.10,-0.89,7.0,-0.53,-1.08,0.02,9.4,-0.84,-1.44,-0.23,8.3,-1.51,-2.11,-0.91,9.5,-0.25,-0.54,0.03,11.0,0.81,0.55,1.07,14.8,0.34,0.06,0.63,13.8,-0.08,-0.36,0.20,6.0,2.4,9.4,4.4,-19.3,-1.27,29.5,36,0,0.04,-0.42,0.51,0.04,-0.43,0.51,45.9,84,1,-0.02,-0.32,0.28,-0.02,-0.33,0.29,64.3,35,0,-0.19,-0.66,0.28,-0.19,-0.67,0.28,62.2,11.1,14.2,20.9,16.0,13.6,2.4,7,0,1.34,0.29,2.38,1.34,0.27,2.40,48.1,9.6,10.4,14.3,13.9,9.7,4.2,77,0,0.32,0.01,0.64,0.32,0.00,0.64,43.8,8.3,10.2,13.5,11.9,8.0,3.9,78,1,-0.40,-0.72,-0.09,-0.41,-0.73,-0.09,46.5,9.1,10.3,13.9,13.2,9.1,4.2,153,1,-0.03,-0.26,0.19,-0.04,-0.27,0.19,,,,,,,,,,,,,,,,47.1,161,-0.2,-0.41,0.02,35.1,46,-1.21,-1.61,-0.8,51.8,115,0.21,-0.05,0.46,4,11%,3%,0%,13,15%,7%,2%,10,29%,20%,14%,10%,19%,0%,0%,11%,6%,0.45,0.37,0.26,-0.22,0.47,0.04,-0.25,-0.41,-1.08,-0.07,-1.01,-0.79,-0.89,SUPP,-0.70,0.36,-0.81,0.73,0.22,0.95,-0.04,0.69,0.05,0.75,-0.23,-0.20,-1.96,0.28,-0.43,0.70,-0.63,0.20,-0.70,0.30,-1.11,SUPP,SUPP,-0.08,-1.33,0.58,-2.59,0.00,-1.59,0.15,-1.92,,,,19%,11%,7%,16%,7%,4%,19%,11%,6%,18%,10%,5%,50%,40%,30%,,,,,,,9%,4%,2%,22%,13%,9%,60%,,64%,98%,,,66%,49%,34%,70%,9,25%,60,71%,32,91%,59%,69%,90%,66%,17%,47%,2,6%,38,45%,27,77%,40%,44%,70%,44%,,,,,51%,26%,71%,58%,0%,41%,,,,,47,28%,121,72%,8.0,7.4,8.1,8.7,6.9,8.2,,,7.1,8.3,6.9,6.0,7.0,7.9,6.0,7.1,,,6.1,7.3,1316.0,0.0,0%,Average
1,919,4606,117555,Townsend Church of England School,,High Oaks,,,St Albans,AL3 6DR,01727853047,E14000749,Hitchin and Harpenden,0,0,VA,Church of England,NSE,OTHER NON SEL,MIXED,0,0,1,11-18,768,418,350,125,73,58%,52,42%,104.8,26,24%,50,46%,32,30%,22,18%,103,82%,23,18%,102,82%,0,0%,121,97%,4,3%,21,17%,17,14%,6128.3,49.0,1255.0,10.0,1221.3,9.8,1839.0,14.7,1813.0,14.5,1639.5,13.1,173.5,1.4,2.9,2.9,108,2,86%,-0.10,-0.36,0.17,-0.10,-0.37,0.17,-0.22,-0.53,0.09,-0.01,-0.29,0.27,-0.02,-0.33,0.29,-0.16,-0.47,0.15,70%,48%,527.94,4.22,3.37,4.41,2.45,3.81,5.56,5.11,4.59,3.97,4.16,,,,3.86,2.73,4.32,24,19%,13%,9%,121,97%,124,99%,121,97%,108,86%,33,26%,77%,62%,74%,55%,72%,58%,64%,49%,97%,85%,104,86%,94,87%,22,67%,0.03,-0.25,0.31,-0.23,-0.59,0.14,1.08,0.25,1.91,96,77,93,69,87,70,69,53,32,28,23,18%,120,96%,123,98%,118,98%,108,100%,33,100%,39.4,20,2,-0.70,-1.32,-0.08,-0.72,-1.36,-0.09,51.1,88,0,0.04,-0.25,0.34,0.04,-0.26,0.34,8.7,-0.75,-1.46,-0.03,7.8,-0.42,-1.07,0.24,11.5,-0.72,-1.43,0.00,11.4,-0.93,-1.64,-0.21,10.3,-0.10,-0.44,0.24,10.2,0.08,-0.23,0.39,15.4,0.14,-0.21,0.48,15.2,0.01,-0.33,0.35,10.5,0.9,13.7,1.5,-10.9,-0.87,29.9,26,0,0.11,-0.43,0.65,0.11,-0.44,0.66,46.0,50,2,-0.14,-0.54,0.25,-0.15,-0.55,0.25,62.9,32,0,-0.19,-0.68,0.30,-0.19,-0.69,0.31,55.8,10.4,11.1,17.6,16.6,14.3,2.3,15,0,0.19,-0.53,0.90,0.19,-0.54,0.92,53.0,11.1,10.2,15.7,16.0,15.5,0.5,43,1,-0.08,-0.50,0.35,-0.08,-0.51,0.35,46.2,9.3,9.4,14.0,13.5,11.4,2.0,65,1,-0.11,-0.45,0.23,-0.11,-0.46,0.24,48.5,10.0,9.7,14.5,14.4,13.0,1.4,107,2,-0.10,-0.37,0.17,-0.10,-0.38,0.17,,,,,,,,,,,,,,,,46.5,130,-0.17,-0.41,0.08,34.1,38,-0.83,-1.28,-0.38,51.5,92,0.11,-0.18,0.4,0,0%,0%,0%,4,8%,6%,2%,12,38%,28%,22%,18%,19%,9%,5%,14%,10%,0.44,0.12,-0.41,-0.32,0.11,0.47,-0.17,-0.78,-0.74,-0.13,SUPP,1.75,0.75,SUPP,1.16,0.36,-1.00,0.42,-0.20,1.03,-0.14,0.54,-0.29,0.09,-0.92,0.17,-1.65,0.27,-0.52,1.26,-0.32,0.36,-0.70,-0.13,-1.42,SUPP,SUPP,2.05,0.27,SUPP,SUPP,3.33,0.16,1.78,-0.29,,,,9%,8%,5%,18%,10%,5%,21%,17%,13%,18%,12%,8%,48%,35%,22%,,,,,,,8%,5%,0%,9%,9%,7%,63%,,55%,100%,,,58%,41%,59%,72%,6,23%,37,74%,31,97%,64%,77%,70%,69%,27%,52%,2,8%,21,42%,27,84%,48%,48%,52%,48%,,,,,38%,15%,66%,52%,1%,23%,,,,,40,29%,100,71%,8.2,7.4,7.8,9.0,7.3,8.4,,,7.5,8.4,8.0,7.2,7.6,8.8,7.2,8.2,,,7.4,8.2,1045.0,0.0,0%,Average
1,919,6041,117618,Tring Park School for the Performing Arts,,Mansion Drive,,,Tring,HP23 5LX,01442824255,E14000951,South West Hertfordshire,0,0,IND,None,,NA,MIXED,0,0,1,7-19,353,94,259,43,21,49%,22,51%,NP,NP,NP,NP,NP,NP,NP,NP,NP,NP,NP,NP,NP,NP,NP,NP,NP,NP,NP,NA,NA,NA,NA,NA,NA,1916.0,44.6,0.0,0.0,452.0,10.5,743.0,17.3,721.0,16.8,721.0,16.8,0.0,0.0,2.8,2.7,NP,NP,NP,NP,NP,NP,NP,NP,NP,NP,NP,NP,NP,NP,NP,NP,NP,NP,NP,NP,NP,0%,0%,177.01,4.12,NP,NP,NP,NP,NP,NP,4.48,3.74,NP,,,,2.2,NP,NP,0,0%,0%,0%,0,0%,42,98%,41,95%,34,79%,21,49%,0%,0%,91%,72%,93%,80%,85%,79%,86%,76%,NP,NP,NP,NP,NP,NP,NP,NP,NP,NP,NP,NP,NP,NP,NP,0,0,39,31,38,33,29,27,18,16,0,0%,0,0%,42,98%,41,100%,34,100%,21,100%,NP,NP,NP,NP,NP,NP,NP,NP,NP,NP,NP,NP,NP,NP,NP,NP,NP,NP,NP,NP,NP,NP,NP,NP,NP,NP,NP,NP,NP,NP,NP,NP,NP,NP,NP,NP,NP,NP,NP,NP,NP,NP,NP,NP,NP,NP,NP,NP,NP,NP,NP,NP,NP,NP,NP,NP,NP,NP,NP,NP,NP,NP,NP,NP,NP,NP,NP,NP,NP,NP,NP,NP,NP,NP,NP,NP,NP,NP,NP,NP,NP,NP,NP,NP,NP,NP,NP,NP,NP,NP,NP,NP,NP,NP,NP,NP,NP,NP,47.0,0.0,11.0,19.7,18.7,18.7,0.0,NP,NP,NP,NP,NP,NP,NP,NP,42.0,0.0,10.6,15.7,15.7,15.7,0.0,NP,NP,NP,NP,NP,NP,NP,NP,NP,NP,NP,NP,NP,NP,NP,NP,NP,NP,NP,NP,NP,NP,NP,,,,,,,,,,,,,,,,23.6,NP,NP,NP,NP,NP,NP,NP,NP,NP,NP,NP,NP,NP,NP,NP,NP,NP,NP,NP,NP,NP,NP,NP,NP,NP,NP,NP,NP,NP,NP,NP,NP,NP,NP,NP,NP,NP,NP,NP,NP,NP,NP,NP,NP,NP,NP,NP,NP,NP,NP,NP,NP,NP,NP,NP,NP,NP,NP,NP,NP,NP,NP,NP,NP,NP,NP,NP,NP,NP,NP,NP,NP,NP,NP,NP,NP,NP,,,,0%,0%,0%,0%,0%,0%,0%,0%,0%,NP,NP,NP,NP,NP,NP,,,,,,,NP,NP,NP,NP,NP,NP,0%,,0%,98%,,,0%,0%,NP,NP,NP,NP,NP,NP,NP,NP,0%,0%,NP,NP,NP,NP,NP,NP,NP,NP,NP,NP,0%,0%,NP,NP,,,,,NP,NP,NP,NP,2%,35%,,,,,NP,NP,NP,NP,6.3,NP,NP,NP,NP,NP,,,NP,NP,6.3,NP,NP,NP,NP,NP,,,NP,NP,271.0,0.0,0%
1,919,4504,138352,Tring School,,Mortimer Hill,,,Tring,HP23 5JD,01442822303,E14000951,South West Hertfordshire,0,0,ACC,Church of England,NSE,OTHER NON SEL,MIXED,0,0,1,11-18,1540,742,798,235,128,54%,107,46%,104.8,45,20%,134,59%,49,21%,24,10%,211,90%,0,0%,235,100%,0,0%,234,100%,1,0%,39,17%,38,16%,12334.5,52.5,2518.0,10.7,2476.0,10.5,3609.5,15.4,3731.0,15.9,3538.0,15.1,193.0,0.8,2.9,2.9,228,1,97%,0.49,0.31,0.67,0.48,0.29,0.66,0.26,0.05,0.47,0.58,0.39,0.77,0.54,0.32,0.75,0.50,0.28,0.71,85%,61%,1021.79,4.35,3.44,4.45,2.69,4.39,5.66,NE,4.62,4.12,4.35,,,,4.75,2.81,4.96,20,9%,8%,6%,234,100%,234,100%,231,98%,200,85%,33,14%,88%,71%,88%,70%,74%,55%,76%,65%,94%,79%,224,97%,193,97%,30,91%,0.45,0.26,0.65,0.86,0.61,1.12,0.64,-0.07,1.34,207,168,206,164,172,128,151,129,31,26,19,8%,232,99%,233,99%,230,100%,199,100%,32,97%,43.1,24,0,0.12,-0.45,0.68,0.12,-0.46,0.70,53.6,204,1,0.53,0.34,0.73,0.52,0.32,0.72,9.3,0.12,-0.53,0.78,8.5,0.21,-0.39,0.80,11.9,-0.02,-0.67,0.64,13.4,0.19,-0.46,0.84,10.9,0.27,0.05,0.50,10.8,0.62,0.42,0.83,15.8,0.60,0.38,0.83,16.2,0.53,0.31,0.75,11.6,1.8,15.5,0.7,-7.2,-0.05,33.5,45,0,0.38,-0.04,0.79,0.38,-0.04,0.80,53.6,134,0,0.63,0.39,0.87,0.63,0.39,0.87,66.3,49,1,0.21,-0.18,0.61,0.15,-0.25,0.56,NE,NE,NE,NE,NE,NE,NE,NE,NE,NE,NE,NE,NE,NE,NE,56.3,11.8,10.8,16.1,17.6,16.9,0.8,105,1,0.80,0.53,1.07,0.77,0.50,1.05,49.3,9.8,10.3,14.7,14.4,13.6,0.9,123,0,0.23,-0.02,0.48,0.23,-0.03,0.48,52.6,10.7,10.5,15.4,15.9,15.1,0.8,227,1,0.49,0.31,0.68,0.48,0.29,0.67,,,,,,,,,,,,,,,,55.6,224,0.32,0.14,0.51,36.7,22,-0.64,-1.23,-0.05,57.6,202,0.43,0.23,0.62,0,0%,0%,0%,8,6%,4%,4%,9,18%,18%,16%,8%,9%,4%,4%,8%,7%,0.34,0.52,0.36,0.04,0.50,0.59,1.08,0.50,0.12,0.93,SUPP,0.65,0.71,SUPP,0.62,0.64,-0.56,0.70,0.30,0.78,-0.09,0.77,0.27,0.77,-0.06,0.98,-0.73,1.20,0.67,1.16,0.01,1.41,0.75,1.06,-0.06,SUPP,SUPP,1.37,-0.13,SUPP,SUPP,1.62,-0.32,1.83,-0.41,,,,33%,28%,23%,9%,8%,5%,8%,7%,7%,9%,8%,6%,NE,NE,NE,,,,,,,5%,5%,0%,36%,30%,25%,78%,,81%,99%,,,85%,64%,67%,87%,21,47%,123,92%,48,98%,80%,90%,NE,85%,38%,64%,5,11%,88,66%,44,90%,52%,71%,NE,61%,,,,,59%,27%,87%,68%,0%,22%,,,,,22,9%,213,91%,9.0,8.6,9.1,9.2,8.6,9.1,,,8.1,8.9,8.7,7.9,8.9,9.1,8.0,8.8,,,7.5,8.6,2137.0,1.0,0%,Above average
2,919,7010,117669,The Valley School,,Broadhall Way,,,Stevenage,SG2 9BN,01438747274,E14000968,Stevenage,0,0,CYS,Does not apply,NA,NA,MIXED,0,0,0,11-16,172,125,47,33,23,70%,10,30%,77.3,31,100%,0,0%,0,0%,14,42%,19,58%,2,6%,31,94%,0,0%,31,94%,,,,,,,10.0,0.3,0.0,0.0,10.0,0.3,0.0,0.0,0.0,0.0,0.0,0.0,0.0,0.0,0.0,0.0,31,0,94%,-1.72,-2.21,-1.22,-1.72,-2.22,-1.21,-2.09,-2.67,-1.52,-1.16,-1.69,-0.64,-1.53,-2.11,-0.95,-2.01,-2.59,-1.44,0%,0%,0.83,0.03,0.02,0.03,0.03,NE,NE,SUPP,0.00,0.04,0.03,,,,NE,NE,NE,0,0%,0%,0%,0,0%,2,6%,0,0%,0,0%,0,0%,0%,0%,0%,0%,NE,NE,NE,NE,NE,NE,,NE,,NE,,NE,NE,NE,NE,NE,NE,NE,NE,NE,NE,0,0,0,0,NE,NE,NE,NE,NE,NE,0,0%,0,0%,2,6%,NE,NE,NE,NE,NE,NE,0.3,13,0,-1.85,-2.62,-1.08,-1.85,-2.63,-1.07,0.3,18,0,-1.62,-2.27,-0.96,-1.62,-2.28,-0.95,0.0,-2.24,-3.13,-1.35,0.3,-1.33,-2.13,-0.52,0.0,-1.65,-2.54,-0.77,0.0,-2.14,-3.02,-1.25,0.0,-1.99,-2.74,-1.23,0.3,-1.05,-1.74,-0.36,0.0,-1.44,-2.20,-0.69,0.0,-1.92,-2.67,-1.17,0.0,0.0,0.0,0.0,-50.0,-2.02,0.3,31,0,-1.72,-2.21,-1.22,-1.72,-2.22,-1.21,NE,NE,NE,NE,NE,NE,NE,NE,NE,NE,NE,NE,NE,NE,NE,NE,NE,NE,SUPP,SUPP,SUPP,SUPP,SUPP,SUPP,SUPP,SUPP,SUPP,SUPP,SUPP,SUPP,SUPP,SUPP,SUPP,0.0,0.0,0.0,0.0,0.0,0.0,0.0,9,0,-1.60,-2.52,-0.68,-1.60,-2.54,-0.66,0.4,0.0,0.4,0.0,0.0,0.0,0.0,22,0,-1.76,-2.35,-1.17,-1.76,-2.36,-1.16,0.3,0.0,0.3,0.0,0.0,0.0,0.0,29,0,-1.65,-2.17,-1.14,-1.65,-2.18,-1.13,,,,,,,,,,,,,,,,NE,NE,NE,NE,NE,NE,NE,NE,NE,NE,NE,NE,NE,NE,NE,0,0%,0%,0%,NE,NE,NE,NE,NE,NE,NE,NE,0%,0%,0%,0%,0%,0%,NE,NE,NE,NE,NE,NE,NE,NE,NE,NE,NE,NE,NE,NE,NE,NE,NE,NE,NE,NE,NE,NE,NE,NE,NE,NE,NE,NE,NE,NE,NE,NE,NE,NE,NE,NE,NE,NE,NE,NE,NE,NE,NE,NE,NE,,,,NE,NE,NE,0%,0%,0%,0%,0%,0%,0%,0%,0%,SUPP,SUPP,SUPP,,,,,,,NE,NE,NE,NE,NE,NE,0%,,NE,6%,,,NE,NE,0%,0%,0,0%,NE,NE,NE,NE,0%,0%,SUPP,0%,0%,0%,0,0%,NE,NE,NE,NE,0%,0%,SUPP,0%,,,,,NE,NE,NE,NE,0%,0%,,,,,20,61%,13,39%,0.1,0.1,NE,NE,0.1,0.1,,,NE,NE,0.1,0.1,NE,NE,0.1,0.1,,,NE,NE,2.0,0.0,0%,Well below average
1,919,4011,137038,Verulam School,,Brampton Road,,,St Albans,AL1 4PR,01727766100,E14000960,St Albans,0,0,ACC,Does not apply,NSE,OTHER NON SEL,BOYS,0,0,1,11-18,1066,1040,26,183,183,100%,,0%,106.5,27,17%,77,48%,56,35%,22,12%,161,88%,35,19%,146,80%,2,1%,177,97%,4,2%,37,20%,33,18%,10120.3,55.3,2176.0,11.9,2024.0,11.1,2956.0,16.2,2964.3,16.2,2848.0,15.6,116.3,0.6,2.8,2.9,160,1,87%,0.36,0.14,0.57,0.35,0.13,0.57,0.54,0.28,0.79,0.40,0.17,0.63,0.30,0.05,0.55,0.24,-0.01,0.49,79%,64%,926.20,5.06,2.80,5.37,1.89,4.95,6.62,5.26,NE,5.06,5.08,,,,4.96,3.35,5.25,153,84%,34%,22%,176,96%,177,97%,176,96%,176,96%,156,85%,86%,77%,81%,68%,78%,65%,82%,73%,42%,29%,154,88%,154,88%,138,88%,0.10,-0.13,0.33,0.69,0.40,0.97,-1.33,-1.66,-1.00,157,141,148,124,138,114,144,128,66,46,142,78%,176,96%,174,95%,165,94%,169,96%,151,97%,30.8,21,1,-0.89,-1.50,-0.29,-0.93,-1.55,-0.32,58.6,139,0,0.54,0.31,0.78,0.54,0.30,0.78,7.6,-0.56,-1.26,0.14,6.0,-0.77,-1.40,-0.13,8.6,-0.96,-1.66,-0.26,8.6,-1.27,-1.96,-0.58,12.5,0.70,0.43,0.97,11.8,0.58,0.33,0.83,17.2,0.49,0.22,0.76,17.2,0.47,0.20,0.74,7.8,0.8,16.6,0.6,-19.5,-1.06,23.3,27,0,-0.49,-1.03,0.04,-0.49,-1.04,0.05,55.2,77,1,0.68,0.37,1.00,0.67,0.35,0.99,70.3,56,0,0.31,-0.06,0.69,0.31,-0.06,0.69,55.9,11.6,11.5,16.7,16.1,15.9,0.2,22,0,0.81,0.22,1.40,0.81,0.21,1.41,NE,NE,NE,NE,NE,NE,NE,NE,NE,NE,NE,NE,NE,NE,NE,55.3,11.9,11.1,16.2,16.2,15.6,0.6,160,1,0.36,0.14,0.57,0.35,0.13,0.57,55.5,11.9,11.1,16.2,16.3,15.6,0.7,158,1,0.39,0.17,0.61,0.38,0.16,0.61,,,,,,,,,,,,,,,,53,167,0.05,-0.17,0.26,36.9,26,-0.72,-1.27,-0.18,55.9,141,0.19,-0.04,0.42,15,56%,0%,0%,67,87%,21%,12%,53,95%,64%,41%,64%,86%,14%,5%,37%,24%,-0.77,0.34,0.14,-0.77,0.21,-0.40,1.20,0.51,-0.60,0.87,-1.76,-1.24,-1.33,-1.76,-1.29,-0.07,-1.46,0.45,-0.04,-0.17,-1.36,0.67,0.01,0.52,-0.25,0.21,-1.41,1.17,0.57,0.31,-1.10,1.61,0.79,0.98,0.03,-0.72,-2.80,-0.94,-1.64,-0.78,-2.73,-0.77,-1.71,-0.80,-1.86,,,,71%,48%,32%,84%,34%,22%,NE,NE,NE,85%,35%,22%,83%,43%,37%,,,,,,,43%,25%,7%,76%,52%,37%,77%,,77%,98%,,,83%,60%,32%,85%,3,11%,69,90%,55,98%,79%,NE,74%,79%,18%,71%,0,0%,54,70%,48,86%,64%,NE,63%,65%,,,,,54%,29%,88%,66%,6%,45%,,,,,28,15%,156,85%,9.5,7.7,9.5,10.5,8.0,9.7,,,7.9,9.4,9.3,7.2,9.3,10.5,7.6,9.6,,,7.6,9.3,1757.0,2.0,0%,Above average
1,919,5401,136276,Watford Grammar School for Boys,,Rickmansworth Road,,,Watford,WD18 7JF,01923208900,E14001021,Watford,0,0,ACC,Church of England,NSE,OTHER NON SEL,BOYS,0,0,1,11-18,1533,1533,,227,227,100%,,0%,110.6,11,5%,61,30%,133,65%,14,6%,213,94%,30,13%,193,85%,4,2%,225,99%,8,4%,26,11%,18,8%,15621.5,68.8,3153.0,13.9,3288.0,14.5,4816.0,21.2,4364.5,19.2,4349.0,19.2,15.5,0.1,3.0,3.0,205,1,90%,0.75,0.55,0.94,0.73,0.53,0.92,0.67,0.44,0.89,1.05,0.85,1.25,0.94,0.72,1.16,0.34,0.12,0.56,96%,91%,1532.48,6.75,4.51,6.90,3.33,5.74,7.39,6.51,NE,6.75,6.77,,,,6.86,5.71,7.01,219,96%,85%,71%,224,99%,225,99%,225,99%,222,98%,220,97%,96%,95%,97%,93%,97%,90%,95%,88%,90%,77%,203,90%,200,90%,198,90%,0.91,0.71,1.11,0.69,0.44,0.94,0.26,-0.01,0.54,218,215,220,211,218,202,211,196,198,169,216,95%,224,99%,225,99%,222,99%,222,100%,220,100%,47.7,14,0,-0.29,-1.03,0.45,-0.29,-1.04,0.46,70.2,191,1,0.82,0.62,1.02,0.80,0.60,1.01,10.6,-0.08,-0.93,0.78,10.7,0.35,-0.43,1.13,14.0,-0.23,-1.09,0.63,12.4,-0.92,-1.77,-0.07,14.1,0.72,0.49,0.95,14.7,1.10,0.89,1.31,21.7,1.03,0.79,1.26,19.7,0.43,0.20,0.66,12.4,0.0,19.6,0.1,-2.6,-0.46,35.5,11,0,0.72,-0.11,1.56,0.72,-0.13,1.57,59.0,61,0,1.02,0.66,1.37,1.02,0.66,1.38,75.1,133,1,0.63,0.39,0.87,0.59,0.35,0.84,66.0,13.1,14.1,20.7,18.2,18.2,0.0,27,0,1.25,0.72,1.78,1.25,0.71,1.79,NE,NE,NE,NE,NE,NE,NE,NE,NE,NE,NE,NE,NE,NE,NE,68.8,13.9,14.5,21.2,19.2,19.2,0.1,205,1,0.75,0.55,0.94,0.73,0.53,0.92,69.0,13.9,14.5,21.3,19.3,19.2,0.1,204,1,0.76,0.56,0.95,0.74,0.54,0.93,,,,,,,,,,,,,,,,69.9,174,0.8,0.59,1.01,58.2,20,-0.08,-0.69,0.54,71.5,154,0.92,0.69,1.14,8,73%,27%,18%,59,97%,70%,41%,130,98%,95%,87%,86%,97%,50%,21%,87%,75%,0.68,1.15,0.82,-0.58,1.02,2.13,0.92,0.50,-0.60,0.78,0.22,0.22,0.29,-0.57,0.32,0.19,-1.35,1.23,0.81,1.59,-0.23,1.51,0.78,1.07,0.57,0.38,-1.58,1.04,0.52,3.38,0.88,1.38,0.47,0.80,0.19,0.55,-1.70,0.60,0.03,1.59,-1.15,0.72,-0.28,0.63,-0.05,,,,99%,79%,72%,96%,85%,71%,NE,NE,NE,96%,85%,72%,93%,73%,60%,,,,,,,100%,73%,50%,99%,80%,75%,94%,,94%,100%,,,96%,89%,79%,97%,6,55%,59,97%,131,98%,96%,NE,90%,96%,64%,92%,4,36%,51,84%,130,98%,91%,NE,83%,92%,,,,,91%,77%,96%,90%,10%,75%,,,,,22,12%,167,88%,9.4,6.6,9.0,9.8,8.3,9.5,,,8.9,9.6,9.4,6.6,9.0,9.7,8.3,9.5,,,8.9,9.6,2143.0,2.0,0%,Well above average
1,919,5403,136289,Watford Grammar School for Girls,,Lady's Close,,,Watford,WD18 0AE,01923223403,E14001021,Watford,0,0,ACC,Church of England,NSE,OTHER NON SEL,GIRLS,0,0,1,11-18,1451,,1451,208,,0%,208,100%,110.8,9,5%,66,34%,117,61%,16,8%,192,92%,94,45%,112,54%,2,1%,204,98%,1,0%,17,8%,16,8%,14060.0,67.6,2976.0,14.3,2762.0,13.3,4205.0,20.2,4117.0,19.8,4083.0,19.6,34.0,0.2,3.0,2.9,192,1,92%,0.70,0.50,0.90,0.70,0.50,0.90,0.89,0.66,1.12,0.56,0.35,0.77,0.75,0.52,0.98,0.61,0.38,0.84,95%,86%,1323.49,6.36,4.23,6.54,2.54,5.42,7.29,6.29,6.36,NE,6.40,,,,6.81,4.57,6.94,162,78%,67%,57%,204,98%,206,99%,206,99%,168,81%,194,93%,97%,93%,95%,88%,95%,88%,93%,88%,86%,74%,190,92%,155,92%,180,93%,0.75,0.54,0.95,0.80,0.52,1.08,0.28,-0.01,0.57,202,194,198,183,195,181,157,148,167,143,162,78%,204,98%,206,99%,206,100%,168,100%,194,100%,47.4,15,1,-0.44,-1.16,0.27,-0.46,-1.19,0.27,69.3,177,0,0.80,0.59,1.01,0.80,0.59,1.01,10.7,-0.23,-1.06,0.60,9.5,-0.25,-1.00,0.50,13.5,-0.51,-1.34,0.32,13.8,-0.70,-1.53,0.12,14.6,0.98,0.74,1.22,13.6,0.63,0.41,0.85,20.8,0.86,0.62,1.10,20.3,0.73,0.49,0.97,12.7,1.1,20.2,0.1,-2.9,-0.61,30.7,9,0,0.01,-0.91,0.94,0.01,-0.93,0.95,58.4,66,1,0.87,0.52,1.21,0.86,0.52,1.21,76.4,117,0,0.66,0.40,0.92,0.66,0.40,0.92,66.5,14.0,13.2,20.0,19.3,19.1,0.2,91,0,0.83,0.54,1.12,0.83,0.54,1.13,67.6,14.3,13.3,20.2,19.8,19.6,0.2,192,1,0.70,0.50,0.90,0.70,0.50,0.90,NE,NE,NE,NE,NE,NE,NE,NE,NE,NE,NE,NE,NE,NE,NE,68.0,14.4,13.4,20.3,19.9,19.8,0.2,188,1,0.72,0.52,0.92,0.72,0.52,0.93,,,,,,,,,,,,,,,,73,171,0.9,0.69,1.11,54.2,9,0.71,-0.21,1.63,74,162,0.91,0.69,1.13,3,33%,0%,0%,50,76%,53%,39%,98,84%,80%,74%,44%,81%,31%,25%,70%,60%,0.09,1.04,0.63,-0.13,0.82,SUPP,1.20,0.61,-0.23,0.86,SUPP,0.11,0.42,-0.64,0.33,0.64,-0.89,1.03,0.60,1.11,-0.92,1.40,0.68,0.89,0.36,1.02,-1.47,1.15,0.56,SUPP,SUPP,1.69,0.71,0.97,0.26,0.59,-1.86,0.63,0.04,SUPP,SUPP,0.61,-0.39,0.78,0.06,,,,75%,65%,59%,NE,NE,NE,78%,67%,57%,78%,68%,58%,80%,65%,54%,,,,,,,50%,20%,20%,76%,67%,62%,94%,,97%,100%,,,97%,88%,69%,97%,5,56%,61,92%,117,100%,NE,95%,96%,96%,56%,89%,0,0%,50,76%,115,98%,NE,86%,82%,87%,,,,,80%,60%,98%,89%,7%,69%,,,,,10,5%,174,95%,9.3,7.0,8.7,9.8,7.7,9.4,,,8.3,9.4,9.2,7.0,8.7,9.8,7.6,9.4,,,8.3,9.4,1931.0,2.0,0%,Well above average
1,919,4021,141004,The Watford UTC,,18 Colonial Way,,,Watford,WD24 4PT,01923905240,E14001021,Watford,0,1,UTC,None,NR,OTHER NON SEL,MIXED,0,0,1,14-19,54,34,20,40,27,68%,13,33%,99.1,16,43%,16,43%,5,14%,12,30%,28,70%,6,15%,33,83%,1,3%,28,70%,1,3%,1,3%,0,0%,1013.8,25.3,265.0,6.6,228.0,5.7,307.0,7.7,213.8,5.3,208.0,5.2,5.8,0.1,2.1,1.5,37,3,93%,-1.37,-1.83,-0.92,-1.48,-1.95,-1.02,-1.14,-1.67,-0.62,-0.98,-1.46,-0.50,-1.19,-1.72,-0.66,-2.34,-2.86,-1.82,30%,13%,83.85,2.10,1.54,2.33,1.25,2.52,SUPP,3.64,2.40,1.95,2.03,,,,2.52,2.37,2.62,0,0%,0%,0%,31,78%,36,90%,34,85%,0,0%,7,18%,43%,30%,38%,15%,38%,29%,NE,NE,29%,14%,31,91%,,NE,6,86%,-0.17,-0.69,0.35,NE,NE,NE,-2.36,-3.94,-0.77,17,12,15,6,13,10,NE,NE,2,1,0,0%,31,78%,33,83%,31,91%,NE,NE,6,86%,17.7,12,2,-1.99,-2.79,-1.19,-2.15,-2.97,-1.34,28.6,25,1,-1.08,-1.63,-0.53,-1.16,-1.73,-0.60,4.9,-1.80,-2.73,-0.88,4.5,-1.48,-2.33,-0.64,5.0,-2.05,-2.97,-1.12,3.3,-2.93,-3.85,-2.01,7.4,-0.83,-1.47,-0.19,6.2,-0.74,-1.32,-0.16,8.8,-0.78,-1.42,-0.14,6.2,-2.06,-2.69,-1.42,3.3,0.0,6.0,0.2,-32.6,-2.16,14.6,16,0,-0.86,-1.56,-0.17,-0.86,-1.57,-0.16,30.7,16,2,-1.61,-2.30,-0.92,-1.73,-2.44,-1.03,SUPP,SUPP,SUPP,SUPP,SUPP,SUPP,SUPP,SUPP,SUPP,47.2,11.7,9.7,14.3,11.5,10.8,0.7,SUPP,SUPP,SUPP,SUPP,SUPP,SUPP,SUPP,SUPP,27.5,8.2,5.5,7.6,6.2,6.2,0.0,12,2,-2.00,-2.80,-1.20,-2.26,-3.07,-1.44,24.3,5.9,5.8,7.7,5.0,4.7,0.2,25,1,-1.08,-1.63,-0.52,-1.11,-1.68,-0.55,24.7,6.3,5.5,7.6,5.3,5.3,0.1,27,2,-1.50,-2.03,-0.96,-1.61,-2.15,-1.07,,,,,,,,,,,,,,,,29.9,31,-1.78,-2.28,-1.29,27.4,11,-2.04,-2.87,-1.21,31.4,20,-1.64,-2.26,-1.03,0,0%,0%,0%,0,0%,0%,0%,SUPP,SUPP,SUPP,SUPP,0%,0%,0%,0%,0%,0%,-0.17,-0.04,SUPP,-0.88,0.12,NE,NE,SUPP,NE,NE,SUPP,SUPP,SUPP,SUPP,SUPP,0.08,-1.84,0.74,-0.49,0.60,-0.94,0.76,-0.83,SUPP,SUPP,NE,NE,NE,NE,NE,NE,NE,NE,SUPP,SUPP,SUPP,SUPP,SUPP,SUPP,SUPP,SUPP,SUPP,SUPP,SUPP,SUPP,,,,0%,0%,0%,0%,0%,0%,0%,0%,0%,0%,0%,0%,0%,0%,0%,,,,,,,0%,0%,0%,0%,0%,0%,20%,,24%,93%,,,49%,24%,17%,36%,2,13%,7,44%,SUPP,SUPP,26%,38%,67%,32%,8%,14%,0,0%,3,19%,SUPP,SUPP,11%,15%,33%,14%,,,,,43%,14%,52%,30%,0%,5%,,,,,14,38%,23,62%,4.8,4.8,4.7,SUPP,4.0,5.2,,,5.3,5.1,4.8,4.8,4.7,SUPP,4.0,5.1,,,5.3,5,193.0,0.0,0%,SUPP
2,919,7026,117683,Watling View School,,Watling View,,,St Albans,AL1 2NU,01727850560,E14000960,St Albans,0,0,CYS,Does not apply,NA,NA,MIXED,0,1,0,2-19,98,67,31,1,SUPP,SUPP,SUPP,SUPP,SUPP,SUPP,SUPP,SUPP,SUPP,SUPP,SUPP,SUPP,SUPP,SUPP,SUPP,SUPP,SUPP,SUPP,SUPP,SUPP,SUPP,SUPP,SUPP,,,,,,,SUPP,SUPP,SUPP,SUPP,SUPP,SUPP,SUPP,SUPP,SUPP,SUPP,SUPP,SUPP,SUPP,SUPP,SUPP,SUPP,SUPP,SUPP,SUPP,SUPP,SUPP,SUPP,SUPP,SUPP,SUPP,SUPP,SUPP,SUPP,SUPP,SUPP,SUPP,SUPP,SUPP,SUPP,SUPP,SUPP,SUPP,SUPP,SUPP,SUPP,SUPP,SUPP,SUPP,SUPP,SUPP,SUPP,SUPP,SUPP,SUPP,SUPP,,,,SUPP,SUPP,SUPP,SUPP,SUPP,SUPP,SUPP,SUPP,SUPP,SUPP,SUPP,SUPP,SUPP,SUPP,SUPP,SUPP,SUPP,SUPP,SUPP,SUPP,SUPP,SUPP,SUPP,SUPP,SUPP,SUPP,SUPP,SUPP,SUPP,SUPP,SUPP,SUPP,SUPP,SUPP,SUPP,SUPP,SUPP,SUPP,SUPP,SUPP,SUPP,SUPP,SUPP,SUPP,SUPP,SUPP,SUPP,SUPP,SUPP,SUPP,SUPP,SUPP,SUPP,SUPP,SUPP,SUPP,SUPP,SUPP,SUPP,SUPP,SUPP,SUPP,SUPP,SUPP,SUPP,SUPP,SUPP,SUPP,SUPP,SUPP,SUPP,SUPP,SUPP,SUPP,SUPP,SUPP,SUPP,SUPP,SUPP,SUPP,SUPP,SUPP,SUPP,SUPP,SUPP,SUPP,SUPP,SUPP,SUPP,SUPP,SUPP,SUPP,SUPP,SUPP,SUPP,SUPP,SUPP,SUPP,SUPP,SUPP,SUPP,SUPP,SUPP,SUPP,SUPP,SUPP,SUPP,SUPP,SUPP,SUPP,SUPP,SUPP,SUPP,SUPP,SUPP,SUPP,SUPP,SUPP,SUPP,SUPP,SUPP,SUPP,SUPP,SUPP,SUPP,SUPP,SUPP,SUPP,SUPP,SUPP,SUPP,SUPP,SUPP,SUPP,SUPP,SUPP,SUPP,SUPP,SUPP,SUPP,SUPP,SUPP,SUPP,SUPP,SUPP,SUPP,SUPP,SUPP,SUPP,SUPP,SUPP,SUPP,SUPP,SUPP,SUPP,SUPP,SUPP,SUPP,SUPP,SUPP,SUPP,SUPP,SUPP,SUPP,SUPP,SUPP,SUPP,SUPP,SUPP,SUPP,SUPP,SUPP,SUPP,SUPP,SUPP,SUPP,SUPP,SUPP,SUPP,SUPP,SUPP,SUPP,SUPP,SUPP,SUPP,SUPP,SUPP,SUPP,SUPP,SUPP,SUPP,SUPP,SUPP,SUPP,SUPP,SUPP,SUPP,SUPP,SUPP,SUPP,SUPP,SUPP,SUPP,SUPP,SUPP,SUPP,SUPP,,,,,,,,,,,,,,,,SUPP,SUPP,SUPP,SUPP,SUPP,SUPP,SUPP,SUPP,SUPP,SUPP,SUPP,SUPP,SUPP,SUPP,SUPP,SUPP,SUPP,SUPP,SUPP,SUPP,SUPP,SUPP,SUPP,SUPP,SUPP,SUPP,SUPP,SUPP,SUPP,SUPP,SUPP,SUPP,SUPP,SUPP,SUPP,SUPP,SUPP,SUPP,SUPP,SUPP,SUPP,SUPP,SUPP,SUPP,SUPP,SUPP,SUPP,SUPP,SUPP,SUPP,SUPP,SUPP,SUPP,SUPP,SUPP,SUPP,SUPP,SUPP,SUPP,SUPP,SUPP,SUPP,SUPP,SUPP,SUPP,SUPP,SUPP,SUPP,SUPP,SUPP,SUPP,SUPP,SUPP,SUPP,SUPP,SUPP,SUPP,SUPP,,,,SUPP,SUPP,SUPP,SUPP,SUPP,SUPP,SUPP,SUPP,SUPP,SUPP,SUPP,SUPP,SUPP,SUPP,SUPP,,,,,,,SUPP,SUPP,SUPP,SUPP,SUPP,SUPP,SUPP,,SUPP,SUPP,,,SUPP,SUPP,SUPP,SUPP,SUPP,SUPP,SUPP,SUPP,SUPP,SUPP,SUPP,SUPP,SUPP,SUPP,SUPP,SUPP,SUPP,SUPP,SUPP,SUPP,SUPP,SUPP,SUPP,SUPP,SUPP,SUPP,,,,,SUPP,SUPP,SUPP,SUPP,SUPP,SUPP,,,,,SUPP,SUPP,SUPP,SUPP,SUPP,SUPP,SUPP,SUPP,SUPP,SUPP,,,SUPP,SUPP,SUPP,SUPP,SUPP,SUPP,SUPP,SUPP,,,SUPP,SUPP,SUPP,SUPP,SUPP
1,919,4111,140049,Westfield Academy,,Tolpits Lane,,,Watford,WD18 6NS,01923231560,E14001021,Watford,0,0,ACC,Does not apply,NSE,OTHER NON SEL,MIXED,0,0,1,11-18,1319,685,634,160,81,51%,79,49%,101.5,49,35%,73,53%,17,12%,39,24%,121,76%,74,46%,85,53%,1,1%,155,97%,4,3%,26,16%,22,14%,7248.0,45.3,1514.0,9.5,1316.0,8.2,2159.0,13.5,2259.0,14.1,1363.0,8.5,896.0,5.6,2.9,2.9,139,1,87%,0.34,0.11,0.58,0.33,0.09,0.57,0.12,-0.15,0.39,0.12,-0.12,0.37,0.52,0.24,0.79,0.42,0.15,0.69,64%,32%,657.84,4.11,3.58,4.28,2.98,4.48,5.29,4.49,4.49,3.75,4.07,,,,4.22,3.52,4.5,131,82%,29%,13%,156,98%,157,98%,155,97%,149,93%,134,84%,79%,59%,67%,37%,61%,41%,49%,32%,55%,43%,134,86%,129,87%,115,86%,0.35,0.10,0.60,-0.07,-0.38,0.24,-0.01,-0.37,0.35,127,95,107,59,95,64,73,48,74,57,127,79%,154,96%,154,96%,153,99%,144,97%,132,99%,40.1,36,1,0.00,-0.46,0.46,-0.05,-0.52,0.42,47.0,103,0,0.46,0.19,0.74,0.46,0.19,0.74,8.6,-0.12,-0.65,0.41,7.7,-0.03,-0.51,0.46,11.5,-0.05,-0.58,0.49,12.3,-0.03,-0.56,0.50,9.7,0.20,-0.11,0.52,8.4,0.18,-0.11,0.46,14.1,0.71,0.40,1.03,14.7,0.58,0.27,0.89,7.0,5.4,9.0,5.7,-10.2,-0.17,34.1,49,0,0.60,0.20,0.99,0.60,0.19,1.00,49.2,73,0,0.39,0.07,0.72,0.39,0.06,0.72,56.8,17,1,-0.59,-1.26,0.09,-0.69,-1.38,-0.01,48.6,10.0,8.7,15.0,14.8,8.9,5.8,55,0,0.82,0.44,1.19,0.82,0.43,1.20,49.1,10.6,8.6,14.5,15.5,9.6,5.9,63,0,0.53,0.18,0.88,0.53,0.17,0.89,41.6,8.4,7.9,12.5,12.8,7.4,5.3,76,1,0.19,-0.13,0.51,0.17,-0.16,0.49,44.8,9.4,8.1,13.3,14.0,8.5,5.6,136,1,0.32,0.08,0.56,0.31,0.07,0.55,,,,,,,,,,,,,,,,45.3,140,0.29,0.06,0.53,37.9,43,-0.19,-0.61,0.23,48.2,97,0.51,0.23,0.79,35,71%,6%,0%,63,86%,36%,15%,15,88%,53%,35%,69%,86%,18%,10%,32%,14%,0.34,0.49,-0.25,0.11,0.43,0.30,-0.06,-1.16,-0.32,0.01,0.24,0.06,-0.87,-0.66,0.17,0.60,-0.38,0.72,0.14,0.76,-0.08,0.83,0.15,0.47,-0.97,0.31,-0.95,0.37,-0.35,0.82,-0.23,0.37,-0.48,-0.28,-2.04,0.12,-1.43,0.58,-0.24,0.89,-0.42,0.54,-0.43,0.13,-1.87,,,,89%,34%,19%,80%,17%,5%,84%,41%,22%,83%,28%,13%,92%,32%,14%,,,,,,,76%,28%,11%,94%,37%,22%,62%,,57%,99%,,,58%,33%,62%,64%,17,35%,58,79%,15,88%,59%,68%,62%,63%,31%,32%,5,10%,31,42%,10,59%,27%,37%,30%,31%,,,,,46%,15%,63%,40%,11%,11%,,,,,46,29%,115,71%,9.8,9.4,9.8,9.8,9.4,9.9,,,8.8,10.1,8.6,8.2,8.6,8.8,8.4,8.6,,,7.7,8.9,1584.0,0.0,0%,Above average
2,919,6053,140655,White Trees Independent School,,13a London Road,Bishops Stortford,Hertfordshire,,CM23 5NA,01279658518,E14000744,Hertford and Stortford,0,0,INDSS,None,,NA,MIXED,0,0,0,11-18,33,22,11,7,5,71%,2,29%,NP,NP,NP,NP,NP,NP,NP,NP,NP,NP,NP,NP,NP,NP,NP,NP,NP,NP,NP,,,,,,,13.0,1.9,4.0,0.6,6.0,0.9,3.0,0.4,0.0,0.0,0.0,0.0,0.0,0.0,0.1,0.0,NP,NP,NP,NP,NP,NP,NP,NP,NP,NP,NP,NP,NP,NP,NP,NP,NP,NP,NP,NP,NP,0%,0%,0.50,0.07,NP,NP,NP,NP,NP,NP,SUPP,SUPP,NP,,,,0.03,NP,NP,0,0%,0%,0%,0,0%,1,14%,0,0%,0,0%,0,0%,0%,0%,0%,0%,NE,NE,NE,NE,NE,NE,NP,NP,NP,NP,NP,NP,NP,NP,NP,NP,NP,NP,NP,NP,NP,0,0,0,0,NE,NE,NE,NE,NE,NE,0,0%,0,0%,1,14%,NE,NE,NE,NE,NE,NE,NP,NP,NP,NP,NP,NP,NP,NP,NP,NP,NP,NP,NP,NP,NP,NP,NP,NP,NP,NP,NP,NP,NP,NP,NP,NP,NP,NP,NP,NP,NP,NP,NP,NP,NP,NP,NP,NP,NP,NP,NP,NP,NP,NP,NP,NP,NP,NP,NP,NP,NP,NP,NP,NP,NP,NP,NP,NP,NP,NP,NP,NP,NP,NP,NP,NP,NP,NP,NP,NP,NP,NP,NP,NP,NP,NP,NP,NP,NP,NP,NP,NP,NP,NP,NP,NP,NP,NP,NP,NP,NP,NP,NP,NP,NP,NP,NP,NP,SUPP,SUPP,SUPP,SUPP,SUPP,SUPP,SUPP,NP,NP,NP,NP,NP,NP,NP,NP,SUPP,SUPP,SUPP,SUPP,SUPP,SUPP,SUPP,NP,NP,NP,NP,NP,NP,NP,NP,NP,NP,NP,NP,NP,NP,NP,NP,NP,NP,NP,NP,NP,NP,NP,,,,,,,,,,,,,,,,0.8,NP,NP,NP,NP,NP,NP,NP,NP,NP,NP,NP,NP,NP,NP,NP,NP,NP,NP,NP,NP,NP,NP,NP,NP,NP,NP,NP,NP,NP,NP,NP,NP,NP,NP,NP,NP,NP,NP,NP,NP,NP,NP,NP,NP,NP,NP,NP,NP,NP,NP,NP,NP,NP,NP,NP,NP,NP,NP,NP,NP,NP,NP,NP,NP,NP,NP,NP,NP,NP,NP,NP,NP,NP,NP,NP,NP,NP,,,,0%,0%,0%,SUPP,SUPP,SUPP,SUPP,SUPP,SUPP,NP,NP,NP,NP,NP,NP,,,,,,,NP,NP,NP,NP,NP,NP,0%,,0%,14%,,,0%,0%,NP,NP,NP,NP,NP,NP,NP,NP,SUPP,SUPP,NP,NP,NP,NP,NP,NP,NP,NP,NP,NP,SUPP,SUPP,NP,NP,,,,,NP,NP,NP,NP,0%,0%,,,,,NP,NP,NP,NP,0.4,NP,NP,NP,NP,NP,,,NP,NP,0.4,NP,NP,NP,NP,NP,,,NP,NP,3.0,0.0,0%
2,919,7025,117682,Woodfield School,,Malmes Croft,Leverstock Green,,Hemel Hempstead,HP3 8RL,01442253476,E14000739,Hemel Hempstead,0,0,CYS,Does not apply,NA,NA,MIXED,0,1,0,3-19,124,82,42,4,SUPP,SUPP,SUPP,SUPP,SUPP,SUPP,SUPP,SUPP,SUPP,SUPP,SUPP,SUPP,SUPP,SUPP,SUPP,SUPP,SUPP,SUPP,SUPP,SUPP,SUPP,SUPP,SUPP,,,,,,,SUPP,SUPP,SUPP,SUPP,SUPP,SUPP,SUPP,SUPP,SUPP,SUPP,SUPP,SUPP,SUPP,SUPP,SUPP,SUPP,SUPP,SUPP,SUPP,SUPP,SUPP,SUPP,SUPP,SUPP,SUPP,SUPP,SUPP,SUPP,SUPP,SUPP,SUPP,SUPP,SUPP,SUPP,SUPP,SUPP,SUPP,SUPP,SUPP,SUPP,SUPP,SUPP,SUPP,SUPP,SUPP,SUPP,SUPP,SUPP,SUPP,SUPP,,,,NE,SUPP,SUPP,SUPP,SUPP,SUPP,SUPP,SUPP,SUPP,SUPP,SUPP,SUPP,SUPP,SUPP,SUPP,SUPP,SUPP,SUPP,SUPP,SUPP,SUPP,SUPP,SUPP,SUPP,SUPP,SUPP,SUPP,SUPP,SUPP,SUPP,SUPP,SUPP,SUPP,SUPP,SUPP,SUPP,SUPP,SUPP,SUPP,SUPP,SUPP,SUPP,SUPP,SUPP,SUPP,SUPP,SUPP,SUPP,SUPP,SUPP,SUPP,SUPP,SUPP,SUPP,SUPP,SUPP,SUPP,SUPP,SUPP,SUPP,SUPP,SUPP,SUPP,SUPP,SUPP,SUPP,SUPP,SUPP,SUPP,SUPP,SUPP,SUPP,SUPP,SUPP,SUPP,SUPP,SUPP,SUPP,SUPP,SUPP,SUPP,SUPP,SUPP,SUPP,SUPP,SUPP,SUPP,SUPP,SUPP,SUPP,SUPP,SUPP,SUPP,SUPP,SUPP,SUPP,SUPP,SUPP,SUPP,SUPP,SUPP,SUPP,SUPP,SUPP,SUPP,SUPP,SUPP,SUPP,SUPP,SUPP,SUPP,SUPP,SUPP,SUPP,SUPP,SUPP,SUPP,SUPP,SUPP,SUPP,SUPP,SUPP,SUPP,SUPP,SUPP,SUPP,SUPP,SUPP,SUPP,SUPP,SUPP,SUPP,SUPP,SUPP,SUPP,SUPP,SUPP,SUPP,SUPP,SUPP,SUPP,SUPP,SUPP,SUPP,SUPP,SUPP,SUPP,SUPP,SUPP,SUPP,SUPP,SUPP,SUPP,SUPP,SUPP,SUPP,SUPP,SUPP,SUPP,SUPP,SUPP,SUPP,SUPP,SUPP,SUPP,SUPP,SUPP,SUPP,SUPP,SUPP,SUPP,SUPP,SUPP,SUPP,SUPP,SUPP,SUPP,SUPP,SUPP,SUPP,SUPP,SUPP,SUPP,SUPP,SUPP,SUPP,SUPP,SUPP,SUPP,SUPP,SUPP,SUPP,SUPP,SUPP,SUPP,SUPP,SUPP,SUPP,SUPP,SUPP,SUPP,SUPP,SUPP,SUPP,SUPP,SUPP,SUPP,,,,,,,,,,,,,,,,NE,NE,NE,NE,NE,SUPP,SUPP,SUPP,SUPP,SUPP,SUPP,SUPP,SUPP,SUPP,SUPP,SUPP,SUPP,SUPP,SUPP,SUPP,SUPP,SUPP,SUPP,SUPP,SUPP,SUPP,SUPP,SUPP,SUPP,SUPP,SUPP,SUPP,SUPP,SUPP,SUPP,SUPP,SUPP,SUPP,SUPP,SUPP,SUPP,SUPP,SUPP,SUPP,SUPP,SUPP,SUPP,SUPP,SUPP,SUPP,SUPP,SUPP,SUPP,SUPP,SUPP,SUPP,SUPP,SUPP,SUPP,SUPP,SUPP,SUPP,SUPP,SUPP,SUPP,SUPP,SUPP,SUPP,SUPP,SUPP,SUPP,SUPP,SUPP,SUPP,SUPP,SUPP,SUPP,SUPP,,,,NE,NE,NE,SUPP,SUPP,SUPP,SUPP,SUPP,SUPP,SUPP,SUPP,SUPP,SUPP,SUPP,SUPP,,,,,,,SUPP,SUPP,SUPP,SUPP,SUPP,SUPP,SUPP,,NE,SUPP,,,NE,NE,SUPP,SUPP,SUPP,SUPP,SUPP,SUPP,SUPP,SUPP,SUPP,SUPP,SUPP,SUPP,SUPP,SUPP,SUPP,SUPP,SUPP,SUPP,SUPP,SUPP,SUPP,SUPP,SUPP,SUPP,,,,,SUPP,SUPP,SUPP,SUPP,SUPP,SUPP,,,,,2,25%,6,75%,SUPP,SUPP,SUPP,SUPP,SUPP,SUPP,,,SUPP,SUPP,SUPP,SUPP,SUPP,SUPP,SUPP,SUPP,,,SUPP,SUPP,SUPP,SUPP,SUPP
1,919,4802,136922,Yavneh College,,Hillside Avenue,,,Borehamwood,WD6 1HL,02087365580,E14000745,Hertsmere,0,0,ACC,Jewish,NSE,OTHER NON SEL,MIXED,0,0,1,11-18,1071,583,488,152,80,53%,72,47%,105.8,18,13%,79,57%,42,30%,9,6%,143,94%,3,2%,148,97%,1,1%,150,99%,5,3%,21,14%,16,11%,8817.0,58.0,1902.0,12.5,1680.0,11.1,2624.5,17.3,2610.5,17.2,2026.5,13.3,584.0,3.8,2.9,2.9,139,0,91%,0.85,0.61,1.08,0.85,0.61,1.09,0.99,0.72,1.26,0.66,0.41,0.91,0.97,0.70,1.24,0.75,0.48,1.02,88%,66%,759.18,4.99,4.72,5.01,2.78,4.73,6.58,SUPP,5.10,4.90,4.99,,,,5.56,3.77,5.69,33,22%,20%,17%,148,97%,150,99%,149,98%,128,84%,42,28%,95%,88%,89%,69%,87%,66%,84%,73%,100%,88%,137,92%,120,94%,40,95%,0.89,0.64,1.13,0.95,0.63,1.27,1.36,0.75,1.98,145,133,136,105,129,99,107,93,42,37,33,22%,148,97%,150,99%,149,100%,128,100%,42,100%,52.3,9,0,0.50,-0.42,1.43,0.50,-0.44,1.44,58.4,130,0,0.87,0.63,1.11,0.87,0.62,1.12,10.9,0.38,-0.69,1.45,9.8,0.25,-0.73,1.22,16.7,1.02,-0.05,2.09,14.9,0.23,-0.83,1.29,12.6,1.03,0.75,1.31,11.1,0.69,0.43,0.94,17.3,0.97,0.69,1.25,17.3,0.79,0.51,1.06,10.8,4.2,13.5,3.8,2.0,0.33,35.1,18,0,0.63,-0.02,1.29,0.63,-0.03,1.30,56.3,79,0,1.02,0.71,1.34,1.02,0.71,1.34,72.1,42,0,0.60,0.17,1.03,0.60,0.17,1.04,SUPP,SUPP,SUPP,SUPP,SUPP,SUPP,SUPP,SUPP,SUPP,SUPP,SUPP,SUPP,SUPP,SUPP,SUPP,60.0,13.2,10.9,17.6,18.3,14.2,4.1,66,0,1.07,0.73,1.41,1.07,0.72,1.41,56.2,11.9,11.2,17.0,16.2,12.6,3.6,73,0,0.65,0.32,0.97,0.65,0.32,0.98,58.0,12.5,11.1,17.3,17.2,13.3,3.8,137,0,0.84,0.60,1.08,0.84,0.60,1.08,,,,,,,,,,,,,,,,62,132,0.93,0.69,1.17,43.2,10,0.62,-0.26,1.49,63.4,122,0.96,0.71,1.21,3,17%,6%,0%,12,15%,14%,11%,17,40%,40%,38%,33%,21%,33%,22%,19%,17%,0.31,1.05,0.79,0.89,0.88,1.00,1.00,0.85,0.62,0.98,SUPP,2.03,0.79,SUPP,1.29,1.85,-0.07,1.14,0.63,1.02,-0.41,1.37,0.73,1.24,0.35,1.86,-0.63,1.31,0.64,1.94,0.06,1.43,0.58,1.42,0.27,SUPP,SUPP,1.93,0.65,SUPP,SUPP,3.00,1.06,1.64,-0.06,,,,37%,34%,27%,23%,20%,19%,21%,19%,15%,22%,20%,17%,SUPP,SUPP,SUPP,,,,,,,30%,20%,10%,38%,35%,29%,84%,,87%,99%,,,90%,79%,89%,88%,5,28%,76,96%,42,100%,90%,86%,SUPP,88%,33%,68%,1,6%,50,63%,42,100%,68%,64%,SUPP,66%,,,,,80%,30%,91%,83%,0%,36%,,,,,10,7%,133,93%,7.6,6.3,7.4,8.5,7.2,7.6,,,6.3,7.6,6.9,5.6,6.7,8.0,6.6,6.9,,,5.8,7.1,1154.0,0.0,0%,Well above average
4,919,,,,,,,,,,,,,,0,,,,,,,,,,95115,48120,46992,14397,7368,51%,7029,49%,105.1,2611,19%,7073,52%,3895,29%,2272,16%,12125,84%,1841,13%,12514,87%,42,0%,13984,97%,524,4%,2454,17%,1930,13%,734747.5,51.0,155176.0,10.8,144776.8,10.1,216579.0,15.0,218215.8,15.2,195929.0,13.6,22286.8,1.5,2.8,2.8,13579,98,94%,0.19,0.17,0.22,0.19,0.16,0.21,0.18,0.16,0.21,0.18,0.15,0.20,0.25,0.22,0.28,0.13,0.10,0.16,74%,55%,65690.88,4.56,2.99,4.86,2.23,4.37,6.43,5.03,4.75,4.38,4.60,4.88,3.37,5.17,4.75,3.09,5.07,6715,47%,33%,24%,13738,95%,14023,97%,13775,96%,12068,84%,7459,52%,82%,69%,78%,59%,74%,57%,72%,60%,77%,63%,12992,,11456,,6963,,,,,,,,,,,11789,9964,11202,8557,10181,7865,8633,7187,5760,4669,6511,45%,13683,95%,13903,97%,13587,99%,11837,98%,7338,98%,35.1,2168,49,-0.52,-0.58,-0.46,-0.54,-0.60,-0.48,54.0,11411,49,0.33,0.30,0.35,0.33,0.30,0.35,7.9,-0.46,-0.53,-0.39,6.9,-0.45,-0.52,-0.39,9.8,-0.56,-0.63,-0.49,10.5,-0.63,-0.70,-0.57,11.3,0.31,0.28,0.34,10.6,0.30,0.27,0.32,16.0,0.40,0.37,0.43,16.0,0.28,0.25,0.31,8.6,1.9,14.6,1.5,-15.2,-0.69,27.7,2611,0,-0.01,-0.06,0.05,-0.01,-0.06,0.05,49.5,7073,60,0.24,0.21,0.27,0.23,0.20,0.27,69.0,3895,38,0.24,0.20,0.29,0.23,0.18,0.27,54.5,11.1,10.9,16.7,15.8,14.2,1.5,1534,4,0.65,0.58,0.73,0.65,0.58,0.73,53.4,11.6,10.0,15.5,16.3,14.8,1.6,6627,48,0.35,0.31,0.38,0.34,0.31,0.37,48.8,10.0,10.1,14.6,14.0,12.5,1.5,6952,50,0.05,0.01,0.08,0.04,0.01,0.07,51.4,10.9,10.1,15.1,15.3,13.7,1.6,13330,92,0.21,0.19,0.24,0.21,0.18,0.23,54.8,12748,0.08,0.06,0.11,39.8,2100,-0.59,-0.65,-0.54,57.7,10648,0.22,0.19,0.24,53.3,13118,0.17,0.14,0.19,36.7,2187,-0.66,-0.72,-0.6,56.5,10931,0.33,0.3,0.36,410,16%,3%,1%,3258,46%,28%,16%,2640,68%,61%,52%,27%,50%,13%,8%,36%,27%,0.13,0.26,0.30,-0.30,0.34,0.18,0.33,0.24,-0.44,0.39,0.20,0.27,0.27,-0.17,0.31,,,,,,,,,,,,,,,,,,,,,,,,,,,,,,,47%,38%,29%,47%,35%,28%,44%,29%,21%,50%,36%,27%,47%,33%,24%,61%,42%,31%,28%,17%,10%,51%,42%,33%,26%,13%,8%,51%,39%,32%,70%,76%,73%,98%,78%,60%,76%,57%,45%,80%,640,25%,5637,80%,3823,98%,72%,76%,77%,75%,25%,60%,160,6%,3682,52%,3571,92%,53%,57%,58%,55%,53%,31%,84%,66%,47%,27%,81%,63%,5%,32%,2205,16%,11282,84%,2275,16%,11580,84%,8.3,6.9,8.3,9.2,7.2,8.5,7.5,8.6,7.2,8.5,7.9,6.2,7.9,9.0,6.6,8.1,6.8,8.1,6.5,8.1,119844.0,280.0,0%,Above average
5,,,,,,,,,,,,,,,0,,,,,,,,,,4129401,2106518,2022840,673092,346303,51%,326789,49%,,,,,,,,,,,,,,,,,,,,,,,,,,30005912.7,44.6,6295017.0,9.4,5750898.9,8.5,8838484.9,13.1,9121511.9,13.6,7482079.2,11.1,1639432.7,2.4,2.6,2.6,,,,,,,,,,,,,,,,,,,,,,61%,42%,2609037.89,3.88,,,,,,,4.09,,4.07,4.24,,,4.08,,,242821,36%,22%,16%,592618,88%,608965,90%,602146,89%,519618,77%,296412,44%,70%,57%,66%,48%,66%,49%,64%,52%,72%,58%,539858,,470002,,251810,,,,,,,,,,,472308,384887,441997,321259,399917,292550,331796,267707,213321,171162,232980,35%,588253,87%,597794,89%,589864,98%,505534,97%,288697,97%,,,,,,,,,,,,,,,,,,,,,,,,,,,,,,,,,,,,,,,,,,,,,,,,,,,,,,,,,,,,,,,,,,,,,,,,,,,,,,,,,,,,,,,,,,,,,,,,,,,47.2,10.2,8.6,13.7,14.8,12.3,2.5,,,,,,,,,42.1,8.6,8.5,12.7,12.4,10.1,2.4,,,,,,,,,,,,,,,,,,,,,,,,48.9,,,,,,,,,,,,,,,46.9,,,,,,,,,,,,,,,,,,,,,,,,,,,,,,,,,,,,,,,,,,,,,,,,,,,,,,,,,,,,,,,,,,,,,,,,,,,,,,36%,27%,20%,36%,25%,19%,32%,18%,13%,41%,26%,19%,,,,,,,,,,,,,,,,,,,56%,64%,60%,96%,67%,48%,64%,46%,,,,,,,,,58%,63%,,,,,,,,,,,40%,45%,,,,,,,,,,,4%,25%,,,,66%,,,,,7.6,,,,,,,,,,7.0
7,,,,,,,,,,,,,,,0,,,,,,,,,,3688033,1884150,1803841,606915,310611,51%,296304,49%,104.0,129874,23%,305128,54%,133528,23%,159363,26%,447552,74%,108298,18%,494557,81%,2890,0%,580465,96%,26997,4%,100126,16%,73129,12%,28087878.8,46.3,5978508.0,9.9,5528286.8,9.1,8136672.3,13.4,8444411.7,13.9,6831592.0,11.3,1612819.8,2.7,2.7,2.8,568530,5613,94%,-0.03,,,-0.03,,,-0.04,,,-0.02,,,-0.03,,,-0.04,,,65%,45%,2460736.86,4.05,2.97,4.44,2.07,4.05,6.09,4.40,4.25,3.87,4.11,4.45,3.4,4.82,4.27,3.19,4.66,238323,39%,24%,17%,571770,94%,585819,97%,574740,95%,496011,82%,271052,45%,75%,61%,70%,51%,66%,47%,63%,50%,70%,55%,539858,,470002,,251810,,,,,,,,,,,453159,367210,425835,308333,376491,272545,310740,248434,190353,150353,228707,38%,567501,94%,575671,95%,563054,98%,482097,97%,263993,97%,35.0,148768,2960,-0.57,-0.58,-0.56,-0.58,-0.59,-0.58,50.3,419762,2653,0.17,0.16,0.17,0.16,0.16,0.16,7.7,-0.56,-0.57,-0.55,6.9,-0.51,-0.52,-0.50,9.8,-0.61,-0.62,-0.60,10.6,-0.62,-0.63,-0.61,10.6,0.14,0.14,0.15,9.9,0.15,0.15,0.15,14.7,0.17,0.17,0.18,15.1,0.17,0.16,0.17,7.9,2.7,12.5,2.6,,,25.9,129874,0,-0.13,-0.14,-0.12,-0.13,-0.14,-0.12,46.8,305128,3519,-0.01,-0.01,0.00,-0.01,-0.02,-0.01,66.3,133528,2094,0.02,0.02,0.03,0.01,0.00,0.01,48.5,10.1,9.6,14.6,14.2,12.0,2.2,87128,267,0.51,0.51,0.52,0.51,0.50,0.52,48.6,10.6,9.1,13.9,15.1,12.3,2.7,278365,2794,0.12,0.12,0.13,0.11,0.11,0.12,44.0,9.1,9.1,13.0,12.8,10.2,2.6,290165,2819,-0.17,-0.17,-0.16,-0.17,-0.18,-0.17,46.9,10.0,9.2,13.6,14.2,11.5,2.7,553216,4945,0.01,0.00,0.01,0.00,-0.01,0.00,50.9,542023,-0.03,,,40.3,143689,-0.52,-0.53,-0.51,54.7,398334,0.14,0.14,0.15,48.8,553527,-0.03,,,37.6,146046,-0.55,-0.55,-0.54,52.8,407481,0.15,0.15,0.16,19970,15%,2%,1%,121326,40%,21%,12%,82689,62%,53%,44%,28%,43%,12%,7%,29%,20%,0.00,0.00,0.01,-0.43,0.14,0.00,0.00,0.01,-0.56,0.17,0.00,-0.01,0.01,-0.37,0.08,,,,,,,,,,,,,,,,,,,,,,,,,,,,,,,39%,30%,22%,39%,27%,20%,35%,20%,14%,44%,28%,20%,40%,25%,17%,51%,31%,22%,27%,16%,10%,43%,34%,26%,27%,14%,9%,43%,31%,24%,61%,70%,65%,97%,72%,52%,69%,50%,43%,73%,26200,20%,221230,73%,127512,95%,63%,68%,67%,66%,25%,52%,7519,6%,136563,45%,116341,87%,43%,47%,49%,46%,53%,32%,79%,59%,48%,30%,76%,57%,3%,26%,151987,26%,423876,74%,154849,26%,432811,74%,8.0,6.7,8.1,9.0,7.1,8.3,7.4,8.4,7.2,8.3,7.3,5.8,7.4,8.6,6.4,7.6,6.6,7.7,6.4,7.6,4873551.0,5554.0,0%