RECTYPE,ALPHAIND,REGION,LASORT,LEA,ESTAB,URN,PCON_CODE,PCON_NAME,SCHNAME_AC,SCHNAME,ADDRESS1,ADDRESS2,ADDRESS3,TOWN,PCODE,TELNUM,CONTFLAG,NFTYPE/FESITYPE,RELDENOM,ADMPOL,ADMPOL_PT,GEND1618,FEEDER,AGERANGE,ICLOSE,TABKS2,TAB15,CONFEXAM,DUMMY,TPUP1618,TALLPUP_1618,TALLPUP_ALEV_1618,TALLPPE_ALEV_1618,TALLPPEGRD_ALEV_1618,TINCLUDE_B3,TB3PTSE,TB3PTSE_GRD,TINCLUDE_AAB_2FAC,PTAAB_2FAC,TALLPUP_ACAD_1618,TALLPPE_ACAD_1618,TALLPPEGRD_ACAD_1618,TALLPUP_AGEN,TALLPPE_AGEN,TALLPPEGRD_AGEN,TALLPUP_TLEV,TALLPPE_TLEV,TALLPPEGRD_TLEV,TALLPUP_TLEVDENOM,TLEV_PER,TALLPUP_AGENDENOM,AGEN_PER,T_SCOPEEX_E,PROGEX_E,ENTRY_PER_E,T_SCOPEEX_M,PROGEX_M,ENTRY_PER_M,TALLPUP_SCOPE_L3M,L3M_PER,T_InScope_ALEV_Ret,PT_Retained_ALEV_Ret,PT_Ret_Assessed_ALEV,T_InScope_ALEV_2ndYr,PT_Retained_ALEV_2ndYr,T_InScope_ACAD_Ret,PT_Retained_ACAD_Ret,PT_Ret_Assessed_ACAD,T_InScope_ACAD_2ndYr,PT_Retained_ACAD_2ndYr,T_InScope_AGEN_Ret,PT_Retained_AGEN_Ret,PT_Ret_Assessed_AGEN,T_InScope_AGEN_2ndYr,PT_Retained_AGEN_2ndYr,T_InScope_TLEV_Ret,PT_Retained_TLEV_Ret,PT_Ret_Assessed_TLEV,T_InScope_TLEV_2ndYr,PT_Retained_TLEV_2ndYr,TALLPUP_TechCert,TALLPPE_TechCert,TALLPPEGRD_TechCert,T_InScope_TechCert_Ret,PT_Retained_TechCert_Ret,PT_Ret_Assessed_TechCert,TALLPUP_ANYL2VOC,TechCert_PER,TALLPUP_1618_DIS,TALLPUP_ALEV_1618_DIS,TALLPPE_ALEV_1618_DIS,TALLPPEGRD_ALEV_DIS,TALLPUP_ACAD_1618_DIS,TALLPPE_ACAD_1618_DIS,TALLPPEGRD_ACAD_DIS,TALLPUP_AGEN_DIS,TALLPPE_AGEN_DIS,TALLPPEGRD_AGEN_DIS,TALLPUP_TLEV_DIS,TALLPPE_TLEV_DIS,TALLPPEGRD_TLEV_DIS,T_SCOPEEX_E_DIS,PROGEX_E_DIS,T_SCOPEEX_M_DIS,PROGEX_M_DIS,T_InScope_ALEV_Ret_DIS,PT_Retained_ALEV_Ret_DIS,T_InScope_ACAD_Ret_DIS,PT_Retained_ACAD_Ret_DIS,T_InScope_AGEN_Ret_DIS,PT_Retained_AGEN_Ret_DIS,T_InScope_TLEV_Ret_DIS,PT_Retained_TLEV_Ret_DIS,TALLPUP_TechCert_DIS,TALLPPE_TechCert_DIS,TALLPPEGRD_TechCert_DIS,T_InScope_TechCert_Ret_DIS,PT_Retained_TechCert_Ret_DIS,TALLPUP_1618_NOTDIS,TALLPUP_ALEV_1618_NOTDIS,TALLPPE_ALEV_1618_NOTDIS,TALLPPEGRD_ALEV_NOTDIS,TALLPUP_ACAD_1618_NOTDIS,TALLPPE_ACAD_1618_NOTDIS,TALLPPEGRD_ACAD_NOTDIS,TALLPUP_AGEN_NOTDIS,TALLPPE_AGEN_NOTDIS,TALLPPEGRD_AGEN_NOTDIS,TALLPUP_TLEV_NOTDIS,TALLPPE_TLEV_NOTDIS,TALLPPEGRD_TLEV_NOTDIS,T_SCOPEEX_E_NOTDIS,PROGEX_E_NOTDIS,T_SCOPEEX_M_NOTDIS,PROGEX_M_NOTDIS,T_InScope_ALEV_Ret_NOTDIS,PT_Retained_ALEV_Ret_NOTDIS,T_InScope_ACAD_Ret_NOTDIS,PT_Retained_ACAD_Ret_NOTDIS,T_InScope_AGEN_Ret_NOTDIS,PT_Retained_AGEN_Ret_NOTDIS,T_InScope_TLEV_Ret_NOTDIS,PT_Retained_TLEV_Ret_NOTDIS,TALLPUP_TechCert_NOTDIS,TALLPPE_TechCert_NOTDIS,TALLPPEGRD_TechCert_NOTDIS,T_InScope_TechCert_Ret_NOTDIS,PT_Retained_TechCert_Ret_NOTDIS,TALLPUP_1618_22,TALLPUP_1618_21,TALLPUP_1618_20,TALLPUP_ALEV_1618_22,TALLPUP_ALEV_1618_21,TALLPUP_ALEV_1618_20,TALLPPE_ALEV_1618_22,TALLPPE_ALEV_1618_21,TALLPPE_ALEV_1618_20,TALLPPEGRD_ALEV_1618_22,TALLPPEGRD_ALEV_1618_21,TALLPPEGRD_ALEV_1618_20,TALLPUP_ACAD_1618_22,TALLPUP_ACAD_1618_21,TALLPUP_ACAD_1618_20,TALLPPE_ACAD_1618_22,TALLPPE_ACAD_1618_21,TALLPPE_ACAD_1618_20,TALLPPEGRD_ACAD_1618_22,TALLPPEGRD_ACAD_1618_21,TALLPPEGRD_ACAD_1618_20,TALLPUP_AGEN_22,TALLPUP_AGEN_21,TALLPUP_AGEN_20,TALLPPE_AGEN_22,TALLPPE_AGEN_21,TALLPPE_AGEN_20,TALLPPEGRD_AGEN_22,TALLPPEGRD_AGEN_21,TALLPPEGRD_AGEN_20,TALLPUP_TLEV_22,TALLPUP_TLEV_21,TALLPUP_TLEV_20,TALLPPE_TLEV_22,TALLPPE_TLEV_21,TALLPPE_TLEV_20,TALLPPEGRD_TLEV_22,TALLPPEGRD_TLEV_21,TALLPPEGRD_TLEV_20,TALLPUP_TECHCERT_22,TALLPUP_TECHCERT_21,TALLPUP_TECHCERT_20,TALLPPE_TECHCERT_22,TALLPPE_TECHCERT_21,TALLPPE_TECHCERT_20,TALLPPEGRD_TECHCERT_22,TALLPPEGRD_TECHCERT_21,TALLPPEGRD_TECHCERT_20,T_AIMS_CA_22,T_AIMS_CA_21,T_AIMS_CA_20,T_SCOPEEX_E_22,T_SCOPEEX_E_21,T_SCOPEEX_E_20,PROGEX_E_22,PROGEX_E_21,PROGEX_E_20,T_SCOPEEX_M_22,T_SCOPEEX_M_21,T_SCOPEEX_M_20,PROGEX_M_22,PROGEX_M_21,PROGEX_M_20,ENTRIES_ALEV_22,ENTRIES_ALEV_21,ENTRIES_ALEV_20,VA_INS_ALEV_22,VA_INS_ALEV_21,VA_INS_ALEV_20,UCI_INS_ALEV_22,UCI_INS_ALEV_21,UCI_INS_ALEV_20,LCI_INS_ALEV_22,LCI_INS_ALEV_21,LCI_INS_ALEV_20,ENTRIES_ACAD_22,ENTRIES_ACAD_21,ENTRIES_ACAD_20,VA_INS_ACAD_22,VA_INS_ACAD_21,VA_INS_ACAD_20,UCI_INS_ACAD_22,UCI_INS_ACAD_21,UCI_INS_ACAD_20,LCI_INS_ACAD_22,LCI_INS_ACAD_21,LCI_INS_ACAD_20,ENTRIES_AGEN_22,ENTRIES_AGEN_21,ENTRIES_AGEN_20,VA_INS_AGEN_22,VA_INS_AGEN_21,VA_INS_AGEN_20,UCI_INS_AGEN_22,UCI_INS_AGEN_21,UCI_INS_AGEN_20,LCI_INS_AGEN_22,LCI_INS_AGEN_21,LCI_INS_AGEN_20,T_INSCOPE_ALEV_RET_22,T_INSCOPE_ALEV_RET_21,T_INSCOPE_ALEV_RET_20,PT_RETAINED_ALEV_RET_22,PT_RETAINED_ALEV_RET_21,PT_RETAINED_ALEV_RET_20,T_INSCOPE_ACAD_RET_22,T_INSCOPE_ACAD_RET_21,T_INSCOPE_ACAD_RET_20,PT_RETAINED_ACAD_RET_22,PT_RETAINED_ACAD_RET_21,PT_RETAINED_ACAD_RET_20,T_INSCOPE_AGEN_RET_22,T_INSCOPE_AGEN_RET_21,T_INSCOPE_AGEN_RET_20,PT_RETAINED_AGEN_RET_22,PT_RETAINED_AGEN_RET_21,PT_RETAINED_AGEN_RET_20,T_INSCOPE_TLEV_RET_22,T_INSCOPE_TLEV_RET_21,T_INSCOPE_TLEV_RET_20,PT_RETAINED_TLEV_RET_22,PT_RETAINED_TLEV_RET_21,PT_RETAINED_TLEV_RET_20,T_INSCOPE_TECHCERT_RET_22,T_INSCOPE_TECHCERT_RET_21,T_INSCOPE_TECHCERT_RET_20,PT_RETAINED_TECHCERT_RET_22,PT_RETAINED_TECHCERT_RET_21,PT_RETAINED_TECHCERT_RET_20,TALLPUP_1618_DIS_22,TALLPUP_1618_DIS_21,TALLPUP_1618_DIS_20,TALLPUP_ALEV_1618_DIS_22,TALLPUP_ALEV_1618_DIS_21,TALLPUP_ALEV_1618_DIS_20,TALLPPE_ALEV_1618_DIS_22,TALLPPE_ALEV_1618_DIS_21,TALLPPE_ALEV_1618_DIS_20,TALLPPEGRD_ALEV_DIS_22,TALLPPEGRD_ALEV_DIS_21,TALLPPEGRD_ALEV_DIS_20,TALLPUP_ACAD_1618_DIS_22,TALLPUP_ACAD_1618_DIS_21,TALLPUP_ACAD_1618_DIS_20,TALLPPE_ACAD_1618_DIS_22,TALLPPE_ACAD_1618_DIS_21,TALLPPE_ACAD_1618_DIS_20,TALLPPEGRD_ACAD_DIS_22,TALLPPEGRD_ACAD_DIS_21,TALLPPEGRD_ACAD_DIS_20,TALLPUP_AGEN_DIS_22,TALLPUP_AGEN_DIS_21,TALLPUP_AGEN_DIS_20,TALLPPE_AGEN_DIS_22,TALLPPE_AGEN_DIS_21,TALLPPE_AGEN_DIS_20,TALLPPEGRD_AGEN_DIS_22,TALLPPEGRD_AGEN_DIS_21,TALLPPEGRD_AGEN_DIS_20,TALLPUP_TLEV_DIS_22,TALLPUP_TLEV_DIS_21,TALLPUP_TLEV_DIS_20,TALLPPE_TLEV_DIS_22,TALLPPE_TLEV_DIS_21,TALLPPE_TLEV_DIS_20,TALLPPEGRD_TLEV_DIS_22,TALLPPEGRD_TLEV_DIS_21,TALLPPEGRD_TLEV_DIS_20,TALLPUP_TECHCERT_DIS_22,TALLPUP_TECHCERT_DIS_21,TALLPUP_TECHCERT_DIS_20,TALLPPE_TECHCERT_DIS_22,TALLPPE_TECHCERT_DIS_21,TALLPPE_TECHCERT_DIS_20,TALLPPEGRD_TECHCERT_DIS_22,TALLPPEGRD_TECHCERT_DIS_21,TALLPPEGRD_TECHCERT_DIS_20,T_SCOPEEX_E_DIS_22,T_SCOPEEX_E_DIS_21,T_SCOPEEX_E_DIS_20,PROGEX_E_DIS_22,PROGEX_E_DIS_21,PROGEX_E_DIS_20,T_SCOPEEX_M_DIS_22,T_SCOPEEX_M_DIS_21,T_SCOPEEX_M_DIS_20,PROGEX_M_DIS_22,PROGEX_M_DIS_21,PROGEX_M_DIS_20,ENTRIES_ALEV_DIS_22,ENTRIES_ALEV_DIS_21,ENTRIES_ALEV_DIS_20,VA_INS_ALEV_DIS_22,VA_INS_ALEV_DIS_21,VA_INS_ALEV_DIS_20,UCI_INS_ALEV_DIS_22,UCI_INS_ALEV_DIS_21,UCI_INS_ALEV_DIS_20,LCI_INS_ALEV_DIS_22,LCI_INS_ALEV_DIS_21,LCI_INS_ALEV_DIS_20,ENTRIES_ACAD_DIS_22,ENTRIES_ACAD_DIS_21,ENTRIES_ACAD_DIS_20,VA_INS_ACAD_DIS_22,VA_INS_ACAD_DIS_21,VA_INS_ACAD_DIS_20,UCI_INS_ACAD_DIS_22,UCI_INS_ACAD_DIS_21,UCI_INS_ACAD_DIS_20,LCI_INS_ACAD_DIS_22,LCI_INS_ACAD_DIS_21,LCI_INS_ACAD_DIS_20,ENTRIES_AGEN_DIS_22,ENTRIES_AGEN_DIS_21,ENTRIES_AGEN_DIS_20,VA_INS_AGEN_DIS_22,VA_INS_AGEN_DIS_21,VA_INS_AGEN_DIS_20,UCI_INS_AGEN_DIS_22,UCI_INS_AGEN_DIS_21,UCI_INS_AGEN_DIS_20,LCI_INS_AGEN_DIS_22,LCI_INS_AGEN_DIS_21,LCI_INS_AGEN_DIS_20,T_INSCOPE_ALEV_RET_DIS_22,T_INSCOPE_ALEV_RET_DIS_21,T_INSCOPE_ALEV_RET_DIS_20,PT_RETAINED_ALEV_RET_DIS_22,PT_RETAINED_ALEV_RET_DIS_21,PT_RETAINED_ALEV_RET_DIS_20,T_INSCOPE_ACAD_RET_DIS_22,T_INSCOPE_ACAD_RET_DIS_21,T_INSCOPE_ACAD_RET_DIS_20,PT_RETAINED_ACAD_RET_DIS_22,PT_RETAINED_ACAD_RET_DIS_21,PT_RETAINED_ACAD_RET_DIS_20,T_INSCOPE_AGEN_RET_DIS_22,T_INSCOPE_AGEN_RET_DIS_21,T_INSCOPE_AGEN_RET_DIS_20,PT_RETAINED_AGEN_RET_DIS_22,PT_RETAINED_AGEN_RET_DIS_21,PT_RETAINED_AGEN_RET_DIS_20,T_INSCOPE_TLEV_RET_DIS_22,T_INSCOPE_TLEV_RET_DIS_21,T_INSCOPE_TLEV_RET_DIS_20,PT_RETAINED_TLEV_RET_DIS_22,PT_RETAINED_TLEV_RET_DIS_21,PT_RETAINED_TLEV_RET_DIS_20,T_INSCOPE_TECHCERT_RET_DIS_22,T_INSCOPE_TECHCERT_RET_DIS_21,T_INSCOPE_TECHCERT_RET_DIS_20,PT_RETAINED_TECHCERT_RET_DIS_22,PT_RETAINED_TECHCERT_RET_DIS_21,PT_RETAINED_TECHCERT_RET_DIS_20,TALLPUP_1618_NOTDIS_22,TALLPUP_1618_NOTDIS_21,TALLPUP_1618_NOTDIS_20,TALLPUP_ALEV_1618_NOTDIS_22,TALLPUP_ALEV_1618_NOTDIS_21,TALLPUP_ALEV_1618_NOTDIS_20,TALLPPE_ALEV_1618_NOTDIS_22,TALLPPE_ALEV_1618_NOTDIS_21,TALLPPE_ALEV_1618_NOTDIS_20,TALLPPEGRD_ALEV_NOTDIS_22,TALLPPEGRD_ALEV_NOTDIS_21,TALLPPEGRD_ALEV_NOTDIS_20,TALLPUP_ACAD_1618_NOTDIS_22,TALLPUP_ACAD_1618_NOTDIS_21,TALLPUP_ACAD_1618_NOTDIS_20,TALLPPE_ACAD_1618_NOTDIS_22,TALLPPE_ACAD_1618_NOTDIS_21,TALLPPE_ACAD_1618_NOTDIS_20,TALLPPEGRD_ACAD_NOTDIS_22,TALLPPEGRD_ACAD_NOTDIS_21,TALLPPEGRD_ACAD_NOTDIS_20,TALLPUP_AGEN_NOTDIS_22,TALLPUP_AGEN_NOTDIS_21,TALLPUP_AGEN_NOTDIS_20,TALLPPE_AGEN_NOTDIS_22,TALLPPE_AGEN_NOTDIS_21,TALLPPE_AGEN_NOTDIS_20,TALLPPEGRD_AGEN_NOTDIS_22,TALLPPEGRD_AGEN_NOTDIS_21,TALLPPEGRD_AGEN_NOTDIS_20,TALLPUP_TLEV_NOTDIS_22,TALLPUP_TLEV_NOTDIS_21,TALLPUP_TLEV_NOTDIS_20,TALLPPE_TLEV_NOTDIS_22,TALLPPE_TLEV_NOTDIS_21,TALLPPE_TLEV_NOTDIS_20,TALLPPEGRD_TLEV_NOTDIS_22,TALLPPEGRD_TLEV_NOTDIS_21,TALLPPEGRD_TLEV_NOTDIS_20,TALLPUP_TECHCERT_NOTDIS_22,TALLPUP_TECHCERT_NOTDIS_21,TALLPUP_TECHCERT_NOTDIS_20,TALLPPE_TECHCERT_NOTDIS_22,TALLPPE_TECHCERT_NOTDIS_21,TALLPPE_TECHCERT_NOTDIS_20,TALLPPEGRD_TECHCERT_NOTDIS_22,TALLPPEGRD_TECHCERT_NOTDIS_21,TALLPPEGRD_TECHCERT_NOTDIS_20,T_SCOPEEX_E_NOTDIS_22,T_SCOPEEX_E_NOTDIS_21,T_SCOPEEX_E_NOTDIS_20,PROGEX_E_NOTDIS_22,PROGEX_E_NOTDIS_21,PROGEX_E_NOTDIS_20,T_SCOPEEX_M_NOTDIS_22,T_SCOPEEX_M_NOTDIS_21,T_SCOPEEX_M_NOTDIS_20,PROGEX_M_NOTDIS_22,PROGEX_M_NOTDIS_21,PROGEX_M_NOTDIS_20,ENTRIES_ALEV_NOTDIS_22,ENTRIES_ALEV_NOTDIS_21,ENTRIES_ALEV_NOTDIS_20,VA_INS_ALEV_NOTDIS_22,VA_INS_ALEV_NOTDIS_21,VA_INS_ALEV_NOTDIS_20,UCI_INS_ALEV_NOTDIS_22,UCI_INS_ALEV_NOTDIS_21,UCI_INS_ALEV_NOTDIS_20,LCI_INS_ALEV_NOTDIS_22,LCI_INS_ALEV_NOTDIS_21,LCI_INS_ALEV_NOTDIS_20,ENTRIES_ACAD_NOTDIS_22,ENTRIES_ACAD_NOTDIS_21,ENTRIES_ACAD_NOTDIS_20,VA_INS_ACAD_NOTDIS_22,VA_INS_ACAD_NOTDIS_21,VA_INS_ACAD_NOTDIS_20,UCI_INS_ACAD_NOTDIS_22,UCI_INS_ACAD_NOTDIS_21,UCI_INS_ACAD_NOTDIS_20,LCI_INS_ACAD_NOTDIS_22,LCI_INS_ACAD_NOTDIS_21,LCI_INS_ACAD_NOTDIS_20,ENTRIES_AGEN_NOTDIS_22,ENTRIES_AGEN_NOTDIS_21,ENTRIES_AGEN_NOTDIS_20,VA_INS_AGEN_NOTDIS_22,VA_INS_AGEN_NOTDIS_21,VA_INS_AGEN_NOTDIS_20,UCI_INS_AGEN_NOTDIS_22,UCI_INS_AGEN_NOTDIS_21,UCI_INS_AGEN_NOTDIS_20,LCI_INS_AGEN_NOTDIS_22,LCI_INS_AGEN_NOTDIS_21,LCI_INS_AGEN_NOTDIS_20,T_INSCOPE_ALEV_RET_NOTDIS_22,T_INSCOPE_ALEV_RET_NOTDIS_21,T_INSCOPE_ALEV_RET_NOTDIS_20,PT_RETAINED_ALEV_RET_NOTDIS_22,PT_RETAINED_ALEV_RET_NOTDIS_21,PT_RETAINED_ALEV_RET_NOTDIS_20,T_INSCOPE_ACAD_RET_NOTDIS_22,T_INSCOPE_ACAD_RET_NOTDIS_21,T_INSCOPE_ACAD_RET_NOTDIS_20,PT_RETAINED_ACAD_RET_NOTDIS_22,PT_RETAINED_ACAD_RET_NOTDIS_21,PT_RETAINED_ACAD_RET_NOTDIS_20,T_INSCOPE_AGEN_RET_NOTDIS_22,T_INSCOPE_AGEN_RET_NOTDIS_21,T_INSCOPE_AGEN_RET_NOTDIS_20,PT_RETAINED_AGEN_RET_NOTDIS_22,PT_RETAINED_AGEN_RET_NOTDIS_21,PT_RETAINED_AGEN_RET_NOTDIS_20,T_INSCOPE_TLEV_RET_NOTDIS_22,T_INSCOPE_TLEV_RET_NOTDIS_21,T_INSCOPE_TLEV_RET_NOTDIS_20,PT_RETAINED_TLEV_RET_NOTDIS_22,PT_RETAINED_TLEV_RET_NOTDIS_21,PT_RETAINED_TLEV_RET_NOTDIS_20,T_INSCOPE_TECHCERT_RET_NOTDIS_22,T_INSCOPE_TECHCERT_RET_NOTDIS_21,T_INSCOPE_TECHCERT_RET_NOTDIS_20,PT_RETAINED_TECHCERT_RET_NOTDIS_22,PT_RETAINED_TECHCERT_RET_NOTDIS_21,PT_RETAINED_TECHCERT_RET_NOTDIS_20
1,44842,25,4,919,4000,117499,E14000749,Hitchin and Harpenden,,The Priory School,Bedford Road,,,Hitchin,SG5 2UR,1462622300,0,FD,Does not apply,NSE,OTHER NON SEL,MIXED,0, 11-18,0,,,R,,226,118,109,35.97,B-,68,37.4,B-,68,19.10%,109,36.08,B-,42,26.24,Merit,8,35,Dist,9,88.90%,43,97.70%,,,,,,,,,101,98.00%,98.00%,101,98.00%,101,98.00%,98.00%,101,98.00%,15,93.30%,86.70%,15,93.30%,NE,NE,NE,NE,NE,NE,NE,NE,NE,NE,NE,NE,NE,9,7,33.53,C+,7,33.42,C+,SUPP,SUPP,SUPP,NE,NE,NE,,,,,8,87.50%,8,87.50%,SUPP,SUPP,NE,NE,NE,NE,NE,NE,NE,109,102,36.13,B-,102,36.26,B-,SUPP,SUPP,SUPP,8,35,Dist,,,,,93,98.90%,93,98.90%,SUPP,SUPP,NE,NE,NE,NE,NE,NE,NE,119,,,110,,,34.14,,,C+,,,110,,,34.31,,,C+,,,42,,,29.29,,,Merit+,,,2,,,SUPP,,,SUPP,,,NE,,,NE,,,NE,,,,,,,,,,,,,,,,,,,,,,,,,,,,,,,,,,,,,,,,,,,,,,,,,,,,,,103,,,95.10%,,,103,,,95.10%,,,15,,,93.30%,,,1,,,SUPP,,,NE,,,NE,,,16,,,12,,,25.93,,,C-,,,12,,,25.97,,,C-,,,SUPP,,,SUPP,,,SUPP,,,NE,,,NE,,,NE,,,NE,,,NE,,,NE,,,,,,,,,,,,,,,,,,,,,,,,,,,,,,,,,,,,,,,,,,,,,,,,,,,12,,,75.00%,,,12,,,75.00%,,,SUPP,,,SUPP,,,NE,,,NE,,,NE,,,NE,,,102,,,97,,,35.18,,,B-,,,97,,,35.35,,,B-,,,SUPP,,,SUPP,,,SUPP,,,SUPP,,,SUPP,,,SUPP,,,NE,,,NE,,,NE,,,,,,,,,,,,,,,,,,,,,,,,,,,,,,,,,,,,,,,,,,,,,,,,,,,90,,,97.80%,,,90,,,97.80%,,,SUPP,,,SUPP,,,SUPP,,,SUPP,,,NE,,,NE
1,25984,25,4,919,4001,138747,E14000745,Hertsmere,,Hertswood Academy,Cowley Hill,,,Borehamwood,WD6 5LG,2082387200,0,ACC,Does not apply,NSE,OTHER NON SEL,MIXED,0, 11-18,0,,,R,,161,81,63,34.05,C+,39,35.38,B-,39,12.80%,63,34.05,C+,36,28.31,Merit+,NE,NE,NE,NE,NE,36,100.00%,,,,,,,,,39,97.40%,97.40%,39,97.40%,39,97.40%,97.40%,39,97.40%,38,94.70%,94.70%,38,94.70%,NE,NE,NE,NE,NE,NE,NE,NE,NE,NE,NE,NE,NE,14,10,38.75,B,10,38.75,B,7,23.08,Merit-,NE,NE,NE,,,,,SUPP,SUPP,SUPP,SUPP,7,100.00%,NE,NE,NE,NE,NE,NE,NE,67,53,33.21,C+,53,33.21,C+,29,29.62,Merit+,NE,NE,NE,,,,,SUPP,SUPP,SUPP,SUPP,31,93.50%,NE,NE,NE,NE,NE,NE,NE,85,,,59,,,34.25,,,C+,,,59,,,34.27,,,C+,,,57,,,23.24,,,Merit-,,,NE,,,NE,,,NE,,,NE,,,NE,,,NE,,,,,,,,,,,,,,,,,,,,,,,,,,,,,,,,,,,,,,,,,,,,,,,,,,,,,,22,,,100.00%,,,22,,,100.00%,,,61,,,93.40%,,,NE,,,NE,,,NE,,,NE,,,17,,,14,,,31.29,,,C,,,14,,,31.29,,,C,,,10,,,25.59,,,Merit,,,NE,,,NE,,,NE,,,NE,,,NE,,,NE,,,,,,,,,,,,,,,,,,,,,,,,,,,,,,,,,,,,,,,,,,,,,,,,,,,6,,,100.00%,,,6,,,100.00%,,,11,,,90.90%,,,NE,,,NE,,,NE,,,NE,,,67,,,45,,,35.21,,,B-,,,45,,,35.24,,,B-,,,46,,,22.25,,,Merit-,,,NE,,,NE,,,NE,,,NE,,,NE,,,NE,,,,,,,,,,,,,,,,,,,,,,,,,,,,,,,,,,,,,,,,,,,,,,,,,,,16,,,100.00%,,,16,,,100.00%,,,49,,,93.90%,,,NE,,,NE,,,NE,,,NE
1,55840,25,4,919,4003,138582,E14000960,St Albans,,Samuel Ryder Academy,Drakes Drive,,,St Albans,AL1 5AR,1727859382,0,AC,None,NSE,OTHER NON SEL,MIXED,0, 4-19,0,,,R,,149,77,60,33.44,C+,50,33.53,C+,50,2.00%,60,33.49,C+,20,38.5,Dist+,NE,NE,NE,1,SUPP,21,95.20%,,,,,,,,,55,90.90%,90.90%,55,90.90%,55,90.90%,90.90%,55,90.90%,21,95.20%,95.20%,20,95.00%,NE,NE,NE,NE,NE,NE,NE,NE,NE,NE,NE,NE,NE,10,6,29.29,C,6,29.72,C,SUPP,SUPP,SUPP,NE,NE,NE,,,,,SUPP,SUPP,SUPP,SUPP,SUPP,SUPP,NE,NE,NE,NE,NE,NE,NE,67,54,33.84,C+,54,33.86,C+,SUPP,SUPP,SUPP,NE,NE,NE,,,,,SUPP,SUPP,SUPP,SUPP,SUPP,SUPP,NE,NE,NE,NE,NE,NE,NE,47,,,34,,,36.8,,,B-,,,37,,,36.71,,,B-,,,13,,,37.37,,,Dist+,,,NE,,,NE,,,NE,,,NE,,,NE,,,NE,,,,,,,,,,,,,,,,,,,,,,,,,,,,,,,,,,,,,,,,,,,,,,,,,,,,,,32,,,100.00%,,,32,,,100.00%,,,14,,,92.90%,,,NE,,,NE,,,NE,,,NE,,,13,,,9,,,38,,,B-,,,10,,,37.63,,,B-,,,SUPP,,,SUPP,,,SUPP,,,NE,,,NE,,,NE,,,NE,,,NE,,,NE,,,,,,,,,,,,,,,,,,,,,,,,,,,,,,,,,,,,,,,,,,,,,,,,,,,8,,,100.00%,,,8,,,100.00%,,,SUPP,,,SUPP,,,NE,,,NE,,,NE,,,NE,,,33,,,24,,,36.11,,,B-,,,26,,,36.11,,,B-,,,SUPP,,,SUPP,,,SUPP,,,NE,,,NE,,,NE,,,NE,,,NE,,,NE,,,,,,,,,,,,,,,,,,,,,,,,,,,,,,,,,,,,,,,,,,,,,,,,,,,23,,,100.00%,,,23,,,100.00%,,,SUPP,,,SUPP,,,NE,,,NE,,,NE,,,NE
1,18500,25,4,919,4004,139416,E14000745,Hertsmere,,Elstree Screen Arts Academy,Studio Way,Elstree,,Borehamwood,WD6 5NN,2083866220,0,UTC,Does not apply,NSE,OTHER NON SEL,MIXED,0, 14-19,0,,,R,,288,113,49,27.4,C-,29,12.07,E+,29,0.00%,49,27.4,C-,21,38.35,Dist+,40,32.79,Dist-,86,46.50%,71,29.60%,,,,,,,,,40,90.00%,90.00%,40,90.00%,40,90.00%,90.00%,40,90.00%,14,92.90%,92.90%,14,92.90%,25,64.00%,64.00%,25,64.00%,NE,NE,NE,NE,NE,NE,NE,NE,18,9,18.52,D,9,18.52,D,SUPP,SUPP,SUPP,SUPP,SUPP,SUPP,,,,,9,88.90%,9,88.90%,NE,NE,SUPP,SUPP,NE,NE,NE,NE,NE,95,40,29.8,C,40,29.8,C,SUPP,SUPP,SUPP,SUPP,SUPP,SUPP,,,,,31,90.30%,31,90.30%,14,92.90%,SUPP,SUPP,NE,NE,NE,NE,NE,129,,,46,,,37,,,B-,,,46,,,37,,,B-,,,13,,,29.36,,,Merit+,,,41,,,33.4,,,Dist,,,NE,,,NE,,,NE,,,,,,,,,,,,,,,,,,,,,,,,,,,,,,,,,,,,,,,,,,,,,,,,,,,,,,37,,,89.20%,,,37,,,89.20%,,,13,,,92.30%,,,25,,,96.00%,,,NE,,,NE,,,25,,,SUPP,,,SUPP,,,SUPP,,,SUPP,,,SUPP,,,SUPP,,,SUPP,,,SUPP,,,SUPP,,,8,,,26.14,,,Merit,,,NE,,,NE,,,NE,,,,,,,,,,,,,,,,,,,,,,,,,,,,,,,,,,,,,,,,,,,,,,,,,,,SUPP,,,SUPP,,,SUPP,,,SUPP,,,SUPP,,,SUPP,,,SUPP,,,SUPP,,,NE,,,NE,,,101,,,SUPP,,,SUPP,,,SUPP,,,SUPP,,,SUPP,,,SUPP,,,SUPP,,,SUPP,,,SUPP,,,31,,,34.97,,,Dist,,,NE,,,NE,,,NE,,,,,,,,,,,,,,,,,,,,,,,,,,,,,,,,,,,,,,,,,,,,,,,,,,,SUPP,,,SUPP,,,SUPP,,,SUPP,,,SUPP,,,SUPP,,,SUPP,,,SUPP,,,NE,,,NE
1,25632,25,4,919,4005,117500,E14000739,Hemel Hempstead,The Hemel Hempstead School,The Hemel Hempstead School,Heath Lane,,,Hemel Hempstead,HP1 1TX,,0,FD,Does not apply,NSE,OTHER NON SEL,MIXED,0, 11-18,0,,,R,,248,135,123,33.06,C+,108,33.89,C+,108,9.30%,123,33.05,C+,20,27.69,Merit+,NE,NE,NE,NE,NE,20,100.00%,,,,,,,,,126,96.00%,96.00%,125,96.00%,126,96.00%,96.00%,125,96.00%,5,SUPP,SUPP,5,SUPP,NE,NE,NE,NE,NE,NE,NE,NE,NE,NE,NE,NE,NE,11,8,36.52,B-,8,36.17,B-,SUPP,SUPP,SUPP,NE,NE,NE,,,,,10,80.00%,10,80.00%,SUPP,SUPP,NE,NE,NE,NE,NE,NE,NE,122,113,32.83,C+,113,32.83,C+,SUPP,SUPP,SUPP,NE,NE,NE,,,,,114,97.40%,114,97.40%,SUPP,SUPP,NE,NE,NE,NE,NE,NE,NE,123,,,121,,,37.14,,,B-,,,121,,,37.18,,,B-,,,22,,,29.33,,,Merit+,,,NE,,,NE,,,NE,,,NE,,,NE,,,NE,,,,,,,,,,,,,,,,,,,,,,,,,,,,,,,,,,,,,,,,,,,,,,,,,,,,,,118,,,98.30%,,,118,,,98.30%,,,5,,,SUPP,,,NE,,,NE,,,NE,,,NE,,,13,,,12,,,30.59,,,C,,,12,,,30.84,,,C,,,SUPP,,,SUPP,,,SUPP,,,NE,,,NE,,,NE,,,NE,,,NE,,,NE,,,,,,,,,,,,,,,,,,,,,,,,,,,,,,,,,,,,,,,,,,,,,,,,,,,13,,,92.30%,,,13,,,92.30%,,,NE,,,NE,,,NE,,,NE,,,NE,,,NE,,,110,,,109,,,37.88,,,B-,,,109,,,37.89,,,B-,,,SUPP,,,SUPP,,,SUPP,,,NE,,,NE,,,NE,,,NE,,,NE,,,NE,,,,,,,,,,,,,,,,,,,,,,,,,,,,,,,,,,,,,,,,,,,,,,,,,,,105,,,99.00%,,,105,,,99.00%,,,SUPP,,,SUPP,,,NE,,,NE,,,NE,,,NE
1,46476,25,4,919,4006,139873,E14000744,Hertford and Stortford,,Richard Hale School,Hale Road,,,Hertford,SG13 8EN,1992583441,0,ACC,None,NSE,OTHER NON SEL,MIXED,0, 11-18,0,,,R,,340,169,143,34.29,C+,134,34.1,C+,134,12.70%,143,34.41,C+,33,30.83,Dist-,NE,NE,NE,NE,NE,33,100.00%,,,,,,,,,136,98.50%,98.50%,136,98.50%,136,98.50%,98.50%,136,98.50%,32,96.90%,93.80%,32,96.90%,NE,NE,NE,NE,NE,NE,NE,NE,NE,NE,NE,NE,NE,6,6,28.24,C-,6,28.24,C-,SUPP,SUPP,SUPP,NE,NE,NE,,,,,6,100.00%,6,100.00%,NE,NE,NE,NE,NE,NE,NE,NE,NE,163,137,34.55,C+,137,34.67,C+,SUPP,SUPP,SUPP,NE,NE,NE,,,,,130,98.50%,130,98.50%,32,96.90%,NE,NE,NE,NE,NE,NE,NE,152,,,119,,,38.08,,,B-,,,119,,,38.21,,,B-,,,29,,,33.07,,,Dist-,,,NE,,,NE,,,NE,,,NE,,,NE,,,NE,,,,,,,,,,,,,,,,,,,,,,,,,,,,,,,,,,,,,,,,,,,,,,,,,,,,,,121,,,96.70%,,,121,,,96.70%,,,31,,,90.30%,,,NE,,,NE,,,NE,,,NE,,,12,,,SUPP,,,SUPP,,,SUPP,,,SUPP,,,SUPP,,,SUPP,,,SUPP,,,SUPP,,,SUPP,,,NE,,,NE,,,NE,,,NE,,,NE,,,NE,,,,,,,,,,,,,,,,,,,,,,,,,,,,,,,,,,,,,,,,,,,,,,,,,,,SUPP,,,SUPP,,,SUPP,,,SUPP,,,6,,,100.00%,,,NE,,,NE,,,NE,,,NE,,,140,,,SUPP,,,SUPP,,,SUPP,,,SUPP,,,SUPP,,,SUPP,,,SUPP,,,SUPP,,,SUPP,,,NE,,,NE,,,NE,,,NE,,,NE,,,NE,,,,,,,,,,,,,,,,,,,,,,,,,,,,,,,,,,,,,,,,,,,,,,,,,,,SUPP,,,SUPP,,,SUPP,,,SUPP,,,25,,,88.00%,,,NE,,,NE,,,NE,,,NE
1,45914,25,4,919,4007,139662,E14000951,South West Hertfordshire,,The Reach Free School,Long Lane,,,Rickmansworth,WD3 8AB,1923711517,0,F,None,NSE,OTHER NON SEL,MIXED,0, 11-18,0,,,R,,96,50,41,29.39,C,23,30,C,23,8.70%,41,29.39,C,24,31.72,Dist-,15,43.33,Dist*-,15,100.00%,24,100.00%,,,,,,,,,36,94.40%,94.40%,36,94.40%,36,94.40%,94.40%,36,94.40%,14,100.00%,100.00%,14,100.00%,NE,NE,NE,NE,NE,NE,NE,NE,NE,NE,NE,NE,NE,11,9,25.26,C-,9,25.26,C-,7,36.11,Dist,SUPP,SUPP,SUPP,,,,,9,88.90%,9,88.90%,SUPP,SUPP,NE,NE,NE,NE,NE,NE,NE,37,30,30.82,C,30,30.82,C,17,30,Dist-,SUPP,SUPP,SUPP,,,,,25,96.00%,25,96.00%,SUPP,SUPP,NE,NE,NE,NE,NE,NE,NE,51,,,46,,,39.83,,,B,,,46,,,39.86,,,B,,,19,,,46.04,,,Dist*-,,,7,,,44.29,,,Dist*-,,,NE,,,NE,,,NE,,,,,,,,,,,,,,,,,,,,,,,,,,,,,,,,,,,,,,,,,,,,,,,,,,,,,,43,,,97.70%,,,43,,,97.70%,,,7,,,100.00%,,,NE,,,NE,,,NE,,,NE,,,8,,,7,,,34.5,,,C+,,,7,,,34.5,,,C+,,,SUPP,,,SUPP,,,SUPP,,,NE,,,NE,,,NE,,,NE,,,NE,,,NE,,,,,,,,,,,,,,,,,,,,,,,,,,,,,,,,,,,,,,,,,,,,,,,,,,,8,,,87.50%,,,8,,,87.50%,,,NE,,,NE,,,NE,,,NE,,,NE,,,NE,,,42,,,38,,,40.51,,,B,,,38,,,40.54,,,B,,,SUPP,,,SUPP,,,SUPP,,,7,,,44.29,,,Dist*-,,,NE,,,NE,,,NE,,,,,,,,,,,,,,,,,,,,,,,,,,,,,,,,,,,,,,,,,,,,,,,,,,,34,,,100.00%,,,34,,,100.00%,,,7,,,100.00%,,,NE,,,NE,,,NE,,,NE
1,26412,25,4,919,4122,117537,E14000845,North East Hertfordshire,The Highfield School,The Highfield School,Highfield,,,Letchworth Garden City,SG6 3QA,1462620500,0,FD,Does not apply,NSE,OTHER NON SEL,MIXED,0, 11-18,0,,,R,,131,78,70,32.4,C+,66,32.17,C+,66,10.60%,71,32.45,C+,4,SUPP,SUPP,NE,NE,NE,NE,NE,4,SUPP,,,,,,,,,74,93.20%,91.90%,74,93.20%,74,93.20%,91.90%,74,93.20%,1,SUPP,SUPP,1,SUPP,NE,NE,NE,NE,NE,NE,NE,NE,NE,NE,NE,NE,NE,10,8,25,C-,8,25.3,C-,SUPP,SUPP,SUPP,NE,NE,NE,,,,,9,88.90%,9,88.90%,SUPP,SUPP,NE,NE,NE,NE,NE,NE,NE,68,62,33.37,C+,63,33.37,C+,SUPP,SUPP,SUPP,NE,NE,NE,,,,,65,93.80%,65,93.80%,NE,NE,NE,NE,NE,NE,NE,NE,NE,65,,,62,,,31.79,,,C+,,,62,,,32.15,,,C+,,,9,,,41.67,,,Dist*-,,,NE,,,NE,,,NE,,,NE,,,NE,,,NE,,,,,,,,,,,,,,,,,,,,,,,,,,,,,,,,,,,,,,,,,,,,,,,,,,,,,,64,,,98.40%,,,64,,,98.40%,,,NE,,,NE,,,NE,,,NE,,,NE,,,NE,,,6,,,SUPP,,,SUPP,,,SUPP,,,SUPP,,,SUPP,,,SUPP,,,SUPP,,,SUPP,,,SUPP,,,NE,,,NE,,,NE,,,NE,,,NE,,,NE,,,,,,,,,,,,,,,,,,,,,,,,,,,,,,,,,,,,,,,,,,,,,,,,,,,6,,,100.00%,,,6,,,100.00%,,,NE,,,NE,,,NE,,,NE,,,NE,,,NE,,,58,,,SUPP,,,SUPP,,,SUPP,,,SUPP,,,SUPP,,,SUPP,,,SUPP,,,SUPP,,,SUPP,,,NE,,,NE,,,NE,,,NE,,,NE,,,NE,,,,,,,,,,,,,,,,,,,,,,,,,,,,,,,,,,,,,,,,,,,,,,,,,,,58,,,98.30%,,,58,,,98.30%,,,NE,,,NE,,,NE,,,NE,,,NE,,,NE
1,30496,25,4,919,4140,137656,E14000845,North East Hertfordshire,,King James Academy Royston,Garden Walk,,,Royston,SG8 7JH,1763242236,0,ACC,Does not apply,NSE,OTHER NON SEL,MIXED,0, 9-18,0,,,R,,21,13,NE,NE,NE,NE,NE,NE,NE,NE,NE,NE,NE,NE,NE,NE,NE,NE,NE,11,0.00%,11,0.00%,,,,,,,,,NE,NE,NE,NE,NE,NE,NE,NE,NE,NE,11,100.00%,0.00%,11,100.00%,NE,NE,NE,NE,NE,NE,NE,NE,NE,NE,NE,NE,NE,SUPP,NE,NE,NE,NE,NE,NE,NE,NE,NE,NE,NE,NE,,,,,NE,NE,NE,NE,SUPP,SUPP,NE,NE,NE,NE,NE,NE,NE,SUPP,NE,NE,NE,NE,NE,NE,NE,NE,NE,NE,NE,NE,,,,,NE,NE,NE,NE,SUPP,SUPP,NE,NE,NE,NE,NE,NE,NE,10,,,NE,,,NE,,,NE,,,NE,,,NE,,,NE,,,NE,,,NE,,,NE,,,NE,,,NE,,,NE,,,NE,,,NE,,,NE,,,,,,,,,,,,,,,,,,,,,,,,,,,,,,,,,,,,,,,,,,,,,,,,,,,,,,NE,,,NE,,,NE,,,NE,,,10,,,10.00%,,,NE,,,NE,,,NE,,,NE,,,NE,,,NE,,,NE,,,NE,,,NE,,,NE,,,NE,,,NE,,,NE,,,NE,,,NE,,,NE,,,NE,,,NE,,,NE,,,NE,,,,,,,,,,,,,,,,,,,,,,,,,,,,,,,,,,,,,,,,,,,,,,,,,,,NE,,,NE,,,NE,,,NE,,,NE,,,NE,,,NE,,,NE,,,NE,,,NE,,,10,,,NE,,,NE,,,NE,,,NE,,,NE,,,NE,,,NE,,,NE,,,NE,,,NE,,,NE,,,NE,,,NE,,,NE,,,NE,,,,,,,,,,,,,,,,,,,,,,,,,,,,,,,,,,,,,,,,,,,,,,,,,,,NE,,,NE,,,NE,,,NE,,,10,,,10.00%,,,NE,,,NE,,,NE,,,NE
1,20818,25,4,919,4141,137002,E14000845,North East Hertfordshire,,Freman College,Bowling Green Lane,,,Buntingford,SG9 9BT,1763271818,0,ACC,None,NSE,OTHER NON SEL,MIXED,0, 13-18,0,,,R,,258,124,109,37.18,B-,76,37.54,B-,76,19.70%,109,37.48,B-,75,32.99,Dist-,24,31.58,Dist-,24,100.00%,75,100.00%,,,,,,,,,77,98.70%,98.70%,77,98.70%,77,98.70%,98.70%,77,98.70%,29,86.20%,86.20%,29,82.80%,19,100.00%,100.00%,19,100.00%,NE,NE,NE,NE,NE,NE,NE,NE,SUPP,SUPP,SUPP,SUPP,SUPP,SUPP,SUPP,SUPP,SUPP,SUPP,SUPP,SUPP,SUPP,,,,,SUPP,SUPP,SUPP,SUPP,SUPP,SUPP,SUPP,SUPP,NE,NE,NE,NE,NE,SUPP,SUPP,SUPP,SUPP,SUPP,SUPP,SUPP,SUPP,SUPP,SUPP,SUPP,SUPP,SUPP,,,,,SUPP,SUPP,SUPP,SUPP,SUPP,SUPP,SUPP,SUPP,NE,NE,NE,NE,NE,114,,,99,,,40.66,,,B,,,99,,,40.8,,,B,,,21,,,36.46,,,Dist,,,16,,,35.47,,,Dist,,,NE,,,NE,,,NE,,,,,,,,,,,,,,,,,,,,,,,,,,,,,,,,,,,,,,,,,,,,,,,,,,,,,,82,,,97.60%,,,82,,,97.60%,,,14,,,100.00%,,,16,,,93.80%,,,NE,,,NE,,,7,,,SUPP,,,SUPP,,,SUPP,,,SUPP,,,SUPP,,,SUPP,,,SUPP,,,SUPP,,,SUPP,,,SUPP,,,SUPP,,,SUPP,,,NE,,,NE,,,NE,,,,,,,,,,,,,,,,,,,,,,,,,,,,,,,,,,,,,,,,,,,,,,,,,,,SUPP,,,SUPP,,,SUPP,,,SUPP,,,SUPP,,,SUPP,,,SUPP,,,SUPP,,,NE,,,NE,,,107,,,SUPP,,,SUPP,,,SUPP,,,SUPP,,,SUPP,,,SUPP,,,SUPP,,,SUPP,,,SUPP,,,SUPP,,,SUPP,,,SUPP,,,NE,,,NE,,,NE,,,,,,,,,,,,,,,,,,,,,,,,,,,,,,,,,,,,,,,,,,,,,,,,,,,SUPP,,,SUPP,,,SUPP,,,SUPP,,,SUPP,,,SUPP,,,SUPP,,,SUPP,,,NE,,,NE
1,55974,25,4,919,4197,136609,E14000960,St Albans,,Sandringham School,The Ridgeway,,,St Albans,AL4 9NX,1727799560,0,ACC,Does not apply,NSE,OTHER NON SEL,MIXED,0, 11-18,0,,,R,,504,229,214,43.24,B+,191,42.74,B+,191,32.50%,216,43.29,B+,44,31.21,Dist-,NE,NE,NE,NE,NE,44,100.00%,,,,,,,,,217,94.00%,94.00%,216,94.40%,217,94.00%,94.00%,216,94.40%,13,92.30%,92.30%,13,92.30%,NE,NE,NE,NE,NE,NE,NE,NE,NE,NE,NE,NE,NE,17,10,35.65,B-,12,34.24,C+,SUPP,SUPP,SUPP,NE,NE,NE,,,,,12,58.30%,12,58.30%,SUPP,SUPP,NE,NE,NE,NE,NE,NE,NE,211,203,43.55,B+,203,43.66,B+,SUPP,SUPP,SUPP,NE,NE,NE,,,,,204,96.10%,204,96.10%,SUPP,SUPP,NE,NE,NE,NE,NE,NE,NE,241,,,237,,,46.32,,,A-,,,237,,,46.32,,,A-,,,16,,,28.71,,,Merit+,,,NE,,,NE,,,NE,,,NE,,,NE,,,NE,,,,,,,,,,,,,,,,,,,,,,,,,,,,,,,,,,,,,,,,,,,,,,,,,,,,,,238,,,99.20%,,,238,,,99.20%,,,4,,,SUPP,,,NE,,,NE,,,NE,,,NE,,,14,,,14,,,39,,,B,,,14,,,39,,,B,,,SUPP,,,SUPP,,,SUPP,,,NE,,,NE,,,NE,,,NE,,,NE,,,NE,,,,,,,,,,,,,,,,,,,,,,,,,,,,,,,,,,,,,,,,,,,,,,,,,,,14,,,100.00%,,,14,,,100.00%,,,NE,,,NE,,,NE,,,NE,,,NE,,,NE,,,226,,,222,,,46.74,,,A-,,,222,,,46.74,,,A-,,,SUPP,,,SUPP,,,SUPP,,,NE,,,NE,,,NE,,,NE,,,NE,,,NE,,,,,,,,,,,,,,,,,,,,,,,,,,,,,,,,,,,,,,,,,,,,,,,,,,,223,,,99.10%,,,223,,,99.10%,,,SUPP,,,SUPP,,,NE,,,NE,,,NE,,,NE
1,5862,25,4,919,4200,137637,E14000744,Hertford and Stortford,,Birchwood High School,Parsonage Lane,,,Bishop's Stortford,CM23 5BD,1279655936,0,ACC,None,NSE,OTHER NON SEL,MIXED,0, 11-18,0,,,R,,226,114,88,32.17,C+,57,33.51,C+,57,5.30%,89,32.32,C+,49,34.33,Dist,NE,NE,NE,NE,NE,49,100.00%,,,,,,,,,77,94.80%,93.50%,77,93.50%,77,94.80%,93.50%,77,93.50%,34,82.40%,79.40%,34,82.40%,NE,NE,NE,NE,NE,NE,NE,NE,NE,NE,NE,NE,NE,10,SUPP,SUPP,SUPP,SUPP,SUPP,SUPP,SUPP,SUPP,SUPP,NE,NE,NE,,,,,6,83.30%,6,83.30%,SUPP,SUPP,NE,NE,NE,NE,NE,NE,NE,104,SUPP,SUPP,SUPP,SUPP,SUPP,SUPP,SUPP,SUPP,SUPP,NE,NE,NE,,,,,71,95.80%,71,95.80%,SUPP,SUPP,NE,NE,NE,NE,NE,NE,NE,119,,,86,,,33.94,,,C+,,,87,,,34.05,,,C+,,,59,,,35.74,,,Dist,,,NE,,,NE,,,NE,,,NE,,,NE,,,NE,,,,,,,,,,,,,,,,,,,,,,,,,,,,,,,,,,,,,,,,,,,,,,,,,,,,,,66,,,100.00%,,,66,,,100.00%,,,53,,,96.20%,,,NE,,,NE,,,NE,,,NE,,,8,,,SUPP,,,SUPP,,,SUPP,,,SUPP,,,SUPP,,,SUPP,,,SUPP,,,SUPP,,,SUPP,,,NE,,,NE,,,NE,,,NE,,,NE,,,NE,,,,,,,,,,,,,,,,,,,,,,,,,,,,,,,,,,,,,,,,,,,,,,,,,,,SUPP,,,SUPP,,,SUPP,,,SUPP,,,SUPP,,,SUPP,,,NE,,,NE,,,NE,,,NE,,,111,,,SUPP,,,SUPP,,,SUPP,,,SUPP,,,SUPP,,,SUPP,,,SUPP,,,SUPP,,,SUPP,,,NE,,,NE,,,NE,,,NE,,,NE,,,NE,,,,,,,,,,,,,,,,,,,,,,,,,,,,,,,,,,,,,,,,,,,,,,,,,,,SUPP,,,SUPP,,,SUPP,,,SUPP,,,SUPP,,,SUPP,,,NE,,,NE,,,NE,,,NE
1,11588,25,4,919,4498,137090,E14000744,Hertford and Stortford,,The Chauncy School,Park Road,,,Ware,SG12 0DP,1920411200,0,ACC,None,NSE,OTHER NON SEL,MIXED,0, 11-18,0,,,R,,189,89,63,37.52,B-,38,38.07,B-,38,21.10%,67,37.69,B-,37,36.74,Dist+,NE,NE,NE,NE,NE,37,100.00%,,,,,,,,,57,91.20%,87.70%,57,91.20%,57,91.20%,87.70%,57,91.20%,29,62.10%,58.60%,29,62.10%,NE,NE,NE,NE,NE,NE,NE,NE,NE,NE,NE,NE,NE,14,8,31.18,C,9,30,C,7,36.76,Dist+,NE,NE,NE,,,,,9,77.80%,9,77.80%,SUPP,SUPP,NE,NE,NE,NE,NE,NE,NE,75,55,38.32,B-,58,38.69,B,30,36.74,Dist+,NE,NE,NE,,,,,48,93.80%,48,93.80%,SUPP,SUPP,NE,NE,NE,NE,NE,NE,NE,117,,,92,,,39.76,,,B,,,95,,,40.08,,,B,,,48,,,33.67,,,Dist,,,25,,,33.3,,,Dist-,,,NE,,,NE,,,NE,,,,,,,,,,,,,,,,,,,,,,,,,,,,,,,,,,,,,,,,,,,,,,,,,,,,,,67,,,97.00%,,,67,,,97.00%,,,20,,,95.00%,,,26,,,92.30%,,,NE,,,NE,,,9,,,8,,,31.82,,,C+,,,8,,,34.06,,,C+,,,SUPP,,,SUPP,,,SUPP,,,SUPP,,,SUPP,,,SUPP,,,NE,,,NE,,,NE,,,,,,,,,,,,,,,,,,,,,,,,,,,,,,,,,,,,,,,,,,,,,,,,,,,SUPP,,,SUPP,,,SUPP,,,SUPP,,,SUPP,,,SUPP,,,SUPP,,,SUPP,,,NE,,,NE,,,107,,,84,,,40.2,,,B,,,87,,,40.45,,,B,,,SUPP,,,SUPP,,,SUPP,,,SUPP,,,SUPP,,,SUPP,,,NE,,,NE,,,NE,,,,,,,,,,,,,,,,,,,,,,,,,,,,,,,,,,,,,,,,,,,,,,,,,,,SUPP,,,SUPP,,,SUPP,,,SUPP,,,SUPP,,,SUPP,,,SUPP,,,SUPP,,,NE,,,NE
1,3144,25,4,919,4499,117552,E14000739,Hemel Hempstead,,The Astley Cooper School,St Agnell's Lane,,,Hemel Hempstead,HP2 7HL,1442394141,0,CY,Does not apply,NSE,OTHER NON SEL,MIXED,0, 11-18,0,,,R,,92,32,19,17.31,D-,NE,NE,NE,NE,NE,22,17.81,D-,24,27.66,Merit+,NE,NE,NE,NE,NE,24,100.00%,,,,,,,,,8,100.00%,87.50%,8,87.50%,8,100.00%,87.50%,8,87.50%,19,89.50%,89.50%,19,89.50%,NE,NE,NE,NE,NE,NE,NE,NE,NE,NE,NE,NE,NE,16,8,17,D-,10,17.59,D-,11,26.86,Merit+,NE,NE,NE,,,,,SUPP,SUPP,SUPP,SUPP,11,81.80%,NE,NE,NE,NE,NE,NE,NE,16,11,17.5,D-,12,17.95,D-,13,28.44,Merit+,NE,NE,NE,,,,,SUPP,SUPP,SUPP,SUPP,8,100.00%,NE,NE,NE,NE,NE,NE,NE,36,,,11,,,21.67,,,D+,,,12,,,21.72,,,D+,,,15,,,28.34,,,Merit+,,,NE,,,NE,,,NE,,,NE,,,NE,,,NE,,,,,,,,,,,,,,,,,,,,,,,,,,,,,,,,,,,,,,,,,,,,,,,,,,,,,,8,,,75.00%,,,8,,,75.00%,,,15,,,73.30%,,,NE,,,NE,,,NE,,,NE,,,18,,,SUPP,,,SUPP,,,SUPP,,,SUPP,,,SUPP,,,SUPP,,,7,,,24.47,,,Merit,,,NE,,,NE,,,NE,,,NE,,,NE,,,NE,,,,,,,,,,,,,,,,,,,,,,,,,,,,,,,,,,,,,,,,,,,,,,,,,,,SUPP,,,SUPP,,,SUPP,,,SUPP,,,8,,,62.50%,,,NE,,,NE,,,NE,,,NE,,,17,,,SUPP,,,SUPP,,,SUPP,,,SUPP,,,SUPP,,,SUPP,,,8,,,31.76,,,Dist-,,,NE,,,NE,,,NE,,,NE,,,NE,,,NE,,,,,,,,,,,,,,,,,,,,,,,,,,,,,,,,,,,,,,,,,,,,,,,,,,,SUPP,,,SUPP,,,SUPP,,,SUPP,,,7,,,85.70%,,,NE,,,NE,,,NE,,,NE
1,62586,25,4,919,4504,138352,E14000951,South West Hertfordshire,,Tring School,Mortimer Hill,,,Tring,HP23 5JD,1442822303,0,ACC,Church of England,NSE,OTHER NON SEL,MIXED,0, 11-18,0,,,R,,340,175,160,34.17,C+,105,35.17,B-,105,11.40%,160,34.37,C+,62,31.1,Dist-,NE,NE,NE,2,SUPP,64,96.90%,,,,,,,,,154,96.80%,95.50%,153,96.10%,154,96.80%,95.50%,153,96.10%,22,86.40%,86.40%,22,86.40%,NE,NE,NE,NE,NE,NE,NE,NE,NE,NE,NE,NE,NE,12,11,31.54,C,11,31.59,C,SUPP,SUPP,SUPP,NE,NE,NE,,,,,9,100.00%,9,100.00%,SUPP,SUPP,NE,NE,NE,NE,NE,NE,NE,161,148,34.3,C+,148,34.52,C+,SUPP,SUPP,SUPP,NE,NE,NE,,,,,144,96.50%,144,96.50%,SUPP,SUPP,NE,NE,NE,NE,NE,NE,NE,183,,,168,,,38.32,,,B-,,,168,,,38.41,,,B,,,82,,,35.15,,,Dist,,,NE,,,NE,,,NE,,,NE,,,NE,,,NE,,,,,,,,,,,,,,,,,,,,,,,,,,,,,,,,,,,,,,,,,,,,,,,,,,,,,,156,,,96.80%,,,156,,,96.80%,,,26,,,92.30%,,,NE,,,NE,,,NE,,,NE,,,8,,,7,,,35,,,B-,,,7,,,35,,,B-,,,6,,,34.75,,,Dist,,,NE,,,NE,,,NE,,,NE,,,NE,,,NE,,,,,,,,,,,,,,,,,,,,,,,,,,,,,,,,,,,,,,,,,,,,,,,,,,,7,,,100.00%,,,7,,,100.00%,,,SUPP,,,SUPP,,,NE,,,NE,,,NE,,,NE,,,175,,,161,,,38.45,,,B,,,161,,,38.55,,,B,,,76,,,35.18,,,Dist,,,NE,,,NE,,,NE,,,NE,,,NE,,,NE,,,,,,,,,,,,,,,,,,,,,,,,,,,,,,,,,,,,,,,,,,,,,,,,,,,149,,,96.60%,,,149,,,96.60%,,,SUPP,,,SUPP,,,NE,,,NE,,,NE,,,NE
1,62398,25,4,919,4606,117555,E14000749,Hitchin and Harpenden,,Townsend Church of England School,High Oaks,,,St Albans,AL3 6DR,1727853047,0,VA,Church of England,NSE,OTHER NON SEL,MIXED,0, 11-18,0,,,,,90,50,35,25.24,C-,34,24.22,D+,34,8.80%,35,25.28,C-,8,27.89,Merit+,NE,NE,NE,NE,NE,8,100.00%,,,,,,,,,38,97.40%,89.50%,38,92.10%,38,97.40%,89.50%,38,92.10%,11,63.60%,63.60%,11,63.60%,NE,NE,NE,NE,NE,NE,NE,NE,NE,NE,NE,NE,NE,10,SUPP,SUPP,SUPP,SUPP,SUPP,SUPP,SUPP,SUPP,SUPP,NE,NE,NE,,,,,6,83.30%,6,83.30%,SUPP,SUPP,NE,NE,NE,NE,NE,NE,NE,39,SUPP,SUPP,SUPP,SUPP,SUPP,SUPP,SUPP,SUPP,SUPP,NE,NE,NE,,,,,32,100.00%,32,100.00%,SUPP,SUPP,NE,NE,NE,NE,NE,NE,NE,51,,,44,,,31.49,,,C,,,44,,,31.64,,,C,,,5,,,SUPP,,,SUPP,,,NE,,,NE,,,NE,,,NE,,,NE,,,NE,,,,,,,,,,,,,,,,,,,,,,,,,,,,,,,,,,,,,,,,,,,,,,,,,,,,,,44,,,90.90%,,,44,,,90.90%,,,7,,,57.10%,,,NE,,,NE,,,NE,,,NE,,,9,,,7,,,24.21,,,D+,,,7,,,24.21,,,D+,,,NE,,,NE,,,NE,,,NE,,,NE,,,NE,,,NE,,,NE,,,NE,,,,,,,,,,,,,,,,,,,,,,,,,,,,,,,,,,,,,,,,,,,,,,,,,,,8,,,87.50%,,,8,,,87.50%,,,NE,,,NE,,,NE,,,NE,,,NE,,,NE,,,41,,,36,,,32.49,,,C+,,,36,,,32.66,,,C+,,,SUPP,,,SUPP,,,SUPP,,,NE,,,NE,,,NE,,,NE,,,NE,,,NE,,,,,,,,,,,,,,,,,,,,,,,,,,,,,,,,,,,,,,,,,,,,,,,,,,,35,,,91.40%,,,35,,,91.40%,,,6,,,66.70%,,,NE,,,NE,,,NE,,,NE
1,50580,25,4,919,4614,138356,E14000749,Hitchin and Harpenden,,St George's School,Sun Lane,,,Harpenden,AL5 4TD,1582765477,0,ACC,Christian,NSE,OTHER NON SEL,MIXED,0, 11-18,0,,,R,,392,185,179,40.76,B,177,40.75,B,177,21.50%,179,40.75,B,NE,NE,NE,NE,NE,NE,2,SUPP,2,SUPP,,,,,,,,,183,97.80%,96.70%,183,96.70%,183,97.80%,96.70%,183,96.70%,NE,NE,NE,NE,NE,NE,NE,NE,NE,NE,NE,NE,NE,NE,NE,NE,NE,NE,SUPP,SUPP,SUPP,SUPP,SUPP,SUPP,SUPP,NE,NE,NE,NE,NE,NE,,,,,SUPP,SUPP,SUPP,SUPP,NE,NE,NE,NE,NE,NE,NE,NE,NE,SUPP,SUPP,SUPP,SUPP,SUPP,SUPP,SUPP,NE,NE,NE,NE,NE,NE,,,,,SUPP,SUPP,SUPP,SUPP,NE,NE,NE,NE,NE,NE,NE,NE,NE,196,,,193,,,45.39,,,A-,,,193,,,45.41,,,A-,,,NE,,,NE,,,NE,,,NE,,,NE,,,NE,,,NE,,,NE,,,NE,,,,,,,,,,,,,,,,,,,,,,,,,,,,,,,,,,,,,,,,,,,,,,,,,,,,,,192,,,99.50%,,,192,,,99.50%,,,NE,,,NE,,,NE,,,NE,,,NE,,,NE,,,9,,,9,,,40,,,B,,,9,,,40,,,B,,,NE,,,NE,,,NE,,,NE,,,NE,,,NE,,,NE,,,NE,,,NE,,,,,,,,,,,,,,,,,,,,,,,,,,,,,,,,,,,,,,,,,,,,,,,,,,,9,,,100.00%,,,9,,,100.00%,,,NE,,,NE,,,NE,,,NE,,,NE,,,NE,,,180,,,178,,,46.03,,,A-,,,178,,,46.06,,,A-,,,NE,,,NE,,,NE,,,NE,,,NE,,,NE,,,NE,,,NE,,,NE,,,,,,,,,,,,,,,,,,,,,,,,,,,,,,,,,,,,,,,,,,,,,,,,,,,177,,,99.40%,,,177,,,99.40%,,,NE,,,NE,,,NE,,,NE,,,NE,,,NE
1,29448,25,4,919,4619,117557,E14000739,Hemel Hempstead,John F Kennedy Catholic School,John F Kennedy Catholic School,Hollybush Lane,,,Hemel Hempstead,HP1 2PH,1442266150,0,VA,Roman Catholic,NSE,OTHER NON SEL,MIXED,0, 11-18,0,,,,,223,105,96,29.84,C,89,30.41,C,89,13.50%,96,29.81,C,11,18.96,Pass+,NE,NE,NE,NE,NE,11,100.00%,,,,,,,,,93,97.80%,97.80%,93,97.80%,93,97.80%,97.80%,93,97.80%,11,81.80%,81.80%,11,81.80%,NE,NE,NE,NE,NE,NE,NE,NE,NE,NE,NE,NE,NE,13,10,18.55,D,10,18.17,D-,SUPP,SUPP,SUPP,NE,NE,NE,,,,,11,81.80%,11,81.80%,SUPP,SUPP,NE,NE,NE,NE,NE,NE,NE,91,85,31.03,C,85,31.06,C,SUPP,SUPP,SUPP,NE,NE,NE,,,,,81,100.00%,81,100.00%,SUPP,SUPP,NE,NE,NE,NE,NE,NE,NE,88,,,87,,,36.81,,,B-,,,87,,,36.9,,,B-,,,7,,,35,,,Dist,,,NE,,,NE,,,NE,,,NE,,,NE,,,NE,,,,,,,,,,,,,,,,,,,,,,,,,,,,,,,,,,,,,,,,,,,,,,,,,,,,,,81,,,100.00%,,,81,,,100.00%,,,7,,,100.00%,,,NE,,,NE,,,NE,,,NE,,,8,,,8,,,28.16,,,C-,,,8,,,28.31,,,C-,,,NE,,,NE,,,NE,,,NE,,,NE,,,NE,,,NE,,,NE,,,NE,,,,,,,,,,,,,,,,,,,,,,,,,,,,,,,,,,,,,,,,,,,,,,,,,,,8,,,100.00%,,,8,,,100.00%,,,NE,,,NE,,,NE,,,NE,,,NE,,,NE,,,79,,,79,,,37.73,,,B-,,,79,,,37.82,,,B-,,,7,,,35,,,Dist,,,NE,,,NE,,,NE,,,NE,,,NE,,,NE,,,,,,,,,,,,,,,,,,,,,,,,,,,,,,,,,,,,,,,,,,,,,,,,,,,72,,,100.00%,,,72,,,100.00%,,,7,,,100.00%,,,NE,,,NE,,,NE,,,NE
1,34112,25,4,919,4620,138106,E14000960,St Albans,,Loreto College,Hatfield Road,,,St Albans,AL1 3RQ,1727856206,0,ACC,Roman Catholic,NSE,OTHER NON SEL,MIXED,0, 11-18,0,,,R,,164,92,86,34.12,C+,80,34.29,C+,80,15.00%,86,34.34,C+,6,31.67,Dist-,NE,NE,NE,1,SUPP,7,85.70%,,,,,,,,,84,94.00%,94.00%,84,94.00%,84,94.00%,94.00%,84,94.00%,7,100.00%,85.70%,7,100.00%,NE,NE,NE,NE,NE,NE,NE,NE,NE,NE,NE,NE,NE,10,9,26.23,C-,9,26.31,C-,NE,NE,NE,NE,NE,NE,,,,,10,90.00%,10,90.00%,NE,NE,NE,NE,NE,NE,NE,NE,NE,80,75,35.67,B-,75,35.9,B-,SUPP,SUPP,SUPP,NE,NE,NE,,,,,73,94.50%,73,94.50%,6,100.00%,NE,NE,NE,NE,NE,NE,NE,73,,,69,,,32.57,,,C+,,,69,,,32.7,,,C+,,,9,,,26.67,,,Merit+,,,NE,,,NE,,,NE,,,NE,,,NE,,,NE,,,,,,,,,,,,,,,,,,,,,,,,,,,,,,,,,,,,,,,,,,,,,,,,,,,,,,59,,,100.00%,,,59,,,100.00%,,,9,,,100.00%,,,NE,,,NE,,,NE,,,NE,,,SUPP,,,SUPP,,,SUPP,,,SUPP,,,SUPP,,,SUPP,,,SUPP,,,NE,,,NE,,,NE,,,NE,,,NE,,,NE,,,NE,,,NE,,,NE,,,,,,,,,,,,,,,,,,,,,,,,,,,,,,,,,,,,,,,,,,,,,,,,,,,SUPP,,,SUPP,,,SUPP,,,SUPP,,,NE,,,NE,,,NE,,,NE,,,NE,,,NE,,,SUPP,,,SUPP,,,SUPP,,,SUPP,,,SUPP,,,SUPP,,,SUPP,,,9,,,26.67,,,Merit+,,,NE,,,NE,,,NE,,,NE,,,NE,,,NE,,,,,,,,,,,,,,,,,,,,,,,,,,,,,,,,,,,,,,,,,,,,,,,,,,,SUPP,,,SUPP,,,SUPP,,,SUPP,,,9,,,100.00%,,,NE,,,NE,,,NE,,,NE
1,68886,25,4,919,4802,136922,E14000745,Hertsmere,,Yavneh College,Hillside Avenue,,,Borehamwood,WD6 1HL,2087365580,0,ACC,Jewish,NSE,OTHER NON SEL,MIXED,0, 11-18,0,,,R,,258,131,75,44.5,B+,73,44.47,B+,73,27.40%,75,44.59,B+,53,39.55,Dist+,NE,NE,NE,1,SUPP,54,98.10%,,,,,,,,,74,98.60%,98.60%,74,98.60%,74,98.60%,98.60%,74,98.60%,55,94.50%,94.50%,55,94.50%,NE,NE,NE,NE,NE,NE,NE,NE,NE,NE,NE,NE,NE,SUPP,SUPP,SUPP,SUPP,SUPP,SUPP,SUPP,SUPP,SUPP,SUPP,NE,NE,NE,,,,,SUPP,SUPP,SUPP,SUPP,SUPP,SUPP,NE,NE,NE,NE,NE,NE,NE,SUPP,SUPP,SUPP,SUPP,SUPP,SUPP,SUPP,SUPP,SUPP,SUPP,NE,NE,NE,,,,,SUPP,SUPP,SUPP,SUPP,SUPP,SUPP,NE,NE,NE,NE,NE,NE,NE,122,,,79,,,47.58,,,A-,,,79,,,47.6,,,A-,,,42,,,41.01,,,Dist+,,,NE,,,NE,,,NE,,,NE,,,NE,,,NE,,,,,,,,,,,,,,,,,,,,,,,,,,,,,,,,,,,,,,,,,,,,,,,,,,,,,,78,,,98.70%,,,78,,,98.70%,,,44,,,97.70%,,,NE,,,NE,,,NE,,,NE,,,SUPP,,,SUPP,,,SUPP,,,SUPP,,,SUPP,,,SUPP,,,SUPP,,,SUPP,,,SUPP,,,SUPP,,,NE,,,NE,,,NE,,,NE,,,NE,,,NE,,,,,,,,,,,,,,,,,,,,,,,,,,,,,,,,,,,,,,,,,,,,,,,,,,,SUPP,,,SUPP,,,SUPP,,,SUPP,,,SUPP,,,SUPP,,,NE,,,NE,,,NE,,,NE,,,SUPP,,,SUPP,,,SUPP,,,SUPP,,,SUPP,,,SUPP,,,SUPP,,,SUPP,,,SUPP,,,SUPP,,,NE,,,NE,,,NE,,,NE,,,NE,,,NE,,,,,,,,,,,,,,,,,,,,,,,,,,,,,,,,,,,,,,,,,,,,,,,,,,,SUPP,,,SUPP,,,SUPP,,,SUPP,,,SUPP,,,SUPP,,,NE,,,NE,,,NE,,,NE
1,46576,25,4,919,5400,136606,E14000951,South West Hertfordshire,,Rickmansworth School,Scots Hill,,,Rickmansworth,WD3 3AQ,1923773296,0,ACC,None,NSE,OTHER NON SEL,MIXED,0, 11-18,0,,,R,,295,160,152,37.44,B-,152,37.41,B-,152,17.80%,152,37.5,B-,NE,NE,NE,NE,NE,NE,1,SUPP,1,SUPP,,,,,,,,,161,96.90%,94.40%,161,95.70%,161,96.90%,94.40%,161,95.70%,NE,NE,NE,NE,NE,NE,NE,NE,NE,NE,NE,NE,NE,NE,NE,NE,NE,NE,7,6,34.44,C+,6,34.44,C+,NE,NE,NE,NE,NE,NE,,,,,7,100.00%,7,100.00%,NE,NE,NE,NE,NE,NE,NE,NE,NE,153,146,37.56,B-,146,37.62,B-,NE,NE,NE,NE,NE,NE,,,,,154,96.80%,154,96.80%,NE,NE,NE,NE,NE,NE,NE,NE,NE,145,,,141,,,40.64,,,B,,,141,,,40.58,,,B,,,NE,,,NE,,,NE,,,NE,,,NE,,,NE,,,NE,,,NE,,,NE,,,,,,,,,,,,,,,,,,,,,,,,,,,,,,,,,,,,,,,,,,,,,,,,,,,,,,144,,,97.90%,,,144,,,97.90%,,,NE,,,NE,,,NE,,,NE,,,NE,,,NE,,,6,,,SUPP,,,SUPP,,,SUPP,,,SUPP,,,SUPP,,,SUPP,,,NE,,,NE,,,NE,,,NE,,,NE,,,NE,,,NE,,,NE,,,NE,,,,,,,,,,,,,,,,,,,,,,,,,,,,,,,,,,,,,,,,,,,,,,,,,,,6,,,50.00%,,,6,,,50.00%,,,NE,,,NE,,,NE,,,NE,,,NE,,,NE,,,139,,,SUPP,,,SUPP,,,SUPP,,,SUPP,,,SUPP,,,SUPP,,,NE,,,NE,,,NE,,,NE,,,NE,,,NE,,,NE,,,NE,,,NE,,,,,,,,,,,,,,,,,,,,,,,,,,,,,,,,,,,,,,,,,,,,,,,,,,,138,,,100.00%,,,138,,,100.00%,,,NE,,,NE,,,NE,,,NE,,,NE,,,NE
1,64572,25,4,919,5401,136276,E14001021,Watford,,Watford Grammar School for Boys,Rickmansworth Road,,,Watford,WD18 7JF,1923208900,0,ACC,Church of England,NSE,OTHER NON SEL,BOYS,0, 11-18,0,,,R,,409,219,218,40.1,B,218,40,B,218,33.50%,219,39.99,B,NE,NE,NE,NE,NE,NE,NE,NE,NE,NE,,,,,,,,,220,99.10%,99.10%,220,99.10%,220,99.10%,99.10%,220,99.10%,NE,NE,NE,NE,NE,NE,NE,NE,NE,NE,NE,NE,NE,NE,NE,NE,NE,NE,SUPP,SUPP,SUPP,SUPP,SUPP,SUPP,SUPP,NE,NE,NE,NE,NE,NE,,,,,6,83.30%,6,83.30%,NE,NE,NE,NE,NE,NE,NE,NE,NE,SUPP,SUPP,SUPP,SUPP,SUPP,SUPP,SUPP,NE,NE,NE,NE,NE,NE,,,,,212,99.50%,212,99.50%,NE,NE,NE,NE,NE,NE,NE,NE,NE,199,,,198,,,43.24,,,B+,,,198,,,42.89,,,B+,,,NE,,,NE,,,NE,,,NE,,,NE,,,NE,,,NE,,,NE,,,NE,,,,,,,,,,,,,,,,,,,,,,,,,,,,,,,,,,,,,,,,,,,,,,,,,,,,,,200,,,99.00%,,,200,,,99.00%,,,NE,,,NE,,,NE,,,NE,,,NE,,,NE,,,9,,,8,,,35.2,,,B-,,,8,,,34.96,,,C+,,,NE,,,NE,,,NE,,,NE,,,NE,,,NE,,,NE,,,NE,,,NE,,,,,,,,,,,,,,,,,,,,,,,,,,,,,,,,,,,,,,,,,,,,,,,,,,,9,,,88.90%,,,9,,,88.90%,,,NE,,,NE,,,NE,,,NE,,,NE,,,NE,,,188,,,188,,,43.63,,,B+,,,188,,,43.26,,,B+,,,NE,,,NE,,,NE,,,NE,,,NE,,,NE,,,NE,,,NE,,,NE,,,,,,,,,,,,,,,,,,,,,,,,,,,,,,,,,,,,,,,,,,,,,,,,,,,189,,,99.50%,,,189,,,99.50%,,,NE,,,NE,,,NE,,,NE,,,NE,,,NE
1,64574,25,4,919,5403,136289,E14001021,Watford,,Watford Grammar School for Girls,Lady's Close,,,Watford,WD18 0AE,1923223403,0,ACC,Church of England,NSE,OTHER NON SEL,GIRLS,0, 11-18,0,,,R,,403,212,203,38.91,B,203,38.69,B,203,28.10%,203,38.7,B,NE,NE,NE,NE,NE,NE,NE,NE,NE,NE,,,,,,,,,212,95.80%,95.80%,212,95.80%,212,95.80%,95.80%,212,95.80%,NE,NE,NE,NE,NE,NE,NE,NE,NE,NE,NE,NE,NE,NE,NE,NE,NE,NE,15,14,37.76,B-,14,37.39,B-,NE,NE,NE,NE,NE,NE,,,,,15,93.30%,15,93.30%,NE,NE,NE,NE,NE,NE,NE,NE,NE,195,188,39.06,B,188,38.85,B,NE,NE,NE,NE,NE,NE,,,,,195,96.40%,195,96.40%,NE,NE,NE,NE,NE,NE,NE,NE,NE,199,,,196,,,43.98,,,B+,,,196,,,43.96,,,B+,,,NE,,,NE,,,NE,,,NE,,,NE,,,NE,,,NE,,,NE,,,NE,,,,,,,,,,,,,,,,,,,,,,,,,,,,,,,,,,,,,,,,,,,,,,,,,,,,,,199,,,98.00%,,,199,,,98.00%,,,NE,,,NE,,,NE,,,NE,,,NE,,,NE,,,16,,,16,,,43.08,,,B+,,,16,,,43.04,,,B+,,,NE,,,NE,,,NE,,,NE,,,NE,,,NE,,,NE,,,NE,,,NE,,,,,,,,,,,,,,,,,,,,,,,,,,,,,,,,,,,,,,,,,,,,,,,,,,,16,,,100.00%,,,16,,,100.00%,,,NE,,,NE,,,NE,,,NE,,,NE,,,NE,,,181,,,178,,,44.09,,,B+,,,178,,,44.07,,,B+,,,NE,,,NE,,,NE,,,NE,,,NE,,,NE,,,NE,,,NE,,,NE,,,,,,,,,,,,,,,,,,,,,,,,,,,,,,,,,,,,,,,,,,,,,,,,,,,181,,,97.80%,,,181,,,97.80%,,,NE,,,NE,,,NE,,,NE,,,NE,,,NE
1,43076,25,4,919,5404,136899,E14001021,Watford,,Parmiter's School,High Elms Lane,Garston,,Watford,WD25 0UU,1923671424,0,ACC,None,NSE,OTHER NON SEL,MIXED,0, 11-18,0,,,R,,374,186,184,41.73,B+,184,41.67,B+,184,38.00%,184,41.92,B+,NE,NE,NE,NE,NE,NE,NE,NE,NE,NE,,,,,,,,,186,98.90%,98.90%,186,98.90%,186,98.90%,98.90%,186,98.90%,NE,NE,NE,NE,NE,NE,NE,NE,NE,NE,NE,NE,NE,NE,NE,NE,NE,NE,SUPP,SUPP,SUPP,SUPP,SUPP,SUPP,SUPP,NE,NE,NE,NE,NE,NE,,,,,SUPP,SUPP,SUPP,SUPP,NE,NE,NE,NE,NE,NE,NE,NE,NE,SUPP,SUPP,SUPP,SUPP,SUPP,SUPP,SUPP,NE,NE,NE,NE,NE,NE,,,,,SUPP,SUPP,SUPP,SUPP,NE,NE,NE,NE,NE,NE,NE,NE,NE,196,,,193,,,46.28,,,A-,,,193,,,46.37,,,A-,,,NE,,,NE,,,NE,,,NE,,,NE,,,NE,,,NE,,,NE,,,NE,,,,,,,,,,,,,,,,,,,,,,,,,,,,,,,,,,,,,,,,,,,,,,,,,,,,,,195,,,99.00%,,,195,,,99.00%,,,NE,,,NE,,,NE,,,NE,,,NE,,,NE,,,9,,,9,,,41.48,,,B,,,9,,,41.47,,,B,,,NE,,,NE,,,NE,,,NE,,,NE,,,NE,,,NE,,,NE,,,NE,,,,,,,,,,,,,,,,,,,,,,,,,,,,,,,,,,,,,,,,,,,,,,,,,,,9,,,100.00%,,,9,,,100.00%,,,NE,,,NE,,,NE,,,NE,,,NE,,,NE,,,184,,,181,,,46.65,,,A-,,,181,,,46.75,,,A-,,,NE,,,NE,,,NE,,,NE,,,NE,,,NE,,,NE,,,NE,,,NE,,,,,,,,,,,,,,,,,,,,,,,,,,,,,,,,,,,,,,,,,,,,,,,,,,,183,,,98.90%,,,183,,,98.90%,,,NE,,,NE,,,NE,,,NE,,,NE,,,NE
1,6166,25,4,919,5405,117577,E14000744,Hertford and Stortford,,The Bishop's Stortford High School,London Road,,,Bishop's Stortford,CM23 3LU,1279868686,0,FD,None,NSE,OTHER NON SEL,MIXED,0, 11-18,0,,,R,,341,152,145,37.29,B-,135,37.28,B-,135,19.30%,146,37.29,B-,10,39.75,Dist+,NE,NE,NE,2,SUPP,12,83.30%,,,,,,,,,140,95.70%,95.70%,140,95.70%,140,95.70%,95.70%,140,95.70%,12,91.70%,83.30%,12,91.70%,NE,NE,NE,NE,NE,NE,NE,NE,NE,NE,NE,NE,NE,11,10,31.92,C+,11,31.41,C,SUPP,SUPP,SUPP,NE,NE,NE,,,,,9,88.90%,9,88.90%,SUPP,SUPP,NE,NE,NE,NE,NE,NE,NE,140,135,37.65,B-,135,37.67,B-,SUPP,SUPP,SUPP,NE,NE,NE,,,,,131,96.20%,131,96.20%,SUPP,SUPP,NE,NE,NE,NE,NE,NE,NE,196,,,192,,,42.46,,,B+,,,192,,,42.11,,,B+,,,23,,,35.54,,,Dist,,,NE,,,NE,,,NE,,,NE,,,NE,,,NE,,,,,,,,,,,,,,,,,,,,,,,,,,,,,,,,,,,,,,,,,,,,,,,,,,,,,,173,,,99.40%,,,173,,,99.40%,,,24,,,95.80%,,,NE,,,NE,,,NE,,,NE,,,10,,,10,,,35.42,,,B-,,,10,,,35.07,,,B-,,,NE,,,NE,,,NE,,,NE,,,NE,,,NE,,,NE,,,NE,,,NE,,,,,,,,,,,,,,,,,,,,,,,,,,,,,,,,,,,,,,,,,,,,,,,,,,,10,,,100.00%,,,10,,,100.00%,,,NE,,,NE,,,NE,,,NE,,,NE,,,NE,,,186,,,182,,,42.86,,,B+,,,182,,,42.52,,,B+,,,23,,,35.54,,,Dist,,,NE,,,NE,,,NE,,,NE,,,NE,,,NE,,,,,,,,,,,,,,,,,,,,,,,,,,,,,,,,,,,,,,,,,,,,,,,,,,,163,,,99.40%,,,163,,,99.40%,,,24,,,95.80%,,,NE,,,NE,,,NE,,,NE
1,2962,25,4,919,5406,117578,E14000951,South West Hertfordshire,,Ashlyns School,Chesham Road,,,Berkhamsted,HP4 3AH,1442863605,0,FD,None,NSE,OTHER NON SEL,MIXED,0, 11-18,0,,,R,,277,121,110,38.49,B,105,38.67,B,105,14.30%,110,38.57,B,4,SUPP,SUPP,NE,NE,NE,NE,NE,4,SUPP,,,,,,,,,118,93.20%,93.20%,117,93.20%,118,93.20%,93.20%,117,93.20%,4,SUPP,SUPP,4,SUPP,NE,NE,NE,NE,NE,NE,NE,NE,NE,NE,NE,NE,NE,9,SUPP,SUPP,SUPP,SUPP,SUPP,SUPP,SUPP,SUPP,SUPP,NE,NE,NE,,,,,7,71.40%,7,71.40%,SUPP,SUPP,NE,NE,NE,NE,NE,NE,NE,110,SUPP,SUPP,SUPP,SUPP,SUPP,SUPP,SUPP,SUPP,SUPP,NE,NE,NE,,,,,109,94.50%,109,94.50%,SUPP,SUPP,NE,NE,NE,NE,NE,NE,NE,136,,,127,,,42.7,,,B+,,,127,,,42.68,,,B+,,,3,,,SUPP,,,SUPP,,,NE,,,NE,,,NE,,,NE,,,NE,,,NE,,,,,,,,,,,,,,,,,,,,,,,,,,,,,,,,,,,,,,,,,,,,,,,,,,,,,,134,,,94.80%,,,134,,,94.80%,,,2,,,SUPP,,,NE,,,NE,,,NE,,,NE,,,8,,,8,,,38.33,,,B-,,,8,,,38.33,,,B-,,,NE,,,NE,,,NE,,,NE,,,NE,,,NE,,,NE,,,NE,,,NE,,,,,,,,,,,,,,,,,,,,,,,,,,,,,,,,,,,,,,,,,,,,,,,,,,,8,,,100.00%,,,8,,,100.00%,,,NE,,,NE,,,NE,,,NE,,,NE,,,NE,,,128,,,119,,,42.99,,,B+,,,119,,,42.97,,,B+,,,SUPP,,,SUPP,,,SUPP,,,NE,,,NE,,,NE,,,NE,,,NE,,,NE,,,,,,,,,,,,,,,,,,,,,,,,,,,,,,,,,,,,,,,,,,,,,,,,,,,126,,,94.40%,,,126,,,94.40%,,,SUPP,,,SUPP,,,NE,,,NE,,,NE,,,NE
1,15392,25,4,919,5407,136554,E14000745,Hertsmere,,Dame Alice Owen's School,Dugdale Hill Lane,,,Potters Bar,EN6 2DU,1707643441,0,ACC,None,NSE,OTHER NON SEL,MIXED,0, 11-18,0,,,R,,443,212,209,45.81,A-,209,45.69,A-,209,50.70%,209,45.9,A-,NE,NE,NE,NE,NE,NE,1,SUPP,1,SUPP,,,,,,,,,212,98.60%,98.60%,212,98.60%,212,98.60%,98.60%,212,98.60%,NE,NE,NE,NE,NE,NE,NE,NE,NE,NE,NE,NE,NE,NE,NE,NE,NE,NE,13,13,37.32,B-,13,37.48,B-,NE,NE,NE,NE,NE,NE,,,,,13,100.00%,13,100.00%,NE,NE,NE,NE,NE,NE,NE,NE,NE,199,196,46.36,A-,196,46.45,A-,NE,NE,NE,NE,NE,NE,,,,,199,98.50%,199,98.50%,NE,NE,NE,NE,NE,NE,NE,NE,NE,215,,,212,,,50.52,,,A,,,212,,,50.64,,,A,,,NE,,,NE,,,NE,,,NE,,,NE,,,NE,,,NE,,,NE,,,NE,,,,,,,,,,,,,,,,,,,,,,,,,,,,,,,,,,,,,,,,,,,,,,,,,,,,,,215,,,99.10%,,,215,,,99.10%,,,NE,,,NE,,,NE,,,NE,,,NE,,,NE,,,10,,,10,,,39.67,,,B,,,10,,,39.67,,,B,,,NE,,,NE,,,NE,,,NE,,,NE,,,NE,,,NE,,,NE,,,NE,,,,,,,,,,,,,,,,,,,,,,,,,,,,,,,,,,,,,,,,,,,,,,,,,,,10,,,100.00%,,,10,,,100.00%,,,NE,,,NE,,,NE,,,NE,,,NE,,,NE,,,205,,,202,,,51.03,,,A,,,202,,,51.14,,,A,,,NE,,,NE,,,NE,,,NE,,,NE,,,NE,,,NE,,,NE,,,NE,,,,,,,,,,,,,,,,,,,,,,,,,,,,,,,,,,,,,,,,,,,,,,,,,,,205,,,99.00%,,,205,,,99.00%,,,NE,,,NE,,,NE,,,NE,,,NE,,,NE
1,9528,25,4,919,5408,137872,E14000745,Hertsmere,,Bushey Meads School,Coldharbour Lane,,,Bushey,WD23 4PA,2089503000,0,ACC,None,NSE,OTHER NON SEL,MIXED,0, 11-18,0,,,R,,255,143,113,30.53,C,85,31.29,C,85,9.40%,115,30.32,C,37,25.17,Merit,NE,NE,NE,3,SUPP,40,92.50%,,,,,,,,,120,87.50%,82.50%,120,83.30%,120,87.50%,82.50%,120,83.30%,21,95.20%,95.20%,21,95.20%,NE,NE,NE,NE,NE,NE,NE,NE,NE,NE,NE,NE,NE,15,11,20.8,D,11,20.39,D,SUPP,SUPP,SUPP,NE,NE,NE,,,,,12,83.30%,12,83.30%,SUPP,SUPP,NE,NE,NE,NE,NE,NE,NE,126,101,31.26,C,103,31.05,C,SUPP,SUPP,SUPP,NE,NE,NE,,,,,108,88.00%,108,88.00%,SUPP,SUPP,NE,NE,NE,NE,NE,NE,NE,134,,,122,,,36.16,,,B-,,,124,,,35.73,,,B-,,,29,,,30.68,,,Dist-,,,NE,,,NE,,,NE,,,NE,,,NE,,,NE,,,,,,,,,,,,,,,,,,,,,,,,,,,,,,,,,,,,,,,,,,,,,,,,,,,,,,119,,,96.60%,,,119,,,96.60%,,,14,,,92.90%,,,NE,,,NE,,,NE,,,NE,,,14,,,13,,,29.72,,,C,,,14,,,29.51,,,C,,,SUPP,,,SUPP,,,SUPP,,,NE,,,NE,,,NE,,,NE,,,NE,,,NE,,,,,,,,,,,,,,,,,,,,,,,,,,,,,,,,,,,,,,,,,,,,,,,,,,,13,,,100.00%,,,13,,,100.00%,,,SUPP,,,SUPP,,,NE,,,NE,,,NE,,,NE,,,120,,,109,,,36.95,,,B-,,,110,,,36.51,,,B-,,,SUPP,,,SUPP,,,SUPP,,,NE,,,NE,,,NE,,,NE,,,NE,,,NE,,,,,,,,,,,,,,,,,,,,,,,,,,,,,,,,,,,,,,,,,,,,,,,,,,,106,,,96.20%,,,106,,,96.20%,,,SUPP,,,SUPP,,,NE,,,NE,,,NE,,,NE
1,45316,25,4,919,5410,136877,E14000745,Hertsmere,,Queens' School,Aldenham Road,,,Bushey,WD23 2TY,1923224465,0,ACC,None,NSE,OTHER NON SEL,MIXED,0, 11-18,0,,,R,,348,173,163,36.11,B-,141,36.67,B-,141,17.70%,163,35.99,B-,22,37.71,Dist+,NE,NE,NE,NE,NE,22,100.00%,,,,,,,,,171,94.20%,94.20%,171,94.20%,171,94.20%,94.20%,171,94.20%,3,SUPP,SUPP,3,SUPP,NE,NE,NE,NE,NE,NE,NE,NE,NE,NE,NE,NE,NE,13,10,37.31,B-,10,37.28,B-,SUPP,SUPP,SUPP,NE,NE,NE,,,,,12,83.30%,12,83.30%,NE,NE,NE,NE,NE,NE,NE,NE,NE,160,153,36.04,B-,153,35.92,B-,SUPP,SUPP,SUPP,NE,NE,NE,,,,,159,95.00%,159,95.00%,SUPP,SUPP,NE,NE,NE,NE,NE,NE,NE,175,,,169,,,38.4,,,B,,,169,,,38.22,,,B-,,,12,,,30.67,,,Dist-,,,NE,,,NE,,,NE,,,NE,,,NE,,,NE,,,,,,,,,,,,,,,,,,,,,,,,,,,,,,,,,,,,,,,,,,,,,,,,,,,,,,171,,,97.10%,,,171,,,97.10%,,,3,,,SUPP,,,NE,,,NE,,,NE,,,NE,,,16,,,14,,,36.59,,,B-,,,14,,,36.49,,,B-,,,SUPP,,,SUPP,,,SUPP,,,NE,,,NE,,,NE,,,NE,,,NE,,,NE,,,,,,,,,,,,,,,,,,,,,,,,,,,,,,,,,,,,,,,,,,,,,,,,,,,15,,,93.30%,,,15,,,93.30%,,,NE,,,NE,,,NE,,,NE,,,NE,,,NE,,,159,,,155,,,38.56,,,B,,,155,,,38.37,,,B,,,SUPP,,,SUPP,,,SUPP,,,NE,,,NE,,,NE,,,NE,,,NE,,,NE,,,,,,,,,,,,,,,,,,,,,,,,,,,,,,,,,,,,,,,,,,,,,,,,,,,156,,,97.40%,,,156,,,97.40%,,,SUPP,,,SUPP,,,NE,,,NE,,,NE,,,NE
1,37906,25,4,919,5411,137224,E14000745,Hertsmere,,Mount Grace School,Church Road,,,Potters Bar,EN6 1EZ,1707655512,0,ACC,None,NSE,OTHER NON SEL,MIXED,0, 11-18,0,,,R,,75,57,36,27.04,C-,12,30,C,12,8.30%,36,27.04,C-,42,27.22,Merit+,3,SUPP,SUPP,3,SUPP,42,100.00%,,,,,,,,,23,100.00%,100.00%,23,100.00%,23,100.00%,100.00%,23,100.00%,32,93.80%,84.40%,32,93.80%,NE,NE,NE,NE,NE,NE,NE,NE,NE,NE,NE,NE,NE,7,SUPP,SUPP,SUPP,SUPP,SUPP,SUPP,SUPP,SUPP,SUPP,NE,NE,NE,,,,,SUPP,SUPP,SUPP,SUPP,6,83.30%,NE,NE,NE,NE,NE,NE,NE,49,SUPP,SUPP,SUPP,SUPP,SUPP,SUPP,SUPP,SUPP,SUPP,SUPP,SUPP,SUPP,,,,,SUPP,SUPP,SUPP,SUPP,26,96.20%,NE,NE,NE,NE,NE,NE,NE,35,,,15,,,33,,,C+,,,15,,,33,,,C+,,,22,,,25.31,,,Merit,,,1,,,SUPP,,,SUPP,,,NE,,,NE,,,NE,,,,,,,,,,,,,,,,,,,,,,,,,,,,,,,,,,,,,,,,,,,,,,,,,,,,,,10,,,100.00%,,,10,,,100.00%,,,21,,,76.20%,,,NE,,,NE,,,NE,,,NE,,,SUPP,,,SUPP,,,SUPP,,,SUPP,,,SUPP,,,SUPP,,,SUPP,,,SUPP,,,SUPP,,,SUPP,,,NE,,,NE,,,NE,,,NE,,,NE,,,NE,,,,,,,,,,,,,,,,,,,,,,,,,,,,,,,,,,,,,,,,,,,,,,,,,,,SUPP,,,SUPP,,,SUPP,,,SUPP,,,SUPP,,,SUPP,,,NE,,,NE,,,NE,,,NE,,,SUPP,,,SUPP,,,SUPP,,,SUPP,,,SUPP,,,SUPP,,,SUPP,,,SUPP,,,SUPP,,,SUPP,,,SUPP,,,SUPP,,,SUPP,,,NE,,,NE,,,NE,,,,,,,,,,,,,,,,,,,,,,,,,,,,,,,,,,,,,,,,,,,,,,,,,,,SUPP,,,SUPP,,,SUPP,,,SUPP,,,SUPP,,,SUPP,,,NE,,,NE,,,NE,,,NE
1,39254,25,4,919,5412,137938,E14000960,St Albans,,Nicholas Breakspear Catholic School,Colney Heath Lane,,,St Albans,AL4 0TT,1727860079,0,ACC,Roman Catholic,NSE,OTHER NON SEL,MIXED,0, 11-18,0,,,R,,131,60,52,31.46,C,34,33.14,C+,34,11.80%,52,31.69,C+,20,27.41,Merit+,11,36.36,Dist,11,100.00%,20,100.00%,,,,,,,,,47,95.70%,95.70%,47,95.70%,47,95.70%,95.70%,47,95.70%,13,92.30%,92.30%,13,92.30%,NE,NE,NE,NE,NE,NE,NE,NE,NE,NE,NE,NE,NE,9,8,29.44,C,8,29.44,C,SUPP,SUPP,SUPP,SUPP,SUPP,SUPP,,,,,SUPP,SUPP,SUPP,SUPP,SUPP,SUPP,NE,NE,NE,NE,NE,NE,NE,51,44,31.77,C+,44,32.03,C+,SUPP,SUPP,SUPP,SUPP,SUPP,SUPP,,,,,SUPP,SUPP,SUPP,SUPP,SUPP,SUPP,NE,NE,NE,NE,NE,NE,NE,40,,,35,,,39.31,,,B,,,35,,,39.45,,,B,,,13,,,41.47,,,Dist+,,,8,,,41.25,,,Dist+,,,NE,,,NE,,,NE,,,,,,,,,,,,,,,,,,,,,,,,,,,,,,,,,,,,,,,,,,,,,,,,,,,,,,31,,,100.00%,,,31,,,100.00%,,,4,,,SUPP,,,5,,,SUPP,,,NE,,,NE,,,SUPP,,,SUPP,,,SUPP,,,SUPP,,,SUPP,,,SUPP,,,SUPP,,,SUPP,,,SUPP,,,SUPP,,,SUPP,,,SUPP,,,SUPP,,,NE,,,NE,,,NE,,,,,,,,,,,,,,,,,,,,,,,,,,,,,,,,,,,,,,,,,,,,,,,,,,,SUPP,,,SUPP,,,SUPP,,,SUPP,,,SUPP,,,SUPP,,,SUPP,,,SUPP,,,NE,,,NE,,,SUPP,,,SUPP,,,SUPP,,,SUPP,,,SUPP,,,SUPP,,,SUPP,,,SUPP,,,SUPP,,,SUPP,,,SUPP,,,SUPP,,,SUPP,,,NE,,,NE,,,NE,,,,,,,,,,,,,,,,,,,,,,,,,,,,,,,,,,,,,,,,,,,,,,,,,,,SUPP,,,SUPP,,,SUPP,,,SUPP,,,SUPP,,,SUPP,,,SUPP,,,SUPP,,,NE,,,NE
1,51166,25,4,919,5413,137895,E14000968,Stevenage,,The Saint John Henry Newman Catholic School,Hitchin Road,,,Stevenage,SG1 4AE,1438314643,0,ACC,Roman Catholic,NSE,OTHER NON SEL,MIXED,0, 11-18,0,,,R,,404,211,183,36.12,B-,147,35.96,B-,147,10.20%,183,36.11,B-,47,31.96,Dist-,4,SUPP,SUPP,12,33.30%,55,85.50%,,,,,,,,,172,97.10%,96.50%,172,97.10%,172,97.10%,96.50%,172,97.10%,29,86.20%,86.20%,29,86.20%,2,SUPP,SUPP,2,SUPP,NE,NE,NE,NE,NE,NE,NE,NE,10,9,30.54,C,9,30.54,C,SUPP,SUPP,SUPP,NE,NE,NE,,,,,7,100.00%,7,100.00%,SUPP,SUPP,NE,NE,NE,NE,NE,NE,NE,200,173,36.51,B-,173,36.5,B-,SUPP,SUPP,SUPP,SUPP,SUPP,SUPP,,,,,164,97.00%,164,97.00%,SUPP,SUPP,SUPP,SUPP,NE,NE,NE,NE,NE,206,,,173,,,39.82,,,B,,,173,,,39.82,,,B,,,63,,,33.37,,,Dist,,,16,,,38.75,,,Dist+,,,NE,,,NE,,,NE,,,,,,,,,,,,,,,,,,,,,,,,,,,,,,,,,,,,,,,,,,,,,,,,,,,,,,148,,,98.60%,,,148,,,98.60%,,,50,,,96.00%,,,2,,,SUPP,,,NE,,,NE,,,24,,,19,,,32.73,,,C+,,,19,,,32.73,,,C+,,,9,,,30.63,,,Dist-,,,SUPP,,,SUPP,,,SUPP,,,NE,,,NE,,,NE,,,,,,,,,,,,,,,,,,,,,,,,,,,,,,,,,,,,,,,,,,,,,,,,,,,12,,,100.00%,,,12,,,100.00%,,,9,,,88.90%,,,SUPP,,,SUPP,,,NE,,,NE,,,181,,,154,,,40.6,,,B,,,154,,,40.6,,,B,,,53,,,33.89,,,Dist,,,SUPP,,,SUPP,,,SUPP,,,NE,,,NE,,,NE,,,,,,,,,,,,,,,,,,,,,,,,,,,,,,,,,,,,,,,,,,,,,,,,,,,136,,,98.50%,,,136,,,98.50%,,,41,,,97.60%,,,SUPP,,,SUPP,,,NE,,,NE
1,35538,25,4,919,5414,138042,E14000960,St Albans,,The Marlborough Science Academy,Watling Street,,,St Albans,AL1 2QA,1727856874,0,ACC,None,NSE,OTHER NON SEL,MIXED,0, 11-18,0,,,,,205,84,80,28.08,C-,73,26.48,C-,73,5.50%,80,28.25,C-,8,23.89,Merit,NE,NE,NE,NE,NE,8,100.00%,,,,,,,,,85,94.10%,94.10%,85,94.10%,85,94.10%,94.10%,85,94.10%,1,SUPP,SUPP,1,SUPP,NE,NE,NE,NE,NE,NE,NE,NE,NE,NE,NE,NE,NE,10,8,23.08,D+,8,23.18,D+,SUPP,SUPP,SUPP,NE,NE,NE,,,,,10,80.00%,10,80.00%,NE,NE,NE,NE,NE,NE,NE,NE,NE,74,72,28.56,C,72,28.74,C,SUPP,SUPP,SUPP,NE,NE,NE,,,,,75,96.00%,75,96.00%,SUPP,SUPP,NE,NE,NE,NE,NE,NE,NE,109,,,98,,,29.73,,,C,,,98,,,29.73,,,C,,,13,,,21.92,,,Merit-,,,NE,,,NE,,,NE,,,NE,,,NE,,,NE,,,,,,,,,,,,,,,,,,,,,,,,,,,,,,,,,,,,,,,,,,,,,,,,,,,,,,107,,,94.40%,,,107,,,94.40%,,,3,,,SUPP,,,NE,,,NE,,,NE,,,NE,,,20,,,20,,,27.61,,,C-,,,20,,,27.62,,,C-,,,SUPP,,,SUPP,,,SUPP,,,NE,,,NE,,,NE,,,NE,,,NE,,,NE,,,,,,,,,,,,,,,,,,,,,,,,,,,,,,,,,,,,,,,,,,,,,,,,,,,20,,,100.00%,,,20,,,100.00%,,,NE,,,NE,,,NE,,,NE,,,NE,,,NE,,,88,,,78,,,30.29,,,C,,,78,,,30.29,,,C,,,SUPP,,,SUPP,,,SUPP,,,NE,,,NE,,,NE,,,NE,,,NE,,,NE,,,,,,,,,,,,,,,,,,,,,,,,,,,,,,,,,,,,,,,,,,,,,,,,,,,86,,,94.20%,,,86,,,94.20%,,,SUPP,,,SUPP,,,NE,,,NE,,,NE,,,NE
1,21938,25,4,919,5415,137532,E14000606,Broxbourne,,Goffs Academy,Goffs Lane,Cheshunt,,Waltham Cross,EN7 5QW,1992630443,0,ACC,None,NSE,OTHER NON SEL,MIXED,0, 11-18,0,,,R,,343,188,154,32.05,C+,99,33.94,C+,99,10.10%,154,32.1,C+,82,30.93,Dist-,NE,NE,NE,NE,NE,82,100.00%,,,,,,,,,134,94.80%,94.80%,134,94.80%,134,94.80%,94.80%,134,94.80%,54,81.50%,79.60%,54,79.60%,NE,NE,NE,NE,NE,NE,NE,NE,NE,NE,NE,NE,NE,34,23,29.35,C,23,29.35,C,19,28.39,Merit+,NE,NE,NE,,,,,18,94.40%,18,94.40%,16,81.30%,NE,NE,NE,NE,NE,NE,NE,152,129,32.73,C+,129,32.77,C+,62,31.68,Dist-,NE,NE,NE,,,,,115,94.80%,115,94.80%,37,81.10%,NE,NE,NE,NE,NE,NE,NE,174,,,143,,,38.08,,,B-,,,143,,,38.09,,,B-,,,77,,,31.79,,,Dist-,,,NE,,,NE,,,NE,,,NE,,,NE,,,NE,,,,,,,,,,,,,,,,,,,,,,,,,,,,,,,,,,,,,,,,,,,,,,,,,,,,,,120,,,97.50%,,,120,,,97.50%,,,50,,,90.00%,,,NE,,,NE,,,NE,,,NE,,,22,,,15,,,35.08,,,B-,,,15,,,35.03,,,B-,,,12,,,30.71,,,Dist-,,,NE,,,NE,,,NE,,,NE,,,NE,,,NE,,,,,,,,,,,,,,,,,,,,,,,,,,,,,,,,,,,,,,,,,,,,,,,,,,,10,,,100.00%,,,10,,,100.00%,,,11,,,81.80%,,,NE,,,NE,,,NE,,,NE,,,151,,,128,,,38.38,,,B,,,128,,,38.4,,,B,,,65,,,32,,,Dist-,,,NE,,,NE,,,NE,,,NE,,,NE,,,NE,,,,,,,,,,,,,,,,,,,,,,,,,,,,,,,,,,,,,,,,,,,,,,,,,,,110,,,97.30%,,,110,,,97.30%,,,39,,,92.30%,,,NE,,,NE,,,NE,,,NE
1,32836,25,4,919,5416,137156,E14000744,Hertford and Stortford,,Leventhorpe,Cambridge Road,,,Sawbridgeworth,CM21 9BY,1279836633,0,ACC,None,NSE,OTHER NON SEL,MIXED,0, 11-18,0,,,R,,286,110,100,28.51,C,64,29.84,C,64,7.80%,103,28.15,C-,54,32.06,Dist-,8,34.38,Dist,8,100.00%,54,100.00%,,,,,,,,,80,95.00%,91.30%,80,93.80%,80,95.00%,91.30%,80,93.80%,31,90.30%,90.30%,31,90.30%,NE,NE,NE,NE,NE,NE,NE,NE,NE,NE,NE,NE,NE,11,10,28,C-,11,27.64,C-,6,34.67,Dist,SUPP,SUPP,SUPP,,,,,8,100.00%,8,100.00%,SUPP,SUPP,NE,NE,NE,NE,NE,NE,NE,98,89,28.59,C,91,28.23,C-,47,31.83,Dist-,SUPP,SUPP,SUPP,,,,,71,94.40%,71,94.40%,SUPP,SUPP,NE,NE,NE,NE,NE,NE,NE,125,,,114,,,33.44,,,C+,,,114,,,33.45,,,C+,,,33,,,35.88,,,Dist,,,5,,,SUPP,,,SUPP,,,NE,,,NE,,,NE,,,,,,,,,,,,,,,,,,,,,,,,,,,,,,,,,,,,,,,,,,,,,,,,,,,,,,99,,,93.90%,,,99,,,93.90%,,,25,,,84.00%,,,NE,,,NE,,,NE,,,NE,,,6,,,6,,,27.65,,,C-,,,6,,,27.69,,,C-,,,SUPP,,,SUPP,,,SUPP,,,NE,,,NE,,,NE,,,NE,,,NE,,,NE,,,,,,,,,,,,,,,,,,,,,,,,,,,,,,,,,,,,,,,,,,,,,,,,,,,6,,,100.00%,,,6,,,100.00%,,,NE,,,NE,,,NE,,,NE,,,NE,,,NE,,,119,,,108,,,33.79,,,C+,,,108,,,33.78,,,C+,,,SUPP,,,SUPP,,,SUPP,,,SUPP,,,SUPP,,,SUPP,,,NE,,,NE,,,NE,,,,,,,,,,,,,,,,,,,,,,,,,,,,,,,,,,,,,,,,,,,,,,,,,,,93,,,93.50%,,,93,,,93.50%,,,25,,,84.00%,,,NE,,,NE,,,NE,,,NE
1,53728,25,4,919,5417,137922,E14001021,Watford,,Saint Michael's Catholic High School,High Elms Lane,Garston,,Watford,WD25 0SS,1923673760,0,ACC,Roman Catholic,NSE,OTHER NON SEL,MIXED,0, 11-18,0,,,R,,224,113,101,33.81,C+,50,36.6,B-,50,22.00%,101,33.85,C+,62,26.13,Merit,NE,NE,NE,NE,NE,62,100.00%,,,,,,,,,52,100.00%,100.00%,52,98.10%,52,100.00%,100.00%,52,98.10%,60,95.00%,95.00%,60,95.00%,NE,NE,NE,NE,NE,NE,NE,NE,NE,NE,NE,NE,NE,9,6,36.3,B-,6,36.3,B-,SUPP,SUPP,SUPP,NE,NE,NE,,,,,SUPP,SUPP,SUPP,SUPP,6,83.30%,NE,NE,NE,NE,NE,NE,NE,99,91,33.62,C+,91,33.66,C+,SUPP,SUPP,SUPP,NE,NE,NE,,,,,SUPP,SUPP,SUPP,SUPP,54,96.30%,NE,NE,NE,NE,NE,NE,NE,94,,,86,,,36.8,,,B-,,,86,,,36.87,,,B-,,,45,,,34.62,,,Dist,,,NE,,,NE,,,NE,,,NE,,,NE,,,NE,,,,,,,,,,,,,,,,,,,,,,,,,,,,,,,,,,,,,,,,,,,,,,,,,,,,,,76,,,100.00%,,,76,,,100.00%,,,18,,,94.40%,,,NE,,,NE,,,NE,,,NE,,,6,,,SUPP,,,SUPP,,,SUPP,,,SUPP,,,SUPP,,,SUPP,,,SUPP,,,SUPP,,,SUPP,,,NE,,,NE,,,NE,,,NE,,,NE,,,NE,,,,,,,,,,,,,,,,,,,,,,,,,,,,,,,,,,,,,,,,,,,,,,,,,,,SUPP,,,SUPP,,,SUPP,,,SUPP,,,SUPP,,,SUPP,,,NE,,,NE,,,NE,,,NE,,,87,,,SUPP,,,SUPP,,,SUPP,,,SUPP,,,SUPP,,,SUPP,,,SUPP,,,SUPP,,,SUPP,,,NE,,,NE,,,NE,,,NE,,,NE,,,NE,,,,,,,,,,,,,,,,,,,,,,,,,,,,,,,,,,,,,,,,,,,,,,,,,,,SUPP,,,SUPP,,,SUPP,,,SUPP,,,SUPP,,,SUPP,,,NE,,,NE,,,NE,,,NE
1,51078,25,4,919,5418,137914,E14000951,South West Hertfordshire,,Saint Joan of Arc Catholic School,High Street,,,Rickmansworth,WD3 1HG,1923773881,0,ACC,Roman Catholic,NSE,OTHER NON SEL,MIXED,0, 11-18,0,,,R,,179,86,80,36.82,B-,61,37.98,B-,61,11.50%,80,36.23,B-,21,31.52,Dist-,NE,NE,NE,NE,NE,21,100.00%,,,,,,,,,83,96.40%,94.00%,83,95.20%,83,96.40%,94.00%,83,95.20%,2,SUPP,SUPP,2,SUPP,NE,NE,NE,NE,NE,NE,NE,NE,NE,NE,NE,NE,NE,9,9,29.57,C,9,28.94,C,SUPP,SUPP,SUPP,NE,NE,NE,,,,,9,100.00%,9,100.00%,NE,NE,NE,NE,NE,NE,NE,NE,NE,77,71,37.65,B-,71,37.05,B-,SUPP,SUPP,SUPP,NE,NE,NE,,,,,74,95.90%,74,95.90%,SUPP,SUPP,NE,NE,NE,NE,NE,NE,NE,109,,,105,,,38.45,,,B,,,105,,,38.52,,,B,,,31,,,31.25,,,Dist-,,,NE,,,NE,,,NE,,,NE,,,NE,,,NE,,,,,,,,,,,,,,,,,,,,,,,,,,,,,,,,,,,,,,,,,,,,,,,,,,,,,,104,,,97.10%,,,104,,,97.10%,,,5,,,SUPP,,,NE,,,NE,,,NE,,,NE,,,10,,,9,,,32.8,,,C+,,,9,,,33,,,C+,,,SUPP,,,SUPP,,,SUPP,,,NE,,,NE,,,NE,,,NE,,,NE,,,NE,,,,,,,,,,,,,,,,,,,,,,,,,,,,,,,,,,,,,,,,,,,,,,,,,,,10,,,100.00%,,,10,,,100.00%,,,NE,,,NE,,,NE,,,NE,,,NE,,,NE,,,99,,,96,,,39,,,B,,,96,,,39.06,,,B,,,SUPP,,,SUPP,,,SUPP,,,NE,,,NE,,,NE,,,NE,,,NE,,,NE,,,,,,,,,,,,,,,,,,,,,,,,,,,,,,,,,,,,,,,,,,,,,,,,,,,94,,,96.80%,,,94,,,96.80%,,,SUPP,,,SUPP,,,NE,,,NE,,,NE,,,NE
1,11226,25,4,919,5419,147246,E14001027,Welwyn Hatfield,,Chancellor's School,Pine Grove,Brookmans Park,,Hatfield,AL9 7BN,1707650702,0,ACC,None,NSE,OTHER NON SEL,MIXED,0, 11-18,0,,,,,210,107,101,33.7,C+,85,34.31,C+,85,10.60%,101,33.46,C+,91,27.14,Merit+,5,SUPP,SUPP,5,SUPP,91,100.00%,,,,,,,,,104,96.20%,95.20%,104,96.20%,104,96.20%,95.20%,104,96.20%,1,SUPP,SUPP,1,SUPP,1,SUPP,SUPP,1,SUPP,NE,NE,NE,NE,NE,NE,NE,NE,7,7,30,C,7,29.86,C,7,30.57,Dist-,SUPP,SUPP,SUPP,,,,,7,100.00%,7,100.00%,NE,NE,NE,NE,NE,NE,NE,NE,NE,99,93,34.07,C+,93,33.82,C+,84,26.92,Merit+,SUPP,SUPP,SUPP,,,,,96,95.80%,96,95.80%,SUPP,SUPP,SUPP,SUPP,NE,NE,NE,NE,NE,118,,,110,,,40.52,,,B,,,110,,,40.39,,,B,,,18,,,35,,,Dist,,,8,,,43.75,,,Dist*-,,,NE,,,NE,,,NE,,,,,,,,,,,,,,,,,,,,,,,,,,,,,,,,,,,,,,,,,,,,,,,,,,,,,,111,,,97.30%,,,111,,,97.30%,,,5,,,SUPP,,,1,,,SUPP,,,NE,,,NE,,,9,,,7,,,39,,,B,,,7,,,38.74,,,B,,,SUPP,,,SUPP,,,SUPP,,,NE,,,NE,,,NE,,,NE,,,NE,,,NE,,,,,,,,,,,,,,,,,,,,,,,,,,,,,,,,,,,,,,,,,,,,,,,,,,,7,,,100.00%,,,7,,,100.00%,,,SUPP,,,SUPP,,,NE,,,NE,,,NE,,,NE,,,108,,,102,,,40.84,,,B,,,102,,,40.72,,,B,,,SUPP,,,SUPP,,,SUPP,,,8,,,43.75,,,Dist*-,,,NE,,,NE,,,NE,,,,,,,,,,,,,,,,,,,,,,,,,,,,,,,,,,,,,,,,,,,,,,,,,,,103,,,97.10%,,,103,,,97.10%,,,SUPP,,,SUPP,,,SUPP,,,SUPP,,,NE,,,NE
1,25976,25,4,919,5420,140786,E14000744,Hertford and Stortford,,The Hertfordshire & Essex High School and Science College,Warwick Road,,,Bishop's Stortford,CM23 5NJ,1279654127,0,ACC,None,NSE,OTHER NON SEL,MIXED,0, 11-18,0,,,R,,559,308,295,37.78,B-,275,37.41,B-,275,18.90%,295,37.39,B-,34,36.73,Dist+,4,SUPP,SUPP,6,66.70%,36,94.40%,,,,,,,,,302,95.70%,95.70%,302,95.70%,302,95.70%,95.70%,302,95.70%,4,SUPP,SUPP,4,SUPP,4,SUPP,SUPP,4,SUPP,NE,NE,NE,NE,NE,NE,NE,NE,26,23,32.42,C+,23,32.09,C+,SUPP,SUPP,SUPP,NE,NE,NE,,,,,25,88.00%,25,88.00%,SUPP,SUPP,NE,NE,NE,NE,NE,NE,NE,277,267,37.91,B-,267,37.53,B-,SUPP,SUPP,SUPP,SUPP,SUPP,SUPP,,,,,272,96.30%,272,96.30%,SUPP,SUPP,SUPP,SUPP,NE,NE,NE,NE,NE,232,,,226,,,42.1,,,B+,,,227,,,41.99,,,B+,,,35,,,32.11,,,Dist-,,,5,,,SUPP,,,SUPP,,,NE,,,NE,,,NE,,,,,,,,,,,,,,,,,,,,,,,,,,,,,,,,,,,,,,,,,,,,,,,,,,,,,,226,,,99.10%,,,226,,,99.10%,,,1,,,SUPP,,,5,,,SUPP,,,NE,,,NE,,,20,,,19,,,39.31,,,B,,,19,,,39.06,,,B,,,NE,,,NE,,,NE,,,NE,,,NE,,,NE,,,NE,,,NE,,,NE,,,,,,,,,,,,,,,,,,,,,,,,,,,,,,,,,,,,,,,,,,,,,,,,,,,20,,,95.00%,,,20,,,95.00%,,,NE,,,NE,,,NE,,,NE,,,NE,,,NE,,,212,,,207,,,42.36,,,B+,,,208,,,42.26,,,B+,,,35,,,32.11,,,Dist-,,,SUPP,,,SUPP,,,SUPP,,,NE,,,NE,,,NE,,,,,,,,,,,,,,,,,,,,,,,,,,,,,,,,,,,,,,,,,,,,,,,,,,,206,,,99.50%,,,206,,,99.50%,,,SUPP,,,SUPP,,,SUPP,,,SUPP,,,NE,,,NE
1,49810,25,4,919,5421,136901,E14000951,South West Hertfordshire,,St Clement Danes School,Chenies Road,Chorleywood,,Rickmansworth,WD3 6EW,1923284169,0,ACC,None,NSE,OTHER NON SEL,MIXED,0, 11-18,0,,,R,,388,195,188,40.5,B,174,40.92,B,174,19.50%,188,40.53,B,14,26.33,Merit,NE,NE,NE,1,SUPP,15,93.30%,,,,,,,,,193,96.90%,96.40%,193,96.90%,193,96.90%,96.40%,193,96.90%,2,SUPP,SUPP,2,SUPP,NE,NE,NE,NE,NE,NE,NE,NE,NE,NE,NE,NE,NE,8,8,33.91,C+,8,34.38,C+,SUPP,SUPP,SUPP,NE,NE,NE,,,,,8,100.00%,8,100.00%,NE,NE,NE,NE,NE,NE,NE,NE,NE,187,180,40.78,B,180,40.79,B,SUPP,SUPP,SUPP,NE,NE,NE,,,,,185,96.80%,185,96.80%,SUPP,SUPP,NE,NE,NE,NE,NE,NE,NE,199,,,195,,,45.06,,,A-,,,195,,,45.02,,,A-,,,23,,,35.96,,,Dist,,,NE,,,NE,,,NE,,,NE,,,NE,,,NE,,,,,,,,,,,,,,,,,,,,,,,,,,,,,,,,,,,,,,,,,,,,,,,,,,,,,,196,,,98.00%,,,196,,,98.00%,,,4,,,SUPP,,,NE,,,NE,,,NE,,,NE,,,9,,,9,,,36.67,,,B-,,,9,,,36.81,,,B-,,,NE,,,NE,,,NE,,,NE,,,NE,,,NE,,,NE,,,NE,,,NE,,,,,,,,,,,,,,,,,,,,,,,,,,,,,,,,,,,,,,,,,,,,,,,,,,,9,,,100.00%,,,9,,,100.00%,,,NE,,,NE,,,NE,,,NE,,,NE,,,NE,,,187,,,183,,,45.28,,,A-,,,183,,,45.23,,,A-,,,23,,,35.96,,,Dist,,,NE,,,NE,,,NE,,,NE,,,NE,,,NE,,,,,,,,,,,,,,,,,,,,,,,,,,,,,,,,,,,,,,,,,,,,,,,,,,,184,,,97.80%,,,184,,,97.80%,,,SUPP,,,SUPP,,,NE,,,NE,,,NE,,,NE
1,53122,25,4,919,5422,148499,E14000744,Hertford and Stortford,,St Mary's Catholic School,Windhill,,,Bishop's Stortford,CM23 2NQ,1279654901,0,ACC,Roman Catholic,NSE,OTHER NON SEL,MIXED,0, 11-18,0,,,R,,206,103,95,34.67,C+,74,35.63,B-,74,14.90%,95,34.48,C+,23,24.9,Merit,NE,NE,NE,2,SUPP,25,92.00%,,,,,,,,,99,91.90%,90.90%,99,90.90%,99,91.90%,90.90%,99,90.90%,5,SUPP,SUPP,5,SUPP,NE,NE,NE,NE,NE,NE,NE,NE,NE,NE,NE,NE,NE,SUPP,SUPP,SUPP,SUPP,SUPP,SUPP,SUPP,NE,NE,NE,NE,NE,NE,,,,,SUPP,SUPP,SUPP,SUPP,NE,NE,NE,NE,NE,NE,NE,NE,NE,SUPP,SUPP,SUPP,SUPP,SUPP,SUPP,SUPP,23,24.9,Merit,NE,NE,NE,,,,,SUPP,SUPP,SUPP,SUPP,SUPP,SUPP,NE,NE,NE,NE,NE,NE,NE,105,,,95,,,36.18,,,B-,,,95,,,36.1,,,B-,,,40,,,27.58,,,Merit+,,,NE,,,NE,,,NE,,,NE,,,NE,,,NE,,,,,,,,,,,,,,,,,,,,,,,,,,,,,,,,,,,,,,,,,,,,,,,,,,,,,,93,,,95.70%,,,93,,,95.70%,,,12,,,83.30%,,,NE,,,NE,,,NE,,,NE,,,13,,,11,,,31.15,,,C,,,11,,,31.14,,,C,,,6,,,29.88,,,Merit+,,,NE,,,NE,,,NE,,,NE,,,NE,,,NE,,,,,,,,,,,,,,,,,,,,,,,,,,,,,,,,,,,,,,,,,,,,,,,,,,,11,,,90.90%,,,11,,,90.90%,,,SUPP,,,SUPP,,,NE,,,NE,,,NE,,,NE,,,92,,,84,,,36.77,,,B-,,,84,,,36.67,,,B-,,,34,,,27.16,,,Merit+,,,NE,,,NE,,,NE,,,NE,,,NE,,,NE,,,,,,,,,,,,,,,,,,,,,,,,,,,,,,,,,,,,,,,,,,,,,,,,,,,82,,,96.30%,,,82,,,96.30%,,,SUPP,,,SUPP,,,NE,,,NE,,,NE,,,NE
1,53152,25,4,919,5423,138360,E14000606,Broxbourne,,St Mary's Church of England High School (VA),Lieutenant Ellis Way,Cheshunt,,Waltham Cross,EN7 5FB,1992629124,0,ACC,Church of England,NSE,OTHER NON SEL,MIXED,0, 11-19,0,,,R,,174,102,72,22.14,D+,32,22.5,D+,32,0.00%,72,22.29,D+,51,28.99,Merit+,NE,NE,NE,NE,NE,51,100.00%,,,,,,,,,32,96.90%,96.90%,32,96.90%,32,96.90%,96.90%,32,96.90%,58,86.20%,86.20%,58,86.20%,NE,NE,NE,NE,NE,NE,NE,NE,12,100.00%,91.70%,NE,NE,27,16,18.81,D,16,18.81,D,9,26.25,Merit,NE,NE,NE,,,,,10,100.00%,10,100.00%,12,75.00%,NE,NE,NE,NE,NE,SUPP,SUPP,75,56,23.25,D+,56,23.44,D+,42,29.68,Merit+,NE,NE,NE,,,,,22,95.50%,22,95.50%,46,89.10%,NE,NE,NE,NE,NE,SUPP,SUPP,99,,,66,,,32.03,,,C+,,,66,,,32.25,,,C+,,,43,,,31.34,,,Dist-,,,NE,,,NE,,,NE,,,NE,,,NE,,,NE,,,,,,,,,,,,,,,,,,,,,,,,,,,,,,,,,,,,,,,,,,,,,,,,,,,,,,40,,,90.00%,,,40,,,90.00%,,,49,,,89.80%,,,NE,,,NE,,,4,,,SUPP,,,25,,,12,,,26.67,,,C-,,,12,,,26.67,,,C-,,,11,,,29.26,,,Merit+,,,NE,,,NE,,,NE,,,NE,,,NE,,,NE,,,,,,,,,,,,,,,,,,,,,,,,,,,,,,,,,,,,,,,,,,,,,,,,,,,8,,,87.50%,,,8,,,87.50%,,,13,,,84.60%,,,NE,,,NE,,,SUPP,,,SUPP,,,74,,,54,,,33.33,,,C+,,,54,,,33.58,,,C+,,,32,,,32.19,,,Dist-,,,NE,,,NE,,,NE,,,NE,,,NE,,,NE,,,,,,,,,,,,,,,,,,,,,,,,,,,,,,,,,,,,,,,,,,,,,,,,,,,32,,,90.60%,,,32,,,90.60%,,,36,,,91.70%,,,NE,,,NE,,,SUPP,,,SUPP
1,29608,25,4,919,5426,136607,E14000606,Broxbourne,,The John Warner School,Stanstead Road,,,Hoddesdon,EN11 0QF,1992462889,0,ACC,None,NSE,OTHER NON SEL,MIXED,0, 11-18,0,,,R,,181,100,69,26.42,C-,46,27.32,C-,46,10.90%,72,26.44,C-,59,18.75,Pass+,12,36.61,Dist,19,63.20%,64,92.20%,,,,,,,,,44,95.50%,95.50%,44,95.50%,44,95.50%,95.50%,44,95.50%,54,94.40%,92.60%,54,92.60%,1,SUPP,SUPP,1,SUPP,NE,NE,NE,NE,NE,NE,NE,NE,9,8,21.88,D+,8,21.52,D,6,17,Pass+,SUPP,SUPP,SUPP,,,,,SUPP,SUPP,SUPP,SUPP,6,83.30%,NE,NE,NE,NE,NE,NE,NE,90,60,26.86,C-,63,26.91,C-,52,18.77,Pass+,SUPP,SUPP,SUPP,,,,,SUPP,SUPP,SUPP,SUPP,47,95.70%,SUPP,SUPP,NE,NE,NE,NE,NE,92,,,62,,,31.2,,,C,,,62,,,31.2,,,C,,,54,,,27.52,,,Merit+,,,4,,,SUPP,,,SUPP,,,NE,,,NE,,,NE,,,,,,,,,,,,,,,,,,,,,,,,,,,,,,,,,,,,,,,,,,,,,,,,,,,,,,54,,,96.30%,,,54,,,96.30%,,,34,,,76.50%,,,3,,,SUPP,,,NE,,,NE,,,18,,,10,,,23.64,,,D+,,,10,,,23.64,,,D+,,,12,,,30,,,Dist-,,,NE,,,NE,,,NE,,,NE,,,NE,,,NE,,,,,,,,,,,,,,,,,,,,,,,,,,,,,,,,,,,,,,,,,,,,,,,,,,,9,,,100.00%,,,9,,,100.00%,,,9,,,44.40%,,,NE,,,NE,,,NE,,,NE,,,74,,,52,,,32.46,,,C+,,,52,,,32.46,,,C+,,,42,,,26.98,,,Merit+,,,SUPP,,,SUPP,,,SUPP,,,NE,,,NE,,,NE,,,,,,,,,,,,,,,,,,,,,,,,,,,,,,,,,,,,,,,,,,,,,,,,,,,45,,,95.60%,,,45,,,95.60%,,,25,,,88.00%,,,SUPP,,,SUPP,,,NE,,,NE
1,26892,25,4,919,5427,136482,E14000744,Hertford and Stortford,,Hockerill Anglo-European College,Dunmow Road,,Hockerill Anglo-European College,Bishop's Stortford,CM23 5HX,1279658451,0,ACC,None,NSE,OTHER NON SEL,MIXED,0, 11-18,0,,,R,,218,124,1,SUPP,SUPP,NE,NE,NE,NE,NE,120,38.01,B-,NE,NE,NE,NE,NE,NE,NE,NE,NE,NE,,,,,,,,,NE,NE,NE,NE,NE,122,98.40%,96.70%,122,98.40%,NE,NE,NE,NE,NE,NE,NE,NE,NE,NE,NE,NE,NE,NE,NE,NE,NE,NE,6,NE,NE,NE,6,38.15,B-,NE,NE,NE,NE,NE,NE,,,,,NE,NE,6,100.00%,NE,NE,NE,NE,NE,NE,NE,NE,NE,97,SUPP,SUPP,SUPP,93,37.19,B-,NE,NE,NE,NE,NE,NE,,,,,NE,NE,96,97.90%,NE,NE,NE,NE,NE,NE,NE,NE,NE,127,,,NE,,,NE,,,NE,,,121,,,42.39,,,B+,,,NE,,,NE,,,NE,,,NE,,,NE,,,NE,,,NE,,,NE,,,NE,,,,,,,,,,,,,,,,,,,,,,,,,,,,,,,,,,,,,,,,,,,,,,,,,,,,,,NE,,,NE,,,127,,,96.10%,,,NE,,,NE,,,NE,,,NE,,,NE,,,NE,,,SUPP,,,NE,,,NE,,,NE,,,NE,,,NE,,,NE,,,NE,,,NE,,,NE,,,NE,,,NE,,,NE,,,NE,,,NE,,,NE,,,,,,,,,,,,,,,,,,,,,,,,,,,,,,,,,,,,,,,,,,,,,,,,,,,NE,,,NE,,,SUPP,,,SUPP,,,NE,,,NE,,,NE,,,NE,,,NE,,,NE,,,SUPP,,,NE,,,NE,,,NE,,,70,,,42.87,,,B+,,,NE,,,NE,,,NE,,,NE,,,NE,,,NE,,,NE,,,NE,,,NE,,,,,,,,,,,,,,,,,,,,,,,,,,,,,,,,,,,,,,,,,,,,,,,,,,,NE,,,NE,,,SUPP,,,SUPP,,,NE,,,NE,,,NE,,,NE,,,NE,,,NE
1,872,25,4,919,6003,117602,E14000745,Hertsmere,,The Aldenham Foundation,Elstree,,,Elstree,WD6 3AJ,1923858122,0,IND,Church of England,,NA,MIXED,0, 3-19,0,,,R,,167,77,76,35.09,B-,52,35.96,B-,52,17.30%,76,35.17,B-,NE,NE,NE,NE,NE,NE,NE,NE,NE,NE,,,,,,,,,NA,NA,NA,NA,NA,NA,NA,NA,NA,NA,NA,NA,NA,NA,NA,NA,NA,NA,NA,NA,NE,NE,NE,NA,NA,NA,NE,NE,NA,NA,NA,NA,NA,NA,NA,NA,NA,NA,NA,NA,NA,,,,,NA,NA,NA,NA,NA,NA,NA,NA,NA,NA,NA,NA,NA,NA,NA,NA,NA,NA,NA,NA,NA,NA,NA,NA,NA,NA,,,,,NA,NA,NA,NA,NA,NA,NA,NA,NA,NA,NA,NA,NA,96,,,86,,,37.03,,,B-,,,86,,,37.51,,,B-,,,NE,,,NE,,,NE,,,NE,,,NE,,,NE,,,NE,,,NE,,,NE,,,,,,,,,,,,,,,,,,,,,,,,,,,,,,,,,,,,,,,,,,,,,,,,,,,,,,NA,,,NA,,,NA,,,NA,,,NA,,,NA,,,NA,,,NA,,,NA,,,NA,,,NA,,,NA,,,NA,,,NA,,,NA,,,NA,,,NA,,,NA,,,NA,,,NA,,,NA,,,NA,,,NA,,,NA,,,NA,,,NA,,,,,,,,,,,,,,,,,,,,,,,,,,,,,,,,,,,,,,,,,,,,,,,,,,,NA,,,NA,,,NA,,,NA,,,NA,,,NA,,,NA,,,NA,,,NA,,,NA,,,NA,,,NA,,,NA,,,NA,,,NA,,,NA,,,NA,,,NA,,,NA,,,NA,,,NA,,,NA,,,NA,,,NA,,,NA,,,NA,,,,,,,,,,,,,,,,,,,,,,,,,,,,,,,,,,,,,,,,,,,,,,,,,,,NA,,,NA,,,NA,,,NA,,,NA,,,NA,,,NA,,,NA,,,NA,,,NA
1,5428,25,4,919,6005,117604,E14000951,South West Hertfordshire,,Berkhamsted School,Overton House,133 High Street,,Berkhamsted,HP4 2DJ,1442358000,0,IND,Anglican/Christian,,NA,MIXED,0, 11-19,0,,,R,,408,195,194,40.92,B,140,41.5,B,140,21.40%,194,41.16,B,6,38.33,Dist+,NE,NE,NE,NE,NE,6,100.00%,,,,,,,,,NA,NA,NA,NA,NA,NA,NA,NA,NA,NA,NA,NA,NA,NA,NA,NA,NA,NA,NA,NA,NE,NE,NE,NA,NA,NA,NE,NE,NA,NA,NA,NA,NA,NA,NA,NA,NA,NA,NA,NA,NA,,,,,NA,NA,NA,NA,NA,NA,NA,NA,NA,NA,NA,NA,NA,NA,NA,NA,NA,NA,NA,NA,NA,NA,NA,NA,NA,NA,,,,,NA,NA,NA,NA,NA,NA,NA,NA,NA,NA,NA,NA,NA,211,,,209,,,49.1,,,A,,,209,,,49.2,,,A,,,7,,,38.57,,,Dist+,,,NE,,,NE,,,NE,,,NE,,,NE,,,NE,,,,,,,,,,,,,,,,,,,,,,,,,,,,,,,,,,,,,,,,,,,,,,,,,,,,,,NA,,,NA,,,NA,,,NA,,,NA,,,NA,,,NA,,,NA,,,NA,,,NA,,,NA,,,NA,,,NA,,,NA,,,NA,,,NA,,,NA,,,NA,,,NA,,,NA,,,NA,,,NA,,,NA,,,NA,,,NA,,,NA,,,,,,,,,,,,,,,,,,,,,,,,,,,,,,,,,,,,,,,,,,,,,,,,,,,NA,,,NA,,,NA,,,NA,,,NA,,,NA,,,NA,,,NA,,,NA,,,NA,,,NA,,,NA,,,NA,,,NA,,,NA,,,NA,,,NA,,,NA,,,NA,,,NA,,,NA,,,NA,,,NA,,,NA,,,NA,,,NA,,,,,,,,,,,,,,,,,,,,,,,,,,,,,,,,,,,,,,,,,,,,,,,,,,,NA,,,NA,,,NA,,,NA,,,NA,,,NA,,,NA,,,NA,,,NA,,,NA
1,6164,25,4,919,6007,117605,E14000744,Hertford and Stortford,,Bishop's Stortford College,School House,Maze Green Road,,Bishop's Stortford,CM23 2PQ,1279838575,0,IND,None,,NA,MIXED,0, 4-18,0,,,R,,245,110,109,42.92,B+,103,43.33,B+,103,29.10%,109,42.59,B+,NE,NE,NE,NE,NE,NE,NE,NE,NE,NE,,,,,,,,,NA,NA,NA,NA,NA,NA,NA,NA,NA,NA,NA,NA,NA,NA,NA,NA,NA,NA,NA,NA,NE,NE,NE,NA,NA,NA,NE,NE,NA,NA,NA,NA,NA,NA,NA,NA,NA,NA,NA,NA,NA,,,,,NA,NA,NA,NA,NA,NA,NA,NA,NA,NA,NA,NA,NA,NA,NA,NA,NA,NA,NA,NA,NA,NA,NA,NA,NA,NA,,,,,NA,NA,NA,NA,NA,NA,NA,NA,NA,NA,NA,NA,NA,118,,,117,,,47.44,,,A-,,,117,,,47.6,,,A-,,,NE,,,NE,,,NE,,,NE,,,NE,,,NE,,,NE,,,NE,,,NE,,,,,,,,,,,,,,,,,,,,,,,,,,,,,,,,,,,,,,,,,,,,,,,,,,,,,,NA,,,NA,,,NA,,,NA,,,NA,,,NA,,,NA,,,NA,,,NA,,,NA,,,NA,,,NA,,,NA,,,NA,,,NA,,,NA,,,NA,,,NA,,,NA,,,NA,,,NA,,,NA,,,NA,,,NA,,,NA,,,NA,,,,,,,,,,,,,,,,,,,,,,,,,,,,,,,,,,,,,,,,,,,,,,,,,,,NA,,,NA,,,NA,,,NA,,,NA,,,NA,,,NA,,,NA,,,NA,,,NA,,,NA,,,NA,,,NA,,,NA,,,NA,,,NA,,,NA,,,NA,,,NA,,,NA,,,NA,,,NA,,,NA,,,NA,,,NA,,,NA,,,,,,,,,,,,,,,,,,,,,,,,,,,,,,,,,,,,,,,,,,,,,,,,,,,NA,,,NA,,,NA,,,NA,,,NA,,,NA,,,NA,,,NA,,,NA,,,NA
1,52506,25,4,919,6012,117606,E14000745,Hertsmere,,St Margaret's School,Merry Hill Road,,,Bushey,WD23 1DT,2084164400,0,IND,None,,NA,MIXED,0, 2-18,0,,,R,,71,28,28,39.76,B,27,39.51,B,27,18.50%,28,39.77,B,1,SUPP,SUPP,NE,NE,NE,NE,NE,1,SUPP,,,,,,,,,NA,NA,NA,NA,NA,NA,NA,NA,NA,NA,NA,NA,NA,NA,NA,NA,NA,NA,NA,NA,NE,NE,NE,NA,NA,NA,NE,NE,NA,NA,NA,NA,NA,NA,NA,NA,NA,NA,NA,NA,NA,,,,,NA,NA,NA,NA,NA,NA,NA,NA,NA,NA,NA,NA,NA,NA,NA,NA,NA,NA,NA,NA,NA,NA,NA,NA,NA,NA,,,,,NA,NA,NA,NA,NA,NA,NA,NA,NA,NA,NA,NA,NA,29,,,29,,,42.09,,,B+,,,29,,,41.44,,,B,,,NE,,,NE,,,NE,,,NE,,,NE,,,NE,,,NE,,,NE,,,NE,,,,,,,,,,,,,,,,,,,,,,,,,,,,,,,,,,,,,,,,,,,,,,,,,,,,,,NA,,,NA,,,NA,,,NA,,,NA,,,NA,,,NA,,,NA,,,NA,,,NA,,,NA,,,NA,,,NA,,,NA,,,NA,,,NA,,,NA,,,NA,,,NA,,,NA,,,NA,,,NA,,,NA,,,NA,,,NA,,,NA,,,,,,,,,,,,,,,,,,,,,,,,,,,,,,,,,,,,,,,,,,,,,,,,,,,NA,,,NA,,,NA,,,NA,,,NA,,,NA,,,NA,,,NA,,,NA,,,NA,,,NA,,,NA,,,NA,,,NA,,,NA,,,NA,,,NA,,,NA,,,NA,,,NA,,,NA,,,NA,,,NA,,,NA,,,NA,,,NA,,,,,,,,,,,,,,,,,,,,,,,,,,,,,,,,,,,,,,,,,,,,,,,,,,,NA,,,NA,,,NA,,,NA,,,NA,,,NA,,,NA,,,NA,,,NA,,,NA
1,23740,25,4,919,6015,117607,E14000744,Hertford and Stortford,,Haileybury and Imperial Service College,,,,Hertford,SG13 7NU,1992706200,0,IND,Church of England,,NA,MIXED,0, 11-18,0,,,R,,347,178,122,43.51,B+,120,43.5,B+,120,25.00%,177,44.1,B+,NE,NE,NE,NE,NE,NE,1,SUPP,1,SUPP,,,,,,,,,NA,NA,NA,NA,NA,NA,NA,NA,NA,NA,NA,NA,NA,NA,NA,NA,NA,NA,NA,NA,NE,NE,NE,NA,NA,NA,NE,NE,NA,NA,NA,NA,NA,NA,NA,NA,NA,NA,NA,NA,NA,,,,,NA,NA,NA,NA,NA,NA,NA,NA,NA,NA,NA,NA,NA,NA,NA,NA,NA,NA,NA,NA,NA,NA,NA,NA,NA,NA,,,,,NA,NA,NA,NA,NA,NA,NA,NA,NA,NA,NA,NA,NA,165,,,97,,,47.61,,,A-,,,164,,,46.39,,,A-,,,NE,,,NE,,,NE,,,NE,,,NE,,,NE,,,NE,,,NE,,,NE,,,,,,,,,,,,,,,,,,,,,,,,,,,,,,,,,,,,,,,,,,,,,,,,,,,,,,NA,,,NA,,,NA,,,NA,,,NA,,,NA,,,NA,,,NA,,,NA,,,NA,,,NA,,,NA,,,NA,,,NA,,,NA,,,NA,,,NA,,,NA,,,NA,,,NA,,,NA,,,NA,,,NA,,,NA,,,NA,,,NA,,,,,,,,,,,,,,,,,,,,,,,,,,,,,,,,,,,,,,,,,,,,,,,,,,,NA,,,NA,,,NA,,,NA,,,NA,,,NA,,,NA,,,NA,,,NA,,,NA,,,NA,,,NA,,,NA,,,NA,,,NA,,,NA,,,NA,,,NA,,,NA,,,NA,,,NA,,,NA,,,NA,,,NA,,,NA,,,NA,,,,,,,,,,,,,,,,,,,,,,,,,,,,,,,,,,,,,,,,,,,,,,,,,,,NA,,,NA,,,NA,,,NA,,,NA,,,NA,,,NA,,,NA,,,NA,,,NA
1,45380,25,4,919,6020,117609,E14001027,Welwyn Hatfield,,Queenswood School,Shepherd's Way,Brookmans Park,,Hatfield,AL9 6NS,1707602500,0,IND,Methodist,,NA,GIRLS,0, 11-18,0,,,R,,95,44,43,36.84,B-,41,36.99,B-,41,14.60%,43,36.74,B-,NE,NE,NE,NE,NE,NE,NE,NE,NE,NE,,,,,,,,,NA,NA,NA,NA,NA,NA,NA,NA,NA,NA,NA,NA,NA,NA,NA,NA,NA,NA,NA,NA,NE,NE,NE,NA,NA,NA,NE,NE,NA,NA,NA,NA,NA,NA,NA,NA,NA,NA,NA,NA,NA,,,,,NA,NA,NA,NA,NA,NA,NA,NA,NA,NA,NA,NA,NA,NA,NA,NA,NA,NA,NA,NA,NA,NA,NA,NA,NA,NA,,,,,NA,NA,NA,NA,NA,NA,NA,NA,NA,NA,NA,NA,NA,51,,,48,,,41.02,,,B,,,48,,,41.4,,,B,,,NE,,,NE,,,NE,,,NE,,,NE,,,NE,,,NE,,,NE,,,NE,,,,,,,,,,,,,,,,,,,,,,,,,,,,,,,,,,,,,,,,,,,,,,,,,,,,,,NA,,,NA,,,NA,,,NA,,,NA,,,NA,,,NA,,,NA,,,NA,,,NA,,,NA,,,NA,,,NA,,,NA,,,NA,,,NA,,,NA,,,NA,,,NA,,,NA,,,NA,,,NA,,,NA,,,NA,,,NA,,,NA,,,,,,,,,,,,,,,,,,,,,,,,,,,,,,,,,,,,,,,,,,,,,,,,,,,NA,,,NA,,,NA,,,NA,,,NA,,,NA,,,NA,,,NA,,,NA,,,NA,,,NA,,,NA,,,NA,,,NA,,,NA,,,NA,,,NA,,,NA,,,NA,,,NA,,,NA,,,NA,,,NA,,,NA,,,NA,,,NA,,,,,,,,,,,,,,,,,,,,,,,,,,,,,,,,,,,,,,,,,,,,,,,,,,,NA,,,NA,,,NA,,,NA,,,NA,,,NA,,,NA,,,NA,,,NA,,,NA
1,49724,25,4,919,6028,117612,E14000845,North East Hertfordshire,,St Christopher School,Barrington Road,,,Letchworth Garden City,SG6 3JZ,1462650850,0,IND,None,,NA,MIXED,0, 3-19,0,,,R,,81,34,34,33.83,C+,30,33.67,C+,30,16.70%,34,33.81,C+,NE,NE,NE,NE,NE,NE,NE,NE,NE,NE,,,,,,,,,NA,NA,NA,NA,NA,NA,NA,NA,NA,NA,NA,NA,NA,NA,NA,NA,NA,NA,NA,NA,NE,NE,NE,NA,NA,NA,NE,NE,NA,NA,NA,NA,NA,NA,NA,NA,NA,NA,NA,NA,NA,,,,,NA,NA,NA,NA,NA,NA,NA,NA,NA,NA,NA,NA,NA,NA,NA,NA,NA,NA,NA,NA,NA,NA,NA,NA,NA,NA,,,,,NA,NA,NA,NA,NA,NA,NA,NA,NA,NA,NA,NA,NA,27,,,26,,,42.91,,,B+,,,26,,,42.91,,,B+,,,NE,,,NE,,,NE,,,NE,,,NE,,,NE,,,NE,,,NE,,,NE,,,,,,,,,,,,,,,,,,,,,,,,,,,,,,,,,,,,,,,,,,,,,,,,,,,,,,NA,,,NA,,,NA,,,NA,,,NA,,,NA,,,NA,,,NA,,,NA,,,NA,,,NA,,,NA,,,NA,,,NA,,,NA,,,NA,,,NA,,,NA,,,NA,,,NA,,,NA,,,NA,,,NA,,,NA,,,NA,,,NA,,,,,,,,,,,,,,,,,,,,,,,,,,,,,,,,,,,,,,,,,,,,,,,,,,,NA,,,NA,,,NA,,,NA,,,NA,,,NA,,,NA,,,NA,,,NA,,,NA,,,NA,,,NA,,,NA,,,NA,,,NA,,,NA,,,NA,,,NA,,,NA,,,NA,,,NA,,,NA,,,NA,,,NA,,,NA,,,NA,,,,,,,,,,,,,,,,,,,,,,,,,,,,,,,,,,,,,,,,,,,,,,,,,,,NA,,,NA,,,NA,,,NA,,,NA,,,NA,,,NA,,,NA,,,NA,,,NA
1,50324,25,4,919,6029,117613,E14000845,North East Hertfordshire,,St Francis College,Broadway,,,Letchworth Garden City,SG6 3PJ,1462670511,0,IND,Christian,,NA,GIRLS,0, 3-18,0,,,R,,67,9,9,41.11,B,8,41.67,B+,8,12.50%,9,41.11,B,NE,NE,NE,NE,NE,NE,NE,NE,NE,NE,,,,,,,,,NA,NA,NA,NA,NA,NA,NA,NA,NA,NA,NA,NA,NA,NA,NA,NA,NA,NA,NA,NA,NE,NE,NE,NA,NA,NA,NE,NE,NA,NA,NA,NA,NA,NA,NA,NA,NA,NA,NA,NA,NA,,,,,NA,NA,NA,NA,NA,NA,NA,NA,NA,NA,NA,NA,NA,NA,NA,NA,NA,NA,NA,NA,NA,NA,NA,NA,NA,NA,,,,,NA,NA,NA,NA,NA,NA,NA,NA,NA,NA,NA,NA,NA,29,,,28,,,46.33,,,A-,,,28,,,46.35,,,A-,,,NE,,,NE,,,NE,,,NE,,,NE,,,NE,,,NE,,,NE,,,NE,,,,,,,,,,,,,,,,,,,,,,,,,,,,,,,,,,,,,,,,,,,,,,,,,,,,,,NA,,,NA,,,NA,,,NA,,,NA,,,NA,,,NA,,,NA,,,NA,,,NA,,,NA,,,NA,,,NA,,,NA,,,NA,,,NA,,,NA,,,NA,,,NA,,,NA,,,NA,,,NA,,,NA,,,NA,,,NA,,,NA,,,,,,,,,,,,,,,,,,,,,,,,,,,,,,,,,,,,,,,,,,,,,,,,,,,NA,,,NA,,,NA,,,NA,,,NA,,,NA,,,NA,,,NA,,,NA,,,NA,,,NA,,,NA,,,NA,,,NA,,,NA,,,NA,,,NA,,,NA,,,NA,,,NA,,,NA,,,NA,,,NA,,,NA,,,NA,,,NA,,,,,,,,,,,,,,,,,,,,,,,,,,,,,,,,,,,,,,,,,,,,,,,,,,,NA,,,NA,,,NA,,,NA,,,NA,,,NA,,,NA,,,NA,,,NA,,,NA
1,36404,25,4,919,6036,117616,E14000951,South West Hertfordshire,,Merchant Taylors' School,Sandy Lodge,Northwood,Middlesex,Northwood,HA6 2HT,1923820644,0,IND,None,,NA,BOYS,0, 11-18,0,,,R,,295,147,147,48.07,A-,113,47.49,A-,113,50.40%,147,48.14,A-,NE,NE,NE,NE,NE,NE,NE,NE,NE,NE,,,,,,,,,NA,NA,NA,NA,NA,NA,NA,NA,NA,NA,NA,NA,NA,NA,NA,NA,NA,NA,NA,NA,NE,NE,NE,NA,NA,NA,NE,NE,NA,NA,NA,NA,NA,NA,NA,NA,NA,NA,NA,NA,NA,,,,,NA,NA,NA,NA,NA,NA,NA,NA,NA,NA,NA,NA,NA,NA,NA,NA,NA,NA,NA,NA,NA,NA,NA,NA,NA,NA,,,,,NA,NA,NA,NA,NA,NA,NA,NA,NA,NA,NA,NA,NA,148,,,147,,,50.67,,,A,,,148,,,50.39,,,A,,,NE,,,NE,,,NE,,,NE,,,NE,,,NE,,,NE,,,NE,,,NE,,,,,,,,,,,,,,,,,,,,,,,,,,,,,,,,,,,,,,,,,,,,,,,,,,,,,,NA,,,NA,,,NA,,,NA,,,NA,,,NA,,,NA,,,NA,,,NA,,,NA,,,NA,,,NA,,,NA,,,NA,,,NA,,,NA,,,NA,,,NA,,,NA,,,NA,,,NA,,,NA,,,NA,,,NA,,,NA,,,NA,,,,,,,,,,,,,,,,,,,,,,,,,,,,,,,,,,,,,,,,,,,,,,,,,,,NA,,,NA,,,NA,,,NA,,,NA,,,NA,,,NA,,,NA,,,NA,,,NA,,,NA,,,NA,,,NA,,,NA,,,NA,,,NA,,,NA,,,NA,,,NA,,,NA,,,NA,,,NA,,,NA,,,NA,,,NA,,,NA,,,,,,,,,,,,,,,,,,,,,,,,,,,,,,,,,,,,,,,,,,,,,,,,,,,NA,,,NA,,,NA,,,NA,,,NA,,,NA,,,NA,,,NA,,,NA,,,NA
1,48530,25,4,919,6038,117617,E14000960,St Albans,,St Albans High School for Girls,Townsend Avenue,St Albans,Hertfordshire,,AL1 3SJ,1727853800,0,IND,Anglican,,NA,GIRLS,0, 4-18,0,,,R,,186,118,99,48.88,A,98,49.18,A,98,51.00%,99,49.14,A,NE,NE,NE,NE,NE,NE,NE,NE,NE,NE,,,,,,,,,NA,NA,NA,NA,NA,NA,NA,NA,NA,NA,NA,NA,NA,NA,NA,NA,NA,NA,NA,NA,NE,NE,NE,NA,NA,NA,NE,NE,NA,NA,NA,NA,NA,NA,NA,NA,NA,NA,NA,NA,NA,,,,,NA,NA,NA,NA,NA,NA,NA,NA,NA,NA,NA,NA,NA,NA,NA,NA,NA,NA,NA,NA,NA,NA,NA,NA,NA,NA,,,,,NA,NA,NA,NA,NA,NA,NA,NA,NA,NA,NA,NA,NA,101,,,85,,,51.18,,,A,,,85,,,51.32,,,A,,,NE,,,NE,,,NE,,,NE,,,NE,,,NE,,,NE,,,NE,,,NE,,,,,,,,,,,,,,,,,,,,,,,,,,,,,,,,,,,,,,,,,,,,,,,,,,,,,,NA,,,NA,,,NA,,,NA,,,NA,,,NA,,,NA,,,NA,,,NA,,,NA,,,NA,,,NA,,,NA,,,NA,,,NA,,,NA,,,NA,,,NA,,,NA,,,NA,,,NA,,,NA,,,NA,,,NA,,,NA,,,NA,,,,,,,,,,,,,,,,,,,,,,,,,,,,,,,,,,,,,,,,,,,,,,,,,,,NA,,,NA,,,NA,,,NA,,,NA,,,NA,,,NA,,,NA,,,NA,,,NA,,,NA,,,NA,,,NA,,,NA,,,NA,,,NA,,,NA,,,NA,,,NA,,,NA,,,NA,,,NA,,,NA,,,NA,,,NA,,,NA,,,,,,,,,,,,,,,,,,,,,,,,,,,,,,,,,,,,,,,,,,,,,,,,,,,NA,,,NA,,,NA,,,NA,,,NA,,,NA,,,NA,,,NA,,,NA,,,NA
1,62584,25,4,919,6041,117618,E14000951,South West Hertfordshire,,Tring Park School for the Performing Arts,Mansion Drive,,,Tring,HP23 5LX,1442824255,0,IND,None,,NA,MIXED,0, 7-19,0,,,R,,153,57,56,36.46,B-,50,35.53,B-,50,10.00%,56,36.46,B-,NE,NE,NE,NE,NE,NE,NE,NE,NE,NE,,,,,,,,,NA,NA,NA,NA,NA,NA,NA,NA,NA,NA,NA,NA,NA,NA,NA,NA,NA,NA,NA,NA,NE,NE,NE,NA,NA,NA,NE,NE,NA,NA,NA,NA,NA,NA,NA,NA,NA,NA,NA,NA,NA,,,,,NA,NA,NA,NA,NA,NA,NA,NA,NA,NA,NA,NA,NA,NA,NA,NA,NA,NA,NA,NA,NA,NA,NA,NA,NA,NA,,,,,NA,NA,NA,NA,NA,NA,NA,NA,NA,NA,NA,NA,NA,76,,,73,,,42.45,,,B+,,,73,,,42.45,,,B+,,,NE,,,NE,,,NE,,,NE,,,NE,,,NE,,,NE,,,NE,,,NE,,,,,,,,,,,,,,,,,,,,,,,,,,,,,,,,,,,,,,,,,,,,,,,,,,,,,,NA,,,NA,,,NA,,,NA,,,NA,,,NA,,,NA,,,NA,,,NA,,,NA,,,NA,,,NA,,,NA,,,NA,,,NA,,,NA,,,NA,,,NA,,,NA,,,NA,,,NA,,,NA,,,NA,,,NA,,,NA,,,NA,,,,,,,,,,,,,,,,,,,,,,,,,,,,,,,,,,,,,,,,,,,,,,,,,,,NA,,,NA,,,NA,,,NA,,,NA,,,NA,,,NA,,,NA,,,NA,,,NA,,,NA,,,NA,,,NA,,,NA,,,NA,,,NA,,,NA,,,NA,,,NA,,,NA,,,NA,,,NA,,,NA,,,NA,,,NA,,,NA,,,,,,,,,,,,,,,,,,,,,,,,,,,,,,,,,,,,,,,,,,,,,,,,,,,NA,,,NA,,,NA,,,NA,,,NA,,,NA,,,NA,,,NA,,,NA,,,NA
1,57062,25,4,919,6047,117622,E14001027,Welwyn Hatfield,,Sherrardswood School,Lockleys,,,Welwyn,AL6 0BJ,1438714282,0,IND,Unknown,,NA,MIXED,0, 3-19,0,,,R,,75,33,31,31.47,C,25,31.2,C,25,12.00%,31,31.6,C,3,SUPP,SUPP,NE,NE,NE,NE,NE,3,SUPP,,,,,,,,,NA,NA,NA,NA,NA,NA,NA,NA,NA,NA,NA,NA,NA,NA,NA,NA,NA,NA,NA,NA,NE,NE,NE,NA,NA,NA,NE,NE,NA,NA,NA,NA,NA,NA,NA,NA,NA,NA,NA,NA,NA,,,,,NA,NA,NA,NA,NA,NA,NA,NA,NA,NA,NA,NA,NA,NA,NA,NA,NA,NA,NA,NA,NA,NA,NA,NA,NA,NA,,,,,NA,NA,NA,NA,NA,NA,NA,NA,NA,NA,NA,NA,NA,29,,,28,,,34.85,,,C+,,,28,,,34.83,,,C+,,,1,,,SUPP,,,SUPP,,,NE,,,NE,,,NE,,,NE,,,NE,,,NE,,,,,,,,,,,,,,,,,,,,,,,,,,,,,,,,,,,,,,,,,,,,,,,,,,,,,,NA,,,NA,,,NA,,,NA,,,NA,,,NA,,,NA,,,NA,,,NA,,,NA,,,NA,,,NA,,,NA,,,NA,,,NA,,,NA,,,NA,,,NA,,,NA,,,NA,,,NA,,,NA,,,NA,,,NA,,,NA,,,NA,,,,,,,,,,,,,,,,,,,,,,,,,,,,,,,,,,,,,,,,,,,,,,,,,,,NA,,,NA,,,NA,,,NA,,,NA,,,NA,,,NA,,,NA,,,NA,,,NA,,,NA,,,NA,,,NA,,,NA,,,NA,,,NA,,,NA,,,NA,,,NA,,,NA,,,NA,,,NA,,,NA,,,NA,,,NA,,,NA,,,,,,,,,,,,,,,,,,,,,,,,,,,,,,,,,,,,,,,,,,,,,,,,,,,NA,,,NA,,,NA,,,NA,,,NA,,,NA,,,NA,,,NA,,,NA,,,NA
1,18126,25,4,919,6062,117623,E14000951,South West Hertfordshire,,Egerton-Rothesay School,Durrants Lane,,,Berkhamsted,HP4 3UJ,1442865275,0,IND,Christian,,NA,MIXED,0, 6-19,0,,,R,,25,11,NE,NE,NE,NE,NE,NE,NE,NE,NE,NE,NE,NE,NE,NE,NE,NE,NE,NE,NE,NE,NE,,,,,,,,,NA,NA,NA,NA,NA,NA,NA,NA,NA,NA,NA,NA,NA,NA,NA,NA,NA,NA,NA,NA,NE,NE,NE,NA,NA,NA,NE,NE,NA,NA,NA,NA,NA,NA,NA,NA,NA,NA,NA,NA,NA,,,,,NA,NA,NA,NA,NA,NA,NA,NA,NA,NA,NA,NA,NA,NA,NA,NA,NA,NA,NA,NA,NA,NA,NA,NA,NA,NA,,,,,NA,NA,NA,NA,NA,NA,NA,NA,NA,NA,NA,NA,NA,16,,,NE,,,NE,,,NE,,,NE,,,NE,,,NE,,,NE,,,NE,,,NE,,,NE,,,NE,,,NE,,,NE,,,NE,,,NE,,,,,,,,,,,,,,,,,,,,,,,,,,,,,,,,,,,,,,,,,,,,,,,,,,,,,,NA,,,NA,,,NA,,,NA,,,NA,,,NA,,,NA,,,NA,,,NA,,,NA,,,NA,,,NA,,,NA,,,NA,,,NA,,,NA,,,NA,,,NA,,,NA,,,NA,,,NA,,,NA,,,NA,,,NA,,,NA,,,NA,,,,,,,,,,,,,,,,,,,,,,,,,,,,,,,,,,,,,,,,,,,,,,,,,,,NA,,,NA,,,NA,,,NA,,,NA,,,NA,,,NA,,,NA,,,NA,,,NA,,,NA,,,NA,,,NA,,,NA,,,NA,,,NA,,,NA,,,NA,,,NA,,,NA,,,NA,,,NA,,,NA,,,NA,,,NA,,,NA,,,,,,,,,,,,,,,,,,,,,,,,,,,,,,,,,,,,,,,,,,,,,,,,,,,NA,,,NA,,,NA,,,NA,,,NA,,,NA,,,NA,,,NA,,,NA,,,NA
1,50106,25,4,919,6115,117633,E14000845,North East Hertfordshire,,St Edmund's College,Old Hall Green,,,Ware,SG11 1DS,1920821504,0,IND,Roman Catholic,,NA,MIXED,0, 3-19,0,,,R,,173,84,84,37.33,B-,72,37.55,B-,72,22.20%,84,37.26,B-,NE,NE,NE,NE,NE,NE,NE,NE,NE,NE,,,,,,,,,NA,NA,NA,NA,NA,NA,NA,NA,NA,NA,NA,NA,NA,NA,NA,NA,NA,NA,NA,NA,NE,NE,NE,NA,NA,NA,NE,NE,NA,NA,NA,NA,NA,NA,NA,NA,NA,NA,NA,NA,NA,,,,,NA,NA,NA,NA,NA,NA,NA,NA,NA,NA,NA,NA,NA,NA,NA,NA,NA,NA,NA,NA,NA,NA,NA,NA,NA,NA,,,,,NA,NA,NA,NA,NA,NA,NA,NA,NA,NA,NA,NA,NA,79,,,76,,,40,,,B,,,76,,,40.1,,,B,,,NE,,,NE,,,NE,,,NE,,,NE,,,NE,,,NE,,,NE,,,NE,,,,,,,,,,,,,,,,,,,,,,,,,,,,,,,,,,,,,,,,,,,,,,,,,,,,,,NA,,,NA,,,NA,,,NA,,,NA,,,NA,,,NA,,,NA,,,NA,,,NA,,,NA,,,NA,,,NA,,,NA,,,NA,,,NA,,,NA,,,NA,,,NA,,,NA,,,NA,,,NA,,,NA,,,NA,,,NA,,,NA,,,,,,,,,,,,,,,,,,,,,,,,,,,,,,,,,,,,,,,,,,,,,,,,,,,NA,,,NA,,,NA,,,NA,,,NA,,,NA,,,NA,,,NA,,,NA,,,NA,,,NA,,,NA,,,NA,,,NA,,,NA,,,NA,,,NA,,,NA,,,NA,,,NA,,,NA,,,NA,,,NA,,,NA,,,NA,,,NA,,,,,,,,,,,,,,,,,,,,,,,,,,,,,,,,,,,,,,,,,,,,,,,,,,,NA,,,NA,,,NA,,,NA,,,NA,,,NA,,,NA,,,NA,,,NA,,,NA
1,49866,25,4,919,6136,117638,E14000960,St Albans,,St Columba's College,King Harry Lane,,,St Albans,AL3 4AW,1727855185,0,IND,Roman Catholic,,NA,MIXED,0, 4-18,0,,,R,,154,70,69,39.03,B,67,37.31,B-,67,16.40%,69,39.18,B,27,23.93,Merit,NE,NE,NE,NE,NE,27,100.00%,,,,,,,,,NA,NA,NA,NA,NA,NA,NA,NA,NA,NA,NA,NA,NA,NA,NA,NA,NA,NA,NA,NA,NE,NE,NE,NA,NA,NA,NE,NE,NA,NA,NA,NA,NA,NA,NA,NA,NA,NA,NA,NA,NA,,,,,NA,NA,NA,NA,NA,NA,NA,NA,NA,NA,NA,NA,NA,NA,NA,NA,NA,NA,NA,NA,NA,NA,NA,NA,NA,NA,,,,,NA,NA,NA,NA,NA,NA,NA,NA,NA,NA,NA,NA,NA,63,,,61,,,43.29,,,B+,,,61,,,43.29,,,B+,,,NE,,,NE,,,NE,,,NE,,,NE,,,NE,,,NE,,,NE,,,NE,,,,,,,,,,,,,,,,,,,,,,,,,,,,,,,,,,,,,,,,,,,,,,,,,,,,,,NA,,,NA,,,NA,,,NA,,,NA,,,NA,,,NA,,,NA,,,NA,,,NA,,,NA,,,NA,,,NA,,,NA,,,NA,,,NA,,,NA,,,NA,,,NA,,,NA,,,NA,,,NA,,,NA,,,NA,,,NA,,,NA,,,,,,,,,,,,,,,,,,,,,,,,,,,,,,,,,,,,,,,,,,,,,,,,,,,NA,,,NA,,,NA,,,NA,,,NA,,,NA,,,NA,,,NA,,,NA,,,NA,,,NA,,,NA,,,NA,,,NA,,,NA,,,NA,,,NA,,,NA,,,NA,,,NA,,,NA,,,NA,,,NA,,,NA,,,NA,,,NA,,,,,,,,,,,,,,,,,,,,,,,,,,,,,,,,,,,,,,,,,,,,,,,,,,,NA,,,NA,,,NA,,,NA,,,NA,,,NA,,,NA,,,NA,,,NA,,,NA
1,59234,25,4,919,6154,117640,E14001021,Watford,,Stanborough Secondary School,Stanborough Park,,,Watford,WD25 9JT,1923673268,0,IND,Seventh Day Adventist,,NA,MIXED,0, 11-18,0,,,R,,3,1,1,SUPP,SUPP,1,SUPP,SUPP,1,SUPP,1,SUPP,SUPP,NE,NE,NE,NE,NE,NE,NE,NE,NE,NE,,,,,,,,,NA,NA,NA,NA,NA,NA,NA,NA,NA,NA,NA,NA,NA,NA,NA,NA,NA,NA,NA,NA,NE,NE,NE,NA,NA,NA,NE,NE,NA,NA,NA,NA,NA,NA,NA,NA,NA,NA,NA,NA,NA,,,,,NA,NA,NA,NA,NA,NA,NA,NA,NA,NA,NA,NA,NA,NA,NA,NA,NA,NA,NA,NA,NA,NA,NA,NA,NA,NA,,,,,NA,NA,NA,NA,NA,NA,NA,NA,NA,NA,NA,NA,NA
1,47834,25,4,919,6165,117641,E14000951,South West Hertfordshire,,Royal Masonic School for Girls,Rickmansworth Park,Chorleywood Road,,Rickmansworth,WD3 4HF,1923773168,0,IND,None,,NA,GIRLS,0, 2-18,0,,,R,,168,70,69,43.42,B+,54,44.63,B+,54,33.30%,69,43.53,B+,14,36.61,Dist,NE,NE,NE,6,0.00%,17,82.40%,,,,,,,,,NA,NA,NA,NA,NA,NA,NA,NA,NA,NA,NA,NA,NA,NA,NA,NA,NA,NA,NA,NA,NE,NE,NE,NA,NA,NA,NE,NE,NA,NA,NA,NA,NA,NA,NA,NA,NA,NA,NA,NA,NA,,,,,NA,NA,NA,NA,NA,NA,NA,NA,NA,NA,NA,NA,NA,NA,NA,NA,NA,NA,NA,NA,NA,NA,NA,NA,NA,NA,,,,,NA,NA,NA,NA,NA,NA,NA,NA,NA,NA,NA,NA,NA,79,,,78,,,44.37,,,B+,,,78,,,44.58,,,B+,,,16,,,40.59,,,Dist+,,,NE,,,NE,,,NE,,,NE,,,NE,,,NE,,,,,,,,,,,,,,,,,,,,,,,,,,,,,,,,,,,,,,,,,,,,,,,,,,,,,,NA,,,NA,,,NA,,,NA,,,NA,,,NA,,,NA,,,NA,,,NA,,,NA,,,NA,,,NA,,,NA,,,NA,,,NA,,,NA,,,NA,,,NA,,,NA,,,NA,,,NA,,,NA,,,NA,,,NA,,,NA,,,NA,,,,,,,,,,,,,,,,,,,,,,,,,,,,,,,,,,,,,,,,,,,,,,,,,,,NA,,,NA,,,NA,,,NA,,,NA,,,NA,,,NA,,,NA,,,NA,,,NA,,,NA,,,NA,,,NA,,,NA,,,NA,,,NA,,,NA,,,NA,,,NA,,,NA,,,NA,,,NA,,,NA,,,NA,,,NA,,,NA,,,,,,,,,,,,,,,,,,,,,,,,,,,,,,,,,,,,,,,,,,,,,,,,,,,NA,,,NA,,,NA,,,NA,,,NA,,,NA,,,NA,,,NA,,,NA,,,NA
1,48540,25,4,919,6220,117647,E14000960,St Albans,,St Albans School,Abbey Gateway,,,St Albans,AL3 4HB,1727855521,0,IND,Christian/non-denominational,,NA,MIXED,0, 11-19,0,,,R,,330,148,147,45.49,A-,110,46.55,A-,110,47.30%,147,45.68,A-,NE,NE,NE,NE,NE,NE,NE,NE,NE,NE,,,,,,,,,NA,NA,NA,NA,NA,NA,NA,NA,NA,NA,NA,NA,NA,NA,NA,NA,NA,NA,NA,NA,NE,NE,NE,NA,NA,NA,NE,NE,NA,NA,NA,NA,NA,NA,NA,NA,NA,NA,NA,NA,NA,,,,,NA,NA,NA,NA,NA,NA,NA,NA,NA,NA,NA,NA,NA,NA,NA,NA,NA,NA,NA,NA,NA,NA,NA,NA,NA,NA,,,,,NA,NA,NA,NA,NA,NA,NA,NA,NA,NA,NA,NA,NA,163,,,156,,,50.84,,,A,,,156,,,50.84,,,A,,,NE,,,NE,,,NE,,,NE,,,NE,,,NE,,,NE,,,NE,,,NE,,,,,,,,,,,,,,,,,,,,,,,,,,,,,,,,,,,,,,,,,,,,,,,,,,,,,,NA,,,NA,,,NA,,,NA,,,NA,,,NA,,,NA,,,NA,,,NA,,,NA,,,NA,,,NA,,,NA,,,NA,,,NA,,,NA,,,NA,,,NA,,,NA,,,NA,,,NA,,,NA,,,NA,,,NA,,,NA,,,NA,,,,,,,,,,,,,,,,,,,,,,,,,,,,,,,,,,,,,,,,,,,,,,,,,,,NA,,,NA,,,NA,,,NA,,,NA,,,NA,,,NA,,,NA,,,NA,,,NA,,,NA,,,NA,,,NA,,,NA,,,NA,,,NA,,,NA,,,NA,,,NA,,,NA,,,NA,,,NA,,,NA,,,NA,,,NA,,,NA,,,,,,,,,,,,,,,,,,,,,,,,,,,,,,,,,,,,,,,,,,,,,,,,,,,NA,,,NA,,,NA,,,NA,,,NA,,,NA,,,NA,,,NA,,,NA,,,NA
1,23602,25,4,919,6221,117648,E14000745,Hertsmere,,Haberdashers' Boys' School,Butterfly Lane,Elstree,Hertfordshire,,WD6 3AF,2082661850,0,IND,None,,NA,BOYS,0, 4-18,0,,,,,319,156,156,52.3,A+,131,52.57,A+,131,72.50%,156,52.3,A+,NE,NE,NE,NE,NE,NE,NE,NE,NE,NE,,,,,,,,,NA,NA,NA,NA,NA,NA,NA,NA,NA,NA,NA,NA,NA,NA,NA,NA,NA,NA,NA,NA,NE,NE,NE,NA,NA,NA,NE,NE,NA,NA,NA,NA,NA,NA,NA,NA,NA,NA,NA,NA,NA,,,,,NA,NA,NA,NA,NA,NA,NA,NA,NA,NA,NA,NA,NA,NA,NA,NA,NA,NA,NA,NA,NA,NA,NA,NA,NA,NA,,,,,NA,NA,NA,NA,NA,NA,NA,NA,NA,NA,NA,NA,NA,161,,,160,,,53.25,,,A+,,,160,,,53.25,,,A+,,,NE,,,NE,,,NE,,,NE,,,NE,,,NE,,,NE,,,NE,,,NE,,,,,,,,,,,,,,,,,,,,,,,,,,,,,,,,,,,,,,,,,,,,,,,,,,,,,,NA,,,NA,,,NA,,,NA,,,NA,,,NA,,,NA,,,NA,,,NA,,,NA,,,NA,,,NA,,,NA,,,NA,,,NA,,,NA,,,NA,,,NA,,,NA,,,NA,,,NA,,,NA,,,NA,,,NA,,,NA,,,NA,,,,,,,,,,,,,,,,,,,,,,,,,,,,,,,,,,,,,,,,,,,,,,,,,,,NA,,,NA,,,NA,,,NA,,,NA,,,NA,,,NA,,,NA,,,NA,,,NA,,,NA,,,NA,,,NA,,,NA,,,NA,,,NA,,,NA,,,NA,,,NA,,,NA,,,NA,,,NA,,,NA,,,NA,,,NA,,,NA,,,,,,,,,,,,,,,,,,,,,,,,,,,,,,,,,,,,,,,,,,,,,,,,,,,NA,,,NA,,,NA,,,NA,,,NA,,,NA,,,NA,,,NA,,,NA,,,NA
1,23608,25,4,919,6222,117649,E14000745,Hertsmere,,Haberdashers' Girls' School,Aldenham Road,Elstree,Hertfordshire,Borehamwood,WD6 3BT,2082662300,0,IND,None,,NA,GIRLS,0, 4-18,0,,,R,,223,111,111,50.74,A,111,50.93,A,111,62.20%,111,50.74,A,NE,NE,NE,NE,NE,NE,NE,NE,NE,NE,,,,,,,,,NA,NA,NA,NA,NA,NA,NA,NA,NA,NA,NA,NA,NA,NA,NA,NA,NA,NA,NA,NA,NE,NE,NE,NA,NA,NA,NE,NE,NA,NA,NA,NA,NA,NA,NA,NA,NA,NA,NA,NA,NA,,,,,NA,NA,NA,NA,NA,NA,NA,NA,NA,NA,NA,NA,NA,NA,NA,NA,NA,NA,NA,NA,NA,NA,NA,NA,NA,NA,,,,,NA,NA,NA,NA,NA,NA,NA,NA,NA,NA,NA,NA,NA,103,,,103,,,53.57,,,A+,,,103,,,53.57,,,A+,,,NE,,,NE,,,NE,,,NE,,,NE,,,NE,,,NE,,,NE,,,NE,,,,,,,,,,,,,,,,,,,,,,,,,,,,,,,,,,,,,,,,,,,,,,,,,,,,,,NA,,,NA,,,NA,,,NA,,,NA,,,NA,,,NA,,,NA,,,NA,,,NA,,,NA,,,NA,,,NA,,,NA,,,NA,,,NA,,,NA,,,NA,,,NA,,,NA,,,NA,,,NA,,,NA,,,NA,,,NA,,,NA,,,,,,,,,,,,,,,,,,,,,,,,,,,,,,,,,,,,,,,,,,,,,,,,,,,NA,,,NA,,,NA,,,NA,,,NA,,,NA,,,NA,,,NA,,,NA,,,NA,,,NA,,,NA,,,NA,,,NA,,,NA,,,NA,,,NA,,,NA,,,NA,,,NA,,,NA,,,NA,,,NA,,,NA,,,NA,,,NA,,,,,,,,,,,,,,,,,,,,,,,,,,,,,,,,,,,,,,,,,,,,,,,,,,,NA,,,NA,,,NA,,,NA,,,NA,,,NA,,,NA,,,NA,,,NA,,,NA
1,28720,25,4,919,6231,117657,E14000745,Hertsmere,,Immanuel College,87-91 Elstree Road,,,Bushey,WD23 4EB,2089500604,0,IND,Jewish,,NA,MIXED,0, 4-19,0,,,R,,142,74,73,43.86,B+,29,44.94,B+,29,27.60%,73,44.66,B+,10,37,Dist+,NE,NE,NE,NE,NE,10,100.00%,,,,,,,,,NA,NA,NA,NA,NA,NA,NA,NA,NA,NA,NA,NA,NA,NA,NA,NA,NA,NA,NA,NA,NE,NE,NE,NA,NA,NA,NE,NE,NA,NA,NA,NA,NA,NA,NA,NA,NA,NA,NA,NA,NA,,,,,NA,NA,NA,NA,NA,NA,NA,NA,NA,NA,NA,NA,NA,NA,NA,NA,NA,NA,NA,NA,NA,NA,NA,NA,NA,NA,,,,,NA,NA,NA,NA,NA,NA,NA,NA,NA,NA,NA,NA,NA,58,,,54,,,48.11,,,A-,,,54,,,48.49,,,A,,,NE,,,NE,,,NE,,,NE,,,NE,,,NE,,,NE,,,NE,,,NE,,,,,,,,,,,,,,,,,,,,,,,,,,,,,,,,,,,,,,,,,,,,,,,,,,,,,,NA,,,NA,,,NA,,,NA,,,NA,,,NA,,,NA,,,NA,,,NA,,,NA,,,NA,,,NA,,,NA,,,NA,,,NA,,,NA,,,NA,,,NA,,,NA,,,NA,,,NA,,,NA,,,NA,,,NA,,,NA,,,NA,,,,,,,,,,,,,,,,,,,,,,,,,,,,,,,,,,,,,,,,,,,,,,,,,,,NA,,,NA,,,NA,,,NA,,,NA,,,NA,,,NA,,,NA,,,NA,,,NA,,,NA,,,NA,,,NA,,,NA,,,NA,,,NA,,,NA,,,NA,,,NA,,,NA,,,NA,,,NA,,,NA,,,NA,,,NA,,,NA,,,,,,,,,,,,,,,,,,,,,,,,,,,,,,,,,,,,,,,,,,,,,,,,,,,NA,,,NA,,,NA,,,NA,,,NA,,,NA,,,NA,,,NA,,,NA,,,NA
1,45002,25,4,919,6239,102256,E14000745,Hertsmere,,The Purcell School,Aldenham Road,Bushey,,,WD23 2TS,1923331100,0,IND,None,,NA,MIXED,0, 8-19,0,,,R,,83,46,45,31.81,C+,4,SUPP,SUPP,4,SUPP,45,36.15,B-,NE,NE,NE,NE,NE,NE,NE,NE,NE,NE,,,,,,,,,NA,NA,NA,NA,NA,NA,NA,NA,NA,NA,NA,NA,NA,NA,NA,NA,NA,NA,NA,NA,NE,NE,NE,NA,NA,NA,NE,NE,NA,NA,NA,NA,NA,NA,NA,NA,NA,NA,NA,NA,NA,,,,,NA,NA,NA,NA,NA,NA,NA,NA,NA,NA,NA,NA,NA,NA,NA,NA,NA,NA,NA,NA,NA,NA,NA,NA,NA,NA,,,,,NA,NA,NA,NA,NA,NA,NA,NA,NA,NA,NA,NA,NA,48,,,48,,,38.32,,,B-,,,48,,,40.96,,,B,,,NE,,,NE,,,NE,,,NE,,,NE,,,NE,,,NE,,,NE,,,NE,,,,,,,,,,,,,,,,,,,,,,,,,,,,,,,,,,,,,,,,,,,,,,,,,,,,,,NA,,,NA,,,NA,,,NA,,,NA,,,NA,,,NA,,,NA,,,NA,,,NA,,,NA,,,NA,,,NA,,,NA,,,NA,,,NA,,,NA,,,NA,,,NA,,,NA,,,NA,,,NA,,,NA,,,NA,,,NA,,,NA,,,,,,,,,,,,,,,,,,,,,,,,,,,,,,,,,,,,,,,,,,,,,,,,,,,NA,,,NA,,,NA,,,NA,,,NA,,,NA,,,NA,,,NA,,,NA,,,NA,,,NA,,,NA,,,NA,,,NA,,,NA,,,NA,,,NA,,,NA,,,NA,,,NA,,,NA,,,NA,,,NA,,,NA,,,NA,,,NA,,,,,,,,,,,,,,,,,,,,,,,,,,,,,,,,,,,,,,,,,,,,,,,,,,,NA,,,NA,,,NA,,,NA,,,NA,,,NA,,,NA,,,NA,,,NA,,,NA
1,48532,25,4,919,6243,134087,E14000960,St Albans,,St Albans Independent College,69 London Road,,,St Albans,AL1 1LN,1727842348,0,IND,None,,NA,MIXED,0, 14-19,0,,,R,,65,36,33,32.3,C+,13,29.23,C,13,15.40%,34,32.27,C+,NE,NE,NE,NE,NE,NE,NE,NE,NE,NE,,,,,,,,,NA,NA,NA,NA,NA,NA,NA,NA,NA,NA,NA,NA,NA,NA,NA,NA,NA,NA,NA,NA,NE,NE,NE,NA,NA,NA,NE,NE,NA,NA,NA,NA,NA,NA,NA,NA,NA,NA,NA,NA,NA,,,,,NA,NA,NA,NA,NA,NA,NA,NA,NA,NA,NA,NA,NA,NA,NA,NA,NA,NA,NA,NA,NA,NA,NA,NA,NA,NA,,,,,NA,NA,NA,NA,NA,NA,NA,NA,NA,NA,NA,NA,NA,33,,,27,,,37.8,,,B-,,,27,,,37.8,,,B-,,,NE,,,NE,,,NE,,,NE,,,NE,,,NE,,,NE,,,NE,,,NE,,,,,,,,,,,,,,,,,,,,,,,,,,,,,,,,,,,,,,,,,,,,,,,,,,,,,,NA,,,NA,,,NA,,,NA,,,NA,,,NA,,,NA,,,NA,,,NA,,,NA,,,NA,,,NA,,,NA,,,NA,,,NA,,,NA,,,NA,,,NA,,,NA,,,NA,,,NA,,,NA,,,NA,,,NA,,,NA,,,NA,,,,,,,,,,,,,,,,,,,,,,,,,,,,,,,,,,,,,,,,,,,,,,,,,,,NA,,,NA,,,NA,,,NA,,,NA,,,NA,,,NA,,,NA,,,NA,,,NA,,,NA,,,NA,,,NA,,,NA,,,NA,,,NA,,,NA,,,NA,,,NA,,,NA,,,NA,,,NA,,,NA,,,NA,,,NA,,,NA,,,,,,,,,,,,,,,,,,,,,,,,,,,,,,,,,,,,,,,,,,,,,,,,,,,NA,,,NA,,,NA,,,NA,,,NA,,,NA,,,NA,,,NA,,,NA,,,NA
1,21100,25,4,919,6905,135876,E14001021,Watford,,Future Academies Watford,Horseshoe Lane,Garston,,Watford,WD25 7HW,1923672964,0,AC,Does not apply,NSE,OTHER NON SEL,MIXED,0, 11-18,0,,,R,,99,58,53,18.21,D-,34,18.53,D,34,0.00%,53,18.21,D-,19,20,Merit-,NE,NE,NE,NE,NE,19,100.00%,,,,,,,,,36,94.40%,91.70%,36,94.40%,36,94.40%,91.70%,36,94.40%,22,90.90%,90.90%,22,86.40%,NE,NE,NE,NE,NE,NE,NE,NE,NE,NE,NE,NE,NE,12,11,20,D,11,20,D,SUPP,SUPP,SUPP,NE,NE,NE,,,,,6,100.00%,6,100.00%,6,83.30%,NE,NE,NE,NE,NE,NE,NE,46,42,17.78,D-,42,17.78,D-,SUPP,SUPP,SUPP,NE,NE,NE,,,,,30,93.30%,30,93.30%,16,93.80%,NE,NE,NE,NE,NE,NE,NE,52,,,43,,,29.71,,,C,,,43,,,29.71,,,C,,,29,,,27.67,,,Merit+,,,NE,,,NE,,,NE,,,NE,,,NE,,,NE,,,,,,,,,,,,,,,,,,,,,,,,,,,,,,,,,,,,,,,,,,,,,,,,,,,,,,20,,,95.00%,,,20,,,95.00%,,,33,,,87.90%,,,NE,,,NE,,,NE,,,NE,,,11,,,9,,,32.11,,,C+,,,9,,,32.11,,,C+,,,8,,,30.91,,,Dist-,,,NE,,,NE,,,NE,,,NE,,,NE,,,NE,,,,,,,,,,,,,,,,,,,,,,,,,,,,,,,,,,,,,,,,,,,,,,,,,,,SUPP,,,SUPP,,,SUPP,,,SUPP,,,9,,,88.90%,,,NE,,,NE,,,NE,,,NE,,,40,,,33,,,29.26,,,C,,,33,,,29.26,,,C,,,21,,,26.56,,,Merit,,,NE,,,NE,,,NE,,,NE,,,NE,,,NE,,,,,,,,,,,,,,,,,,,,,,,,,,,,,,,,,,,,,,,,,,,,,,,,,,,SUPP,,,SUPP,,,SUPP,,,SUPP,,,24,,,87.50%,,,NE,,,NE,,,NE,,,NE
1,65220,25,4,919,8019,130720,E14001021,Watford,,West Herts College,Watford Campus,Hempstead Road,,Watford,WD17 3EZ,1923812345,0,General Further Education College,Does not apply,NA,NA,MIXED,0, 16-99,0,,,R,,6300,2823,14,18.46,D,7,10,E,7,0.00%,14,18.46,D,536,22.62,Merit-,140,26.04,Merit,787,17.80%,1156,46.40%,,,,,,,,,NE,NE,NE,NE,NE,NE,NE,NE,NE,NE,726,88.60%,79.60%,724,73.30%,207,87.90%,70.00%,205,82.90%,29,5.44,L2Pass+,41,78.00%,61.00%,431,6.70%,770,SUPP,SUPP,SUPP,SUPP,SUPP,SUPP,113,19.45,Pass+,21,20.53,Merit-,,,,,NE,NE,NE,NE,188,82.40%,41,80.50%,8,5.59,L2Merit-,15,60.00%,1867,SUPP,SUPP,SUPP,SUPP,SUPP,SUPP,412,23.33,Merit-,116,26.69,Merit+,,,,,NE,NE,NE,NE,524,90.80%,163,89.60%,20,5.35,L2Pass+,24,91.70%,3166,,,8,,,30,,,C,,,8,,,30,,,C,,,531,,,26.48,,,Merit,,,127,,,25.31,,,Merit,,,6,,,5.17,,,L2Pass,,,,,,,,,,,,,,,,,,,,,,,,,,,,,,,,,,,,,,,,,,,,,,,,,,,,,,NE,,,NE,,,NE,,,NE,,,620,,,96.50%,,,184,,,87.00%,,,62,,,83.90%,,,888,,,SUPP,,,SUPP,,,SUPP,,,SUPP,,,SUPP,,,SUPP,,,118,,,25.45,,,Merit,,,22,,,24.2,,,Merit,,,SUPP,,,SUPP,,,SUPP,,,,,,,,,,,,,,,,,,,,,,,,,,,,,,,,,,,,,,,,,,,,,,,,,,,NE,,,NE,,,NE,,,NE,,,147,,,94.60%,,,36,,,75.00%,,,23,,,87.00%,,,2147,,,SUPP,,,SUPP,,,SUPP,,,SUPP,,,SUPP,,,SUPP,,,411,,,26.74,,,Merit+,,,104,,,25.52,,,Merit,,,SUPP,,,SUPP,,,SUPP,,,,,,,,,,,,,,,,,,,,,,,,,,,,,,,,,,,,,,,,,,,,,,,,,,,NE,,,NE,,,NE,,,NE,,,471,,,97.00%,,,147,,,89.80%,,,38,,,81.60%
1,39644,25,4,919,8020,130721,E14000968,Stevenage,,North Hertfordshire College,Monkswood Way,,,Stevenage,SG1 1LA,1462424242,0,General Further Education College,Does not apply,NA,NA,MIXED,0, 16-99,0,,,R,,1970,1031,1,SUPP,SUPP,NE,NE,NE,NE,NE,1,SUPP,SUPP,122,26.68,Merit+,45,17.7,Pass+,182,24.70%,261,46.70%,,,,,,,,,NE,NE,NE,NE,NE,NE,NE,NE,NE,NE,155,91.60%,89.70%,152,75.00%,65,90.80%,73.80%,65,86.20%,40,5.96,L2Merit,76,85.50%,84.20%,214,18.70%,316,NE,NE,NE,NE,NE,NE,30,22.65,Merit-,15,17.37,Pass+,,,,,NE,NE,NE,NE,40,92.50%,16,93.80%,14,5.79,L2Merit-,26,73.10%,682,SUPP,SUPP,SUPP,SUPP,SUPP,SUPP,92,27.92,Merit+,30,17.87,Pass+,,,,,NE,NE,NE,NE,115,91.30%,49,89.80%,25,6.06,L2Merit,49,91.80%,1068,,,1,,,SUPP,,,SUPP,,,1,,,SUPP,,,SUPP,,,117,,,26.83,,,Merit+,,,50,,,24.5,,,Merit,,,8,,,6.5,,,L2Merit+,,,,,,,,,,,,,,,,,,,,,,,,,,,,,,,,,,,,,,,,,,,,,,,,,,,,,,NE,,,NE,,,NE,,,NE,,,157,,,89.80%,,,60,,,95.00%,,,51,,,94.10%,,,304,,,NE,,,NE,,,NE,,,NE,,,NE,,,NE,,,32,,,24.95,,,Merit,,,9,,,25.86,,,Merit,,,SUPP,,,SUPP,,,SUPP,,,,,,,,,,,,,,,,,,,,,,,,,,,,,,,,,,,,,,,,,,,,,,,,,,,NE,,,NE,,,NE,,,NE,,,46,,,89.10%,,,13,,,84.60%,,,16,,,93.80%,,,729,,,SUPP,,,SUPP,,,SUPP,,,SUPP,,,SUPP,,,SUPP,,,84,,,27.66,,,Merit+,,,41,,,24.21,,,Merit,,,SUPP,,,SUPP,,,SUPP,,,,,,,,,,,,,,,,,,,,,,,,,,,,,,,,,,,,,,,,,,,,,,,,,,,NE,,,NE,,,NE,,,NE,,,110,,,90.00%,,,47,,,97.90%,,,35,,,94.30%
1,25968,25,4,919,8021,130722,E14000744,Hertford and Stortford,,Hertford Regional College,Scotts Road,,,Ware,SG12 9JF,1992411400,0,General Further Education College,Does not apply,NA,NA,MIXED,0, 16-99,0,,,R,,1898,889,NE,NE,NE,NE,NE,NE,NE,NE,NE,NE,NE,130,26.04,Merit,68,23.91,Merit,241,28.20%,311,45.30%,,,,,,,,,NE,NE,NE,NE,NE,NE,NE,NE,NE,NE,176,93.20%,85.80%,168,72.00%,86,93.00%,84.90%,84,72.60%,2,SUPP,SUPP,8,100.00%,0.00%,182,1.10%,292,NE,NE,NE,NE,NE,NE,37,25.49,Merit,17,19.06,Pass+,,,,,NE,NE,NE,NE,54,88.90%,22,90.90%,NE,NE,NE,SUPP,SUPP,584,NE,NE,NE,NE,NE,NE,92,26.27,Merit,51,25.44,Merit,,,,,NE,NE,NE,NE,121,95.00%,64,93.80%,SUPP,SUPP,SUPP,SUPP,SUPP,939,,,1,,,SUPP,,,SUPP,,,1,,,SUPP,,,SUPP,,,148,,,26.91,,,Merit+,,,52,,,21.75,,,Merit-,,,2,,,SUPP,,,SUPP,,,,,,,,,,,,,,,,,,,,,,,,,,,,,,,,,,,,,,,,,,,,,,,,,,,,,,NE,,,NE,,,NE,,,NE,,,196,,,95.90%,,,96,,,90.60%,,,11,,,81.80%,,,287,,,NE,,,NE,,,NE,,,NE,,,NE,,,NE,,,32,,,22.49,,,Merit-,,,19,,,17.93,,,Pass+,,,NE,,,NE,,,NE,,,,,,,,,,,,,,,,,,,,,,,,,,,,,,,,,,,,,,,,,,,,,,,,,,,NE,,,NE,,,NE,,,NE,,,52,,,94.20%,,,31,,,96.80%,,,SUPP,,,SUPP,,,646,,,SUPP,,,SUPP,,,SUPP,,,SUPP,,,SUPP,,,SUPP,,,116,,,28.14,,,Merit+,,,32,,,24.66,,,Merit,,,SUPP,,,SUPP,,,SUPP,,,,,,,,,,,,,,,,,,,,,,,,,,,,,,,,,,,,,,,,,,,,,,,,,,,NE,,,NE,,,NE,,,NE,,,144,,,96.50%,,,64,,,87.50%,,,SUPP,,,SUPP
1,40584,25,4,919,8022,130723,E14000960,St Albans,,Oaklands College,Oaklands Campus,Hatfield Road,,St Albans,AL4 0JA,1727737000,0,General Further Education College,Does not apply,NA,NA,MIXED,0, 16-99,0,,,R,,3143,1466,28,17.14,D-,3,SUPP,SUPP,3,SUPP,49,23.66,D+,204,25.43,Merit,159,24.09,Merit,473,33.60%,539,45.50%,,,,,,,,,8,62.50%,62.50%,8,25.00%,8,62.50%,62.50%,8,25.00%,267,91.00%,83.90%,252,70.20%,214,93.50%,74.80%,203,87.70%,40,5.95,L2Merit,61,82.00%,55.70%,191,20.90%,402,SUPP,SUPP,SUPP,SUPP,SUPP,SUPP,41,23.82,Merit,39,23.49,Merit,,,,,NE,NE,NE,NE,63,82.50%,60,96.70%,12,5.67,L2Merit-,17,88.20%,993,SUPP,SUPP,SUPP,SUPP,SUPP,SUPP,158,25.71,Merit,118,24.35,Merit,,,,,7,71.40%,7,71.40%,198,93.90%,151,92.70%,28,6.07,L2Merit,44,79.50%,1582,,,38,,,26.74,,,C-,,,38,,,27.89,,,C-,,,231,,,26.43,,,Merit,,,86,,,29.56,,,Merit+,,,12,,,6.08,,,L2Merit,,,,,,,,,,,,,,,,,,,,,,,,,,,,,,,,,,,,,,,,,,,,,,,,,,,,,,37,,,94.60%,,,37,,,94.60%,,,292,,,95.50%,,,178,,,91.00%,,,18,,,77.80%,,,407,,,9,,,26.36,,,C-,,,9,,,26.9,,,C-,,,48,,,24.38,,,Merit,,,24,,,26.8,,,Merit+,,,SUPP,,,SUPP,,,SUPP,,,,,,,,,,,,,,,,,,,,,,,,,,,,,,,,,,,,,,,,,,,,,,,,,,,10,,,100.00%,,,10,,,100.00%,,,61,,,91.80%,,,45,,,84.40%,,,7,,,71.40%,,,1104,,,28,,,26.67,,,C-,,,28,,,28.04,,,C-,,,175,,,26.96,,,Merit+,,,61,,,30.47,,,Dist-,,,SUPP,,,SUPP,,,SUPP,,,,,,,,,,,,,,,,,,,,,,,,,,,,,,,,,,,,,,,,,,,,,,,,,,,26,,,92.30%,,,26,,,92.30%,,,222,,,96.40%,,,132,,,93.20%,,,9,,,77.80%
1,26852,25,4,919,4008,139154,E14000749,Hitchin and Harpenden,,Hitchin Boys' School,Grammar School Walk,,,Hitchin,SG5 1JB,1462432181,0,ACC,Does not apply,NSE,OTHER NON SEL,MIXED,0, 11-18,0,,,R,,259,133,125,33.71,C+,111,33.75,C+,111,21.60%,125,34.06,C+,17,28.49,Merit+,2,SUPP,SUPP,3,SUPP,18,94.40%,,,,,,,,,122,99.20%,99.20%,122,99.20%,122,99.20%,99.20%,122,99.20%,9,77.80%,77.80%,9,77.80%,1,SUPP,SUPP,1,SUPP,NE,NE,NE,NE,NE,NE,NE,NE,13,10,32.07,C+,10,32.78,C+,SUPP,SUPP,SUPP,NE,NE,NE,,,,,11,90.90%,11,90.90%,SUPP,SUPP,NE,NE,NE,NE,NE,NE,NE,120,115,33.86,C+,115,34.17,C+,SUPP,SUPP,SUPP,SUPP,SUPP,SUPP,,,,,111,100.00%,111,100.00%,SUPP,SUPP,SUPP,SUPP,NE,NE,NE,NE,NE,134,,,127,,,36.47,,,B-,,,127,,,36.62,,,B-,,,18,,,26.46,,,Merit,,,3,,,SUPP,,,SUPP,,,NE,,,NE,,,NE,,,,,,,,,,,,,,,,,,,,,,,,,,,,,,,,,,,,,,,,,,,,,,,,,,,,,,125,,,99.20%,,,125,,,99.20%,,,10,,,90.00%,,,NE,,,NE,,,NE,,,NE,,,SUPP,,,SUPP,,,SUPP,,,SUPP,,,SUPP,,,SUPP,,,SUPP,,,NE,,,NE,,,NE,,,NE,,,NE,,,NE,,,NE,,,NE,,,NE,,,,,,,,,,,,,,,,,,,,,,,,,,,,,,,,,,,,,,,,,,,,,,,,,,,SUPP,,,SUPP,,,SUPP,,,SUPP,,,SUPP,,,SUPP,,,NE,,,NE,,,NE,,,NE,,,SUPP,,,SUPP,,,SUPP,,,SUPP,,,SUPP,,,SUPP,,,SUPP,,,18,,,26.46,,,Merit,,,SUPP,,,SUPP,,,SUPP,,,NE,,,NE,,,NE,,,,,,,,,,,,,,,,,,,,,,,,,,,,,,,,,,,,,,,,,,,,,,,,,,,SUPP,,,SUPP,,,SUPP,,,SUPP,,,SUPP,,,SUPP,,,NE,,,NE,,,NE,,,NE
1,26854,25,4,919,4009,137288,E14000749,Hitchin and Harpenden,,Hitchin Girls' School,Highbury Road,,,Hitchin,SG4 9RS,1462621300,0,ACC,Does not apply,NSE,OTHER NON SEL,GIRLS,0, 11-18,0,,,R,,325,165,160,36.85,B-,138,36.98,B-,138,17.40%,160,37.09,B-,22,31.12,Dist-,3,SUPP,SUPP,3,SUPP,22,100.00%,,,,,,,,,161,98.10%,98.10%,161,98.10%,161,98.10%,98.10%,161,98.10%,4,SUPP,SUPP,4,SUPP,NE,NE,NE,NE,NE,NE,NE,NE,NE,NE,NE,NE,NE,8,7,27.89,C-,7,28.54,C,SUPP,SUPP,SUPP,NE,NE,NE,,,,,8,87.50%,8,87.50%,NE,NE,NE,NE,NE,NE,NE,NE,NE,157,153,37.23,B-,153,37.46,B-,SUPP,SUPP,SUPP,SUPP,SUPP,SUPP,,,,,153,98.70%,153,98.70%,SUPP,SUPP,NE,NE,NE,NE,NE,NE,NE,151,,,143,,,42.95,,,B+,,,143,,,42.95,,,B+,,,16,,,39.28,,,Dist+,,,NE,,,NE,,,NE,,,NE,,,NE,,,NE,,,,,,,,,,,,,,,,,,,,,,,,,,,,,,,,,,,,,,,,,,,,,,,,,,,,,,148,,,98.00%,,,148,,,98.00%,,,2,,,SUPP,,,NE,,,NE,,,NE,,,NE,,,13,,,11,,,44.19,,,B+,,,11,,,44.19,,,B+,,,SUPP,,,SUPP,,,SUPP,,,NE,,,NE,,,NE,,,NE,,,NE,,,NE,,,,,,,,,,,,,,,,,,,,,,,,,,,,,,,,,,,,,,,,,,,,,,,,,,,13,,,92.30%,,,13,,,92.30%,,,NE,,,NE,,,NE,,,NE,,,NE,,,NE,,,138,,,132,,,42.85,,,B+,,,132,,,42.85,,,B+,,,SUPP,,,SUPP,,,SUPP,,,NE,,,NE,,,NE,,,NE,,,NE,,,NE,,,,,,,,,,,,,,,,,,,,,,,,,,,,,,,,,,,,,,,,,,,,,,,,,,,135,,,98.50%,,,135,,,98.50%,,,SUPP,,,SUPP,,,NE,,,NE,,,NE,,,NE
4,,25,4,919,,,,,,,,,,,,,0,,,,,,, ,,,,,,,14744,7601,36.02,B-,6137,36.57,B-,6137,18.70%,7773,36.1,B-,3223,27.5,Merit+,657,26.81,Merit+,2094,31.40%,4656,70.50%,,,,,,,,,7130,95.90%,95.40%,7122,95.50%,7252,95.90%,95.40%,7244,95.60%,2598,89.40%,84.00%,2569,79.90%,703,90.50%,76.40%,688,83.70%,111,5.83,L2Merit-,198,84.30%,67.70%,1016,10.90%,2479,569,30.17,C,587,30.3,C,485,24.13,Merit,124,23.55,Merit,,,,,517,89.70%,523,89.90%,556,82.20%,161,88.80%,34,5.7,L2Merit-,66,77.30%,11875,6971,36.46,B-,7103,36.5,B-,2707,28.18,Merit+,528,27.58,Merit+,,,,,6555,96.40%,6651,96.40%,2011,91.40%,536,91.00%,75,5.88,L2Merit,129,88.40%,15184,,,7528,,,39.79,,,B,,,7667,,,39.87,,,B,,,2904,,,29.65,,,Merit+,,,555,,,29.2,,,Merit+,,,28,,,6.05,,,L2Merit,,,,,,,,,,,,,,,,,,,,,,,,,,,,,,,,,,,,,,,,,,,,,,,,,,,,,,7008,,,97.60%,,,7135,,,97.60%,,,2467,,,92.60%,,,668,,,89.40%,,,146,,,87.00%,,,2707,,,677,,,33.67,,,C+,,,679,,,33.7,,,C+,,,499,,,27.19,,,Merit+,,,111,,,25.7,,,Merit,,,10,,,5.7,,,L2Merit-,,,,,,,,,,,,,,,,,,,,,,,,,,,,,,,,,,,,,,,,,,,,,,,,,,,619,,,95.00%,,,620,,,94.80%,,,506,,,89.50%,,,149,,,83.20%,,,54,,,87.00%,,,12130,,,6815,,,40.36,,,B,,,6901,,,40.41,,,B,,,2388,,,30.22,,,Dist-,,,439,,,30.15,,,Dist-,,,15,,,6.31,,,L2Merit+,,,,,,,,,,,,,,,,,,,,,,,,,,,,,,,,,,,,,,,,,,,,,,,,,,,6349,,,97.90%,,,6423,,,97.90%,,,1946,,,93.40%,,,516,,,91.10%,,,89,,,86.50%
1,19620,25,4,919,4010,117504,E14000845,North East Hertfordshire,,Fearnhill School,Icknield Way West,,,Letchworth,SG6 4BA,1462621200,0,FD,Does not apply,NSE,OTHER NON SEL,MIXED,0, 11-18,0,,,R,,63,40,31,32.12,C+,26,32.18,C+,26,3.80%,31,32.05,C+,5,SUPP,SUPP,NE,NE,NE,NE,NE,5,SUPP,,,,,,,,,33,87.90%,87.90%,33,87.90%,33,87.90%,87.90%,33,87.90%,2,SUPP,SUPP,2,SUPP,NE,NE,NE,NE,NE,NE,NE,NE,NE,NE,NE,NE,NE,9,7,24.44,D+,7,24.37,D+,SUPP,SUPP,SUPP,NE,NE,NE,,,,,7,85.70%,7,85.70%,SUPP,SUPP,NE,NE,NE,NE,NE,NE,NE,31,24,34.18,C+,24,34.12,C+,SUPP,SUPP,SUPP,NE,NE,NE,,,,,26,88.50%,26,88.50%,SUPP,SUPP,NE,NE,NE,NE,NE,NE,NE,33,,,24,,,41.13,,,B,,,24,,,41.13,,,B,,,NE,,,NE,,,NE,,,NE,,,NE,,,NE,,,NE,,,NE,,,NE,,,,,,,,,,,,,,,,,,,,,,,,,,,,,,,,,,,,,,,,,,,,,,,,,,,,,,27,,,96.30%,,,27,,,96.30%,,,NE,,,NE,,,NE,,,NE,,,NE,,,NE,,,SUPP,,,SUPP,,,SUPP,,,SUPP,,,SUPP,,,SUPP,,,SUPP,,,NE,,,NE,,,NE,,,NE,,,NE,,,NE,,,NE,,,NE,,,NE,,,,,,,,,,,,,,,,,,,,,,,,,,,,,,,,,,,,,,,,,,,,,,,,,,,SUPP,,,SUPP,,,SUPP,,,SUPP,,,NE,,,NE,,,NE,,,NE,,,NE,,,NE,,,SUPP,,,SUPP,,,SUPP,,,SUPP,,,SUPP,,,SUPP,,,SUPP,,,NE,,,NE,,,NE,,,NE,,,NE,,,NE,,,NE,,,NE,,,NE,,,,,,,,,,,,,,,,,,,,,,,,,,,,,,,,,,,,,,,,,,,,,,,,,,,SUPP,,,SUPP,,,SUPP,,,SUPP,,,NE,,,NE,,,NE,,,NE,,,NE,,,NE
1,63660,25,4,919,4011,137038,E14000960,St Albans,,Verulam School,Brampton Road,,,St Albans,AL1 4PR,1727766100,0,ACC,Does not apply,NSE,OTHER NON SEL,MIXED,0, 11-18,0,,,R,,228,120,106,33.38,C+,81,34.28,C+,81,14.80%,106,33.56,C+,44,29.79,Merit+,NE,NE,NE,2,SUPP,46,95.70%,,,,,,,,,106,94.30%,94.30%,104,94.20%,106,94.30%,94.30%,104,94.20%,12,75.00%,75.00%,12,75.00%,NE,NE,NE,NE,NE,NE,NE,NE,NE,NE,NE,NE,NE,9,7,30.95,C,7,30.95,C,SUPP,SUPP,SUPP,NE,NE,NE,,,,,7,85.70%,7,85.70%,NE,NE,NE,NE,NE,NE,NE,NE,NE,109,97,33.46,C+,97,33.63,C+,SUPP,SUPP,SUPP,NE,NE,NE,,,,,97,94.80%,97,94.80%,12,75.00%,NE,NE,NE,NE,NE,NE,NE,118,,,107,,,36.56,,,B-,,,107,,,36.88,,,B-,,,41,,,27.59,,,Merit+,,,NE,,,NE,,,NE,,,NE,,,NE,,,NE,,,,,,,,,,,,,,,,,,,,,,,,,,,,,,,,,,,,,,,,,,,,,,,,,,,,,,97,,,97.90%,,,97,,,97.90%,,,20,,,90.00%,,,NE,,,NE,,,NE,,,NE,,,9,,,SUPP,,,SUPP,,,SUPP,,,SUPP,,,SUPP,,,SUPP,,,SUPP,,,SUPP,,,SUPP,,,NE,,,NE,,,NE,,,NE,,,NE,,,NE,,,,,,,,,,,,,,,,,,,,,,,,,,,,,,,,,,,,,,,,,,,,,,,,,,,SUPP,,,SUPP,,,SUPP,,,SUPP,,,SUPP,,,SUPP,,,NE,,,NE,,,NE,,,NE,,,107,,,SUPP,,,SUPP,,,SUPP,,,SUPP,,,SUPP,,,SUPP,,,SUPP,,,SUPP,,,SUPP,,,NE,,,NE,,,NE,,,NE,,,NE,,,NE,,,,,,,,,,,,,,,,,,,,,,,,,,,,,,,,,,,,,,,,,,,,,,,,,,,SUPP,,,SUPP,,,SUPP,,,SUPP,,,SUPP,,,SUPP,,,NE,,,NE,,,NE,,,NE
1,44516,25,4,919,4013,137985,E14000744,Hertford and Stortford,,Presdales School,Hoe Lane,,,Ware,SG12 9NX,1920462210,0,ACC,Does not apply,NSE,OTHER NON SEL,MIXED,0, 11-18,0,,,R,,267,129,122,40.48,B,122,40.05,B,122,15.60%,122,40.53,B,NE,NE,NE,NE,NE,NE,1,SUPP,1,SUPP,,,,,,,,,129,95.30%,94.60%,129,95.30%,129,95.30%,94.60%,129,95.30%,NE,NE,NE,NE,NE,NE,NE,NE,NE,NE,NE,NE,NE,NE,NE,NE,NE,NE,7,7,31.05,C,7,31.05,C,NE,NE,NE,NE,NE,NE,,,,,7,100.00%,7,100.00%,NE,NE,NE,NE,NE,NE,NE,NE,NE,121,115,40.99,B,115,41.04,B,NE,NE,NE,NE,NE,NE,,,,,122,95.10%,122,95.10%,NE,NE,NE,NE,NE,NE,NE,NE,NE,146,,,137,,,39.6,,,B,,,137,,,39.74,,,B,,,NE,,,NE,,,NE,,,NE,,,NE,,,NE,,,NE,,,NE,,,NE,,,,,,,,,,,,,,,,,,,,,,,,,,,,,,,,,,,,,,,,,,,,,,,,,,,,,,147,,,98.00%,,,147,,,98.00%,,,NE,,,NE,,,NE,,,NE,,,NE,,,NE,,,11,,,10,,,26.67,,,C-,,,10,,,26.59,,,C-,,,NE,,,NE,,,NE,,,NE,,,NE,,,NE,,,NE,,,NE,,,NE,,,,,,,,,,,,,,,,,,,,,,,,,,,,,,,,,,,,,,,,,,,,,,,,,,,10,,,100.00%,,,10,,,100.00%,,,NE,,,NE,,,NE,,,NE,,,NE,,,NE,,,134,,,126,,,40.64,,,B,,,126,,,40.79,,,B,,,NE,,,NE,,,NE,,,NE,,,NE,,,NE,,,NE,,,NE,,,NE,,,,,,,,,,,,,,,,,,,,,,,,,,,,,,,,,,,,,,,,,,,,,,,,,,,136,,,97.80%,,,136,,,97.80%,,,NE,,,NE,,,NE,,,NE,,,NE,,,NE
1,59230,25,4,919,4014,137847,E14001027,Welwyn Hatfield,,Stanborough School,Lemsford Lane,,,Welwyn Garden City,AL8 6YR,1707321755,0,ACC,Does not apply,NSE,OTHER NON SEL,MIXED,0, 11-18,0,,,,,159,91,82,36.79,B-,66,36.87,B-,66,12.10%,82,36.86,B-,35,33.17,Dist-,NE,NE,NE,NE,NE,35,100.00%,,,,,,,,,83,92.80%,91.60%,83,92.80%,83,92.80%,91.60%,83,92.80%,9,88.90%,77.80%,9,88.90%,NE,NE,NE,NE,NE,NE,NE,NE,NE,NE,NE,NE,NE,11,8,39.09,B,8,39.24,B,SUPP,SUPP,SUPP,NE,NE,NE,,,,,10,80.00%,10,80.00%,SUPP,SUPP,NE,NE,NE,NE,NE,NE,NE,80,74,36.56,B-,74,36.61,B-,SUPP,SUPP,SUPP,NE,NE,NE,,,,,73,94.50%,73,94.50%,SUPP,SUPP,NE,NE,NE,NE,NE,NE,NE,66,,,58,,,40.96,,,B,,,58,,,41.11,,,B,,,16,,,36.88,,,Dist+,,,1,,,SUPP,,,SUPP,,,NE,,,NE,,,NE,,,,,,,,,,,,,,,,,,,,,,,,,,,,,,,,,,,,,,,,,,,,,,,,,,,,,,56,,,92.90%,,,56,,,92.90%,,,10,,,80.00%,,,NE,,,NE,,,NE,,,NE,,,SUPP,,,SUPP,,,SUPP,,,SUPP,,,SUPP,,,SUPP,,,SUPP,,,SUPP,,,SUPP,,,SUPP,,,NE,,,NE,,,NE,,,NE,,,NE,,,NE,,,,,,,,,,,,,,,,,,,,,,,,,,,,,,,,,,,,,,,,,,,,,,,,,,,SUPP,,,SUPP,,,SUPP,,,SUPP,,,SUPP,,,SUPP,,,NE,,,NE,,,NE,,,NE,,,SUPP,,,SUPP,,,SUPP,,,SUPP,,,SUPP,,,SUPP,,,SUPP,,,SUPP,,,SUPP,,,SUPP,,,SUPP,,,SUPP,,,SUPP,,,NE,,,NE,,,NE,,,,,,,,,,,,,,,,,,,,,,,,,,,,,,,,,,,,,,,,,,,,,,,,,,,SUPP,,,SUPP,,,SUPP,,,SUPP,,,SUPP,,,SUPP,,,NE,,,NE,,,NE,,,NE
1,31396,25,4,919,4016,136608,E14000845,North East Hertfordshire,,The Knights Templar School,Park Street,,,Baldock,SG7 6DZ,1462620700,0,ACC,Does not apply,NSE,OTHER NON SEL,MIXED,0, 11-18,0,,,,,398,215,144,29.97,C,101,29.01,C,101,10.90%,147,30.22,C,93,26.56,Merit,22,24.38,Merit,75,29.30%,142,65.50%,,,,,,,,,103,92.20%,92.20%,102,92.20%,103,92.20%,92.20%,102,92.20%,41,97.60%,90.20%,41,82.90%,21,95.20%,95.20%,21,95.20%,NE,NE,NE,NE,NE,NE,NE,NE,16,8,25.26,C-,9,25.84,C-,7,26.6,Merit,SUPP,SUPP,SUPP,,,,,6,83.30%,6,83.30%,SUPP,SUPP,SUPP,SUPP,NE,NE,NE,NE,NE,193,136,30.23,C,138,30.47,C,86,26.56,Merit,SUPP,SUPP,SUPP,,,,,97,92.80%,97,92.80%,SUPP,SUPP,SUPP,SUPP,NE,NE,NE,NE,NE,216,,,151,,,33.05,,,C+,,,151,,,33.06,,,C+,,,24,,,32.63,,,Dist-,,,11,,,33.24,,,Dist-,,,NE,,,NE,,,NE,,,,,,,,,,,,,,,,,,,,,,,,,,,,,,,,,,,,,,,,,,,,,,,,,,,,,,121,,,95.00%,,,121,,,95.00%,,,31,,,90.30%,,,11,,,100.00%,,,NE,,,NE,,,31,,,24,,,32.5,,,C+,,,24,,,32.59,,,C+,,,SUPP,,,SUPP,,,SUPP,,,NE,,,NE,,,NE,,,NE,,,NE,,,NE,,,,,,,,,,,,,,,,,,,,,,,,,,,,,,,,,,,,,,,,,,,,,,,,,,,24,,,87.50%,,,24,,,87.50%,,,SUPP,,,SUPP,,,NE,,,NE,,,NE,,,NE,,,178,,,127,,,33.16,,,C+,,,127,,,33.15,,,C+,,,SUPP,,,SUPP,,,SUPP,,,11,,,33.24,,,Dist-,,,NE,,,NE,,,NE,,,,,,,,,,,,,,,,,,,,,,,,,,,,,,,,,,,,,,,,,,,,,,,,,,,97,,,96.90%,,,97,,,96.90%,,,SUPP,,,SUPP,,,11,,,100.00%,,,NE,,,NE
1,61396,25,4,919,4017,140037,E14000968,Stevenage,,The Thomas Alleyne Academy,High Street,,,Stevenage,SG1 3BE,1438344344,0,AC,Does not apply,NSE,OTHER NON SEL,MIXED,0, 11-18,0,,,R,,91,37,30,30.13,C,19,33.16,C+,19,10.50%,30,30.13,C,11,31.82,Dist-,NE,NE,NE,NE,NE,11,100.00%,,,,,,,,,25,76.00%,76.00%,25,76.00%,25,76.00%,76.00%,25,76.00%,12,91.70%,91.70%,12,91.70%,NE,NE,NE,NE,NE,NE,NE,NE,NE,NE,NE,NE,NE,SUPP,SUPP,SUPP,SUPP,SUPP,SUPP,SUPP,SUPP,SUPP,SUPP,NE,NE,NE,,,,,SUPP,SUPP,SUPP,SUPP,SUPP,SUPP,NE,NE,NE,NE,NE,NE,NE,SUPP,SUPP,SUPP,SUPP,SUPP,SUPP,SUPP,SUPP,SUPP,SUPP,NE,NE,NE,,,,,SUPP,SUPP,SUPP,SUPP,SUPP,SUPP,NE,NE,NE,NE,NE,NE,NE,52,,,51,,,33.07,,,C+,,,51,,,33.07,,,C+,,,3,,,SUPP,,,SUPP,,,NE,,,NE,,,NE,,,NE,,,NE,,,NE,,,,,,,,,,,,,,,,,,,,,,,,,,,,,,,,,,,,,,,,,,,,,,,,,,,,,,50,,,98.00%,,,50,,,98.00%,,,2,,,SUPP,,,NE,,,NE,,,NE,,,NE,,,SUPP,,,SUPP,,,SUPP,,,SUPP,,,SUPP,,,SUPP,,,SUPP,,,NE,,,NE,,,NE,,,NE,,,NE,,,NE,,,NE,,,NE,,,NE,,,,,,,,,,,,,,,,,,,,,,,,,,,,,,,,,,,,,,,,,,,,,,,,,,,SUPP,,,SUPP,,,SUPP,,,SUPP,,,NE,,,NE,,,NE,,,NE,,,NE,,,NE,,,SUPP,,,SUPP,,,SUPP,,,SUPP,,,SUPP,,,SUPP,,,SUPP,,,SUPP,,,SUPP,,,SUPP,,,NE,,,NE,,,NE,,,NE,,,NE,,,NE,,,,,,,,,,,,,,,,,,,,,,,,,,,,,,,,,,,,,,,,,,,,,,,,,,,SUPP,,,SUPP,,,SUPP,,,SUPP,,,SUPP,,,SUPP,,,NE,,,NE,,,NE,,,NE
1,64578,25,4,919,4021,141004,E14001021,Watford,,The Watford UTC,18 Colonial Way,,,Watford,WD24 4PT,1923905240,0,UTC,None,NR,NA,MIXED,0, 14-19,1,,,R,,22,15,4,SUPP,SUPP,NE,NE,NE,NE,NE,4,SUPP,SUPP,11,23.08,Merit-,3,SUPP,SUPP,3,SUPP,11,100.00%,,,,,,,,,NE,NE,NE,NE,NE,NE,NE,NE,NE,NE,4,SUPP,SUPP,4,SUPP,NE,NE,NE,NE,NE,NE,NE,NE,NE,NE,NE,NE,NE,SUPP,NE,NE,NE,NE,NE,NE,NE,NE,NE,NE,NE,NE,,,,,NE,NE,NE,NE,SUPP,SUPP,NE,NE,NE,NE,NE,NE,NE,SUPP,SUPP,SUPP,SUPP,SUPP,SUPP,SUPP,11,23.08,Merit-,SUPP,SUPP,SUPP,,,,,NE,NE,NE,NE,SUPP,SUPP,NE,NE,NE,NE,NE,NE,NE,19,,,3,,,SUPP,,,SUPP,,,4,,,SUPP,,,SUPP,,,13,,,27.32,,,Merit+,,,4,,,SUPP,,,SUPP,,,NE,,,NE,,,NE,,,,,,,,,,,,,,,,,,,,,,,,,,,,,,,,,,,,,,,,,,,,,,,,,,,,,,1,,,SUPP,,,1,,,SUPP,,,16,,,87.50%,,,2,,,SUPP,,,NE,,,NE,,,SUPP,,,NE,,,NE,,,NE,,,NE,,,NE,,,NE,,,NE,,,NE,,,NE,,,NE,,,NE,,,NE,,,NE,,,NE,,,NE,,,,,,,,,,,,,,,,,,,,,,,,,,,,,,,,,,,,,,,,,,,,,,,,,,,NE,,,NE,,,NE,,,NE,,,SUPP,,,SUPP,,,SUPP,,,SUPP,,,NE,,,NE,,,SUPP,,,SUPP,,,SUPP,,,SUPP,,,SUPP,,,SUPP,,,SUPP,,,13,,,27.32,,,Merit+,,,SUPP,,,SUPP,,,SUPP,,,NE,,,NE,,,NE,,,,,,,,,,,,,,,,,,,,,,,,,,,,,,,,,,,,,,,,,,,,,,,,,,,SUPP,,,SUPP,,,SUPP,,,SUPP,,,SUPP,,,SUPP,,,NE,,,NE,,,NE,,,NE
1,23742,25,4,919,4022,142051,E14000606,Broxbourne,,Haileybury Turnford,Mill Lane,Cheshunt,,Waltham Cross,EN8 0JU,1992308333,0,AC,Does not apply,NSE,OTHER NON SEL,MIXED,0, 11-18,0,,,R,,145,79,53,27.32,C-,27,28.52,C,27,14.80%,53,27.23,C-,36,23.5,Merit,6,25,Merit,6,100.00%,36,100.00%,,,,,,,,,43,88.40%,88.40%,42,88.10%,43,88.40%,88.40%,42,88.10%,33,87.90%,87.90%,33,78.80%,1,SUPP,SUPP,1,SUPP,NE,NE,NE,NE,NE,NE,NE,NE,18,9,18.33,D-,9,18.17,D-,9,23,Merit-,SUPP,SUPP,SUPP,,,,,9,66.70%,9,66.70%,9,88.90%,NE,NE,NE,NE,NE,NE,NE,61,44,28.69,C,44,28.63,C,27,23.67,Merit,SUPP,SUPP,SUPP,,,,,34,94.10%,34,94.10%,24,87.50%,SUPP,SUPP,NE,NE,NE,NE,NE,79,,,60,,,27.84,,,C-,,,60,,,27.84,,,C-,,,38,,,25.4,,,Merit,,,6,,,25,,,Merit,,,NE,,,NE,,,NE,,,,,,,,,,,,,,,,,,,,,,,,,,,,,,,,,,,,,,,,,,,,,,,,,,,,,,46,,,97.80%,,,46,,,97.80%,,,31,,,83.90%,,,NE,,,NE,,,NE,,,NE,,,19,,,10,,,27.32,,,C-,,,10,,,27.32,,,C-,,,12,,,25,,,Merit,,,SUPP,,,SUPP,,,SUPP,,,NE,,,NE,,,NE,,,,,,,,,,,,,,,,,,,,,,,,,,,,,,,,,,,,,,,,,,,,,,,,,,,8,,,100.00%,,,8,,,100.00%,,,11,,,81.80%,,,NE,,,NE,,,NE,,,NE,,,59,,,50,,,27.94,,,C-,,,50,,,27.94,,,C-,,,26,,,25.66,,,Merit,,,SUPP,,,SUPP,,,SUPP,,,NE,,,NE,,,NE,,,,,,,,,,,,,,,,,,,,,,,,,,,,,,,,,,,,,,,,,,,,,,,,,,,38,,,97.40%,,,38,,,97.40%,,,20,,,85.00%,,,NE,,,NE,,,NE,,,NE
1,46992,25,4,919,4024,143131,E14000606,Broxbourne,,Robert Barclay Academy,Cock Lane,,,Hoddesdon,EN11 8JY,1992410800,0,AC,Does not apply,NA,NA,MIXED,0, 11-18,0,,,R,,75,30,24,28.57,C,13,27.69,C-,13,0.00%,24,28.57,C,17,33.08,Dist-,NE,NE,NE,NE,NE,17,100.00%,,,,,,,,,21,90.50%,90.50%,21,90.50%,21,90.50%,90.50%,21,90.50%,8,87.50%,87.50%,8,87.50%,NE,NE,NE,NE,NE,NE,NE,NE,NE,NE,NE,NE,NE,SUPP,SUPP,SUPP,SUPP,SUPP,SUPP,SUPP,SUPP,SUPP,SUPP,NE,NE,NE,,,,,SUPP,SUPP,SUPP,SUPP,SUPP,SUPP,NE,NE,NE,NE,NE,NE,NE,SUPP,SUPP,SUPP,SUPP,SUPP,SUPP,SUPP,SUPP,SUPP,SUPP,NE,NE,NE,,,,,SUPP,SUPP,SUPP,SUPP,SUPP,SUPP,NE,NE,NE,NE,NE,NE,NE,41,,,35,,,31.2,,,C,,,35,,,31.23,,,C,,,20,,,29.43,,,Merit+,,,NE,,,NE,,,NE,,,NE,,,NE,,,NE,,,,,,,,,,,,,,,,,,,,,,,,,,,,,,,,,,,,,,,,,,,,,,,,,,,,,,36,,,86.10%,,,36,,,86.10%,,,5,,,SUPP,,,NE,,,NE,,,NE,,,NE,,,SUPP,,,SUPP,,,SUPP,,,SUPP,,,SUPP,,,SUPP,,,SUPP,,,SUPP,,,SUPP,,,SUPP,,,NE,,,NE,,,NE,,,NE,,,NE,,,NE,,,,,,,,,,,,,,,,,,,,,,,,,,,,,,,,,,,,,,,,,,,,,,,,,,,SUPP,,,SUPP,,,SUPP,,,SUPP,,,SUPP,,,SUPP,,,NE,,,NE,,,NE,,,NE,,,SUPP,,,SUPP,,,SUPP,,,SUPP,,,SUPP,,,SUPP,,,SUPP,,,SUPP,,,SUPP,,,SUPP,,,NE,,,NE,,,NE,,,NE,,,NE,,,NE,,,,,,,,,,,,,,,,,,,,,,,,,,,,,,,,,,,,,,,,,,,,,,,,,,,SUPP,,,SUPP,,,SUPP,,,SUPP,,,SUPP,,,SUPP,,,NE,,,NE,,,NE,,,NE
1,3876,25,4,919,4026,144623,E14000968,Stevenage,,Barclay Academy,Walkern Road,,,Stevenage,SG1 3RB,1438748459,0,AC,Does not apply,NSE,OTHER NON SEL,MIXED,0, 11-18,0,,,R,,76,30,29,27.97,C-,22,27.42,C-,22,0.00%,29,27.97,C-,7,22.78,Merit-,NE,NE,NE,NE,NE,7,100.00%,,,,,,,,,27,100.00%,100.00%,27,100.00%,27,100.00%,100.00%,27,100.00%,3,SUPP,SUPP,3,SUPP,NE,NE,NE,NE,NE,NE,NE,NE,NE,NE,NE,NE,NE,SUPP,SUPP,SUPP,SUPP,SUPP,SUPP,SUPP,NE,NE,NE,NE,NE,NE,,,,,SUPP,SUPP,SUPP,SUPP,NE,NE,NE,NE,NE,NE,NE,NE,NE,SUPP,SUPP,SUPP,SUPP,SUPP,SUPP,SUPP,7,22.78,Merit-,NE,NE,NE,,,,,SUPP,SUPP,SUPP,SUPP,SUPP,SUPP,NE,NE,NE,NE,NE,NE,NE,54,,,49,,,34.29,,,C+,,,49,,,34.82,,,C+,,,22,,,38.09,,,Dist+,,,NE,,,NE,,,NE,,,NE,,,NE,,,NE,,,,,,,,,,,,,,,,,,,,,,,,,,,,,,,,,,,,,,,,,,,,,,,,,,,,,,40,,,95.00%,,,40,,,95.00%,,,14,,,85.70%,,,NE,,,NE,,,NE,,,NE,,,10,,,9,,,32.73,,,C+,,,9,,,32.73,,,C+,,,SUPP,,,SUPP,,,SUPP,,,NE,,,NE,,,NE,,,NE,,,NE,,,NE,,,,,,,,,,,,,,,,,,,,,,,,,,,,,,,,,,,,,,,,,,,,,,,,,,,9,,,100.00%,,,9,,,100.00%,,,SUPP,,,SUPP,,,NE,,,NE,,,NE,,,NE,,,44,,,40,,,34.67,,,C+,,,40,,,35.3,,,B-,,,SUPP,,,SUPP,,,SUPP,,,NE,,,NE,,,NE,,,NE,,,NE,,,NE,,,,,,,,,,,,,,,,,,,,,,,,,,,,,,,,,,,,,,,,,,,,,,,,,,,31,,,93.50%,,,31,,,93.50%,,,SUPP,,,SUPP,,,NE,,,NE,,,NE,,,NE
1,57612,25,4,919,4028,137270,E14000749,Hitchin and Harpenden,,Sir John Lawes School,Manland Way,,,Harpenden,AL5 4QP,1582760043,0,ACC,None,NSE,OTHER NON SEL,MIXED,0, 11-18,0,,,R,,343,174,165,38.71,B,135,39.43,B,135,23.70%,165,38.94,B,90,34.68,Dist,NE,NE,NE,1,SUPP,91,98.90%,,,,,,,,,165,98.20%,98.20%,165,98.20%,165,98.20%,98.20%,165,98.20%,9,100.00%,100.00%,9,100.00%,NE,NE,NE,NE,NE,NE,NE,NE,NE,NE,NE,NE,NE,6,6,23.53,D+,6,23.53,D+,SUPP,SUPP,SUPP,NE,NE,NE,,,,,6,100.00%,6,100.00%,NE,NE,NE,NE,NE,NE,NE,NE,NE,167,158,39.1,B,158,39.33,B,SUPP,SUPP,SUPP,NE,NE,NE,,,,,158,98.10%,158,98.10%,9,100.00%,NE,NE,NE,NE,NE,NE,NE,173,,,155,,,43.16,,,B+,,,155,,,43.16,,,B+,,,44,,,37.74,,,Dist+,,,NE,,,NE,,,NE,,,NE,,,NE,,,NE,,,,,,,,,,,,,,,,,,,,,,,,,,,,,,,,,,,,,,,,,,,,,,,,,,,,,,156,,,98.70%,,,156,,,98.70%,,,16,,,93.80%,,,NE,,,NE,,,NE,,,NE,,,13,,,9,,,42.69,,,B+,,,9,,,42.69,,,B+,,,SUPP,,,SUPP,,,SUPP,,,NE,,,NE,,,NE,,,NE,,,NE,,,NE,,,,,,,,,,,,,,,,,,,,,,,,,,,,,,,,,,,,,,,,,,,,,,,,,,,10,,,90.00%,,,10,,,90.00%,,,SUPP,,,SUPP,,,NE,,,NE,,,NE,,,NE,,,158,,,144,,,43.06,,,B+,,,144,,,43.06,,,B+,,,SUPP,,,SUPP,,,SUPP,,,NE,,,NE,,,NE,,,NE,,,NE,,,NE,,,,,,,,,,,,,,,,,,,,,,,,,,,,,,,,,,,,,,,,,,,,,,,,,,,144,,,99.30%,,,144,,,99.30%,,,SUPP,,,SUPP,,,NE,,,NE,,,NE,,,NE
1,46616,25,4,919,4031,146305,E14001027,Welwyn Hatfield,,Ridgeway Academy,Herns Lane,,,Welwyn Garden City,AL7 2AF,1707351350,0,AC,Does not apply,NSE,OTHER NON SEL,MIXED,0, 11-18,0,,,,,61,29,19,27.76,C-,12,27.5,C-,12,8.30%,19,27.92,C-,14,26.18,Merit,NE,NE,NE,NE,NE,14,100.00%,,,,,,,,,16,100.00%,100.00%,16,100.00%,16,100.00%,100.00%,16,100.00%,11,81.80%,63.60%,11,81.80%,NE,NE,NE,NE,NE,NE,NE,NE,NE,NE,NE,NE,NE,9,6,27.86,C-,6,27.86,C-,SUPP,SUPP,SUPP,NE,NE,NE,,,,,SUPP,SUPP,SUPP,SUPP,SUPP,SUPP,NE,NE,NE,NE,NE,NE,NE,19,13,27.71,C-,13,27.94,C-,SUPP,SUPP,SUPP,NE,NE,NE,,,,,SUPP,SUPP,SUPP,SUPP,SUPP,SUPP,NE,NE,NE,NE,NE,NE,NE,52,,,45,,,30,,,C,,,47,,,29.8,,,C,,,29,,,34.88,,,Dist,,,NE,,,NE,,,NE,,,NE,,,NE,,,NE,,,,,,,,,,,,,,,,,,,,,,,,,,,,,,,,,,,,,,,,,,,,,,,,,,,,,,42,,,97.60%,,,42,,,97.60%,,,10,,,100.00%,,,NE,,,NE,,,NE,,,NE,,,7,,,SUPP,,,SUPP,,,SUPP,,,SUPP,,,SUPP,,,SUPP,,,SUPP,,,SUPP,,,SUPP,,,NE,,,NE,,,NE,,,NE,,,NE,,,NE,,,,,,,,,,,,,,,,,,,,,,,,,,,,,,,,,,,,,,,,,,,,,,,,,,,6,,,83.30%,,,6,,,83.30%,,,SUPP,,,SUPP,,,NE,,,NE,,,NE,,,NE,,,45,,,SUPP,,,SUPP,,,SUPP,,,SUPP,,,SUPP,,,SUPP,,,SUPP,,,SUPP,,,SUPP,,,NE,,,NE,,,NE,,,NE,,,NE,,,NE,,,,,,,,,,,,,,,,,,,,,,,,,,,,,,,,,,,,,,,,,,,,,,,,,,,36,,,100.00%,,,36,,,100.00%,,,SUPP,,,SUPP,,,NE,,,NE,,,NE,,,NE
1,562,25,4,919,4032,145430,E14000739,Hemel Hempstead,,The Adeyfield Academy,Longlands,,,Hemel Hempstead,HP2 4DE,1442406020,0,AC,Does not apply,NSE,OTHER NON SEL,MIXED,0, 11-18,0,,,R,,47,29,18,25.94,C-,5,SUPP,SUPP,5,SUPP,22,27.31,C-,18,30.51,Dist-,2,SUPP,SUPP,2,SUPP,18,100.00%,,,,,,,,,9,100.00%,100.00%,9,100.00%,9,100.00%,100.00%,9,100.00%,15,93.30%,93.30%,15,93.30%,1,SUPP,SUPP,1,SUPP,NE,NE,NE,NE,NE,NE,NE,NE,6,SUPP,SUPP,SUPP,SUPP,SUPP,SUPP,SUPP,SUPP,SUPP,NE,NE,NE,,,,,SUPP,SUPP,SUPP,SUPP,SUPP,SUPP,NE,NE,NE,NE,NE,NE,NE,23,SUPP,SUPP,SUPP,SUPP,SUPP,SUPP,SUPP,SUPP,SUPP,SUPP,SUPP,SUPP,,,,,SUPP,SUPP,SUPP,SUPP,SUPP,SUPP,SUPP,SUPP,NE,NE,NE,NE,NE,38,,,22,,,27.23,,,C-,,,22,,,27.67,,,C-,,,15,,,29.81,,,Merit+,,,6,,,30,,,Dist-,,,NE,,,NE,,,NE,,,,,,,,,,,,,,,,,,,,,,,,,,,,,,,,,,,,,,,,,,,,,,,,,,,,,,16,,,93.80%,,,16,,,93.80%,,,13,,,92.30%,,,2,,,SUPP,,,NE,,,NE,,,16,,,7,,,21.25,,,D,,,7,,,21.25,,,D,,,6,,,27.73,,,Merit+,,,SUPP,,,SUPP,,,SUPP,,,NE,,,NE,,,NE,,,,,,,,,,,,,,,,,,,,,,,,,,,,,,,,,,,,,,,,,,,,,,,,,,,6,,,83.30%,,,6,,,83.30%,,,SUPP,,,SUPP,,,SUPP,,,SUPP,,,NE,,,NE,,,21,,,15,,,30.32,,,C,,,15,,,30.71,,,C,,,9,,,31.25,,,Dist-,,,SUPP,,,SUPP,,,SUPP,,,NE,,,NE,,,NE,,,,,,,,,,,,,,,,,,,,,,,,,,,,,,,,,,,,,,,,,,,,,,,,,,,10,,,100.00%,,,10,,,100.00%,,,SUPP,,,SUPP,,,NE,,,NE,,,NE,,,NE
1,32298,25,4,919,4033,146440,E14000739,Hemel Hempstead,,Laureate Academy,Warners End Road,,,Hemel Hempstead,HP1 3DW,1442404333,0,AC,Does not apply,NR,NA,MIXED,0, 11-18,0,,,R,,42,15,14,28.95,C,12,27.5,C-,12,8.30%,14,28.83,C,2,SUPP,SUPP,NE,NE,NE,NE,NE,2,SUPP,,,,,,,,,16,87.50%,87.50%,16,87.50%,16,87.50%,87.50%,16,87.50%,NE,NE,NE,NE,NE,NE,NE,NE,NE,NE,NE,NE,NE,NE,NE,NE,NE,NE,SUPP,SUPP,SUPP,SUPP,SUPP,SUPP,SUPP,SUPP,SUPP,SUPP,NE,NE,NE,,,,,SUPP,SUPP,SUPP,SUPP,NE,NE,NE,NE,NE,NE,NE,NE,NE,SUPP,SUPP,SUPP,SUPP,SUPP,SUPP,SUPP,SUPP,SUPP,SUPP,NE,NE,NE,,,,,SUPP,SUPP,SUPP,SUPP,NE,NE,NE,NE,NE,NE,NE,NE,NE,26,,,26,,,19.71,,,D,,,26,,,19.88,,,D,,,6,,,28.75,,,Merit+,,,NE,,,NE,,,NE,,,NE,,,NE,,,NE,,,,,,,,,,,,,,,,,,,,,,,,,,,,,,,,,,,,,,,,,,,,,,,,,,,,,,NE,,,NE,,,NE,,,NE,,,NE,,,NE,,,NE,,,NE,,,NE,,,NE,,,6,,,6,,,23.08,,,D+,,,6,,,23.08,,,D+,,,SUPP,,,SUPP,,,SUPP,,,NE,,,NE,,,NE,,,NE,,,NE,,,NE,,,,,,,,,,,,,,,,,,,,,,,,,,,,,,,,,,,,,,,,,,,,,,,,,,,NE,,,NE,,,NE,,,NE,,,NE,,,NE,,,NE,,,NE,,,NE,,,NE,,,20,,,20,,,18.93,,,D,,,20,,,19.15,,,D,,,SUPP,,,SUPP,,,SUPP,,,NE,,,NE,,,NE,,,NE,,,NE,,,NE,,,,,,,,,,,,,,,,,,,,,,,,,,,,,,,,,,,,,,,,,,,,,,,,,,,NE,,,NE,,,NE,,,NE,,,NE,,,NE,,,NE,,,NE,,,NE,,,NE
1,41364,25,4,919,4035,147535,E14001027,Welwyn Hatfield,,Onslow St Audrey's School,Old Rectory Drive,,,Hatfield,AL10 8AB,1707264228,0,ACC,Unknown,NR,NA,MIXED,0, 11-18,0,,,R,,89,57,48,29.2,C,25,30.27,C,25,4.00%,48,29.2,C,24,31.44,Dist-,5,SUPP,SUPP,5,SUPP,24,100.00%,,,,,,,,,41,92.70%,92.70%,41,92.70%,41,92.70%,92.70%,41,92.70%,10,100.00%,100.00%,10,100.00%,6,83.30%,83.30%,6,83.30%,NE,NE,NE,NE,NE,NE,NE,NE,7,SUPP,SUPP,SUPP,SUPP,SUPP,SUPP,SUPP,SUPP,SUPP,NE,NE,NE,,,,,SUPP,SUPP,SUPP,SUPP,SUPP,SUPP,SUPP,SUPP,NE,NE,NE,NE,NE,50,SUPP,SUPP,SUPP,SUPP,SUPP,SUPP,SUPP,SUPP,SUPP,SUPP,SUPP,SUPP,,,,,SUPP,SUPP,SUPP,SUPP,SUPP,SUPP,SUPP,SUPP,NE,NE,NE,NE,NE,52,,,35,,,32.78,,,C+,,,36,,,32.82,,,C+,,,26,,,33.77,,,Dist,,,3,,,SUPP,,,SUPP,,,NE,,,NE,,,NE,,,,,,,,,,,,,,,,,,,,,,,,,,,,,,,,,,,,,,,,,,,,,,,,,,,,,,28,,,100.00%,,,28,,,100.00%,,,18,,,94.40%,,,4,,,SUPP,,,NE,,,NE,,,12,,,6,,,32.5,,,C+,,,6,,,32.5,,,C+,,,SUPP,,,SUPP,,,SUPP,,,SUPP,,,SUPP,,,SUPP,,,NE,,,NE,,,NE,,,,,,,,,,,,,,,,,,,,,,,,,,,,,,,,,,,,,,,,,,,,,,,,,,,SUPP,,,SUPP,,,SUPP,,,SUPP,,,SUPP,,,SUPP,,,SUPP,,,SUPP,,,NE,,,NE,,,40,,,29,,,32.85,,,C+,,,30,,,32.9,,,C+,,,SUPP,,,SUPP,,,SUPP,,,SUPP,,,SUPP,,,SUPP,,,NE,,,NE,,,NE,,,,,,,,,,,,,,,,,,,,,,,,,,,,,,,,,,,,,,,,,,,,,,,,,,,SUPP,,,SUPP,,,SUPP,,,SUPP,,,SUPP,,,SUPP,,,SUPP,,,SUPP,,,NE,,,NE
1,22296,25,4,919,4036,147785,E14000745,Hertsmere,,The Grange Academy,London Road,,,Bushey,WD23 3AA,2089509502,0,AC,Unknown,NR,NA,MIXED,0, 11-18,0,,,R,,147,75,57,27.27,C-,34,26.08,C-,34,0.00%,58,26.73,C-,31,27.08,Merit+,NE,NE,NE,NE,NE,31,100.00%,,,,,,,,,54,92.60%,92.60%,54,92.60%,54,92.60%,92.60%,54,92.60%,20,75.00%,75.00%,20,75.00%,NE,NE,NE,NE,NE,NE,NE,NE,NE,NE,NE,NE,NE,6,SUPP,SUPP,SUPP,SUPP,SUPP,SUPP,SUPP,SUPP,SUPP,NE,NE,NE,,,,,SUPP,SUPP,SUPP,SUPP,SUPP,SUPP,NE,NE,NE,NE,NE,NE,NE,69,SUPP,SUPP,SUPP,SUPP,SUPP,SUPP,SUPP,SUPP,SUPP,NE,NE,NE,,,,,SUPP,SUPP,SUPP,SUPP,SUPP,SUPP,NE,NE,NE,NE,NE,NE,NE,77,,,63,,,32.21,,,C+,,,64,,,31.92,,,C+,,,39,,,30.79,,,Dist-,,,NE,,,NE,,,NE,,,NE,,,NE,,,NE,,,,,,,,,,,,,,,,,,,,,,,,,,,,,,,,,,,,,,,,,,,,,,,,,,,,,,56,,,100.00%,,,56,,,100.00%,,,21,,,61.90%,,,NE,,,NE,,,NE,,,NE,,,16,,,12,,,31,,,C,,,12,,,31,,,C,,,9,,,29.81,,,Merit+,,,NE,,,NE,,,NE,,,NE,,,NE,,,NE,,,,,,,,,,,,,,,,,,,,,,,,,,,,,,,,,,,,,,,,,,,,,,,,,,,11,,,100.00%,,,11,,,100.00%,,,SUPP,,,SUPP,,,NE,,,NE,,,NE,,,NE,,,61,,,51,,,32.5,,,C+,,,52,,,32.14,,,C+,,,30,,,31.05,,,Dist-,,,NE,,,NE,,,NE,,,NE,,,NE,,,NE,,,,,,,,,,,,,,,,,,,,,,,,,,,,,,,,,,,,,,,,,,,,,,,,,,,45,,,100.00%,,,45,,,100.00%,,,SUPP,,,SUPP,,,NE,,,NE,,,NE,,,NE
1,4618,25,4,919,4043,138286,E14000960,St Albans,,Beaumont School,Austen Way,,,St Albans,AL4 0XB,1727854726,0,ACC,Does not apply,NSE,OTHER NON SEL,MIXED,0, 11-18,0,,,R,,454,220,205,39.87,B,169,39.8,B,169,26.60%,205,39.8,B,38,32.91,Dist-,11,40,Dist+,12,91.70%,45,97.80%,,,,,,,,,206,95.60%,95.60%,206,95.60%,206,95.60%,95.60%,206,95.60%,9,88.90%,88.90%,9,88.90%,2,SUPP,SUPP,2,SUPP,NE,NE,NE,NE,NE,NE,NE,NE,17,15,35.85,B-,15,35.48,B-,SUPP,SUPP,SUPP,SUPP,SUPP,SUPP,,,,,15,100.00%,15,100.00%,SUPP,SUPP,NE,NE,NE,NE,NE,NE,NE,202,189,40.23,B,189,40.2,B,SUPP,SUPP,SUPP,SUPP,SUPP,SUPP,,,,,190,95.30%,190,95.30%,SUPP,SUPP,SUPP,SUPP,NE,NE,NE,NE,NE,240,,,234,,,42.6,,,B+,,,234,,,42.61,,,B+,,,47,,,29.89,,,Merit+,,,19,,,41.05,,,Dist+,,,NE,,,NE,,,NE,,,,,,,,,,,,,,,,,,,,,,,,,,,,,,,,,,,,,,,,,,,,,,,,,,,,,,216,,,99.10%,,,216,,,99.10%,,,25,,,100.00%,,,NE,,,NE,,,NE,,,NE,,,20,,,20,,,34.9,,,C+,,,20,,,34.9,,,C+,,,7,,,30.63,,,Dist-,,,SUPP,,,SUPP,,,SUPP,,,NE,,,NE,,,NE,,,,,,,,,,,,,,,,,,,,,,,,,,,,,,,,,,,,,,,,,,,,,,,,,,,19,,,100.00%,,,19,,,100.00%,,,SUPP,,,SUPP,,,NE,,,NE,,,NE,,,NE,,,219,,,213,,,43.33,,,B+,,,213,,,43.33,,,B+,,,40,,,29.78,,,Merit+,,,SUPP,,,SUPP,,,SUPP,,,NE,,,NE,,,NE,,,,,,,,,,,,,,,,,,,,,,,,,,,,,,,,,,,,,,,,,,,,,,,,,,,195,,,99.50%,,,195,,,99.50%,,,SUPP,,,SUPP,,,NE,,,NE,,,NE,,,NE
1,4124,25,4,919,4066,117518,E14000968,Stevenage,,Barnwell School,Barnwell,,,Stevenage,SG2 9SW,1438222500,0,FD,Does not apply,NSE,OTHER NON SEL,MIXED,0, 11-18,0,,,R,,104,60,27,29.47,C,12,28.33,C-,12,0.00%,27,29.47,C,21,34.84,Dist,22,35.72,Dist,22,100.00%,21,100.00%,,,,,,,,,20,100.00%,100.00%,20,100.00%,20,100.00%,100.00%,20,100.00%,12,91.70%,75.00%,12,66.70%,19,94.70%,73.70%,19,73.70%,NE,NE,NE,NE,NE,NE,NE,NE,11,SUPP,SUPP,SUPP,SUPP,SUPP,SUPP,SUPP,SUPP,SUPP,SUPP,SUPP,SUPP,,,,,NE,NE,NE,NE,SUPP,SUPP,6,100.00%,NE,NE,NE,NE,NE,49,SUPP,SUPP,SUPP,SUPP,SUPP,SUPP,SUPP,SUPP,SUPP,SUPP,SUPP,SUPP,,,,,20,100.00%,20,100.00%,SUPP,SUPP,13,92.30%,NE,NE,NE,NE,NE,64,,,40,,,36.25,,,B-,,,40,,,36.25,,,B-,,,20,,,33.03,,,Dist-,,,14,,,41.29,,,Dist+,,,NE,,,NE,,,NE,,,,,,,,,,,,,,,,,,,,,,,,,,,,,,,,,,,,,,,,,,,,,,,,,,,,,,31,,,100.00%,,,31,,,100.00%,,,14,,,85.70%,,,11,,,100.00%,,,NE,,,NE,,,13,,,9,,,38.13,,,B-,,,9,,,38.13,,,B-,,,SUPP,,,SUPP,,,SUPP,,,SUPP,,,SUPP,,,SUPP,,,NE,,,NE,,,NE,,,,,,,,,,,,,,,,,,,,,,,,,,,,,,,,,,,,,,,,,,,,,,,,,,,SUPP,,,SUPP,,,SUPP,,,SUPP,,,SUPP,,,SUPP,,,SUPP,,,SUPP,,,NE,,,NE,,,51,,,31,,,35.83,,,B-,,,31,,,35.83,,,B-,,,SUPP,,,SUPP,,,SUPP,,,SUPP,,,SUPP,,,SUPP,,,NE,,,NE,,,NE,,,,,,,,,,,,,,,,,,,,,,,,,,,,,,,,,,,,,,,,,,,,,,,,,,,SUPP,,,SUPP,,,SUPP,,,SUPP,,,SUPP,,,SUPP,,,SUPP,,,SUPP,,,NE,,,NE
1,57492,25,4,919,4067,140294,E14000744,Hertford and Stortford,,Simon Balle All-Through School,Mangrove Road,,,Hertford,SG13 8AJ,1992410400,0,ACC,Does not apply,NSE,OTHER NON SEL,MIXED,0, 4-18,0,,,R,,276,135,108,35.79,B-,81,36.63,B-,81,18.50%,108,35.85,B-,47,30.34,Dist-,NE,NE,NE,NE,NE,47,100.00%,,,,,,,,,101,99.00%,99.00%,101,99.00%,101,99.00%,99.00%,101,99.00%,33,84.80%,78.80%,33,84.80%,NE,NE,NE,NE,NE,NE,NE,NE,NE,NE,NE,NE,NE,11,6,33.85,C+,6,33.85,C+,8,29.74,Merit+,NE,NE,NE,,,,,SUPP,SUPP,SUPP,SUPP,7,100.00%,NE,NE,NE,NE,NE,NE,NE,123,102,35.89,B-,102,35.95,B-,39,30.5,Dist-,NE,NE,NE,,,,,SUPP,SUPP,SUPP,SUPP,26,80.80%,NE,NE,NE,NE,NE,NE,NE,133,,,104,,,39.48,,,B,,,104,,,39.67,,,B,,,39,,,34.38,,,Dist,,,NE,,,NE,,,NE,,,NE,,,NE,,,NE,,,,,,,,,,,,,,,,,,,,,,,,,,,,,,,,,,,,,,,,,,,,,,,,,,,,,,95,,,98.90%,,,95,,,98.90%,,,28,,,92.90%,,,9,,,0.00%,,,NE,,,NE,,,14,,,11,,,35.38,,,B-,,,11,,,35.6,,,B-,,,8,,,31.07,,,Dist-,,,NE,,,NE,,,NE,,,NE,,,NE,,,NE,,,,,,,,,,,,,,,,,,,,,,,,,,,,,,,,,,,,,,,,,,,,,,,,,,,9,,,100.00%,,,9,,,100.00%,,,SUPP,,,SUPP,,,NE,,,NE,,,NE,,,NE,,,118,,,92,,,40.22,,,B,,,92,,,40.4,,,B,,,30,,,35.38,,,Dist,,,NE,,,NE,,,NE,,,NE,,,NE,,,NE,,,,,,,,,,,,,,,,,,,,,,,,,,,,,,,,,,,,,,,,,,,,,,,,,,,85,,,98.80%,,,85,,,98.80%,,,SUPP,,,SUPP,,,9,,,0.00%,,,NE,,,NE
1,47672,25,4,919,4070,136973,E14000749,Hitchin and Harpenden,,Roundwood Park School,Roundwood Park,,,Harpenden,AL5 3AE,1582765344,0,ACC,None,NSE,OTHER NON SEL,MIXED,0, 11-18,0,,,,,348,179,164,40.44,B,129,41.91,B+,129,26.40%,164,40.55,B,72,30.52,Dist-,NE,NE,NE,NE,NE,72,100.00%,,,,,,,,,151,97.40%,96.70%,151,96.70%,151,97.40%,96.70%,151,96.70%,28,89.30%,89.30%,28,89.30%,NE,NE,NE,NE,NE,NE,NE,NE,NE,NE,NE,NE,NE,9,7,31.33,C,7,30.75,C,6,28.11,Merit+,NE,NE,NE,,,,,SUPP,SUPP,SUPP,SUPP,SUPP,SUPP,NE,NE,NE,NE,NE,NE,NE,169,156,40.87,B,156,41.01,B,65,30.81,Dist-,NE,NE,NE,,,,,SUPP,SUPP,SUPP,SUPP,SUPP,SUPP,NE,NE,NE,NE,NE,NE,NE,173,,,165,,,44.16,,,B+,,,165,,,43.95,,,B+,,,40,,,37.99,,,Dist+,,,NE,,,NE,,,NE,,,NE,,,NE,,,NE,,,,,,,,,,,,,,,,,,,,,,,,,,,,,,,,,,,,,,,,,,,,,,,,,,,,,,153,,,100.00%,,,153,,,100.00%,,,20,,,100.00%,,,NE,,,NE,,,NE,,,NE,,,13,,,12,,,32.41,,,C+,,,12,,,32.37,,,C+,,,7,,,36.5,,,Dist,,,NE,,,NE,,,NE,,,NE,,,NE,,,NE,,,,,,,,,,,,,,,,,,,,,,,,,,,,,,,,,,,,,,,,,,,,,,,,,,,11,,,100.00%,,,11,,,100.00%,,,SUPP,,,SUPP,,,NE,,,NE,,,NE,,,NE,,,160,,,153,,,44.94,,,B+,,,153,,,44.71,,,B+,,,33,,,38.25,,,Dist+,,,NE,,,NE,,,NE,,,NE,,,NE,,,NE,,,,,,,,,,,,,,,,,,,,,,,,,,,,,,,,,,,,,,,,,,,,,,,,,,,142,,,100.00%,,,142,,,100.00%,,,SUPP,,,SUPP,,,NE,,,NE,,,NE,,,NE
1,33884,25,4,919,4080,137110,E14000739,Hemel Hempstead,,Longdean School,Rumballs Rd,,,Hemel Hempstead,HP3 8JB,1442217277,0,ACC,Does not apply,NSE,OTHER NON SEL,MIXED,0, 11-18,0,,,R,,208,84,70,31.1,C,37,33.87,C+,37,2.70%,71,30.84,C,36,26.52,Merit,5,SUPP,SUPP,5,SUPP,37,97.30%,,,,,,,,,56,96.40%,96.40%,56,96.40%,56,96.40%,96.40%,56,96.40%,21,95.20%,90.50%,21,95.20%,3,SUPP,SUPP,3,SUPP,NE,NE,NE,NE,NE,NE,NE,NE,11,8,20,D,8,20,D,SUPP,SUPP,SUPP,SUPP,SUPP,SUPP,,,,,SUPP,SUPP,SUPP,SUPP,SUPP,SUPP,SUPP,SUPP,NE,NE,NE,NE,NE,71,61,32,C+,62,31.67,C+,SUPP,SUPP,SUPP,SUPP,SUPP,SUPP,,,,,SUPP,SUPP,SUPP,SUPP,SUPP,SUPP,SUPP,SUPP,NE,NE,NE,NE,NE,101,,,78,,,31.73,,,C+,,,78,,,31.76,,,C+,,,39,,,29.81,,,Merit+,,,4,,,SUPP,,,SUPP,,,NE,,,NE,,,NE,,,,,,,,,,,,,,,,,,,,,,,,,,,,,,,,,,,,,,,,,,,,,,,,,,,,,,57,,,94.70%,,,57,,,94.70%,,,35,,,82.90%,,,4,,,SUPP,,,NE,,,NE,,,16,,,10,,,32.11,,,C+,,,10,,,31.89,,,C+,,,7,,,32.5,,,Dist-,,,NE,,,NE,,,NE,,,NE,,,NE,,,NE,,,,,,,,,,,,,,,,,,,,,,,,,,,,,,,,,,,,,,,,,,,,,,,,,,,7,,,85.70%,,,7,,,85.70%,,,6,,,66.70%,,,NE,,,NE,,,NE,,,NE,,,85,,,68,,,31.69,,,C+,,,68,,,31.74,,,C+,,,32,,,29.25,,,Merit+,,,SUPP,,,SUPP,,,SUPP,,,NE,,,NE,,,NE,,,,,,,,,,,,,,,,,,,,,,,,,,,,,,,,,,,,,,,,,,,,,,,,,,,50,,,96.00%,,,50,,,96.00%,,,29,,,86.20%,,,SUPP,,,SUPP,,,NE,,,NE
1,48528,25,4,919,4083,137339,E14000960,St Albans,,St Albans Girls' School,Sandridgebury Lane,,,St Albans,AL3 6DB,1727853134,0,ACC,Does not apply,NSE,OTHER NON SEL,MIXED,0, 11-18,0,,,,,255,127,124,39.99,B,108,40.31,B,108,17.60%,124,39.87,B,16,33.13,Dist-,NE,NE,NE,NE,NE,16,100.00%,,,,,,,,,127,97.60%,97.60%,127,97.60%,127,97.60%,97.60%,127,97.60%,NE,NE,NE,NE,NE,NE,NE,NE,NE,NE,NE,NE,NE,NE,NE,NE,NE,NE,10,9,35.77,B-,9,35.47,B-,NE,NE,NE,NE,NE,NE,,,,,10,90.00%,10,90.00%,NE,NE,NE,NE,NE,NE,NE,NE,NE,115,113,40.51,B,113,40.41,B,16,33.13,Dist-,NE,NE,NE,,,,,115,98.30%,115,98.30%,NE,NE,NE,NE,NE,NE,NE,NE,NE,117,,,113,,,44.14,,,B+,,,113,,,44.13,,,B+,,,14,,,31.43,,,Dist-,,,NE,,,NE,,,NE,,,NE,,,NE,,,NE,,,,,,,,,,,,,,,,,,,,,,,,,,,,,,,,,,,,,,,,,,,,,,,,,,,,,,116,,,97.40%,,,116,,,97.40%,,,1,,,SUPP,,,NE,,,NE,,,NE,,,NE,,,7,,,7,,,37.37,,,B-,,,7,,,37.37,,,B-,,,SUPP,,,SUPP,,,SUPP,,,NE,,,NE,,,NE,,,NE,,,NE,,,NE,,,,,,,,,,,,,,,,,,,,,,,,,,,,,,,,,,,,,,,,,,,,,,,,,,,7,,,100.00%,,,7,,,100.00%,,,NE,,,NE,,,NE,,,NE,,,NE,,,NE,,,109,,,105,,,44.5,,,B+,,,105,,,44.49,,,B+,,,SUPP,,,SUPP,,,SUPP,,,NE,,,NE,,,NE,,,NE,,,NE,,,NE,,,,,,,,,,,,,,,,,,,,,,,,,,,,,,,,,,,,,,,,,,,,,,,,,,,108,,,97.20%,,,108,,,97.20%,,,SUPP,,,SUPP,,,NE,,,NE,,,NE,,,NE
1,30694,25,4,919,4096,139036,E14000739,Hemel Hempstead,,Kings Langley School,Love Lane,,,Kings Langley,WD4 9HN,1923264504,0,ACC,Does not apply,NSE,OTHER NON SEL,MIXED,0, 11-18,0,,,R,,159,86,83,31.43,C,83,31.29,C,83,8.40%,83,31.58,C,NE,NE,NE,NE,NE,NE,NE,NE,NE,NE,,,,,,,,,86,96.50%,96.50%,86,96.50%,86,96.50%,96.50%,86,96.50%,NE,NE,NE,NE,NE,NE,NE,NE,NE,NE,NE,NE,NE,NE,NE,NE,NE,NE,6,6,41.05,B,6,41.05,B,NE,NE,NE,NE,NE,NE,,,,,6,100.00%,6,100.00%,NE,NE,NE,NE,NE,NE,NE,NE,NE,78,75,30.57,C,75,30.75,C,NE,NE,NE,NE,NE,NE,,,,,78,96.20%,78,96.20%,NE,NE,NE,NE,NE,NE,NE,NE,NE,74,,,71,,,37.06,,,B-,,,71,,,37.07,,,B-,,,NE,,,NE,,,NE,,,NE,,,NE,,,NE,,,NE,,,NE,,,NE,,,,,,,,,,,,,,,,,,,,,,,,,,,,,,,,,,,,,,,,,,,,,,,,,,,,,,74,,,97.30%,,,74,,,97.30%,,,NE,,,NE,,,NE,,,NE,,,NE,,,NE,,,12,,,11,,,32.24,,,C+,,,11,,,32.24,,,C+,,,NE,,,NE,,,NE,,,NE,,,NE,,,NE,,,NE,,,NE,,,NE,,,,,,,,,,,,,,,,,,,,,,,,,,,,,,,,,,,,,,,,,,,,,,,,,,,12,,,100.00%,,,12,,,100.00%,,,NE,,,NE,,,NE,,,NE,,,NE,,,NE,,,62,,,60,,,37.96,,,B-,,,60,,,37.94,,,B-,,,NE,,,NE,,,NE,,,NE,,,NE,,,NE,,,NE,,,NE,,,NE,,,,,,,,,,,,,,,,,,,,,,,,,,,,,,,,,,,,,,,,,,,,,,,,,,,62,,,96.80%,,,62,,,96.80%,,,NE,,,NE,,,NE,,,NE,,,NE,,,NE
1,6150,25,4,919,4099,137757,E14001027,Welwyn Hatfield,,Bishop's Hatfield Girls' School,Woods Avenue,,,Hatfield,AL10 8NL,1707275331,0,ACC,Does not apply,NSE,OTHER NON SEL,MIXED,0, 11-18,0,,,R,,200,102,95,39.12,B,75,40.49,B,75,18.70%,95,39.08,B,24,29.25,Merit+,NE,NE,NE,NE,NE,24,100.00%,,,,,,,,,93,100.00%,98.90%,93,98.90%,93,100.00%,98.90%,93,98.90%,8,100.00%,100.00%,8,100.00%,NE,NE,NE,NE,NE,NE,NE,NE,NE,NE,NE,NE,NE,SUPP,SUPP,SUPP,SUPP,SUPP,SUPP,SUPP,SUPP,SUPP,SUPP,NE,NE,NE,,,,,SUPP,SUPP,SUPP,SUPP,SUPP,SUPP,NE,NE,NE,NE,NE,NE,NE,SUPP,SUPP,SUPP,SUPP,SUPP,SUPP,SUPP,SUPP,SUPP,SUPP,NE,NE,NE,,,,,SUPP,SUPP,SUPP,SUPP,SUPP,SUPP,NE,NE,NE,NE,NE,NE,NE,69,,,64,,,42.11,,,B+,,,64,,,42.12,,,B+,,,15,,,36.88,,,Dist+,,,NE,,,NE,,,NE,,,NE,,,NE,,,NE,,,,,,,,,,,,,,,,,,,,,,,,,,,,,,,,,,,,,,,,,,,,,,,,,,,,,,59,,,100.00%,,,59,,,100.00%,,,10,,,100.00%,,,NE,,,NE,,,NE,,,NE,,,17,,,17,,,41.78,,,B+,,,17,,,41.92,,,B+,,,SUPP,,,SUPP,,,SUPP,,,NE,,,NE,,,NE,,,NE,,,NE,,,NE,,,,,,,,,,,,,,,,,,,,,,,,,,,,,,,,,,,,,,,,,,,,,,,,,,,15,,,100.00%,,,15,,,100.00%,,,SUPP,,,SUPP,,,NE,,,NE,,,NE,,,NE,,,52,,,47,,,42.22,,,B+,,,47,,,42.19,,,B+,,,SUPP,,,SUPP,,,SUPP,,,NE,,,NE,,,NE,,,NE,,,NE,,,NE,,,,,,,,,,,,,,,,,,,,,,,,,,,,,,,,,,,,,,,,,,,,,,,,,,,44,,,100.00%,,,44,,,100.00%,,,SUPP,,,SUPP,,,NE,,,NE,,,NE,,,NE
1,8916,25,4,919,4101,136396,E14000606,Broxbourne,,The Broxbourne School,Badgers Walk,,,Broxbourne,EN10 7FU,1992411060,0,ACC,None,NSE,OTHER NON SEL,MIXED,0, 11-18,0,,,,,230,109,103,38.05,B-,90,38.3,B-,90,20.00%,103,38.32,B-,13,33.86,Dist,NE,NE,NE,NE,NE,13,100.00%,,,,,,,,,100,95.00%,95.00%,100,95.00%,100,95.00%,95.00%,100,95.00%,9,88.90%,88.90%,9,88.90%,NE,NE,NE,NE,NE,NE,NE,NE,NE,NE,NE,NE,NE,10,10,28.42,C,10,28.75,C,NE,NE,NE,NE,NE,NE,,,,,10,90.00%,10,90.00%,NE,NE,NE,NE,NE,NE,NE,NE,NE,99,93,39.1,B,93,39.33,B,13,33.86,Dist,NE,NE,NE,,,,,90,95.60%,90,95.60%,9,88.90%,NE,NE,NE,NE,NE,NE,NE,125,,,119,,,39.59,,,B,,,119,,,39.82,,,B,,,21,,,38.06,,,Dist+,,,NE,,,NE,,,NE,,,NE,,,NE,,,NE,,,,,,,,,,,,,,,,,,,,,,,,,,,,,,,,,,,,,,,,,,,,,,,,,,,,,,114,,,95.60%,,,114,,,95.60%,,,11,,,100.00%,,,NE,,,NE,,,NE,,,NE,,,12,,,10,,,35,,,B-,,,10,,,35.71,,,B-,,,SUPP,,,SUPP,,,SUPP,,,NE,,,NE,,,NE,,,NE,,,NE,,,NE,,,,,,,,,,,,,,,,,,,,,,,,,,,,,,,,,,,,,,,,,,,,,,,,,,,10,,,80.00%,,,10,,,80.00%,,,SUPP,,,SUPP,,,NE,,,NE,,,NE,,,NE,,,113,,,109,,,39.95,,,B,,,109,,,40.15,,,B,,,SUPP,,,SUPP,,,SUPP,,,NE,,,NE,,,NE,,,NE,,,NE,,,NE,,,,,,,,,,,,,,,,,,,,,,,,,,,,,,,,,,,,,,,,,,,,,,,,,,,104,,,97.10%,,,104,,,97.10%,,,SUPP,,,SUPP,,,NE,,,NE,,,NE,,,NE
1,39350,25,4,919,4104,117530,E14000968,Stevenage,,The Nobel School,Mobbsbury Way,,,Stevenage,SG2 0HS,1438222600,0,FD,Does not apply,NSE,OTHER NON SEL,MIXED,0, 11-18,0,,,R,,285,152,137,35.97,B-,97,37.77,B-,97,17.50%,137,36.06,B-,44,31.83,Dist-,12,42.37,Dist*-,12,100.00%,44,100.00%,,,,,,,,,126,97.60%,96.80%,126,96.80%,126,97.60%,96.80%,126,96.80%,17,94.10%,82.40%,17,88.20%,8,100.00%,100.00%,8,100.00%,NE,NE,NE,NE,NE,NE,NE,NE,16,13,32.06,C+,13,32.23,C+,SUPP,SUPP,SUPP,SUPP,SUPP,SUPP,,,,,10,90.00%,10,90.00%,SUPP,SUPP,SUPP,SUPP,NE,NE,NE,NE,NE,132,120,36.56,B-,120,36.64,B-,SUPP,SUPP,SUPP,SUPP,SUPP,SUPP,,,,,112,98.20%,112,98.20%,SUPP,SUPP,SUPP,SUPP,NE,NE,NE,NE,NE,121,,,92,,,37.87,,,B-,,,92,,,37.87,,,B-,,,49,,,32.11,,,Dist-,,,14,,,35,,,Dist,,,NE,,,NE,,,NE,,,,,,,,,,,,,,,,,,,,,,,,,,,,,,,,,,,,,,,,,,,,,,,,,,,,,,82,,,97.60%,,,82,,,97.60%,,,27,,,96.30%,,,11,,,100.00%,,,NE,,,NE,,,15,,,10,,,38.85,,,B,,,10,,,38.85,,,B,,,6,,,29.29,,,Merit+,,,SUPP,,,SUPP,,,SUPP,,,NE,,,NE,,,NE,,,,,,,,,,,,,,,,,,,,,,,,,,,,,,,,,,,,,,,,,,,,,,,,,,,9,,,100.00%,,,9,,,100.00%,,,SUPP,,,SUPP,,,SUPP,,,SUPP,,,NE,,,NE,,,105,,,82,,,37.75,,,B-,,,82,,,37.75,,,B-,,,43,,,32.59,,,Dist-,,,SUPP,,,SUPP,,,SUPP,,,NE,,,NE,,,NE,,,,,,,,,,,,,,,,,,,,,,,,,,,,,,,,,,,,,,,,,,,,,,,,,,,72,,,98.60%,,,72,,,98.60%,,,SUPP,,,SUPP,,,SUPP,,,SUPP,,,NE,,,NE
1,65582,25,4,919,4111,140049,E14001021,Watford,,Westfield Academy,Tolpits Lane,,,Watford,WD18 6NS,1923231560,0,ACC,Does not apply,NSE,OTHER NON SEL,MIXED,0, 11-18,0,,,R,,210,105,66,29.35,C,46,31.3,C,46,4.30%,66,29.35,C,55,24.85,Merit,NE,NE,NE,NE,NE,55,100.00%,,,,,,,,,58,96.60%,96.60%,58,96.60%,58,96.60%,96.60%,58,96.60%,46,100.00%,95.70%,46,100.00%,NE,NE,NE,NE,NE,NE,NE,NE,NE,NE,NE,NE,NE,15,10,25,C-,10,25,C-,9,20.75,Merit-,NE,NE,NE,,,,,8,87.50%,8,87.50%,7,100.00%,NE,NE,NE,NE,NE,NE,NE,88,55,29.72,C,55,29.72,C,45,25.59,Merit,NE,NE,NE,,,,,49,98.00%,49,98.00%,38,100.00%,NE,NE,NE,NE,NE,NE,NE,67,,,34,,,34.22,,,C+,,,34,,,34.1,,,C+,,,25,,,31.22,,,Dist-,,,NE,,,NE,,,NE,,,NE,,,NE,,,NE,,,,,,,,,,,,,,,,,,,,,,,,,,,,,,,,,,,,,,,,,,,,,,,,,,,,,,36,,,94.40%,,,36,,,94.40%,,,26,,,96.20%,,,3,,,SUPP,,,NE,,,NE,,,15,,,8,,,30.42,,,C,,,8,,,30.42,,,C,,,SUPP,,,SUPP,,,SUPP,,,NE,,,NE,,,NE,,,NE,,,NE,,,NE,,,,,,,,,,,,,,,,,,,,,,,,,,,,,,,,,,,,,,,,,,,,,,,,,,,9,,,88.90%,,,9,,,88.90%,,,SUPP,,,SUPP,,,SUPP,,,SUPP,,,NE,,,NE,,,51,,,26,,,35.38,,,B-,,,26,,,35.23,,,B-,,,SUPP,,,SUPP,,,SUPP,,,NE,,,NE,,,NE,,,NE,,,NE,,,NE,,,,,,,,,,,,,,,,,,,,,,,,,,,,,,,,,,,,,,,,,,,,,,,,,,,27,,,96.30%,,,27,,,96.30%,,,SUPP,,,SUPP,,,SUPP,,,SUPP,,,NE,,,NE
1,35584,25,4,919,4116,117534,E14000968,Stevenage,,Marriotts School,Brittain Way,,,Stevenage,SG2 8UT,1438726999,0,CY,Does not apply,NSE,OTHER NON SEL,MIXED,0, 11-18,0,,,R,,262,136,77,31.44,C,37,31.8,C+,37,10.80%,78,31.62,C,71,29.89,Merit+,18,37.15,Dist+,34,52.90%,73,97.30%,,,,,,,,,50,88.00%,88.00%,50,88.00%,50,88.00%,88.00%,50,88.00%,62,77.40%,77.40%,62,75.80%,17,76.50%,76.50%,17,76.50%,NE,NE,NE,NE,NE,NE,NE,NE,28,11,28.33,C-,11,28.33,C-,13,29.09,Merit+,SUPP,SUPP,SUPP,,,,,SUPP,SUPP,SUPP,SUPP,20,55.00%,SUPP,SUPP,NE,NE,NE,NE,NE,107,65,31.84,C+,66,32.04,C+,57,30.28,Dist-,SUPP,SUPP,SUPP,,,,,SUPP,SUPP,SUPP,SUPP,41,90.20%,SUPP,SUPP,NE,NE,NE,NE,NE,120,,,66,,,35.1,,,B-,,,68,,,35.25,,,B-,,,54,,,32.43,,,Dist-,,,14,,,39.39,,,Dist+,,,NE,,,NE,,,NE,,,,,,,,,,,,,,,,,,,,,,,,,,,,,,,,,,,,,,,,,,,,,,,,,,,,,,45,,,93.30%,,,45,,,93.30%,,,42,,,90.50%,,,9,,,88.90%,,,NE,,,NE,,,41,,,19,,,32.68,,,C+,,,19,,,32.74,,,C+,,,19,,,32.06,,,Dist-,,,8,,,36.79,,,Dist+,,,NE,,,NE,,,NE,,,,,,,,,,,,,,,,,,,,,,,,,,,,,,,,,,,,,,,,,,,,,,,,,,,14,,,85.70%,,,14,,,85.70%,,,15,,,86.70%,,,SUPP,,,SUPP,,,NE,,,NE,,,78,,,47,,,36.02,,,B-,,,49,,,36.19,,,B-,,,35,,,32.65,,,Dist-,,,6,,,42.86,,,Dist*-,,,NE,,,NE,,,NE,,,,,,,,,,,,,,,,,,,,,,,,,,,,,,,,,,,,,,,,,,,,,,,,,,,31,,,96.80%,,,31,,,96.80%,,,27,,,92.60%,,,SUPP,,,SUPP,,,NE,,,NE
1,56484,25,4,919,4117,138484,E14000744,Hertford and Stortford,,The Sele School,Welwyn Road,,,Hertford,SG14 2DG,1992581455,0,ACC,Does not apply,NSE,OTHER NON SEL,MIXED,0, 11-18,0,,,R,,13,11,10,29.22,C,5,SUPP,SUPP,5,SUPP,10,29.46,C,6,29.5,Merit+,NE,NE,NE,NE,NE,6,100.00%,,,,,,,,,9,100.00%,100.00%,9,100.00%,9,100.00%,100.00%,9,100.00%,2,SUPP,SUPP,2,SUPP,NE,NE,NE,NE,NE,NE,NE,NE,NE,NE,NE,NE,NE,SUPP,SUPP,SUPP,SUPP,SUPP,SUPP,SUPP,SUPP,SUPP,SUPP,NE,NE,NE,,,,,SUPP,SUPP,SUPP,SUPP,SUPP,SUPP,NE,NE,NE,NE,NE,NE,NE,SUPP,SUPP,SUPP,SUPP,SUPP,SUPP,SUPP,SUPP,SUPP,SUPP,NE,NE,NE,,,,,SUPP,SUPP,SUPP,SUPP,SUPP,SUPP,NE,NE,NE,NE,NE,NE,NE,9,,,9,,,32.5,,,C+,,,9,,,32.5,,,C+,,,9,,,30.68,,,Dist-,,,NE,,,NE,,,NE,,,NE,,,NE,,,NE,,,,,,,,,,,,,,,,,,,,,,,,,,,,,,,,,,,,,,,,,,,,,,,,,,,,,,2,,,SUPP,,,2,,,SUPP,,,7,,,100.00%,,,NE,,,NE,,,NE,,,NE,,,NE,,,NE,,,NE,,,NE,,,NE,,,NE,,,NE,,,NE,,,NE,,,NE,,,NE,,,NE,,,NE,,,NE,,,NE,,,NE,,,,,,,,,,,,,,,,,,,,,,,,,,,,,,,,,,,,,,,,,,,,,,,,,,,NE,,,NE,,,NE,,,NE,,,NE,,,NE,,,NE,,,NE,,,NE,,,NE,,,9,,,9,,,32.5,,,C+,,,9,,,32.5,,,C+,,,9,,,30.68,,,Dist-,,,NE,,,NE,,,NE,,,NE,,,NE,,,NE,,,,,,,,,,,,,,,,,,,,,,,,,,,,,,,,,,,,,,,,,,,,,,,,,,,SUPP,,,SUPP,,,SUPP,,,SUPP,,,7,,,100.00%,,,NE,,,NE,,,NE,,,NE
1,37266,25,4,919,4118,138632,E14001027,Welwyn Hatfield,,Monk's Walk School,Knightsfield,,,Welwyn Garden City,AL8 7NL,1707322846,0,ACC,None,NSE,OTHER NON SEL,MIXED,0, 11-18,0,,,R,,256,127,119,36.05,B-,81,37.98,B-,81,17.30%,120,36.31,B-,41,36.5,Dist,NE,NE,NE,NE,NE,41,100.00%,,,,,,,,,90,94.40%,94.40%,90,94.40%,90,94.40%,94.40%,90,94.40%,36,94.40%,94.40%,36,94.40%,NE,NE,NE,NE,NE,NE,NE,NE,NE,NE,NE,NE,NE,10,9,38.64,B,9,39.21,B,SUPP,SUPP,SUPP,NE,NE,NE,,,,,7,100.00%,7,100.00%,SUPP,SUPP,NE,NE,NE,NE,NE,NE,NE,117,110,35.85,B-,111,36.09,B-,SUPP,SUPP,SUPP,NE,NE,NE,,,,,83,94.00%,83,94.00%,SUPP,SUPP,NE,NE,NE,NE,NE,NE,NE,127,,,122,,,42.02,,,B+,,,122,,,42.21,,,B+,,,21,,,42.5,,,Dist*-,,,3,,,SUPP,,,SUPP,,,NE,,,NE,,,NE,,,,,,,,,,,,,,,,,,,,,,,,,,,,,,,,,,,,,,,,,,,,,,,,,,,,,,103,,,96.10%,,,103,,,96.10%,,,25,,,88.00%,,,NE,,,NE,,,NE,,,NE,,,6,,,6,,,31.88,,,C+,,,6,,,31.88,,,C+,,,SUPP,,,SUPP,,,SUPP,,,NE,,,NE,,,NE,,,NE,,,NE,,,NE,,,,,,,,,,,,,,,,,,,,,,,,,,,,,,,,,,,,,,,,,,,,,,,,,,,SUPP,,,SUPP,,,SUPP,,,SUPP,,,SUPP,,,SUPP,,,NE,,,NE,,,NE,,,NE,,,121,,,116,,,42.52,,,B+,,,116,,,42.71,,,B+,,,SUPP,,,SUPP,,,SUPP,,,SUPP,,,SUPP,,,SUPP,,,NE,,,NE,,,NE,,,,,,,,,,,,,,,,,,,,,,,,,,,,,,,,,,,,,,,,,,,,,,,,,,,SUPP,,,SUPP,,,SUPP,,,SUPP,,,SUPP,,,SUPP,,,NE,,,NE,,,NE,,,NE
5,,,,,,,,,,,,,,,,,,,,,,,, ,,,,,,,595296,292201,35.29,B-,221694,35.78,B-,221694,18.40%,298860,35.48,B-,123265,29.56,Merit+,28022,28.52,Merit+,88124,31.80%,181627,68.80%,,,,,,,,,236796,NA,NA,235453,NA,238612,NA,NA,237223,NA,104950,NA,NA,103611,NA,33165,NA,NA,32486,NA,3847,5.68,L2Merit-,9964,NA,NA,39283,9.10%,,,NA,NA,,NA,NA,,NA,NA,,NA,NA,,,,,,NA,,NA,,NA,,NA,,NA,NA,,NA,,,NA,NA,,NA,NA,,NA,NA,,NA,NA,,,,,,NA,,NA,,NA,,NA,,NA,NA,,NA,589479,,,284381,,,38.87,,,B,,,290346,,,39.04,,,B,,,119853,,,31.98,,,Dist-,,,28535,,,30.56,,,Dist-,,,1404,,,5.88,,,L2Merit,,,,,,,,,,,,,,,,,,,,,,,,,,,,,,,,,,,,,,,,,,,,,,,,,,,,,,227494,,,NA,,,229453,,,NA,,,102100,,,NA,,,33664,,,NA,,,9137,,,NA,,,,,,,,,NA,,,NA,,,,,,NA,,,NA,,,,,,NA,,,NA,,,,,,NA,,,NA,,,,,,NA,,,NA,,,,,,,,,,,,,,,,,,,,,,,,,,,,,,,,,,,,,,,,,,,,,,,,,,,,,,NA,,,,,,NA,,,,,,NA,,,,,,NA,,,,,,NA,,,,,,,,,NA,,,NA,,,,,,NA,,,NA,,,,,,NA,,,NA,,,,,,NA,,,NA,,,,,,NA,,,NA,,,,,,,,,,,,,,,,,,,,,,,,,,,,,,,,,,,,,,,,,,,,,,,,,,,,,,NA,,,,,,NA,,,,,,NA,,,,,,NA,,,,,,NA
7,,,,,,,,,,,,,,,,,,,,,,,, ,,,,,,,554653,255992,34.16,C+,191294,34.68,C+,191294,15.80%,260760,34.26,C+,120950,29.52,Merit+,27868,28.5,Merit+,87222,32.00%,178697,68.70%,,,,,,,,,236796,93.60%,92.60%,235453,92.30%,238612,93.50%,92.60%,237223,92.10%,104950,87.20%,82.40%,103611,76.20%,33165,88.30%,76.90%,32486,78.20%,3844,5.68,L2Merit-,9964,85.30%,70.70%,39201,9.10%,129803,36459,29.91,C,37347,29.96,C,27201,27.7,Merit+,6470,26.38,Merit,,,,,33634,88.40%,33846,88.30%,28107,83.50%,8698,85.30%,1316,5.58,L2Merit-,3478,83.50%,408698,216794,34.82,C+,220515,34.92,C+,92289,30.1,Dist-,21098,29.1,Merit+,,,,,200571,94.50%,202091,94.50%,75530,88.60%,24138,89.40%,2430,5.72,L2Merit-,6330,86.30%,549352,,,249723,,,37.86,,,B-,,,253807,,,37.93,,,B-,,,117666,,,31.91,,,Dist-,,,28350,,,30.54,,,Dist-,,,1401,,,5.88,,,L2Merit,,,,,,,,,,,,,,,,,,,,,,,,,,,,,,,,,,,,,,,,,,,,,,,,,,,,,,227494,,,95.10%,,,229453,,,95.00%,,,102100,,,91.70%,,,33664,,,91.10%,,,9137,,,86.60%,,,129548,,,35592,,,33.46,,,C+,,,36304,,,33.49,,,C+,,,27007,,,29.97,,,Merit+,,,6530,,,27.99,,,Merit+,,,454,,,5.73,,,L2Merit-,,,,,,,,,,,,,,,,,,,,,,,,,,,,,,,,,,,,,,,,,,,,,,,,,,,32081,,,90.90%,,,32330,,,90.90%,,,27124,,,89.20%,,,8732,,,88.40%,,,3193,,,85.30%,,,405362,,,211909,,,38.55,,,B,,,215119,,,38.61,,,B,,,89552,,,32.55,,,Dist-,,,21564,,,31.3,,,Dist-,,,892,,,5.95,,,L2Merit,,,,,,,,,,,,,,,,,,,,,,,,,,,,,,,,,,,,,,,,,,,,,,,,,,,192987,,,95.80%,,,194561,,,95.80%,,,73813,,,92.60%,,,24658,,,92.10%,,,5822,,,87.30%