RECTYPE,ALPHAIND,REGION,LASORT,LEA,ESTAB,URN,PCON_CODE,PCON_NAME,SCHNAME_AC,SCHNAME,ADDRESS1,ADDRESS2,ADDRESS3,TOWN,PCODE,TELNUM,CONTFLAG,NFTYPE/FESITYPE,RELDENOM,ADMPOL,ADMPOL_PT,GEND1618,FEEDER,AGERANGE,ICLOSE,TABKS2,TAB15,CONFEXAM,DUMMY,TPUP1618,TALLPUP_1618,TALLPUP_ALEV_1618,TALLPPE_ALEV_1618,TALLPPEGRD_ALEV_1618,TINCLUDE_B3,TB3PTSE,TB3PTSE_GRD,TINCLUDE_AAB_2FAC,PTAAB_2FAC,TALLPUP_ACAD_1618,TALLPPE_ACAD_1618,TALLPPEGRD_ACAD_1618,TALLPUP_AGEN,TALLPPE_AGEN,TALLPPEGRD_AGEN,TALLPUP_TLEV,TALLPPE_TLEV,TALLPPEGRD_TLEV,TALLPUP_TLEVDENOM,TLEV_PER,TALLPUP_AGENDENOM,AGEN_PER,T_SCOPEEX_E,PROGEX_E,ENTRY_PER_E,T_SCOPEEX_M,PROGEX_M,ENTRY_PER_M,TALLPUP_SCOPE_L3M,L3M_PER,T_InScope_ALEV_Ret,PT_Retained_ALEV_Ret,PT_Ret_Assessed_ALEV,T_InScope_ALEV_2ndYr,PT_Retained_ALEV_2ndYr,T_InScope_ACAD_Ret,PT_Retained_ACAD_Ret,PT_Ret_Assessed_ACAD,T_InScope_ACAD_2ndYr,PT_Retained_ACAD_2ndYr,T_InScope_AGEN_Ret,PT_Retained_AGEN_Ret,PT_Ret_Assessed_AGEN,T_InScope_AGEN_2ndYr,PT_Retained_AGEN_2ndYr,T_InScope_TLEV_Ret,PT_Retained_TLEV_Ret,PT_Ret_Assessed_TLEV,T_InScope_TLEV_2ndYr,PT_Retained_TLEV_2ndYr,TALLPUP_TechCert,TALLPPE_TechCert,TALLPPEGRD_TechCert,T_InScope_TechCert_Ret,PT_Retained_TechCert_Ret,PT_Ret_Assessed_TechCert,TALLPUP_ANYL2VOC,TechCert_PER,TALLPUP_1618_DIS,TALLPUP_ALEV_1618_DIS,TALLPPE_ALEV_1618_DIS,TALLPPEGRD_ALEV_DIS,TALLPUP_ACAD_1618_DIS,TALLPPE_ACAD_1618_DIS,TALLPPEGRD_ACAD_DIS,TALLPUP_AGEN_DIS,TALLPPE_AGEN_DIS,TALLPPEGRD_AGEN_DIS,TALLPUP_TLEV_DIS,TALLPPE_TLEV_DIS,TALLPPEGRD_TLEV_DIS,T_SCOPEEX_E_DIS,PROGEX_E_DIS,T_SCOPEEX_M_DIS,PROGEX_M_DIS,T_InScope_ALEV_Ret_DIS,PT_Retained_ALEV_Ret_DIS,T_InScope_ACAD_Ret_DIS,PT_Retained_ACAD_Ret_DIS,T_InScope_AGEN_Ret_DIS,PT_Retained_AGEN_Ret_DIS,T_InScope_TLEV_Ret_DIS,PT_Retained_TLEV_Ret_DIS,TALLPUP_TechCert_DIS,TALLPPE_TechCert_DIS,TALLPPEGRD_TechCert_DIS,T_InScope_TechCert_Ret_DIS,PT_Retained_TechCert_Ret_DIS,TALLPUP_1618_NOTDIS,TALLPUP_ALEV_1618_NOTDIS,TALLPPE_ALEV_1618_NOTDIS,TALLPPEGRD_ALEV_NOTDIS,TALLPUP_ACAD_1618_NOTDIS,TALLPPE_ACAD_1618_NOTDIS,TALLPPEGRD_ACAD_NOTDIS,TALLPUP_AGEN_NOTDIS,TALLPPE_AGEN_NOTDIS,TALLPPEGRD_AGEN_NOTDIS,TALLPUP_TLEV_NOTDIS,TALLPPE_TLEV_NOTDIS,TALLPPEGRD_TLEV_NOTDIS,T_SCOPEEX_E_NOTDIS,PROGEX_E_NOTDIS,T_SCOPEEX_M_NOTDIS,PROGEX_M_NOTDIS,T_InScope_ALEV_Ret_NOTDIS,PT_Retained_ALEV_Ret_NOTDIS,T_InScope_ACAD_Ret_NOTDIS,PT_Retained_ACAD_Ret_NOTDIS,T_InScope_AGEN_Ret_NOTDIS,PT_Retained_AGEN_Ret_NOTDIS,T_InScope_TLEV_Ret_NOTDIS,PT_Retained_TLEV_Ret_NOTDIS,TALLPUP_TechCert_NOTDIS,TALLPPE_TechCert_NOTDIS,TALLPPEGRD_TechCert_NOTDIS,T_InScope_TechCert_Ret_NOTDIS,PT_Retained_TechCert_Ret_NOTDIS,ENTRIES_ALEV,VA_INS_ALEV,UCI_INS_ALEV,LCI_INS_ALEV,PROGRESS_BAND_ALEV,ENTRIES_ACAD,VA_INS_ACAD,UCI_INS_ACAD,LCI_INS_ACAD,PROGRESS_BAND_ACAD,ENTRIES_AGEN,VA_INS_AGEN,UCI_INS_AGEN,LCI_INS_AGEN,PROGRESS_BAND_AGEN,ENTRIES_TLEV,VA_INS_TLEV,UCI_INS_TLEV,LCI_INS_TLEV,PROGRESS_BAND_TLEV,ENTRIES_ALEV_DIS,VA_INS_ALEV_DIS,UCI_INS_ALEV_DIS,LCI_INS_ALEV_DIS,ENTRIES_ACAD_DIS,VA_INS_ACAD_DIS,UCI_INS_ACAD_DIS,LCI_INS_ACAD_DIS,ENTRIES_AGEN_DIS,VA_INS_AGEN_DIS,UCI_INS_AGEN_DIS,LCI_INS_AGEN_DIS,ENTRIES_TLEV_DIS,VA_INS_TLEV_DIS,UCI_INS_TLEV_DIS,LCI_INS_TLEV_DIS,ENTRIES_ALEV_NOTDIS,VA_INS_ALEV_NOTDIS,UCI_INS_ALEV_NOTDIS,LCI_INS_ALEV_NOTDIS,ENTRIES_ACAD_NOTDIS,VA_INS_ACAD_NOTDIS,UCI_INS_ACAD_NOTDIS,LCI_INS_ACAD_NOTDIS,ENTRIES_AGEN_NOTDIS,VA_INS_AGEN_NOTDIS,UCI_INS_AGEN_NOTDIS,LCI_INS_AGEN_NOTDIS,ENTRIES_TLEV_NOTDIS,VA_INS_TLEV_NOTDIS,UCI_INS_TLEV_NOTDIS,LCI_INS_TLEV_NOTDIS,TALLPUP_1618_23,TALLPUP_1618_22,TALLPUP_1618_21,TALLPUP_ALEV_1618_23,TALLPUP_ALEV_1618_22,TALLPUP_ALEV_1618_21,TALLPPE_ALEV_1618_23,TALLPPE_ALEV_1618_22,TALLPPE_ALEV_1618_21,TALLPPEGRD_ALEV_1618_23,TALLPPEGRD_ALEV_1618_22,TALLPPEGRD_ALEV_1618_21,TALLPUP_ACAD_1618_23,TALLPUP_ACAD_1618_22,TALLPUP_ACAD_1618_21,TALLPPE_ACAD_1618_23,TALLPPE_ACAD_1618_22,TALLPPE_ACAD_1618_21,TALLPPEGRD_ACAD_1618_23,TALLPPEGRD_ACAD_1618_22,TALLPPEGRD_ACAD_1618_21,TALLPUP_AGEN_23,TALLPUP_AGEN_22,TALLPUP_AGEN_21,TALLPPE_AGEN_23,TALLPPE_AGEN_22,TALLPPE_AGEN_21,TALLPPEGRD_AGEN_23,TALLPPEGRD_AGEN_22,TALLPPEGRD_AGEN_21,TALLPUP_TLEV_23,TALLPUP_TLEV_22,TALLPUP_TLEV_21,TALLPPE_TLEV_23,TALLPPE_TLEV_22,TALLPPE_TLEV_21,TALLPPEGRD_TLEV_23,TALLPPEGRD_TLEV_22,TALLPPEGRD_TLEV_21,TALLPUP_TECHCERT_23,TALLPUP_TECHCERT_22,TALLPUP_TECHCERT_21,TALLPPE_TECHCERT_23,TALLPPE_TECHCERT_22,TALLPPE_TECHCERT_21,TALLPPEGRD_TECHCERT_23,TALLPPEGRD_TECHCERT_22,TALLPPEGRD_TECHCERT_21,T_AIMS_CA_23,T_AIMS_CA_22,T_AIMS_CA_21,T_SCOPEEX_E_23,T_SCOPEEX_E_22,T_SCOPEEX_E_21,PROGEX_E_23,PROGEX_E_22,PROGEX_E_21,T_SCOPEEX_M_23,T_SCOPEEX_M_22,T_SCOPEEX_M_21,PROGEX_M_23,PROGEX_M_22,PROGEX_M_21,ENTRIES_ALEV_23,ENTRIES_ALEV_22,ENTRIES_ALEV_21,VA_INS_ALEV_23,VA_INS_ALEV_22,VA_INS_ALEV_21,PROGRESS_BAND_ALEV_23,UCI_INS_ALEV_23,UCI_INS_ALEV_22,UCI_INS_ALEV_21,LCI_INS_ALEV_23,LCI_INS_ALEV_22,LCI_INS_ALEV_21,ENTRIES_ACAD_23,ENTRIES_ACAD_22,ENTRIES_ACAD_21,VA_INS_ACAD_23,VA_INS_ACAD_22,VA_INS_ACAD_21,PROGRESS_BAND_ACAD_23,UCI_INS_ACAD_23,UCI_INS_ACAD_22,UCI_INS_ACAD_21,LCI_INS_ACAD_23,LCI_INS_ACAD_22,LCI_INS_ACAD_21,ENTRIES_AGEN_23,ENTRIES_AGEN_22,ENTRIES_AGEN_21,VA_INS_AGEN_23,VA_INS_AGEN_22,VA_INS_AGEN_21,PROGRESS_BAND_AGEN_23,UCI_INS_AGEN_23,UCI_INS_AGEN_22,UCI_INS_AGEN_21,LCI_INS_AGEN_23,LCI_INS_AGEN_22,LCI_INS_AGEN_21,T_INSCOPE_ALEV_RET_23,T_INSCOPE_ALEV_RET_22,T_INSCOPE_ALEV_RET_21,PT_RETAINED_ALEV_RET_23,PT_RETAINED_ALEV_RET_22,PT_RETAINED_ALEV_RET_21,T_INSCOPE_ACAD_RET_23,T_INSCOPE_ACAD_RET_22,T_INSCOPE_ACAD_RET_21,PT_RETAINED_ACAD_RET_23,PT_RETAINED_ACAD_RET_22,PT_RETAINED_ACAD_RET_21,T_INSCOPE_AGEN_RET_23,T_INSCOPE_AGEN_RET_22,T_INSCOPE_AGEN_RET_21,PT_RETAINED_AGEN_RET_23,PT_RETAINED_AGEN_RET_22,PT_RETAINED_AGEN_RET_21,T_INSCOPE_TLEV_RET_23,T_INSCOPE_TLEV_RET_22,T_INSCOPE_TLEV_RET_21,PT_RETAINED_TLEV_RET_23,PT_RETAINED_TLEV_RET_22,PT_RETAINED_TLEV_RET_21,T_INSCOPE_TECHCERT_RET_23,T_INSCOPE_TECHCERT_RET_22,T_INSCOPE_TECHCERT_RET_21,PT_RETAINED_TECHCERT_RET_23,PT_RETAINED_TECHCERT_RET_22,PT_RETAINED_TECHCERT_RET_21,TALLPUP_1618_DIS_23,TALLPUP_1618_DIS_22,TALLPUP_1618_DIS_21,TALLPUP_ALEV_1618_DIS_23,TALLPUP_ALEV_1618_DIS_22,TALLPUP_ALEV_1618_DIS_21,TALLPPE_ALEV_1618_DIS_23,TALLPPE_ALEV_1618_DIS_22,TALLPPE_ALEV_1618_DIS_21,TALLPPEGRD_ALEV_DIS_23,TALLPPEGRD_ALEV_DIS_22,TALLPPEGRD_ALEV_DIS_21,TALLPUP_ACAD_1618_DIS_23,TALLPUP_ACAD_1618_DIS_22,TALLPUP_ACAD_1618_DIS_21,TALLPPE_ACAD_1618_DIS_23,TALLPPE_ACAD_1618_DIS_22,TALLPPE_ACAD_1618_DIS_21,TALLPPEGRD_ACAD_DIS_23,TALLPPEGRD_ACAD_DIS_22,TALLPPEGRD_ACAD_DIS_21,TALLPUP_AGEN_DIS_23,TALLPUP_AGEN_DIS_22,TALLPUP_AGEN_DIS_21,TALLPPE_AGEN_DIS_23,TALLPPE_AGEN_DIS_22,TALLPPE_AGEN_DIS_21,TALLPPEGRD_AGEN_DIS_23,TALLPPEGRD_AGEN_DIS_22,TALLPPEGRD_AGEN_DIS_21,TALLPUP_TLEV_DIS_23,TALLPUP_TLEV_DIS_22,TALLPUP_TLEV_DIS_21,TALLPPE_TLEV_DIS_23,TALLPPE_TLEV_DIS_22,TALLPPE_TLEV_DIS_21,TALLPPEGRD_TLEV_DIS_23,TALLPPEGRD_TLEV_DIS_22,TALLPPEGRD_TLEV_DIS_21,TALLPUP_TECHCERT_DIS_23,TALLPUP_TECHCERT_DIS_22,TALLPUP_TECHCERT_DIS_21,TALLPPE_TECHCERT_DIS_23,TALLPPE_TECHCERT_DIS_22,TALLPPE_TECHCERT_DIS_21,TALLPPEGRD_TECHCERT_DIS_23,TALLPPEGRD_TECHCERT_DIS_22,TALLPPEGRD_TECHCERT_DIS_21,T_SCOPEEX_E_DIS_23,T_SCOPEEX_E_DIS_22,T_SCOPEEX_E_DIS_21,PROGEX_E_DIS_23,PROGEX_E_DIS_22,PROGEX_E_DIS_21,T_SCOPEEX_M_DIS_23,T_SCOPEEX_M_DIS_22,T_SCOPEEX_M_DIS_21,PROGEX_M_DIS_23,PROGEX_M_DIS_22,PROGEX_M_DIS_21,ENTRIES_ALEV_DIS_23,ENTRIES_ALEV_DIS_22,ENTRIES_ALEV_DIS_21,VA_INS_ALEV_DIS_23,VA_INS_ALEV_DIS_22,VA_INS_ALEV_DIS_21,UCI_INS_ALEV_DIS_23,UCI_INS_ALEV_DIS_22,UCI_INS_ALEV_DIS_21,LCI_INS_ALEV_DIS_23,LCI_INS_ALEV_DIS_22,LCI_INS_ALEV_DIS_21,ENTRIES_ACAD_DIS_23,ENTRIES_ACAD_DIS_22,ENTRIES_ACAD_DIS_21,VA_INS_ACAD_DIS_23,VA_INS_ACAD_DIS_22,VA_INS_ACAD_DIS_21,UCI_INS_ACAD_DIS_23,UCI_INS_ACAD_DIS_22,UCI_INS_ACAD_DIS_21,LCI_INS_ACAD_DIS_23,LCI_INS_ACAD_DIS_22,LCI_INS_ACAD_DIS_21,ENTRIES_AGEN_DIS_23,ENTRIES_AGEN_DIS_22,ENTRIES_AGEN_DIS_21,VA_INS_AGEN_DIS_23,VA_INS_AGEN_DIS_22,VA_INS_AGEN_DIS_21,UCI_INS_AGEN_DIS_23,UCI_INS_AGEN_DIS_22,UCI_INS_AGEN_DIS_21,LCI_INS_AGEN_DIS_23,LCI_INS_AGEN_DIS_22,LCI_INS_AGEN_DIS_21,T_INSCOPE_ALEV_RET_DIS_23,T_INSCOPE_ALEV_RET_DIS_22,T_INSCOPE_ALEV_RET_DIS_21,PT_RETAINED_ALEV_RET_DIS_23,PT_RETAINED_ALEV_RET_DIS_22,PT_RETAINED_ALEV_RET_DIS_21,T_INSCOPE_ACAD_RET_DIS_23,T_INSCOPE_ACAD_RET_DIS_22,T_INSCOPE_ACAD_RET_DIS_21,PT_RETAINED_ACAD_RET_DIS_23,PT_RETAINED_ACAD_RET_DIS_22,PT_RETAINED_ACAD_RET_DIS_21,T_INSCOPE_AGEN_RET_DIS_23,T_INSCOPE_AGEN_RET_DIS_22,T_INSCOPE_AGEN_RET_DIS_21,PT_RETAINED_AGEN_RET_DIS_23,PT_RETAINED_AGEN_RET_DIS_22,PT_RETAINED_AGEN_RET_DIS_21,T_INSCOPE_TLEV_RET_DIS_23,T_INSCOPE_TLEV_RET_DIS_22,T_INSCOPE_TLEV_RET_DIS_21,PT_RETAINED_TLEV_RET_DIS_23,PT_RETAINED_TLEV_RET_DIS_22,PT_RETAINED_TLEV_RET_DIS_21,T_INSCOPE_TECHCERT_RET_DIS_23,T_INSCOPE_TECHCERT_RET_DIS_22,T_INSCOPE_TECHCERT_RET_DIS_21,PT_RETAINED_TECHCERT_RET_DIS_23,PT_RETAINED_TECHCERT_RET_DIS_22,PT_RETAINED_TECHCERT_RET_DIS_21,TALLPUP_1618_NOTDIS_23,TALLPUP_1618_NOTDIS_22,TALLPUP_1618_NOTDIS_21,TALLPUP_ALEV_1618_NOTDIS_23,TALLPUP_ALEV_1618_NOTDIS_22,TALLPUP_ALEV_1618_NOTDIS_21,TALLPPE_ALEV_1618_NOTDIS_23,TALLPPE_ALEV_1618_NOTDIS_22,TALLPPE_ALEV_1618_NOTDIS_21,TALLPPEGRD_ALEV_NOTDIS_23,TALLPPEGRD_ALEV_NOTDIS_22,TALLPPEGRD_ALEV_NOTDIS_21,TALLPUP_ACAD_1618_NOTDIS_23,TALLPUP_ACAD_1618_NOTDIS_22,TALLPUP_ACAD_1618_NOTDIS_21,TALLPPE_ACAD_1618_NOTDIS_23,TALLPPE_ACAD_1618_NOTDIS_22,TALLPPE_ACAD_1618_NOTDIS_21,TALLPPEGRD_ACAD_NOTDIS_23,TALLPPEGRD_ACAD_NOTDIS_22,TALLPPEGRD_ACAD_NOTDIS_21,TALLPUP_AGEN_NOTDIS_23,TALLPUP_AGEN_NOTDIS_22,TALLPUP_AGEN_NOTDIS_21,TALLPPE_AGEN_NOTDIS_23,TALLPPE_AGEN_NOTDIS_22,TALLPPE_AGEN_NOTDIS_21,TALLPPEGRD_AGEN_NOTDIS_23,TALLPPEGRD_AGEN_NOTDIS_22,TALLPPEGRD_AGEN_NOTDIS_21,TALLPUP_TLEV_NOTDIS_23,TALLPUP_TLEV_NOTDIS_22,TALLPUP_TLEV_NOTDIS_21,TALLPPE_TLEV_NOTDIS_23,TALLPPE_TLEV_NOTDIS_22,TALLPPE_TLEV_NOTDIS_21,TALLPPEGRD_TLEV_NOTDIS_23,TALLPPEGRD_TLEV_NOTDIS_22,TALLPPEGRD_TLEV_NOTDIS_21,TALLPUP_TECHCERT_NOTDIS_23,TALLPUP_TECHCERT_NOTDIS_22,TALLPUP_TECHCERT_NOTDIS_21,TALLPPE_TECHCERT_NOTDIS_23,TALLPPE_TECHCERT_NOTDIS_22,TALLPPE_TECHCERT_NOTDIS_21,TALLPPEGRD_TECHCERT_NOTDIS_23,TALLPPEGRD_TECHCERT_NOTDIS_22,TALLPPEGRD_TECHCERT_NOTDIS_21,T_SCOPEEX_E_NOTDIS_23,T_SCOPEEX_E_NOTDIS_22,T_SCOPEEX_E_NOTDIS_21,PROGEX_E_NOTDIS_23,PROGEX_E_NOTDIS_22,PROGEX_E_NOTDIS_21,T_SCOPEEX_M_NOTDIS_23,T_SCOPEEX_M_NOTDIS_22,T_SCOPEEX_M_NOTDIS_21,PROGEX_M_NOTDIS_23,PROGEX_M_NOTDIS_22,PROGEX_M_NOTDIS_21,ENTRIES_ALEV_NOTDIS_23,ENTRIES_ALEV_NOTDIS_22,ENTRIES_ALEV_NOTDIS_21,VA_INS_ALEV_NOTDIS_23,VA_INS_ALEV_NOTDIS_22,VA_INS_ALEV_NOTDIS_21,UCI_INS_ALEV_NOTDIS_23,UCI_INS_ALEV_NOTDIS_22,UCI_INS_ALEV_NOTDIS_21,LCI_INS_ALEV_NOTDIS_23,LCI_INS_ALEV_NOTDIS_22,LCI_INS_ALEV_NOTDIS_21,ENTRIES_ACAD_NOTDIS_23,ENTRIES_ACAD_NOTDIS_22,ENTRIES_ACAD_NOTDIS_21,VA_INS_ACAD_NOTDIS_23,VA_INS_ACAD_NOTDIS_22,VA_INS_ACAD_NOTDIS_21,UCI_INS_ACAD_NOTDIS_23,UCI_INS_ACAD_NOTDIS_22,UCI_INS_ACAD_NOTDIS_21,LCI_INS_ACAD_NOTDIS_23,LCI_INS_ACAD_NOTDIS_22,LCI_INS_ACAD_NOTDIS_21,ENTRIES_AGEN_NOTDIS_23,ENTRIES_AGEN_NOTDIS_22,ENTRIES_AGEN_NOTDIS_21,VA_INS_AGEN_NOTDIS_23,VA_INS_AGEN_NOTDIS_22,VA_INS_AGEN_NOTDIS_21,UCI_INS_AGEN_NOTDIS_23,UCI_INS_AGEN_NOTDIS_22,UCI_INS_AGEN_NOTDIS_21,LCI_INS_AGEN_NOTDIS_23,LCI_INS_AGEN_NOTDIS_22,LCI_INS_AGEN_NOTDIS_21,T_INSCOPE_ALEV_RET_NOTDIS_23,T_INSCOPE_ALEV_RET_NOTDIS_22,T_INSCOPE_ALEV_RET_NOTDIS_21,PT_RETAINED_ALEV_RET_NOTDIS_23,PT_RETAINED_ALEV_RET_NOTDIS_22,PT_RETAINED_ALEV_RET_NOTDIS_21,T_INSCOPE_ACAD_RET_NOTDIS_23,T_INSCOPE_ACAD_RET_NOTDIS_22,T_INSCOPE_ACAD_RET_NOTDIS_21,PT_RETAINED_ACAD_RET_NOTDIS_23,PT_RETAINED_ACAD_RET_NOTDIS_22,PT_RETAINED_ACAD_RET_NOTDIS_21,T_INSCOPE_AGEN_RET_NOTDIS_23,T_INSCOPE_AGEN_RET_NOTDIS_22,T_INSCOPE_AGEN_RET_NOTDIS_21,PT_RETAINED_AGEN_RET_NOTDIS_23,PT_RETAINED_AGEN_RET_NOTDIS_22,PT_RETAINED_AGEN_RET_NOTDIS_21,T_INSCOPE_TLEV_RET_NOTDIS_23,T_INSCOPE_TLEV_RET_NOTDIS_22,T_INSCOPE_TLEV_RET_NOTDIS_21,PT_RETAINED_TLEV_RET_NOTDIS_23,PT_RETAINED_TLEV_RET_NOTDIS_22,PT_RETAINED_TLEV_RET_NOTDIS_21,T_INSCOPE_TECHCERT_RET_NOTDIS_23,T_INSCOPE_TECHCERT_RET_NOTDIS_22,T_INSCOPE_TECHCERT_RET_NOTDIS_21,PT_RETAINED_TECHCERT_RET_NOTDIS_23,PT_RETAINED_TECHCERT_RET_NOTDIS_22,PT_RETAINED_TECHCERT_RET_NOTDIS_21
4,,25,4,919,,,,,,,,,,,,,0,,,,,,,,,,,,,,15561,7904,36.37,B-,6448,36.95,B-,6448,19.50%,8042,36.38,B-,3588,27.43,Merit+,586,26.5,Merit,2207,26.60%,5211,70.60%,,,,,,,,,7462,95.40%,94.80%,7448,94.90%,7566,95.40%,94.80%,7552,94.90%,2834,86.50%,79.40%,2800,76.80%,631,90.20%,72.10%,619,81.10%,185,5.74,L2Merit-,267,87.60%,56.20%,1785,9.20%,2601,569,29.7,C,578,29.69,C,545,24.05,Merit,108,23.62,Merit,,,,,529,90.70%,534,90.80%,577,81.80%,139,89.20%,49,5.78,L2Merit-,82,86.60%,12467,7242,36.88,B-,7350,36.88,B-,3001,28.08,Merit+,469,27.02,Merit+,,,,,6839,95.80%,6919,95.80%,2219,87.70%,488,90.40%,132,5.72,L2Merit-,179,88.30%,NA,NA,NA,NA,NA,NA,NA,NA,NA,NA,NA,NA,NA,NA,NA,NA,NA,NA,NA,NA,NA,NA,NA,NA,NA,NA,NA,NA,NA,NA,NA,NA,NA,NA,NA,NA,NA,NA,NA,NA,NA,NA,NA,NA,NA,NA,NA,NA,NA,NA,NA,NA,14744,15184,,7601,7528,,36.02,39.79,,B-,B,,7773,7667,,36.1,39.87,,B-,B,,3223,2904,,27.5,29.65,,Merit+,Merit+,,657,555,,26.81,29.2,,Merit+,Merit+,,111,28,,5.83,6.05,,L2Merit-,L2Merit,,,,,,,,,,,,,,,,,,,,,,,,,,,,,,,,,,,,,,,,,,,,,,,,,,,,,,,,7130,7008,,95.90%,97.60%,,7252,7135,,95.90%,97.60%,,2598,2467,,89.40%,92.60%,,703,668,,90.50%,89.40%,,198,146,,84.30%,87.00%,,2479,2707,,569,677,,30.17,33.67,,C,C+,,587,679,,30.3,33.7,,C,C+,,485,499,,24.13,27.19,,Merit,Merit+,,124,111,,23.55,25.7,,Merit,Merit,,34,10,,5.7,5.7,,L2Merit-,L2Merit-,,,,,,,,,,,,,,,,,,,,,,,,,,,,,,,,,,,,,,,,,,,,,,,,,,517,619,,89.70%,95.00%,,523,620,,89.90%,94.80%,,556,506,,82.20%,89.50%,,161,149,,88.80%,83.20%,,66,54,,77.30%,87.00%,,11875,12130,,6971,6815,,36.46,40.36,,B-,B,,7103,6901,,36.5,40.41,,B-,B,,2707,2388,,28.18,30.22,,Merit+,Dist-,,528,439,,27.58,30.15,,Merit+,Dist-,,75,15,,5.88,6.31,,L2Merit,L2Merit+,,,,,,,,,,,,,,,,,,,,,,,,,,,,,,,,,,,,,,,,,,,,,,,,,,6555,6349,,96.40%,97.90%,,6651,6423,,96.40%,97.90%,,2011,1946,,91.40%,93.40%,,536,516,,91.00%,91.10%,,129,89,,88.40%,86.50%
1,26322,25,4,919,4001,138747,E14001284,Hertsmere,,Hertswood Academy,Cowley Hill,,,Borehamwood,WD6 5LG,2082387200,0,ACC,Does not apply,NSE,OTHER NON SEL,MIXED,0, 11-18,0,,,R,,157,89,53,31.92,C+,24,34.31,C+,24,4.20%,53,31.91,C+,43,26.42,Merit,NE,NE,NE,NE,NE,43,100.00%,,,,,,,,,29,93.10%,89.70%,29,89.70%,29,93.10%,89.70%,29,89.70%,50,84.00%,82.00%,50,82.00%,NE,NE,NE,NE,NE,NE,NE,NE,NE,NE,NE,NE,NE,21,11,27.14,C-,11,27.14,C-,7,27.5,Merit+,NE,NE,NE,,,,,11,90.90%,11,90.90%,8,62.50%,NE,NE,NE,NE,NE,NE,NE,66,40,33.3,C+,40,33.28,C+,35,26.08,Merit,NE,NE,NE,,,,,17,94.10%,17,94.10%,41,87.80%,NE,NE,NE,NE,NE,NE,NE,115,0.26,0.46,0.07,2,116,0.26,0.45,0.06,2,68,0.05,0.25,-0.16,3,NE,NE,NE,NE,NA,28,-0.22,0.2,-0.63,28,-0.22,0.2,-0.63,11,0.42,0.92,-0.08,NE,NE,NE,NE,87,0.42,0.64,0.19,88,0.41,0.63,0.19,57,-0.03,0.19,-0.25,NE,NE,NE,NE,81,85,,63,59,,34.05,34.25,,C+,C+,,63,59,,34.05,34.27,,C+,C+,,36,57,,28.31,23.24,,Merit+,Merit-,,NE,NE,,NE,NE,,NE,NE,,NE,NE,,NE,NE,,NE,NE,,,,,,,,,,,,,,,,,,,,,,,,,,,,,,,,,,,,,,,,,,,,,,,,,,,,,,,,39,22,,97.40%,100.00%,,39,22,,97.40%,100.00%,,38,61,,94.70%,93.40%,,NE,NE,,NE,NE,,NE,NE,,NE,NE,,14,17,,10,14,,38.75,31.29,,B,C,,10,14,,38.75,31.29,,B,C,,7,10,,23.08,25.59,,Merit-,Merit,,NE,NE,,NE,NE,,NE,NE,,NE,NE,,NE,NE,,NE,NE,,,,,,,,,,,,,,,,,,,,,,,,,,,,,,,,,,,,,,,,,,,,,,,,,,SUPP,6,,SUPP,100.00%,,SUPP,6,,SUPP,100.00%,,7,11,,100.00%,90.90%,,NE,NE,,NE,NE,,NE,NE,,NE,NE,,67,67,,53,45,,33.21,35.21,,C+,B-,,53,45,,33.21,35.24,,C+,B-,,29,46,,29.62,22.25,,Merit+,Merit-,,NE,NE,,NE,NE,,NE,NE,,NE,NE,,NE,NE,,NE,NE,,,,,,,,,,,,,,,,,,,,,,,,,,,,,,,,,,,,,,,,,,,,,,,,,,SUPP,16,,SUPP,100.00%,,SUPP,16,,SUPP,100.00%,,31,49,,93.50%,93.90%,,NE,NE,,NE,NE,,NE,NE,,NE,NE
1,45898,25,4,919,5410,136877,E14001568,Watford,,Queens' School,Aldenham Road,,,Bushey,WD23 2TY,1923224465,0,ACC,None,NSE,OTHER NON SEL,MIXED,0, 11-18,0,,,R,,336,196,183,36.51,B-,165,36.83,B-,165,19.40%,183,36.18,B-,18,35.24,Dist,NE,NE,NE,NE,NE,18,100.00%,,,,,,,,,191,94.20%,93.70%,191,93.70%,191,94.20%,93.70%,191,93.70%,5,SUPP,SUPP,5,SUPP,NE,NE,NE,NE,NE,NE,NE,NE,NE,NE,NE,NE,NE,16,14,35.18,B-,14,35.08,B-,SUPP,SUPP,SUPP,NE,NE,NE,,,,,16,87.50%,16,87.50%,NE,NE,NE,NE,NE,NE,NE,NE,NE,180,169,36.62,B-,169,36.27,B-,SUPP,SUPP,SUPP,NE,NE,NE,,,,,175,94.90%,175,94.90%,SUPP,SUPP,NE,NE,NE,NE,NE,NE,NE,542,0.08,0.16,-0.01,3,628,0.03,0.12,-0.05,3,20,0.34,0.72,-0.03,3,NE,NE,NE,NE,NA,42,-0.07,0.27,-0.41,48,-0.07,0.26,-0.4,SUPP,SUPP,SUPP,SUPP,NE,NE,NE,NE,500,0.09,0.18,0,580,0.04,0.13,-0.05,SUPP,SUPP,SUPP,SUPP,NE,NE,NE,NE,173,175,,163,169,,36.11,38.4,,B-,B,,163,169,,35.99,38.22,,B-,B-,,22,12,,37.71,30.67,,Dist+,Dist-,,NE,NE,,NE,NE,,NE,NE,,NE,NE,,NE,NE,,NE,NE,,,,,,,,,,,,,,,,,,,,,,,,,,,,,,,,,,,,,,,,,,,,,,,,,,,,,,,,171,171,,94.20%,97.10%,,171,171,,94.20%,97.10%,,3,3,,SUPP,SUPP,,NE,NE,,NE,NE,,NE,NE,,NE,NE,,13,16,,10,14,,37.31,36.59,,B-,B-,,10,14,,37.28,36.49,,B-,B-,,SUPP,SUPP,,SUPP,SUPP,,SUPP,SUPP,,NE,NE,,NE,NE,,NE,NE,,NE,NE,,NE,NE,,NE,NE,,,,,,,,,,,,,,,,,,,,,,,,,,,,,,,,,,,,,,,,,,,,,,,,,,12,15,,83.30%,93.30%,,12,15,,83.30%,93.30%,,NE,NE,,NE,NE,,NE,NE,,NE,NE,,NE,NE,,NE,NE,,160,159,,153,155,,36.04,38.56,,B-,B,,153,155,,35.92,38.37,,B-,B,,SUPP,SUPP,,SUPP,SUPP,,SUPP,SUPP,,NE,NE,,NE,NE,,NE,NE,,NE,NE,,NE,NE,,NE,NE,,,,,,,,,,,,,,,,,,,,,,,,,,,,,,,,,,,,,,,,,,,,,,,,,,159,156,,95.00%,97.40%,,159,156,,95.00%,97.40%,,SUPP,SUPP,,SUPP,SUPP,,NE,NE,,NE,NE,,NE,NE,,NE,NE
1,5490,25,4,919,6005,117604,E14001268,Harpenden and Berkhamsted,,Berkhamsted School,Overton House,133 High Street,,Berkhamsted,HP4 2DJ,1442358000,0,IND,Anglican/Christian,,NA,MIXED,0, 11-19,0,,,R,,429,202,201,44.85,B+,149,45.46,A-,149,31.50%,202,45.08,A-,5,SUPP,SUPP,NE,NE,NE,NE,NE,5,SUPP,,,,,,,,,NA,NA,NA,NA,NA,NA,NA,NA,NA,NA,NA,NA,NA,NA,NA,NA,NA,NA,NA,NA,NE,NE,NE,NA,NA,NA,NE,NE,NA,NA,NA,NA,NA,NA,NA,NA,NA,NA,NA,NA,NA,,,,,NA,NA,NA,NA,NA,NA,NA,NA,NA,NA,NA,NA,NA,NA,NA,NA,NA,NA,NA,NA,NA,NA,NA,NA,NA,NA,,,,,NA,NA,NA,NA,NA,NA,NA,NA,NA,NA,NA,NA,NA,502,0.37,0.46,0.28,2,583,0.38,0.47,0.3,2,SUPP,SUPP,SUPP,SUPP,NA,NE,NE,NE,NE,NA,NA,NA,NA,NA,NA,NA,NA,NA,NA,NA,NA,NA,NA,NA,NA,NA,NA,NA,NA,NA,NA,NA,NA,NA,NA,NA,NA,NA,NA,NA,NA,NA,195,211,,194,209,,40.92,49.1,,B,A,,194,209,,41.16,49.2,,B,A,,6,7,,38.33,38.57,,Dist+,Dist+,,NE,NE,,NE,NE,,NE,NE,,NE,NE,,NE,NE,,NE,NE,,,,,,,,,,,,,,,,,,,,,,,,,,,,,,,,,,,,,,,,,,,,,,,,,,,,,,,,NA,NA,,NA,NA,,NA,NA,,NA,NA,,NA,NA,,NA,NA,,NA,NA,,NA,NA,,NA,NA,,NA,NA,,NA,NA,,NA,NA,,NA,NA,,NA,NA,,NA,NA,,NA,NA,,NA,NA,,NA,NA,,NA,NA,,NA,NA,,NA,NA,,NA,NA,,NA,NA,,NA,NA,,NA,NA,,NA,NA,,,,,,,,,,,,,,,,,,,,,,,,,,,,,,,,,,,,,,,,,,,,,,,,,,NA,NA,,NA,NA,,NA,NA,,NA,NA,,NA,NA,,NA,NA,,NA,NA,,NA,NA,,NA,NA,,NA,NA,,NA,NA,,NA,NA,,NA,NA,,NA,NA,,NA,NA,,NA,NA,,NA,NA,,NA,NA,,NA,NA,,NA,NA,,NA,NA,,NA,NA,,NA,NA,,NA,NA,,NA,NA,,NA,NA,,,,,,,,,,,,,,,,,,,,,,,,,,,,,,,,,,,,,,,,,,,,,,,,,,NA,NA,,NA,NA,,NA,NA,,NA,NA,,NA,NA,,NA,NA,,NA,NA,,NA,NA,,NA,NA,,NA,NA
1,26754,25,4,919,4122,117537,E14000845,North East Hertfordshire,The Highfield School,The Highfield School,Highfield,,,Letchworth Garden City,SG6 3QA,0,0,FD,Does not apply,NSE,OTHER NON SEL,MIXED,0, 11-18,0,,,,,135,68,54,32.03,C+,48,31.46,C,48,14.60%,54,32.34,C+,7,38.57,Dist+,NE,NE,NE,NE,NE,7,100.00%,,,,,,,,,64,84.40%,82.80%,64,84.40%,64,84.40%,82.80%,64,84.40%,2,SUPP,SUPP,2,SUPP,NE,NE,NE,NE,NE,NE,NE,NE,NE,NE,NE,NE,NE,SUPP,SUPP,SUPP,SUPP,SUPP,SUPP,SUPP,NE,NE,NE,NE,NE,NE,,,,,SUPP,SUPP,SUPP,SUPP,NE,NE,NE,NE,NE,NE,NE,NE,NE,SUPP,SUPP,SUPP,SUPP,SUPP,SUPP,SUPP,7,38.57,Dist+,NE,NE,NE,,,,,SUPP,SUPP,SUPP,SUPP,SUPP,SUPP,NE,NE,NE,NE,NE,NE,NE,152,0.01,0.17,-0.16,3,189,0,0.16,-0.16,3,8,0.78,1.41,0.16,1,NE,NE,NE,NE,NA,9,-0.27,0.42,-0.96,11,-0.32,0.34,-0.98,NE,NE,NE,NE,NE,NE,NE,NE,143,0.02,0.2,-0.15,178,0.02,0.18,-0.15,8,0.78,1.41,0.16,NE,NE,NE,NE,78,65,,70,62,,32.4,31.79,,C+,C+,,71,62,,32.45,32.15,,C+,C+,,4,9,,SUPP,41.67,,SUPP,Dist*-,,NE,NE,,NE,NE,,NE,NE,,NE,NE,,NE,NE,,NE,NE,,,,,,,,,,,,,,,,,,,,,,,,,,,,,,,,,,,,,,,,,,,,,,,,,,,,,,,,74,64,,93.20%,98.40%,,74,64,,93.20%,98.40%,,1,NE,,SUPP,NE,,NE,NE,,NE,NE,,NE,NE,,NE,NE,,10,6,,8,SUPP,,25,SUPP,,C-,SUPP,,8,SUPP,,25.3,SUPP,,C-,SUPP,,SUPP,SUPP,,SUPP,SUPP,,SUPP,SUPP,,NE,NE,,NE,NE,,NE,NE,,NE,NE,,NE,NE,,NE,NE,,,,,,,,,,,,,,,,,,,,,,,,,,,,,,,,,,,,,,,,,,,,,,,,,,9,6,,88.90%,100.00%,,9,6,,88.90%,100.00%,,SUPP,NE,,SUPP,NE,,NE,NE,,NE,NE,,NE,NE,,NE,NE,,68,58,,62,SUPP,,33.37,SUPP,,C+,SUPP,,63,SUPP,,33.37,SUPP,,C+,SUPP,,SUPP,SUPP,,SUPP,SUPP,,SUPP,SUPP,,NE,NE,,NE,NE,,NE,NE,,NE,NE,,NE,NE,,NE,NE,,,,,,,,,,,,,,,,,,,,,,,,,,,,,,,,,,,,,,,,,,,,,,,,,,65,58,,93.80%,98.30%,,65,58,,93.80%,98.30%,,NE,NE,,NE,NE,,NE,NE,,NE,NE,,NE,NE,,NE,NE
1,36036,25,4,919,5414,138042,E14001507,St Albans,,The Marlborough Science Academy,Watling Street,,,St Albans,AL1 2QA,1727856874,0,ACC,None,NSE,OTHER NON SEL,MIXED,0, 11-18,0,,,R,,222,124,106,27.52,C-,92,25.91,C-,92,7.60%,106,27.52,C-,16,25.53,Merit,NE,NE,NE,NE,NE,16,100.00%,,,,,,,,,110,95.50%,95.50%,108,94.40%,110,95.50%,95.50%,108,94.40%,8,87.50%,37.50%,8,37.50%,NE,NE,NE,NE,NE,NE,NE,NE,NE,NE,NE,NE,NE,17,9,18.1,D-,9,18.1,D-,SUPP,SUPP,SUPP,NE,NE,NE,,,,,9,100.00%,9,100.00%,SUPP,SUPP,NE,NE,NE,NE,NE,NE,NE,107,97,28.26,C-,97,28.25,C-,SUPP,SUPP,SUPP,NE,NE,NE,,,,,101,95.00%,101,95.00%,SUPP,SUPP,NE,NE,NE,NE,NE,NE,NE,251,0.05,0.18,-0.08,3,259,0.05,0.17,-0.08,3,19,-0.08,0.29,-0.44,3,NE,NE,NE,NE,NA,17,-0.25,0.25,-0.75,17,-0.25,0.25,-0.75,SUPP,SUPP,SUPP,SUPP,NE,NE,NE,NE,234,0.07,0.2,-0.06,242,0.07,0.2,-0.06,SUPP,SUPP,SUPP,SUPP,NE,NE,NE,NE,84,109,,80,98,,28.08,29.73,,C-,C,,80,98,,28.25,29.73,,C-,C,,8,13,,23.89,21.92,,Merit,Merit-,,NE,NE,,NE,NE,,NE,NE,,NE,NE,,NE,NE,,NE,NE,,,,,,,,,,,,,,,,,,,,,,,,,,,,,,,,,,,,,,,,,,,,,,,,,,,,,,,,85,107,,94.10%,94.40%,,85,107,,94.10%,94.40%,,1,3,,SUPP,SUPP,,NE,NE,,NE,NE,,NE,NE,,NE,NE,,10,20,,8,20,,23.08,27.61,,D+,C-,,8,20,,23.18,27.62,,D+,C-,,SUPP,SUPP,,SUPP,SUPP,,SUPP,SUPP,,NE,NE,,NE,NE,,NE,NE,,NE,NE,,NE,NE,,NE,NE,,,,,,,,,,,,,,,,,,,,,,,,,,,,,,,,,,,,,,,,,,,,,,,,,,10,20,,80.00%,100.00%,,10,20,,80.00%,100.00%,,NE,NE,,NE,NE,,NE,NE,,NE,NE,,NE,NE,,NE,NE,,74,88,,72,78,,28.56,30.29,,C,C,,72,78,,28.74,30.29,,C,C,,SUPP,SUPP,,SUPP,SUPP,,SUPP,SUPP,,NE,NE,,NE,NE,,NE,NE,,NE,NE,,NE,NE,,NE,NE,,,,,,,,,,,,,,,,,,,,,,,,,,,,,,,,,,,,,,,,,,,,,,,,,,75,86,,96.00%,94.20%,,75,86,,96.00%,94.20%,,SUPP,SUPP,,SUPP,SUPP,,NE,NE,,NE,NE,,NE,NE,,NE,NE
1,36084,25,4,919,4116,117534,E14001516,Stevenage,,Marriotts School,Brittain Way,,,Stevenage,SG2 8UT,1438726999,0,CY,Does not apply,NSE,OTHER NON SEL,MIXED,0, 11-18,0,,,R,,253,158,78,30.62,C,26,35.38,B-,26,7.70%,79,30.73,C,104,27.38,Merit+,19,37.57,Dist+,25,76.00%,106,98.10%,,,,,,,,,58,93.10%,93.10%,56,92.90%,58,93.10%,93.10%,56,92.90%,77,68.80%,68.80%,77,68.80%,19,84.20%,84.20%,19,84.20%,NE,NE,NE,NE,NE,NE,NE,NE,30,13,18.05,D-,13,18.64,D,20,25.96,Merit,SUPP,SUPP,SUPP,,,,,6,100.00%,6,100.00%,18,55.60%,6,83.30%,NE,NE,NE,NE,NE,122,62,32.49,C+,63,32.52,C+,81,27.9,Merit+,SUPP,SUPP,SUPP,,,,,49,91.80%,49,91.80%,57,71.90%,13,84.60%,NE,NE,NE,NE,NE,143,-0.07,0.1,-0.24,3,161,-0.06,0.11,-0.22,3,143,-0.24,-0.1,-0.38,4,17,0.16,0.61,-0.28,3,19,-0.87,-0.33,-1.41,21,-0.83,-0.3,-1.35,29,-0.07,0.24,-0.38,SUPP,SUPP,SUPP,SUPP,124,0.05,0.23,-0.13,140,0.06,0.23,-0.12,114,-0.28,-0.13,-0.44,SUPP,SUPP,SUPP,SUPP,136,120,,77,66,,31.44,35.1,,C,B-,,78,68,,31.62,35.25,,C,B-,,71,54,,29.89,32.43,,Merit+,Dist-,,18,14,,37.15,39.39,,Dist+,Dist+,,NE,NE,,NE,NE,,NE,NE,,,,,,,,,,,,,,,,,,,,,,,,,,,,,,,,,,,,,,,,,,,,,,,,,,,,,,,,50,45,,88.00%,93.30%,,50,45,,88.00%,93.30%,,62,42,,77.40%,90.50%,,17,9,,76.50%,88.90%,,NE,NE,,NE,NE,,28,41,,11,19,,28.33,32.68,,C-,C+,,11,19,,28.33,32.74,,C-,C+,,13,19,,29.09,32.06,,Merit+,Dist-,,SUPP,8,,SUPP,36.79,,SUPP,Dist+,,NE,NE,,NE,NE,,NE,NE,,,,,,,,,,,,,,,,,,,,,,,,,,,,,,,,,,,,,,,,,,,,,,,,,,SUPP,14,,SUPP,85.70%,,SUPP,14,,SUPP,85.70%,,20,15,,55.00%,86.70%,,SUPP,SUPP,,SUPP,SUPP,,NE,NE,,NE,NE,,107,78,,65,47,,31.84,36.02,,C+,B-,,66,49,,32.04,36.19,,C+,B-,,57,35,,30.28,32.65,,Dist-,Dist-,,SUPP,6,,SUPP,42.86,,SUPP,Dist*-,,NE,NE,,NE,NE,,NE,NE,,,,,,,,,,,,,,,,,,,,,,,,,,,,,,,,,,,,,,,,,,,,,,,,,,SUPP,31,,SUPP,96.80%,,SUPP,31,,SUPP,96.80%,,41,27,,90.20%,92.60%,,SUPP,SUPP,,SUPP,SUPP,,NE,NE,,NE,NE
1,40192,25,4,919,8020,130721,E14001516,Stevenage,,North Hertfordshire College,Monkswood Way,,,Stevenage,SG1 1LA,1462424242,0,General Further Education College,Does not apply,NA,NA,MIXED,0, 16-99,0,,,R,,2129,1054,NE,NE,NE,NE,NE,NE,NE,NE,NE,NE,NE,194,23.96,Merit,28,20,Merit-,165,17.00%,328,59.10%,,,,,,,,,NE,NE,NE,NE,NE,NE,NE,NE,NE,NE,210,90.50%,87.60%,208,72.60%,39,82.10%,59.00%,38,63.20%,63,5.44,L2Pass+,84,83.30%,72.60%,279,21.90%,305,NE,NE,NE,NE,NE,NE,33,20.7,Merit-,10,15,Pass,,,,,NE,NE,NE,NE,39,84.60%,14,78.60%,19,5.59,L2Merit-,25,88.00%,682,NE,NE,NE,NE,NE,NE,156,24.47,Merit,15,20.05,Merit-,,,,,NE,NE,NE,NE,165,92.10%,24,83.30%,42,5.37,L2Pass+,56,82.10%,NE,NE,NE,NE,NA,NE,NE,NE,NE,NA,111,-0.47,-0.29,-0.65,4,SUPP,SUPP,SUPP,SUPP,NA,NE,NE,NE,NE,NE,NE,NE,NE,16,-0.73,-0.26,-1.2,NE,NE,NE,NE,NE,NE,NE,NE,NE,NE,NE,NE,95,-0.43,-0.23,-0.62,SUPP,SUPP,SUPP,SUPP,1031,1068,,1,1,,SUPP,SUPP,,SUPP,SUPP,,1,1,,SUPP,SUPP,,SUPP,SUPP,,122,117,,26.68,26.83,,Merit+,Merit+,,45,50,,17.7,24.5,,Pass+,Merit,,40,8,,5.96,6.5,,L2Merit,L2Merit+,,,,,,,,,,,,,,,,,,,,,,,,,,,,,,,,,,,,,,,,,,,,,,,,,,,,,,,,NE,NE,,NE,NE,,NE,NE,,NE,NE,,155,157,,91.60%,89.80%,,65,60,,90.80%,95.00%,,76,51,,85.50%,94.10%,,316,304,,NE,NE,,NE,NE,,NE,NE,,NE,NE,,NE,NE,,NE,NE,,30,32,,22.65,24.95,,Merit-,Merit,,15,9,,17.37,25.86,,Pass+,Merit,,14,SUPP,,5.79,SUPP,,L2Merit-,SUPP,,,,,,,,,,,,,,,,,,,,,,,,,,,,,,,,,,,,,,,,,,,,,,,,,,NE,NE,,NE,NE,,NE,NE,,NE,NE,,40,46,,92.50%,89.10%,,16,13,,93.80%,84.60%,,26,16,,73.10%,93.80%,,682,729,,SUPP,SUPP,,SUPP,SUPP,,SUPP,SUPP,,SUPP,SUPP,,SUPP,SUPP,,SUPP,SUPP,,92,84,,27.92,27.66,,Merit+,Merit+,,30,41,,17.87,24.21,,Pass+,Merit,,25,SUPP,,6.06,SUPP,,L2Merit,SUPP,,,,,,,,,,,,,,,,,,,,,,,,,,,,,,,,,,,,,,,,,,,,,,,,,,NE,NE,,NE,NE,,NE,NE,,NE,NE,,115,110,,91.30%,90.00%,,49,47,,89.80%,97.90%,,49,35,,91.80%,94.30%
1,30892,25,4,919,4140,137656,E14001393,North East Hertfordshire,,King James Academy Royston,Garden Walk,,,Royston,SG8 7JH,1763242236,0,ACC,Does not apply,NSE,OTHER NON SEL,MIXED,0, 9-18,0,,,R,,28,10,NE,NE,NE,NE,NE,NE,NE,NE,NE,NE,NE,NE,NE,NE,NE,NE,NE,9,0.00%,9,0.00%,,,,,,,,,NE,NE,NE,NE,NE,NE,NE,NE,NE,NE,NE,NE,NE,NE,NE,NE,NE,NE,NE,NE,NE,NE,NE,NE,NE,NE,NE,NE,SUPP,NE,NE,NE,NE,NE,NE,NE,NE,NE,NE,NE,NE,,,,,NE,NE,NE,NE,NE,NE,NE,NE,NE,NE,NE,NE,NE,SUPP,NE,NE,NE,NE,NE,NE,NE,NE,NE,NE,NE,NE,,,,,NE,NE,NE,NE,NE,NE,NE,NE,NE,NE,NE,NE,NE,NA,NA,NA,NA,NA,NA,NA,NA,NA,NA,NA,NA,NA,NA,NA,NA,NA,NA,NA,NA,NA,NA,NA,NA,NA,NA,NA,NA,NA,NA,NA,NA,NA,NA,NA,NA,NA,NA,NA,NA,NA,NA,NA,NA,NA,NA,NA,NA,NA,NA,NA,NA,13,10,,NE,NE,,NE,NE,,NE,NE,,NE,NE,,NE,NE,,NE,NE,,NE,NE,,NE,NE,,NE,NE,,NE,NE,,NE,NE,,NE,NE,,NE,NE,,NE,NE,,NE,NE,,,,,,,,,,,,,,,,,,,,,,,,,,,,,,,,,,,,,,,,,,,,,,,,,,,,,,,,NE,NE,,NE,NE,,NE,NE,,NE,NE,,11,10,,100.00%,10.00%,,NE,NE,,NE,NE,,NE,NE,,NE,NE,,SUPP,NE,,NE,NE,,NE,NE,,NE,NE,,NE,NE,,NE,NE,,NE,NE,,NE,NE,,NE,NE,,NE,NE,,NE,NE,,NE,NE,,NE,NE,,NE,NE,,NE,NE,,NE,NE,,,,,,,,,,,,,,,,,,,,,,,,,,,,,,,,,,,,,,,,,,,,,,,,,,NE,NE,,NE,NE,,NE,NE,,NE,NE,,SUPP,NE,,SUPP,NE,,NE,NE,,NE,NE,,NE,NE,,NE,NE,,SUPP,10,,NE,NE,,NE,NE,,NE,NE,,NE,NE,,NE,NE,,NE,NE,,NE,NE,,NE,NE,,NE,NE,,NE,NE,,NE,NE,,NE,NE,,NE,NE,,NE,NE,,NE,NE,,,,,,,,,,,,,,,,,,,,,,,,,,,,,,,,,,,,,,,,,,,,,,,,,,NE,NE,,NE,NE,,NE,NE,,NE,NE,,SUPP,10,,SUPP,10.00%,,NE,NE,,NE,NE,,NE,NE,,NE,NE
1,37774,25,4,919,4118,138632,E14001573,Welwyn Hatfield,,Monk's Walk School,Knightsfield,,,Welwyn Garden City,AL8 7NL,1707322846,0,ACC,None,NSE,OTHER NON SEL,MIXED,0, 11-18,0,,,R,,269,128,123,36.49,B-,101,37.1,B-,101,18.80%,124,36.57,B-,22,30.42,Dist-,NE,NE,NE,NE,NE,22,100.00%,,,,,,,,,107,99.10%,98.10%,107,98.10%,107,99.10%,98.10%,107,98.10%,20,95.00%,85.00%,20,85.00%,NE,NE,NE,NE,NE,NE,NE,NE,NE,NE,NE,NE,NE,11,11,34.29,C+,11,33.5,C+,SUPP,SUPP,SUPP,NE,NE,NE,,,,,9,100.00%,9,100.00%,SUPP,SUPP,NE,NE,NE,NE,NE,NE,NE,116,111,36.66,B-,112,36.83,B-,SUPP,SUPP,SUPP,NE,NE,NE,,,,,97,99.00%,97,99.00%,SUPP,SUPP,NE,NE,NE,NE,NE,NE,NE,339,0.18,0.29,0.07,2,367,0.2,0.31,0.1,2,26,-0.06,0.29,-0.4,3,NE,NE,NE,NE,NA,28,0.39,0.79,-0.01,32,0.38,0.76,0,SUPP,SUPP,SUPP,SUPP,NE,NE,NE,NE,311,0.16,0.28,0.05,335,0.19,0.3,0.08,SUPP,SUPP,SUPP,SUPP,NE,NE,NE,NE,127,127,,119,122,,36.05,42.02,,B-,B+,,120,122,,36.31,42.21,,B-,B+,,41,21,,36.5,42.5,,Dist,Dist*-,,NE,3,,NE,SUPP,,NE,SUPP,,NE,NE,,NE,NE,,NE,NE,,,,,,,,,,,,,,,,,,,,,,,,,,,,,,,,,,,,,,,,,,,,,,,,,,,,,,,,90,103,,94.40%,96.10%,,90,103,,94.40%,96.10%,,36,25,,94.40%,88.00%,,NE,NE,,NE,NE,,NE,NE,,NE,NE,,10,6,,9,6,,38.64,31.88,,B,C+,,9,6,,39.21,31.88,,B,C+,,SUPP,SUPP,,SUPP,SUPP,,SUPP,SUPP,,NE,NE,,NE,NE,,NE,NE,,NE,NE,,NE,NE,,NE,NE,,,,,,,,,,,,,,,,,,,,,,,,,,,,,,,,,,,,,,,,,,,,,,,,,,7,SUPP,,100.00%,SUPP,,7,SUPP,,100.00%,SUPP,,SUPP,SUPP,,SUPP,SUPP,,NE,NE,,NE,NE,,NE,NE,,NE,NE,,117,121,,110,116,,35.85,42.52,,B-,B+,,111,116,,36.09,42.71,,B-,B+,,SUPP,SUPP,,SUPP,SUPP,,SUPP,SUPP,,NE,SUPP,,NE,SUPP,,NE,SUPP,,NE,NE,,NE,NE,,NE,NE,,,,,,,,,,,,,,,,,,,,,,,,,,,,,,,,,,,,,,,,,,,,,,,,,,83,SUPP,,94.00%,SUPP,,83,SUPP,,94.00%,SUPP,,SUPP,SUPP,,SUPP,SUPP,,NE,NE,,NE,NE,,NE,NE,,NE,NE
1,38422,25,4,919,5411,137224,E14001284,Hertsmere,,Mount Grace School,Church Road,,,Potters Bar,EN6 1EZ,1707655512,0,ACC,None,NSE,OTHER NON SEL,MIXED,0, 11-18,0,,,R,,44,23,16,30.3,C,5,SUPP,SUPP,5,SUPP,16,30.3,C,17,29.19,Merit+,1,SUPP,SUPP,1,SUPP,17,100.00%,,,,,,,,,12,0.00%,0.00%,12,0.00%,12,0.00%,0.00%,12,0.00%,10,10.00%,0.00%,10,10.00%,NE,NE,NE,NE,NE,NE,NE,NE,NE,NE,NE,NE,NE,SUPP,SUPP,SUPP,SUPP,SUPP,SUPP,SUPP,SUPP,SUPP,SUPP,NE,NE,NE,,,,,NE,NE,NE,NE,SUPP,SUPP,NE,NE,NE,NE,NE,NE,NE,SUPP,SUPP,SUPP,SUPP,SUPP,SUPP,SUPP,SUPP,SUPP,SUPP,SUPP,SUPP,SUPP,,,,,12,0.00%,12,0.00%,SUPP,SUPP,NE,NE,NE,NE,NE,NE,NE,33,-0.04,0.31,-0.38,3,33,-0.04,0.31,-0.38,3,23,-0.3,0.05,-0.64,3,SUPP,SUPP,SUPP,SUPP,NA,SUPP,SUPP,SUPP,SUPP,SUPP,SUPP,SUPP,SUPP,SUPP,SUPP,SUPP,SUPP,NE,NE,NE,NE,SUPP,SUPP,SUPP,SUPP,SUPP,SUPP,SUPP,SUPP,SUPP,SUPP,SUPP,SUPP,SUPP,SUPP,SUPP,SUPP,57,35,,36,15,,27.04,33,,C-,C+,,36,15,,27.04,33,,C-,C+,,42,22,,27.22,25.31,,Merit+,Merit,,3,1,,SUPP,SUPP,,SUPP,SUPP,,NE,NE,,NE,NE,,NE,NE,,,,,,,,,,,,,,,,,,,,,,,,,,,,,,,,,,,,,,,,,,,,,,,,,,,,,,,,23,10,,100.00%,100.00%,,23,10,,100.00%,100.00%,,32,21,,93.80%,76.20%,,NE,NE,,NE,NE,,NE,NE,,NE,NE,,7,SUPP,,SUPP,SUPP,,SUPP,SUPP,,SUPP,SUPP,,SUPP,SUPP,,SUPP,SUPP,,SUPP,SUPP,,SUPP,SUPP,,SUPP,SUPP,,SUPP,SUPP,,NE,NE,,NE,NE,,NE,NE,,NE,NE,,NE,NE,,NE,NE,,,,,,,,,,,,,,,,,,,,,,,,,,,,,,,,,,,,,,,,,,,,,,,,,,SUPP,SUPP,,SUPP,SUPP,,SUPP,SUPP,,SUPP,SUPP,,6,SUPP,,83.30%,SUPP,,NE,NE,,NE,NE,,NE,NE,,NE,NE,,49,SUPP,,SUPP,SUPP,,SUPP,SUPP,,SUPP,SUPP,,SUPP,SUPP,,SUPP,SUPP,,SUPP,SUPP,,SUPP,SUPP,,SUPP,SUPP,,SUPP,SUPP,,SUPP,SUPP,,SUPP,SUPP,,SUPP,SUPP,,NE,NE,,NE,NE,,NE,NE,,,,,,,,,,,,,,,,,,,,,,,,,,,,,,,,,,,,,,,,,,,,,,,,,,SUPP,SUPP,,SUPP,SUPP,,SUPP,SUPP,,SUPP,SUPP,,26,SUPP,,96.20%,SUPP,,NE,NE,,NE,NE,,NE,NE,,NE,NE
1,53776,25,4,919,5423,138360,E14001139,Broxbourne,,St Mary's Church of England High School (VA),Lieutenant Ellis Way,Cheshunt,,Waltham Cross,EN7 5FB,1992629124,0,ACC,Church of England,NSE,OTHER NON SEL,MIXED,0, 11-19,0,,,R,,147,93,66,24.77,D+,32,28.02,C-,32,9.40%,66,25.11,C-,44,27.01,Merit+,NE,NE,NE,NE,NE,44,100.00%,,,,,,,,,35,88.60%,82.90%,35,82.90%,35,88.60%,82.90%,35,82.90%,44,93.20%,84.10%,44,86.40%,NE,NE,NE,NE,NE,3,SUPP,SUPP,4,SUPP,SUPP,3,SUPP,21,14,19.41,D,14,19.68,D,8,26.11,Merit,NE,NE,NE,,,,,9,88.90%,9,88.90%,7,85.70%,NE,NE,NE,NE,NE,SUPP,SUPP,72,52,26.3,C-,52,26.63,C-,36,27.17,Merit+,NE,NE,NE,,,,,26,88.50%,26,88.50%,37,94.60%,NE,NE,SUPP,SUPP,SUPP,SUPP,SUPP,150,-0.23,-0.07,-0.4,4,161,-0.21,-0.05,-0.37,4,47,-0.08,0.16,-0.33,3,NE,NE,NE,NE,NA,31,-0.78,-0.41,-1.16,32,-0.76,-0.39,-1.13,7,-0.42,0.18,-1.02,NE,NE,NE,NE,119,-0.09,0.09,-0.27,129,-0.07,0.11,-0.25,40,-0.03,0.24,-0.29,NE,NE,NE,NE,102,99,,72,66,,22.14,32.03,,D+,C+,,72,66,,22.29,32.25,,D+,C+,,51,43,,28.99,31.34,,Merit+,Dist-,,NE,NE,,NE,NE,,NE,NE,,NE,NE,,NE,NE,,NE,NE,,,,,,,,,,,,,,,,,,,,,,,,,,,,,,,,,,,,,,,,,,,,,,,,,,,,,,,,32,40,,96.90%,90.00%,,32,40,,96.90%,90.00%,,58,49,,86.20%,89.80%,,NE,NE,,NE,NE,,12,4,,100.00%,SUPP,,27,25,,16,12,,18.81,26.67,,D,C-,,16,12,,18.81,26.67,,D,C-,,9,11,,26.25,29.26,,Merit,Merit+,,NE,NE,,NE,NE,,NE,NE,,NE,NE,,NE,NE,,NE,NE,,,,,,,,,,,,,,,,,,,,,,,,,,,,,,,,,,,,,,,,,,,,,,,,,,10,8,,100.00%,87.50%,,10,8,,100.00%,87.50%,,12,13,,75.00%,84.60%,,NE,NE,,NE,NE,,SUPP,SUPP,,SUPP,SUPP,,75,74,,56,54,,23.25,33.33,,D+,C+,,56,54,,23.44,33.58,,D+,C+,,42,32,,29.68,32.19,,Merit+,Dist-,,NE,NE,,NE,NE,,NE,NE,,NE,NE,,NE,NE,,NE,NE,,,,,,,,,,,,,,,,,,,,,,,,,,,,,,,,,,,,,,,,,,,,,,,,,,22,32,,95.50%,90.60%,,22,32,,95.50%,90.60%,,46,36,,89.10%,91.70%,,NE,NE,,NE,NE,,SUPP,SUPP,,SUPP,SUPP
1,54362,25,4,919,5417,137922,E14001496,South West Hertfordshire,,Saint Michael's Catholic High School,High Elms Lane,Garston,,Watford,WD25 0SS,1923673760,0,ACC,Roman Catholic,NSE,OTHER NON SEL,MIXED,0, 11-18,0,,,R,,204,113,89,34.95,C+,59,36.44,B-,59,11.90%,89,35.24,B-,41,24.52,Merit,NE,NE,NE,NE,NE,41,100.00%,,,,,,,,,63,96.80%,95.20%,62,95.20%,63,96.80%,95.20%,62,95.20%,50,82.00%,78.00%,50,76.00%,NE,NE,NE,NE,NE,NE,NE,NE,NE,NE,NE,NE,NE,11,SUPP,SUPP,SUPP,SUPP,SUPP,SUPP,6,20.71,Merit-,NE,NE,NE,,,,,SUPP,SUPP,SUPP,SUPP,10,80.00%,NE,NE,NE,NE,NE,NE,NE,100,SUPP,SUPP,SUPP,SUPP,SUPP,SUPP,35,25.58,Merit,NE,NE,NE,,,,,SUPP,SUPP,SUPP,SUPP,40,82.50%,NE,NE,NE,NE,NE,NE,NE,226,-0.2,-0.07,-0.34,4,238,-0.19,-0.06,-0.32,4,64,-0.38,-0.16,-0.6,4,NE,NE,NE,NE,NA,6,-0.36,0.49,-1.22,6,-0.36,0.49,-1.22,14,-0.6,-0.11,-1.09,NE,NE,NE,NE,220,-0.2,-0.06,-0.34,232,-0.19,-0.05,-0.32,50,-0.32,-0.08,-0.56,NE,NE,NE,NE,113,94,,101,86,,33.81,36.8,,C+,B-,,101,86,,33.85,36.87,,C+,B-,,62,45,,26.13,34.62,,Merit,Dist,,NE,NE,,NE,NE,,NE,NE,,NE,NE,,NE,NE,,NE,NE,,,,,,,,,,,,,,,,,,,,,,,,,,,,,,,,,,,,,,,,,,,,,,,,,,,,,,,,52,76,,100.00%,100.00%,,52,76,,100.00%,100.00%,,60,18,,95.00%,94.40%,,NE,NE,,NE,NE,,NE,NE,,NE,NE,,9,6,,6,SUPP,,36.3,SUPP,,B-,SUPP,,6,SUPP,,36.3,SUPP,,B-,SUPP,,SUPP,SUPP,,SUPP,SUPP,,SUPP,SUPP,,NE,NE,,NE,NE,,NE,NE,,NE,NE,,NE,NE,,NE,NE,,,,,,,,,,,,,,,,,,,,,,,,,,,,,,,,,,,,,,,,,,,,,,,,,,SUPP,SUPP,,SUPP,SUPP,,SUPP,SUPP,,SUPP,SUPP,,6,SUPP,,83.30%,SUPP,,NE,NE,,NE,NE,,NE,NE,,NE,NE,,99,87,,91,SUPP,,33.62,SUPP,,C+,SUPP,,91,SUPP,,33.66,SUPP,,C+,SUPP,,SUPP,SUPP,,SUPP,SUPP,,SUPP,SUPP,,NE,NE,,NE,NE,,NE,NE,,NE,NE,,NE,NE,,NE,NE,,,,,,,,,,,,,,,,,,,,,,,,,,,,,,,,,,,,,,,,,,,,,,,,,,SUPP,SUPP,,SUPP,SUPP,,SUPP,SUPP,,SUPP,SUPP,,54,SUPP,,96.30%,SUPP,,NE,NE,,NE,NE,,NE,NE,,NE,NE
1,32718,25,4,919,4033,146440,E14001278,Hemel Hempstead,,Laureate Academy,Warners End Road,,,Hemel Hempstead,HP1 3DW,1442404333,0,AC,Does not apply,NR,NA,MIXED,0, 11-18,0,,,R,,49,27,19,25.17,C-,18,24.07,D+,18,0.00%,19,25.12,C-,1,SUPP,SUPP,NE,NE,NE,NE,NE,1,SUPP,,,,,,,,,25,76.00%,76.00%,25,76.00%,25,76.00%,76.00%,25,76.00%,NE,NE,NE,NE,NE,NE,NE,NE,NE,NE,NE,NE,NE,NE,NE,NE,NE,NE,7,SUPP,SUPP,SUPP,SUPP,SUPP,SUPP,NE,NE,NE,NE,NE,NE,,,,,6,66.70%,6,66.70%,NE,NE,NE,NE,NE,NE,NE,NE,NE,20,SUPP,SUPP,SUPP,SUPP,SUPP,SUPP,SUPP,SUPP,SUPP,NE,NE,NE,,,,,19,78.90%,19,78.90%,NE,NE,NE,NE,NE,NE,NE,NE,NE,58,-0.24,0.02,-0.51,3,62,-0.25,0.02,-0.51,3,SUPP,SUPP,SUPP,SUPP,NA,NE,NE,NE,NE,NA,13,-0.77,-0.16,-1.39,14,-0.78,-0.18,-1.39,NE,NE,NE,NE,NE,NE,NE,NE,45,-0.09,0.21,-0.39,48,-0.09,0.2,-0.39,SUPP,SUPP,SUPP,SUPP,NE,NE,NE,NE,15,26,,14,26,,28.95,19.71,,C,D,,14,26,,28.83,19.88,,C,D,,2,6,,SUPP,28.75,,SUPP,Merit+,,NE,NE,,NE,NE,,NE,NE,,NE,NE,,NE,NE,,NE,NE,,,,,,,,,,,,,,,,,,,,,,,,,,,,,,,,,,,,,,,,,,,,,,,,,,,,,,,,16,NE,,87.50%,NE,,16,NE,,87.50%,NE,,NE,NE,,NE,NE,,NE,NE,,NE,NE,,NE,NE,,NE,NE,,SUPP,6,,SUPP,6,,SUPP,23.08,,SUPP,D+,,SUPP,6,,SUPP,23.08,,SUPP,D+,,SUPP,SUPP,,SUPP,SUPP,,SUPP,SUPP,,NE,NE,,NE,NE,,NE,NE,,NE,NE,,NE,NE,,NE,NE,,,,,,,,,,,,,,,,,,,,,,,,,,,,,,,,,,,,,,,,,,,,,,,,,,SUPP,NE,,SUPP,NE,,SUPP,NE,,SUPP,NE,,NE,NE,,NE,NE,,NE,NE,,NE,NE,,NE,NE,,NE,NE,,SUPP,20,,SUPP,20,,SUPP,18.93,,SUPP,D,,SUPP,20,,SUPP,19.15,,SUPP,D,,SUPP,SUPP,,SUPP,SUPP,,SUPP,SUPP,,NE,NE,,NE,NE,,NE,NE,,NE,NE,,NE,NE,,NE,NE,,,,,,,,,,,,,,,,,,,,,,,,,,,,,,,,,,,,,,,,,,,,,,,,,,SUPP,NE,,SUPP,NE,,SUPP,NE,,SUPP,NE,,NE,NE,,NE,NE,,NE,NE,,NE,NE,,NE,NE,,NE,NE
1,57126,25,4,919,4117,138484,E14001283,Hertford and Stortford,,The Sele School,Welwyn Road,,,Hertford,SG14 2DG,1992581455,0,ACC,Does not apply,NSE,OTHER NON SEL,MIXED,0, 11-18,0,,,R,,37,15,NE,NE,NE,NE,NE,NE,NE,NE,NE,NE,NE,14,24.03,Merit,NE,NE,NE,NE,NE,14,100.00%,,,,,,,,,1,SUPP,SUPP,1,SUPP,1,SUPP,SUPP,1,SUPP,13,92.30%,92.30%,1,SUPP,NE,NE,NE,NE,NE,NE,NE,NE,NE,NE,NE,NE,NE,SUPP,NE,NE,NE,NE,NE,NE,SUPP,SUPP,SUPP,NE,NE,NE,,,,,SUPP,SUPP,SUPP,SUPP,SUPP,SUPP,NE,NE,NE,NE,NE,NE,NE,SUPP,NE,NE,NE,NE,NE,NE,SUPP,SUPP,SUPP,NE,NE,NE,,,,,NE,NE,NE,NE,SUPP,SUPP,NE,NE,NE,NE,NE,NE,NE,NE,NE,NE,NE,NA,NE,NE,NE,NE,NA,11,-0.72,-0.22,-1.21,5,NE,NE,NE,NE,NA,NE,NE,NE,NE,NE,NE,NE,NE,SUPP,SUPP,SUPP,SUPP,NE,NE,NE,NE,NE,NE,NE,NE,NE,NE,NE,NE,SUPP,SUPP,SUPP,SUPP,NE,NE,NE,NE,11,9,,10,9,,29.22,32.5,,C,C+,,10,9,,29.46,32.5,,C,C+,,6,9,,29.5,30.68,,Merit+,Dist-,,NE,NE,,NE,NE,,NE,NE,,NE,NE,,NE,NE,,NE,NE,,,,,,,,,,,,,,,,,,,,,,,,,,,,,,,,,,,,,,,,,,,,,,,,,,,,,,,,9,2,,100.00%,SUPP,,9,2,,100.00%,SUPP,,2,7,,SUPP,100.00%,,NE,NE,,NE,NE,,NE,NE,,NE,NE,,SUPP,NE,,SUPP,NE,,SUPP,NE,,SUPP,NE,,SUPP,NE,,SUPP,NE,,SUPP,NE,,SUPP,NE,,SUPP,NE,,SUPP,NE,,NE,NE,,NE,NE,,NE,NE,,NE,NE,,NE,NE,,NE,NE,,,,,,,,,,,,,,,,,,,,,,,,,,,,,,,,,,,,,,,,,,,,,,,,,,SUPP,NE,,SUPP,NE,,SUPP,NE,,SUPP,NE,,SUPP,NE,,SUPP,NE,,NE,NE,,NE,NE,,NE,NE,,NE,NE,,SUPP,9,,SUPP,9,,SUPP,32.5,,SUPP,C+,,SUPP,9,,SUPP,32.5,,SUPP,C+,,SUPP,9,,SUPP,30.68,,SUPP,Dist-,,NE,NE,,NE,NE,,NE,NE,,NE,NE,,NE,NE,,NE,NE,,,,,,,,,,,,,,,,,,,,,,,,,,,,,,,,,,,,,,,,,,,,,,,,,,SUPP,SUPP,,SUPP,SUPP,,SUPP,SUPP,,SUPP,SUPP,,SUPP,7,,SUPP,100.00%,,NE,NE,,NE,NE,,NE,NE,,NE,NE
1,18752,25,4,919,4004,139416,E14001284,Hertsmere,,Elstree Screen Arts Academy,Studio Way,Elstree,,Borehamwood,WD6 5NN,2083866220,0,UTC,Does not apply,NSE,OTHER NON SEL,MIXED,0, 14-19,0,,,R,,312,157,82,32.16,C+,53,17.48,D-,53,0.00%,82,32.18,C+,10,35.5,Dist,52,30.56,Dist-,115,45.20%,91,11.00%,,,,,,,,,67,92.50%,88.10%,67,91.00%,67,92.50%,88.10%,67,91.00%,20,85.00%,15.00%,20,85.00%,31,87.10%,80.60%,31,83.90%,NE,NE,NE,NE,NE,NE,NE,NE,28,10,22.86,D+,10,22.86,D+,SUPP,SUPP,SUPP,9,29.55,Merit+,,,,,7,85.70%,7,85.70%,11,81.80%,6,100.00%,NE,NE,NE,NE,NE,127,71,33.29,C+,71,33.3,C+,SUPP,SUPP,SUPP,42,30.49,Dist-,,,,,59,93.20%,59,93.20%,8,87.50%,25,84.00%,NE,NE,NE,NE,NE,116,-0.32,-0.14,-0.49,4,117,-0.31,-0.14,-0.48,4,9,0.33,0.88,-0.21,3,40,-0.32,-0.03,-0.61,4,14,-0.89,-0.39,-1.4,14,-0.89,-0.39,-1.4,SUPP,SUPP,SUPP,SUPP,9,-0.06,0.56,-0.67,102,-0.23,-0.05,-0.42,103,-0.23,-0.05,-0.41,SUPP,SUPP,SUPP,SUPP,31,-0.39,-0.06,-0.73,113,129,,49,46,,27.4,37,,C-,B-,,49,46,,27.4,37,,C-,B-,,21,13,,38.35,29.36,,Dist+,Merit+,,40,41,,32.79,33.4,,Dist-,Dist,,NE,NE,,NE,NE,,NE,NE,,,,,,,,,,,,,,,,,,,,,,,,,,,,,,,,,,,,,,,,,,,,,,,,,,,,,,,,40,37,,90.00%,89.20%,,40,37,,90.00%,89.20%,,14,13,,92.90%,92.30%,,25,25,,64.00%,96.00%,,NE,NE,,NE,NE,,18,25,,9,SUPP,,18.52,SUPP,,D,SUPP,,9,SUPP,,18.52,SUPP,,D,SUPP,,SUPP,SUPP,,SUPP,SUPP,,SUPP,SUPP,,SUPP,8,,SUPP,26.14,,SUPP,Merit,,NE,NE,,NE,NE,,NE,NE,,,,,,,,,,,,,,,,,,,,,,,,,,,,,,,,,,,,,,,,,,,,,,,,,,9,SUPP,,88.90%,SUPP,,9,SUPP,,88.90%,SUPP,,NE,SUPP,,NE,SUPP,,SUPP,SUPP,,SUPP,SUPP,,NE,NE,,NE,NE,,95,101,,40,SUPP,,29.8,SUPP,,C,SUPP,,40,SUPP,,29.8,SUPP,,C,SUPP,,SUPP,SUPP,,SUPP,SUPP,,SUPP,SUPP,,SUPP,31,,SUPP,34.97,,SUPP,Dist,,NE,NE,,NE,NE,,NE,NE,,,,,,,,,,,,,,,,,,,,,,,,,,,,,,,,,,,,,,,,,,,,,,,,,,31,SUPP,,90.30%,SUPP,,31,SUPP,,90.30%,SUPP,,14,SUPP,,92.90%,SUPP,,SUPP,SUPP,,SUPP,SUPP,,NE,NE,,NE,NE
1,47174,25,4,919,5400,136606,E14001496,South West Hertfordshire,,Rickmansworth School,Scots Hill,,,Rickmansworth,WD3 3AQ,1923773296,0,ACC,None,NSE,OTHER NON SEL,MIXED,0, 11-18,0,,,R,,302,145,140,38.87,B,139,38.42,B,139,21.60%,140,38.95,B,NE,NE,NE,NE,NE,NE,NE,NE,NE,NE,,,,,,,,,145,96.60%,95.90%,144,95.80%,145,96.60%,95.90%,144,95.80%,NE,NE,NE,NE,NE,NE,NE,NE,NE,NE,NE,NE,NE,NE,NE,NE,NE,NE,7,7,34.29,C+,7,34.51,C+,NE,NE,NE,NE,NE,NE,,,,,7,100.00%,7,100.00%,NE,NE,NE,NE,NE,NE,NE,NE,NE,138,133,39.1,B,133,39.19,B,NE,NE,NE,NE,NE,NE,,,,,138,96.40%,138,96.40%,NE,NE,NE,NE,NE,NE,NE,NE,NE,427,0.25,0.35,0.15,2,440,0.25,0.34,0.15,2,NE,NE,NE,NE,NA,NE,NE,NE,NE,NA,21,-0.14,0.32,-0.6,22,-0.13,0.32,-0.58,NE,NE,NE,NE,NE,NE,NE,NE,406,0.27,0.37,0.16,418,0.27,0.37,0.16,NE,NE,NE,NE,NE,NE,NE,NE,160,145,,152,141,,37.44,40.64,,B-,B,,152,141,,37.5,40.58,,B-,B,,NE,NE,,NE,NE,,NE,NE,,NE,NE,,NE,NE,,NE,NE,,NE,NE,,NE,NE,,NE,NE,,,,,,,,,,,,,,,,,,,,,,,,,,,,,,,,,,,,,,,,,,,,,,,,,,,,,,,,161,144,,96.90%,97.90%,,161,144,,96.90%,97.90%,,NE,NE,,NE,NE,,NE,NE,,NE,NE,,NE,NE,,NE,NE,,7,6,,6,SUPP,,34.44,SUPP,,C+,SUPP,,6,SUPP,,34.44,SUPP,,C+,SUPP,,NE,NE,,NE,NE,,NE,NE,,NE,NE,,NE,NE,,NE,NE,,NE,NE,,NE,NE,,NE,NE,,,,,,,,,,,,,,,,,,,,,,,,,,,,,,,,,,,,,,,,,,,,,,,,,,7,6,,100.00%,50.00%,,7,6,,100.00%,50.00%,,NE,NE,,NE,NE,,NE,NE,,NE,NE,,NE,NE,,NE,NE,,153,139,,146,SUPP,,37.56,SUPP,,B-,SUPP,,146,SUPP,,37.62,SUPP,,B-,SUPP,,NE,NE,,NE,NE,,NE,NE,,NE,NE,,NE,NE,,NE,NE,,NE,NE,,NE,NE,,NE,NE,,,,,,,,,,,,,,,,,,,,,,,,,,,,,,,,,,,,,,,,,,,,,,,,,,154,138,,96.80%,100.00%,,154,138,,96.80%,100.00%,,NE,NE,,NE,NE,,NE,NE,,NE,NE,,NE,NE,,NE,NE
1,47214,25,4,919,4031,146305,E14001573,Welwyn Hatfield,,Ridgeway Academy,Herns Lane,,,Welwyn Garden City,AL7 2AF,1707351350,0,AC,Does not apply,NSE,OTHER NON SEL,MIXED,0, 11-18,0,,,R,,81,33,21,29.51,C,7,35.24,B-,7,14.30%,22,29.74,C,19,25.25,Merit,2,SUPP,SUPP,2,SUPP,19,100.00%,,,,,,,,,17,82.40%,82.40%,16,81.30%,17,82.40%,82.40%,16,81.30%,13,69.20%,69.20%,13,69.20%,NE,NE,NE,NE,NE,NE,NE,NE,NE,NE,NE,NE,NE,6,SUPP,SUPP,SUPP,SUPP,SUPP,SUPP,SUPP,SUPP,SUPP,NE,NE,NE,,,,,SUPP,SUPP,SUPP,SUPP,SUPP,SUPP,NE,NE,NE,NE,NE,NE,NE,27,SUPP,SUPP,SUPP,SUPP,SUPP,SUPP,SUPP,SUPP,SUPP,SUPP,SUPP,SUPP,,,,,SUPP,SUPP,SUPP,SUPP,SUPP,SUPP,NE,NE,NE,NE,NE,NE,NE,41,-0.14,0.18,-0.47,3,46,-0.13,0.18,-0.45,3,29,-0.22,0.08,-0.52,3,SUPP,SUPP,SUPP,SUPP,NA,SUPP,SUPP,SUPP,SUPP,SUPP,SUPP,SUPP,SUPP,9,0,0.53,-0.54,NE,NE,NE,NE,SUPP,SUPP,SUPP,SUPP,SUPP,SUPP,SUPP,SUPP,20,-0.31,0.04,-0.67,SUPP,SUPP,SUPP,SUPP,29,52,,19,45,,27.76,30,,C-,C,,19,47,,27.92,29.8,,C-,C,,14,29,,26.18,34.88,,Merit,Dist,,NE,NE,,NE,NE,,NE,NE,,NE,NE,,NE,NE,,NE,NE,,,,,,,,,,,,,,,,,,,,,,,,,,,,,,,,,,,,,,,,,,,,,,,,,,,,,,,,16,42,,100.00%,97.60%,,16,42,,100.00%,97.60%,,11,10,,81.80%,100.00%,,NE,NE,,NE,NE,,NE,NE,,NE,NE,,9,7,,6,SUPP,,27.86,SUPP,,C-,SUPP,,6,SUPP,,27.86,SUPP,,C-,SUPP,,SUPP,SUPP,,SUPP,SUPP,,SUPP,SUPP,,NE,NE,,NE,NE,,NE,NE,,NE,NE,,NE,NE,,NE,NE,,,,,,,,,,,,,,,,,,,,,,,,,,,,,,,,,,,,,,,,,,,,,,,,,,SUPP,6,,SUPP,83.30%,,SUPP,6,,SUPP,83.30%,,SUPP,SUPP,,SUPP,SUPP,,NE,NE,,NE,NE,,NE,NE,,NE,NE,,19,45,,13,SUPP,,27.71,SUPP,,C-,SUPP,,13,SUPP,,27.94,SUPP,,C-,SUPP,,SUPP,SUPP,,SUPP,SUPP,,SUPP,SUPP,,NE,NE,,NE,NE,,NE,NE,,NE,NE,,NE,NE,,NE,NE,,,,,,,,,,,,,,,,,,,,,,,,,,,,,,,,,,,,,,,,,,,,,,,,,,SUPP,36,,SUPP,100.00%,,SUPP,36,,SUPP,100.00%,,SUPP,SUPP,,SUPP,SUPP,,NE,NE,,NE,NE,,NE,NE,,NE,NE
1,58252,25,4,919,4028,137270,E14001268,Harpenden and Berkhamsted,,Sir John Lawes School,Manland Way,,,Harpenden,AL5 4QP,1582760043,0,ACC,None,NSE,OTHER NON SEL,MIXED,0, 11-18,0,,,R,,342,176,163,40.84,B,139,41.92,B+,139,25.20%,164,41.08,B,97,32.77,Dist-,NE,NE,NE,NE,NE,97,100.00%,,,,,,,,,162,98.10%,97.50%,162,98.10%,162,98.10%,97.50%,162,98.10%,13,76.90%,76.90%,13,76.90%,NE,NE,NE,NE,NE,NE,NE,NE,NE,NE,NE,NE,NE,9,6,47.22,A-,6,47.22,A-,SUPP,SUPP,SUPP,NE,NE,NE,,,,,7,85.70%,7,85.70%,SUPP,SUPP,NE,NE,NE,NE,NE,NE,NE,166,156,40.61,B,157,40.87,B,SUPP,SUPP,SUPP,NE,NE,NE,,,,,154,98.70%,154,98.70%,SUPP,SUPP,NE,NE,NE,NE,NE,NE,NE,470,0.14,0.23,0.04,2,493,0.14,0.24,0.05,2,115,0.1,0.29,-0.09,3,NE,NE,NE,NE,NA,18,0.82,1.34,0.3,18,0.82,1.34,0.3,SUPP,SUPP,SUPP,SUPP,NE,NE,NE,NE,452,0.11,0.21,0.01,475,0.12,0.21,0.02,SUPP,SUPP,SUPP,SUPP,NE,NE,NE,NE,174,173,,165,155,,38.71,43.16,,B,B+,,165,155,,38.94,43.16,,B,B+,,90,44,,34.68,37.74,,Dist,Dist+,,NE,NE,,NE,NE,,NE,NE,,NE,NE,,NE,NE,,NE,NE,,,,,,,,,,,,,,,,,,,,,,,,,,,,,,,,,,,,,,,,,,,,,,,,,,,,,,,,165,156,,98.20%,98.70%,,165,156,,98.20%,98.70%,,9,16,,100.00%,93.80%,,NE,NE,,NE,NE,,NE,NE,,NE,NE,,6,13,,6,9,,23.53,42.69,,D+,B+,,6,9,,23.53,42.69,,D+,B+,,SUPP,SUPP,,SUPP,SUPP,,SUPP,SUPP,,NE,NE,,NE,NE,,NE,NE,,NE,NE,,NE,NE,,NE,NE,,,,,,,,,,,,,,,,,,,,,,,,,,,,,,,,,,,,,,,,,,,,,,,,,,6,10,,100.00%,90.00%,,6,10,,100.00%,90.00%,,NE,SUPP,,NE,SUPP,,NE,NE,,NE,NE,,NE,NE,,NE,NE,,167,158,,158,144,,39.1,43.06,,B,B+,,158,144,,39.33,43.06,,B,B+,,SUPP,SUPP,,SUPP,SUPP,,SUPP,SUPP,,NE,NE,,NE,NE,,NE,NE,,NE,NE,,NE,NE,,NE,NE,,,,,,,,,,,,,,,,,,,,,,,,,,,,,,,,,,,,,,,,,,,,,,,,,,158,144,,98.10%,99.30%,,158,144,,98.10%,99.30%,,9,SUPP,,100.00%,SUPP,,NE,NE,,NE,NE,,NE,NE,,NE,NE
1,564,25,4,919,4032,145430,E14001278,Hemel Hempstead,,The Adeyfield Academy,Longlands,,,Hemel Hempstead,HP2 4DE,1442406020,0,AC,Does not apply,NSE,OTHER NON SEL,MIXED,0, 11-18,0,,,R,,49,19,16,25,C-,5,SUPP,SUPP,5,SUPP,16,26.64,C-,11,19.76,Pass+,6,30.83,Dist-,6,100.00%,11,100.00%,,,,,,,,,10,100.00%,100.00%,10,100.00%,10,100.00%,100.00%,10,100.00%,6,83.30%,83.30%,6,83.30%,3,SUPP,SUPP,3,SUPP,NE,NE,NE,NE,NE,NE,NE,NE,6,SUPP,SUPP,SUPP,SUPP,SUPP,SUPP,SUPP,SUPP,SUPP,SUPP,SUPP,SUPP,,,,,SUPP,SUPP,SUPP,SUPP,SUPP,SUPP,NE,NE,NE,NE,NE,NE,NE,13,SUPP,SUPP,SUPP,SUPP,SUPP,SUPP,SUPP,SUPP,SUPP,SUPP,SUPP,SUPP,,,,,SUPP,SUPP,SUPP,SUPP,SUPP,SUPP,SUPP,SUPP,NE,NE,NE,NE,NE,30,-0.53,-0.15,-0.91,4,38,-0.44,-0.09,-0.8,4,17,-0.46,-0.07,-0.86,4,6,0.1,0.89,-0.69,3,7,-0.61,0.24,-1.47,10,-0.46,0.31,-1.23,10,-0.47,0.04,-0.98,SUPP,SUPP,SUPP,SUPP,23,-0.51,-0.08,-0.94,28,-0.44,-0.03,-0.84,7,-0.46,0.14,-1.06,SUPP,SUPP,SUPP,SUPP,29,38,,18,22,,25.94,27.23,,C-,C-,,22,22,,27.31,27.67,,C-,C-,,18,15,,30.51,29.81,,Dist-,Merit+,,2,6,,SUPP,30,,SUPP,Dist-,,NE,NE,,NE,NE,,NE,NE,,,,,,,,,,,,,,,,,,,,,,,,,,,,,,,,,,,,,,,,,,,,,,,,,,,,,,,,9,16,,100.00%,93.80%,,9,16,,100.00%,93.80%,,15,13,,93.30%,92.30%,,1,2,,SUPP,SUPP,,NE,NE,,NE,NE,,6,16,,SUPP,7,,SUPP,21.25,,SUPP,D,,SUPP,7,,SUPP,21.25,,SUPP,D,,SUPP,6,,SUPP,27.73,,SUPP,Merit+,,NE,SUPP,,NE,SUPP,,NE,SUPP,,NE,NE,,NE,NE,,NE,NE,,,,,,,,,,,,,,,,,,,,,,,,,,,,,,,,,,,,,,,,,,,,,,,,,,SUPP,6,,SUPP,83.30%,,SUPP,6,,SUPP,83.30%,,SUPP,SUPP,,SUPP,SUPP,,NE,SUPP,,NE,SUPP,,NE,NE,,NE,NE,,23,21,,SUPP,15,,SUPP,30.32,,SUPP,C,,SUPP,15,,SUPP,30.71,,SUPP,C,,SUPP,9,,SUPP,31.25,,SUPP,Dist-,,SUPP,SUPP,,SUPP,SUPP,,SUPP,SUPP,,NE,NE,,NE,NE,,NE,NE,,,,,,,,,,,,,,,,,,,,,,,,,,,,,,,,,,,,,,,,,,,,,,,,,,SUPP,10,,SUPP,100.00%,,SUPP,10,,SUPP,100.00%,,SUPP,SUPP,,SUPP,SUPP,,SUPP,NE,,SUPP,NE,,NE,NE,,NE,NE
1,53136,25,4,919,6012,117606,E14001284,Hertsmere,,St Margaret's School,Merry Hill Road,,,Bushey,WD23 1DT,2084164400,0,IND,None,,NA,MIXED,0, 2-18,0,,,R,,113,33,32,41.75,B+,31,42.26,B+,31,22.60%,32,41.75,B+,NE,NE,NE,NE,NE,NE,NE,NE,NE,NE,,,,,,,,,NA,NA,NA,NA,NA,NA,NA,NA,NA,NA,NA,NA,NA,NA,NA,NA,NA,NA,NA,NA,NE,NE,NE,NA,NA,NA,NE,NE,NA,NA,NA,NA,NA,NA,NA,NA,NA,NA,NA,NA,NA,,,,,NA,NA,NA,NA,NA,NA,NA,NA,NA,NA,NA,NA,NA,NA,NA,NA,NA,NA,NA,NA,NA,NA,NA,NA,NA,NA,,,,,NA,NA,NA,NA,NA,NA,NA,NA,NA,NA,NA,NA,NA,73,0.35,0.59,0.1,2,82,0.32,0.56,0.09,2,NE,NE,NE,NE,NA,NE,NE,NE,NE,NA,NA,NA,NA,NA,NA,NA,NA,NA,NA,NA,NA,NA,NA,NA,NA,NA,NA,NA,NA,NA,NA,NA,NA,NA,NA,NA,NA,NA,NA,NA,NA,NA,28,29,,28,29,,39.76,42.09,,B,B+,,28,29,,39.77,41.44,,B,B,,1,NE,,SUPP,NE,,SUPP,NE,,NE,NE,,NE,NE,,NE,NE,,NE,NE,,NE,NE,,NE,NE,,,,,,,,,,,,,,,,,,,,,,,,,,,,,,,,,,,,,,,,,,,,,,,,,,,,,,,,NA,NA,,NA,NA,,NA,NA,,NA,NA,,NA,NA,,NA,NA,,NA,NA,,NA,NA,,NA,NA,,NA,NA,,NA,NA,,NA,NA,,NA,NA,,NA,NA,,NA,NA,,NA,NA,,NA,NA,,NA,NA,,NA,NA,,NA,NA,,NA,NA,,NA,NA,,NA,NA,,NA,NA,,NA,NA,,NA,NA,,,,,,,,,,,,,,,,,,,,,,,,,,,,,,,,,,,,,,,,,,,,,,,,,,NA,NA,,NA,NA,,NA,NA,,NA,NA,,NA,NA,,NA,NA,,NA,NA,,NA,NA,,NA,NA,,NA,NA,,NA,NA,,NA,NA,,NA,NA,,NA,NA,,NA,NA,,NA,NA,,NA,NA,,NA,NA,,NA,NA,,NA,NA,,NA,NA,,NA,NA,,NA,NA,,NA,NA,,NA,NA,,NA,NA,,,,,,,,,,,,,,,,,,,,,,,,,,,,,,,,,,,,,,,,,,,,,,,,,,NA,NA,,NA,NA,,NA,NA,,NA,NA,,NA,NA,,NA,NA,,NA,NA,,NA,NA,,NA,NA,,NA,NA
1,6224,25,4,919,4099,137757,E14001573,Welwyn Hatfield,,Bishop's Hatfield Girls' School,Woods Avenue,,,Hatfield,AL10 8NL,1707275331,0,ACC,Does not apply,NSE,OTHER NON SEL,MIXED,0, 11-18,0,,,R,,187,98,88,39.16,B,75,39.73,B,75,14.70%,88,39.26,B,16,31.68,Dist-,NE,NE,NE,NE,NE,16,100.00%,,,,,,,,,92,93.50%,91.30%,92,92.40%,92,93.50%,91.30%,92,92.40%,7,100.00%,100.00%,7,100.00%,NE,NE,NE,NE,NE,NE,NE,NE,NE,NE,NE,NE,NE,14,11,32.63,C+,11,32.54,C+,SUPP,SUPP,SUPP,NE,NE,NE,,,,,13,92.30%,13,92.30%,SUPP,SUPP,NE,NE,NE,NE,NE,NE,NE,81,74,40.28,B,74,40.41,B,SUPP,SUPP,SUPP,NE,NE,NE,,,,,76,93.40%,76,93.40%,SUPP,SUPP,NE,NE,NE,NE,NE,NE,NE,238,0.06,0.19,-0.07,3,257,0.07,0.2,-0.06,3,19,-0.14,0.25,-0.54,3,NE,NE,NE,NE,NA,27,-0.22,0.18,-0.62,29,-0.23,0.16,-0.62,SUPP,SUPP,SUPP,SUPP,NE,NE,NE,NE,211,0.09,0.23,-0.05,228,0.11,0.24,-0.03,SUPP,SUPP,SUPP,SUPP,NE,NE,NE,NE,102,69,,95,64,,39.12,42.11,,B,B+,,95,64,,39.08,42.12,,B,B+,,24,15,,29.25,36.88,,Merit+,Dist+,,NE,NE,,NE,NE,,NE,NE,,NE,NE,,NE,NE,,NE,NE,,,,,,,,,,,,,,,,,,,,,,,,,,,,,,,,,,,,,,,,,,,,,,,,,,,,,,,,93,59,,100.00%,100.00%,,93,59,,100.00%,100.00%,,8,10,,100.00%,100.00%,,NE,NE,,NE,NE,,NE,NE,,NE,NE,,SUPP,17,,SUPP,17,,SUPP,41.78,,SUPP,B+,,SUPP,17,,SUPP,41.92,,SUPP,B+,,SUPP,SUPP,,SUPP,SUPP,,SUPP,SUPP,,NE,NE,,NE,NE,,NE,NE,,NE,NE,,NE,NE,,NE,NE,,,,,,,,,,,,,,,,,,,,,,,,,,,,,,,,,,,,,,,,,,,,,,,,,,SUPP,15,,SUPP,100.00%,,SUPP,15,,SUPP,100.00%,,SUPP,SUPP,,SUPP,SUPP,,NE,NE,,NE,NE,,NE,NE,,NE,NE,,SUPP,52,,SUPP,47,,SUPP,42.22,,SUPP,B+,,SUPP,47,,SUPP,42.19,,SUPP,B+,,SUPP,SUPP,,SUPP,SUPP,,SUPP,SUPP,,NE,NE,,NE,NE,,NE,NE,,NE,NE,,NE,NE,,NE,NE,,,,,,,,,,,,,,,,,,,,,,,,,,,,,,,,,,,,,,,,,,,,,,,,,,SUPP,44,,SUPP,100.00%,,SUPP,44,,SUPP,100.00%,,SUPP,SUPP,,SUPP,SUPP,,NE,NE,,NE,NE,,NE,NE,,NE,NE
1,6238,25,4,919,6007,117605,E14001283,Hertford and Stortford,,Bishop's Stortford College,School House,Maze Green Road,,Bishop's Stortford,CM23 2PQ,1279952706,0,IND,None,,NA,MIXED,0, 3-18,0,,,R,,259,122,121,43.13,B+,118,43.22,B+,118,29.70%,121,43.27,B+,NE,NE,NE,NE,NE,NE,NE,NE,NE,NE,,,,,,,,,NA,NA,NA,NA,NA,NA,NA,NA,NA,NA,NA,NA,NA,NA,NA,NA,NA,NA,NA,NA,NE,NE,NE,NA,NA,NA,NE,NE,NA,NA,NA,NA,NA,NA,NA,NA,NA,NA,NA,NA,NA,,,,,NA,NA,NA,NA,NA,NA,NA,NA,NA,NA,NA,NA,NA,NA,NA,NA,NA,NA,NA,NA,NA,NA,NA,NA,NA,NA,,,,,NA,NA,NA,NA,NA,NA,NA,NA,NA,NA,NA,NA,NA,331,0.15,0.26,0.04,2,353,0.15,0.26,0.03,2,NE,NE,NE,NE,NA,NE,NE,NE,NE,NA,NA,NA,NA,NA,NA,NA,NA,NA,NA,NA,NA,NA,NA,NA,NA,NA,NA,NA,NA,NA,NA,NA,NA,NA,NA,NA,NA,NA,NA,NA,NA,NA,110,118,,109,117,,42.92,47.44,,B+,A-,,109,117,,42.59,47.6,,B+,A-,,NE,NE,,NE,NE,,NE,NE,,NE,NE,,NE,NE,,NE,NE,,NE,NE,,NE,NE,,NE,NE,,,,,,,,,,,,,,,,,,,,,,,,,,,,,,,,,,,,,,,,,,,,,,,,,,,,,,,,NA,NA,,NA,NA,,NA,NA,,NA,NA,,NA,NA,,NA,NA,,NA,NA,,NA,NA,,NA,NA,,NA,NA,,NA,NA,,NA,NA,,NA,NA,,NA,NA,,NA,NA,,NA,NA,,NA,NA,,NA,NA,,NA,NA,,NA,NA,,NA,NA,,NA,NA,,NA,NA,,NA,NA,,NA,NA,,NA,NA,,,,,,,,,,,,,,,,,,,,,,,,,,,,,,,,,,,,,,,,,,,,,,,,,,NA,NA,,NA,NA,,NA,NA,,NA,NA,,NA,NA,,NA,NA,,NA,NA,,NA,NA,,NA,NA,,NA,NA,,NA,NA,,NA,NA,,NA,NA,,NA,NA,,NA,NA,,NA,NA,,NA,NA,,NA,NA,,NA,NA,,NA,NA,,NA,NA,,NA,NA,,NA,NA,,NA,NA,,NA,NA,,NA,NA,,,,,,,,,,,,,,,,,,,,,,,,,,,,,,,,,,,,,,,,,,,,,,,,,,NA,NA,,NA,NA,,NA,NA,,NA,NA,,NA,NA,,NA,NA,,NA,NA,,NA,NA,,NA,NA,,NA,NA
1,6240,25,4,919,5405,117577,E14001283,Hertford and Stortford,,The Bishop's Stortford High School,Beaumont Avenue,,,Bishop's Stortford,CM23 4SH,1279868686,0,FD,None,NSE,OTHER NON SEL,MIXED,0, 11-18,0,,,R,,392,198,190,33.06,C+,166,33.25,C+,166,12.70%,192,33.15,C+,24,37.08,Dist+,NE,NE,NE,NE,NE,24,100.00%,,,,,,,,,174,96.60%,95.40%,174,95.40%,174,96.60%,95.40%,174,95.40%,25,96.00%,96.00%,25,96.00%,NE,NE,NE,NE,NE,NE,NE,NE,NE,NE,NE,NE,NE,12,11,28,C-,12,27.89,C-,SUPP,SUPP,SUPP,NE,NE,NE,,,,,10,90.00%,10,90.00%,SUPP,SUPP,NE,NE,NE,NE,NE,NE,NE,185,178,33.22,C+,179,33.31,C+,SUPP,SUPP,SUPP,NE,NE,NE,,,,,163,96.90%,163,96.90%,SUPP,SUPP,NE,NE,NE,NE,NE,NE,NE,530,-0.27,-0.18,-0.36,4,605,-0.27,-0.18,-0.36,4,24,0.12,0.43,-0.2,3,NE,NE,NE,NE,NA,27,-0.41,0.01,-0.82,29,-0.42,-0.01,-0.82,SUPP,SUPP,SUPP,SUPP,NE,NE,NE,NE,503,-0.26,-0.17,-0.35,576,-0.26,-0.17,-0.35,SUPP,SUPP,SUPP,SUPP,NE,NE,NE,NE,152,196,,145,192,,37.29,42.46,,B-,B+,,146,192,,37.29,42.11,,B-,B+,,10,23,,39.75,35.54,,Dist+,Dist,,NE,NE,,NE,NE,,NE,NE,,NE,NE,,NE,NE,,NE,NE,,,,,,,,,,,,,,,,,,,,,,,,,,,,,,,,,,,,,,,,,,,,,,,,,,,,,,,,140,173,,95.70%,99.40%,,140,173,,95.70%,99.40%,,12,24,,91.70%,95.80%,,NE,NE,,NE,NE,,NE,NE,,NE,NE,,11,10,,10,10,,31.92,35.42,,C+,B-,,11,10,,31.41,35.07,,C,B-,,SUPP,NE,,SUPP,NE,,SUPP,NE,,NE,NE,,NE,NE,,NE,NE,,NE,NE,,NE,NE,,NE,NE,,,,,,,,,,,,,,,,,,,,,,,,,,,,,,,,,,,,,,,,,,,,,,,,,,9,10,,88.90%,100.00%,,9,10,,88.90%,100.00%,,SUPP,NE,,SUPP,NE,,NE,NE,,NE,NE,,NE,NE,,NE,NE,,140,186,,135,182,,37.65,42.86,,B-,B+,,135,182,,37.67,42.52,,B-,B+,,SUPP,23,,SUPP,35.54,,SUPP,Dist,,NE,NE,,NE,NE,,NE,NE,,NE,NE,,NE,NE,,NE,NE,,,,,,,,,,,,,,,,,,,,,,,,,,,,,,,,,,,,,,,,,,,,,,,,,,131,163,,96.20%,99.40%,,131,163,,96.20%,99.40%,,SUPP,24,,SUPP,95.80%,,NE,NE,,NE,NE,,NE,NE,,NE,NE
1,22594,25,4,919,4036,147785,E14001284,Hertsmere,,The Grange Academy,London Road,,,Bushey,WD23 3AA,2089509502,0,AC,Unknown,NR,NA,MIXED,0, 11-18,0,,,R,,130,74,62,25.99,C-,33,26.87,C-,33,0.00%,62,26.15,C-,33,26.43,Merit,NE,NE,NE,NE,NE,33,100.00%,,,,,,,,,38,86.80%,86.80%,38,86.80%,38,86.80%,86.80%,38,86.80%,36,94.40%,91.70%,36,91.70%,NE,NE,NE,NE,NE,NE,NE,NE,NE,NE,NE,NE,NE,14,10,23.75,D+,10,23.9,D+,6,22.1,Merit-,NE,NE,NE,,,,,7,85.70%,7,85.70%,7,85.70%,NE,NE,NE,NE,NE,NE,NE,57,52,26.42,C-,52,26.58,C-,27,27.54,Merit+,NE,NE,NE,,,,,29,93.10%,29,93.10%,28,96.40%,NE,NE,NE,NE,NE,NE,NE,144,-0.09,0.09,-0.26,3,161,-0.09,0.08,-0.26,3,50,-0.02,0.21,-0.26,3,NE,NE,NE,NE,NA,24,0.07,0.53,-0.39,26,0.06,0.51,-0.39,10,-0.27,0.25,-0.8,NE,NE,NE,NE,120,-0.12,0.07,-0.3,135,-0.12,0.06,-0.3,40,0.04,0.3,-0.22,NE,NE,NE,NE,75,77,,57,63,,27.27,32.21,,C-,C+,,58,64,,26.73,31.92,,C-,C+,,31,39,,27.08,30.79,,Merit+,Dist-,,NE,NE,,NE,NE,,NE,NE,,NE,NE,,NE,NE,,NE,NE,,,,,,,,,,,,,,,,,,,,,,,,,,,,,,,,,,,,,,,,,,,,,,,,,,,,,,,,54,56,,92.60%,100.00%,,54,56,,92.60%,100.00%,,20,21,,75.00%,61.90%,,NE,NE,,NE,NE,,NE,NE,,NE,NE,,6,16,,SUPP,12,,SUPP,31,,SUPP,C,,SUPP,12,,SUPP,31,,SUPP,C,,SUPP,9,,SUPP,29.81,,SUPP,Merit+,,NE,NE,,NE,NE,,NE,NE,,NE,NE,,NE,NE,,NE,NE,,,,,,,,,,,,,,,,,,,,,,,,,,,,,,,,,,,,,,,,,,,,,,,,,,SUPP,11,,SUPP,100.00%,,SUPP,11,,SUPP,100.00%,,SUPP,SUPP,,SUPP,SUPP,,NE,NE,,NE,NE,,NE,NE,,NE,NE,,69,61,,SUPP,51,,SUPP,32.5,,SUPP,C+,,SUPP,52,,SUPP,32.14,,SUPP,C+,,SUPP,30,,SUPP,31.05,,SUPP,Dist-,,NE,NE,,NE,NE,,NE,NE,,NE,NE,,NE,NE,,NE,NE,,,,,,,,,,,,,,,,,,,,,,,,,,,,,,,,,,,,,,,,,,,,,,,,,,SUPP,45,,SUPP,100.00%,,SUPP,45,,SUPP,100.00%,,SUPP,SUPP,,SUPP,SUPP,,NE,NE,,NE,NE,,NE,NE,,NE,NE
1,45096,25,4,919,4013,137985,E14001283,Hertford and Stortford,,Presdales School,Hoe Lane,,,Ware,SG12 9NX,1920462210,0,ACC,Does not apply,NSE,OTHER NON SEL,MIXED,0, 11-18,0,,,,,280,135,130,36.94,B-,130,36.13,B-,130,13.10%,130,37.02,B-,18,36.67,Dist+,NE,NE,NE,NE,NE,18,100.00%,,,,,,,,,134,97.00%,97.00%,134,97.00%,134,97.00%,97.00%,134,97.00%,NE,NE,NE,NE,NE,NE,NE,NE,NE,NE,NE,NE,NE,NE,NE,NE,NE,NE,7,7,33.33,C+,7,33.33,C+,SUPP,SUPP,SUPP,NE,NE,NE,,,,,7,100.00%,7,100.00%,NE,NE,NE,NE,NE,NE,NE,NE,NE,128,123,37.14,B-,123,37.23,B-,SUPP,SUPP,SUPP,NE,NE,NE,,,,,127,96.90%,127,96.90%,NE,NE,NE,NE,NE,NE,NE,NE,NE,389,0.19,0.29,0.09,2,406,0.18,0.28,0.08,2,18,0.35,0.73,-0.04,3,NE,NE,NE,NE,NA,18,0,0.52,-0.53,18,0,0.52,-0.53,SUPP,SUPP,SUPP,SUPP,NE,NE,NE,NE,371,0.2,0.3,0.09,388,0.19,0.29,0.09,SUPP,SUPP,SUPP,SUPP,NE,NE,NE,NE,129,146,,122,137,,40.48,39.6,,B,B,,122,137,,40.53,39.74,,B,B,,NE,NE,,NE,NE,,NE,NE,,NE,NE,,NE,NE,,NE,NE,,NE,NE,,NE,NE,,NE,NE,,,,,,,,,,,,,,,,,,,,,,,,,,,,,,,,,,,,,,,,,,,,,,,,,,,,,,,,129,147,,95.30%,98.00%,,129,147,,95.30%,98.00%,,NE,NE,,NE,NE,,NE,NE,,NE,NE,,NE,NE,,NE,NE,,7,11,,7,10,,31.05,26.67,,C,C-,,7,10,,31.05,26.59,,C,C-,,NE,NE,,NE,NE,,NE,NE,,NE,NE,,NE,NE,,NE,NE,,NE,NE,,NE,NE,,NE,NE,,,,,,,,,,,,,,,,,,,,,,,,,,,,,,,,,,,,,,,,,,,,,,,,,,7,10,,100.00%,100.00%,,7,10,,100.00%,100.00%,,NE,NE,,NE,NE,,NE,NE,,NE,NE,,NE,NE,,NE,NE,,121,134,,115,126,,40.99,40.64,,B,B,,115,126,,41.04,40.79,,B,B,,NE,NE,,NE,NE,,NE,NE,,NE,NE,,NE,NE,,NE,NE,,NE,NE,,NE,NE,,NE,NE,,,,,,,,,,,,,,,,,,,,,,,,,,,,,,,,,,,,,,,,,,,,,,,,,,122,136,,95.10%,97.80%,,122,136,,95.10%,97.80%,,NE,NE,,NE,NE,,NE,NE,,NE,NE,,NE,NE,,NE,NE
1,29832,25,4,919,4619,149743,E14001278,Hemel Hempstead,,John F Kennedy Catholic School,Hollybush Lane,,,Hemel Hempstead,HP1 2PH,1442266150,0,ACC,Roman Catholic,NSE,OTHER NON SEL,MIXED,0, 11-18,0,,,R,,202,121,113,33.12,C+,101,33.93,C+,101,13.90%,113,33.09,C+,17,24.57,Merit,NE,NE,NE,1,SUPP,18,94.40%,,,,,,,,,107,98.10%,97.20%,107,98.10%,107,98.10%,97.20%,107,98.10%,13,92.30%,92.30%,13,92.30%,NE,NE,NE,NE,NE,NE,NE,NE,NE,NE,NE,NE,NE,9,8,31.3,C,8,31.28,C,SUPP,SUPP,SUPP,NE,NE,NE,,,,,9,100.00%,9,100.00%,NE,NE,NE,NE,NE,NE,NE,NE,NE,111,104,33.53,C+,104,33.48,C+,SUPP,SUPP,SUPP,NE,NE,NE,,,,,97,97.90%,97,97.90%,13,92.30%,NE,NE,NE,NE,NE,NE,NE,316,0.2,0.32,0.09,2,342,0.21,0.32,0.09,2,20,-0.67,-0.31,-1.03,5,NE,NE,NE,NE,NA,23,-0.06,0.38,-0.51,24,-0.06,0.38,-0.5,SUPP,SUPP,SUPP,SUPP,NE,NE,NE,NE,293,0.22,0.34,0.11,318,0.23,0.34,0.11,SUPP,SUPP,SUPP,SUPP,NE,NE,NE,NE,105,88,,96,87,,29.84,36.81,,C,B-,,96,87,,29.81,36.9,,C,B-,,11,7,,18.96,35,,Pass+,Dist,,NE,NE,,NE,NE,,NE,NE,,NE,NE,,NE,NE,,NE,NE,,,,,,,,,,,,,,,,,,,,,,,,,,,,,,,,,,,,,,,,,,,,,,,,,,,,,,,,93,81,,97.80%,100.00%,,93,81,,97.80%,100.00%,,11,7,,81.80%,100.00%,,NE,NE,,NE,NE,,NE,NE,,NE,NE,,13,8,,10,8,,18.55,28.16,,D,C-,,10,8,,18.17,28.31,,D-,C-,,SUPP,NE,,SUPP,NE,,SUPP,NE,,NE,NE,,NE,NE,,NE,NE,,NE,NE,,NE,NE,,NE,NE,,,,,,,,,,,,,,,,,,,,,,,,,,,,,,,,,,,,,,,,,,,,,,,,,,11,8,,81.80%,100.00%,,11,8,,81.80%,100.00%,,SUPP,NE,,SUPP,NE,,NE,NE,,NE,NE,,NE,NE,,NE,NE,,91,79,,85,79,,31.03,37.73,,C,B-,,85,79,,31.06,37.82,,C,B-,,SUPP,7,,SUPP,35,,SUPP,Dist,,NE,NE,,NE,NE,,NE,NE,,NE,NE,,NE,NE,,NE,NE,,,,,,,,,,,,,,,,,,,,,,,,,,,,,,,,,,,,,,,,,,,,,,,,,,81,72,,100.00%,100.00%,,81,72,,100.00%,100.00%,,SUPP,7,,SUPP,100.00%,,NE,NE,,NE,NE,,NE,NE,,NE,NE
1,59886,25,4,919,4014,137847,E14001573,Welwyn Hatfield,,Stanborough School,Lemsford Lane,,,Welwyn Garden City,AL8 6YR,1707321755,0,ACC,Does not apply,NSE,OTHER NON SEL,MIXED,0, 11-18,0,,,R,,164,73,58,36.67,B-,33,38.79,B,33,21.20%,58,36.58,B-,34,33.09,Dist-,NE,NE,NE,NE,NE,34,100.00%,,,,,,,,,64,87.50%,87.50%,64,87.50%,64,87.50%,87.50%,64,87.50%,9,66.70%,55.60%,9,66.70%,NE,NE,NE,NE,NE,NE,NE,NE,NE,NE,NE,NE,NE,8,6,41.03,B,6,41.03,B,SUPP,SUPP,SUPP,NE,NE,NE,,,,,7,85.70%,7,85.70%,SUPP,SUPP,NE,NE,NE,NE,NE,NE,NE,64,51,36.22,B-,51,36.14,B-,SUPP,SUPP,SUPP,NE,NE,NE,,,,,56,87.50%,56,87.50%,SUPP,SUPP,NE,NE,NE,NE,NE,NE,NE,150,0.19,0.36,0.02,2,160,0.19,0.36,0.03,2,40,0.12,0.37,-0.12,3,NE,NE,NE,NE,NA,15,0.5,1.1,-0.1,15,0.5,1.1,-0.1,SUPP,SUPP,SUPP,SUPP,NE,NE,NE,NE,135,0.16,0.34,-0.02,145,0.16,0.34,-0.01,SUPP,SUPP,SUPP,SUPP,NE,NE,NE,NE,91,66,,82,58,,36.79,40.96,,B-,B,,82,58,,36.86,41.11,,B-,B,,35,16,,33.17,36.88,,Dist-,Dist+,,NE,1,,NE,SUPP,,NE,SUPP,,NE,NE,,NE,NE,,NE,NE,,,,,,,,,,,,,,,,,,,,,,,,,,,,,,,,,,,,,,,,,,,,,,,,,,,,,,,,83,56,,92.80%,92.90%,,83,56,,92.80%,92.90%,,9,10,,88.90%,80.00%,,NE,NE,,NE,NE,,NE,NE,,NE,NE,,11,SUPP,,8,SUPP,,39.09,SUPP,,B,SUPP,,8,SUPP,,39.24,SUPP,,B,SUPP,,SUPP,SUPP,,SUPP,SUPP,,SUPP,SUPP,,NE,NE,,NE,NE,,NE,NE,,NE,NE,,NE,NE,,NE,NE,,,,,,,,,,,,,,,,,,,,,,,,,,,,,,,,,,,,,,,,,,,,,,,,,,10,SUPP,,80.00%,SUPP,,10,SUPP,,80.00%,SUPP,,SUPP,SUPP,,SUPP,SUPP,,NE,NE,,NE,NE,,NE,NE,,NE,NE,,80,SUPP,,74,SUPP,,36.56,SUPP,,B-,SUPP,,74,SUPP,,36.61,SUPP,,B-,SUPP,,SUPP,SUPP,,SUPP,SUPP,,SUPP,SUPP,,NE,SUPP,,NE,SUPP,,NE,SUPP,,NE,NE,,NE,NE,,NE,NE,,,,,,,,,,,,,,,,,,,,,,,,,,,,,,,,,,,,,,,,,,,,,,,,,,73,SUPP,,94.50%,SUPP,,73,SUPP,,94.50%,SUPP,,SUPP,SUPP,,SUPP,SUPP,,NE,NE,,NE,NE,,NE,NE,,NE,NE
1,45424,25,4,919,4000,117499,E14001289,Hitchin,,The Priory School,Bedford Road,,,Hitchin,SG5 2UR,1462622300,0,FD,Does not apply,NSE,OTHER NON SEL,MIXED,0, 11-18,0,,,R,,240,110,97,32.55,C+,53,33.96,C+,53,15.10%,97,32.8,C+,46,29.31,Merit+,4,SUPP,SUPP,4,SUPP,46,100.00%,,,,,,,,,70,88.60%,87.10%,70,87.10%,70,88.60%,87.10%,70,87.10%,38,89.50%,89.50%,38,89.50%,NE,NE,NE,NE,NE,NE,NE,NE,NE,NE,NE,NE,NE,8,6,18.18,D-,6,17.46,D-,6,20.17,Merit-,NE,NE,NE,,,,,SUPP,SUPP,SUPP,SUPP,SUPP,SUPP,NE,NE,NE,NE,NE,NE,NE,99,90,33.45,C+,90,33.75,C+,40,30.5,Dist-,SUPP,SUPP,SUPP,,,,,SUPP,SUPP,SUPP,SUPP,SUPP,SUPP,NE,NE,NE,NE,NE,NE,NE,227,-0.06,0.08,-0.19,3,262,-0.03,0.1,-0.15,3,44,-0.12,0.12,-0.37,3,SUPP,SUPP,SUPP,SUPP,NA,10,-0.36,0.3,-1.01,11,-0.36,0.28,-1,SUPP,SUPP,SUPP,SUPP,NE,NE,NE,NE,217,-0.04,0.09,-0.18,251,-0.01,0.12,-0.14,SUPP,SUPP,SUPP,SUPP,SUPP,SUPP,SUPP,SUPP,118,119,,109,110,,35.97,34.14,,B-,C+,,109,110,,36.08,34.31,,B-,C+,,42,42,,26.24,29.29,,Merit,Merit+,,8,2,,35,SUPP,,Dist,SUPP,,NE,NE,,NE,NE,,NE,NE,,,,,,,,,,,,,,,,,,,,,,,,,,,,,,,,,,,,,,,,,,,,,,,,,,,,,,,,101,103,,98.00%,95.10%,,101,103,,98.00%,95.10%,,15,15,,93.30%,93.30%,,NE,1,,NE,SUPP,,NE,NE,,NE,NE,,9,16,,7,12,,33.53,25.93,,C+,C-,,7,12,,33.42,25.97,,C+,C-,,SUPP,SUPP,,SUPP,SUPP,,SUPP,SUPP,,NE,NE,,NE,NE,,NE,NE,,NE,NE,,NE,NE,,NE,NE,,,,,,,,,,,,,,,,,,,,,,,,,,,,,,,,,,,,,,,,,,,,,,,,,,8,12,,87.50%,75.00%,,8,12,,87.50%,75.00%,,SUPP,SUPP,,SUPP,SUPP,,NE,NE,,NE,NE,,NE,NE,,NE,NE,,109,102,,102,97,,36.13,35.18,,B-,B-,,102,97,,36.26,35.35,,B-,B-,,SUPP,SUPP,,SUPP,SUPP,,SUPP,SUPP,,8,SUPP,,35,SUPP,,Dist,SUPP,,NE,NE,,NE,NE,,NE,NE,,,,,,,,,,,,,,,,,,,,,,,,,,,,,,,,,,,,,,,,,,,,,,,,,,93,90,,98.90%,97.80%,,93,90,,98.90%,97.80%,,SUPP,SUPP,,SUPP,SUPP,,NE,SUPP,,NE,SUPP,,NE,NE,,NE,NE
1,882,25,4,919,6003,117602,E14001284,Hertsmere,,The Aldenham Foundation,Elstree,,,Elstree,WD6 3AJ,1923858122,0,IND,Church of England,,NA,MIXED,0, 3-19,0,,,R,,173,74,73,36.21,B-,52,36.6,B-,52,15.40%,73,36.34,B-,NE,NE,NE,NE,NE,NE,NE,NE,NE,NE,,,,,,,,,NA,NA,NA,NA,NA,NA,NA,NA,NA,NA,NA,NA,NA,NA,NA,NA,NA,NA,NA,NA,NE,NE,NE,NA,NA,NA,NE,NE,NA,NA,NA,NA,NA,NA,NA,NA,NA,NA,NA,NA,NA,,,,,NA,NA,NA,NA,NA,NA,NA,NA,NA,NA,NA,NA,NA,NA,NA,NA,NA,NA,NA,NA,NA,NA,NA,NA,NA,NA,,,,,NA,NA,NA,NA,NA,NA,NA,NA,NA,NA,NA,NA,NA,175,0.33,0.48,0.17,2,190,0.32,0.48,0.17,2,NE,NE,NE,NE,NA,NE,NE,NE,NE,NA,NA,NA,NA,NA,NA,NA,NA,NA,NA,NA,NA,NA,NA,NA,NA,NA,NA,NA,NA,NA,NA,NA,NA,NA,NA,NA,NA,NA,NA,NA,NA,NA,77,96,,76,86,,35.09,37.03,,B-,B-,,76,86,,35.17,37.51,,B-,B-,,NE,NE,,NE,NE,,NE,NE,,NE,NE,,NE,NE,,NE,NE,,NE,NE,,NE,NE,,NE,NE,,,,,,,,,,,,,,,,,,,,,,,,,,,,,,,,,,,,,,,,,,,,,,,,,,,,,,,,NA,NA,,NA,NA,,NA,NA,,NA,NA,,NA,NA,,NA,NA,,NA,NA,,NA,NA,,NA,NA,,NA,NA,,NA,NA,,NA,NA,,NA,NA,,NA,NA,,NA,NA,,NA,NA,,NA,NA,,NA,NA,,NA,NA,,NA,NA,,NA,NA,,NA,NA,,NA,NA,,NA,NA,,NA,NA,,NA,NA,,,,,,,,,,,,,,,,,,,,,,,,,,,,,,,,,,,,,,,,,,,,,,,,,,NA,NA,,NA,NA,,NA,NA,,NA,NA,,NA,NA,,NA,NA,,NA,NA,,NA,NA,,NA,NA,,NA,NA,,NA,NA,,NA,NA,,NA,NA,,NA,NA,,NA,NA,,NA,NA,,NA,NA,,NA,NA,,NA,NA,,NA,NA,,NA,NA,,NA,NA,,NA,NA,,NA,NA,,NA,NA,,NA,NA,,,,,,,,,,,,,,,,,,,,,,,,,,,,,,,,,,,,,,,,,,,,,,,,,,NA,NA,,NA,NA,,NA,NA,,NA,NA,,NA,NA,,NA,NA,,NA,NA,,NA,NA,,NA,NA,,NA,NA
1,69628,25,4,919,4802,136922,E14001284,Hertsmere,,Yavneh College,Hillside Avenue,,,Borehamwood,WD6 1HL,2087365580,0,ACC,Jewish,NSE,OTHER NON SEL,MIXED,0, 11-18,0,,,R,,245,133,88,42.29,B+,77,42.55,B+,77,24.70%,88,42.37,B+,51,38.78,Dist+,NE,NE,NE,NE,NE,51,100.00%,,,,,,,,,85,92.90%,92.90%,84,94.00%,85,92.90%,92.90%,84,94.00%,48,100.00%,97.90%,48,100.00%,NE,NE,NE,NE,NE,NE,NE,NE,NE,NE,NE,NE,NE,SUPP,SUPP,SUPP,SUPP,SUPP,SUPP,SUPP,SUPP,SUPP,SUPP,NE,NE,NE,,,,,SUPP,SUPP,SUPP,SUPP,SUPP,SUPP,NE,NE,NE,NE,NE,NE,NE,SUPP,SUPP,SUPP,SUPP,SUPP,SUPP,SUPP,SUPP,SUPP,SUPP,NE,NE,NE,,,,,SUPP,SUPP,SUPP,SUPP,SUPP,SUPP,NE,NE,NE,NE,NE,NE,NE,255,0.16,0.29,0.03,2,260,0.16,0.29,0.03,2,51,0.58,0.82,0.34,2,NE,NE,NE,NE,NA,7,0.57,1.3,-0.15,7,0.57,1.3,-0.15,SUPP,SUPP,SUPP,SUPP,NE,NE,NE,NE,248,0.14,0.28,0.01,253,0.15,0.28,0.02,SUPP,SUPP,SUPP,SUPP,NE,NE,NE,NE,131,122,,75,79,,44.5,47.58,,B+,A-,,75,79,,44.59,47.6,,B+,A-,,53,42,,39.55,41.01,,Dist+,Dist+,,NE,NE,,NE,NE,,NE,NE,,NE,NE,,NE,NE,,NE,NE,,,,,,,,,,,,,,,,,,,,,,,,,,,,,,,,,,,,,,,,,,,,,,,,,,,,,,,,74,78,,98.60%,98.70%,,74,78,,98.60%,98.70%,,55,44,,94.50%,97.70%,,NE,NE,,NE,NE,,NE,NE,,NE,NE,,SUPP,SUPP,,SUPP,SUPP,,SUPP,SUPP,,SUPP,SUPP,,SUPP,SUPP,,SUPP,SUPP,,SUPP,SUPP,,SUPP,SUPP,,SUPP,SUPP,,SUPP,SUPP,,NE,NE,,NE,NE,,NE,NE,,NE,NE,,NE,NE,,NE,NE,,,,,,,,,,,,,,,,,,,,,,,,,,,,,,,,,,,,,,,,,,,,,,,,,,SUPP,SUPP,,SUPP,SUPP,,SUPP,SUPP,,SUPP,SUPP,,SUPP,SUPP,,SUPP,SUPP,,NE,NE,,NE,NE,,NE,NE,,NE,NE,,SUPP,SUPP,,SUPP,SUPP,,SUPP,SUPP,,SUPP,SUPP,,SUPP,SUPP,,SUPP,SUPP,,SUPP,SUPP,,SUPP,SUPP,,SUPP,SUPP,,SUPP,SUPP,,NE,NE,,NE,NE,,NE,NE,,NE,NE,,NE,NE,,NE,NE,,,,,,,,,,,,,,,,,,,,,,,,,,,,,,,,,,,,,,,,,,,,,,,,,,SUPP,SUPP,,SUPP,SUPP,,SUPP,SUPP,,SUPP,SUPP,,SUPP,SUPP,,SUPP,SUPP,,NE,NE,,NE,NE,,NE,NE,,NE,NE
1,39796,25,4,919,5412,137938,E14001507,St Albans,,Nicholas Breakspear Catholic School,Colney Heath Lane,,,St Albans,AL4 0TT,1727860079,0,ACC,Roman Catholic,NSE,OTHER NON SEL,MIXED,0, 11-18,0,,,,,162,69,55,32.31,C+,40,33.5,C+,40,12.50%,55,32.32,C+,24,27.11,Merit+,9,30.56,Dist-,9,100.00%,24,100.00%,,,,,,,,,52,98.10%,98.10%,50,98.00%,52,98.10%,98.10%,50,98.00%,15,66.70%,66.70%,14,71.40%,2,SUPP,SUPP,2,SUPP,NE,NE,NE,NE,NE,NE,NE,NE,6,SUPP,SUPP,SUPP,SUPP,SUPP,SUPP,SUPP,SUPP,SUPP,SUPP,SUPP,SUPP,,,,,SUPP,SUPP,SUPP,SUPP,SUPP,SUPP,NE,NE,NE,NE,NE,NE,NE,62,SUPP,SUPP,SUPP,SUPP,SUPP,SUPP,SUPP,SUPP,SUPP,SUPP,SUPP,SUPP,,,,,SUPP,SUPP,SUPP,SUPP,SUPP,SUPP,SUPP,SUPP,NE,NE,NE,NE,NE,139,-0.23,-0.06,-0.4,4,142,-0.23,-0.06,-0.4,4,35,-0.34,-0.05,-0.64,4,9,-0.21,0.4,-0.82,3,11,0.73,1.41,0.04,11,0.73,1.41,0.04,SUPP,SUPP,SUPP,SUPP,SUPP,SUPP,SUPP,SUPP,128,-0.31,-0.14,-0.49,131,-0.31,-0.14,-0.49,SUPP,SUPP,SUPP,SUPP,SUPP,SUPP,SUPP,SUPP,60,40,,52,35,,31.46,39.31,,C,B,,52,35,,31.69,39.45,,C+,B,,20,13,,27.41,41.47,,Merit+,Dist+,,11,8,,36.36,41.25,,Dist,Dist+,,NE,NE,,NE,NE,,NE,NE,,,,,,,,,,,,,,,,,,,,,,,,,,,,,,,,,,,,,,,,,,,,,,,,,,,,,,,,47,31,,95.70%,100.00%,,47,31,,95.70%,100.00%,,13,4,,92.30%,SUPP,,NE,5,,NE,SUPP,,NE,NE,,NE,NE,,9,SUPP,,8,SUPP,,29.44,SUPP,,C,SUPP,,8,SUPP,,29.44,SUPP,,C,SUPP,,SUPP,SUPP,,SUPP,SUPP,,SUPP,SUPP,,SUPP,SUPP,,SUPP,SUPP,,SUPP,SUPP,,NE,NE,,NE,NE,,NE,NE,,,,,,,,,,,,,,,,,,,,,,,,,,,,,,,,,,,,,,,,,,,,,,,,,,SUPP,SUPP,,SUPP,SUPP,,SUPP,SUPP,,SUPP,SUPP,,SUPP,SUPP,,SUPP,SUPP,,NE,SUPP,,NE,SUPP,,NE,NE,,NE,NE,,51,SUPP,,44,SUPP,,31.77,SUPP,,C+,SUPP,,44,SUPP,,32.03,SUPP,,C+,SUPP,,SUPP,SUPP,,SUPP,SUPP,,SUPP,SUPP,,SUPP,SUPP,,SUPP,SUPP,,SUPP,SUPP,,NE,NE,,NE,NE,,NE,NE,,,,,,,,,,,,,,,,,,,,,,,,,,,,,,,,,,,,,,,,,,,,,,,,,,SUPP,SUPP,,SUPP,SUPP,,SUPP,SUPP,,SUPP,SUPP,,SUPP,SUPP,,SUPP,SUPP,,NE,SUPP,,NE,SUPP,,NE,NE,,NE,NE
1,39894,25,4,919,4104,117530,E14001516,Stevenage,,The Nobel School,Mobbsbury Way,,,Stevenage,SG2 0HS,1438222600,0,FD,Does not apply,NSE,OTHER NON SEL,MIXED,0, 11-18,0,,,R,,271,134,118,33.34,C+,85,33.96,C+,85,12.90%,118,33.43,C+,35,30.92,Dist-,15,38.11,Dist+,15,100.00%,35,100.00%,,,,,,,,,111,95.50%,95.50%,111,95.50%,111,95.50%,95.50%,111,95.50%,22,95.50%,95.50%,22,95.50%,1,SUPP,SUPP,1,SUPP,NE,NE,NE,NE,NE,NE,NE,NE,14,13,25,C-,13,25.28,C-,SUPP,SUPP,SUPP,SUPP,SUPP,SUPP,,,,,11,90.90%,11,90.90%,SUPP,SUPP,SUPP,SUPP,NE,NE,NE,NE,NE,118,103,34.39,C+,103,34.45,C+,SUPP,SUPP,SUPP,SUPP,SUPP,SUPP,,,,,99,96.00%,99,96.00%,SUPP,SUPP,NE,NE,NE,NE,NE,NE,NE,304,-0.17,-0.05,-0.29,4,316,-0.17,-0.05,-0.29,4,48,0.13,0.37,-0.11,3,15,-0.1,0.41,-0.62,3,32,-0.46,-0.07,-0.85,34,-0.45,-0.06,-0.83,SUPP,SUPP,SUPP,SUPP,SUPP,SUPP,SUPP,SUPP,272,-0.13,-0.01,-0.26,282,-0.14,-0.02,-0.26,SUPP,SUPP,SUPP,SUPP,SUPP,SUPP,SUPP,SUPP,152,121,,137,92,,35.97,37.87,,B-,B-,,137,92,,36.06,37.87,,B-,B-,,44,49,,31.83,32.11,,Dist-,Dist-,,12,14,,42.37,35,,Dist*-,Dist,,NE,NE,,NE,NE,,NE,NE,,,,,,,,,,,,,,,,,,,,,,,,,,,,,,,,,,,,,,,,,,,,,,,,,,,,,,,,126,82,,97.60%,97.60%,,126,82,,97.60%,97.60%,,17,27,,94.10%,96.30%,,8,11,,100.00%,100.00%,,NE,NE,,NE,NE,,16,15,,13,10,,32.06,38.85,,C+,B,,13,10,,32.23,38.85,,C+,B,,SUPP,6,,SUPP,29.29,,SUPP,Merit+,,SUPP,SUPP,,SUPP,SUPP,,SUPP,SUPP,,NE,NE,,NE,NE,,NE,NE,,,,,,,,,,,,,,,,,,,,,,,,,,,,,,,,,,,,,,,,,,,,,,,,,,10,9,,90.00%,100.00%,,10,9,,90.00%,100.00%,,SUPP,SUPP,,SUPP,SUPP,,SUPP,SUPP,,SUPP,SUPP,,NE,NE,,NE,NE,,132,105,,120,82,,36.56,37.75,,B-,B-,,120,82,,36.64,37.75,,B-,B-,,SUPP,43,,SUPP,32.59,,SUPP,Dist-,,SUPP,SUPP,,SUPP,SUPP,,SUPP,SUPP,,NE,NE,,NE,NE,,NE,NE,,,,,,,,,,,,,,,,,,,,,,,,,,,,,,,,,,,,,,,,,,,,,,,,,,112,72,,98.20%,98.60%,,112,72,,98.20%,98.60%,,SUPP,SUPP,,SUPP,SUPP,,SUPP,SUPP,,SUPP,SUPP,,NE,NE,,NE,NE
1,63078,25,4,919,4606,117555,E14001507,St Albans,,Townsend Church of England School,High Oaks,,,St Albans,AL3 6DR,1727853047,0,VA,Church of England,NSE,OTHER NON SEL,MIXED,0, 11-18,0,,,R,,79,49,39,33.57,C+,39,32.39,C+,39,2.60%,39,32.62,C+,1,SUPP,SUPP,NE,NE,NE,NE,NE,1,SUPP,,,,,,,,,43,93.00%,90.70%,43,90.70%,43,93.00%,90.70%,43,90.70%,3,SUPP,SUPP,3,SUPP,NE,NE,NE,NE,NE,NE,NE,NE,NE,NE,NE,NE,NE,10,SUPP,SUPP,SUPP,SUPP,SUPP,SUPP,NE,NE,NE,NE,NE,NE,,,,,7,71.40%,7,71.40%,SUPP,SUPP,NE,NE,NE,NE,NE,NE,NE,39,SUPP,SUPP,SUPP,SUPP,SUPP,SUPP,SUPP,SUPP,SUPP,NE,NE,NE,,,,,36,97.20%,36,97.20%,SUPP,SUPP,NE,NE,NE,NE,NE,NE,NE,108,0.18,0.37,-0.01,3,123,0.11,0.29,-0.07,3,NE,NE,NE,NE,NA,NE,NE,NE,NE,NA,9,0.72,1.39,0.04,12,0.49,1.11,-0.12,NE,NE,NE,NE,NE,NE,NE,NE,99,0.13,0.33,-0.07,111,0.07,0.26,-0.12,NE,NE,NE,NE,NE,NE,NE,NE,50,51,,35,44,,25.24,31.49,,C-,C,,35,44,,25.28,31.64,,C-,C,,8,5,,27.89,SUPP,,Merit+,SUPP,,NE,NE,,NE,NE,,NE,NE,,NE,NE,,NE,NE,,NE,NE,,,,,,,,,,,,,,,,,,,,,,,,,,,,,,,,,,,,,,,,,,,,,,,,,,,,,,,,38,44,,97.40%,90.90%,,38,44,,97.40%,90.90%,,11,7,,63.60%,57.10%,,NE,NE,,NE,NE,,NE,NE,,NE,NE,,10,9,,SUPP,7,,SUPP,24.21,,SUPP,D+,,SUPP,7,,SUPP,24.21,,SUPP,D+,,SUPP,NE,,SUPP,NE,,SUPP,NE,,NE,NE,,NE,NE,,NE,NE,,NE,NE,,NE,NE,,NE,NE,,,,,,,,,,,,,,,,,,,,,,,,,,,,,,,,,,,,,,,,,,,,,,,,,,6,8,,83.30%,87.50%,,6,8,,83.30%,87.50%,,SUPP,NE,,SUPP,NE,,NE,NE,,NE,NE,,NE,NE,,NE,NE,,39,41,,SUPP,36,,SUPP,32.49,,SUPP,C+,,SUPP,36,,SUPP,32.66,,SUPP,C+,,SUPP,SUPP,,SUPP,SUPP,,SUPP,SUPP,,NE,NE,,NE,NE,,NE,NE,,NE,NE,,NE,NE,,NE,NE,,,,,,,,,,,,,,,,,,,,,,,,,,,,,,,,,,,,,,,,,,,,,,,,,,32,35,,100.00%,91.40%,,32,35,,100.00%,91.40%,,SUPP,6,,SUPP,66.70%,,NE,NE,,NE,NE,,NE,NE,,NE,NE
1,63264,25,4,919,6041,117618,E14001268,Harpenden and Berkhamsted,,Tring Park School for the Performing Arts,Mansion Drive,,,Tring,HP23 5LX,1442824255,0,IND,None,,NA,MIXED,0, 7-19,0,,,R,,165,68,68,36.98,B-,58,35.4,B-,58,13.80%,68,37,B-,NE,NE,NE,NE,NE,NE,NE,NE,NE,NE,,,,,,,,,NA,NA,NA,NA,NA,NA,NA,NA,NA,NA,NA,NA,NA,NA,NA,NA,NA,NA,NA,NA,NE,NE,NE,NA,NA,NA,NE,NE,NA,NA,NA,NA,NA,NA,NA,NA,NA,NA,NA,NA,NA,,,,,NA,NA,NA,NA,NA,NA,NA,NA,NA,NA,NA,NA,NA,NA,NA,NA,NA,NA,NA,NA,NA,NA,NA,NA,NA,NA,,,,,NA,NA,NA,NA,NA,NA,NA,NA,NA,NA,NA,NA,NA,153,-0.06,0.09,-0.22,3,154,-0.06,0.09,-0.22,3,NE,NE,NE,NE,NA,NE,NE,NE,NE,NA,NA,NA,NA,NA,NA,NA,NA,NA,NA,NA,NA,NA,NA,NA,NA,NA,NA,NA,NA,NA,NA,NA,NA,NA,NA,NA,NA,NA,NA,NA,NA,NA,57,76,,56,73,,36.46,42.45,,B-,B+,,56,73,,36.46,42.45,,B-,B+,,NE,NE,,NE,NE,,NE,NE,,NE,NE,,NE,NE,,NE,NE,,NE,NE,,NE,NE,,NE,NE,,,,,,,,,,,,,,,,,,,,,,,,,,,,,,,,,,,,,,,,,,,,,,,,,,,,,,,,NA,NA,,NA,NA,,NA,NA,,NA,NA,,NA,NA,,NA,NA,,NA,NA,,NA,NA,,NA,NA,,NA,NA,,NA,NA,,NA,NA,,NA,NA,,NA,NA,,NA,NA,,NA,NA,,NA,NA,,NA,NA,,NA,NA,,NA,NA,,NA,NA,,NA,NA,,NA,NA,,NA,NA,,NA,NA,,NA,NA,,,,,,,,,,,,,,,,,,,,,,,,,,,,,,,,,,,,,,,,,,,,,,,,,,NA,NA,,NA,NA,,NA,NA,,NA,NA,,NA,NA,,NA,NA,,NA,NA,,NA,NA,,NA,NA,,NA,NA,,NA,NA,,NA,NA,,NA,NA,,NA,NA,,NA,NA,,NA,NA,,NA,NA,,NA,NA,,NA,NA,,NA,NA,,NA,NA,,NA,NA,,NA,NA,,NA,NA,,NA,NA,,NA,NA,,,,,,,,,,,,,,,,,,,,,,,,,,,,,,,,,,,,,,,,,,,,,,,,,,NA,NA,,NA,NA,,NA,NA,,NA,NA,,NA,NA,,NA,NA,,NA,NA,,NA,NA,,NA,NA,,NA,NA
1,63266,25,4,919,4504,138352,E14001268,Harpenden and Berkhamsted,,Tring School,Mortimer Hill,,,Tring,HP23 5JD,1442822303,0,ACC,Church of England,NSE,OTHER NON SEL,MIXED,0, 11-18,0,,,R,,367,178,166,35.99,B-,95,37.65,B-,95,15.80%,166,35.99,B-,75,29.19,Merit+,NE,NE,NE,NE,NE,75,100.00%,,,,,,,,,155,96.10%,96.10%,155,96.10%,155,96.10%,96.10%,155,96.10%,20,90.00%,90.00%,20,90.00%,NE,NE,NE,NE,NE,NE,NE,NE,NE,NE,NE,NE,NE,11,7,22.14,D+,7,22.94,D+,7,30.69,Dist-,NE,NE,NE,,,,,8,87.50%,8,87.50%,SUPP,SUPP,NE,NE,NE,NE,NE,NE,NE,165,157,36.5,B-,157,36.47,B-,67,29.02,Merit+,NE,NE,NE,,,,,145,96.60%,145,96.60%,SUPP,SUPP,NE,NE,NE,NE,NE,NE,NE,405,0.04,0.14,-0.06,3,441,0.03,0.13,-0.07,3,91,-0.05,0.12,-0.22,3,NE,NE,NE,NE,NA,12,-0.18,0.42,-0.79,13,-0.13,0.47,-0.72,6,0.13,0.81,-0.56,NE,NE,NE,NE,393,0.05,0.14,-0.05,428,0.03,0.13,-0.06,85,-0.06,0.11,-0.24,NE,NE,NE,NE,175,183,,160,168,,34.17,38.32,,C+,B-,,160,168,,34.37,38.41,,C+,B,,62,82,,31.1,35.15,,Dist-,Dist,,NE,NE,,NE,NE,,NE,NE,,NE,NE,,NE,NE,,NE,NE,,,,,,,,,,,,,,,,,,,,,,,,,,,,,,,,,,,,,,,,,,,,,,,,,,,,,,,,154,156,,96.80%,96.80%,,154,156,,96.80%,96.80%,,22,26,,86.40%,92.30%,,NE,NE,,NE,NE,,NE,NE,,NE,NE,,12,8,,11,7,,31.54,35,,C,B-,,11,7,,31.59,35,,C,B-,,SUPP,6,,SUPP,34.75,,SUPP,Dist,,NE,NE,,NE,NE,,NE,NE,,NE,NE,,NE,NE,,NE,NE,,,,,,,,,,,,,,,,,,,,,,,,,,,,,,,,,,,,,,,,,,,,,,,,,,9,7,,100.00%,100.00%,,9,7,,100.00%,100.00%,,SUPP,SUPP,,SUPP,SUPP,,NE,NE,,NE,NE,,NE,NE,,NE,NE,,161,175,,148,161,,34.3,38.45,,C+,B,,148,161,,34.52,38.55,,C+,B,,SUPP,76,,SUPP,35.18,,SUPP,Dist,,NE,NE,,NE,NE,,NE,NE,,NE,NE,,NE,NE,,NE,NE,,,,,,,,,,,,,,,,,,,,,,,,,,,,,,,,,,,,,,,,,,,,,,,,,,144,149,,96.50%,96.60%,,144,149,,96.50%,96.60%,,SUPP,SUPP,,SUPP,SUPP,,NE,NE,,NE,NE,,NE,NE,,NE,NE
1,34364,25,4,919,4080,137110,E14001278,Hemel Hempstead,,Longdean School,Rumballs Rd,,,Hemel Hempstead,HP3 8JB,1442217277,0,ACC,Does not apply,NSE,OTHER NON SEL,MIXED,0, 11-18,0,,,R,,237,135,96,32.57,C+,52,35.9,B-,52,17.30%,99,32.57,C+,58,28.29,Merit+,5,SUPP,SUPP,5,SUPP,58,100.00%,,,,,,,,,83,95.20%,95.20%,83,95.20%,83,95.20%,95.20%,83,95.20%,31,83.90%,80.60%,31,80.60%,6,100.00%,83.30%,6,83.30%,NE,NE,NE,NE,NE,NE,NE,NE,21,7,29.44,C,7,29.8,C,SUPP,SUPP,SUPP,NE,NE,NE,,,,,SUPP,SUPP,SUPP,SUPP,9,66.70%,SUPP,SUPP,NE,NE,NE,NE,NE,113,88,33.07,C+,91,33.04,C+,SUPP,SUPP,SUPP,SUPP,SUPP,SUPP,,,,,SUPP,SUPP,SUPP,SUPP,22,90.90%,SUPP,SUPP,NE,NE,NE,NE,NE,243,-0.12,0.02,-0.25,3,265,-0.11,0.02,-0.24,3,82,-0.02,0.17,-0.21,3,SUPP,SUPP,SUPP,SUPP,NA,18,-0.46,0.05,-0.96,22,-0.38,0.1,-0.86,8,-0.31,0.29,-0.9,NE,NE,NE,NE,225,-0.09,0.05,-0.23,243,-0.09,0.05,-0.23,74,0.02,0.22,-0.18,SUPP,SUPP,SUPP,SUPP,84,101,,70,78,,31.1,31.73,,C,C+,,71,78,,30.84,31.76,,C,C+,,36,39,,26.52,29.81,,Merit,Merit+,,5,4,,SUPP,SUPP,,SUPP,SUPP,,NE,NE,,NE,NE,,NE,NE,,,,,,,,,,,,,,,,,,,,,,,,,,,,,,,,,,,,,,,,,,,,,,,,,,,,,,,,56,57,,96.40%,94.70%,,56,57,,96.40%,94.70%,,21,35,,95.20%,82.90%,,3,4,,SUPP,SUPP,,NE,NE,,NE,NE,,11,16,,8,10,,20,32.11,,D,C+,,8,10,,20,31.89,,D,C+,,SUPP,7,,SUPP,32.5,,SUPP,Dist-,,SUPP,NE,,SUPP,NE,,SUPP,NE,,NE,NE,,NE,NE,,NE,NE,,,,,,,,,,,,,,,,,,,,,,,,,,,,,,,,,,,,,,,,,,,,,,,,,,SUPP,7,,SUPP,85.70%,,SUPP,7,,SUPP,85.70%,,SUPP,6,,SUPP,66.70%,,SUPP,NE,,SUPP,NE,,NE,NE,,NE,NE,,71,85,,61,68,,32,31.69,,C+,C+,,62,68,,31.67,31.74,,C+,C+,,SUPP,32,,SUPP,29.25,,SUPP,Merit+,,SUPP,SUPP,,SUPP,SUPP,,SUPP,SUPP,,NE,NE,,NE,NE,,NE,NE,,,,,,,,,,,,,,,,,,,,,,,,,,,,,,,,,,,,,,,,,,,,,,,,,,SUPP,50,,SUPP,96.00%,,SUPP,50,,SUPP,96.00%,,SUPP,29,,SUPP,86.20%,,SUPP,SUPP,,SUPP,SUPP,,NE,NE,,NE,NE
1,15290,25,4,919,4025,144402,E14001496,South West Hertfordshire,,Croxley Danes School,Baldwins Lane,Croxley Green,,Rickmansworth,WD3 3LR,1923284483,0,F,None,NR,NA,MIXED,0, 11-18,0,,,R,,198,89,89,28.23,C-,71,29.77,C,71,7.00%,89,28.33,C-,19,25.75,Merit,NE,NE,NE,NE,NE,19,100.00%,,,,,,,,,69,100.00%,100.00%,69,100.00%,69,100.00%,100.00%,69,100.00%,20,95.00%,95.00%,20,95.00%,NE,NE,NE,NE,NE,NE,NE,NE,NE,NE,NE,NE,NE,6,6,17.5,D-,6,17.91,D-,SUPP,SUPP,SUPP,NE,NE,NE,,,,,SUPP,SUPP,SUPP,SUPP,SUPP,SUPP,NE,NE,NE,NE,NE,NE,NE,81,81,29.18,C,81,29.25,C,SUPP,SUPP,SUPP,NE,NE,NE,,,,,SUPP,SUPP,SUPP,SUPP,SUPP,SUPP,NE,NE,NE,NE,NE,NE,NE,247,-0.39,-0.26,-0.52,4,258,-0.39,-0.26,-0.52,4,20,-0.48,-0.13,-0.83,4,NE,NE,NE,NE,NA,16,-1,-0.48,-1.53,17,-0.98,-0.47,-1.5,SUPP,SUPP,SUPP,SUPP,NE,NE,NE,NE,231,-0.34,-0.21,-0.48,241,-0.35,-0.22,-0.48,SUPP,SUPP,SUPP,SUPP,NE,NE,NE,NE
1,15582,25,4,919,5407,136554,E14001284,Hertsmere,,Dame Alice Owen's School,Dugdale Hill Lane,,,Potters Bar,EN6 2DU,1707643441,0,ACC,None,NSE,OTHER NON SEL,MIXED,0, 11-18,0,,,R,,467,234,232,47.01,A-,232,46.74,A-,232,47.40%,232,47.09,A-,NE,NE,NE,NE,NE,NE,NE,NE,NE,NE,,,,,,,,,234,99.10%,99.10%,234,99.10%,234,99.10%,99.10%,234,99.10%,NE,NE,NE,NE,NE,NE,NE,NE,NE,NE,NE,NE,NE,NE,NE,NE,NE,NE,11,11,37.58,B-,11,37.58,B-,NE,NE,NE,NE,NE,NE,,,,,11,100.00%,11,100.00%,NE,NE,NE,NE,NE,NE,NE,NE,NE,221,219,47.45,A-,219,47.52,A-,NE,NE,NE,NE,NE,NE,,,,,221,99.10%,221,99.10%,NE,NE,NE,NE,NE,NE,NE,NE,NE,721,0.16,0.24,0.09,2,748,0.17,0.24,0.09,2,NE,NE,NE,NE,NA,NE,NE,NE,NE,NA,33,0,0.37,-0.38,33,0,0.37,-0.38,NE,NE,NE,NE,NE,NE,NE,NE,688,0.17,0.25,0.09,715,0.17,0.25,0.09,NE,NE,NE,NE,NE,NE,NE,NE,212,215,,209,212,,45.81,50.52,,A-,A,,209,212,,45.9,50.64,,A-,A,,NE,NE,,NE,NE,,NE,NE,,NE,NE,,NE,NE,,NE,NE,,NE,NE,,NE,NE,,NE,NE,,,,,,,,,,,,,,,,,,,,,,,,,,,,,,,,,,,,,,,,,,,,,,,,,,,,,,,,212,215,,98.60%,99.10%,,212,215,,98.60%,99.10%,,NE,NE,,NE,NE,,NE,NE,,NE,NE,,NE,NE,,NE,NE,,13,10,,13,10,,37.32,39.67,,B-,B,,13,10,,37.48,39.67,,B-,B,,NE,NE,,NE,NE,,NE,NE,,NE,NE,,NE,NE,,NE,NE,,NE,NE,,NE,NE,,NE,NE,,,,,,,,,,,,,,,,,,,,,,,,,,,,,,,,,,,,,,,,,,,,,,,,,,13,10,,100.00%,100.00%,,13,10,,100.00%,100.00%,,NE,NE,,NE,NE,,NE,NE,,NE,NE,,NE,NE,,NE,NE,,199,205,,196,202,,46.36,51.03,,A-,A,,196,202,,46.45,51.14,,A-,A,,NE,NE,,NE,NE,,NE,NE,,NE,NE,,NE,NE,,NE,NE,,NE,NE,,NE,NE,,NE,NE,,,,,,,,,,,,,,,,,,,,,,,,,,,,,,,,,,,,,,,,,,,,,,,,,,199,205,,98.50%,99.00%,,199,205,,98.50%,99.00%,,NE,NE,,NE,NE,,NE,NE,,NE,NE,,NE,NE,,NE,NE
1,62072,25,4,919,4017,140037,E14001516,Stevenage,,The Thomas Alleyne Academy,High Street,,,Stevenage,SG1 3BE,1438344344,0,AC,Does not apply,NSE,OTHER NON SEL,MIXED,0, 11-18,0,,,R,,121,57,56,29.85,C,29,31.84,C+,29,13.80%,56,29.85,C,28,30.39,Dist-,NE,NE,NE,NE,NE,28,100.00%,,,,,,,,,28,96.40%,96.40%,27,100.00%,28,96.40%,96.40%,27,100.00%,30,96.70%,96.70%,30,96.70%,NE,NE,NE,NE,NE,NE,NE,NE,NE,NE,NE,NE,NE,8,8,12.86,E+,8,12.86,E+,SUPP,SUPP,SUPP,NE,NE,NE,,,,,SUPP,SUPP,SUPP,SUPP,7,85.70%,NE,NE,NE,NE,NE,NE,NE,49,48,31.86,C+,48,31.86,C+,SUPP,SUPP,SUPP,NE,NE,NE,,,,,SUPP,SUPP,SUPP,SUPP,23,100.00%,NE,NE,NE,NE,NE,NE,NE,133,-0.02,0.16,-0.2,3,133,-0.02,0.16,-0.2,3,38,-0.35,-0.05,-0.65,4,NE,NE,NE,NE,NA,14,-0.89,-0.33,-1.45,14,-0.89,-0.33,-1.45,9,-0.41,0.21,-1.04,NE,NE,NE,NE,119,0.08,0.27,-0.11,119,0.08,0.27,-0.11,29,-0.33,0.01,-0.67,NE,NE,NE,NE,37,52,,30,51,,30.13,33.07,,C,C+,,30,51,,30.13,33.07,,C,C+,,11,3,,31.82,SUPP,,Dist-,SUPP,,NE,NE,,NE,NE,,NE,NE,,NE,NE,,NE,NE,,NE,NE,,,,,,,,,,,,,,,,,,,,,,,,,,,,,,,,,,,,,,,,,,,,,,,,,,,,,,,,25,50,,76.00%,98.00%,,25,50,,76.00%,98.00%,,12,2,,91.70%,SUPP,,NE,NE,,NE,NE,,NE,NE,,NE,NE,,SUPP,SUPP,,SUPP,SUPP,,SUPP,SUPP,,SUPP,SUPP,,SUPP,SUPP,,SUPP,SUPP,,SUPP,SUPP,,SUPP,NE,,SUPP,NE,,SUPP,NE,,NE,NE,,NE,NE,,NE,NE,,NE,NE,,NE,NE,,NE,NE,,,,,,,,,,,,,,,,,,,,,,,,,,,,,,,,,,,,,,,,,,,,,,,,,,SUPP,SUPP,,SUPP,SUPP,,SUPP,SUPP,,SUPP,SUPP,,SUPP,NE,,SUPP,NE,,NE,NE,,NE,NE,,NE,NE,,NE,NE,,SUPP,SUPP,,SUPP,SUPP,,SUPP,SUPP,,SUPP,SUPP,,SUPP,SUPP,,SUPP,SUPP,,SUPP,SUPP,,SUPP,SUPP,,SUPP,SUPP,,SUPP,SUPP,,NE,NE,,NE,NE,,NE,NE,,NE,NE,,NE,NE,,NE,NE,,,,,,,,,,,,,,,,,,,,,,,,,,,,,,,,,,,,,,,,,,,,,,,,,,SUPP,SUPP,,SUPP,SUPP,,SUPP,SUPP,,SUPP,SUPP,,SUPP,SUPP,,SUPP,SUPP,,NE,NE,,NE,NE,,NE,NE,,NE,NE
1,57696,25,4,919,6047,117622,E14001573,Welwyn Hatfield,,Sherrardswood School,Lockleys,,,Welwyn,AL6 0BJ,1438714282,0,IND,Unknown,,NA,MIXED,0, 3-19,0,,,R,,71,37,33,31.14,C,25,30.67,C,25,8.00%,34,31.32,C,8,26.67,Merit+,NE,NE,NE,NE,NE,8,100.00%,,,,,,,,,NA,NA,NA,NA,NA,NA,NA,NA,NA,NA,NA,NA,NA,NA,NA,NA,NA,NA,NA,NA,NE,NE,NE,NA,NA,NA,NE,NE,NA,NA,NA,NA,NA,NA,NA,NA,NA,NA,NA,NA,NA,,,,,NA,NA,NA,NA,NA,NA,NA,NA,NA,NA,NA,NA,NA,NA,NA,NA,NA,NA,NA,NA,NA,NA,NA,NA,NA,NA,,,,,NA,NA,NA,NA,NA,NA,NA,NA,NA,NA,NA,NA,NA,85,0.25,0.47,0.03,2,89,0.26,0.48,0.04,2,8,0.3,0.93,-0.34,3,NE,NE,NE,NE,NA,NA,NA,NA,NA,NA,NA,NA,NA,NA,NA,NA,NA,NA,NA,NA,NA,NA,NA,NA,NA,NA,NA,NA,NA,NA,NA,NA,NA,NA,NA,NA,NA,33,29,,31,28,,31.47,34.85,,C,C+,,31,28,,31.6,34.83,,C,C+,,3,1,,SUPP,SUPP,,SUPP,SUPP,,NE,NE,,NE,NE,,NE,NE,,NE,NE,,NE,NE,,NE,NE,,,,,,,,,,,,,,,,,,,,,,,,,,,,,,,,,,,,,,,,,,,,,,,,,,,,,,,,NA,NA,,NA,NA,,NA,NA,,NA,NA,,NA,NA,,NA,NA,,NA,NA,,NA,NA,,NA,NA,,NA,NA,,NA,NA,,NA,NA,,NA,NA,,NA,NA,,NA,NA,,NA,NA,,NA,NA,,NA,NA,,NA,NA,,NA,NA,,NA,NA,,NA,NA,,NA,NA,,NA,NA,,NA,NA,,NA,NA,,,,,,,,,,,,,,,,,,,,,,,,,,,,,,,,,,,,,,,,,,,,,,,,,,NA,NA,,NA,NA,,NA,NA,,NA,NA,,NA,NA,,NA,NA,,NA,NA,,NA,NA,,NA,NA,,NA,NA,,NA,NA,,NA,NA,,NA,NA,,NA,NA,,NA,NA,,NA,NA,,NA,NA,,NA,NA,,NA,NA,,NA,NA,,NA,NA,,NA,NA,,NA,NA,,NA,NA,,NA,NA,,NA,NA,,,,,,,,,,,,,,,,,,,,,,,,,,,,,,,,,,,,,,,,,,,,,,,,,,NA,NA,,NA,NA,,NA,NA,,NA,NA,,NA,NA,,NA,NA,,NA,NA,,NA,NA,,NA,NA,,NA,NA
1,43652,25,4,919,5404,136899,E14001496,South West Hertfordshire,,Parmiter's School,High Elms Lane,Garston,,Watford,WD25 0UU,1923671424,0,ACC,None,NSE,OTHER NON SEL,MIXED,0, 11-18,0,,,R,,389,192,187,42.51,B+,187,42.41,B+,187,38.00%,187,42.51,B+,NE,NE,NE,NE,NE,NE,NE,NE,NE,NE,,,,,,,,,191,97.90%,97.90%,191,97.90%,191,97.90%,97.90%,191,97.90%,NE,NE,NE,NE,NE,NE,NE,NE,NE,NE,NE,NE,NE,NE,NE,NE,NE,NE,SUPP,SUPP,SUPP,SUPP,SUPP,SUPP,SUPP,NE,NE,NE,NE,NE,NE,,,,,SUPP,SUPP,SUPP,SUPP,NE,NE,NE,NE,NE,NE,NE,NE,NE,SUPP,SUPP,SUPP,SUPP,SUPP,SUPP,SUPP,NE,NE,NE,NE,NE,NE,,,,,SUPP,SUPP,SUPP,SUPP,NE,NE,NE,NE,NE,NE,NE,NE,NE,566,0.11,0.2,0.02,2,566,0.11,0.2,0.02,2,NE,NE,NE,NE,NA,NE,NE,NE,NE,NA,15,-0.81,-0.25,-1.37,15,-0.81,-0.25,-1.37,NE,NE,NE,NE,NE,NE,NE,NE,551,0.14,0.23,0.05,551,0.14,0.23,0.05,NE,NE,NE,NE,NE,NE,NE,NE,186,196,,184,193,,41.73,46.28,,B+,A-,,184,193,,41.92,46.37,,B+,A-,,NE,NE,,NE,NE,,NE,NE,,NE,NE,,NE,NE,,NE,NE,,NE,NE,,NE,NE,,NE,NE,,,,,,,,,,,,,,,,,,,,,,,,,,,,,,,,,,,,,,,,,,,,,,,,,,,,,,,,186,195,,98.90%,99.00%,,186,195,,98.90%,99.00%,,NE,NE,,NE,NE,,NE,NE,,NE,NE,,NE,NE,,NE,NE,,SUPP,9,,SUPP,9,,SUPP,41.48,,SUPP,B,,SUPP,9,,SUPP,41.47,,SUPP,B,,NE,NE,,NE,NE,,NE,NE,,NE,NE,,NE,NE,,NE,NE,,NE,NE,,NE,NE,,NE,NE,,,,,,,,,,,,,,,,,,,,,,,,,,,,,,,,,,,,,,,,,,,,,,,,,,SUPP,9,,SUPP,100.00%,,SUPP,9,,SUPP,100.00%,,NE,NE,,NE,NE,,NE,NE,,NE,NE,,NE,NE,,NE,NE,,SUPP,184,,SUPP,181,,SUPP,46.65,,SUPP,A-,,SUPP,181,,SUPP,46.75,,SUPP,A-,,NE,NE,,NE,NE,,NE,NE,,NE,NE,,NE,NE,,NE,NE,,NE,NE,,NE,NE,,NE,NE,,,,,,,,,,,,,,,,,,,,,,,,,,,,,,,,,,,,,,,,,,,,,,,,,,SUPP,183,,SUPP,98.90%,,SUPP,183,,SUPP,98.90%,,NE,NE,,NE,NE,,NE,NE,,NE,NE,,NE,NE,,NE,NE
1,3924,25,4,919,4026,144623,E14001516,Stevenage,,Barclay Academy,Walkern Road,,,Stevenage,SG1 3RB,1438748459,0,AC,Does not apply,NSE,OTHER NON SEL,MIXED,0, 11-18,0,,,R,,101,51,39,33.56,C+,27,34.2,C+,27,3.70%,39,33.56,C+,12,31.54,Dist-,NE,NE,NE,NE,NE,12,100.00%,,,,,,,,,46,91.30%,82.60%,46,82.60%,46,91.30%,82.60%,46,82.60%,5,SUPP,SUPP,5,SUPP,NE,NE,NE,NE,NE,NE,NE,NE,NE,NE,NE,NE,NE,7,6,35.48,B-,6,35.48,B-,SUPP,SUPP,SUPP,NE,NE,NE,,,,,6,100.00%,6,100.00%,SUPP,SUPP,NE,NE,NE,NE,NE,NE,NE,41,30,34.23,C+,30,34.23,C+,SUPP,SUPP,SUPP,NE,NE,NE,,,,,37,89.20%,37,89.20%,SUPP,SUPP,NE,NE,NE,NE,NE,NE,NE,94,0.25,0.45,0.04,2,94,0.25,0.45,0.04,2,13,-0.16,0.27,-0.6,3,NE,NE,NE,NE,NA,16,0.04,0.55,-0.46,16,0.04,0.55,-0.46,SUPP,SUPP,SUPP,SUPP,NE,NE,NE,NE,78,0.29,0.52,0.06,78,0.29,0.52,0.06,SUPP,SUPP,SUPP,SUPP,NE,NE,NE,NE,30,54,,29,49,,27.97,34.29,,C-,C+,,29,49,,27.97,34.82,,C-,C+,,7,22,,22.78,38.09,,Merit-,Dist+,,NE,NE,,NE,NE,,NE,NE,,NE,NE,,NE,NE,,NE,NE,,,,,,,,,,,,,,,,,,,,,,,,,,,,,,,,,,,,,,,,,,,,,,,,,,,,,,,,27,40,,100.00%,95.00%,,27,40,,100.00%,95.00%,,3,14,,SUPP,85.70%,,NE,NE,,NE,NE,,NE,NE,,NE,NE,,SUPP,10,,SUPP,9,,SUPP,32.73,,SUPP,C+,,SUPP,9,,SUPP,32.73,,SUPP,C+,,NE,SUPP,,NE,SUPP,,NE,SUPP,,NE,NE,,NE,NE,,NE,NE,,NE,NE,,NE,NE,,NE,NE,,,,,,,,,,,,,,,,,,,,,,,,,,,,,,,,,,,,,,,,,,,,,,,,,,SUPP,9,,SUPP,100.00%,,SUPP,9,,SUPP,100.00%,,NE,SUPP,,NE,SUPP,,NE,NE,,NE,NE,,NE,NE,,NE,NE,,SUPP,44,,SUPP,40,,SUPP,34.67,,SUPP,C+,,SUPP,40,,SUPP,35.3,,SUPP,B-,,7,SUPP,,22.78,SUPP,,Merit-,SUPP,,NE,NE,,NE,NE,,NE,NE,,NE,NE,,NE,NE,,NE,NE,,,,,,,,,,,,,,,,,,,,,,,,,,,,,,,,,,,,,,,,,,,,,,,,,,SUPP,31,,SUPP,93.50%,,SUPP,31,,SUPP,93.50%,,SUPP,SUPP,,SUPP,SUPP,,NE,NE,,NE,NE,,NE,NE,,NE,NE
1,48274,25,4,919,4070,136973,E14001268,Harpenden and Berkhamsted,,Roundwood Park School,Roundwood Park,,,Harpenden,AL5 3AE,1582765344,0,ACC,None,NSE,OTHER NON SEL,MIXED,0, 11-18,0,,,R,,366,173,165,38.27,B-,129,39.1,B,129,21.70%,166,38.14,B-,81,33.04,Dist-,NE,NE,NE,NE,NE,81,100.00%,,,,,,,,,150,97.30%,97.30%,150,97.30%,150,97.30%,97.30%,150,97.30%,23,91.30%,91.30%,23,91.30%,NE,NE,NE,NE,NE,NE,NE,NE,NE,NE,NE,NE,NE,10,10,31.2,C,10,31.11,C,SUPP,SUPP,SUPP,NE,NE,NE,,,,,8,100.00%,8,100.00%,SUPP,SUPP,NE,NE,NE,NE,NE,NE,NE,162,154,38.79,B,155,38.67,B,SUPP,SUPP,SUPP,NE,NE,NE,,,,,141,97.20%,141,97.20%,SUPP,SUPP,NE,NE,NE,NE,NE,NE,NE,447,0.12,0.22,0.02,2,490,0.11,0.2,0.01,2,108,0.08,0.25,-0.1,3,NE,NE,NE,NE,NA,25,-0.34,0.09,-0.77,29,-0.35,0.06,-0.76,6,-0.26,0.46,-0.98,NE,NE,NE,NE,422,0.15,0.25,0.05,461,0.13,0.23,0.04,102,0.1,0.29,-0.08,NE,NE,NE,NE,179,173,,164,165,,40.44,44.16,,B,B+,,164,165,,40.55,43.95,,B,B+,,72,40,,30.52,37.99,,Dist-,Dist+,,NE,NE,,NE,NE,,NE,NE,,NE,NE,,NE,NE,,NE,NE,,,,,,,,,,,,,,,,,,,,,,,,,,,,,,,,,,,,,,,,,,,,,,,,,,,,,,,,151,153,,97.40%,100.00%,,151,153,,97.40%,100.00%,,28,20,,89.30%,100.00%,,NE,NE,,NE,NE,,NE,NE,,NE,NE,,9,13,,7,12,,31.33,32.41,,C,C+,,7,12,,30.75,32.37,,C,C+,,6,7,,28.11,36.5,,Merit+,Dist,,NE,NE,,NE,NE,,NE,NE,,NE,NE,,NE,NE,,NE,NE,,,,,,,,,,,,,,,,,,,,,,,,,,,,,,,,,,,,,,,,,,,,,,,,,,SUPP,11,,SUPP,100.00%,,SUPP,11,,SUPP,100.00%,,SUPP,SUPP,,SUPP,SUPP,,NE,NE,,NE,NE,,NE,NE,,NE,NE,,169,160,,156,153,,40.87,44.94,,B,B+,,156,153,,41.01,44.71,,B,B+,,65,33,,30.81,38.25,,Dist-,Dist+,,NE,NE,,NE,NE,,NE,NE,,NE,NE,,NE,NE,,NE,NE,,,,,,,,,,,,,,,,,,,,,,,,,,,,,,,,,,,,,,,,,,,,,,,,,,SUPP,142,,SUPP,100.00%,,SUPP,142,,SUPP,100.00%,,SUPP,SUPP,,SUPP,SUPP,,NE,NE,,NE,NE,,NE,NE,,NE,NE
1,21102,25,4,919,4141,137002,E14001393,North East Hertfordshire,,Freman College,Bowling Green Lane,,,Buntingford,SG9 9BT,1763271818,0,ACC,None,NSE,OTHER NON SEL,MIXED,0, 13-18,0,,,R,,232,137,116,39.09,B,93,40.39,B,93,28.00%,116,39.27,B,76,30.47,Dist-,22,36.31,Dist,22,100.00%,76,100.00%,,,,,,,,,96,95.80%,95.80%,96,95.80%,96,95.80%,95.80%,96,95.80%,18,77.80%,77.80%,18,72.20%,20,95.00%,95.00%,20,95.00%,NE,NE,NE,NE,NE,NE,NE,NE,8,7,34.12,C+,7,34.66,C+,SUPP,SUPP,SUPP,SUPP,SUPP,SUPP,,,,,SUPP,SUPP,SUPP,SUPP,SUPP,SUPP,NE,NE,NE,NE,NE,NE,NE,129,109,39.36,B,109,39.53,B,SUPP,SUPP,SUPP,SUPP,SUPP,SUPP,,,,,SUPP,SUPP,SUPP,SUPP,SUPP,SUPP,20,95.00%,NE,NE,NE,NE,NE,322,0.39,0.51,0.27,1,344,0.39,0.51,0.28,1,81,0.24,0.44,0.05,2,22,0.25,0.68,-0.17,3,17,0.58,1.09,0.07,19,0.61,1.11,0.12,SUPP,SUPP,SUPP,SUPP,SUPP,SUPP,SUPP,SUPP,305,0.38,0.5,0.26,325,0.38,0.5,0.26,SUPP,SUPP,SUPP,SUPP,SUPP,SUPP,SUPP,SUPP,124,114,,109,99,,37.18,40.66,,B-,B,,109,99,,37.48,40.8,,B-,B,,75,21,,32.99,36.46,,Dist-,Dist,,24,16,,31.58,35.47,,Dist-,Dist,,NE,NE,,NE,NE,,NE,NE,,,,,,,,,,,,,,,,,,,,,,,,,,,,,,,,,,,,,,,,,,,,,,,,,,,,,,,,77,82,,98.70%,97.60%,,77,82,,98.70%,97.60%,,29,14,,86.20%,100.00%,,19,16,,100.00%,93.80%,,NE,NE,,NE,NE,,SUPP,7,,SUPP,SUPP,,SUPP,SUPP,,SUPP,SUPP,,SUPP,SUPP,,SUPP,SUPP,,SUPP,SUPP,,SUPP,SUPP,,SUPP,SUPP,,SUPP,SUPP,,SUPP,SUPP,,SUPP,SUPP,,SUPP,SUPP,,NE,NE,,NE,NE,,NE,NE,,,,,,,,,,,,,,,,,,,,,,,,,,,,,,,,,,,,,,,,,,,,,,,,,,SUPP,SUPP,,SUPP,SUPP,,SUPP,SUPP,,SUPP,SUPP,,SUPP,SUPP,,SUPP,SUPP,,SUPP,SUPP,,SUPP,SUPP,,NE,NE,,NE,NE,,SUPP,107,,SUPP,SUPP,,SUPP,SUPP,,SUPP,SUPP,,SUPP,SUPP,,SUPP,SUPP,,SUPP,SUPP,,SUPP,SUPP,,SUPP,SUPP,,SUPP,SUPP,,SUPP,SUPP,,SUPP,SUPP,,SUPP,SUPP,,NE,NE,,NE,NE,,NE,NE,,,,,,,,,,,,,,,,,,,,,,,,,,,,,,,,,,,,,,,,,,,,,,,,,,SUPP,SUPP,,SUPP,SUPP,,SUPP,SUPP,,SUPP,SUPP,,SUPP,SUPP,,SUPP,SUPP,,SUPP,SUPP,,SUPP,SUPP,,NE,NE,,NE,NE
1,21386,25,4,919,6905,135876,E14001568,Watford,,Future Academies Watford,Horseshoe Lane,Garston,,Watford,WD25 7HW,1923672964,0,AC,Does not apply,NSE,OTHER NON SEL,MIXED,0, 11-18,0,,,R,,76,49,43,31.58,C,42,30.08,C,42,9.50%,43,31.58,C,2,SUPP,SUPP,NE,NE,NE,NE,NE,2,SUPP,,,,,,,,,44,97.70%,97.70%,44,97.70%,44,97.70%,97.70%,44,97.70%,5,SUPP,SUPP,5,SUPP,NE,NE,NE,NE,NE,NE,NE,NE,NE,NE,NE,NE,NE,8,6,27.22,C-,6,27.22,C-,NE,NE,NE,NE,NE,NE,,,,,6,100.00%,6,100.00%,SUPP,SUPP,NE,NE,NE,NE,NE,NE,NE,41,37,32.35,C+,37,32.35,C+,SUPP,SUPP,SUPP,NE,NE,NE,,,,,38,97.40%,38,97.40%,SUPP,SUPP,NE,NE,NE,NE,NE,NE,NE,117,0.19,0.38,0,3,117,0.19,0.38,0,3,SUPP,SUPP,SUPP,SUPP,NA,NE,NE,NE,NE,NA,15,0.21,0.8,-0.37,15,0.21,0.8,-0.37,NE,NE,NE,NE,NE,NE,NE,NE,102,0.19,0.38,-0.01,102,0.19,0.38,-0.01,SUPP,SUPP,SUPP,SUPP,NE,NE,NE,NE,58,52,,53,43,,18.21,29.71,,D-,C,,53,43,,18.21,29.71,,D-,C,,19,29,,20,27.67,,Merit-,Merit+,,NE,NE,,NE,NE,,NE,NE,,NE,NE,,NE,NE,,NE,NE,,,,,,,,,,,,,,,,,,,,,,,,,,,,,,,,,,,,,,,,,,,,,,,,,,,,,,,,36,20,,94.40%,95.00%,,36,20,,94.40%,95.00%,,22,33,,90.90%,87.90%,,NE,NE,,NE,NE,,NE,NE,,NE,NE,,12,11,,11,9,,20,32.11,,D,C+,,11,9,,20,32.11,,D,C+,,SUPP,8,,SUPP,30.91,,SUPP,Dist-,,NE,NE,,NE,NE,,NE,NE,,NE,NE,,NE,NE,,NE,NE,,,,,,,,,,,,,,,,,,,,,,,,,,,,,,,,,,,,,,,,,,,,,,,,,,6,SUPP,,100.00%,SUPP,,6,SUPP,,100.00%,SUPP,,6,9,,83.30%,88.90%,,NE,NE,,NE,NE,,NE,NE,,NE,NE,,46,40,,42,33,,17.78,29.26,,D-,C,,42,33,,17.78,29.26,,D-,C,,SUPP,21,,SUPP,26.56,,SUPP,Merit,,NE,NE,,NE,NE,,NE,NE,,NE,NE,,NE,NE,,NE,NE,,,,,,,,,,,,,,,,,,,,,,,,,,,,,,,,,,,,,,,,,,,,,,,,,,30,SUPP,,93.30%,SUPP,,30,SUPP,,93.30%,SUPP,,16,24,,93.80%,87.50%,,NE,NE,,NE,NE,,NE,NE,,NE,NE
1,4672,25,4,919,4043,138286,E14001507,St Albans,,Beaumont School,Austen Way,,,St Albans,AL4 0XB,1727854726,0,ACC,Does not apply,NSE,OTHER NON SEL,MIXED,0, 11-18,0,,,R,,484,245,231,40.93,B,207,41.06,B,207,30.00%,233,40.96,B,34,29.53,Merit+,6,34.17,Dist,7,85.70%,36,97.20%,,,,,,,,,237,97.00%,97.00%,237,97.00%,237,97.00%,97.00%,237,97.00%,8,75.00%,62.50%,8,75.00%,2,SUPP,SUPP,2,SUPP,NE,NE,NE,NE,NE,NE,NE,NE,13,10,36,B-,10,36.04,B-,SUPP,SUPP,SUPP,SUPP,SUPP,SUPP,,,,,11,90.90%,11,90.90%,SUPP,SUPP,SUPP,SUPP,NE,NE,NE,NE,NE,228,218,41.06,B,220,41.1,B,SUPP,SUPP,SUPP,SUPP,SUPP,SUPP,,,,,222,97.70%,222,97.70%,SUPP,SUPP,SUPP,SUPP,NE,NE,NE,NE,NE,665,0.21,0.29,0.13,2,684,0.2,0.28,0.13,2,39,-0.4,-0.12,-0.68,4,SUPP,SUPP,SUPP,SUPP,NA,30,0.05,0.46,-0.36,31,0.05,0.46,-0.36,SUPP,SUPP,SUPP,SUPP,SUPP,SUPP,SUPP,SUPP,635,0.21,0.3,0.13,653,0.21,0.29,0.13,SUPP,SUPP,SUPP,SUPP,SUPP,SUPP,SUPP,SUPP,220,240,,205,234,,39.87,42.6,,B,B+,,205,234,,39.8,42.61,,B,B+,,38,47,,32.91,29.89,,Dist-,Merit+,,11,19,,40,41.05,,Dist+,Dist+,,NE,NE,,NE,NE,,NE,NE,,,,,,,,,,,,,,,,,,,,,,,,,,,,,,,,,,,,,,,,,,,,,,,,,,,,,,,,206,216,,95.60%,99.10%,,206,216,,95.60%,99.10%,,9,25,,88.90%,100.00%,,2,NE,,SUPP,NE,,NE,NE,,NE,NE,,17,20,,15,20,,35.85,34.9,,B-,C+,,15,20,,35.48,34.9,,B-,C+,,SUPP,7,,SUPP,30.63,,SUPP,Dist-,,SUPP,SUPP,,SUPP,SUPP,,SUPP,SUPP,,NE,NE,,NE,NE,,NE,NE,,,,,,,,,,,,,,,,,,,,,,,,,,,,,,,,,,,,,,,,,,,,,,,,,,15,19,,100.00%,100.00%,,15,19,,100.00%,100.00%,,SUPP,SUPP,,SUPP,SUPP,,NE,NE,,NE,NE,,NE,NE,,NE,NE,,202,219,,189,213,,40.23,43.33,,B,B+,,189,213,,40.2,43.33,,B,B+,,SUPP,40,,SUPP,29.78,,SUPP,Merit+,,SUPP,SUPP,,SUPP,SUPP,,SUPP,SUPP,,NE,NE,,NE,NE,,NE,NE,,,,,,,,,,,,,,,,,,,,,,,,,,,,,,,,,,,,,,,,,,,,,,,,,,190,195,,95.30%,99.50%,,190,195,,95.30%,99.50%,,SUPP,SUPP,,SUPP,SUPP,,SUPP,NE,,SUPP,NE,,NE,NE,,NE,NE
1,41926,25,4,919,4035,147535,E14001573,Welwyn Hatfield,,Onslow St Audrey's School,Old Rectory Drive,,,Hatfield,AL10 8AB,1707264228,0,ACC,Unknown,NR,NA,MIXED,0, 11-18,0,,,R,,68,34,28,26.23,C-,19,26.67,C-,19,5.30%,29,26.35,C-,24,31.84,Dist-,NE,NE,NE,NE,NE,24,100.00%,,,,,,,,,23,95.70%,95.70%,23,95.70%,23,95.70%,95.70%,23,95.70%,11,81.80%,81.80%,11,81.80%,NE,NE,NE,NE,NE,NE,NE,NE,NE,NE,NE,NE,NE,7,SUPP,SUPP,SUPP,SUPP,SUPP,SUPP,SUPP,SUPP,SUPP,NE,NE,NE,,,,,SUPP,SUPP,SUPP,SUPP,SUPP,SUPP,NE,NE,NE,NE,NE,NE,NE,27,SUPP,SUPP,SUPP,SUPP,SUPP,SUPP,SUPP,SUPP,SUPP,NE,NE,NE,,,,,SUPP,SUPP,SUPP,SUPP,SUPP,SUPP,NE,NE,NE,NE,NE,NE,NE,69,-0.5,-0.24,-0.76,4,71,-0.49,-0.24,-0.75,4,32,0.1,0.41,-0.22,3,NE,NE,NE,NE,NA,12,-0.93,-0.29,-1.57,12,-0.93,-0.29,-1.57,8,0.45,1.1,-0.19,NE,NE,NE,NE,57,-0.41,-0.13,-0.69,59,-0.4,-0.12,-0.68,24,0,0.36,-0.36,NE,NE,NE,NE,57,52,,48,35,,29.2,32.78,,C,C+,,48,36,,29.2,32.82,,C,C+,,24,26,,31.44,33.77,,Dist-,Dist,,5,3,,SUPP,SUPP,,SUPP,SUPP,,NE,NE,,NE,NE,,NE,NE,,,,,,,,,,,,,,,,,,,,,,,,,,,,,,,,,,,,,,,,,,,,,,,,,,,,,,,,41,28,,92.70%,100.00%,,41,28,,92.70%,100.00%,,10,18,,100.00%,94.40%,,6,4,,83.30%,SUPP,,NE,NE,,NE,NE,,7,12,,SUPP,6,,SUPP,32.5,,SUPP,C+,,SUPP,6,,SUPP,32.5,,SUPP,C+,,SUPP,SUPP,,SUPP,SUPP,,SUPP,SUPP,,NE,SUPP,,NE,SUPP,,NE,SUPP,,NE,NE,,NE,NE,,NE,NE,,,,,,,,,,,,,,,,,,,,,,,,,,,,,,,,,,,,,,,,,,,,,,,,,,SUPP,SUPP,,SUPP,SUPP,,SUPP,SUPP,,SUPP,SUPP,,SUPP,SUPP,,SUPP,SUPP,,SUPP,SUPP,,SUPP,SUPP,,NE,NE,,NE,NE,,50,40,,SUPP,29,,SUPP,32.85,,SUPP,C+,,SUPP,30,,SUPP,32.9,,SUPP,C+,,SUPP,SUPP,,SUPP,SUPP,,SUPP,SUPP,,SUPP,SUPP,,SUPP,SUPP,,SUPP,SUPP,,NE,NE,,NE,NE,,NE,NE,,,,,,,,,,,,,,,,,,,,,,,,,,,,,,,,,,,,,,,,,,,,,,,,,,SUPP,SUPP,,SUPP,SUPP,,SUPP,SUPP,,SUPP,SUPP,,SUPP,SUPP,,SUPP,SUPP,,SUPP,SUPP,,SUPP,SUPP,,NE,NE,,NE,NE
1,23908,25,4,919,6221,117648,E14001284,Hertsmere,,Haberdashers' Boys' School,Butterfly Lane,Elstree,Hertfordshire,,WD6 3AF,2082661850,0,IND,None,,NA,BOYS,0, 4-18,0,,,R,,321,162,161,50.69,A,135,51.33,A,135,68.90%,161,50.69,A,NE,NE,NE,NE,NE,NE,NE,NE,NE,NE,,,,,,,,,NA,NA,NA,NA,NA,NA,NA,NA,NA,NA,NA,NA,NA,NA,NA,NA,NA,NA,NA,NA,NE,NE,NE,NA,NA,NA,NE,NE,NA,NA,NA,NA,NA,NA,NA,NA,NA,NA,NA,NA,NA,,,,,NA,NA,NA,NA,NA,NA,NA,NA,NA,NA,NA,NA,NA,NA,NA,NA,NA,NA,NA,NA,NA,NA,NA,NA,NA,NA,,,,,NA,NA,NA,NA,NA,NA,NA,NA,NA,NA,NA,NA,NA,487,0.25,0.35,0.15,2,487,0.25,0.35,0.15,2,NE,NE,NE,NE,NA,NE,NE,NE,NE,NA,NA,NA,NA,NA,NA,NA,NA,NA,NA,NA,NA,NA,NA,NA,NA,NA,NA,NA,NA,NA,NA,NA,NA,NA,NA,NA,NA,NA,NA,NA,NA,NA,156,161,,156,160,,52.3,53.25,,A+,A+,,156,160,,52.3,53.25,,A+,A+,,NE,NE,,NE,NE,,NE,NE,,NE,NE,,NE,NE,,NE,NE,,NE,NE,,NE,NE,,NE,NE,,,,,,,,,,,,,,,,,,,,,,,,,,,,,,,,,,,,,,,,,,,,,,,,,,,,,,,,NA,NA,,NA,NA,,NA,NA,,NA,NA,,NA,NA,,NA,NA,,NA,NA,,NA,NA,,NA,NA,,NA,NA,,NA,NA,,NA,NA,,NA,NA,,NA,NA,,NA,NA,,NA,NA,,NA,NA,,NA,NA,,NA,NA,,NA,NA,,NA,NA,,NA,NA,,NA,NA,,NA,NA,,NA,NA,,NA,NA,,,,,,,,,,,,,,,,,,,,,,,,,,,,,,,,,,,,,,,,,,,,,,,,,,NA,NA,,NA,NA,,NA,NA,,NA,NA,,NA,NA,,NA,NA,,NA,NA,,NA,NA,,NA,NA,,NA,NA,,NA,NA,,NA,NA,,NA,NA,,NA,NA,,NA,NA,,NA,NA,,NA,NA,,NA,NA,,NA,NA,,NA,NA,,NA,NA,,NA,NA,,NA,NA,,NA,NA,,NA,NA,,NA,NA,,,,,,,,,,,,,,,,,,,,,,,,,,,,,,,,,,,,,,,,,,,,,,,,,,NA,NA,,NA,NA,,NA,NA,,NA,NA,,NA,NA,,NA,NA,,NA,NA,,NA,NA,,NA,NA,,NA,NA
1,47594,25,4,919,4024,143131,E14001139,Broxbourne,,Robert Barclay Academy,Cock Lane,,,Hoddesdon,EN11 8JY,1992410800,0,AC,Does not apply,NA,NA,MIXED,0, 11-18,0,,,R,,98,45,34,27.31,C-,19,28.25,C-,19,0.00%,34,27.38,C-,22,28.24,Merit+,NE,NE,NE,NE,NE,22,100.00%,,,,,,,,,28,89.30%,89.30%,28,89.30%,28,89.30%,89.30%,28,89.30%,17,82.40%,82.40%,17,82.40%,NE,NE,NE,NE,NE,NE,NE,NE,NE,NE,NE,NE,NE,SUPP,SUPP,SUPP,SUPP,SUPP,SUPP,SUPP,SUPP,SUPP,SUPP,NE,NE,NE,,,,,SUPP,SUPP,SUPP,SUPP,SUPP,SUPP,NE,NE,NE,NE,NE,NE,NE,SUPP,SUPP,SUPP,SUPP,SUPP,SUPP,SUPP,SUPP,SUPP,SUPP,NE,NE,NE,,,,,SUPP,SUPP,SUPP,SUPP,SUPP,SUPP,NE,NE,NE,NE,NE,NE,NE,78,-0.27,-0.05,-0.49,4,81,-0.27,-0.05,-0.49,4,42,-0.39,-0.15,-0.64,4,NE,NE,NE,NE,NA,7,0.54,1.34,-0.27,8,0.52,1.29,-0.26,SUPP,SUPP,SUPP,SUPP,NE,NE,NE,NE,71,-0.35,-0.12,-0.58,73,-0.35,-0.12,-0.58,SUPP,SUPP,SUPP,SUPP,NE,NE,NE,NE,30,41,,24,35,,28.57,31.2,,C,C,,24,35,,28.57,31.23,,C,C,,17,20,,33.08,29.43,,Dist-,Merit+,,NE,NE,,NE,NE,,NE,NE,,NE,NE,,NE,NE,,NE,NE,,,,,,,,,,,,,,,,,,,,,,,,,,,,,,,,,,,,,,,,,,,,,,,,,,,,,,,,21,36,,90.50%,86.10%,,21,36,,90.50%,86.10%,,8,5,,87.50%,SUPP,,NE,NE,,NE,NE,,NE,NE,,NE,NE,,SUPP,SUPP,,SUPP,SUPP,,SUPP,SUPP,,SUPP,SUPP,,SUPP,SUPP,,SUPP,SUPP,,SUPP,SUPP,,SUPP,SUPP,,SUPP,SUPP,,SUPP,SUPP,,NE,NE,,NE,NE,,NE,NE,,NE,NE,,NE,NE,,NE,NE,,,,,,,,,,,,,,,,,,,,,,,,,,,,,,,,,,,,,,,,,,,,,,,,,,SUPP,SUPP,,SUPP,SUPP,,SUPP,SUPP,,SUPP,SUPP,,SUPP,SUPP,,SUPP,SUPP,,NE,NE,,NE,NE,,NE,NE,,NE,NE,,SUPP,SUPP,,SUPP,SUPP,,SUPP,SUPP,,SUPP,SUPP,,SUPP,SUPP,,SUPP,SUPP,,SUPP,SUPP,,SUPP,SUPP,,SUPP,SUPP,,SUPP,SUPP,,NE,NE,,NE,NE,,NE,NE,,NE,NE,,NE,NE,,NE,NE,,,,,,,,,,,,,,,,,,,,,,,,,,,,,,,,,,,,,,,,,,,,,,,,,,SUPP,SUPP,,SUPP,SUPP,,SUPP,SUPP,,SUPP,SUPP,,SUPP,SUPP,,SUPP,SUPP,,NE,NE,,NE,NE,,NE,NE,,NE,NE
1,11730,25,4,919,4498,137090,E14001283,Hertford and Stortford,,The Chauncy School,Park Road,,,Ware,SG12 0DP,1920411200,0,ACC,None,NSE,OTHER NON SEL,MIXED,0, 11-18,0,,,R,,260,111,86,37.63,B-,56,38.93,B,56,16.10%,88,38.03,B-,46,32.61,Dist-,NE,NE,NE,NE,NE,46,100.00%,,,,,,,,,73,97.30%,93.20%,73,93.20%,73,97.30%,93.20%,73,93.20%,36,97.20%,91.70%,36,91.70%,NE,NE,NE,NE,NE,NE,NE,NE,NE,NE,NE,NE,NE,6,SUPP,SUPP,SUPP,SUPP,SUPP,SUPP,SUPP,SUPP,SUPP,NE,NE,NE,,,,,SUPP,SUPP,SUPP,SUPP,SUPP,SUPP,NE,NE,NE,NE,NE,NE,NE,103,SUPP,SUPP,SUPP,SUPP,SUPP,SUPP,SUPP,SUPP,SUPP,NE,NE,NE,,,,,SUPP,SUPP,SUPP,SUPP,SUPP,SUPP,NE,NE,NE,NE,NE,NE,NE,204,0.33,0.47,0.19,2,247,0.37,0.5,0.23,2,61,0.1,0.3,-0.11,3,NE,NE,NE,NE,NA,7,-0.5,0.32,-1.32,9,-0.58,0.18,-1.34,SUPP,SUPP,SUPP,SUPP,NE,NE,NE,NE,197,0.36,0.5,0.21,238,0.4,0.54,0.27,SUPP,SUPP,SUPP,SUPP,NE,NE,NE,NE,89,117,,63,92,,37.52,39.76,,B-,B,,67,95,,37.69,40.08,,B-,B,,37,48,,36.74,33.67,,Dist+,Dist,,NE,25,,NE,33.3,,NE,Dist-,,NE,NE,,NE,NE,,NE,NE,,,,,,,,,,,,,,,,,,,,,,,,,,,,,,,,,,,,,,,,,,,,,,,,,,,,,,,,57,67,,91.20%,97.00%,,57,67,,91.20%,97.00%,,29,20,,62.10%,95.00%,,NE,26,,NE,92.30%,,NE,NE,,NE,NE,,14,9,,8,8,,31.18,31.82,,C,C+,,9,8,,30,34.06,,C,C+,,7,SUPP,,36.76,SUPP,,Dist+,SUPP,,NE,SUPP,,NE,SUPP,,NE,SUPP,,NE,NE,,NE,NE,,NE,NE,,,,,,,,,,,,,,,,,,,,,,,,,,,,,,,,,,,,,,,,,,,,,,,,,,9,SUPP,,77.80%,SUPP,,9,SUPP,,77.80%,SUPP,,SUPP,SUPP,,SUPP,SUPP,,NE,SUPP,,NE,SUPP,,NE,NE,,NE,NE,,75,107,,55,84,,38.32,40.2,,B-,B,,58,87,,38.69,40.45,,B,B,,30,SUPP,,36.74,SUPP,,Dist+,SUPP,,NE,SUPP,,NE,SUPP,,NE,SUPP,,NE,NE,,NE,NE,,NE,NE,,,,,,,,,,,,,,,,,,,,,,,,,,,,,,,,,,,,,,,,,,,,,,,,,,48,SUPP,,93.80%,SUPP,,48,SUPP,,93.80%,SUPP,,SUPP,SUPP,,SUPP,SUPP,,NE,SUPP,,NE,SUPP,,NE,NE,,NE,NE
1,34594,25,4,919,4620,138106,E14001507,St Albans,,Loreto College,Hatfield Road,,,St Albans,AL1 3RQ,1727856206,0,ACC,Roman Catholic,NSE,OTHER NON SEL,MIXED,0, 11-18,0,,,R,,165,79,78,33.67,C+,72,33.15,C+,72,12.50%,78,33.95,C+,6,35.83,Dist,NE,NE,NE,NE,NE,6,100.00%,,,,,,,,,73,97.30%,97.30%,73,97.30%,73,97.30%,97.30%,73,97.30%,7,85.70%,85.70%,7,85.70%,NE,NE,NE,NE,NE,NE,NE,NE,NE,NE,NE,NE,NE,6,6,30,C,6,30,C,NE,NE,NE,NE,NE,NE,,,,,6,100.00%,6,100.00%,NE,NE,NE,NE,NE,NE,NE,NE,NE,68,67,34.09,C+,67,34.41,C+,6,35.83,Dist,NE,NE,NE,,,,,63,96.80%,63,96.80%,6,100.00%,NE,NE,NE,NE,NE,NE,NE,205,-0.2,-0.06,-0.34,4,215,-0.18,-0.04,-0.32,4,SUPP,SUPP,SUPP,SUPP,NA,NE,NE,NE,NE,NA,17,-0.24,0.26,-0.73,17,-0.24,0.26,-0.73,NE,NE,NE,NE,NE,NE,NE,NE,188,-0.19,-0.05,-0.34,198,-0.18,-0.03,-0.32,SUPP,SUPP,SUPP,SUPP,NE,NE,NE,NE,92,73,,86,69,,34.12,32.57,,C+,C+,,86,69,,34.34,32.7,,C+,C+,,6,9,,31.67,26.67,,Dist-,Merit+,,NE,NE,,NE,NE,,NE,NE,,NE,NE,,NE,NE,,NE,NE,,,,,,,,,,,,,,,,,,,,,,,,,,,,,,,,,,,,,,,,,,,,,,,,,,,,,,,,84,59,,94.00%,100.00%,,84,59,,94.00%,100.00%,,7,9,,100.00%,100.00%,,NE,NE,,NE,NE,,NE,NE,,NE,NE,,10,SUPP,,9,SUPP,,26.23,SUPP,,C-,SUPP,,9,SUPP,,26.31,SUPP,,C-,SUPP,,NE,NE,,NE,NE,,NE,NE,,NE,NE,,NE,NE,,NE,NE,,NE,NE,,NE,NE,,NE,NE,,,,,,,,,,,,,,,,,,,,,,,,,,,,,,,,,,,,,,,,,,,,,,,,,,10,SUPP,,90.00%,SUPP,,10,SUPP,,90.00%,SUPP,,NE,NE,,NE,NE,,NE,NE,,NE,NE,,NE,NE,,NE,NE,,80,SUPP,,75,SUPP,,35.67,SUPP,,B-,SUPP,,75,SUPP,,35.9,SUPP,,B-,SUPP,,SUPP,9,,SUPP,26.67,,SUPP,Merit+,,NE,NE,,NE,NE,,NE,NE,,NE,NE,,NE,NE,,NE,NE,,,,,,,,,,,,,,,,,,,,,,,,,,,,,,,,,,,,,,,,,,,,,,,,,,73,SUPP,,94.50%,SUPP,,73,SUPP,,94.50%,SUPP,,6,9,,100.00%,100.00%,,NE,NE,,NE,NE,,NE,NE,,NE,NE
1,5934,25,4,919,4200,137637,E14001283,Hertford and Stortford,,Birchwood High School,Parsonage Lane,,,Bishop's Stortford,CM23 5BD,1279655936,0,ACC,None,NSE,OTHER NON SEL,MIXED,0, 11-18,0,,,R,,236,126,97,32.15,C+,60,34.17,C+,60,11.70%,97,32.24,C+,60,31.78,Dist-,NE,NE,NE,NE,NE,60,100.00%,,,,,,,,,83,94.00%,92.80%,83,94.00%,83,94.00%,92.80%,83,94.00%,42,92.90%,88.10%,42,92.90%,NE,NE,NE,NE,NE,NE,NE,NE,NE,NE,NE,NE,NE,16,8,34.5,C+,8,34.51,C+,7,28.88,Merit+,NE,NE,NE,,,,,10,70.00%,10,70.00%,6,83.30%,NE,NE,NE,NE,NE,NE,NE,109,88,32.19,C+,88,32.28,C+,53,32.13,Dist-,NE,NE,NE,,,,,72,97.20%,72,97.20%,36,94.40%,NE,NE,NE,NE,NE,NE,NE,236,-0.05,0.08,-0.18,3,248,-0.05,0.08,-0.18,3,78,0.07,0.26,-0.12,3,NE,NE,NE,NE,NA,17,-0.15,0.37,-0.67,19,-0.15,0.35,-0.66,7,0.06,0.68,-0.56,NE,NE,NE,NE,219,-0.04,0.09,-0.18,229,-0.04,0.09,-0.18,71,0.07,0.27,-0.13,NE,NE,NE,NE,114,119,,88,86,,32.17,33.94,,C+,C+,,89,87,,32.32,34.05,,C+,C+,,49,59,,34.33,35.74,,Dist,Dist,,NE,NE,,NE,NE,,NE,NE,,NE,NE,,NE,NE,,NE,NE,,,,,,,,,,,,,,,,,,,,,,,,,,,,,,,,,,,,,,,,,,,,,,,,,,,,,,,,77,66,,94.80%,100.00%,,77,66,,94.80%,100.00%,,34,53,,82.40%,96.20%,,NE,NE,,NE,NE,,NE,NE,,NE,NE,,10,8,,SUPP,SUPP,,SUPP,SUPP,,SUPP,SUPP,,SUPP,SUPP,,SUPP,SUPP,,SUPP,SUPP,,SUPP,SUPP,,SUPP,SUPP,,SUPP,SUPP,,NE,NE,,NE,NE,,NE,NE,,NE,NE,,NE,NE,,NE,NE,,,,,,,,,,,,,,,,,,,,,,,,,,,,,,,,,,,,,,,,,,,,,,,,,,6,SUPP,,83.30%,SUPP,,6,SUPP,,83.30%,SUPP,,SUPP,SUPP,,SUPP,SUPP,,NE,NE,,NE,NE,,NE,NE,,NE,NE,,104,111,,SUPP,SUPP,,SUPP,SUPP,,SUPP,SUPP,,SUPP,SUPP,,SUPP,SUPP,,SUPP,SUPP,,SUPP,SUPP,,SUPP,SUPP,,SUPP,SUPP,,NE,NE,,NE,NE,,NE,NE,,NE,NE,,NE,NE,,NE,NE,,,,,,,,,,,,,,,,,,,,,,,,,,,,,,,,,,,,,,,,,,,,,,,,,,71,SUPP,,95.80%,SUPP,,71,SUPP,,95.80%,SUPP,,SUPP,SUPP,,SUPP,SUPP,,NE,NE,,NE,NE,,NE,NE,,NE,NE
1,22232,25,4,919,5415,137532,E14001139,Broxbourne,,Goffs Academy,Goffs Lane,Cheshunt,,Waltham Cross,EN7 5QW,1992661456,0,ACC,None,NSE,OTHER NON SEL,MIXED,0, 11-18,0,,,R,,393,176,142,32.48,C+,82,34.59,C+,82,17.10%,142,32.5,C+,92,29.6,Merit+,NE,NE,NE,NE,NE,92,100.00%,,,,,,,,,120,95.80%,95.80%,119,95.80%,120,95.80%,95.80%,119,95.80%,58,91.40%,91.40%,58,89.70%,NE,NE,NE,NE,NE,NE,NE,NE,NE,NE,NE,NE,NE,28,20,30,C,20,30,C,15,26.07,Merit,NE,NE,NE,,,,,18,88.90%,18,88.90%,10,90.00%,NE,NE,NE,NE,NE,NE,NE,148,122,32.86,C+,122,32.89,C+,77,30.3,Dist-,NE,NE,NE,,,,,102,97.10%,102,97.10%,48,91.70%,NE,NE,NE,NE,NE,NE,NE,337,-0.21,-0.1,-0.32,4,343,-0.22,-0.11,-0.33,4,167,-0.12,0.02,-0.25,3,NE,NE,NE,NE,NA,42,-0.18,0.15,-0.51,42,-0.18,0.15,-0.51,27,-0.26,0.07,-0.59,NE,NE,NE,NE,295,-0.22,-0.1,-0.34,301,-0.22,-0.11,-0.34,140,-0.09,0.06,-0.24,NE,NE,NE,NE,188,174,,154,143,,32.05,38.08,,C+,B-,,154,143,,32.1,38.09,,C+,B-,,82,77,,30.93,31.79,,Dist-,Dist-,,NE,NE,,NE,NE,,NE,NE,,NE,NE,,NE,NE,,NE,NE,,,,,,,,,,,,,,,,,,,,,,,,,,,,,,,,,,,,,,,,,,,,,,,,,,,,,,,,134,120,,94.80%,97.50%,,134,120,,94.80%,97.50%,,54,50,,81.50%,90.00%,,NE,NE,,NE,NE,,NE,NE,,NE,NE,,34,22,,23,15,,29.35,35.08,,C,B-,,23,15,,29.35,35.03,,C,B-,,19,12,,28.39,30.71,,Merit+,Dist-,,NE,NE,,NE,NE,,NE,NE,,NE,NE,,NE,NE,,NE,NE,,,,,,,,,,,,,,,,,,,,,,,,,,,,,,,,,,,,,,,,,,,,,,,,,,18,10,,94.40%,100.00%,,18,10,,94.40%,100.00%,,16,11,,81.30%,81.80%,,NE,NE,,NE,NE,,NE,NE,,NE,NE,,152,151,,129,128,,32.73,38.38,,C+,B,,129,128,,32.77,38.4,,C+,B,,62,65,,31.68,32,,Dist-,Dist-,,NE,NE,,NE,NE,,NE,NE,,NE,NE,,NE,NE,,NE,NE,,,,,,,,,,,,,,,,,,,,,,,,,,,,,,,,,,,,,,,,,,,,,,,,,,115,110,,94.80%,97.30%,,115,110,,94.80%,97.30%,,37,39,,81.10%,92.30%,,NE,NE,,NE,NE,,NE,NE,,NE,NE
1,64348,25,4,919,4011,137038,E14001507,St Albans,,Verulam School,Brampton Road,,,St Albans,AL1 4PR,1727766100,0,ACC,Does not apply,NSE,OTHER NON SEL,MIXED,0, 11-18,0,,,R,,219,108,95,30.6,C,77,31.34,C,77,7.80%,95,30.78,C,42,26.71,Merit+,NE,NE,NE,NE,NE,42,100.00%,,,,,,,,,91,96.70%,96.70%,91,96.70%,91,96.70%,96.70%,91,96.70%,16,100.00%,100.00%,16,100.00%,NE,NE,NE,NE,NE,NE,NE,NE,NE,NE,NE,NE,NE,11,9,24.8,D+,9,24.51,D+,6,30.22,Dist-,NE,NE,NE,,,,,9,88.90%,9,88.90%,SUPP,SUPP,NE,NE,NE,NE,NE,NE,NE,95,84,31.23,C,84,31.46,C,36,26.16,Merit,NE,NE,NE,,,,,80,97.50%,80,97.50%,SUPP,SUPP,NE,NE,NE,NE,NE,NE,NE,254,0.01,0.14,-0.12,3,275,0.03,0.16,-0.1,3,67,-0.1,0.1,-0.3,3,NE,NE,NE,NE,NA,25,-0.41,0.02,-0.85,26,-0.43,0,-0.86,10,0.36,0.87,-0.15,NE,NE,NE,NE,229,0.05,0.19,-0.08,249,0.08,0.21,-0.05,57,-0.17,0.04,-0.39,NE,NE,NE,NE,120,118,,106,107,,33.38,36.56,,C+,B-,,106,107,,33.56,36.88,,C+,B-,,44,41,,29.79,27.59,,Merit+,Merit+,,NE,NE,,NE,NE,,NE,NE,,NE,NE,,NE,NE,,NE,NE,,,,,,,,,,,,,,,,,,,,,,,,,,,,,,,,,,,,,,,,,,,,,,,,,,,,,,,,106,97,,94.30%,97.90%,,106,97,,94.30%,97.90%,,12,20,,75.00%,90.00%,,NE,NE,,NE,NE,,NE,NE,,NE,NE,,9,9,,7,SUPP,,30.95,SUPP,,C,SUPP,,7,SUPP,,30.95,SUPP,,C,SUPP,,SUPP,SUPP,,SUPP,SUPP,,SUPP,SUPP,,NE,NE,,NE,NE,,NE,NE,,NE,NE,,NE,NE,,NE,NE,,,,,,,,,,,,,,,,,,,,,,,,,,,,,,,,,,,,,,,,,,,,,,,,,,7,SUPP,,85.70%,SUPP,,7,SUPP,,85.70%,SUPP,,NE,SUPP,,NE,SUPP,,NE,NE,,NE,NE,,NE,NE,,NE,NE,,109,107,,97,SUPP,,33.46,SUPP,,C+,SUPP,,97,SUPP,,33.63,SUPP,,C+,SUPP,,SUPP,SUPP,,SUPP,SUPP,,SUPP,SUPP,,NE,NE,,NE,NE,,NE,NE,,NE,NE,,NE,NE,,NE,NE,,,,,,,,,,,,,,,,,,,,,,,,,,,,,,,,,,,,,,,,,,,,,,,,,,97,SUPP,,94.80%,SUPP,,97,SUPP,,94.80%,SUPP,,12,SUPP,,75.00%,SUPP,,NE,NE,,NE,NE,,NE,NE,,NE,NE
1,65930,25,4,919,8019,130720,E14001568,Watford,,West Herts College,Watford Campus,Hempstead Road,,Watford,WD17 3EZ,1923812345,0,General Further Education College,Does not apply,NA,NA,MIXED,0, 16-99,0,,,,,7021,3111,19,23.6,D+,11,20,D,11,0.00%,20,23.65,D+,613,23.89,Merit,116,22.45,Merit-,925,12.50%,1419,45.90%,,,,,,,,,11,72.70%,72.70%,11,72.70%,11,72.70%,72.70%,11,72.70%,758,85.90%,74.10%,753,71.70%,170,88.20%,65.90%,167,80.80%,14,5.26,L2Pass+,42,88.10%,23.80%,796,1.80%,857,SUPP,SUPP,SUPP,SUPP,SUPP,SUPP,153,21.77,Merit-,24,22.44,Merit-,,,,,SUPP,SUPP,SUPP,SUPP,202,83.20%,38,89.50%,SUPP,SUPP,SUPP,15,80.00%,2033,SUPP,SUPP,SUPP,SUPP,SUPP,SUPP,450,24.42,Merit,91,22.43,Merit-,,,,,SUPP,SUPP,SUPP,SUPP,544,86.80%,131,87.80%,SUPP,SUPP,SUPP,27,92.60%,26,-0.26,0.15,-0.67,3,27,-0.25,0.16,-0.66,3,490,-0.43,-0.35,-0.51,4,65,-0.4,-0.16,-0.64,4,6,-0.13,0.7,-0.96,6,-0.13,0.7,-0.96,114,-0.4,-0.22,-0.57,11,-0.14,0.48,-0.77,20,-0.3,0.18,-0.78,21,-0.29,0.19,-0.76,376,-0.44,-0.35,-0.53,54,-0.45,-0.19,-0.72,2823,3166,,14,8,,18.46,30,,D,C,,14,8,,18.46,30,,D,C,,536,531,,22.62,26.48,,Merit-,Merit,,140,127,,26.04,25.31,,Merit,Merit,,29,6,,5.44,5.17,,L2Pass+,L2Pass,,,,,,,,,,,,,,,,,,,,,,,,,,,,,,,,,,,,,,,,,,,,,,,,,,,,,,,,NE,NE,,NE,NE,,NE,NE,,NE,NE,,726,620,,88.60%,96.50%,,207,184,,87.90%,87.00%,,41,62,,78.00%,83.90%,,770,888,,SUPP,SUPP,,SUPP,SUPP,,SUPP,SUPP,,SUPP,SUPP,,SUPP,SUPP,,SUPP,SUPP,,113,118,,19.45,25.45,,Pass+,Merit,,21,22,,20.53,24.2,,Merit-,Merit,,8,SUPP,,5.59,SUPP,,L2Merit-,SUPP,,,,,,,,,,,,,,,,,,,,,,,,,,,,,,,,,,,,,,,,,,,,,,,,,,NE,NE,,NE,NE,,NE,NE,,NE,NE,,188,147,,82.40%,94.60%,,41,36,,80.50%,75.00%,,15,23,,60.00%,87.00%,,1867,2147,,SUPP,SUPP,,SUPP,SUPP,,SUPP,SUPP,,SUPP,SUPP,,SUPP,SUPP,,SUPP,SUPP,,412,411,,23.33,26.74,,Merit-,Merit+,,116,104,,26.69,25.52,,Merit+,Merit,,20,SUPP,,5.35,SUPP,,L2Pass+,SUPP,,,,,,,,,,,,,,,,,,,,,,,,,,,,,,,,,,,,,,,,,,,,,,,,,,NE,NE,,NE,NE,,NE,NE,,NE,NE,,524,471,,90.80%,97.00%,,163,147,,89.60%,89.80%,,24,38,,91.70%,81.60%
1,51198,25,4,919,4614,138356,E14001268,Harpenden and Berkhamsted,,St George's School,Sun Lane,,,Harpenden,AL5 4TD,1582765477,0,ACC,Christian,NSE,OTHER NON SEL,MIXED,0, 11-18,0,,,R,,422,211,207,42.33,B+,203,42.22,B+,203,21.20%,207,42.36,B+,2,SUPP,SUPP,NE,NE,NE,NE,NE,2,SUPP,,,,,,,,,208,99.00%,98.60%,208,98.60%,208,99.00%,98.60%,208,98.60%,NE,NE,NE,NE,NE,NE,NE,NE,NE,NE,NE,NE,NE,NE,NE,NE,NE,NE,11,11,36.88,B-,11,36.88,B-,NE,NE,NE,NE,NE,NE,,,,,10,100.00%,10,100.00%,NE,NE,NE,NE,NE,NE,NE,NE,NE,196,193,42.72,B+,193,42.75,B+,SUPP,SUPP,SUPP,NE,NE,NE,,,,,195,99.50%,195,99.50%,NE,NE,NE,NE,NE,NE,NE,NE,NE,621,0.22,0.31,0.14,2,627,0.22,0.31,0.14,2,SUPP,SUPP,SUPP,SUPP,NA,NE,NE,NE,NE,NA,32,0.14,0.53,-0.26,32,0.14,0.53,-0.26,NE,NE,NE,NE,NE,NE,NE,NE,589,0.23,0.31,0.14,595,0.23,0.31,0.14,SUPP,SUPP,SUPP,SUPP,NE,NE,NE,NE,185,196,,179,193,,40.76,45.39,,B,A-,,179,193,,40.75,45.41,,B,A-,,NE,NE,,NE,NE,,NE,NE,,NE,NE,,NE,NE,,NE,NE,,NE,NE,,NE,NE,,NE,NE,,,,,,,,,,,,,,,,,,,,,,,,,,,,,,,,,,,,,,,,,,,,,,,,,,,,,,,,183,192,,97.80%,99.50%,,183,192,,97.80%,99.50%,,NE,NE,,NE,NE,,NE,NE,,NE,NE,,NE,NE,,NE,NE,,SUPP,9,,SUPP,9,,SUPP,40,,SUPP,B,,SUPP,9,,SUPP,40,,SUPP,B,,NE,NE,,NE,NE,,NE,NE,,NE,NE,,NE,NE,,NE,NE,,NE,NE,,NE,NE,,NE,NE,,,,,,,,,,,,,,,,,,,,,,,,,,,,,,,,,,,,,,,,,,,,,,,,,,SUPP,9,,SUPP,100.00%,,SUPP,9,,SUPP,100.00%,,NE,NE,,NE,NE,,NE,NE,,NE,NE,,NE,NE,,NE,NE,,SUPP,180,,SUPP,178,,SUPP,46.03,,SUPP,A-,,SUPP,178,,SUPP,46.06,,SUPP,A-,,NE,NE,,NE,NE,,NE,NE,,NE,NE,,NE,NE,,NE,NE,,NE,NE,,NE,NE,,NE,NE,,,,,,,,,,,,,,,,,,,,,,,,,,,,,,,,,,,,,,,,,,,,,,,,,,SUPP,177,,SUPP,99.40%,,SUPP,177,,SUPP,99.40%,,NE,NE,,NE,NE,,NE,NE,,NE,NE,,NE,NE,,NE,NE
1,45964,25,4,919,6020,117609,E14001573,Welwyn Hatfield,,Queenswood School,Shepherd's Way,Brookmans Park,,Hatfield,AL9 6NS,1707602500,0,IND,Methodist,,NA,GIRLS,0, 11-18,0,,,R,,97,48,47,40.6,B,47,41.13,B,47,19.10%,47,40.35,B,NE,NE,NE,NE,NE,NE,NE,NE,NE,NE,,,,,,,,,NA,NA,NA,NA,NA,NA,NA,NA,NA,NA,NA,NA,NA,NA,NA,NA,NA,NA,NA,NA,NE,NE,NE,NA,NA,NA,NE,NE,NA,NA,NA,NA,NA,NA,NA,NA,NA,NA,NA,NA,NA,,,,,NA,NA,NA,NA,NA,NA,NA,NA,NA,NA,NA,NA,NA,NA,NA,NA,NA,NA,NA,NA,NA,NA,NA,NA,NA,NA,,,,,NA,NA,NA,NA,NA,NA,NA,NA,NA,NA,NA,NA,NA,143,0.13,0.3,-0.04,3,161,0.09,0.25,-0.08,3,NE,NE,NE,NE,NA,NE,NE,NE,NE,NA,NA,NA,NA,NA,NA,NA,NA,NA,NA,NA,NA,NA,NA,NA,NA,NA,NA,NA,NA,NA,NA,NA,NA,NA,NA,NA,NA,NA,NA,NA,NA,NA,44,51,,43,48,,36.84,41.02,,B-,B,,43,48,,36.74,41.4,,B-,B,,NE,NE,,NE,NE,,NE,NE,,NE,NE,,NE,NE,,NE,NE,,NE,NE,,NE,NE,,NE,NE,,,,,,,,,,,,,,,,,,,,,,,,,,,,,,,,,,,,,,,,,,,,,,,,,,,,,,,,NA,NA,,NA,NA,,NA,NA,,NA,NA,,NA,NA,,NA,NA,,NA,NA,,NA,NA,,NA,NA,,NA,NA,,NA,NA,,NA,NA,,NA,NA,,NA,NA,,NA,NA,,NA,NA,,NA,NA,,NA,NA,,NA,NA,,NA,NA,,NA,NA,,NA,NA,,NA,NA,,NA,NA,,NA,NA,,NA,NA,,,,,,,,,,,,,,,,,,,,,,,,,,,,,,,,,,,,,,,,,,,,,,,,,,NA,NA,,NA,NA,,NA,NA,,NA,NA,,NA,NA,,NA,NA,,NA,NA,,NA,NA,,NA,NA,,NA,NA,,NA,NA,,NA,NA,,NA,NA,,NA,NA,,NA,NA,,NA,NA,,NA,NA,,NA,NA,,NA,NA,,NA,NA,,NA,NA,,NA,NA,,NA,NA,,NA,NA,,NA,NA,,NA,NA,,,,,,,,,,,,,,,,,,,,,,,,,,,,,,,,,,,,,,,,,,,,,,,,,,NA,NA,,NA,NA,,NA,NA,,NA,NA,,NA,NA,,NA,NA,,NA,NA,,NA,NA,,NA,NA,,NA,NA
1,49142,25,4,919,4083,137339,E14001507,St Albans,,St Albans Girls' School,Sandridgebury Lane,,,St Albans,AL3 6DB,1727853134,0,ACC,Does not apply,NSE,OTHER NON SEL,MIXED,0, 11-18,0,,,R,,252,132,119,40.91,B,104,41.99,B+,104,23.10%,119,40.16,B,15,27,Merit+,NE,NE,NE,NE,NE,15,100.00%,,,,,,,,,130,91.50%,91.50%,128,91.40%,130,91.50%,91.50%,128,91.40%,NE,NE,NE,NE,NE,NE,NE,NE,NE,NE,NE,NE,NE,NE,NE,NE,NE,NE,10,7,37.89,B-,7,36.97,B-,SUPP,SUPP,SUPP,NE,NE,NE,,,,,9,77.80%,9,77.80%,NE,NE,NE,NE,NE,NE,NE,NE,NE,120,111,41.03,B,111,40.29,B,SUPP,SUPP,SUPP,NE,NE,NE,,,,,120,92.50%,120,92.50%,NE,NE,NE,NE,NE,NE,NE,NE,NE,337,0.12,0.23,0.01,2,364,0.07,0.18,-0.04,3,14,-0.72,-0.28,-1.16,5,NE,NE,NE,NE,NA,19,0.39,0.88,-0.11,21,0.33,0.81,-0.16,SUPP,SUPP,SUPP,SUPP,NE,NE,NE,NE,318,0.11,0.22,0,343,0.05,0.16,-0.05,SUPP,SUPP,SUPP,SUPP,NE,NE,NE,NE,127,117,,124,113,,39.99,44.14,,B,B+,,124,113,,39.87,44.13,,B,B+,,16,14,,33.13,31.43,,Dist-,Dist-,,NE,NE,,NE,NE,,NE,NE,,NE,NE,,NE,NE,,NE,NE,,,,,,,,,,,,,,,,,,,,,,,,,,,,,,,,,,,,,,,,,,,,,,,,,,,,,,,,127,116,,97.60%,97.40%,,127,116,,97.60%,97.40%,,NE,1,,NE,SUPP,,NE,NE,,NE,NE,,NE,NE,,NE,NE,,10,7,,9,7,,35.77,37.37,,B-,B-,,9,7,,35.47,37.37,,B-,B-,,NE,SUPP,,NE,SUPP,,NE,SUPP,,NE,NE,,NE,NE,,NE,NE,,NE,NE,,NE,NE,,NE,NE,,,,,,,,,,,,,,,,,,,,,,,,,,,,,,,,,,,,,,,,,,,,,,,,,,10,7,,90.00%,100.00%,,10,7,,90.00%,100.00%,,NE,NE,,NE,NE,,NE,NE,,NE,NE,,NE,NE,,NE,NE,,115,109,,113,105,,40.51,44.5,,B,B+,,113,105,,40.41,44.49,,B,B+,,16,SUPP,,33.13,SUPP,,Dist-,SUPP,,NE,NE,,NE,NE,,NE,NE,,NE,NE,,NE,NE,,NE,NE,,,,,,,,,,,,,,,,,,,,,,,,,,,,,,,,,,,,,,,,,,,,,,,,,,115,108,,98.30%,97.20%,,115,108,,98.30%,97.20%,,NE,SUPP,,NE,SUPP,,NE,NE,,NE,NE,,NE,NE,,NE,NE
1,49144,25,4,919,6038,117617,E14001507,St Albans,,St Albans High School for Girls,Townsend Avenue,St Albans,Hertfordshire,,AL1 3SJ,1727853800,0,IND,Anglican,,NA,GIRLS,0, 4-18,0,,,R,,172,103,89,48.23,A-,88,48.94,A,88,50.00%,89,48.6,A,NE,NE,NE,NE,NE,NE,NE,NE,NE,NE,,,,,,,,,NA,NA,NA,NA,NA,NA,NA,NA,NA,NA,NA,NA,NA,NA,NA,NA,NA,NA,NA,NA,NE,NE,NE,NA,NA,NA,NE,NE,NA,NA,NA,NA,NA,NA,NA,NA,NA,NA,NA,NA,NA,,,,,NA,NA,NA,NA,NA,NA,NA,NA,NA,NA,NA,NA,NA,NA,NA,NA,NA,NA,NA,NA,NA,NA,NA,NA,NA,NA,,,,,NA,NA,NA,NA,NA,NA,NA,NA,NA,NA,NA,NA,NA,283,0.24,0.36,0.12,2,321,0.27,0.38,0.15,2,NE,NE,NE,NE,NA,NE,NE,NE,NE,NA,NA,NA,NA,NA,NA,NA,NA,NA,NA,NA,NA,NA,NA,NA,NA,NA,NA,NA,NA,NA,NA,NA,NA,NA,NA,NA,NA,NA,NA,NA,NA,NA,118,101,,99,85,,48.88,51.18,,A,A,,99,85,,49.14,51.32,,A,A,,NE,NE,,NE,NE,,NE,NE,,NE,NE,,NE,NE,,NE,NE,,NE,NE,,NE,NE,,NE,NE,,,,,,,,,,,,,,,,,,,,,,,,,,,,,,,,,,,,,,,,,,,,,,,,,,,,,,,,NA,NA,,NA,NA,,NA,NA,,NA,NA,,NA,NA,,NA,NA,,NA,NA,,NA,NA,,NA,NA,,NA,NA,,NA,NA,,NA,NA,,NA,NA,,NA,NA,,NA,NA,,NA,NA,,NA,NA,,NA,NA,,NA,NA,,NA,NA,,NA,NA,,NA,NA,,NA,NA,,NA,NA,,NA,NA,,NA,NA,,,,,,,,,,,,,,,,,,,,,,,,,,,,,,,,,,,,,,,,,,,,,,,,,,NA,NA,,NA,NA,,NA,NA,,NA,NA,,NA,NA,,NA,NA,,NA,NA,,NA,NA,,NA,NA,,NA,NA,,NA,NA,,NA,NA,,NA,NA,,NA,NA,,NA,NA,,NA,NA,,NA,NA,,NA,NA,,NA,NA,,NA,NA,,NA,NA,,NA,NA,,NA,NA,,NA,NA,,NA,NA,,NA,NA,,,,,,,,,,,,,,,,,,,,,,,,,,,,,,,,,,,,,,,,,,,,,,,,,,NA,NA,,NA,NA,,NA,NA,,NA,NA,,NA,NA,,NA,NA,,NA,NA,,NA,NA,,NA,NA,,NA,NA
1,49146,25,4,919,6243,134087,E14001507,St Albans,,St Albans Independent College,69 London Road,,,St Albans,AL1 1LN,1727842348,0,IND,None,,NA,MIXED,0, 14-19,0,,,R,,65,34,32,31.75,C+,19,29.65,C,19,10.50%,32,31.84,C+,NE,NE,NE,NE,NE,NE,NE,NE,NE,NE,,,,,,,,,NA,NA,NA,NA,NA,NA,NA,NA,NA,NA,NA,NA,NA,NA,NA,NA,NA,NA,NA,NA,NE,NE,NE,NA,NA,NA,NE,NE,NA,NA,NA,NA,NA,NA,NA,NA,NA,NA,NA,NA,NA,,,,,NA,NA,NA,NA,NA,NA,NA,NA,NA,NA,NA,NA,NA,NA,NA,NA,NA,NA,NA,NA,NA,NA,NA,NA,NA,NA,,,,,NA,NA,NA,NA,NA,NA,NA,NA,NA,NA,NA,NA,NA,39,0.3,0.63,-0.02,3,41,0.29,0.61,-0.03,3,NE,NE,NE,NE,NA,NE,NE,NE,NE,NA,NA,NA,NA,NA,NA,NA,NA,NA,NA,NA,NA,NA,NA,NA,NA,NA,NA,NA,NA,NA,NA,NA,NA,NA,NA,NA,NA,NA,NA,NA,NA,NA,36,33,,33,27,,32.3,37.8,,C+,B-,,34,27,,32.27,37.8,,C+,B-,,NE,NE,,NE,NE,,NE,NE,,NE,NE,,NE,NE,,NE,NE,,NE,NE,,NE,NE,,NE,NE,,,,,,,,,,,,,,,,,,,,,,,,,,,,,,,,,,,,,,,,,,,,,,,,,,,,,,,,NA,NA,,NA,NA,,NA,NA,,NA,NA,,NA,NA,,NA,NA,,NA,NA,,NA,NA,,NA,NA,,NA,NA,,NA,NA,,NA,NA,,NA,NA,,NA,NA,,NA,NA,,NA,NA,,NA,NA,,NA,NA,,NA,NA,,NA,NA,,NA,NA,,NA,NA,,NA,NA,,NA,NA,,NA,NA,,NA,NA,,,,,,,,,,,,,,,,,,,,,,,,,,,,,,,,,,,,,,,,,,,,,,,,,,NA,NA,,NA,NA,,NA,NA,,NA,NA,,NA,NA,,NA,NA,,NA,NA,,NA,NA,,NA,NA,,NA,NA,,NA,NA,,NA,NA,,NA,NA,,NA,NA,,NA,NA,,NA,NA,,NA,NA,,NA,NA,,NA,NA,,NA,NA,,NA,NA,,NA,NA,,NA,NA,,NA,NA,,NA,NA,,NA,NA,,,,,,,,,,,,,,,,,,,,,,,,,,,,,,,,,,,,,,,,,,,,,,,,,,NA,NA,,NA,NA,,NA,NA,,NA,NA,,NA,NA,,NA,NA,,NA,NA,,NA,NA,,NA,NA,,NA,NA
1,49154,25,4,919,6220,117647,E14001507,St Albans,,St Albans School,Abbey Gateway,,,St Albans,AL3 4HB,1727855521,0,IND,Christian/non-denominational,,NA,MIXED,0, 11-19,0,,,R,,350,179,179,48.65,A,141,49.05,A,141,48.20%,179,48.8,A,NE,NE,NE,NE,NE,NE,NE,NE,NE,NE,,,,,,,,,NA,NA,NA,NA,NA,NA,NA,NA,NA,NA,NA,NA,NA,NA,NA,NA,NA,NA,NA,NA,NE,NE,NE,NA,NA,NA,NE,NE,NA,NA,NA,NA,NA,NA,NA,NA,NA,NA,NA,NA,NA,,,,,NA,NA,NA,NA,NA,NA,NA,NA,NA,NA,NA,NA,NA,NA,NA,NA,NA,NA,NA,NA,NA,NA,NA,NA,NA,NA,,,,,NA,NA,NA,NA,NA,NA,NA,NA,NA,NA,NA,NA,NA,499,0.31,0.41,0.21,2,559,0.31,0.4,0.22,2,NE,NE,NE,NE,NA,NE,NE,NE,NE,NA,NA,NA,NA,NA,NA,NA,NA,NA,NA,NA,NA,NA,NA,NA,NA,NA,NA,NA,NA,NA,NA,NA,NA,NA,NA,NA,NA,NA,NA,NA,NA,NA,148,163,,147,156,,45.49,50.84,,A-,A,,147,156,,45.68,50.84,,A-,A,,NE,NE,,NE,NE,,NE,NE,,NE,NE,,NE,NE,,NE,NE,,NE,NE,,NE,NE,,NE,NE,,,,,,,,,,,,,,,,,,,,,,,,,,,,,,,,,,,,,,,,,,,,,,,,,,,,,,,,NA,NA,,NA,NA,,NA,NA,,NA,NA,,NA,NA,,NA,NA,,NA,NA,,NA,NA,,NA,NA,,NA,NA,,NA,NA,,NA,NA,,NA,NA,,NA,NA,,NA,NA,,NA,NA,,NA,NA,,NA,NA,,NA,NA,,NA,NA,,NA,NA,,NA,NA,,NA,NA,,NA,NA,,NA,NA,,NA,NA,,,,,,,,,,,,,,,,,,,,,,,,,,,,,,,,,,,,,,,,,,,,,,,,,,NA,NA,,NA,NA,,NA,NA,,NA,NA,,NA,NA,,NA,NA,,NA,NA,,NA,NA,,NA,NA,,NA,NA,,NA,NA,,NA,NA,,NA,NA,,NA,NA,,NA,NA,,NA,NA,,NA,NA,,NA,NA,,NA,NA,,NA,NA,,NA,NA,,NA,NA,,NA,NA,,NA,NA,,NA,NA,,NA,NA,,,,,,,,,,,,,,,,,,,,,,,,,,,,,,,,,,,,,,,,,,,,,,,,,,NA,NA,,NA,NA,,NA,NA,,NA,NA,,NA,NA,,NA,NA,,NA,NA,,NA,NA,,NA,NA,,NA,NA
1,4174,25,4,919,4066,117518,E14001516,Stevenage,,Barnwell School,Barnwell,,,Stevenage,SG2 9SW,1438222500,0,FD,Does not apply,NSE,OTHER NON SEL,MIXED,0, 11-18,0,,,R,,106,56,30,31.09,C,9,35.19,B-,9,22.20%,31,31.22,C,27,36.29,Dist,14,33.77,Dist,16,87.50%,28,96.40%,,,,,,,,,16,93.80%,93.80%,16,93.80%,16,93.80%,93.80%,16,93.80%,20,85.00%,75.00%,20,75.00%,15,80.00%,80.00%,15,80.00%,NE,NE,NE,NE,NE,NE,1,SUPP,11,SUPP,SUPP,SUPP,SUPP,SUPP,SUPP,SUPP,SUPP,SUPP,SUPP,SUPP,SUPP,,,,,SUPP,SUPP,SUPP,SUPP,SUPP,SUPP,SUPP,SUPP,NE,NE,NE,NE,NE,44,SUPP,SUPP,SUPP,SUPP,SUPP,SUPP,SUPP,SUPP,SUPP,SUPP,SUPP,SUPP,,,,,SUPP,SUPP,SUPP,SUPP,SUPP,SUPP,SUPP,SUPP,NE,NE,NE,NE,NE,53,-0.45,-0.16,-0.74,4,58,-0.47,-0.18,-0.75,4,39,0.53,0.83,0.23,2,16,-0.15,0.28,-0.58,3,SUPP,SUPP,SUPP,SUPP,SUPP,SUPP,SUPP,SUPP,SUPP,SUPP,SUPP,SUPP,SUPP,SUPP,SUPP,SUPP,SUPP,SUPP,SUPP,SUPP,SUPP,SUPP,SUPP,SUPP,SUPP,SUPP,SUPP,SUPP,SUPP,SUPP,SUPP,SUPP,60,64,,27,40,,29.47,36.25,,C,B-,,27,40,,29.47,36.25,,C,B-,,21,20,,34.84,33.03,,Dist,Dist-,,22,14,,35.72,41.29,,Dist,Dist+,,NE,NE,,NE,NE,,NE,NE,,,,,,,,,,,,,,,,,,,,,,,,,,,,,,,,,,,,,,,,,,,,,,,,,,,,,,,,20,31,,100.00%,100.00%,,20,31,,100.00%,100.00%,,12,14,,91.70%,85.70%,,19,11,,94.70%,100.00%,,NE,NE,,NE,NE,,11,13,,SUPP,9,,SUPP,38.13,,SUPP,B-,,SUPP,9,,SUPP,38.13,,SUPP,B-,,SUPP,SUPP,,SUPP,SUPP,,SUPP,SUPP,,SUPP,SUPP,,SUPP,SUPP,,SUPP,SUPP,,NE,NE,,NE,NE,,NE,NE,,,,,,,,,,,,,,,,,,,,,,,,,,,,,,,,,,,,,,,,,,,,,,,,,,NE,SUPP,,NE,SUPP,,NE,SUPP,,NE,SUPP,,SUPP,SUPP,,SUPP,SUPP,,6,SUPP,,100.00%,SUPP,,NE,NE,,NE,NE,,49,51,,SUPP,31,,SUPP,35.83,,SUPP,B-,,SUPP,31,,SUPP,35.83,,SUPP,B-,,SUPP,SUPP,,SUPP,SUPP,,SUPP,SUPP,,SUPP,SUPP,,SUPP,SUPP,,SUPP,SUPP,,NE,NE,,NE,NE,,NE,NE,,,,,,,,,,,,,,,,,,,,,,,,,,,,,,,,,,,,,,,,,,,,,,,,,,20,SUPP,,100.00%,SUPP,,20,SUPP,,100.00%,SUPP,,SUPP,SUPP,,SUPP,SUPP,,13,SUPP,,92.30%,SUPP,,NE,NE,,NE,NE
1,50718,25,4,919,6115,117633,E14001393,North East Hertfordshire,,St Edmund's College,Old Hall Green,,,Ware,SG11 1DS,1920821504,0,IND,Roman Catholic,,NA,MIXED,0, 3-19,0,,,R,,155,73,73,34.51,C+,48,34.58,C+,48,10.40%,73,34.44,C+,NE,NE,NE,NE,NE,NE,NE,NE,NE,NE,,,,,,,,,NA,NA,NA,NA,NA,NA,NA,NA,NA,NA,NA,NA,NA,NA,NA,NA,NA,NA,NA,NA,NE,NE,NE,NA,NA,NA,NE,NE,NA,NA,NA,NA,NA,NA,NA,NA,NA,NA,NA,NA,NA,,,,,NA,NA,NA,NA,NA,NA,NA,NA,NA,NA,NA,NA,NA,NA,NA,NA,NA,NA,NA,NA,NA,NA,NA,NA,NA,NA,,,,,NA,NA,NA,NA,NA,NA,NA,NA,NA,NA,NA,NA,NA,184,0,0.15,-0.15,3,192,-0.01,0.14,-0.16,3,NE,NE,NE,NE,NA,NE,NE,NE,NE,NA,NA,NA,NA,NA,NA,NA,NA,NA,NA,NA,NA,NA,NA,NA,NA,NA,NA,NA,NA,NA,NA,NA,NA,NA,NA,NA,NA,NA,NA,NA,NA,NA,84,79,,84,76,,37.33,40,,B-,B,,84,76,,37.26,40.1,,B-,B,,NE,NE,,NE,NE,,NE,NE,,NE,NE,,NE,NE,,NE,NE,,NE,NE,,NE,NE,,NE,NE,,,,,,,,,,,,,,,,,,,,,,,,,,,,,,,,,,,,,,,,,,,,,,,,,,,,,,,,NA,NA,,NA,NA,,NA,NA,,NA,NA,,NA,NA,,NA,NA,,NA,NA,,NA,NA,,NA,NA,,NA,NA,,NA,NA,,NA,NA,,NA,NA,,NA,NA,,NA,NA,,NA,NA,,NA,NA,,NA,NA,,NA,NA,,NA,NA,,NA,NA,,NA,NA,,NA,NA,,NA,NA,,NA,NA,,NA,NA,,,,,,,,,,,,,,,,,,,,,,,,,,,,,,,,,,,,,,,,,,,,,,,,,,NA,NA,,NA,NA,,NA,NA,,NA,NA,,NA,NA,,NA,NA,,NA,NA,,NA,NA,,NA,NA,,NA,NA,,NA,NA,,NA,NA,,NA,NA,,NA,NA,,NA,NA,,NA,NA,,NA,NA,,NA,NA,,NA,NA,,NA,NA,,NA,NA,,NA,NA,,NA,NA,,NA,NA,,NA,NA,,NA,NA,,,,,,,,,,,,,,,,,,,,,,,,,,,,,,,,,,,,,,,,,,,,,,,,,,NA,NA,,NA,NA,,NA,NA,,NA,NA,,NA,NA,,NA,NA,,NA,NA,,NA,NA,,NA,NA,,NA,NA
1,50938,25,4,919,6029,117613,E14001393,North East Hertfordshire,,St Francis College,Broadway,,,Letchworth Garden City,SG6 3PJ,1462670511,0,IND,Christian,,NA,GIRLS,0, 3-18,0,,,R,,69,35,34,45.78,A-,34,46.27,A-,34,32.40%,34,45.93,A-,NE,NE,NE,NE,NE,NE,NE,NE,NE,NE,,,,,,,,,NA,NA,NA,NA,NA,NA,NA,NA,NA,NA,NA,NA,NA,NA,NA,NA,NA,NA,NA,NA,NE,NE,NE,NA,NA,NA,NE,NE,NA,NA,NA,NA,NA,NA,NA,NA,NA,NA,NA,NA,NA,,,,,NA,NA,NA,NA,NA,NA,NA,NA,NA,NA,NA,NA,NA,NA,NA,NA,NA,NA,NA,NA,NA,NA,NA,NA,NA,NA,,,,,NA,NA,NA,NA,NA,NA,NA,NA,NA,NA,NA,NA,NA,82,0.39,0.61,0.17,1,91,0.41,0.62,0.19,1,NE,NE,NE,NE,NA,NE,NE,NE,NE,NA,NA,NA,NA,NA,NA,NA,NA,NA,NA,NA,NA,NA,NA,NA,NA,NA,NA,NA,NA,NA,NA,NA,NA,NA,NA,NA,NA,NA,NA,NA,NA,NA,9,29,,9,28,,41.11,46.33,,B,A-,,9,28,,41.11,46.35,,B,A-,,NE,NE,,NE,NE,,NE,NE,,NE,NE,,NE,NE,,NE,NE,,NE,NE,,NE,NE,,NE,NE,,,,,,,,,,,,,,,,,,,,,,,,,,,,,,,,,,,,,,,,,,,,,,,,,,,,,,,,NA,NA,,NA,NA,,NA,NA,,NA,NA,,NA,NA,,NA,NA,,NA,NA,,NA,NA,,NA,NA,,NA,NA,,NA,NA,,NA,NA,,NA,NA,,NA,NA,,NA,NA,,NA,NA,,NA,NA,,NA,NA,,NA,NA,,NA,NA,,NA,NA,,NA,NA,,NA,NA,,NA,NA,,NA,NA,,NA,NA,,,,,,,,,,,,,,,,,,,,,,,,,,,,,,,,,,,,,,,,,,,,,,,,,,NA,NA,,NA,NA,,NA,NA,,NA,NA,,NA,NA,,NA,NA,,NA,NA,,NA,NA,,NA,NA,,NA,NA,,NA,NA,,NA,NA,,NA,NA,,NA,NA,,NA,NA,,NA,NA,,NA,NA,,NA,NA,,NA,NA,,NA,NA,,NA,NA,,NA,NA,,NA,NA,,NA,NA,,NA,NA,,NA,NA,,,,,,,,,,,,,,,,,,,,,,,,,,,,,,,,,,,,,,,,,,,,,,,,,,NA,NA,,NA,NA,,NA,NA,,NA,NA,,NA,NA,,NA,NA,,NA,NA,,NA,NA,,NA,NA,,NA,NA
1,66292,25,4,919,4111,140049,E14001568,Watford,,Westfield Academy,Tolpits Lane,,,Watford,WD18 6NS,1923231560,0,ACC,Does not apply,NSE,OTHER NON SEL,MIXED,0, 11-18,0,,,R,,180,109,56,28.91,C,33,30.61,C,33,3.00%,57,28.89,C,65,29.72,Merit+,NE,NE,NE,NE,NE,65,100.00%,,,,,,,,,38,86.80%,86.80%,38,86.80%,38,86.80%,86.80%,38,86.80%,70,92.90%,92.90%,70,92.90%,NE,NE,NE,NE,NE,NE,NE,NE,NE,NE,NE,NE,NE,20,9,25.91,C-,9,25.91,C-,12,26.09,Merit,NE,NE,NE,,,,,7,85.70%,7,85.70%,13,92.30%,NE,NE,NE,NE,NE,NE,NE,87,46,29.73,C,47,29.7,C,52,30.77,Dist-,NE,NE,NE,,,,,30,86.70%,30,86.70%,56,92.90%,NE,NE,NE,NE,NE,NE,NE,128,-0.03,0.15,-0.21,3,129,-0.03,0.15,-0.21,3,88,-0.05,0.13,-0.24,3,NE,NE,NE,NE,NA,22,-0.06,0.4,-0.53,22,-0.06,0.4,-0.53,20,-0.36,0.02,-0.75,NE,NE,NE,NE,106,-0.02,0.17,-0.21,107,-0.02,0.17,-0.22,68,0.03,0.24,-0.18,NE,NE,NE,NE,105,67,,66,34,,29.35,34.22,,C,C+,,66,34,,29.35,34.1,,C,C+,,55,25,,24.85,31.22,,Merit,Dist-,,NE,NE,,NE,NE,,NE,NE,,NE,NE,,NE,NE,,NE,NE,,,,,,,,,,,,,,,,,,,,,,,,,,,,,,,,,,,,,,,,,,,,,,,,,,,,,,,,58,36,,96.60%,94.40%,,58,36,,96.60%,94.40%,,46,26,,100.00%,96.20%,,NE,3,,NE,SUPP,,NE,NE,,NE,NE,,15,15,,10,8,,25,30.42,,C-,C,,10,8,,25,30.42,,C-,C,,9,SUPP,,20.75,SUPP,,Merit-,SUPP,,NE,NE,,NE,NE,,NE,NE,,NE,NE,,NE,NE,,NE,NE,,,,,,,,,,,,,,,,,,,,,,,,,,,,,,,,,,,,,,,,,,,,,,,,,,8,9,,87.50%,88.90%,,8,9,,87.50%,88.90%,,7,SUPP,,100.00%,SUPP,,NE,SUPP,,NE,SUPP,,NE,NE,,NE,NE,,88,51,,55,26,,29.72,35.38,,C,B-,,55,26,,29.72,35.23,,C,B-,,45,SUPP,,25.59,SUPP,,Merit,SUPP,,NE,NE,,NE,NE,,NE,NE,,NE,NE,,NE,NE,,NE,NE,,,,,,,,,,,,,,,,,,,,,,,,,,,,,,,,,,,,,,,,,,,,,,,,,,49,27,,98.00%,96.30%,,49,27,,98.00%,96.30%,,38,SUPP,,100.00%,SUPP,,NE,SUPP,,NE,SUPP,,NE,NE,,NE,NE
1,41150,25,4,919,8022,130723,E14001507,St Albans,,Oaklands College,Oaklands Campus,Hatfield Road,,St Albans,AL4 0JA,1727737000,0,General Further Education College,Does not apply,NA,NA,MIXED,0, 16-99,0,,,,,3299,1597,22,15.83,D-,1,SUPP,SUPP,1,SUPP,31,18.39,D,296,27.86,Merit+,181,25.14,Merit,520,34.80%,650,52.00%,,,,,,,,,3,SUPP,SUPP,3,SUPP,3,SUPP,SUPP,3,SUPP,321,91.60%,82.90%,312,73.70%,225,93.30%,72.40%,218,81.70%,105,6.05,L2Merit,114,87.70%,64.90%,407,22.10%,429,SUPP,SUPP,SUPP,SUPP,SUPP,SUPP,56,24.87,Merit,33,21.18,Merit-,,,,,NE,NE,NE,NE,67,89.60%,45,91.10%,29,5.97,L2Merit,33,84.80%,1094,SUPP,SUPP,SUPP,SUPP,SUPP,SUPP,231,28.31,Merit+,146,25.86,Merit,,,,,SUPP,SUPP,SUPP,SUPP,246,92.30%,178,93.80%,74,6.05,L2Merit,79,88.60%,17,-1.28,-0.76,-1.8,5,21,-1.09,-0.6,-1.58,5,188,0.01,0.14,-0.12,3,84,-0.08,0.1,-0.26,3,SUPP,SUPP,SUPP,SUPP,SUPP,SUPP,SUPP,SUPP,27,0.05,0.4,-0.31,14,-0.4,0.06,-0.86,SUPP,SUPP,SUPP,SUPP,SUPP,SUPP,SUPP,SUPP,161,0,0.14,-0.14,70,-0.02,0.18,-0.22,1466,1582,,28,38,,17.14,26.74,,D-,C-,,49,38,,23.66,27.89,,D+,C-,,204,231,,25.43,26.43,,Merit,Merit,,159,86,,24.09,29.56,,Merit,Merit+,,40,12,,5.95,6.08,,L2Merit,L2Merit,,,,,,,,,,,,,,,,,,,,,,,,,,,,,,,,,,,,,,,,,,,,,,,,,,,,,,,,8,37,,62.50%,94.60%,,8,37,,62.50%,94.60%,,267,292,,91.00%,95.50%,,214,178,,93.50%,91.00%,,61,18,,82.00%,77.80%,,402,407,,SUPP,9,,SUPP,26.36,,SUPP,C-,,SUPP,9,,SUPP,26.9,,SUPP,C-,,41,48,,23.82,24.38,,Merit,Merit,,39,24,,23.49,26.8,,Merit,Merit+,,12,SUPP,,5.67,SUPP,,L2Merit-,SUPP,,,,,,,,,,,,,,,,,,,,,,,,,,,,,,,,,,,,,,,,,,,,,,,,,,NE,10,,NE,100.00%,,NE,10,,NE,100.00%,,63,61,,82.50%,91.80%,,60,45,,96.70%,84.40%,,17,7,,88.20%,71.40%,,993,1104,,SUPP,28,,SUPP,26.67,,SUPP,C-,,SUPP,28,,SUPP,28.04,,SUPP,C-,,158,175,,25.71,26.96,,Merit,Merit+,,118,61,,24.35,30.47,,Merit,Dist-,,28,SUPP,,6.07,SUPP,,L2Merit,SUPP,,,,,,,,,,,,,,,,,,,,,,,,,,,,,,,,,,,,,,,,,,,,,,,,,,7,26,,71.40%,92.30%,,7,26,,71.40%,92.30%,,198,222,,93.90%,96.40%,,151,132,,92.70%,93.20%,,44,9,,79.50%,77.80%
1,65264,25,4,919,5401,136276,E14001568,Watford,,Watford Grammar School for Boys,Rickmansworth Road,,,Watford,WD18 7JF,1923208900,0,ACC,Church of England,NSE,OTHER NON SEL,BOYS,0, 11-18,0,,,R,,434,194,186,41.99,B+,186,41.68,B+,186,39.80%,186,41.85,B+,NE,NE,NE,NE,NE,NE,NE,NE,NE,NE,,,,,,,,,196,95.40%,94.90%,196,95.40%,196,95.40%,94.90%,196,95.40%,NE,NE,NE,NE,NE,NE,NE,NE,NE,NE,NE,NE,NE,NE,NE,NE,NE,NE,9,9,42.14,B+,9,41.74,B+,NE,NE,NE,NE,NE,NE,,,,,9,100.00%,9,100.00%,NE,NE,NE,NE,NE,NE,NE,NE,NE,184,176,41.89,B+,176,41.77,B+,NE,NE,NE,NE,NE,NE,,,,,186,95.20%,186,95.20%,NE,NE,NE,NE,NE,NE,NE,NE,NE,609,0.11,0.2,0.03,2,652,0.11,0.19,0.02,2,NE,NE,NE,NE,NA,NE,NE,NE,NE,NA,28,0.33,0.76,-0.1,30,0.29,0.71,-0.13,NE,NE,NE,NE,NE,NE,NE,NE,581,0.1,0.19,0.01,622,0.1,0.19,0.01,NE,NE,NE,NE,NE,NE,NE,NE,219,199,,218,198,,40.1,43.24,,B,B+,,219,198,,39.99,42.89,,B,B+,,NE,NE,,NE,NE,,NE,NE,,NE,NE,,NE,NE,,NE,NE,,NE,NE,,NE,NE,,NE,NE,,,,,,,,,,,,,,,,,,,,,,,,,,,,,,,,,,,,,,,,,,,,,,,,,,,,,,,,220,200,,99.10%,99.00%,,220,200,,99.10%,99.00%,,NE,NE,,NE,NE,,NE,NE,,NE,NE,,NE,NE,,NE,NE,,SUPP,9,,SUPP,8,,SUPP,35.2,,SUPP,B-,,SUPP,8,,SUPP,34.96,,SUPP,C+,,NE,NE,,NE,NE,,NE,NE,,NE,NE,,NE,NE,,NE,NE,,NE,NE,,NE,NE,,NE,NE,,,,,,,,,,,,,,,,,,,,,,,,,,,,,,,,,,,,,,,,,,,,,,,,,,6,9,,83.30%,88.90%,,6,9,,83.30%,88.90%,,NE,NE,,NE,NE,,NE,NE,,NE,NE,,NE,NE,,NE,NE,,SUPP,188,,SUPP,188,,SUPP,43.63,,SUPP,B+,,SUPP,188,,SUPP,43.26,,SUPP,B+,,NE,NE,,NE,NE,,NE,NE,,NE,NE,,NE,NE,,NE,NE,,NE,NE,,NE,NE,,NE,NE,,,,,,,,,,,,,,,,,,,,,,,,,,,,,,,,,,,,,,,,,,,,,,,,,,212,189,,99.50%,99.50%,,212,189,,99.50%,99.50%,,NE,NE,,NE,NE,,NE,NE,,NE,NE,,NE,NE,,NE,NE
1,65266,25,4,919,5403,136289,E14001568,Watford,,Watford Grammar School for Girls,Lady's Close,,,Watford,WD18 0AE,1923223403,0,ACC,Church of England,NSE,OTHER NON SEL,GIRLS,0, 11-18,0,,,R,,401,199,196,40.04,B,196,40,B,196,29.10%,196,39.93,B,NE,NE,NE,NE,NE,NE,NE,NE,NE,NE,,,,,,,,,199,98.50%,98.50%,199,98.50%,199,98.50%,98.50%,199,98.50%,NE,NE,NE,NE,NE,NE,NE,NE,NE,NE,NE,NE,NE,NE,NE,NE,NE,NE,7,7,35.24,B-,7,35.28,B-,NE,NE,NE,NE,NE,NE,,,,,7,100.00%,7,100.00%,NE,NE,NE,NE,NE,NE,NE,NE,NE,189,186,40.18,B,186,40.06,B,NE,NE,NE,NE,NE,NE,,,,,189,98.40%,189,98.40%,NE,NE,NE,NE,NE,NE,NE,NE,NE,608,-0.05,0.04,-0.13,3,663,-0.06,0.02,-0.14,3,NE,NE,NE,NE,NA,NE,NE,NE,NE,NA,21,-0.13,0.34,-0.59,23,-0.14,0.31,-0.6,NE,NE,NE,NE,NE,NE,NE,NE,587,-0.04,0.04,-0.13,640,-0.06,0.03,-0.14,NE,NE,NE,NE,NE,NE,NE,NE,212,199,,203,196,,38.91,43.98,,B,B+,,203,196,,38.7,43.96,,B,B+,,NE,NE,,NE,NE,,NE,NE,,NE,NE,,NE,NE,,NE,NE,,NE,NE,,NE,NE,,NE,NE,,,,,,,,,,,,,,,,,,,,,,,,,,,,,,,,,,,,,,,,,,,,,,,,,,,,,,,,212,199,,95.80%,98.00%,,212,199,,95.80%,98.00%,,NE,NE,,NE,NE,,NE,NE,,NE,NE,,NE,NE,,NE,NE,,15,16,,14,16,,37.76,43.08,,B-,B+,,14,16,,37.39,43.04,,B-,B+,,NE,NE,,NE,NE,,NE,NE,,NE,NE,,NE,NE,,NE,NE,,NE,NE,,NE,NE,,NE,NE,,,,,,,,,,,,,,,,,,,,,,,,,,,,,,,,,,,,,,,,,,,,,,,,,,15,16,,93.30%,100.00%,,15,16,,93.30%,100.00%,,NE,NE,,NE,NE,,NE,NE,,NE,NE,,NE,NE,,NE,NE,,195,181,,188,178,,39.06,44.09,,B,B+,,188,178,,38.85,44.07,,B,B+,,NE,NE,,NE,NE,,NE,NE,,NE,NE,,NE,NE,,NE,NE,,NE,NE,,NE,NE,,NE,NE,,,,,,,,,,,,,,,,,,,,,,,,,,,,,,,,,,,,,,,,,,,,,,,,,,195,181,,96.40%,97.80%,,195,181,,96.40%,97.80%,,NE,NE,,NE,NE,,NE,NE,,NE,NE,,NE,NE,,NE,NE
1,50336,25,4,919,6028,117612,E14001393,North East Hertfordshire,,St Christopher School,Barrington Road,,,Letchworth Garden City,SG6 3JZ,1462650850,0,IND,None,,NA,MIXED,0, 2-18,0,,,R,,89,39,39,38.04,B-,32,38.85,B,32,15.60%,39,38.23,B-,5,SUPP,SUPP,NE,NE,NE,1,SUPP,6,83.30%,,,,,,,,,NA,NA,NA,NA,NA,NA,NA,NA,NA,NA,NA,NA,NA,NA,NA,NA,NA,NA,NA,NA,NE,NE,NE,NA,NA,NA,NE,NE,NA,NA,NA,NA,NA,NA,NA,NA,NA,NA,NA,NA,NA,,,,,NA,NA,NA,NA,NA,NA,NA,NA,NA,NA,NA,NA,NA,NA,NA,NA,NA,NA,NA,NA,NA,NA,NA,NA,NA,NA,,,,,NA,NA,NA,NA,NA,NA,NA,NA,NA,NA,NA,NA,NA,105,0.25,0.45,0.05,2,112,0.26,0.46,0.07,2,SUPP,SUPP,SUPP,SUPP,NA,NE,NE,NE,NE,NA,NA,NA,NA,NA,NA,NA,NA,NA,NA,NA,NA,NA,NA,NA,NA,NA,NA,NA,NA,NA,NA,NA,NA,NA,NA,NA,NA,NA,NA,NA,NA,NA,34,27,,34,26,,33.83,42.91,,C+,B+,,34,26,,33.81,42.91,,C+,B+,,NE,NE,,NE,NE,,NE,NE,,NE,NE,,NE,NE,,NE,NE,,NE,NE,,NE,NE,,NE,NE,,,,,,,,,,,,,,,,,,,,,,,,,,,,,,,,,,,,,,,,,,,,,,,,,,,,,,,,NA,NA,,NA,NA,,NA,NA,,NA,NA,,NA,NA,,NA,NA,,NA,NA,,NA,NA,,NA,NA,,NA,NA,,NA,NA,,NA,NA,,NA,NA,,NA,NA,,NA,NA,,NA,NA,,NA,NA,,NA,NA,,NA,NA,,NA,NA,,NA,NA,,NA,NA,,NA,NA,,NA,NA,,NA,NA,,NA,NA,,,,,,,,,,,,,,,,,,,,,,,,,,,,,,,,,,,,,,,,,,,,,,,,,,NA,NA,,NA,NA,,NA,NA,,NA,NA,,NA,NA,,NA,NA,,NA,NA,,NA,NA,,NA,NA,,NA,NA,,NA,NA,,NA,NA,,NA,NA,,NA,NA,,NA,NA,,NA,NA,,NA,NA,,NA,NA,,NA,NA,,NA,NA,,NA,NA,,NA,NA,,NA,NA,,NA,NA,,NA,NA,,NA,NA,,,,,,,,,,,,,,,,,,,,,,,,,,,,,,,,,,,,,,,,,,,,,,,,,,NA,NA,,NA,NA,,NA,NA,,NA,NA,,NA,NA,,NA,NA,,NA,NA,,NA,NA,,NA,NA,,NA,NA
1,50422,25,4,919,5421,136901,E14001496,South West Hertfordshire,,St Clement Danes School,Chenies Road,Chorleywood,,Rickmansworth,WD3 6EW,1923284169,0,ACC,None,NSE,OTHER NON SEL,MIXED,0, 11-18,0,,,R,,397,201,195,42.58,B+,181,42.93,B+,181,24.30%,195,42.65,B+,14,32.94,Dist-,NE,NE,NE,1,SUPP,15,93.30%,,,,,,,,,198,96.50%,96.50%,198,96.50%,198,96.50%,96.50%,198,96.50%,4,SUPP,SUPP,4,SUPP,NE,NE,NE,NE,NE,NE,NE,NE,NE,NE,NE,NE,NE,7,7,39.44,B,7,38.83,B,SUPP,SUPP,SUPP,NE,NE,NE,,,,,7,100.00%,7,100.00%,NE,NE,NE,NE,NE,NE,NE,NE,NE,193,187,42.7,B+,187,42.78,B+,SUPP,SUPP,SUPP,NE,NE,NE,,,,,190,96.30%,190,96.30%,SUPP,SUPP,NE,NE,NE,NE,NE,NE,NE,569,0.15,0.23,0.06,2,644,0.15,0.23,0.07,2,17,-0.02,0.36,-0.4,3,NE,NE,NE,NE,NA,18,0.39,0.88,-0.1,20,0.36,0.83,-0.12,SUPP,SUPP,SUPP,SUPP,NE,NE,NE,NE,551,0.14,0.23,0.06,624,0.14,0.23,0.06,SUPP,SUPP,SUPP,SUPP,NE,NE,NE,NE,195,199,,188,195,,40.5,45.06,,B,A-,,188,195,,40.53,45.02,,B,A-,,14,23,,26.33,35.96,,Merit,Dist,,NE,NE,,NE,NE,,NE,NE,,NE,NE,,NE,NE,,NE,NE,,,,,,,,,,,,,,,,,,,,,,,,,,,,,,,,,,,,,,,,,,,,,,,,,,,,,,,,193,196,,96.90%,98.00%,,193,196,,96.90%,98.00%,,2,4,,SUPP,SUPP,,NE,NE,,NE,NE,,NE,NE,,NE,NE,,8,9,,8,9,,33.91,36.67,,C+,B-,,8,9,,34.38,36.81,,C+,B-,,SUPP,NE,,SUPP,NE,,SUPP,NE,,NE,NE,,NE,NE,,NE,NE,,NE,NE,,NE,NE,,NE,NE,,,,,,,,,,,,,,,,,,,,,,,,,,,,,,,,,,,,,,,,,,,,,,,,,,8,9,,100.00%,100.00%,,8,9,,100.00%,100.00%,,NE,NE,,NE,NE,,NE,NE,,NE,NE,,NE,NE,,NE,NE,,187,187,,180,183,,40.78,45.28,,B,A-,,180,183,,40.79,45.23,,B,A-,,SUPP,23,,SUPP,35.96,,SUPP,Dist,,NE,NE,,NE,NE,,NE,NE,,NE,NE,,NE,NE,,NE,NE,,,,,,,,,,,,,,,,,,,,,,,,,,,,,,,,,,,,,,,,,,,,,,,,,,185,184,,96.80%,97.80%,,185,184,,96.80%,97.80%,,SUPP,SUPP,,SUPP,SUPP,,NE,NE,,NE,NE,,NE,NE,,NE,NE
1,50478,25,4,919,6136,117638,E14001507,St Albans,,St Columba's College,King Harry Lane,,,St Albans,AL3 4AW,1727855185,0,IND,Roman Catholic,,NA,MIXED,0, 4-18,0,,,R,,161,82,82,41.06,B,77,40.95,B,77,14.30%,82,41.3,B,20,24.4,Merit,NE,NE,NE,NE,NE,20,100.00%,,,,,,,,,NA,NA,NA,NA,NA,NA,NA,NA,NA,NA,NA,NA,NA,NA,NA,NA,NA,NA,NA,NA,NE,NE,NE,NA,NA,NA,NE,NE,NA,NA,NA,NA,NA,NA,NA,NA,NA,NA,NA,NA,NA,,,,,NA,NA,NA,NA,NA,NA,NA,NA,NA,NA,NA,NA,NA,NA,NA,NA,NA,NA,NA,NA,NA,NA,NA,NA,NA,NA,,,,,NA,NA,NA,NA,NA,NA,NA,NA,NA,NA,NA,NA,NA,246,-0.07,0.06,-0.2,3,292,-0.06,0.07,-0.18,3,20,-1.04,-0.68,-1.41,5,NE,NE,NE,NE,NA,NA,NA,NA,NA,NA,NA,NA,NA,NA,NA,NA,NA,NA,NA,NA,NA,NA,NA,NA,NA,NA,NA,NA,NA,NA,NA,NA,NA,NA,NA,NA,NA,70,63,,69,61,,39.03,43.29,,B,B+,,69,61,,39.18,43.29,,B,B+,,27,NE,,23.93,NE,,Merit,NE,,NE,NE,,NE,NE,,NE,NE,,NE,NE,,NE,NE,,NE,NE,,,,,,,,,,,,,,,,,,,,,,,,,,,,,,,,,,,,,,,,,,,,,,,,,,,,,,,,NA,NA,,NA,NA,,NA,NA,,NA,NA,,NA,NA,,NA,NA,,NA,NA,,NA,NA,,NA,NA,,NA,NA,,NA,NA,,NA,NA,,NA,NA,,NA,NA,,NA,NA,,NA,NA,,NA,NA,,NA,NA,,NA,NA,,NA,NA,,NA,NA,,NA,NA,,NA,NA,,NA,NA,,NA,NA,,NA,NA,,,,,,,,,,,,,,,,,,,,,,,,,,,,,,,,,,,,,,,,,,,,,,,,,,NA,NA,,NA,NA,,NA,NA,,NA,NA,,NA,NA,,NA,NA,,NA,NA,,NA,NA,,NA,NA,,NA,NA,,NA,NA,,NA,NA,,NA,NA,,NA,NA,,NA,NA,,NA,NA,,NA,NA,,NA,NA,,NA,NA,,NA,NA,,NA,NA,,NA,NA,,NA,NA,,NA,NA,,NA,NA,,NA,NA,,,,,,,,,,,,,,,,,,,,,,,,,,,,,,,,,,,,,,,,,,,,,,,,,,NA,NA,,NA,NA,,NA,NA,,NA,NA,,NA,NA,,NA,NA,,NA,NA,,NA,NA,,NA,NA,,NA,NA
1,9018,25,4,919,4101,136396,E14001139,Broxbourne,,The Broxbourne School,Badgers Walk,,,Broxbourne,EN10 7FU,1992411060,0,ACC,None,NSE,OTHER NON SEL,MIXED,0, 11-18,0,,,R,,243,127,112,39.16,B,108,38.67,B,108,22.20%,112,39.36,B,3,SUPP,SUPP,NE,NE,NE,1,SUPP,4,SUPP,,,,,,,,,115,96.50%,96.50%,115,95.70%,115,96.50%,96.50%,115,95.70%,NE,NE,NE,NE,NE,NE,NE,NE,NE,NE,NE,NE,NE,NE,NE,NE,NE,NE,12,7,31.05,C,7,31.04,C,NE,NE,NE,NE,NE,NE,,,,,9,66.70%,9,66.70%,NE,NE,NE,NE,NE,NE,NE,NE,NE,114,104,39.69,B,104,39.91,B,SUPP,SUPP,SUPP,NE,NE,NE,,,,,105,99.00%,105,99.00%,NE,NE,NE,NE,NE,NE,NE,NE,NE,340,0.22,0.33,0.11,2,364,0.22,0.33,0.11,2,SUPP,SUPP,SUPP,SUPP,NA,NE,NE,NE,NE,NA,18,0.04,0.56,-0.49,19,0.02,0.54,-0.51,NE,NE,NE,NE,NE,NE,NE,NE,322,0.23,0.35,0.12,345,0.24,0.35,0.12,SUPP,SUPP,SUPP,SUPP,NE,NE,NE,NE,109,125,,103,119,,38.05,39.59,,B-,B,,103,119,,38.32,39.82,,B-,B,,13,21,,33.86,38.06,,Dist,Dist+,,NE,NE,,NE,NE,,NE,NE,,NE,NE,,NE,NE,,NE,NE,,,,,,,,,,,,,,,,,,,,,,,,,,,,,,,,,,,,,,,,,,,,,,,,,,,,,,,,100,114,,95.00%,95.60%,,100,114,,95.00%,95.60%,,9,11,,88.90%,100.00%,,NE,NE,,NE,NE,,NE,NE,,NE,NE,,10,12,,10,10,,28.42,35,,C,B-,,10,10,,28.75,35.71,,C,B-,,NE,SUPP,,NE,SUPP,,NE,SUPP,,NE,NE,,NE,NE,,NE,NE,,NE,NE,,NE,NE,,NE,NE,,,,,,,,,,,,,,,,,,,,,,,,,,,,,,,,,,,,,,,,,,,,,,,,,,10,10,,90.00%,80.00%,,10,10,,90.00%,80.00%,,NE,SUPP,,NE,SUPP,,NE,NE,,NE,NE,,NE,NE,,NE,NE,,99,113,,93,109,,39.1,39.95,,B,B,,93,109,,39.33,40.15,,B,B,,13,SUPP,,33.86,SUPP,,Dist,SUPP,,NE,NE,,NE,NE,,NE,NE,,NE,NE,,NE,NE,,NE,NE,,,,,,,,,,,,,,,,,,,,,,,,,,,,,,,,,,,,,,,,,,,,,,,,,,90,104,,95.60%,97.10%,,90,104,,95.60%,97.10%,,9,SUPP,,88.90%,SUPP,,NE,NE,,NE,NE,,NE,NE,,NE,NE
1,48436,25,4,919,6165,117641,E14001496,South West Hertfordshire,,Royal Masonic School for Girls,Rickmansworth Park,Chorleywood Road,,Rickmansworth,WD3 4HF,1923773168,0,IND,None,,NA,GIRLS,0, 2-18,0,,,R,,190,90,90,45.46,A-,76,46.01,A-,76,32.90%,90,45.65,A-,12,40.22,Dist+,NE,NE,NE,NE,NE,12,100.00%,,,,,,,,,NA,NA,NA,NA,NA,NA,NA,NA,NA,NA,NA,NA,NA,NA,NA,NA,NA,NA,NA,NA,NE,NE,NE,NA,NA,NA,NE,NE,NA,NA,NA,NA,NA,NA,NA,NA,NA,NA,NA,NA,NA,,,,,NA,NA,NA,NA,NA,NA,NA,NA,NA,NA,NA,NA,NA,NA,NA,NA,NA,NA,NA,NA,NA,NA,NA,NA,NA,NA,,,,,NA,NA,NA,NA,NA,NA,NA,NA,NA,NA,NA,NA,NA,226,0.34,0.48,0.21,2,239,0.35,0.49,0.22,2,9,0.47,1.03,-0.08,3,NE,NE,NE,NE,NA,NA,NA,NA,NA,NA,NA,NA,NA,NA,NA,NA,NA,NA,NA,NA,NA,NA,NA,NA,NA,NA,NA,NA,NA,NA,NA,NA,NA,NA,NA,NA,NA,70,79,,69,78,,43.42,44.37,,B+,B+,,69,78,,43.53,44.58,,B+,B+,,14,16,,36.61,40.59,,Dist,Dist+,,NE,NE,,NE,NE,,NE,NE,,NE,NE,,NE,NE,,NE,NE,,,,,,,,,,,,,,,,,,,,,,,,,,,,,,,,,,,,,,,,,,,,,,,,,,,,,,,,NA,NA,,NA,NA,,NA,NA,,NA,NA,,NA,NA,,NA,NA,,NA,NA,,NA,NA,,NA,NA,,NA,NA,,NA,NA,,NA,NA,,NA,NA,,NA,NA,,NA,NA,,NA,NA,,NA,NA,,NA,NA,,NA,NA,,NA,NA,,NA,NA,,NA,NA,,NA,NA,,NA,NA,,NA,NA,,NA,NA,,,,,,,,,,,,,,,,,,,,,,,,,,,,,,,,,,,,,,,,,,,,,,,,,,NA,NA,,NA,NA,,NA,NA,,NA,NA,,NA,NA,,NA,NA,,NA,NA,,NA,NA,,NA,NA,,NA,NA,,NA,NA,,NA,NA,,NA,NA,,NA,NA,,NA,NA,,NA,NA,,NA,NA,,NA,NA,,NA,NA,,NA,NA,,NA,NA,,NA,NA,,NA,NA,,NA,NA,,NA,NA,,NA,NA,,,,,,,,,,,,,,,,,,,,,,,,,,,,,,,,,,,,,,,,,,,,,,,,,,NA,NA,,NA,NA,,NA,NA,,NA,NA,,NA,NA,,NA,NA,,NA,NA,,NA,NA,,NA,NA,,NA,NA
1,51702,25,4,919,5418,137914,E14001496,South West Hertfordshire,,Saint Joan of Arc Catholic School,High Street,,,Rickmansworth,WD3 1HG,1923773881,0,ACC,Roman Catholic,NSE,OTHER NON SEL,MIXED,0, 11-18,0,,,R,,181,95,91,33.79,C+,77,34.63,C+,77,11.70%,91,33.69,C+,14,36.67,Dist+,NE,NE,NE,NE,NE,14,100.00%,,,,,,,,,93,97.80%,97.80%,93,97.80%,93,97.80%,97.80%,93,97.80%,1,SUPP,SUPP,1,SUPP,NE,NE,NE,NE,NE,NE,NE,NE,NE,NE,NE,NE,NE,7,7,37,B-,7,36.6,B-,SUPP,SUPP,SUPP,NE,NE,NE,,,,,7,100.00%,7,100.00%,NE,NE,NE,NE,NE,NE,NE,NE,NE,86,83,33.46,C+,83,33.39,C+,SUPP,SUPP,SUPP,NE,NE,NE,,,,,85,97.60%,85,97.60%,SUPP,SUPP,NE,NE,NE,NE,NE,NE,NE,260,0.1,0.23,-0.02,3,278,0.09,0.21,-0.04,3,15,-0.08,0.33,-0.5,3,NE,NE,NE,NE,NA,20,0.01,0.46,-0.44,21,-0.03,0.41,-0.47,SUPP,SUPP,SUPP,SUPP,NE,NE,NE,NE,240,0.11,0.24,-0.02,257,0.1,0.22,-0.03,SUPP,SUPP,SUPP,SUPP,NE,NE,NE,NE,86,109,,80,105,,36.82,38.45,,B-,B,,80,105,,36.23,38.52,,B-,B,,21,31,,31.52,31.25,,Dist-,Dist-,,NE,NE,,NE,NE,,NE,NE,,NE,NE,,NE,NE,,NE,NE,,,,,,,,,,,,,,,,,,,,,,,,,,,,,,,,,,,,,,,,,,,,,,,,,,,,,,,,83,104,,96.40%,97.10%,,83,104,,96.40%,97.10%,,2,5,,SUPP,SUPP,,NE,NE,,NE,NE,,NE,NE,,NE,NE,,9,10,,9,9,,29.57,32.8,,C,C+,,9,9,,28.94,33,,C,C+,,SUPP,SUPP,,SUPP,SUPP,,SUPP,SUPP,,NE,NE,,NE,NE,,NE,NE,,NE,NE,,NE,NE,,NE,NE,,,,,,,,,,,,,,,,,,,,,,,,,,,,,,,,,,,,,,,,,,,,,,,,,,9,10,,100.00%,100.00%,,9,10,,100.00%,100.00%,,NE,NE,,NE,NE,,NE,NE,,NE,NE,,NE,NE,,NE,NE,,77,99,,71,96,,37.65,39,,B-,B,,71,96,,37.05,39.06,,B-,B,,SUPP,SUPP,,SUPP,SUPP,,SUPP,SUPP,,NE,NE,,NE,NE,,NE,NE,,NE,NE,,NE,NE,,NE,NE,,,,,,,,,,,,,,,,,,,,,,,,,,,,,,,,,,,,,,,,,,,,,,,,,,74,94,,95.90%,96.80%,,74,94,,95.90%,96.80%,,SUPP,SUPP,,SUPP,SUPP,,NE,NE,,NE,NE,,NE,NE,,NE,NE
1,51790,25,4,919,5413,137895,E14001516,Stevenage,,The Saint John Henry Newman Catholic School,Hitchin Road,,,Stevenage,SG1 4AE,1438314643,0,ACC,Roman Catholic,NSE,OTHER NON SEL,MIXED,0, 11-18,0,,,R,,398,199,167,34.96,C+,125,35.55,B-,125,16.00%,167,35.02,B-,51,29.5,Merit+,9,40,Dist+,20,45.00%,60,85.00%,,,,,,,,,151,95.40%,94.70%,151,94.00%,151,95.40%,94.70%,151,94.00%,35,88.60%,88.60%,35,88.60%,6,100.00%,83.30%,6,83.30%,NE,NE,NE,NE,NE,NE,NE,NE,11,7,30.65,C,7,30.65,C,SUPP,SUPP,SUPP,SUPP,SUPP,SUPP,,,,,7,85.70%,7,85.70%,SUPP,SUPP,SUPP,SUPP,NE,NE,NE,NE,NE,187,159,35.12,B-,159,35.18,B-,SUPP,SUPP,SUPP,SUPP,SUPP,SUPP,,,,,143,95.80%,143,95.80%,SUPP,SUPP,SUPP,SUPP,NE,NE,NE,NE,NE,427,-0.02,0.08,-0.12,3,442,-0.02,0.08,-0.12,3,64,0.04,0.25,-0.17,3,9,0.78,1.37,0.19,2,11,-0.2,0.43,-0.83,11,-0.2,0.43,-0.83,SUPP,SUPP,SUPP,SUPP,SUPP,SUPP,SUPP,SUPP,416,-0.02,0.09,-0.12,431,-0.01,0.09,-0.12,SUPP,SUPP,SUPP,SUPP,SUPP,SUPP,SUPP,SUPP,211,206,,183,173,,36.12,39.82,,B-,B,,183,173,,36.11,39.82,,B-,B,,47,63,,31.96,33.37,,Dist-,Dist,,4,16,,SUPP,38.75,,SUPP,Dist+,,NE,NE,,NE,NE,,NE,NE,,,,,,,,,,,,,,,,,,,,,,,,,,,,,,,,,,,,,,,,,,,,,,,,,,,,,,,,172,148,,97.10%,98.60%,,172,148,,97.10%,98.60%,,29,50,,86.20%,96.00%,,2,2,,SUPP,SUPP,,NE,NE,,NE,NE,,10,24,,9,19,,30.54,32.73,,C,C+,,9,19,,30.54,32.73,,C,C+,,SUPP,9,,SUPP,30.63,,SUPP,Dist-,,NE,SUPP,,NE,SUPP,,NE,SUPP,,NE,NE,,NE,NE,,NE,NE,,,,,,,,,,,,,,,,,,,,,,,,,,,,,,,,,,,,,,,,,,,,,,,,,,7,12,,100.00%,100.00%,,7,12,,100.00%,100.00%,,SUPP,9,,SUPP,88.90%,,NE,SUPP,,NE,SUPP,,NE,NE,,NE,NE,,200,181,,173,154,,36.51,40.6,,B-,B,,173,154,,36.5,40.6,,B-,B,,SUPP,53,,SUPP,33.89,,SUPP,Dist,,SUPP,SUPP,,SUPP,SUPP,,SUPP,SUPP,,NE,NE,,NE,NE,,NE,NE,,,,,,,,,,,,,,,,,,,,,,,,,,,,,,,,,,,,,,,,,,,,,,,,,,164,136,,97.00%,98.50%,,164,136,,97.00%,98.50%,,SUPP,41,,SUPP,97.60%,,SUPP,SUPP,,SUPP,SUPP,,NE,NE,,NE,NE
1,27200,25,4,919,4008,139154,E14001289,Hitchin,,Hitchin Boys' School,Grammar School Walk,,,Hitchin,SG5 1JB,1462432181,0,ACC,Does not apply,NSE,OTHER NON SEL,BOYS,0, 11-18,0,,,R,,271,139,121,34.1,C+,100,34.6,C+,100,20.00%,121,34.22,C+,24,25.48,Merit,6,28.33,Merit+,6,100.00%,24,100.00%,,,,,,,,,127,89.00%,89.00%,127,88.20%,127,89.00%,89.00%,127,88.20%,9,88.90%,88.90%,9,88.90%,2,SUPP,SUPP,2,SUPP,NE,NE,NE,NE,NE,NE,NE,NE,8,SUPP,SUPP,SUPP,SUPP,SUPP,SUPP,SUPP,SUPP,SUPP,NE,NE,NE,,,,,7,71.40%,7,71.40%,SUPP,SUPP,NE,NE,NE,NE,NE,NE,NE,129,SUPP,SUPP,SUPP,SUPP,SUPP,SUPP,SUPP,SUPP,SUPP,6,28.33,Merit+,,,,,118,90.70%,118,90.70%,SUPP,SUPP,SUPP,SUPP,NE,NE,NE,NE,NE,337,0.1,0.21,-0.01,3,360,0.1,0.2,-0.01,3,26,-0.41,-0.08,-0.73,4,6,-0.27,0.42,-0.96,3,15,0.31,0.86,-0.24,16,0.3,0.84,-0.25,SUPP,SUPP,SUPP,SUPP,NE,NE,NE,NE,322,0.09,0.2,-0.02,344,0.09,0.2,-0.02,SUPP,SUPP,SUPP,SUPP,6,-0.27,0.43,-0.97,133,134,,125,127,,33.71,36.47,,C+,B-,,125,127,,34.06,36.62,,C+,B-,,17,18,,28.49,26.46,,Merit+,Merit,,2,3,,SUPP,SUPP,,SUPP,SUPP,,NE,NE,,NE,NE,,NE,NE,,,,,,,,,,,,,,,,,,,,,,,,,,,,,,,,,,,,,,,,,,,,,,,,,,,,,,,,122,125,,99.20%,99.20%,,122,125,,99.20%,99.20%,,9,10,,77.80%,90.00%,,1,NE,,SUPP,NE,,NE,NE,,NE,NE,,13,SUPP,,10,SUPP,,32.07,SUPP,,C+,SUPP,,10,SUPP,,32.78,SUPP,,C+,SUPP,,SUPP,NE,,SUPP,NE,,SUPP,NE,,NE,NE,,NE,NE,,NE,NE,,NE,NE,,NE,NE,,NE,NE,,,,,,,,,,,,,,,,,,,,,,,,,,,,,,,,,,,,,,,,,,,,,,,,,,11,SUPP,,90.90%,SUPP,,11,SUPP,,90.90%,SUPP,,SUPP,SUPP,,SUPP,SUPP,,NE,NE,,NE,NE,,NE,NE,,NE,NE,,120,SUPP,,115,SUPP,,33.86,SUPP,,C+,SUPP,,115,SUPP,,34.17,SUPP,,C+,SUPP,,SUPP,18,,SUPP,26.46,,SUPP,Merit,,SUPP,SUPP,,SUPP,SUPP,,SUPP,SUPP,,NE,NE,,NE,NE,,NE,NE,,,,,,,,,,,,,,,,,,,,,,,,,,,,,,,,,,,,,,,,,,,,,,,,,,111,SUPP,,100.00%,SUPP,,111,SUPP,,100.00%,SUPP,,SUPP,SUPP,,SUPP,SUPP,,SUPP,NE,,SUPP,NE,,NE,NE,,NE,NE
1,27202,25,4,919,4009,137288,E14001289,Hitchin,,Hitchin Girls' School,Highbury Road,,,Hitchin,SG4 9RS,1462621300,0,ACC,Does not apply,NSE,OTHER NON SEL,GIRLS,0, 11-18,0,,,R,,310,157,152,37.54,B-,131,37.91,B-,131,16.00%,153,38,B-,23,29.61,Merit+,2,SUPP,SUPP,2,SUPP,23,100.00%,,,,,,,,,155,99.40%,96.80%,155,98.10%,155,99.40%,96.80%,155,98.10%,2,SUPP,SUPP,2,SUPP,NE,NE,NE,NE,NE,NE,NE,NE,NE,NE,NE,NE,NE,10,10,37.93,B-,10,38.19,B-,SUPP,SUPP,SUPP,NE,NE,NE,,,,,10,100.00%,10,100.00%,NE,NE,NE,NE,NE,NE,NE,NE,NE,147,142,37.51,B-,143,37.98,B-,SUPP,SUPP,SUPP,SUPP,SUPP,SUPP,,,,,145,99.30%,145,99.30%,SUPP,SUPP,NE,NE,NE,NE,NE,NE,NE,432,-0.05,0.05,-0.15,3,491,-0.02,0.07,-0.12,3,24,-0.17,0.16,-0.5,3,SUPP,SUPP,SUPP,SUPP,NA,29,-0.11,0.31,-0.54,31,-0.08,0.33,-0.49,SUPP,SUPP,SUPP,SUPP,NE,NE,NE,NE,403,-0.05,0.05,-0.15,460,-0.02,0.08,-0.12,SUPP,SUPP,SUPP,SUPP,SUPP,SUPP,SUPP,SUPP,165,151,,160,143,,36.85,42.95,,B-,B+,,160,143,,37.09,42.95,,B-,B+,,22,16,,31.12,39.28,,Dist-,Dist+,,3,NE,,SUPP,NE,,SUPP,NE,,NE,NE,,NE,NE,,NE,NE,,,,,,,,,,,,,,,,,,,,,,,,,,,,,,,,,,,,,,,,,,,,,,,,,,,,,,,,161,148,,98.10%,98.00%,,161,148,,98.10%,98.00%,,4,2,,SUPP,SUPP,,NE,NE,,NE,NE,,NE,NE,,NE,NE,,8,13,,7,11,,27.89,44.19,,C-,B+,,7,11,,28.54,44.19,,C,B+,,SUPP,SUPP,,SUPP,SUPP,,SUPP,SUPP,,NE,NE,,NE,NE,,NE,NE,,NE,NE,,NE,NE,,NE,NE,,,,,,,,,,,,,,,,,,,,,,,,,,,,,,,,,,,,,,,,,,,,,,,,,,8,13,,87.50%,92.30%,,8,13,,87.50%,92.30%,,NE,NE,,NE,NE,,NE,NE,,NE,NE,,NE,NE,,NE,NE,,157,138,,153,132,,37.23,42.85,,B-,B+,,153,132,,37.46,42.85,,B-,B+,,SUPP,SUPP,,SUPP,SUPP,,SUPP,SUPP,,SUPP,NE,,SUPP,NE,,SUPP,NE,,NE,NE,,NE,NE,,NE,NE,,,,,,,,,,,,,,,,,,,,,,,,,,,,,,,,,,,,,,,,,,,,,,,,,,153,135,,98.70%,98.50%,,153,135,,98.70%,98.50%,,SUPP,SUPP,,SUPP,SUPP,,NE,NE,,NE,NE,,NE,NE,,NE,NE
1,27240,25,4,919,5427,136482,E14001283,Hertford and Stortford,,Hockerill Anglo-European College,Dunmow Road,,Hockerill Anglo-European College,Bishop's Stortford,CM23 5HX,1279658451,0,ACC,None,NSE,OTHER NON SEL,MIXED,0, 11-18,0,,,R,,231,105,1,SUPP,SUPP,NE,NE,NE,NE,NE,101,36.29,B-,NE,NE,NE,1,SUPP,SUPP,1,SUPP,NE,NE,,,,,,,,,NE,NE,NE,NE,NE,104,97.10%,96.20%,104,96.20%,NE,NE,NE,NE,NE,NE,NE,NE,NE,NE,NE,NE,NE,NE,NE,NE,NE,NE,SUPP,NE,NE,NE,SUPP,SUPP,SUPP,NE,NE,NE,NE,NE,NE,,,,,NE,NE,SUPP,SUPP,NE,NE,NE,NE,NE,NE,NE,NE,NE,SUPP,SUPP,SUPP,SUPP,SUPP,SUPP,SUPP,NE,NE,NE,SUPP,SUPP,SUPP,,,,,NE,NE,SUPP,SUPP,NE,NE,NE,NE,NE,NE,NE,NE,NE,SUPP,SUPP,SUPP,SUPP,NA,82,-0.05,0.09,-0.2,3,NE,NE,NE,NE,NA,SUPP,SUPP,SUPP,SUPP,NA,NE,NE,NE,NE,SUPP,SUPP,SUPP,SUPP,NE,NE,NE,NE,NE,NE,NE,NE,SUPP,SUPP,SUPP,SUPP,SUPP,SUPP,SUPP,SUPP,NE,NE,NE,NE,SUPP,SUPP,SUPP,SUPP,124,127,,1,NE,,SUPP,NE,,SUPP,NE,,120,121,,38.01,42.39,,B-,B+,,NE,NE,,NE,NE,,NE,NE,,NE,NE,,NE,NE,,NE,NE,,NE,NE,,NE,NE,,NE,NE,,,,,,,,,,,,,,,,,,,,,,,,,,,,,,,,,,,,,,,,,,,,,,,,,,,,,,,,NE,NE,,NE,NE,,122,127,,98.40%,96.10%,,NE,NE,,NE,NE,,NE,NE,,NE,NE,,NE,NE,,NE,NE,,6,SUPP,,NE,NE,,NE,NE,,NE,NE,,6,NE,,38.15,NE,,B-,NE,,NE,NE,,NE,NE,,NE,NE,,NE,NE,,NE,NE,,NE,NE,,NE,NE,,NE,NE,,NE,NE,,,,,,,,,,,,,,,,,,,,,,,,,,,,,,,,,,,,,,,,,,,,,,,,,,NE,NE,,NE,NE,,6,SUPP,,100.00%,SUPP,,NE,NE,,NE,NE,,NE,NE,,NE,NE,,NE,NE,,NE,NE,,97,SUPP,,SUPP,NE,,SUPP,NE,,SUPP,NE,,93,70,,37.19,42.87,,B-,B+,,NE,NE,,NE,NE,,NE,NE,,NE,NE,,NE,NE,,NE,NE,,NE,NE,,NE,NE,,NE,NE,,,,,,,,,,,,,,,,,,,,,,,,,,,,,,,,,,,,,,,,,,,,,,,,,,NE,NE,,NE,NE,,96,SUPP,,97.90%,SUPP,,NE,NE,,NE,NE,,NE,NE,,NE,NE,,NE,NE,,NE,NE
1,25966,25,4,919,4005,149500,E14001278,Hemel Hempstead,,The Hemel Hempstead School,Heath Lane,,"The Hemel Hempstead School, Heath Lane",Hemel Hempstead,HP1 1TX,1442390100,0,ACC,Does not apply,NSE,OTHER NON SEL,MIXED,0, 11-18,0,,,R,,237,123,116,30.9,C,92,32.17,C+,92,13.00%,116,30.75,C,30,30.85,Dist-,NE,NE,NE,NE,NE,30,100.00%,,,,,,,,,120,95.00%,95.00%,120,95.00%,120,95.00%,95.00%,120,95.00%,3,SUPP,SUPP,3,SUPP,NE,NE,NE,NE,NE,NE,NE,NE,NE,NE,NE,NE,NE,9,9,26.98,C-,9,27.05,C-,SUPP,SUPP,SUPP,NE,NE,NE,,,,,9,100.00%,9,100.00%,NE,NE,NE,NE,NE,NE,NE,NE,NE,114,107,31.24,C,107,31.09,C,SUPP,SUPP,SUPP,NE,NE,NE,,,,,111,94.60%,111,94.60%,SUPP,SUPP,NE,NE,NE,NE,NE,NE,NE,329,-0.05,0.06,-0.16,3,354,-0.05,0.06,-0.16,3,30,0.03,0.31,-0.25,3,NE,NE,NE,NE,NA,27,-0.32,0.09,-0.73,30,-0.27,0.12,-0.67,SUPP,SUPP,SUPP,SUPP,NE,NE,NE,NE,302,-0.02,0.09,-0.14,324,-0.03,0.09,-0.14,SUPP,SUPP,SUPP,SUPP,NE,NE,NE,NE,135,123,,123,121,,33.06,37.14,,C+,B-,,123,121,,33.05,37.18,,C+,B-,,20,22,,27.69,29.33,,Merit+,Merit+,,NE,NE,,NE,NE,,NE,NE,,NE,NE,,NE,NE,,NE,NE,,,,,,,,,,,,,,,,,,,,,,,,,,,,,,,,,,,,,,,,,,,,,,,,,,,,,,,,126,118,,96.00%,98.30%,,126,118,,96.00%,98.30%,,5,5,,SUPP,SUPP,,NE,NE,,NE,NE,,NE,NE,,NE,NE,,11,13,,8,12,,36.52,30.59,,B-,C,,8,12,,36.17,30.84,,B-,C,,SUPP,SUPP,,SUPP,SUPP,,SUPP,SUPP,,NE,NE,,NE,NE,,NE,NE,,NE,NE,,NE,NE,,NE,NE,,,,,,,,,,,,,,,,,,,,,,,,,,,,,,,,,,,,,,,,,,,,,,,,,,10,13,,80.00%,92.30%,,10,13,,80.00%,92.30%,,SUPP,NE,,SUPP,NE,,NE,NE,,NE,NE,,NE,NE,,NE,NE,,122,110,,113,109,,32.83,37.88,,C+,B-,,113,109,,32.83,37.89,,C+,B-,,SUPP,SUPP,,SUPP,SUPP,,SUPP,SUPP,,NE,NE,,NE,NE,,NE,NE,,NE,NE,,NE,NE,,NE,NE,,,,,,,,,,,,,,,,,,,,,,,,,,,,,,,,,,,,,,,,,,,,,,,,,,114,105,,97.40%,99.00%,,114,105,,97.40%,99.00%,,SUPP,SUPP,,SUPP,SUPP,,NE,NE,,NE,NE,,NE,NE,,NE,NE
1,29090,25,4,919,6231,117657,E14001284,Hertsmere,,Immanuel College,87-91 Elstree Road,,,Bushey,WD23 4EB,2089500604,0,IND,Jewish,,NA,MIXED,0, 4-19,0,,,R,,124,71,59,44.26,B+,32,43.65,B+,32,28.10%,59,44.78,B+,14,41.05,Dist+,NE,NE,NE,NE,NE,14,100.00%,,,,,,,,,NA,NA,NA,NA,NA,NA,NA,NA,NA,NA,NA,NA,NA,NA,NA,NA,NA,NA,NA,NA,NE,NE,NE,NA,NA,NA,NE,NE,NA,NA,NA,NA,NA,NA,NA,NA,NA,NA,NA,NA,NA,,,,,NA,NA,NA,NA,NA,NA,NA,NA,NA,NA,NA,NA,NA,NA,NA,NA,NA,NA,NA,NA,NA,NA,NA,NA,NA,NA,,,,,NA,NA,NA,NA,NA,NA,NA,NA,NA,NA,NA,NA,NA,150,0.11,0.28,-0.06,3,170,0.16,0.32,-0.01,3,13,0.67,1.15,0.18,1,NE,NE,NE,NE,NA,NA,NA,NA,NA,NA,NA,NA,NA,NA,NA,NA,NA,NA,NA,NA,NA,NA,NA,NA,NA,NA,NA,NA,NA,NA,NA,NA,NA,NA,NA,NA,NA,74,58,,73,54,,43.86,48.11,,B+,A-,,73,54,,44.66,48.49,,B+,A,,10,NE,,37,NE,,Dist+,NE,,NE,NE,,NE,NE,,NE,NE,,NE,NE,,NE,NE,,NE,NE,,,,,,,,,,,,,,,,,,,,,,,,,,,,,,,,,,,,,,,,,,,,,,,,,,,,,,,,NA,NA,,NA,NA,,NA,NA,,NA,NA,,NA,NA,,NA,NA,,NA,NA,,NA,NA,,NA,NA,,NA,NA,,NA,NA,,NA,NA,,NA,NA,,NA,NA,,NA,NA,,NA,NA,,NA,NA,,NA,NA,,NA,NA,,NA,NA,,NA,NA,,NA,NA,,NA,NA,,NA,NA,,NA,NA,,NA,NA,,,,,,,,,,,,,,,,,,,,,,,,,,,,,,,,,,,,,,,,,,,,,,,,,,NA,NA,,NA,NA,,NA,NA,,NA,NA,,NA,NA,,NA,NA,,NA,NA,,NA,NA,,NA,NA,,NA,NA,,NA,NA,,NA,NA,,NA,NA,,NA,NA,,NA,NA,,NA,NA,,NA,NA,,NA,NA,,NA,NA,,NA,NA,,NA,NA,,NA,NA,,NA,NA,,NA,NA,,NA,NA,,NA,NA,,,,,,,,,,,,,,,,,,,,,,,,,,,,,,,,,,,,,,,,,,,,,,,,,,NA,NA,,NA,NA,,NA,NA,,NA,NA,,NA,NA,,NA,NA,,NA,NA,,NA,NA,,NA,NA,,NA,NA
1,31106,25,4,919,4096,139036,E14001496,South West Hertfordshire,,Kings Langley School,Love Lane,,,Kings Langley,WD4 9HN,1923264504,0,ACC,Does not apply,NSE,OTHER NON SEL,MIXED,0, 11-18,0,,,R,,134,76,65,30.61,C,65,30.62,C,65,9.20%,65,30.68,C,NE,NE,NE,NE,NE,NE,NE,NE,NE,NE,,,,,,,,,74,93.20%,87.80%,74,87.80%,74,93.20%,87.80%,74,87.80%,NE,NE,NE,NE,NE,NE,NE,NE,NE,NE,NE,NE,NE,NE,NE,NE,NE,NE,8,SUPP,SUPP,SUPP,SUPP,SUPP,SUPP,NE,NE,NE,NE,NE,NE,,,,,8,75.00%,8,75.00%,NE,NE,NE,NE,NE,NE,NE,NE,NE,68,SUPP,SUPP,SUPP,SUPP,SUPP,SUPP,NE,NE,NE,NE,NE,NE,,,,,66,95.50%,66,95.50%,NE,NE,NE,NE,NE,NE,NE,NE,NE,197,-0.06,0.09,-0.2,3,203,-0.06,0.08,-0.21,3,NE,NE,NE,NE,NA,NE,NE,NE,NE,NA,15,0.54,1.09,-0.01,15,0.54,1.09,-0.01,NE,NE,NE,NE,NE,NE,NE,NE,182,-0.11,0.04,-0.26,188,-0.11,0.04,-0.26,NE,NE,NE,NE,NE,NE,NE,NE,86,74,,83,71,,31.43,37.06,,C,B-,,83,71,,31.58,37.07,,C,B-,,NE,NE,,NE,NE,,NE,NE,,NE,NE,,NE,NE,,NE,NE,,NE,NE,,NE,NE,,NE,NE,,,,,,,,,,,,,,,,,,,,,,,,,,,,,,,,,,,,,,,,,,,,,,,,,,,,,,,,86,74,,96.50%,97.30%,,86,74,,96.50%,97.30%,,NE,NE,,NE,NE,,NE,NE,,NE,NE,,NE,NE,,NE,NE,,6,12,,6,11,,41.05,32.24,,B,C+,,6,11,,41.05,32.24,,B,C+,,NE,NE,,NE,NE,,NE,NE,,NE,NE,,NE,NE,,NE,NE,,NE,NE,,NE,NE,,NE,NE,,,,,,,,,,,,,,,,,,,,,,,,,,,,,,,,,,,,,,,,,,,,,,,,,,6,12,,100.00%,100.00%,,6,12,,100.00%,100.00%,,NE,NE,,NE,NE,,NE,NE,,NE,NE,,NE,NE,,NE,NE,,78,62,,75,60,,30.57,37.96,,C,B-,,75,60,,30.75,37.94,,C,B-,,NE,NE,,NE,NE,,NE,NE,,NE,NE,,NE,NE,,NE,NE,,NE,NE,,NE,NE,,NE,NE,,,,,,,,,,,,,,,,,,,,,,,,,,,,,,,,,,,,,,,,,,,,,,,,,,78,62,,96.20%,96.80%,,78,62,,96.20%,96.80%,,NE,NE,,NE,NE,,NE,NE,,NE,NE,,NE,NE,,NE,NE
1,29994,25,4,919,4039,150656,E14001139,Broxbourne,,The John Warner School,Stanstead Road,,,Hoddesdon,EN11 0QF,1992462889,0,ACC,None,NR,NA,MIXED,0, 11-18,0,,,R,,,,,,,,,,,,,,,,,,,,,,,,,,,,,,,,,,,,,,,,,,,,,,,,,,,,,,,,,,,,,,,,,,,,,,,,,,,,,,,,,,,,,,,,,,,,,,,,,,,,,,,,,,,,,,,,,,,,,,,,,NA,NA,NA,NA,NA,NA,NA,NA,NA,NA,NA,NA,NA,NA,NA,NA,NA,NA,NA,NA,NA,NA,NA,NA,NA,NA,NA,NA,NA,NA,NA,NA,NA,NA,NA,NA,NA,NA,NA,NA,NA,NA,NA,NA,NA,NA,NA,NA,NA,NA,NA,NA
1,3002,25,4,919,5406,117578,E14001268,Harpenden and Berkhamsted,,Ashlyns School,Chesham Road,,,Berkhamsted,HP4 3AH,1442863605,0,FD,None,NSE,OTHER NON SEL,MIXED,0, 11-18,0,,,R,,316,166,152,34.82,C+,143,34.27,C+,143,9.80%,152,34.77,C+,9,27.78,Merit+,NE,NE,NE,NE,NE,9,100.00%,,,,,,,,,164,92.70%,92.70%,164,92.70%,164,92.70%,92.70%,164,92.70%,2,SUPP,SUPP,2,SUPP,NE,NE,NE,NE,NE,NE,NE,NE,NE,NE,NE,NE,NE,9,7,23.53,D+,7,23.43,D+,SUPP,SUPP,SUPP,NE,NE,NE,,,,,9,77.80%,9,77.80%,NE,NE,NE,NE,NE,NE,NE,NE,NE,153,141,35.31,B-,141,35.26,B-,SUPP,SUPP,SUPP,NE,NE,NE,,,,,151,93.40%,151,93.40%,SUPP,SUPP,NE,NE,NE,NE,NE,NE,NE,422,0.02,0.12,-0.08,3,452,0.01,0.1,-0.09,3,9,-0.17,0.38,-0.72,3,NE,NE,NE,NE,NA,17,-0.38,0.14,-0.91,18,-0.4,0.11,-0.92,SUPP,SUPP,SUPP,SUPP,NE,NE,NE,NE,405,0.04,0.14,-0.06,434,0.03,0.12,-0.07,SUPP,SUPP,SUPP,SUPP,NE,NE,NE,NE,121,136,,110,127,,38.49,42.7,,B,B+,,110,127,,38.57,42.68,,B,B+,,4,3,,SUPP,SUPP,,SUPP,SUPP,,NE,NE,,NE,NE,,NE,NE,,NE,NE,,NE,NE,,NE,NE,,,,,,,,,,,,,,,,,,,,,,,,,,,,,,,,,,,,,,,,,,,,,,,,,,,,,,,,118,134,,93.20%,94.80%,,118,134,,93.20%,94.80%,,4,2,,SUPP,SUPP,,NE,NE,,NE,NE,,NE,NE,,NE,NE,,9,8,,SUPP,8,,SUPP,38.33,,SUPP,B-,,SUPP,8,,SUPP,38.33,,SUPP,B-,,SUPP,NE,,SUPP,NE,,SUPP,NE,,NE,NE,,NE,NE,,NE,NE,,NE,NE,,NE,NE,,NE,NE,,,,,,,,,,,,,,,,,,,,,,,,,,,,,,,,,,,,,,,,,,,,,,,,,,7,8,,71.40%,100.00%,,7,8,,71.40%,100.00%,,SUPP,NE,,SUPP,NE,,NE,NE,,NE,NE,,NE,NE,,NE,NE,,110,128,,SUPP,119,,SUPP,42.99,,SUPP,B+,,SUPP,119,,SUPP,42.97,,SUPP,B+,,SUPP,SUPP,,SUPP,SUPP,,SUPP,SUPP,,NE,NE,,NE,NE,,NE,NE,,NE,NE,,NE,NE,,NE,NE,,,,,,,,,,,,,,,,,,,,,,,,,,,,,,,,,,,,,,,,,,,,,,,,,,109,126,,94.50%,94.40%,,109,126,,94.50%,94.40%,,SUPP,SUPP,,SUPP,SUPP,,NE,NE,,NE,NE,,NE,NE,,NE,NE
1,56610,25,4,919,4197,136609,E14001507,St Albans,,Sandringham School,The Ridgeway,,,St Albans,AL4 9NX,1727799560,0,ACC,Does not apply,NSE,OTHER NON SEL,MIXED,0, 11-18,0,,,R,,561,276,266,42.51,B+,237,42.76,B+,237,32.10%,266,42.64,B+,45,30.18,Dist-,1,SUPP,SUPP,2,SUPP,46,97.80%,,,,,,,,,264,97.00%,96.60%,264,97.00%,264,97.00%,96.60%,264,97.00%,11,90.90%,90.90%,11,90.90%,NE,NE,NE,NE,NE,NE,NE,NE,NE,NE,NE,NE,NE,14,13,38.49,B,13,38.49,B,SUPP,SUPP,SUPP,SUPP,SUPP,SUPP,,,,,14,100.00%,14,100.00%,NE,NE,NE,NE,NE,NE,NE,NE,NE,253,245,42.86,B+,245,42.99,B+,SUPP,SUPP,SUPP,NE,NE,NE,,,,,242,96.70%,242,96.70%,10,90.00%,NE,NE,NE,NE,NE,NE,NE,759,0.38,0.45,0.3,2,806,0.38,0.46,0.31,2,53,-0.19,0.04,-0.43,3,SUPP,SUPP,SUPP,SUPP,NA,37,0.63,1,0.26,37,0.63,1,0.26,SUPP,SUPP,SUPP,SUPP,SUPP,SUPP,SUPP,SUPP,722,0.36,0.44,0.28,769,0.37,0.45,0.3,SUPP,SUPP,SUPP,SUPP,NE,NE,NE,NE,229,241,,214,237,,43.24,46.32,,B+,A-,,216,237,,43.29,46.32,,B+,A-,,44,16,,31.21,28.71,,Dist-,Merit+,,NE,NE,,NE,NE,,NE,NE,,NE,NE,,NE,NE,,NE,NE,,,,,,,,,,,,,,,,,,,,,,,,,,,,,,,,,,,,,,,,,,,,,,,,,,,,,,,,217,238,,94.00%,99.20%,,217,238,,94.00%,99.20%,,13,4,,92.30%,SUPP,,NE,NE,,NE,NE,,NE,NE,,NE,NE,,17,14,,10,14,,35.65,39,,B-,B,,12,14,,34.24,39,,C+,B,,SUPP,SUPP,,SUPP,SUPP,,SUPP,SUPP,,NE,NE,,NE,NE,,NE,NE,,NE,NE,,NE,NE,,NE,NE,,,,,,,,,,,,,,,,,,,,,,,,,,,,,,,,,,,,,,,,,,,,,,,,,,12,14,,58.30%,100.00%,,12,14,,58.30%,100.00%,,SUPP,NE,,SUPP,NE,,NE,NE,,NE,NE,,NE,NE,,NE,NE,,211,226,,203,222,,43.55,46.74,,B+,A-,,203,222,,43.66,46.74,,B+,A-,,SUPP,SUPP,,SUPP,SUPP,,SUPP,SUPP,,NE,NE,,NE,NE,,NE,NE,,NE,NE,,NE,NE,,NE,NE,,,,,,,,,,,,,,,,,,,,,,,,,,,,,,,,,,,,,,,,,,,,,,,,,,204,223,,96.10%,99.10%,,204,223,,96.10%,99.10%,,SUPP,SUPP,,SUPP,SUPP,,NE,NE,,NE,NE,,NE,NE,,NE,NE
1,31816,25,4,919,4016,136608,E14001393,North East Hertfordshire,,The Knights Templar School,Park Street,,,Baldock,SG7 6DZ,1462620700,0,ACC,Does not apply,NSE,OTHER NON SEL,MIXED,0, 11-18,0,,,,,391,204,133,32.95,C+,97,33.26,C+,97,17.50%,134,33.22,C+,97,24.83,Merit,12,26.72,Merit+,61,19.70%,145,66.90%,,,,,,,,,103,94.20%,94.20%,103,94.20%,103,94.20%,94.20%,103,94.20%,36,83.30%,83.30%,36,83.30%,16,81.30%,68.80%,16,81.30%,NE,NE,NE,NE,NE,NE,NE,NE,15,7,22.86,D+,7,22.86,D+,SUPP,SUPP,SUPP,SUPP,SUPP,SUPP,,,,,SUPP,SUPP,SUPP,SUPP,SUPP,SUPP,SUPP,SUPP,NE,NE,NE,NE,NE,183,125,33.37,C+,126,33.65,C+,SUPP,SUPP,SUPP,SUPP,SUPP,SUPP,,,,,SUPP,SUPP,SUPP,SUPP,SUPP,SUPP,SUPP,SUPP,NE,NE,NE,NE,NE,335,-0.15,-0.03,-0.26,4,373,-0.13,-0.02,-0.24,4,112,-0.11,0.07,-0.29,3,10,-0.86,-0.25,-1.46,5,9,-0.99,-0.28,-1.7,9,-0.99,-0.28,-1.7,10,0.16,0.76,-0.44,SUPP,SUPP,SUPP,SUPP,326,-0.12,-0.01,-0.23,364,-0.11,0,-0.22,102,-0.14,0.05,-0.33,SUPP,SUPP,SUPP,SUPP,215,216,,144,151,,29.97,33.05,,C,C+,,147,151,,30.22,33.06,,C,C+,,93,24,,26.56,32.63,,Merit,Dist-,,22,11,,24.38,33.24,,Merit,Dist-,,NE,NE,,NE,NE,,NE,NE,,,,,,,,,,,,,,,,,,,,,,,,,,,,,,,,,,,,,,,,,,,,,,,,,,,,,,,,103,121,,92.20%,95.00%,,103,121,,92.20%,95.00%,,41,31,,97.60%,90.30%,,21,11,,95.20%,100.00%,,NE,NE,,NE,NE,,16,31,,8,24,,25.26,32.5,,C-,C+,,9,24,,25.84,32.59,,C-,C+,,7,SUPP,,26.6,SUPP,,Merit,SUPP,,SUPP,NE,,SUPP,NE,,SUPP,NE,,NE,NE,,NE,NE,,NE,NE,,,,,,,,,,,,,,,,,,,,,,,,,,,,,,,,,,,,,,,,,,,,,,,,,,6,24,,83.30%,87.50%,,6,24,,83.30%,87.50%,,SUPP,SUPP,,SUPP,SUPP,,SUPP,NE,,SUPP,NE,,NE,NE,,NE,NE,,193,178,,136,127,,30.23,33.16,,C,C+,,138,127,,30.47,33.15,,C,C+,,86,SUPP,,26.56,SUPP,,Merit,SUPP,,SUPP,11,,SUPP,33.24,,SUPP,Dist-,,NE,NE,,NE,NE,,NE,NE,,,,,,,,,,,,,,,,,,,,,,,,,,,,,,,,,,,,,,,,,,,,,,,,,,97,97,,92.80%,96.90%,,97,97,,92.80%,96.90%,,SUPP,SUPP,,SUPP,SUPP,,SUPP,11,,SUPP,100.00%,,NE,NE,,NE,NE
1,3186,25,4,919,4499,117552,E14001278,Hemel Hempstead,,The Astley Cooper School,St Agnell's Lane,,,Hemel Hempstead,HP2 7HL,1442394141,0,CY,Does not apply,NSE,OTHER NON SEL,MIXED,0, 11-18,0,,,R,,95,54,30,23.56,D+,11,23.33,D+,11,0.00%,33,23.64,D+,34,25.77,Merit,NE,NE,NE,NE,NE,34,100.00%,,,,,,,,,19,100.00%,100.00%,19,100.00%,19,100.00%,100.00%,19,100.00%,35,80.00%,62.90%,35,60.00%,NE,NE,NE,NE,NE,NE,NE,NE,NE,NE,NE,6,0.00%,15,8,17.78,D-,8,18.3,D-,6,25.57,Merit,NE,NE,NE,,,,,SUPP,SUPP,SUPP,SUPP,11,81.80%,NE,NE,NE,NE,NE,NE,NE,37,20,28.35,C,23,28.05,C-,28,25.81,Merit,NE,NE,NE,,,,,SUPP,SUPP,SUPP,SUPP,24,79.20%,NE,NE,NE,NE,NE,NE,NE,53,-0.16,0.13,-0.45,3,65,-0.18,0.09,-0.46,3,58,-0.18,0.05,-0.4,3,NE,NE,NE,NE,NA,13,-0.49,0.13,-1.11,15,-0.45,0.14,-1.05,8,-0.13,0.47,-0.73,NE,NE,NE,NE,40,-0.06,0.27,-0.39,50,-0.1,0.21,-0.41,50,-0.18,0.06,-0.43,NE,NE,NE,NE,32,36,,19,11,,17.31,21.67,,D-,D+,,22,12,,17.81,21.72,,D-,D+,,24,15,,27.66,28.34,,Merit+,Merit+,,NE,NE,,NE,NE,,NE,NE,,NE,NE,,NE,NE,,NE,NE,,,,,,,,,,,,,,,,,,,,,,,,,,,,,,,,,,,,,,,,,,,,,,,,,,,,,,,,8,8,,100.00%,75.00%,,8,8,,100.00%,75.00%,,19,15,,89.50%,73.30%,,NE,NE,,NE,NE,,NE,NE,,NE,NE,,16,18,,8,SUPP,,17,SUPP,,D-,SUPP,,10,SUPP,,17.59,SUPP,,D-,SUPP,,11,7,,26.86,24.47,,Merit+,Merit,,NE,NE,,NE,NE,,NE,NE,,NE,NE,,NE,NE,,NE,NE,,,,,,,,,,,,,,,,,,,,,,,,,,,,,,,,,,,,,,,,,,,,,,,,,,SUPP,SUPP,,SUPP,SUPP,,SUPP,SUPP,,SUPP,SUPP,,11,8,,81.80%,62.50%,,NE,NE,,NE,NE,,NE,NE,,NE,NE,,16,17,,11,SUPP,,17.5,SUPP,,D-,SUPP,,12,SUPP,,17.95,SUPP,,D-,SUPP,,13,8,,28.44,31.76,,Merit+,Dist-,,NE,NE,,NE,NE,,NE,NE,,NE,NE,,NE,NE,,NE,NE,,,,,,,,,,,,,,,,,,,,,,,,,,,,,,,,,,,,,,,,,,,,,,,,,,SUPP,SUPP,,SUPP,SUPP,,SUPP,SUPP,,SUPP,SUPP,,8,7,,100.00%,85.70%,,NE,NE,,NE,NE,,NE,NE,,NE,NE
1,47072,25,4,919,4006,139873,E14001283,Hertford and Stortford,,Richard Hale School,Hale Road,,,Hertford,SG13 8EN,1992583441,0,ACC,None,NSE,OTHER NON SEL,MIXED,0, 11-18,0,,,R,,331,176,138,38.69,B,129,38.71,B,129,21.70%,138,38.84,B,40,31.87,Dist-,NE,NE,NE,1,SUPP,41,97.60%,,,,,,,,,136,94.90%,94.90%,136,94.90%,136,94.90%,94.90%,136,94.90%,40,97.50%,95.00%,40,97.50%,NE,NE,NE,NE,NE,NE,NE,NE,NE,NE,NE,NE,NE,9,6,38.75,B,6,38.75,B,SUPP,SUPP,SUPP,NE,NE,NE,,,,,6,83.30%,6,83.30%,SUPP,SUPP,NE,NE,NE,NE,NE,NE,NE,166,131,38.7,B,131,38.86,B,SUPP,SUPP,SUPP,NE,NE,NE,,,,,129,95.30%,129,95.30%,SUPP,SUPP,NE,NE,NE,NE,NE,NE,NE,401,0.28,0.38,0.18,2,428,0.28,0.38,0.18,2,39,0.06,0.32,-0.21,3,NE,NE,NE,NE,NA,16,0.2,0.72,-0.31,16,0.2,0.72,-0.31,SUPP,SUPP,SUPP,SUPP,NE,NE,NE,NE,385,0.28,0.39,0.18,412,0.28,0.38,0.18,SUPP,SUPP,SUPP,SUPP,NE,NE,NE,NE,169,152,,143,119,,34.29,38.08,,C+,B-,,143,119,,34.41,38.21,,C+,B-,,33,29,,30.83,33.07,,Dist-,Dist-,,NE,NE,,NE,NE,,NE,NE,,NE,NE,,NE,NE,,NE,NE,,,,,,,,,,,,,,,,,,,,,,,,,,,,,,,,,,,,,,,,,,,,,,,,,,,,,,,,136,121,,98.50%,96.70%,,136,121,,98.50%,96.70%,,32,31,,96.90%,90.30%,,NE,NE,,NE,NE,,NE,NE,,NE,NE,,6,12,,6,SUPP,,28.24,SUPP,,C-,SUPP,,6,SUPP,,28.24,SUPP,,C-,SUPP,,SUPP,SUPP,,SUPP,SUPP,,SUPP,SUPP,,NE,NE,,NE,NE,,NE,NE,,NE,NE,,NE,NE,,NE,NE,,,,,,,,,,,,,,,,,,,,,,,,,,,,,,,,,,,,,,,,,,,,,,,,,,6,SUPP,,100.00%,SUPP,,6,SUPP,,100.00%,SUPP,,NE,6,,NE,100.00%,,NE,NE,,NE,NE,,NE,NE,,NE,NE,,163,140,,137,SUPP,,34.55,SUPP,,C+,SUPP,,137,SUPP,,34.67,SUPP,,C+,SUPP,,SUPP,SUPP,,SUPP,SUPP,,SUPP,SUPP,,NE,NE,,NE,NE,,NE,NE,,NE,NE,,NE,NE,,NE,NE,,,,,,,,,,,,,,,,,,,,,,,,,,,,,,,,,,,,,,,,,,,,,,,,,,130,SUPP,,98.50%,SUPP,,130,SUPP,,98.50%,SUPP,,32,25,,96.90%,88.00%,,NE,NE,,NE,NE,,NE,NE,,NE,NE
1,33282,25,4,919,5416,137156,E14001283,Hertford and Stortford,,Leventhorpe,Cambridge Road,,,Sawbridgeworth,CM21 9BY,1279836633,0,ACC,None,NSE,OTHER NON SEL,MIXED,0, 11-18,0,,,R,,354,182,172,29.81,C,135,30.86,C,135,8.90%,172,29.43,C,77,30.68,Dist-,NE,NE,NE,NE,NE,77,100.00%,,,,,,,,,155,98.10%,98.10%,155,98.10%,155,98.10%,98.10%,155,98.10%,25,88.00%,88.00%,25,88.00%,NE,NE,NE,NE,NE,NE,NE,NE,NE,NE,NE,NE,NE,11,8,25.6,C-,8,25.04,C-,SUPP,SUPP,SUPP,NE,NE,NE,,,,,9,88.90%,9,88.90%,SUPP,SUPP,NE,NE,NE,NE,NE,NE,NE,171,164,30.04,C,164,29.68,C,SUPP,SUPP,SUPP,NE,NE,NE,,,,,146,98.60%,146,98.60%,SUPP,SUPP,NE,NE,NE,NE,NE,NE,NE,472,-0.37,-0.27,-0.46,4,559,-0.41,-0.32,-0.5,4,96,-0.32,-0.13,-0.5,4,NE,NE,NE,NE,NA,25,-0.63,-0.19,-1.07,29,-0.66,-0.24,-1.09,SUPP,SUPP,SUPP,SUPP,NE,NE,NE,NE,447,-0.35,-0.26,-0.45,530,-0.39,-0.3,-0.49,SUPP,SUPP,SUPP,SUPP,NE,NE,NE,NE,110,125,,100,114,,28.51,33.44,,C,C+,,103,114,,28.15,33.45,,C-,C+,,54,33,,32.06,35.88,,Dist-,Dist,,8,5,,34.38,SUPP,,Dist,SUPP,,NE,NE,,NE,NE,,NE,NE,,,,,,,,,,,,,,,,,,,,,,,,,,,,,,,,,,,,,,,,,,,,,,,,,,,,,,,,80,99,,95.00%,93.90%,,80,99,,95.00%,93.90%,,31,25,,90.30%,84.00%,,NE,NE,,NE,NE,,NE,NE,,NE,NE,,11,6,,10,6,,28,27.65,,C-,C-,,11,6,,27.64,27.69,,C-,C-,,6,SUPP,,34.67,SUPP,,Dist,SUPP,,SUPP,NE,,SUPP,NE,,SUPP,NE,,NE,NE,,NE,NE,,NE,NE,,,,,,,,,,,,,,,,,,,,,,,,,,,,,,,,,,,,,,,,,,,,,,,,,,8,6,,100.00%,100.00%,,8,6,,100.00%,100.00%,,SUPP,NE,,SUPP,NE,,NE,NE,,NE,NE,,NE,NE,,NE,NE,,98,119,,89,108,,28.59,33.79,,C,C+,,91,108,,28.23,33.78,,C-,C+,,47,SUPP,,31.83,SUPP,,Dist-,SUPP,,SUPP,SUPP,,SUPP,SUPP,,SUPP,SUPP,,NE,NE,,NE,NE,,NE,NE,,,,,,,,,,,,,,,,,,,,,,,,,,,,,,,,,,,,,,,,,,,,,,,,,,71,93,,94.40%,93.50%,,71,93,,94.40%,93.50%,,SUPP,25,,SUPP,84.00%,,NE,NE,,NE,NE,,NE,NE,,NE,NE
1,58130,25,4,919,4067,140294,E14001283,Hertford and Stortford,,Simon Balle All-Through School,Mangrove Road,,,Hertford,SG13 8AJ,1992410400,0,ACC,Does not apply,NSE,OTHER NON SEL,MIXED,0, 4-18,0,,,R,,222,149,110,39.98,B,94,40.64,B,94,21.30%,110,40.18,B,38,31.34,Dist-,NE,NE,NE,1,SUPP,38,100.00%,,,,,,,,,110,92.70%,92.70%,110,92.70%,110,92.70%,92.70%,110,92.70%,40,45.00%,45.00%,40,45.00%,NE,NE,NE,NE,NE,NE,NE,NE,NE,NE,NE,NE,NE,14,8,30,C,8,30,C,8,30,Dist-,NE,NE,NE,,,,,SUPP,SUPP,SUPP,SUPP,10,50.00%,NE,NE,NE,NE,NE,NE,NE,134,101,40.84,B,101,41.03,B,30,31.73,Dist-,NE,NE,NE,,,,,SUPP,SUPP,SUPP,SUPP,30,43.30%,NE,NE,NE,NE,NE,NE,NE,303,0.43,0.55,0.31,1,324,0.44,0.56,0.32,1,49,-0.07,0.17,-0.31,3,NE,NE,NE,NE,NA,18,-0.34,0.18,-0.86,18,-0.34,0.18,-0.86,11,-0.06,0.47,-0.59,NE,NE,NE,NE,285,0.48,0.6,0.36,306,0.49,0.61,0.37,38,-0.07,0.19,-0.34,NE,NE,NE,NE,135,133,,108,104,,35.79,39.48,,B-,B,,108,104,,35.85,39.67,,B-,B,,47,39,,30.34,34.38,,Dist-,Dist,,NE,NE,,NE,NE,,NE,NE,,NE,NE,,NE,NE,,NE,NE,,,,,,,,,,,,,,,,,,,,,,,,,,,,,,,,,,,,,,,,,,,,,,,,,,,,,,,,101,95,,99.00%,98.90%,,101,95,,99.00%,98.90%,,33,28,,84.80%,92.90%,,NE,9,,NE,0.00%,,NE,NE,,NE,NE,,11,14,,6,11,,33.85,35.38,,C+,B-,,6,11,,33.85,35.6,,C+,B-,,8,8,,29.74,31.07,,Merit+,Dist-,,NE,NE,,NE,NE,,NE,NE,,NE,NE,,NE,NE,,NE,NE,,,,,,,,,,,,,,,,,,,,,,,,,,,,,,,,,,,,,,,,,,,,,,,,,,SUPP,9,,SUPP,100.00%,,SUPP,9,,SUPP,100.00%,,7,SUPP,,100.00%,SUPP,,NE,NE,,NE,NE,,NE,NE,,NE,NE,,123,118,,102,92,,35.89,40.22,,B-,B,,102,92,,35.95,40.4,,B-,B,,39,30,,30.5,35.38,,Dist-,Dist,,NE,NE,,NE,NE,,NE,NE,,NE,NE,,NE,NE,,NE,NE,,,,,,,,,,,,,,,,,,,,,,,,,,,,,,,,,,,,,,,,,,,,,,,,,,SUPP,85,,SUPP,98.80%,,SUPP,85,,SUPP,98.80%,,26,SUPP,,80.80%,SUPP,,NE,9,,NE,0.00%,,NE,NE,,NE,NE
1,56476,25,4,919,4003,138582,E14001507,St Albans,,Samuel Ryder Academy,Drakes Drive,,,St Albans,AL1 5AR,1727859382,0,AC,None,NSE,OTHER NON SEL,MIXED,0, 4-19,0,,,R,,150,81,70,34.17,C+,65,34.26,C+,65,10.80%,70,34.28,C+,13,38.39,Dist+,NE,NE,NE,NE,NE,13,100.00%,,,,,,,,,67,95.50%,95.50%,67,95.50%,67,95.50%,95.50%,67,95.50%,13,92.30%,92.30%,13,92.30%,NE,NE,NE,NE,NE,NE,NE,NE,NE,NE,NE,NE,NE,9,7,21.05,D,7,21.05,D,SUPP,SUPP,SUPP,NE,NE,NE,,,,,6,100.00%,6,100.00%,SUPP,SUPP,NE,NE,NE,NE,NE,NE,NE,72,63,35.51,B-,63,35.61,B-,SUPP,SUPP,SUPP,NE,NE,NE,,,,,61,95.10%,61,95.10%,SUPP,SUPP,NE,NE,NE,NE,NE,NE,NE,197,-0.25,-0.1,-0.39,4,203,-0.24,-0.1,-0.39,4,13,0.53,0.99,0.06,2,NE,NE,NE,NE,NA,19,-0.83,-0.33,-1.32,19,-0.83,-0.33,-1.32,SUPP,SUPP,SUPP,SUPP,NE,NE,NE,NE,178,-0.18,-0.03,-0.34,184,-0.18,-0.03,-0.33,SUPP,SUPP,SUPP,SUPP,NE,NE,NE,NE,77,47,,60,34,,33.44,36.8,,C+,B-,,60,37,,33.49,36.71,,C+,B-,,20,13,,38.5,37.37,,Dist+,Dist+,,NE,NE,,NE,NE,,NE,NE,,NE,NE,,NE,NE,,NE,NE,,,,,,,,,,,,,,,,,,,,,,,,,,,,,,,,,,,,,,,,,,,,,,,,,,,,,,,,55,32,,90.90%,100.00%,,55,32,,90.90%,100.00%,,21,14,,95.20%,92.90%,,NE,NE,,NE,NE,,NE,NE,,NE,NE,,10,13,,6,9,,29.29,38,,C,B-,,6,10,,29.72,37.63,,C,B-,,SUPP,SUPP,,SUPP,SUPP,,SUPP,SUPP,,NE,NE,,NE,NE,,NE,NE,,NE,NE,,NE,NE,,NE,NE,,,,,,,,,,,,,,,,,,,,,,,,,,,,,,,,,,,,,,,,,,,,,,,,,,SUPP,8,,SUPP,100.00%,,SUPP,8,,SUPP,100.00%,,SUPP,SUPP,,SUPP,SUPP,,NE,NE,,NE,NE,,NE,NE,,NE,NE,,67,33,,54,24,,33.84,36.11,,C+,B-,,54,26,,33.86,36.11,,C+,B-,,SUPP,SUPP,,SUPP,SUPP,,SUPP,SUPP,,NE,NE,,NE,NE,,NE,NE,,NE,NE,,NE,NE,,NE,NE,,,,,,,,,,,,,,,,,,,,,,,,,,,,,,,,,,,,,,,,,,,,,,,,,,SUPP,23,,SUPP,100.00%,,SUPP,23,,SUPP,100.00%,,SUPP,SUPP,,SUPP,SUPP,,NE,NE,,NE,NE,,NE,NE,,NE,NE
1,36910,25,4,919,6036,117616,E14001496,South West Hertfordshire,,Merchant Taylors' School,Sandy Lodge,Northwood,Middlesex,Northwood,HA6 2HT,1923820644,0,IND,None,,NA,BOYS,0, 11-18,0,,,R,,304,145,145,49.62,A,123,49.92,A,123,60.20%,145,49.52,A,NE,NE,NE,NE,NE,NE,NE,NE,NE,NE,,,,,,,,,NA,NA,NA,NA,NA,NA,NA,NA,NA,NA,NA,NA,NA,NA,NA,NA,NA,NA,NA,NA,NE,NE,NE,NA,NA,NA,NE,NE,NA,NA,NA,NA,NA,NA,NA,NA,NA,NA,NA,NA,NA,,,,,NA,NA,NA,NA,NA,NA,NA,NA,NA,NA,NA,NA,NA,NA,NA,NA,NA,NA,NA,NA,NA,NA,NA,NA,NA,NA,,,,,NA,NA,NA,NA,NA,NA,NA,NA,NA,NA,NA,NA,NA,425,0.37,0.47,0.27,2,443,0.36,0.46,0.25,2,NE,NE,NE,NE,NA,NE,NE,NE,NE,NA,NA,NA,NA,NA,NA,NA,NA,NA,NA,NA,NA,NA,NA,NA,NA,NA,NA,NA,NA,NA,NA,NA,NA,NA,NA,NA,NA,NA,NA,NA,NA,NA,147,148,,147,147,,48.07,50.67,,A-,A,,147,148,,48.14,50.39,,A-,A,,NE,NE,,NE,NE,,NE,NE,,NE,NE,,NE,NE,,NE,NE,,NE,NE,,NE,NE,,NE,NE,,,,,,,,,,,,,,,,,,,,,,,,,,,,,,,,,,,,,,,,,,,,,,,,,,,,,,,,NA,NA,,NA,NA,,NA,NA,,NA,NA,,NA,NA,,NA,NA,,NA,NA,,NA,NA,,NA,NA,,NA,NA,,NA,NA,,NA,NA,,NA,NA,,NA,NA,,NA,NA,,NA,NA,,NA,NA,,NA,NA,,NA,NA,,NA,NA,,NA,NA,,NA,NA,,NA,NA,,NA,NA,,NA,NA,,NA,NA,,,,,,,,,,,,,,,,,,,,,,,,,,,,,,,,,,,,,,,,,,,,,,,,,,NA,NA,,NA,NA,,NA,NA,,NA,NA,,NA,NA,,NA,NA,,NA,NA,,NA,NA,,NA,NA,,NA,NA,,NA,NA,,NA,NA,,NA,NA,,NA,NA,,NA,NA,,NA,NA,,NA,NA,,NA,NA,,NA,NA,,NA,NA,,NA,NA,,NA,NA,,NA,NA,,NA,NA,,NA,NA,,NA,NA,,,,,,,,,,,,,,,,,,,,,,,,,,,,,,,,,,,,,,,,,,,,,,,,,,NA,NA,,NA,NA,,NA,NA,,NA,NA,,NA,NA,,NA,NA,,NA,NA,,NA,NA,,NA,NA,,NA,NA
1,18370,25,4,919,6062,117623,E14001268,Harpenden and Berkhamsted,,Egerton-Rothesay School,Durrants Lane,,,Berkhamsted,HP4 3UJ,1442865275,0,IND,Christian,,NA,MIXED,0, 6-19,0,,,R,,19,8,NE,NE,NE,NE,NE,NE,NE,NE,NE,NE,NE,NE,NE,NE,NE,NE,NE,NE,NE,NE,NE,,,,,,,,,NA,NA,NA,NA,NA,NA,NA,NA,NA,NA,NA,NA,NA,NA,NA,NA,NA,NA,NA,NA,NE,NE,NE,NA,NA,NA,NE,NE,NA,NA,NA,NA,NA,NA,NA,NA,NA,NA,NA,NA,NA,,,,,NA,NA,NA,NA,NA,NA,NA,NA,NA,NA,NA,NA,NA,NA,NA,NA,NA,NA,NA,NA,NA,NA,NA,NA,NA,NA,,,,,NA,NA,NA,NA,NA,NA,NA,NA,NA,NA,NA,NA,NA,NA,NA,NA,NA,NA,NA,NA,NA,NA,NA,NA,NA,NA,NA,NA,NA,NA,NA,NA,NA,NA,NA,NA,NA,NA,NA,NA,NA,NA,NA,NA,NA,NA,NA,NA,NA,NA,NA,NA,NA,NA,NA,NA,NA,NA,NA,NA,NA,NA,NA,NA,NA,11,16,,NE,NE,,NE,NE,,NE,NE,,NE,NE,,NE,NE,,NE,NE,,NE,NE,,NE,NE,,NE,NE,,NE,NE,,NE,NE,,NE,NE,,NE,NE,,NE,NE,,NE,NE,,,,,,,,,,,,,,,,,,,,,,,,,,,,,,,,,,,,,,,,,,,,,,,,,,,,,,,,NA,NA,,NA,NA,,NA,NA,,NA,NA,,NA,NA,,NA,NA,,NA,NA,,NA,NA,,NA,NA,,NA,NA,,NA,NA,,NA,NA,,NA,NA,,NA,NA,,NA,NA,,NA,NA,,NA,NA,,NA,NA,,NA,NA,,NA,NA,,NA,NA,,NA,NA,,NA,NA,,NA,NA,,NA,NA,,NA,NA,,,,,,,,,,,,,,,,,,,,,,,,,,,,,,,,,,,,,,,,,,,,,,,,,,NA,NA,,NA,NA,,NA,NA,,NA,NA,,NA,NA,,NA,NA,,NA,NA,,NA,NA,,NA,NA,,NA,NA,,NA,NA,,NA,NA,,NA,NA,,NA,NA,,NA,NA,,NA,NA,,NA,NA,,NA,NA,,NA,NA,,NA,NA,,NA,NA,,NA,NA,,NA,NA,,NA,NA,,NA,NA,,NA,NA,,,,,,,,,,,,,,,,,,,,,,,,,,,,,,,,,,,,,,,,,,,,,,,,,,NA,NA,,NA,NA,,NA,NA,,NA,NA,,NA,NA,,NA,NA,,NA,NA,,NA,NA,,NA,NA,,NA,NA
1,19886,25,4,919,4010,117504,E14001393,North East Hertfordshire,,Fearnhill School,Icknield Way West,,,Letchworth,SG6 4BA,1462621200,0,FD,Does not apply,NSE,OTHER NON SEL,MIXED,0, 11-18,0,,,R,,47,26,23,33.57,C+,21,34.13,C+,21,14.30%,23,33.57,C+,3,SUPP,SUPP,NE,NE,NE,NE,NE,3,SUPP,,,,,,,,,22,95.50%,95.50%,22,90.90%,22,95.50%,95.50%,22,90.90%,3,SUPP,SUPP,3,SUPP,NE,NE,NE,NE,NE,NE,NE,NE,NE,NE,NE,NE,NE,SUPP,SUPP,SUPP,SUPP,SUPP,SUPP,SUPP,SUPP,SUPP,SUPP,NE,NE,NE,,,,,SUPP,SUPP,SUPP,SUPP,SUPP,SUPP,NE,NE,NE,NE,NE,NE,NE,SUPP,SUPP,SUPP,SUPP,SUPP,SUPP,SUPP,NE,NE,NE,NE,NE,NE,,,,,SUPP,SUPP,SUPP,SUPP,SUPP,SUPP,NE,NE,NE,NE,NE,NE,NE,71,-0.17,0.07,-0.42,3,71,-0.17,0.07,-0.42,3,SUPP,SUPP,SUPP,SUPP,NA,NE,NE,NE,NE,NA,7,-0.29,0.45,-1.03,7,-0.29,0.45,-1.03,SUPP,SUPP,SUPP,SUPP,NE,NE,NE,NE,64,-0.16,0.1,-0.42,64,-0.16,0.1,-0.42,NE,NE,NE,NE,NE,NE,NE,NE,40,33,,31,24,,32.12,41.13,,C+,B,,31,24,,32.05,41.13,,C+,B,,5,NE,,SUPP,NE,,SUPP,NE,,NE,NE,,NE,NE,,NE,NE,,NE,NE,,NE,NE,,NE,NE,,,,,,,,,,,,,,,,,,,,,,,,,,,,,,,,,,,,,,,,,,,,,,,,,,,,,,,,33,27,,87.90%,96.30%,,33,27,,87.90%,96.30%,,2,NE,,SUPP,NE,,NE,NE,,NE,NE,,NE,NE,,NE,NE,,9,SUPP,,7,SUPP,,24.44,SUPP,,D+,SUPP,,7,SUPP,,24.37,SUPP,,D+,SUPP,,SUPP,NE,,SUPP,NE,,SUPP,NE,,NE,NE,,NE,NE,,NE,NE,,NE,NE,,NE,NE,,NE,NE,,,,,,,,,,,,,,,,,,,,,,,,,,,,,,,,,,,,,,,,,,,,,,,,,,7,SUPP,,85.70%,SUPP,,7,SUPP,,85.70%,SUPP,,SUPP,NE,,SUPP,NE,,NE,NE,,NE,NE,,NE,NE,,NE,NE,,31,SUPP,,24,SUPP,,34.18,SUPP,,C+,SUPP,,24,SUPP,,34.12,SUPP,,C+,SUPP,,SUPP,NE,,SUPP,NE,,SUPP,NE,,NE,NE,,NE,NE,,NE,NE,,NE,NE,,NE,NE,,NE,NE,,,,,,,,,,,,,,,,,,,,,,,,,,,,,,,,,,,,,,,,,,,,,,,,,,26,SUPP,,88.50%,SUPP,,26,SUPP,,88.50%,SUPP,,SUPP,NE,,SUPP,NE,,NE,NE,,NE,NE,,NE,NE,,NE,NE
1,23916,25,4,919,6222,117649,E14001284,Hertsmere,,Haberdashers' Girls' School,Aldenham Road,Elstree,Hertfordshire,Borehamwood,WD6 3BT,2082662300,0,IND,None,,NA,GIRLS,0, 4-18,0,,,R,,213,106,106,50.88,A,102,50.88,A,102,59.80%,106,50.88,A,NE,NE,NE,NE,NE,NE,NE,NE,NE,NE,,,,,,,,,NA,NA,NA,NA,NA,NA,NA,NA,NA,NA,NA,NA,NA,NA,NA,NA,NA,NA,NA,NA,NE,NE,NE,NA,NA,NA,NE,NE,NA,NA,NA,NA,NA,NA,NA,NA,NA,NA,NA,NA,NA,,,,,NA,NA,NA,NA,NA,NA,NA,NA,NA,NA,NA,NA,NA,NA,NA,NA,NA,NA,NA,NA,NA,NA,NA,NA,NA,NA,,,,,NA,NA,NA,NA,NA,NA,NA,NA,NA,NA,NA,NA,NA,319,0.22,0.34,0.1,2,319,0.22,0.34,0.1,2,NE,NE,NE,NE,NA,NE,NE,NE,NE,NA,NA,NA,NA,NA,NA,NA,NA,NA,NA,NA,NA,NA,NA,NA,NA,NA,NA,NA,NA,NA,NA,NA,NA,NA,NA,NA,NA,NA,NA,NA,NA,NA,111,103,,111,103,,50.74,53.57,,A,A+,,111,103,,50.74,53.57,,A,A+,,NE,NE,,NE,NE,,NE,NE,,NE,NE,,NE,NE,,NE,NE,,NE,NE,,NE,NE,,NE,NE,,,,,,,,,,,,,,,,,,,,,,,,,,,,,,,,,,,,,,,,,,,,,,,,,,,,,,,,NA,NA,,NA,NA,,NA,NA,,NA,NA,,NA,NA,,NA,NA,,NA,NA,,NA,NA,,NA,NA,,NA,NA,,NA,NA,,NA,NA,,NA,NA,,NA,NA,,NA,NA,,NA,NA,,NA,NA,,NA,NA,,NA,NA,,NA,NA,,NA,NA,,NA,NA,,NA,NA,,NA,NA,,NA,NA,,NA,NA,,,,,,,,,,,,,,,,,,,,,,,,,,,,,,,,,,,,,,,,,,,,,,,,,,NA,NA,,NA,NA,,NA,NA,,NA,NA,,NA,NA,,NA,NA,,NA,NA,,NA,NA,,NA,NA,,NA,NA,,NA,NA,,NA,NA,,NA,NA,,NA,NA,,NA,NA,,NA,NA,,NA,NA,,NA,NA,,NA,NA,,NA,NA,,NA,NA,,NA,NA,,NA,NA,,NA,NA,,NA,NA,,NA,NA,,,,,,,,,,,,,,,,,,,,,,,,,,,,,,,,,,,,,,,,,,,,,,,,,,NA,NA,,NA,NA,,NA,NA,,NA,NA,,NA,NA,,NA,NA,,NA,NA,,NA,NA,,NA,NA,,NA,NA
1,24048,25,4,919,6015,117607,E14001139,Broxbourne,,Haileybury College,,,,Hertford,SG13 7NU,1992706200,0,IND,Church of England,,NA,MIXED,0, 11-18,0,,,R,,365,169,110,44.56,B+,110,44.76,B+,110,32.70%,167,45.76,A-,NE,NE,NE,NE,NE,NE,2,SUPP,2,SUPP,,,,,,,,,NA,NA,NA,NA,NA,NA,NA,NA,NA,NA,NA,NA,NA,NA,NA,NA,NA,NA,NA,NA,NE,NE,NE,NA,NA,NA,NE,NE,NA,NA,NA,NA,NA,NA,NA,NA,NA,NA,NA,NA,NA,,,,,NA,NA,NA,NA,NA,NA,NA,NA,NA,NA,NA,NA,NA,NA,NA,NA,NA,NA,NA,NA,NA,NA,NA,NA,NA,NA,,,,,NA,NA,NA,NA,NA,NA,NA,NA,NA,NA,NA,NA,NA,304,0.33,0.45,0.21,2,330,0.43,0.55,0.32,1,NE,NE,NE,NE,NA,NE,NE,NE,NE,NA,NA,NA,NA,NA,NA,NA,NA,NA,NA,NA,NA,NA,NA,NA,NA,NA,NA,NA,NA,NA,NA,NA,NA,NA,NA,NA,NA,NA,NA,NA,NA,NA,178,165,,122,97,,43.51,47.61,,B+,A-,,177,164,,44.1,46.39,,B+,A-,,NE,NE,,NE,NE,,NE,NE,,NE,NE,,NE,NE,,NE,NE,,NE,NE,,NE,NE,,NE,NE,,,,,,,,,,,,,,,,,,,,,,,,,,,,,,,,,,,,,,,,,,,,,,,,,,,,,,,,NA,NA,,NA,NA,,NA,NA,,NA,NA,,NA,NA,,NA,NA,,NA,NA,,NA,NA,,NA,NA,,NA,NA,,NA,NA,,NA,NA,,NA,NA,,NA,NA,,NA,NA,,NA,NA,,NA,NA,,NA,NA,,NA,NA,,NA,NA,,NA,NA,,NA,NA,,NA,NA,,NA,NA,,NA,NA,,NA,NA,,,,,,,,,,,,,,,,,,,,,,,,,,,,,,,,,,,,,,,,,,,,,,,,,,NA,NA,,NA,NA,,NA,NA,,NA,NA,,NA,NA,,NA,NA,,NA,NA,,NA,NA,,NA,NA,,NA,NA,,NA,NA,,NA,NA,,NA,NA,,NA,NA,,NA,NA,,NA,NA,,NA,NA,,NA,NA,,NA,NA,,NA,NA,,NA,NA,,NA,NA,,NA,NA,,NA,NA,,NA,NA,,NA,NA,,,,,,,,,,,,,,,,,,,,,,,,,,,,,,,,,,,,,,,,,,,,,,,,,,NA,NA,,NA,NA,,NA,NA,,NA,NA,,NA,NA,,NA,NA,,NA,NA,,NA,NA,,NA,NA,,NA,NA
1,24050,25,4,919,4022,142051,E14001139,Broxbourne,,Haileybury Turnford,Mill Lane,Cheshunt,,Waltham Cross,EN8 0JU,1992308333,0,AC,Does not apply,NSE,OTHER NON SEL,MIXED,0, 11-18,0,,,,,142,80,65,29.26,C,32,31.25,C,32,6.30%,66,29.42,C,38,27.66,Merit+,NE,NE,NE,NE,NE,38,100.00%,,,,,,,,,49,98.00%,98.00%,49,98.00%,49,98.00%,98.00%,49,98.00%,28,71.40%,71.40%,28,71.40%,NE,NE,NE,NE,NE,NE,NE,NE,NE,NE,NE,NE,NE,19,16,25.88,C-,16,26.01,C-,9,26.89,Merit+,NE,NE,NE,,,,,13,100.00%,13,100.00%,6,66.70%,NE,NE,NE,NE,NE,NE,NE,59,47,29.95,C,48,30.11,C,29,27.9,Merit+,NE,NE,NE,,,,,35,97.10%,35,97.10%,22,72.70%,NE,NE,NE,NE,NE,NE,NE,133,0.24,0.42,0.06,2,145,0.23,0.41,0.05,2,52,0.01,0.24,-0.22,3,NE,NE,NE,NE,NA,33,0.16,0.55,-0.24,34,0.17,0.56,-0.22,13,-0.13,0.32,-0.58,NE,NE,NE,NE,100,0.27,0.48,0.06,111,0.25,0.45,0.05,39,0.06,0.32,-0.21,NE,NE,NE,NE,79,79,,53,60,,27.32,27.84,,C-,C-,,53,60,,27.23,27.84,,C-,C-,,36,38,,23.5,25.4,,Merit,Merit,,6,6,,25,25,,Merit,Merit,,NE,NE,,NE,NE,,NE,NE,,,,,,,,,,,,,,,,,,,,,,,,,,,,,,,,,,,,,,,,,,,,,,,,,,,,,,,,43,46,,88.40%,97.80%,,43,46,,88.40%,97.80%,,33,31,,87.90%,83.90%,,1,NE,,SUPP,NE,,NE,NE,,NE,NE,,18,19,,9,10,,18.33,27.32,,D-,C-,,9,10,,18.17,27.32,,D-,C-,,9,12,,23,25,,Merit-,Merit,,SUPP,SUPP,,SUPP,SUPP,,SUPP,SUPP,,NE,NE,,NE,NE,,NE,NE,,,,,,,,,,,,,,,,,,,,,,,,,,,,,,,,,,,,,,,,,,,,,,,,,,9,8,,66.70%,100.00%,,9,8,,66.70%,100.00%,,9,11,,88.90%,81.80%,,NE,NE,,NE,NE,,NE,NE,,NE,NE,,61,59,,44,50,,28.69,27.94,,C,C-,,44,50,,28.63,27.94,,C,C-,,27,26,,23.67,25.66,,Merit,Merit,,SUPP,SUPP,,SUPP,SUPP,,SUPP,SUPP,,NE,NE,,NE,NE,,NE,NE,,,,,,,,,,,,,,,,,,,,,,,,,,,,,,,,,,,,,,,,,,,,,,,,,,34,38,,94.10%,97.40%,,34,38,,94.10%,97.40%,,24,20,,87.50%,85.00%,,SUPP,NE,,SUPP,NE,,NE,NE,,NE,NE
1,53748,25,4,919,5422,148499,E14001283,Hertford and Stortford,,St Mary's Catholic School,Windhill,,,Bishop's Stortford,CM23 2NQ,1279654901,0,ACC,Roman Catholic,NSE,OTHER NON SEL,MIXED,0, 11-18,0,,,,,205,110,106,34.93,C+,82,35.98,B-,82,14.60%,106,34.8,C+,25,35.46,Dist,NE,NE,NE,1,SUPP,26,96.20%,,,,,,,,,98,98.00%,98.00%,98,98.00%,98,98.00%,98.00%,98,98.00%,9,77.80%,77.80%,9,77.80%,NE,NE,NE,NE,NE,NE,NE,NE,NE,NE,NE,NE,NE,6,6,23.85,D+,6,23.33,D+,SUPP,SUPP,SUPP,NE,NE,NE,,,,,SUPP,SUPP,SUPP,SUPP,SUPP,SUPP,NE,NE,NE,NE,NE,NE,NE,103,99,35.25,B-,99,35.16,B-,SUPP,SUPP,SUPP,NE,NE,NE,,,,,SUPP,SUPP,SUPP,SUPP,SUPP,SUPP,NE,NE,NE,NE,NE,NE,NE,289,0.16,0.28,0.04,2,294,0.16,0.28,0.04,2,32,0.38,0.66,0.09,2,NE,NE,NE,NE,NA,13,-0.05,0.59,-0.69,14,-0.07,0.55,-0.7,SUPP,SUPP,SUPP,SUPP,NE,NE,NE,NE,276,0.17,0.3,0.05,280,0.17,0.29,0.05,SUPP,SUPP,SUPP,SUPP,NE,NE,NE,NE,103,105,,95,95,,34.67,36.18,,C+,B-,,95,95,,34.48,36.1,,C+,B-,,23,40,,24.9,27.58,,Merit,Merit+,,NE,NE,,NE,NE,,NE,NE,,NE,NE,,NE,NE,,NE,NE,,,,,,,,,,,,,,,,,,,,,,,,,,,,,,,,,,,,,,,,,,,,,,,,,,,,,,,,99,93,,91.90%,95.70%,,99,93,,91.90%,95.70%,,5,12,,SUPP,83.30%,,NE,NE,,NE,NE,,NE,NE,,NE,NE,,SUPP,13,,SUPP,11,,SUPP,31.15,,SUPP,C,,SUPP,11,,SUPP,31.14,,SUPP,C,,NE,6,,NE,29.88,,NE,Merit+,,NE,NE,,NE,NE,,NE,NE,,NE,NE,,NE,NE,,NE,NE,,,,,,,,,,,,,,,,,,,,,,,,,,,,,,,,,,,,,,,,,,,,,,,,,,SUPP,11,,SUPP,90.90%,,SUPP,11,,SUPP,90.90%,,NE,SUPP,,NE,SUPP,,NE,NE,,NE,NE,,NE,NE,,NE,NE,,SUPP,92,,SUPP,84,,SUPP,36.77,,SUPP,B-,,SUPP,84,,SUPP,36.67,,SUPP,B-,,23,34,,24.9,27.16,,Merit,Merit+,,NE,NE,,NE,NE,,NE,NE,,NE,NE,,NE,NE,,NE,NE,,,,,,,,,,,,,,,,,,,,,,,,,,,,,,,,,,,,,,,,,,,,,,,,,,SUPP,82,,SUPP,96.30%,,SUPP,82,,SUPP,96.30%,,SUPP,SUPP,,SUPP,SUPP,,NE,NE,,NE,NE,,NE,NE,,NE,NE
1,11360,25,4,919,5419,147246,E14001573,Welwyn Hatfield,,Chancellor's School,Pine Grove,Brookmans Park,,Hatfield,AL9 7BN,1707650702,0,ACC,None,NSE,OTHER NON SEL,MIXED,0, 11-18,0,,,,,204,109,102,32.21,C+,83,32.69,C+,83,8.40%,102,32.1,C+,94,24.5,Merit,6,38.33,Dist+,6,100.00%,94,100.00%,,,,,,,,,100,97.00%,96.00%,100,97.00%,100,97.00%,96.00%,100,97.00%,7,71.40%,71.40%,7,71.40%,1,SUPP,SUPP,1,SUPP,NE,NE,NE,NE,NE,NE,NE,NE,8,6,29.41,C,6,28.89,C,SUPP,SUPP,SUPP,NE,NE,NE,,,,,6,100.00%,6,100.00%,NE,NE,SUPP,SUPP,NE,NE,NE,NE,NE,101,96,32.39,C+,96,32.32,C+,SUPP,SUPP,SUPP,6,38.33,Dist+,,,,,94,96.80%,94,96.80%,7,71.40%,NE,NE,NE,NE,NE,NE,NE,277,-0.09,0.03,-0.21,3,288,-0.1,0.02,-0.22,3,106,-0.31,-0.14,-0.47,4,6,0.29,1.04,-0.46,3,14,0.12,0.66,-0.42,15,0.09,0.61,-0.44,SUPP,SUPP,SUPP,SUPP,NE,NE,NE,NE,263,-0.1,0.02,-0.23,273,-0.11,0.01,-0.23,SUPP,SUPP,SUPP,SUPP,6,0.29,1.05,-0.46,107,118,,101,110,,33.7,40.52,,C+,B,,101,110,,33.46,40.39,,C+,B,,91,18,,27.14,35,,Merit+,Dist,,5,8,,SUPP,43.75,,SUPP,Dist*-,,NE,NE,,NE,NE,,NE,NE,,,,,,,,,,,,,,,,,,,,,,,,,,,,,,,,,,,,,,,,,,,,,,,,,,,,,,,,104,111,,96.20%,97.30%,,104,111,,96.20%,97.30%,,1,5,,SUPP,SUPP,,1,1,,SUPP,SUPP,,NE,NE,,NE,NE,,7,9,,7,7,,30,39,,C,B,,7,7,,29.86,38.74,,C,B,,7,SUPP,,30.57,SUPP,,Dist-,SUPP,,SUPP,NE,,SUPP,NE,,SUPP,NE,,NE,NE,,NE,NE,,NE,NE,,,,,,,,,,,,,,,,,,,,,,,,,,,,,,,,,,,,,,,,,,,,,,,,,,7,7,,100.00%,100.00%,,7,7,,100.00%,100.00%,,NE,SUPP,,NE,SUPP,,NE,NE,,NE,NE,,NE,NE,,NE,NE,,99,108,,93,102,,34.07,40.84,,C+,B,,93,102,,33.82,40.72,,C+,B,,84,SUPP,,26.92,SUPP,,Merit+,SUPP,,SUPP,8,,SUPP,43.75,,SUPP,Dist*-,,NE,NE,,NE,NE,,NE,NE,,,,,,,,,,,,,,,,,,,,,,,,,,,,,,,,,,,,,,,,,,,,,,,,,,96,103,,95.80%,97.10%,,96,103,,95.80%,97.10%,,SUPP,SUPP,,SUPP,SUPP,,SUPP,SUPP,,SUPP,SUPP,,NE,NE,,NE,NE
1,45582,25,4,919,6239,102256,E14001568,Watford,,The Purcell School,Aldenham Road,Bushey,,,WD23 2TS,1923331100,0,IND,None,,NA,MIXED,0, 8-19,0,,,R,,90,36,36,38.95,B,31,39.03,B,31,16.10%,36,38.95,B,NE,NE,NE,NE,NE,NE,NE,NE,NE,NE,,,,,,,,,NA,NA,NA,NA,NA,NA,NA,NA,NA,NA,NA,NA,NA,NA,NA,NA,NA,NA,NA,NA,NE,NE,NE,NA,NA,NA,NE,NE,NA,NA,NA,NA,NA,NA,NA,NA,NA,NA,NA,NA,NA,,,,,NA,NA,NA,NA,NA,NA,NA,NA,NA,NA,NA,NA,NA,NA,NA,NA,NA,NA,NA,NA,NA,NA,NA,NA,NA,NA,,,,,NA,NA,NA,NA,NA,NA,NA,NA,NA,NA,NA,NA,NA,75,0.25,0.49,0.01,2,75,0.25,0.49,0.01,2,NE,NE,NE,NE,NA,NE,NE,NE,NE,NA,NA,NA,NA,NA,NA,NA,NA,NA,NA,NA,NA,NA,NA,NA,NA,NA,NA,NA,NA,NA,NA,NA,NA,NA,NA,NA,NA,NA,NA,NA,NA,NA,46,48,,45,48,,31.81,38.32,,C+,B-,,45,48,,36.15,40.96,,B-,B,,NE,NE,,NE,NE,,NE,NE,,NE,NE,,NE,NE,,NE,NE,,NE,NE,,NE,NE,,NE,NE,,,,,,,,,,,,,,,,,,,,,,,,,,,,,,,,,,,,,,,,,,,,,,,,,,,,,,,,NA,NA,,NA,NA,,NA,NA,,NA,NA,,NA,NA,,NA,NA,,NA,NA,,NA,NA,,NA,NA,,NA,NA,,NA,NA,,NA,NA,,NA,NA,,NA,NA,,NA,NA,,NA,NA,,NA,NA,,NA,NA,,NA,NA,,NA,NA,,NA,NA,,NA,NA,,NA,NA,,NA,NA,,NA,NA,,NA,NA,,,,,,,,,,,,,,,,,,,,,,,,,,,,,,,,,,,,,,,,,,,,,,,,,,NA,NA,,NA,NA,,NA,NA,,NA,NA,,NA,NA,,NA,NA,,NA,NA,,NA,NA,,NA,NA,,NA,NA,,NA,NA,,NA,NA,,NA,NA,,NA,NA,,NA,NA,,NA,NA,,NA,NA,,NA,NA,,NA,NA,,NA,NA,,NA,NA,,NA,NA,,NA,NA,,NA,NA,,NA,NA,,NA,NA,,,,,,,,,,,,,,,,,,,,,,,,,,,,,,,,,,,,,,,,,,,,,,,,,,NA,NA,,NA,NA,,NA,NA,,NA,NA,,NA,NA,,NA,NA,,NA,NA,,NA,NA,,NA,NA,,NA,NA
1,9646,25,4,919,5408,137872,E14001284,Hertsmere,,Bushey Meads School,Coldharbour Lane,,,Bushey,WD23 4PA,2089503000,0,ACC,None,NSE,OTHER NON SEL,MIXED,0, 11-18,0,,,R,,251,128,106,30.05,C,93,29.28,C,93,7.50%,108,29.85,C,14,31.39,Dist-,NE,NE,NE,2,SUPP,16,87.50%,,,,,,,,,104,90.40%,87.50%,104,88.50%,104,90.40%,87.50%,104,88.50%,5,SUPP,SUPP,5,SUPP,NE,NE,NE,NE,NE,NE,NE,NE,NE,NE,NE,NE,NE,22,16,26.52,C-,17,26.27,C-,SUPP,SUPP,SUPP,NE,NE,NE,,,,,16,81.30%,16,81.30%,NE,NE,NE,NE,NE,NE,NE,NE,NE,104,88,30.59,C,89,30.39,C,SUPP,SUPP,SUPP,NE,NE,NE,,,,,87,92.00%,87,92.00%,SUPP,SUPP,NE,NE,NE,NE,NE,NE,NE,290,-0.1,0.02,-0.23,3,336,-0.13,-0.01,-0.25,4,18,0.29,0.67,-0.08,3,NE,NE,NE,NE,NA,43,0.02,0.35,-0.32,47,-0.01,0.32,-0.34,SUPP,SUPP,SUPP,SUPP,NE,NE,NE,NE,247,-0.12,0.01,-0.26,289,-0.15,-0.03,-0.28,SUPP,SUPP,SUPP,SUPP,NE,NE,NE,NE,143,134,,113,122,,30.53,36.16,,C,B-,,115,124,,30.32,35.73,,C,B-,,37,29,,25.17,30.68,,Merit,Dist-,,NE,NE,,NE,NE,,NE,NE,,NE,NE,,NE,NE,,NE,NE,,,,,,,,,,,,,,,,,,,,,,,,,,,,,,,,,,,,,,,,,,,,,,,,,,,,,,,,120,119,,87.50%,96.60%,,120,119,,87.50%,96.60%,,21,14,,95.20%,92.90%,,NE,NE,,NE,NE,,NE,NE,,NE,NE,,15,14,,11,13,,20.8,29.72,,D,C,,11,14,,20.39,29.51,,D,C,,SUPP,SUPP,,SUPP,SUPP,,SUPP,SUPP,,NE,NE,,NE,NE,,NE,NE,,NE,NE,,NE,NE,,NE,NE,,,,,,,,,,,,,,,,,,,,,,,,,,,,,,,,,,,,,,,,,,,,,,,,,,12,13,,83.30%,100.00%,,12,13,,83.30%,100.00%,,SUPP,SUPP,,SUPP,SUPP,,NE,NE,,NE,NE,,NE,NE,,NE,NE,,126,120,,101,109,,31.26,36.95,,C,B-,,103,110,,31.05,36.51,,C,B-,,SUPP,SUPP,,SUPP,SUPP,,SUPP,SUPP,,NE,NE,,NE,NE,,NE,NE,,NE,NE,,NE,NE,,NE,NE,,,,,,,,,,,,,,,,,,,,,,,,,,,,,,,,,,,,,,,,,,,,,,,,,,108,106,,88.00%,96.20%,,108,106,,88.00%,96.20%,,SUPP,SUPP,,SUPP,SUPP,,NE,NE,,NE,NE,,NE,NE,,NE,NE
1,46508,25,4,919,4007,139662,E14001496,South West Hertfordshire,,The Reach Free School,Long Lane,,,Rickmansworth,WD3 8AB,1923711517,0,F,None,NSE,OTHER NON SEL,MIXED,0, 11-18,0,,,R,,104,48,38,33.3,C+,19,37.02,B-,19,15.80%,38,33.29,C+,21,31,Dist-,7,33.57,Dist,7,100.00%,21,100.00%,,,,,,,,,37,91.90%,91.90%,37,89.20%,37,91.90%,91.90%,37,89.20%,11,81.80%,81.80%,11,81.80%,NE,NE,NE,NE,NE,NE,NE,NE,NE,NE,NE,NE,NE,SUPP,SUPP,SUPP,SUPP,SUPP,SUPP,SUPP,SUPP,SUPP,SUPP,NE,NE,NE,,,,,SUPP,SUPP,SUPP,SUPP,NE,NE,NE,NE,NE,NE,NE,NE,NE,SUPP,SUPP,SUPP,SUPP,SUPP,SUPP,SUPP,SUPP,SUPP,SUPP,SUPP,SUPP,SUPP,,,,,SUPP,SUPP,SUPP,SUPP,11,81.80%,NE,NE,NE,NE,NE,NE,NE,84,0.41,0.63,0.19,1,85,0.41,0.63,0.18,1,30,0.43,0.72,0.13,2,SUPP,SUPP,SUPP,SUPP,NA,SUPP,SUPP,SUPP,SUPP,SUPP,SUPP,SUPP,SUPP,SUPP,SUPP,SUPP,SUPP,NE,NE,NE,NE,SUPP,SUPP,SUPP,SUPP,SUPP,SUPP,SUPP,SUPP,SUPP,SUPP,SUPP,SUPP,SUPP,SUPP,SUPP,SUPP,50,51,,41,46,,29.39,39.83,,C,B,,41,46,,29.39,39.86,,C,B,,24,19,,31.72,46.04,,Dist-,Dist*-,,15,7,,43.33,44.29,,Dist*-,Dist*-,,NE,NE,,NE,NE,,NE,NE,,,,,,,,,,,,,,,,,,,,,,,,,,,,,,,,,,,,,,,,,,,,,,,,,,,,,,,,36,43,,94.40%,97.70%,,36,43,,94.40%,97.70%,,14,7,,100.00%,100.00%,,NE,NE,,NE,NE,,NE,NE,,NE,NE,,11,8,,9,7,,25.26,34.5,,C-,C+,,9,7,,25.26,34.5,,C-,C+,,7,SUPP,,36.11,SUPP,,Dist,SUPP,,SUPP,NE,,SUPP,NE,,SUPP,NE,,NE,NE,,NE,NE,,NE,NE,,,,,,,,,,,,,,,,,,,,,,,,,,,,,,,,,,,,,,,,,,,,,,,,,,9,8,,88.90%,87.50%,,9,8,,88.90%,87.50%,,SUPP,NE,,SUPP,NE,,NE,NE,,NE,NE,,NE,NE,,NE,NE,,37,42,,30,38,,30.82,40.51,,C,B,,30,38,,30.82,40.54,,C,B,,17,SUPP,,30,SUPP,,Dist-,SUPP,,SUPP,7,,SUPP,44.29,,SUPP,Dist*-,,NE,NE,,NE,NE,,NE,NE,,,,,,,,,,,,,,,,,,,,,,,,,,,,,,,,,,,,,,,,,,,,,,,,,,25,34,,96.00%,100.00%,,25,34,,96.00%,100.00%,,SUPP,7,,SUPP,100.00%,,NE,NE,,NE,NE,,NE,NE,,NE,NE
1,26306,25,4,919,8021,130722,E14001283,Hertford and Stortford,,Hertford Regional College,Scotts Road,,,Ware,SG12 9JF,1992411400,0,General Further Education College,Does not apply,NA,NA,MIXED,0, 16-99,0,,,R,,2254,945,1,SUPP,SUPP,1,SUPP,SUPP,1,SUPP,1,SUPP,SUPP,179,24.47,Merit,55,23.16,Merit-,241,22.80%,359,52.90%,,,,,,,,,NE,NE,NE,NE,NE,NE,NE,NE,NE,NE,204,92.20%,82.40%,199,73.90%,66,92.40%,72.70%,65,80.00%,2,SUPP,SUPP,23,100.00%,8.70%,321,0.60%,298,NE,NE,NE,NE,NE,NE,49,20.29,Merit-,14,24.04,Merit,,,,,NE,NE,NE,NE,55,94.50%,18,94.40%,NE,NE,NE,8,100.00%,627,SUPP,SUPP,SUPP,SUPP,SUPP,SUPP,129,25.85,Merit,41,22.89,Merit-,,,,,NE,NE,NE,NE,148,91.20%,48,91.70%,SUPP,SUPP,SUPP,14,100.00%,SUPP,SUPP,SUPP,SUPP,NA,SUPP,SUPP,SUPP,SUPP,NA,92,0.03,0.24,-0.19,3,13,0.04,0.59,-0.5,3,NE,NE,NE,NE,NE,NE,NE,NE,15,-0.3,0.19,-0.79,SUPP,SUPP,SUPP,SUPP,SUPP,SUPP,SUPP,SUPP,SUPP,SUPP,SUPP,SUPP,77,0.09,0.33,-0.15,SUPP,SUPP,SUPP,SUPP,889,939,,NE,1,,NE,SUPP,,NE,SUPP,,NE,1,,NE,SUPP,,NE,SUPP,,130,148,,26.04,26.91,,Merit,Merit+,,68,52,,23.91,21.75,,Merit,Merit-,,2,2,,SUPP,SUPP,,SUPP,SUPP,,,,,,,,,,,,,,,,,,,,,,,,,,,,,,,,,,,,,,,,,,,,,,,,,,,,,,,,NE,NE,,NE,NE,,NE,NE,,NE,NE,,176,196,,93.20%,95.90%,,86,96,,93.00%,90.60%,,8,11,,100.00%,81.80%,,292,287,,NE,NE,,NE,NE,,NE,NE,,NE,NE,,NE,NE,,NE,NE,,37,32,,25.49,22.49,,Merit,Merit-,,17,19,,19.06,17.93,,Pass+,Pass+,,NE,NE,,NE,NE,,NE,NE,,,,,,,,,,,,,,,,,,,,,,,,,,,,,,,,,,,,,,,,,,,,,,,,,,NE,NE,,NE,NE,,NE,NE,,NE,NE,,54,52,,88.90%,94.20%,,22,31,,90.90%,96.80%,,SUPP,SUPP,,SUPP,SUPP,,584,646,,NE,SUPP,,NE,SUPP,,NE,SUPP,,NE,SUPP,,NE,SUPP,,NE,SUPP,,92,116,,26.27,28.14,,Merit,Merit+,,51,32,,25.44,24.66,,Merit,Merit,,SUPP,SUPP,,SUPP,SUPP,,SUPP,SUPP,,,,,,,,,,,,,,,,,,,,,,,,,,,,,,,,,,,,,,,,,,,,,,,,,,NE,NE,,NE,NE,,NE,NE,,NE,NE,,121,144,,95.00%,96.50%,,64,64,,93.80%,87.50%,,SUPP,SUPP,,SUPP,SUPP
1,26314,25,4,919,5420,140786,E14001283,Hertford and Stortford,,The Hertfordshire & Essex High School and Science College,Warwick Road,,,Bishop's Stortford,CM23 5NJ,1279654127,0,ACC,None,NSE,OTHER NON SEL,MIXED,0, 11-18,0,,,R,,506,261,250,38.03,B-,238,37.89,B-,238,20.20%,250,37.86,B-,25,40.36,Dist+,3,SUPP,SUPP,3,SUPP,25,100.00%,,,,,,,,,250,97.60%,97.20%,250,97.20%,250,97.60%,97.20%,250,97.20%,5,SUPP,SUPP,5,SUPP,3,SUPP,SUPP,3,SUPP,NE,NE,NE,NE,NE,NE,NE,NE,15,14,27.07,C-,14,27.2,C-,SUPP,SUPP,SUPP,NE,NE,NE,,,,,15,93.30%,15,93.30%,NE,NE,NE,NE,NE,NE,NE,NE,NE,243,233,38.65,B,233,38.45,B,SUPP,SUPP,SUPP,SUPP,SUPP,SUPP,,,,,232,97.80%,232,97.80%,SUPP,SUPP,SUPP,SUPP,NE,NE,NE,NE,NE,725,-0.02,0.05,-0.1,3,853,-0.04,0.03,-0.12,3,23,0.18,0.55,-0.19,3,SUPP,SUPP,SUPP,SUPP,NA,41,-0.72,-0.38,-1.07,47,-0.73,-0.4,-1.06,SUPP,SUPP,SUPP,SUPP,NE,NE,NE,NE,684,0.02,0.1,-0.06,806,0,0.07,-0.08,SUPP,SUPP,SUPP,SUPP,SUPP,SUPP,SUPP,SUPP,308,232,,295,226,,37.78,42.1,,B-,B+,,295,227,,37.39,41.99,,B-,B+,,34,35,,36.73,32.11,,Dist+,Dist-,,4,5,,SUPP,SUPP,,SUPP,SUPP,,NE,NE,,NE,NE,,NE,NE,,,,,,,,,,,,,,,,,,,,,,,,,,,,,,,,,,,,,,,,,,,,,,,,,,,,,,,,302,226,,95.70%,99.10%,,302,226,,95.70%,99.10%,,4,1,,SUPP,SUPP,,4,5,,SUPP,SUPP,,NE,NE,,NE,NE,,26,20,,23,19,,32.42,39.31,,C+,B,,23,19,,32.09,39.06,,C+,B,,SUPP,NE,,SUPP,NE,,SUPP,NE,,NE,NE,,NE,NE,,NE,NE,,NE,NE,,NE,NE,,NE,NE,,,,,,,,,,,,,,,,,,,,,,,,,,,,,,,,,,,,,,,,,,,,,,,,,,25,20,,88.00%,95.00%,,25,20,,88.00%,95.00%,,SUPP,NE,,SUPP,NE,,NE,NE,,NE,NE,,NE,NE,,NE,NE,,277,212,,267,207,,37.91,42.36,,B-,B+,,267,208,,37.53,42.26,,B-,B+,,SUPP,35,,SUPP,32.11,,SUPP,Dist-,,SUPP,SUPP,,SUPP,SUPP,,SUPP,SUPP,,NE,NE,,NE,NE,,NE,NE,,,,,,,,,,,,,,,,,,,,,,,,,,,,,,,,,,,,,,,,,,,,,,,,,,272,206,,96.30%,99.50%,,272,206,,96.30%,99.50%,,SUPP,SUPP,,SUPP,SUPP,,SUPP,SUPP,,SUPP,SUPP,,NE,NE,,NE,NE
7,,,,,,,,,,,,,,,,,,,,,,,,  ,,,,,,,569121,262421,34.38,C+,194371,35.08,B-,194371,17.10%,267709,34.45,C+,128627,29.09,Merit+,27170,28.11,Merit+,92621,29.30%,191514,68.00%,,,,,,,,,242557,92.30%,91.50%,241269,91.00%,244564,92.20%,91.50%,243153,90.80%,106527,85.30%,79.90%,104840,73.90%,30176,87.20%,73.90%,29578,75.90%,8487,5.63,L2Merit-,10214,84.10%,64.10%,67374,10.60%,132531,36900,30.15,C,37815,30.15,C,28712,27.29,Merit+,6332,25.81,Merit,,,,,34479,86.20%,34712,86.20%,28183,80.60%,7844,83.70%,2661,5.48,L2Pass+,3500,81.20%,416214,221518,35.05,B-,225658,35.13,B-,97717,29.65,Merit+,20347,28.74,Merit+,,,,,204669,93.30%,206323,93.30%,76614,86.90%,21917,88.40%,5665,5.69,L2Merit-,6540,85.40%,675624,-0.03,-0.03,-0.03,NA,723532,-0.03,-0.03,-0.03,NA,135748,0,0,-0.01,NA,17358,0,0.02,-0.01,NA,88503,-0.14,-0.14,-0.15,93606,-0.15,-0.14,-0.15,28567,-0.04,-0.03,-0.05,3625,-0.06,-0.03,-0.1,587121,-0.01,-0.01,-0.02,629926,-0.01,-0.01,-0.02,107181,0.01,0.02,0.01,13733,0.02,0.04,0.01,554653,549352,,255992,249723,,34.16,37.86,,C+,B-,,260760,253807,,34.26,37.93,,C+,B-,,120950,117666,,29.52,31.91,,Merit+,Dist-,,27868,28350,,28.5,30.54,,Merit+,Dist-,,3844,1401,,5.68,5.88,,L2Merit-,L2Merit,,,,,,,,,,,,,,,,,,,,,,,,,,,,,,,,,,,,,,,,,,,,,,,,,,,,,,,,236796,227494,,93.60%,95.10%,,238612,229453,,93.50%,95.00%,,104950,102100,,87.20%,91.70%,,33165,33664,,88.30%,91.10%,,9964,9137,,85.30%,86.60%,,129803,129548,,36459,35592,,29.91,33.46,,C,C+,,37347,36304,,29.96,33.49,,C,C+,,27201,27007,,27.7,29.97,,Merit+,Merit+,,6470,6530,,26.38,27.99,,Merit,Merit+,,1316,454,,5.58,5.73,,L2Merit-,L2Merit-,,,,,,,,,,,,,,,,,,,,,,,,,,,,,,,,,,,,,,,,,,,,,,,,,,33634,32081,,88.40%,90.90%,,33846,32330,,88.30%,90.90%,,28107,27124,,83.50%,89.20%,,8698,8732,,85.30%,88.40%,,3478,3193,,83.50%,85.30%,,408698,405362,,216794,211909,,34.82,38.55,,C+,B,,220515,215119,,34.92,38.61,,C+,B,,92289,89552,,30.1,32.55,,Dist-,Dist-,,21098,21564,,29.1,31.3,,Merit+,Dist-,,2430,892,,5.72,5.95,,L2Merit-,L2Merit,,,,,,,,,,,,,,,,,,,,,,,,,,,,,,,,,,,,,,,,,,,,,,,,,,200571,192987,,94.50%,95.80%,,202091,194561,,94.50%,95.80%,,75530,73813,,88.60%,92.60%,,24138,24658,,89.40%,92.10%,,6330,5822,,86.30%,87.30%
5,,,,,,,,,,,,,,,,,,,,,,,,,,,,,,,610821,299335,35.55,B-,225775,36.21,B-,225775,19.70%,306605,35.69,B-,131263,29.17,Merit+,27354,28.14,Merit+,93482,29.30%,194688,68.30%,,,,,,,,,242557,NA,NA,241269,NA,244564,NA,NA,243153,NA,106527,NA,NA,104840,NA,30176,NA,NA,29578,NA,8495,5.63,L2Merit-,10214,NA,NA,67458,10.60%,,,NA,NA,,NA,NA,,NA,NA,,NA,NA,,,,,,NA,,NA,,NA,,NA,,NA,NA,,NA,,,NA,NA,,NA,NA,,NA,NA,,NA,NA,,,,,,NA,,NA,,NA,,NA,,NA,NA,,NA,NA,NA,NA,NA,NA,NA,NA,NA,NA,NA,NA,NA,NA,NA,NA,NA,NA,NA,NA,NA,NA,NA,NA,NA,NA,NA,NA,NA,NA,NA,NA,NA,NA,NA,NA,NA,NA,NA,NA,NA,NA,NA,NA,NA,NA,NA,NA,NA,NA,NA,NA,NA,595296,589479,,292201,284381,,35.29,38.87,,B-,B,,298860,290346,,35.48,39.04,,B-,B,,123265,119853,,29.56,31.98,,Merit+,Dist-,,28022,28535,,28.52,30.56,,Merit+,Dist-,,3847,1404,,5.68,5.88,,L2Merit-,L2Merit,,,,,,,,,,,,,,,,,,,,,,,,,,,,,,,,,,,,,,,,,,,,,,,,,,,,,,,,236796,227494,,NA,NA,,238612,229453,,NA,NA,,104950,102100,,NA,NA,,33165,33664,,NA,NA,,9964,9137,,NA,NA,,,,,,,,NA,NA,,NA,NA,,,,,NA,NA,,NA,NA,,,,,NA,NA,,NA,NA,,,,,NA,NA,,NA,NA,,,,,NA,NA,,NA,NA,,,,,,,,,,,,,,,,,,,,,,,,,,,,,,,,,,,,,,,,,,,,,,,,,,,,,NA,NA,,,,,NA,NA,,,,,NA,NA,,,,,NA,NA,,,,,NA,NA,,,,,,,,NA,NA,,NA,NA,,,,,NA,NA,,NA,NA,,,,,NA,NA,,NA,NA,,,,,NA,NA,,NA,NA,,,,,NA,NA,,NA,NA,,,,,,,,,,,,,,,,,,,,,,,,,,,,,,,,,,,,,,,,,,,,,,,,,,,,,NA,NA,,,,,NA,NA,,,,,NA,NA,,,,,NA,NA,,,,,NA,NA