RECTYPE,ALPHAIND,LEA,ESTAB,URN,SCHNAME,ADDRESS1,ADDRESS2,ADDRESS3,TOWN,PCODE,TELNUM,PCON_CODE,PCON_NAME,URN_AC,SCHNAME_AC,OPEN_AC,NFTYPE,ICLOSE,RELDENOM,AGERANGE,TAB15,TAB1618,TOTPUPS,TPUPYEAR,TELIG,BELIG,GELIG,PBELIG,PGELIG,TKS1AVERAGE,TKS1GROUP_L,PTKS1GROUP_L,TKS1GROUP_M,PTKS1GROUP_M,TKS1GROUP_H,PTKS1GROUP_H,TKS1GROUP_NA,PTKS1GROUP_NA,TFSM6CLA1A,PTFSM6CLA1A,TNOTFSM6CLA1A,PTNOTFSM6CLA1A,TEALGRP2,PTEALGRP2,TMOBN,PTMOBN,PTRWM_EXP,PTRWM_HIGH,READPROG,READPROG_LOWER,READPROG_UPPER,READCOV,WRITPROG,WRITPROG_LOWER,WRITPROG_UPPER,WRITCOV,MATPROG,MATPROG_LOWER,MATPROG_UPPER,MATCOV,PTREAD_EXP,PTREAD_HIGH,PTREAD_AT,READ_AVERAGE,PTGPS_EXP,PTGPS_HIGH,PTGPS_AT,GPS_AVERAGE,PTMAT_EXP,PTMAT_HIGH,PTMAT_AT,MAT_AVERAGE,PTWRITTA_EXP,PTWRITTA_HIGH,PTWRITTA_WTS,PTWRITTA_AD,PTSCITA_EXP,PTSCITA_AD,PTRWM_EXP_B,PTRWM_EXP_G,PTRWM_EXP_L,PTRWM_EXP_M,PTRWM_EXP_H,PTRWM_EXP_FSM6CLA1A,PTRWM_EXP_NotFSM6CLA1A,DIFFN_RWM_EXP,PTRWM_EXP_EAL,PTRWM_EXP_MOBN,PTRWM_HIGH_B,PTRWM_HIGH_G,PTRWM_HIGH_L,PTRWM_HIGH_M,PTRWM_HIGH_H,PTRWM_HIGH_FSM6CLA1A,PTRWM_HIGH_NotFSM6CLA1A,DIFFN_RWM_HIGH,PTRWM_HIGH_EAL,PTRWM_HIGH_MOBN,READPROG_B,READPROG_B_LOWER,READPROG_B_UPPER,READPROG_G,READPROG_G_LOWER,READPROG_G_UPPER,READPROG_L,READPROG_L_LOWER,READPROG_L_UPPER,READPROG_M,READPROG_M_LOWER,READPROG_M_UPPER,READPROG_H,READPROG_H_LOWER,READPROG_H_UPPER,READPROG_FSM6CLA1A,READPROG_FSM6CLA1A_LOWER,READPROG_FSM6CLA1A_UPPER,READPROG_NotFSM6CLA1A,READPROG_NotFSM6CLA1A_LOWER,READPROG_NotFSM6CLA1A_UPPER,DIFFN_READPROG,READPROG_EAL,READPROG_EAL_LOWER,READPROG_EAL_UPPER,READPROG_MOBN,READPROG_MOBN_LOWER,READPROG_MOBN_UPPER,WRITPROG_B,WRITPROG_B_LOWER,WRITPROG_B_UPPER,WRITPROG_G,WRITPROG_G_LOWER,WRITPROG_G_UPPER,WRITPROG_L,WRITPROG_L_LOWER,WRITPROG_L_UPPER,WRITPROG_M,WRITPROG_M_LOWER,WRITPROG_M_UPPER,WRITPROG_H,WRITPROG_H_LOWER,WRITPROG_H_UPPER,WRITPROG_FSM6CLA1A,WRITPROG_FSM6CLA1A_LOWER,WRITPROG_FSM6CLA1A_UPPER,WRITPROG_NotFSM6CLA1A,WRITPROG_NotFSM6CLA1A_LOWER,WRITPROG_NotFSM6CLA1A_UPPER,DIFFN_WRITPROG,WRITPROG_EAL,WRITPROG_EAL_LOWER,WRITPROG_EAL_UPPER,WRITPROG_MOBN,WRITPROG_MOBN_LOWER,WRITPROG_MOBN_UPPER,MATPROG_B,MATPROG_B_LOWER,MATPROG_B_UPPER,MATPROG_G,MATPROG_G_LOWER,MATPROG_G_UPPER,MATPROG_L,MATPROG_L_LOWER,MATPROG_L_UPPER,MATPROG_M,MATPROG_M_LOWER,MATPROG_M_UPPER,MATPROG_H,MATPROG_H_LOWER,MATPROG_H_UPPER,MATPROG_FSM6CLA1A,MATPROG_FSM6CLA1A_LOWER,MATPROG_FSM6CLA1A_UPPER,MATPROG_NotFSM6CLA1A,MATPROG_NotFSM6CLA1A_LOWER,MATPROG_NotFSM6CLA1A_UPPER,DIFFN_MATPROG,MATPROG_EAL,MATPROG_EAL_LOWER,MATPROG_EAL_UPPER,MATPROG_MOBN,MATPROG_MOBN_LOWER,MATPROG_MOBN_UPPER,READ_AVERAGE_B,READ_AVERAGE_G,READ_AVERAGE_L,READ_AVERAGE_M,READ_AVERAGE_H,READ_AVERAGE_FSM6CLA1A,READ_AVERAGE_NotFSM6CLA1A,READ_AVERAGE_EAL,READ_AVERAGE_MOBN,MAT_AVERAGE_B,MAT_AVERAGE_G,MAT_AVERAGE_L,MAT_AVERAGE_M,MAT_AVERAGE_H,MAT_AVERAGE_FSM6CLA1A,MAT_AVERAGE_NotFSM6CLA1A,MAT_AVERAGE_EAL,MAT_AVERAGE_MOBN,GPS_AVERAGE_B,GPS_AVERAGE_G,GPS_AVERAGE_L,GPS_AVERAGE_M,GPS_AVERAGE_H,GPS_AVERAGE_FSM6CLA1A,GPS_AVERAGE_NotFSM6CLA1A,GPS_AVERAGE_EAL,GPS_AVERAGE_MOBN,PTREAD_EXP_L,PTREAD_EXP_M,PTREAD_EXP_H,PTREAD_EXP_FSM6CLA1A,PTREAD_EXP_NotFSM6CLA1A,PTGPS_EXP_L,PTGPS_EXP_M,PTGPS_EXP_H,PTGPS_EXP_FSM6CLA1A,PTGPS_EXP_NotFSM6CLA1A,PTMAT_EXP_L,PTMAT_EXP_M,PTMAT_EXP_H,PTMAT_EXP_FSM6CLA1A,PTMAT_EXP_NotFSM6CLA1A,PTWRITTA_EXP_L,PTWRITTA_EXP_M,PTWRITTA_EXP_H,PTWRITTA_EXP_FSM6CLA1A,PTWRITTA_EXP_NotFSM6CLA1A,PTREAD_HIGH_L,PTREAD_HIGH_M,PTREAD_HIGH_H,PTREAD_HIGH_FSM6CLA1A,PTREAD_HIGH_NotFSM6CLA1A,PTGPS_HIGH_L,PTGPS_HIGH_M,PTGPS_HIGH_H,PTGPS_HIGH_FSM6CLA1A,PTGPS_HIGH_NotFSM6CLA1A,PTMAT_HIGH_L,PTMAT_HIGH_M,PTMAT_HIGH_H,PTMAT_HIGH_FSM6CLA1A,PTMAT_HIGH_NotFSM6CLA1A,PTWRITTA_HIGH_L,PTWRITTA_HIGH_M,PTWRITTA_HIGH_H,PTWRITTA_HIGH_FSM6CLA1A,PTWRITTA_HIGH_NotFSM6CLA1A,TEALGRP1,PTEALGRP1,TEALGRP3,PTEALGRP3,TSENELE,PSENELE,TSENELK,PSENELK,TSENELEK,PSENELEK,TELIG_23,PTFSM6CLA1A_23,PTNOTFSM6CLA1A_23,PTRWM_EXP_23,PTRWM_HIGH_23,PTRWM_EXP_FSM6CLA1A_23,PTRWM_HIGH_FSM6CLA1A_23,PTRWM_EXP_NotFSM6CLA1A_23,PTRWM_HIGH_NotFSM6CLA1A_23,READPROG_23,READPROG_LOWER_23,READPROG_UPPER_23,WRITPROG_23,WRITPROG_LOWER_23,WRITPROG_UPPER_23,MATPROG_23,MATPROG_LOWER_23,MATPROG_UPPER_23,READ_AVERAGE_23,MAT_AVERAGE_23,TELIG_22,PTFSM6CLA1A_22,PTNOTFSM6CLA1A_22,PTRWM_EXP_22,PTRWM_HIGH_22,PTRWM_EXP_FSM6CLA1A_22,PTRWM_HIGH_FSM6CLA1A_22,PTRWM_EXP_NotFSM6CLA1A_22,PTRWM_HIGH_NotFSM6CLA1A_22,READPROG_22,READPROG_LOWER_22,READPROG_UPPER_22,WRITPROG_22,WRITPROG_LOWER_22,WRITPROG_UPPER_22,MATPROG_22,MATPROG_LOWER_22,MATPROG_UPPER_22,READ_AVERAGE_22,MAT_AVERAGE_22,READPROG_UNADJUSTED,WRITPROG_UNADJUSTED,MATPROG_UNADJUSTED,READPROG_DESCR,WRITPROG_DESCR,MATPROG_DESCR
1,22410,919,3391,149741,"Saint Albert the Great Catholic Primary School, a Voluntary Academy",Acorn Road,Bennetts End,,Hemel Hempstead,HP3 8DW,1442264835,E14001278,Hemel Hempstead,0,,,ACC,0,Roman Catholic,3-11,0,0,216,29,29,12,17,41%,59%,,,,,,,,,,9,31%,20,69%,5,17%,28,97%,52%,3%,,,,,,,,,,,,,76%,17%,0%,104,66%,10%,0%,103,76%,10%,0%,103,55%,3%,21%,0%,86%,0%,17%,76%,,,,56%,50%,-11,SUPP,54%,0%,6%,,,,11%,0%,1,SUPP,4%,,,,,,,,,,,,,,,,,,,,,,,,,,,,,,,,,,,,,,,,,,,,,,,,,,,,,,,,,,,,,,,,,,,,,,,,,,,,,,,,,,,,,99,107,,,,103,104,SUPP,104,101,106,,,,105,103,SUPP,103,98,107,,,,105,102,SUPP,103,,,,67%,80%,,,,56%,70%,,,,67%,80%,,,,56%,55%,,,,11%,20%,,,,22%,5%,,,,33%,0%,,,,11%,0%,24,83%,0,0%,1,3%,5,17%,6,21%,28,18%,82%,39%,4%,SUPP,SUPP,SUPP,SUPP,-0.1,-2.5,2.2,-2,-4.3,0.3,-1,-3.2,1.2,104,102
1,496,919,3393,117472,"All Saints Church of England Primary School and Nursery, Bishop's Stortford",Parsonage Lane,,,Bishop's Stortford,CM23 5BE,1279836006,E14001283,Hertford and Stortford,0,,,VA,0,Church of England,3-11,0,0,209,30,29,13,16,45%,55%,,,,,,,,,,4,14%,25,86%,3,10%,27,93%,39%,0%,,,,,,,,,,,,,59%,28%,0%,104,69%,24%,0%,104,69%,10%,3%,103,61%,4%,36%,0%,71%,0%,25%,50%,,,,SUPP,SUPP,SUPP,SUPP,41%,0%,0%,,,,SUPP,SUPP,SUPP,SUPP,0%,,,,,,,,,,,,,,,,,,,,,,,,,,,,,,,,,,,,,,,,,,,,,,,,,,,,,,,,,,,,,,,,,,,,,,,,,,,,,,,,,,,,,102,105,,,,SUPP,SUPP,SUPP,104,104,103,,,,SUPP,SUPP,SUPP,103,103,105,,,,SUPP,SUPP,SUPP,104,,,,SUPP,SUPP,,,,SUPP,SUPP,,,,SUPP,SUPP,,,,SUPP,SUPP,,,,SUPP,SUPP,,,,SUPP,SUPP,,,,SUPP,SUPP,,,,SUPP,SUPP,26,90%,0,0%,2,7%,4,14%,6,21%,31,13%,87%,42%,0%,SUPP,SUPP,SUPP,SUPP,0.1,-2.3,2.5,-5.4,-7.8,-3.1,0.2,-2.1,2.5,107,106
1,23258,919,3408,148496,St Cross Catholic Primary School,Upper Marsh Lane,,,Hoddesdon,EN11 8BN,1992467309,E14001139,Broxbourne,0,,,ACC,0,Roman Catholic,5-11,0,0,214,30,29,17,12,59%,41%,,,,,,,,,,4,14%,25,86%,4,14%,25,86%,62%,10%,,,,,,,,,,,,,79%,34%,0%,106,83%,34%,0%,107,83%,21%,0%,105,62%,17%,17%,0%,93%,0%,53%,75%,,,,SUPP,SUPP,SUPP,SUPP,72%,6%,17%,,,,SUPP,SUPP,SUPP,SUPP,12%,,,,,,,,,,,,,,,,,,,,,,,,,,,,,,,,,,,,,,,,,,,,,,,,,,,,,,,,,,,,,,,,,,,,,,,,,,,,,,,,,,,,,105,108,,,,SUPP,SUPP,SUPP,107,107,102,,,,SUPP,SUPP,SUPP,105,107,108,,,,SUPP,SUPP,SUPP,108,,,,SUPP,SUPP,,,,SUPP,SUPP,,,,SUPP,SUPP,,,,SUPP,SUPP,,,,SUPP,SUPP,,,,SUPP,SUPP,,,,SUPP,SUPP,,,,SUPP,SUPP,25,86%,0,0%,2,7%,2,7%,4,14%,28,4%,96%,68%,25%,SUPP,SUPP,SUPP,SUPP,-0.9,-3.3,1.4,2.1,-0.2,4.4,0.6,-1.6,2.9,106,107
1,7388,919,3410,146922,Divine Saviour Roman Catholic Primary School,Broomfield Rise,,,Abbots Langley,WD5 0HW,1923265607,E14001496,South West Hertfordshire,0,,,ACC,0,Roman Catholic,3-11,0,0,201,29,29,15,14,52%,48%,,,,,,,,,,3,10%,26,90%,1,3%,29,100%,69%,10%,,,,,,,,,,,,,90%,38%,0%,107,62%,17%,0%,103,76%,14%,0%,105,79%,14%,10%,0%,86%,0%,60%,79%,,,,SUPP,SUPP,SUPP,SUPP,69%,7%,14%,,,,SUPP,SUPP,SUPP,SUPP,10%,,,,,,,,,,,,,,,,,,,,,,,,,,,,,,,,,,,,,,,,,,,,,,,,,,,,,,,,,,,,,,,,,,,,,,,,,,,,,,,,,,,,,105,109,,,,SUPP,SUPP,SUPP,107,105,105,,,,SUPP,SUPP,SUPP,105,102,105,,,,SUPP,SUPP,SUPP,103,,,,SUPP,SUPP,,,,SUPP,SUPP,,,,SUPP,SUPP,,,,SUPP,SUPP,,,,SUPP,SUPP,,,,SUPP,SUPP,,,,SUPP,SUPP,,,,SUPP,SUPP,28,97%,0,0%,0,0%,3,10%,3,10%,30,30%,70%,60%,3%,56%,11%,62%,0%,-1.8,-4,0.5,-0.6,-2.7,1.6,-3.3,-5.4,-1.2,106,103
1,25560,919,3976,117497,"St Mary's Church of England VA Primary School, Welham Green",Dellsome Lane,Welham Green,,Hatfield,AL9 7NE,1707276725,E14001573,Welwyn Hatfield,0,,,VA,0,Church of England,4-11,0,0,183,30,28,18,10,64%,36%,,,,,,,,,,12,43%,16,57%,7,25%,20,71%,32%,0%,,,,,,,,,,,,,50%,7%,4%,99,39%,14%,0%,97,39%,18%,4%,98,36%,0%,11%,0%,43%,0%,44%,10%,,,,17%,44%,-50,29%,35%,0%,0%,,,,0%,0%,-10,0%,0%,,,,,,,,,,,,,,,,,,,,,,,,,,,,,,,,,,,,,,,,,,,,,,,,,,,,,,,,,,,,,,,,,,,,,,,,,,,,,,,,,,,,,101,97,,,,98,100,100,99,101,91,,,,92,102,98,97,99,94,,,,92,100,98,96,,,,33%,63%,,,,17%,56%,,,,17%,56%,,,,17%,50%,,,,0%,13%,,,,0%,25%,,,,0%,31%,,,,0%,0%,21,75%,0,0%,1,4%,8,29%,9,32%,29,28%,72%,45%,0%,38%,0%,48%,0%,-5.3,-8,-2.6,-5,-7.6,-2.5,-5.1,-7.7,-2.6,101,101
1,23112,919,3978,133773,St Catherine's Hoddesdon CofE Primary School,Haslewood Avenue,,,Hoddesdon,EN11 8HT,1992463214,E14001139,Broxbourne,0,,,VC,0,Church of England/Christian,4-11,0,0,377,47,47,25,22,53%,47%,,,,,,,,,,17,36%,30,64%,12,26%,39,83%,43%,0%,,,,,,,,,,,,,66%,11%,2%,102,74%,26%,2%,104,49%,6%,0%,100,70%,6%,23%,0%,79%,0%,40%,45%,,,,18%,57%,-49,42%,46%,0%,0%,,,,0%,0%,-10,0%,0%,,,,,,,,,,,,,,,,,,,,,,,,,,,,,,,,,,,,,,,,,,,,,,,,,,,,,,,,,,,,,,,,,,,,,,,,,,,,,,,,,,,,,101,103,,,,101,103,102,103,100,99,,,,97,101,101,100,103,105,,,,102,106,107,104,,,,65%,67%,,,,71%,77%,,,,24%,63%,,,,71%,70%,,,,12%,10%,,,,6%,37%,,,,6%,7%,,,,0%,10%,34,72%,1,2%,2,4%,8,17%,10,21%,53,26%,74%,45%,0%,14%,0%,56%,0%,-0.4,-2.2,1.3,-1.2,-2.9,0.5,-2.4,-4.1,-0.8,104,101
1,3536,919,4144,117541,Bridgewater Primary School,Bridle Way,Billet Lane,,Berkhamsted,HP4 1ES,1442871231,E14001268,Harpenden and Berkhamsted,0,,,CY,0,Does not apply,3-11,0,0,458,58,60,30,30,50%,50%,,,,,,,,,,1,2%,59,98%,1,2%,58,97%,75%,15%,,,,,,,,,,,,,92%,45%,0%,109,88%,50%,0%,108,82%,32%,0%,106,87%,30%,13%,0%,93%,0%,60%,90%,,,,SUPP,SUPP,SUPP,SUPP,76%,13%,17%,,,,SUPP,SUPP,SUPP,SUPP,16%,,,,,,,,,,,,,,,,,,,,,,,,,,,,,,,,,,,,,,,,,,,,,,,,,,,,,,,,,,,,,,,,,,,,,,,,,,,,,,,,,,,,,107,110,,,,SUPP,SUPP,SUPP,109,105,107,,,,SUPP,SUPP,SUPP,106,105,111,,,,SUPP,SUPP,SUPP,108,,,,SUPP,SUPP,,,,SUPP,SUPP,,,,SUPP,SUPP,,,,SUPP,SUPP,,,,SUPP,SUPP,,,,SUPP,SUPP,,,,SUPP,SUPP,,,,SUPP,SUPP,59,98%,0,0%,1,2%,7,12%,8,13%,56,4%,96%,80%,4%,SUPP,SUPP,SUPP,SUPP,2.5,0.9,4.1,-0.9,-2.5,0.7,2.4,0.9,4,110,109
1,21078,919,4146,140249,Ralph Sadleir School,Station Road,Puckeridge,,Ware,SG11 1TF,1920821042,E14001393,North East Hertfordshire,0,,,ACC,0,Does not apply,9-13,0,0,319,76,77,41,36,53%,47%,,,,,,,,,,8,10%,69,90%,5,6%,75,97%,43%,1%,,,,,,,,,,,,,75%,13%,1%,104,58%,13%,1%,102,49%,9%,1%,100,69%,5%,21%,0%,82%,0%,46%,39%,,,,25%,45%,-42,SUPP,43%,0%,3%,,,,0%,1%,-10,SUPP,1%,,,,,,,,,,,,,,,,,,,,,,,,,,,,,,,,,,,,,,,,,,,,,,,,,,,,,,,,,,,,,,,,,,,,,,,,,,,,,,,,,,,,,104,105,,,,101,105,SUPP,104,101,99,,,,95,101,SUPP,100,101,102,,,,97,102,SUPP,102,,,,63%,77%,,,,25%,62%,,,,25%,52%,,,,50%,71%,,,,0%,14%,,,,0%,14%,,,,0%,10%,,,,0%,6%,72,94%,0,0%,6,8%,10,13%,16,21%,79,10%,90%,51%,0%,13%,0%,55%,0%,0.2,-1.2,1.6,-4.2,-5.6,-2.9,-1.5,-2.8,-0.2,106,103
1,29838,919,4627,117559,The Thomas Coram Church of England School,Swing Gate Lane,,,Berkhamsted,HP4 2RP,1442866757,E14001268,Harpenden and Berkhamsted,0,,,VA,0,Church of England,7-11,0,0,345,93,92,36,56,39%,61%,,,,,,,,,,16,17%,76,83%,5,5%,86,93%,58%,13%,,,,,,,,,,,,,73%,41%,0%,106,70%,40%,0%,107,70%,23%,0%,104,63%,14%,33%,2%,86%,2%,58%,57%,,,,19%,66%,-48,SUPP,59%,14%,13%,,,,0%,16%,-10,SUPP,14%,,,,,,,,,,,,,,,,,,,,,,,,,,,,,,,,,,,,,,,,,,,,,,,,,,,,,,,,,,,,,,,,,,,,,,,,,,,,,,,,,,,,,106,107,,,,100,108,SUPP,107,105,103,,,,98,105,SUPP,104,106,107,,,,100,108,SUPP,107,,,,38%,80%,,,,38%,76%,,,,44%,75%,,,,38%,68%,,,,13%,47%,,,,6%,47%,,,,0%,28%,,,,0%,17%,85,92%,2,2%,3,3%,21,23%,24,26%,60,10%,90%,40%,12%,17%,0%,43%,13%,0.4,-1.2,2,-4,-5.6,-2.5,-1.5,-3,0,107,104
1,8664,919,5212,141898,Fair Field Junior School,Watford Road,,Radlett,Radlett,WD7 8LU,1923856341,E14001284,Hertsmere,0,,,ACC,0,None,7-11,0,0,225,55,56,22,34,39%,61%,,,,,,,,,,13,23%,43,77%,15,27%,51,91%,73%,9%,,,,,,,,,,,,,86%,50%,0%,108,80%,38%,0%,106,86%,30%,0%,106,80%,14%,20%,0%,93%,0%,68%,76%,,,,62%,77%,-5,87%,75%,5%,12%,,,,0%,12%,-10,0%,10%,,,,,,,,,,,,,,,,,,,,,,,,,,,,,,,,,,,,,,,,,,,,,,,,,,,,,,,,,,,,,,,,,,,,,,,,,,,,,,,,,,,,,105,110,,,,105,109,107,108,108,106,,,,103,108,106,107,106,107,,,,103,107,107,107,,,,85%,86%,,,,77%,81%,,,,77%,88%,,,,69%,84%,,,,31%,56%,,,,23%,42%,,,,23%,33%,,,,0%,19%,40,71%,1,2%,1,2%,9,16%,10,18%,55,35%,65%,78%,18%,74%,11%,81%,22%,1.9,0.1,3.6,0.7,-0.9,2.4,3,1.4,4.6,108,108
1,11454,919,2004,138201,Hatfield Community Free School,Briars Lane,,,Hatfield,AL10 8ES,1707276018,E14001573,Welwyn Hatfield,0,,,F,0,None,4-11,0,0,418,58,58,25,33,43%,57%,,,,,,,,,,16,28%,42,72%,28,48%,50,86%,55%,5%,,,,,,,,,,,,,72%,36%,0%,106,78%,47%,0%,107,74%,31%,0%,105,64%,7%,12%,0%,79%,0%,56%,55%,,,,25%,67%,-42,71%,58%,4%,6%,,,,0%,7%,-10,7%,6%,,,,,,,,,,,,,,,,,,,,,,,,,,,,,,,,,,,,,,,,,,,,,,,,,,,,,,,,,,,,,,,,,,,,,,,,,,,,,,,,,,,,,105,106,,,,101,107,107,106,107,104,,,,100,107,108,106,108,106,,,,102,109,111,108,,,,50%,81%,,,,56%,86%,,,,63%,79%,,,,44%,71%,,,,19%,43%,,,,13%,60%,,,,6%,40%,,,,0%,10%,30,52%,0,0%,2,3%,15,26%,17,29%,59,25%,75%,71%,2%,60%,0%,75%,2%,2.1,0.4,3.7,-2.5,-4.1,-1,1.4,-0.2,2.9,108,107
1,12434,919,2023,117097,Hobletts Manor Junior School,Adeyfield Road,,,Hemel Hempstead,HP2 5JS,1442251805,E14001278,Hemel Hempstead,0,,,CY,0,Does not apply,7-11,0,0,240,63,61,27,34,44%,56%,,,,,,,,,,17,28%,44,72%,11,18%,53,87%,77%,7%,,,,,,,,,,,,,90%,43%,0%,109,89%,54%,0%,109,89%,31%,0%,108,80%,16%,15%,0%,97%,0%,74%,79%,,,,65%,82%,-2,82%,75%,11%,3%,,,,0%,9%,-10,0%,8%,,,,,,,,,,,,,,,,,,,,,,,,,,,,,,,,,,,,,,,,,,,,,,,,,,,,,,,,,,,,,,,,,,,,,,,,,,,,,,,,,,,,,109,109,,,,111,108,108,109,109,107,,,,106,108,108,107,108,110,,,,108,110,107,109,,,,88%,91%,,,,82%,91%,,,,82%,91%,,,,65%,86%,,,,47%,41%,,,,53%,55%,,,,12%,39%,,,,18%,16%,50,82%,0,0%,0,0%,9,15%,9,15%,57,28%,72%,65%,9%,63%,0%,66%,12%,-0.1,-1.8,1.7,0.8,-0.8,2.5,2,0.4,3.6,105,107
1,17502,919,2464,117363,Morgans Primary School & Nursery,Morgans Road,,,Hertford,SG13 8DR,1992582162,E14001283,Hertford and Stortford,0,,,CY,0,Does not apply,3-11,0,0,344,49,47,24,23,51%,49%,,,,,,,,,,5,11%,42,89%,4,9%,44,94%,70%,4%,,,,,,,,,,,,,83%,32%,0%,107,81%,28%,0%,105,77%,32%,0%,105,83%,15%,6%,0%,91%,0%,75%,65%,,,,SUPP,SUPP,SUPP,SUPP,70%,8%,0%,,,,SUPP,SUPP,SUPP,SUPP,5%,,,,,,,,,,,,,,,,,,,,,,,,,,,,,,,,,,,,,,,,,,,,,,,,,,,,,,,,,,,,,,,,,,,,,,,,,,,,,,,,,,,,,106,108,,,,SUPP,SUPP,SUPP,107,105,105,,,,SUPP,SUPP,SUPP,105,104,106,,,,SUPP,SUPP,SUPP,105,,,,SUPP,SUPP,,,,SUPP,SUPP,,,,SUPP,SUPP,,,,SUPP,SUPP,,,,SUPP,SUPP,,,,SUPP,SUPP,,,,SUPP,SUPP,,,,SUPP,SUPP,43,91%,0,0%,1,2%,9,19%,10,21%,45,22%,78%,40%,4%,10%,0%,49%,6%,-0.7,-2.6,1.2,-4.3,-6,-2.5,-0.9,-2.6,0.9,104,103
1,14600,919,2982,117370,Ladbrooke Junior Mixed and Infant School,Watkins Rise,,,Potters Bar,EN6 1QB,1707652882,E14001284,Hertsmere,0,,,CY,0,Does not apply,3-11,0,0,231,27,29,16,13,55%,45%,,,,,,,,,,2,7%,27,93%,6,21%,27,93%,62%,7%,,,,,,,,,,,,,66%,10%,0%,102,62%,31%,0%,103,69%,24%,0%,104,76%,10%,21%,0%,93%,0%,75%,46%,,,,SUPP,SUPP,SUPP,83%,63%,6%,8%,,,,SUPP,SUPP,SUPP,17%,7%,,,,,,,,,,,,,,,,,,,,,,,,,,,,,,,,,,,,,,,,,,,,,,,,,,,,,,,,,,,,,,,,,,,,,,,,,,,,,,,,,,,,,103,100,,,,SUPP,SUPP,103,101,107,101,,,,SUPP,SUPP,107,104,106,100,,,,SUPP,SUPP,106,103,,,,SUPP,SUPP,,,,SUPP,SUPP,,,,SUPP,SUPP,,,,SUPP,SUPP,,,,SUPP,SUPP,,,,SUPP,SUPP,,,,SUPP,SUPP,,,,SUPP,SUPP,23,79%,0,0%,3,10%,5,17%,8,28%,30,27%,73%,57%,7%,50%,0%,59%,9%,0.8,-1.4,3.1,1.3,-0.9,3.5,1.9,-0.2,4.1,105,105
1,326,919,3000,117382,Aldbury Church of England Primary and Nursery School,Stocks Road,Aldbury,,Tring,HP23 5RT,1442851240,E14001268,Harpenden and Berkhamsted,0,,,VC,0,Church of England,3-11,0,0,109,14,14,9,5,64%,36%,,,,,,,,,,2,14%,12,86%,0,0%,14,100%,50%,7%,,,,,,,,,,,,,79%,29%,0%,104,71%,21%,0%,103,57%,14%,0%,102,71%,7%,29%,0%,71%,0%,44%,SUPP,,,,SUPP,SUPP,SUPP,,50%,11%,SUPP,,,,SUPP,SUPP,SUPP,,7%,,,,,,,,,,,,,,,,,,,,,,,,,,,,,,,,,,,,,,,,,,,,,,,,,,,,,,,,,,,,,,,,,,,,,,,,,,,,,,,,,,,,,104,SUPP,,,,SUPP,SUPP,,104,102,SUPP,,,,SUPP,SUPP,,102,104,SUPP,,,,SUPP,SUPP,,103,,,,SUPP,SUPP,,,,SUPP,SUPP,,,,SUPP,SUPP,,,,SUPP,SUPP,,,,SUPP,SUPP,,,,SUPP,SUPP,,,,SUPP,SUPP,,,,SUPP,SUPP,14,100%,0,0%,0,0%,2,14%,2,14%,10,0%,100%,50%,0%,,,SUPP,SUPP,3.1,-0.8,7,-3.9,-7.6,-0.1,0.8,-2.9,4.5,110,106
1,3130,919,2003,136857,Bovingdon Primary Academy,"Bovingdon Primary Academy,High Street",High Street,Bovingdon,Hemel Hempstead,HP3 0HL,1442406545,E14001278,Hemel Hempstead,0,,,ACC,0,Does not apply,3-11,0,0,400,49,49,30,19,61%,39%,,,,,,,,,,4,8%,45,92%,2,4%,47,96%,90%,14%,,,,,,,,,,,,,94%,65%,0%,111,94%,67%,0%,112,96%,53%,0%,110,90%,18%,8%,0%,96%,0%,90%,89%,,,,SUPP,SUPP,SUPP,SUPP,89%,7%,26%,,,,SUPP,SUPP,SUPP,SUPP,15%,,,,,,,,,,,,,,,,,,,,,,,,,,,,,,,,,,,,,,,,,,,,,,,,,,,,,,,,,,,,,,,,,,,,,,,,,,,,,,,,,,,,,111,112,,,,SUPP,SUPP,SUPP,111,110,109,,,,SUPP,SUPP,SUPP,110,112,114,,,,SUPP,SUPP,SUPP,112,,,,SUPP,SUPP,,,,SUPP,SUPP,,,,SUPP,SUPP,,,,SUPP,SUPP,,,,SUPP,SUPP,,,,SUPP,SUPP,,,,SUPP,SUPP,,,,SUPP,SUPP,47,96%,0,0%,1,2%,1,2%,2,4%,60,8%,92%,87%,13%,SUPP,SUPP,SUPP,SUPP,2.3,0.7,3.9,1.2,-0.3,2.8,2.5,0.9,4,109,108
1,9310,919,2017,117092,Four Swannes Primary School,King Edward Road,,,Waltham Cross,EN8 7HH,1992763939,E14001139,Broxbourne,0,,,CY,0,Does not apply,3-11,0,0,209,29,28,14,14,50%,50%,,,,,,,,,,8,29%,20,71%,16,57%,23,82%,32%,0%,,,,,,,,,,,,,43%,4%,0%,100,43%,11%,0%,101,50%,7%,0%,100,71%,4%,29%,0%,79%,0%,21%,43%,,,,38%,30%,-29,38%,35%,0%,0%,,,,0%,0%,-10,0%,0%,,,,,,,,,,,,,,,,,,,,,,,,,,,,,,,,,,,,,,,,,,,,,,,,,,,,,,,,,,,,,,,,,,,,,,,,,,,,,,,,,,,,,99,101,,,,97,101,101,100,100,100,,,,98,101,102,100,100,102,,,,99,101,103,101,,,,50%,40%,,,,38%,45%,,,,38%,55%,,,,50%,80%,,,,0%,5%,,,,0%,15%,,,,0%,10%,,,,0%,5%,12,43%,0,0%,0,0%,1,4%,1,4%,26,31%,69%,38%,0%,25%,0%,44%,0%,2.9,0.5,5.4,1.3,-1.1,3.7,1.6,-0.7,3.9,103,101
1,21792,919,2024,144419,Roebuck Academy,St Margarets,,,Stevenage,SG2 8RG,1438311937,E14001516,Stevenage,0,,,ACC,0,Does not apply,3-11,0,0,462,60,60,27,33,45%,55%,,,,,,,,,,20,33%,40,67%,7,12%,59,98%,55%,7%,,,,,,,,,,,,,75%,12%,0%,103,67%,18%,0%,102,73%,17%,0%,103,72%,15%,25%,0%,90%,0%,52%,58%,,,,50%,58%,-17,43%,56%,7%,6%,,,,5%,8%,-5,0%,7%,,,,,,,,,,,,,,,,,,,,,,,,,,,,,,,,,,,,,,,,,,,,,,,,,,,,,,,,,,,,,,,,,,,,,,,,,,,,,,,,,,,,,103,103,,,,102,104,101,103,104,102,,,,102,104,101,103,103,102,,,,101,103,99,103,,,,70%,78%,,,,65%,68%,,,,65%,78%,,,,65%,75%,,,,5%,15%,,,,5%,25%,,,,5%,23%,,,,15%,15%,53,88%,0,0%,1,2%,23,38%,24,40%,61,25%,75%,56%,10%,47%,7%,59%,11%,-1.3,-2.9,0.3,-0.9,-2.5,0.6,-1,-2.5,0.6,105,105
1,292,919,2028,138231,Alban City School,7 Hatfield Road,,,St Albans,AL1 3RR,1727860304,E14001507,St Albans,0,,,F,0,Does not apply,5-11,0,0,384,60,60,19,41,32%,68%,,,,,,,,,,6,10%,54,90%,14,23%,56,93%,90%,12%,,,,,,,,,,,,,95%,48%,0%,109,93%,62%,0%,111,95%,38%,0%,109,92%,17%,8%,0%,98%,0%,84%,93%,,,,67%,93%,0,86%,91%,11%,12%,,,,17%,11%,7,14%,13%,,,,,,,,,,,,,,,,,,,,,,,,,,,,,,,,,,,,,,,,,,,,,,,,,,,,,,,,,,,,,,,,,,,,,,,,,,,,,,,,,,,,,110,109,,,,106,110,107,110,110,108,,,,106,109,109,109,110,111,,,,108,111,110,111,,,,83%,96%,,,,83%,94%,,,,83%,96%,,,,83%,93%,,,,33%,50%,,,,50%,63%,,,,17%,41%,,,,33%,15%,44,73%,2,3%,0,0%,8,13%,8,13%,60,13%,87%,78%,22%,25%,0%,87%,25%,5.5,3.7,7.3,3.5,1.7,5.2,4.2,2.5,5.9,109,109
1,10736,919,2035,138507,The Grove Academy,Fourth Avenue,,,Watford,WD25 9RH,1923674463,E14001568,Watford,0,,,AC,0,None,3-11,0,0,507,64,63,34,29,54%,46%,,,,,,,,,,31,49%,32,51%,16,25%,63,100%,54%,5%,,,,,,,,,,,,,68%,19%,0%,103,70%,22%,0%,105,76%,13%,0%,103,62%,5%,29%,0%,71%,0%,41%,69%,,,,42%,66%,-25,69%,54%,6%,3%,,,,0%,9%,-10,6%,5%,,,,,,,,,,,,,,,,,,,,,,,,,,,,,,,,,,,,,,,,,,,,,,,,,,,,,,,,,,,,,,,,,,,,,,,,,,,,,,,,,,,,,102,105,,,,101,106,104,103,103,103,,,,100,106,105,103,103,106,,,,102,107,106,105,,,,55%,81%,,,,58%,81%,,,,68%,84%,,,,48%,75%,,,,10%,28%,,,,6%,38%,,,,0%,25%,,,,0%,9%,47,75%,0,0%,2,3%,11,17%,13,21%,77,42%,58%,48%,3%,34%,0%,58%,4%,2.3,0.8,3.8,-0.6,-2,0.8,2.2,0.8,3.6,105,105
1,13810,919,2042,140955,Jupiter Primary School,Jupiter Drive,,,Hemel Hempstead,HP2 5NT,1442217188,E14001278,Hemel Hempstead,0,,,F,0,None,4-11,0,0,404,53,52,33,19,63%,37%,,,,,,,,,,8,15%,44,85%,9,17%,44,85%,60%,10%,,,,,,,,,,,,,67%,23%,8%,105,62%,19%,8%,103,65%,19%,8%,103,69%,17%,19%,4%,73%,4%,61%,58%,,,,38%,64%,-29,44%,61%,12%,5%,,,,0%,11%,-10,0%,11%,,,,,,,,,,,,,,,,,,,,,,,,,,,,,,,,,,,,,,,,,,,,,,,,,,,,,,,,,,,,,,,,,,,,,,,,,,,,,,,,,,,,,105,105,,,,102,105,102,105,104,103,,,,96,105,106,103,103,103,,,,99,104,104,103,,,,50%,70%,,,,50%,64%,,,,38%,70%,,,,50%,73%,,,,13%,25%,,,,0%,23%,,,,0%,23%,,,,13%,18%,42,81%,1,2%,2,4%,7,13%,9,17%,51,20%,80%,43%,2%,30%,0%,46%,2%,-0.1,-1.9,1.7,-2.3,-4,-0.6,-1.2,-2.9,0.5,104,102
1,14740,919,2049,140954,Lanchester Primary School,Hempstead Road,,,Watford,WD17 3HD,1923224160,E14001568,Watford,0,,,F,0,None,4-11,0,0,363,55,57,22,35,39%,61%,,,,,,,,,,9,16%,48,84%,21,37%,37,65%,51%,5%,,,,,,,,,,,,,65%,32%,4%,105,72%,39%,4%,107,68%,26%,4%,105,58%,5%,35%,0%,67%,0%,45%,54%,,,,67%,48%,0,48%,57%,0%,9%,,,,0%,6%,-10,0%,8%,,,,,,,,,,,,,,,,,,,,,,,,,,,,,,,,,,,,,,,,,,,,,,,,,,,,,,,,,,,,,,,,,,,,,,,,,,,,,,,,,,,,,105,105,,,,107,105,103,107,105,105,,,,103,106,106,105,107,107,,,,106,107,107,108,,,,89%,60%,,,,78%,71%,,,,78%,67%,,,,67%,56%,,,,33%,31%,,,,33%,40%,,,,11%,29%,,,,0%,6%,33,58%,3,5%,2,4%,5,9%,7,12%,58,19%,81%,47%,3%,18%,0%,53%,4%,-1,-2.8,0.9,-4.5,-6.3,-2.7,1.4,-0.3,3.2,105,107
1,20454,919,2300,117259,Pixmore Junior School,Rushby Mead,,,Letchworth,SG6 1RS,1462620555,E14001393,North East Hertfordshire,0,,,CY,0,Does not apply,7-11,0,0,237,57,59,38,21,64%,36%,,,,,,,,,,24,41%,35,59%,3,5%,59,100%,58%,5%,,,,,,,,,,,,,69%,20%,2%,103,63%,19%,2%,101,63%,22%,2%,102,66%,7%,24%,0%,68%,0%,53%,67%,,,,42%,69%,-25,SUPP,58%,3%,10%,,,,0%,9%,-10,SUPP,5%,,,,,,,,,,,,,,,,,,,,,,,,,,,,,,,,,,,,,,,,,,,,,,,,,,,,,,,,,,,,,,,,,,,,,,,,,,,,,,,,,,,,,100,108,,,,98,106,SUPP,103,102,104,,,,100,104,SUPP,102,99,105,,,,98,103,SUPP,101,,,,54%,80%,,,,50%,71%,,,,50%,71%,,,,46%,80%,,,,13%,26%,,,,13%,23%,,,,13%,29%,,,,4%,9%,56,95%,0,0%,1,2%,11,19%,12,20%,60,43%,57%,35%,0%,19%,0%,47%,0%,-1.9,-3.5,-0.2,-3.7,-5.3,-2.2,-2.2,-3.7,-0.7,103,101
1,16388,919,2168,117188,Margaret Wix Primary School,High Oaks,,,St Albans,AL3 6EL,1727759232,E14001507,St Albans,0,,,CY,0,Does not apply,3-11,0,0,149,30,31,15,16,48%,52%,,,,,,,,,,5,16%,26,84%,10,32%,20,65%,71%,13%,,,,,,,,,,,,,84%,45%,3%,110,84%,35%,3%,109,74%,32%,0%,107,84%,19%,6%,0%,87%,0%,67%,75%,,,,SUPP,SUPP,SUPP,90%,65%,20%,6%,,,,SUPP,SUPP,SUPP,0%,15%,,,,,,,,,,,,,,,,,,,,,,,,,,,,,,,,,,,,,,,,,,,,,,,,,,,,,,,,,,,,,,,,,,,,,,,,,,,,,,,,,,,,,111,109,,,,SUPP,SUPP,108,109,108,105,,,,SUPP,SUPP,110,106,109,109,,,,SUPP,SUPP,110,107,,,,SUPP,SUPP,,,,SUPP,SUPP,,,,SUPP,SUPP,,,,SUPP,SUPP,,,,SUPP,SUPP,,,,SUPP,SUPP,,,,SUPP,SUPP,,,,SUPP,SUPP,20,65%,1,3%,3,10%,2,6%,5,16%,27,41%,59%,56%,4%,36%,0%,69%,6%,2.4,-0.5,5.3,0.6,-2.1,3.3,-4.1,-6.9,-1.4,107,103
1,13164,919,2225,117220,Howe Dell Primary School,The Runway,,,Hatfield,AL10 9AH,1707263291,E14001573,Welwyn Hatfield,0,,,CY,0,Does not apply,3-11,0,0,454,59,60,27,33,45%,55%,,,,,,,,,,12,20%,48,80%,15,25%,53,88%,63%,10%,,,,,,,,,,,,,83%,35%,0%,106,75%,35%,0%,106,70%,32%,0%,105,77%,17%,23%,0%,83%,0%,67%,61%,,,,50%,67%,-17,73%,64%,4%,15%,,,,8%,10%,-2,13%,11%,,,,,,,,,,,,,,,,,,,,,,,,,,,,,,,,,,,,,,,,,,,,,,,,,,,,,,,,,,,,,,,,,,,,,,,,,,,,,,,,,,,,,106,106,,,,108,106,105,106,106,104,,,,102,105,108,105,105,107,,,,107,106,108,106,,,,92%,81%,,,,67%,77%,,,,50%,75%,,,,67%,79%,,,,42%,33%,,,,42%,33%,,,,25%,33%,,,,25%,15%,45,75%,0,0%,2,3%,8,13%,10,17%,60,27%,73%,53%,2%,25%,0%,64%,2%,2,0.3,3.7,-0.2,-1.9,1.4,1.7,0.1,3.3,105,104
1,18900,919,2227,117222,Oakwood Primary School,Oakwood Drive,,,St Albans,AL4 0XA,1727753930,E14001507,St Albans,0,,,CY,0,Does not apply,4-11,0,0,318,48,47,23,24,49%,51%,,,,,,,,,,3,6%,44,94%,5,11%,46,98%,64%,13%,,,,,,,,,,,,,98%,53%,0%,110,94%,60%,0%,110,91%,40%,0%,108,64%,13%,36%,0%,91%,0%,70%,58%,,,,SUPP,SUPP,SUPP,SUPP,63%,9%,17%,,,,SUPP,SUPP,SUPP,SUPP,13%,,,,,,,,,,,,,,,,,,,,,,,,,,,,,,,,,,,,,,,,,,,,,,,,,,,,,,,,,,,,,,,,,,,,,,,,,,,,,,,,,,,,,111,109,,,,SUPP,SUPP,SUPP,110,111,106,,,,SUPP,SUPP,SUPP,108,111,109,,,,SUPP,SUPP,SUPP,110,,,,SUPP,SUPP,,,,SUPP,SUPP,,,,SUPP,SUPP,,,,SUPP,SUPP,,,,SUPP,SUPP,,,,SUPP,SUPP,,,,SUPP,SUPP,,,,SUPP,SUPP,42,89%,0,0%,1,2%,11,23%,12,26%,46,2%,98%,74%,13%,SUPP,SUPP,SUPP,SUPP,4,2.1,5.8,-1.1,-2.9,0.7,3.4,1.7,5.2,111,109
1,4294,919,2261,117242,Bushey Manor Junior School,Grange Road,,,Bushey,WD23 2QL,1923226362,E14001284,Hertsmere,0,,,CY,0,Does not apply,7-11,0,0,235,62,60,29,31,48%,52%,,,,,,,,,,10,17%,50,83%,16,27%,56,93%,73%,7%,,,,,,,,,,,,,88%,40%,0%,107,68%,20%,0%,104,80%,27%,0%,105,82%,10%,15%,2%,85%,2%,66%,81%,,,,30%,82%,-37,69%,79%,3%,10%,,,,0%,8%,-10,6%,7%,,,,,,,,,,,,,,,,,,,,,,,,,,,,,,,,,,,,,,,,,,,,,,,,,,,,,,,,,,,,,,,,,,,,,,,,,,,,,,,,,,,,,105,108,,,,100,108,106,107,106,105,,,,101,106,104,106,103,105,,,,100,104,105,104,,,,60%,94%,,,,30%,76%,,,,30%,90%,,,,70%,84%,,,,10%,46%,,,,0%,24%,,,,10%,30%,,,,0%,12%,44,73%,0,0%,0,0%,17,28%,17,28%,53,19%,81%,79%,10%,44%,0%,86%,12%,1.2,-0.6,3,-1.5,-3.2,0.2,-0.8,-2.4,0.9,110,108
1,20452,919,2293,117256,Pixies Hill Primary School,Hazeldell Road,,,Hemel Hempstead,HP1 2BY,1442251793,E14001278,Hemel Hempstead,0,,,CY,0,Does not apply,4-11,0,0,211,30,30,20,10,67%,33%,,,,,,,,,,4,13%,26,87%,3,10%,29,97%,70%,10%,,,,,,,,,,,,,80%,33%,0%,106,63%,27%,0%,103,80%,30%,0%,105,73%,13%,27%,0%,77%,0%,65%,80%,,,,SUPP,SUPP,SUPP,SUPP,72%,5%,20%,,,,SUPP,SUPP,SUPP,SUPP,10%,,,,,,,,,,,,,,,,,,,,,,,,,,,,,,,,,,,,,,,,,,,,,,,,,,,,,,,,,,,,,,,,,,,,,,,,,,,,,,,,,,,,,104,109,,,,SUPP,SUPP,SUPP,106,104,105,,,,SUPP,SUPP,SUPP,105,101,108,,,,SUPP,SUPP,SUPP,104,,,,SUPP,SUPP,,,,SUPP,SUPP,,,,SUPP,SUPP,,,,SUPP,SUPP,,,,SUPP,SUPP,,,,SUPP,SUPP,,,,SUPP,SUPP,,,,SUPP,SUPP,27,90%,0,0%,0,0%,6,20%,6,20%,30,13%,87%,67%,7%,SUPP,SUPP,SUPP,SUPP,1,-1.2,3.3,1,-1.2,3.2,1.5,-0.6,3.6,106,104
1,19370,919,2026,133323,Oughton Primary and Nursery School,Mattocke Road,,,Hitchin,SG5 2NZ,1462450716,E14001289,Hitchin,0,,,CY,0,Does not apply,3-11,0,0,218,29,30,17,13,57%,43%,,,,,,,,,,17,57%,13,43%,2,7%,27,90%,50%,0%,,,,,,,,,,,,,67%,30%,3%,104,63%,30%,3%,103,73%,13%,3%,103,63%,0%,20%,3%,77%,3%,53%,46%,,,,35%,69%,-32,SUPP,48%,0%,0%,,,,0%,0%,-10,SUPP,0%,,,,,,,,,,,,,,,,,,,,,,,,,,,,,,,,,,,,,,,,,,,,,,,,,,,,,,,,,,,,,,,,,,,,,,,,,,,,,,,,,,,,,104,104,,,,101,107,SUPP,103,104,101,,,,100,106,SUPP,102,104,102,,,,100,108,SUPP,103,,,,53%,85%,,,,41%,92%,,,,59%,92%,,,,47%,85%,,,,12%,54%,,,,18%,46%,,,,6%,23%,,,,0%,0%,27,90%,1,3%,1,3%,5,17%,6,20%,46,33%,67%,39%,7%,33%,0%,42%,10%,-4.5,-6.4,-2.5,2.3,0.4,4.2,-0.7,-2.5,1.2,100,103
1,27410,919,2033,117102,Sauncey Wood Primary School,Pickford Hill,,,Harpenden,AL5 5HL,1582621514,E14001268,Harpenden and Berkhamsted,0,,,CY,0,Does not apply,4-11,0,0,193,30,30,14,16,47%,53%,,,,,,,,,,10,33%,20,67%,6,20%,27,90%,40%,7%,,,,,,,,,,,,,73%,23%,0%,107,73%,23%,0%,106,70%,30%,0%,106,40%,7%,43%,3%,77%,3%,43%,38%,,,,50%,35%,-17,67%,44%,14%,0%,,,,0%,10%,-10,0%,7%,,,,,,,,,,,,,,,,,,,,,,,,,,,,,,,,,,,,,,,,,,,,,,,,,,,,,,,,,,,,,,,,,,,,,,,,,,,,,,,,,,,,,108,106,,,,104,108,108,107,108,103,,,,100,109,109,106,108,104,,,,103,107,107,106,,,,70%,75%,,,,60%,80%,,,,60%,75%,,,,50%,35%,,,,10%,30%,,,,10%,30%,,,,10%,40%,,,,0%,10%,24,80%,0,0%,4,13%,4,13%,8,27%,31,48%,52%,55%,6%,53%,0%,56%,13%,0.9,-1.5,3.2,-4.3,-6.6,-2.1,0.4,-1.8,2.6,108,107
1,30550,919,2044,117108,Two Waters Primary School,High Ridge Close,Apsley,High Ridge Close,Hemel Hempstead,HP3 0AU,441442217893,E14001278,Hemel Hempstead,0,,,CY,0,Does not apply,3-11,0,0,239,32,30,19,11,63%,37%,,,,,,,,,,1,3%,29,97%,8,27%,26,87%,73%,17%,,,,,,,,,,,,,93%,40%,0%,109,97%,50%,0%,109,93%,50%,0%,109,80%,23%,10%,0%,90%,0%,63%,91%,,,,SUPP,SUPP,SUPP,63%,77%,0%,45%,,,,SUPP,SUPP,SUPP,25%,19%,,,,,,,,,,,,,,,,,,,,,,,,,,,,,,,,,,,,,,,,,,,,,,,,,,,,,,,,,,,,,,,,,,,,,,,,,,,,,,,,,,,,,107,113,,,,SUPP,SUPP,109,109,107,111,,,,SUPP,SUPP,110,109,107,111,,,,SUPP,SUPP,112,109,,,,SUPP,SUPP,,,,SUPP,SUPP,,,,SUPP,SUPP,,,,SUPP,SUPP,,,,SUPP,SUPP,,,,SUPP,SUPP,,,,SUPP,SUPP,,,,SUPP,SUPP,21,70%,1,3%,0,0%,0,0%,0,0%,29,10%,90%,72%,7%,SUPP,SUPP,SUPP,SUPP,1.9,-0.5,4.3,-2.5,-4.7,-0.2,2,-0.2,4.2,110,110
1,31258,919,2051,142221,Watford St John's Church of England Primary School,32 Clarendon Road,,,Watford,WD17 1JJ,1923255017,E14001568,Watford,0,,,F,0,Church of England/Christian,4-11,0,0,380,30,28,13,15,46%,54%,,,,,,,,,,4,14%,24,86%,8,29%,27,96%,43%,14%,,,,,,,,,,,,,68%,29%,0%,103,57%,14%,0%,100,57%,21%,0%,102,61%,18%,21%,0%,93%,0%,38%,47%,,,,SUPP,SUPP,SUPP,50%,44%,8%,20%,,,,SUPP,SUPP,SUPP,13%,15%,,,,,,,,,,,,,,,,,,,,,,,,,,,,,,,,,,,,,,,,,,,,,,,,,,,,,,,,,,,,,,,,,,,,,,,,,,,,,,,,,,,,,100,105,,,,SUPP,SUPP,101,103,100,104,,,,SUPP,SUPP,103,102,96,103,,,,SUPP,SUPP,99,100,,,,SUPP,SUPP,,,,SUPP,SUPP,,,,SUPP,SUPP,,,,SUPP,SUPP,,,,SUPP,SUPP,,,,SUPP,SUPP,,,,SUPP,SUPP,,,,SUPP,SUPP,20,71%,0,0%,2,7%,3,11%,5,18%,28,18%,82%,54%,0%,SUPP,SUPP,SUPP,SUPP,-1.3,-3.9,1.3,-5.2,-7.7,-2.7,-3.2,-5.6,-0.8,104,101
1,12242,919,2013,117089,Highwood Primary School,Mead Way,,,Bushey,WD23 2AW,1923256210,E14001568,Watford,0,,,CY,0,Does not apply,3-11,0,0,441,58,58,27,31,47%,53%,,,,,,,,,,11,19%,47,81%,22,38%,54,93%,45%,2%,,,,,,,,,,,,,72%,21%,3%,105,74%,24%,3%,105,72%,22%,2%,105,55%,5%,34%,0%,78%,0%,37%,52%,,,,0%,55%,-67,64%,46%,4%,0%,,,,0%,2%,-10,5%,2%,,,,,,,,,,,,,,,,,,,,,,,,,,,,,,,,,,,,,,,,,,,,,,,,,,,,,,,,,,,,,,,,,,,,,,,,,,,,,,,,,,,,,103,106,,,,101,105,106,105,106,104,,,,97,106,108,105,105,106,,,,100,106,107,105,,,,45%,79%,,,,36%,83%,,,,18%,85%,,,,0%,68%,,,,0%,26%,,,,0%,30%,,,,0%,28%,,,,0%,6%,36,62%,0,0%,1,2%,9,16%,10,17%,51,25%,75%,57%,8%,38%,0%,63%,11%,-0.8,-2.6,1,1.3,-0.5,3,-0.3,-2,1.4,105,104
1,9074,919,2031,117100,Flamstead Village School,Trowley Hill Road,Flamstead,59 Trowley Hill Road,St. Albans,AL3 8DL,1582840385,E14001268,Harpenden and Berkhamsted,0,,,CY,0,Does not apply,3-11,0,0,88,9,9,6,3,67%,33%,,,,,,,,,,2,22%,7,78%,1,11%,7,78%,11%,0%,,,,,,,,,,,,,56%,0%,0%,100,56%,0%,0%,100,67%,0%,0%,99,33%,0%,56%,0%,78%,0%,17%,SUPP,,,,SUPP,SUPP,SUPP,SUPP,14%,0%,SUPP,,,,SUPP,SUPP,SUPP,SUPP,0%,,,,,,,,,,,,,,,,,,,,,,,,,,,,,,,,,,,,,,,,,,,,,,,,,,,,,,,,,,,,,,,,,,,,,,,,,,,,,,,,,,,,,100,SUPP,,,,SUPP,SUPP,SUPP,101,99,SUPP,,,,SUPP,SUPP,SUPP,100,101,SUPP,,,,SUPP,SUPP,SUPP,101,,,,SUPP,SUPP,,,,SUPP,SUPP,,,,SUPP,SUPP,,,,SUPP,SUPP,,,,SUPP,SUPP,,,,SUPP,SUPP,,,,SUPP,SUPP,,,,SUPP,SUPP,8,89%,0,0%,1,11%,0,0%,1,11%,15,0%,100%,53%,20%,,,SUPP,SUPP,-1.2,-4.7,2.2,2.1,-1.2,5.4,-3.4,-6.6,-0.2,103,101
1,9552,919,2032,117101,Gaddesden Row JMI School,Gaddesden Row,,,Hemel Hempstead,HP2 6HG,1582840376,E14001268,Harpenden and Berkhamsted,0,,,CY,0,Does not apply,4-11,0,0,54,7,7,4,3,57%,43%,,,,,,,,,,5,71%,2,29%,0,0%,7,100%,43%,0%,,,,,,,,,,,,,43%,0%,0%,101,71%,0%,0%,103,71%,0%,0%,102,57%,29%,43%,0%,57%,0%,SUPP,SUPP,,,,SUPP,SUPP,SUPP,,43%,SUPP,SUPP,,,,SUPP,SUPP,SUPP,,0%,,,,,,,,,,,,,,,,,,,,,,,,,,,,,,,,,,,,,,,,,,,,,,,,,,,,,,,,,,,,,,,,,,,,,,,,,,,,,,,,,,,,,SUPP,SUPP,,,,SUPP,SUPP,,101,SUPP,SUPP,,,,SUPP,SUPP,,102,SUPP,SUPP,,,,SUPP,SUPP,,103,,,,SUPP,SUPP,,,,SUPP,SUPP,,,,SUPP,SUPP,,,,SUPP,SUPP,,,,SUPP,SUPP,,,,SUPP,SUPP,,,,SUPP,SUPP,,,,SUPP,SUPP,7,100%,0,0%,1,14%,0,0%,1,14%,5,SUPP,SUPP,SUPP,SUPP,SUPP,SUPP,SUPP,SUPP,SUPP,SUPP,SUPP,SUPP,SUPP,SUPP,SUPP,SUPP,SUPP,SUPP,SUPP
1,30474,919,2045,117109,Tudor Primary School,Redwood Drive,,,Hemel Hempstead,HP3 9ER,1442256294,E14001278,Hemel Hempstead,0,,,CY,0,Does not apply,3-11,0,0,441,59,59,25,34,42%,58%,,,,,,,,,,16,27%,43,73%,12,20%,55,93%,75%,14%,,,,,,,,,,,,,86%,37%,0%,107,85%,49%,0%,108,78%,31%,0%,105,83%,27%,17%,0%,85%,0%,76%,74%,,,,56%,81%,-11,92%,78%,12%,15%,,,,6%,16%,-4,8%,15%,,,,,,,,,,,,,,,,,,,,,,,,,,,,,,,,,,,,,,,,,,,,,,,,,,,,,,,,,,,,,,,,,,,,,,,,,,,,,,,,,,,,,105,108,,,,102,108,107,107,107,104,,,,100,107,106,106,109,108,,,,102,111,108,109,,,,69%,93%,,,,63%,93%,,,,56%,86%,,,,63%,91%,,,,19%,44%,,,,19%,60%,,,,6%,40%,,,,13%,33%,47,80%,0,0%,1,2%,10,17%,11,19%,60,28%,72%,60%,13%,41%,12%,67%,14%,1.6,-0.1,3.2,2.7,1.1,4.3,1.4,-0.2,2.9,106,105
1,5684,919,2063,143856,Churchfield Church of England Academy,Cheshunt Wash,,,Waltham Cross,EN8 0LU,1992463289,E14001139,Broxbourne,0,,,AC,0,Church of England,3-11,0,0,317,43,43,26,17,60%,40%,,,,,,,,,,14,33%,29,67%,14,33%,36,84%,33%,0%,,,,,,,,,,,,,51%,5%,0%,100,40%,9%,0%,99,58%,7%,0%,100,58%,5%,19%,0%,65%,0%,31%,35%,,,,21%,38%,-46,29%,31%,0%,0%,,,,0%,0%,-10,0%,0%,,,,,,,,,,,,,,,,,,,,,,,,,,,,,,,,,,,,,,,,,,,,,,,,,,,,,,,,,,,,,,,,,,,,,,,,,,,,,,,,,,,,,100,101,,,,100,100,97,100,101,97,,,,98,100,99,99,99,99,,,,99,99,97,98,,,,50%,52%,,,,29%,45%,,,,43%,66%,,,,57%,59%,,,,7%,3%,,,,14%,7%,,,,7%,7%,,,,7%,3%,29,67%,0,0%,4,9%,1,2%,5,12%,45,44%,56%,59%,5%,53%,0%,64%,8%,-0.2,-2.1,1.8,-0.4,-2.3,1.4,-0.7,-2.6,1.1,105,104
1,3410,919,2064,117119,Breachwood Green Junior Mixed and Infant School,Oxford Road,Breachwood Green,,Hitchin,SG4 8NP,1438833115,E14001289,Hitchin,0,,,CY,0,Does not apply,4-11,0,0,92,18,18,6,12,33%,67%,,,,,,,,,,2,11%,16,89%,2,11%,15,83%,44%,11%,,,,,,,,,,,,,78%,28%,0%,105,78%,28%,0%,105,61%,11%,0%,104,44%,11%,50%,0%,67%,0%,50%,42%,,,,SUPP,SUPP,SUPP,SUPP,47%,33%,0%,,,,SUPP,SUPP,SUPP,SUPP,13%,,,,,,,,,,,,,,,,,,,,,,,,,,,,,,,,,,,,,,,,,,,,,,,,,,,,,,,,,,,,,,,,,,,,,,,,,,,,,,,,,,,,,107,104,,,,SUPP,SUPP,SUPP,106,107,102,,,,SUPP,SUPP,SUPP,104,106,105,,,,SUPP,SUPP,SUPP,107,,,,SUPP,SUPP,,,,SUPP,SUPP,,,,SUPP,SUPP,,,,SUPP,SUPP,,,,SUPP,SUPP,,,,SUPP,SUPP,,,,SUPP,SUPP,,,,SUPP,SUPP,16,89%,0,0%,1,6%,2,11%,3,17%,6,17%,83%,83%,0%,SUPP,SUPP,SUPP,SUPP,-1.8,-6.9,3.2,-1.9,-6.8,2.9,1.3,-3.5,6,106,107
1,28704,919,2081,145409,Springmead Primary School,Hillyfields,,,Welwyn Garden City,AL7 2HB,1707331508,E14001573,Welwyn Hatfield,0,,,AC,0,Does not apply,3-11,0,0,279,46,44,26,18,59%,41%,,,,,,,,,,14,32%,30,68%,4,9%,43,98%,66%,9%,,,,,,,,,,,,,91%,34%,0%,107,93%,36%,0%,107,75%,20%,0%,104,86%,14%,9%,0%,89%,0%,65%,67%,,,,50%,73%,-17,SUPP,65%,12%,6%,,,,0%,13%,-10,SUPP,9%,,,,,,,,,,,,,,,,,,,,,,,,,,,,,,,,,,,,,,,,,,,,,,,,,,,,,,,,,,,,,,,,,,,,,,,,,,,,,,,,,,,,,107,107,,,,103,108,SUPP,107,106,102,,,,101,106,SUPP,104,108,106,,,,103,109,SUPP,107,,,,79%,97%,,,,86%,97%,,,,57%,83%,,,,79%,90%,,,,7%,47%,,,,21%,43%,,,,7%,27%,,,,0%,20%,40,91%,0,0%,0,0%,5,11%,5,11%,45,24%,76%,62%,16%,45%,9%,68%,18%,4,2.1,5.8,4.3,2.5,6,2.5,0.7,4.2,106,103
1,11390,919,2082,117131,Harvey Road Primary School,Harvey Road,Croxley Green,,Rickmansworth,WD3 3BN,1923773801,E14001496,South West Hertfordshire,0,,,CY,0,Does not apply,3-11,0,0,240,30,30,17,13,57%,43%,,,,,,,,,,0,0%,30,100%,1,3%,30,100%,100%,20%,,,,,,,,,,,,,100%,50%,0%,110,100%,70%,0%,112,100%,53%,0%,110,100%,40%,0%,0%,100%,0%,100%,100%,,,,,SUPP,,SUPP,100%,18%,23%,,,,,SUPP,,SUPP,20%,,,,,,,,,,,,,,,,,,,,,,,,,,,,,,,,,,,,,,,,,,,,,,,,,,,,,,,,,,,,,,,,,,,,,,,,,,,,,,,,,,,,,110,111,,,,,SUPP,SUPP,110,111,109,,,,,SUPP,SUPP,110,114,110,,,,,SUPP,SUPP,112,,,,,SUPP,,,,,SUPP,,,,,SUPP,,,,,SUPP,,,,,SUPP,,,,,SUPP,,,,,SUPP,,,,,SUPP,29,97%,0,0%,0,0%,3,10%,3,10%,30,3%,97%,97%,33%,SUPP,SUPP,SUPP,SUPP,4.2,1.9,6.5,3.7,1.5,5.9,4,1.9,6.2,111,110
1,9600,919,2095,148434,Garden Fields Junior Mixed and Infant School,Townsend Drive,,,St Albans,AL3 5RL,1727890440,E14001507,St Albans,0,,,ACC,0,Does not apply,5-11,0,0,525,92,90,47,43,52%,48%,,,,,,,,,,16,18%,74,82%,29,32%,78,87%,70%,11%,,,,,,,,,,,,,80%,41%,0%,107,86%,44%,0%,108,82%,33%,0%,106,86%,19%,13%,0%,87%,0%,64%,77%,,,,31%,78%,-36,72%,71%,13%,9%,,,,6%,12%,-4,14%,10%,,,,,,,,,,,,,,,,,,,,,,,,,,,,,,,,,,,,,,,,,,,,,,,,,,,,,,,,,,,,,,,,,,,,,,,,,,,,,,,,,,,,,105,108,,,,100,108,108,107,107,105,,,,99,107,108,106,108,108,,,,101,109,110,108,,,,50%,86%,,,,56%,92%,,,,44%,91%,,,,63%,91%,,,,19%,46%,,,,19%,50%,,,,13%,38%,,,,6%,22%,61,68%,0,0%,3,3%,17,19%,20,22%,89,17%,83%,65%,12%,20%,0%,74%,15%,2.6,1.2,4,0.5,-0.8,1.9,-0.5,-1.8,0.8,108,105
1,26676,919,2096,117140,St Peter's School,Cottonmill Lane,,,St Albans,AL1 1HL,1727853075,E14001507,St Albans,0,,,CY,0,Does not apply,3-11,0,0,350,32,30,21,9,70%,30%,,,,,,,,,,1,3%,29,97%,5,17%,27,90%,77%,13%,,,,,,,,,,,,,83%,33%,0%,105,70%,30%,3%,105,83%,33%,0%,106,80%,27%,17%,0%,77%,0%,81%,67%,,,,SUPP,SUPP,SUPP,SUPP,85%,14%,11%,,,,SUPP,SUPP,SUPP,SUPP,15%,,,,,,,,,,,,,,,,,,,,,,,,,,,,,,,,,,,,,,,,,,,,,,,,,,,,,,,,,,,,,,,,,,,,,,,,,,,,,,,,,,,,,106,103,,,,SUPP,SUPP,SUPP,107,106,105,,,,SUPP,SUPP,SUPP,108,105,106,,,,SUPP,SUPP,SUPP,107,,,,SUPP,SUPP,,,,SUPP,SUPP,,,,SUPP,SUPP,,,,SUPP,SUPP,,,,SUPP,SUPP,,,,SUPP,SUPP,,,,SUPP,SUPP,,,,SUPP,SUPP,25,83%,0,0%,0,0%,9,30%,9,30%,27,11%,89%,48%,4%,SUPP,SUPP,SUPP,SUPP,-1.5,-4.2,1.1,-0.2,-2.7,2.4,-2.2,-4.7,0.3,105,105
1,16212,919,2099,139159,Mandeville Primary School,Mandeville Drive,,,St Albans,AL1 2LE,1727519220,E14001507,St Albans,0,,,ACC,0,Does not apply,3-11,0,0,394,62,59,29,30,49%,51%,,,,,,,,,,21,36%,38,64%,26,44%,55,93%,69%,12%,,,,,,,,,,,,,73%,36%,0%,106,76%,36%,0%,106,83%,27%,0%,106,78%,19%,10%,0%,81%,0%,62%,77%,,,,57%,76%,-10,69%,69%,10%,13%,,,,10%,13%,0,12%,13%,,,,,,,,,,,,,,,,,,,,,,,,,,,,,,,,,,,,,,,,,,,,,,,,,,,,,,,,,,,,,,,,,,,,,,,,,,,,,,,,,,,,,104,108,,,,103,108,105,106,105,107,,,,102,108,106,106,103,108,,,,103,108,107,106,,,,57%,82%,,,,62%,84%,,,,76%,87%,,,,67%,84%,,,,24%,42%,,,,14%,47%,,,,10%,37%,,,,10%,24%,33,56%,0,0%,1,2%,9,15%,10,17%,59,25%,75%,54%,17%,33%,7%,61%,20%,1,-0.6,2.7,1.9,0.3,3.5,2.2,0.7,3.8,104,105
1,16540,919,2113,149330,Martins Wood Primary School,Mildmay Road,,,Stevenage,SG1 5RT,1438222602,E14001516,Stevenage,0,,,AC,0,Does not apply,2-11,0,0,607,73,76,40,36,53%,47%,,,,,,,,,,20,26%,56,74%,8,11%,70,92%,46%,0%,,,,,,,,,,,,,71%,20%,0%,104,66%,24%,1%,104,67%,11%,0%,102,53%,0%,29%,4%,78%,4%,43%,50%,,,,45%,46%,-22,38%,47%,0%,0%,,,,0%,0%,-10,0%,0%,,,,,,,,,,,,,,,,,,,,,,,,,,,,,,,,,,,,,,,,,,,,,,,,,,,,,,,,,,,,,,,,,,,,,,,,,,,,,,,,,,,,,102,106,,,,99,106,101,104,102,102,,,,99,103,100,102,103,105,,,,99,106,99,104,,,,50%,79%,,,,55%,70%,,,,55%,71%,,,,50%,54%,,,,0%,27%,,,,10%,29%,,,,10%,11%,,,,0%,0%,67,88%,1,1%,0,0%,15,20%,15,20%
1,30968,919,2114,117154,Walkern Primary School,High Street,Walkern,,Stevenage,SG2 7NS,1438861285,E14001393,North East Hertfordshire,0,,,CY,0,Does not apply,4-11,0,0,131,13,13,9,4,69%,31%,,,,,,,,,,3,23%,10,77%,0,0%,10,77%,77%,8%,,,,,,,,,,,,,100%,38%,0%,109,92%,31%,0%,107,92%,31%,0%,107,77%,15%,23%,0%,85%,0%,78%,SUPP,,,,SUPP,SUPP,SUPP,,90%,0%,SUPP,,,,SUPP,SUPP,SUPP,,10%,,,,,,,,,,,,,,,,,,,,,,,,,,,,,,,,,,,,,,,,,,,,,,,,,,,,,,,,,,,,,,,,,,,,,,,,,,,,,,,,,,,,,108,SUPP,,,,SUPP,SUPP,,109,107,SUPP,,,,SUPP,SUPP,,108,106,SUPP,,,,SUPP,SUPP,,108,,,,SUPP,SUPP,,,,SUPP,SUPP,,,,SUPP,SUPP,,,,SUPP,SUPP,,,,SUPP,SUPP,,,,SUPP,SUPP,,,,SUPP,SUPP,,,,SUPP,SUPP,13,100%,0,0%,1,8%,2,15%,3,23%,10,0%,100%,30%,0%,,,SUPP,SUPP,-6.7,-10.8,-2.6,-4.6,-8.3,-0.8,-5.1,-8.7,-1.4,101,103
1,25858,919,2131,117166,St Meryl School,The Mead,Carpenders Park,,Watford,WD19 5BT,2084281695,E14001496,South West Hertfordshire,0,,,CY,0,Does not apply,3-11,0,0,232,30,30,16,14,53%,47%,,,,,,,,,,3,10%,27,90%,12,40%,29,97%,50%,7%,,,,,,,,,,,,,70%,23%,0%,104,67%,17%,0%,102,70%,17%,0%,103,80%,13%,13%,0%,87%,0%,56%,43%,,,,SUPP,SUPP,SUPP,50%,52%,0%,14%,,,,SUPP,SUPP,SUPP,8%,7%,,,,,,,,,,,,,,,,,,,,,,,,,,,,,,,,,,,,,,,,,,,,,,,,,,,,,,,,,,,,,,,,,,,,,,,,,,,,,,,,,,,,,103,106,,,,SUPP,SUPP,102,104,103,102,,,,SUPP,SUPP,104,103,102,102,,,,SUPP,SUPP,104,103,,,,SUPP,SUPP,,,,SUPP,SUPP,,,,SUPP,SUPP,,,,SUPP,SUPP,,,,SUPP,SUPP,,,,SUPP,SUPP,,,,SUPP,SUPP,,,,SUPP,SUPP,18,60%,0,0%,3,10%,0,0%,3,10%,30,10%,90%,53%,0%,SUPP,SUPP,SUPP,SUPP,-0.2,-2.6,2.2,-5.4,-7.7,-3.1,0.7,-1.5,2.9,106,106
1,4696,919,2132,117167,Cassiobury Junior School,Bellmount Wood Avenue,,,Watford,WD17 3PD,1923232411,E14001568,Watford,0,,,CY,0,Does not apply,7-11,0,0,360,90,90,50,40,56%,44%,,,,,,,,,,8,9%,82,91%,30,33%,83,92%,69%,12%,,,,,,,,,,,,,86%,46%,1%,109,89%,57%,1%,111,84%,38%,1%,107,71%,14%,24%,0%,87%,0%,62%,78%,,,,38%,72%,-29,70%,69%,10%,15%,,,,0%,13%,-10,17%,12%,,,,,,,,,,,,,,,,,,,,,,,,,,,,,,,,,,,,,,,,,,,,,,,,,,,,,,,,,,,,,,,,,,,,,,,,,,,,,,,,,,,,,109,109,,,,102,110,109,109,109,105,,,,101,108,109,107,112,111,,,,105,112,113,111,,,,50%,89%,,,,63%,91%,,,,63%,87%,,,,38%,74%,,,,25%,48%,,,,25%,60%,,,,13%,40%,,,,0%,16%,60,67%,0,0%,5,6%,6,7%,11,12%,88,10%,90%,67%,7%,33%,0%,71%,8%,0.5,-0.9,1.8,-1.9,-3.2,-0.6,1.1,-0.2,2.4,108,108
1,33396,919,2146,117177,Wymondley Junior Mixed and Infant School,Siccut Road,Little Wymondley,,Hitchin,SG4 7HN,1438354583,E14001289,Hitchin,0,,,CY,0,Does not apply,4-11,0,0,102,17,17,9,8,53%,47%,,,,,,,,,,2,12%,15,88%,1,6%,16,94%,59%,12%,,,,,,,,,,,,,76%,24%,0%,104,76%,41%,0%,106,76%,24%,0%,104,76%,24%,24%,0%,88%,0%,56%,63%,,,,SUPP,SUPP,SUPP,SUPP,56%,0%,25%,,,,SUPP,SUPP,SUPP,SUPP,6%,,,,,,,,,,,,,,,,,,,,,,,,,,,,,,,,,,,,,,,,,,,,,,,,,,,,,,,,,,,,,,,,,,,,,,,,,,,,,,,,,,,,,102,106,,,,SUPP,SUPP,SUPP,104,102,105,,,,SUPP,SUPP,SUPP,103,104,109,,,,SUPP,SUPP,SUPP,106,,,,SUPP,SUPP,,,,SUPP,SUPP,,,,SUPP,SUPP,,,,SUPP,SUPP,,,,SUPP,SUPP,,,,SUPP,SUPP,,,,SUPP,SUPP,,,,SUPP,SUPP,16,94%,0,0%,1,6%,1,6%,2,12%,15,13%,87%,73%,7%,SUPP,SUPP,SUPP,SUPP,0.7,-2.6,4,0.2,-3,3.3,1.4,-1.7,4.5,107,106
1,22324,919,2181,117195,Saffron Green Primary School,Nicoll Way,,,Borehamwood,WD6 2PP,2089533801,E14001284,Hertsmere,0,,,CY,0,Does not apply,3-11,0,0,197,28,28,14,14,50%,50%,,,,,,,,,,10,36%,18,64%,11,39%,26,93%,44%,0%,,,,,,,,,,,,,71%,18%,0%,105,68%,21%,0%,105,75%,29%,0%,107,52%,0%,37%,0%,70%,0%,21%,69%,,,,56%,39%,-11,64%,48%,0%,0%,,,,0%,0%,-10,0%,0%,,,,,,,,,,,,,,,,,,,,,,,,,,,,,,,,,,,,,,,,,,,,,,,,,,,,,,,,,,,,,,,,,,,,,,,,,,,,,,,,,,,,,104,106,,,,107,103,103,106,106,107,,,,105,108,112,107,104,107,,,,107,105,107,106,,,,80%,67%,,,,80%,61%,,,,70%,78%,,,,56%,50%,,,,20%,17%,,,,30%,17%,,,,30%,28%,,,,0%,0%,17,61%,0,0%,1,4%,6,21%,7,25%,29,45%,55%,21%,0%,8%,0%,31%,0%,-3.1,-5.5,-0.7,-7.9,-10.2,-5.6,-2.4,-4.7,-0.2,100,100
1,9958,919,2263,117243,Goffs Oak Primary & Nursery School,Millcrest Road,Goffs Oak,,Waltham Cross,EN7 5NS,1707888488,E14001139,Broxbourne,0,,,CY,0,Does not apply,3-11,0,0,235,30,30,18,12,60%,40%,,,,,,,,,,3,10%,27,90%,3,10%,28,93%,67%,10%,,,,,,,,,,,,,73%,17%,0%,105,77%,20%,0%,105,70%,30%,0%,104,77%,20%,3%,0%,87%,0%,56%,83%,,,,SUPP,SUPP,SUPP,SUPP,68%,11%,8%,,,,SUPP,SUPP,SUPP,SUPP,7%,,,,,,,,,,,,,,,,,,,,,,,,,,,,,,,,,,,,,,,,,,,,,,,,,,,,,,,,,,,,,,,,,,,,,,,,,,,,,,,,,,,,,104,106,,,,SUPP,SUPP,SUPP,105,104,105,,,,SUPP,SUPP,SUPP,104,105,103,,,,SUPP,SUPP,SUPP,105,,,,SUPP,SUPP,,,,SUPP,SUPP,,,,SUPP,SUPP,,,,SUPP,SUPP,,,,SUPP,SUPP,,,,SUPP,SUPP,,,,SUPP,SUPP,,,,SUPP,SUPP,27,90%,0,0%,1,3%,3,10%,4,13%,31,6%,94%,65%,13%,SUPP,SUPP,SUPP,SUPP,0.2,-2,2.5,2.2,0.1,4.4,-0.4,-2.5,1.7,106,104
1,31244,919,2296,145257,Waterside Academy,Rowans,,,Welwyn Garden City,AL7 1NZ,1707321203,E14001573,Welwyn Hatfield,0,,,ACC,0,Does not apply,3-11,0,0,192,27,23,8,15,35%,65%,,,,,,,,,,8,35%,15,65%,4,17%,20,87%,70%,9%,,,,,,,,,,,,,70%,22%,0%,103,74%,35%,0%,104,74%,17%,0%,103,78%,17%,4%,0%,83%,0%,38%,87%,,,,38%,87%,-29,SUPP,70%,0%,13%,,,,0%,13%,-10,SUPP,10%,,,,,,,,,,,,,,,,,,,,,,,,,,,,,,,,,,,,,,,,,,,,,,,,,,,,,,,,,,,,,,,,,,,,,,,,,,,,,,,,,,,,,96,106,,,,99,105,SUPP,104,99,106,,,,100,105,SUPP,104,95,108,,,,97,107,SUPP,104,,,,38%,87%,,,,38%,93%,,,,50%,87%,,,,63%,87%,,,,13%,27%,,,,13%,47%,,,,0%,27%,,,,0%,27%,19,83%,0,0%,2,9%,3,13%,5,22%,17,18%,82%,71%,12%,SUPP,SUPP,SUPP,SUPP,5.5,2.5,8.5,0.9,-2,3.8,4.2,1.4,7,109,106
1,10746,919,2299,117258,The Grove Junior School,Dark Lane,,,Harpenden,AL5 1QB,1582760031,E14001268,Harpenden and Berkhamsted,0,,,CY,0,Does not apply,7-11,0,0,359,92,91,38,53,42%,58%,,,,,,,,,,7,8%,84,92%,14,15%,80,88%,77%,15%,,,,,,,,,,,,,89%,56%,0%,109,89%,41%,0%,108,89%,38%,0%,107,81%,19%,18%,0%,86%,0%,58%,91%,,,,43%,80%,-24,57%,79%,11%,19%,,,,14%,15%,4,0%,18%,,,,,,,,,,,,,,,,,,,,,,,,,,,,,,,,,,,,,,,,,,,,,,,,,,,,,,,,,,,,,,,,,,,,,,,,,,,,,,,,,,,,,107,112,,,,103,110,105,110,106,108,,,,101,108,107,107,106,110,,,,106,108,105,108,,,,57%,92%,,,,57%,92%,,,,43%,93%,,,,43%,85%,,,,43%,57%,,,,29%,42%,,,,43%,38%,,,,14%,19%,77,85%,0,0%,3,3%,14,15%,17,19%,91,12%,88%,74%,12%,27%,9%,80%,13%,2.2,0.8,3.6,0.8,-0.5,2.2,1.4,0.1,2.7,109,108
1,31790,919,2314,117270,Westfield Community Primary School,Westfield Road,,,Hoddesdon,EN11 8RA,1992465739,E14001139,Broxbourne,0,,,CY,0,Does not apply,5-11,0,0,177,27,25,13,12,52%,48%,,,,,,,,,,11,44%,14,56%,4,16%,22,88%,68%,4%,,,,,,,,,,,,,80%,24%,0%,104,72%,8%,0%,102,84%,4%,0%,103,80%,16%,12%,0%,84%,0%,77%,58%,,,,64%,71%,-3,SUPP,77%,0%,8%,,,,9%,0%,-1,SUPP,5%,,,,,,,,,,,,,,,,,,,,,,,,,,,,,,,,,,,,,,,,,,,,,,,,,,,,,,,,,,,,,,,,,,,,,,,,,,,,,,,,,,,,,105,103,,,,104,104,SUPP,105,103,104,,,,102,104,SUPP,104,101,102,,,,102,102,SUPP,102,,,,82%,79%,,,,73%,71%,,,,73%,93%,,,,73%,86%,,,,27%,21%,,,,9%,7%,,,,9%,0%,,,,27%,7%,21,84%,0,0%,1,4%,1,4%,2,8%,26,35%,65%,35%,8%,33%,11%,35%,6%,-5,-7.5,-2.6,-0.8,-3.1,1.6,-4.2,-6.4,-1.9,101,100
1,12936,919,2349,117290,Holywell Primary School,Tolpits Lane,,,Watford,WD18 6LL,1923225188,E14001568,Watford,0,,,CY,0,Does not apply,3-11,0,0,215,44,43,20,23,47%,53%,,,,,,,,,,14,33%,29,67%,22,51%,32,74%,67%,9%,,,,,,,,,,,,,74%,33%,2%,105,77%,51%,2%,108,77%,49%,2%,107,72%,12%,19%,0%,79%,0%,65%,70%,,,,43%,79%,-24,77%,66%,5%,13%,,,,7%,10%,-3,9%,6%,,,,,,,,,,,,,,,,,,,,,,,,,,,,,,,,,,,,,,,,,,,,,,,,,,,,,,,,,,,,,,,,,,,,,,,,,,,,,,,,,,,,,106,104,,,,105,105,105,104,110,105,,,,103,109,109,106,110,107,,,,105,109,110,107,,,,64%,79%,,,,57%,86%,,,,64%,83%,,,,50%,83%,,,,36%,31%,,,,36%,59%,,,,36%,55%,,,,7%,14%,19,44%,2,5%,2,5%,2,5%,4,9%,38,37%,63%,50%,0%,21%,0%,67%,0%,-2,-4.1,0.2,-3.3,-5.3,-1.3,-2.2,-4.2,-0.2,102,101
1,16338,919,2364,117298,Maple Primary School,Hall Place Gardens,,Maple Primary School,St Albans,AL1 3SW,1727859053,E14001507,St Albans,0,,,CY,0,Does not apply,4-11,0,0,217,34,33,17,16,52%,48%,,,,,,,,,,2,6%,31,94%,6,18%,33,100%,85%,15%,,,,,,,,,,,,,91%,45%,3%,109,94%,61%,3%,111,94%,58%,3%,110,88%,21%,9%,3%,94%,3%,76%,94%,,,,SUPP,SUPP,SUPP,83%,85%,18%,13%,,,,SUPP,SUPP,SUPP,17%,15%,,,,,,,,,,,,,,,,,,,,,,,,,,,,,,,,,,,,,,,,,,,,,,,,,,,,,,,,,,,,,,,,,,,,,,,,,,,,,,,,,,,,,109,109,,,,SUPP,SUPP,107,109,111,110,,,,SUPP,SUPP,112,110,111,111,,,,SUPP,SUPP,111,111,,,,SUPP,SUPP,,,,SUPP,SUPP,,,,SUPP,SUPP,,,,SUPP,SUPP,,,,SUPP,SUPP,,,,SUPP,SUPP,,,,SUPP,SUPP,,,,SUPP,SUPP,27,82%,0,0%,2,6%,3,9%,5,15%,57,4%,96%,84%,25%,SUPP,SUPP,SUPP,SUPP,3.3,1.5,5.1,1.1,-0.6,2.9,3.1,1.4,4.8,111,110
1,9784,919,2381,117306,Giles Junior School,Durham Road,,,Stevenage,SG1 4JQ,1438353374,E14001516,Stevenage,0,,,CY,0,Does not apply,7-11,0,0,338,89,89,41,48,46%,54%,,,,,,,,,,35,39%,54,61%,27,30%,88,99%,54%,0%,,,,,,,,,,,,,69%,21%,2%,104,61%,16%,1%,102,65%,10%,2%,102,70%,0%,16%,1%,75%,1%,46%,60%,,,,49%,57%,-18,63%,53%,0%,0%,,,,0%,0%,-10,0%,0%,,,,,,,,,,,,,,,,,,,,,,,,,,,,,,,,,,,,,,,,,,,,,,,,,,,,,,,,,,,,,,,,,,,,,,,,,,,,,,,,,,,,,103,106,,,,103,105,106,104,103,102,,,,100,104,105,102,100,104,,,,101,103,105,102,,,,57%,76%,,,,49%,69%,,,,51%,74%,,,,66%,72%,,,,11%,28%,,,,14%,17%,,,,3%,15%,,,,0%,0%,62,70%,0,0%,9,10%,12,13%,21,24%,86,34%,66%,57%,3%,41%,0%,65%,5%,-0.7,-2.1,0.7,-3.1,-4.4,-1.8,-2,-3.3,-0.7,105,103
1,31992,919,2414,117328,Wheatcroft Primary School,Stanstead Road,,,Hertford,SG13 7HQ,1992587899,E14001283,Hertford and Stortford,0,,,CY,0,Does not apply,3-11,0,0,315,46,45,28,17,62%,38%,,,,,,,,,,5,11%,40,89%,5,11%,45,100%,73%,0%,,,,,,,,,,,,,89%,27%,0%,107,89%,38%,0%,107,89%,33%,0%,107,76%,2%,22%,0%,91%,0%,68%,82%,,,,SUPP,SUPP,SUPP,SUPP,73%,0%,0%,,,,SUPP,SUPP,SUPP,SUPP,0%,,,,,,,,,,,,,,,,,,,,,,,,,,,,,,,,,,,,,,,,,,,,,,,,,,,,,,,,,,,,,,,,,,,,,,,,,,,,,,,,,,,,,107,108,,,,SUPP,SUPP,SUPP,107,107,105,,,,SUPP,SUPP,SUPP,107,107,108,,,,SUPP,SUPP,SUPP,107,,,,SUPP,SUPP,,,,SUPP,SUPP,,,,SUPP,SUPP,,,,SUPP,SUPP,,,,SUPP,SUPP,,,,SUPP,SUPP,,,,SUPP,SUPP,,,,SUPP,SUPP,40,89%,0,0%,1,2%,3,7%,4,9%,46,20%,80%,52%,9%,11%,0%,62%,11%,0.1,-1.8,1.9,-2.5,-4.3,-0.7,-1.7,-3.5,0.1,106,103
1,5266,919,2432,145353,Cherry Tree Primary School,Berry Avenue,,,Watford,WD24 6ST,1923245490,E14001568,Watford,0,,,ACC,0,Does not apply,3-11,0,0,447,61,60,36,24,60%,40%,,,,,,,,,,16,27%,44,73%,32,53%,53,88%,67%,7%,,,,,,,,,,,,,77%,28%,0%,106,87%,42%,0%,108,83%,38%,0%,108,77%,10%,15%,0%,83%,0%,67%,67%,,,,75%,64%,8,69%,68%,6%,8%,,,,13%,5%,3,9%,6%,,,,,,,,,,,,,,,,,,,,,,,,,,,,,,,,,,,,,,,,,,,,,,,,,,,,,,,,,,,,,,,,,,,,,,,,,,,,,,,,,,,,,105,108,,,,107,106,106,106,107,108,,,,110,107,108,108,106,109,,,,108,107,109,108,,,,81%,75%,,,,94%,84%,,,,88%,82%,,,,88%,73%,,,,38%,25%,,,,31%,45%,,,,44%,36%,,,,19%,7%,28,47%,0,0%,3,5%,5,8%,8,13%,57,19%,81%,68%,5%,64%,9%,70%,4%,1.3,-0.3,3,0.5,-1.1,2.1,3.2,1.7,4.8,106,107
2,17032,919,7019,117676,Middleton School,Walnut Tree Walk,,,Ware,SG12 9PD,1920485152,E14001283,Hertford and Stortford,0,,,CYS,0,Does not apply,4-11,0,0,107,25,25,19,6,76%,24%,,,,,,,,,,8,32%,17,68%,1,4%,21,84%,0%,0%,,,,,,,,,,,,,0%,0%,0%,89,0%,0%,0%,89,0%,0%,12%,86,0%,0%,0%,0%,0%,0%,0%,0%,,,,0%,0%,-67,SUPP,0%,0%,0%,,,,0%,0%,-10,SUPP,0%,,,,,,,,,,,,,,,,,,,,,,,,,,,,,,,,,,,,,,,,,,,,,,,,,,,,,,,,,,,,,,,,,,,,,,,,,,,,,,,,,,,,,89,90,,,,88,89,SUPP,88,87,85,,,,84,89,SUPP,87,90,87,,,,85,91,SUPP,89,,,,0%,0%,,,,0%,0%,,,,0%,0%,,,,0%,0%,,,,0%,0%,,,,0%,0%,,,,0%,0%,,,,0%,0%,24,96%,0,0%,25,100%,0,0%,25,100%,26,65%,35%,0%,0%,0%,0%,0%,0%,1.2,-1.4,3.8,-3.9,-6.4,-1.4,0.2,-2.2,2.6,92,88
2,14930,919,7034,143604,Larwood School,Larwood Drive,,,Stevenage,SG1 5BZ,1438236333,E14001516,Stevenage,0,,,ACCS,0,Does not apply,5-11,0,0,100,34,31,30,1,97%,3%,,,,,,,,,,21,68%,10,32%,1,3%,20,65%,0%,0%,,,,,,,,,,,,,0%,0%,100%,,0%,0%,100%,,0%,0%,100%,,0%,0%,58%,0%,0%,0%,0%,SUPP,,,,0%,0%,-67,SUPP,0%,0%,SUPP,,,,0%,0%,-10,SUPP,0%,,,,,,,,,,,,,,,,,,,,,,,,,,,,,,,,,,,,,,,,,,,,,,,,,,,,,,,,,,,,,,,,,,,,,,,,,,,,,,,,,,,,,,SUPP,,,,,,SUPP,,,SUPP,,,,,,SUPP,,,SUPP,,,,,,SUPP,,,,,0%,0%,,,,0%,0%,,,,0%,0%,,,,0%,0%,,,,0%,0%,,,,0%,0%,,,,0%,0%,,,,0%,0%,29,94%,1,3%,29,94%,2,6%,31,100%,29,69%,31%,7%,0%,5%,0%,11%,0%,-13.1,-15.6,-10.5,-6,-8.5,-3.6,-13.7,-16.1,-11.4,115,103
1,18820,919,2302,117261,Oaklands Primary School,Great North Road,Oaklands,,Welwyn,AL6 0PX,1438715278,E14001573,Welwyn Hatfield,0,,,CY,0,Does not apply,4-11,0,0,197,28,30,15,15,50%,50%,,,,,,,,,,4,13%,26,87%,1,3%,29,97%,73%,7%,,,,,,,,,,,,,90%,50%,0%,108,90%,33%,0%,106,87%,20%,0%,105,80%,10%,13%,0%,87%,0%,73%,73%,,,,SUPP,SUPP,SUPP,SUPP,72%,7%,7%,,,,SUPP,SUPP,SUPP,SUPP,7%,,,,,,,,,,,,,,,,,,,,,,,,,,,,,,,,,,,,,,,,,,,,,,,,,,,,,,,,,,,,,,,,,,,,,,,,,,,,,,,,,,,,,109,107,,,,SUPP,SUPP,SUPP,107,106,104,,,,SUPP,SUPP,SUPP,105,107,106,,,,SUPP,SUPP,SUPP,106,,,,SUPP,SUPP,,,,SUPP,SUPP,,,,SUPP,SUPP,,,,SUPP,SUPP,,,,SUPP,SUPP,,,,SUPP,SUPP,,,,SUPP,SUPP,,,,SUPP,SUPP,29,97%,0,0%,2,7%,6,20%,8,27%,27,11%,89%,67%,11%,SUPP,SUPP,SUPP,SUPP,1,-1.4,3.4,-0.3,-2.6,2,-0.1,-2.3,2.1,107,106
1,29892,919,2327,117277,Thorn Grove Primary School,Thorn Grove,,,Bishop's Stortford,CM23 5LD,1279653002,E14001283,Hertford and Stortford,0,,,CY,0,Does not apply,3-11,0,0,222,28,29,16,13,55%,45%,,,,,,,,,,9,31%,20,69%,6,21%,25,86%,45%,7%,,,,,,,,,,,,,69%,28%,0%,105,59%,41%,0%,105,69%,24%,0%,104,45%,7%,52%,0%,69%,0%,38%,54%,,,,0%,65%,-67,50%,40%,6%,8%,,,,0%,10%,-10,0%,8%,,,,,,,,,,,,,,,,,,,,,,,,,,,,,,,,,,,,,,,,,,,,,,,,,,,,,,,,,,,,,,,,,,,,,,,,,,,,,,,,,,,,,104,105,,,,99,108,107,105,104,103,,,,96,107,109,103,104,106,,,,97,108,111,104,,,,44%,80%,,,,33%,70%,,,,33%,85%,,,,0%,65%,,,,0%,40%,,,,11%,55%,,,,0%,35%,,,,0%,10%,23,79%,0,0%,1,3%,6,21%,7,24%,31,19%,81%,58%,10%,17%,17%,68%,8%,0.2,-2,2.5,0.5,-1.6,2.6,-2.7,-4.7,-0.6,106,102
1,20652,919,2393,117315,Prae Wood Primary School,King Harry Lane,,,St Albans,AL3 4HZ,1727751930,E14001507,St Albans,0,,,CY,0,Does not apply,3-11,0,0,453,61,59,28,31,47%,53%,,,,,,,,,,5,8%,54,92%,20,34%,53,90%,73%,3%,,,,,,,,,,,,,90%,39%,0%,108,78%,39%,0%,106,86%,22%,0%,106,80%,20%,19%,0%,97%,0%,68%,77%,,,,SUPP,SUPP,SUPP,75%,74%,4%,3%,,,,SUPP,SUPP,SUPP,0%,4%,,,,,,,,,,,,,,,,,,,,,,,,,,,,,,,,,,,,,,,,,,,,,,,,,,,,,,,,,,,,,,,,,,,,,,,,,,,,,,,,,,,,,108,109,,,,SUPP,SUPP,107,109,107,104,,,,SUPP,SUPP,105,106,106,107,,,,SUPP,SUPP,105,106,,,,SUPP,SUPP,,,,SUPP,SUPP,,,,SUPP,SUPP,,,,SUPP,SUPP,,,,SUPP,SUPP,,,,SUPP,SUPP,,,,SUPP,SUPP,,,,SUPP,SUPP,39,66%,0,0%,2,3%,11,19%,13,22%,56,9%,91%,79%,16%,SUPP,SUPP,SUPP,SUPP,2.7,1,4.5,1,-0.7,2.7,-0.4,-2,1.3,109,105
1,12632,919,2427,117336,Holtsmere End Junior School,Shenley Road,,,Hemel Hempstead,HP2 7JZ,1442253189,E14001278,Hemel Hempstead,0,,,CY,0,Does not apply,7-11,0,0,234,60,60,34,26,57%,43%,,,,,,,,,,17,28%,43,72%,14,23%,54,90%,68%,15%,,,,,,,,,,,,,73%,23%,2%,104,78%,30%,2%,106,82%,30%,2%,105,77%,18%,23%,0%,87%,0%,65%,73%,,,,53%,74%,-14,57%,69%,9%,23%,,,,18%,14%,8,7%,13%,,,,,,,,,,,,,,,,,,,,,,,,,,,,,,,,,,,,,,,,,,,,,,,,,,,,,,,,,,,,,,,,,,,,,,,,,,,,,,,,,,,,,101,107,,,,102,104,101,103,106,104,,,,103,106,104,105,105,108,,,,104,107,106,106,,,,59%,79%,,,,59%,86%,,,,65%,88%,,,,59%,84%,,,,18%,26%,,,,24%,33%,,,,29%,30%,,,,18%,19%,46,77%,0,0%,0,0%,14,23%,14,23%,60,28%,72%,60%,13%,47%,6%,65%,16%,0.1,-1.6,1.7,1.5,-0.1,3.1,0.1,-1.4,1.6,105,105
1,21924,919,2429,143409,Roselands Primary School,High Wood Road,,,Hoddesdon,EN11 9AR,1992442407,E14001139,Broxbourne,0,,,ACC,0,Does not apply,5-11,0,0,287,45,43,26,17,60%,40%,,,,,,,,,,5,12%,38,88%,4,9%,41,95%,49%,0%,,,,,,,,,,,,,70%,23%,0%,103,72%,21%,0%,103,72%,14%,0%,103,65%,0%,26%,0%,86%,0%,54%,41%,,,,SUPP,SUPP,SUPP,SUPP,51%,0%,0%,,,,SUPP,SUPP,SUPP,SUPP,0%,,,,,,,,,,,,,,,,,,,,,,,,,,,,,,,,,,,,,,,,,,,,,,,,,,,,,,,,,,,,,,,,,,,,,,,,,,,,,,,,,,,,,104,102,,,,SUPP,SUPP,SUPP,104,106,99,,,,SUPP,SUPP,SUPP,104,103,101,,,,SUPP,SUPP,SUPP,103,,,,SUPP,SUPP,,,,SUPP,SUPP,,,,SUPP,SUPP,,,,SUPP,SUPP,,,,SUPP,SUPP,,,,SUPP,SUPP,,,,SUPP,SUPP,,,,SUPP,SUPP,39,91%,0,0%,1,2%,9,21%,10,23%,44,25%,75%,59%,14%,27%,0%,70%,18%,-2.2,-4.1,-0.4,-1.4,-3.1,0.4,-1.6,-3.4,0.1,104,104
1,10778,919,2436,145255,Grove Road Primary School,Grove Road,,,Tring,HP23 5PD,1442822056,E14001268,Harpenden and Berkhamsted,0,,,ACC,0,Does not apply,3-11,0,0,455,59,59,28,31,47%,53%,,,,,,,,,,8,14%,51,86%,4,7%,58,98%,69%,10%,,,,,,,,,,,,,81%,34%,2%,107,81%,42%,3%,108,78%,31%,2%,107,80%,25%,15%,0%,83%,0%,71%,68%,,,,13%,78%,-54,SUPP,69%,11%,10%,,,,0%,12%,-10,SUPP,10%,,,,,,,,,,,,,,,,,,,,,,,,,,,,,,,,,,,,,,,,,,,,,,,,,,,,,,,,,,,,,,,,,,,,,,,,,,,,,,,,,,,,,106,108,,,,100,108,SUPP,107,109,105,,,,100,108,SUPP,107,107,108,,,,98,109,SUPP,107,,,,38%,88%,,,,13%,92%,,,,38%,84%,,,,25%,88%,,,,13%,37%,,,,13%,47%,,,,13%,33%,,,,0%,29%,55,93%,0,0%,1,2%,4,7%,5,8%,53,15%,85%,68%,19%,88%,25%,64%,18%,1.2,-0.5,3,1.9,0.3,3.6,0.9,-0.7,2.5,108,107
1,4130,919,2468,117367,Burleigh Primary School,Blindmans Lane,Cheshunt,,Waltham Cross,EN8 9DP,1992622159,E14001139,Broxbourne,0,,,CY,0,Does not apply,4-11,0,0,415,59,59,31,28,53%,47%,,,,,,,,,,29,49%,30,51%,17,29%,55,93%,58%,3%,,,,,,,,,,,,,71%,31%,2%,106,78%,42%,2%,107,75%,19%,3%,104,69%,7%,22%,0%,93%,0%,48%,68%,,,,45%,70%,-22,71%,56%,6%,0%,,,,0%,7%,-10,0%,4%,,,,,,,,,,,,,,,,,,,,,,,,,,,,,,,,,,,,,,,,,,,,,,,,,,,,,,,,,,,,,,,,,,,,,,,,,,,,,,,,,,,,,104,107,,,,104,107,106,105,105,104,,,,102,106,106,104,106,108,,,,105,109,109,107,,,,62%,80%,,,,66%,90%,,,,59%,90%,,,,59%,80%,,,,17%,43%,,,,31%,53%,,,,10%,27%,,,,7%,7%,42,71%,0,0%,0,0%,12,20%,12,20%,57,37%,63%,58%,5%,43%,10%,67%,3%,-0.8,-2.5,0.8,0.5,-1.1,2.1,-2.1,-3.7,-0.6,104,101
1,25242,919,5200,138292,St Mary Roman Catholic Primary School,Melbourn Road,,,Royston,SG8 7DB,1763246021,E14001393,North East Hertfordshire,0,,,ACC,0,Roman Catholic,3-11,0,0,234,28,28,11,17,39%,61%,,,,,,,,,,5,18%,23,82%,5,18%,23,82%,79%,7%,,,,,,,,,,,,,86%,32%,0%,108,79%,54%,0%,108,82%,29%,0%,107,82%,21%,7%,0%,89%,0%,64%,88%,,,,SUPP,SUPP,SUPP,SUPP,74%,9%,6%,,,,SUPP,SUPP,SUPP,SUPP,9%,,,,,,,,,,,,,,,,,,,,,,,,,,,,,,,,,,,,,,,,,,,,,,,,,,,,,,,,,,,,,,,,,,,,,,,,,,,,,,,,,,,,,109,107,,,,SUPP,SUPP,SUPP,107,108,106,,,,SUPP,SUPP,SUPP,107,110,107,,,,SUPP,SUPP,SUPP,108,,,,SUPP,SUPP,,,,SUPP,SUPP,,,,SUPP,SUPP,,,,SUPP,SUPP,,,,SUPP,SUPP,,,,SUPP,SUPP,,,,SUPP,SUPP,,,,SUPP,SUPP,22,79%,1,4%,1,4%,6,21%,7,25%,28,14%,86%,64%,7%,SUPP,SUPP,SUPP,SUPP,1.8,-0.6,4.2,2.8,0.5,5.1,-0.5,-2.7,1.8,109,106
1,23088,919,5211,138288,St Catherine of Siena Catholic Primary School,Horseshoe Lane,Garston,,Watford,WD25 7HP,1923676022,E14001496,South West Hertfordshire,0,,,ACC,0,Roman Catholic,4-11,0,0,269,34,34,21,13,62%,38%,,,,,,,,,,4,12%,30,88%,15,44%,31,91%,68%,12%,,,,,,,,,,,,,88%,32%,0%,107,79%,47%,0%,107,79%,26%,0%,106,74%,21%,24%,0%,85%,0%,67%,69%,,,,SUPP,SUPP,SUPP,53%,68%,10%,15%,,,,SUPP,SUPP,SUPP,20%,10%,,,,,,,,,,,,,,,,,,,,,,,,,,,,,,,,,,,,,,,,,,,,,,,,,,,,,,,,,,,,,,,,,,,,,,,,,,,,,,,,,,,,,105,110,,,,SUPP,SUPP,106,107,106,105,,,,SUPP,SUPP,105,105,107,108,,,,SUPP,SUPP,107,106,,,,SUPP,SUPP,,,,SUPP,SUPP,,,,SUPP,SUPP,,,,SUPP,SUPP,,,,SUPP,SUPP,,,,SUPP,SUPP,,,,SUPP,SUPP,,,,SUPP,SUPP,19,56%,0,0%,1,3%,3,9%,4,12%,33,18%,82%,67%,15%,67%,17%,67%,15%,1.9,-0.3,4,1.1,-0.9,3.2,0.5,-1.5,2.6,107,105
2,15810,919,7022,117679,Lonsdale School,Brittain Way,,,Stevenage,SG2 8UT,1438726999,E14001516,Stevenage,0,,,CYS,0,Does not apply,3-18,0,0,112,8,8,3,5,38%,63%,,,,,,,,,,2,25%,6,75%,1,13%,5,63%,0%,0%,,,,,,,,,,,,,0%,0%,0%,,0%,0%,0%,,0%,0%,0%,,0%,0%,0%,0%,0%,0%,SUPP,SUPP,,,,SUPP,SUPP,SUPP,SUPP,SUPP,SUPP,SUPP,,,,SUPP,SUPP,SUPP,SUPP,SUPP,,,,,,,,,,,,,,,,,,,,,,,,,,,,,,,,,,,,,,,,,,,,,,,,,,,,,,,,,,,,,,,,,,,,,,,,,,,,,,,,,,,,,SUPP,SUPP,,,,SUPP,SUPP,SUPP,SUPP,SUPP,SUPP,,,,SUPP,SUPP,SUPP,SUPP,SUPP,SUPP,,,,SUPP,SUPP,SUPP,SUPP,,,,SUPP,SUPP,,,,SUPP,SUPP,,,,SUPP,SUPP,,,,SUPP,SUPP,,,,SUPP,SUPP,,,,SUPP,SUPP,,,,SUPP,SUPP,,,,SUPP,SUPP,7,88%,0,0%,8,100%,0,0%,8,100%,9,67%,33%,0%,0%,SUPP,SUPP,SUPP,SUPP,-8.6,-13.3,-4,-6,-10.5,-1.5,-10.5,-14.9,-6.1
2,11610,919,7047,131319,Haywood Grove School,St Agnell's Lane,,,Hemel Hempstead,HP2 7BG,1442250077,E14001278,Hemel Hempstead,0,,,CYS,0,Does not apply,5-11,0,0,60,16,16,13,3,81%,19%,,,,,,,,,,14,88%,2,13%,1,6%,11,69%,0%,0%,,,,,,,,,,,,,0%,0%,13%,86,6%,0%,19%,88,0%,0%,13%,88,0%,0%,0%,6%,0%,6%,0%,SUPP,,,,SUPP,SUPP,SUPP,SUPP,0%,0%,SUPP,,,,SUPP,SUPP,SUPP,SUPP,0%,,,,,,,,,,,,,,,,,,,,,,,,,,,,,,,,,,,,,,,,,,,,,,,,,,,,,,,,,,,,,,,,,,,,,,,,,,,,,,,,,,,,,85,SUPP,,,,SUPP,SUPP,SUPP,85,88,SUPP,,,,SUPP,SUPP,SUPP,88,85,SUPP,,,,SUPP,SUPP,SUPP,88,,,,SUPP,SUPP,,,,SUPP,SUPP,,,,SUPP,SUPP,,,,SUPP,SUPP,,,,SUPP,SUPP,,,,SUPP,SUPP,,,,SUPP,SUPP,,,,SUPP,SUPP,15,94%,0,0%,15,94%,1,6%,16,100%,21,67%,33%,0%,0%,0%,0%,0%,0%,-8.8,-11.6,-5.9,-11.1,-13.8,-8.4,-7.4,-10.2,-4.6,92,86
1,15750,919,2411,117326,Longlands Primary School and Nursery,Nunsbury Drive,Turnford,,Broxbourne,EN10 6AG,1992462090,E14001139,Broxbourne,0,,,CY,0,Does not apply,3-11,0,0,227,31,31,14,17,45%,55%,,,,,,,,,,9,29%,22,71%,9,29%,31,100%,71%,13%,,,,,,,,,,,,,87%,32%,0%,106,81%,52%,0%,107,74%,29%,0%,105,77%,19%,23%,0%,90%,0%,71%,71%,,,,44%,82%,-23,67%,71%,7%,18%,,,,11%,14%,1,11%,13%,,,,,,,,,,,,,,,,,,,,,,,,,,,,,,,,,,,,,,,,,,,,,,,,,,,,,,,,,,,,,,,,,,,,,,,,,,,,,,,,,,,,,104,108,,,,105,106,103,106,106,104,,,,102,106,104,105,106,108,,,,105,108,106,107,,,,78%,91%,,,,67%,86%,,,,56%,82%,,,,56%,86%,,,,33%,32%,,,,44%,55%,,,,11%,36%,,,,33%,14%,22,71%,0,0%,0,0%,5,16%,5,16%,30,33%,67%,63%,3%,60%,0%,65%,5%,-1,-3.3,1.3,0.4,-1.8,2.6,0.9,-1.3,3,104,105
1,21452,919,2443,117346,Richard Whittington Primary School,Thornbera Gardens,,,Bishop's Stortford,CM23 3NP,1279657778,E14001283,Hertford and Stortford,151078,Richard Whittington Primary School,20240901,CY,0,Does not apply,3-11,0,0,304,46,44,25,19,57%,43%,,,,,,,,,,8,18%,36,82%,2,5%,41,93%,68%,16%,,,,,,,,,,,,,84%,45%,0%,108,91%,45%,0%,109,86%,34%,0%,107,77%,23%,16%,0%,89%,0%,60%,79%,,,,50%,72%,-17,SUPP,68%,16%,16%,,,,13%,17%,3,SUPP,17%,,,,,,,,,,,,,,,,,,,,,,,,,,,,,,,,,,,,,,,,,,,,,,,,,,,,,,,,,,,,,,,,,,,,,,,,,,,,,,,,,,,,,106,110,,,,106,108,SUPP,108,107,106,,,,106,107,SUPP,107,108,110,,,,106,110,SUPP,109,,,,75%,86%,,,,75%,94%,,,,88%,86%,,,,50%,83%,,,,38%,47%,,,,25%,50%,,,,13%,39%,,,,13%,25%,42,95%,0,0%,1,2%,6,14%,7,16%,45,13%,87%,64%,16%,83%,17%,62%,15%,0.7,-1.1,2.6,-0.2,-1.9,1.6,1.4,-0.3,3.2,106,106
1,27866,919,2452,117353,Sheredes Primary School,Benford Road,,,Hoddesdon,EN11 8LL,1992465154,E14001139,Broxbourne,0,,,CY,0,Does not apply,3-11,0,0,457,61,60,29,31,48%,52%,,,,,,,,,,3,5%,57,95%,7,12%,58,97%,87%,27%,,,,,,,,,,,,,98%,68%,0%,111,97%,63%,0%,111,93%,45%,0%,109,92%,37%,8%,0%,100%,0%,86%,87%,,,,SUPP,SUPP,SUPP,100%,86%,24%,29%,,,,SUPP,SUPP,SUPP,29%,28%,,,,,,,,,,,,,,,,,,,,,,,,,,,,,,,,,,,,,,,,,,,,,,,,,,,,,,,,,,,,,,,,,,,,,,,,,,,,,,,,,,,,,111,111,,,,SUPP,SUPP,112,111,111,108,,,,SUPP,SUPP,112,109,110,111,,,,SUPP,SUPP,113,111,,,,SUPP,SUPP,,,,SUPP,SUPP,,,,SUPP,SUPP,,,,SUPP,SUPP,,,,SUPP,SUPP,,,,SUPP,SUPP,,,,SUPP,SUPP,,,,SUPP,SUPP,53,88%,0,0%,1,2%,10,17%,11,18%,60,7%,93%,95%,25%,SUPP,SUPP,SUPP,SUPP,2.5,0.9,4.1,2.1,0.6,3.6,3.3,1.8,4.8,111,111
1,844,919,2454,137943,Applecroft School,Applecroft Road,,,Welwyn Garden City,AL8 6JZ,1707323758,E14001573,Welwyn Hatfield,0,,,ACC,0,None,3-11,0,0,452,60,60,25,35,42%,58%,,,,,,,,,,5,8%,55,92%,14,23%,55,92%,75%,23%,,,,,,,,,,,,,90%,52%,0%,110,88%,60%,0%,111,82%,45%,0%,108,85%,25%,12%,0%,85%,0%,64%,83%,,,,SUPP,SUPP,SUPP,93%,76%,20%,26%,,,,SUPP,SUPP,SUPP,21%,25%,,,,,,,,,,,,,,,,,,,,,,,,,,,,,,,,,,,,,,,,,,,,,,,,,,,,,,,,,,,,,,,,,,,,,,,,,,,,,,,,,,,,,108,110,,,,SUPP,SUPP,109,110,108,108,,,,SUPP,SUPP,110,108,110,111,,,,SUPP,SUPP,114,111,,,,SUPP,SUPP,,,,SUPP,SUPP,,,,SUPP,SUPP,,,,SUPP,SUPP,,,,SUPP,SUPP,,,,SUPP,SUPP,,,,SUPP,SUPP,,,,SUPP,SUPP,46,77%,0,0%,3,5%,10,17%,13,22%,60,25%,75%,60%,12%,13%,0%,76%,16%,-0.1,-1.7,1.5,2.1,0.5,3.7,-0.9,-2.4,0.6,105,103
1,6054,919,3013,117392,Codicote Church of England Primary School,Meadow Way,Codicote,,Hitchin,SG4 8YL,1438820255,E14001516,Stevenage,0,,,VC,0,Church of England,3-11,0,0,262,27,27,15,12,56%,44%,,,,,,,,,,4,15%,23,85%,1,4%,27,100%,78%,19%,,,,,,,,,,,,,93%,30%,0%,108,89%,41%,0%,108,81%,41%,0%,107,93%,41%,7%,0%,100%,0%,80%,75%,,,,SUPP,SUPP,SUPP,SUPP,78%,13%,25%,,,,SUPP,SUPP,SUPP,SUPP,19%,,,,,,,,,,,,,,,,,,,,,,,,,,,,,,,,,,,,,,,,,,,,,,,,,,,,,,,,,,,,,,,,,,,,,,,,,,,,,,,,,,,,,108,107,,,,SUPP,SUPP,SUPP,108,109,105,,,,SUPP,SUPP,SUPP,107,106,109,,,,SUPP,SUPP,SUPP,108,,,,SUPP,SUPP,,,,SUPP,SUPP,,,,SUPP,SUPP,,,,SUPP,SUPP,,,,SUPP,SUPP,,,,SUPP,SUPP,,,,SUPP,SUPP,,,,SUPP,SUPP,26,96%,0,0%,1,4%,2,7%,3,11%,48,15%,85%,79%,27%,43%,0%,85%,32%,1.4,-0.3,3.2,1.7,-0.1,3.4,1.4,-0.3,3.1,109,107
1,20526,919,3020,117396,Ponsbourne St Mary's Church of England Primary School,Newgate Street Village,,,Hertford,SG13 8RA,1707872395,E14001284,Hertsmere,0,,,VC,0,Church of England,3-11,0,0,103,10,10,5,5,50%,50%,,,,,,,,,,5,50%,5,50%,1,10%,9,90%,50%,10%,,,,,,,,,,,,,60%,10%,0%,105,50%,30%,0%,103,60%,30%,0%,99,60%,20%,20%,0%,90%,0%,SUPP,SUPP,,,,SUPP,SUPP,SUPP,SUPP,44%,SUPP,SUPP,,,,SUPP,SUPP,SUPP,SUPP,11%,,,,,,,,,,,,,,,,,,,,,,,,,,,,,,,,,,,,,,,,,,,,,,,,,,,,,,,,,,,,,,,,,,,,,,,,,,,,,,,,,,,,,SUPP,SUPP,,,,SUPP,SUPP,SUPP,106,SUPP,SUPP,,,,SUPP,SUPP,SUPP,98,SUPP,SUPP,,,,SUPP,SUPP,SUPP,103,,,,SUPP,SUPP,,,,SUPP,SUPP,,,,SUPP,SUPP,,,,SUPP,SUPP,,,,SUPP,SUPP,,,,SUPP,SUPP,,,,SUPP,SUPP,,,,SUPP,SUPP,9,90%,0,0%,2,20%,2,20%,4,40%,13,8%,92%,54%,0%,SUPP,SUPP,SUPP,SUPP,1.8,-1.7,5.4,-1,-4.4,2.4,3.3,-0.1,6.6,105,107
1,31902,919,3047,117413,Weston Primary & Nursery School,Maiden Street,Weston,,Hitchin,SG4 7AG,1462790317,E14001393,North East Hertfordshire,0,,,VC,0,Church of England,3-11,0,0,116,15,15,13,2,87%,13%,,,,,,,,,,2,13%,13,87%,1,7%,15,100%,67%,20%,,,,,,,,,,,,,80%,47%,0%,108,80%,33%,0%,105,80%,27%,0%,104,67%,27%,27%,0%,67%,0%,62%,SUPP,,,,SUPP,SUPP,SUPP,SUPP,67%,15%,SUPP,,,,SUPP,SUPP,SUPP,SUPP,20%,,,,,,,,,,,,,,,,,,,,,,,,,,,,,,,,,,,,,,,,,,,,,,,,,,,,,,,,,,,,,,,,,,,,,,,,,,,,,,,,,,,,,106,SUPP,,,,SUPP,SUPP,SUPP,108,103,SUPP,,,,SUPP,SUPP,SUPP,104,104,SUPP,,,,SUPP,SUPP,SUPP,105,,,,SUPP,SUPP,,,,SUPP,SUPP,,,,SUPP,SUPP,,,,SUPP,SUPP,,,,SUPP,SUPP,,,,SUPP,SUPP,,,,SUPP,SUPP,,,,SUPP,SUPP,14,93%,0,0%,0,0%,4,27%,4,27%,18,28%,72%,72%,22%,SUPP,SUPP,SUPP,SUPP,2.2,-0.7,5.1,0.1,-2.7,2.9,1,-1.8,3.7,108,106
1,15212,919,3054,117416,Leverstock Green Church of England Primary School,Green Lane,Leverstock Green,,Hemel Hempstead,HP2 4SA,1442406520,E14001278,Hemel Hempstead,0,,,VC,0,Church of England,3-11,0,0,242,30,30,15,15,50%,50%,,,,,,,,,,10,33%,20,67%,4,13%,28,93%,47%,7%,,,,,,,,,,,,,57%,20%,0%,102,57%,27%,0%,104,63%,13%,0%,101,77%,40%,23%,0%,77%,0%,33%,60%,,,,30%,55%,-37,SUPP,43%,13%,0%,,,,0%,10%,-10,SUPP,7%,,,,,,,,,,,,,,,,,,,,,,,,,,,,,,,,,,,,,,,,,,,,,,,,,,,,,,,,,,,,,,,,,,,,,,,,,,,,,,,,,,,,,101,104,,,,101,103,SUPP,102,101,102,,,,98,103,SUPP,101,103,104,,,,102,104,SUPP,104,,,,40%,65%,,,,40%,65%,,,,50%,70%,,,,70%,80%,,,,30%,15%,,,,20%,30%,,,,0%,20%,,,,20%,50%,26,87%,0,0%,0,0%,8,27%,8,27%,26,19%,81%,62%,12%,SUPP,SUPP,SUPP,SUPP,-1,-3.4,1.5,1.1,-1.3,3.4,-0.7,-3.1,1.6,107,105
1,22784,919,3345,148494,St Augustine's Catholic Primary School,Riversmead,,,Hoddesdon,EN11 8DP,1992463549,E14001139,Broxbourne,0,,,ACC,0,Roman Catholic,3-11,0,0,230,27,27,13,14,48%,52%,,,,,,,,,,4,15%,23,85%,3,11%,26,96%,89%,30%,,,,,,,,,,,,,89%,52%,0%,109,96%,59%,0%,112,100%,41%,0%,108,100%,41%,0%,0%,96%,0%,85%,93%,,,,SUPP,SUPP,SUPP,SUPP,88%,23%,36%,,,,SUPP,SUPP,SUPP,SUPP,31%,,,,,,,,,,,,,,,,,,,,,,,,,,,,,,,,,,,,,,,,,,,,,,,,,,,,,,,,,,,,,,,,,,,,,,,,,,,,,,,,,,,,,108,110,,,,SUPP,SUPP,SUPP,109,109,108,,,,SUPP,SUPP,SUPP,109,112,112,,,,SUPP,SUPP,SUPP,112,,,,SUPP,SUPP,,,,SUPP,SUPP,,,,SUPP,SUPP,,,,SUPP,SUPP,,,,SUPP,SUPP,,,,SUPP,SUPP,,,,SUPP,SUPP,,,,SUPP,SUPP,24,89%,0,0%,0,0%,4,15%,4,15%,30,3%,97%,90%,30%,SUPP,SUPP,SUPP,SUPP,3.3,1,5.5,4.9,2.7,7,4.3,2.2,6.4,109,109
1,23804,919,3379,117462,St Helen's Church of England Primary School,Brewhouse Hill,Wheathampstead,,St Albans,AL4 8AN,1582832106,E14001268,Harpenden and Berkhamsted,0,,,VA,0,Church of England,4-11,0,0,213,51,50,21,29,42%,58%,,,,,,,,,,6,12%,44,88%,6,12%,49,98%,68%,18%,,,,,,,,,,,,,82%,44%,0%,108,78%,40%,0%,107,80%,26%,0%,105,80%,34%,20%,0%,96%,0%,67%,69%,,,,17%,75%,-50,67%,67%,14%,21%,,,,0%,20%,-10,17%,18%,,,,,,,,,,,,,,,,,,,,,,,,,,,,,,,,,,,,,,,,,,,,,,,,,,,,,,,,,,,,,,,,,,,,,,,,,,,,,,,,,,,,,107,108,,,,105,108,107,108,106,104,,,,97,106,110,105,106,108,,,,98,109,111,107,,,,50%,86%,,,,17%,86%,,,,33%,86%,,,,50%,84%,,,,33%,45%,,,,17%,43%,,,,0%,30%,,,,0%,39%,44,88%,0,0%,0,0%,9,18%,9,18%,57,9%,91%,67%,7%,SUPP,SUPP,SUPP,SUPP,0.5,-1.3,2.4,-2.8,-4.6,-1,-3.8,-5.5,-2,109,105
1,23262,919,3386,117468,St Cuthbert Mayne Catholic Junior School,Clover Way,Gadebridge Road,,Hemel Hempstead,HP1 3EA,1442253347,E14000739,Hemel Hempstead,150619,St Cuthbert Mayne Voluntary Catholic Junior Academy,20240701,VA,0,Roman Catholic,7-11,0,0,237,61,61,31,30,51%,49%,,,,,,,,,,12,20%,49,80%,14,23%,59,97%,72%,16%,,,,,,,,,,,,,85%,41%,0%,107,90%,44%,0%,109,82%,34%,0%,106,79%,18%,18%,0%,84%,0%,65%,80%,,,,50%,78%,-17,79%,73%,13%,20%,,,,0%,20%,-10,29%,17%,,,,,,,,,,,,,,,,,,,,,,,,,,,,,,,,,,,,,,,,,,,,,,,,,,,,,,,,,,,,,,,,,,,,,,,,,,,,,,,,,,,,,106,108,,,,106,108,107,108,107,106,,,,102,107,108,106,107,111,,,,107,109,109,109,,,,67%,90%,,,,75%,94%,,,,67%,86%,,,,67%,82%,,,,33%,43%,,,,33%,47%,,,,8%,41%,,,,0%,22%,47,77%,0,0%,3,5%,12,20%,15,25%,60,15%,85%,68%,12%,33%,11%,75%,12%,0.8,-0.8,2.5,-1.5,-3.1,0,1.3,-0.2,2.9,107,108
1,26694,919,3388,117469,St Philip Howard Catholic Primary School,Woods Avenue,,,Hatfield,AL10 8NN,1707263969,E14001573,Welwyn Hatfield,0,,,VA,0,Roman Catholic,3-11,0,0,471,60,61,37,24,61%,39%,,,,,,,,,,14,23%,47,77%,39,64%,60,98%,61%,3%,,,,,,,,,,,,,69%,34%,2%,106,74%,31%,2%,106,79%,20%,2%,104,69%,3%,30%,0%,84%,0%,51%,75%,,,,43%,66%,-24,59%,62%,0%,8%,,,,7%,2%,-3,5%,3%,,,,,,,,,,,,,,,,,,,,,,,,,,,,,,,,,,,,,,,,,,,,,,,,,,,,,,,,,,,,,,,,,,,,,,,,,,,,,,,,,,,,,104,108,,,,104,106,106,106,104,104,,,,102,104,104,104,105,107,,,,103,107,107,106,,,,57%,72%,,,,64%,77%,,,,79%,79%,,,,64%,70%,,,,21%,38%,,,,21%,34%,,,,14%,21%,,,,7%,2%,22,36%,0,0%,4,7%,13,21%,17,28%,59,19%,81%,47%,3%,36%,0%,50%,4%,0.7,-0.9,2.3,-1.6,-3.2,-0.1,-0.7,-2.2,0.8,105,103
1,24122,919,3413,138316,St John Roman Catholic Primary School,Providence Way,,,Baldock,SG7 6TT,1462892478,E14001393,North East Hertfordshire,0,,,ACC,0,Roman Catholic,3-11,0,0,166,28,28,13,15,46%,54%,,,,,,,,,,7,25%,21,75%,4,14%,27,96%,68%,7%,,,,,,,,,,,,,79%,36%,4%,107,71%,25%,4%,106,75%,25%,4%,105,75%,29%,18%,0%,79%,0%,69%,67%,,,,29%,81%,-38,SUPP,67%,8%,7%,,,,0%,10%,-10,SUPP,7%,,,,,,,,,,,,,,,,,,,,,,,,,,,,,,,,,,,,,,,,,,,,,,,,,,,,,,,,,,,,,,,,,,,,,,,,,,,,,,,,,,,,,106,109,,,,103,109,SUPP,107,104,105,,,,97,107,SUPP,104,106,105,,,,101,107,SUPP,106,,,,57%,86%,,,,29%,86%,,,,43%,86%,,,,43%,86%,,,,14%,43%,,,,14%,29%,,,,0%,33%,,,,29%,29%,24,86%,0,0%,3,11%,2,7%,5,18%,31,29%,71%,55%,10%,33%,11%,64%,9%,-0.1,-2.4,2.1,1.6,-0.5,3.8,-0.5,-2.6,1.6,104,102
1,22250,919,3415,117488,Sacred Heart Catholic Primary School and Nursery,Merry Hill Road,,,Bushey,WD23 1SU,1923901179,E14001284,Hertsmere,0,,,VA,0,Roman Catholic,3-11,0,0,334,39,39,17,22,44%,56%,,,,,,,,,,4,10%,35,90%,7,18%,35,90%,74%,5%,,,,,,,,,,,,,92%,49%,0%,109,92%,56%,0%,110,87%,33%,0%,107,82%,13%,18%,0%,92%,0%,59%,86%,,,,SUPP,SUPP,SUPP,86%,71%,0%,9%,,,,SUPP,SUPP,SUPP,0%,6%,,,,,,,,,,,,,,,,,,,,,,,,,,,,,,,,,,,,,,,,,,,,,,,,,,,,,,,,,,,,,,,,,,,,,,,,,,,,,,,,,,,,,109,109,,,,SUPP,SUPP,108,109,106,107,,,,SUPP,SUPP,107,106,107,112,,,,SUPP,SUPP,109,110,,,,SUPP,SUPP,,,,SUPP,SUPP,,,,SUPP,SUPP,,,,SUPP,SUPP,,,,SUPP,SUPP,,,,SUPP,SUPP,,,,SUPP,SUPP,,,,SUPP,SUPP,31,79%,1,3%,0,0%,8,21%,8,21%,45,11%,89%,71%,9%,SUPP,SUPP,SUPP,SUPP,4.7,2.9,6.6,0.6,-1.2,2.4,4.1,2.3,5.8,108,106
1,24530,919,3327,148492,St Joseph's Catholic Primary School (Wx),Royal Avenue,,,Waltham Cross,EN8 7EN,1992629503,E14001139,Broxbourne,0,,,ACC,0,Roman Catholic,3-11,0,0,214,30,30,11,19,37%,63%,,,,,,,,,,3,10%,27,90%,8,27%,27,90%,60%,10%,,,,,,,,,,,,,83%,27%,0%,107,87%,23%,0%,106,73%,23%,0%,105,83%,13%,13%,0%,87%,0%,55%,63%,,,,SUPP,SUPP,SUPP,88%,67%,0%,16%,,,,SUPP,SUPP,SUPP,13%,11%,,,,,,,,,,,,,,,,,,,,,,,,,,,,,,,,,,,,,,,,,,,,,,,,,,,,,,,,,,,,,,,,,,,,,,,,,,,,,,,,,,,,,104,108,,,,SUPP,SUPP,106,107,105,105,,,,SUPP,SUPP,106,106,105,106,,,,SUPP,SUPP,106,107,,,,SUPP,SUPP,,,,SUPP,SUPP,,,,SUPP,SUPP,,,,SUPP,SUPP,,,,SUPP,SUPP,,,,SUPP,SUPP,,,,SUPP,SUPP,,,,SUPP,SUPP,22,73%,0,0%,2,7%,1,3%,3,10%,27,11%,89%,70%,4%,SUPP,SUPP,SUPP,SUPP,3.5,1.2,5.9,3.3,1,5.6,1.6,-0.6,3.8,108,105
1,3976,919,3344,117437,Broxbourne CofE Primary School,Mill Lane,,,Broxbourne,EN10 7AY,1992462419,E14001139,Broxbourne,0,,,VA,0,Church of England,3-11,0,0,244,32,32,15,17,47%,53%,,,,,,,,,,1,3%,31,97%,1,3%,32,100%,78%,22%,,,,,,,,,,,,,88%,53%,0%,108,94%,47%,0%,108,91%,59%,0%,109,94%,28%,6%,0%,94%,0%,80%,76%,,,,SUPP,SUPP,SUPP,SUPP,78%,20%,24%,,,,SUPP,SUPP,SUPP,SUPP,22%,,,,,,,,,,,,,,,,,,,,,,,,,,,,,,,,,,,,,,,,,,,,,,,,,,,,,,,,,,,,,,,,,,,,,,,,,,,,,,,,,,,,,107,110,,,,SUPP,SUPP,SUPP,108,109,109,,,,SUPP,SUPP,SUPP,109,108,108,,,,SUPP,SUPP,SUPP,108,,,,SUPP,SUPP,,,,SUPP,SUPP,,,,SUPP,SUPP,,,,SUPP,SUPP,,,,SUPP,SUPP,,,,SUPP,SUPP,,,,SUPP,SUPP,,,,SUPP,SUPP,31,97%,0,0%,0,0%,5,16%,5,16%,30,7%,93%,77%,13%,SUPP,SUPP,SUPP,SUPP,2.9,0.6,5.1,2.2,0.1,4.4,3.7,1.5,5.8,107,107
1,18988,919,3357,117445,Offley Endowed Primary School and Nursery,School Lane,Offley,,Hitchin,SG5 3AT,1462768392,E14001289,Hitchin,0,,,VA,0,Church of England,3-11,0,0,165,9,9,3,6,33%,67%,,,,,,,,,,6,67%,3,33%,1,11%,9,100%,67%,0%,,,,,,,,,,,,,100%,22%,0%,107,89%,33%,0%,106,100%,0%,0%,106,67%,0%,33%,0%,100%,0%,SUPP,100%,,,,SUPP,SUPP,SUPP,SUPP,67%,SUPP,0%,,,,SUPP,SUPP,SUPP,SUPP,0%,,,,,,,,,,,,,,,,,,,,,,,,,,,,,,,,,,,,,,,,,,,,,,,,,,,,,,,,,,,,,,,,,,,,,,,,,,,,,,,,,,,,,SUPP,108,,,,SUPP,SUPP,SUPP,107,SUPP,107,,,,SUPP,SUPP,SUPP,106,SUPP,108,,,,SUPP,SUPP,SUPP,106,,,,SUPP,SUPP,,,,SUPP,SUPP,,,,SUPP,SUPP,,,,SUPP,SUPP,,,,SUPP,SUPP,,,,SUPP,SUPP,,,,SUPP,SUPP,,,,SUPP,SUPP,8,89%,0,0%,0,0%,4,44%,4,44%,22,32%,68%,77%,0%,43%,0%,93%,0%,0.5,-2.3,3.3,0.1,-2.5,2.8,1.2,-1.4,3.8,107,107
1,25546,919,3359,117447,"St Mary's Church of England Primary School, Rickmansworth",Stockers Farm Road,,St Mary's Church of England Primary School,Rickmansworth,WD3 1NY,,E14000951,South West Hertfordshire,150576,St Mary's Rickmansworth CofE Primary School,20240401,VA,0,Church of England,4-11,0,0,192,31,30,24,6,80%,20%,,,,,,,,,,1,3%,29,97%,7,23%,28,93%,27%,0%,,,,,,,,,,,,,80%,30%,0%,106,70%,27%,0%,104,80%,27%,0%,104,27%,0%,57%,0%,67%,0%,25%,33%,,,,SUPP,SUPP,SUPP,29%,25%,0%,0%,,,,SUPP,SUPP,SUPP,0%,0%,,,,,,,,,,,,,,,,,,,,,,,,,,,,,,,,,,,,,,,,,,,,,,,,,,,,,,,,,,,,,,,,,,,,,,,,,,,,,,,,,,,,,104,111,,,,SUPP,SUPP,104,105,104,103,,,,SUPP,SUPP,107,104,104,106,,,,SUPP,SUPP,105,104,,,,SUPP,SUPP,,,,SUPP,SUPP,,,,SUPP,SUPP,,,,SUPP,SUPP,,,,SUPP,SUPP,,,,SUPP,SUPP,,,,SUPP,SUPP,,,,SUPP,SUPP,23,77%,0,0%,2,7%,4,13%,6,20%,30,0%,100%,67%,3%,,,SUPP,SUPP,4.2,1.8,6.7,0.1,-2.3,2.4,2.5,0.2,4.8,108,107
1,24284,919,3376,117460,St John's CofE Primary School,Hertford Road,Digswell,,Welwyn,AL6 0BX,1438714283,E14001573,Welwyn Hatfield,0,,,VA,0,Church of England,3-11,0,0,223,29,30,18,12,60%,40%,,,,,,,,,,4,13%,26,87%,1,3%,28,93%,60%,17%,,,,,,,,,,,,,87%,53%,0%,109,80%,43%,0%,108,77%,43%,3%,107,70%,20%,27%,0%,87%,0%,61%,58%,,,,SUPP,SUPP,SUPP,SUPP,61%,17%,17%,,,,SUPP,SUPP,SUPP,SUPP,18%,,,,,,,,,,,,,,,,,,,,,,,,,,,,,,,,,,,,,,,,,,,,,,,,,,,,,,,,,,,,,,,,,,,,,,,,,,,,,,,,,,,,,109,109,,,,SUPP,SUPP,SUPP,110,107,106,,,,SUPP,SUPP,SUPP,107,107,109,,,,SUPP,SUPP,SUPP,108,,,,SUPP,SUPP,,,,SUPP,SUPP,,,,SUPP,SUPP,,,,SUPP,SUPP,,,,SUPP,SUPP,,,,SUPP,SUPP,,,,SUPP,SUPP,,,,SUPP,SUPP,28,93%,1,3%,1,3%,4,13%,5,17%,26,15%,85%,62%,15%,SUPP,SUPP,SUPP,SUPP,2.1,-0.4,4.5,1.2,-1.1,3.6,0,-2.3,2.2,107,104
1,29394,919,2154,117182,Summerswood Primary School,Furzehill Road,,,Borehamwood,WD6 2DW,2089533139,E14001284,Hertsmere,0,,,CY,0,Does not apply,3-11,0,0,368,37,38,20,18,53%,47%,,,,,,,,,,11,29%,27,71%,19,50%,33,87%,21%,3%,,,,,,,,,,,,,53%,8%,0%,99,34%,5%,3%,97,42%,5%,3%,97,39%,3%,53%,0%,50%,0%,15%,28%,,,,18%,22%,-49,21%,24%,5%,0%,,,,0%,4%,-10,5%,3%,,,,,,,,,,,,,,,,,,,,,,,,,,,,,,,,,,,,,,,,,,,,,,,,,,,,,,,,,,,,,,,,,,,,,,,,,,,,,,,,,,,,,99,99,,,,98,100,101,100,97,98,,,,94,99,100,99,96,99,,,,96,98,101,98,,,,45%,56%,,,,27%,37%,,,,36%,44%,,,,27%,44%,,,,0%,11%,,,,0%,7%,,,,0%,7%,,,,0%,4%,19,50%,0,0%,4,11%,5,13%,9,24%,40,20%,80%,40%,3%,13%,0%,47%,3%,-4.1,-6.2,-2,-1.3,-3.3,0.7,-6.2,-8.2,-4.2,102,99
1,16942,919,2156,145351,Meryfield Primary School,Theobald Street,,,Borehamwood,WD6 4PA,2089532106,E14001284,Hertsmere,0,,,ACC,0,Does not apply,3-11,0,0,432,51,51,25,26,49%,51%,,,,,,,,,,18,35%,33,65%,17,33%,47,92%,57%,12%,,,,,,,,,,,,,69%,20%,0%,103,69%,31%,0%,105,75%,25%,0%,104,71%,14%,25%,0%,80%,0%,64%,50%,,,,44%,64%,-23,71%,57%,16%,8%,,,,0%,18%,-10,18%,13%,,,,,,,,,,,,,,,,,,,,,,,,,,,,,,,,,,,,,,,,,,,,,,,,,,,,,,,,,,,,,,,,,,,,,,,,,,,,,,,,,,,,,103,103,,,,100,105,104,103,106,103,,,,101,106,107,104,106,103,,,,101,106,109,104,,,,61%,73%,,,,56%,76%,,,,61%,82%,,,,50%,82%,,,,6%,27%,,,,11%,42%,,,,11%,33%,,,,0%,21%,33,65%,1,2%,1,2%,8,16%,9,18%,58,34%,66%,69%,19%,75%,10%,66%,24%,0.8,-0.9,2.5,0.5,-1.2,2.1,1.2,-0.4,2.8,106,106
1,2042,919,2188,117200,Bedwell Primary School,Bedwell Crescent,,,Stevenage,SG1 1NJ,1438351198,E14001516,Stevenage,0,,,CY,0,Does not apply,4-11,0,0,309,46,44,20,24,45%,55%,,,,,,,,,,13,30%,31,70%,13,30%,34,77%,61%,0%,,,,,,,,,,,,,70%,23%,2%,105,66%,36%,0%,105,68%,27%,2%,104,68%,5%,23%,0%,70%,0%,50%,71%,,,,62%,61%,-5,62%,71%,0%,0%,,,,0%,0%,-10,0%,0%,,,,,,,,,,,,,,,,,,,,,,,,,,,,,,,,,,,,,,,,,,,,,,,,,,,,,,,,,,,,,,,,,,,,,,,,,,,,,,,,,,,,,103,105,,,,104,105,104,106,103,105,,,,102,104,106,106,103,107,,,,104,106,107,107,,,,77%,68%,,,,54%,71%,,,,62%,71%,,,,62%,71%,,,,23%,23%,,,,31%,39%,,,,23%,29%,,,,8%,3%,31,70%,0,0%,2,5%,13,30%,15,34%,45,47%,53%,51%,4%,33%,5%,67%,4%,0.7,-1.2,2.6,0.7,-1.1,2.6,0,-1.8,1.8,104,102
1,17328,919,2224,117219,Monksmead School,Hillside Avenue,,Monksmead School,Borehamwood,WD6 1HL,2089533328,E14001284,Hertsmere,0,,,CY,0,Does not apply,3-11,0,0,200,27,27,17,10,63%,37%,,,,,,,,,,5,19%,22,81%,7,26%,27,100%,52%,7%,,,,,,,,,,,,,81%,26%,0%,106,81%,30%,0%,105,78%,26%,0%,103,52%,7%,37%,0%,81%,0%,35%,80%,,,,SUPP,SUPP,SUPP,86%,52%,0%,20%,,,,SUPP,SUPP,SUPP,14%,7%,,,,,,,,,,,,,,,,,,,,,,,,,,,,,,,,,,,,,,,,,,,,,,,,,,,,,,,,,,,,,,,,,,,,,,,,,,,,,,,,,,,,,104,109,,,,SUPP,SUPP,107,106,101,107,,,,SUPP,SUPP,108,103,102,111,,,,SUPP,SUPP,110,105,,,,SUPP,SUPP,,,,SUPP,SUPP,,,,SUPP,SUPP,,,,SUPP,SUPP,,,,SUPP,SUPP,,,,SUPP,SUPP,,,,SUPP,SUPP,,,,SUPP,SUPP,20,74%,0,0%,1,4%,4,15%,5,19%,27,19%,81%,48%,11%,SUPP,SUPP,SUPP,SUPP,-2.6,-5,-0.1,-1.8,-4.1,0.5,-4.6,-6.9,-2.3,105,102
1,11398,919,2237,117227,Harwood Hill Junior Mixed Infant and Nursery School,Harwood Close,,,Welwyn Garden City,AL8 7AG,1707322855,E14001573,Welwyn Hatfield,0,,,CY,0,Does not apply,3-11,0,0,184,29,29,11,18,38%,62%,,,,,,,,,,4,14%,25,86%,5,17%,25,86%,72%,14%,,,,,,,,,,,,,76%,38%,3%,107,83%,41%,3%,107,83%,28%,3%,106,79%,17%,17%,0%,86%,0%,64%,78%,,,,SUPP,SUPP,SUPP,SUPP,76%,18%,11%,,,,SUPP,SUPP,SUPP,SUPP,16%,,,,,,,,,,,,,,,,,,,,,,,,,,,,,,,,,,,,,,,,,,,,,,,,,,,,,,,,,,,,,,,,,,,,,,,,,,,,,,,,,,,,,108,106,,,,SUPP,SUPP,SUPP,107,108,105,,,,SUPP,SUPP,SUPP,106,108,107,,,,SUPP,SUPP,SUPP,107,,,,SUPP,SUPP,,,,SUPP,SUPP,,,,SUPP,SUPP,,,,SUPP,SUPP,,,,SUPP,SUPP,,,,SUPP,SUPP,,,,SUPP,SUPP,,,,SUPP,SUPP,24,83%,0,0%,2,7%,3,10%,5,17%,30,27%,73%,63%,0%,38%,0%,73%,0%,0.5,-1.8,2.7,-0.7,-2.9,1.4,1.1,-1,3.2,106,105
1,31816,919,2288,117254,Westfield Primary School,Durrants Lane,,,Berkhamsted,HP4 3PJ,1442862729,E14001268,Harpenden and Berkhamsted,0,,,CY,0,Does not apply,3-11,0,0,185,32,30,13,17,43%,57%,,,,,,,,,,4,13%,26,87%,4,13%,28,93%,60%,0%,,,,,,,,,,,,,87%,53%,0%,108,73%,33%,0%,106,67%,20%,0%,104,60%,0%,37%,0%,70%,0%,54%,65%,,,,SUPP,SUPP,SUPP,SUPP,64%,0%,0%,,,,SUPP,SUPP,SUPP,SUPP,0%,,,,,,,,,,,,,,,,,,,,,,,,,,,,,,,,,,,,,,,,,,,,,,,,,,,,,,,,,,,,,,,,,,,,,,,,,,,,,,,,,,,,,108,108,,,,SUPP,SUPP,SUPP,109,102,105,,,,SUPP,SUPP,SUPP,104,105,106,,,,SUPP,SUPP,SUPP,106,,,,SUPP,SUPP,,,,SUPP,SUPP,,,,SUPP,SUPP,,,,SUPP,SUPP,,,,SUPP,SUPP,,,,SUPP,SUPP,,,,SUPP,SUPP,,,,SUPP,SUPP,26,87%,0,0%,1,3%,4,13%,5,17%,27,30%,70%,56%,4%,25%,0%,68%,5%,1.2,-1.3,3.6,-4.3,-6.6,-2,-2.5,-4.8,-0.3,106,102
1,31134,919,2135,144905,Warren Dell Primary School,Gosforth Lane,South Oxhey,,Watford,WD19 7UZ,2084284571,E14001496,South West Hertfordshire,0,,,ACC,0,Does not apply,2-11,0,0,263,31,31,12,19,39%,61%,,,,,,,,,,5,16%,26,84%,10,32%,29,94%,77%,10%,,,,,,,,,,,,,87%,39%,0%,108,87%,45%,0%,108,90%,29%,0%,106,81%,23%,13%,3%,84%,3%,75%,79%,,,,SUPP,SUPP,SUPP,90%,76%,8%,11%,,,,SUPP,SUPP,SUPP,30%,7%,,,,,,,,,,,,,,,,,,,,,,,,,,,,,,,,,,,,,,,,,,,,,,,,,,,,,,,,,,,,,,,,,,,,,,,,,,,,,,,,,,,,,108,108,,,,SUPP,SUPP,107,108,106,107,,,,SUPP,SUPP,111,106,108,108,,,,SUPP,SUPP,115,108,,,,SUPP,SUPP,,,,SUPP,SUPP,,,,SUPP,SUPP,,,,SUPP,SUPP,,,,SUPP,SUPP,,,,SUPP,SUPP,,,,SUPP,SUPP,,,,SUPP,SUPP,21,68%,0,0%,4,13%,5,16%,9,29%,30,37%,63%,83%,10%,64%,0%,95%,16%,1,-1.3,3.3,-1.9,-4.1,0.3,-1.2,-3.4,0.9,108,105
1,29744,919,2142,117174,Templewood Primary School,Pentley Park,,,Welwyn Garden City,AL8 7SD,1707324251,E14001573,Welwyn Hatfield,0,,,CY,0,Does not apply,3-11,0,0,225,29,30,15,15,50%,50%,,,,,,,,,,8,27%,22,73%,5,17%,28,93%,80%,23%,,,,,,,,,,,,,87%,47%,0%,109,93%,53%,0%,110,90%,50%,0%,108,83%,30%,17%,0%,80%,0%,67%,93%,,,,75%,82%,8,SUPP,82%,7%,40%,,,,25%,23%,15,SUPP,25%,,,,,,,,,,,,,,,,,,,,,,,,,,,,,,,,,,,,,,,,,,,,,,,,,,,,,,,,,,,,,,,,,,,,,,,,,,,,,,,,,,,,,106,112,,,,108,109,SUPP,109,106,110,,,,108,108,SUPP,109,108,113,,,,110,110,SUPP,111,,,,75%,91%,,,,88%,95%,,,,88%,91%,,,,88%,82%,,,,38%,50%,,,,50%,55%,,,,38%,55%,,,,25%,32%,24,80%,1,3%,3,10%,3,10%,6,20%,30,20%,80%,83%,13%,83%,0%,83%,17%,0.2,-2.1,2.5,0.3,-1.9,2.5,0.3,-1.9,2.5,108,108
1,33068,919,2153,117181,Woodlands Primary School,Alban Crescent,,,Borehamwood,WD6 5JF,2089532717,E14001284,Hertsmere,0,,,CY,0,Does not apply,3-11,0,0,220,29,26,10,16,38%,62%,,,,,,,,,,12,46%,14,54%,7,27%,22,85%,54%,19%,,,,,,,,,,,,,62%,35%,4%,104,65%,38%,4%,105,62%,35%,4%,104,73%,19%,23%,0%,46%,0%,30%,69%,,,,33%,71%,-34,57%,55%,10%,25%,,,,8%,29%,-2,14%,23%,,,,,,,,,,,,,,,,,,,,,,,,,,,,,,,,,,,,,,,,,,,,,,,,,,,,,,,,,,,,,,,,,,,,,,,,,,,,,,,,,,,,,100,107,,,,101,107,103,105,100,107,,,,98,109,107,104,100,108,,,,99,109,106,105,,,,42%,79%,,,,50%,79%,,,,42%,79%,,,,75%,71%,,,,8%,57%,,,,8%,64%,,,,8%,57%,,,,8%,29%,19,73%,0,0%,1,4%,6,23%,7,27%,27,15%,85%,44%,7%,SUPP,SUPP,SUPP,SUPP,-0.9,-3.4,1.7,-1.5,-3.8,0.9,1.4,-1,3.8,104,105
1,32986,919,2178,117194,Woodhall Primary School,Woodhall Lane,South Oxhey,,Watford,WD19 6QX,2084283447,E14001496,South West Hertfordshire,0,,,CY,0,Does not apply,3-11,0,0,106,21,22,10,12,45%,55%,,,,,,,,,,10,45%,12,55%,9,41%,20,91%,41%,0%,,,,,,,,,,,,,55%,18%,0%,101,50%,14%,0%,100,50%,18%,0%,101,59%,0%,32%,0%,68%,0%,50%,33%,,,,30%,50%,-37,56%,40%,0%,0%,,,,0%,0%,-10,0%,0%,,,,,,,,,,,,,,,,,,,,,,,,,,,,,,,,,,,,,,,,,,,,,,,,,,,,,,,,,,,,,,,,,,,,,,,,,,,,,,,,,,,,,104,98,,,,97,105,103,101,105,97,,,,97,104,105,101,102,98,,,,98,101,103,100,,,,30%,75%,,,,50%,50%,,,,40%,58%,,,,50%,67%,,,,0%,33%,,,,0%,25%,,,,10%,25%,,,,0%,0%,13,59%,0,0%,1,5%,6,27%,7,32%,20,70%,30%,35%,0%,36%,0%,33%,0%,0.2,-2.5,3,1.2,-1.5,3.8,-1.5,-4.1,1.1,101,99
1,23738,919,5204,117564,St Giles' CofE Primary School,Blanche Lane,South Mimms,,Potters Bar,EN6 3PE,1707642170,E14001284,Hertsmere,0,,,VA,0,Church of England,4-11,0,0,88,13,13,8,5,62%,38%,,,,,,,,,,6,46%,7,54%,3,23%,7,54%,38%,8%,,,,,,,,,,,,,54%,23%,0%,102,46%,15%,0%,97,46%,15%,0%,98,54%,15%,23%,0%,62%,0%,38%,SUPP,,,,17%,57%,-50,SUPP,43%,13%,SUPP,,,,0%,14%,-10,SUPP,0%,,,,,,,,,,,,,,,,,,,,,,,,,,,,,,,,,,,,,,,,,,,,,,,,,,,,,,,,,,,,,,,,,,,,,,,,,,,,,,,,,,,,,103,SUPP,,,,96,107,SUPP,104,98,SUPP,,,,95,101,SUPP,98,98,SUPP,,,,92,102,SUPP,96,,,,50%,57%,,,,17%,71%,,,,33%,57%,,,,33%,71%,,,,0%,43%,,,,0%,29%,,,,0%,29%,,,,0%,29%,10,77%,0,0%,0,0%,4,31%,4,31%,12,58%,42%,17%,0%,SUPP,SUPP,SUPP,SUPP,0.7,-3,4.5,-4.1,-7.6,-0.5,-2,-5.5,1.5,98,95
1,15500,919,5207,117567,Little Heath Primary School,School Road,,,Potters Bar,EN6 1JW,1707652104,E14001573,Welwyn Hatfield,0,,,FD,0,None,3-11,0,0,226,29,29,14,15,48%,52%,,,,,,,,,,4,14%,25,86%,11,38%,27,93%,55%,7%,,,,,,,,,,,,,59%,21%,0%,103,62%,24%,0%,103,76%,14%,0%,103,72%,14%,28%,0%,93%,0%,43%,67%,,,,SUPP,SUPP,SUPP,55%,59%,0%,13%,,,,SUPP,SUPP,SUPP,9%,7%,,,,,,,,,,,,,,,,,,,,,,,,,,,,,,,,,,,,,,,,,,,,,,,,,,,,,,,,,,,,,,,,,,,,,,,,,,,,,,,,,,,,,100,105,,,,SUPP,SUPP,102,103,102,105,,,,SUPP,SUPP,104,104,101,106,,,,SUPP,SUPP,106,103,,,,SUPP,SUPP,,,,SUPP,SUPP,,,,SUPP,SUPP,,,,SUPP,SUPP,,,,SUPP,SUPP,,,,SUPP,SUPP,,,,SUPP,SUPP,,,,SUPP,SUPP,18,62%,0,0%,0,0%,9,31%,9,31%,30,20%,80%,73%,10%,50%,0%,79%,13%,-0.5,-2.8,1.7,1.1,-1.1,3.2,-0.5,-2.6,1.7,106,105
2,6168,919,7011,117670,Colnbrook School,Hayling Road,,,Watford,WD19 7UY,2084281281,E14001496,South West Hertfordshire,0,,,CYS,0,Does not apply,4-11,0,0,112,23,23,16,7,70%,30%,,,,,,,,,,13,57%,10,43%,2,9%,21,91%,0%,0%,,,,,,,,,,,,,0%,0%,0%,,0%,0%,0%,,0%,0%,0%,,0%,0%,0%,4%,0%,0%,0%,0%,,,,0%,0%,-67,SUPP,0%,0%,0%,,,,0%,0%,-10,SUPP,0%,,,,,,,,,,,,,,,,,,,,,,,,,,,,,,,,,,,,,,,,,,,,,,,,,,,,,,,,,,,,,,,,,,,,,,,,,,,,,,,,,,,,,,,,,,,,SUPP,,,,,,,,,SUPP,,,,,,,,,SUPP,,,,,0%,0%,,,,0%,0%,,,,0%,0%,,,,0%,0%,,,,0%,0%,,,,0%,0%,,,,0%,0%,,,,0%,0%,21,91%,0,0%,23,100%,0,0%,23,100%,28,43%,57%,0%,0%,0%,0%,0%,0%,-5,-7.3,-2.6,-3.3,-5.6,-1.1,-4.5,-6.8,-2.3
2,24918,919,7012,117671,St Luke's School,Crouch Hall Lane,Redbourn,,St Albans,AL3 7ET,1582626727,E14001268,Harpenden and Berkhamsted,0,,,FDS,0,Does not apply,7-16,0,0,172,8,8,8,0,100%,0%,,,,,,,,,,3,38%,5,63%,0,0%,6,75%,0%,0%,,,,,,,,,,,,,0%,0%,0%,,0%,0%,0%,,0%,0%,0%,,0%,0%,0%,0%,0%,0%,0%,,,,,SUPP,SUPP,SUPP,,0%,0%,,,,,SUPP,SUPP,SUPP,,0%,,,,,,,,,,,,,,,,,,,,,,,,,,,,,,,,,,,,,,,,,,,,,,,,,,,,,,,,,,,,,,,,,,,,,,,,,,,,,,,,,,,,,,,,,,SUPP,SUPP,,,,,,,,SUPP,SUPP,,,,,,,,SUPP,SUPP,,,,,,SUPP,SUPP,,,,SUPP,SUPP,,,,SUPP,SUPP,,,,SUPP,SUPP,,,,SUPP,SUPP,,,,SUPP,SUPP,,,,SUPP,SUPP,,,,SUPP,SUPP,8,100%,0,0%,8,100%,0,0%,8,100%,11,45%,55%,0%,0%,SUPP,SUPP,SUPP,SUPP,-7.6,-11.7,-3.5,-3.6,-7.6,0.3,-7.9,-11.8,-4.1
2,31272,919,7026,117683,Watling View School,Watling View,,,St Albans,AL1 2NU,1727850560,E14001507,St Albans,0,,,CYS,0,Does not apply,2-19,0,0,99,12,12,7,5,58%,42%,,,,,,,,,,4,33%,8,67%,6,50%,12,100%,0%,0%,,,,,,,,,,,,,0%,0%,0%,,0%,0%,0%,,0%,0%,0%,,0%,0%,0%,0%,0%,0%,0%,SUPP,,,,SUPP,SUPP,SUPP,0%,0%,0%,SUPP,,,,SUPP,SUPP,SUPP,0%,0%,,,,,,,,,,,,,,,,,,,,,,,,,,,,,,,,,,,,,,,,,,,,,,,,,,,,,,,,,,,,,,,,,,,,,,,,,,,,,,,,,,,,,,SUPP,,,,SUPP,SUPP,,,,SUPP,,,,SUPP,SUPP,,,,SUPP,,,,SUPP,SUPP,,,,,,SUPP,SUPP,,,,SUPP,SUPP,,,,SUPP,SUPP,,,,SUPP,SUPP,,,,SUPP,SUPP,,,,SUPP,SUPP,,,,SUPP,SUPP,,,,SUPP,SUPP,6,50%,0,0%,12,100%,0,0%,12,100%,6,50%,50%,0%,0%,SUPP,SUPP,SUPP,SUPP,SUPP,SUPP,SUPP,SUPP,SUPP,SUPP,SUPP,SUPP,SUPP
2,16710,919,7043,117691,Meadow Wood School,Coldharbour Lane,,,Bushey,WD23 4NN,2084204720,E14001284,Hertsmere,0,,,CYS,0,Does not apply,3-11,0,0,32,6,6,2,4,33%,67%,,,,,,,,,,1,17%,5,83%,2,33%,6,100%,0%,0%,,,,,,,,,,,,,0%,0%,0%,,0%,0%,0%,,0%,0%,0%,,0%,0%,0%,0%,0%,0%,SUPP,SUPP,,,,SUPP,SUPP,SUPP,SUPP,0%,SUPP,SUPP,,,,SUPP,SUPP,SUPP,SUPP,0%,,,,,,,,,,,,,,,,,,,,,,,,,,,,,,,,,,,,,,,,,,,,,,,,,,,,,,,,,,,,,,,,,,,,,,,,,,,,,,,,,,,,,SUPP,SUPP,,,,SUPP,SUPP,SUPP,,SUPP,SUPP,,,,SUPP,SUPP,SUPP,,SUPP,SUPP,,,,SUPP,SUPP,SUPP,,,,,SUPP,SUPP,,,,SUPP,SUPP,,,,SUPP,SUPP,,,,SUPP,SUPP,,,,SUPP,SUPP,,,,SUPP,SUPP,,,,SUPP,SUPP,,,,SUPP,SUPP,4,67%,0,0%,6,100%,0,0%,6,100%,8,38%,63%,0%,0%,SUPP,SUPP,SUPP,SUPP,-10.6,-15,-6.2,-9.3,-13.5,-5.1,-10.8,-14.9,-6.7
2,28490,919,7044,130362,Southfield School,Woods Avenue,,,Hatfield,AL10 8NN,1707276504,E14001573,Welwyn Hatfield,0,,,CYS,0,Does not apply,4-11,0,0,88,22,22,16,6,73%,27%,,,,,,,,,,10,45%,12,55%,2,9%,20,91%,0%,0%,,,,,,,,,,,,,0%,0%,0%,,0%,0%,0%,,0%,0%,0%,,0%,0%,0%,0%,0%,0%,0%,0%,,,,0%,0%,-67,SUPP,0%,0%,0%,,,,0%,0%,-10,SUPP,0%,,,,,,,,,,,,,,,,,,,,,,,,,,,,,,,,,,,,,,,,,,,,,,,,,,,,,,,,,,,,,,,,,,,,,,,,,,,,,,,,,,,,,,,,,,,,SUPP,,,,,,,,,SUPP,,,,,,,,,SUPP,,,,,0%,0%,,,,0%,0%,,,,0%,0%,,,,0%,0%,,,,0%,0%,,,,0%,0%,,,,0%,0%,,,,0%,0%,20,91%,0,0%,22,100%,0,0%,22,100%,21,57%,43%,0%,0%,0%,0%,0%,0%,-4,-6.9,-1.1,-1.9,-4.7,0.9,-3.3,-6,-0.5
1,4292,919,2012,117088,Bushey Heath Primary School,The Rutts,Bushey Heath,,Bushey,WD23 1SP,2089503042,E14001284,Hertsmere,0,,,CY,0,Does not apply,3-11,0,0,241,31,30,14,16,47%,53%,,,,,,,,,,1,3%,29,97%,7,23%,29,97%,77%,33%,,,,,,,,,,,,,83%,43%,0%,109,93%,70%,0%,113,87%,53%,0%,110,87%,47%,13%,0%,100%,0%,86%,69%,,,,SUPP,SUPP,SUPP,57%,79%,36%,31%,,,,SUPP,SUPP,SUPP,29%,34%,,,,,,,,,,,,,,,,,,,,,,,,,,,,,,,,,,,,,,,,,,,,,,,,,,,,,,,,,,,,,,,,,,,,,,,,,,,,,,,,,,,,,110,109,,,,SUPP,SUPP,110,109,111,108,,,,SUPP,SUPP,109,110,114,112,,,,SUPP,SUPP,113,113,,,,SUPP,SUPP,,,,SUPP,SUPP,,,,SUPP,SUPP,,,,SUPP,SUPP,,,,SUPP,SUPP,,,,SUPP,SUPP,,,,SUPP,SUPP,,,,SUPP,SUPP,23,77%,0,0%,3,10%,2,7%,5,17%,30,7%,93%,70%,20%,SUPP,SUPP,SUPP,SUPP,0.4,-2,2.7,2.2,-0.1,4.5,0.5,-1.8,2.7,108,107
1,24354,919,3339,117435,"St John's Voluntary Aided Church of England Primary School, Lemsford",Lemsford Village,,St John's C of E Primary School,Welwyn Garden City,AL8 7TR,1707322589,E14001573,Welwyn Hatfield,0,,,VA,0,Church of England,4-11,0,0,103,13,16,8,8,50%,50%,,,,,,,,,,1,6%,15,94%,1,6%,15,94%,50%,6%,,,,,,,,,,,,,69%,25%,6%,104,50%,13%,6%,101,56%,6%,6%,100,63%,6%,31%,0%,81%,0%,25%,75%,,,,SUPP,SUPP,SUPP,SUPP,53%,0%,13%,,,,SUPP,SUPP,SUPP,SUPP,7%,,,,,,,,,,,,,,,,,,,,,,,,,,,,,,,,,,,,,,,,,,,,,,,,,,,,,,,,,,,,,,,,,,,,,,,,,,,,,,,,,,,,,100,110,,,,SUPP,SUPP,SUPP,105,96,104,,,,SUPP,SUPP,SUPP,101,96,106,,,,SUPP,SUPP,SUPP,102,,,,SUPP,SUPP,,,,SUPP,SUPP,,,,SUPP,SUPP,,,,SUPP,SUPP,,,,SUPP,SUPP,,,,SUPP,SUPP,,,,SUPP,SUPP,,,,SUPP,SUPP,14,88%,1,6%,3,19%,1,6%,4,25%,15,0%,100%,67%,13%,,,SUPP,SUPP,2.1,-1,5.3,1.5,-1.5,4.6,-0.3,-3.3,2.7,108,106
1,22462,919,3353,117444,St Andrew's CE Primary School and Nursery,Tower Hill,,,Much Hadham,SG10 6DL,1279842626,E14001283,Hertford and Stortford,0,,,VA,0,Church of England,3-11,0,0,211,28,27,12,15,44%,56%,,,,,,,,,,4,15%,23,85%,2,7%,22,81%,56%,0%,,,,,,,,,,,,,81%,15%,0%,104,78%,15%,0%,103,67%,15%,0%,103,70%,0%,30%,0%,78%,0%,75%,40%,,,,SUPP,SUPP,SUPP,SUPP,50%,0%,0%,,,,SUPP,SUPP,SUPP,SUPP,0%,,,,,,,,,,,,,,,,,,,,,,,,,,,,,,,,,,,,,,,,,,,,,,,,,,,,,,,,,,,,,,,,,,,,,,,,,,,,,,,,,,,,,105,102,,,,SUPP,SUPP,SUPP,104,105,100,,,,SUPP,SUPP,SUPP,102,104,102,,,,SUPP,SUPP,SUPP,102,,,,SUPP,SUPP,,,,SUPP,SUPP,,,,SUPP,SUPP,,,,SUPP,SUPP,,,,SUPP,SUPP,,,,SUPP,SUPP,,,,SUPP,SUPP,,,,SUPP,SUPP,24,89%,1,4%,0,0%,5,19%,5,19%,27,11%,89%,59%,7%,SUPP,SUPP,SUPP,SUPP,1.5,-1,3.9,-0.8,-3.2,1.5,-2.8,-5.2,-0.5,108,102
1,19894,919,3364,117452,Park Street Church of England Voluntary Aided Primary School,Branch Road,Park Street,,St Albans,AL2 2LX,1727872158,E14001507,St Albans,0,,,VA,0,Church of England,3-11,0,0,134,3,4,SUPP,SUPP,SUPP,SUPP,,,,,,,,,,SUPP,SUPP,SUPP,SUPP,SUPP,SUPP,SUPP,SUPP,SUPP,SUPP,,,,,,,,,,,,,SUPP,SUPP,SUPP,SUPP,SUPP,SUPP,SUPP,SUPP,SUPP,SUPP,SUPP,SUPP,SUPP,SUPP,SUPP,SUPP,SUPP,SUPP,SUPP,SUPP,,,,SUPP,SUPP,SUPP,SUPP,SUPP,SUPP,SUPP,,,,SUPP,SUPP,SUPP,SUPP,SUPP,,,,,,,,,,,,,,,,,,,,,,,,,,,,,,,,,,,,,,,,,,,,,,,,,,,,,,,,,,,,,,,,,,,,,,,,,,,,,,,,,,,,,SUPP,SUPP,,,,SUPP,SUPP,SUPP,SUPP,SUPP,SUPP,,,,SUPP,SUPP,SUPP,SUPP,SUPP,SUPP,,,,SUPP,SUPP,SUPP,SUPP,,,,SUPP,SUPP,,,,SUPP,SUPP,,,,SUPP,SUPP,,,,SUPP,SUPP,,,,SUPP,SUPP,,,,SUPP,SUPP,,,,SUPP,SUPP,,,,SUPP,SUPP,SUPP,SUPP,SUPP,SUPP,SUPP,SUPP,SUPP,SUPP,SUPP,SUPP,22,14%,86%,68%,5%,SUPP,SUPP,SUPP,SUPP,0.2,-2.5,2.9,-0.8,-3.4,1.8,-0.8,-3.3,1.8,108,106
1,3764,919,2385,144908,Bromet Primary School,Oxhey Road,,,Watford,WD19 4SG,1923481310,E14001568,Watford,0,,,ACC,0,Does not apply,5-11,0,0,274,40,40,16,24,40%,60%,,,,,,,,,,7,18%,33,83%,5,13%,38,95%,80%,18%,,,,,,,,,,,,,83%,58%,0%,108,83%,55%,0%,108,88%,45%,0%,108,83%,18%,8%,0%,90%,0%,63%,92%,,,,14%,94%,-53,SUPP,82%,13%,21%,,,,0%,21%,-10,SUPP,18%,,,,,,,,,,,,,,,,,,,,,,,,,,,,,,,,,,,,,,,,,,,,,,,,,,,,,,,,,,,,,,,,,,,,,,,,,,,,,,,,,,,,,106,109,,,,97,110,SUPP,108,107,108,,,,96,110,SUPP,108,104,110,,,,94,111,SUPP,108,,,,29%,94%,,,,14%,97%,,,,29%,100%,,,,14%,97%,,,,0%,70%,,,,0%,67%,,,,0%,55%,,,,0%,21%,35,88%,0,0%,1,3%,7,18%,8,20%,39,15%,85%,64%,23%,33%,0%,70%,27%,-0.6,-2.7,1.4,-0.6,-2.5,1.3,1.5,-0.5,3.4,106,107
1,32458,919,2392,117314,William Ransom Primary School,Stuart Drive,,,Hitchin,SG4 9QB,1462624777,E14001289,Hitchin,0,,,CY,0,Does not apply,4-11,0,0,422,60,60,31,29,52%,48%,,,,,,,,,,3,5%,57,95%,9,15%,57,95%,72%,15%,,,,,,,,,,,,,92%,53%,0%,109,90%,52%,0%,108,83%,32%,0%,106,78%,23%,22%,0%,93%,0%,68%,76%,,,,SUPP,SUPP,SUPP,78%,72%,13%,17%,,,,SUPP,SUPP,SUPP,0%,16%,,,,,,,,,,,,,,,,,,,,,,,,,,,,,,,,,,,,,,,,,,,,,,,,,,,,,,,,,,,,,,,,,,,,,,,,,,,,,,,,,,,,,108,110,,,,SUPP,SUPP,109,109,105,107,,,,SUPP,SUPP,109,106,107,110,,,,SUPP,SUPP,112,108,,,,SUPP,SUPP,,,,SUPP,SUPP,,,,SUPP,SUPP,,,,SUPP,SUPP,,,,SUPP,SUPP,,,,SUPP,SUPP,,,,SUPP,SUPP,,,,SUPP,SUPP,51,85%,0,0%,1,2%,7,12%,8,13%,59,3%,97%,68%,8%,SUPP,SUPP,SUPP,SUPP,3.9,2.3,5.6,-2.5,-4,-0.9,0.7,-0.9,2.2,111,107
1,27312,919,2428,117337,Samuel Lucas Junior Mixed and Infant School,Gaping Lane,,,Hitchin,SG5 2JQ,1462456737,E14001289,Hitchin,0,,,CY,0,Does not apply,4-11,0,0,420,60,60,29,31,48%,52%,,,,,,,,,,14,23%,46,77%,3,5%,58,97%,70%,15%,,,,,,,,,,,,,85%,38%,0%,107,77%,40%,0%,106,77%,28%,0%,105,73%,25%,23%,0%,82%,0%,62%,77%,,,,43%,78%,-24,SUPP,72%,14%,16%,,,,0%,20%,-10,SUPP,16%,,,,,,,,,,,,,,,,,,,,,,,,,,,,,,,,,,,,,,,,,,,,,,,,,,,,,,,,,,,,,,,,,,,,,,,,,,,,,,,,,,,,,105,109,,,,101,109,SUPP,107,104,106,,,,98,107,SUPP,106,104,108,,,,100,108,SUPP,107,,,,64%,91%,,,,50%,85%,,,,50%,85%,,,,43%,83%,,,,7%,48%,,,,7%,50%,,,,7%,35%,,,,0%,33%,57,95%,0,0%,1,2%,11,18%,12,20%,60,7%,93%,70%,22%,SUPP,SUPP,SUPP,SUPP,2.8,1.2,4.5,1.4,-0.1,3,2.7,1.1,4.2,109,108
1,29220,919,2442,117345,Stonehill School,Western Close,,,Letchworth Garden City,SG6 4SZ,1462620262,E14001393,North East Hertfordshire,0,,,CY,0,Does not apply,3-11,0,0,204,27,27,15,12,56%,44%,,,,,,,,,,10,37%,17,63%,0,0%,25,93%,59%,4%,,,,,,,,,,,,,67%,19%,4%,104,67%,30%,4%,105,70%,19%,4%,104,74%,4%,22%,0%,78%,0%,67%,50%,,,,50%,65%,-17,,60%,7%,0%,,,,0%,6%,-10,,4%,,,,,,,,,,,,,,,,,,,,,,,,,,,,,,,,,,,,,,,,,,,,,,,,,,,,,,,,,,,,,,,,,,,,,,,,,,,,,,,,,,,,,106,101,,,,101,106,,104,107,101,,,,102,106,,105,107,102,,,,102,106,,105,,,,60%,71%,,,,50%,76%,,,,80%,65%,,,,70%,76%,,,,0%,29%,,,,10%,41%,,,,0%,29%,,,,0%,6%,27,100%,0,0%,3,11%,11,41%,14,52%,29,31%,69%,69%,3%,33%,0%,85%,5%,-0.5,-2.8,1.8,1.4,-0.8,3.6,1.1,-1,3.3,103,104
1,2994,919,2467,117366,Bonneygrove Primary School,Dark Lane,Cheshunt,,Waltham Cross,EN7 5ED,1992307900,E14001139,Broxbourne,0,,,CY,0,Does not apply,3-11,0,0,420,60,60,28,32,47%,53%,,,,,,,,,,15,25%,45,75%,8,13%,57,95%,75%,7%,,,,,,,,,,,,,82%,27%,0%,105,78%,25%,0%,105,88%,18%,0%,105,88%,12%,8%,0%,88%,0%,64%,84%,,,,53%,82%,-14,63%,75%,4%,9%,,,,0%,9%,-10,0%,7%,,,,,,,,,,,,,,,,,,,,,,,,,,,,,,,,,,,,,,,,,,,,,,,,,,,,,,,,,,,,,,,,,,,,,,,,,,,,,,,,,,,,,103,107,,,,101,106,101,106,104,106,,,,102,106,104,105,103,108,,,,101,107,104,105,,,,73%,84%,,,,53%,87%,,,,73%,93%,,,,73%,93%,,,,0%,36%,,,,13%,29%,,,,7%,22%,,,,0%,16%,52,87%,0,0%,4,7%,4,7%,8,13%,61,30%,70%,74%,5%,61%,0%,79%,7%,2.3,0.8,3.9,0.6,-0.9,2.2,2.1,0.6,3.6,107,106
1,18848,919,2985,117371,Oakmere Primary School,Chace Avenue,,,Potters Bar,EN6 5NP,1707656963,E14001284,Hertsmere,0,,,CY,0,Does not apply,3-11,0,0,246,33,35,16,19,46%,54%,,,,,,,,,,13,37%,22,63%,8,23%,26,74%,49%,9%,,,,,,,,,,,,,51%,11%,0%,100,60%,26%,0%,102,66%,20%,0%,103,69%,20%,29%,0%,77%,0%,69%,32%,,,,31%,59%,-36,25%,54%,13%,5%,,,,0%,14%,-10,13%,8%,,,,,,,,,,,,,,,,,,,,,,,,,,,,,,,,,,,,,,,,,,,,,,,,,,,,,,,,,,,,,,,,,,,,,,,,,,,,,,,,,,,,,101,99,,,,98,101,99,102,105,101,,,,101,104,104,104,104,100,,,,100,103,102,103,,,,38%,59%,,,,62%,59%,,,,54%,73%,,,,62%,73%,,,,0%,18%,,,,15%,32%,,,,15%,23%,,,,15%,23%,25,71%,2,6%,0,0%,7,20%,7,20%,41,56%,44%,32%,0%,17%,0%,50%,0%,-2.4,-4.5,-0.3,-3.8,-5.8,-1.8,-3.4,-5.3,-1.4,100,98
1,6224,919,2996,117378,Commonswood Primary & Nursery School,The Commons,,,WELWYN GARDEN CITY,AL7 4RU,1707880420,E14001573,Welwyn Hatfield,0,,,CY,0,Does not apply,4-11,0,0,417,54,54,36,18,67%,33%,,,,,,,,,,12,22%,42,78%,5,9%,52,96%,76%,9%,,,,,,,,,,,,,87%,33%,0%,106,85%,50%,0%,109,85%,33%,2%,107,83%,11%,15%,0%,83%,0%,78%,72%,,,,58%,81%,-9,SUPP,75%,6%,17%,,,,8%,10%,-2,SUPP,10%,,,,,,,,,,,,,,,,,,,,,,,,,,,,,,,,,,,,,,,,,,,,,,,,,,,,,,,,,,,,,,,,,,,,,,,,,,,,,,,,,,,,,106,108,,,,106,107,SUPP,107,107,106,,,,104,107,SUPP,107,107,111,,,,106,109,SUPP,109,,,,83%,88%,,,,67%,90%,,,,75%,88%,,,,67%,88%,,,,25%,36%,,,,25%,57%,,,,17%,38%,,,,8%,12%,49,91%,0,0%,1,2%,15,28%,16,30%,73,22%,78%,59%,10%,44%,0%,63%,12%,0.2,-1.3,1.7,0.4,-1,1.9,-0.6,-2,0.8,106,104
1,15492,919,2083,117132,Little Green Junior School,Lincoln Drive,Croxley Green,,Rickmansworth,WD3 3NJ,1923773861,E14001496,South West Hertfordshire,0,,,CY,0,Does not apply,7-11,0,0,352,86,86,42,44,49%,51%,,,,,,,,,,7,8%,79,92%,20,23%,83,97%,74%,12%,,,,,,,,,,,,,90%,47%,0%,107,83%,35%,0%,106,78%,29%,0%,105,88%,24%,12%,0%,90%,0%,81%,68%,,,,57%,76%,-10,80%,73%,10%,14%,,,,0%,13%,-10,10%,12%,,,,,,,,,,,,,,,,,,,,,,,,,,,,,,,,,,,,,,,,,,,,,,,,,,,,,,,,,,,,,,,,,,,,,,,,,,,,,,,,,,,,,107,108,,,,103,108,107,107,107,104,,,,101,106,108,105,106,107,,,,107,106,108,106,,,,71%,91%,,,,86%,82%,,,,57%,80%,,,,86%,89%,,,,29%,48%,,,,43%,34%,,,,14%,30%,,,,14%,25%,66,77%,0,0%,2,2%,9,10%,11,13%,90,4%,96%,69%,12%,SUPP,SUPP,SUPP,SUPP,-2.1,-3.5,-0.8,-1.6,-2.9,-0.4,-2.5,-3.7,-1.3,107,105
1,26428,919,2101,117144,St Paul's Walden Primary School,Bendish Lane,Whitwell,,Hitchin,SG4 8HX,1438871241,E14001289,Hitchin,0,,,CY,0,Does not apply,4-11,0,0,70,13,13,11,2,85%,15%,,,,,,,,,,1,8%,12,92%,0,0%,13,100%,38%,0%,,,,,,,,,,,,,85%,31%,0%,105,77%,8%,0%,102,46%,8%,0%,99,69%,0%,31%,0%,85%,0%,36%,SUPP,,,,SUPP,SUPP,SUPP,,38%,0%,SUPP,,,,SUPP,SUPP,SUPP,,0%,,,,,,,,,,,,,,,,,,,,,,,,,,,,,,,,,,,,,,,,,,,,,,,,,,,,,,,,,,,,,,,,,,,,,,,,,,,,,,,,,,,,,104,SUPP,,,,SUPP,SUPP,,105,99,SUPP,,,,SUPP,SUPP,,99,102,SUPP,,,,SUPP,SUPP,,102,,,,SUPP,SUPP,,,,SUPP,SUPP,,,,SUPP,SUPP,,,,SUPP,SUPP,,,,SUPP,SUPP,,,,SUPP,SUPP,,,,SUPP,SUPP,,,,SUPP,SUPP,13,100%,0,0%,0,0%,5,38%,5,38%,11,18%,82%,45%,9%,SUPP,SUPP,SUPP,SUPP,2,-1.7,5.8,2.4,-1.2,5.9,-3.4,-6.9,0.1,106,100
1,27820,919,2108,117150,Shenley Primary School,London Road,Shenley,,Radlett,WD7 9DX,1923855864,E14001284,Hertsmere,0,,,CY,0,Does not apply,3-11,0,0,147,14,13,2,11,15%,85%,,,,,,,,,,3,23%,10,77%,5,38%,13,100%,46%,0%,,,,,,,,,,,,,69%,8%,0%,102,54%,0%,0%,99,54%,0%,0%,99,54%,0%,46%,0%,77%,0%,SUPP,55%,,,,SUPP,SUPP,SUPP,SUPP,46%,SUPP,0%,,,,SUPP,SUPP,SUPP,SUPP,0%,,,,,,,,,,,,,,,,,,,,,,,,,,,,,,,,,,,,,,,,,,,,,,,,,,,,,,,,,,,,,,,,,,,,,,,,,,,,,,,,,,,,,SUPP,103,,,,SUPP,SUPP,SUPP,102,SUPP,100,,,,SUPP,SUPP,SUPP,99,SUPP,100,,,,SUPP,SUPP,SUPP,99,,,,SUPP,SUPP,,,,SUPP,SUPP,,,,SUPP,SUPP,,,,SUPP,SUPP,,,,SUPP,SUPP,,,,SUPP,SUPP,,,,SUPP,SUPP,,,,SUPP,SUPP,8,62%,0,0%,0,0%,0,0%,0,0%,28,25%,75%,54%,4%,0%,0%,71%,5%,0.4,-2,2.7,-0.2,-2.5,2,0.5,-1.7,2.7,105,103
1,1320,919,2119,149537,Avanti Brook Primary School,Newland Avenue,,,Bishops Stortford,CM23 2UW,1279211116,E14001283,Hertford and Stortford,0,,,F,0,None,2-11,0,0,32,0,,,,,,,,,,,,,,,,,,,,,,,,,,,,,,,,,,,,,,,,,,,,,,,,,,,,,,,,,,,,,,,,,,,,,,,,,,,,,,,,,,,,,,,,,,,,,,,,,,,,,,,,,,,,,,,,,,,,,,,,,,,,,,,,,,,,,,,,,,,,,,,,,,,,,,,,,,,,,,,,,,,,,,,,,,,,,,,,,,,,,,,,,,,,,,,,,,,,,,,,,,,,,,,,,,,,,,,,,,,,,,,,,,0,,0
1,14348,919,2133,117168,Kingsway Junior School,Briar Road,,,Watford,WD25 0JH,1923672583,E14001568,Watford,0,,,CY,0,Does not apply,7-11,0,0,235,58,59,30,29,51%,49%,,,,,,,,,,17,29%,42,71%,13,22%,55,93%,86%,14%,,,,,,,,,,,,,95%,32%,0%,108,78%,31%,0%,106,95%,46%,0%,109,86%,17%,12%,0%,95%,0%,77%,97%,,,,94%,83%,27,85%,89%,17%,10%,,,,6%,17%,-4,15%,15%,,,,,,,,,,,,,,,,,,,,,,,,,,,,,,,,,,,,,,,,,,,,,,,,,,,,,,,,,,,,,,,,,,,,,,,,,,,,,,,,,,,,,108,107,,,,108,108,107,108,110,107,,,,107,109,108,109,106,105,,,,103,107,105,106,,,,94%,95%,,,,59%,86%,,,,94%,95%,,,,94%,83%,,,,29%,33%,,,,18%,36%,,,,29%,52%,,,,6%,21%,46,78%,0,0%,3,5%,10,17%,13,22%,56,29%,71%,66%,2%,38%,0%,78%,3%,0.6,-1.1,2.3,1.1,-0.5,2.7,1.8,0.2,3.4,104,105
1,9244,919,2144,151161,Forres Primary Academy,Stanstead Road,,,Hoddesdon,EN11 0RW,1992467821,E14001139,Broxbourne,0,,,AC,0,Does not apply,5-11,0,0,NEW
1,13298,919,2151,117180,Hurst Drive Primary School,Hurst Drive,,,Waltham Cross,EN8 8DH,1992624099,E14001139,Broxbourne,0,,,CY,0,Does not apply,4-11,0,0,381,51,49,23,26,47%,53%,,,,,,,,,,20,41%,29,59%,14,29%,48,98%,51%,2%,,,,,,,,,,,,,59%,18%,2%,101,61%,16%,0%,101,65%,12%,0%,102,65%,10%,31%,0%,65%,0%,35%,65%,,,,40%,59%,-27,64%,52%,4%,0%,,,,0%,3%,-10,7%,2%,,,,,,,,,,,,,,,,,,,,,,,,,,,,,,,,,,,,,,,,,,,,,,,,,,,,,,,,,,,,,,,,,,,,,,,,,,,,,,,,,,,,,99,104,,,,99,103,106,102,101,103,,,,99,104,106,102,99,104,,,,98,104,106,102,,,,45%,69%,,,,45%,72%,,,,55%,72%,,,,60%,69%,,,,5%,28%,,,,10%,21%,,,,5%,17%,,,,5%,14%,35,71%,0,0%,1,2%,4,8%,5,10%,56,48%,52%,36%,2%,33%,0%,38%,3%,-3,-4.8,-1.3,-1.8,-3.5,-0.2,-2.6,-4.2,-1,99,98
1,3898,919,2169,117189,Broom Barns Primary School,Homestead Moat,Bedwell,,Stevenage,SG1 1UE,1438354913,E14001516,Stevenage,0,,,FD,0,Does not apply,4-11,0,0,236,30,29,19,10,66%,34%,,,,,,,,,,15,52%,14,48%,9,31%,28,97%,69%,21%,,,,,,,,,,,,,76%,41%,3%,108,72%,34%,3%,109,86%,38%,3%,109,69%,24%,17%,3%,79%,3%,58%,90%,,,,60%,79%,-7,78%,68%,11%,40%,,,,7%,36%,-3,44%,18%,,,,,,,,,,,,,,,,,,,,,,,,,,,,,,,,,,,,,,,,,,,,,,,,,,,,,,,,,,,,,,,,,,,,,,,,,,,,,,,,,,,,,106,111,,,,105,112,107,108,107,111,,,,106,111,112,108,106,114,,,,107,112,113,109,,,,67%,86%,,,,67%,79%,,,,87%,86%,,,,60%,79%,,,,27%,57%,,,,27%,43%,,,,20%,57%,,,,7%,43%,19,66%,1,3%,1,3%,8,28%,9,31%,28,43%,57%,61%,14%,67%,8%,56%,19%,0,-2.4,2.4,1.4,-0.9,3.7,2.8,0.5,5.1,104,106
1,32636,919,2219,117217,Windermere Primary School,Windermere Avenue,,,St. Albans,AL1 5QP,1727851176,E14001507,St Albans,0,,,CY,0,Does not apply,4-11,0,0,177,30,29,16,13,55%,45%,,,,,,,,,,10,34%,19,66%,15,52%,23,79%,45%,7%,,,,,,,,,,,,,66%,31%,0%,105,66%,14%,0%,104,66%,28%,0%,104,55%,10%,34%,0%,72%,0%,38%,54%,,,,50%,42%,-17,33%,57%,6%,8%,,,,0%,11%,-10,7%,9%,,,,,,,,,,,,,,,,,,,,,,,,,,,,,,,,,,,,,,,,,,,,,,,,,,,,,,,,,,,,,,,,,,,,,,,,,,,,,,,,,,,,,103,108,,,,104,106,105,107,102,106,,,,100,106,106,104,103,105,,,,100,106,105,105,,,,60%,68%,,,,50%,74%,,,,60%,68%,,,,50%,58%,,,,30%,32%,,,,0%,21%,,,,20%,32%,,,,10%,11%,14,48%,0,0%,2,7%,1,3%,3,10%,29,31%,69%,41%,3%,22%,0%,50%,5%,-1.4,-3.9,1.1,-6.5,-8.9,-4.1,-4.6,-7,-2.2,106,101
1,650,919,2226,117221,Almond Hill Junior School,Almonds Lane,,,Stevenage,SG1 3RP,1438233660,E14001516,Stevenage,0,,,CY,0,Does not apply,7-11,0,0,338,78,81,33,48,41%,59%,,,,,,,,,,23,28%,58,72%,12,15%,70,86%,62%,6%,,,,,,,,,,,,,72%,22%,4%,105,72%,32%,5%,106,69%,17%,4%,103,72%,7%,11%,0%,73%,0%,61%,63%,,,,57%,64%,-10,50%,66%,3%,8%,,,,4%,7%,-6,8%,7%,,,,,,,,,,,,,,,,,,,,,,,,,,,,,,,,,,,,,,,,,,,,,,,,,,,,,,,,,,,,,,,,,,,,,,,,,,,,,,,,,,,,,104,106,,,,107,104,102,106,105,102,,,,103,103,102,104,105,106,,,,107,105,105,106,,,,74%,71%,,,,70%,72%,,,,65%,71%,,,,65%,74%,,,,30%,19%,,,,43%,28%,,,,9%,21%,,,,9%,7%,66,81%,3,4%,4,5%,7,9%,11,14%,88,20%,80%,51%,2%,39%,0%,54%,3%,-1.5,-2.8,-0.1,-3.4,-4.7,-2.1,-1.3,-2.6,0,105,104
1,21290,919,2251,117234,The Reddings Primary School,Bennetts End Road,,,Hemel Hempstead,HP3 8DX,1442406500,E14001278,Hemel Hempstead,0,,,CY,0,Does not apply,3-11,0,0,218,30,29,13,16,45%,55%,,,,,,,,,,10,34%,19,66%,8,28%,25,86%,55%,0%,,,,,,,,,,,,,83%,31%,0%,107,86%,41%,0%,109,86%,21%,0%,106,55%,0%,34%,0%,86%,0%,46%,63%,,,,40%,63%,-27,38%,56%,0%,0%,,,,0%,0%,-10,0%,0%,,,,,,,,,,,,,,,,,,,,,,,,,,,,,,,,,,,,,,,,,,,,,,,,,,,,,,,,,,,,,,,,,,,,,,,,,,,,,,,,,,,,,105,109,,,,107,107,105,107,105,108,,,,105,107,106,106,105,112,,,,106,110,109,109,,,,80%,84%,,,,70%,95%,,,,80%,89%,,,,40%,63%,,,,30%,32%,,,,30%,47%,,,,10%,26%,,,,0%,0%,21,72%,0,0%,1,3%,9,31%,10,34%,28,36%,64%,68%,18%,50%,0%,78%,28%,1.4,-1.2,4,1.4,-1.1,3.9,2.1,-0.3,4.6,105,106
1,7298,919,3053,117415,Dewhurst St Mary CofE Primary School,"94, Churchgate",Cheshunt,,Waltham Cross,EN8 9ND,1992624177,E14001139,Broxbourne,0,,,VC,0,Church of England,5-11,0,0,204,30,30,14,16,47%,53%,,,,,,,,,,9,30%,21,70%,1,3%,30,100%,57%,3%,,,,,,,,,,,,,90%,27%,3%,106,77%,23%,3%,105,60%,17%,3%,103,63%,3%,37%,0%,70%,0%,64%,50%,,,,33%,67%,-34,SUPP,57%,0%,6%,,,,0%,5%,-10,SUPP,3%,,,,,,,,,,,,,,,,,,,,,,,,,,,,,,,,,,,,,,,,,,,,,,,,,,,,,,,,,,,,,,,,,,,,,,,,,,,,,,,,,,,,,107,105,,,,105,107,SUPP,106,104,102,,,,100,104,SUPP,103,103,106,,,,100,107,SUPP,105,,,,78%,95%,,,,44%,90%,,,,44%,67%,,,,33%,76%,,,,22%,29%,,,,11%,29%,,,,11%,19%,,,,0%,5%,29,97%,0,0%,0,0%,4,13%,4,13%,26,23%,77%,62%,0%,50%,0%,65%,0%,0.5,-1.9,3,-2.7,-5.1,-0.3,0.1,-2.3,2.4,106,104
1,11058,919,2337,137238,Hammond Academy,Cambrian Way,,,Hemel Hempstead,HP2 5TD,1442404020,E14001278,Hemel Hempstead,0,,,ACC,0,Does not apply,3-11,0,0,367,58,58,27,31,47%,53%,,,,,,,,,,19,33%,39,67%,20,34%,46,79%,41%,2%,,,,,,,,,,,,,66%,16%,0%,103,67%,14%,0%,103,60%,9%,0%,102,62%,9%,26%,0%,69%,0%,33%,48%,,,,32%,46%,-35,40%,50%,0%,3%,,,,5%,0%,-5,5%,2%,,,,,,,,,,,,,,,,,,,,,,,,,,,,,,,,,,,,,,,,,,,,,,,,,,,,,,,,,,,,,,,,,,,,,,,,,,,,,,,,,,,,,101,105,,,,103,103,100,104,101,103,,,,101,103,103,102,101,105,,,,101,104,103,104,,,,53%,72%,,,,58%,72%,,,,47%,67%,,,,53%,67%,,,,16%,15%,,,,16%,13%,,,,5%,10%,,,,11%,8%,37,64%,1,2%,4,7%,10,17%,14,24%,56,39%,61%,41%,0%,18%,0%,56%,0%,-1.6,-3.3,0.1,-3.7,-5.3,-2,-3.7,-5.3,-2.1,104,100
1,6566,919,2344,140708,Crabtree Junior School,Crabtree Lane,,,Harpenden,AL5 5PU,1582623501,E14001268,Harpenden and Berkhamsted,0,,,ACC,0,Does not apply,7-11,0,0,257,66,65,43,22,66%,34%,,,,,,,,,,1,2%,64,98%,7,11%,60,92%,85%,20%,,,,,,,,,,,,,92%,52%,2%,110,94%,65%,2%,111,89%,43%,2%,108,91%,38%,6%,2%,92%,2%,88%,77%,,,,SUPP,SUPP,SUPP,86%,85%,14%,32%,,,,SUPP,SUPP,SUPP,0%,20%,,,,,,,,,,,,,,,,,,,,,,,,,,,,,,,,,,,,,,,,,,,,,,,,,,,,,,,,,,,,,,,,,,,,,,,,,,,,,,,,,,,,,109,112,,,,SUPP,SUPP,106,110,109,106,,,,SUPP,SUPP,112,107,110,113,,,,SUPP,SUPP,111,111,,,,SUPP,SUPP,,,,SUPP,SUPP,,,,SUPP,SUPP,,,,SUPP,SUPP,,,,SUPP,SUPP,,,,SUPP,SUPP,,,,SUPP,SUPP,,,,SUPP,SUPP,58,89%,0,0%,1,2%,8,12%,9,14%,65,3%,97%,75%,12%,SUPP,SUPP,SUPP,SUPP,1.1,-0.6,2.7,-1.2,-2.8,0.4,-0.8,-2.3,0.8,110,107
1,17106,919,2362,117297,Mill Mead Primary School,Mill Mead Primary School Port Vale,,,Hertford,SG14 3AA,1992582776,E14001283,Hertford and Stortford,150620,Mill Mead Primary Academy,20241201,CY,0,Does not apply,3-11,0,0,232,30,29,15,14,52%,48%,,,,,,,,,,5,17%,24,83%,2,7%,25,86%,72%,17%,,,,,,,,,,,,,86%,48%,0%,109,83%,52%,0%,108,76%,31%,0%,106,90%,28%,7%,0%,97%,0%,80%,64%,,,,SUPP,SUPP,SUPP,SUPP,80%,13%,21%,,,,SUPP,SUPP,SUPP,SUPP,20%,,,,,,,,,,,,,,,,,,,,,,,,,,,,,,,,,,,,,,,,,,,,,,,,,,,,,,,,,,,,,,,,,,,,,,,,,,,,,,,,,,,,,108,110,,,,SUPP,SUPP,SUPP,110,109,103,,,,SUPP,SUPP,SUPP,107,109,107,,,,SUPP,SUPP,SUPP,109,,,,SUPP,SUPP,,,,SUPP,SUPP,,,,SUPP,SUPP,,,,SUPP,SUPP,,,,SUPP,SUPP,,,,SUPP,SUPP,,,,SUPP,SUPP,,,,SUPP,SUPP,27,93%,0,0%,2,7%,4,14%,6,21%,30,3%,97%,80%,13%,SUPP,SUPP,SUPP,SUPP,3.5,1.3,5.8,2,-0.1,4.2,0.9,-1.2,3,111,107
1,12312,919,2387,117310,Hillmead Primary School,Woburn Avenue,,,Bishop's Stortford,CM23 4PW,1279656876,E14001283,Hertford and Stortford,0,,,CY,0,Does not apply,3-11,0,0,233,29,30,10,20,33%,67%,,,,,,,,,,3,10%,27,90%,10,33%,25,83%,87%,10%,,,,,,,,,,,,,93%,23%,0%,106,93%,37%,0%,107,90%,30%,0%,106,90%,23%,7%,0%,93%,0%,90%,85%,,,,SUPP,SUPP,SUPP,70%,92%,20%,5%,,,,SUPP,SUPP,SUPP,0%,8%,,,,,,,,,,,,,,,,,,,,,,,,,,,,,,,,,,,,,,,,,,,,,,,,,,,,,,,,,,,,,,,,,,,,,,,,,,,,,,,,,,,,,106,107,,,,SUPP,SUPP,103,107,109,105,,,,SUPP,SUPP,104,106,107,107,,,,SUPP,SUPP,106,109,,,,SUPP,SUPP,,,,SUPP,SUPP,,,,SUPP,SUPP,,,,SUPP,SUPP,,,,SUPP,SUPP,,,,SUPP,SUPP,,,,SUPP,SUPP,,,,SUPP,SUPP,20,67%,0,0%,1,3%,6,20%,7,23%,59,10%,90%,68%,8%,67%,0%,68%,9%,2.1,0.4,3.7,2.4,0.8,4,0,-1.6,1.6,106,103
2,32966,919,7025,117682,Woodfield School,Malmes Croft,Leverstock Green,,Hemel Hempstead,HP3 8RL,1442253476,E14001278,Hemel Hempstead,0,,,CYS,0,Does not apply,3-19,0,0,128,8,8,6,2,75%,25%,,,,,,,,,,4,50%,4,50%,1,13%,7,88%,0%,0%,,,,,,,,,,,,,0%,0%,0%,,0%,0%,0%,,0%,0%,0%,,0%,0%,0%,0%,0%,0%,0%,SUPP,,,,SUPP,SUPP,SUPP,SUPP,0%,0%,SUPP,,,,SUPP,SUPP,SUPP,SUPP,0%,,,,,,,,,,,,,,,,,,,,,,,,,,,,,,,,,,,,,,,,,,,,,,,,,,,,,,,,,,,,,,,,,,,,,,,,,,,,,,,,,,,,,,SUPP,,,,SUPP,SUPP,SUPP,,,SUPP,,,,SUPP,SUPP,SUPP,,,SUPP,,,,SUPP,SUPP,SUPP,,,,,SUPP,SUPP,,,,SUPP,SUPP,,,,SUPP,SUPP,,,,SUPP,SUPP,,,,SUPP,SUPP,,,,SUPP,SUPP,,,,SUPP,SUPP,,,,SUPP,SUPP,7,88%,0,0%,8,100%,0,0%,8,100%,13,54%,46%,0%,0%,0%,0%,0%,0%,-13.1,-16.5,-9.6,-11.6,-14.9,-8.3,-13.3,-16.5,-10
2,11740,919,7032,117685,Heathlands School,Heathlands Drive,,,St Albans,AL3 5AY,1727807807,E14001507,St Albans,0,,,CYS,0,Does not apply,3-18,0,0,145,8,10,4,6,40%,60%,,,,,,,,,,4,40%,6,60%,9,90%,8,80%,20%,0%,,,,,,,,,,,,,20%,20%,0%,99,20%,0%,0%,98,30%,0%,0%,99,20%,0%,30%,0%,60%,0%,SUPP,17%,,,,SUPP,SUPP,SUPP,22%,13%,SUPP,0%,,,,SUPP,SUPP,SUPP,0%,0%,,,,,,,,,,,,,,,,,,,,,,,,,,,,,,,,,,,,,,,,,,,,,,,,,,,,,,,,,,,,,,,,,,,,,,,,,,,,,,,,,,,,,SUPP,97,,,,SUPP,SUPP,99,96,SUPP,100,,,,SUPP,SUPP,99,98,SUPP,97,,,,SUPP,SUPP,98,96,,,,SUPP,SUPP,,,,SUPP,SUPP,,,,SUPP,SUPP,,,,SUPP,SUPP,,,,SUPP,SUPP,,,,SUPP,SUPP,,,,SUPP,SUPP,,,,SUPP,SUPP,1,10%,0,0%,10,100%,0,0%,10,100%,4,SUPP,SUPP,SUPP,SUPP,SUPP,SUPP,,,SUPP,SUPP,SUPP,SUPP,SUPP,SUPP,SUPP,SUPP,SUPP,SUPP,SUPP
2,14522,919,7007,138485,Knightsfield School,Knightsfield,,,Welwyn Garden City,AL8 7LW,1707376874,E14001573,Welwyn Hatfield,0,,,ACCS,0,Does not apply,9-18,0,0,63,4,3,SUPP,SUPP,SUPP,SUPP,,,,,,,,,,SUPP,SUPP,SUPP,SUPP,SUPP,SUPP,SUPP,SUPP,SUPP,SUPP,,,,,,,,,,,,,SUPP,SUPP,SUPP,SUPP,SUPP,SUPP,SUPP,SUPP,SUPP,SUPP,SUPP,SUPP,SUPP,SUPP,SUPP,SUPP,SUPP,SUPP,SUPP,SUPP,,,,SUPP,SUPP,SUPP,,SUPP,SUPP,SUPP,,,,SUPP,SUPP,SUPP,,SUPP,,,,,,,,,,,,,,,,,,,,,,,,,,,,,,,,,,,,,,,,,,,,,,,,,,,,,,,,,,,,,,,,,,,,,,,,,,,,,,,,,,,,,SUPP,SUPP,,,,SUPP,SUPP,,SUPP,SUPP,SUPP,,,,SUPP,SUPP,,SUPP,SUPP,SUPP,,,,SUPP,SUPP,,SUPP,,,,SUPP,SUPP,,,,SUPP,SUPP,,,,SUPP,SUPP,,,,SUPP,SUPP,,,,SUPP,SUPP,,,,SUPP,SUPP,,,,SUPP,SUPP,,,,SUPP,SUPP,SUPP,SUPP,SUPP,SUPP,SUPP,SUPP,SUPP,SUPP,SUPP,SUPP,4,SUPP,SUPP,SUPP,SUPP,SUPP,SUPP,SUPP,SUPP,SUPP,SUPP,SUPP,SUPP,SUPP,SUPP,SUPP,SUPP,SUPP,SUPP,SUPP
1,31998,919,2206,146878,Wheatfields Junior Mixed School,Downes Road,,,St Albans,AL4 9NT,1727757444,E14001507,St Albans,0,,,ACC,0,Does not apply,7-11,0,0,359,90,90,51,39,57%,43%,,,,,,,,,,4,4%,86,96%,9,10%,88,98%,73%,19%,,,,,,,,,,,,,80%,44%,1%,108,80%,49%,1%,108,86%,40%,1%,108,80%,30%,19%,0%,91%,1%,71%,77%,,,,SUPP,SUPP,SUPP,67%,73%,22%,15%,,,,SUPP,SUPP,SUPP,33%,19%,,,,,,,,,,,,,,,,,,,,,,,,,,,,,,,,,,,,,,,,,,,,,,,,,,,,,,,,,,,,,,,,,,,,,,,,,,,,,,,,,,,,,108,108,,,,SUPP,SUPP,111,108,109,107,,,,SUPP,SUPP,109,108,106,110,,,,SUPP,SUPP,112,108,,,,SUPP,SUPP,,,,SUPP,SUPP,,,,SUPP,SUPP,,,,SUPP,SUPP,,,,SUPP,SUPP,,,,SUPP,SUPP,,,,SUPP,SUPP,,,,SUPP,SUPP,81,90%,0,0%,4,4%,17,19%,21,23%,89,8%,92%,73%,19%,43%,14%,76%,20%,1.1,-0.2,2.4,0,-1.3,1.2,-0.2,-1.4,1.1,109,107
1,6680,919,2240,117229,Creswick Primary & Nursery School,Sir John Newsom Way,,,Welwyn Garden City,AL7 4FL,1707323038,E14001573,Welwyn Hatfield,0,,,CY,1,Does not apply,4-11,0,0,404,62,60,28,32,47%,53%,,,,,,,,,,21,35%,39,65%,7,12%,51,85%,41%,3%,,,,,,,,,,,,,62%,23%,2%,103,63%,22%,0%,104,52%,10%,2%,100,59%,5%,20%,2%,68%,2%,50%,32%,,,,10%,58%,-57,0%,40%,0%,6%,,,,0%,5%,-10,0%,4%,,,,,,,,,,,,,,,,,,,,,,,,,,,,,,,,,,,,,,,,,,,,,,,,,,,,,,,,,,,,,,,,,,,,,,,,,,,,,,,,,,,,,104,103,,,,98,106,99,103,103,98,,,,91,104,91,100,104,103,,,,96,107,98,104,,,,33%,77%,,,,24%,85%,,,,10%,74%,,,,29%,76%,,,,10%,31%,,,,0%,33%,,,,0%,15%,,,,0%,8%,53,88%,0,0%,3,5%,13,22%,16,27%,58,24%,76%,47%,5%,21%,0%,55%,7%,0.5,-1.2,2.3,-3.1,-4.8,-1.4,-2.5,-4.1,-0.8,105,102
1,9554,919,2274,117249,Gade Valley Primary School,Gadebridge Road,,,Hemel Hempstead,HP1 3DT,1442391324,E14001278,Hemel Hempstead,0,,,CY,0,Does not apply,3-11,0,0,235,27,29,17,12,59%,41%,,,,,,,,,,4,14%,25,86%,3,10%,26,90%,69%,24%,,,,,,,,,,,,,72%,38%,3%,107,62%,31%,3%,104,83%,38%,3%,106,83%,31%,10%,0%,86%,0%,65%,75%,,,,SUPP,SUPP,SUPP,SUPP,73%,18%,33%,,,,SUPP,SUPP,SUPP,SUPP,23%,,,,,,,,,,,,,,,,,,,,,,,,,,,,,,,,,,,,,,,,,,,,,,,,,,,,,,,,,,,,,,,,,,,,,,,,,,,,,,,,,,,,,105,109,,,,SUPP,SUPP,SUPP,107,105,107,,,,SUPP,SUPP,SUPP,106,101,107,,,,SUPP,SUPP,SUPP,103,,,,SUPP,SUPP,,,,SUPP,SUPP,,,,SUPP,SUPP,,,,SUPP,SUPP,,,,SUPP,SUPP,,,,SUPP,SUPP,,,,SUPP,SUPP,,,,SUPP,SUPP,26,90%,0,0%,2,7%,5,17%,7,24%,28,7%,93%,64%,7%,SUPP,SUPP,SUPP,SUPP,-2.4,-4.7,-0.1,1.9,-0.3,4.2,-1.2,-3.4,1,104,104
1,7514,919,2289,117255,Downfield Primary School,Downfield Road,Cheshunt,,Waltham Cross,EN8 8SS,1992629598,E14001139,Broxbourne,0,,,CY,0,Does not apply,2-11,0,0,466,61,57,26,31,46%,54%,,,,,,,,,,21,37%,36,63%,18,32%,50,88%,58%,0%,,,,,,,,,,,,,75%,26%,0%,105,84%,37%,0%,107,82%,23%,0%,106,60%,0%,28%,0%,65%,0%,50%,65%,,,,43%,67%,-24,67%,62%,0%,0%,,,,0%,0%,-10,0%,0%,,,,,,,,,,,,,,,,,,,,,,,,,,,,,,,,,,,,,,,,,,,,,,,,,,,,,,,,,,,,,,,,,,,,,,,,,,,,,,,,,,,,,103,107,,,,103,107,106,106,106,106,,,,103,107,108,106,105,109,,,,105,109,110,108,,,,67%,81%,,,,71%,92%,,,,76%,86%,,,,43%,69%,,,,5%,39%,,,,19%,47%,,,,5%,33%,,,,0%,0%,39,68%,0,0%,2,4%,12,21%,14,25%,58,31%,69%,40%,0%,22%,0%,48%,0%,-0.2,-1.9,1.5,-3,-4.6,-1.4,1.4,-0.2,3,102,104
1,12556,919,2304,117263,Hollybush Primary School,Fordwich Rise,,,Hertford,SG14 2DF,1992581454,E14001283,Hertford and Stortford,0,,,CY,0,Does not apply,3-11,0,0,217,19,19,9,10,47%,53%,,,,,,,,,,11,58%,8,42%,2,11%,18,95%,26%,0%,,,,,,,,,,,,,63%,11%,5%,100,47%,5%,5%,99,32%,11%,0%,98,53%,0%,21%,11%,68%,11%,22%,30%,,,,18%,38%,-49,SUPP,22%,0%,0%,,,,0%,0%,-10,SUPP,0%,,,,,,,,,,,,,,,,,,,,,,,,,,,,,,,,,,,,,,,,,,,,,,,,,,,,,,,,,,,,,,,,,,,,,,,,,,,,,,,,,,,,,96,104,,,,100,101,SUPP,100,97,99,,,,96,100,SUPP,97,97,102,,,,99,99,SUPP,99,,,,55%,75%,,,,36%,63%,,,,18%,50%,,,,45%,63%,,,,9%,13%,,,,9%,0%,,,,9%,13%,,,,0%,0%,17,89%,0,0%,4,21%,5,26%,9,47%,27,33%,67%,48%,4%,33%,0%,56%,6%,-4.6,-7,-2.2,-4.5,-6.8,-2.2,-5.2,-7.4,-2.9,103,101
1,16330,919,2308,117266,Maple Cross Junior Mixed Infant and Nursery School,Denham Way,Maple Cross,,Rickmansworth,WD3 9SS,1923770909,E14001496,South West Hertfordshire,0,,,CY,0,Does not apply,4-11,0,0,165,24,24,16,8,67%,33%,,,,,,,,,,8,33%,16,67%,3,13%,22,92%,50%,0%,,,,,,,,,,,,,63%,13%,0%,101,58%,8%,0%,100,63%,8%,0%,101,79%,13%,4%,0%,79%,0%,50%,50%,,,,25%,63%,-42,SUPP,50%,0%,0%,,,,0%,0%,-10,SUPP,0%,,,,,,,,,,,,,,,,,,,,,,,,,,,,,,,,,,,,,,,,,,,,,,,,,,,,,,,,,,,,,,,,,,,,,,,,,,,,,,,,,,,,,101,103,,,,99,103,SUPP,102,100,101,,,,97,102,SUPP,101,99,101,,,,98,101,SUPP,100,,,,25%,81%,,,,38%,69%,,,,63%,63%,,,,63%,88%,,,,25%,6%,,,,0%,13%,,,,0%,13%,,,,13%,13%,21,88%,0,0%,1,4%,8,33%,9,38%,14,29%,71%,29%,0%,SUPP,SUPP,SUPP,SUPP,-0.3,-3.7,3.2,-6.7,-10,-3.4,-3.9,-7.1,-0.7,103,98
1,14218,919,2338,117283,Kings Langley Primary School,Common Lane,,,Kings Langley,WD4 8DQ,1923263321,E14001496,South West Hertfordshire,0,,,CY,0,Does not apply,3-11,0,0,450,60,60,33,27,55%,45%,,,,,,,,,,11,18%,49,82%,3,5%,59,98%,63%,5%,,,,,,,,,,,,,78%,35%,0%,106,83%,33%,0%,106,77%,25%,0%,105,72%,8%,18%,0%,87%,0%,64%,63%,,,,36%,69%,-31,SUPP,63%,0%,11%,,,,9%,4%,-1,SUPP,5%,,,,,,,,,,,,,,,,,,,,,,,,,,,,,,,,,,,,,,,,,,,,,,,,,,,,,,,,,,,,,,,,,,,,,,,,,,,,,,,,,,,,,106,106,,,,102,107,SUPP,106,105,105,,,,102,106,SUPP,105,105,107,,,,104,106,SUPP,106,,,,55%,84%,,,,73%,86%,,,,64%,80%,,,,55%,76%,,,,36%,35%,,,,36%,33%,,,,27%,24%,,,,18%,6%,57,95%,0,0%,1,2%,12,20%,13,22%,58,12%,88%,71%,7%,71%,0%,71%,8%,1.5,-0.1,3.1,-0.9,-2.4,0.7,2.3,0.7,3.8,107,107
1,11376,919,2372,145256,Hartsbourne Primary School,Hartsbourne Road,,,Bushey,WD23 1SJ,2080759857,E14001284,Hertsmere,0,,,ACC,0,Does not apply,4-11,0,0,198,30,30,20,10,67%,33%,,,,,,,,,,4,13%,26,87%,6,20%,28,93%,73%,13%,,,,,,,,,,,,,90%,50%,0%,109,93%,50%,0%,109,87%,33%,0%,108,77%,33%,23%,0%,93%,0%,75%,70%,,,,SUPP,SUPP,SUPP,67%,75%,10%,20%,,,,SUPP,SUPP,SUPP,17%,14%,,,,,,,,,,,,,,,,,,,,,,,,,,,,,,,,,,,,,,,,,,,,,,,,,,,,,,,,,,,,,,,,,,,,,,,,,,,,,,,,,,,,,110,107,,,,SUPP,SUPP,107,109,107,109,,,,SUPP,SUPP,108,108,109,110,,,,SUPP,SUPP,108,109,,,,SUPP,SUPP,,,,SUPP,SUPP,,,,SUPP,SUPP,,,,SUPP,SUPP,,,,SUPP,SUPP,,,,SUPP,SUPP,,,,SUPP,SUPP,,,,SUPP,SUPP,24,80%,0,0%,2,7%,2,7%,4,13%,30,3%,97%,73%,7%,SUPP,SUPP,SUPP,SUPP,1.2,-1.1,3.5,0.1,-2.1,2.3,0.4,-1.7,2.6,108,106
1,17786,919,2389,117311,Nascot Wood Junior School,Nascot Wood Road,,,Watford,WD17 4YS,1923238784,E14001568,Watford,0,,,CY,0,Does not apply,7-11,0,0,240,61,59,39,20,66%,34%,,,,,,,,,,10,17%,49,83%,35,59%,53,90%,78%,27%,,,,,,,,,,,,,93%,54%,0%,110,90%,64%,0%,111,81%,47%,0%,109,95%,34%,2%,0%,95%,0%,79%,75%,,,,40%,86%,-27,89%,77%,28%,25%,,,,10%,31%,0,37%,25%,,,,,,,,,,,,,,,,,,,,,,,,,,,,,,,,,,,,,,,,,,,,,,,,,,,,,,,,,,,,,,,,,,,,,,,,,,,,,,,,,,,,,110,110,,,,110,110,111,110,110,106,,,,104,109,111,108,112,110,,,,107,112,114,111,,,,90%,94%,,,,60%,96%,,,,40%,90%,,,,90%,96%,,,,50%,55%,,,,40%,69%,,,,30%,51%,,,,20%,37%,22,37%,2,3%,1,2%,3,5%,4,7%,60,7%,93%,92%,40%,SUPP,SUPP,SUPP,SUPP,0.5,-1.1,2.2,1.4,-0.2,3,1.9,0.4,3.4,111,111
1,22176,919,2391,117313,The Ryde School,Pleasant Rise,,,Hatfield,AL9 5DR,1707267333,E14001573,Welwyn Hatfield,0,,,CY,0,Does not apply,4-11,0,0,225,29,30,12,18,40%,60%,,,,,,,,,,10,33%,20,67%,7,23%,27,90%,57%,7%,,,,,,,,,,,,,77%,27%,7%,107,50%,30%,10%,105,67%,27%,7%,104,60%,10%,33%,3%,70%,3%,42%,67%,,,,20%,75%,-47,57%,59%,0%,11%,,,,0%,10%,-10,0%,7%,,,,,,,,,,,,,,,,,,,,,,,,,,,,,,,,,,,,,,,,,,,,,,,,,,,,,,,,,,,,,,,,,,,,,,,,,,,,,,,,,,,,,103,110,,,,101,110,105,107,101,107,,,,97,108,106,105,103,106,,,,98,108,106,105,,,,60%,85%,,,,20%,65%,,,,40%,80%,,,,20%,80%,,,,0%,40%,,,,0%,45%,,,,0%,40%,,,,0%,15%,22,73%,1,3%,1,3%,6,20%,7,23%,29,14%,86%,66%,14%,SUPP,SUPP,SUPP,SUPP,2.6,0.2,5.1,0.5,-1.8,2.9,2.1,-0.2,4.4,109,106
1,32886,919,2457,117358,Wood End School,Yeomans Avenue,,,Harpenden,AL5 3EF,1582761636,E14001268,Harpenden and Berkhamsted,0,,,CY,0,Does not apply,4-11,0,0,452,60,60,28,32,47%,53%,,,,,,,,,,0,0%,60,100%,3,5%,60,100%,92%,43%,,,,,,,,,,,,,95%,80%,3%,113,95%,73%,3%,112,93%,63%,3%,111,95%,50%,3%,2%,97%,2%,93%,91%,,,,,SUPP,,SUPP,92%,46%,41%,,,,,SUPP,,SUPP,43%,,,,,,,,,,,,,,,,,,,,,,,,,,,,,,,,,,,,,,,,,,,,,,,,,,,,,,,,,,,,,,,,,,,,,,,,,,,,,,,,,,,,,113,112,,,,,SUPP,SUPP,113,113,110,,,,,SUPP,SUPP,111,114,111,,,,,SUPP,SUPP,112,,,,,SUPP,,,,,SUPP,,,,,SUPP,,,,,SUPP,,,,,SUPP,,,,,SUPP,,,,,SUPP,,,,,SUPP,57,95%,0,0%,1,2%,3,5%,4,7%,61,7%,93%,82%,28%,SUPP,SUPP,SUPP,SUPP,3.1,1.5,4.7,2.8,1.3,4.3,2.8,1.3,4.3,111,109
1,30206,919,3008,117388,Tonwell St Mary's Church of England Primary School,Ware Road,Tonwell,,Ware,SG12 0HN,1920462894,E14001393,North East Hertfordshire,0,,,VC,1,Church of England,2-11,0,0,16,1,1,SUPP,SUPP,SUPP,SUPP,,,,,,,,,,SUPP,SUPP,SUPP,SUPP,SUPP,SUPP,SUPP,SUPP,SUPP,SUPP,,,,,,,,,,,,,SUPP,SUPP,SUPP,SUPP,SUPP,SUPP,SUPP,SUPP,SUPP,SUPP,SUPP,SUPP,SUPP,SUPP,SUPP,SUPP,SUPP,SUPP,SUPP,,,,,,SUPP,,,SUPP,SUPP,,,,,,SUPP,,,SUPP,,,,,,,,,,,,,,,,,,,,,,,,,,,,,,,,,,,,,,,,,,,,,,,,,,,,,,,,,,,,,,,,,,,,,,,,,,,,,,,,,,,,,SUPP,,,,,,SUPP,,SUPP,SUPP,,,,,,SUPP,,SUPP,SUPP,,,,,,SUPP,,SUPP,,,,,SUPP,,,,,SUPP,,,,,SUPP,,,,,SUPP,,,,,SUPP,,,,,SUPP,,,,,SUPP,,,,,SUPP,SUPP,SUPP,SUPP,SUPP,SUPP,SUPP,SUPP,SUPP,SUPP,SUPP,3,SUPP,SUPP,SUPP,SUPP,SUPP,SUPP,SUPP,SUPP,SUPP,SUPP,SUPP,SUPP,SUPP,SUPP,SUPP,SUPP,SUPP,SUPP,SUPP
1,11970,919,3025,117397,Hertford St Andrew CofE Primary School,Calton Avenue,,,Hertford,SG14 2EP,1992583105,E14001283,Hertford and Stortford,0,,,VC,0,Church of England,3-11,0,0,138,17,18,8,10,44%,56%,,,,,,,,,,9,50%,9,50%,7,39%,16,89%,33%,0%,,,,,,,,,,,,,61%,17%,0%,103,67%,11%,0%,102,50%,6%,0%,99,33%,0%,50%,0%,50%,0%,38%,30%,,,,22%,44%,-45,43%,31%,0%,0%,,,,0%,0%,-10,0%,0%,,,,,,,,,,,,,,,,,,,,,,,,,,,,,,,,,,,,,,,,,,,,,,,,,,,,,,,,,,,,,,,,,,,,,,,,,,,,,,,,,,,,,101,105,,,,103,103,106,103,99,98,,,,95,102,103,99,99,104,,,,101,102,106,102,,,,44%,78%,,,,56%,78%,,,,33%,67%,,,,22%,44%,,,,22%,11%,,,,11%,11%,,,,0%,11%,,,,0%,0%,11,61%,0,0%,2,11%,3,17%,5,28%,22,59%,41%,41%,0%,46%,0%,33%,0%,2.6,-0.1,5.3,0.9,-1.6,3.5,1.2,-1.4,3.7,101,99
1,22508,919,3040,117407,St Andrew's Church of England Voluntary Controlled Primary School,Mill Race,Stanstead Abbotts,,Ware,SG12 8BZ,1920870097,E14001139,Broxbourne,0,,,VC,0,Church of England,3-11,0,0,211,30,29,16,13,55%,45%,,,,,,,,,,7,24%,22,76%,3,10%,28,97%,66%,7%,,,,,,,,,,,,,76%,31%,0%,107,79%,28%,0%,106,79%,28%,0%,106,72%,7%,21%,0%,83%,0%,63%,69%,,,,43%,73%,-24,SUPP,64%,6%,8%,,,,0%,9%,-10,SUPP,7%,,,,,,,,,,,,,,,,,,,,,,,,,,,,,,,,,,,,,,,,,,,,,,,,,,,,,,,,,,,,,,,,,,,,,,,,,,,,,,,,,,,,,107,106,,,,102,108,SUPP,106,106,105,,,,105,106,SUPP,105,106,105,,,,104,106,SUPP,106,,,,43%,86%,,,,57%,86%,,,,71%,82%,,,,57%,77%,,,,14%,36%,,,,14%,32%,,,,29%,27%,,,,0%,9%,26,90%,0,0%,3,10%,4,14%,7,24%,27,11%,89%,52%,11%,SUPP,SUPP,SUPP,SUPP,-2.2,-4.6,0.2,-0.4,-2.7,1.9,-3,-5.2,-0.7,103,102
1,25750,919,3042,117409,St Mary's Voluntary Controlled Church of England Junior School,Heath Drive,,,Ware,SG12 0RL,1920463641,E14001283,Hertford and Stortford,0,,,VC,0,Church of England,7-11,0,0,234,56,57,28,29,49%,51%,,,,,,,,,,3,5%,54,95%,1,2%,55,96%,60%,5%,,,,,,,,,,,,,74%,28%,2%,104,79%,28%,0%,105,79%,18%,2%,104,70%,9%,23%,0%,68%,0%,54%,66%,,,,SUPP,SUPP,SUPP,SUPP,62%,7%,3%,,,,SUPP,SUPP,SUPP,SUPP,5%,,,,,,,,,,,,,,,,,,,,,,,,,,,,,,,,,,,,,,,,,,,,,,,,,,,,,,,,,,,,,,,,,,,,,,,,,,,,,,,,,,,,,104,104,,,,SUPP,SUPP,SUPP,104,106,102,,,,SUPP,SUPP,SUPP,104,105,106,,,,SUPP,SUPP,SUPP,106,,,,SUPP,SUPP,,,,SUPP,SUPP,,,,SUPP,SUPP,,,,SUPP,SUPP,,,,SUPP,SUPP,,,,SUPP,SUPP,,,,SUPP,SUPP,,,,SUPP,SUPP,56,98%,0,0%,0,0%,9,16%,9,16%,59,17%,83%,66%,2%,80%,0%,63%,2%,-2.2,-3.8,-0.6,-1.8,-3.4,-0.3,-2.9,-4.4,-1.4,105,104
1,18828,919,2152,151385,Oakleaf Primary,School Row,Chaulden,,Hemel Hempstead,HP1 2JU,,E14001278,Hemel Hempstead,0,,,AC,0,None,3-11,0,0,NEW
1,3190,919,2041,117107,Boxmoor Primary School,Cowper Road,Boxmoor,,Hemel Hempstead,HP1 1PF,1442402244,E14001278,Hemel Hempstead,0,,,CY,0,Does not apply,3-11,0,0,237,29,30,14,16,47%,53%,,,,,,,,,,3,10%,27,90%,0,0%,29,97%,57%,10%,,,,,,,,,,,,,73%,37%,0%,107,67%,23%,0%,106,70%,20%,0%,106,67%,20%,20%,0%,80%,0%,57%,56%,,,,SUPP,SUPP,SUPP,,59%,14%,6%,,,,SUPP,SUPP,SUPP,,10%,,,,,,,,,,,,,,,,,,,,,,,,,,,,,,,,,,,,,,,,,,,,,,,,,,,,,,,,,,,,,,,,,,,,,,,,,,,,,,,,,,,,,106,108,,,,SUPP,SUPP,,107,105,106,,,,SUPP,SUPP,,106,106,106,,,,SUPP,SUPP,,106,,,,SUPP,SUPP,,,,SUPP,SUPP,,,,SUPP,SUPP,,,,SUPP,SUPP,,,,SUPP,SUPP,,,,SUPP,SUPP,,,,SUPP,SUPP,,,,SUPP,SUPP,30,100%,0,0%,7,23%,7,23%,14,47%,29,14%,86%,62%,0%,SUPP,SUPP,SUPP,SUPP,1.7,-0.7,4.1,-3.2,-5.5,-0.9,0.7,-1.6,3,108,106
1,1022,919,2043,140956,Ascot Road Primary School,Ascot Road,,,Watford,WD18 8AD,1923801559,E14001568,Watford,0,,,F,0,None,4-11,0,0,385,58,59,32,27,54%,46%,,,,,,,,,,12,20%,47,80%,39,66%,49,83%,41%,5%,,,,,,,,,,,,,64%,10%,0%,100,63%,20%,0%,102,47%,14%,0%,99,73%,22%,27%,0%,86%,0%,53%,26%,,,,8%,49%,-59,54%,39%,3%,7%,,,,0%,6%,-10,8%,4%,,,,,,,,,,,,,,,,,,,,,,,,,,,,,,,,,,,,,,,,,,,,,,,,,,,,,,,,,,,,,,,,,,,,,,,,,,,,,,,,,,,,,101,100,,,,95,102,100,101,101,98,,,,93,101,101,98,104,100,,,,94,104,102,102,,,,42%,70%,,,,33%,70%,,,,17%,55%,,,,25%,85%,,,,0%,13%,,,,0%,26%,,,,0%,17%,,,,0%,28%,20,34%,0,0%,0,0%,8,14%,8,14%,59,17%,83%,42%,8%,30%,0%,45%,10%,-2.7,-4.5,-1,-4.9,-6.6,-3.3,-3.3,-4.9,-1.7,102,101
1,102,919,2050,117111,Abel Smith School,Churchfields,Greencoates,,Hertford,SG13 8AE,1992583244,E14001283,Hertford and Stortford,0,,,CY,0,Does not apply,3-11,0,0,230,29,30,14,16,47%,53%,,,,,,,,,,5,17%,25,83%,4,13%,28,93%,73%,13%,,,,,,,,,,,,,90%,30%,0%,108,93%,57%,0%,110,93%,30%,0%,106,80%,27%,20%,0%,97%,0%,71%,75%,,,,SUPP,SUPP,SUPP,SUPP,71%,21%,6%,,,,SUPP,SUPP,SUPP,SUPP,11%,,,,,,,,,,,,,,,,,,,,,,,,,,,,,,,,,,,,,,,,,,,,,,,,,,,,,,,,,,,,,,,,,,,,,,,,,,,,,,,,,,,,,110,106,,,,SUPP,SUPP,SUPP,107,110,104,,,,SUPP,SUPP,SUPP,106,112,109,,,,SUPP,SUPP,SUPP,110,,,,SUPP,SUPP,,,,SUPP,SUPP,,,,SUPP,SUPP,,,,SUPP,SUPP,,,,SUPP,SUPP,,,,SUPP,SUPP,,,,SUPP,SUPP,,,,SUPP,SUPP,26,87%,0,0%,0,0%,7,23%,7,23%,30,17%,83%,73%,13%,SUPP,SUPP,SUPP,SUPP,0.6,-1.8,2.9,0.6,-1.6,2.8,2.5,0.3,4.7,107,108
1,20438,919,2077,117128,Pirton School,High Street,Pirton,,Hitchin,SG5 3PS,1462712370,E14001289,Hitchin,0,,,CY,0,Does not apply,4-11,0,0,150,12,12,8,4,67%,33%,,,,,,,,,,0,0%,12,100%,0,0%,12,100%,50%,0%,,,,,,,,,,,,,92%,25%,0%,107,75%,50%,0%,107,67%,25%,0%,105,83%,33%,17%,0%,100%,0%,50%,SUPP,,,,,SUPP,,,50%,0%,SUPP,,,,,SUPP,,,0%,,,,,,,,,,,,,,,,,,,,,,,,,,,,,,,,,,,,,,,,,,,,,,,,,,,,,,,,,,,,,,,,,,,,,,,,,,,,,,,,,,,,,107,SUPP,,,,,SUPP,,107,106,SUPP,,,,,SUPP,,105,106,SUPP,,,,,SUPP,,107,,,,,SUPP,,,,,SUPP,,,,,SUPP,,,,,SUPP,,,,,SUPP,,,,,SUPP,,,,,SUPP,,,,,SUPP,12,100%,0,0%,0,0%,2,17%,2,17%,22,14%,86%,50%,5%,SUPP,SUPP,SUPP,SUPP,1,-1.6,3.7,2.3,-0.2,4.9,-0.5,-3,2,105,102
1,2058,919,2086,145487,Beech Hyde Primary School and Nursery,Nurseries Road,Wheathampstead,,St. Albans,AL4 8TP,1582832661,E14001268,Harpenden and Berkhamsted,0,,,AC,0,Does not apply,3-11,0,0,176,30,28,15,13,54%,46%,,,,,,,,,,13,46%,15,54%,2,7%,25,89%,46%,0%,,,,,,,,,,,,,79%,32%,0%,106,64%,25%,0%,103,61%,18%,0%,103,61%,4%,29%,0%,75%,7%,40%,54%,,,,15%,73%,-52,SUPP,40%,0%,0%,,,,0%,0%,-10,SUPP,0%,,,,,,,,,,,,,,,,,,,,,,,,,,,,,,,,,,,,,,,,,,,,,,,,,,,,,,,,,,,,,,,,,,,,,,,,,,,,,,,,,,,,,104,107,,,,103,108,SUPP,105,103,103,,,,99,107,SUPP,102,102,105,,,,100,106,SUPP,102,,,,77%,80%,,,,54%,73%,,,,31%,87%,,,,46%,73%,,,,8%,53%,,,,15%,33%,,,,0%,33%,,,,0%,7%,26,93%,0,0%,4,14%,4,14%,8,29%,25,28%,72%,68%,8%,29%,0%,83%,11%,4.4,1.6,7.1,1.7,-0.9,4.4,0.2,-2.4,2.8,109,106
1,4952,919,2116,117156,Central Primary School,Derby Road,,,Watford,WD17 2LX,1923225129,E14001568,Watford,0,,,CY,0,Does not apply,3-11,0,0,415,60,56,27,29,48%,52%,,,,,,,,,,14,25%,42,75%,37,66%,48,86%,46%,7%,,,,,,,,,,,,,63%,25%,0%,104,68%,34%,0%,107,66%,25%,0%,104,64%,9%,23%,0%,80%,0%,41%,52%,,,,36%,50%,-31,57%,44%,4%,10%,,,,0%,10%,-10,11%,8%,,,,,,,,,,,,,,,,,,,,,,,,,,,,,,,,,,,,,,,,,,,,,,,,,,,,,,,,,,,,,,,,,,,,,,,,,,,,,,,,,,,,,102,106,,,,103,104,105,103,106,103,,,,103,105,106,104,106,107,,,,106,107,108,106,,,,64%,62%,,,,64%,69%,,,,57%,69%,,,,64%,64%,,,,29%,24%,,,,36%,33%,,,,14%,29%,,,,0%,12%,18,32%,1,2%,7,13%,12,21%,19,34%,52,25%,75%,51%,2%,38%,0%,55%,3%,-1.7,-3.5,0,-2.8,-4.6,-1.1,-0.6,-2.3,1,103,102
1,31196,919,2118,149333,Watchlytes Primary School,Watchlytes,,,Welwyn Garden City,AL7 2AZ,1707886222,E14001573,Welwyn Hatfield,0,,,AC,0,Does not apply,3-11,0,0,183,25,24,11,13,46%,54%,,,,,,,,,,6,25%,18,75%,2,8%,23,96%,67%,21%,,,,,,,,,,,,,75%,50%,0%,107,75%,33%,0%,105,79%,33%,0%,106,83%,21%,13%,0%,88%,0%,64%,69%,,,,67%,67%,0,SUPP,65%,27%,15%,,,,0%,28%,-10,SUPP,22%,,,,,,,,,,,,,,,,,,,,,,,,,,,,,,,,,,,,,,,,,,,,,,,,,,,,,,,,,,,,,,,,,,,,,,,,,,,,,,,,,,,,,107,107,,,,102,109,SUPP,108,106,106,,,,100,108,SUPP,106,106,105,,,,99,107,SUPP,105,,,,67%,78%,,,,67%,78%,,,,67%,83%,,,,83%,83%,,,,33%,56%,,,,0%,44%,,,,0%,44%,,,,0%,28%,22,92%,0,0%,2,8%,4,17%,6,25%
1,5156,919,2120,117158,Chater Junior School,Addiscombe Road,,,Watford,WD18 0WN,1923446686,E14001568,Watford,0,,,CY,0,Does not apply,7-11,0,0,235,59,60,22,38,37%,63%,,,,,,,,,,6,10%,54,90%,58,97%,56,93%,53%,10%,,,,,,,,,,,,,85%,28%,0%,106,75%,23%,0%,105,68%,22%,0%,103,72%,12%,28%,0%,67%,0%,41%,61%,,,,50%,54%,-17,53%,52%,0%,16%,,,,17%,9%,7,10%,9%,,,,,,,,,,,,,,,,,,,,,,,,,,,,,,,,,,,,,,,,,,,,,,,,,,,,,,,,,,,,,,,,,,,,,,,,,,,,,,,,,,,,,103,108,,,,108,106,106,106,104,103,,,,104,103,104,103,103,106,,,,111,104,105,105,,,,100%,83%,,,,100%,72%,,,,67%,69%,,,,83%,70%,,,,17%,30%,,,,33%,22%,,,,33%,20%,,,,17%,11%,1,2%,1,2%,0,0%,2,3%,2,3%,60,17%,83%,52%,22%,50%,10%,52%,24%,-2.6,-4.2,-0.9,0.6,-1,2.2,-1.6,-3.2,0,103,103
1,12638,919,2143,117175,Holwell Primary School,Holwell Road,,,Welwyn Garden City,AL7 3RP,1707323716,E14001573,Welwyn Hatfield,0,,,CY,0,Does not apply,5-11,0,0,408,58,58,30,28,52%,48%,,,,,,,,,,23,40%,35,60%,8,14%,56,97%,83%,3%,,,,,,,,,,,,,91%,40%,0%,108,88%,47%,0%,108,91%,19%,0%,106,83%,10%,5%,0%,83%,0%,80%,86%,,,,74%,89%,7,100%,82%,7%,0%,,,,0%,6%,-10,13%,4%,,,,,,,,,,,,,,,,,,,,,,,,,,,,,,,,,,,,,,,,,,,,,,,,,,,,,,,,,,,,,,,,,,,,,,,,,,,,,,,,,,,,,108,107,,,,107,108,108,108,108,105,,,,106,107,110,106,109,107,,,,107,109,111,108,,,,91%,91%,,,,83%,91%,,,,87%,94%,,,,74%,89%,,,,30%,46%,,,,39%,51%,,,,17%,20%,,,,0%,17%,50,86%,0,0%,2,3%,7,12%,9,16%,57,35%,65%,75%,11%,70%,0%,78%,16%,5.9,4.2,7.6,3.4,1.8,5.1,6.4,4.8,7.9,107,107
1,32314,919,2145,117176,Widford School,Ware Road,Widford,Widford School,Widford Herts,SG12 8RE,1279842681,E14001283,Hertford and Stortford,0,,,CY,0,Does not apply,4-11,0,0,46,3,3,SUPP,SUPP,SUPP,SUPP,,,,,,,,,,SUPP,SUPP,SUPP,SUPP,SUPP,SUPP,SUPP,SUPP,SUPP,SUPP,,,,,,,,,,,,,SUPP,SUPP,SUPP,SUPP,SUPP,SUPP,SUPP,SUPP,SUPP,SUPP,SUPP,SUPP,SUPP,SUPP,SUPP,SUPP,SUPP,SUPP,SUPP,SUPP,,,,,SUPP,,SUPP,SUPP,SUPP,SUPP,,,,,SUPP,,SUPP,SUPP,,,,,,,,,,,,,,,,,,,,,,,,,,,,,,,,,,,,,,,,,,,,,,,,,,,,,,,,,,,,,,,,,,,,,,,,,,,,,,,,,,,,,SUPP,SUPP,,,,,SUPP,SUPP,SUPP,SUPP,SUPP,,,,,SUPP,SUPP,SUPP,SUPP,SUPP,,,,,SUPP,SUPP,SUPP,,,,,SUPP,,,,,SUPP,,,,,SUPP,,,,,SUPP,,,,,SUPP,,,,,SUPP,,,,,SUPP,,,,,SUPP,SUPP,SUPP,SUPP,SUPP,SUPP,SUPP,SUPP,SUPP,SUPP,SUPP,6,50%,50%,33%,17%,SUPP,SUPP,SUPP,SUPP,SUPP,SUPP,SUPP,SUPP,SUPP,SUPP,SUPP,SUPP,SUPP,105,98
1,10570,919,2177,117193,Greenfields Primary School,Ellesborough Close,,,Watford,WD19 6QH,2084281166,E14001496,South West Hertfordshire,0,,,CY,0,Does not apply,3-11,0,0,202,29,29,15,14,52%,48%,,,,,,,,,,10,34%,19,66%,6,21%,28,97%,76%,0%,,,,,,,,,,,,,83%,24%,0%,105,72%,28%,0%,105,97%,41%,0%,108,76%,3%,21%,0%,86%,0%,60%,93%,,,,60%,84%,-7,83%,75%,0%,0%,,,,0%,0%,-10,0%,0%,,,,,,,,,,,,,,,,,,,,,,,,,,,,,,,,,,,,,,,,,,,,,,,,,,,,,,,,,,,,,,,,,,,,,,,,,,,,,,,,,,,,,104,107,,,,104,106,105,105,108,107,,,,108,107,111,107,103,107,,,,105,105,109,104,,,,60%,95%,,,,80%,68%,,,,90%,100%,,,,60%,84%,,,,40%,16%,,,,30%,26%,,,,50%,37%,,,,0%,5%,23,79%,0,0%,3,10%,4,14%,7,24%,25,36%,64%,40%,8%,44%,0%,38%,13%,5.4,2.8,7.9,-0.2,-2.7,2.3,6.3,3.9,8.7,106,106
1,16984,919,2243,117231,Micklem Primary School,Boxted Road,,,Hemel Hempstead,HP1 2QH,1442408964,E14001278,Hemel Hempstead,0,,,CY,0,Does not apply,3-11,0,0,208,30,30,15,15,50%,50%,,,,,,,,,,10,33%,20,67%,9,30%,25,83%,40%,0%,,,,,,,,,,,,,67%,7%,0%,103,50%,10%,0%,100,57%,10%,0%,100,43%,3%,37%,0%,83%,0%,20%,60%,,,,20%,50%,-47,44%,44%,0%,0%,,,,0%,0%,-10,0%,0%,,,,,,,,,,,,,,,,,,,,,,,,,,,,,,,,,,,,,,,,,,,,,,,,,,,,,,,,,,,,,,,,,,,,,,,,,,,,,,,,,,,,,102,103,,,,101,104,101,104,99,101,,,,98,101,102,100,99,101,,,,97,102,102,101,,,,50%,75%,,,,20%,65%,,,,40%,65%,,,,20%,55%,,,,0%,10%,,,,10%,10%,,,,0%,15%,,,,0%,5%,20,67%,1,3%,1,3%,6,20%,7,23%,29,34%,66%,31%,7%,0%,0%,47%,11%,-2.7,-5,-0.3,-7.1,-9.3,-4.8,-2.9,-5.1,-0.7,105,103
1,10266,919,3018,117395,Graveley Primary School,Ashwell Common,Graveley,,Hitchin,SG4 7LJ,1438351377,E14001289,Hitchin,0,,,VC,0,Church of England,4-11,0,0,96,13,8,3,5,38%,63%,,,,,,,,,,4,50%,4,50%,0,0%,8,100%,75%,0%,,,,,,,,,,,,,88%,25%,0%,104,75%,13%,0%,102,75%,0%,0%,102,75%,13%,13%,0%,75%,0%,SUPP,SUPP,,,,SUPP,SUPP,SUPP,,75%,SUPP,SUPP,,,,SUPP,SUPP,SUPP,,0%,,,,,,,,,,,,,,,,,,,,,,,,,,,,,,,,,,,,,,,,,,,,,,,,,,,,,,,,,,,,,,,,,,,,,,,,,,,,,,,,,,,,,SUPP,SUPP,,,,SUPP,SUPP,,104,SUPP,SUPP,,,,SUPP,SUPP,,102,SUPP,SUPP,,,,SUPP,SUPP,,102,,,,SUPP,SUPP,,,,SUPP,SUPP,,,,SUPP,SUPP,,,,SUPP,SUPP,,,,SUPP,SUPP,,,,SUPP,SUPP,,,,SUPP,SUPP,,,,SUPP,SUPP,8,100%,0,0%,1,13%,3,38%,4,50%,14,36%,64%,21%,14%,SUPP,SUPP,SUPP,SUPP,-2.5,-5.8,0.8,-2.3,-5.4,0.9,-3.1,-6.2,0,104,102
1,15530,919,3032,117402,Little Munden Church of England Voluntary Controlled Primary School,Little Munden Primary School,Church Lane,Dane End,Ware,SG12 0NR,1920438271,E14001393,North East Hertfordshire,0,,,VC,0,Church of England,3-11,0,0,75,11,11,6,5,55%,45%,,,,,,,,,,4,36%,7,64%,0,0%,11,100%,82%,0%,,,,,,,,,,,,,82%,27%,9%,109,82%,45%,9%,108,91%,36%,9%,109,91%,55%,9%,0%,91%,0%,83%,SUPP,,,,SUPP,SUPP,SUPP,,82%,0%,SUPP,,,,SUPP,SUPP,SUPP,,0%,,,,,,,,,,,,,,,,,,,,,,,,,,,,,,,,,,,,,,,,,,,,,,,,,,,,,,,,,,,,,,,,,,,,,,,,,,,,,,,,,,,,,109,SUPP,,,,SUPP,SUPP,,109,113,SUPP,,,,SUPP,SUPP,,109,111,SUPP,,,,SUPP,SUPP,,108,,,,SUPP,SUPP,,,,SUPP,SUPP,,,,SUPP,SUPP,,,,SUPP,SUPP,,,,SUPP,SUPP,,,,SUPP,SUPP,,,,SUPP,SUPP,,,,SUPP,SUPP,11,100%,0,0%,1,9%,1,9%,2,18%,7,29%,71%,57%,14%,SUPP,SUPP,SUPP,SUPP,5.7,1.1,10.4,-0.6,-5.1,3.9,1.8,-2.6,6.2,111,106
1,20612,919,3049,117414,Potten End CofE Primary School,Church Road,Potten End,,Berkhamsted,HP4 2QY,1442865022,E14001268,Harpenden and Berkhamsted,0,,,VC,0,Church of England,3-11,0,0,205,31,30,17,13,57%,43%,,,,,,,,,,6,20%,24,80%,1,3%,28,93%,60%,10%,,,,,,,,,,,,,70%,30%,0%,104,67%,17%,0%,102,70%,13%,0%,102,63%,10%,30%,0%,73%,0%,65%,54%,,,,17%,71%,-50,SUPP,61%,12%,8%,,,,0%,13%,-10,SUPP,7%,,,,,,,,,,,,,,,,,,,,,,,,,,,,,,,,,,,,,,,,,,,,,,,,,,,,,,,,,,,,,,,,,,,,,,,,,,,,,,,,,,,,,104,104,,,,97,106,SUPP,104,104,99,,,,92,105,SUPP,102,104,99,,,,94,104,SUPP,102,,,,33%,79%,,,,17%,79%,,,,17%,83%,,,,33%,71%,,,,0%,38%,,,,0%,21%,,,,0%,17%,,,,0%,13%,29,97%,0,0%,0,0%,10,33%,10,33%,29,24%,76%,66%,7%,43%,0%,73%,9%,1.8,-0.5,4.1,-0.7,-3,1.5,0.6,-1.6,2.8,106,104
1,24534,919,3318,148491,St Joseph's Catholic Primary School B/S,Great Hadham Road,,,Bishop's Stortford,CM23 2NL,1279652576,E14001283,Hertford and Stortford,0,,,ACC,0,Roman Catholic,3-11,0,0,434,54,57,29,28,51%,49%,,,,,,,,,,2,4%,55,96%,7,12%,53,93%,72%,18%,,,,,,,,,,,,,86%,40%,2%,109,82%,54%,2%,109,82%,47%,2%,108,79%,19%,14%,0%,93%,0%,55%,89%,,,,SUPP,SUPP,SUPP,86%,77%,10%,25%,,,,SUPP,SUPP,SUPP,29%,19%,,,,,,,,,,,,,,,,,,,,,,,,,,,,,,,,,,,,,,,,,,,,,,,,,,,,,,,,,,,,,,,,,,,,,,,,,,,,,,,,,,,,,106,111,,,,SUPP,SUPP,112,109,106,109,,,,SUPP,SUPP,109,108,106,113,,,,SUPP,SUPP,113,110,,,,SUPP,SUPP,,,,SUPP,SUPP,,,,SUPP,SUPP,,,,SUPP,SUPP,,,,SUPP,SUPP,,,,SUPP,SUPP,,,,SUPP,SUPP,,,,SUPP,SUPP,50,88%,0,0%,1,2%,8,14%,9,16%,50,2%,98%,82%,24%,SUPP,SUPP,SUPP,SUPP,2.2,0.4,4,2.2,0.4,3.9,5.1,3.4,6.7,109,110
1,10356,919,3335,117433,Great Gaddesden Church of England Primary School,Church Meadow,Great Gaddesden,Great Gaddesden Primary School,Hemel Hempstead,HP1 3BT,1442255734,E14001268,Harpenden and Berkhamsted,0,,,VA,0,Church of England,3-11,0,0,77,9,9,8,1,89%,11%,,,,,,,,,,2,22%,7,78%,1,11%,9,100%,56%,0%,,,,,,,,,,,,,78%,56%,0%,107,89%,22%,0%,106,78%,33%,0%,105,56%,0%,22%,0%,78%,0%,50%,SUPP,,,,SUPP,SUPP,SUPP,SUPP,56%,0%,SUPP,,,,SUPP,SUPP,SUPP,SUPP,0%,,,,,,,,,,,,,,,,,,,,,,,,,,,,,,,,,,,,,,,,,,,,,,,,,,,,,,,,,,,,,,,,,,,,,,,,,,,,,,,,,,,,,106,SUPP,,,,SUPP,SUPP,SUPP,107,105,SUPP,,,,SUPP,SUPP,SUPP,105,105,SUPP,,,,SUPP,SUPP,SUPP,106,,,,SUPP,SUPP,,,,SUPP,SUPP,,,,SUPP,SUPP,,,,SUPP,SUPP,,,,SUPP,SUPP,,,,SUPP,SUPP,,,,SUPP,SUPP,,,,SUPP,SUPP,8,89%,0,0%,0,0%,1,11%,1,11%,12,8%,92%,92%,17%,SUPP,SUPP,SUPP,SUPP,6,2.3,9.7,0.6,-3,4.2,3.5,0,7,113,110
1,26354,919,3349,117441,"St Paul's Church of England Voluntary Aided Primary School, Chipperfield",The Common,Chipperfield,,Kings Langley,WD4 9BS,1923262340,E14001278,Hemel Hempstead,0,,,VA,0,Church of England,3-11,0,0,200,26,25,13,12,52%,48%,,,,,,,,,,3,12%,22,88%,1,4%,21,84%,64%,8%,,,,,,,,,,,,,84%,32%,0%,109,84%,32%,0%,107,76%,20%,0%,106,76%,28%,12%,0%,88%,0%,62%,67%,,,,SUPP,SUPP,SUPP,SUPP,71%,8%,8%,,,,SUPP,SUPP,SUPP,SUPP,10%,,,,,,,,,,,,,,,,,,,,,,,,,,,,,,,,,,,,,,,,,,,,,,,,,,,,,,,,,,,,,,,,,,,,,,,,,,,,,,,,,,,,,108,110,,,,SUPP,SUPP,SUPP,109,107,104,,,,SUPP,SUPP,SUPP,107,107,108,,,,SUPP,SUPP,SUPP,108,,,,SUPP,SUPP,,,,SUPP,SUPP,,,,SUPP,SUPP,,,,SUPP,SUPP,,,,SUPP,SUPP,,,,SUPP,SUPP,,,,SUPP,SUPP,,,,SUPP,SUPP,24,96%,0,0%,2,8%,1,4%,3,12%,22,5%,95%,45%,5%,SUPP,SUPP,SUPP,SUPP,1.5,-1.3,4.3,-1.7,-4.3,1,-0.8,-3.4,1.8,108,105
1,18636,919,3350,117442,Norton St Nicholas CofE (VA) Primary School,Norton Road,,,Letchworth Garden City,SG6 1AG,1462623322,E14001393,North East Hertfordshire,0,,,VA,0,Church of England,3-11,0,0,237,29,28,12,16,43%,57%,,,,,,,,,,5,18%,23,82%,2,7%,27,96%,79%,11%,,,,,,,,,,,,,82%,29%,0%,106,82%,18%,0%,106,96%,18%,0%,106,82%,21%,14%,0%,89%,0%,58%,94%,,,,SUPP,SUPP,SUPP,SUPP,81%,8%,13%,,,,SUPP,SUPP,SUPP,SUPP,11%,,,,,,,,,,,,,,,,,,,,,,,,,,,,,,,,,,,,,,,,,,,,,,,,,,,,,,,,,,,,,,,,,,,,,,,,,,,,,,,,,,,,,106,107,,,,SUPP,SUPP,SUPP,107,106,106,,,,SUPP,SUPP,SUPP,106,104,107,,,,SUPP,SUPP,SUPP,106,,,,SUPP,SUPP,,,,SUPP,SUPP,,,,SUPP,SUPP,,,,SUPP,SUPP,,,,SUPP,SUPP,,,,SUPP,SUPP,,,,SUPP,SUPP,,,,SUPP,SUPP,26,93%,0,0%,0,0%,4,14%,4,14%,28,21%,79%,64%,11%,33%,0%,73%,14%,3.3,0.9,5.7,0.6,-1.7,2.8,2.9,0.7,5.1,107,106
1,27054,919,3367,148495,St Thomas of Canterbury Catholic Primary School,High Street,Puckeridge,,Ware,SG11 1RZ,1920821450,E14001393,North East Hertfordshire,0,,,ACC,0,Roman Catholic,3-11,0,0,115,13,12,5,7,42%,58%,,,,,,,,,,4,33%,8,67%,3,25%,11,92%,58%,0%,,,,,,,,,,,,,75%,0%,8%,105,75%,50%,8%,109,58%,8%,8%,103,83%,25%,8%,0%,83%,0%,SUPP,57%,,,,SUPP,SUPP,SUPP,SUPP,64%,SUPP,0%,,,,SUPP,SUPP,SUPP,SUPP,0%,,,,,,,,,,,,,,,,,,,,,,,,,,,,,,,,,,,,,,,,,,,,,,,,,,,,,,,,,,,,,,,,,,,,,,,,,,,,,,,,,,,,,SUPP,107,,,,SUPP,SUPP,SUPP,105,SUPP,101,,,,SUPP,SUPP,SUPP,103,SUPP,110,,,,SUPP,SUPP,SUPP,109,,,,SUPP,SUPP,,,,SUPP,SUPP,,,,SUPP,SUPP,,,,SUPP,SUPP,,,,SUPP,SUPP,,,,SUPP,SUPP,,,,SUPP,SUPP,,,,SUPP,SUPP,9,75%,0,0%,0,0%,2,17%,2,17%,17,6%,94%,59%,18%,SUPP,SUPP,SUPP,SUPP,0.4,-2.6,3.4,-0.8,-3.6,2.1,0.2,-2.6,3,106,105
1,28962,919,3368,117455,Stapleford Primary School,Church Lane,Stapleford,,Hertford,SG14 3NB,1992583341,E14001393,North East Hertfordshire,0,,,VA,0,Church of England,3-11,0,0,72,11,11,5,6,45%,55%,,,,,,,,,,1,9%,10,91%,0,0%,11,100%,73%,9%,,,,,,,,,,,,,82%,55%,0%,109,91%,45%,0%,108,82%,27%,0%,105,73%,18%,18%,0%,91%,0%,SUPP,67%,,,,SUPP,SUPP,SUPP,,73%,SUPP,0%,,,,SUPP,SUPP,SUPP,,9%,,,,,,,,,,,,,,,,,,,,,,,,,,,,,,,,,,,,,,,,,,,,,,,,,,,,,,,,,,,,,,,,,,,,,,,,,,,,,,,,,,,,,SUPP,108,,,,SUPP,SUPP,,109,SUPP,100,,,,SUPP,SUPP,,105,SUPP,104,,,,SUPP,SUPP,,108,,,,SUPP,SUPP,,,,SUPP,SUPP,,,,SUPP,SUPP,,,,SUPP,SUPP,,,,SUPP,SUPP,,,,SUPP,SUPP,,,,SUPP,SUPP,,,,SUPP,SUPP,11,100%,0,0%,1,9%,1,9%,2,18%,8,25%,75%,63%,13%,SUPP,SUPP,SUPP,SUPP,0.9,-3.5,5.3,3.5,-0.7,7.7,-0.5,-4.6,3.6,105,103
1,19380,919,3382,117464,Our Lady  Catholic Primary School,Woodhall Lane,,,Welwyn Garden City,AL7 3TF,1707324408,E14001573,Welwyn Hatfield,0,,,VA,0,Roman Catholic,4-11,0,0,200,30,30,21,9,70%,30%,,,,,,,,,,3,10%,27,90%,11,37%,29,97%,63%,17%,,,,,,,,,,,,,80%,37%,0%,106,90%,53%,0%,111,80%,43%,0%,107,77%,23%,23%,0%,77%,0%,57%,78%,,,,SUPP,SUPP,SUPP,64%,66%,14%,22%,,,,SUPP,SUPP,SUPP,18%,17%,,,,,,,,,,,,,,,,,,,,,,,,,,,,,,,,,,,,,,,,,,,,,,,,,,,,,,,,,,,,,,,,,,,,,,,,,,,,,,,,,,,,,105,111,,,,SUPP,SUPP,105,107,107,106,,,,SUPP,SUPP,108,107,110,112,,,,SUPP,SUPP,109,111,,,,SUPP,SUPP,,,,SUPP,SUPP,,,,SUPP,SUPP,,,,SUPP,SUPP,,,,SUPP,SUPP,,,,SUPP,SUPP,,,,SUPP,SUPP,,,,SUPP,SUPP,19,63%,0,0%,0,0%,2,7%,2,7%,28,0%,100%,75%,18%,,,SUPP,SUPP,3.9,1.6,6.2,1.1,-1.1,3.4,1.3,-0.9,3.5,109,106
1,22502,919,3385,117467,"St Andrew's Church of England Voluntary Aided Primary School, Hitchin",Benslow Lane,,,Hitchin,SG4 9RD,1462459160,E14001289,Hitchin,0,,,VA,0,Church of England,4-11,0,0,252,30,30,12,18,40%,60%,,,,,,,,,,3,10%,27,90%,2,7%,29,97%,70%,7%,,,,,,,,,,,,,90%,53%,0%,109,80%,40%,0%,107,80%,30%,0%,106,73%,7%,20%,0%,83%,0%,50%,83%,,,,SUPP,SUPP,SUPP,SUPP,69%,0%,11%,,,,SUPP,SUPP,SUPP,SUPP,3%,,,,,,,,,,,,,,,,,,,,,,,,,,,,,,,,,,,,,,,,,,,,,,,,,,,,,,,,,,,,,,,,,,,,,,,,,,,,,,,,,,,,,107,112,,,,SUPP,SUPP,SUPP,109,105,107,,,,SUPP,SUPP,SUPP,106,104,109,,,,SUPP,SUPP,SUPP,106,,,,SUPP,SUPP,,,,SUPP,SUPP,,,,SUPP,SUPP,,,,SUPP,SUPP,,,,SUPP,SUPP,,,,SUPP,SUPP,,,,SUPP,SUPP,,,,SUPP,SUPP,28,93%,0,0%,2,7%,2,7%,4,13%,30,3%,97%,80%,10%,SUPP,SUPP,SUPP,SUPP,3.6,1.3,5.9,2.1,-0.1,4.3,1.3,-0.9,3.4,110,107
1,19444,919,3399,138322,Our Lady Catholic Primary School,Old Hale Way,,,Hitchin,SG5 1XT,1462622555,E14001289,Hitchin,0,,,ACC,0,Roman Catholic,5-11,0,0,154,32,32,19,13,59%,41%,,,,,,,,,,4,13%,28,88%,4,13%,31,97%,63%,13%,,,,,,,,,,,,,84%,41%,3%,107,81%,34%,0%,105,69%,28%,0%,104,81%,31%,16%,0%,94%,0%,74%,46%,,,,SUPP,SUPP,SUPP,SUPP,65%,16%,8%,,,,SUPP,SUPP,SUPP,SUPP,13%,,,,,,,,,,,,,,,,,,,,,,,,,,,,,,,,,,,,,,,,,,,,,,,,,,,,,,,,,,,,,,,,,,,,,,,,,,,,,,,,,,,,,109,105,,,,SUPP,SUPP,SUPP,107,109,99,,,,SUPP,SUPP,SUPP,105,107,102,,,,SUPP,SUPP,SUPP,105,,,,SUPP,SUPP,,,,SUPP,SUPP,,,,SUPP,SUPP,,,,SUPP,SUPP,,,,SUPP,SUPP,,,,SUPP,SUPP,,,,SUPP,SUPP,,,,SUPP,SUPP,28,88%,0,0%,0,0%,4,13%,4,13%,31,19%,81%,61%,26%,17%,17%,72%,28%,2.2,0,4.5,1.8,-0.4,3.9,1.8,-0.3,3.9,107,106
1,27030,919,3400,138354,St Thomas More Roman Catholic Primary School,Highfield,,,Letchworth Garden City,SG6 3QB,1462620670,E14001393,North East Hertfordshire,0,,,ACC,0,Roman Catholic,3-11,0,0,228,31,30,12,18,40%,60%,,,,,,,,,,4,13%,26,87%,8,27%,30,100%,73%,10%,,,,,,,,,,,,,83%,40%,0%,108,83%,47%,0%,109,80%,13%,0%,105,87%,33%,10%,0%,93%,0%,83%,67%,,,,SUPP,SUPP,SUPP,75%,73%,8%,11%,,,,SUPP,SUPP,SUPP,25%,10%,,,,,,,,,,,,,,,,,,,,,,,,,,,,,,,,,,,,,,,,,,,,,,,,,,,,,,,,,,,,,,,,,,,,,,,,,,,,,,,,,,,,,108,108,,,,SUPP,SUPP,109,108,108,103,,,,SUPP,SUPP,107,105,110,108,,,,SUPP,SUPP,110,109,,,,SUPP,SUPP,,,,SUPP,SUPP,,,,SUPP,SUPP,,,,SUPP,SUPP,,,,SUPP,SUPP,,,,SUPP,SUPP,,,,SUPP,SUPP,,,,SUPP,SUPP,22,73%,0,0%,1,3%,3,10%,4,13%,30,7%,93%,73%,17%,SUPP,SUPP,SUPP,SUPP,-1.7,-4,0.5,1.1,-1.1,3.2,-1.2,-3.3,0.9,106,105
1,12764,919,3985,146903,Holy Rood Catholic Primary School,Greenbank Road,,,Watford,WD17 4FS,1923223785,E14001568,Watford,0,,,ACC,0,Roman Catholic,3-11,0,0,453,65,64,43,21,67%,33%,,,,,,,,,,8,13%,56,88%,7,11%,63,98%,77%,11%,,,,,,,,,,,,,91%,52%,0%,110,88%,59%,0%,110,91%,42%,0%,109,83%,14%,16%,0%,86%,0%,77%,76%,,,,50%,80%,-17,86%,78%,12%,10%,,,,0%,13%,-10,0%,11%,,,,,,,,,,,,,,,,,,,,,,,,,,,,,,,,,,,,,,,,,,,,,,,,,,,,,,,,,,,,,,,,,,,,,,,,,,,,,,,,,,,,,109,110,,,,104,110,110,110,109,107,,,,106,109,110,109,110,110,,,,105,111,110,110,,,,75%,93%,,,,75%,89%,,,,88%,91%,,,,50%,88%,,,,13%,57%,,,,25%,64%,,,,13%,46%,,,,0%,16%,57,89%,0,0%,1,2%,5,8%,6,9%,60,10%,90%,80%,20%,67%,0%,81%,22%,2.2,0.6,3.8,1.2,-0.4,2.7,2,0.5,3.5,109,108
1,29366,919,3986,137351,Summercroft Primary School,Plaw Hatch Close,,,Bishop's Stortford,CM23 5BJ,1279307477,E14001283,Hertford and Stortford,0,,,ACC,0,Does not apply,3-11,0,0,440,59,59,36,23,61%,39%,,,,,,,,,,6,10%,53,90%,11,19%,48,81%,71%,10%,,,,,,,,,,,,,90%,39%,0%,108,85%,47%,0%,109,86%,39%,0%,108,75%,10%,7%,0%,81%,0%,69%,74%,,,,33%,75%,-34,82%,73%,14%,4%,,,,0%,11%,-10,9%,10%,,,,,,,,,,,,,,,,,,,,,,,,,,,,,,,,,,,,,,,,,,,,,,,,,,,,,,,,,,,,,,,,,,,,,,,,,,,,,,,,,,,,,108,108,,,,104,108,108,108,109,105,,,,100,108,107,108,108,109,,,,103,109,107,109,,,,83%,91%,,,,50%,89%,,,,50%,91%,,,,33%,79%,,,,0%,43%,,,,0%,53%,,,,0%,43%,,,,0%,11%,48,81%,0,0%,1,2%,6,10%,7,12%,59,8%,92%,75%,14%,SUPP,SUPP,SUPP,SUPP,3.7,2,5.3,0.4,-1.2,2,3.2,1.6,4.8,111,109
1,27318,919,4003,138582,Samuel Ryder Academy,Drakes Drive,,,St Albans,AL1 5AR,1727859382,E14001507,St Albans,0,,,AC,0,None,4-19,0,0,1556,61,60,33,27,55%,45%,,,,,,,,,,6,10%,54,90%,11,18%,57,95%,73%,7%,,,,,,,,,,,,,87%,35%,0%,108,83%,52%,0%,109,85%,35%,0%,107,82%,20%,15%,0%,92%,0%,76%,70%,,,,50%,76%,-17,82%,75%,9%,4%,,,,0%,7%,-10,0%,7%,,,,,,,,,,,,,,,,,,,,,,,,,,,,,,,,,,,,,,,,,,,,,,,,,,,,,,,,,,,,,,,,,,,,,,,,,,,,,,,,,,,,,107,108,,,,102,108,106,108,108,106,,,,102,108,107,107,109,109,,,,103,109,109,109,,,,67%,89%,,,,50%,87%,,,,67%,87%,,,,83%,81%,,,,0%,39%,,,,33%,54%,,,,0%,39%,,,,0%,22%,49,82%,0,0%,1,2%,7,12%,8,13%,60,15%,85%,73%,18%,78%,0%,73%,22%,1.9,0.3,3.5,2,0.5,3.6,1.9,0.4,3.4,107,107
1,9246,919,2339,117284,Forres Primary School,Stanstead Road,,,Hoddesdon,EN11 0RW,1992467821,E14001139,Broxbourne,0,,,CY,1,Does not apply,5-11,0,0,297,54,57,30,27,53%,47%,,,,,,,,,,14,25%,43,75%,6,11%,52,91%,47%,0%,,,,,,,,,,,,,65%,14%,2%,103,60%,16%,2%,101,61%,12%,2%,101,61%,4%,25%,0%,74%,0%,47%,48%,,,,43%,49%,-24,50%,48%,0%,0%,,,,0%,0%,-10,0%,0%,,,,,,,,,,,,,,,,,,,,,,,,,,,,,,,,,,,,,,,,,,,,,,,,,,,,,,,,,,,,,,,,,,,,,,,,,,,,,,,,,,,,,101,106,,,,105,102,104,103,102,101,,,,100,102,106,101,100,102,,,,100,101,102,102,,,,64%,65%,,,,43%,65%,,,,50%,65%,,,,57%,63%,,,,7%,16%,,,,0%,21%,,,,0%,16%,,,,0%,5%,51,89%,0,0%,6,11%,9,16%,15,26%,47,26%,74%,43%,2%,17%,0%,51%,3%,-3.5,-5.3,-1.7,-0.5,-2.2,1.2,-4.4,-6.1,-2.7,101,99
1,19804,919,2356,117294,Panshanger Primary School,Daniells,,,Welwyn Garden City,AL7 1QY,1707328846,E14001573,Welwyn Hatfield,0,,,CY,0,Does not apply,3-11,0,0,230,31,30,17,13,57%,43%,,,,,,,,,,7,23%,23,77%,1,3%,29,97%,73%,7%,,,,,,,,,,,,,80%,37%,0%,105,83%,30%,0%,105,83%,20%,0%,104,87%,7%,13%,0%,93%,0%,65%,85%,,,,57%,78%,-10,SUPP,76%,6%,8%,,,,0%,9%,-10,SUPP,7%,,,,,,,,,,,,,,,,,,,,,,,,,,,,,,,,,,,,,,,,,,,,,,,,,,,,,,,,,,,,,,,,,,,,,,,,,,,,,,,,,,,,,104,107,,,,103,106,SUPP,106,104,105,,,,100,106,SUPP,105,105,106,,,,101,107,SUPP,106,,,,57%,87%,,,,57%,91%,,,,71%,87%,,,,71%,91%,,,,57%,30%,,,,29%,30%,,,,0%,26%,,,,0%,9%,29,97%,0,0%,1,3%,9,30%,10,33%,28,14%,86%,57%,7%,SUPP,SUPP,SUPP,SUPP,0.4,-2,2.9,-1.4,-3.7,0.9,0.3,-1.9,2.6,106,104
1,33206,919,2405,117322,Woolenwick Junior School,Bridge Road West,,,Stevenage,SG1 2NU,1438216565,E14001516,Stevenage,0,,,CY,0,Does not apply,7-11,0,0,234,62,59,29,30,49%,51%,,,,,,,,,,12,20%,47,80%,7,12%,55,93%,49%,7%,,,,,,,,,,,,,68%,19%,0%,103,56%,12%,0%,101,58%,15%,0%,101,75%,22%,24%,0%,76%,0%,48%,50%,,,,42%,51%,-25,71%,49%,3%,10%,,,,0%,9%,-10,0%,7%,,,,,,,,,,,,,,,,,,,,,,,,,,,,,,,,,,,,,,,,,,,,,,,,,,,,,,,,,,,,,,,,,,,,,,,,,,,,,,,,,,,,,102,104,,,,100,104,105,103,101,100,,,,96,102,104,101,100,102,,,,98,102,103,100,,,,50%,72%,,,,50%,57%,,,,42%,62%,,,,50%,81%,,,,8%,21%,,,,8%,13%,,,,0%,19%,,,,17%,23%,52,88%,0,0%,0,0%,14,24%,14,24%,54,22%,78%,57%,9%,17%,0%,69%,12%,-3,-4.7,-1.2,-1.8,-3.4,-0.2,-4.1,-5.8,-2.5,104,101
1,15064,919,2407,117324,Leavesden JMI School,High Road,Leavesden,,Watford,WD25 7QZ,1923484340,E14001568,Watford,0,,,CY,0,Does not apply,3-11,0,0,379,47,49,27,22,55%,45%,,,,,,,,,,11,22%,38,78%,20,41%,41,84%,61%,2%,,,,,,,,,,,,,82%,33%,2%,107,90%,35%,2%,107,76%,20%,2%,103,71%,4%,29%,0%,78%,0%,56%,68%,,,,27%,71%,-40,50%,63%,4%,0%,,,,0%,3%,-10,0%,2%,,,,,,,,,,,,,,,,,,,,,,,,,,,,,,,,,,,,,,,,,,,,,,,,,,,,,,,,,,,,,,,,,,,,,,,,,,,,,,,,,,,,,107,106,,,,104,107,105,107,104,103,,,,99,104,104,104,107,107,,,,105,108,107,107,,,,64%,87%,,,,82%,92%,,,,55%,82%,,,,55%,76%,,,,36%,32%,,,,36%,34%,,,,0%,26%,,,,0%,5%,28,57%,1,2%,1,2%,9,18%,10,20%,59,27%,73%,46%,0%,31%,0%,51%,0%,0.3,-1.3,2,0.2,-1.3,1.8,1.3,-0.2,2.8,102,102
1,15314,919,2422,117333,Lime Walk Primary School,Lime Walk,Bennetts End,,Hemel Hempstead,HP3 9LN,1442262341,E14001278,Hemel Hempstead,0,,,CY,0,Does not apply,3-11,0,0,218,29,27,18,9,67%,33%,,,,,,,,,,12,44%,15,56%,9,33%,25,93%,48%,4%,,,,,,,,,,,,,67%,19%,0%,102,56%,15%,0%,101,56%,4%,0%,101,70%,7%,22%,0%,93%,0%,50%,44%,,,,25%,67%,-42,33%,48%,0%,11%,,,,8%,0%,-2,0%,4%,,,,,,,,,,,,,,,,,,,,,,,,,,,,,,,,,,,,,,,,,,,,,,,,,,,,,,,,,,,,,,,,,,,,,,,,,,,,,,,,,,,,,101,105,,,,101,103,101,102,101,100,,,,99,102,102,101,101,102,,,,99,102,103,101,,,,58%,73%,,,,58%,53%,,,,33%,73%,,,,58%,80%,,,,17%,20%,,,,8%,20%,,,,8%,0%,,,,8%,7%,18,67%,0,0%,1,4%,5,19%,6,22%,30,50%,50%,40%,3%,13%,0%,67%,7%,-4.3,-6.7,-1.8,-1.4,-3.8,1,-5.4,-7.7,-3.1,102,100
1,8700,919,2424,117334,Fairfields Primary School and Nursery,Rosedale Way,Cheshunt,,Waltham Cross,EN7 6JG,1992633195,E14001139,Broxbourne,0,,,CY,0,Does not apply,3-11,0,0,449,59,60,27,33,45%,55%,,,,,,,,,,12,20%,48,80%,8,13%,57,95%,65%,10%,,,,,,,,,,,,,85%,25%,0%,106,87%,45%,0%,107,77%,30%,0%,105,75%,15%,15%,0%,87%,0%,48%,79%,,,,33%,73%,-34,100%,65%,7%,12%,,,,0%,13%,-10,25%,9%,,,,,,,,,,,,,,,,,,,,,,,,,,,,,,,,,,,,,,,,,,,,,,,,,,,,,,,,,,,,,,,,,,,,,,,,,,,,,,,,,,,,,104,107,,,,104,106,109,106,103,106,,,,100,106,109,104,106,108,,,,103,108,112,107,,,,67%,90%,,,,67%,92%,,,,50%,83%,,,,58%,79%,,,,17%,27%,,,,25%,50%,,,,17%,33%,,,,0%,19%,52,87%,0,0%,2,3%,8,13%,10,17%,59,10%,90%,61%,10%,50%,0%,62%,11%,-0.9,-2.5,0.8,-1,-2.5,0.6,-1.2,-2.7,0.3,105,105
1,1848,919,3007,117387,Bayford Church of England Voluntary Controlled Primary School,Ashendene Road,Bayford,,Hertford,SG13 8PX,1992511259,E14001393,North East Hertfordshire,0,,,VC,0,Church of England,3-11,0,0,95,11,11,7,4,64%,36%,,,,,,,,,,2,18%,9,82%,0,0%,10,91%,55%,0%,,,,,,,,,,,,,91%,9%,0%,105,91%,27%,0%,104,82%,9%,0%,104,64%,9%,36%,0%,91%,0%,43%,SUPP,,,,SUPP,SUPP,SUPP,,50%,0%,SUPP,,,,SUPP,SUPP,SUPP,,0%,,,,,,,,,,,,,,,,,,,,,,,,,,,,,,,,,,,,,,,,,,,,,,,,,,,,,,,,,,,,,,,,,,,,,,,,,,,,,,,,,,,,,104,SUPP,,,,SUPP,SUPP,,104,105,SUPP,,,,SUPP,SUPP,,104,103,SUPP,,,,SUPP,SUPP,,104,,,,SUPP,SUPP,,,,SUPP,SUPP,,,,SUPP,SUPP,,,,SUPP,SUPP,,,,SUPP,SUPP,,,,SUPP,SUPP,,,,SUPP,SUPP,,,,SUPP,SUPP,11,100%,0,0%,2,18%,1,9%,3,27%,10,20%,80%,40%,10%,SUPP,SUPP,SUPP,SUPP,-0.6,-4.9,3.8,-3.9,-8.1,0.3,-1.1,-5.2,3,105,104
1,2256,919,3009,117389,Benington Church of England Primary School,Walkern Road,Benington,Benington Primary School,Stevenage,SG2 7LP,1438869254,E14001393,North East Hertfordshire,0,,,VC,0,Church of England,4-11,0,0,97,10,11,7,4,64%,36%,,,,,,,,,,2,18%,9,82%,1,9%,11,100%,18%,0%,,,,,,,,,,,,,36%,9%,0%,100,73%,27%,0%,105,64%,18%,0%,103,82%,18%,18%,0%,100%,0%,14%,SUPP,,,,SUPP,SUPP,SUPP,SUPP,18%,0%,SUPP,,,,SUPP,SUPP,SUPP,SUPP,0%,,,,,,,,,,,,,,,,,,,,,,,,,,,,,,,,,,,,,,,,,,,,,,,,,,,,,,,,,,,,,,,,,,,,,,,,,,,,,,,,,,,,,101,SUPP,,,,SUPP,SUPP,SUPP,100,103,SUPP,,,,SUPP,SUPP,SUPP,103,106,SUPP,,,,SUPP,SUPP,SUPP,105,,,,SUPP,SUPP,,,,SUPP,SUPP,,,,SUPP,SUPP,,,,SUPP,SUPP,,,,SUPP,SUPP,,,,SUPP,SUPP,,,,SUPP,SUPP,,,,SUPP,SUPP,10,91%,0,0%,0,0%,3,27%,3,27%,10,20%,80%,90%,20%,SUPP,SUPP,SUPP,SUPP,-1.1,-5.2,3,6.7,2.7,10.6,2.7,-1.2,6.6,104,107
1,12116,919,3026,117398,High Wych Church of England Primary School,High Wych,,,Sawbridgeworth,CM21 0JB,1279722109,E14001283,Hertford and Stortford,0,,,VC,0,Church of England,3-11,0,0,226,30,30,16,14,53%,47%,,,,,,,,,,3,10%,27,90%,3,10%,29,97%,73%,10%,,,,,,,,,,,,,83%,27%,0%,107,73%,47%,0%,108,83%,47%,0%,108,87%,20%,10%,0%,90%,0%,81%,64%,,,,SUPP,SUPP,SUPP,SUPP,72%,13%,7%,,,,SUPP,SUPP,SUPP,SUPP,10%,,,,,,,,,,,,,,,,,,,,,,,,,,,,,,,,,,,,,,,,,,,,,,,,,,,,,,,,,,,,,,,,,,,,,,,,,,,,,,,,,,,,,107,106,,,,SUPP,SUPP,SUPP,107,110,106,,,,SUPP,SUPP,SUPP,108,108,108,,,,SUPP,SUPP,SUPP,107,,,,SUPP,SUPP,,,,SUPP,SUPP,,,,SUPP,SUPP,,,,SUPP,SUPP,,,,SUPP,SUPP,,,,SUPP,SUPP,,,,SUPP,SUPP,,,,SUPP,SUPP,27,90%,0,0%,0,0%,3,10%,3,10%,30,17%,83%,77%,17%,SUPP,SUPP,SUPP,SUPP,0.9,-1.3,3.2,-0.2,-2.3,2,0.1,-2,2.2,108,106
1,30048,919,3041,117408,Thundridge Church of England Primary School,Ermine Street,Thundridge,Ware,Herts,SG12 0SY,1920462642,E14001393,North East Hertfordshire,0,,,VC,0,Church of England,3-11,0,0,63,9,9,6,3,67%,33%,,,,,,,,,,0,0%,9,100%,2,22%,9,100%,44%,11%,,,,,,,,,,,,,89%,22%,0%,105,44%,33%,0%,103,56%,33%,0%,102,44%,11%,56%,0%,89%,0%,67%,SUPP,,,,,SUPP,,SUPP,44%,17%,SUPP,,,,,SUPP,,SUPP,11%,,,,,,,,,,,,,,,,,,,,,,,,,,,,,,,,,,,,,,,,,,,,,,,,,,,,,,,,,,,,,,,,,,,,,,,,,,,,,,,,,,,,,108,SUPP,,,,,SUPP,SUPP,105,109,SUPP,,,,,SUPP,SUPP,102,108,SUPP,,,,,SUPP,SUPP,103,,,,,SUPP,,,,,SUPP,,,,,SUPP,,,,,SUPP,,,,,SUPP,,,,,SUPP,,,,,SUPP,,,,,SUPP,7,78%,0,0%,1,11%,4,44%,5,56%,13,8%,92%,46%,0%,SUPP,SUPP,SUPP,SUPP,-3.2,-6.6,0.3,-3.8,-7.1,-0.5,-2.6,-5.8,0.6,100,100
1,23102,919,3043,117410,St Catherine's Church of England Primary School,Park Road,,,Ware,SG12 0AW,1920462653,E14001283,Hertford and Stortford,0,,,VC,0,Church of England,3-11,0,0,394,57,56,28,28,50%,50%,,,,,,,,,,13,23%,43,77%,4,7%,54,96%,59%,13%,,,,,,,,,,,,,71%,25%,0%,104,71%,39%,0%,105,71%,25%,0%,104,71%,20%,25%,0%,88%,0%,57%,61%,,,,15%,72%,-52,SUPP,61%,18%,7%,,,,0%,16%,-10,SUPP,13%,,,,,,,,,,,,,,,,,,,,,,,,,,,,,,,,,,,,,,,,,,,,,,,,,,,,,,,,,,,,,,,,,,,,,,,,,,,,,,,,,,,,,105,103,,,,96,106,SUPP,104,105,103,,,,98,106,SUPP,104,106,105,,,,98,107,SUPP,105,,,,31%,84%,,,,38%,81%,,,,46%,79%,,,,31%,84%,,,,0%,33%,,,,8%,49%,,,,0%,33%,,,,8%,23%,52,93%,0,0%,1,2%,6,11%,7,13%,57,23%,77%,56%,12%,38%,8%,61%,14%,-1.4,-3,0.2,-0.6,-2.1,1,-0.4,-2,1.1,105,105
1,1250,919,3307,117421,Aston St Mary's Church of England Aided Primary School,School Lane,Aston,,Stevenage,SG2 7HA,1438880212,E14001516,Stevenage,0,,,VA,0,Church of England,4-11,0,0,128,15,16,6,10,38%,63%,,,,,,,,,,1,6%,15,94%,2,13%,15,94%,94%,13%,,,,,,,,,,,,,94%,31%,0%,108,100%,56%,0%,110,94%,38%,0%,108,94%,50%,6%,0%,94%,0%,100%,90%,,,,SUPP,SUPP,SUPP,SUPP,93%,0%,20%,,,,SUPP,SUPP,SUPP,SUPP,13%,,,,,,,,,,,,,,,,,,,,,,,,,,,,,,,,,,,,,,,,,,,,,,,,,,,,,,,,,,,,,,,,,,,,,,,,,,,,,,,,,,,,,108,108,,,,SUPP,SUPP,SUPP,108,112,106,,,,SUPP,SUPP,SUPP,109,111,109,,,,SUPP,SUPP,SUPP,110,,,,SUPP,SUPP,,,,SUPP,SUPP,,,,SUPP,SUPP,,,,SUPP,SUPP,,,,SUPP,SUPP,,,,SUPP,SUPP,,,,SUPP,SUPP,,,,SUPP,SUPP,14,88%,0,0%,0,0%,1,6%,1,6%,16,13%,88%,69%,13%,SUPP,SUPP,SUPP,SUPP,3.3,0.2,6.3,3.5,0.6,6.5,2.3,-0.6,5.2,106,104
1,12832,919,3326,117428,Holy Trinity Church of England Primary School,Longlands Close,Crossbrook Street,Holy Trinity School,Waltham Cross,EN8 8LU,1992622180,E14001139,Broxbourne,0,,,VA,0,Church of England,4-11,0,0,208,29,27,10,17,37%,63%,,,,,,,,,,13,48%,14,52%,5,19%,25,93%,56%,4%,,,,,,,,,,,,,85%,22%,0%,106,78%,26%,0%,106,78%,26%,0%,105,59%,11%,33%,0%,67%,0%,40%,65%,,,,46%,64%,-21,SUPP,60%,10%,0%,,,,0%,7%,-10,SUPP,4%,,,,,,,,,,,,,,,,,,,,,,,,,,,,,,,,,,,,,,,,,,,,,,,,,,,,,,,,,,,,,,,,,,,,,,,,,,,,,,,,,,,,,106,106,,,,105,107,SUPP,106,108,104,,,,103,107,SUPP,105,106,105,,,,104,107,SUPP,106,,,,77%,93%,,,,69%,86%,,,,69%,86%,,,,46%,71%,,,,31%,14%,,,,23%,29%,,,,8%,43%,,,,15%,7%,21,78%,1,4%,2,7%,2,7%,4,15%,27,22%,78%,56%,19%,33%,17%,62%,19%,0,-2.7,2.7,-1.3,-3.9,1.2,1.7,-0.8,4.3,106,107
1,24528,919,3341,148493,St Joseph's Catholic Primary School (Hertford),"St Joseph's Catholic Primary School,  North Road",,North Road,Hertford,SG14 2BU,1992583148,E14001283,Hertford and Stortford,0,,,ACC,0,Roman Catholic,3-11,0,0,220,29,30,12,18,40%,60%,,,,,,,,,,4,13%,26,87%,4,13%,29,97%,63%,3%,,,,,,,,,,,,,80%,23%,0%,105,77%,40%,0%,105,67%,13%,0%,101,77%,17%,23%,0%,73%,0%,58%,67%,,,,SUPP,SUPP,SUPP,SUPP,66%,0%,6%,,,,SUPP,SUPP,SUPP,SUPP,3%,,,,,,,,,,,,,,,,,,,,,,,,,,,,,,,,,,,,,,,,,,,,,,,,,,,,,,,,,,,,,,,,,,,,,,,,,,,,,,,,,,,,,101,107,,,,SUPP,SUPP,SUPP,105,100,102,,,,SUPP,SUPP,SUPP,102,103,107,,,,SUPP,SUPP,SUPP,106,,,,SUPP,SUPP,,,,SUPP,SUPP,,,,SUPP,SUPP,,,,SUPP,SUPP,,,,SUPP,SUPP,,,,SUPP,SUPP,,,,SUPP,SUPP,,,,SUPP,SUPP,26,87%,0,0%,2,7%,6,20%,8,27%,26,8%,92%,65%,4%,SUPP,SUPP,SUPP,SUPP,0.3,-2.1,2.8,-0.5,-2.8,1.8,-1.2,-3.5,1.2,107,105
1,6038,919,3358,117446,Cockernhoe Endowed CofE Primary School,Cockernhoe Green,,,Luton,LU2 8PY,1582732509,E14001289,Hitchin,0,,,VA,0,Church of England,3-11,0,0,78,7,5,SUPP,SUPP,SUPP,SUPP,,,,,,,,,,SUPP,SUPP,SUPP,SUPP,SUPP,SUPP,SUPP,SUPP,SUPP,SUPP,,,,,,,,,,,,,SUPP,SUPP,SUPP,SUPP,SUPP,SUPP,SUPP,SUPP,SUPP,SUPP,SUPP,SUPP,SUPP,SUPP,SUPP,SUPP,SUPP,SUPP,SUPP,SUPP,,,,,SUPP,,,SUPP,SUPP,SUPP,,,,,SUPP,,,SUPP,,,,,,,,,,,,,,,,,,,,,,,,,,,,,,,,,,,,,,,,,,,,,,,,,,,,,,,,,,,,,,,,,,,,,,,,,,,,,,,,,,,,,SUPP,SUPP,,,,,SUPP,,SUPP,SUPP,SUPP,,,,,SUPP,,SUPP,SUPP,SUPP,,,,,SUPP,,SUPP,,,,,SUPP,,,,,SUPP,,,,,SUPP,,,,,SUPP,,,,,SUPP,,,,,SUPP,,,,,SUPP,,,,,SUPP,SUPP,SUPP,SUPP,SUPP,SUPP,SUPP,SUPP,SUPP,SUPP,SUPP,15,27%,73%,60%,20%,SUPP,SUPP,SUPP,SUPP,0.5,-2.7,3.7,0.5,-2.6,3.5,-1.4,-4.4,1.5,106,103
1,26594,919,3360,117448,St Peter's Church of England Voluntary Aided Primary School,Church Lane,Mill End,,Rickmansworth,WD3 8HD,1923773240,E14001496,South West Hertfordshire,0,,,VA,0,Church of England,4-11,0,0,238,31,29,15,14,52%,48%,,,,,,,,,,4,14%,25,86%,2,7%,29,100%,83%,10%,,,,,,,,,,,,,86%,31%,0%,107,86%,41%,0%,108,86%,17%,0%,105,86%,17%,10%,0%,90%,0%,87%,79%,,,,SUPP,SUPP,SUPP,SUPP,83%,7%,14%,,,,SUPP,SUPP,SUPP,SUPP,10%,,,,,,,,,,,,,,,,,,,,,,,,,,,,,,,,,,,,,,,,,,,,,,,,,,,,,,,,,,,,,,,,,,,,,,,,,,,,,,,,,,,,,107,106,,,,SUPP,SUPP,SUPP,107,107,103,,,,SUPP,SUPP,SUPP,105,108,109,,,,SUPP,SUPP,SUPP,108,,,,SUPP,SUPP,,,,SUPP,SUPP,,,,SUPP,SUPP,,,,SUPP,SUPP,,,,SUPP,SUPP,,,,SUPP,SUPP,,,,SUPP,SUPP,,,,SUPP,SUPP,27,93%,0,0%,1,3%,5,17%,6,21%,31,13%,87%,74%,23%,SUPP,SUPP,SUPP,SUPP,1.9,-0.3,4.2,3.3,1.1,5.4,2.5,0.4,4.6,108,107
1,5498,919,3394,117473,Christ Church CofE (VA) Primary School and Nursery,New Road,,,Ware,SG12 7BT,1920462158,E14001283,Hertford and Stortford,0,,,VA,0,Church of England,3-11,0,0,316,44,45,20,25,44%,56%,,,,,,,,,,8,18%,37,82%,2,4%,42,93%,53%,11%,,,,,,,,,,,,,76%,29%,0%,106,67%,22%,0%,103,64%,20%,0%,103,71%,16%,29%,0%,82%,0%,65%,44%,,,,25%,59%,-42,SUPP,57%,10%,12%,,,,0%,14%,-10,SUPP,12%,,,,,,,,,,,,,,,,,,,,,,,,,,,,,,,,,,,,,,,,,,,,,,,,,,,,,,,,,,,,,,,,,,,,,,,,,,,,,,,,,,,,,106,107,,,,105,106,SUPP,107,106,101,,,,99,104,SUPP,103,104,103,,,,102,103,SUPP,104,,,,75%,76%,,,,63%,68%,,,,38%,70%,,,,50%,76%,,,,25%,30%,,,,13%,24%,,,,13%,22%,,,,0%,19%,42,93%,1,2%,1,2%,4,9%,5,11%,40,20%,80%,45%,5%,13%,0%,53%,6%,-1.8,-3.8,0.2,-0.3,-2.2,1.6,-2.5,-4.3,-0.6,104,102
1,22222,919,3424,148498,Sacred Heart Catholic Primary School,Broadmeads,,,Ware,SG12 9HY,1920461678,E14001283,Hertford and Stortford,0,,,ACC,0,Roman Catholic,4-11,0,0,201,30,30,14,16,47%,53%,,,,,,,,,,3,10%,27,90%,7,23%,29,97%,73%,13%,,,,,,,,,,,,,80%,50%,0%,108,87%,43%,0%,108,80%,27%,0%,106,77%,17%,20%,0%,80%,0%,57%,88%,,,,SUPP,SUPP,SUPP,71%,76%,21%,6%,,,,SUPP,SUPP,SUPP,14%,14%,,,,,,,,,,,,,,,,,,,,,,,,,,,,,,,,,,,,,,,,,,,,,,,,,,,,,,,,,,,,,,,,,,,,,,,,,,,,,,,,,,,,,107,110,,,,SUPP,SUPP,109,109,105,106,,,,SUPP,SUPP,108,106,107,110,,,,SUPP,SUPP,111,109,,,,SUPP,SUPP,,,,SUPP,SUPP,,,,SUPP,SUPP,,,,SUPP,SUPP,,,,SUPP,SUPP,,,,SUPP,SUPP,,,,SUPP,SUPP,,,,SUPP,SUPP,23,77%,0,0%,1,3%,4,13%,5,17%,29,10%,90%,41%,7%,SUPP,SUPP,SUPP,SUPP,0.4,-2,2.8,0.5,-1.8,2.7,-0.3,-2.5,2,105,103
1,27114,919,3977,117498,Saint Vincent de Paul Catholic Primary School,Bedwell Crescent,,,Stevenage,SG1 1NJ,1438729555,E14001516,Stevenage,151370,Saint Vincent de Paul Catholic Primary School,20250101,VA,0,Roman Catholic,3-11,0,0,440,59,60,27,33,45%,55%,,,,,,,,,,4,7%,56,93%,15,25%,58,97%,75%,5%,,,,,,,,,,,,,92%,33%,0%,107,92%,47%,0%,109,85%,45%,0%,107,85%,15%,15%,0%,100%,0%,85%,67%,,,,SUPP,SUPP,SUPP,80%,74%,4%,6%,,,,SUPP,SUPP,SUPP,0%,5%,,,,,,,,,,,,,,,,,,,,,,,,,,,,,,,,,,,,,,,,,,,,,,,,,,,,,,,,,,,,,,,,,,,,,,,,,,,,,,,,,,,,,108,107,,,,SUPP,SUPP,105,107,110,105,,,,SUPP,SUPP,108,107,110,108,,,,SUPP,SUPP,108,109,,,,SUPP,SUPP,,,,SUPP,SUPP,,,,SUPP,SUPP,,,,SUPP,SUPP,,,,SUPP,SUPP,,,,SUPP,SUPP,,,,SUPP,SUPP,,,,SUPP,SUPP,45,75%,0,0%,2,3%,5,8%,7,12%,58,12%,88%,52%,3%,0%,0%,59%,4%,-2.1,-3.7,-0.5,-3.2,-4.8,-1.7,-1.4,-2.9,0.2,104,104
1,32640,919,3979,141851,Windhill21,Windhill,,,Bishop's Stortford,CM23 2NE,1279696850,E14001283,Hertford and Stortford,0,,,ACC,0,Does not apply,3-11,0,0,448,61,60,33,27,55%,45%,,,,,,,,,,11,18%,49,82%,12,20%,57,95%,70%,18%,,,,,,,,,,,,,80%,53%,0%,109,80%,48%,0%,109,78%,43%,0%,108,78%,23%,15%,0%,90%,0%,67%,74%,,,,45%,76%,-22,92%,70%,21%,15%,,,,9%,20%,-1,8%,19%,,,,,,,,,,,,,,,,,,,,,,,,,,,,,,,,,,,,,,,,,,,,,,,,,,,,,,,,,,,,,,,,,,,,,,,,,,,,,,,,,,,,,108,110,,,,103,110,111,108,109,106,,,,101,109,113,108,109,110,,,,104,110,114,110,,,,55%,86%,,,,55%,86%,,,,45%,86%,,,,45%,86%,,,,18%,61%,,,,36%,51%,,,,9%,51%,,,,9%,27%,48,80%,0,0%,4,7%,7,12%,11,18%,60,15%,85%,82%,20%,44%,0%,88%,24%,3.5,1.8,5.1,2.5,1,4.1,2,0.5,3.5,109,107
1,14048,919,3992,135528,Killigrew Primary and Nursery School,West Avenue,,,St Albans,AL2 3HD,1727774200,E14001507,St Albans,0,,,CY,0,Does not apply,3-11,0,0,412,59,56,29,27,52%,48%,,,,,,,,,,7,13%,49,88%,8,14%,52,93%,84%,23%,,,,,,,,,,,,,91%,71%,0%,111,95%,82%,0%,113,93%,48%,0%,109,86%,25%,4%,0%,84%,0%,72%,96%,,,,29%,92%,-38,63%,88%,24%,22%,,,,0%,27%,-10,25%,25%,,,,,,,,,,,,,,,,,,,,,,,,,,,,,,,,,,,,,,,,,,,,,,,,,,,,,,,,,,,,,,,,,,,,,,,,,,,,,,,,,,,,,109,114,,,,104,112,108,112,109,109,,,,102,110,110,110,111,115,,,,105,114,113,114,,,,57%,96%,,,,71%,98%,,,,57%,98%,,,,43%,92%,,,,14%,80%,,,,29%,90%,,,,14%,53%,,,,0%,29%,48,86%,0,0%,3,5%,4,7%,7,13%,59,10%,90%,83%,34%,67%,0%,85%,38%,4.8,3.2,6.4,3.1,1.6,4.7,3.8,2.2,5.3,110,109
1,5934,919,5213,131456,Clore Shalom School,Hugo Gryn Way,,,Shenley,WD7 9BL,1923855631,E14001284,Hertsmere,0,,,VA,0,Jewish,4-11,0,0,198,28,29,18,11,62%,38%,,,,,,,,,,2,7%,27,93%,2,7%,29,100%,72%,0%,,,,,,,,,,,,,90%,28%,0%,107,90%,55%,0%,109,79%,31%,0%,105,79%,7%,21%,0%,76%,0%,56%,100%,,,,SUPP,SUPP,SUPP,SUPP,72%,0%,0%,,,,SUPP,SUPP,SUPP,SUPP,0%,,,,,,,,,,,,,,,,,,,,,,,,,,,,,,,,,,,,,,,,,,,,,,,,,,,,,,,,,,,,,,,,,,,,,,,,,,,,,,,,,,,,,106,109,,,,SUPP,SUPP,SUPP,107,103,109,,,,SUPP,SUPP,SUPP,105,106,113,,,,SUPP,SUPP,SUPP,109,,,,SUPP,SUPP,,,,SUPP,SUPP,,,,SUPP,SUPP,,,,SUPP,SUPP,,,,SUPP,SUPP,,,,SUPP,SUPP,,,,SUPP,SUPP,,,,SUPP,SUPP,27,93%,0,0%,1,3%,5,17%,6,21%,29,14%,86%,52%,7%,SUPP,SUPP,SUPP,SUPP,0,-2.3,2.3,1.2,-1,3.4,-2.1,-4.2,0.1,107,104
1,33160,919,2401,147879,Woodside Primary School,Jones Road,Goffs Oak,Cheshunt,Waltham Cross,EN7 5JS,1707888333,E14001139,Broxbourne,0,,,ACC,0,Does not apply,4-11,0,0,218,28,28,12,16,43%,57%,,,,,,,,,,8,29%,20,71%,5,18%,28,100%,64%,4%,,,,,,,,,,,,,79%,32%,0%,105,86%,32%,0%,105,82%,21%,0%,105,75%,11%,25%,0%,82%,0%,58%,69%,,,,63%,65%,-4,SUPP,64%,0%,6%,,,,0%,5%,-10,SUPP,4%,,,,,,,,,,,,,,,,,,,,,,,,,,,,,,,,,,,,,,,,,,,,,,,,,,,,,,,,,,,,,,,,,,,,,,,,,,,,,,,,,,,,,106,105,,,,108,104,SUPP,105,104,105,,,,103,106,SUPP,105,105,105,,,,103,106,SUPP,105,,,,88%,75%,,,,75%,90%,,,,63%,90%,,,,75%,75%,,,,50%,25%,,,,25%,35%,,,,25%,20%,,,,13%,10%,23,82%,0,0%,1,4%,6,21%,7,25%,30,10%,90%,77%,10%,SUPP,SUPP,SUPP,SUPP,1.2,-1,3.5,1.9,-0.2,4.1,3.1,1,5.3,106,106
1,15032,919,2412,117327,The Lea Primary School and Nursery,Moorland Road,,,Harpenden,AL5 4LE,1582767939,E14001268,Harpenden and Berkhamsted,0,,,CY,0,Does not apply,3-11,0,0,236,32,30,16,14,53%,47%,,,,,,,,,,4,13%,26,87%,9,30%,29,97%,80%,0%,,,,,,,,,,,,,90%,33%,0%,106,77%,53%,0%,108,87%,30%,0%,107,90%,10%,10%,0%,100%,0%,69%,93%,,,,SUPP,SUPP,SUPP,78%,83%,0%,0%,,,,SUPP,SUPP,SUPP,0%,0%,,,,,,,,,,,,,,,,,,,,,,,,,,,,,,,,,,,,,,,,,,,,,,,,,,,,,,,,,,,,,,,,,,,,,,,,,,,,,,,,,,,,,104,108,,,,SUPP,SUPP,108,106,106,107,,,,SUPP,SUPP,108,107,106,110,,,,SUPP,SUPP,110,108,,,,SUPP,SUPP,,,,SUPP,SUPP,,,,SUPP,SUPP,,,,SUPP,SUPP,,,,SUPP,SUPP,,,,SUPP,SUPP,,,,SUPP,SUPP,,,,SUPP,SUPP,21,70%,0,0%,1,3%,7,23%,8,27%,30,13%,87%,93%,23%,SUPP,SUPP,SUPP,SUPP,5.7,3.2,8.1,3,0.6,5.3,4.2,1.9,6.5,112,110
1,1382,919,2426,117335,Aycliffe Drive Primary School,Aycliffe Drive,,,Hemel Hempstead,HP2 6LJ,1442973174,E14001278,Hemel Hempstead,0,,,CY,0,Does not apply,3-11,0,0,332,44,42,24,18,57%,43%,,,,,,,,,,16,38%,26,62%,9,21%,39,93%,50%,2%,,,,,,,,,,,,,74%,17%,0%,103,67%,14%,0%,102,74%,19%,0%,104,57%,5%,40%,0%,76%,0%,33%,72%,,,,25%,65%,-42,67%,51%,4%,0%,,,,0%,4%,-10,0%,3%,,,,,,,,,,,,,,,,,,,,,,,,,,,,,,,,,,,,,,,,,,,,,,,,,,,,,,,,,,,,,,,,,,,,,,,,,,,,,,,,,,,,,102,104,,,,101,104,104,103,104,103,,,,102,105,107,104,101,104,,,,100,104,103,102,,,,63%,81%,,,,56%,73%,,,,63%,81%,,,,44%,65%,,,,13%,19%,,,,6%,19%,,,,6%,27%,,,,0%,8%,33,79%,0,0%,1,2%,5,12%,6,14%,40,35%,65%,63%,8%,57%,0%,65%,12%,0.5,-1.5,2.5,4.2,2.3,6.1,3.2,1.3,5.1,104,106
1,12056,919,2437,117342,High Beeches Primary School,Aldwickbury Crescent,,,Harpenden,AL5 5SD,1582767966,E14001268,Harpenden and Berkhamsted,0,,,CY,0,Does not apply,5-11,0,0,417,63,60,29,31,48%,52%,,,,,,,,,,4,7%,56,93%,7,12%,57,95%,75%,17%,,,,,,,,,,,,,100%,70%,0%,112,97%,58%,0%,111,95%,58%,3%,111,75%,18%,20%,0%,88%,0%,66%,84%,,,,SUPP,SUPP,SUPP,71%,74%,21%,13%,,,,SUPP,SUPP,SUPP,0%,18%,,,,,,,,,,,,,,,,,,,,,,,,,,,,,,,,,,,,,,,,,,,,,,,,,,,,,,,,,,,,,,,,,,,,,,,,,,,,,,,,,,,,,111,113,,,,SUPP,SUPP,113,112,111,110,,,,SUPP,SUPP,113,111,110,111,,,,SUPP,SUPP,113,110,,,,SUPP,SUPP,,,,SUPP,SUPP,,,,SUPP,SUPP,,,,SUPP,SUPP,,,,SUPP,SUPP,,,,SUPP,SUPP,,,,SUPP,SUPP,,,,SUPP,SUPP,53,88%,0,0%,1,2%,11,18%,12,20%,62,3%,97%,77%,19%,SUPP,SUPP,SUPP,SUPP,4,2.4,5.6,0.4,-1.1,2,4.8,3.3,6.3,110,110
1,17628,919,2444,145969,Mount Pleasant Lane Primary School,Mount Pleasant Lane,Bricket Wood,,St Albans,AL2 3XA,1923672729,E14001507,St Albans,0,,,ACC,0,Does not apply,3-11,0,0,229,43,43,16,27,37%,63%,,,,,,,,,,5,12%,38,88%,10,23%,42,98%,51%,0%,,,,,,,,,,,,,79%,16%,0%,104,81%,40%,0%,106,67%,21%,0%,103,63%,2%,37%,0%,65%,0%,56%,48%,,,,SUPP,SUPP,SUPP,50%,50%,0%,0%,,,,SUPP,SUPP,SUPP,0%,0%,,,,,,,,,,,,,,,,,,,,,,,,,,,,,,,,,,,,,,,,,,,,,,,,,,,,,,,,,,,,,,,,,,,,,,,,,,,,,,,,,,,,,103,104,,,,SUPP,SUPP,104,104,105,102,,,,SUPP,SUPP,106,103,106,107,,,,SUPP,SUPP,108,106,,,,SUPP,SUPP,,,,SUPP,SUPP,,,,SUPP,SUPP,,,,SUPP,SUPP,,,,SUPP,SUPP,,,,SUPP,SUPP,,,,SUPP,SUPP,,,,SUPP,SUPP,33,77%,0,0%,2,5%,5,12%,7,16%,42,31%,69%,38%,5%,8%,0%,52%,7%,-0.6,-2.5,1.3,-2,-3.8,-0.1,-2.9,-4.7,-1.1,104,100
1,1182,919,2451,117352,Ashtree Primary School and Nursery,Chertsey Rise,,,Stevenage,SG2 9JQ,1438351090,E14001516,Stevenage,0,,,CY,2,Does not apply,3-11,0,0,269,50,51,21,30,41%,59%,,,,,,,,,,18,35%,33,65%,12,24%,46,90%,57%,12%,,,,,,,,,,,,,65%,33%,0%,105,55%,18%,0%,102,63%,24%,0%,102,69%,14%,22%,0%,78%,0%,57%,57%,,,,44%,64%,-23,75%,57%,5%,17%,,,,6%,15%,-4,8%,13%,,,,,,,,,,,,,,,,,,,,,,,,,,,,,,,,,,,,,,,,,,,,,,,,,,,,,,,,,,,,,,,,,,,,,,,,,,,,,,,,,,,,,102,106,,,,103,105,104,105,102,103,,,,101,103,105,103,101,102,,,,98,103,105,102,,,,44%,76%,,,,33%,67%,,,,50%,70%,,,,44%,82%,,,,17%,42%,,,,11%,21%,,,,17%,27%,,,,6%,18%,39,76%,0,0%,3,6%,11,22%,14,27%,52,31%,69%,50%,6%,31%,0%,58%,8%,-4.2,-6,-2.5,-2.2,-3.8,-0.5,-4.4,-6.1,-2.8,101,101
1,2250,919,2462,117361,Bengeo Primary School,The Avenue,Bengeo,,Hertford,SG14 3DX,1992582765,E14001283,Hertford and Stortford,0,,,CY,0,Does not apply,3-11,0,0,450,61,60,34,26,57%,43%,,,,,,,,,,6,10%,54,90%,3,5%,54,90%,77%,13%,,,,,,,,,,,,,88%,53%,0%,109,88%,53%,0%,109,90%,42%,0%,108,80%,13%,17%,0%,88%,0%,76%,77%,,,,50%,80%,-17,SUPP,81%,21%,4%,,,,0%,15%,-10,SUPP,15%,,,,,,,,,,,,,,,,,,,,,,,,,,,,,,,,,,,,,,,,,,,,,,,,,,,,,,,,,,,,,,,,,,,,,,,,,,,,,,,,,,,,,111,107,,,,104,109,SUPP,110,110,104,,,,98,109,SUPP,108,110,107,,,,101,110,SUPP,110,,,,67%,91%,,,,67%,91%,,,,67%,93%,,,,50%,83%,,,,33%,56%,,,,0%,59%,,,,0%,46%,,,,0%,15%,57,95%,0,0%,2,3%,10,17%,12,20%,59,5%,95%,75%,8%,SUPP,SUPP,SUPP,SUPP,1.8,0.1,3.4,-0.6,-2.2,1,1.8,0.3,3.4,108,107
1,12432,919,2469,117368,Hobbs Hill Wood Primary School,Peascroft Road,,,Hemel Hempstead,HP3 8ER,1442401222,E14001278,Hemel Hempstead,0,,,CY,0,Does not apply,3-11,0,0,455,59,58,25,33,43%,57%,,,,,,,,,,13,22%,45,78%,14,24%,56,97%,71%,10%,,,,,,,,,,,,,79%,43%,0%,107,83%,47%,0%,108,79%,38%,0%,107,79%,10%,17%,0%,84%,0%,64%,76%,,,,77%,69%,10,71%,71%,8%,12%,,,,0%,13%,-10,7%,11%,,,,,,,,,,,,,,,,,,,,,,,,,,,,,,,,,,,,,,,,,,,,,,,,,,,,,,,,,,,,,,,,,,,,,,,,,,,,,,,,,,,,,106,108,,,,106,107,106,107,109,105,,,,105,107,107,107,107,109,,,,107,108,109,108,,,,85%,78%,,,,100%,78%,,,,85%,78%,,,,92%,76%,,,,23%,49%,,,,23%,53%,,,,31%,40%,,,,0%,13%,44,76%,0,0%,1,2%,14,24%,15,26%,60,22%,78%,68%,2%,46%,0%,74%,2%,0.6,-1,2.2,-0.5,-2,1,0.6,-0.9,2.1,106,105
1,6598,919,2980,117369,Cranborne Primary School,Laurel Fields,,,Potters Bar,EN6 2BA,1707652714,E14001284,Hertsmere,0,,,FD,0,Does not apply,3-11,0,0,451,61,60,31,29,52%,48%,,,,,,,,,,11,18%,49,82%,8,13%,58,97%,93%,28%,,,,,,,,,,,,,97%,50%,0%,110,93%,67%,0%,112,93%,47%,0%,109,95%,37%,5%,0%,95%,0%,94%,93%,,,,82%,96%,15,100%,93%,29%,28%,,,,27%,29%,17,50%,28%,,,,,,,,,,,,,,,,,,,,,,,,,,,,,,,,,,,,,,,,,,,,,,,,,,,,,,,,,,,,,,,,,,,,,,,,,,,,,,,,,,,,,110,110,,,,108,111,110,110,110,108,,,,106,110,112,109,111,112,,,,108,113,113,112,,,,91%,98%,,,,91%,94%,,,,82%,96%,,,,91%,96%,,,,45%,51%,,,,27%,76%,,,,36%,49%,,,,27%,39%,52,87%,0,0%,2,3%,6,10%,8,13%,60,15%,85%,90%,35%,78%,11%,92%,39%,3.3,1.7,4.9,2.6,1,4.2,5.2,3.7,6.7,111,112
1,11378,919,2994,117376,Hartsfield Junior Mixed and Infant School,Clothall Road,,,Baldock,SG7 6PB,1462895267,E14001393,North East Hertfordshire,0,,,CY,0,Does not apply,4-11,0,0,406,59,58,31,27,53%,47%,,,,,,,,,,9,16%,49,84%,1,2%,56,97%,81%,16%,,,,,,,,,,,,,90%,50%,0%,108,86%,59%,0%,110,93%,52%,0%,109,81%,16%,17%,0%,95%,0%,81%,81%,,,,78%,82%,11,SUPP,84%,13%,19%,,,,0%,18%,-10,SUPP,16%,,,,,,,,,,,,,,,,,,,,,,,,,,,,,,,,,,,,,,,,,,,,,,,,,,,,,,,,,,,,,,,,,,,,,,,,,,,,,,,,,,,,,107,109,,,,107,108,SUPP,109,109,109,,,,106,110,SUPP,109,109,110,,,,105,111,SUPP,110,,,,89%,90%,,,,67%,90%,,,,89%,94%,,,,78%,82%,,,,44%,51%,,,,44%,61%,,,,44%,53%,,,,0%,18%,56,97%,1,2%,1,2%,8,14%,9,16%,58,10%,90%,76%,7%,50%,17%,79%,6%,1.7,0.1,3.4,-1.6,-3.2,-0.1,2.6,1,4.1,108,108
1,25674,919,3005,117385,St Mary's Junior Mixed School,St Mary's Way,,,Baldock,SG7 6HY,1462892156,E14001393,North East Hertfordshire,0,,,VC,0,Church of England,7-11,0,0,217,59,60,40,20,67%,33%,,,,,,,,,,12,20%,48,80%,3,5%,60,100%,40%,2%,,,,,,,,,,,,,57%,15%,2%,101,45%,17%,2%,100,53%,15%,2%,101,47%,5%,52%,0%,77%,0%,38%,45%,,,,17%,46%,-50,SUPP,40%,0%,5%,,,,0%,2%,-10,SUPP,2%,,,,,,,,,,,,,,,,,,,,,,,,,,,,,,,,,,,,,,,,,,,,,,,,,,,,,,,,,,,,,,,,,,,,,,,,,,,,,,,,,,,,,101,103,,,,97,102,SUPP,101,101,101,,,,97,102,SUPP,101,99,102,,,,96,101,SUPP,100,,,,42%,60%,,,,17%,52%,,,,25%,60%,,,,17%,54%,,,,0%,19%,,,,0%,21%,,,,0%,19%,,,,0%,6%,57,95%,0,0%,5,8%,12,20%,17,28%,60,27%,73%,50%,5%,31%,0%,57%,7%,-2,-3.6,-0.4,-2.9,-4.4,-1.4,-2.4,-3.9,-0.9,104,102
1,1092,919,3012,117391,Ashfield Junior School,School Lane,,,Bushey,WD23 1SR,2089502350,E14001284,Hertsmere,0,,,VC,0,None,7-11,0,0,219,58,58,36,22,62%,38%,,,,,,,,,,7,12%,51,88%,4,7%,52,90%,63%,4%,,,,,,,,,,,,,67%,41%,0%,107,78%,48%,0%,108,78%,29%,0%,106,74%,5%,21%,0%,79%,0%,54%,77%,,,,57%,64%,-10,SUPP,61%,0%,9%,,,,0%,4%,-10,SUPP,4%,,,,,,,,,,,,,,,,,,,,,,,,,,,,,,,,,,,,,,,,,,,,,,,,,,,,,,,,,,,,,,,,,,,,,,,,,,,,,,,,,,,,,104,110,,,,106,107,SUPP,107,105,108,,,,102,107,SUPP,106,106,110,,,,104,108,SUPP,108,,,,71%,67%,,,,71%,78%,,,,71%,78%,,,,57%,76%,,,,29%,43%,,,,29%,51%,,,,14%,31%,,,,0%,6%,54,93%,0,0%,4,7%,9,16%,13,22%,50,22%,78%,76%,12%,60%,10%,79%,13%,-2.4,-4.1,-0.6,-0.9,-2.6,0.9,-1.9,-3.6,-0.2,106,106
1,13374,919,3030,117401,Ickleford Primary School,Arlesey Road,Ickleford,,Hitchin,SG5 3TG,1462459150,E14001289,Hitchin,0,,,VC,0,Church of England,4-11,0,0,210,31,31,16,15,52%,48%,,,,,,,,,,7,23%,24,77%,0,0%,31,100%,77%,13%,,,,,,,,,,,,,90%,45%,0%,108,81%,52%,0%,108,94%,45%,0%,108,77%,16%,23%,0%,81%,0%,69%,87%,,,,57%,83%,-10,,77%,6%,20%,,,,14%,13%,4,,13%,,,,,,,,,,,,,,,,,,,,,,,,,,,,,,,,,,,,,,,,,,,,,,,,,,,,,,,,,,,,,,,,,,,,,,,,,,,,,,,,,,,,,108,109,,,,107,109,,108,108,109,,,,107,109,,108,106,110,,,,104,110,,108,,,,86%,92%,,,,71%,83%,,,,100%,92%,,,,57%,83%,,,,43%,46%,,,,29%,58%,,,,43%,46%,,,,14%,17%,31,100%,0,0%,0,0%,4,13%,4,13%,29,10%,90%,72%,7%,SUPP,SUPP,SUPP,SUPP,2.9,0.6,5.2,-1,-3.2,1.2,2.6,0.5,4.8,110,107
1,27404,919,3037,146723,Sarratt Church of England Primary School,The Green,Sarratt,,Rickmansworth,WD3 6AS,1923262003,E14001496,South West Hertfordshire,0,,,ACC,0,Church of England,4-11,0,0,163,27,27,16,11,59%,41%,,,,,,,,,,3,11%,24,89%,0,0%,26,96%,74%,15%,,,,,,,,,,,,,78%,26%,0%,105,78%,48%,0%,108,89%,44%,0%,107,74%,37%,26%,0%,100%,0%,69%,82%,,,,SUPP,SUPP,SUPP,,77%,13%,18%,,,,SUPP,SUPP,SUPP,,15%,,,,,,,,,,,,,,,,,,,,,,,,,,,,,,,,,,,,,,,,,,,,,,,,,,,,,,,,,,,,,,,,,,,,,,,,,,,,,,,,,,,,,104,107,,,,SUPP,SUPP,,105,107,108,,,,SUPP,SUPP,,107,107,109,,,,SUPP,SUPP,,108,,,,SUPP,SUPP,,,,SUPP,SUPP,,,,SUPP,SUPP,,,,SUPP,SUPP,,,,SUPP,SUPP,,,,SUPP,SUPP,,,,SUPP,SUPP,,,,SUPP,SUPP,27,100%,0,0%,0,0%,4,15%,4,15%,27,19%,81%,67%,7%,SUPP,SUPP,SUPP,SUPP,0.6,-1.9,3.2,1.2,-1.2,3.6,-0.9,-3.3,1.5,106,104
1,23862,919,3348,117440,St Ippolyts Church of England Aided Primary School,Ashbrook Lane,St Ippolyts,,Hitchin,SG4 7PB,1462432080,E14001289,Hitchin,0,,,VA,0,Church of England,4-11,0,0,175,31,30,15,15,50%,50%,,,,,,,,,,4,13%,26,87%,2,7%,27,90%,83%,17%,,,,,,,,,,,,,90%,30%,0%,108,73%,37%,0%,106,90%,33%,0%,107,93%,30%,3%,0%,97%,0%,87%,80%,,,,SUPP,SUPP,SUPP,SUPP,81%,33%,0%,,,,SUPP,SUPP,SUPP,SUPP,19%,,,,,,,,,,,,,,,,,,,,,,,,,,,,,,,,,,,,,,,,,,,,,,,,,,,,,,,,,,,,,,,,,,,,,,,,,,,,,,,,,,,,,108,108,,,,SUPP,SUPP,SUPP,108,109,104,,,,SUPP,SUPP,SUPP,107,107,104,,,,SUPP,SUPP,SUPP,106,,,,SUPP,SUPP,,,,SUPP,SUPP,,,,SUPP,SUPP,,,,SUPP,SUPP,,,,SUPP,SUPP,,,,SUPP,SUPP,,,,SUPP,SUPP,,,,SUPP,SUPP,28,93%,0,0%,1,3%,5,17%,6,20%,20,25%,75%,85%,10%,SUPP,SUPP,SUPP,SUPP,1.2,-1.6,4.1,1.6,-1.2,4.3,2.2,-0.5,4.8,107,107
1,15682,919,3373,117459,Long Marston VA Church of England Primary and Nursery School,Station Road,Long Marston,,Tring,HP23 4QS,1296668386,E14001268,Harpenden and Berkhamsted,0,,,VA,0,Church of England,3-11,0,0,138,19,19,7,12,37%,63%,,,,,,,,,,3,16%,16,84%,0,0%,17,89%,47%,5%,,,,,,,,,,,,,79%,21%,0%,106,53%,16%,0%,101,53%,16%,0%,101,74%,5%,26%,0%,84%,0%,29%,58%,,,,SUPP,SUPP,SUPP,,47%,0%,8%,,,,SUPP,SUPP,SUPP,,6%,,,,,,,,,,,,,,,,,,,,,,,,,,,,,,,,,,,,,,,,,,,,,,,,,,,,,,,,,,,,,,,,,,,,,,,,,,,,,,,,,,,,,102,108,,,,SUPP,SUPP,,106,98,102,,,,SUPP,SUPP,,100,102,101,,,,SUPP,SUPP,,101,,,,SUPP,SUPP,,,,SUPP,SUPP,,,,SUPP,SUPP,,,,SUPP,SUPP,,,,SUPP,SUPP,,,,SUPP,SUPP,,,,SUPP,SUPP,,,,SUPP,SUPP,19,100%,0,0%,0,0%,1,5%,1,5%,17,12%,88%,76%,12%,SUPP,SUPP,SUPP,SUPP,3.8,0.7,6.8,2.1,-0.8,5.1,0.7,-2.2,3.6,107,104
1,22874,919,3380,117463,"St Bartholomew's Church of England Voluntary Aided Primary School, Wigginton",Common Field,Wigginton,,Tring,HP23 6EP,1442822364,E14001268,Harpenden and Berkhamsted,0,,,VA,0,Church of England,4-11,0,0,104,12,13,8,5,62%,38%,,,,,,,,,,3,23%,10,77%,0,0%,12,92%,69%,0%,,,,,,,,,,,,,85%,23%,0%,106,62%,15%,0%,103,85%,15%,0%,105,85%,23%,15%,0%,92%,0%,75%,SUPP,,,,SUPP,SUPP,SUPP,,75%,0%,SUPP,,,,SUPP,SUPP,SUPP,,0%,,,,,,,,,,,,,,,,,,,,,,,,,,,,,,,,,,,,,,,,,,,,,,,,,,,,,,,,,,,,,,,,,,,,,,,,,,,,,,,,,,,,,106,SUPP,,,,SUPP,SUPP,,107,106,SUPP,,,,SUPP,SUPP,,104,103,SUPP,,,,SUPP,SUPP,,103,,,,SUPP,SUPP,,,,SUPP,SUPP,,,,SUPP,SUPP,,,,SUPP,SUPP,,,,SUPP,SUPP,,,,SUPP,SUPP,,,,SUPP,SUPP,,,,SUPP,SUPP,13,100%,0,0%,0,0%,3,23%,3,23%,13,15%,85%,77%,0%,SUPP,SUPP,SUPP,SUPP,1.6,-1.9,5.2,0.8,-2.6,4.3,1.7,-1.7,5,106,106
1,24058,919,3398,146859,St John Catholic Primary School,Berry Lane,Mill End,,Rickmansworth,WD3 7HG,1923774004,E14001496,South West Hertfordshire,0,,,ACC,0,Roman Catholic,4-11,0,0,151,26,25,14,11,56%,44%,,,,,,,,,,6,24%,19,76%,1,4%,23,92%,44%,8%,,,,,,,,,,,,,76%,24%,0%,105,52%,16%,0%,101,48%,16%,0%,100,44%,8%,24%,0%,56%,0%,36%,55%,,,,17%,53%,-50,SUPP,48%,7%,9%,,,,0%,11%,-10,SUPP,9%,,,,,,,,,,,,,,,,,,,,,,,,,,,,,,,,,,,,,,,,,,,,,,,,,,,,,,,,,,,,,,,,,,,,,,,,,,,,,,,,,,,,,105,106,,,,104,105,SUPP,105,102,98,,,,96,101,SUPP,101,102,101,,,,100,102,SUPP,102,,,,67%,79%,,,,50%,53%,,,,17%,58%,,,,17%,53%,,,,0%,32%,,,,0%,21%,,,,0%,21%,,,,0%,11%,24,96%,0,0%,2,8%,5,20%,7,28%,30,23%,77%,57%,3%,29%,0%,65%,4%,-0.6,-2.9,1.7,1.5,-0.7,3.7,-1.5,-3.6,0.7,105,104
1,26310,919,3423,117492,St Paul's Catholic Primary School,Park Lane,,,Cheshunt,EN7 6LR,1992635060,E14001139,Broxbourne,0,,,VA,0,Roman Catholic,3-11,0,0,205,30,30,19,11,63%,37%,,,,,,,,,,9,30%,21,70%,5,17%,29,97%,43%,3%,,,,,,,,,,,,,60%,7%,0%,100,40%,3%,0%,98,57%,3%,0%,100,77%,10%,20%,0%,93%,0%,47%,36%,,,,33%,48%,-34,SUPP,41%,0%,9%,,,,0%,5%,-10,SUPP,3%,,,,,,,,,,,,,,,,,,,,,,,,,,,,,,,,,,,,,,,,,,,,,,,,,,,,,,,,,,,,,,,,,,,,,,,,,,,,,,,,,,,,,99,101,,,,99,100,SUPP,100,101,100,,,,96,102,SUPP,100,97,100,,,,98,98,SUPP,98,,,,56%,62%,,,,44%,38%,,,,33%,67%,,,,67%,81%,,,,0%,10%,,,,0%,5%,,,,0%,5%,,,,11%,10%,25,83%,0,0%,1,3%,5,17%,6,20%,22,23%,77%,59%,0%,SUPP,SUPP,SUPP,SUPP,-4.8,-7.4,-2.2,-2.6,-5.1,-0.1,-3.3,-5.7,-0.8,103,103
1,3676,919,3991,144909,Broadfield Academy,Windmill Road,,,Hemel Hempstead,HP2 4BX,1442262103,E14001278,Hemel Hempstead,0,,,ACC,0,Does not apply,3-11,0,0,411,40,45,26,19,58%,42%,,,,,,,,,,17,38%,28,62%,8,18%,33,73%,51%,0%,,,,,,,,,,,,,69%,22%,4%,104,67%,31%,4%,105,69%,20%,4%,104,56%,2%,16%,0%,67%,0%,54%,47%,,,,59%,46%,-8,75%,55%,0%,0%,,,,0%,0%,-10,0%,0%,,,,,,,,,,,,,,,,,,,,,,,,,,,,,,,,,,,,,,,,,,,,,,,,,,,,,,,,,,,,,,,,,,,,,,,,,,,,,,,,,,,,,104,104,,,,104,104,104,104,105,103,,,,103,105,108,104,104,105,,,,106,104,108,105,,,,71%,68%,,,,76%,61%,,,,65%,71%,,,,65%,50%,,,,12%,29%,,,,35%,29%,,,,12%,25%,,,,0%,4%,35,78%,2,4%,1,2%,12,27%,13,29%,51,24%,76%,51%,0%,33%,0%,56%,0%,2.7,0.9,4.4,-2.3,-4,-0.6,-0.1,-1.8,1.5,108,103
1,19978,919,5202,117562,Parkside Community Primary School,Aycliffe Road,,,Borehamwood,WD6 4EP,2083873000,E14001284,Hertsmere,0,,,FD,0,None,3-11,0,0,247,29,29,14,15,48%,52%,,,,,,,,,,16,55%,13,45%,13,45%,27,93%,62%,7%,,,,,,,,,,,,,79%,31%,0%,106,79%,41%,0%,107,76%,28%,0%,105,72%,7%,7%,0%,93%,0%,71%,53%,,,,56%,69%,-11,69%,63%,0%,13%,,,,6%,8%,-4,8%,7%,,,,,,,,,,,,,,,,,,,,,,,,,,,,,,,,,,,,,,,,,,,,,,,,,,,,,,,,,,,,,,,,,,,,,,,,,,,,,,,,,,,,,107,106,,,,105,108,107,107,109,102,,,,103,108,108,105,108,106,,,,107,107,108,107,,,,75%,85%,,,,81%,77%,,,,69%,85%,,,,69%,77%,,,,13%,54%,,,,38%,46%,,,,13%,46%,,,,6%,8%,16,55%,0,0%,0,0%,1,3%,1,3%,25,28%,72%,52%,12%,43%,0%,56%,17%,-4.8,-7.5,-2.1,-3.7,-6.3,-1.1,-2,-4.5,0.5,103,105
1,18502,919,5209,117569,Northaw Church of England Primary School,Vineyards Road,Northaw,,Potters Bar,EN6 4PB,1707652869,E14001284,Hertsmere,0,,,VA,0,Church of England,3-11,0,0,102,16,16,8,8,50%,50%,,,,,,,,,,1,6%,15,94%,3,19%,16,100%,75%,6%,,,,,,,,,,,,,75%,44%,6%,107,75%,31%,6%,105,81%,31%,6%,106,75%,19%,25%,0%,75%,0%,88%,63%,,,,SUPP,SUPP,SUPP,SUPP,75%,13%,0%,,,,SUPP,SUPP,SUPP,SUPP,6%,,,,,,,,,,,,,,,,,,,,,,,,,,,,,,,,,,,,,,,,,,,,,,,,,,,,,,,,,,,,,,,,,,,,,,,,,,,,,,,,,,,,,109,106,,,,SUPP,SUPP,SUPP,107,109,103,,,,SUPP,SUPP,SUPP,106,108,101,,,,SUPP,SUPP,SUPP,105,,,,SUPP,SUPP,,,,SUPP,SUPP,,,,SUPP,SUPP,,,,SUPP,SUPP,,,,SUPP,SUPP,,,,SUPP,SUPP,,,,SUPP,SUPP,,,,SUPP,SUPP,13,81%,0,0%,1,6%,1,6%,2,13%,15,27%,73%,67%,33%,SUPP,SUPP,SUPP,SUPP,4.3,1.1,7.5,2.6,-0.4,5.7,0.1,-2.9,3,110,105
2,6136,919,7013,117672,The Collett School,Lockers Park Lane,,,Hemel Hempstead,HP1 1TQ,1442398988,E14001278,Hemel Hempstead,0,,,CYS,0,Does not apply,4-16,0,0,127,13,13,10,3,77%,23%,,,,,,,,,,6,46%,7,54%,1,8%,12,92%,0%,0%,,,,,,,,,,,,,0%,0%,0%,,0%,0%,0%,,0%,0%,0%,,0%,0%,0%,0%,0%,0%,0%,SUPP,,,,0%,0%,-67,SUPP,0%,0%,SUPP,,,,0%,0%,-10,SUPP,0%,,,,,,,,,,,,,,,,,,,,,,,,,,,,,,,,,,,,,,,,,,,,,,,,,,,,,,,,,,,,,,,,,,,,,,,,,,,,,,,,,,,,,,SUPP,,,,,,SUPP,,,SUPP,,,,,,SUPP,,,SUPP,,,,,,SUPP,,,,,0%,0%,,,,0%,0%,,,,0%,0%,,,,0%,0%,,,,0%,0%,,,,0%,0%,,,,0%,0%,,,,0%,0%,12,92%,0,0%,13,100%,0,0%,13,100%,8,38%,63%,0%,0%,SUPP,SUPP,SUPP,SUPP,-9.6,-14.6,-4.5,-9.2,-14.1,-4.4,-8,-12.7,-3.3
2,3420,919,7024,117681,Breakspeare School,Gallows Hill Lane,,,Abbots Langley,WD5 0BU,1923263645,E14001496,South West Hertfordshire,0,,,CYS,0,Does not apply,2-19,0,0,106,7,7,5,2,71%,29%,,,,,,,,,,4,57%,3,43%,1,14%,7,100%,0%,0%,,,,,,,,,,,,,0%,0%,0%,,0%,0%,0%,,0%,0%,0%,,0%,0%,0%,0%,0%,0%,SUPP,SUPP,,,,SUPP,SUPP,SUPP,SUPP,0%,SUPP,SUPP,,,,SUPP,SUPP,SUPP,SUPP,0%,,,,,,,,,,,,,,,,,,,,,,,,,,,,,,,,,,,,,,,,,,,,,,,,,,,,,,,,,,,,,,,,,,,,,,,,,,,,,,,,,,,,,SUPP,SUPP,,,,SUPP,SUPP,SUPP,,SUPP,SUPP,,,,SUPP,SUPP,SUPP,,SUPP,SUPP,,,,SUPP,SUPP,SUPP,,,,,SUPP,SUPP,,,,SUPP,SUPP,,,,SUPP,SUPP,,,,SUPP,SUPP,,,,SUPP,SUPP,,,,SUPP,SUPP,,,,SUPP,SUPP,,,,SUPP,SUPP,6,86%,0,0%,7,100%,0,0%,7,100%,5,SUPP,SUPP,SUPP,SUPP,SUPP,SUPP,SUPP,SUPP,SUPP,SUPP,SUPP,SUPP,SUPP,SUPP,SUPP,SUPP,SUPP,SUPP,SUPP
1,18548,919,2009,138539,Northgate Primary School,Cricketfield Lane,,,Bishop's Stortford,CM23 2RL,1279652376,E14001283,Hertford and Stortford,0,,,ACC,0,Does not apply,3-11,0,0,450,60,60,32,28,53%,47%,,,,,,,,,,6,10%,54,90%,5,8%,57,95%,68%,17%,,,,,,,,,,,,,82%,25%,2%,106,80%,27%,0%,105,88%,30%,0%,107,75%,23%,20%,0%,92%,0%,63%,75%,,,,33%,72%,-34,SUPP,70%,25%,7%,,,,17%,17%,7,SUPP,18%,,,,,,,,,,,,,,,,,,,,,,,,,,,,,,,,,,,,,,,,,,,,,,,,,,,,,,,,,,,,,,,,,,,,,,,,,,,,,,,,,,,,,106,107,,,,105,106,SUPP,106,108,105,,,,105,107,SUPP,107,106,105,,,,100,106,SUPP,105,,,,50%,85%,,,,33%,85%,,,,67%,91%,,,,33%,80%,,,,17%,26%,,,,17%,28%,,,,17%,31%,,,,17%,24%,55,92%,0,0%,0,0%,9,15%,9,15%,62,11%,89%,79%,21%,71%,14%,80%,22%,1,-0.6,2.7,1,-0.5,2.6,1.7,0.2,3.2,110,110
1,12484,919,2016,117091,Holdbrook Primary School and Nursery,Longcroft Drive,,,Waltham Cross,EN8 7QG,1992716789,E14001139,Broxbourne,0,,,CY,0,Does not apply,3-11,0,0,205,22,21,10,11,48%,52%,,,,,,,,,,11,52%,10,48%,10,48%,18,86%,48%,5%,,,,,,,,,,,,,90%,33%,0%,107,95%,81%,0%,113,90%,52%,0%,109,48%,5%,48%,0%,76%,0%,50%,45%,,,,45%,50%,-22,50%,56%,10%,0%,,,,0%,10%,-10,10%,6%,,,,,,,,,,,,,,,,,,,,,,,,,,,,,,,,,,,,,,,,,,,,,,,,,,,,,,,,,,,,,,,,,,,,,,,,,,,,,,,,,,,,,109,106,,,,107,108,108,107,111,108,,,,107,113,111,110,114,113,,,,112,115,114,114,,,,91%,90%,,,,100%,90%,,,,91%,90%,,,,45%,50%,,,,27%,40%,,,,73%,90%,,,,36%,70%,,,,0%,10%,11,52%,0,0%,1,5%,2,10%,3,14%,23,74%,26%,57%,9%,47%,6%,83%,17%,2.1,-0.5,4.6,1.5,-0.9,4,3.1,0.7,5.5,105,106
2,33208,919,7041,137997,"Woolgrove School, Special Needs Academy",Pryor Way,,,Letchworth Garden City,SG6 2PT,1462622422,E14001393,North East Hertfordshire,0,,,ACCS,0,Does not apply,4-11,0,0,125,30,29,23,6,79%,21%,,,,,,,,,,15,52%,14,48%,2,7%,27,93%,0%,0%,,,,,,,,,,,,,0%,0%,0%,,0%,0%,0%,,0%,0%,0%,,0%,0%,0%,0%,0%,0%,0%,0%,,,,0%,0%,-67,SUPP,0%,0%,0%,,,,0%,0%,-10,SUPP,0%,,,,,,,,,,,,,,,,,,,,,,,,,,,,,,,,,,,,,,,,,,,,,,,,,,,,,,,,,,,,,,,,,,,,,,,,,,,,,,,,,,,,,,,,,,,,SUPP,,,,,,,,,SUPP,,,,,,,,,SUPP,,,,,0%,0%,,,,0%,0%,,,,0%,0%,,,,0%,0%,,,,0%,0%,,,,0%,0%,,,,0%,0%,,,,0%,0%,27,93%,0,0%,29,100%,0,0%,29,100%,27,48%,52%,0%,0%,0%,0%,0%,0%,-7.8,-10.3,-5.3,-6.3,-8.6,-3.9,-7.9,-10.2,-5.6
1,32592,919,2038,140611,Wilshere-Dacre Junior Academy,Fishponds Road,,,Hitchin,SG5 1NS,1462459215,E14001289,Hitchin,0,,,AC,0,Does not apply,7-11,0,0,267,62,61,32,29,52%,48%,,,,,,,,,,11,18%,50,82%,10,16%,57,93%,67%,3%,,,,,,,,,,,,,82%,34%,0%,107,89%,44%,0%,109,75%,18%,0%,104,80%,8%,16%,0%,87%,0%,66%,69%,,,,73%,66%,6,70%,70%,3%,3%,,,,0%,4%,-10,0%,4%,,,,,,,,,,,,,,,,,,,,,,,,,,,,,,,,,,,,,,,,,,,,,,,,,,,,,,,,,,,,,,,,,,,,,,,,,,,,,,,,,,,,,106,109,,,,107,107,105,107,104,104,,,,103,104,106,104,107,110,,,,106,109,109,109,,,,82%,82%,,,,82%,90%,,,,73%,76%,,,,82%,80%,,,,36%,34%,,,,27%,48%,,,,18%,18%,,,,9%,8%,51,84%,0,0%,1,2%,14,23%,15,25%,60,17%,83%,68%,12%,40%,0%,74%,14%,-0.7,-2.4,0.9,-1.5,-3.1,0.1,-2,-3.5,-0.4,107,105
1,9726,919,2040,117106,George Street Primary School,George Street,,,Hemel Hempstead,HP2 5HJ,1442255638,E14001278,Hemel Hempstead,0,,,CY,0,Does not apply,3-11,0,0,220,30,30,17,13,57%,43%,,,,,,,,,,10,33%,20,67%,6,20%,29,97%,70%,13%,,,,,,,,,,,,,73%,37%,0%,106,70%,30%,0%,105,87%,30%,0%,106,83%,17%,17%,0%,83%,0%,71%,69%,,,,60%,75%,-7,83%,69%,0%,31%,,,,0%,20%,-10,17%,14%,,,,,,,,,,,,,,,,,,,,,,,,,,,,,,,,,,,,,,,,,,,,,,,,,,,,,,,,,,,,,,,,,,,,,,,,,,,,,,,,,,,,,104,108,,,,103,107,105,106,105,107,,,,103,107,107,106,103,107,,,,99,108,110,104,,,,60%,80%,,,,40%,85%,,,,80%,90%,,,,80%,85%,,,,30%,40%,,,,0%,45%,,,,10%,40%,,,,0%,25%,24,80%,0,0%,1,3%,1,3%,2,7%,29,17%,83%,69%,0%,SUPP,SUPP,SUPP,SUPP,1.1,-1.2,3.5,1.1,-1.1,3.4,3.8,1.7,6,104,106
1,12226,919,2057,117115,Highover Junior Mixed and Infant School,Cambridge Road,,,Hitchin,SG4 0JP,1462622333,E14001289,Hitchin,0,,,CY,0,Does not apply,3-11,0,0,428,60,60,29,31,48%,52%,,,,,,,,,,6,10%,54,90%,11,18%,57,95%,67%,13%,,,,,,,,,,,,,95%,43%,0%,107,88%,40%,0%,108,88%,40%,0%,107,70%,17%,28%,0%,85%,0%,52%,81%,,,,33%,70%,-34,73%,67%,7%,19%,,,,0%,15%,-10,9%,12%,,,,,,,,,,,,,,,,,,,,,,,,,,,,,,,,,,,,,,,,,,,,,,,,,,,,,,,,,,,,,,,,,,,,,,,,,,,,,,,,,,,,,107,108,,,,103,108,107,108,106,108,,,,101,108,107,107,106,109,,,,101,108,109,108,,,,83%,96%,,,,67%,91%,,,,67%,91%,,,,33%,74%,,,,17%,46%,,,,17%,43%,,,,17%,43%,,,,0%,19%,49,82%,0,0%,1,2%,11,18%,12,20%,58,10%,90%,67%,17%,33%,0%,71%,19%,4.6,2.9,6.2,-1.1,-2.7,0.5,3.7,2.2,5.3,111,109
1,11964,919,2072,117125,Hertford Heath Primary and Nursery School,Woodland Road,Hertford Heath,,Hertford,SG13 7QW,1992583622,E14001139,Broxbourne,0,,,CY,0,Does not apply,3-11,0,0,195,27,27,15,12,56%,44%,,,,,,,,,,7,26%,20,74%,3,11%,26,96%,48%,0%,,,,,,,,,,,,,70%,22%,0%,106,74%,26%,0%,104,52%,11%,0%,101,52%,4%,33%,0%,59%,0%,33%,67%,,,,0%,65%,-67,SUPP,50%,0%,0%,,,,0%,0%,-10,SUPP,0%,,,,,,,,,,,,,,,,,,,,,,,,,,,,,,,,,,,,,,,,,,,,,,,,,,,,,,,,,,,,,,,,,,,,,,,,,,,,,,,,,,,,,103,109,,,,102,107,SUPP,107,99,102,,,,94,103,SUPP,101,103,106,,,,101,105,SUPP,104,,,,43%,80%,,,,57%,80%,,,,0%,70%,,,,14%,65%,,,,0%,30%,,,,14%,30%,,,,0%,15%,,,,0%,5%,24,89%,0,0%,1,4%,5,19%,6,22%,27,19%,81%,67%,7%,SUPP,SUPP,SUPP,SUPP,1.7,-0.6,4.1,1,-1.3,3.3,-1.6,-3.9,0.6,108,104
1,16434,919,2074,117127,Markyate Village School and Nursery,Cavendish Road,Markyate,,St Albans,AL3 8PT,1582840537,E14001268,Harpenden and Berkhamsted,0,,,CY,0,Does not apply,4-11,0,0,228,45,44,24,20,55%,45%,,,,,,,,,,5,11%,39,89%,3,7%,38,86%,59%,7%,,,,,,,,,,,,,80%,30%,2%,106,68%,30%,2%,105,70%,18%,5%,104,73%,16%,25%,2%,73%,2%,63%,55%,,,,SUPP,SUPP,SUPP,SUPP,61%,4%,10%,,,,SUPP,SUPP,SUPP,SUPP,8%,,,,,,,,,,,,,,,,,,,,,,,,,,,,,,,,,,,,,,,,,,,,,,,,,,,,,,,,,,,,,,,,,,,,,,,,,,,,,,,,,,,,,105,107,,,,SUPP,SUPP,SUPP,106,104,104,,,,SUPP,SUPP,SUPP,104,104,105,,,,SUPP,SUPP,SUPP,105,,,,SUPP,SUPP,,,,SUPP,SUPP,,,,SUPP,SUPP,,,,SUPP,SUPP,,,,SUPP,SUPP,,,,SUPP,SUPP,,,,SUPP,SUPP,,,,SUPP,SUPP,41,93%,0,0%,1,2%,7,16%,8,18%,33,27%,73%,52%,0%,22%,0%,63%,0%,2.8,0.7,4.9,-0.1,-2.2,2,-0.7,-2.7,1.3,107,102
1,27378,919,2106,117148,Sandridge School,Woodcock Hill,Sandridge,,St Albans,AL4 9EB,1727850576,E14001268,Harpenden and Berkhamsted,0,,,CY,0,Does not apply,4-11,0,0,161,31,31,16,15,52%,48%,,,,,,,,,,4,13%,27,87%,9,29%,28,90%,55%,6%,,,,,,,,,,,,,74%,42%,0%,106,74%,42%,0%,107,74%,32%,0%,105,65%,13%,23%,0%,74%,0%,50%,60%,,,,SUPP,SUPP,SUPP,67%,54%,6%,7%,,,,SUPP,SUPP,SUPP,0%,7%,,,,,,,,,,,,,,,,,,,,,,,,,,,,,,,,,,,,,,,,,,,,,,,,,,,,,,,,,,,,,,,,,,,,,,,,,,,,,,,,,,,,,106,107,,,,SUPP,SUPP,108,106,108,103,,,,SUPP,SUPP,110,105,106,107,,,,SUPP,SUPP,109,107,,,,SUPP,SUPP,,,,SUPP,SUPP,,,,SUPP,SUPP,,,,SUPP,SUPP,,,,SUPP,SUPP,,,,SUPP,SUPP,,,,SUPP,SUPP,,,,SUPP,SUPP,22,71%,0,0%,2,6%,4,13%,6,19%,31,29%,71%,61%,10%,22%,0%,77%,14%,1.1,-1.3,3.6,0.1,-2.2,2.4,1.6,-0.7,3.9,105,105
1,8942,919,2123,117160,Field Junior School,Watford Field Road,,,Watford,WD18 0AZ,1923221877,E14001568,Watford,0,,,CY,0,Does not apply,7-11,0,0,241,60,60,28,32,47%,53%,,,,,,,,,,12,20%,48,80%,26,43%,57,95%,87%,10%,,,,,,,,,,,,,88%,58%,0%,109,92%,63%,0%,110,92%,53%,0%,109,97%,15%,2%,0%,93%,0%,89%,84%,,,,75%,90%,8,92%,88%,11%,9%,,,,8%,10%,-2,8%,11%,,,,,,,,,,,,,,,,,,,,,,,,,,,,,,,,,,,,,,,,,,,,,,,,,,,,,,,,,,,,,,,,,,,,,,,,,,,,,,,,,,,,,108,110,,,,106,110,110,109,109,109,,,,106,110,110,109,110,111,,,,104,112,111,110,,,,75%,92%,,,,67%,98%,,,,83%,94%,,,,92%,98%,,,,50%,60%,,,,42%,69%,,,,25%,60%,,,,17%,15%,34,57%,0,0%,1,2%,9,15%,10,17%,89,19%,81%,82%,20%,59%,12%,88%,22%,0.8,-0.7,2.2,2.7,1.4,4.1,4.6,3.2,5.9,108,110
1,20102,919,2140,148989,Peartree Primary School,Peartree Primary School,,Peartree Lane,Welwyn Garden City,AL7 3XW,1707881033,E14001573,Welwyn Hatfield,0,,,ACC,0,Does not apply,5-11,0,0,188,25,27,13,14,48%,52%,,,,,,,,,,13,48%,14,52%,5,19%,24,89%,78%,11%,,,,,,,,,,,,,81%,56%,4%,109,78%,22%,4%,104,85%,30%,4%,106,78%,22%,7%,4%,81%,4%,85%,71%,,,,62%,93%,-5,SUPP,79%,15%,7%,,,,15%,7%,5,SUPP,8%,,,,,,,,,,,,,,,,,,,,,,,,,,,,,,,,,,,,,,,,,,,,,,,,,,,,,,,,,,,,,,,,,,,,,,,,,,,,,,,,,,,,,111,108,,,,105,114,SUPP,109,109,103,,,,102,109,SUPP,106,106,103,,,,101,108,SUPP,104,,,,69%,93%,,,,62%,93%,,,,77%,93%,,,,62%,93%,,,,31%,79%,,,,15%,29%,,,,15%,43%,,,,15%,29%,21,78%,1,4%,2,7%,7,26%,9,33%,28,32%,68%,61%,7%,44%,0%,68%,11%,-0.7,-3.2,1.7,3.8,1.4,6.1,-0.2,-2.5,2.1,102,101
1,13902,919,2155,117183,Kenilworth Primary School,Kenilworth Drive,,,Borehamwood,WD6 1QL,2089533459,E14001284,Hertsmere,0,,,CY,0,Does not apply,3-11,0,0,207,21,21,13,8,62%,38%,,,,,,,,,,6,29%,15,71%,8,38%,21,100%,52%,0%,,,,,,,,,,,,,71%,10%,0%,102,43%,5%,0%,99,62%,10%,0%,102,67%,5%,24%,0%,67%,0%,54%,50%,,,,83%,40%,16,63%,52%,0%,0%,,,,0%,0%,-10,0%,0%,,,,,,,,,,,,,,,,,,,,,,,,,,,,,,,,,,,,,,,,,,,,,,,,,,,,,,,,,,,,,,,,,,,,,,,,,,,,,,,,,,,,,103,100,,,,105,101,101,102,104,99,,,,105,101,105,102,100,97,,,,103,97,100,99,,,,83%,67%,,,,67%,33%,,,,83%,53%,,,,83%,60%,,,,0%,13%,,,,0%,7%,,,,17%,7%,,,,0%,7%,13,62%,0,0%,3,14%,5,24%,8,38%,24,17%,83%,33%,0%,SUPP,SUPP,SUPP,SUPP,-4.5,-7.1,-1.8,-3.4,-5.9,-0.8,-5.6,-8,-3.1,99,96
1,8850,919,2005,131505,Featherstone Wood Primary School,Featherston Road,,,Stevenage,SG2 9PP,1438235550,E14001516,Stevenage,0,,,CY,0,Does not apply,3-11,0,0,185,29,28,13,15,46%,54%,,,,,,,,,,9,32%,19,68%,6,21%,22,79%,61%,0%,,,,,,,,,,,,,64%,36%,0%,103,68%,29%,0%,103,68%,4%,0%,101,61%,4%,29%,0%,71%,0%,69%,53%,,,,56%,63%,-11,67%,68%,0%,0%,,,,0%,0%,-10,0%,0%,,,,,,,,,,,,,,,,,,,,,,,,,,,,,,,,,,,,,,,,,,,,,,,,,,,,,,,,,,,,,,,,,,,,,,,,,,,,,,,,,,,,,104,102,,,,99,105,105,104,102,100,,,,98,102,103,103,103,102,,,,98,105,110,103,,,,56%,68%,,,,56%,74%,,,,56%,74%,,,,56%,63%,,,,33%,37%,,,,11%,37%,,,,0%,5%,,,,0%,5%,21,75%,1,4%,0,0%,4,14%,4,14%,27,56%,44%,30%,0%,27%,0%,33%,0%,-1.1,-3.6,1.3,-1.8,-4.1,0.6,-1.9,-4.4,0.5,101,99
1,2526,919,2007,132105,Birchwood Avenue Primary School,Birchwood Avenue,,,Hatfield,AL10 0PS,1707262503,E14001573,Welwyn Hatfield,0,,,CY,0,Does not apply,5-11,0,0,235,57,51,24,27,47%,53%,,,,,,,,,,21,41%,30,59%,22,43%,39,76%,37%,2%,,,,,,,,,,,,,67%,27%,0%,104,61%,24%,2%,103,51%,16%,2%,101,43%,2%,37%,0%,69%,0%,33%,41%,,,,24%,47%,-43,41%,36%,4%,0%,,,,0%,3%,-10,0%,3%,,,,,,,,,,,,,,,,,,,,,,,,,,,,,,,,,,,,,,,,,,,,,,,,,,,,,,,,,,,,,,,,,,,,,,,,,,,,,,,,,,,,,103,105,,,,103,105,105,104,101,100,,,,99,102,102,100,102,103,,,,100,105,105,102,,,,62%,70%,,,,48%,70%,,,,43%,57%,,,,29%,53%,,,,24%,30%,,,,14%,30%,,,,10%,20%,,,,0%,3%,29,57%,0,0%,4,8%,9,18%,13,25%,29,38%,62%,48%,7%,45%,0%,50%,11%,-1.2,-3.7,1.3,0.4,-2,2.8,-1.2,-3.5,1.2,103,102
1,2070,919,2020,145350,Beechfield School,Gammons Lane,,,Watford,WD24 5TY,1923221269,E14001568,Watford,0,,,ACC,0,Does not apply,3-11,0,0,435,56,52,25,27,48%,52%,,,,,,,,,,9,17%,43,83%,29,56%,38,73%,71%,12%,,,,,,,,,,,,,77%,33%,0%,105,87%,48%,0%,108,92%,38%,0%,109,73%,15%,21%,0%,79%,0%,72%,70%,,,,78%,70%,11,62%,82%,16%,7%,,,,11%,12%,1,14%,13%,,,,,,,,,,,,,,,,,,,,,,,,,,,,,,,,,,,,,,,,,,,,,,,,,,,,,,,,,,,,,,,,,,,,,,,,,,,,,,,,,,,,,106,105,,,,108,105,104,108,109,108,,,,108,109,109,110,109,107,,,,108,108,108,110,,,,100%,72%,,,,89%,86%,,,,89%,93%,,,,78%,72%,,,,33%,33%,,,,44%,49%,,,,33%,40%,,,,11%,16%,22,42%,1,2%,2,4%,5,10%,7,13%,48,25%,75%,67%,10%,75%,8%,64%,11%,2,0.2,3.9,3.4,1.6,5.1,3.3,1.5,5.1,105,106
1,27832,919,2022,117096,Shepherd Primary,Shepherd's Lane,,,Rickmansworth,WD3 8JJ,1923773478,E14001496,South West Hertfordshire,0,,,CY,0,Does not apply,3-11,0,0,213,42,42,23,19,55%,45%,,,,,,,,,,6,14%,36,86%,11,26%,39,93%,71%,2%,,,,,,,,,,,,,81%,48%,0%,107,86%,67%,0%,110,86%,60%,0%,109,74%,2%,14%,0%,83%,0%,70%,74%,,,,50%,75%,-17,64%,77%,0%,5%,,,,0%,3%,-10,0%,3%,,,,,,,,,,,,,,,,,,,,,,,,,,,,,,,,,,,,,,,,,,,,,,,,,,,,,,,,,,,,,,,,,,,,,,,,,,,,,,,,,,,,,106,108,,,,103,108,104,108,109,109,,,,103,110,112,110,110,111,,,,107,111,110,111,,,,83%,81%,,,,83%,86%,,,,67%,89%,,,,50%,78%,,,,33%,50%,,,,33%,72%,,,,33%,64%,,,,0%,3%,31,74%,0,0%,0,0%,6,14%,6,14%,41,27%,73%,54%,10%,18%,0%,67%,13%,-2.3,-4.4,-0.3,1.6,-0.4,3.6,-2.2,-4.1,-0.2,103,103
1,10500,919,2039,117105,Green Lanes Primary School,Green Lanes,,,Hatfield,AL10 9JY,1707262556,E14001573,Welwyn Hatfield,0,,,CY,0,Does not apply,5-11,0,0,416,58,58,23,35,40%,60%,,,,,,,,,,0,0%,58,100%,12,21%,55,95%,69%,17%,,,,,,,,,,,,,88%,50%,0%,108,83%,52%,0%,109,78%,34%,0%,107,74%,19%,22%,2%,88%,0%,48%,83%,,,,,SUPP,,83%,71%,13%,20%,,,,,SUPP,,25%,18%,,,,,,,,,,,,,,,,,,,,,,,,,,,,,,,,,,,,,,,,,,,,,,,,,,,,,,,,,,,,,,,,,,,,,,,,,,,,,,,,,,,,,105,110,,,,,SUPP,107,109,106,107,,,,,SUPP,108,107,106,111,,,,,SUPP,111,109,,,,,SUPP,,,,,SUPP,,,,,SUPP,,,,,SUPP,,,,,SUPP,,,,,SUPP,,,,,SUPP,,,,,SUPP,45,78%,1,2%,1,2%,8,14%,9,16%,60,12%,88%,57%,7%,29%,0%,60%,8%,1.3,-0.3,2.9,-2.5,-4.1,-1,1.7,0.2,3.2,106,105
1,33452,919,2054,142862,Yavneh Primary School,Hillside Avenue,,,Borehamwood,WD6 1HL,2087365580,E14001284,Hertsmere,0,,,F,0,Orthodox Jewish,4-11,0,0,421,62,62,30,32,48%,52%,,,,,,,,,,6,10%,56,90%,6,10%,61,98%,71%,6%,,,,,,,,,,,,,85%,26%,0%,106,90%,35%,0%,107,94%,32%,0%,107,79%,11%,21%,0%,92%,0%,60%,81%,,,,50%,73%,-17,67%,70%,7%,6%,,,,0%,7%,-10,0%,7%,,,,,,,,,,,,,,,,,,,,,,,,,,,,,,,,,,,,,,,,,,,,,,,,,,,,,,,,,,,,,,,,,,,,,,,,,,,,,,,,,,,,,107,105,,,,104,106,105,106,108,107,,,,106,107,107,107,106,108,,,,107,107,105,107,,,,83%,86%,,,,100%,89%,,,,100%,93%,,,,67%,80%,,,,0%,29%,,,,33%,36%,,,,17%,34%,,,,17%,11%,56,90%,0,0%,1,2%,11,18%,12,19%,59,5%,95%,75%,10%,SUPP,SUPP,SUPP,SUPP,-0.6,-2.2,1,0.2,-1.3,1.8,2.5,1,4,106,108
1,2038,919,2071,144959,Bedmond Academy,Meadow Way,Bedmond,,Abbots Langley,WD5 0RD,1923262825,E14001496,South West Hertfordshire,0,,,AC,0,Does not apply,3-11,0,0,87,5,5,SUPP,SUPP,SUPP,SUPP,,,,,,,,,,SUPP,SUPP,SUPP,SUPP,SUPP,SUPP,SUPP,SUPP,SUPP,SUPP,,,,,,,,,,,,,SUPP,SUPP,SUPP,SUPP,SUPP,SUPP,SUPP,SUPP,SUPP,SUPP,SUPP,SUPP,SUPP,SUPP,SUPP,SUPP,SUPP,SUPP,SUPP,SUPP,,,,SUPP,SUPP,SUPP,SUPP,SUPP,SUPP,SUPP,,,,SUPP,SUPP,SUPP,SUPP,SUPP,,,,,,,,,,,,,,,,,,,,,,,,,,,,,,,,,,,,,,,,,,,,,,,,,,,,,,,,,,,,,,,,,,,,,,,,,,,,,,,,,,,,,SUPP,SUPP,,,,SUPP,SUPP,SUPP,SUPP,SUPP,SUPP,,,,SUPP,SUPP,SUPP,SUPP,SUPP,SUPP,,,,SUPP,SUPP,SUPP,SUPP,,,,SUPP,SUPP,,,,SUPP,SUPP,,,,SUPP,SUPP,,,,SUPP,SUPP,,,,SUPP,SUPP,,,,SUPP,SUPP,,,,SUPP,SUPP,,,,SUPP,SUPP,SUPP,SUPP,SUPP,SUPP,SUPP,SUPP,SUPP,SUPP,SUPP,SUPP,20,30%,70%,20%,0%,0%,0%,29%,0%,-3.5,-6.3,-0.7,-6.1,-8.8,-3.3,-7.2,-9.8,-4.5,102,96
1,15494,919,2073,117126,Little Hadham Primary School,Stortford Road,Little Hadham,,Ware,SG11 2DX,1279771285,E14001393,North East Hertfordshire,0,,,CY,0,Does not apply,3-11,0,0,135,22,21,14,7,67%,33%,,,,,,,,,,5,24%,16,76%,3,14%,15,71%,71%,14%,,,,,,,,,,,,,86%,62%,0%,109,81%,67%,0%,111,81%,38%,0%,107,86%,14%,14%,0%,86%,0%,79%,57%,,,,SUPP,SUPP,SUPP,SUPP,67%,21%,0%,,,,SUPP,SUPP,SUPP,SUPP,7%,,,,,,,,,,,,,,,,,,,,,,,,,,,,,,,,,,,,,,,,,,,,,,,,,,,,,,,,,,,,,,,,,,,,,,,,,,,,,,,,,,,,,109,108,,,,SUPP,SUPP,SUPP,108,108,104,,,,SUPP,SUPP,SUPP,106,112,108,,,,SUPP,SUPP,SUPP,110,,,,SUPP,SUPP,,,,SUPP,SUPP,,,,SUPP,SUPP,,,,SUPP,SUPP,,,,SUPP,SUPP,,,,SUPP,SUPP,,,,SUPP,SUPP,,,,SUPP,SUPP,18,86%,0,0%,0,0%,5,24%,5,24%,20,15%,85%,80%,25%,SUPP,SUPP,SUPP,SUPP,4.3,1.3,7.4,0,-3,3,3.8,0.9,6.7,112,111
1,14924,919,2088,146359,Larkspur Academy,Tower Road,,,Ware,SG12 7LP,1920411000,E14001283,Hertford and Stortford,0,,,AC,0,Does not apply,3-11,0,0,109,19,20,15,5,75%,25%,,,,,,,,,,9,45%,11,55%,2,10%,19,95%,60%,10%,,,,,,,,,,,,,75%,15%,5%,104,55%,10%,5%,101,75%,15%,5%,103,70%,20%,15%,0%,85%,0%,60%,SUPP,,,,33%,82%,-34,SUPP,58%,7%,SUPP,,,,0%,18%,-10,SUPP,11%,,,,,,,,,,,,,,,,,,,,,,,,,,,,,,,,,,,,,,,,,,,,,,,,,,,,,,,,,,,,,,,,,,,,,,,,,,,,,,,,,,,,,102,SUPP,,,,100,107,SUPP,104,103,SUPP,,,,100,107,SUPP,103,100,SUPP,,,,98,104,SUPP,101,,,,56%,91%,,,,33%,73%,,,,56%,91%,,,,44%,91%,,,,11%,18%,,,,0%,18%,,,,0%,27%,,,,11%,27%,18,90%,0,0%,2,10%,3,15%,5,25%,11,45%,55%,45%,9%,SUPP,SUPP,SUPP,SUPP,-1,-4.7,2.7,2.7,-0.8,6.3,-1.8,-5.3,1.7,102,101
1,27370,919,2105,117147,Sandon Junior Mixed and Infant School,Sandon,,,Nr Buntingford,SG9 0QS,1763287238,E14001393,North East Hertfordshire,0,,,CY,0,Does not apply,4-11,0,0,46,6,7,4,3,57%,43%,,,,,,,,,,0,0%,7,100%,1,14%,7,100%,71%,0%,,,,,,,,,,,,,71%,29%,0%,107,71%,0%,0%,99,71%,0%,0%,103,86%,0%,0%,0%,71%,0%,SUPP,SUPP,,,,,SUPP,,SUPP,71%,SUPP,SUPP,,,,,SUPP,,SUPP,0%,,,,,,,,,,,,,,,,,,,,,,,,,,,,,,,,,,,,,,,,,,,,,,,,,,,,,,,,,,,,,,,,,,,,,,,,,,,,,,,,,,,,,SUPP,SUPP,,,,,SUPP,SUPP,107,SUPP,SUPP,,,,,SUPP,SUPP,103,SUPP,SUPP,,,,,SUPP,SUPP,99,,,,,SUPP,,,,,SUPP,,,,,SUPP,,,,,SUPP,,,,,SUPP,,,,,SUPP,,,,,SUPP,,,,,SUPP,6,86%,0,0%,1,14%,1,14%,2,29%,13,8%,92%,38%,8%,SUPP,SUPP,SUPP,SUPP,1.5,-1.9,4.9,-3.3,-6.6,0,-1.5,-4.7,1.7,105,101
1,19724,919,2137,144906,Oxhey Wood Primary School,Oxhey Drive,South Oxhey,,Watford,WD19 7SL,2084284828,E14001496,South West Hertfordshire,0,,,ACC,0,Does not apply,3-11,0,0,377,45,47,22,25,47%,53%,,,,,,,,,,15,32%,32,68%,21,45%,41,87%,72%,6%,,,,,,,,,,,,,81%,23%,0%,105,85%,40%,0%,107,85%,30%,0%,107,81%,15%,11%,0%,83%,0%,73%,72%,,,,53%,81%,-14,71%,71%,9%,4%,,,,0%,9%,-10,5%,5%,,,,,,,,,,,,,,,,,,,,,,,,,,,,,,,,,,,,,,,,,,,,,,,,,,,,,,,,,,,,,,,,,,,,,,,,,,,,,,,,,,,,,106,104,,,,102,106,105,105,108,105,,,,104,108,108,106,107,106,,,,101,110,110,106,,,,60%,91%,,,,67%,94%,,,,73%,91%,,,,67%,88%,,,,7%,31%,,,,20%,50%,,,,20%,34%,,,,0%,22%,26,55%,0,0%,6,13%,8,17%,14,30%,43,40%,60%,74%,7%,53%,6%,88%,8%,2,0,3.9,0.7,-1.1,2.6,2.1,0.2,3.9,106,106
1,31280,919,2139,117171,Watton-at-Stone Primary and Nursery School,Rectory Lane,Watton-At-Stone,,Hertford,SG14 3SG,1920830233,E14001393,North East Hertfordshire,0,,,CY,0,Does not apply,2-11,0,0,222,24,23,13,10,57%,43%,,,,,,,,,,0,0%,23,100%,1,4%,22,96%,65%,17%,,,,,,,,,,,,,87%,43%,0%,107,78%,35%,0%,105,70%,35%,0%,105,74%,30%,17%,0%,78%,0%,69%,60%,,,,,SUPP,,SUPP,68%,31%,0%,,,,,SUPP,,SUPP,18%,,,,,,,,,,,,,,,,,,,,,,,,,,,,,,,,,,,,,,,,,,,,,,,,,,,,,,,,,,,,,,,,,,,,,,,,,,,,,,,,,,,,,108,106,,,,,SUPP,SUPP,109,108,101,,,,,SUPP,SUPP,106,106,104,,,,,SUPP,SUPP,106,,,,,SUPP,,,,,SUPP,,,,,SUPP,,,,,SUPP,,,,,SUPP,,,,,SUPP,,,,,SUPP,,,,,SUPP,22,96%,0,0%,0,0%,7,30%,7,30%,27,19%,81%,59%,7%,SUPP,SUPP,SUPP,SUPP,-0.1,-2.4,2.3,0.4,-1.8,2.7,-1.4,-3.6,0.9,106,103
1,6678,919,2136,150698,Creswick Academy,Sir John Newsom Way,,,Welwyn Garden City,AL7 4FL,1707323038,E14001573,Welwyn Hatfield,0,,,AC,0,Does not apply,4-11,0,0,NEW
1,29514,919,2027,133488,Swallow Dell Primary and Nursery School,Blackthorn Road,,,Welwyn Garden City,AL7 3JP,1707339079,E14001573,Welwyn Hatfield,0,,,CY,0,Does not apply,2-11,0,0,419,56,55,28,27,51%,49%,,,,,,,,,,27,49%,28,51%,8,15%,51,93%,35%,2%,,,,,,,,,,,,,60%,16%,2%,102,42%,11%,2%,98,44%,9%,2%,99,49%,5%,33%,0%,53%,0%,21%,48%,,,,26%,43%,-41,63%,31%,0%,4%,,,,4%,0%,-6,13%,2%,,,,,,,,,,,,,,,,,,,,,,,,,,,,,,,,,,,,,,,,,,,,,,,,,,,,,,,,,,,,,,,,,,,,,,,,,,,,,,,,,,,,,99,105,,,,101,102,101,102,98,99,,,,97,100,103,98,96,102,,,,97,100,99,98,,,,52%,68%,,,,37%,46%,,,,41%,46%,,,,44%,54%,,,,15%,18%,,,,7%,14%,,,,7%,11%,,,,4%,7%,47,85%,0,0%,0,0%,20,36%,20,36%,59,49%,51%,32%,5%,21%,3%,43%,7%,-0.5,-2.2,1.1,-3.3,-4.9,-1.8,-2.9,-4.5,-1.3,102,98
1,16228,919,2034,117103,Manland Primary School,Sauncey Avenue,,,Harpenden,AL5 4QW,1582713452,E14001268,Harpenden and Berkhamsted,0,,,CY,0,Does not apply,4-11,0,0,201,30,31,16,15,52%,48%,,,,,,,,,,2,6%,29,94%,5,16%,29,94%,87%,32%,,,,,,,,,,,,,94%,52%,0%,110,90%,58%,0%,110,94%,52%,0%,110,90%,45%,10%,0%,90%,0%,88%,87%,,,,SUPP,SUPP,SUPP,SUPP,90%,38%,27%,,,,SUPP,SUPP,SUPP,SUPP,34%,,,,,,,,,,,,,,,,,,,,,,,,,,,,,,,,,,,,,,,,,,,,,,,,,,,,,,,,,,,,,,,,,,,,,,,,,,,,,,,,,,,,,112,108,,,,SUPP,SUPP,SUPP,111,112,108,,,,SUPP,SUPP,SUPP,110,112,108,,,,SUPP,SUPP,SUPP,110,,,,SUPP,SUPP,,,,SUPP,SUPP,,,,SUPP,SUPP,,,,SUPP,SUPP,,,,SUPP,SUPP,,,,SUPP,SUPP,,,,SUPP,SUPP,,,,SUPP,SUPP,26,84%,0,0%,1,3%,5,16%,6,19%,30,13%,87%,87%,30%,SUPP,SUPP,SUPP,SUPP,1.9,-0.4,4.1,2.1,-0.1,4.3,3.7,1.5,5.9,109,111
1,5166,919,2036,139550,Chaulden Junior School,School Row,Chaulden,,Hemel Hempstead,HP1 2JU,,E14000739,Hemel Hempstead,0,,,AC,1,Does not apply,7-11,0,0,136,32,32,16,16,50%,50%,,,,,,,,,,14,44%,18,56%,3,9%,32,100%,28%,0%,,,,,,,,,,,,,47%,13%,0%,102,41%,3%,0%,101,44%,6%,0%,101,31%,0%,44%,0%,50%,0%,25%,31%,,,,7%,44%,-60,SUPP,28%,0%,0%,,,,0%,0%,-10,SUPP,0%,,,,,,,,,,,,,,,,,,,,,,,,,,,,,,,,,,,,,,,,,,,,,,,,,,,,,,,,,,,,,,,,,,,,,,,,,,,,,,,,,,,,,102,103,,,,98,106,SUPP,102,101,100,,,,96,105,SUPP,101,99,102,,,,98,103,SUPP,101,,,,29%,61%,,,,29%,50%,,,,14%,67%,,,,14%,44%,,,,7%,17%,,,,0%,6%,,,,0%,11%,,,,0%,0%,28,88%,1,3%,6,19%,7,22%,13,41%,32,34%,66%,25%,0%,27%,0%,24%,0%,-1.8,-4,0.4,-6.6,-8.8,-4.5,-4.4,-6.5,-2.3,101,97
1,13256,919,2061,117117,Hunsdon Junior Mixed and Infant School,High Street,Hunsdon,,Ware,SG12 8NT,1279842644,E14001283,Hertford and Stortford,0,,,CY,0,Does not apply,4-11,0,0,110,15,15,5,10,33%,67%,,,,,,,,,,1,7%,14,93%,0,0%,14,93%,80%,0%,,,,,,,,,,,,,93%,40%,0%,107,93%,40%,0%,108,87%,27%,0%,105,87%,7%,13%,0%,100%,0%,SUPP,80%,,,,SUPP,SUPP,SUPP,,79%,SUPP,0%,,,,SUPP,SUPP,SUPP,,0%,,,,,,,,,,,,,,,,,,,,,,,,,,,,,,,,,,,,,,,,,,,,,,,,,,,,,,,,,,,,,,,,,,,,,,,,,,,,,,,,,,,,,SUPP,108,,,,SUPP,SUPP,,106,SUPP,104,,,,SUPP,SUPP,,105,SUPP,107,,,,SUPP,SUPP,,107,,,,SUPP,SUPP,,,,SUPP,SUPP,,,,SUPP,SUPP,,,,SUPP,SUPP,,,,SUPP,SUPP,,,,SUPP,SUPP,,,,SUPP,SUPP,,,,SUPP,SUPP,15,100%,0,0%,0,0%,1,7%,1,7%,15,20%,80%,80%,0%,SUPP,SUPP,SUPP,SUPP,0.9,-2.3,4.1,2.6,-0.4,5.7,2.5,-0.5,5.4,106,106
1,14512,919,2066,117120,Knebworth Primary and Nursery School,Swangleys Lane,,,Knebworth,SG3 6AA,1438812184,E14001516,Stevenage,0,,,CY,0,Does not apply,3-11,0,0,418,59,59,33,26,56%,44%,,,,,,,,,,6,10%,53,90%,1,2%,57,97%,66%,8%,,,,,,,,,,,,,83%,31%,2%,106,76%,25%,0%,105,85%,25%,2%,105,81%,22%,17%,0%,97%,0%,61%,73%,,,,17%,72%,-50,SUPP,65%,9%,8%,,,,0%,9%,-10,SUPP,9%,,,,,,,,,,,,,,,,,,,,,,,,,,,,,,,,,,,,,,,,,,,,,,,,,,,,,,,,,,,,,,,,,,,,,,,,,,,,,,,,,,,,,105,106,,,,104,106,SUPP,106,107,103,,,,99,106,SUPP,105,104,106,,,,99,105,SUPP,105,,,,67%,85%,,,,33%,81%,,,,50%,89%,,,,50%,85%,,,,17%,32%,,,,0%,28%,,,,0%,28%,,,,0%,25%,58,98%,0,0%,0,0%,5,8%,5,8%,54,19%,81%,72%,11%,60%,0%,75%,14%,-0.5,-2.2,1.2,2.9,1.3,4.6,1.3,-0.3,2.9,104,105
1,10156,919,2068,144904,The Grange Academy,Sparhawke,,,Letchworth Garden City,SG6 4PY,1462621444,E14001393,North East Hertfordshire,0,,,ACC,0,Does not apply,7-11,0,0,192,56,56,33,23,59%,41%,,,,,,,,,,20,36%,36,64%,8,14%,52,93%,57%,5%,,,,,,,,,,,,,73%,23%,0%,103,55%,27%,0%,102,70%,25%,0%,104,68%,5%,20%,2%,68%,2%,58%,57%,,,,35%,69%,-32,50%,60%,0%,13%,,,,0%,8%,-10,0%,6%,,,,,,,,,,,,,,,,,,,,,,,,,,,,,,,,,,,,,,,,,,,,,,,,,,,,,,,,,,,,,,,,,,,,,,,,,,,,,,,,,,,,,103,103,,,,98,106,101,104,106,102,,,,100,106,101,104,101,103,,,,97,104,98,102,,,,50%,86%,,,,45%,61%,,,,50%,81%,,,,50%,78%,,,,5%,33%,,,,20%,31%,,,,10%,33%,,,,0%,8%,48,86%,0,0%,0,0%,19,34%,19,34%,51,37%,63%,52%,2%,32%,0%,65%,3%,-1.8,-3.6,0,-2.3,-4,-0.6,-1.5,-3.1,0.2,103,102
1,4482,919,2091,117136,Camp Primary and Nursery School,Camp Road,,,St Albans,AL1 5PG,1727851056,E14001507,St Albans,0,,,CY,0,Does not apply,3-11,0,0,234,29,29,20,9,69%,31%,,,,,,,,,,4,14%,25,86%,9,31%,29,100%,48%,7%,,,,,,,,,,,,,86%,31%,0%,108,76%,55%,0%,108,90%,31%,0%,106,52%,17%,45%,0%,86%,0%,35%,78%,,,,SUPP,SUPP,SUPP,44%,48%,10%,0%,,,,SUPP,SUPP,SUPP,0%,7%,,,,,,,,,,,,,,,,,,,,,,,,,,,,,,,,,,,,,,,,,,,,,,,,,,,,,,,,,,,,,,,,,,,,,,,,,,,,,,,,,,,,,107,109,,,,SUPP,SUPP,109,108,107,105,,,,SUPP,SUPP,109,106,107,110,,,,SUPP,SUPP,111,108,,,,SUPP,SUPP,,,,SUPP,SUPP,,,,SUPP,SUPP,,,,SUPP,SUPP,,,,SUPP,SUPP,,,,SUPP,SUPP,,,,SUPP,SUPP,,,,SUPP,SUPP,20,69%,0,0%,2,7%,6,21%,8,28%,28,14%,86%,61%,11%,SUPP,SUPP,SUPP,SUPP,4.2,1.9,6.6,1.3,-1,3.5,-0.1,-2.3,2.1,109,104
1,9094,919,2093,138205,Fleetville Junior School,228 Hatfield Road,,,St Albans,AL1 4LW,1727519224,E14001507,St Albans,0,,,ACC,0,Does not apply,7-11,0,0,357,93,91,45,46,49%,51%,,,,,,,,,,11,12%,80,88%,18,20%,88,97%,78%,25%,,,,,,,,,,,,,85%,52%,0%,108,86%,54%,0%,110,86%,46%,0%,107,85%,31%,12%,0%,91%,0%,76%,80%,,,,55%,81%,-12,61%,78%,29%,22%,,,,18%,26%,8,17%,26%,,,,,,,,,,,,,,,,,,,,,,,,,,,,,,,,,,,,,,,,,,,,,,,,,,,,,,,,,,,,,,,,,,,,,,,,,,,,,,,,,,,,,107,109,,,,103,108,104,108,108,106,,,,102,108,105,107,109,110,,,,106,110,105,110,,,,73%,86%,,,,73%,88%,,,,55%,90%,,,,64%,88%,,,,36%,54%,,,,27%,58%,,,,36%,48%,,,,18%,33%,73,80%,0,0%,1,1%,9,10%,10,11%,89,7%,93%,73%,25%,50%,17%,75%,25%,2.8,1.4,4.2,0.7,-0.6,2.1,1.4,0.1,2.7,110,108
1,2322,919,2100,117143,Bernards Heath Junior School,Watson Avenue,,,St Albans,AL3 5HP,1727856262,E14001507,St Albans,0,,,CY,0,Does not apply,7-11,0,0,356,89,89,44,45,49%,51%,,,,,,,,,,3,3%,86,97%,12,13%,87,98%,85%,18%,,,,,,,,,,,,,91%,61%,0%,111,90%,60%,0%,111,94%,52%,0%,110,89%,18%,9%,0%,98%,0%,75%,96%,,,,SUPP,SUPP,SUPP,67%,86%,14%,22%,,,,SUPP,SUPP,SUPP,8%,18%,,,,,,,,,,,,,,,,,,,,,,,,,,,,,,,,,,,,,,,,,,,,,,,,,,,,,,,,,,,,,,,,,,,,,,,,,,,,,,,,,,,,,108,113,,,,SUPP,SUPP,111,111,109,110,,,,SUPP,SUPP,111,110,108,114,,,,SUPP,SUPP,113,111,,,,SUPP,SUPP,,,,SUPP,SUPP,,,,SUPP,SUPP,,,,SUPP,SUPP,,,,SUPP,SUPP,,,,SUPP,SUPP,,,,SUPP,SUPP,,,,SUPP,SUPP,77,87%,0,0%,1,1%,8,9%,9,10%,87,15%,85%,79%,16%,38%,8%,86%,18%,1.8,0.4,3.2,1,-0.3,2.4,2,0.6,3.3,108,108
1,6180,919,2102,117145,Colney Heath Junior Mixed Infant and Nursery School,High Street,Colney Heath,,St Albans,AL4 0NP,1727823898,E14001507,St Albans,0,,,CY,0,Does not apply,4-11,0,0,212,28,29,16,13,55%,45%,,,,,,,,,,5,17%,24,83%,6,21%,24,83%,59%,7%,,,,,,,,,,,,,72%,28%,0%,105,55%,21%,3%,103,69%,24%,0%,105,86%,24%,7%,0%,86%,0%,69%,46%,,,,SUPP,SUPP,SUPP,50%,63%,0%,15%,,,,SUPP,SUPP,SUPP,0%,8%,,,,,,,,,,,,,,,,,,,,,,,,,,,,,,,,,,,,,,,,,,,,,,,,,,,,,,,,,,,,,,,,,,,,,,,,,,,,,,,,,,,,,105,106,,,,SUPP,SUPP,103,106,106,103,,,,SUPP,SUPP,103,105,104,102,,,,SUPP,SUPP,102,104,,,,SUPP,SUPP,,,,SUPP,SUPP,,,,SUPP,SUPP,,,,SUPP,SUPP,,,,SUPP,SUPP,,,,SUPP,SUPP,,,,SUPP,SUPP,,,,SUPP,SUPP,23,79%,0,0%,2,7%,6,21%,8,28%,29,24%,76%,55%,7%,29%,0%,64%,9%,1.4,-1.1,3.9,5.3,3,7.6,1.1,-1.3,3.4,104,102
1,19934,919,2125,117162,Parkgate Junior School,Southwold Road,,,Watford,WD24 7DN,1923243905,E14001568,Watford,0,,,CY,0,Does not apply,7-11,0,0,240,60,59,30,29,51%,49%,,,,,,,,,,7,12%,52,88%,20,34%,58,98%,66%,8%,,,,,,,,,,,,,81%,32%,0%,106,78%,34%,0%,106,76%,25%,0%,104,80%,24%,15%,0%,88%,0%,70%,62%,,,,43%,69%,-24,55%,66%,10%,7%,,,,0%,10%,-10,10%,9%,,,,,,,,,,,,,,,,,,,,,,,,,,,,,,,,,,,,,,,,,,,,,,,,,,,,,,,,,,,,,,,,,,,,,,,,,,,,,,,,,,,,,104,107,,,,104,106,104,106,105,104,,,,100,105,105,104,106,107,,,,101,107,106,106,,,,71%,83%,,,,71%,79%,,,,57%,79%,,,,57%,83%,,,,14%,35%,,,,14%,37%,,,,14%,27%,,,,0%,27%,38,64%,1,2%,5,8%,5,8%,10,17%,59,19%,81%,41%,5%,9%,0%,48%,6%,-3.8,-5.4,-2.1,-4.1,-5.7,-2.5,-3,-4.6,-1.5,103,103
1,3172,919,2166,117187,Bowmansgreen Primary School,Telford Road,London Colney,,St Albans,AL2 1PH,1727767772,E14001507,St Albans,0,,,CY,0,Does not apply,4-11,0,0,343,52,51,24,27,47%,53%,,,,,,,,,,19,37%,32,63%,10,20%,46,90%,57%,4%,,,,,,,,,,,,,75%,20%,2%,105,69%,24%,2%,104,71%,10%,2%,103,67%,10%,18%,0%,76%,0%,50%,63%,,,,47%,63%,-20,60%,57%,4%,4%,,,,0%,6%,-10,0%,4%,,,,,,,,,,,,,,,,,,,,,,,,,,,,,,,,,,,,,,,,,,,,,,,,,,,,,,,,,,,,,,,,,,,,,,,,,,,,,,,,,,,,,104,105,,,,104,105,103,105,103,102,,,,101,103,104,103,102,105,,,,102,104,102,104,,,,63%,81%,,,,58%,75%,,,,68%,72%,,,,53%,75%,,,,11%,25%,,,,16%,28%,,,,5%,13%,,,,0%,16%,41,80%,0,0%,1,2%,10,20%,11,22%,61,36%,64%,66%,11%,55%,5%,72%,15%,2.7,1.1,4.3,1.7,0.1,3.2,2.4,0.9,3.9,106,105
1,84,919,2000,117083,Abbots Langley School,Parsonage Close,,,Abbots Langley,WD5 0BQ,1923263174,E14001496,South West Hertfordshire,0,,,CY,0,Does not apply,3-11,0,0,418,55,57,33,24,58%,42%,,,,,,,,,,9,16%,48,84%,6,11%,55,96%,67%,2%,,,,,,,,,,,,,82%,30%,0%,106,84%,27%,0%,105,86%,28%,0%,105,77%,4%,21%,0%,89%,0%,61%,75%,,,,67%,67%,0,100%,67%,3%,0%,,,,0%,2%,-10,0%,2%,,,,,,,,,,,,,,,,,,,,,,,,,,,,,,,,,,,,,,,,,,,,,,,,,,,,,,,,,,,,,,,,,,,,,,,,,,,,,,,,,,,,,105,106,,,,106,106,111,106,105,105,,,,106,105,110,105,104,106,,,,106,105,109,105,,,,89%,81%,,,,78%,85%,,,,100%,83%,,,,78%,77%,,,,22%,31%,,,,33%,26%,,,,33%,27%,,,,0%,4%,50,88%,1,2%,1,2%,11,19%,12,21%,60,18%,82%,62%,7%,18%,0%,71%,8%,-1.1,-2.7,0.5,0.8,-0.8,2.4,-0.4,-1.9,1.1,104,104
1,1192,919,2002,117084,Ashwell Primary School,Silver Street,Ashwell,,Baldock,SG7 5QL,1462742297,E14001393,North East Hertfordshire,0,,,CY,0,Does not apply,3-11,0,0,223,29,26,17,9,65%,35%,,,,,,,,,,6,23%,20,77%,2,8%,22,85%,65%,8%,,,,,,,,,,,,,77%,31%,0%,105,73%,35%,0%,105,81%,19%,0%,104,69%,15%,31%,0%,81%,0%,59%,78%,,,,33%,75%,-34,SUPP,68%,12%,0%,,,,0%,10%,-10,SUPP,9%,,,,,,,,,,,,,,,,,,,,,,,,,,,,,,,,,,,,,,,,,,,,,,,,,,,,,,,,,,,,,,,,,,,,,,,,,,,,,,,,,,,,,105,106,,,,103,106,SUPP,106,104,103,,,,100,105,SUPP,105,105,105,,,,102,106,SUPP,106,,,,67%,80%,,,,67%,75%,,,,67%,85%,,,,50%,75%,,,,17%,35%,,,,17%,40%,,,,0%,25%,,,,0%,20%,24,92%,0,0%,0,0%,5,19%,5,19%,31,3%,97%,68%,16%,SUPP,SUPP,SUPP,SUPP,3,0.7,5.2,-1.4,-3.6,0.7,1.5,-0.6,3.6,110,107
1,22154,919,2025,117098,The Russell School,Brushwood Drive,Chorleywood,,Rickmansworth,WD3 5RR,1923284272,E14001496,South West Hertfordshire,0,,,CY,0,Does not apply,3-11,0,0,229,30,30,13,17,43%,57%,,,,,,,,,,3,10%,27,90%,3,10%,30,100%,97%,20%,,,,,,,,,,,,,97%,73%,0%,112,90%,80%,0%,112,97%,57%,0%,111,97%,33%,0%,0%,100%,0%,92%,100%,,,,SUPP,SUPP,SUPP,SUPP,97%,8%,29%,,,,SUPP,SUPP,SUPP,SUPP,20%,,,,,,,,,,,,,,,,,,,,,,,,,,,,,,,,,,,,,,,,,,,,,,,,,,,,,,,,,,,,,,,,,,,,,,,,,,,,,,,,,,,,,111,113,,,,SUPP,SUPP,SUPP,112,112,110,,,,SUPP,SUPP,SUPP,111,112,111,,,,SUPP,SUPP,SUPP,112,,,,SUPP,SUPP,,,,SUPP,SUPP,,,,SUPP,SUPP,,,,SUPP,SUPP,,,,SUPP,SUPP,,,,SUPP,SUPP,,,,SUPP,SUPP,,,,SUPP,SUPP,27,90%,0,0%,0,0%,2,7%,2,7%,30,7%,93%,97%,47%,SUPP,SUPP,SUPP,SUPP,6.8,4.5,9.2,4.4,2.2,6.7,7.5,5.3,9.7,114,114
1,23326,919,3401,117478,St Dominic Catholic Primary School,St Dominic Catholic Primary School,Southdown Road,,HARPENDEN,AL5 1PF,1582760047,E14001268,Harpenden and Berkhamsted,0,,,VA,0,Roman Catholic,3-11,0,0,231,30,30,13,17,43%,57%,,,,,,,,,,1,3%,29,97%,4,13%,30,100%,87%,23%,,,,,,,,,,,,,93%,57%,0%,111,93%,60%,0%,110,93%,40%,0%,109,90%,33%,7%,0%,97%,0%,85%,88%,,,,SUPP,SUPP,SUPP,SUPP,87%,31%,18%,,,,SUPP,SUPP,SUPP,SUPP,23%,,,,,,,,,,,,,,,,,,,,,,,,,,,,,,,,,,,,,,,,,,,,,,,,,,,,,,,,,,,,,,,,,,,,,,,,,,,,,,,,,,,,,110,111,,,,SUPP,SUPP,SUPP,111,111,107,,,,SUPP,SUPP,SUPP,109,110,110,,,,SUPP,SUPP,SUPP,110,,,,SUPP,SUPP,,,,SUPP,SUPP,,,,SUPP,SUPP,,,,SUPP,SUPP,,,,SUPP,SUPP,,,,SUPP,SUPP,,,,SUPP,SUPP,,,,SUPP,SUPP,26,87%,0,0%,0,0%,4,13%,4,13%,31,0%,100%,97%,29%,,,SUPP,SUPP,3.2,0.8,5.5,2.4,0.1,4.7,2.9,0.7,5.1,111,110
1,27034,919,3402,149742,"St Thomas More Roman Catholic Primary School, a Voluntary Academy",Greenway,,,Berkhamsted,HP4 3LF,1442385060,E14001268,Harpenden and Berkhamsted,0,,,ACC,0,Roman Catholic,3-11,0,0,183,25,25,14,11,56%,44%,,,,,,,,,,6,24%,19,76%,4,16%,25,100%,44%,0%,,,,,,,,,,,,,80%,36%,0%,106,80%,56%,0%,107,80%,36%,0%,105,48%,0%,36%,0%,84%,0%,36%,55%,,,,17%,53%,-50,SUPP,44%,0%,0%,,,,0%,0%,-10,SUPP,0%,,,,,,,,,,,,,,,,,,,,,,,,,,,,,,,,,,,,,,,,,,,,,,,,,,,,,,,,,,,,,,,,,,,,,,,,,,,,,,,,,,,,,107,106,,,,100,109,SUPP,106,107,103,,,,94,108,SUPP,105,107,106,,,,94,111,SUPP,107,,,,33%,95%,,,,33%,95%,,,,33%,95%,,,,17%,58%,,,,17%,42%,,,,17%,68%,,,,0%,47%,,,,0%,0%,21,84%,0,0%,2,8%,7,28%,9,36%,21,10%,90%,57%,10%,SUPP,SUPP,SUPP,SUPP,-0.5,-3.2,2.3,-2.7,-5.3,0,-0.3,-2.9,2.3,108,106
1,22976,919,3416,117489,Saint Bernadette Catholic Primary School,Walsingham Way,London Colney,,St Albans,AL2 1NL,1727822489,E14000960,St Albans,150621,Saint Bernadette Voluntary Catholic Primary Academy,20240701,VA,0,Roman Catholic,4-11,0,0,221,31,30,11,19,37%,63%,,,,,,,,,,3,10%,27,90%,6,20%,29,97%,80%,3%,,,,,,,,,,,,,87%,43%,0%,107,90%,40%,0%,108,93%,20%,0%,106,90%,13%,10%,0%,97%,0%,82%,79%,,,,SUPP,SUPP,SUPP,100%,79%,0%,5%,,,,SUPP,SUPP,SUPP,0%,3%,,,,,,,,,,,,,,,,,,,,,,,,,,,,,,,,,,,,,,,,,,,,,,,,,,,,,,,,,,,,,,,,,,,,,,,,,,,,,,,,,,,,,107,108,,,,SUPP,SUPP,109,107,108,105,,,,SUPP,SUPP,110,106,107,108,,,,SUPP,SUPP,112,108,,,,SUPP,SUPP,,,,SUPP,SUPP,,,,SUPP,SUPP,,,,SUPP,SUPP,,,,SUPP,SUPP,,,,SUPP,SUPP,,,,SUPP,SUPP,,,,SUPP,SUPP,24,80%,0,0%,0,0%,3,10%,3,10%,29,17%,83%,72%,7%,SUPP,SUPP,SUPP,SUPP,0.8,-1.4,3.1,-0.1,-2.3,2.1,0.3,-1.9,2.4,108,106
1,31464,919,3419,117490,Welwyn St Mary's Church of England Voluntary Aided Primary School,15 London Road,,,Welwyn,AL6 9DJ,1438714169,E14001573,Welwyn Hatfield,0,,,VA,0,Church of England,4-11,0,0,421,56,60,33,27,55%,45%,,,,,,,,,,10,17%,50,83%,4,7%,58,97%,65%,7%,,,,,,,,,,,,,85%,43%,0%,107,75%,42%,0%,106,70%,25%,0%,103,77%,10%,23%,0%,88%,0%,70%,59%,,,,20%,74%,-47,SUPP,64%,6%,7%,,,,10%,6%,0,SUPP,7%,,,,,,,,,,,,,,,,,,,,,,,,,,,,,,,,,,,,,,,,,,,,,,,,,,,,,,,,,,,,,,,,,,,,,,,,,,,,,,,,,,,,,106,107,,,,103,107,SUPP,106,105,102,,,,97,104,SUPP,103,107,106,,,,102,107,SUPP,106,,,,70%,88%,,,,50%,80%,,,,20%,80%,,,,70%,78%,,,,30%,46%,,,,10%,48%,,,,10%,28%,,,,10%,10%,56,93%,0,0%,3,5%,8,13%,11,18%,58,16%,84%,55%,12%,22%,0%,61%,14%,1.4,-0.3,3.1,-2.1,-3.7,-0.5,0.2,-1.4,1.7,107,105
1,27830,919,3984,135084,Shephalbury Park Primary School,Burydale,Broadwater,,Stevenage,SG2 8AX,1438235454,E14001516,Stevenage,0,,,CY,0,Does not apply,3-11,0,0,226,30,30,15,15,50%,50%,,,,,,,,,,12,40%,18,60%,5,17%,27,90%,30%,3%,,,,,,,,,,,,,80%,23%,3%,105,73%,20%,0%,103,57%,17%,3%,100,43%,3%,43%,0%,70%,0%,47%,13%,,,,25%,33%,-42,SUPP,30%,7%,0%,,,,0%,6%,-10,SUPP,4%,,,,,,,,,,,,,,,,,,,,,,,,,,,,,,,,,,,,,,,,,,,,,,,,,,,,,,,,,,,,,,,,,,,,,,,,,,,,,,,,,,,,,107,104,,,,103,107,SUPP,106,104,97,,,,96,104,SUPP,100,105,101,,,,101,105,SUPP,103,,,,75%,83%,,,,67%,78%,,,,42%,67%,,,,50%,39%,,,,17%,28%,,,,17%,22%,,,,8%,22%,,,,0%,6%,25,83%,0,0%,1,3%,5,17%,6,20%,30,20%,80%,50%,3%,17%,0%,58%,4%,2.3,0,4.5,2.8,0.6,4.9,0.4,-1.8,2.5,103,101
1,16332,919,3987,135221,Maple Grove Primary School,St Agnell's Lane,Grove Hill,,Hemel Hempstead,HP2 7BG,1442214966,E14001278,Hemel Hempstead,0,,,CY,0,Does not apply,3-11,0,0,224,29,29,15,14,52%,48%,,,,,,,,,,10,34%,19,66%,7,24%,27,93%,17%,0%,,,,,,,,,,,,,52%,14%,3%,101,48%,7%,3%,100,34%,3%,3%,97,24%,3%,48%,0%,48%,0%,7%,29%,,,,30%,11%,-37,14%,19%,0%,0%,,,,0%,0%,-10,0%,0%,,,,,,,,,,,,,,,,,,,,,,,,,,,,,,,,,,,,,,,,,,,,,,,,,,,,,,,,,,,,,,,,,,,,,,,,,,,,,,,,,,,,,99,103,,,,100,102,98,101,94,100,,,,96,98,99,97,98,102,,,,101,99,99,100,,,,50%,53%,,,,60%,42%,,,,30%,37%,,,,40%,16%,,,,30%,5%,,,,10%,5%,,,,10%,0%,,,,10%,0%,22,76%,0,0%,1,3%,9,31%,10,34%,29,34%,66%,31%,7%,0%,0%,47%,11%,-2.9,-5.1,-0.6,-6.5,-8.7,-4.3,-5,-7.2,-2.9,103,99
1,6902,919,5205,117565,Cuffley School,Theobalds Road,Cuffley,,Potters Bar,EN6 4HN,1707888100,E14001284,Hertsmere,0,,,FD,0,None,3-11,0,0,447,60,60,32,28,53%,47%,,,,,,,,,,11,18%,49,82%,4,7%,59,98%,67%,12%,,,,,,,,,,,,,87%,28%,0%,106,88%,43%,0%,108,88%,35%,0%,107,73%,28%,27%,0%,87%,0%,53%,82%,,,,91%,61%,24,SUPP,66%,13%,11%,,,,18%,10%,8,SUPP,12%,,,,,,,,,,,,,,,,,,,,,,,,,,,,,,,,,,,,,,,,,,,,,,,,,,,,,,,,,,,,,,,,,,,,,,,,,,,,,,,,,,,,,105,107,,,,107,106,SUPP,106,107,107,,,,107,107,SUPP,107,106,110,,,,109,108,SUPP,108,,,,91%,86%,,,,82%,90%,,,,91%,88%,,,,91%,69%,,,,27%,29%,,,,55%,41%,,,,36%,35%,,,,55%,22%,56,93%,0,0%,1,2%,5,8%,6,10%,60,3%,97%,67%,15%,SUPP,SUPP,SUPP,SUPP,1.1,-0.6,2.7,2.8,1.2,4.3,2.6,1,4.1,106,106
1,33346,919,5206,138215,The Wroxham School,Wroxham Gardens,,,Potters Bar,EN6 3DJ,1707643576,E14001284,Hertsmere,0,,,ACC,0,None,4-11,0,0,219,32,30,14,16,47%,53%,,,,,,,,,,5,17%,25,83%,3,10%,30,100%,80%,13%,,,,,,,,,,,,,83%,47%,3%,108,73%,37%,3%,106,87%,33%,3%,107,90%,23%,7%,3%,90%,3%,71%,88%,,,,SUPP,SUPP,SUPP,SUPP,80%,0%,25%,,,,SUPP,SUPP,SUPP,SUPP,13%,,,,,,,,,,,,,,,,,,,,,,,,,,,,,,,,,,,,,,,,,,,,,,,,,,,,,,,,,,,,,,,,,,,,,,,,,,,,,,,,,,,,,106,109,,,,SUPP,SUPP,SUPP,108,105,108,,,,SUPP,SUPP,SUPP,107,104,108,,,,SUPP,SUPP,SUPP,106,,,,SUPP,SUPP,,,,SUPP,SUPP,,,,SUPP,SUPP,,,,SUPP,SUPP,,,,SUPP,SUPP,,,,SUPP,SUPP,,,,SUPP,SUPP,,,,SUPP,SUPP,27,90%,0,0%,0,0%,6,20%,6,20%,30,20%,80%,77%,17%,50%,0%,83%,21%,-0.5,-2.8,1.7,0.8,-1.4,3,1.2,-0.9,3.3,107,108
1,9598,919,2029,138389,Garden City Academy,Radburn Way,,,Letchworth Garden City,SG6 2JZ,1462621800,E14001393,North East Hertfordshire,0,,,AC,0,Does not apply,3-11,0,0,185,28,27,11,16,41%,59%,,,,,,,,,,15,56%,12,44%,3,11%,23,85%,26%,0%,,,,,,,,,,,,,48%,11%,4%,99,33%,4%,4%,97,33%,0%,4%,97,56%,7%,37%,0%,56%,0%,45%,13%,,,,13%,42%,-54,SUPP,22%,0%,0%,,,,0%,0%,-10,SUPP,0%,,,,,,,,,,,,,,,,,,,,,,,,,,,,,,,,,,,,,,,,,,,,,,,,,,,,,,,,,,,,,,,,,,,,,,,,,,,,,,,,,,,,,102,97,,,,98,100,SUPP,99,99,95,,,,97,96,SUPP,96,98,96,,,,96,98,SUPP,96,,,,40%,58%,,,,27%,42%,,,,27%,42%,,,,60%,50%,,,,0%,25%,,,,0%,8%,,,,0%,0%,,,,7%,8%,22,81%,2,7%,2,7%,5,19%,7,26%,33,55%,45%,48%,3%,39%,0%,60%,7%,-3.4,-5.5,-1.2,-5.2,-7.3,-3.1,-1.9,-3.9,0.2,101,101
1,6550,919,2030,117099,Cowley Hill School,Winstre Road,,,Borehamwood,WD6 5DP,2089532218,E14001284,Hertsmere,0,,,CY,0,Does not apply,3-11,0,0,441,57,55,32,23,58%,42%,,,,,,,,,,22,40%,33,60%,20,36%,53,96%,65%,16%,,,,,,,,,,,,,76%,35%,0%,106,67%,29%,0%,104,69%,35%,0%,105,69%,16%,27%,0%,76%,0%,59%,74%,,,,55%,73%,-12,80%,66%,22%,9%,,,,5%,24%,-5,25%,17%,,,,,,,,,,,,,,,,,,,,,,,,,,,,,,,,,,,,,,,,,,,,,,,,,,,,,,,,,,,,,,,,,,,,,,,,,,,,,,,,,,,,,106,107,,,,105,107,108,106,106,105,,,,102,108,109,106,103,105,,,,101,106,107,104,,,,77%,76%,,,,55%,76%,,,,59%,76%,,,,64%,73%,,,,23%,42%,,,,5%,45%,,,,18%,45%,,,,5%,24%,35,64%,0,0%,4,7%,11,20%,15,27%,60,28%,72%,65%,15%,41%,12%,74%,16%,2.2,0.6,3.8,0.9,-0.7,2.4,2.5,1,4.1,106,106
1,28386,919,2047,117110,South Hill Primary School,Heath Lane,,,Hemel Hempstead,HP1 1TT,1442402127,E14001278,Hemel Hempstead,0,,,CY,0,Does not apply,5-11,0,0,417,58,59,36,23,61%,39%,,,,,,,,,,17,29%,42,71%,13,22%,55,93%,59%,7%,,,,,,,,,,,,,69%,27%,0%,105,69%,29%,0%,105,71%,25%,0%,103,76%,10%,17%,0%,78%,0%,61%,57%,,,,47%,64%,-20,46%,62%,6%,9%,,,,6%,7%,-4,0%,7%,,,,,,,,,,,,,,,,,,,,,,,,,,,,,,,,,,,,,,,,,,,,,,,,,,,,,,,,,,,,,,,,,,,,,,,,,,,,,,,,,,,,,104,106,,,,103,106,103,106,104,102,,,,101,104,104,104,105,105,,,,104,105,102,105,,,,53%,76%,,,,59%,74%,,,,53%,79%,,,,71%,79%,,,,29%,26%,,,,29%,29%,,,,12%,31%,,,,6%,12%,45,76%,1,2%,4,7%,9,15%,13,22%,59,31%,69%,53%,2%,28%,0%,63%,2%,-0.9,-2.6,0.7,-0.1,-1.7,1.5,-1.7,-3.2,-0.1,104,102
1,14082,919,2062,117118,Kimpton Primary School,High Street,Kimpton,,Hitchin,SG4 8RB,1438832394,E14001289,Hitchin,0,,,CY,0,Does not apply,3-11,0,0,162,30,30,15,15,50%,50%,,,,,,,,,,6,20%,24,80%,1,3%,27,90%,50%,10%,,,,,,,,,,,,,77%,40%,0%,106,80%,30%,0%,105,63%,10%,0%,102,70%,17%,30%,0%,83%,0%,53%,47%,,,,0%,63%,-67,SUPP,52%,13%,7%,,,,0%,13%,-10,SUPP,11%,,,,,,,,,,,,,,,,,,,,,,,,,,,,,,,,,,,,,,,,,,,,,,,,,,,,,,,,,,,,,,,,,,,,,,,,,,,,,,,,,,,,,105,106,,,,101,107,SUPP,105,104,100,,,,96,103,SUPP,102,105,106,,,,100,107,SUPP,105,,,,33%,88%,,,,67%,83%,,,,17%,75%,,,,33%,79%,,,,17%,46%,,,,0%,38%,,,,0%,13%,,,,0%,21%,29,97%,0,0%,0,0%,7,23%,7,23%,28,11%,89%,54%,4%,SUPP,SUPP,SUPP,SUPP,1.5,-1,3.9,-1.7,-4,0.6,-2.1,-4.4,0.2,107,104
1,33504,919,2079,117130,Yorke Mead Primary School,Dulwich Way,Croxley Green,,Rickmansworth,WD3 3PX,1923778420,E14001496,South West Hertfordshire,0,,,CY,0,Does not apply,3-11,0,0,428,60,60,29,31,48%,52%,,,,,,,,,,4,7%,56,93%,16,27%,58,97%,80%,17%,,,,,,,,,,,,,95%,48%,0%,109,85%,38%,0%,108,82%,38%,0%,107,83%,18%,12%,0%,82%,0%,90%,71%,,,,SUPP,SUPP,SUPP,88%,79%,28%,6%,,,,SUPP,SUPP,SUPP,25%,16%,,,,,,,,,,,,,,,,,,,,,,,,,,,,,,,,,,,,,,,,,,,,,,,,,,,,,,,,,,,,,,,,,,,,,,,,,,,,,,,,,,,,,110,108,,,,SUPP,SUPP,110,109,109,105,,,,SUPP,SUPP,111,107,110,106,,,,SUPP,SUPP,109,107,,,,SUPP,SUPP,,,,SUPP,SUPP,,,,SUPP,SUPP,,,,SUPP,SUPP,,,,SUPP,SUPP,,,,SUPP,SUPP,,,,SUPP,SUPP,,,,SUPP,SUPP,44,73%,0,0%,1,2%,12,20%,13,22%,62,13%,87%,74%,16%,38%,0%,79%,19%,0.4,-1.2,1.9,0.9,-0.6,2.4,-0.1,-1.6,1.4,107,105
1,16248,919,2080,144960,Manor Fields Primary School,Penningtons,,,Bishop's Stortford,CM23 4LE,1279504435,E14001283,Hertford and Stortford,0,,,AC,0,Does not apply,3-11,0,0,447,61,59,24,35,41%,59%,,,,,,,,,,5,8%,54,92%,6,10%,56,95%,75%,14%,,,,,,,,,,,,,88%,49%,0%,110,90%,59%,0%,111,93%,53%,0%,109,76%,20%,17%,0%,90%,0%,63%,83%,,,,SUPP,SUPP,SUPP,67%,75%,8%,17%,,,,SUPP,SUPP,SUPP,17%,14%,,,,,,,,,,,,,,,,,,,,,,,,,,,,,,,,,,,,,,,,,,,,,,,,,,,,,,,,,,,,,,,,,,,,,,,,,,,,,,,,,,,,,109,111,,,,SUPP,SUPP,108,110,110,109,,,,SUPP,SUPP,111,110,111,111,,,,SUPP,SUPP,113,111,,,,SUPP,SUPP,,,,SUPP,SUPP,,,,SUPP,SUPP,,,,SUPP,SUPP,,,,SUPP,SUPP,,,,SUPP,SUPP,,,,SUPP,SUPP,,,,SUPP,SUPP,53,90%,0,0%,4,7%,10,17%,14,24%,60,7%,93%,75%,22%,SUPP,SUPP,SUPP,SUPP,4.3,2.7,5.9,3.2,1.6,4.7,4.2,2.7,5.7,109,108
1,1330,919,2097,147834,Avanti Meadows Primary School,Farnham Road,,,Bishop's Stortford,CM23 1FQ,1279598575,E14001283,Hertford and Stortford,0,,,F,0,None,3-11,0,0,214,29,30,12,18,40%,60%,,,,,,,,,,6,20%,24,80%,8,27%,17,57%,73%,3%,,,,,,,,,,,,,90%,43%,0%,108,83%,60%,0%,109,90%,30%,0%,107,73%,3%,17%,0%,80%,0%,83%,67%,,,,50%,79%,-17,63%,88%,0%,6%,,,,0%,4%,-10,13%,6%,,,,,,,,,,,,,,,,,,,,,,,,,,,,,,,,,,,,,,,,,,,,,,,,,,,,,,,,,,,,,,,,,,,,,,,,,,,,,,,,,,,,,109,106,,,,101,109,110,109,109,106,,,,103,108,108,109,111,108,,,,105,110,111,111,,,,83%,92%,,,,67%,88%,,,,83%,92%,,,,50%,79%,,,,0%,54%,,,,17%,71%,,,,0%,38%,,,,0%,4%,22,73%,0,0%,0,0%,3,10%,3,10%,30,23%,77%,67%,0%,71%,0%,65%,0%,1.6,-1.4,4.6,-0.3,-3.2,2.6,-1.6,-4.4,1.3,106,105
1,114,919,2098,117141,Aboyne Lodge Junior Mixed and Infant School,Etna Road,,,St Albans,AL3 5NL,1727849700,E14001507,St Albans,0,,,CY,0,Does not apply,4-11,0,0,187,26,28,11,17,39%,61%,,,,,,,,,,3,11%,25,89%,9,32%,27,96%,79%,14%,,,,,,,,,,,,,93%,57%,0%,111,93%,61%,0%,112,93%,50%,0%,111,82%,21%,14%,0%,96%,0%,82%,76%,,,,SUPP,SUPP,SUPP,67%,78%,9%,18%,,,,SUPP,SUPP,SUPP,11%,15%,,,,,,,,,,,,,,,,,,,,,,,,,,,,,,,,,,,,,,,,,,,,,,,,,,,,,,,,,,,,,,,,,,,,,,,,,,,,,,,,,,,,,112,110,,,,SUPP,SUPP,109,111,110,111,,,,SUPP,SUPP,112,111,110,113,,,,SUPP,SUPP,114,112,,,,SUPP,SUPP,,,,SUPP,SUPP,,,,SUPP,SUPP,,,,SUPP,SUPP,,,,SUPP,SUPP,,,,SUPP,SUPP,,,,SUPP,SUPP,,,,SUPP,SUPP,19,68%,0,0%,2,7%,6,21%,8,29%,29,3%,97%,76%,21%,SUPP,SUPP,SUPP,SUPP,5.4,3,7.8,1.6,-0.7,4,5.2,2.9,7.4,111,109
1,7122,919,2112,148040,De Havilland Primary School,Travellers Lane,,,Hatfield,AL10 8TQ,1707273542,E14001573,Welwyn Hatfield,0,,,AC,0,Does not apply,3-11,0,0,444,60,61,30,31,49%,51%,,,,,,,,,,24,39%,37,61%,23,38%,54,89%,49%,5%,,,,,,,,,,,,,64%,15%,0%,103,62%,28%,3%,104,62%,13%,7%,102,70%,7%,18%,0%,75%,0%,57%,42%,,,,50%,49%,-17,65%,48%,0%,10%,,,,4%,5%,-6,4%,4%,,,,,,,,,,,,,,,,,,,,,,,,,,,,,,,,,,,,,,,,,,,,,,,,,,,,,,,,,,,,,,,,,,,,,,,,,,,,,,,,,,,,,103,103,,,,102,103,105,103,102,102,,,,102,102,104,102,102,105,,,,102,105,107,104,,,,63%,65%,,,,58%,65%,,,,50%,70%,,,,63%,76%,,,,13%,16%,,,,29%,27%,,,,17%,11%,,,,4%,8%,38,62%,0,0%,4,7%,12,20%,16,26%,58,36%,64%,62%,16%,38%,10%,76%,19%,4,2.3,5.7,5,3.4,6.6,4.8,3.2,6.3,105,105
1,19206,919,2115,145352,The Orchard Primary School,Gammons Lane,,,Watford,WD24 5JW,1923672280,E14001568,Watford,0,,,ACC,0,Does not apply,3-11,0,0,434,58,58,30,28,52%,48%,,,,,,,,,,16,28%,42,72%,33,57%,56,97%,81%,21%,,,,,,,,,,,,,88%,38%,0%,108,88%,59%,0%,109,86%,48%,0%,108,90%,29%,10%,0%,93%,0%,87%,75%,,,,63%,88%,-4,88%,84%,10%,32%,,,,6%,26%,-4,21%,21%,,,,,,,,,,,,,,,,,,,,,,,,,,,,,,,,,,,,,,,,,,,,,,,,,,,,,,,,,,,,,,,,,,,,,,,,,,,,,,,,,,,,,107,109,,,,104,109,108,108,108,107,,,,102,110,110,108,109,110,,,,104,111,111,110,,,,81%,90%,,,,75%,93%,,,,63%,95%,,,,81%,93%,,,,13%,48%,,,,25%,71%,,,,25%,57%,,,,13%,36%,25,43%,0,0%,0,0%,11,19%,11,19%,59,31%,69%,73%,17%,61%,17%,78%,17%,0.4,-1.2,2,3.1,1.6,4.7,4,2.5,5.5,105,107
1,14558,919,2130,146123,Knutsford Primary Academy,Balmoral Road,,,Watford,WD24 7ER,1923466020,E14001568,Watford,0,,,ACC,0,Does not apply,3-11,0,0,437,59,60,33,27,55%,45%,,,,,,,,,,8,13%,52,87%,19,32%,56,93%,80%,10%,,,,,,,,,,,,,87%,45%,2%,108,92%,73%,2%,112,92%,60%,2%,111,82%,12%,15%,0%,95%,0%,76%,85%,,,,50%,85%,-17,95%,80%,9%,11%,,,,0%,12%,-10,11%,11%,,,,,,,,,,,,,,,,,,,,,,,,,,,,,,,,,,,,,,,,,,,,,,,,,,,,,,,,,,,,,,,,,,,,,,,,,,,,,,,,,,,,,108,109,,,,102,109,110,108,111,110,,,,102,112,113,111,112,113,,,,106,113,115,112,,,,75%,88%,,,,88%,92%,,,,75%,94%,,,,50%,87%,,,,25%,48%,,,,38%,79%,,,,0%,69%,,,,0%,13%,41,68%,0,0%,1,2%,4,7%,5,8%,58,9%,91%,71%,16%,SUPP,SUPP,SUPP,SUPP,1.5,-0.1,3.2,-0.3,-1.8,1.3,3.6,2,5.1,108,109
1,29652,919,2147,117178,Tanners Wood Junior Mixed and Infant School,Hazelwood Lane,,,Abbots Langley,WD5 0LG,1923262229,E14001496,South West Hertfordshire,0,,,CY,0,Does not apply,3-11,0,0,427,57,55,27,28,49%,51%,,,,,,,,,,14,25%,41,75%,5,9%,54,98%,65%,13%,,,,,,,,,,,,,85%,38%,0%,107,87%,47%,0%,109,80%,24%,0%,105,75%,13%,15%,0%,78%,0%,67%,64%,,,,36%,76%,-31,SUPP,65%,4%,21%,,,,0%,17%,-10,SUPP,13%,,,,,,,,,,,,,,,,,,,,,,,,,,,,,,,,,,,,,,,,,,,,,,,,,,,,,,,,,,,,,,,,,,,,,,,,,,,,,,,,,,,,,107,108,,,,105,108,SUPP,107,106,105,,,,102,106,SUPP,105,108,110,,,,106,110,SUPP,109,,,,79%,88%,,,,79%,90%,,,,64%,85%,,,,50%,83%,,,,21%,44%,,,,29%,54%,,,,7%,29%,,,,0%,17%,50,91%,0,0%,2,4%,10,18%,12,22%,59,25%,75%,59%,14%,27%,7%,70%,16%,0,-1.6,1.6,0,-1.5,1.6,0.1,-1.4,1.6,106,105
1,20104,919,2198,117206,Peartree Spring Primary School,Hydean Way,,,Stevenage,SG2 9GG,1438233900,E14001516,Stevenage,0,,,FD,0,Does not apply,4-11,0,0,627,90,91,41,50,45%,55%,,,,,,,,,,28,31%,63,69%,9,10%,83,91%,57%,3%,,,,,,,,,,,,,74%,21%,0%,103,74%,23%,0%,104,69%,8%,0%,101,73%,7%,24%,0%,74%,0%,51%,62%,,,,39%,65%,-28,67%,59%,5%,2%,,,,0%,5%,-10,22%,4%,,,,,,,,,,,,,,,,,,,,,,,,,,,,,,,,,,,,,,,,,,,,,,,,,,,,,,,,,,,,,,,,,,,,,,,,,,,,,,,,,,,,,104,103,,,,101,105,104,104,102,101,,,,98,103,106,102,103,105,,,,100,105,108,104,,,,57%,81%,,,,61%,79%,,,,50%,78%,,,,57%,79%,,,,11%,25%,,,,14%,27%,,,,4%,10%,,,,0%,10%,82,90%,0,0%,3,3%,16,18%,19,21%,89,36%,64%,69%,4%,53%,3%,77%,5%,-0.5,-1.8,0.9,-1.5,-2.8,-0.2,0,-1.3,1.3,105,105
1,20868,919,2229,117224,Purwell Primary School,Fairfield Way,,,Hitchin,SG4 0PU,1462432950,E14001289,Hitchin,0,,,CY,0,Does not apply,3-11,0,0,167,27,27,13,14,48%,52%,,,,,,,,,,7,26%,20,74%,4,15%,24,89%,70%,7%,,,,,,,,,,,,,85%,37%,0%,107,70%,22%,0%,105,81%,33%,4%,107,70%,7%,26%,0%,89%,0%,69%,71%,,,,57%,75%,-10,SUPP,71%,8%,7%,,,,0%,10%,-10,SUPP,8%,,,,,,,,,,,,,,,,,,,,,,,,,,,,,,,,,,,,,,,,,,,,,,,,,,,,,,,,,,,,,,,,,,,,,,,,,,,,,,,,,,,,,107,108,,,,105,108,SUPP,108,107,106,,,,102,109,SUPP,106,104,105,,,,101,106,SUPP,104,,,,86%,85%,,,,43%,80%,,,,71%,85%,,,,57%,75%,,,,29%,40%,,,,14%,25%,,,,14%,40%,,,,0%,10%,22,81%,1,4%,2,7%,6,22%,8,30%,29,10%,90%,62%,0%,SUPP,SUPP,SUPP,SUPP,1.1,-1.5,3.6,-0.7,-3.2,1.7,0.3,-2.1,2.6,104,103
1,7942,919,2266,117245,Eastbury Farm Primary School,Bishops Avenue,,,Northwood,HA6 3DG,1923824543,E14001496,South West Hertfordshire,0,,,CY,0,Does not apply,3-11,0,0,336,42,42,20,22,48%,52%,,,,,,,,,,3,7%,39,93%,14,33%,38,90%,74%,24%,,,,,,,,,,,,,81%,48%,0%,108,88%,52%,0%,109,93%,36%,0%,108,81%,45%,19%,0%,95%,0%,55%,91%,,,,SUPP,SUPP,SUPP,64%,76%,20%,27%,,,,SUPP,SUPP,SUPP,14%,26%,,,,,,,,,,,,,,,,,,,,,,,,,,,,,,,,,,,,,,,,,,,,,,,,,,,,,,,,,,,,,,,,,,,,,,,,,,,,,,,,,,,,,105,110,,,,SUPP,SUPP,104,108,108,108,,,,SUPP,SUPP,107,108,108,110,,,,SUPP,SUPP,106,109,,,,SUPP,SUPP,,,,SUPP,SUPP,,,,SUPP,SUPP,,,,SUPP,SUPP,,,,SUPP,SUPP,,,,SUPP,SUPP,,,,SUPP,SUPP,,,,SUPP,SUPP,27,64%,1,2%,1,2%,3,7%,4,10%,43,9%,91%,58%,12%,SUPP,SUPP,SUPP,SUPP,-0.1,-2.1,1.8,0.2,-1.6,2.1,-0.3,-2.2,1.5,106,105
1,6934,919,2280,117250,Cunningham Hill Junior School,Cell Barnes Lane,,,St Albans,AL1 5QJ,1727852911,E14001507,St Albans,0,,,CY,0,Does not apply,7-11,0,0,240,60,60,35,25,58%,42%,,,,,,,,,,6,10%,54,90%,19,32%,60,100%,88%,33%,,,,,,,,,,,,,98%,70%,0%,112,93%,70%,0%,112,97%,68%,0%,111,90%,37%,8%,0%,90%,0%,83%,96%,,,,50%,93%,-17,84%,88%,23%,48%,,,,17%,35%,7,37%,33%,,,,,,,,,,,,,,,,,,,,,,,,,,,,,,,,,,,,,,,,,,,,,,,,,,,,,,,,,,,,,,,,,,,,,,,,,,,,,,,,,,,,,111,113,,,,109,112,112,112,112,111,,,,107,112,112,111,112,113,,,,104,113,112,112,,,,100%,98%,,,,67%,96%,,,,83%,98%,,,,50%,94%,,,,50%,72%,,,,17%,76%,,,,33%,72%,,,,17%,39%,41,68%,0,0%,0,0%,11,18%,11,18%,58,21%,79%,78%,29%,50%,8%,85%,35%,2.4,0.8,4.1,2.6,1,4.2,4.5,2.9,6.1,109,109
1,20776,919,2316,117271,Priors Wood Primary School,Cozens Road,,,Ware,SG12 7HZ,1920464135,E14001283,Hertford and Stortford,0,,,CY,0,Does not apply,3-11,0,0,201,16,17,8,9,47%,53%,,,,,,,,,,5,29%,12,71%,5,29%,15,88%,65%,0%,,,,,,,,,,,,,82%,35%,0%,107,76%,18%,0%,104,76%,29%,0%,105,71%,0%,18%,0%,82%,0%,63%,67%,,,,SUPP,SUPP,SUPP,SUPP,67%,0%,0%,,,,SUPP,SUPP,SUPP,SUPP,0%,,,,,,,,,,,,,,,,,,,,,,,,,,,,,,,,,,,,,,,,,,,,,,,,,,,,,,,,,,,,,,,,,,,,,,,,,,,,,,,,,,,,,107,108,,,,SUPP,SUPP,SUPP,107,106,104,,,,SUPP,SUPP,SUPP,104,106,103,,,,SUPP,SUPP,SUPP,104,,,,SUPP,SUPP,,,,SUPP,SUPP,,,,SUPP,SUPP,,,,SUPP,SUPP,,,,SUPP,SUPP,,,,SUPP,SUPP,,,,SUPP,SUPP,,,,SUPP,SUPP,11,65%,1,6%,0,0%,3,18%,3,18%,29,17%,83%,55%,0%,SUPP,SUPP,SUPP,SUPP,-1.1,-3.4,1.2,-4.3,-6.5,-2.1,-4.3,-6.4,-2.1,107,102
1,21338,919,2333,117280,Reedings Junior School,Bullfields,,,Sawbridgeworth,CM21 9DD,1279722578,E14001283,Hertford and Stortford,0,,,CY,0,Does not apply,7-11,0,0,241,59,60,28,32,47%,53%,,,,,,,,,,8,13%,52,87%,3,5%,56,93%,70%,22%,,,,,,,,,,,,,83%,37%,0%,107,77%,38%,0%,107,82%,35%,0%,106,90%,27%,10%,0%,92%,0%,64%,75%,,,,38%,75%,-29,SUPP,68%,14%,28%,,,,0%,25%,-10,SUPP,20%,,,,,,,,,,,,,,,,,,,,,,,,,,,,,,,,,,,,,,,,,,,,,,,,,,,,,,,,,,,,,,,,,,,,,,,,,,,,,,,,,,,,,104,110,,,,102,108,SUPP,107,106,106,,,,101,106,SUPP,105,104,110,,,,101,108,SUPP,106,,,,63%,87%,,,,63%,79%,,,,63%,85%,,,,75%,92%,,,,13%,40%,,,,0%,44%,,,,13%,38%,,,,0%,31%,57,95%,0,0%,1,2%,4,7%,5,8%,58,3%,97%,72%,28%,SUPP,SUPP,SUPP,SUPP,1.6,0,3.2,1.8,0.3,3.4,1,-0.5,2.6,108,106
1,990,919,2348,117289,Arnett Hills Junior Mixed and Infant School,Berry Lane,,,Rickmansworth,WD3 4BT,1923720507,E14001496,South West Hertfordshire,0,,,CY,0,Does not apply,4-11,0,0,207,29,30,16,14,53%,47%,,,,,,,,,,4,13%,26,87%,2,7%,29,97%,67%,3%,,,,,,,,,,,,,77%,30%,0%,106,77%,30%,0%,106,70%,37%,0%,105,73%,7%,23%,0%,97%,0%,75%,57%,,,,SUPP,SUPP,SUPP,SUPP,66%,0%,7%,,,,SUPP,SUPP,SUPP,SUPP,3%,,,,,,,,,,,,,,,,,,,,,,,,,,,,,,,,,,,,,,,,,,,,,,,,,,,,,,,,,,,,,,,,,,,,,,,,,,,,,,,,,,,,,106,106,,,,SUPP,SUPP,SUPP,106,108,102,,,,SUPP,SUPP,SUPP,105,106,105,,,,SUPP,SUPP,SUPP,105,,,,SUPP,SUPP,,,,SUPP,SUPP,,,,SUPP,SUPP,,,,SUPP,SUPP,,,,SUPP,SUPP,,,,SUPP,SUPP,,,,SUPP,SUPP,,,,SUPP,SUPP,28,93%,0,0%,1,3%,5,17%,6,20%,29,7%,93%,48%,7%,SUPP,SUPP,SUPP,SUPP,1.4,-1,3.7,-3.4,-5.7,-1.2,-0.7,-2.9,1.5,106,103
1,21982,919,2365,149206,Round Diamond Primary School,Whitehorse Lane,Great Ashby Way,,Stevenage,SG1 6NH,1438219410,E14001289,Hitchin,0,,,ACC,0,Does not apply,3-11,0,0,457,57,57,25,32,44%,56%,,,,,,,,,,9,16%,48,84%,6,11%,54,95%,74%,9%,,,,,,,,,,,,,84%,39%,0%,107,82%,39%,0%,106,84%,39%,0%,107,89%,23%,7%,0%,84%,0%,72%,75%,,,,33%,81%,-34,33%,74%,4%,13%,,,,0%,10%,-10,33%,9%,,,,,,,,,,,,,,,,,,,,,,,,,,,,,,,,,,,,,,,,,,,,,,,,,,,,,,,,,,,,,,,,,,,,,,,,,,,,,,,,,,,,,107,108,,,,104,108,103,108,108,106,,,,101,108,103,107,105,107,,,,101,107,103,106,,,,78%,85%,,,,56%,88%,,,,44%,92%,,,,78%,92%,,,,33%,40%,,,,11%,44%,,,,22%,42%,,,,11%,25%,51,89%,0,0%,4,7%,11,19%,15,26%,58,14%,86%,57%,12%,25%,0%,62%,14%,-2.1,-3.7,-0.4,1.3,-0.3,2.9,-1,-2.5,0.6,104,105
1,16214,919,2380,117305,Mandeville Primary School,West Road,,,Sawbridgeworth,CM21 0BL,1279723737,E14001283,Hertford and Stortford,0,,,CY,0,Does not apply,3-11,0,0,256,31,31,13,18,42%,58%,,,,,,,,,,5,16%,26,84%,4,13%,30,97%,84%,16%,,,,,,,,,,,,,90%,42%,0%,109,81%,35%,0%,107,87%,52%,0%,108,94%,19%,6%,0%,87%,0%,85%,83%,,,,SUPP,SUPP,SUPP,SUPP,83%,23%,11%,,,,SUPP,SUPP,SUPP,SUPP,17%,,,,,,,,,,,,,,,,,,,,,,,,,,,,,,,,,,,,,,,,,,,,,,,,,,,,,,,,,,,,,,,,,,,,,,,,,,,,,,,,,,,,,109,109,,,,SUPP,SUPP,SUPP,109,109,108,,,,SUPP,SUPP,SUPP,108,106,107,,,,SUPP,SUPP,SUPP,107,,,,SUPP,SUPP,,,,SUPP,SUPP,,,,SUPP,SUPP,,,,SUPP,SUPP,,,,SUPP,SUPP,,,,SUPP,SUPP,,,,SUPP,SUPP,,,,SUPP,SUPP,27,87%,0,0%,0,0%,5,16%,5,16%,30,10%,90%,63%,20%,SUPP,SUPP,SUPP,SUPP,0.6,-1.7,2.8,0.1,-2.1,2.2,0.7,-1.4,2.9,107,107
1,14958,919,2398,143603,Laurance Haines School,Vicarage Road,,,Watford,WD18 0DD,1923233146,E14001568,Watford,0,,,ACC,0,Does not apply,3-11,0,0,468,60,58,31,27,53%,47%,,,,,,,,,,11,19%,47,81%,44,76%,56,97%,62%,5%,,,,,,,,,,,,,71%,24%,0%,104,76%,31%,0%,105,74%,21%,0%,103,72%,7%,22%,2%,76%,2%,58%,67%,,,,27%,70%,-40,59%,63%,3%,7%,,,,0%,6%,-10,5%,5%,,,,,,,,,,,,,,,,,,,,,,,,,,,,,,,,,,,,,,,,,,,,,,,,,,,,,,,,,,,,,,,,,,,,,,,,,,,,,,,,,,,,,102,105,,,,100,104,103,104,104,103,,,,99,104,103,103,104,107,,,,101,106,105,105,,,,64%,72%,,,,55%,81%,,,,45%,81%,,,,55%,77%,,,,0%,30%,,,,9%,36%,,,,9%,23%,,,,0%,9%,14,24%,0,0%,0,0%,18,31%,18,31%,58,28%,72%,66%,3%,75%,0%,62%,5%,1.5,-0.4,3.3,1.7,-0.1,3.4,0.7,-1,2.5,103,103
1,16572,919,2415,117329,Mary Exton Primary School,St Michael's Road,,,Hitchin,SG4 0QA,1462456997,E14001289,Hitchin,0,,,CY,0,Does not apply,5-11,0,0,181,30,30,18,12,60%,40%,,,,,,,,,,4,13%,26,87%,6,20%,27,90%,33%,10%,,,,,,,,,,,,,77%,37%,0%,107,77%,30%,0%,106,57%,40%,0%,104,47%,13%,40%,0%,87%,0%,28%,42%,,,,SUPP,SUPP,SUPP,17%,33%,11%,8%,,,,SUPP,SUPP,SUPP,0%,11%,,,,,,,,,,,,,,,,,,,,,,,,,,,,,,,,,,,,,,,,,,,,,,,,,,,,,,,,,,,,,,,,,,,,,,,,,,,,,,,,,,,,,107,106,,,,SUPP,SUPP,104,107,107,101,,,,SUPP,SUPP,103,104,107,104,,,,SUPP,SUPP,103,106,,,,SUPP,SUPP,,,,SUPP,SUPP,,,,SUPP,SUPP,,,,SUPP,SUPP,,,,SUPP,SUPP,,,,SUPP,SUPP,,,,SUPP,SUPP,,,,SUPP,SUPP,24,80%,0,0%,3,10%,4,13%,7,23%,30,20%,80%,43%,3%,17%,0%,50%,4%,-0.4,-2.6,1.9,-5,-7.2,-2.8,0,-2.1,2.2,106,106
1,15822,919,2416,117330,Lordship Farm Primary School,Fouracres,,,Letchworth Garden City,SG6 3UF,1462620550,E14001393,North East Hertfordshire,0,,,CY,0,Does not apply,3-11,0,0,441,58,56,32,24,57%,43%,,,,,,,,,,7,13%,49,88%,11,20%,49,88%,70%,0%,,,,,,,,,,,,,89%,36%,0%,107,77%,32%,0%,106,86%,21%,0%,105,77%,0%,23%,0%,88%,0%,78%,58%,,,,43%,73%,-24,64%,71%,0%,0%,,,,0%,0%,-10,0%,0%,,,,,,,,,,,,,,,,,,,,,,,,,,,,,,,,,,,,,,,,,,,,,,,,,,,,,,,,,,,,,,,,,,,,,,,,,,,,,,,,,,,,,107,107,,,,103,108,106,107,108,101,,,,103,105,108,105,108,104,,,,103,106,108,105,,,,57%,94%,,,,71%,78%,,,,71%,88%,,,,57%,80%,,,,14%,39%,,,,14%,35%,,,,14%,22%,,,,0%,0%,45,80%,0,0%,2,4%,8,14%,10,18%,57,14%,86%,58%,4%,0%,0%,67%,4%,0.9,-0.7,2.6,-2.7,-4.3,-1.1,-2.1,-3.6,-0.5,107,103
1,6018,919,2433,117340,Coates Way JMI and Nursery School,Coates Way,Garston,,Watford,WD25 9NW,1923670341,E14001568,Watford,0,,,CY,0,Does not apply,3-11,0,0,221,30,30,13,17,43%,57%,,,,,,,,,,7,23%,23,77%,8,27%,28,93%,70%,10%,,,,,,,,,,,,,77%,33%,10%,106,73%,33%,10%,107,83%,37%,3%,106,77%,23%,13%,0%,67%,0%,69%,71%,,,,14%,87%,-53,75%,71%,8%,12%,,,,0%,13%,-10,25%,11%,,,,,,,,,,,,,,,,,,,,,,,,,,,,,,,,,,,,,,,,,,,,,,,,,,,,,,,,,,,,,,,,,,,,,,,,,,,,,,,,,,,,,103,109,,,,98,109,108,106,105,107,,,,95,110,109,106,103,109,,,,96,110,108,106,,,,43%,87%,,,,29%,87%,,,,43%,96%,,,,29%,91%,,,,0%,43%,,,,0%,43%,,,,0%,48%,,,,0%,30%,22,73%,0,0%,1,3%,2,7%,3,10%,29,17%,83%,55%,17%,SUPP,SUPP,SUPP,SUPP,0,-2.3,2.3,-1.2,-3.4,1,0.3,-1.8,2.5,107,106
1,3748,919,2448,117349,Brockswood Primary School,Shenley Road,Woodhall Farm,,Hemel Hempstead,HP2 7QH,1442404000,E14001278,Hemel Hempstead,0,,,CY,0,Does not apply,3-11,0,0,228,29,29,12,17,41%,59%,,,,,,,,,,13,45%,16,55%,8,28%,23,79%,83%,17%,,,,,,,,,,,,,90%,28%,0%,107,90%,69%,0%,112,93%,34%,0%,108,86%,24%,7%,0%,90%,0%,75%,88%,,,,62%,100%,-5,100%,87%,17%,18%,,,,8%,25%,-2,50%,22%,,,,,,,,,,,,,,,,,,,,,,,,,,,,,,,,,,,,,,,,,,,,,,,,,,,,,,,,,,,,,,,,,,,,,,,,,,,,,,,,,,,,,107,107,,,,105,108,109,107,110,107,,,,106,110,112,108,111,113,,,,109,115,116,112,,,,77%,100%,,,,77%,100%,,,,85%,100%,,,,69%,100%,,,,15%,38%,,,,54%,81%,,,,15%,50%,,,,8%,38%,21,72%,0,0%,2,7%,8,28%,10,34%,28,32%,68%,86%,21%,78%,0%,89%,32%,1.5,-0.8,3.9,4.1,1.8,6.3,5.4,3.2,7.6,107,110
1,15252,919,2465,117364,The Leys Primary and Nursery School,Ripon Road,,,Stevenage,SG1 4QZ,1438314148,E14001516,Stevenage,0,,,CY,0,Does not apply,3-11,0,0,413,58,57,26,31,46%,54%,,,,,,,,,,12,21%,45,79%,11,19%,53,93%,67%,9%,,,,,,,,,,,,,82%,30%,2%,106,75%,32%,2%,105,75%,28%,0%,105,74%,16%,18%,0%,84%,0%,62%,71%,,,,42%,73%,-25,91%,64%,0%,16%,,,,17%,7%,7,9%,9%,,,,,,,,,,,,,,,,,,,,,,,,,,,,,,,,,,,,,,,,,,,,,,,,,,,,,,,,,,,,,,,,,,,,,,,,,,,,,,,,,,,,,103,107,,,,103,106,108,106,105,105,,,,100,106,108,105,102,106,,,,102,105,107,105,,,,58%,89%,,,,50%,82%,,,,42%,84%,,,,50%,80%,,,,33%,29%,,,,33%,31%,,,,33%,27%,,,,25%,13%,46,81%,0,0%,2,4%,10,18%,12,21%,70,29%,71%,51%,3%,20%,0%,64%,4%,-0.6,-2.1,1,-3.6,-5.1,-2.1,-0.7,-2.2,0.7,105,103
1,2208,919,2466,117365,Belswains Primary School,Barnfield,,,Hemel Hempstead,HP3 9QJ,1442264324,E14001278,Hemel Hempstead,0,,,CY,0,Does not apply,3-11,0,0,379,30,30,12,18,40%,60%,,,,,,,,,,11,37%,19,63%,2,7%,28,93%,73%,0%,,,,,,,,,,,,,83%,27%,0%,106,87%,40%,0%,107,80%,33%,0%,105,77%,3%,10%,0%,90%,0%,67%,78%,,,,36%,95%,-31,SUPP,79%,0%,0%,,,,0%,0%,-10,SUPP,0%,,,,,,,,,,,,,,,,,,,,,,,,,,,,,,,,,,,,,,,,,,,,,,,,,,,,,,,,,,,,,,,,,,,,,,,,,,,,,,,,,,,,,106,106,,,,99,109,SUPP,107,106,105,,,,100,108,SUPP,106,107,107,,,,102,109,SUPP,107,,,,55%,100%,,,,64%,100%,,,,55%,95%,,,,45%,95%,,,,0%,42%,,,,27%,47%,,,,0%,53%,,,,0%,5%,28,93%,0,0%,0,0%,4,13%,4,13%,60,30%,70%,63%,13%,44%,0%,71%,19%,0.3,-1.4,1.9,-0.1,-1.7,1.5,0.3,-1.3,1.8,106,105
1,8532,919,3015,117393,Essendon CofE (VC) Primary School,School Lane,,,Essendon,AL9 6HD,1707261209,E14001573,Welwyn Hatfield,0,,,VC,0,Church of England,3-11,0,0,86,15,13,10,3,77%,23%,,,,,,,,,,2,15%,11,85%,1,8%,11,85%,38%,0%,,,,,,,,,,,,,46%,23%,0%,101,54%,15%,0%,99,69%,38%,0%,102,46%,0%,31%,0%,46%,0%,50%,SUPP,,,,SUPP,SUPP,SUPP,SUPP,45%,0%,SUPP,,,,SUPP,SUPP,SUPP,SUPP,0%,,,,,,,,,,,,,,,,,,,,,,,,,,,,,,,,,,,,,,,,,,,,,,,,,,,,,,,,,,,,,,,,,,,,,,,,,,,,,,,,,,,,,104,SUPP,,,,SUPP,SUPP,SUPP,101,105,SUPP,,,,SUPP,SUPP,SUPP,102,101,SUPP,,,,SUPP,SUPP,SUPP,99,,,,SUPP,SUPP,,,,SUPP,SUPP,,,,SUPP,SUPP,,,,SUPP,SUPP,,,,SUPP,SUPP,,,,SUPP,SUPP,,,,SUPP,SUPP,,,,SUPP,SUPP,12,92%,0,0%,0,0%,5,38%,5,38%,13,23%,77%,38%,0%,SUPP,SUPP,SUPP,SUPP,-1.5,-5,1.9,-3.7,-7,-0.4,-5.1,-8.4,-1.9,104,99
1,9532,919,3016,117394,Furneux Pelham Church of England School,,,Furneux Pelham School,Furneux Pelham,SG9 0LH,1279777344,E14001393,North East Hertfordshire,0,,,VC,0,Church of England,4-11,0,0,88,15,14,4,10,29%,71%,,,,,,,,,,5,36%,9,64%,0,0%,13,93%,64%,7%,,,,,,,,,,,,,79%,7%,0%,104,50%,21%,0%,102,71%,7%,0%,102,86%,21%,14%,0%,79%,0%,SUPP,80%,,,,SUPP,SUPP,SUPP,,62%,SUPP,10%,,,,SUPP,SUPP,SUPP,,8%,,,,,,,,,,,,,,,,,,,,,,,,,,,,,,,,,,,,,,,,,,,,,,,,,,,,,,,,,,,,,,,,,,,,,,,,,,,,,,,,,,,,,SUPP,105,,,,SUPP,SUPP,,103,SUPP,103,,,,SUPP,SUPP,,101,SUPP,103,,,,SUPP,SUPP,,101,,,,SUPP,SUPP,,,,SUPP,SUPP,,,,SUPP,SUPP,,,,SUPP,SUPP,,,,SUPP,SUPP,,,,SUPP,SUPP,,,,SUPP,SUPP,,,,SUPP,SUPP,14,100%,0,0%,1,7%,3,21%,4,29%,19,16%,84%,68%,5%,SUPP,SUPP,SUPP,SUPP,1.5,-1.4,4.3,2,-0.7,4.7,-0.4,-3.1,2.2,108,105
1,20704,919,3034,117403,Preston Primary School,Back Lane,Preston,,Hitchin,SG4 7UJ,1462451734,E14001289,Hitchin,0,,,VC,0,Church of England,4-11,0,0,67,12,11,7,4,64%,36%,,,,,,,,,,1,9%,10,91%,0,0%,11,100%,55%,18%,,,,,,,,,,,,,91%,45%,0%,107,64%,36%,0%,105,73%,27%,9%,106,64%,18%,36%,0%,91%,0%,57%,SUPP,,,,SUPP,SUPP,SUPP,,55%,14%,SUPP,,,,SUPP,SUPP,SUPP,,18%,,,,,,,,,,,,,,,,,,,,,,,,,,,,,,,,,,,,,,,,,,,,,,,,,,,,,,,,,,,,,,,,,,,,,,,,,,,,,,,,,,,,,108,SUPP,,,,SUPP,SUPP,,107,106,SUPP,,,,SUPP,SUPP,,106,105,SUPP,,,,SUPP,SUPP,,105,,,,SUPP,SUPP,,,,SUPP,SUPP,,,,SUPP,SUPP,,,,SUPP,SUPP,,,,SUPP,SUPP,,,,SUPP,SUPP,,,,SUPP,SUPP,,,,SUPP,SUPP,11,100%,0,0%,0,0%,3,27%,3,27%,7,0%,100%,71%,0%,,,SUPP,SUPP,-0.8,-5.8,4.2,-2.1,-7,2.7,-1.5,-6.3,3.2,107,103
1,26350,919,3301,117417,"St Paul's Church of England Primary School, Langleybury",Langleybury Lane,Hunton Bridge,,Kings Langley,WD4 8RJ,1923263641,E14001496,South West Hertfordshire,0,,,VA,0,Church of England,3-11,0,0,209,27,27,16,11,59%,41%,,,,,,,,,,2,7%,25,93%,0,0%,27,100%,74%,4%,,,,,,,,,,,,,93%,41%,0%,108,96%,26%,0%,107,93%,33%,0%,108,81%,15%,15%,0%,85%,0%,63%,91%,,,,SUPP,SUPP,SUPP,,74%,6%,0%,,,,SUPP,SUPP,SUPP,,4%,,,,,,,,,,,,,,,,,,,,,,,,,,,,,,,,,,,,,,,,,,,,,,,,,,,,,,,,,,,,,,,,,,,,,,,,,,,,,,,,,,,,,107,110,,,,SUPP,SUPP,,108,109,107,,,,SUPP,SUPP,,108,107,107,,,,SUPP,SUPP,,107,,,,SUPP,SUPP,,,,SUPP,SUPP,,,,SUPP,SUPP,,,,SUPP,SUPP,,,,SUPP,SUPP,,,,SUPP,SUPP,,,,SUPP,SUPP,,,,SUPP,SUPP,27,100%,0,0%,2,7%,1,4%,3,11%,28,4%,96%,71%,18%,SUPP,SUPP,SUPP,SUPP,-0.6,-3,1.7,0.7,-1.5,3,-1.5,-3.6,0.7,107,106
1,17790,919,3302,117418,Nash Mills Church of England Primary School,Belswains Lane,Nash Mills,,Hemel Hempstead,HP3 9XB,1442252972,E14001278,Hemel Hempstead,0,,,VA,0,Church of England,3-11,0,0,235,30,30,10,20,33%,67%,,,,,,,,,,7,23%,23,77%,3,10%,30,100%,63%,10%,,,,,,,,,,,,,80%,27%,0%,105,73%,30%,0%,105,63%,23%,0%,103,83%,17%,17%,0%,93%,0%,70%,60%,,,,29%,74%,-38,SUPP,63%,10%,10%,,,,14%,9%,4,SUPP,10%,,,,,,,,,,,,,,,,,,,,,,,,,,,,,,,,,,,,,,,,,,,,,,,,,,,,,,,,,,,,,,,,,,,,,,,,,,,,,,,,,,,,,107,105,,,,103,106,SUPP,105,107,101,,,,98,105,SUPP,103,107,104,,,,100,106,SUPP,105,,,,71%,83%,,,,29%,87%,,,,29%,74%,,,,57%,91%,,,,14%,30%,,,,14%,35%,,,,14%,26%,,,,14%,17%,27,90%,0,0%,1,3%,5,17%,6,20%,29,17%,83%,76%,10%,SUPP,SUPP,SUPP,SUPP,1.9,-0.4,4.3,2.6,0.3,4.8,3.4,1.2,5.6,106,107
1,25656,919,3315,117424,"St Mary's CofE Primary School, Northchurch",Northchurch,,,Berkhamsted,HP4 3QZ,1442389040,E14001268,Harpenden and Berkhamsted,0,,,VA,0,Church of England,3-11,0,0,219,25,24,9,15,38%,63%,,,,,,,,,,1,4%,23,96%,2,8%,22,92%,71%,8%,,,,,,,,,,,,,83%,38%,0%,107,83%,25%,0%,106,92%,17%,0%,105,83%,17%,13%,0%,100%,0%,56%,80%,,,,SUPP,SUPP,SUPP,SUPP,77%,11%,7%,,,,SUPP,SUPP,SUPP,SUPP,9%,,,,,,,,,,,,,,,,,,,,,,,,,,,,,,,,,,,,,,,,,,,,,,,,,,,,,,,,,,,,,,,,,,,,,,,,,,,,,,,,,,,,,108,107,,,,SUPP,SUPP,SUPP,108,106,105,,,,SUPP,SUPP,SUPP,105,106,106,,,,SUPP,SUPP,SUPP,106,,,,SUPP,SUPP,,,,SUPP,SUPP,,,,SUPP,SUPP,,,,SUPP,SUPP,,,,SUPP,SUPP,,,,SUPP,SUPP,,,,SUPP,SUPP,,,,SUPP,SUPP,22,92%,0,0%,0,0%,3,13%,3,13%,27,4%,96%,70%,11%,SUPP,SUPP,SUPP,SUPP,1.9,-0.5,4.4,-0.1,-2.4,2.2,-2.8,-5,-0.5,109,104
1,25922,919,3319,117426,St Michael's Church of England Primary School,St Michael's CE Primary School,Apton Road,,Bishop's Stortford,CM23 3SN,1279652607,E14001283,Hertford and Stortford,0,,,VA,0,Church of England,3-11,0,0,212,30,31,14,17,45%,55%,,,,,,,,,,4,13%,27,87%,8,26%,25,81%,65%,13%,,,,,,,,,,,,,84%,39%,3%,107,87%,52%,3%,109,81%,42%,6%,107,68%,13%,19%,6%,87%,6%,71%,59%,,,,SUPP,SUPP,SUPP,75%,68%,7%,18%,,,,SUPP,SUPP,SUPP,13%,16%,,,,,,,,,,,,,,,,,,,,,,,,,,,,,,,,,,,,,,,,,,,,,,,,,,,,,,,,,,,,,,,,,,,,,,,,,,,,,,,,,,,,,107,108,,,,SUPP,SUPP,109,108,107,107,,,,SUPP,SUPP,109,106,108,110,,,,SUPP,SUPP,111,110,,,,SUPP,SUPP,,,,SUPP,SUPP,,,,SUPP,SUPP,,,,SUPP,SUPP,,,,SUPP,SUPP,,,,SUPP,SUPP,,,,SUPP,SUPP,,,,SUPP,SUPP,22,71%,1,3%,2,6%,2,6%,4,13%,29,3%,97%,55%,0%,SUPP,SUPP,SUPP,SUPP,1.4,-1,3.8,-0.9,-3.2,1.5,-0.6,-2.9,1.7,106,104
1,26112,919,3333,117431,St Nicholas Elstree Church of England VA Primary School,St Nicholas Close,,,Elstree,WD6 3EW,2089533015,E14001284,Hertsmere,0,,,VA,0,Church of England,4-11,0,0,64,10,11,8,3,73%,27%,,,,,,,,,,1,9%,10,91%,5,45%,10,91%,18%,0%,,,,,,,,,,,,,55%,9%,0%,99,45%,18%,0%,100,27%,9%,9%,98,45%,18%,36%,0%,64%,0%,13%,SUPP,,,,SUPP,SUPP,SUPP,SUPP,20%,0%,SUPP,,,,SUPP,SUPP,SUPP,SUPP,0%,,,,,,,,,,,,,,,,,,,,,,,,,,,,,,,,,,,,,,,,,,,,,,,,,,,,,,,,,,,,,,,,,,,,,,,,,,,,,,,,,,,,,96,SUPP,,,,SUPP,SUPP,SUPP,100,96,SUPP,,,,SUPP,SUPP,SUPP,99,98,SUPP,,,,SUPP,SUPP,SUPP,101,,,,SUPP,SUPP,,,,SUPP,SUPP,,,,SUPP,SUPP,,,,SUPP,SUPP,,,,SUPP,SUPP,,,,SUPP,SUPP,,,,SUPP,SUPP,,,,SUPP,SUPP,6,55%,0,0%,0,0%,3,27%,3,27%,12,17%,83%,25%,17%,SUPP,SUPP,SUPP,SUPP,3.1,-0.5,6.6,1.9,-1.6,5.3,-1.3,-4.6,2.1,104,97
1,24046,919,3334,117432,St John the Baptist Voluntary Aided Church of England Primary School,Hillside Lane,Great Amwell,,Ware,SG12 9SE,1920870135,E14001139,Broxbourne,0,,,VA,0,Church of England,4-11,0,0,175,20,21,12,9,57%,43%,,,,,,,,,,5,24%,16,76%,2,10%,20,95%,52%,5%,,,,,,,,,,,,,81%,19%,0%,104,48%,5%,0%,101,81%,10%,0%,104,81%,10%,19%,0%,90%,0%,58%,44%,,,,SUPP,SUPP,SUPP,SUPP,50%,8%,0%,,,,SUPP,SUPP,SUPP,SUPP,5%,,,,,,,,,,,,,,,,,,,,,,,,,,,,,,,,,,,,,,,,,,,,,,,,,,,,,,,,,,,,,,,,,,,,,,,,,,,,,,,,,,,,,104,105,,,,SUPP,SUPP,SUPP,105,106,101,,,,SUPP,SUPP,SUPP,104,101,101,,,,SUPP,SUPP,SUPP,101,,,,SUPP,SUPP,,,,SUPP,SUPP,,,,SUPP,SUPP,,,,SUPP,SUPP,,,,SUPP,SUPP,,,,SUPP,SUPP,,,,SUPP,SUPP,,,,SUPP,SUPP,19,90%,0,0%,0,0%,2,10%,2,10%,29,28%,72%,41%,0%,13%,0%,52%,0%,-3.9,-6.3,-1.5,-4.1,-6.3,-1.8,-5.5,-7.7,-3.2,102,100
1,15488,919,3352,117443,Little Gaddesden Church of England Voluntary Aided Primary School,Church Road,Little Gaddesden,,Berkhamsted,HP4 1NX,1442842464,E14001268,Harpenden and Berkhamsted,0,,,VA,0,Church of England,4-11,0,0,100,14,14,7,7,50%,50%,,,,,,,,,,1,7%,13,93%,2,14%,10,71%,100%,7%,,,,,,,,,,,,,100%,43%,0%,109,93%,36%,0%,107,100%,43%,0%,110,100%,29%,0%,0%,100%,0%,100%,100%,,,,SUPP,SUPP,SUPP,SUPP,100%,0%,14%,,,,SUPP,SUPP,SUPP,SUPP,10%,,,,,,,,,,,,,,,,,,,,,,,,,,,,,,,,,,,,,,,,,,,,,,,,,,,,,,,,,,,,,,,,,,,,,,,,,,,,,,,,,,,,,106,113,,,,SUPP,SUPP,SUPP,109,112,107,,,,SUPP,SUPP,SUPP,111,108,107,,,,SUPP,SUPP,SUPP,109,,,,SUPP,SUPP,,,,SUPP,SUPP,,,,SUPP,SUPP,,,,SUPP,SUPP,,,,SUPP,SUPP,,,,SUPP,SUPP,,,,SUPP,SUPP,,,,SUPP,SUPP,12,86%,0,0%,0,0%,0,0%,0,0%,8,0%,100%,88%,38%,,,SUPP,SUPP,4.4,0.1,8.8,1.2,-3,5.4,1.5,-2.6,5.6,112,109
1,20848,919,3366,117453,"Puller Memorial, Church of England, Voluntary Aided Primary School",High Cross,,,Ware,SG11 1AZ,1920463178,E14001393,North East Hertfordshire,0,,,VA,0,Church of England,3-11,0,0,63,4,5,SUPP,SUPP,SUPP,SUPP,,,,,,,,,,SUPP,SUPP,SUPP,SUPP,SUPP,SUPP,SUPP,SUPP,SUPP,SUPP,,,,,,,,,,,,,SUPP,SUPP,SUPP,SUPP,SUPP,SUPP,SUPP,SUPP,SUPP,SUPP,SUPP,SUPP,SUPP,SUPP,SUPP,SUPP,SUPP,SUPP,SUPP,SUPP,,,,SUPP,SUPP,SUPP,SUPP,SUPP,SUPP,SUPP,,,,SUPP,SUPP,SUPP,SUPP,SUPP,,,,,,,,,,,,,,,,,,,,,,,,,,,,,,,,,,,,,,,,,,,,,,,,,,,,,,,,,,,,,,,,,,,,,,,,,,,,,,,,,,,,,SUPP,SUPP,,,,SUPP,SUPP,SUPP,SUPP,SUPP,SUPP,,,,SUPP,SUPP,SUPP,SUPP,SUPP,SUPP,,,,SUPP,SUPP,SUPP,SUPP,,,,SUPP,SUPP,,,,SUPP,SUPP,,,,SUPP,SUPP,,,,SUPP,SUPP,,,,SUPP,SUPP,,,,SUPP,SUPP,,,,SUPP,SUPP,,,,SUPP,SUPP,SUPP,SUPP,SUPP,SUPP,SUPP,SUPP,SUPP,SUPP,SUPP,SUPP,7,29%,71%,43%,0%,SUPP,SUPP,SUPP,SUPP,-1.7,-6.8,3.3,0.2,-4.3,4.7,4.4,-0.4,9.1,103,104
1,26098,919,3369,117456,St Nicholas CofE (VA) Primary School and Nursery,Six Hills Way,,,Stevenage,SG2 0PZ,1438352706,E14001516,Stevenage,0,,,VA,0,Church of England,3-11,0,0,224,29,27,16,11,59%,41%,,,,,,,,,,11,41%,16,59%,12,44%,22,81%,33%,7%,,,,,,,,,,,,,48%,26%,0%,102,59%,30%,0%,103,52%,19%,0%,100,52%,11%,37%,0%,56%,0%,25%,45%,,,,18%,44%,-49,58%,32%,6%,9%,,,,9%,6%,-1,8%,9%,,,,,,,,,,,,,,,,,,,,,,,,,,,,,,,,,,,,,,,,,,,,,,,,,,,,,,,,,,,,,,,,,,,,,,,,,,,,,,,,,,,,,100,104,,,,100,103,103,102,100,100,,,,97,102,102,101,102,104,,,,100,105,106,103,,,,27%,63%,,,,45%,69%,,,,36%,63%,,,,27%,69%,,,,18%,31%,,,,18%,38%,,,,9%,25%,,,,9%,13%,15,56%,0,0%,2,7%,5,19%,7,26%,30,33%,67%,33%,3%,10%,0%,45%,5%,-3.2,-5.6,-0.8,-3.5,-5.8,-1.3,-3.6,-5.8,-1.5,102,101
1,24376,919,3383,117465,St Joseph Catholic Primary School,Ainsdale Road,South Oxhey,,Watford,WD19 7DW,2084285371,E14001496,South West Hertfordshire,0,,,VA,0,Roman Catholic,3-11,0,0,231,31,29,9,20,31%,69%,,,,,,,,,,10,34%,19,66%,8,28%,29,100%,66%,0%,,,,,,,,,,,,,86%,31%,0%,108,79%,24%,0%,106,72%,14%,0%,104,72%,3%,21%,0%,86%,0%,33%,80%,,,,60%,68%,-7,88%,66%,0%,0%,,,,0%,0%,-10,0%,0%,,,,,,,,,,,,,,,,,,,,,,,,,,,,,,,,,,,,,,,,,,,,,,,,,,,,,,,,,,,,,,,,,,,,,,,,,,,,,,,,,,,,,105,109,,,,109,107,108,108,103,105,,,,105,104,107,104,102,107,,,,107,105,109,106,,,,80%,89%,,,,70%,84%,,,,60%,79%,,,,70%,74%,,,,40%,26%,,,,30%,21%,,,,10%,16%,,,,10%,0%,21,72%,0,0%,3,10%,6,21%,9,31%,30,13%,87%,63%,7%,SUPP,SUPP,SUPP,SUPP,3.7,1.5,6,2.7,0.6,4.9,2.8,0.7,5,106,104
1,26896,919,3384,117466,St Teresa Catholic Primary School,Brook Road,,,Borehamwood,WD6 5HL,2089533753,E14001284,Hertsmere,0,,,VA,0,Catholic,3-11,0,0,206,30,30,18,12,60%,40%,,,,,,,,,,4,13%,26,87%,11,37%,30,100%,60%,7%,,,,,,,,,,,,,70%,13%,0%,102,77%,23%,0%,105,70%,13%,0%,102,70%,17%,27%,0%,80%,0%,61%,58%,,,,SUPP,SUPP,SUPP,64%,60%,6%,8%,,,,SUPP,SUPP,SUPP,9%,7%,,,,,,,,,,,,,,,,,,,,,,,,,,,,,,,,,,,,,,,,,,,,,,,,,,,,,,,,,,,,,,,,,,,,,,,,,,,,,,,,,,,,,102,102,,,,SUPP,SUPP,102,102,102,101,,,,SUPP,SUPP,103,102,105,104,,,,SUPP,SUPP,106,105,,,,SUPP,SUPP,,,,SUPP,SUPP,,,,SUPP,SUPP,,,,SUPP,SUPP,,,,SUPP,SUPP,,,,SUPP,SUPP,,,,SUPP,SUPP,,,,SUPP,SUPP,19,63%,0,0%,1,3%,2,7%,3,10%,30,27%,73%,47%,10%,38%,0%,50%,14%,-2,-4.3,0.2,-3.5,-5.7,-1.3,-1.4,-3.5,0.8,104,103
1,11248,919,2060,143648,Harpenden Academy,25 Vaughan Road,,,Harpenden,AL5 4EL,1582716910,E14001268,Harpenden and Berkhamsted,0,,,F,0,None,4-11,0,0,213,35,33,19,14,58%,42%,,,,,,,,,,1,3%,32,97%,6,18%,30,91%,82%,12%,,,,,,,,,,,,,88%,48%,0%,108,97%,58%,0%,110,94%,33%,0%,108,82%,24%,15%,0%,82%,0%,79%,86%,,,,SUPP,SUPP,SUPP,67%,80%,11%,14%,,,,SUPP,SUPP,SUPP,17%,13%,,,,,,,,,,,,,,,,,,,,,,,,,,,,,,,,,,,,,,,,,,,,,,,,,,,,,,,,,,,,,,,,,,,,,,,,,,,,,,,,,,,,,107,110,,,,SUPP,SUPP,105,108,109,106,,,,SUPP,SUPP,109,107,109,111,,,,SUPP,SUPP,109,110,,,,SUPP,SUPP,,,,SUPP,SUPP,,,,SUPP,SUPP,,,,SUPP,SUPP,,,,SUPP,SUPP,,,,SUPP,SUPP,,,,SUPP,SUPP,,,,SUPP,SUPP,27,82%,0,0%,0,0%,7,21%,7,21%,33,0%,100%,79%,27%,,,SUPP,SUPP,2.4,0.3,4.6,0.6,-1.5,2.7,2.7,0.7,4.8,110,109
1,32352,919,2067,144903,Wilbury Junior School,Bedford Road,,,Letchworth Garden City,SG6 4DU,1462620410,E14001393,North East Hertfordshire,0,,,ACC,0,Does not apply,7-11,0,0,263,73,72,29,43,40%,60%,,,,,,,,,,26,36%,46,64%,9,13%,69,96%,64%,8%,,,,,,,,,,,,,72%,28%,0%,104,76%,39%,0%,106,74%,31%,1%,105,81%,21%,19%,0%,85%,0%,48%,74%,,,,54%,70%,-13,67%,62%,0%,14%,,,,4%,11%,-6,0%,9%,,,,,,,,,,,,,,,,,,,,,,,,,,,,,,,,,,,,,,,,,,,,,,,,,,,,,,,,,,,,,,,,,,,,,,,,,,,,,,,,,,,,,101,107,,,,104,105,104,104,104,105,,,,103,106,106,105,102,108,,,,103,107,110,106,,,,65%,76%,,,,77%,76%,,,,73%,74%,,,,73%,85%,,,,27%,28%,,,,15%,52%,,,,19%,37%,,,,15%,24%,63,88%,0,0%,1,1%,19,26%,20,28%,71,45%,55%,65%,10%,44%,3%,82%,15%,-2,-3.5,-0.4,0.6,-0.8,2.1,-0.3,-1.7,1.2,104,105
1,11976,919,2092,147283,Hertsmere Jewish Primary School,Watling Street,,,Radlett,WD7 7LQ,1923855857,E14001284,Hertsmere,0,,,AC,0,Jewish,3-11,0,0,406,63,63,35,28,56%,44%,,,,,,,,,,1,2%,62,98%,2,3%,63,100%,76%,21%,,,,,,,,,,,,,79%,38%,2%,107,86%,46%,2%,108,90%,40%,2%,108,95%,49%,5%,0%,97%,0%,74%,79%,,,,SUPP,SUPP,SUPP,SUPP,76%,20%,21%,,,,SUPP,SUPP,SUPP,SUPP,21%,,,,,,,,,,,,,,,,,,,,,,,,,,,,,,,,,,,,,,,,,,,,,,,,,,,,,,,,,,,,,,,,,,,,,,,,,,,,,,,,,,,,,106,107,,,,SUPP,SUPP,SUPP,107,108,107,,,,SUPP,SUPP,SUPP,108,109,108,,,,SUPP,SUPP,SUPP,108,,,,SUPP,SUPP,,,,SUPP,SUPP,,,,SUPP,SUPP,,,,SUPP,SUPP,,,,SUPP,SUPP,,,,SUPP,SUPP,,,,SUPP,SUPP,,,,SUPP,SUPP,61,97%,0,0%,1,2%,7,11%,8,13%,60,2%,98%,72%,17%,SUPP,SUPP,SUPP,SUPP,-2.5,-4.1,-0.9,0.3,-1.2,1.8,-0.1,-1.6,1.4,106,107
1,15642,919,2103,117146,London Colney Primary & Nursery School,Alexander Road,London Colney,,St Albans,AL2 1JG,1727823283,E14001507,St Albans,0,,,CY,0,Does not apply,3-11,0,0,193,24,22,14,8,64%,36%,,,,,,,,,,4,18%,18,82%,11,50%,14,64%,68%,14%,,,,,,,,,,,,,77%,27%,0%,107,73%,36%,0%,109,73%,36%,0%,109,68%,27%,9%,0%,77%,0%,71%,63%,,,,SUPP,SUPP,SUPP,82%,57%,21%,0%,,,,SUPP,SUPP,SUPP,18%,14%,,,,,,,,,,,,,,,,,,,,,,,,,,,,,,,,,,,,,,,,,,,,,,,,,,,,,,,,,,,,,,,,,,,,,,,,,,,,,,,,,,,,,106,110,,,,SUPP,SUPP,110,110,110,107,,,,SUPP,SUPP,110,109,109,109,,,,SUPP,SUPP,110,108,,,,SUPP,SUPP,,,,SUPP,SUPP,,,,SUPP,SUPP,,,,SUPP,SUPP,,,,SUPP,SUPP,,,,SUPP,SUPP,,,,SUPP,SUPP,,,,SUPP,SUPP,11,50%,0,0%,3,14%,1,5%,4,18%,23,35%,65%,65%,13%,25%,0%,87%,20%,1.1,-1.6,3.7,3.4,0.8,6,1.4,-1.1,3.9,105,105
1,8720,919,2110,143785,Fairlands Primary School,Pound Avenue,,,Stevenage,SG1 3JA,1438351053,E14001516,Stevenage,0,,,ACC,0,Does not apply,3-11,0,0,685,87,84,47,37,56%,44%,,,,,,,,,,32,38%,52,62%,24,29%,78,93%,44%,13%,,,,,,,,,,,,,63%,27%,0%,103,60%,23%,0%,103,62%,23%,0%,102,64%,14%,29%,0%,75%,0%,45%,43%,,,,28%,54%,-39,38%,44%,13%,14%,,,,6%,17%,-4,17%,13%,,,,,,,,,,,,,,,,,,,,,,,,,,,,,,,,,,,,,,,,,,,,,,,,,,,,,,,,,,,,,,,,,,,,,,,,,,,,,,,,,,,,,103,103,,,,101,104,104,103,103,101,,,,98,105,105,102,103,104,,,,100,105,106,103,,,,53%,69%,,,,47%,67%,,,,41%,75%,,,,50%,73%,,,,16%,35%,,,,13%,29%,,,,6%,33%,,,,6%,19%,60,71%,0,0%,2,2%,32,38%,34,40%,82,35%,65%,49%,11%,31%,0%,58%,17%,-1.6,-3,-0.3,-1.3,-2.7,0,-1.8,-3.1,-0.5,104,102
1,2650,919,3371,117458,"Bishop Wood Church of England Junior School, Tring",Frogmore Street,,,Tring,HP23 5AU,1442822024,E14001268,Harpenden and Berkhamsted,0,,,VA,0,Church of England,7-11,0,0,237,61,61,27,34,44%,56%,,,,,,,,,,7,11%,54,89%,2,3%,59,97%,74%,8%,,,,,,,,,,,,,90%,57%,0%,109,84%,34%,0%,106,80%,21%,0%,104,82%,13%,16%,0%,93%,0%,74%,74%,,,,57%,76%,-10,SUPP,73%,4%,12%,,,,0%,9%,-10,SUPP,7%,,,,,,,,,,,,,,,,,,,,,,,,,,,,,,,,,,,,,,,,,,,,,,,,,,,,,,,,,,,,,,,,,,,,,,,,,,,,,,,,,,,,,108,111,,,,106,110,SUPP,109,106,104,,,,100,105,SUPP,104,105,107,,,,101,107,SUPP,106,,,,71%,93%,,,,71%,85%,,,,57%,83%,,,,71%,83%,,,,43%,59%,,,,0%,39%,,,,0%,24%,,,,0%,15%,59,97%,0,0%,2,3%,9,15%,11,18%,55,5%,95%,84%,13%,SUPP,SUPP,SUPP,SUPP,2,0.3,3.7,-0.7,-2.4,0.9,0.2,-1.3,1.8,111,108
1,26020,919,3378,117461,St Michael's Woolmer Green CofE VA Primary School,London Road,,,Woolmer Green,SG3 6JP,1438813267,E14001573,Welwyn Hatfield,0,,,VA,0,Church of England,4-11,0,0,186,29,27,12,15,44%,56%,,,,,,,,,,6,22%,21,78%,3,11%,25,93%,70%,7%,,,,,,,,,,,,,89%,33%,0%,106,70%,30%,0%,105,78%,33%,0%,105,85%,11%,15%,0%,96%,0%,58%,80%,,,,50%,76%,-17,SUPP,68%,0%,13%,,,,0%,10%,-10,SUPP,8%,,,,,,,,,,,,,,,,,,,,,,,,,,,,,,,,,,,,,,,,,,,,,,,,,,,,,,,,,,,,,,,,,,,,,,,,,,,,,,,,,,,,,104,108,,,,101,108,SUPP,107,104,106,,,,103,106,SUPP,105,102,107,,,,102,106,SUPP,105,,,,83%,90%,,,,33%,81%,,,,67%,81%,,,,67%,90%,,,,0%,43%,,,,17%,33%,,,,33%,33%,,,,0%,14%,24,89%,0,0%,1,4%,3,11%,4,15%,27,19%,81%,67%,11%,SUPP,SUPP,SUPP,SUPP,0.2,-2.3,2.7,1.1,-1.3,3.5,-0.6,-3,1.8,106,105
1,22332,919,3389,117470,St Adrian Roman Catholic Primary School,Watling View,,,St Albans,AL1 2PB,1727852687,E14001507,St Albans,0,,,VA,0,Roman Catholic,3-11,0,0,212,29,29,12,17,41%,59%,,,,,,,,,,2,7%,27,93%,5,17%,29,100%,86%,17%,,,,,,,,,,,,,97%,59%,0%,112,90%,45%,0%,109,90%,45%,0%,109,93%,21%,3%,0%,97%,0%,83%,88%,,,,SUPP,SUPP,SUPP,SUPP,86%,8%,24%,,,,SUPP,SUPP,SUPP,SUPP,17%,,,,,,,,,,,,,,,,,,,,,,,,,,,,,,,,,,,,,,,,,,,,,,,,,,,,,,,,,,,,,,,,,,,,,,,,,,,,,,,,,,,,,110,112,,,,SUPP,SUPP,SUPP,112,109,110,,,,SUPP,SUPP,SUPP,109,108,110,,,,SUPP,SUPP,SUPP,109,,,,SUPP,SUPP,,,,SUPP,SUPP,,,,SUPP,SUPP,,,,SUPP,SUPP,,,,SUPP,SUPP,,,,SUPP,SUPP,,,,SUPP,SUPP,,,,SUPP,SUPP,24,83%,0,0%,1,3%,1,3%,2,7%,32,28%,72%,69%,3%,78%,0%,65%,4%,1.1,-1.2,3.4,-1.3,-3.5,0.9,1.2,-1,3.3,108,107
1,24098,919,3403,148990,"St John Fisher Catholic Primary School, a Voluntary Academy",Hazelmere Road,,,St Albans,AL4 9RW,1727861077,E14001507,St Albans,0,,,ACC,0,Roman Catholic,4-11,0,0,151,34,32,21,11,66%,34%,,,,,,,,,,4,13%,28,88%,7,22%,30,94%,81%,13%,,,,,,,,,,,,,94%,28%,0%,107,88%,28%,0%,106,91%,31%,0%,107,88%,19%,13%,0%,84%,0%,76%,91%,,,,SUPP,SUPP,SUPP,71%,80%,19%,0%,,,,SUPP,SUPP,SUPP,14%,10%,,,,,,,,,,,,,,,,,,,,,,,,,,,,,,,,,,,,,,,,,,,,,,,,,,,,,,,,,,,,,,,,,,,,,,,,,,,,,,,,,,,,,106,109,,,,SUPP,SUPP,105,107,108,105,,,,SUPP,SUPP,106,106,106,107,,,,SUPP,SUPP,104,106,,,,SUPP,SUPP,,,,SUPP,SUPP,,,,SUPP,SUPP,,,,SUPP,SUPP,,,,SUPP,SUPP,,,,SUPP,SUPP,,,,SUPP,SUPP,,,,SUPP,SUPP,25,78%,0,0%,3,9%,3,9%,6,19%,32,3%,97%,81%,19%,SUPP,SUPP,SUPP,SUPP,1.5,-0.9,4,2.8,0.4,5.1,0.5,-1.9,2.8,108,108
1,22374,919,3421,117491,St Alban & St Stephen Catholic Primary School & Nursery,"St Alban & St Stephen Catholic Primary School, Cecil Road",,,St Albans,AL1 5EG,1727866668,E14001507,St Albans,0,,,VA,0,Roman Catholic,3-11,0,0,452,58,60,27,33,45%,55%,,,,,,,,,,7,12%,53,88%,18,30%,57,95%,70%,13%,,,,,,,,,,,,,88%,58%,0%,110,85%,57%,0%,110,88%,43%,2%,108,73%,18%,20%,0%,83%,0%,59%,79%,,,,29%,75%,-38,50%,72%,15%,12%,,,,0%,15%,-10,6%,12%,,,,,,,,,,,,,,,,,,,,,,,,,,,,,,,,,,,,,,,,,,,,,,,,,,,,,,,,,,,,,,,,,,,,,,,,,,,,,,,,,,,,,108,112,,,,104,111,107,110,109,108,,,,104,108,107,108,108,111,,,,102,111,106,110,,,,71%,91%,,,,57%,89%,,,,71%,91%,,,,29%,79%,,,,14%,64%,,,,14%,62%,,,,14%,47%,,,,0%,21%,42,70%,0,0%,0,0%,6,10%,6,10%,59,15%,85%,75%,14%,56%,0%,78%,16%,3.4,1.8,5.1,0.7,-0.9,2.3,0.6,-1,2.2,110,106
1,22726,919,3428,117495,St Anthony's Catholic Primary School,Croxley View,,,Watford,WD18 6BW,1923226987,E14001568,Watford,0,,,VA,0,Roman Catholic,3-11,0,0,454,62,62,30,32,48%,52%,,,,,,,,,,5,8%,57,92%,37,60%,58,94%,58%,10%,,,,,,,,,,,,,79%,27%,0%,106,89%,37%,0%,108,84%,31%,0%,106,65%,13%,31%,0%,89%,0%,67%,50%,,,,SUPP,SUPP,SUPP,62%,57%,20%,0%,,,,SUPP,SUPP,SUPP,8%,10%,,,,,,,,,,,,,,,,,,,,,,,,,,,,,,,,,,,,,,,,,,,,,,,,,,,,,,,,,,,,,,,,,,,,,,,,,,,,,,,,,,,,,107,105,,,,SUPP,SUPP,105,106,108,104,,,,SUPP,SUPP,108,106,109,106,,,,SUPP,SUPP,108,107,,,,SUPP,SUPP,,,,SUPP,SUPP,,,,SUPP,SUPP,,,,SUPP,SUPP,,,,SUPP,SUPP,,,,SUPP,SUPP,,,,SUPP,SUPP,,,,SUPP,SUPP,25,40%,0,0%,3,5%,12,19%,15,24%,62,5%,95%,73%,11%,SUPP,SUPP,SUPP,SUPP,1.3,-0.4,2.9,3.4,1.8,5,1.7,0.1,3.2,106,106
1,20544,919,3975,117496,Pope Paul Catholic Primary School,Baker Street,,,Potters Bar,EN6 2ES,1707659755,E14001284,Hertsmere,0,,,VA,0,Roman Catholic,4-11,0,0,210,30,30,11,19,37%,63%,,,,,,,,,,4,13%,26,87%,8,27%,29,97%,77%,7%,,,,,,,,,,,,,93%,40%,0%,108,83%,43%,0%,109,90%,13%,0%,105,83%,23%,17%,0%,93%,0%,73%,79%,,,,SUPP,SUPP,SUPP,100%,79%,18%,0%,,,,SUPP,SUPP,SUPP,13%,7%,,,,,,,,,,,,,,,,,,,,,,,,,,,,,,,,,,,,,,,,,,,,,,,,,,,,,,,,,,,,,,,,,,,,,,,,,,,,,,,,,,,,,111,106,,,,SUPP,SUPP,107,108,108,104,,,,SUPP,SUPP,108,105,109,108,,,,SUPP,SUPP,113,109,,,,SUPP,SUPP,,,,SUPP,SUPP,,,,SUPP,SUPP,,,,SUPP,SUPP,,,,SUPP,SUPP,,,,SUPP,SUPP,,,,SUPP,SUPP,,,,SUPP,SUPP,22,73%,0,0%,0,0%,3,10%,3,10%,30,13%,87%,87%,13%,SUPP,SUPP,SUPP,SUPP,1.8,-0.5,4.1,0,-2.2,2.2,1.9,-0.3,4,109,108
1,18738,919,3989,135223,Oak View Primary and Nursery School,Woods Avenue,,,Hatfield,AL10 8NW,1707280590,E14001573,Welwyn Hatfield,0,,,CY,0,Does not apply,3-11,0,0,438,61,57,28,29,49%,51%,,,,,,,,,,28,49%,29,51%,24,42%,54,95%,57%,0%,,,,,,,,,,,,,68%,21%,2%,104,68%,39%,2%,106,73%,23%,2%,105,60%,0%,21%,0%,74%,0%,59%,55%,,,,54%,61%,-13,58%,57%,0%,0%,,,,0%,0%,-10,0%,0%,,,,,,,,,,,,,,,,,,,,,,,,,,,,,,,,,,,,,,,,,,,,,,,,,,,,,,,,,,,,,,,,,,,,,,,,,,,,,,,,,,,,,104,104,,,,103,104,105,103,107,102,,,,104,105,106,105,106,107,,,,106,107,110,107,,,,68%,69%,,,,68%,69%,,,,68%,79%,,,,57%,62%,,,,18%,24%,,,,32%,45%,,,,25%,21%,,,,0%,0%,33,58%,0,0%,1,2%,8,14%,9,16%,59,32%,68%,63%,5%,47%,0%,70%,8%,-1.2,-2.9,0.5,-1.3,-2.9,0.3,0.2,-1.4,1.8,104,105
1,28206,919,2258,148875,Skyswood Primary & Nursery School,Chandlers Road,,,St Albans,AL4 9RS,1727854164,E14001507,St Albans,0,,,ACC,0,Does not apply,3-11,0,0,237,33,31,14,17,45%,55%,,,,,,,,,,3,10%,28,90%,3,10%,31,100%,90%,26%,,,,,,,,,,,,,94%,42%,0%,109,97%,52%,0%,109,94%,45%,0%,108,94%,48%,3%,0%,90%,0%,93%,88%,,,,SUPP,SUPP,SUPP,SUPP,90%,36%,18%,,,,SUPP,SUPP,SUPP,SUPP,26%,,,,,,,,,,,,,,,,,,,,,,,,,,,,,,,,,,,,,,,,,,,,,,,,,,,,,,,,,,,,,,,,,,,,,,,,,,,,,,,,,,,,,109,109,,,,SUPP,SUPP,SUPP,109,111,106,,,,SUPP,SUPP,SUPP,108,111,108,,,,SUPP,SUPP,SUPP,109,,,,SUPP,SUPP,,,,SUPP,SUPP,,,,SUPP,SUPP,,,,SUPP,SUPP,,,,SUPP,SUPP,,,,SUPP,SUPP,,,,SUPP,SUPP,,,,SUPP,SUPP,28,90%,0,0%,0,0%,4,13%,4,13%,31,3%,97%,84%,39%,SUPP,SUPP,SUPP,SUPP,5.8,3.5,8,4.3,2.1,6.5,5.5,3.4,7.6,111,110
1,12952,919,2283,117252,Homerswood Primary and Nursery School,Kirklands,,,Welwyn Garden City,AL8 7RF,1707320610,E14001573,Welwyn Hatfield,0,,,CY,0,Does not apply,3-11,0,0,221,26,30,6,24,20%,80%,,,,,,,,,,7,23%,23,77%,9,30%,27,90%,67%,3%,,,,,,,,,,,,,70%,27%,3%,104,70%,37%,3%,106,77%,13%,3%,103,70%,10%,30%,0%,73%,0%,50%,71%,,,,43%,74%,-24,89%,70%,0%,4%,,,,0%,4%,-10,11%,4%,,,,,,,,,,,,,,,,,,,,,,,,,,,,,,,,,,,,,,,,,,,,,,,,,,,,,,,,,,,,,,,,,,,,,,,,,,,,,,,,,,,,,102,105,,,,101,106,110,105,105,103,,,,101,104,109,104,105,106,,,,102,107,116,107,,,,57%,74%,,,,43%,78%,,,,71%,78%,,,,43%,78%,,,,14%,30%,,,,14%,43%,,,,14%,13%,,,,0%,13%,20,67%,1,3%,0,0%,4,13%,4,13%,30,17%,83%,67%,0%,SUPP,SUPP,SUPP,SUPP,-1.3,-3.5,1,-2.2,-4.4,0,-1.6,-3.8,0.5,104,102
1,32156,919,2287,117253,Whitehill Junior School,Whitehill Road,,,Hitchin,SG4 9HT,1462621313,E14001289,Hitchin,0,,,CY,0,Does not apply,7-11,0,0,240,59,60,21,39,35%,65%,,,,,,,,,,9,15%,51,85%,2,3%,58,97%,67%,10%,,,,,,,,,,,,,77%,32%,2%,106,77%,22%,2%,105,80%,23%,2%,105,82%,25%,18%,0%,83%,0%,48%,77%,,,,33%,73%,-34,SUPP,66%,5%,13%,,,,0%,12%,-10,SUPP,10%,,,,,,,,,,,,,,,,,,,,,,,,,,,,,,,,,,,,,,,,,,,,,,,,,,,,,,,,,,,,,,,,,,,,,,,,,,,,,,,,,,,,,104,108,,,,101,107,SUPP,106,104,106,,,,102,105,SUPP,105,102,106,,,,103,105,SUPP,105,,,,44%,82%,,,,56%,80%,,,,44%,86%,,,,44%,88%,,,,0%,37%,,,,22%,22%,,,,22%,24%,,,,22%,25%,58,97%,0,0%,2,3%,8,13%,10,17%,60,12%,88%,75%,28%,57%,0%,77%,32%,3.9,2.3,5.5,2.6,1,4.1,2.4,0.9,3.9,110,107
1,17558,919,2312,117269,Moss Bury Primary School and Nursery,Webb Rise,,,Stevenage,SG1 5PA,1438222300,E14001516,Stevenage,0,,,CY,0,Does not apply,3-11,0,0,245,43,44,20,24,45%,55%,,,,,,,,,,13,30%,31,70%,7,16%,42,95%,61%,7%,,,,,,,,,,,,,77%,34%,0%,106,68%,32%,0%,105,84%,41%,0%,108,64%,9%,20%,0%,86%,0%,50%,71%,,,,46%,68%,-21,43%,62%,5%,8%,,,,0%,10%,-10,0%,7%,,,,,,,,,,,,,,,,,,,,,,,,,,,,,,,,,,,,,,,,,,,,,,,,,,,,,,,,,,,,,,,,,,,,,,,,,,,,,,,,,,,,,106,107,,,,104,107,104,106,108,108,,,,105,110,109,108,105,105,,,,100,108,109,105,,,,77%,77%,,,,54%,74%,,,,85%,84%,,,,54%,68%,,,,23%,39%,,,,8%,42%,,,,31%,45%,,,,0%,13%,37,84%,0,0%,5,11%,6,14%,11,25%,45,22%,78%,64%,4%,40%,0%,71%,6%,-2,-3.9,-0.1,-2.3,-4.1,-0.5,-1.3,-3,0.5,105,105
1,10640,919,2326,117276,Greenway Primary and Nursery School,Crossways,,,Berkhamsted,HP4 3NH,1442866249,E14001268,Harpenden and Berkhamsted,0,,,CY,0,Does not apply,3-11,0,0,228,30,31,14,17,45%,55%,,,,,,,,,,6,19%,25,81%,0,0%,28,90%,65%,13%,,,,,,,,,,,,,81%,39%,0%,106,74%,19%,0%,104,71%,19%,0%,104,74%,23%,16%,0%,77%,0%,64%,65%,,,,33%,72%,-34,,64%,14%,12%,,,,0%,16%,-10,,14%,,,,,,,,,,,,,,,,,,,,,,,,,,,,,,,,,,,,,,,,,,,,,,,,,,,,,,,,,,,,,,,,,,,,,,,,,,,,,,,,,,,,,105,107,,,,99,108,,106,103,105,,,,98,105,,104,103,105,,,,97,105,,104,,,,50%,88%,,,,33%,84%,,,,33%,80%,,,,33%,84%,,,,0%,48%,,,,0%,24%,,,,0%,24%,,,,0%,28%,31,100%,0,0%,3,10%,9,29%,12,39%,26,8%,92%,73%,12%,SUPP,SUPP,SUPP,SUPP,1.8,-0.6,4.3,-1.1,-3.5,1.2,1.1,-1.2,3.4,110,108
2,752,919,7028,117684,Amwell View School,Station Road,Stanstead Abbotts,,Ware,SG12 8EH,1920870027,E14001139,Broxbourne,0,,,CYS,0,Does not apply,2-19,0,0,170,13,13,7,6,54%,46%,,,,,,,,,,6,46%,7,54%,1,8%,12,92%,0%,0%,,,,,,,,,,,,,0%,0%,0%,,0%,0%,0%,,0%,0%,0%,,0%,0%,0%,0%,0%,0%,0%,0%,,,,0%,0%,-67,SUPP,0%,0%,0%,,,,0%,0%,-10,SUPP,0%,,,,,,,,,,,,,,,,,,,,,,,,,,,,,,,,,,,,,,,,,,,,,,,,,,,,,,,,,,,,,,,,,,,,,,,,,,,,,,,,,,,,,,,,,,,,SUPP,,,,,,,,,SUPP,,,,,,,,,SUPP,,,,,0%,0%,,,,0%,0%,,,,0%,0%,,,,0%,0%,,,,0%,0%,,,,0%,0%,,,,0%,0%,,,,0%,0%,12,92%,0,0%,13,100%,0,0%,13,100%,12,67%,33%,0%,0%,SUPP,SUPP,SUPP,SUPP,-7.4,-10.9,-3.8,-6.8,-10.3,-3.4,-9.8,-13.2,-6.5
2,10626,919,7042,117690,Greenside School,Shephall Green,,,Stevenage,SG2 9XS,1438315356,E14001516,Stevenage,0,,,CYS,0,Does not apply,2-19,0,0,179,17,16,10,6,63%,38%,,,,,,,,,,7,44%,9,56%,0,0%,16,100%,0%,0%,,,,,,,,,,,,,0%,0%,0%,,0%,0%,0%,,0%,0%,0%,,0%,0%,0%,0%,0%,0%,0%,0%,,,,0%,0%,-67,,0%,0%,0%,,,,0%,0%,-10,,0%,,,,,,,,,,,,,,,,,,,,,,,,,,,,,,,,,,,,,,,,,,,,,,,,,,,,,,,,,,,,,,,,,,,,,,,,,,,,,,,,,,,,,,,,,,,,,,,,,,,,,,,,,,,,,,,,,,,0%,0%,,,,0%,0%,,,,0%,0%,,,,0%,0%,,,,0%,0%,,,,0%,0%,,,,0%,0%,,,,0%,0%,16,100%,0,0%,16,100%,0,0%,16,100%,18,33%,67%,0%,0%,0%,0%,0%,0%,-6.5,-9.4,-3.6,-5.7,-8.5,-2.9,-6.7,-9.4,-4
1,22002,919,2203,117211,Roundwood Primary School,Roundwood Park,,,Harpenden,AL5 3AD,1582460756,E14001268,Harpenden and Berkhamsted,0,,,CY,0,Does not apply,3-11,0,0,335,47,45,22,23,49%,51%,,,,,,,,,,0,0%,45,100%,4,9%,43,96%,84%,9%,,,,,,,,,,,,,93%,64%,0%,112,96%,69%,0%,113,98%,69%,0%,113,87%,11%,11%,0%,98%,0%,91%,78%,,,,,SUPP,,SUPP,86%,9%,9%,,,,,SUPP,,SUPP,7%,,,,,,,,,,,,,,,,,,,,,,,,,,,,,,,,,,,,,,,,,,,,,,,,,,,,,,,,,,,,,,,,,,,,,,,,,,,,,,,,,,,,,112,111,,,,,SUPP,SUPP,112,114,111,,,,,SUPP,SUPP,113,114,111,,,,,SUPP,SUPP,113,,,,,SUPP,,,,,SUPP,,,,,SUPP,,,,,SUPP,,,,,SUPP,,,,,SUPP,,,,,SUPP,,,,,SUPP,41,91%,0,0%,1,2%,5,11%,6,13%,45,2%,98%,69%,16%,SUPP,SUPP,SUPP,SUPP,3.5,1.6,5.4,-2,-3.8,-0.2,2.7,0.9,4.5,112,110
1,5020,919,2210,117214,Chambersbury Primary School,Hill Common,Bennetts End,,Hemel Hempstead,HP3 8JH,1442256435,E14001278,Hemel Hempstead,0,,,FD,0,Does not apply,3-11,0,0,203,31,30,12,18,40%,60%,,,,,,,,,,6,20%,24,80%,9,30%,28,93%,40%,3%,,,,,,,,,,,,,67%,27%,0%,105,67%,27%,0%,103,57%,27%,0%,102,63%,3%,33%,0%,73%,0%,25%,50%,,,,17%,46%,-50,44%,39%,0%,6%,,,,0%,4%,-10,0%,4%,,,,,,,,,,,,,,,,,,,,,,,,,,,,,,,,,,,,,,,,,,,,,,,,,,,,,,,,,,,,,,,,,,,,,,,,,,,,,,,,,,,,,103,106,,,,105,105,104,105,101,102,,,,99,102,108,101,100,105,,,,103,103,107,103,,,,83%,63%,,,,83%,63%,,,,50%,58%,,,,50%,67%,,,,17%,29%,,,,17%,29%,,,,0%,33%,,,,0%,4%,21,70%,0,0%,0,0%,8,27%,8,27%,30,47%,53%,53%,10%,43%,0%,63%,19%,0.6,-1.7,2.9,0.9,-1.3,3.1,2.1,-0.1,4.2,104,104
1,4484,919,2235,143786,Camps Hill Primary School,Chells Way,,,Stevenage,SG2 0LT,1438233800,E14001516,Stevenage,0,,,ACC,0,Does not apply,2-11,0,0,499,62,58,31,27,53%,47%,,,,,,,,,,15,26%,43,74%,9,16%,55,95%,52%,5%,,,,,,,,,,,,,60%,16%,0%,102,60%,24%,0%,103,64%,12%,0%,101,67%,10%,29%,0%,76%,0%,61%,41%,,,,33%,58%,-34,89%,49%,0%,11%,,,,0%,7%,-10,22%,5%,,,,,,,,,,,,,,,,,,,,,,,,,,,,,,,,,,,,,,,,,,,,,,,,,,,,,,,,,,,,,,,,,,,,,,,,,,,,,,,,,,,,,103,102,,,,100,103,106,102,102,100,,,,98,102,108,101,104,101,,,,99,104,110,102,,,,53%,63%,,,,40%,67%,,,,40%,72%,,,,67%,67%,,,,7%,19%,,,,7%,30%,,,,7%,14%,,,,0%,14%,49,84%,0,0%,3,5%,13,22%,16,28%,58,26%,74%,59%,14%,33%,0%,67%,19%,1.6,-0.1,3.2,0.1,-1.5,1.7,-0.2,-1.8,1.3,107,104
1,29888,919,2242,117230,Thorley Hill Primary School,Park Lane,,,Bishop's Stortford,CM23 3NH,1279654496,E14001283,Hertford and Stortford,151077,Thorley Hill Primary School,20250101,CY,0,Does not apply,3-11,0,0,234,30,30,17,13,57%,43%,,,,,,,,,,2,7%,28,93%,2,7%,30,100%,90%,27%,,,,,,,,,,,,,100%,73%,0%,112,100%,80%,0%,114,100%,67%,0%,112,90%,40%,10%,0%,100%,0%,94%,85%,,,,SUPP,SUPP,SUPP,SUPP,90%,24%,31%,,,,SUPP,SUPP,SUPP,SUPP,27%,,,,,,,,,,,,,,,,,,,,,,,,,,,,,,,,,,,,,,,,,,,,,,,,,,,,,,,,,,,,,,,,,,,,,,,,,,,,,,,,,,,,,111,113,,,,SUPP,SUPP,SUPP,112,112,113,,,,SUPP,SUPP,SUPP,112,112,116,,,,SUPP,SUPP,SUPP,114,,,,SUPP,SUPP,,,,SUPP,SUPP,,,,SUPP,SUPP,,,,SUPP,SUPP,,,,SUPP,SUPP,,,,SUPP,SUPP,,,,SUPP,SUPP,,,,SUPP,SUPP,28,93%,0,0%,0,0%,4,13%,4,13%,31,16%,84%,84%,29%,SUPP,SUPP,SUPP,SUPP,4,1.8,6.3,2.8,0.7,5,6.7,4.6,8.8,110,112
1,21274,919,2253,117236,Redbourn Primary School,Long Cutt,Redbourn,,St Albans,AL3 7EX,1582792341,E14001268,Harpenden and Berkhamsted,0,,,CY,0,Does not apply,3-11,0,0,402,52,52,33,19,63%,37%,,,,,,,,,,9,17%,43,83%,4,8%,50,96%,40%,0%,,,,,,,,,,,,,83%,31%,2%,107,71%,31%,2%,106,71%,23%,2%,105,40%,0%,48%,0%,67%,0%,33%,53%,,,,0%,49%,-67,SUPP,40%,0%,0%,,,,0%,0%,-10,SUPP,0%,,,,,,,,,,,,,,,,,,,,,,,,,,,,,,,,,,,,,,,,,,,,,,,,,,,,,,,,,,,,,,,,,,,,,,,,,,,,,,,,,,,,,107,107,,,,105,108,SUPP,107,106,103,,,,99,106,SUPP,105,106,105,,,,100,106,SUPP,105,,,,67%,86%,,,,44%,77%,,,,22%,81%,,,,0%,49%,,,,11%,35%,,,,0%,37%,,,,11%,26%,,,,0%,0%,47,90%,1,2%,2,4%,13,25%,15,29%,56,16%,84%,50%,2%,22%,0%,55%,2%,1.4,-0.4,3.1,-4.1,-5.7,-2.5,0,-1.6,1.6,108,105
1,30424,919,2353,117292,Trotts Hill Primary and Nursery School,Wisden Road,,,Stevenage,SG1 5JD,1438314189,E14001516,Stevenage,0,,,CY,0,Does not apply,4-11,0,0,232,28,28,18,10,64%,36%,,,,,,,,,,7,25%,21,75%,7,25%,24,86%,82%,18%,,,,,,,,,,,,,89%,36%,0%,108,89%,57%,0%,109,86%,39%,0%,108,89%,36%,11%,0%,93%,0%,72%,100%,,,,86%,81%,19,86%,83%,17%,20%,,,,14%,19%,4,14%,21%,,,,,,,,,,,,,,,,,,,,,,,,,,,,,,,,,,,,,,,,,,,,,,,,,,,,,,,,,,,,,,,,,,,,,,,,,,,,,,,,,,,,,107,109,,,,107,108,109,108,108,108,,,,108,108,109,107,109,110,,,,108,110,111,109,,,,86%,90%,,,,86%,90%,,,,86%,86%,,,,86%,90%,,,,29%,38%,,,,29%,67%,,,,29%,43%,,,,14%,43%,21,75%,0,0%,1,4%,3,11%,4,14%,27,22%,78%,93%,22%,83%,0%,95%,29%,3.4,1,5.7,2.9,0.6,5.2,4,1.8,6.2,110,110
1,3104,919,2360,117296,Bournehall Primary School,Bournehall Avenue,,,Bushey,WD23 3AX,2089504438,E14001284,Hertsmere,0,,,CY,0,Does not apply,4-11,0,0,212,32,32,14,18,44%,56%,,,,,,,,,,5,16%,27,84%,4,13%,30,94%,61%,10%,,,,,,,,,,,,,97%,45%,0%,108,94%,59%,0%,110,71%,32%,0%,105,88%,16%,13%,0%,81%,0%,62%,61%,,,,SUPP,SUPP,SUPP,SUPP,63%,15%,6%,,,,SUPP,SUPP,SUPP,SUPP,10%,,,,,,,,,,,,,,,,,,,,,,,,,,,,,,,,,,,,,,,,,,,,,,,,,,,,,,,,,,,,,,,,,,,,,,,,,,,,,,,,,,,,,108,108,,,,SUPP,SUPP,SUPP,108,108,103,,,,SUPP,SUPP,SUPP,105,111,110,,,,SUPP,SUPP,SUPP,111,,,,SUPP,SUPP,,,,SUPP,SUPP,,,,SUPP,SUPP,,,,SUPP,SUPP,,,,SUPP,SUPP,,,,SUPP,SUPP,,,,SUPP,SUPP,,,,SUPP,SUPP,28,88%,0,0%,1,3%,9,28%,10,31%,28,25%,75%,71%,7%,57%,0%,76%,10%,3.3,1,5.7,-1.1,-3.4,1.1,3.2,1,5.4,108,107
1,18056,919,2378,117303,Newberries Primary School,Newberries Avenue,,,Radlett,WD7 7EL,1923857180,E14001284,Hertsmere,0,,,CY,0,Does not apply,4-11,0,0,188,19,18,7,11,39%,61%,,,,,,,,,,1,6%,17,94%,1,6%,17,94%,72%,11%,,,,,,,,,,,,,89%,28%,0%,107,72%,44%,0%,108,78%,22%,0%,105,78%,22%,11%,0%,78%,0%,43%,91%,,,,SUPP,SUPP,SUPP,SUPP,76%,0%,18%,,,,SUPP,SUPP,SUPP,SUPP,12%,,,,,,,,,,,,,,,,,,,,,,,,,,,,,,,,,,,,,,,,,,,,,,,,,,,,,,,,,,,,,,,,,,,,,,,,,,,,,,,,,,,,,102,110,,,,SUPP,SUPP,SUPP,107,103,107,,,,SUPP,SUPP,SUPP,106,103,111,,,,SUPP,SUPP,SUPP,109,,,,SUPP,SUPP,,,,SUPP,SUPP,,,,SUPP,SUPP,,,,SUPP,SUPP,,,,SUPP,SUPP,,,,SUPP,SUPP,,,,SUPP,SUPP,,,,SUPP,SUPP,17,94%,0,0%,2,11%,3,17%,5,28%,30,3%,97%,53%,7%,SUPP,SUPP,SUPP,SUPP,0.2,-2.1,2.5,-0.6,-2.8,1.6,-3.6,-5.8,-1.5,106,102
1,3854,919,2250,117233,Brookland Junior School,Elm Drive,Cheshunt,,Waltham Cross,EN8 0RX,1992624487,E14001139,Broxbourne,0,,,CY,0,Does not apply,7-11,0,0,353,87,87,52,35,60%,40%,,,,,,,,,,30,34%,57,66%,16,18%,80,92%,75%,5%,,,,,,,,,,,,,91%,40%,0%,108,89%,36%,0%,108,85%,28%,0%,106,82%,6%,15%,0%,85%,0%,73%,77%,,,,63%,81%,-4,81%,74%,2%,9%,,,,0%,7%,-10,6%,5%,,,,,,,,,,,,,,,,,,,,,,,,,,,,,,,,,,,,,,,,,,,,,,,,,,,,,,,,,,,,,,,,,,,,,,,,,,,,,,,,,,,,,108,109,,,,105,110,108,108,106,106,,,,105,107,107,106,107,110,,,,106,109,109,108,,,,80%,96%,,,,77%,95%,,,,70%,93%,,,,73%,86%,,,,17%,53%,,,,33%,37%,,,,20%,32%,,,,0%,9%,71,82%,0,0%,4,5%,12,14%,16,18%,75,32%,68%,64%,1%,58%,0%,67%,2%,-1,-2.5,0.5,-0.1,-1.6,1.3,-0.3,-1.7,1.1,104,104
1,13144,919,2252,117235,How Wood Primary and Nursery School,Spooners Drive,Park Street,,St Albans,AL2 2HU,1727768885,E14001507,St Albans,0,,,CY,0,Does not apply,3-11,0,0,224,28,27,14,13,52%,48%,,,,,,,,,,9,33%,18,67%,3,11%,25,93%,56%,7%,,,,,,,,,,,,,70%,11%,4%,104,56%,22%,4%,102,59%,22%,4%,102,74%,15%,26%,0%,74%,0%,36%,77%,,,,44%,61%,-23,SUPP,52%,0%,15%,,,,0%,11%,-10,SUPP,8%,,,,,,,,,,,,,,,,,,,,,,,,,,,,,,,,,,,,,,,,,,,,,,,,,,,,,,,,,,,,,,,,,,,,,,,,,,,,,,,,,,,,,101,106,,,,103,104,SUPP,103,100,104,,,,102,102,SUPP,102,97,107,,,,99,104,SUPP,102,,,,67%,72%,,,,44%,61%,,,,44%,67%,,,,44%,89%,,,,11%,11%,,,,22%,22%,,,,22%,22%,,,,0%,22%,24,89%,0,0%,1,4%,6,22%,7,26%,26,54%,46%,46%,0%,36%,0%,58%,0%,-5.2,-7.7,-2.8,-0.6,-3,1.7,-5.9,-8.2,-3.6,99,99
1,7674,919,2343,148710,Dundale Primary School and Nursery,"Dundale Primary School, Silk Mill Way",,,Tring,HP23 5DJ,1442822421,E14001268,Harpenden and Berkhamsted,0,,,ACC,0,Does not apply,3-11,0,0,207,27,28,17,11,61%,39%,,,,,,,,,,9,32%,19,68%,2,7%,25,89%,54%,4%,,,,,,,,,,,,,64%,29%,0%,104,68%,14%,0%,102,64%,14%,0%,102,68%,4%,25%,0%,71%,0%,47%,64%,,,,33%,63%,-34,SUPP,52%,6%,0%,,,,0%,5%,-10,SUPP,4%,,,,,,,,,,,,,,,,,,,,,,,,,,,,,,,,,,,,,,,,,,,,,,,,,,,,,,,,,,,,,,,,,,,,,,,,,,,,,,,,,,,,,104,104,,,,101,106,SUPP,104,102,102,,,,98,104,SUPP,102,102,101,,,,99,103,SUPP,101,,,,56%,68%,,,,56%,74%,,,,56%,68%,,,,56%,74%,,,,0%,42%,,,,0%,21%,,,,0%,21%,,,,0%,5%,26,93%,0,0%,3,11%,6,21%,9,32%,22,27%,73%,55%,5%,33%,0%,63%,6%,1.1,-1.5,3.8,0.8,-1.8,3.3,1.2,-1.3,3.7,103,102
1,766,919,2375,117302,Andrews Lane Primary School,Andrews Lane,Cheshunt,,Waltham Cross,EN7 6LB,1992623065,E14001139,Broxbourne,0,,,CY,2,Does not apply,3-11,0,0,197,26,26,8,18,31%,69%,,,,,,,,,,9,35%,17,65%,7,27%,22,85%,54%,4%,,,,,,,,,,,,,73%,46%,0%,106,73%,35%,0%,105,58%,19%,0%,100,58%,4%,35%,0%,62%,0%,25%,67%,,,,22%,71%,-45,71%,59%,0%,6%,,,,0%,6%,-10,14%,5%,,,,,,,,,,,,,,,,,,,,,,,,,,,,,,,,,,,,,,,,,,,,,,,,,,,,,,,,,,,,,,,,,,,,,,,,,,,,,,,,,,,,,102,108,,,,102,108,108,107,97,101,,,,94,102,105,101,102,107,,,,99,108,107,107,,,,67%,76%,,,,44%,88%,,,,33%,71%,,,,22%,76%,,,,22%,59%,,,,11%,47%,,,,0%,29%,,,,0%,6%,19,73%,0,0%,2,8%,3,12%,5,19%,28,46%,54%,57%,0%,54%,0%,60%,0%,-0.8,-3.2,1.5,-1,-3.3,1.3,-0.9,-3.1,1.4,102,101
1,21486,919,2379,117304,Rickmansworth Park Junior Mixed and Infant School,Park Road,,,Rickmansworth,WD3 1HU,1923770265,E14001496,South West Hertfordshire,0,,,CY,0,Does not apply,5-11,0,0,194,30,30,14,16,47%,53%,,,,,,,,,,2,7%,28,93%,8,27%,25,83%,90%,20%,,,,,,,,,,,,,97%,53%,0%,110,93%,33%,0%,108,93%,53%,0%,109,100%,40%,0%,0%,100%,0%,93%,88%,,,,SUPP,SUPP,SUPP,88%,92%,14%,25%,,,,SUPP,SUPP,SUPP,25%,24%,,,,,,,,,,,,,,,,,,,,,,,,,,,,,,,,,,,,,,,,,,,,,,,,,,,,,,,,,,,,,,,,,,,,,,,,,,,,,,,,,,,,,108,112,,,,SUPP,SUPP,110,111,110,108,,,,SUPP,SUPP,109,109,106,109,,,,SUPP,SUPP,108,108,,,,SUPP,SUPP,,,,SUPP,SUPP,,,,SUPP,SUPP,,,,SUPP,SUPP,,,,SUPP,SUPP,,,,SUPP,SUPP,,,,SUPP,SUPP,,,,SUPP,SUPP,22,73%,0,0%,0,0%,6,20%,6,20%,30,10%,90%,73%,17%,SUPP,SUPP,SUPP,SUPP,0.5,-1.7,2.8,2.8,0.7,5,0.3,-1.8,2.4,107,106
1,6602,919,2384,143410,The Cranbourne Primary School,Bridleway North,,,Hoddesdon,EN11 9PP,1992416220,E14001139,Broxbourne,0,,,ACC,0,Does not apply,4-11,0,0,413,60,60,28,32,47%,53%,,,,,,,,,,8,13%,52,87%,1,2%,57,95%,63%,17%,,,,,,,,,,,,,80%,32%,2%,106,82%,33%,2%,106,77%,30%,2%,105,75%,23%,17%,2%,92%,2%,61%,66%,,,,75%,62%,8,SUPP,65%,14%,19%,,,,13%,17%,3,SUPP,16%,,,,,,,,,,,,,,,,,,,,,,,,,,,,,,,,,,,,,,,,,,,,,,,,,,,,,,,,,,,,,,,,,,,,,,,,,,,,,,,,,,,,,104,108,,,,107,106,SUPP,105,106,105,,,,103,106,SUPP,106,104,109,,,,105,107,SUPP,106,,,,88%,79%,,,,88%,81%,,,,75%,77%,,,,88%,73%,,,,38%,31%,,,,25%,35%,,,,25%,31%,,,,13%,25%,59,98%,0,0%,4,7%,7,12%,11,18%,60,15%,85%,52%,3%,44%,0%,53%,4%,-1.2,-2.8,0.4,-2,-3.5,-0.4,0.3,-1.2,1.8,105,105
1,9072,919,2001,139545,Flamstead End School,Longfield Lane,Cheshunt,,Waltham Cross,EN7 6AG,1992308888,E14001139,Broxbourne,0,,,ACC,0,Does not apply,2-11,0,0,474,60,60,31,29,52%,48%,,,,,,,,,,14,23%,46,77%,5,8%,59,98%,67%,13%,,,,,,,,,,,,,83%,28%,0%,107,85%,38%,0%,108,78%,40%,0%,107,80%,32%,18%,0%,87%,0%,52%,83%,,,,43%,74%,-24,SUPP,68%,10%,17%,,,,14%,13%,4,SUPP,14%,,,,,,,,,,,,,,,,,,,,,,,,,,,,,,,,,,,,,,,,,,,,,,,,,,,,,,,,,,,,,,,,,,,,,,,,,,,,,,,,,,,,,104,109,,,,106,107,SUPP,107,107,106,,,,103,108,SUPP,107,106,109,,,,105,108,SUPP,108,,,,71%,87%,,,,64%,91%,,,,50%,87%,,,,57%,87%,,,,36%,26%,,,,36%,39%,,,,21%,46%,,,,21%,35%,55,92%,0,0%,3,5%,8,13%,11,18%,60,27%,73%,57%,5%,50%,0%,59%,7%,-2.7,-4.3,-1.1,-3,-4.5,-1.5,-1.8,-3.3,-0.3,104,104
1,15634,919,2008,132091,Lodge Farm Primary School,Mobbsbury Way,Chells,,Stevenage,SG2 0HP,1438236600,E14001516,Stevenage,0,,,FD,0,Does not apply,3-11,0,0,427,56,56,26,30,46%,54%,,,,,,,,,,12,21%,44,79%,8,14%,49,88%,48%,7%,,,,,,,,,,,,,80%,34%,2%,106,82%,48%,2%,108,71%,23%,2%,104,52%,9%,48%,0%,68%,0%,50%,47%,,,,50%,48%,-17,63%,53%,4%,10%,,,,0%,9%,-10,13%,8%,,,,,,,,,,,,,,,,,,,,,,,,,,,,,,,,,,,,,,,,,,,,,,,,,,,,,,,,,,,,,,,,,,,,,,,,,,,,,,,,,,,,,106,107,,,,105,107,106,107,105,103,,,,100,105,107,104,110,107,,,,103,110,110,109,,,,67%,84%,,,,58%,89%,,,,50%,77%,,,,50%,52%,,,,33%,34%,,,,17%,57%,,,,17%,25%,,,,0%,11%,48,86%,0,0%,0,0%,12,21%,12,21%,60,28%,72%,48%,5%,6%,0%,65%,7%,-3.2,-4.8,-1.6,-0.7,-2.2,0.8,-3.9,-5.4,-2.4,103,102
1,5448,919,2019,117093,Chorleywood Primary School,Stag Lane,Chorleywood,,Rickmansworth,WD3 5HR,1923282095,E14001496,South West Hertfordshire,0,,,CY,0,Does not apply,3-11,0,0,228,30,31,15,16,48%,52%,,,,,,,,,,0,0%,31,100%,3,10%,27,87%,77%,19%,,,,,,,,,,,,,81%,39%,0%,108,74%,39%,0%,106,77%,29%,0%,106,84%,42%,13%,0%,90%,0%,73%,81%,,,,,SUPP,,SUPP,78%,20%,19%,,,,,SUPP,,SUPP,15%,,,,,,,,,,,,,,,,,,,,,,,,,,,,,,,,,,,,,,,,,,,,,,,,,,,,,,,,,,,,,,,,,,,,,,,,,,,,,,,,,,,,,107,108,,,,,SUPP,SUPP,108,106,106,,,,,SUPP,SUPP,106,105,106,,,,,SUPP,SUPP,106,,,,,SUPP,,,,,SUPP,,,,,SUPP,,,,,SUPP,,,,,SUPP,,,,,SUPP,,,,,SUPP,,,,,SUPP,27,87%,1,3%,1,3%,4,13%,5,16%,30,17%,83%,80%,23%,SUPP,SUPP,SUPP,SUPP,0.6,-1.7,2.9,1.9,-0.3,4.1,0,-2.3,2.2,109,107
1,316,919,3303,117419,Albury Church of England Voluntary Aided Primary School,Church End,,,Albury,SG11 2JQ,1279771253,E14001393,North East Hertfordshire,0,,,VA,0,Church of England,2-11,0,0,53,4,4,SUPP,SUPP,SUPP,SUPP,,,,,,,,,,SUPP,SUPP,SUPP,SUPP,SUPP,SUPP,SUPP,SUPP,SUPP,SUPP,,,,,,,,,,,,,SUPP,SUPP,SUPP,SUPP,SUPP,SUPP,SUPP,SUPP,SUPP,SUPP,SUPP,SUPP,SUPP,SUPP,SUPP,SUPP,SUPP,SUPP,SUPP,SUPP,,,,SUPP,SUPP,SUPP,SUPP,SUPP,SUPP,SUPP,,,,SUPP,SUPP,SUPP,SUPP,SUPP,,,,,,,,,,,,,,,,,,,,,,,,,,,,,,,,,,,,,,,,,,,,,,,,,,,,,,,,,,,,,,,,,,,,,,,,,,,,,,,,,,,,,SUPP,SUPP,,,,SUPP,SUPP,SUPP,SUPP,SUPP,SUPP,,,,SUPP,SUPP,SUPP,SUPP,SUPP,SUPP,,,,SUPP,SUPP,SUPP,SUPP,,,,SUPP,SUPP,,,,SUPP,SUPP,,,,SUPP,SUPP,,,,SUPP,SUPP,,,,SUPP,SUPP,,,,SUPP,SUPP,,,,SUPP,SUPP,,,,SUPP,SUPP,SUPP,SUPP,SUPP,SUPP,SUPP,SUPP,SUPP,SUPP,SUPP,SUPP,8,13%,88%,75%,13%,SUPP,SUPP,SUPP,SUPP,SUPP,SUPP,SUPP,SUPP,SUPP,SUPP,SUPP,SUPP,SUPP,112,110
1,17144,919,2997,117379,Millbrook School,Gews Corner,Cheshunt,,Waltham Cross,EN8 9BX,1992622975,E14001139,Broxbourne,0,,,CY,0,Does not apply,4-11,0,0,144,21,19,7,12,37%,63%,,,,,,,,,,5,26%,14,74%,5,26%,15,79%,53%,0%,,,,,,,,,,,,,68%,21%,0%,105,58%,16%,0%,103,53%,11%,0%,98,63%,0%,26%,0%,68%,0%,57%,50%,,,,SUPP,SUPP,SUPP,SUPP,47%,0%,0%,,,,SUPP,SUPP,SUPP,SUPP,0%,,,,,,,,,,,,,,,,,,,,,,,,,,,,,,,,,,,,,,,,,,,,,,,,,,,,,,,,,,,,,,,,,,,,,,,,,,,,,,,,,,,,,102,106,,,,SUPP,SUPP,SUPP,103,99,98,,,,SUPP,SUPP,SUPP,97,103,103,,,,SUPP,SUPP,SUPP,101,,,,SUPP,SUPP,,,,SUPP,SUPP,,,,SUPP,SUPP,,,,SUPP,SUPP,,,,SUPP,SUPP,,,,SUPP,SUPP,,,,SUPP,SUPP,,,,SUPP,SUPP,14,74%,0,0%,1,5%,2,11%,3,16%,18,50%,50%,61%,6%,67%,11%,56%,0%,1.7,-1.5,4.9,3.9,0.9,6.8,0.6,-2.3,3.5,103,103
1,33268,919,3029,117400,Wormley CofE Primary School,Cozens Lane East,Wormley,"Wormley Primary School, Cozens Lane East",Broxbourne,EN10 6QA,1992303331,E14001139,Broxbourne,0,,,VC,0,Church of England,3-11,0,0,461,58,60,33,27,55%,45%,,,,,,,,,,12,20%,48,80%,14,23%,59,98%,70%,5%,,,,,,,,,,,,,82%,37%,0%,107,80%,27%,2%,105,77%,10%,0%,103,75%,17%,23%,0%,83%,0%,76%,63%,,,,42%,77%,-25,57%,71%,3%,7%,,,,0%,6%,-10,7%,5%,,,,,,,,,,,,,,,,,,,,,,,,,,,,,,,,,,,,,,,,,,,,,,,,,,,,,,,,,,,,,,,,,,,,,,,,,,,,,,,,,,,,,107,106,,,,103,108,104,107,105,100,,,,98,104,101,103,105,105,,,,101,106,102,105,,,,75%,83%,,,,58%,85%,,,,58%,81%,,,,42%,83%,,,,17%,42%,,,,17%,29%,,,,0%,13%,,,,0%,21%,46,77%,0,0%,3,5%,11,18%,14,23%,59,22%,78%,54%,5%,46%,8%,57%,4%,0.4,-1.2,2,-1.2,-2.7,0.4,0.1,-1.4,1.6,105,104
1,28584,919,3038,117405,Spellbrook CofE Primary School,London Road,Spellbrook,,Bishop's Stortford,CM23 4BA,1279723204,E14001283,Hertford and Stortford,0,,,VC,0,Church of England,3-11,0,0,117,16,16,9,7,56%,44%,,,,,,,,,,5,31%,11,69%,2,13%,16,100%,69%,13%,,,,,,,,,,,,,88%,44%,0%,109,69%,56%,0%,107,88%,31%,0%,105,69%,25%,19%,0%,81%,0%,67%,71%,,,,SUPP,SUPP,SUPP,SUPP,69%,11%,14%,,,,SUPP,SUPP,SUPP,SUPP,13%,,,,,,,,,,,,,,,,,,,,,,,,,,,,,,,,,,,,,,,,,,,,,,,,,,,,,,,,,,,,,,,,,,,,,,,,,,,,,,,,,,,,,110,107,,,,SUPP,SUPP,SUPP,109,107,103,,,,SUPP,SUPP,SUPP,105,105,108,,,,SUPP,SUPP,SUPP,107,,,,SUPP,SUPP,,,,SUPP,SUPP,,,,SUPP,SUPP,,,,SUPP,SUPP,,,,SUPP,SUPP,,,,SUPP,SUPP,,,,SUPP,SUPP,,,,SUPP,SUPP,14,88%,0,0%,1,6%,5,31%,6,38%,16,0%,100%,75%,31%,,,SUPP,SUPP,2.7,-0.4,5.7,1.2,-1.8,4.1,1.7,-1.2,4.6,109,107
1,906,919,3306,117420,Ardeley St Lawrence Church of England Voluntary Aided Primary School,School Lane,Ardeley,,Stevenage,SG2 7AJ,1438861284,E14001393,North East Hertfordshire,0,,,VA,0,Church of England,3-11,0,0,46,1,1,SUPP,SUPP,SUPP,SUPP,,,,,,,,,,SUPP,SUPP,SUPP,SUPP,SUPP,SUPP,SUPP,SUPP,SUPP,SUPP,,,,,,,,,,,,,SUPP,SUPP,SUPP,SUPP,SUPP,SUPP,SUPP,SUPP,SUPP,SUPP,SUPP,SUPP,SUPP,SUPP,SUPP,SUPP,SUPP,SUPP,SUPP,,,,,,SUPP,,,SUPP,SUPP,,,,,,SUPP,,,SUPP,,,,,,,,,,,,,,,,,,,,,,,,,,,,,,,,,,,,,,,,,,,,,,,,,,,,,,,,,,,,,,,,,,,,,,,,,,,,,,,,,,,,,SUPP,,,,,,SUPP,,SUPP,SUPP,,,,,,SUPP,,SUPP,SUPP,,,,,,SUPP,,SUPP,,,,,SUPP,,,,,SUPP,,,,,SUPP,,,,,SUPP,,,,,SUPP,,,,,SUPP,,,,,SUPP,,,,,SUPP,SUPP,SUPP,SUPP,SUPP,SUPP,SUPP,SUPP,SUPP,SUPP,SUPP,6,17%,83%,0%,0%,SUPP,SUPP,SUPP,SUPP,SUPP,SUPP,SUPP,SUPP,SUPP,SUPP,SUPP,SUPP,SUPP,100,93
1,516,919,3329,117430,"All Saints Church of England Voluntary Aided Primary School, Datchworth",25 Hollybush Lane,Datchworth,,Knebworth,SG3 6RE,1438812381,E14001516,Stevenage,0,,,VA,0,Church of England,4-11,0,0,135,18,18,7,11,39%,61%,,,,,,,,,,3,17%,15,83%,4,22%,17,94%,83%,17%,,,,,,,,,,,,,83%,61%,0%,109,89%,61%,0%,110,89%,28%,0%,107,89%,22%,11%,0%,94%,0%,71%,91%,,,,SUPP,SUPP,SUPP,SUPP,82%,0%,27%,,,,SUPP,SUPP,SUPP,SUPP,18%,,,,,,,,,,,,,,,,,,,,,,,,,,,,,,,,,,,,,,,,,,,,,,,,,,,,,,,,,,,,,,,,,,,,,,,,,,,,,,,,,,,,,104,112,,,,SUPP,SUPP,SUPP,108,104,109,,,,SUPP,SUPP,SUPP,106,108,112,,,,SUPP,SUPP,SUPP,110,,,,SUPP,SUPP,,,,SUPP,SUPP,,,,SUPP,SUPP,,,,SUPP,SUPP,,,,SUPP,SUPP,,,,SUPP,SUPP,,,,SUPP,SUPP,,,,SUPP,SUPP,14,78%,0,0%,2,11%,2,11%,4,22%,29,14%,86%,86%,21%,SUPP,SUPP,SUPP,SUPP,3.9,1.6,6.2,2.2,-0.1,4.4,4.6,2.5,6.8,110,110
1,26110,919,3336,117434,St Nicholas CofE VA Primary School,Church Green,,,Harpenden,AL5 2TP,1582623620,E14001268,Harpenden and Berkhamsted,0,,,VA,0,Church of England,4-11,0,0,147,26,25,7,18,28%,72%,,,,,,,,,,3,12%,22,88%,1,4%,25,100%,68%,4%,,,,,,,,,,,,,92%,44%,0%,109,96%,40%,0%,108,84%,32%,0%,107,84%,4%,16%,0%,72%,0%,86%,61%,,,,SUPP,SUPP,SUPP,SUPP,68%,0%,6%,,,,SUPP,SUPP,SUPP,SUPP,4%,,,,,,,,,,,,,,,,,,,,,,,,,,,,,,,,,,,,,,,,,,,,,,,,,,,,,,,,,,,,,,,,,,,,,,,,,,,,,,,,,,,,,108,109,,,,SUPP,SUPP,SUPP,109,109,106,,,,SUPP,SUPP,SUPP,107,108,108,,,,SUPP,SUPP,SUPP,108,,,,SUPP,SUPP,,,,SUPP,SUPP,,,,SUPP,SUPP,,,,SUPP,SUPP,,,,SUPP,SUPP,,,,SUPP,SUPP,,,,SUPP,SUPP,,,,SUPP,SUPP,24,96%,0,0%,1,4%,7,28%,8,32%,24,4%,96%,79%,8%,SUPP,SUPP,SUPP,SUPP,2.8,0,5.5,1.1,-1.5,3.8,3.5,0.9,6.1,109,109
1,14,919,3361,117449,"The Abbey Church of England Voluntary Aided Primary School, St Albans",Grove Road,,,St Albans,AL1 1DQ,1727851802,E14001507,St Albans,0,,,VA,0,Church of England,4-11,0,0,165,30,29,14,15,48%,52%,,,,,,,,,,4,14%,25,86%,7,24%,23,79%,90%,17%,,,,,,,,,,,,,93%,55%,0%,110,90%,52%,0%,109,93%,41%,0%,107,93%,38%,7%,0%,90%,0%,93%,87%,,,,SUPP,SUPP,SUPP,100%,91%,14%,20%,,,,SUPP,SUPP,SUPP,0%,22%,,,,,,,,,,,,,,,,,,,,,,,,,,,,,,,,,,,,,,,,,,,,,,,,,,,,,,,,,,,,,,,,,,,,,,,,,,,,,,,,,,,,,110,110,,,,SUPP,SUPP,110,111,109,106,,,,SUPP,SUPP,109,107,109,109,,,,SUPP,SUPP,110,109,,,,SUPP,SUPP,,,,SUPP,SUPP,,,,SUPP,SUPP,,,,SUPP,SUPP,,,,SUPP,SUPP,,,,SUPP,SUPP,,,,SUPP,SUPP,,,,SUPP,SUPP,22,76%,0,0%,0,0%,4,14%,4,14%,21,14%,86%,86%,33%,SUPP,SUPP,SUPP,SUPP,3.1,0,6.2,5.1,2.1,8,3.4,0.5,6.3,110,111
1,25964,919,3363,117451,"St Michael's Church of England Voluntary Aided Primary School, St Albans",St Michael's Street,,,St Albans,AL3 4SJ,1727854866,E14001507,St Albans,0,,,VA,0,Church of England,5-11,0,0,192,31,31,13,18,42%,58%,,,,,,,,,,4,13%,27,87%,10,32%,24,77%,84%,13%,,,,,,,,,,,,,90%,39%,0%,108,90%,45%,0%,110,90%,32%,0%,107,90%,26%,3%,0%,94%,0%,85%,83%,,,,SUPP,SUPP,SUPP,80%,83%,15%,11%,,,,SUPP,SUPP,SUPP,20%,13%,,,,,,,,,,,,,,,,,,,,,,,,,,,,,,,,,,,,,,,,,,,,,,,,,,,,,,,,,,,,,,,,,,,,,,,,,,,,,,,,,,,,,107,109,,,,SUPP,SUPP,110,107,109,106,,,,SUPP,SUPP,113,106,110,110,,,,SUPP,SUPP,111,109,,,,SUPP,SUPP,,,,SUPP,SUPP,,,,SUPP,SUPP,,,,SUPP,SUPP,,,,SUPP,SUPP,,,,SUPP,SUPP,,,,SUPP,SUPP,,,,SUPP,SUPP,21,68%,0,0%,1,3%,4,13%,5,16%,25,16%,84%,84%,24%,SUPP,SUPP,SUPP,SUPP,3,0.3,5.6,2.6,0.1,5.2,0.4,-2.1,2.9,110,107
1,15538,919,5208,137861,Little Reddings Primary School,Harcourt Road,,,Bushey,WD23 3PR,2089505388,E14001284,Hertsmere,0,,,ACC,0,None,3-11,0,0,305,39,37,15,22,41%,59%,,,,,,,,,,9,24%,28,76%,12,32%,28,76%,54%,8%,,,,,,,,,,,,,70%,27%,0%,105,68%,19%,0%,105,62%,27%,0%,104,65%,8%,22%,0%,84%,0%,47%,59%,,,,78%,46%,11,58%,61%,0%,14%,,,,11%,7%,1,17%,11%,,,,,,,,,,,,,,,,,,,,,,,,,,,,,,,,,,,,,,,,,,,,,,,,,,,,,,,,,,,,,,,,,,,,,,,,,,,,,,,,,,,,,103,107,,,,109,104,107,106,103,104,,,,104,103,105,104,102,107,,,,106,105,107,105,,,,89%,64%,,,,67%,68%,,,,78%,57%,,,,78%,61%,,,,56%,18%,,,,22%,18%,,,,33%,25%,,,,11%,7%,25,68%,0,0%,2,5%,4,11%,6,16%,49,45%,55%,45%,6%,27%,5%,59%,7%,0.4,-1.4,2.2,-4.5,-6.2,-2.7,-1.6,-3.4,0.1,105,103
1,29776,919,3370,117457,Tewin Cowper Church of England Voluntary Aided Primary School,Cannons Meadow,Tewin,Tewin Cowper Ce Primary School Va,Welwyn,AL6 0JU,1438717378,E14001393,North East Hertfordshire,0,,,VA,0,Church of England,4-11,0,0,180,27,27,11,16,41%,59%,,,,,,,,,,4,15%,23,85%,1,4%,26,96%,30%,0%,,,,,,,,,,,,,89%,30%,0%,107,67%,26%,0%,104,59%,7%,0%,100,30%,4%,56%,0%,89%,0%,27%,31%,,,,SUPP,SUPP,SUPP,SUPP,31%,0%,0%,,,,SUPP,SUPP,SUPP,SUPP,0%,,,,,,,,,,,,,,,,,,,,,,,,,,,,,,,,,,,,,,,,,,,,,,,,,,,,,,,,,,,,,,,,,,,,,,,,,,,,,,,,,,,,,106,108,,,,SUPP,SUPP,SUPP,107,101,99,,,,SUPP,SUPP,SUPP,100,104,104,,,,SUPP,SUPP,SUPP,104,,,,SUPP,SUPP,,,,SUPP,SUPP,,,,SUPP,SUPP,,,,SUPP,SUPP,,,,SUPP,SUPP,,,,SUPP,SUPP,,,,SUPP,SUPP,,,,SUPP,SUPP,26,96%,0,0%,0,0%,2,7%,2,7%,23,9%,91%,65%,0%,SUPP,SUPP,SUPP,SUPP,2.5,0,5.1,-0.8,-3.3,1.7,1.6,-0.8,4.1,105,103
1,24940,919,3397,117474,St Margaret Clitherow Roman Catholic Primary School,Monkswood Lane,(Off Monkswood Way),,Stevenage,SG2 8QJ,1438352863,E14001516,Stevenage,0,,,VA,0,Roman Catholic,3-11,0,0,237,30,30,21,9,70%,30%,,,,,,,,,,2,7%,28,93%,11,37%,28,93%,77%,17%,,,,,,,,,,,,,87%,53%,0%,109,87%,53%,0%,108,87%,43%,0%,108,83%,20%,13%,0%,93%,0%,81%,67%,,,,SUPP,SUPP,SUPP,73%,75%,19%,11%,,,,SUPP,SUPP,SUPP,9%,18%,,,,,,,,,,,,,,,,,,,,,,,,,,,,,,,,,,,,,,,,,,,,,,,,,,,,,,,,,,,,,,,,,,,,,,,,,,,,,,,,,,,,,109,109,,,,SUPP,SUPP,108,109,109,106,,,,SUPP,SUPP,109,108,109,106,,,,SUPP,SUPP,107,108,,,,SUPP,SUPP,,,,SUPP,SUPP,,,,SUPP,SUPP,,,,SUPP,SUPP,,,,SUPP,SUPP,,,,SUPP,SUPP,,,,SUPP,SUPP,,,,SUPP,SUPP,19,63%,0,0%,0,0%,0,0%,0,0%,30,7%,93%,70%,13%,SUPP,SUPP,SUPP,SUPP,1.3,-1.1,3.6,0,-2.2,2.2,2.8,0.6,4.9,106,107
1,12720,919,3404,117481,The Holy Family Catholic Primary School,Crookhams,,,Welwyn Garden City,AL7 1PG,1707375518,E14001573,Welwyn Hatfield,0,,,VA,0,Roman Catholic,3-11,0,0,215,30,29,18,11,62%,38%,,,,,,,,,,8,28%,21,72%,1,3%,27,93%,79%,14%,,,,,,,,,,,,,93%,48%,0%,108,76%,38%,0%,106,97%,28%,0%,108,83%,21%,17%,0%,83%,0%,72%,91%,,,,50%,90%,-17,SUPP,78%,22%,0%,,,,13%,14%,3,SUPP,11%,,,,,,,,,,,,,,,,,,,,,,,,,,,,,,,,,,,,,,,,,,,,,,,,,,,,,,,,,,,,,,,,,,,,,,,,,,,,,,,,,,,,,109,108,,,,107,109,SUPP,108,110,105,,,,105,109,SUPP,107,107,105,,,,101,108,SUPP,105,,,,88%,95%,,,,50%,86%,,,,100%,95%,,,,50%,95%,,,,50%,48%,,,,13%,48%,,,,13%,33%,,,,13%,24%,28,97%,0,0%,1,3%,2,7%,3,10%,29,41%,59%,55%,17%,42%,0%,65%,29%,2.3,-0.1,4.7,-0.5,-2.8,1.8,-1,-3.2,1.3,108,104
1,6506,919,3406,140238,Countess Anne Church of England School,School Lane,,,Hatfield,AL10 8AX,1707262840,E14001573,Welwyn Hatfield,0,,,ACC,0,Church of England,5-11,0,0,211,30,30,16,14,53%,47%,,,,,,,,,,7,23%,23,77%,11,37%,29,97%,73%,13%,,,,,,,,,,,,,87%,47%,0%,108,73%,43%,0%,106,90%,27%,0%,108,73%,23%,20%,0%,83%,0%,81%,64%,,,,71%,74%,4,91%,76%,19%,7%,,,,0%,17%,-10,18%,14%,,,,,,,,,,,,,,,,,,,,,,,,,,,,,,,,,,,,,,,,,,,,,,,,,,,,,,,,,,,,,,,,,,,,,,,,,,,,,,,,,,,,,110,107,,,,107,109,109,108,110,105,,,,105,109,109,108,109,103,,,,104,107,108,106,,,,86%,87%,,,,71%,74%,,,,86%,91%,,,,71%,74%,,,,57%,43%,,,,43%,43%,,,,0%,35%,,,,14%,26%,19,63%,0,0%,2,7%,5,17%,7,23%,31,19%,81%,68%,13%,33%,0%,76%,16%,-0.2,-2.6,2.2,-1.4,-3.8,0.9,-0.2,-2.4,2.1,107,107
1,28094,919,4067,140294,Simon Balle All-Through School,Mangrove Road,,,Hertford,SG13 8AJ,1992410400,E14001283,Hertford and Stortford,0,,,ACC,0,Does not apply,4-18,0,0,1561,65,63,34,29,54%,46%,,,,,,,,,,6,10%,57,90%,1,2%,60,95%,75%,19%,,,,,,,,,,,,,84%,38%,0%,107,84%,40%,0%,108,83%,32%,0%,106,92%,33%,5%,2%,95%,2%,71%,79%,,,,67%,75%,0,SUPP,75%,24%,14%,,,,17%,19%,7,SUPP,18%,,,,,,,,,,,,,,,,,,,,,,,,,,,,,,,,,,,,,,,,,,,,,,,,,,,,,,,,,,,,,,,,,,,,,,,,,,,,,,,,,,,,,105,108,,,,109,106,SUPP,107,107,106,,,,106,106,SUPP,106,107,109,,,,108,108,SUPP,107,,,,83%,84%,,,,83%,84%,,,,83%,82%,,,,100%,91%,,,,50%,37%,,,,50%,39%,,,,17%,33%,,,,50%,32%,62,98%,0,0%,5,8%,4,6%,9,14%,60,13%,87%,85%,30%,63%,0%,88%,35%,1.8,0.2,3.4,4.2,2.7,5.8,2.3,0.8,3.8,109,108
1,14118,919,4140,137656,King James Academy Royston,Garden Walk,,,Royston,SG8 7JH,1763242236,E14001393,North East Hertfordshire,0,,,ACC,0,Does not apply,9-18,0,0,957,172,174,91,83,52%,48%,,,,,,,,,,25,14%,149,86%,11,6%,163,94%,56%,8%,,,,,,,,,,,,,69%,24%,2%,104,66%,26%,2%,104,63%,18%,2%,101,70%,18%,26%,2%,78%,2%,53%,59%,,,,24%,61%,-43,55%,59%,7%,10%,,,,0%,9%,-10,18%,9%,,,,,,,,,,,,,,,,,,,,,,,,,,,,,,,,,,,,,,,,,,,,,,,,,,,,,,,,,,,,,,,,,,,,,,,,,,,,,,,,,,,,,103,104,,,,97,104,100,104,102,101,,,,94,102,100,102,103,104,,,,96,105,104,104,,,,36%,74%,,,,32%,72%,,,,24%,70%,,,,44%,74%,,,,12%,26%,,,,4%,30%,,,,4%,21%,,,,0%,21%,163,94%,0,0%,3,2%,18,10%,21,12%,180,22%,78%,52%,7%,35%,0%,56%,9%,-1.6,-2.5,-0.6,-3,-3.9,-2.1,-3,-3.9,-2.1,105,102
1,8154,919,4506,117554,Edwinstree Church of England Middle School,Norfolk Road,,,Buntingford,SG9 9AW,1763271446,E14001393,North East Hertfordshire,0,,,VC,0,Church of England,9-13,0,0,477,119,119,63,56,53%,47%,,,,,,,,,,23,19%,96,81%,3,3%,111,93%,50%,4%,,,,,,,,,,,,,71%,19%,4%,104,65%,22%,4%,104,71%,10%,4%,103,63%,14%,26%,2%,94%,0%,46%,54%,,,,26%,55%,-41,SUPP,49%,3%,5%,,,,0%,5%,-10,SUPP,4%,,,,,,,,,,,,,,,,,,,,,,,,,,,,,,,,,,,,,,,,,,,,,,,,,,,,,,,,,,,,,,,,,,,,,,,,,,,,,,,,,,,,,103,104,,,,100,104,SUPP,103,104,102,,,,99,104,SUPP,103,103,105,,,,100,104,SUPP,104,,,,48%,76%,,,,39%,71%,,,,43%,78%,,,,43%,68%,,,,13%,21%,,,,9%,25%,,,,4%,11%,,,,4%,17%,116,97%,0,0%,1,1%,18,15%,19,16%,118,13%,87%,59%,0%,20%,0%,65%,0%,-0.9,-2.1,0.2,-2.5,-3.6,-1.4,-1.2,-2.3,-0.1,105,104
1,5476,919,5201,139507,Christ Church Chorleywood CofE School,The Common,Rickmansworth Road,Chorleywood,Rickmansworth,WD3 5SG,1923282647,E14001496,South West Hertfordshire,0,,,ACC,0,Church of England,3-11,0,0,231,30,30,17,13,57%,43%,,,,,,,,,,3,10%,27,90%,1,3%,30,100%,77%,13%,,,,,,,,,,,,,87%,50%,0%,109,83%,50%,0%,108,93%,47%,0%,108,80%,23%,20%,0%,87%,0%,65%,92%,,,,SUPP,SUPP,SUPP,SUPP,77%,12%,15%,,,,SUPP,SUPP,SUPP,SUPP,13%,,,,,,,,,,,,,,,,,,,,,,,,,,,,,,,,,,,,,,,,,,,,,,,,,,,,,,,,,,,,,,,,,,,,,,,,,,,,,,,,,,,,,107,110,,,,SUPP,SUPP,SUPP,109,109,107,,,,SUPP,SUPP,SUPP,108,107,109,,,,SUPP,SUPP,SUPP,108,,,,SUPP,SUPP,,,,SUPP,SUPP,,,,SUPP,SUPP,,,,SUPP,SUPP,,,,SUPP,SUPP,,,,SUPP,SUPP,,,,SUPP,SUPP,,,,SUPP,SUPP,29,97%,0,0%,0,0%,7,23%,7,23%,32,6%,94%,78%,25%,SUPP,SUPP,SUPP,SUPP,1,-1.1,3.2,-0.7,-2.8,1.4,1,-1,3.1,110,109
1,11974,919,5203,117563,Hertingfordbury Cowper Primary School,Birch Green,,,Hertford,SG14 2LR,1992583239,E14001393,North East Hertfordshire,0,,,VA,0,Church of England,4-11,0,0,225,27,28,18,10,64%,36%,,,,,,,,,,1,4%,27,96%,1,4%,28,100%,61%,18%,,,,,,,,,,,,,86%,39%,0%,108,86%,43%,0%,109,75%,21%,0%,105,79%,43%,21%,0%,96%,0%,56%,70%,,,,SUPP,SUPP,SUPP,SUPP,61%,22%,10%,,,,SUPP,SUPP,SUPP,SUPP,18%,,,,,,,,,,,,,,,,,,,,,,,,,,,,,,,,,,,,,,,,,,,,,,,,,,,,,,,,,,,,,,,,,,,,,,,,,,,,,,,,,,,,,107,110,,,,SUPP,SUPP,SUPP,108,105,104,,,,SUPP,SUPP,SUPP,105,108,110,,,,SUPP,SUPP,SUPP,109,,,,SUPP,SUPP,,,,SUPP,SUPP,,,,SUPP,SUPP,,,,SUPP,SUPP,,,,SUPP,SUPP,,,,SUPP,SUPP,,,,SUPP,SUPP,,,,SUPP,SUPP,27,96%,0,0%,1,4%,5,18%,6,21%,30,7%,93%,53%,7%,SUPP,SUPP,SUPP,SUPP,0.5,-1.8,2.7,-3.9,-6,-1.7,-0.8,-2.9,1.3,108,106
1,3872,919,5210,117570,Brookmans Park Primary School,Bradmore Way,Brookmans Park,,Hatfield,AL9 7QY,1707652355,E14001573,Welwyn Hatfield,0,,,FD,0,None,4-11,0,0,346,45,45,20,25,44%,56%,,,,,,,,,,1,2%,44,98%,4,9%,44,98%,82%,7%,,,,,,,,,,,,,93%,44%,2%,109,93%,38%,2%,108,93%,29%,2%,107,89%,13%,9%,2%,98%,2%,70%,92%,,,,SUPP,SUPP,SUPP,SUPP,84%,5%,8%,,,,SUPP,SUPP,SUPP,SUPP,7%,,,,,,,,,,,,,,,,,,,,,,,,,,,,,,,,,,,,,,,,,,,,,,,,,,,,,,,,,,,,,,,,,,,,,,,,,,,,,,,,,,,,,108,109,,,,SUPP,SUPP,SUPP,109,108,107,,,,SUPP,SUPP,SUPP,108,108,107,,,,SUPP,SUPP,SUPP,108,,,,SUPP,SUPP,,,,SUPP,SUPP,,,,SUPP,SUPP,,,,SUPP,SUPP,,,,SUPP,SUPP,,,,SUPP,SUPP,,,,SUPP,SUPP,,,,SUPP,SUPP,41,91%,0,0%,1,2%,4,9%,5,11%,46,11%,89%,78%,30%,SUPP,SUPP,SUPP,SUPP,1.3,-0.5,3.2,2.9,1.1,4.6,1.6,-0.2,3.3,108,108
1,294,919,3981,144907,Alban Wood Primary School and Nursery,The Brow,,,Watford,WD25 7NX,1923678240,E14001568,Watford,0,,,ACC,0,Does not apply,3-11,0,0,239,31,30,13,17,43%,57%,,,,,,,,,,8,27%,22,73%,6,20%,30,100%,60%,10%,,,,,,,,,,,,,70%,17%,0%,104,80%,33%,0%,105,83%,27%,0%,105,83%,17%,17%,0%,87%,0%,46%,71%,,,,63%,59%,-4,83%,60%,8%,12%,,,,0%,14%,-10,17%,10%,,,,,,,,,,,,,,,,,,,,,,,,,,,,,,,,,,,,,,,,,,,,,,,,,,,,,,,,,,,,,,,,,,,,,,,,,,,,,,,,,,,,,101,106,,,,104,104,106,104,106,104,,,,101,106,107,105,105,106,,,,102,107,109,105,,,,88%,64%,,,,75%,82%,,,,63%,91%,,,,75%,86%,,,,0%,23%,,,,0%,45%,,,,13%,32%,,,,0%,23%,24,80%,0,0%,3,10%,5,17%,8,27%,30,33%,67%,67%,10%,50%,0%,75%,15%,-2.3,-4.6,0,-0.9,-3.1,1.2,1,-1.2,3.1,104,106
1,15756,919,3983,135083,Longmeadow Primary School,Oaks Cross,Broadwater,,Stevenage,SG2 8LT,1438351087,E14001516,Stevenage,0,,,CY,0,Does not apply,3-11,0,0,212,37,37,13,24,35%,65%,,,,,,,,,,16,43%,21,57%,5,14%,35,95%,43%,3%,,,,,,,,,,,,,62%,8%,0%,101,59%,16%,3%,101,46%,5%,0%,98,62%,5%,24%,0%,65%,0%,54%,38%,,,,19%,62%,-48,SUPP,40%,0%,4%,,,,0%,5%,-10,SUPP,3%,,,,,,,,,,,,,,,,,,,,,,,,,,,,,,,,,,,,,,,,,,,,,,,,,,,,,,,,,,,,,,,,,,,,,,,,,,,,,,,,,,,,,102,101,,,,98,104,SUPP,101,99,98,,,,96,100,SUPP,98,101,101,,,,98,103,SUPP,100,,,,50%,71%,,,,56%,62%,,,,25%,62%,,,,56%,67%,,,,0%,14%,,,,0%,29%,,,,0%,10%,,,,0%,10%,32,86%,0,0%,1,3%,8,22%,9,24%,32,38%,63%,50%,16%,42%,0%,55%,25%,-2.8,-5,-0.6,0.9,-1.3,3,-3,-5.1,-1,102,100
1,33500,919,3988,135222,Yewtree Primary School,Fletcher Way,,,Hemel Hempstead,HP2 5QR,1442424920,E14001278,Hemel Hempstead,0,,,CY,0,Does not apply,3-11,0,0,361,31,29,12,17,41%,59%,,,,,,,,,,13,45%,16,55%,10,34%,24,83%,34%,0%,,,,,,,,,,,,,62%,10%,0%,102,55%,14%,0%,100,41%,10%,0%,97,45%,0%,45%,0%,59%,0%,25%,41%,,,,8%,56%,-59,40%,29%,0%,0%,,,,0%,0%,-10,0%,0%,,,,,,,,,,,,,,,,,,,,,,,,,,,,,,,,,,,,,,,,,,,,,,,,,,,,,,,,,,,,,,,,,,,,,,,,,,,,,,,,,,,,,101,102,,,,99,104,101,103,96,99,,,,90,103,100,97,97,102,,,,94,104,102,100,,,,38%,81%,,,,23%,81%,,,,8%,69%,,,,15%,69%,,,,0%,19%,,,,0%,25%,,,,0%,19%,,,,0%,0%,19,66%,0,0%,2,7%,7,24%,9,31%,52,48%,52%,25%,0%,16%,0%,33%,0%,-3.1,-5,-1.2,-3.8,-5.6,-2,-5.7,-7.4,-3.9,101,97
1,9574,919,3990,135224,Galley Hill Primary School and Nursery,Galley Hill,,,Hemel Hempstead,HP1 3JY,1442406000,E14001278,Hemel Hempstead,0,,,CY,0,Does not apply,3-11,0,0,429,60,60,28,32,47%,53%,,,,,,,,,,18,30%,42,70%,11,18%,54,90%,47%,2%,,,,,,,,,,,,,58%,8%,3%,101,45%,7%,3%,100,62%,17%,2%,102,65%,3%,33%,0%,90%,0%,50%,44%,,,,33%,52%,-34,64%,50%,4%,0%,,,,0%,2%,-10,0%,2%,,,,,,,,,,,,,,,,,,,,,,,,,,,,,,,,,,,,,,,,,,,,,,,,,,,,,,,,,,,,,,,,,,,,,,,,,,,,,,,,,,,,,103,99,,,,97,103,103,102,102,101,,,,100,102,105,102,101,98,,,,96,101,100,100,,,,44%,64%,,,,33%,50%,,,,50%,67%,,,,56%,69%,,,,0%,12%,,,,0%,10%,,,,11%,19%,,,,0%,5%,49,82%,0,0%,0,0%,15,25%,15,25%,50,48%,52%,44%,6%,33%,0%,54%,12%,-2.2,-4,-0.4,-1,-2.7,0.7,-2.7,-4.4,-0.9,104,101
2,14694,919,7023,117680,Lakeside School,Lemsford Lane,,,Welwyn Garden City,AL8 6YN,1707327410,E14001573,Welwyn Hatfield,0,,,CYS,0,Does not apply,2-19,0,0,107,7,7,5,2,71%,29%,,,,,,,,,,0,0%,7,100%,4,57%,7,100%,0%,0%,,,,,,,,,,,,,0%,0%,0%,,0%,0%,0%,,0%,0%,0%,,0%,0%,0%,0%,0%,0%,SUPP,SUPP,,,,,SUPP,,SUPP,0%,SUPP,SUPP,,,,,SUPP,,SUPP,0%,,,,,,,,,,,,,,,,,,,,,,,,,,,,,,,,,,,,,,,,,,,,,,,,,,,,,,,,,,,,,,,,,,,,,,,,,,,,,,,,,,,,,SUPP,SUPP,,,,,SUPP,SUPP,,SUPP,SUPP,,,,,SUPP,SUPP,,SUPP,SUPP,,,,,SUPP,SUPP,,,,,,SUPP,,,,,SUPP,,,,,SUPP,,,,,SUPP,,,,,SUPP,,,,,SUPP,,,,,SUPP,,,,,SUPP,3,43%,0,0%,7,100%,0,0%,7,100%,6,33%,67%,0%,0%,SUPP,SUPP,SUPP,SUPP,SUPP,SUPP,SUPP,SUPP,SUPP,SUPP,SUPP,SUPP,SUPP
3,,919,,,Hertfordshire,,,,,,,,,,,,,,,,,,100180,14546,14443,7365,7078,51%,49%,,,,,,,,,,3000,21%,11443,79%,2818,20%,13354,92%,63%,9%,,,,,,,,,,,,,78%,34%,1%,106,76%,36%,1%,106,76%,28%,1%,105,73%,16%,20%,0%,82%,0%,60%,67%,,,,41%,69%,-26,65%,64%,8%,10%,,,,3%,11%,-7,9%,10%,,,,,,,,,,,,,,,,,,,,,,,,,,,,,,,,,,,,,,,,,,,,,,,,,,,,,,,,,,,,,,,,,,,,,,,,,,,,,,,,,,,,,105,107,,,,103,107,106,106,106,104,,,,101,106,106,105,106,107,,,,102,107,107,106,,,,61%,83%,,,,55%,81%,,,,54%,81%,,,,53%,78%,,,,17%,38%,,,,17%,41%,,,,11%,32%,,,,5%,18%,11564,80%,61,0%,772,5%,2251,16%,3023,21%,14621,21%,79%,61%,10%,36%,3%,68%,12%,0.4,0.3,0.5,-0.4,-0.5,-0.3,0.1,0,0.2,106,105
4,,,,,,,,,,,,,,,,,,,,,,,4691271,665672,665887,340101,325786,51%,49%,,,,,,,,,,204320,31%,461567,69%,150318,23%,602764,91%,61%,8%,,,,,,,,,,,,,74%,29%,1%,105,72%,32%,1%,105,73%,24%,1%,104,72%,13%,21%,0%,81%,0%,57%,64%,,,,45%,67%,,62%,62%,6%,9%,,,,3%,10%,,8%,8%,,,,,,,,,,,,,,,,,,,,,,,,,,,,,,,,,,,,,,,,,,,,,,,,,,,,,,,,,,,,,,,,,,,,,,,,,,,,,,,,,,,,,105,106,,,,103,106,105,105,105,104,,,,101,106,106,105,105,106,,,,102,107,107,105,,,,62%,80%,,,,59%,78%,,,,59%,79%,,,,58%,78%,,,,18%,33%,,,,20%,37%,,,,13%,29%,,,,6%,16%,508799,76%,6770,1%,35170,5%,106538,16%,141708,21%,676102,30%,70%,60%,8%,44%,3%,66%,10%,,,,,,,,,,105,104
5,,,,,,,,,,,,,,,,,,,,,,,4649171,662247,662983,338570,324413,51%,49%,,,,,,,,,,203811,31%,459172,69%,150275,23%,602526,91%,61%,8%,,,,,,,,,,,,,74%,29%,1%,105,72%,32%,1%,105,73%,24%,1%,104,72%,13%,21%,0%,81%,0%,57%,64%,,,,46%,67%,,62%,62%,6%,9%,,,,3%,10%,,8%,8%,,,,,,,,,,,,,,,,,,,,,,,,,,,,,,,,,,,,,,,,,,,,,,,,,,,,,,,,,,,,,,,,,,,,,,,,,,,,,,,,,,,,,105,106,,,,103,106,105,105,105,104,,,,101,106,106,105,105,106,,,,102,107,107,105,,,,62%,80%,,,,59%,78%,,,,59%,79%,,,,58%,78%,,,,18%,33%,,,,20%,37%,,,,13%,29%,,,,6%,16%,508225,77%,4483,1%,34644,5%,106330,16%,140974,21%,673070,30%,70%,60%,8%,44%,3%,66%,10%,,,,,,,,,,105,104