RECTYPE,LEA,ESTAB,URN,SCHNAME,SCHNAME_AC,ADDRESS1,ADDRESS2,ADDRESS3,TOWN,PCODE,TELNUM,PCON_CODE,PCON_NAME,CONTFLAG,ICLOSE,NFTYPE,RELDENOM,ADMPOL,ADMPOL_PT,EGENDER,FEEDER,AGERANGE,TOTPUPS,NUMBOYS,NUMGIRLS,TPUP,BPUP,PBPUP,GPUP,PGPUP,KS2ASS,TPRIORLO,PTPRIORLO,TPRIORAV,PTPRIORAV,TPRIORHI,PTPRIORHI,TFSM6CLA1A,PTFSM6CLA1A,TNOTFSM6CLA1A,PTNOTFSM6CLA1A,TEALGRP2,PTEALGRP2,TEALGRP1,PTEALGRP1,TEALGRP3,PTEALGRP3,TNMOB,PTNMOB,SENE4,PSENE4,SEN_ALL4,PSEN_ALL4,SENK4,PSENK4,TOTATT8,ATT8SCR,TOTATT8ENG,ATT8SCRENG,TOTATT8MAT,ATT8SCRMAT,TOTATT8EBAC,ATT8SCREBAC,TOTATT8OPEN,ATT8SCROPEN,TOTATT8OPENG,ATT8SCROPENG,TOTATT8OPENNG,ATT8SCROPENNG,AVGEBACFILL,AVGOPENFILL,P8PUP,TP8ADJ,P8MEACOV,P8MEA,P8CILOW,P8CIUPP,P8MEA_ORIG,P8CILOW_ORIG,P8CIUPP_ORIG,P8MEAENG,P8MEAENG_CILOW,P8MEAENG_CIUPP,P8MEAMAT,P8MEAMAT_CILOW,P8MEAMAT_CIUPP,P8MEAEBAC,P8MEAEBAC_CILOW,P8MEAEBAC_CIUPP,P8MEAOPEN,P8MEAOPEN_CILOW,P8MEAOPEN_CIUPP,PTL2BASICS_94,PTL2BASICS_95,TOTEBACCAPS,EBACCAPS,EBACCAPS_FSM6CLA1A,EBACCAPS_NFSM6CLA1A,EBACCAPS_LO,EBACCAPS_MID,EBACCAPS_HI,EBACCAPS_EAL,EBACCAPS_GIRLS,EBACCAPS_BOYS,EBACCAPS_NMOB,TEBACC_E_PTQ_EE,PTEBACC_E_PTQ_EE,PTEBACC_94,PTEBACC_95,TEBACENG_E_PTQ_EE,PTEBACENG_E_PTQ_EE,TEBACMAT_E_PTQ_EE,PTEBACMAT_E_PTQ_EE,TEBAC2SCI_E_PTQ_EE,PTEBAC2SCI_E_PTQ_EE,TEBACHUM_E_PTQ_EE,PTEBACHUM_E_PTQ_EE,TEBACLAN_E_PTQ_EE,PTEBACLAN_E_PTQ_EE,PTEBACENG_94,PTEBACENG_95,PTEBACMAT_94,PTEBACMAT_95,PTEBAC2SCI_94,PTEBAC2SCI_95,PTEBACHUM_94,PTEBACHUM_95,PTEBACLAN_94,PTEBACLAN_95,SCIVAPUP_PTQ_EE,SCIVACOV_PTQ_EE,HUMVAPUP_PTQ_EE,HUMVACOV_PTQ_EE,LANVAPUP_PTQ_EE,LANVACOV_PTQ_EE,SCIVAMEA_PTQ_EE,SCIVALOW_PTQ_EE,SCIVAUPP_PTQ_EE,HUMVAMEA_PTQ_EE,HUMVALOW_PTQ_EE,HUMVAUPP_PTQ_EE,LANVAMEA_PTQ_EE,LANVALOW_PTQ_EE,LANVAUPP_PTQ_EE,TEBACENG_94,TEBACENG_95,TEBACMAT_94,TEBACMAT_95,TEBAC2SCI_94,TEBAC2SCI_95,TEBACHUM_94,TEBACHUM_95,TEBACLAN_94,TEBACLAN_95,TEBACC91,PTEBACC91,TEBACENG91,PTEBACENG91,TEBACMAT91,PTEBACMAT91,TEBAC2SCI91,PTEBAC2SCI91,TEBACHUM91,PTEBACHUM91,TEBACLAN91,PTEBACLAN91,ATT8SCR_FSM6CLA1A,P8PUP_FSM6CLA1A,TP8ADJ_FSM6CLA1A,P8MEA_FSM6CLA1A,P8CILOW_FSM6CLA1A,P8CIUPP_FSM6CLA1A,P8MEA_FSM6CLA1A_ORIG,P8CILOW_FSM6CLA1A_ORIG,P8CIUPP_FSM6CLA1A_ORIG,ATT8SCR_NFSM6CLA1A,P8PUP_NFSM6CLA1A,TP8ADJ_NFSM6CLA1A,P8MEA_NFSM6CLA1A,P8CILOW_NFSM6CLA1A,P8CIUPP_NFSM6CLA1A,P8MEA_NFSM6CLA1A_ORIG,P8CILOW_NFSM6CLA1A_ORIG,P8CIUPP_NFSM6CLA1A_ORIG,ATT8SCRENG_FSM6CLA1A,P8MEAENG_FSM6CLA1A,P8MEAENG_CILOW_FSM6CLA1A,P8MEAENG_CIUPP_FSM6CLA1A,ATT8SCRMAT_FSM6CLA1A,P8MEAMAT_FSM6CLA1A,P8MEAMAT_CILOW_FSM6CLA1A,P8MEAMAT_CIUPP_FSM6CLA1A,ATT8SCREBAC_FSM6CLA1A,P8MEAEBAC_FSM6CLA1A,P8MEAEBAC_CILOW_FSM6CLA1A,P8MEAEBAC_CIUPP_FSM6CLA1A,ATT8SCROPEN_FSM6CLA1A,P8MEAOPEN_FSM6CLA1A,P8MEAOPEN_CILOW_FSM6CLA1A,P8MEAOPEN_CIUPP_FSM6CLA1A,ATT8SCRENG_NFSM6CLA1A,P8MEAENG_NFSM6CLA1A,P8MEAENG_CILOW_NFSM6CLA1A,P8MEAENG_CIUPP_NFSM6CLA1A,ATT8SCRMAT_NFSM6CLA1A,P8MEAMAT_NFSM6CLA1A,P8MEAMAT_CILOW_NFSM6CLA1A,P8MEAMAT_CIUPP_NFSM6CLA1A,ATT8SCREBAC_NFSM6CLA1A,P8MEAEBAC_NFSM6CLA1A,P8MEAEBAC_CILOW_NFSM6CLA1A,P8MEAEBAC_CIUPP_NFSM6CLA1A,ATT8SCROPEN_NFSM6CLA1A,P8MEAOPEN_NFSM6CLA1A,P8MEAOPEN_CILOW_NFSM6CLA1A,P8MEAOPEN_CIUPP_NFSM6CLA1A,ATT8SCROPENG_FSM6CLA1A,ATT8SCROPENNG_FSM6CLA1A,ATT8SCROPENG_NFSM6CLA1A,ATT8SCROPENNG_NFSM6CLA1A,DIFFN_ATT8,DIFFN_P8MEA,ATT8SCR_LO,P8PUP_LO,TP8ADJ_LO,P8MEA_LO,P8CILOW_LO,P8CIUPP_LO,P8MEA_LO_ORIG,P8CILOW_LO_ORIG,P8CIUPP_LO_ORIG,ATT8SCR_MID,P8PUP_MID,TP8ADJ_MID,P8MEA_MID,P8CILOW_MID,P8CIUPP_MID,P8MEA_MID_ORIG,P8CILOW_MID_ORIG,P8CIUPP_MID_ORIG,ATT8SCR_HI,P8PUP_HI,TP8ADJ_HI,P8MEA_HI,P8CILOW_HI,P8CIUPP_HI,P8MEA_HI_ORIG,P8CILOW_HI_ORIG,P8CIUPP_HI_ORIG,ATT8SCR_EAL,ATT8SCRENG_EAL,ATT8SCRMAT_EAL,ATT8SCREBAC_EAL,ATT8SCROPEN_EAL,ATT8SCROPENG_EAL,ATT8SCROPENNG_EAL,P8PUP_EAL,TP8ADJ_EAL,P8MEA_EAL,P8CILOW_EAL,P8CIUPP_EAL,P8MEA_EAL_ORIG,P8CILOW_EAL_ORIG,P8CIUPP_EAL_ORIG,ATT8SCR_GIRLS,ATT8SCRENG_GIRLS,ATT8SCRMAT_GIRLS,ATT8SCREBAC_GIRLS,ATT8SCROPEN_GIRLS,ATT8SCROPENG_GIRLS,ATT8SCROPENNG_GIRLS,P8PUP_GIRLS,TP8ADJ_GIRLS,P8MEA_GIRLS,P8CILOW_GIRLS,P8CIUPP_GIRLS,P8MEA_GIRLS_ORIG,P8CILOW_GIRLS_ORIG,P8CIUPP_GIRLS_ORIG,ATT8SCR_BOYS,ATT8SCRENG_BOYS,ATT8SCRMAT_BOYS,ATT8SCREBAC_BOYS,ATT8SCROPEN_BOYS,ATT8SCROPENG_BOYS,ATT8SCROPENNG_BOYS,P8PUP_BOYS,TP8ADJ_BOYS,P8MEA_BOYS,P8CILOW_BOYS,P8CIUPP_BOYS,P8MEA_BOYS_ORIG,P8CILOW_BOYS_ORIG,P8CIUPP_BOYS_ORIG,ATT8SCR_NMOB,ATT8SCRENG_NMOB,ATT8SCRMAT_NMOB,ATT8SCREBAC_NMOB,ATT8SCROPEN_NMOB,ATT8SCROPENG_NMOB,ATT8SCROPENNG_NMOB,P8PUP_NMOB,TP8ADJ_NMOB,P8MEA_NMOB,P8CILOW_NMOB,P8CIUPP_NMOB,P8MEA_NMOB_ORIG,P8CILOW_NMOB_ORIG,P8CIUPP_NMOB_ORIG,TEBACC_ELO_PTQ_EE,PTEBACC_ELO_PTQ_EE,PTEBACCLO_94,PTEBACCLO_95,TEBACC_EAV_PTQ_EE,PTEBACC_EAV_PTQ_EE,PTEBACCAV_94,PTEBACCAV_95,TEBACC_EHI_PTQ_EE,PTEBACC_EHI_PTQ_EE,PTEBACCHI_94,PTEBACCHI_95,PTEBACC_EFSM6CLA1A_PTQ_EE,PTEBACC_ENFSM6CLA1A_PTQ_EE,PTEBACC_94_FSM6CLA1A,PTEBACC_95_FSM6CLA1A,PTEBACC_94_NFSM6CLA1A,PTEBACC_95_NFSM6CLA1A,SCIVAMEA_LO_PTQ_EE,SCIVAMEA_MID_PTQ_EE,SCIVAMEA_HI_PTQ_EE,SCIVAMEA_FSM6CLA1A_PTQ_EE,SCIVAMEA_NFSM6CLA1A_PTQ_EE,HUMVAMEA_LO_PTQ_EE,HUMVAMEA_MID_PTQ_EE,HUMVAMEA_HI_PTQ_EE,HUMVAMEA_FSM6CLA1A_PTQ_EE,HUMVAMEA_NFSM6CLA1A_PTQ_EE,LANVAMEA_LO_PTQ_EE,LANVAMEA_MID_PTQ_EE,LANVAMEA_HI_PTQ_EE,LANVAMEA_FSM6CLA1A_PTQ_EE,LANVAMEA_NFSM6CLA1A_PTQ_EE,SCIVAUPP_FSM6CLA1A_PTQ_EE,SCIVALOW_FSM6CLA1A_PTQ_EE,SCIVAUPP_NFSM6CLA1A_PTQ_EE,SCIVALOW_NFSM6CLA1A_PTQ_EE,SCIVAUPP_LO_PTQ_EE,SCIVALOW_LO_PTQ_EE,SCIVAUPP_MID_PTQ_EE,SCIVALOW_MID_PTQ_EE,SCIVAUPP_HI_PTQ_EE,SCIVALOW_HI_PTQ_EE,HUMVAUPP_FSM6CLA1A_PTQ_EE,HUMVALOW_FSM6CLA1A_PTQ_EE,HUMVAUPP_NFSM6CLA1A_PTQ_EE,HUMVALOW_NFSM6CLA1A_PTQ_EE,HUMVAUPP_LO_PTQ_EE,HUMVALOW_LO_PTQ_EE,HUMVAUPP_MID_PTQ_EE,HUMVALOW_MID_PTQ_EE,HUMVAUPP_HI_PTQ_EE,HUMVALOW_HI_PTQ_EE,LANVAUPP_FSM6CLA1A_PTQ_EE,LANVALOW_FSM6CLA1A_PTQ_EE,LANVAUPP_NFSM6CLA1A_PTQ_EE,LANVALOW_NFSM6CLA1A_PTQ_EE,LANVAUPP_LO_PTQ_EE,LANVALOW_LO_PTQ_EE,LANVAUPP_MID_PTQ_EE,LANVALOW_MID_PTQ_EE,LANVAUPP_HI_PTQ_EE,LANVALOW_HI_PTQ_EE,PBEBACC_E_PTQ_EE,PBEBACC_94,PBEBACC_95,PGEBACC_E_PTQ_EE,PGEBACC_94,PGEBACC_95,PTEBACC_ENMOB_PTQ_EE,PTEBACCNMOB_94,PTEBACCNMOB_95,PTEBACC_EEAL_PTQ_EE,PTEBACCEAL_94,PTEBACCEAL_95,PT5EM_94,PTANYQ_PTQ_EE,PTFSM6CLA1ABASICS_94,PTNOTFSM6CLA1ABASICS_94,TBASICSLO_94,PTBASICSLO_94,TBASICSAV_94,PTBASICSAV_94,TBASICSHI_94,PTBASICSHI_94,PBL2BASICS_94,PGL2BASICS_94,PTL2BASICSEAL_94,PTL2BASICSNMOB_94,PTFSM6CLA1ABASICS_95,PTNOTFSM6CLA1ABASICS_95,TBASICSLO_95,PTBASICSLO_95,TBASICSAV_95,PTBASICSAV_95,TBASICSHI_95,PTBASICSHI_95,PBL2BASICS_95,PGL2BASICS_95,PTL2BASICSEAL_95,PTL2BASICSNMOB_95,PTmultiLan_E,PTtripleSci_E,TAVENT_E_3NG_PTQ_EE,TAVENT_E_3NG_LO_PTQ_EE,TAVENT_E_3NG_MID_PTQ_EE,TAVENT_E_3NG_HI_PTQ_EE,TAVENT_E_3NG_FSM6CLA1A_PTQ_EE,TAVENT_E_3NG_NFSM6CLA1A_PTQ_EE,TAVENT_G_PTQ_EE,TAVENT_GLO_PTQ_EE,TAVENT_GAV_PTQ_EE,TAVENT_GHI_PTQ_EE,TAVENT_GFSM6CLA1A_PTQ_EE,TAVENT_GNFSM6CLA1A_PTQ_EE,TTOTENT_E_TOTAL_PTQ_EE,TTOTENT_E_COVID_IMPACTED_PTQ_EE,PTOTENT_E_COVID_IMPACTED_PTQ_EE,P8_BANDING
1,919,6000,117600,Abbot's Hill School,,Bunkers Lane,,,Hemel Hempstead,HP3 8RP,01442240333,E14001278,Hemel Hempstead,0,0,IND,None,,NA,GIRLS,0,0-16,474,22,452,106,NA,0.00%,106,100.00%,NP,NP,NP,NP,NP,NP,NP,NP,NP,NP,NP,NP,NP,NP,NP,NP,NP,NP,NP,NA,NA,NA,NA,NA,NA,3612,34.1,750,7.1,654,6.2,1086,10.2,1122,10.6,1122,10.6,0,0,1.7,1.7,NP,NP,NP,NP,NP,NP,NP,NP,NP,NP,NP,NP,NP,NP,NP,NP,NP,NP,NP,NP,NP,50.00%,37.70%,326.64,3.08,NP,NP,NP,NP,NP,NP,3.08,NE,NP,34,32.10%,26.40%,19.80%,61,57.50%,61,57.50%,60,56.60%,43,40.60%,46,43.40%,54.70%,50.90%,50.00%,38.70%,91.70%,71.70%,90.70%,86.00%,82.60%,65.20%,NP,NP,NP,NP,NP,NP,NP,NP,NP,NP,NP,NP,NP,NP,NP,58,54,53,41,55,43,39,37,38,30,33,31.10%,61,57.50%,61,57.50%,59,98.30%,43,100.00%,46,100.00%,NP,NP,NP,NP,NP,NP,NP,NP,NP,NP,NP,NP,NP,NP,NP,NP,NP,NP,NP,NP,NP,NP,NP,NP,NP,NP,NP,NP,NP,NP,NP,NP,NP,NP,NP,NP,NP,NP,NP,NP,NP,NP,NP,NP,NP,NP,NP,NP,NP,NP,NP,NP,NP,NP,NP,NP,NP,NP,NP,NP,NP,NP,NP,NP,NP,NP,NP,NP,NP,NP,NP,NP,NP,NP,NP,NP,NP,NP,NP,NP,NP,NP,NP,NP,NP,NP,NP,NP,NP,NP,NP,NP,NP,NP,NP,NP,NP,NP,34.1,11.9,10.4,17.2,17.8,17.8,0,NP,NP,NP,NP,NP,NP,NP,NP,NE,NE,NE,NE,NE,NE,NE,NP,NP,NP,NP,NP,NP,NP,NP,NP,NP,NP,NP,NP,NP,NP,NP,NP,NP,NP,NP,NP,NP,NP,NP,NP,NP,NP,NP,NP,NP,NP,NP,NP,NP,NP,NP,NP,NP,NP,NP,NP,NP,NP,NP,NP,NP,NP,NP,NP,NP,NP,NP,NP,NP,NP,NP,NP,NP,NP,NP,NP,NP,NP,NP,NP,NP,NP,NP,NP,NP,NP,NP,NP,NP,NP,NP,NP,NP,NP,NP,NP,NP,NP,NP,NP,NP,NE,NE,NE,32.10%,26.40%,19.80%,NP,NP,NP,NP,NP,NP,48.10%,57.50%,NP,NP,NP,NP,NP,NP,NP,NP,NE,50.00%,NP,NP,NP,NP,NP,NP,NP,NP,NP,NP,NE,37.70%,NP,NP,5.70%,16.00%,4.6,NP,NP,NP,NP,NP,4.6,NP,NP,NP,NP,NP,491,0,0%
1,919,4032,145430,The Adeyfield Academy,,Longlands,,,Hemel Hempstead,HP2 4DE,01442406020,E14001278,Hemel Hempstead,0,0,AC,Does not apply,NSE,OTHER NON SEL,MIXED,0,11-18,762,401,361,100,56,56.00%,44,44.00%,100.8,38,39.60%,49,51.00%,9,9.40%,40,40.00%,60,60.00%,11,11.00%,89,89.00%,0,0.00%,96,96.00%,4,4.00%,30,30.00%,26,26.00%,2921.5,29.2,655,6.6,616,6.2,832.5,8.3,818,8.2,591.5,5.9,226.5,2.3,2.5,2.5,96,1,96%,-0.97,-1.25,-0.68,-0.98,-1.26,-0.69,-1.03,-1.35,-0.7,-0.69,-0.98,-0.39,-0.93,-1.26,-0.6,-1.18,-1.5,-0.86,32.00%,17.00%,257.49,2.57,1.81,3.09,1.35,3.35,4.07,3.21,3.08,2.18,2.54,31,31.00%,10.00%,4.00%,95,95.00%,96,96.00%,92,92.00%,80,80.00%,38,38.00%,43.00%,27.00%,36.00%,22.00%,33.70%,18.50%,32.50%,20.00%,34.20%,23.70%,88,96%,77,96%,37,97%,-0.82,-1.12,-0.51,-0.89,-1.29,-0.49,-1.51,-2.14,-0.88,43,27,36,22,31,17,26,16,13,9,25,25.00%,90,90.00%,87,87.00%,86,93.50%,70,87.50%,33,86.80%,21.4,39,0,-1.37,-1.82,-0.93,-1.37,-1.83,-0.92,34.4,57,1,-0.69,-1.06,-0.32,-0.7,-1.08,-0.33,5.4,-1.26,-1.76,-0.75,4.3,-1.23,-1.69,-0.76,5.8,-1.37,-1.88,-0.85,6,-1.56,-2.07,-1.05,7.3,-0.87,-1.29,-0.45,7.4,-0.32,-0.7,0.07,10,-0.63,-1.06,-0.21,9.6,-0.92,-1.34,-0.5,4,2,7.2,2.4,-28.6,-1.53,16.8,38,0,-0.98,-1.43,-0.53,-0.98,-1.44,-0.52,36.8,49,0,-0.78,-1.18,-0.39,-0.78,-1.19,-0.38,45.7,9,1,-1.94,-2.86,-1.01,-2.03,-2.97,-1.09,34.2,7.3,7.3,10.5,9.2,7.9,1.3,10,0,-0.83,-1.71,0.05,-0.83,-1.72,0.07,34.2,7.7,6.6,10,9.8,7.4,2.4,42,0,-0.57,-0.99,-0.14,-0.57,-1,-0.13,25.3,5.6,5.8,7,6.9,4.8,2.1,54,1,-1.28,-1.66,-0.9,-1.3,-1.68,-0.91,28.9,6.5,6.1,8.2,8.1,5.8,2.4,92,1,-0.97,-1.26,-0.68,-0.98,-1.28,-0.69,2,5.30%,0.00%,0.00%,24,49.00%,18.40%,6.10%,4,44.40%,11.10%,11.10%,12.50%,43.30%,2.50%,0.00%,15.00%,6.70%,-0.88,-0.52,-2.13,-1.34,-0.47,-0.8,-0.75,-1.94,-1.42,-0.62,SUPP,-1.09,SUPP,-1.51,-1.51,-0.86,-1.83,-0.08,-0.86,-0.38,-1.38,-0.1,-0.94,-1.18,-3.08,-0.73,-2.1,-0.13,-1.11,-0.12,-1.48,-0.22,-1.28,-0.71,-3.17,-0.29,-2.72,-0.77,-2.25,SUPP,SUPP,-0.37,-1.82,SUPP,SUPP,17.90%,5.40%,3.60%,47.70%,15.90%,4.50%,31.30%,9.40%,3.10%,72.70%,18.20%,9.10%,27.00%,95.00%,20.00%,40.00%,1,2.60%,26,53.10%,5,55.60%,25.00%,40.90%,45.50%,31.30%,7.50%,23.30%,0,0.00%,12,24.50%,5,55.60%,14.30%,20.50%,45.50%,15.60%,0.00%,9.00%,7.4,6.7,7.7,8.1,7,7.7,6.2,5.4,6.8,6.6,5.8,6.5,759,0,0%,Well below average
1,919,6003,117602,The Aldenham Foundation,,Elstree,,,Elstree,WD6 3AJ,01923858122,E14001284,Hertsmere,0,0,IND,Church of England,,NA,MIXED,0,3-19,839,569,270,119,89,74.80%,30,25.20%,NP,NP,NP,NP,NP,NP,NP,NP,NP,NP,NP,NP,NP,NP,NP,NP,NP,NP,NP,NA,NA,NA,NA,NA,NA,5008.5,42.1,0,0,1438,12.1,2073,17.4,1497.5,12.6,1472,12.4,25.5,0.2,2.7,1.9,NP,NP,NP,NP,NP,NP,NP,NP,NP,NP,NP,NP,NP,NP,NP,NP,NP,NP,NP,NP,NP,0.00%,0.00%,451.62,3.8,NP,NP,NP,NP,NP,NP,3.18,4,NP,0,0.00%,0.00%,0.00%,0,0.00%,117,98.30%,116,97.50%,0,0.00%,77,64.70%,0.00%,0.00%,95.80%,84.90%,95.70%,81.90%,NE,NE,96.10%,92.20%,NP,NP,NP,NP,NP,NP,NP,NP,NP,NP,NP,NP,NP,NP,NP,0,0,114,101,111,95,NE,NE,74,71,0,0.00%,0,0.00%,117,98.30%,115,99.10%,NE,NE,76,98.70%,NP,NP,NP,NP,NP,NP,NP,NP,NP,NP,NP,NP,NP,NP,NP,NP,NP,NP,NP,NP,NP,NP,NP,NP,NP,NP,NP,NP,NP,NP,NP,NP,NP,NP,NP,NP,NP,NP,NP,NP,NP,NP,NP,NP,NP,NP,NP,NP,NP,NP,NP,NP,NP,NP,NP,NP,NP,NP,NP,NP,NP,NP,NP,NP,NP,NP,NP,NP,NP,NP,NP,NP,NP,NP,NP,NP,NP,NP,NP,NP,NP,NP,NP,NP,NP,NP,NP,NP,NP,NP,NP,NP,NP,NP,NP,NP,NP,NP,39.6,0,10.6,14.2,14.8,14.2,0.6,NP,NP,NP,NP,NP,NP,NP,NP,42.9,0,12.6,18.5,11.8,11.7,0.1,NP,NP,NP,NP,NP,NP,NP,NP,NP,NP,NP,NP,NP,NP,NP,NP,NP,NP,NP,NP,NP,NP,NP,NP,NP,NP,NP,NP,NP,NP,NP,NP,NP,NP,NP,NP,NP,NP,NP,NP,NP,NP,NP,NP,NP,NP,NP,NP,NP,NP,NP,NP,NP,NP,NP,NP,NP,NP,NP,NP,NP,NP,NP,NP,NP,NP,NP,NP,NP,NP,NP,NP,NP,NP,NP,NP,NP,NP,NP,NP,NP,NP,NP,NP,NP,NP,0.00%,0.00%,0.00%,0.00%,0.00%,0.00%,NP,NP,NP,NP,NP,NP,0.00%,100.00%,NP,NP,NP,NP,NP,NP,NP,NP,0.00%,0.00%,NP,NP,NP,NP,NP,NP,NP,NP,NP,NP,0.00%,0.00%,NP,NP,4.20%,35.30%,5,NP,NP,NP,NP,NP,4.9,NP,NP,NP,NP,NP,594,0,0%
2,919,7028,117684,Amwell View School,,Station Road,Stanstead Abbotts,,Ware,SG12 8EH,01920870027,E14001139,Broxbourne,0,0,CYS,Does not apply,NA,NA,MIXED,0,2-19,170,112,58,9,7,77.80%,2,22.20%,65.6,9,100.00%,0,0.00%,0,0.00%,3,33.30%,6,66.70%,3,33.30%,6,66.70%,0,0.00%,9,100.00%,,,,,,,NE,NE,NE,NE,NE,NE,NE,NE,NE,NE,NE,NE,NE,NE,NE,NE,NE,NE,NE,NE,NE,NE,NE,NE,NE,NE,NE,NE,NE,NE,NE,NE,NE,NE,NE,NE,NE,NE,NE,NE,NE,SUPP,SUPP,NE,NE,NE,SUPP,SUPP,SUPP,NE,NE,NE,NE,NE,NE,NE,NE,NE,NE,NE,NE,NE,NE,NE,NE,NE,NE,NE,NE,NE,NE,NE,NE,NE,NE,NE,NE,NE,NE,NE,NE,NE,NE,NE,NE,NE,NE,NE,NE,NE,NE,NE,NE,NE,NE,NE,NE,NE,NE,NE,NE,NE,NE,NE,NE,NE,NE,NE,NE,NE,NE,SUPP,SUPP,SUPP,SUPP,SUPP,SUPP,SUPP,SUPP,SUPP,SUPP,SUPP,SUPP,SUPP,SUPP,SUPP,SUPP,SUPP,SUPP,SUPP,SUPP,SUPP,SUPP,SUPP,SUPP,SUPP,SUPP,SUPP,SUPP,SUPP,SUPP,SUPP,SUPP,SUPP,SUPP,SUPP,SUPP,SUPP,SUPP,SUPP,SUPP,SUPP,SUPP,SUPP,SUPP,SUPP,SUPP,SUPP,SUPP,SUPP,SUPP,SUPP,SUPP,SUPP,SUPP,SUPP,SUPP,NE,NE,NE,NE,NE,NE,NE,NE,NE,NE,NE,NE,NE,NE,NE,NE,NE,NE,NE,NE,NE,NE,NE,NE,NE,NE,NE,SUPP,SUPP,SUPP,SUPP,SUPP,SUPP,SUPP,SUPP,SUPP,SUPP,SUPP,SUPP,SUPP,SUPP,SUPP,SUPP,SUPP,SUPP,SUPP,SUPP,SUPP,SUPP,SUPP,SUPP,SUPP,SUPP,SUPP,SUPP,SUPP,SUPP,SUPP,SUPP,SUPP,SUPP,SUPP,SUPP,SUPP,SUPP,SUPP,SUPP,SUPP,SUPP,SUPP,SUPP,SUPP,NE,NE,NE,NE,NE,NE,NE,NE,NE,NE,NE,NE,NE,NE,NE,NE,NE,NE,NE,NE,NE,NE,NE,NE,NE,NE,NE,SUPP,SUPP,SUPP,SUPP,SUPP,SUPP,NE,NE,NE,SUPP,SUPP,NE,NE,NE,SUPP,SUPP,NE,NE,NE,SUPP,SUPP,SUPP,SUPP,SUPP,SUPP,NE,NE,NE,NE,NE,NE,SUPP,SUPP,SUPP,SUPP,NE,NE,NE,NE,NE,NE,SUPP,SUPP,SUPP,SUPP,NE,NE,NE,NE,NE,NE,SUPP,SUPP,SUPP,SUPP,SUPP,SUPP,NE,NE,NE,SUPP,SUPP,SUPP,NE,NE,SUPP,SUPP,NE,NE,NE,NE,NE,NE,SUPP,SUPP,SUPP,NE,SUPP,SUPP,NE,NE,NE,NE,NE,NE,SUPP,SUPP,SUPP,NE,NE,NE,NE,NE,NE,NE,SUPP,SUPP,NE,NE,NE,NE,SUPP,SUPP,NE,NE,NE
1,919,5406,117578,Ashlyns School,,Chesham Road,,,Berkhamsted,HP4 3AH,01442863605,E14001268,Harpenden and Berkhamsted,0,0,FD,None,NSE,OTHER NON SEL,MIXED,0,11-18,1546,773,773,242,133,55.00%,109,45.00%,106.2,39,17.10%,111,48.70%,78,34.20%,36,14.90%,206,85.10%,13,5.40%,229,94.60%,0,0.00%,241,99.60%,8,3.30%,49,20.20%,41,16.90%,13018.8,53.8,2745,11.3,2564,10.6,3823,15.8,3886.8,16.1,3713,15.3,173.8,0.7,2.9,2.9,228,1,94%,0.36,0.18,0.54,0.36,0.17,0.55,0.35,0.14,0.56,0.3,0.1,0.49,0.34,0.13,0.55,0.43,0.22,0.64,78.90%,61.60%,1132.13,4.68,3.12,4.95,2.33,4.35,6.31,4.19,5.07,4.36,4.68,66,27.30%,23.60%,17.80%,231,95.50%,241,99.60%,235,97.10%,207,85.50%,81,33.50%,86.40%,74.40%,81.40%,66.90%,75.30%,59.60%,76.30%,63.80%,86.40%,74.10%,222,94%,195,94%,75,93%,0.31,0.11,0.5,0.53,0.28,0.78,0.62,0.18,1.07,209,180,197,162,177,140,158,132,70,60,65,26.90%,230,95.00%,240,99.20%,234,99.60%,203,98.10%,80,98.80%,38.1,30,0,-0.27,-0.78,0.23,-0.27,-0.79,0.24,56.5,198,1,0.46,0.26,0.65,0.46,0.25,0.66,8.5,-0.12,-0.7,0.45,7.5,-0.3,-0.83,0.24,10.7,-0.35,-0.94,0.23,11.4,-0.28,-0.86,0.3,11.8,0.42,0.19,0.64,11.1,0.38,0.18,0.59,16.7,0.44,0.21,0.67,16.9,0.54,0.31,0.76,10.3,1.1,16.2,0.6,-11.9,-0.43,29.3,39,0,0.09,-0.36,0.53,0.09,-0.37,0.54,51.3,111,1,0.46,0.2,0.73,0.46,0.19,0.73,69.9,78,0,0.35,0.03,0.66,0.35,0.03,0.67,48.8,9.9,9.5,14.8,14.5,14.5,0,8,1,0.06,-0.92,1.04,0.05,-0.95,1.05,58.1,12.5,10.7,16.8,18.1,17.2,0.9,103,1,0.71,0.43,0.98,0.71,0.43,0.99,50.3,10.4,10.5,15,14.4,13.8,0.5,125,0,0.07,-0.18,0.32,0.07,-0.18,0.33,53.8,11.3,10.6,15.8,16.1,15.4,0.7,227,1,0.36,0.18,0.55,0.36,0.17,0.55,3,7.70%,2.60%,0.00%,25,22.50%,18.00%,9.90%,33,42.30%,41.00%,37.20%,2.80%,31.60%,2.80%,0.00%,27.20%,20.90%,0.25,0.23,0.43,-0.13,0.37,0,0.76,0.42,-0.7,0.7,SUPP,0.37,0.87,SUPP,0.65,0.41,-0.67,0.57,0.16,0.73,-0.23,0.51,-0.04,0.75,0.1,0.03,-1.43,0.96,0.43,0.65,-0.64,1.11,0.41,0.85,0,SUPP,SUPP,1.1,0.19,SUPP,SUPP,1.09,-0.36,1.46,0.28,19.50%,15.80%,9.80%,36.70%,33.00%,27.50%,27.40%,23.70%,17.80%,15.40%,7.70%,0.00%,74.40%,99.20%,41.70%,85.40%,9,23.10%,96,86.50%,76,97.40%,74.40%,84.40%,69.20%,78.80%,22.20%,68.40%,2,5.10%,67,60.40%,72,92.30%,54.90%,69.70%,46.20%,61.40%,0.40%,33.50%,8.9,7.6,9,9.6,8,9.1,8.7,7.1,8.8,9.5,7.7,8.9,2166,0,0%,Above average
1,919,4499,117552,The Astley Cooper School,,St Agnell's Lane,,,Hemel Hempstead,HP2 7HL,01442394141,E14001278,Hemel Hempstead,0,0,CY,Does not apply,NSE,OTHER NON SEL,MIXED,0,11-18,965,494,471,168,88,52.40%,80,47.60%,102.6,54,33.30%,83,51.20%,25,15.40%,54,32.10%,114,67.90%,26,15.50%,141,83.90%,1,0.60%,158,94.00%,4,2.40%,42,25.00%,38,22.60%,6243.8,37.2,1447,8.6,1290,7.7,1724.5,10.3,1782.3,10.6,1299,7.7,483.3,2.9,2.7,2.6,162,3,96%,-0.6,-0.82,-0.38,-0.63,-0.85,-0.41,-0.41,-0.65,-0.16,-0.44,-0.67,-0.21,-0.77,-1.02,-0.51,-0.76,-1.01,-0.51,48.80%,33.30%,528.36,3.15,2.21,3.59,1.85,3.43,4.78,4.53,3.12,3.17,3.19,30,17.90%,9.50%,7.70%,158,94.00%,165,98.20%,160,95.20%,150,89.30%,30,17.90%,57.70%,45.20%,55.40%,38.70%,41.30%,25.00%,40.70%,30.00%,73.30%,60.00%,154,96%,144,96%,28,93%,-0.72,-0.95,-0.49,-0.78,-1.07,-0.49,-0.32,-1.04,0.41,97,76,93,65,66,40,61,45,22,18,27,16.10%,156,92.90%,161,95.80%,155,96.90%,142,94.70%,29,96.70%,26.8,53,3,-1.05,-1.43,-0.66,-1.13,-1.52,-0.74,42.1,109,0,-0.38,-0.65,-0.12,-0.38,-0.65,-0.11,6.5,-0.99,-1.42,-0.55,5.6,-0.89,-1.29,-0.49,7.1,-1.25,-1.69,-0.81,7.6,-1.27,-1.71,-0.84,9.6,-0.12,-0.43,0.18,8.7,-0.22,-0.5,0.06,11.8,-0.53,-0.84,-0.22,12,-0.51,-0.82,-0.21,5,2.6,9,3,-23.2,-1.21,23.2,54,0,-0.46,-0.84,-0.08,-0.46,-0.84,-0.07,40.8,83,1,-0.56,-0.87,-0.26,-0.57,-0.88,-0.26,53.5,25,2,-1.03,-1.59,-0.48,-1.18,-1.74,-0.61,51.3,11,10.5,15,14.8,11.7,3.2,22,0,0.73,0.14,1.32,0.73,0.13,1.33,37.4,8.9,7.3,9.9,11.3,8,3.3,77,2,-0.73,-1.05,-0.42,-0.78,-1.1,-0.46,37,8.4,8,10.6,9.9,7.5,2.5,85,1,-0.48,-0.78,-0.18,-0.49,-0.79,-0.18,37.8,8.8,7.8,10.4,10.9,7.8,3,154,2,-0.53,-0.76,-0.31,-0.54,-0.77,-0.31,4,7.40%,1.90%,1.90%,14,16.90%,6.00%,3.60%,10,40.00%,32.00%,28.00%,11.10%,21.10%,1.90%,1.90%,13.20%,10.50%,-0.56,-0.66,-1.26,-0.91,-0.64,-0.51,-0.78,-1.3,-1.12,-0.64,SUPP,-0.07,-0.31,-0.15,-0.37,-0.5,-1.33,-0.36,-0.91,-0.16,-0.97,-0.34,-0.98,-0.67,-1.84,-0.57,-1.67,-0.3,-0.99,0.01,-1.02,-0.38,-1.18,-0.57,-2.03,1.42,-1.71,0.45,-1.18,SUPP,SUPP,0.96,-1.09,0.91,-1.52,13.60%,5.70%,4.50%,22.50%,13.80%,11.30%,17.10%,8.90%,7.60%,46.20%,30.80%,23.10%,41.70%,97.60%,25.90%,59.60%,6,11.10%,50,60.20%,22,88.00%,45.50%,52.50%,84.60%,50.00%,18.50%,40.40%,3,5.60%,33,39.80%,17,68.00%,36.40%,30.00%,50.00%,34.80%,0.00%,20.80%,7.5,7.1,7.7,7.9,6.8,7.9,6.5,6,6.5,7.1,5.8,6.8,1270,0,0%,Well below average
1,919,4037,149078,Avanti Grange Secondary School,,Newland Avenue,,,Bishops Stortford,CM23 2BD,01279211721,E14001283,Hertford and Stortford,0,0,F,None,NSE,OTHER NON SEL,MIXED,0,11-18,297,134,163
1,919,4026,144623,Barclay Academy,,Walkern Road,,,Stevenage,SG1 3RB,01438748459,E14001516,Stevenage,0,0,AC,Does not apply,NSE,OTHER NON SEL,MIXED,0,11-18,916,456,460,123,58,47.20%,65,52.80%,104.1,29,25.70%,57,50.40%,27,23.90%,27,22.00%,96,78.00%,15,12.20%,108,87.80%,0,0.00%,121,98.40%,1,0.80%,25,20.30%,24,19.50%,5955,48.4,1309,10.6,1182,9.6,1764.5,14.3,1699.5,13.8,1685,13.7,14.5,0.1,2.9,2.9,113,0,92%,0.17,-0.09,0.43,0.17,-0.09,0.44,0.29,-0.01,0.59,0.19,-0.09,0.46,0.24,-0.07,0.54,0.02,-0.28,0.32,76.40%,53.70%,561.07,4.56,3.67,4.81,2.48,4.87,6.03,4.33,4.69,4.42,4.56,92,74.80%,48.80%,30.90%,120,97.60%,123,100.00%,119,96.70%,115,93.50%,92,74.80%,82.10%,67.50%,80.50%,59.30%,79.80%,49.60%,73.00%,54.80%,66.30%,50.00%,109,92%,106,92%,85,92%,0.19,-0.09,0.46,0.31,-0.03,0.65,-0.32,-0.73,0.1,101,83,99,73,95,59,84,63,61,46,90,73.20%,120,97.60%,121,98.40%,118,99.20%,115,100.00%,90,97.80%,39.7,27,0,-0.08,-0.61,0.45,-0.08,-0.62,0.46,50.9,86,0,0.25,-0.05,0.55,0.25,-0.05,0.56,8.9,-0.03,-0.64,0.58,7.8,-0.07,-0.63,0.49,11.6,0.01,-0.61,0.63,11.4,-0.21,-0.82,0.4,11.1,0.39,0.05,0.73,10.1,0.27,-0.05,0.58,15.1,0.31,-0.04,0.65,14.5,0.09,-0.25,0.43,11.2,0.3,14.4,0.1,-10.3,-0.24,28.6,29,0,0.15,-0.37,0.66,0.15,-0.38,0.67,51,57,0,0.42,0.06,0.79,0.42,0.05,0.8,62.3,27,0,-0.33,-0.87,0.2,-0.33,-0.87,0.21,47.6,10,9.5,14.2,14,14,0,10,0,0.99,0.11,1.86,0.99,0.09,1.88,50,11.1,9.5,14.8,14.7,14.7,0,61,0,0.27,-0.08,0.63,0.27,-0.09,0.64,46.6,10.2,9.7,13.9,12.9,12.6,0.3,52,0,0.05,-0.33,0.44,0.05,-0.34,0.44,48.3,10.6,9.6,14.3,13.8,13.7,0.1,113,0,0.17,-0.09,0.43,0.17,-0.09,0.44,13,44.80%,10.30%,0.00%,47,82.50%,56.10%,36.80%,25,92.60%,77.80%,55.60%,66.70%,77.10%,25.90%,11.10%,55.20%,36.50%,0.35,0.48,-0.57,-0.04,0.26,0.39,0.57,-0.3,0.13,0.36,-0.65,-0.04,-0.65,-0.84,-0.17,0.52,-0.6,0.57,-0.05,0.9,-0.21,0.86,0.1,-0.02,-1.12,0.84,-0.58,0.75,-0.02,1.12,-0.34,1.04,0.11,0.37,-0.97,0.07,-1.74,0.29,-0.64,0.41,-1.72,0.52,-0.6,0.12,-1.42,79.30%,44.80%,25.90%,70.80%,52.30%,35.40%,76.00%,49.60%,31.40%,80.00%,40.00%,13.30%,72.40%,100.00%,63.00%,80.20%,7,24.10%,52,91.20%,27,100.00%,70.70%,81.50%,73.30%,76.00%,29.60%,60.40%,3,10.30%,32,56.10%,26,96.30%,53.40%,53.80%,46.70%,53.70%,4.10%,22.00%,7.8,7,8,8,7.6,7.8,7.7,6.9,8,8,7.5,7.8,956,0,0%,Average
1,919,4066,117518,Barnwell School,,Barnwell,,,Stevenage,SG2 9SW,01438222500,E14001516,Stevenage,0,0,FD,Does not apply,NSE,OTHER NON SEL,MIXED,0,11-18,1323,653,670,217,118,54.40%,99,45.60%,102.9,49,25.30%,124,63.90%,21,10.80%,63,29.00%,154,71.00%,29,13.40%,186,85.70%,2,0.90%,191,88.00%,7,3.20%,43,19.80%,36,16.60%,8587.8,39.6,1925,8.9,1750,8.1,2414,11.1,2498.8,11.5,1739.5,8,759.3,3.5,2.6,2.6,194,2,89%,-0.32,-0.52,-0.12,-0.32,-0.53,-0.12,-0.22,-0.44,0.01,-0.2,-0.41,0.01,-0.44,-0.67,-0.21,-0.36,-0.59,-0.13,57.60%,33.20%,707.84,3.26,2.68,3.5,1.97,3.46,4.9,3.85,3.49,3.07,3.24,17,7.80%,5.50%,2.80%,195,89.90%,207,95.40%,197,90.80%,157,72.40%,29,13.40%,71.40%,51.60%,61.80%,40.10%,56.90%,34.00%,50.30%,35.00%,69.00%,55.20%,177,90%,143,91%,26,90%,-0.11,-0.33,0.1,-0.4,-0.69,-0.11,-0.03,-0.78,0.73,155,112,134,87,112,67,79,55,20,16,17,7.80%,194,89.40%,206,94.90%,195,99.00%,153,97.50%,29,100.00%,31.8,55,1,-0.87,-1.25,-0.5,-0.88,-1.26,-0.5,42.8,139,1,-0.1,-0.34,0.13,-0.1,-0.34,0.14,7.4,-0.74,-1.17,-0.32,7,-0.56,-0.96,-0.17,9,-0.94,-1.37,-0.51,8.4,-1.13,-1.56,-0.7,9.5,-0.01,-0.28,0.26,8.5,-0.05,-0.3,0.19,12,-0.25,-0.52,0.03,12.8,-0.06,-0.32,0.21,6.1,2.3,8.8,4,-18.2,-1.03,24.8,49,0,-0.41,-0.8,-0.01,-0.41,-0.81,0,42.3,124,2,-0.28,-0.52,-0.03,-0.28,-0.53,-0.03,57.4,21,0,-0.39,-0.99,0.22,-0.39,-1,0.23,45.4,9.8,9.2,13.7,12.7,10.3,2.4,15,0,0.58,-0.13,1.3,0.58,-0.14,1.31,43,9.8,8.1,11.9,13.2,9.7,3.5,88,1,-0.06,-0.36,0.23,-0.07,-0.37,0.23,36.7,8.1,8.1,10.5,10.1,6.6,3.5,106,1,-0.53,-0.8,-0.26,-0.54,-0.81,-0.26,39.5,8.9,8,10.9,11.7,7.8,3.8,184,2,-0.29,-0.5,-0.09,-0.3,-0.5,-0.09,2,4.10%,2.00%,0.00%,9,7.30%,4.80%,3.20%,4,19.00%,14.30%,9.50%,4.80%,9.10%,4.80%,3.20%,5.80%,2.60%,0.08,-0.1,-0.56,-0.41,-0.01,-0.57,-0.26,-0.84,-0.7,-0.31,SUPP,0.35,-1.04,-0.09,0,0.01,-0.83,0.24,-0.26,0.53,-0.37,0.17,-0.36,0.06,-1.18,-0.1,-1.3,0.02,-0.64,0.06,-1.21,0.1,-0.62,-0.05,-1.64,1.36,-1.54,0.88,-0.88,SUPP,SUPP,1.26,-0.55,0.53,-2.61,9.30%,6.80%,2.50%,6.10%,4.00%,3.00%,7.30%,4.70%,2.60%,13.80%,10.30%,3.40%,47.50%,95.90%,41.30%,64.30%,10,20.40%,83,66.90%,19,90.50%,55.90%,59.60%,65.50%,58.10%,20.60%,38.30%,2,4.10%,44,35.50%,17,81.00%,32.20%,34.30%,48.30%,32.50%,0.50%,14.70%,7.2,6.3,7.6,8.2,6.3,7.6,6.4,5.3,6.6,7.5,5.6,6.7,1586,0,0%,Below average
2,919,7016,117674,Batchwood School,,Townsend Drive,,,St Albans,AL3 5RP,01727868021,E14001507,St Albans,0,0,CYS,Does not apply,NA,NA,MIXED,0,11-16,107,61,46,20,12,60.00%,8,40.00%,93.3,11,61.10%,7,38.90%,0,0.00%,11,55.00%,9,45.00%,0,0.00%,20,100.00%,0,0.00%,17,85.00%,,,,,,,174.3,8.7,40,2,54,2.7,47,2.4,33.3,1.7,26,1.3,7.3,0.4,0.7,0.5,18,0,90%,-2.09,-2.74,-1.43,-2.09,-2.75,-1.42,-2.42,-3.17,-1.68,-1.38,-2.06,-0.69,-1.95,-2.7,-1.19,-2.47,-3.22,-1.73,5.00%,5.00%,10.51,0.53,0.74,0.26,0.45,0.76,NE,NE,0.5,0.54,0.6,0,0.00%,0.00%,0.00%,0,0.00%,13,65.00%,5,25.00%,0,0.00%,0,0.00%,0.00%,0.00%,10.00%,5.00%,SUPP,SUPP,NE,NE,NE,NE,5,SUPP,,NE,,NE,SUPP,SUPP,SUPP,NE,NE,NE,NE,NE,NE,0,0,2,1,SUPP,SUPP,NE,NE,NE,NE,0,0.00%,0,0.00%,12,60.00%,SUPP,SUPP,NE,NE,NE,NE,10.9,9,0,-1.48,-2.41,-0.56,-1.48,-2.42,-0.54,6,9,0,-2.69,-3.62,-1.77,-2.69,-3.63,-1.75,2.2,-2.01,-3.06,-0.96,3.3,-0.64,-1.61,0.34,3.8,-1,-2.07,0.07,1.7,-2.17,-3.23,-1.11,1.8,-2.84,-3.89,-1.78,2,-2.12,-3.09,-1.14,0.6,-2.89,-3.96,-1.82,1.7,-2.78,-3.83,-1.72,1.5,0.1,1,0.7,-39.1,-1.64,8.2,11,0,-1.36,-2.2,-0.52,-1.36,-2.21,-0.51,11.3,7,0,-3.23,-4.28,-2.18,-3.23,-4.3,-2.16,NE,NE,NE,NE,NE,NE,NE,NE,NE,NE,NE,NE,NE,NE,NE,NE,NE,NE,NE,NE,NE,NE,NE,NE,7.5,1.4,2.3,2.4,1.5,1.5,0,8,0,-2.19,-3.17,-1.21,-2.19,-3.19,-1.19,9.5,2.4,3,2.3,1.8,1.2,0.6,10,0,-2,-2.88,-1.12,-2,-2.9,-1.11,9.8,2.2,2.9,2.8,2,1.5,0.4,15,0,-2.01,-2.73,-1.3,-2.01,-2.74,-1.28,0,0.00%,0.00%,0.00%,0,0.00%,0.00%,0.00%,NE,NE,NE,NE,0.00%,0.00%,0.00%,0.00%,0.00%,0.00%,SUPP,SUPP,NE,SUPP,SUPP,NE,NE,NE,NE,NE,NE,NE,NE,NE,NE,SUPP,SUPP,SUPP,SUPP,SUPP,SUPP,SUPP,SUPP,NE,NE,NE,NE,NE,NE,NE,NE,NE,NE,NE,NE,NE,NE,NE,NE,NE,NE,NE,NE,NE,NE,0.00%,0.00%,0.00%,0.00%,0.00%,0.00%,0.00%,0.00%,0.00%,NE,NE,NE,5.00%,70.00%,9.10%,0.00%,0,0.00%,1,14.30%,NE,NE,0.00%,12.50%,NE,5.90%,9.10%,0.00%,0,0.00%,1,14.30%,NE,NE,0.00%,12.50%,NE,5.90%,0.00%,15.00%,2.4,2.5,2.7,NE,2.8,1.9,2.2,2.2,2.6,NE,2.7,1.6,51,0,0%,Well below average
1,919,4043,138286,Beaumont School,,Austen Way,,,St Albans,AL4 0XB,01727854726,E14001507,St Albans,0,0,ACC,Does not apply,NSE,OTHER NON SEL,MIXED,0,11-18,1600,857,743,209,117,56.00%,92,44.00%,105.8,38,18.60%,105,51.50%,61,29.90%,20,9.60%,189,90.40%,22,10.50%,177,84.70%,10,4.80%,209,100.00%,8,3.80%,57,27.30%,49,23.40%,12324.5,59,2442,11.7,2514,12,3761,18,3607.5,17.3,3420,16.4,187.5,0.9,3,2.9,204,1,98%,0.89,0.7,1.08,0.88,0.68,1.07,0.5,0.28,0.72,1.03,0.83,1.24,1.09,0.87,1.32,0.81,0.59,1.03,85.60%,69.40%,1182.48,5.66,3.92,5.84,2.92,5.62,7.29,6.23,6.22,5.22,5.66,182,87.10%,60.30%,46.90%,206,98.60%,208,99.50%,208,99.50%,205,98.10%,182,87.10%,89.50%,78.90%,89.50%,74.60%,83.70%,70.70%,81.50%,69.80%,73.10%,58.80%,203,98%,200,98%,177,97%,0.97,0.77,1.17,0.91,0.67,1.16,0.26,-0.02,0.55,187,165,187,156,174,147,167,143,133,107,182,87.10%,206,98.60%,207,99.00%,208,100.00%,205,100.00%,182,100.00%,41.1,20,0,0.28,-0.34,0.9,0.28,-0.35,0.91,60.9,184,1,0.96,0.75,1.16,0.94,0.73,1.15,9.3,0.41,-0.3,1.11,7.7,0.13,-0.52,0.79,12.6,0.55,-0.16,1.27,11.5,0.01,-0.7,0.72,11.9,0.51,0.28,0.74,12.5,1.13,0.92,1.34,18.6,1.15,0.91,1.39,17.9,0.89,0.66,1.13,10.5,1,17,0.9,-8.9,0.12,33.1,38,0,0.52,0.07,0.97,0.52,0.06,0.98,58.7,105,0,1.16,0.89,1.43,1.16,0.89,1.44,74.1,61,1,0.65,0.29,1.01,0.6,0.24,0.96,63.4,12.2,13,20.1,18.1,17,1.1,21,0,1.53,0.92,2.13,1.53,0.91,2.14,64.5,13.2,12.3,19.6,19.4,18.6,0.8,87,1,1.07,0.78,1.37,1.04,0.74,1.34,54.6,10.5,11.8,16.7,15.6,14.6,0.9,117,0,0.75,0.5,1.01,0.75,0.49,1.01,59,11.7,12,18,17.3,16.4,0.9,204,1,0.89,0.7,1.08,0.88,0.68,1.07,17,44.70%,2.60%,0.00%,102,97.10%,61.90%,39.00%,58,95.10%,90.20%,86.90%,70.00%,88.90%,25.00%,20.00%,64.00%,49.70%,0.51,1.23,0.79,0.31,1.04,0.54,1.2,0.62,0.51,0.96,-0.96,0.18,0.77,-0.6,0.34,0.95,-0.33,1.25,0.83,0.97,0.05,1.51,0.95,1.16,0.42,1.29,-0.27,1.22,0.7,1.13,-0.05,1.54,0.87,1.07,0.17,0.42,-1.63,0.64,0.04,-0.03,-1.89,0.56,-0.2,1.28,0.27,83.80%,51.30%,33.30%,91.30%,71.70%,64.10%,87.10%,60.30%,46.90%,86.40%,77.30%,59.10%,82.30%,99.50%,50.00%,89.40%,17,44.70%,97,92.40%,60,98.40%,81.20%,91.30%,86.40%,85.60%,30.00%,73.50%,2,5.30%,79,75.20%,59,96.70%,59.80%,81.50%,72.70%,69.40%,7.70%,33.50%,8.8,7.2,9.1,9.4,7.8,8.9,8.5,6.6,8.7,9.2,7.4,8.6,1853,0,0%,Well above average
1,919,6005,117604,Berkhamsted School,,Overton House,133 High Street,,Berkhamsted,HP4 2DJ,01442358000,E14001268,Harpenden and Berkhamsted,0,0,IND,Anglican/Christian,,NA,MIXED,0,11-19,1394,783,611,205,122,59.50%,83,40.50%,NP,NP,NP,NP,NP,NP,NP,NP,NP,NP,NP,NP,NP,NP,NP,NP,NP,NP,NP,NA,NA,NA,NA,NA,NA,3346.1,16.3,1288,6.3,0,0,176,0.9,1882.1,9.2,1694,8.3,188.1,0.9,0.1,1.3,NP,NP,NP,NP,NP,NP,NP,NP,NP,NP,NP,NP,NP,NP,NP,NP,NP,NP,NP,NP,NP,0.00%,0.00%,29.33,0.14,NP,NP,NP,NP,NP,NP,0.2,0.11,NP,0,0.00%,0.00%,0.00%,0,0.00%,0,0.00%,0,0.00%,0,0.00%,26,12.70%,0.00%,0.00%,0.00%,0.00%,NE,NE,NE,NE,96.20%,96.20%,NP,NP,NP,NP,NP,NP,NP,NP,NP,NP,NP,NP,NP,NP,NP,0,0,0,0,NE,NE,NE,NE,25,25,0,0.00%,0,0.00%,0,0.00%,NE,NE,NE,NE,25,96.20%,NP,NP,NP,NP,NP,NP,NP,NP,NP,NP,NP,NP,NP,NP,NP,NP,NP,NP,NP,NP,NP,NP,NP,NP,NP,NP,NP,NP,NP,NP,NP,NP,NP,NP,NP,NP,NP,NP,NP,NP,NP,NP,NP,NP,NP,NP,NP,NP,NP,NP,NP,NP,NP,NP,NP,NP,NP,NP,NP,NP,NP,NP,NP,NP,NP,NP,NP,NP,NP,NP,NP,NP,NP,NP,NP,NP,NP,NP,NP,NP,NP,NP,NP,NP,NP,NP,NP,NP,NP,NP,NP,NP,NP,NP,NP,NP,NP,NP,17.2,6.6,0,1.2,9.5,8.2,1.3,NP,NP,NP,NP,NP,NP,NP,NP,15.8,6.1,0,0.6,9,8.3,0.7,NP,NP,NP,NP,NP,NP,NP,NP,NP,NP,NP,NP,NP,NP,NP,NP,NP,NP,NP,NP,NP,NP,NP,NP,NP,NP,NP,NP,NP,NP,NP,NP,NP,NP,NP,NP,NP,NP,NP,NP,NP,NP,NP,NP,NP,NP,NP,NP,NP,NP,NP,NP,NP,NP,NP,NP,NP,NP,NP,NP,NP,NP,NP,NP,NP,NP,NP,NP,NP,NP,NP,NP,NP,NP,NP,NP,NP,NP,NP,NP,NP,NP,NP,NP,NP,NP,0.00%,0.00%,0.00%,0.00%,0.00%,0.00%,NP,NP,NP,NP,NP,NP,0.00%,98.00%,NP,NP,NP,NP,NP,NP,NP,NP,0.00%,0.00%,NP,NP,NP,NP,NP,NP,NP,NP,NP,NP,0.00%,0.00%,NP,NP,0.00%,0.00%,2.4,NP,NP,NP,NP,NP,2.3,NP,NP,NP,NP,NP,503,1,0%
1,919,4200,137637,Birchwood High School,,Parsonage Lane,,,Bishop's Stortford,CM23 5BD,01279655936,E14001283,Hertford and Stortford,0,0,ACC,None,NSE,OTHER NON SEL,MIXED,0,11-18,1425,782,643,231,124,53.70%,107,46.30%,105.4,32,15.40%,125,60.10%,51,24.50%,32,13.90%,199,86.10%,28,12.10%,203,87.90%,0,0.00%,219,94.80%,9,3.90%,25,10.80%,16,6.90%,11110,48.1,2226,9.6,2318,10,3237,14,3329,14.4,2849.5,12.3,479.5,2.1,2.8,2.9,208,0,90%,-0.08,-0.27,0.11,-0.08,-0.28,0.11,-0.34,-0.56,-0.12,0.14,-0.06,0.35,-0.14,-0.36,0.08,0,-0.22,0.22,68.80%,49.40%,982.33,4.25,3.61,4.36,2.37,3.96,5.91,4.74,4.63,3.93,4.27,93,40.30%,29.00%,17.70%,225,97.40%,229,99.10%,228,98.70%,198,85.70%,102,44.20%,75.80%,58.40%,81.40%,62.80%,67.50%,44.70%,65.70%,52.50%,79.40%,61.80%,206,90%,183,92%,87,85%,-0.18,-0.38,0.02,-0.22,-0.48,0.04,0.01,-0.41,0.42,175,135,188,145,154,102,130,104,81,63,91,39.40%,225,97.40%,228,98.70%,223,97.80%,195,98.50%,101,99.00%,41.7,29,0,-0.53,-1.05,-0.02,-0.53,-1.06,-0.01,49.1,179,0,-0.01,-0.22,0.2,-0.01,-0.22,0.2,8.1,-0.99,-1.58,-0.41,8.9,-0.2,-0.74,0.34,12.1,-0.57,-1.16,0.03,12.6,-0.41,-1,0.18,9.9,-0.24,-0.47,0,10.2,0.2,-0.02,0.42,14.3,-0.07,-0.31,0.17,14.7,0.07,-0.17,0.3,10.4,2.2,12.7,2.1,-8.3,-0.69,30.3,32,0,0.18,-0.31,0.67,0.18,-0.32,0.68,45.5,125,0,-0.13,-0.37,0.12,-0.13,-0.38,0.13,63.4,51,0,-0.14,-0.52,0.25,-0.14,-0.53,0.26,51.1,9.4,10.5,16.6,14.7,12.8,1.8,11,0,-0.06,-0.9,0.77,-0.06,-0.92,0.79,51.8,10.7,10.4,14.7,16,14.3,1.7,96,0,0.1,-0.18,0.39,0.1,-0.19,0.39,44.9,8.7,9.7,13.4,13.1,10.6,2.4,112,0,-0.24,-0.5,0.02,-0.24,-0.51,0.03,48.2,9.7,10.1,14,14.5,12.3,2.1,203,0,-0.04,-0.23,0.15,-0.04,-0.24,0.16,2,6.30%,0.00%,0.00%,42,33.60%,20.00%,9.60%,37,72.50%,64.70%,45.10%,28.10%,42.20%,12.50%,9.40%,31.70%,19.10%,0,-0.17,-0.3,-0.36,-0.15,0.17,-0.2,-0.43,-0.8,-0.14,SUPP,0.01,-0.04,-0.14,0.02,0.18,-0.9,0.07,-0.36,0.51,-0.51,0.09,-0.42,0.1,-0.7,-0.06,-1.54,0.13,-0.41,0.95,-0.6,0.13,-0.53,0.07,-0.92,1.07,-1.36,0.46,-0.41,SUPP,SUPP,0.58,-0.57,0.6,-0.67,27.40%,18.50%,10.50%,55.10%,41.10%,26.20%,40.60%,28.80%,17.80%,57.10%,39.30%,21.40%,63.60%,99.60%,50.00%,71.90%,7,21.90%,90,72.00%,49,96.10%,65.30%,72.90%,64.30%,69.40%,31.30%,52.30%,3,9.40%,56,44.80%,44,86.30%,42.70%,57.00%,50.00%,49.30%,5.20%,29.40%,8.4,7.3,8.1,9.4,8.1,8.4,7.9,6.6,7.6,9.1,7.5,7.9,1944,0,0%,Average
1,919,4099,137757,Bishop's Hatfield Girls' School,,Woods Avenue,,,Hatfield,AL10 8NL,01707275331,E14001573,Welwyn Hatfield,0,0,ACC,Does not apply,NSE,OTHER NON SEL,GIRLS,0,11-18,949,8,941,149,NA,0.00%,149,100.00%,107.3,17,13.30%,61,47.70%,50,39.10%,28,18.80%,121,81.20%,40,26.80%,108,72.50%,1,0.70%,134,89.90%,1,0.70%,19,12.80%,18,12.10%,8444.8,56.7,1784,12,1634,11,2469,16.6,2557.8,17.2,2291,15.4,266.8,1.8,2.8,2.9,128,0,86%,0.38,0.13,0.62,0.38,0.13,0.63,0.43,0.15,0.71,0.22,-0.04,0.48,0.26,-0.02,0.55,0.57,0.29,0.85,80.50%,63.80%,763.76,5.13,3.85,5.42,2.22,4.61,6.76,5.31,5.13,NE,5.16,80,53.70%,49.70%,38.30%,145,97.30%,149,100.00%,142,95.30%,121,81.20%,88,59.10%,87.90%,79.90%,82.60%,65.80%,75.40%,61.30%,91.70%,86.00%,95.50%,88.60%,121,85%,105,87%,76,86%,-0.1,-0.35,0.16,1.2,0.86,1.54,1.14,0.7,1.58,131,119,123,98,107,87,111,104,84,78,80,53.70%,145,97.30%,149,100.00%,142,100.00%,121,100.00%,88,100.00%,43.8,25,0,-0.18,-0.74,0.37,-0.18,-0.75,0.38,59.7,103,0,0.52,0.24,0.79,0.52,0.24,0.8,9.9,0.05,-0.58,0.68,8.4,-0.28,-0.86,0.3,12.2,-0.41,-1.05,0.24,13.3,-0.06,-0.69,0.58,12.5,0.52,0.21,0.83,11.6,0.34,0.05,0.63,17.6,0.42,0.11,0.74,18.1,0.72,0.41,1.04,10.8,2.5,16.4,1.6,-6.2,-0.34,29.2,17,0,0.17,-0.5,0.85,0.17,-0.51,0.86,51.9,61,0,0.42,0.07,0.78,0.42,0.06,0.78,72,50,0,0.4,0,0.79,0.4,0,0.8,57,11.6,11,17.6,16.9,15,1.9,25,0,0.66,0.1,1.21,0.66,0.09,1.22,56.7,12,11,16.6,17.2,15.4,1.8,128,0,0.38,0.13,0.62,0.38,0.13,0.63,NE,NE,NE,NE,NE,NE,NE,NE,NE,NE,NE,NE,NE,NE,NE,57.1,12.1,11,16.6,17.4,15.5,1.9,122,0,0.44,0.19,0.69,0.44,0.18,0.7,2,11.80%,5.90%,0.00%,32,52.50%,47.50%,31.10%,38,76.00%,76.00%,64.00%,39.30%,57.00%,32.10%,25.00%,53.70%,41.30%,0.05,-0.06,-0.18,-0.3,-0.05,2.11,1.39,0.88,1.47,1.15,SUPP,1.58,0.77,0.93,1.17,0.33,-0.92,0.23,-0.34,0.81,-0.72,0.32,-0.44,0.23,-0.58,2.34,0.6,1.52,0.78,3.53,0.69,1.88,0.9,1.39,0.38,2.15,-0.28,1.65,0.7,SUPP,SUPP,2.23,0.93,1.38,0.15,NE,NE,NE,53.70%,49.70%,38.30%,56.70%,53.00%,40.30%,60.00%,55.00%,47.50%,79.20%,100.00%,53.60%,86.80%,5,29.40%,48,78.70%,50,100.00%,NE,80.50%,85.00%,80.60%,39.30%,69.40%,2,11.80%,31,50.80%,48,96.00%,NE,63.80%,70.00%,64.20%,5.40%,37.60%,8.5,6.4,8.1,9.7,7.2,8.8,8.1,5.9,7.6,9.6,6.6,8.5,1261,0,0%,Above average
1,919,6007,117605,Bishop's Stortford College,,School House,Maze Green Road,,Bishop's Stortford,CM23 2PQ,01279952706,E14001283,Hertford and Stortford,0,0,IND,None,,NA,MIXED,0,3-18,1289,687,602,119,52,43.70%,67,56.30%,NP,NP,NP,NP,NP,NP,NP,NP,NP,NP,NP,NP,NP,NP,NP,NP,NP,NP,NP,NA,NA,NA,NA,NA,NA,2664.5,22.4,0,0,0,0,1495,12.6,1169.5,9.8,1137,9.6,32.5,0.3,1.7,1.4,NP,NP,NP,NP,NP,NP,NP,NP,NP,NP,NP,NP,NP,NP,NP,NP,NP,NP,NP,NP,NP,0.00%,0.00%,209.3,1.76,NP,NP,NP,NP,NP,NP,1.69,1.85,NP,0,0.00%,0.00%,0.00%,0,0.00%,0,0.00%,0,0.00%,75,63.00%,101,84.90%,0.00%,0.00%,0.00%,0.00%,NE,NE,97.30%,93.30%,99.00%,96.00%,NP,NP,NP,NP,NP,NP,NP,NP,NP,NP,NP,NP,NP,NP,NP,0,0,0,0,NE,NE,73,70,100,97,0,0.00%,0,0.00%,0,0.00%,NE,NE,75,100.00%,101,100.00%,NP,NP,NP,NP,NP,NP,NP,NP,NP,NP,NP,NP,NP,NP,NP,NP,NP,NP,NP,NP,NP,NP,NP,NP,NP,NP,NP,NP,NP,NP,NP,NP,NP,NP,NP,NP,NP,NP,NP,NP,NP,NP,NP,NP,NP,NP,NP,NP,NP,NP,NP,NP,NP,NP,NP,NP,NP,NP,NP,NP,NP,NP,NP,NP,NP,NP,NP,NP,NP,NP,NP,NP,NP,NP,NP,NP,NP,NP,NP,NP,NP,NP,NP,NP,NP,NP,NP,NP,NP,NP,NP,NP,NP,NP,NP,NP,NP,NP,23.4,0,0,12.5,10.9,10.6,0.4,NP,NP,NP,NP,NP,NP,NP,NP,21.1,0,0,12.7,8.4,8.3,0.1,NP,NP,NP,NP,NP,NP,NP,NP,NP,NP,NP,NP,NP,NP,NP,NP,NP,NP,NP,NP,NP,NP,NP,NP,NP,NP,NP,NP,NP,NP,NP,NP,NP,NP,NP,NP,NP,NP,NP,NP,NP,NP,NP,NP,NP,NP,NP,NP,NP,NP,NP,NP,NP,NP,NP,NP,NP,NP,NP,NP,NP,NP,NP,NP,NP,NP,NP,NP,NP,NP,NP,NP,NP,NP,NP,NP,NP,NP,NP,NP,NP,NP,NP,NP,NP,NP,0.00%,0.00%,0.00%,0.00%,0.00%,0.00%,NP,NP,NP,NP,NP,NP,0.00%,100.00%,NP,NP,NP,NP,NP,NP,NP,NP,0.00%,0.00%,NP,NP,NP,NP,NP,NP,NP,NP,NP,NP,0.00%,0.00%,NP,NP,25.20%,0.00%,3.1,NP,NP,NP,NP,NP,3.1,NP,NP,NP,NP,NP,373,0,0%
1,919,5405,117577,The Bishop's Stortford High School,,Beaumont Avenue,,,Bishop's Stortford,CM23 4SH,01279868686,E14001283,Hertford and Stortford,0,0,FD,None,NSE,OTHER NON SEL,BOYS,0,11-18,1258,1139,119,168,168,100.00%,NA,0.00%,107.8,12,7.60%,83,52.50%,63,39.90%,10,6.00%,158,94.00%,16,9.50%,152,90.50%,0,0.00%,162,96.40%,3,1.80%,17,10.10%,14,8.30%,9433,56.1,1824,10.9,1948,11.6,2962.5,17.6,2698.5,16.1,2681.5,16,17,0.1,2.9,3,158,1,94%,0.23,0.01,0.45,0.22,-0.01,0.44,-0.23,-0.48,0.02,0.4,0.17,0.63,0.54,0.28,0.79,0.08,-0.17,0.33,88.70%,68.50%,907.48,5.4,4.3,5.47,2.89,4.86,6.5,5.57,NE,5.4,5.4,122,72.60%,59.50%,43.50%,166,98.80%,167,99.40%,166,98.80%,129,76.80%,156,92.90%,91.70%,75.60%,92.30%,78.00%,89.80%,71.70%,86.00%,79.80%,88.50%,65.40%,157,95%,120,93%,146,94%,0.42,0.19,0.65,0.7,0.38,1.01,0.08,-0.23,0.4,154,127,155,131,149,119,111,103,138,102,122,72.60%,166,98.80%,167,99.40%,166,100.00%,129,100.00%,155,99.40%,46.1,9,0,0.49,-0.44,1.41,0.49,-0.46,1.43,56.8,149,1,0.22,-0.01,0.44,0.2,-0.03,0.43,9.6,0.41,-0.65,1.46,9.6,0.74,-0.23,1.71,14.8,0.83,-0.24,1.9,12.2,0.02,-1.03,1.08,10.9,-0.27,-0.53,-0.01,11.7,0.38,0.14,0.62,17.8,0.52,0.26,0.78,16.3,0.08,-0.18,0.34,12.2,0,16.2,0.1,-3.9,0.33,33.2,12,0,0.27,-0.53,1.07,0.27,-0.54,1.09,51.4,83,0,0.4,0.1,0.71,0.4,0.09,0.71,66.4,63,1,0,-0.35,0.35,-0.03,-0.39,0.33,56.8,10.6,11.6,18.3,16.3,16.3,0,10,0,0.21,-0.67,1.08,0.21,-0.69,1.1,NE,NE,NE,NE,NE,NE,NE,NE,NE,NE,NE,NE,NE,NE,NE,56.1,10.9,11.6,17.6,16.1,16,0.1,158,1,0.23,0.01,0.45,0.22,-0.01,0.44,56.1,10.8,11.6,17.6,16.1,16,0.1,154,1,0.24,0.02,0.46,0.23,0,0.46,4,33.30%,0.00%,0.00%,56,67.50%,51.80%,30.10%,53,84.10%,79.40%,68.30%,40.00%,74.70%,40.00%,30.00%,60.80%,44.30%,0.19,0.59,0.24,0.5,0.41,SUPP,0.81,0.68,0.65,0.7,0.22,0.2,-0.08,0.2,0.08,1.45,-0.45,0.65,0.18,1.01,-0.63,0.9,0.27,0.6,-0.12,2.07,-0.78,1.03,0.37,SUPP,SUPP,1.26,0.36,1.16,0.21,1.65,-1.25,0.4,-0.25,1.5,-1.06,0.64,-0.24,0.41,-0.58,72.60%,59.50%,43.50%,NE,NE,NE,72.80%,59.90%,45.10%,75.00%,56.30%,50.00%,85.10%,99.40%,80.00%,89.20%,5,41.70%,76,91.60%,60,95.20%,88.70%,NE,87.50%,88.30%,80.00%,67.70%,1,8.30%,51,61.40%,56,88.90%,68.50%,NE,68.80%,67.30%,7.70%,30.40%,8.3,7.8,8,8.6,7.2,8.3,8.3,7.8,8,8.6,7.2,8.3,1393,1,0%,Above average
2,919,7003,147679,Brandles School,,Weston Way,,,Baldock,SG7 6EY,01462896351,E14001393,North East Hertfordshire,0,0,ACS,Does not apply,NA,NA,BOYS,0,11-16,70,70,NA,16,16,100.00%,NA,0.00%,93.2,10,71.40%,3,21.40%,1,7.10%,13,81.30%,3,18.80%,0,0.00%,16,100.00%,0,0.00%,14,87.50%,,,,,,,62,3.9,24,1.5,34,2.1,0,0,4,0.3,4,0.3,0,0,0,0.1,14,0,88%,-2.46,-3.2,-1.72,-2.46,-3.21,-1.7,-2.49,-3.34,-1.65,-1.56,-2.34,-0.78,-2.64,-3.5,-1.78,-2.85,-3.7,-2.01,6.30%,0.00%,3.83,0.24,SUPP,SUPP,0.15,SUPP,SUPP,NE,NE,0.24,0.27,0,0.00%,0.00%,0.00%,1,6.30%,8,50.00%,0,0.00%,0,0.00%,0,0.00%,6.30%,6.30%,6.30%,0.00%,NE,NE,NE,NE,NE,NE,,NE,,NE,,NE,NE,NE,NE,NE,NE,NE,NE,NE,NE,1,1,1,0,NE,NE,NE,NE,NE,NE,0,0.00%,1,6.30%,8,50.00%,NE,NE,NE,NE,NE,NE,SUPP,SUPP,SUPP,SUPP,SUPP,SUPP,SUPP,SUPP,SUPP,SUPP,SUPP,SUPP,SUPP,SUPP,SUPP,SUPP,SUPP,SUPP,SUPP,SUPP,SUPP,SUPP,SUPP,SUPP,SUPP,SUPP,SUPP,SUPP,SUPP,SUPP,SUPP,SUPP,SUPP,SUPP,SUPP,SUPP,SUPP,SUPP,SUPP,SUPP,SUPP,SUPP,SUPP,SUPP,SUPP,SUPP,SUPP,SUPP,SUPP,SUPP,SUPP,SUPP,SUPP,SUPP,SUPP,SUPP,2.5,10,0,-1.96,-2.84,-1.08,-1.96,-2.86,-1.07,SUPP,SUPP,SUPP,SUPP,SUPP,SUPP,SUPP,SUPP,SUPP,SUPP,SUPP,SUPP,SUPP,SUPP,SUPP,SUPP,SUPP,SUPP,NE,NE,NE,NE,NE,NE,NE,NE,NE,NE,NE,NE,NE,NE,NE,NE,NE,NE,NE,NE,NE,NE,NE,NE,NE,NE,NE,NE,NE,NE,3.9,1.5,2.1,0,0.3,0.3,0,14,0,-2.46,-3.2,-1.72,-2.46,-3.21,-1.7,4.4,1.7,2.4,0,0.3,0.3,0,12,0,-2,-2.8,-1.2,-2,-2.82,-1.19,0,0.00%,0.00%,0.00%,SUPP,SUPP,SUPP,SUPP,SUPP,SUPP,SUPP,SUPP,SUPP,SUPP,SUPP,SUPP,SUPP,SUPP,NE,SUPP,SUPP,SUPP,SUPP,NE,SUPP,SUPP,SUPP,SUPP,NE,SUPP,SUPP,SUPP,SUPP,SUPP,SUPP,SUPP,SUPP,NE,NE,SUPP,SUPP,SUPP,SUPP,SUPP,SUPP,SUPP,SUPP,NE,NE,SUPP,SUPP,SUPP,SUPP,SUPP,SUPP,SUPP,SUPP,NE,NE,SUPP,SUPP,SUPP,SUPP,0.00%,0.00%,0.00%,NE,NE,NE,0.00%,0.00%,0.00%,NE,NE,NE,0.00%,50.00%,SUPP,SUPP,0,0.00%,SUPP,SUPP,SUPP,SUPP,6.30%,NE,NE,7.10%,SUPP,SUPP,0,0.00%,SUPP,SUPP,SUPP,SUPP,0.00%,NE,NE,0.00%,0.00%,0.00%,1,0.9,SUPP,SUPP,SUPP,SUPP,1,0.9,SUPP,SUPP,SUPP,SUPP,16,0,0%,Well below average
2,919,7024,117681,Breakspeare School,,Gallows Hill Lane,,,Abbots Langley,WD5 0BU,01923263645,E14001496,South West Hertfordshire,0,0,CYS,Does not apply,NA,NA,MIXED,0,2-19,106,70,36,7,4,57.10%,3,42.90%,63.4,7,100.00%,0,0.00%,0,0.00%,4,57.10%,3,42.90%,2,28.60%,5,71.40%,0,0.00%,7,100.00%,,,,,,,NE,NE,NE,NE,NE,NE,NE,NE,NE,NE,NE,NE,NE,NE,NE,NE,NE,NE,NE,NE,NE,NE,NE,NE,NE,NE,NE,NE,NE,NE,NE,NE,NE,NE,NE,NE,NE,NE,NE,NE,NE,SUPP,SUPP,NE,NE,NE,SUPP,SUPP,SUPP,NE,NE,NE,NE,NE,NE,NE,NE,NE,NE,NE,NE,NE,NE,NE,NE,NE,NE,NE,NE,NE,NE,NE,NE,NE,NE,NE,NE,NE,NE,NE,NE,NE,NE,NE,NE,NE,NE,NE,NE,NE,NE,NE,NE,NE,NE,NE,NE,NE,NE,NE,NE,NE,NE,NE,NE,NE,NE,NE,NE,NE,NE,SUPP,SUPP,SUPP,SUPP,SUPP,SUPP,SUPP,SUPP,SUPP,SUPP,SUPP,SUPP,SUPP,SUPP,SUPP,SUPP,SUPP,SUPP,SUPP,SUPP,SUPP,SUPP,SUPP,SUPP,SUPP,SUPP,SUPP,SUPP,SUPP,SUPP,SUPP,SUPP,SUPP,SUPP,SUPP,SUPP,SUPP,SUPP,SUPP,SUPP,SUPP,SUPP,SUPP,SUPP,SUPP,SUPP,SUPP,SUPP,SUPP,SUPP,SUPP,SUPP,SUPP,SUPP,SUPP,SUPP,NE,NE,NE,NE,NE,NE,NE,NE,NE,NE,NE,NE,NE,NE,NE,NE,NE,NE,NE,NE,NE,NE,NE,NE,NE,NE,NE,SUPP,SUPP,SUPP,SUPP,SUPP,SUPP,SUPP,SUPP,SUPP,SUPP,SUPP,SUPP,SUPP,SUPP,SUPP,SUPP,SUPP,SUPP,SUPP,SUPP,SUPP,SUPP,SUPP,SUPP,SUPP,SUPP,SUPP,SUPP,SUPP,SUPP,SUPP,SUPP,SUPP,SUPP,SUPP,SUPP,SUPP,SUPP,SUPP,SUPP,SUPP,SUPP,SUPP,SUPP,SUPP,NE,NE,NE,NE,NE,NE,NE,NE,NE,NE,NE,NE,NE,NE,NE,NE,NE,NE,NE,NE,NE,NE,NE,NE,NE,NE,NE,SUPP,SUPP,SUPP,SUPP,SUPP,SUPP,NE,NE,NE,SUPP,SUPP,NE,NE,NE,SUPP,SUPP,NE,NE,NE,SUPP,SUPP,SUPP,SUPP,SUPP,SUPP,NE,NE,NE,NE,NE,NE,SUPP,SUPP,SUPP,SUPP,NE,NE,NE,NE,NE,NE,SUPP,SUPP,SUPP,SUPP,NE,NE,NE,NE,NE,NE,SUPP,SUPP,SUPP,SUPP,SUPP,SUPP,NE,NE,NE,SUPP,SUPP,SUPP,NE,NE,SUPP,SUPP,NE,NE,NE,NE,NE,NE,SUPP,SUPP,SUPP,NE,SUPP,SUPP,NE,NE,NE,NE,NE,NE,SUPP,SUPP,SUPP,NE,NE,NE,NE,NE,NE,NE,SUPP,SUPP,NE,NE,NE,NE,SUPP,SUPP,NE,NE,NE
1,919,4101,136396,The Broxbourne School,,Badgers Walk,,,Broxbourne,EN10 7FU,01992411060,E14001139,Broxbourne,0,0,ACC,None,NSE,OTHER NON SEL,MIXED,0,11-18,1358,681,677,205,107,52.20%,98,47.80%,107.9,19,9.50%,96,48.00%,85,42.50%,27,13.20%,178,86.80%,21,10.20%,184,89.80%,0,0.00%,204,99.50%,2,1.00%,14,6.80%,12,5.90%,11220.8,54.7,2387,11.6,2282,11.1,3331.5,16.3,3220.3,15.7,3117.5,15.2,102.8,0.5,2.9,2.9,200,0,98%,0.1,-0.1,0.3,0.1,-0.1,0.3,0.18,-0.05,0.4,0.19,-0.02,0.39,0.11,-0.11,0.34,-0.02,-0.25,0.2,82.40%,70.20%,1046.64,5.11,3.73,5.31,2.04,4.67,6.33,5.76,5.43,4.81,5.09,141,68.80%,48.30%,34.10%,204,99.50%,205,100.00%,201,98.00%,186,90.70%,146,71.20%,88.30%,79.50%,84.90%,75.10%,80.10%,65.20%,89.20%,77.40%,71.20%,56.20%,196,98%,183,98%,143,98%,-0.08,-0.29,0.12,0.44,0.18,0.69,-0.42,-0.74,-0.1,181,163,174,154,161,131,166,144,104,82,138,67.30%,202,98.50%,205,100.00%,199,99.00%,185,99.50%,143,97.90%,40.7,25,0,-0.39,-0.94,0.17,-0.39,-0.95,0.18,56.9,175,0,0.17,-0.04,0.38,0.17,-0.04,0.38,9.7,0.15,-0.48,0.78,7.7,-0.58,-1.17,0,11.9,-0.39,-1.03,0.26,11.4,-0.62,-1.25,0.02,11.9,0.18,-0.06,0.42,11.7,0.3,0.08,0.52,16.9,0.18,-0.06,0.43,16.4,0.06,-0.18,0.3,11,0.4,15.8,0.5,-9.3,-0.55,24.4,19,0,-0.45,-1.08,0.19,-0.45,-1.09,0.2,51,96,0,0.29,0,0.57,0.29,0,0.57,66.4,85,0,0.01,-0.29,0.31,0.01,-0.3,0.32,59.3,12.1,12,18.6,16.6,15.9,0.7,18,0,0.54,-0.12,1.19,0.54,-0.13,1.2,58.2,12.7,11.2,17,17.3,16.8,0.5,96,0,0.24,-0.05,0.52,0.24,-0.05,0.53,51.5,10.6,11,15.5,14.3,13.8,0.5,104,0,-0.03,-0.3,0.25,-0.03,-0.3,0.25,54.6,11.6,11.1,16.2,15.7,15.2,0.5,200,0,0.1,-0.1,0.3,0.1,-0.1,0.3,3,15.80%,10.50%,0.00%,63,65.60%,36.50%,18.80%,72,84.70%,71.80%,60.00%,48.10%,71.90%,29.60%,18.50%,51.10%,36.50%,-0.51,0.06,-0.16,-0.76,0.01,-0.04,0.77,0.15,0.09,0.48,SUPP,-0.3,-0.57,0.05,-0.47,-0.18,-1.35,0.23,-0.2,0.18,-1.2,0.36,-0.23,0.15,-0.47,0.87,-0.68,0.75,0.2,1.01,-1.09,1.14,0.4,0.53,-0.23,1.08,-0.98,-0.13,-0.81,SUPP,SUPP,0.17,-0.77,-0.12,-1.02,65.40%,36.40%,24.30%,72.40%,61.20%,44.90%,68.60%,48.00%,33.80%,85.70%,71.40%,47.60%,81.50%,100.00%,55.60%,86.50%,4,21.10%,77,80.20%,85,100.00%,79.40%,85.70%,85.70%,82.40%,37.00%,75.30%,2,10.50%,62,64.60%,78,91.80%,66.40%,74.50%,81.00%,70.10%,5.90%,36.60%,8.8,7,8.5,9.5,8.1,8.9,8.5,6.2,8.2,9.4,7.7,8.7,1801,0,0%,Average
1,919,5408,137872,Bushey Meads School,,Coldharbour Lane,,,Bushey,WD23 4PA,02089503000,E14001284,Hertsmere,0,0,ACC,None,NSE,OTHER NON SEL,MIXED,0,11-18,1213,671,542,184,96,52.20%,88,47.80%,104.6,37,21.30%,92,52.90%,45,25.90%,33,17.90%,151,82.10%,27,14.70%,155,84.20%,2,1.10%,182,98.90%,11,6.00%,46,25.00%,35,19.00%,7752.8,42.1,1780,9.7,1622,8.8,2063,11.2,2287.8,12.4,2092,11.4,195.8,1.1,2.6,2.7,174,1,95%,-0.45,-0.66,-0.24,-0.45,-0.67,-0.24,-0.15,-0.39,0.09,-0.23,-0.45,-0.01,-0.81,-1.05,-0.56,-0.45,-0.69,-0.21,63.60%,40.80%,592.33,3.22,2.22,3.44,1.92,2.84,5.1,3.36,3.39,3.06,3.23,12,6.50%,4.30%,3.30%,170,92.40%,177,96.20%,166,90.20%,67,36.40%,19,10.30%,77.20%,58.70%,68.50%,46.20%,50.60%,33.70%,68.70%,58.20%,100.00%,94.70%,157,95%,63,94%,16,84%,-0.63,-0.85,-0.4,0.36,-0.08,0.8,1.79,0.83,2.75,142,108,126,85,84,56,46,39,19,18,12,6.50%,169,91.80%,177,96.20%,157,94.60%,66,98.50%,19,100.00%,29.4,31,0,-1.19,-1.69,-0.7,-1.19,-1.7,-0.69,44.9,143,1,-0.29,-0.52,-0.05,-0.29,-0.53,-0.06,6.9,-1.04,-1.6,-0.47,6.1,-0.97,-1.49,-0.45,7.8,-1.37,-1.94,-0.79,8.5,-1.28,-1.85,-0.71,10.3,0.04,-0.23,0.3,9.4,-0.07,-0.31,0.18,12,-0.69,-0.95,-0.42,13.3,-0.27,-0.54,-0.01,7.6,0.9,12.2,1.1,-20.6,-1.35,27.3,37,0,-0.04,-0.5,0.42,-0.04,-0.51,0.42,38.9,92,1,-0.71,-1,-0.42,-0.72,-1.02,-0.43,62.3,45,0,-0.25,-0.66,0.17,-0.25,-0.67,0.17,45,9.7,9.3,12.8,13.3,11.9,1.3,23,0,0.37,-0.21,0.94,0.37,-0.22,0.96,43.9,10.5,8.8,11.5,13.1,12,1.1,84,0,-0.31,-0.61,-0.01,-0.31,-0.62,0,40.5,8.9,8.8,11,11.8,10.8,1,90,1,-0.58,-0.87,-0.29,-0.59,-0.89,-0.29,42.3,9.7,8.8,11.3,12.5,11.4,1.1,173,1,-0.45,-0.67,-0.24,-0.46,-0.67,-0.25,2,5.40%,0.00%,0.00%,3,3.30%,2.20%,0.00%,5,11.10%,11.10%,11.10%,3.00%,7.30%,3.00%,3.00%,4.60%,3.30%,-0.17,-0.92,-0.37,-0.99,-0.56,0.32,0.15,0.6,0.26,0.38,SUPP,2.47,1.43,SUPP,1.65,-0.41,-1.57,-0.31,-0.81,0.37,-0.7,-0.61,-1.23,0.06,-0.79,1.42,-0.9,0.85,-0.1,1.32,-0.69,0.83,-0.53,1.29,-0.1,SUPP,SUPP,2.65,0.66,SUPP,SUPP,4.04,0.91,2.79,0.07,5.20%,4.20%,2.10%,8.00%,4.50%,4.50%,6.60%,4.40%,3.30%,3.70%,3.70%,3.70%,52.70%,96.20%,33.30%,70.20%,11,29.70%,59,64.10%,43,95.60%,63.50%,63.60%,66.70%,63.70%,18.20%,45.70%,3,8.10%,30,32.60%,39,86.70%,35.40%,46.60%,48.10%,41.20%,1.10%,90.20%,8.3,7.4,8.4,8.9,6.9,8.6,8,7.2,8.1,8.7,6.7,8.4,1533,0,0%,Below average
1,919,5419,147246,Chancellor's School,,Pine Grove,Brookmans Park,,Hatfield,AL9 7BN,01707650702,E14001573,Welwyn Hatfield,0,0,ACC,None,NSE,OTHER NON SEL,MIXED,0,11-18,1250,693,557,205,112,54.60%,93,45.40%,105.5,31,15.60%,109,54.80%,59,29.60%,38,18.50%,167,81.50%,27,13.20%,178,86.80%,0,0.00%,201,98.00%,4,2.00%,33,16.10%,29,14.10%,10845.5,52.9,2310,11.3,2042,10,3211.5,15.7,3282,16,3044.5,14.9,237.5,1.2,2.9,3,199,0,97%,0.35,0.15,0.54,0.35,0.15,0.55,0.37,0.14,0.59,0.08,-0.13,0.28,0.39,0.17,0.62,0.47,0.24,0.69,72.20%,56.60%,1010.85,4.93,4.07,5.13,2.6,4.59,6.67,4.83,4.93,4.94,4.96,155,75.60%,50.70%,36.60%,205,100.00%,204,99.50%,205,100.00%,174,84.90%,168,82.00%,88.30%,74.60%,75.60%,59.50%,69.30%,56.10%,79.30%,70.70%,78.60%,59.50%,199,97%,168,97%,162,96%,0.06,-0.15,0.26,0.57,0.3,0.84,0.35,0.05,0.65,181,153,155,122,142,115,138,123,132,100,151,73.70%,205,100.00%,203,99.00%,205,100.00%,172,98.90%,166,98.80%,44.5,38,0,0.3,-0.15,0.75,0.3,-0.16,0.76,54.8,161,0,0.36,0.14,0.58,0.36,0.14,0.58,9.9,0.41,-0.11,0.92,8.5,0.17,-0.3,0.64,13,0.37,-0.15,0.89,13.1,0.24,-0.27,0.76,11.6,0.36,0.11,0.61,10.3,0.06,-0.17,0.28,16.3,0.4,0.15,0.65,16.7,0.52,0.27,0.77,12.3,0.8,15.4,1.2,-5.5,0.14,31,31,0,0.48,-0.01,0.98,0.48,-0.02,0.99,49.7,109,0,0.31,0.05,0.58,0.31,0.04,0.58,69.2,59,0,0.34,-0.02,0.7,0.34,-0.03,0.71,51,10.6,9.7,15.6,15.2,13.6,1.5,25,0,0.55,0,1.11,0.55,-0.01,1.12,53.6,11.5,9.5,15.7,16.8,15.4,1.4,91,0,0.52,0.23,0.81,0.52,0.22,0.82,52.3,11,10.3,15.6,15.3,14.4,0.9,108,0,0.2,-0.07,0.47,0.2,-0.07,0.47,53.1,11.3,10,15.7,16.1,14.9,1.2,196,0,0.36,0.16,0.56,0.36,0.16,0.56,12,38.70%,6.50%,3.20%,83,76.10%,43.10%,23.90%,54,91.50%,84.70%,78.00%,57.90%,79.60%,31.60%,13.20%,55.10%,41.90%,0.29,0,0.04,0.08,0.05,0.58,0.5,0.67,0.8,0.52,0.29,0.27,0.5,0.28,0.36,0.55,-0.38,0.27,-0.18,0.8,-0.23,0.27,-0.28,0.41,-0.33,1.47,0.13,0.82,0.23,1.43,-0.26,0.86,0.14,1.13,0.21,1.04,-0.47,0.69,0.03,1.25,-0.67,0.67,-0.14,1.02,-0.01,79.50%,52.70%,35.70%,71.00%,48.40%,37.60%,76.10%,51.20%,37.30%,81.50%,51.90%,33.30%,68.80%,100.00%,65.80%,73.70%,7,22.60%,78,71.60%,57,96.60%,71.40%,73.10%,70.40%,72.60%,36.80%,61.10%,1,3.20%,54,49.50%,56,94.90%,60.70%,51.60%,59.30%,57.20%,7.30%,27.30%,8.4,7.4,8.2,9.3,7.9,8.5,8,6.6,7.8,9.1,7.5,8.1,1724,1,0%,Above average
1,919,4498,137090,The Chauncy School,,Park Road,,,Ware,SG12 0DP,01920411200,E14001283,Hertford and Stortford,0,0,ACC,None,NSE,OTHER NON SEL,MIXED,0,11-18,1466,777,689,216,109,50.50%,107,49.50%,104.6,42,20.20%,111,53.40%,55,26.40%,31,14.40%,185,85.60%,7,3.20%,209,96.80%,0,0.00%,212,98.10%,3,1.40%,39,18.10%,36,16.70%,11215.8,51.9,2320,10.7,2190,10.1,3229,14.9,3476.8,16.1,2976.5,13.8,500.3,2.3,2.9,2.9,208,0,96%,0.53,0.33,0.72,0.53,0.33,0.72,0.35,0.13,0.57,0.45,0.24,0.65,0.45,0.23,0.68,0.77,0.55,0.99,75.90%,57.40%,961.75,4.45,3.42,4.62,2.29,4.34,6.35,5.43,4.51,4.4,4.45,54,25.00%,22.70%,19.00%,213,98.60%,214,99.10%,211,97.70%,206,95.40%,54,25.00%,84.70%,63.90%,77.80%,64.80%,72.50%,55.50%,66.00%,58.70%,94.40%,85.20%,203,96%,198,96%,52,96%,0.4,0.2,0.6,0.58,0.33,0.83,1.1,0.57,1.64,183,138,168,140,153,117,136,121,51,46,53,24.50%,213,98.60%,214,99.10%,210,99.50%,204,99.00%,53,98.10%,40.7,31,0,-0.3,-0.79,0.2,-0.3,-0.8,0.21,53.8,177,0,0.67,0.46,0.88,0.67,0.46,0.88,9,-0.25,-0.82,0.32,7.9,-0.38,-0.91,0.14,11.5,-0.34,-0.92,0.23,12.3,-0.22,-0.79,0.35,11,0.46,0.22,0.7,10.5,0.59,0.37,0.81,15.5,0.59,0.35,0.84,16.7,0.94,0.7,1.18,10.2,2.1,14.4,2.4,-9.3,-0.46,29.9,42,0,0.21,-0.22,0.64,0.21,-0.22,0.65,51,111,0,0.57,0.31,0.83,0.57,0.3,0.84,71.1,55,0,0.68,0.31,1.06,0.68,0.3,1.06,60.5,11.1,12.6,18.7,18.1,17.1,1,SUPP,SUPP,SUPP,SUPP,SUPP,SUPP,SUPP,SUPP,53.5,11.3,10,15,17.1,15.5,1.6,103,0,0.46,0.19,0.74,0.46,0.18,0.74,50.4,10.2,10.3,14.9,15.1,12.1,3,105,0,0.59,0.32,0.86,0.59,0.31,0.86,51.9,10.7,10.1,14.9,16.1,13.8,2.3,205,0,0.53,0.33,0.72,0.53,0.33,0.73,1,2.40%,0.00%,0.00%,28,25.20%,21.60%,16.20%,23,41.80%,41.80%,38.20%,12.90%,27.00%,12.90%,9.70%,24.30%,20.50%,0.08,0.44,0.54,-0.02,0.47,0.12,0.59,0.88,0.28,0.62,SUPP,0.9,1.41,SUPP,1.13,0.51,-0.55,0.69,0.25,0.54,-0.38,0.72,0.17,0.93,0.15,0.99,-0.43,0.89,0.36,0.7,-0.45,0.92,0.25,1.35,0.41,SUPP,SUPP,1.68,0.58,SUPP,SUPP,1.63,0.18,2.21,0.61,24.80%,21.10%,20.20%,25.20%,24.30%,17.80%,25.00%,23.10%,19.30%,42.90%,28.60%,28.60%,70.40%,99.10%,58.10%,78.90%,13,31.00%,90,81.10%,55,100.00%,74.30%,77.60%,85.70%,75.50%,41.90%,60.00%,2,4.80%,65,58.60%,53,96.40%,56.90%,57.90%,71.40%,57.10%,0.00%,26.90%,8.2,7.1,8,9.3,7,8.4,7.6,6.5,7.4,9,6.4,7.8,1777,1,0%,Well above average
2,919,7013,117672,The Collett School,,Lockers Park Lane,,,Hemel Hempstead,HP1 1TQ,01442398988,E14001278,Hemel Hempstead,0,0,CYS,Does not apply,NA,NA,MIXED,0,4-16,127,88,39,18,12,66.70%,6,33.30%,76.1,15,100.00%,0,0.00%,0,0.00%,7,38.90%,11,61.10%,0,0.00%,18,100.00%,0,0.00%,18,100.00%,,,,,,,4,0.2,0,0,0,0,0,0,4,0.2,4,0.2,0,0,0,0.1,15,0,83%,-1.71,-2.43,-0.99,-1.71,-2.44,-0.98,-2.08,-2.89,-1.26,-1.32,-2.07,-0.57,-1.54,-2.37,-0.72,-1.89,-2.71,-1.07,0.00%,0.00%,0,0,0,0,0,NE,NE,NE,0,0,0,0,0.00%,0.00%,0.00%,0,0.00%,0,0.00%,0,0.00%,0,0.00%,0,0.00%,0.00%,0.00%,0.00%,0.00%,NE,NE,NE,NE,NE,NE,,NE,,NE,,NE,NE,NE,NE,NE,NE,NE,NE,NE,NE,0,0,0,0,NE,NE,NE,NE,NE,NE,0,0.00%,0,0.00%,0,0.00%,NE,NE,NE,NE,NE,NE,0.6,6,0,-1.65,-2.78,-0.51,-1.65,-2.8,-0.49,0,9,0,-1.75,-2.68,-0.83,-1.75,-2.69,-0.81,0,-2.01,-3.3,-0.71,0,-1.25,-2.44,-0.06,0,-1.49,-2.8,-0.18,0.6,-1.83,-3.12,-0.54,0,-2.12,-3.18,-1.07,0,-1.37,-2.34,-0.4,0,-1.58,-2.65,-0.51,0,-1.93,-2.98,-0.87,0.6,0,0,0,-49.4,-1.81,0,15,0,-1.71,-2.43,-0.99,-1.71,-2.44,-0.98,NE,NE,NE,NE,NE,NE,NE,NE,NE,NE,NE,NE,NE,NE,NE,NE,NE,NE,NE,NE,NE,NE,NE,NE,NE,NE,NE,NE,NE,NE,NE,NE,NE,0,0,0,0,0,0,0,SUPP,SUPP,SUPP,SUPP,SUPP,SUPP,SUPP,SUPP,0.3,0,0,0,0.3,0.3,0,SUPP,SUPP,SUPP,SUPP,SUPP,SUPP,SUPP,SUPP,0.2,0,0,0,0.2,0.2,0,15,0,-1.71,-2.43,-0.99,-1.71,-2.44,-0.98,0,0.00%,0.00%,0.00%,NE,NE,NE,NE,NE,NE,NE,NE,0.00%,0.00%,0.00%,0.00%,0.00%,0.00%,NE,NE,NE,NE,NE,NE,NE,NE,NE,NE,NE,NE,NE,NE,NE,NE,NE,NE,NE,NE,NE,NE,NE,NE,NE,NE,NE,NE,NE,NE,NE,NE,NE,NE,NE,NE,NE,NE,NE,NE,NE,NE,NE,NE,NE,0.00%,0.00%,0.00%,0.00%,0.00%,0.00%,0.00%,0.00%,0.00%,NE,NE,NE,0.00%,5.60%,0.00%,0.00%,0,0.00%,NE,NE,NE,NE,0.00%,0.00%,NE,0.00%,0.00%,0.00%,0,0.00%,NE,NE,NE,NE,0.00%,0.00%,NE,0.00%,0.00%,0.00%,0.1,0,NE,NE,0.1,0,0.1,0,NE,NE,0.1,0,1,0,0%,Well below average
1,919,4025,144402,Croxley Danes School,,Baldwins Lane,Croxley Green,,Rickmansworth,WD3 3LR,01923284483,E14001496,South West Hertfordshire,0,0,F,None,NR,OTHER NON SEL,MIXED,0,11-18,1089,517,572,173,80,46.20%,93,53.80%,105.2,36,21.80%,85,51.50%,44,26.70%,26,15.00%,147,85.00%,45,26.00%,128,74.00%,0,0.00%,172,99.40%,2,1.20%,30,17.30%,28,16.20%,8597.5,49.7,1810,10.5,1676,9.7,2614.5,15.1,2497,14.4,2488.5,14.4,8.5,0,2.9,2.9,165,0,95%,0.1,-0.12,0.31,0.1,-0.12,0.32,0.05,-0.2,0.29,0,-0.23,0.23,0.27,0.02,0.51,0.03,-0.21,0.28,72.30%,47.40%,791.71,4.58,3.44,4.78,2.54,4.32,6.5,4.99,4.57,4.58,4.57,106,61.30%,33.50%,22.50%,168,97.10%,171,98.80%,170,98.30%,158,91.30%,109,63.00%,80.90%,66.50%,79.80%,52.60%,78.80%,58.80%,70.30%,55.10%,59.60%,44.00%,162,95%,150,95%,101,93%,0.29,0.07,0.52,0.01,-0.28,0.29,-0.75,-1.13,-0.36,140,115,138,91,134,100,111,87,65,48,104,60.10%,168,97.10%,170,98.30%,169,99.40%,156,98.70%,108,99.10%,39.4,26,0,-0.17,-0.71,0.37,-0.17,-0.72,0.38,51.5,139,0,0.15,-0.09,0.38,0.15,-0.09,0.39,8.7,-0.17,-0.79,0.45,7.8,-0.14,-0.71,0.43,11.3,-0.15,-0.77,0.48,11.6,-0.22,-0.84,0.4,10.8,0.09,-0.18,0.35,10,0.03,-0.22,0.28,15.8,0.34,0.07,0.61,14.9,0.08,-0.19,0.35,11.6,0,14.9,0.1,-10.6,-0.33,30,36,0,0.18,-0.28,0.65,0.18,-0.29,0.65,48.1,85,0,0.09,-0.22,0.39,0.09,-0.22,0.39,67.1,44,0,0.05,-0.36,0.47,0.05,-0.37,0.48,52,10.4,10.4,16.5,14.7,14.7,0,42,0,0.38,-0.05,0.81,0.38,-0.06,0.82,50,11,9.3,14.8,14.9,14.8,0.1,87,0,0.06,-0.23,0.36,0.06,-0.24,0.37,49.4,9.9,10.1,15.5,13.9,13.9,0,78,0,0.14,-0.18,0.45,0.14,-0.18,0.46,49.7,10.5,9.7,15.1,14.4,14.4,0,165,0,0.1,-0.12,0.31,0.1,-0.12,0.32,10,27.80%,5.60%,2.80%,49,57.60%,23.50%,11.80%,40,90.90%,68.20%,52.30%,38.50%,65.30%,15.40%,11.50%,36.70%,24.50%,0.48,0.19,0.34,0,0.35,0.34,-0.13,0.04,-0.57,0.09,-0.66,-0.69,-0.84,-1.09,-0.71,0.56,-0.56,0.59,0.1,0.98,-0.02,0.5,-0.12,0.77,-0.09,0.21,-1.34,0.4,-0.21,1.01,-0.33,0.26,-0.52,0.57,-0.48,0.07,-2.25,-0.3,-1.11,0.56,-1.87,-0.15,-1.23,-0.23,-1.45,53.80%,28.80%,16.30%,67.70%,37.60%,28.00%,61.00%,33.10%,22.70%,77.80%,44.40%,33.30%,69.90%,98.80%,50.00%,76.20%,9,25.00%,66,77.60%,43,97.70%,70.00%,74.20%,71.10%,72.10%,23.10%,51.70%,3,8.30%,34,40.00%,40,90.90%,46.30%,48.40%,57.80%,47.70%,3.50%,29.50%,8.1,7.1,8.2,8.5,8,8.1,8.1,7.1,8.2,8.5,8,8.1,1407,0,0%,Average
1,919,5407,136554,Dame Alice Owen's School,,Dugdale Hill Lane,,,Potters Bar,EN6 2DU,01707643441,E14001284,Hertsmere,0,0,ACC,None,NSE,OTHER NON SEL,MIXED,0,11-18,1479,732,747,210,102,48.60%,108,51.40%,112.4,4,2.20%,48,26.70%,128,71.10%,14,6.70%,196,93.30%,20,9.50%,190,90.50%,0,0.00%,209,99.50%,4,1.90%,31,14.80%,27,12.90%,15431.5,73.5,3036,14.5,3072,14.6,4707,22.4,4616.5,22,4567,21.7,49.5,0.2,2.9,2.9,180,1,86%,0.92,0.72,1.13,0.9,0.69,1.11,0.65,0.42,0.89,0.77,0.56,0.99,1,0.76,1.24,1.05,0.82,1.29,93.30%,88.10%,1478.36,7.04,3.88,7.27,SUPP,5.64,7.81,6.88,7.3,6.77,7.06,162,77.10%,74.30%,71.00%,203,96.70%,208,99.00%,205,97.60%,174,82.90%,184,87.60%,94.30%,90.00%,96.20%,91.90%,96.60%,91.70%,97.70%,97.10%,96.70%,92.40%,176,86%,154,89%,158,86%,1.04,0.82,1.25,1.29,1.01,1.57,1.19,0.88,1.5,198,189,202,193,198,188,170,169,178,170,161,76.70%,203,96.70%,208,99.00%,205,100.00%,174,100.00%,183,99.50%,43.6,10,0,0.46,-0.42,1.33,0.46,-0.44,1.35,75.6,170,1,0.95,0.74,1.16,0.93,0.71,1.14,9.2,0.39,-0.62,1.39,8.9,0.31,-0.61,1.23,12.5,0.33,-0.68,1.35,13.1,0.72,-0.28,1.72,14.8,0.67,0.43,0.91,15,0.8,0.58,1.03,23.1,1.04,0.79,1.28,22.6,1.07,0.83,1.32,13.1,0,22.4,0.3,-6.4,0.3,SUPP,SUPP,SUPP,SUPP,SUPP,SUPP,SUPP,SUPP,SUPP,60.8,48,0,1.14,0.73,1.54,1.14,0.73,1.54,80.2,128,1,0.87,0.62,1.11,0.83,0.58,1.08,72.5,14.1,14.2,22.6,21.6,20.8,0.9,18,0,1.21,0.55,1.86,1.21,0.54,1.87,75.8,15.2,14.7,23,22.9,22.7,0.2,93,0,1.05,0.77,1.34,1.05,0.76,1.35,71.1,13.7,14.5,21.8,21.1,20.7,0.3,87,1,0.79,0.49,1.08,0.74,0.44,1.04,73.7,14.5,14.7,22.5,22.1,21.8,0.2,180,1,0.92,0.72,1.13,0.9,0.69,1.11,SUPP,SUPP,SUPP,SUPP,29,60.40%,52.10%,45.80%,114,89.10%,88.30%,85.20%,42.90%,79.60%,28.60%,28.60%,77.60%,74.00%,SUPP,1.28,0.94,0.45,1.07,SUPP,1.68,1.19,0.56,1.33,SUPP,1.59,1.07,0.3,1.23,1.35,-0.46,1.29,0.85,SUPP,SUPP,1.69,0.87,1.2,0.69,1.88,-0.75,1.61,1.04,SUPP,SUPP,2.27,1.09,1.51,0.87,1.87,-1.27,1.54,0.91,SUPP,SUPP,2.23,0.95,1.42,0.72,73.50%,69.60%,65.70%,80.60%,78.70%,75.90%,77.50%,74.60%,71.30%,75.00%,75.00%,65.00%,92.90%,99.00%,64.30%,95.40%,SUPP,SUPP,42,87.50%,126,98.40%,92.20%,94.40%,95.00%,93.80%,42.90%,91.30%,SUPP,SUPP,35,72.90%,125,97.70%,87.30%,88.90%,90.00%,88.50%,9.50%,80.00%,9.4,SUPP,8.9,9.8,6.9,9.6,9.4,SUPP,8.9,9.7,6.9,9.5,1991,4,0%,Well above average
1,919,6062,117623,Egerton-Rothesay School,,Durrants Lane,,,Berkhamsted,HP4 3UJ,01442865275,E14001268,Harpenden and Berkhamsted,0,0,IND,Christian,,NA,MIXED,0,6-19,157,105,52,22,14,63.60%,8,36.40%,NP,NP,NP,NP,NP,NP,NP,NP,NP,NP,NP,NP,NP,NP,NP,NP,NP,NP,NP,NA,NA,NA,NA,NA,NA,274.3,12.5,55,2.5,94,4.3,56,2.5,69.3,3.1,52,2.4,17.3,0.8,0.5,1,NP,NP,NP,NP,NP,NP,NP,NP,NP,NP,NP,NP,NP,NP,NP,NP,NP,NP,NP,NP,NP,13.60%,9.10%,17.99,0.82,NP,NP,NP,NP,NP,NP,0.44,1.04,NP,0,0.00%,0.00%,0.00%,0,0.00%,15,68.20%,2,9.10%,5,22.70%,4,18.20%,0.00%,0.00%,13.60%,9.10%,SUPP,SUPP,SUPP,SUPP,SUPP,SUPP,NP,NP,NP,NP,NP,NP,NP,NP,NP,NP,NP,NP,NP,NP,NP,0,0,3,2,SUPP,SUPP,SUPP,SUPP,SUPP,SUPP,0,0.00%,0,0.00%,15,68.20%,SUPP,SUPP,SUPP,SUPP,SUPP,SUPP,NP,NP,NP,NP,NP,NP,NP,NP,NP,NP,NP,NP,NP,NP,NP,NP,NP,NP,NP,NP,NP,NP,NP,NP,NP,NP,NP,NP,NP,NP,NP,NP,NP,NP,NP,NP,NP,NP,NP,NP,NP,NP,NP,NP,NP,NP,NP,NP,NP,NP,NP,NP,NP,NP,NP,NP,NP,NP,NP,NP,NP,NP,NP,NP,NP,NP,NP,NP,NP,NP,NP,NP,NP,NP,NP,NP,NP,NP,NP,NP,NP,NP,NP,NP,NP,NP,NP,NP,NP,NP,NP,NP,NP,NP,NP,NP,NP,NP,8,2,2,1.6,2.4,2.4,0,NP,NP,NP,NP,NP,NP,NP,NP,15,2.8,5.6,3.1,3.6,2.4,1.2,NP,NP,NP,NP,NP,NP,NP,NP,NP,NP,NP,NP,NP,NP,NP,NP,NP,NP,NP,NP,NP,NP,NP,NP,NP,NP,NP,NP,NP,NP,NP,NP,NP,NP,NP,NP,NP,NP,NP,NP,NP,NP,NP,NP,NP,NP,NP,NP,NP,NP,NP,NP,NP,NP,NP,NP,NP,NP,NP,NP,NP,NP,NP,NP,NP,NP,NP,NP,NP,NP,NP,NP,NP,NP,NP,NP,NP,NP,NP,NP,NP,NP,NP,NP,NP,NP,0.00%,0.00%,0.00%,0.00%,0.00%,0.00%,NP,NP,NP,NP,NP,NP,4.50%,86.40%,NP,NP,NP,NP,NP,NP,NP,NP,21.40%,0.00%,NP,NP,NP,NP,NP,NP,NP,NP,NP,NP,14.30%,0.00%,NP,NP,0.00%,0.00%,3,NP,NP,NP,NP,NP,2.5,NP,NP,NP,NP,NP,65,0,0%
1,919,4004,139416,Elstree Screen Arts Academy,,Studio Way,Elstree,,Borehamwood,WD6 5NN,02083866220,E14001284,Hertsmere,0,0,UTC,Does not apply,NSE,OTHER NON SEL,MIXED,0,14-19,514,156,358,105,28,26.70%,77,73.30%,103.6,25,25.50%,54,55.10%,19,19.40%,30,28.60%,75,71.40%,4,3.80%,101,96.20%,0,0.00%,100,95.20%,8,7.60%,26,24.80%,18,17.10%,3842,36.6,942,9,804,7.7,818,7.8,1278,12.2,953,9.1,325,3.1,1.9,2.7,98,2,93%,-0.79,-1.07,-0.51,-0.83,-1.11,-0.54,-0.37,-0.69,-0.05,-0.6,-0.9,-0.31,-1.72,-2.04,-1.39,-0.4,-0.72,-0.08,55.20%,32.40%,280.22,2.67,2.33,2.8,1.49,2.78,3.87,SUPP,2.66,2.69,2.7,0,0.00%,0.00%,0.00%,98,93.30%,102,97.10%,100,95.20%,1,1.00%,3,2.90%,72.40%,50.50%,57.10%,38.10%,54.00%,31.00%,SUPP,SUPP,SUPP,SUPP,93,93%,1,SUPP,2,SUPP,-0.5,-0.8,-0.2,SUPP,SUPP,SUPP,SUPP,SUPP,SUPP,76,53,60,40,54,31,SUPP,SUPP,SUPP,SUPP,0,0.00%,98,93.30%,101,96.20%,97,97.00%,SUPP,SUPP,SUPP,SUPP,32.8,28,1,-1.08,-1.61,-0.56,-1.16,-1.69,-0.62,38.1,70,1,-0.68,-1.01,-0.34,-0.7,-1.04,-0.36,8.4,-0.65,-1.25,-0.05,6.8,-0.95,-1.51,-0.4,6.5,-2.06,-2.67,-1.46,11.1,-0.72,-1.32,-0.12,9.2,-0.26,-0.64,0.12,8,-0.46,-0.81,-0.12,8.3,-1.58,-1.96,-1.19,12.6,-0.27,-0.65,0.11,8.6,2.5,9.3,3.4,-17.2,-1.24,21.3,25,0,-0.71,-1.27,-0.16,-0.71,-1.28,-0.15,38.5,54,0,-0.63,-1.01,-0.26,-0.63,-1.02,-0.25,50.4,19,2,-1.34,-1.98,-0.7,-1.53,-2.18,-0.89,SUPP,SUPP,SUPP,SUPP,SUPP,SUPP,SUPP,SUPP,SUPP,SUPP,SUPP,SUPP,SUPP,SUPP,SUPP,37.2,9.2,7.7,7.6,12.7,9.5,3.2,73,1,-0.77,-1.1,-0.45,-0.8,-1.13,-0.47,35,8.3,7.6,8.3,10.8,8,2.8,25,1,-0.85,-1.4,-0.29,-0.91,-1.48,-0.35,37.1,9.1,7.8,7.9,12.4,9.2,3.1,93,2,-0.75,-1.04,-0.46,-0.79,-1.08,-0.49,0,0.00%,0.00%,0.00%,0,0.00%,0.00%,0.00%,0,0.00%,0.00%,0.00%,0.00%,0.00%,0.00%,0.00%,0.00%,0.00%,-0.52,-0.44,-0.65,-0.72,-0.42,NE,SUPP,NE,SUPP,NE,NE,SUPP,SUPP,NE,SUPP,-0.14,-1.31,-0.08,-0.76,0.07,-1.12,-0.04,-0.83,0.03,-1.32,SUPP,SUPP,NE,NE,NE,NE,SUPP,SUPP,NE,NE,NE,NE,SUPP,SUPP,NE,NE,SUPP,SUPP,SUPP,SUPP,0.00%,0.00%,0.00%,0.00%,0.00%,0.00%,0.00%,0.00%,0.00%,SUPP,SUPP,SUPP,47.60%,98.10%,43.30%,60.00%,4,16.00%,33,61.10%,17,89.50%,50.00%,57.10%,SUPP,56.00%,30.00%,33.30%,0,0.00%,18,33.30%,13,68.40%,39.30%,29.90%,SUPP,32.00%,0.00%,0.00%,6.9,6.4,7.2,6.9,6.8,7,6,5.4,6.3,5.9,5.9,6,779,2,0%,SUPP
2,919,6009,145962,Elysium Healthcare Potters Bar Clinic School,,Barnet Road,Potters Bar,Hertfordshire,Potters Bar,EN6 2SE,01707858585,E14001284,Hertsmere,0,0,INDSS,None,,NA,MIXED,0,11-19,10,0,10,4,SUPP,SUPP,SUPP,SUPP,NP,NP,NP,NP,NP,NP,NP,NP,NP,NP,NP,NP,NP,NP,NP,NP,NP,NP,NP,,,,,,,SUPP,SUPP,SUPP,SUPP,SUPP,SUPP,SUPP,SUPP,SUPP,SUPP,SUPP,SUPP,SUPP,SUPP,SUPP,SUPP,NP,NP,NP,NP,NP,NP,NP,NP,NP,NP,NP,NP,NP,NP,NP,NP,NP,NP,NP,NP,NP,SUPP,SUPP,SUPP,SUPP,NP,NP,NP,NP,NP,NP,SUPP,SUPP,NP,SUPP,SUPP,SUPP,SUPP,SUPP,SUPP,SUPP,SUPP,SUPP,SUPP,SUPP,SUPP,SUPP,SUPP,SUPP,SUPP,SUPP,SUPP,SUPP,SUPP,SUPP,SUPP,SUPP,SUPP,NP,NP,NP,NP,NP,NP,NP,NP,NP,NP,NP,NP,NP,NP,NP,SUPP,SUPP,SUPP,SUPP,SUPP,SUPP,SUPP,SUPP,SUPP,SUPP,SUPP,SUPP,SUPP,SUPP,SUPP,SUPP,SUPP,SUPP,SUPP,SUPP,SUPP,SUPP,NP,NP,NP,NP,NP,NP,NP,NP,NP,NP,NP,NP,NP,NP,NP,NP,NP,NP,NP,NP,NP,NP,NP,NP,NP,NP,NP,NP,NP,NP,NP,NP,NP,NP,NP,NP,NP,NP,NP,NP,NP,NP,NP,NP,NP,NP,NP,NP,NP,NP,NP,NP,NP,NP,NP,NP,NP,NP,NP,NP,NP,NP,NP,NP,NP,NP,NP,NP,NP,NP,NP,NP,NP,NP,NP,NP,NP,NP,NP,NP,NP,NP,NP,NP,NP,NP,NP,NP,NP,NP,NP,NP,NP,NP,NP,NP,NP,NP,SUPP,SUPP,SUPP,SUPP,SUPP,SUPP,SUPP,NP,NP,NP,NP,NP,NP,NP,NP,SUPP,SUPP,SUPP,SUPP,SUPP,SUPP,SUPP,NP,NP,NP,NP,NP,NP,NP,NP,NP,NP,NP,NP,NP,NP,NP,NP,NP,NP,NP,NP,NP,NP,NP,NP,NP,NP,NP,NP,NP,NP,NP,NP,NP,NP,NP,NP,NP,NP,NP,NP,NP,NP,NP,NP,NP,NP,NP,NP,NP,NP,NP,NP,NP,NP,NP,NP,NP,NP,NP,NP,NP,NP,NP,NP,NP,NP,NP,NP,NP,NP,NP,NP,NP,NP,NP,NP,NP,NP,NP,NP,NP,NP,NP,NP,NP,NP,SUPP,SUPP,SUPP,SUPP,SUPP,SUPP,NP,NP,NP,NP,NP,NP,SUPP,SUPP,NP,NP,NP,NP,NP,NP,NP,NP,SUPP,SUPP,NP,NP,NP,NP,NP,NP,NP,NP,NP,NP,SUPP,SUPP,NP,NP,SUPP,SUPP,SUPP,NP,NP,NP,NP,NP,SUPP,NP,NP,NP,NP,NP,SUPP,SUPP,SUPP
2,919,7033,117686,Falconer School,,Falconer Road,,,Bushey,WD23 3AT,02089502505,E14001284,Hertsmere,0,0,CYS,Does not apply,NA,NA,BOYS,0,11-16,85,85,NA,22,22,100.00%,NA,0.00%,91.4,12,75.00%,4,25.00%,0,0.00%,15,68.20%,7,31.80%,0,0.00%,22,100.00%,0,0.00%,21,95.50%,,,,,,,131,6,10,0.5,54,2.5,49,2.2,18,0.8,18,0.8,0,0,1.1,0.2,16,0,73%,-1.91,-2.61,-1.22,-1.91,-2.62,-1.21,-2.81,-3.6,-2.02,-0.87,-1.59,-0.14,-1.46,-2.26,-0.66,-2.47,-3.26,-1.68,0.00%,0.00%,12.16,0.55,0.5,0.67,0.61,SUPP,NE,NE,NE,0.55,0.56,0,0.00%,0.00%,0.00%,1,4.50%,16,72.70%,13,59.10%,1,4.50%,0,0.00%,0.00%,0.00%,4.50%,4.50%,7.70%,7.70%,SUPP,SUPP,NE,NE,12,92%,1,SUPP,,NE,-1.23,-2.05,-0.4,SUPP,SUPP,SUPP,NE,NE,NE,0,0,1,1,1,1,SUPP,SUPP,NE,NE,0,0.00%,1,4.50%,13,59.10%,11,84.60%,SUPP,SUPP,NE,NE,6,10,0,-2.26,-3.14,-1.38,-2.26,-3.16,-1.37,5.9,6,0,-1.33,-2.47,-0.2,-1.33,-2.49,-0.18,0.5,-3.2,-4.2,-2.19,2.4,-1.21,-2.13,-0.28,2,-1.9,-2.92,-0.89,1.1,-2.7,-3.7,-1.7,0.4,-2.17,-3.46,-0.87,2.6,-0.3,-1.49,0.89,2.7,-0.72,-2.03,0.59,0.1,-2.09,-3.38,-0.79,1.1,0,0.1,0,-44,-2.42,6.1,12,0,-1.5,-2.3,-0.7,-1.5,-2.31,-0.68,SUPP,SUPP,SUPP,SUPP,SUPP,SUPP,SUPP,SUPP,SUPP,NE,NE,NE,NE,NE,NE,NE,NE,NE,NE,NE,NE,NE,NE,NE,NE,NE,NE,NE,NE,NE,NE,NE,NE,NE,NE,NE,NE,NE,NE,NE,NE,NE,NE,NE,NE,NE,NE,NE,6,0.5,2.5,2.2,0.8,0.8,0,16,0,-1.91,-2.61,-1.22,-1.91,-2.62,-1.21,6,0.4,2.5,2.3,0.8,0.8,0,15,0,-1.81,-2.53,-1.1,-1.81,-2.54,-1.09,0,0.00%,0.00%,0.00%,SUPP,SUPP,SUPP,SUPP,NE,NE,NE,NE,0.00%,0.00%,0.00%,0.00%,0.00%,0.00%,-0.96,SUPP,NE,-1.63,SUPP,SUPP,SUPP,NE,NE,SUPP,NE,SUPP,NE,NE,NE,-0.55,-2.7,SUPP,SUPP,-0.01,-1.92,SUPP,SUPP,NE,NE,NE,NE,SUPP,SUPP,SUPP,SUPP,SUPP,SUPP,NE,NE,NE,NE,NE,NE,NE,NE,SUPP,SUPP,NE,NE,0.00%,0.00%,0.00%,NE,NE,NE,0.00%,0.00%,0.00%,NE,NE,NE,0.00%,68.20%,0.00%,0.00%,0,0.00%,SUPP,SUPP,NE,NE,0.00%,NE,NE,0.00%,0.00%,0.00%,0,0.00%,SUPP,SUPP,NE,NE,0.00%,NE,NE,0.00%,0.00%,0.00%,2.1,2.4,SUPP,NE,2,2.4,2.1,2.4,SUPP,NE,2,2.4,47,0,0%,Well below average
1,919,4010,117504,Fearnhill School,,Icknield Way West,,,Letchworth,SG6 4BA,01462621200,E14001393,North East Hertfordshire,0,0,FD,Does not apply,NSE,OTHER NON SEL,MIXED,0,11-18,596,305,291,106,55,51.90%,51,48.10%,101.8,36,35.00%,52,50.50%,15,14.60%,35,33.00%,71,67.00%,11,10.40%,95,89.60%,0,0.00%,97,91.50%,8,7.50%,17,16.00%,9,8.50%,4367,41.2,906,8.5,890,8.4,1347.5,12.7,1223.5,11.5,1060.5,10,163,1.5,2.8,2.7,103,3,97%,-0.14,-0.41,0.13,-0.14,-0.42,0.14,-0.38,-0.69,-0.06,0.03,-0.26,0.31,0.15,-0.17,0.46,-0.38,-0.69,-0.07,53.80%,34.00%,400.81,3.78,3.05,4.14,2.32,4.29,5.21,4.03,3.75,3.81,3.97,47,44.30%,22.60%,9.40%,95,89.60%,101,95.30%,99,93.40%,91,85.80%,48,45.30%,63.20%,48.10%,61.30%,42.50%,64.60%,44.40%,58.20%,42.90%,52.10%,29.20%,96,97%,88,97%,46,96%,0.36,0.07,0.65,0.22,-0.15,0.59,-0.69,-1.26,-0.12,67,51,65,45,64,44,53,39,25,14,46,43.40%,95,89.60%,101,95.30%,99,100.00%,91,100.00%,47,97.90%,33.6,34,2,-0.7,-1.17,-0.22,-0.7,-1.18,-0.21,44.9,69,1,0.14,-0.2,0.47,0.13,-0.21,0.47,7.1,-0.91,-1.46,-0.37,6.9,-0.5,-1,0,10.5,-0.4,-0.95,0.15,9.2,-0.99,-1.53,-0.44,9.2,-0.11,-0.49,0.27,9.2,0.29,-0.06,0.64,13.8,0.41,0.03,0.8,12.7,-0.08,-0.47,0.3,7.4,1.8,11.3,1.4,-16.4,-0.86,26.6,36,0,0.02,-0.45,0.48,0.02,-0.46,0.49,46.6,52,1,0.02,-0.37,0.4,0.01,-0.38,0.41,54.1,15,2,-1.05,-1.76,-0.33,-1.05,-1.78,-0.32,41.8,9,7.5,13,12.3,11.3,1,9,1,0.61,-0.32,1.53,0.59,-0.35,1.53,41.2,8.9,7.6,12.5,12.2,10.2,2,49,2,-0.1,-0.5,0.3,-0.1,-0.51,0.3,41.2,8.2,9.1,12.9,11,9.8,1.1,54,1,-0.17,-0.55,0.2,-0.18,-0.56,0.21,43.2,8.9,8.7,13.3,12.2,10.6,1.6,94,3,0.06,-0.23,0.34,0.05,-0.24,0.35,6,16.70%,5.60%,2.80%,31,59.60%,28.80%,9.60%,8,53.30%,33.30%,26.70%,31.40%,50.70%,8.60%,2.90%,29.60%,12.70%,0.57,0.41,-0.25,-0.13,0.61,0.23,0.24,0.1,-0.26,0.43,-0.28,-0.7,-1.02,-1.46,-0.48,0.38,-0.63,0.97,0.25,1.08,0.07,0.82,0.01,0.49,-0.99,0.41,-0.93,0.87,-0.02,0.9,-0.44,0.74,-0.26,1.11,-0.9,-0.24,-2.67,0.16,-1.12,1.17,-1.73,-0.01,-1.39,0.34,-2.37,43.60%,14.50%,9.10%,45.10%,31.40%,9.80%,47.40%,24.70%,10.30%,63.60%,54.50%,18.20%,49.10%,95.30%,31.40%,64.80%,7,19.40%,35,67.30%,12,80.00%,56.40%,51.00%,54.50%,57.70%,14.30%,43.70%,2,5.60%,21,40.40%,11,73.30%,38.20%,29.40%,27.30%,37.10%,2.80%,4.70%,7.4,6.9,7.7,7.5,7,7.6,6.7,5.9,7.1,7.2,6.2,7,786,0,0%,Average
1,919,4141,137002,Freman College,,Bowling Green Lane,,,Buntingford,SG9 9BT,01763271818,E14001393,North East Hertfordshire,0,0,ACC,None,NSE,OTHER NON SEL,MIXED,0,13-18,996,532,464,230,111,48.30%,119,51.70%,105.2,41,18.20%,127,56.40%,57,25.30%,18,7.80%,212,92.20%,5,2.20%,225,97.80%,0,0.00%,228,99.10%,5,2.20%,31,13.50%,26,11.30%,12333.5,53.6,2528,11,2414,10.5,3586.5,15.6,3805,16.5,3247,14.1,558,2.4,3,3,225,1,98%,0.58,0.4,0.77,0.58,0.39,0.77,0.37,0.16,0.58,0.48,0.29,0.67,0.55,0.33,0.76,0.81,0.6,1.03,80.40%,59.10%,1065.54,4.63,3.19,4.75,2.79,4.58,6.12,SUPP,4.82,4.44,4.66,70,30.40%,26.10%,18.70%,228,99.10%,229,99.60%,229,99.60%,226,98.30%,70,30.40%,89.60%,73.00%,83.50%,65.20%,76.00%,52.40%,72.10%,61.90%,92.90%,77.10%,224,98%,221,98%,69,99%,0.27,0.08,0.46,0.7,0.46,0.93,0.87,0.41,1.33,206,168,192,150,174,120,163,140,65,54,70,30.40%,228,99.10%,229,99.60%,229,100.00%,226,100.00%,70,100.00%,38.6,18,0,-0.17,-0.82,0.49,-0.17,-0.83,0.5,54.9,207,1,0.65,0.45,0.84,0.64,0.45,0.84,8.8,-0.04,-0.79,0.7,7.3,-0.26,-0.94,0.43,10.7,-0.29,-1.05,0.47,11.8,-0.07,-0.82,0.67,11.2,0.41,0.19,0.63,10.8,0.54,0.34,0.75,16,0.62,0.4,0.84,16.9,0.89,0.67,1.11,8.2,3.6,14.6,2.3,-11.4,-0.33,35.5,41,0,0.66,0.22,1.09,0.66,0.22,1.1,53.7,127,0,0.73,0.49,0.98,0.73,0.48,0.98,67.2,57,1,0.19,-0.17,0.56,0.18,-0.2,0.55,SUPP,SUPP,SUPP,SUPP,SUPP,SUPP,SUPP,SUPP,SUPP,SUPP,SUPP,SUPP,SUPP,SUPP,SUPP,56.2,11.9,10.4,16,17.9,15.7,2.2,116,1,0.65,0.4,0.91,0.65,0.38,0.91,50.8,10,10.6,15.2,15.1,12.4,2.7,109,0,0.51,0.24,0.77,0.51,0.23,0.78,53.9,11,10.5,15.7,16.6,14.2,2.4,223,1,0.61,0.42,0.8,0.61,0.42,0.79,1,2.40%,0.00%,0.00%,37,29.10%,22.00%,12.60%,31,54.40%,54.40%,45.60%,11.10%,32.10%,11.10%,5.60%,27.40%,19.80%,0.44,0.44,-0.21,-0.33,0.32,0.43,0.86,0.52,-0.03,0.75,SUPP,0.7,0.96,SUPP,0.91,0.36,-1.02,0.52,0.12,0.89,-0.01,0.69,0.19,0.17,-0.59,0.84,-0.9,1,0.51,0.99,-0.13,1.16,0.55,0.99,0.05,SUPP,SUPP,1.38,0.44,SUPP,SUPP,1.33,0.07,1.65,0.27,27.90%,23.40%,15.30%,32.80%,28.60%,21.80%,30.70%,26.30%,18.90%,SUPP,SUPP,SUPP,77.80%,99.60%,44.40%,83.50%,17,41.50%,111,87.40%,55,96.50%,79.30%,81.50%,SUPP,81.10%,33.30%,61.30%,2,4.90%,81,63.80%,51,89.50%,56.80%,61.30%,SUPP,59.60%,4.30%,50.40%,9,7.7,9,9.9,7.9,9.1,8.2,6.7,8.3,9.3,6.7,8.4,2082,0,0%,SUPP
1,919,6905,135876,Future Academies Watford,,Horseshoe Lane,Garston,,Watford,WD25 7HW,01923672964,E14001568,Watford,0,0,AC,Does not apply,NSE,OTHER NON SEL,MIXED,0,11-18,1080,535,545,197,94,47.70%,103,52.30%,101.7,59,31.10%,114,60.00%,17,8.90%,48,24.40%,149,75.60%,19,9.60%,178,90.40%,0,0.00%,191,97.00%,2,1.00%,37,18.80%,35,17.80%,7763,39.4,1825,9.3,1572,8,2180.5,11.1,2185.5,11.1,2185.5,11.1,0,0,2.6,2.7,190,3,96%,-0.16,-0.36,0.04,-0.17,-0.38,0.03,0.14,-0.09,0.37,-0.06,-0.27,0.16,-0.25,-0.49,-0.02,-0.37,-0.6,-0.14,58.40%,38.60%,698.81,3.55,2.11,4.01,1.93,4.13,5.16,4.24,3.69,3.39,3.55,110,55.80%,20.80%,9.60%,190,96.40%,192,97.50%,182,92.40%,165,83.80%,117,59.40%,71.60%,52.30%,61.90%,40.60%,54.40%,34.10%,43.00%,27.90%,47.90%,36.80%,176,97%,161,98%,113,97%,-0.14,-0.35,0.08,-0.52,-0.8,-0.25,-0.51,-0.87,-0.15,141,103,122,80,99,62,71,46,56,43,106,53.80%,186,94.40%,184,93.40%,177,97.30%,155,93.90%,113,96.60%,24.9,46,1,-0.89,-1.29,-0.48,-0.89,-1.31,-0.47,44.1,144,2,0.07,-0.16,0.3,0.06,-0.18,0.29,6.3,-0.65,-1.12,-0.19,4.9,-0.79,-1.22,-0.37,6.4,-1.05,-1.52,-0.57,7.3,-0.95,-1.42,-0.49,10.2,0.39,0.13,0.66,9,0.18,-0.06,0.42,12.6,0,-0.27,0.27,12.3,-0.18,-0.45,0.08,7.3,0,12.3,0,-25.1,-1.05,23.7,59,0,-0.3,-0.66,0.06,-0.3,-0.66,0.07,45.1,114,2,-0.01,-0.27,0.25,-0.01,-0.28,0.25,54.8,17,1,-0.7,-1.37,-0.03,-0.8,-1.49,-0.12,44.6,9.9,9.1,13.8,11.9,11.9,0,15,0,0.52,-0.2,1.23,0.52,-0.21,1.25,41.2,9.9,8.1,11.4,11.9,11.9,0,99,1,-0.05,-0.33,0.23,-0.07,-0.35,0.22,37.4,8.6,7.9,10.8,10.3,10.3,0,91,2,-0.28,-0.57,0.01,-0.28,-0.58,0.01,39.4,9.3,7.9,11,11.2,11.2,0,187,3,-0.13,-0.34,0.07,-0.14,-0.35,0.06,19,32.20%,1.70%,0.00%,76,66.70%,28.10%,13.20%,13,76.50%,41.20%,23.50%,39.60%,61.10%,6.30%,0.00%,25.50%,12.80%,-0.45,0.07,-0.49,-0.85,0.07,-0.62,-0.34,-1.44,-1.11,-0.38,-0.98,-0.24,-1.38,-1.54,-0.29,-0.4,-1.31,0.31,-0.18,-0.05,-0.84,0.35,-0.21,0.22,-1.2,-0.5,-1.73,-0.07,-0.68,-0.09,-1.15,0.01,-0.68,-0.57,-2.31,-0.68,-2.4,0.11,-0.69,-0.16,-1.79,0.2,-0.67,-0.31,-2.44,48.90%,19.10%,10.60%,62.10%,22.30%,8.70%,57.60%,21.50%,9.90%,78.90%,31.60%,10.50%,48.70%,98.00%,29.20%,67.80%,10,16.90%,85,74.60%,15,88.20%,54.30%,62.10%,63.20%,58.10%,12.50%,47.00%,1,1.70%,59,51.80%,13,76.50%,37.20%,39.80%,42.10%,38.20%,4.60%,22.80%,7.7,7.4,7.9,7.8,6.9,8,7.7,7.4,7.9,7.8,6.9,8,1526,0,0%,Average
2,919,7008,117667,Garston Manor School,,Horseshoe Lane,Garston,,Watford,WD25 7HR,01923673757,E14001496,South West Hertfordshire,0,0,CYS,Does not apply,NA,NA,MIXED,0,11-16,151,115,36,23,19,82.60%,4,17.40%,74.6,20,100.00%,0,0.00%,0,0.00%,10,43.50%,13,56.50%,3,13.00%,20,87.00%,0,0.00%,22,95.70%,,,,,,,39,1.7,12,0.5,10,0.4,8,0.3,9,0.4,9,0.4,0,0,0.1,0.1,20,0,87%,-1.5,-2.12,-0.88,-1.5,-2.13,-0.87,-1.76,-2.46,-1.05,-1.05,-1.7,-0.4,-1.4,-2.11,-0.68,-1.72,-2.43,-1.02,4.30%,4.30%,3.17,0.14,0,0.24,0.16,NE,NE,SUPP,SUPP,SUPP,0.14,0,0.00%,0.00%,0.00%,1,4.30%,1,4.30%,1,4.30%,0,0.00%,0,0.00%,4.30%,4.30%,4.30%,4.30%,SUPP,SUPP,NE,NE,NE,NE,1,SUPP,,NE,,NE,SUPP,SUPP,SUPP,NE,NE,NE,NE,NE,NE,1,1,1,1,SUPP,SUPP,NE,NE,NE,NE,0,0.00%,1,4.30%,1,4.30%,SUPP,SUPP,NE,NE,NE,NE,0,8,0,-1.67,-2.65,-0.68,-1.67,-2.66,-0.67,3,12,0,-1.39,-2.19,-0.59,-1.39,-2.2,-0.57,0,-2.03,-3.15,-0.91,0,-1.27,-2.3,-0.24,0,-1.5,-2.64,-0.37,0,-1.85,-2.97,-0.73,0.9,-1.57,-2.49,-0.66,0.8,-0.91,-1.75,-0.07,0.6,-1.33,-2.25,-0.4,0.7,-1.64,-2.55,-0.73,0,0,0.7,0,-50,-1.83,2,20,0,-1.5,-2.12,-0.88,-1.5,-2.13,-0.87,NE,NE,NE,NE,NE,NE,NE,NE,NE,NE,NE,NE,NE,NE,NE,NE,NE,NE,SUPP,SUPP,SUPP,SUPP,SUPP,SUPP,SUPP,SUPP,SUPP,SUPP,SUPP,SUPP,SUPP,SUPP,SUPP,SUPP,SUPP,SUPP,SUPP,SUPP,SUPP,SUPP,SUPP,SUPP,SUPP,SUPP,SUPP,SUPP,SUPP,SUPP,SUPP,SUPP,SUPP,SUPP,SUPP,SUPP,SUPP,SUPP,SUPP,SUPP,SUPP,SUPP,SUPP,SUPP,SUPP,1.8,0.5,0.5,0.4,0.4,0.4,0,19,0,-1.47,-2.1,-0.83,-1.47,-2.12,-0.82,0,0.00%,0.00%,0.00%,NE,NE,NE,NE,NE,NE,NE,NE,0.00%,0.00%,0.00%,0.00%,0.00%,0.00%,SUPP,NE,NE,NE,SUPP,NE,NE,NE,NE,NE,NE,NE,NE,NE,NE,NE,NE,SUPP,SUPP,SUPP,SUPP,NE,NE,NE,NE,NE,NE,NE,NE,NE,NE,NE,NE,NE,NE,NE,NE,NE,NE,NE,NE,NE,NE,NE,NE,SUPP,SUPP,SUPP,SUPP,SUPP,SUPP,0.00%,0.00%,0.00%,SUPP,SUPP,SUPP,4.30%,4.30%,0.00%,7.70%,1,5.00%,NE,NE,NE,NE,SUPP,SUPP,SUPP,4.50%,0.00%,7.70%,1,5.00%,NE,NE,NE,NE,SUPP,SUPP,SUPP,4.50%,0.00%,0.00%,0.2,0.3,NE,NE,0,0.4,0.2,0.3,NE,NE,0,0.4,5,0,0%,Well below average
1,919,5425,145297,Goffs - Churchgate Academy,,College Road,Cheshunt,,Waltham Cross,EN8 9LY,01992624375,E14001139,Broxbourne,0,0,ACC,None,NSE,OTHER NON SEL,MIXED,0,11-16,601,303,298,110,53,48.20%,57,51.80%,101.9,34,33.00%,59,57.30%,10,9.70%,30,27.30%,80,72.70%,22,20.00%,88,80.00%,0,0.00%,103,93.60%,3,2.70%,30,27.30%,27,24.50%,5011.8,45.6,1146,10.4,972,8.8,1366,12.4,1527.8,13.9,909.5,8.3,618.3,5.6,2.9,2.9,103,0,94%,0.37,0.1,0.64,0.37,0.09,0.65,0.61,0.3,0.92,0.31,0.02,0.6,0.13,-0.18,0.45,0.49,0.17,0.8,65.50%,40.90%,442.82,4.03,3.48,4.23,2.44,4.44,6.67,4.24,4.06,3.99,4.02,74,67.30%,24.50%,11.80%,109,99.10%,110,100.00%,109,99.10%,107,97.30%,74,67.30%,81.80%,61.80%,66.40%,44.50%,48.60%,34.90%,51.40%,38.30%,47.30%,29.70%,102,94%,100,93%,72,97%,-0.18,-0.47,0.1,0.11,-0.24,0.45,-0.46,-0.92,-0.01,90,68,73,49,53,38,55,41,35,22,72,65.50%,108,98.20%,109,99.10%,106,97.20%,104,97.20%,74,100.00%,40.1,29,0,-0.05,-0.57,0.46,-0.05,-0.58,0.47,47.6,74,0,0.53,0.21,0.86,0.53,0.21,0.86,9.3,0.21,-0.38,0.79,7.9,-0.12,-0.66,0.43,10.6,-0.35,-0.95,0.25,12.3,0.11,-0.48,0.7,10.8,0.77,0.4,1.13,9.2,0.47,0.14,0.81,13.1,0.32,-0.05,0.7,14.5,0.63,0.26,1,6.8,5.5,8.8,5.7,-9.9,-0.21,29.9,34,0,0.31,-0.17,0.78,0.31,-0.18,0.79,49.8,59,0,0.35,-0.01,0.71,0.35,-0.02,0.72,70.1,10,0,0.69,-0.18,1.57,0.69,-0.2,1.59,47.6,11.2,9.2,13.2,14,8.8,5.2,18,0,0.57,-0.09,1.22,0.57,-0.1,1.23,46.6,10.8,8.6,12.4,14.7,9.3,5.4,52,0,0.34,-0.04,0.73,0.34,-0.05,0.74,44.5,10,9.1,12.4,13,7.1,5.9,51,0,0.39,0,0.78,0.39,0,0.79,45.5,10.4,8.8,12.3,13.9,8.3,5.6,98,0,0.41,0.13,0.69,0.41,0.13,0.7,17,50.00%,0.00%,0.00%,46,78.00%,27.10%,13.60%,9,90.00%,90.00%,40.00%,63.30%,68.80%,20.00%,3.30%,26.30%,15.00%,-0.25,-0.22,0.29,-0.8,0.06,-0.11,0.18,0.34,-0.32,0.27,-0.75,-0.54,0.48,-0.54,-0.43,-0.27,-1.33,0.39,-0.27,0.24,-0.75,0.15,-0.59,1.19,-0.61,0.34,-0.98,0.68,-0.14,0.51,-0.72,0.64,-0.27,1.44,-0.76,0.34,-1.42,0.09,-0.96,0.18,-1.68,0.02,-1.11,1.76,-0.8,66.00%,22.60%,9.40%,68.40%,26.30%,14.00%,68.90%,24.30%,12.60%,63.60%,31.80%,13.60%,57.30%,100.00%,53.30%,70.00%,9,26.50%,49,83.10%,10,100.00%,64.20%,66.70%,54.50%,64.10%,33.30%,43.80%,1,2.90%,31,52.50%,10,100.00%,39.60%,42.10%,50.00%,41.70%,2.70%,16.40%,9,8.4,9.2,9.8,8.9,9,7.1,6.2,7.5,8.5,7,7.2,992,0,0%,Above average
1,919,5415,137532,Goffs Academy,,Goffs Lane,Cheshunt,,Waltham Cross,EN7 5QW,01992661456,E14001139,Broxbourne,0,0,ACC,None,NSE,OTHER NON SEL,MIXED,0,11-18,1599,789,810,238,116,48.70%,122,51.30%,104.9,45,19.30%,125,53.60%,63,27.00%,26,10.90%,212,89.10%,40,16.80%,198,83.20%,0,0.00%,228,95.80%,2,0.80%,25,10.50%,23,9.70%,11786,49.5,2534,10.6,2420,10.2,3421.5,14.4,3410.5,14.3,2662.5,11.2,748,3.1,2.9,2.9,233,1,98%,0.22,0.03,0.4,0.21,0.02,0.39,0.25,0.04,0.46,0.36,0.17,0.55,0.16,-0.05,0.37,0.13,-0.08,0.33,71.40%,51.70%,1082.58,4.55,3.28,4.7,2.65,4.3,6.38,5.29,4.77,4.31,4.57,154,64.70%,32.80%,23.50%,237,99.60%,237,99.60%,237,99.60%,221,92.90%,158,66.40%,86.10%,68.50%,74.40%,58.80%,65.40%,44.70%,63.30%,48.90%,60.80%,49.40%,232,98%,217,98%,154,97%,0.1,-0.09,0.29,-0.01,-0.25,0.22,-0.47,-0.78,-0.16,205,163,177,140,155,106,140,108,96,78,152,63.90%,237,99.60%,236,99.20%,236,99.60%,220,99.50%,156,98.70%,36.9,25,0,-0.27,-0.83,0.28,-0.27,-0.84,0.29,51.1,208,1,0.27,0.08,0.47,0.27,0.07,0.46,7.9,-0.34,-0.97,0.3,7.8,-0.02,-0.61,0.56,10.5,-0.29,-0.93,0.35,10.6,-0.37,-1.01,0.26,11,0.32,0.1,0.54,10.5,0.4,0.2,0.6,14.8,0.22,0,0.44,14.8,0.19,-0.03,0.41,6.7,3.9,11.7,3,-13.1,-0.43,32.9,45,0,0.43,0.02,0.84,0.43,0.01,0.85,47.2,125,0,0.22,-0.03,0.47,0.22,-0.04,0.47,66.2,63,1,0.06,-0.29,0.41,0.03,-0.32,0.39,55.6,11.4,11.8,17.2,15.2,12.3,3,35,0,0.52,0.05,0.99,0.52,0.05,1,51.8,11.3,10,15,15.5,12.1,3.4,121,0,0.29,0.03,0.54,0.29,0.03,0.54,47.1,9.9,10.4,13.7,13.1,10.2,2.9,112,1,0.14,-0.12,0.4,0.13,-0.14,0.39,49.8,10.7,10.2,14.4,14.5,11.4,3.1,226,1,0.22,0.04,0.41,0.22,0.03,0.4,10,22.20%,2.20%,2.20%,82,65.60%,24.00%,13.60%,59,93.70%,74.60%,60.30%,34.60%,68.40%,15.40%,11.50%,34.90%,25.00%,0.1,0.11,0.07,-0.27,0.14,0.17,-0.08,0.01,-0.47,0.03,0.16,-0.41,-0.68,0.18,-0.51,0.3,-0.84,0.34,-0.06,0.53,-0.33,0.37,-0.15,0.44,-0.29,0.38,-1.31,0.27,-0.22,0.75,-0.41,0.24,-0.4,0.45,-0.43,1.46,-1.1,-0.2,-0.83,1.31,-1,0.01,-0.83,-0.18,-1.18,57.80%,25.00%,15.50%,71.30%,40.20%,31.10%,66.70%,34.20%,24.60%,75.00%,37.50%,30.00%,66.00%,99.60%,42.30%,75.00%,10,22.20%,97,77.60%,61,96.80%,70.70%,72.10%,77.50%,71.90%,30.80%,54.20%,6,13.30%,57,45.60%,59,93.70%,49.10%,54.10%,67.50%,52.20%,5.50%,12.60%,8.2,7.7,8,9.1,7.5,8.3,7.4,6.3,7.1,8.8,6.1,7.6,1967,1,0%,Above average
1,919,4036,147785,The Grange Academy,,London Road,,,Bushey,WD23 3AA,02089509502,E14001284,Hertsmere,0,0,AC,Unknown,NR,OTHER NON SEL,MIXED,0,11-18,982,492,490,169,82,48.50%,87,51.50%,101.8,48,33.60%,81,56.60%,14,9.80%,36,21.30%,133,78.70%,38,22.50%,128,75.70%,3,1.80%,154,91.10%,4,2.40%,19,11.20%,15,8.90%,6360.5,37.6,1482,8.8,1272,7.5,1816.5,10.7,1790,10.6,1790,10.6,0,0,2.6,2.6,143,1,85%,-0.29,-0.52,-0.05,-0.29,-0.53,-0.05,-0.01,-0.28,0.25,-0.25,-0.49,-0.01,-0.32,-0.59,-0.06,-0.47,-0.73,-0.2,53.80%,32.50%,571.03,3.38,2.5,3.62,2.33,3.79,5.66,3.5,3.55,3.2,3.36,77,45.60%,20.10%,11.80%,159,94.10%,165,97.60%,158,93.50%,120,71.00%,87,51.50%,65.70%,51.50%,55.00%,35.50%,48.70%,25.30%,58.30%,38.30%,60.90%,48.30%,135,85%,106,88%,79,91%,-0.43,-0.67,-0.18,-0.05,-0.39,0.29,-0.04,-0.47,0.4,111,87,93,60,77,40,70,46,53,42,76,45.00%,155,91.70%,162,95.90%,153,96.80%,119,99.20%,87,100.00%,28.8,34,1,-0.95,-1.43,-0.48,-0.97,-1.45,-0.49,40,109,0,-0.08,-0.34,0.19,-0.08,-0.35,0.19,7.3,-0.6,-1.14,-0.06,5.7,-0.84,-1.34,-0.34,7.7,-1.12,-1.67,-0.57,8.1,-1.15,-1.7,-0.61,9.2,0.17,-0.13,0.48,8,-0.06,-0.34,0.22,11.6,-0.08,-0.38,0.23,11.3,-0.25,-0.56,0.05,8.1,0,11.3,0,-21.2,-1.11,27,48,0,-0.03,-0.43,0.37,-0.03,-0.44,0.37,41.6,81,1,-0.41,-0.72,-0.1,-0.42,-0.73,-0.11,61.6,14,0,-0.41,-1.15,0.33,-0.41,-1.17,0.34,37.7,8.1,8.1,11.6,10,10,0,23,0,0.63,0.05,1.21,0.63,0.04,1.22,39.8,9.7,7.3,11.1,11.8,11.8,0,73,1,-0.15,-0.47,0.18,-0.16,-0.49,0.17,35.3,7.8,7.7,10.4,9.3,9.3,0,70,0,-0.43,-0.76,-0.1,-0.43,-0.77,-0.09,37.2,8.7,7.4,10.6,10.5,10.5,0,138,1,-0.29,-0.52,-0.05,-0.29,-0.53,-0.05,14,29.20%,4.20%,0.00%,48,59.30%,27.20%,13.60%,11,78.60%,50.00%,50.00%,30.60%,49.60%,11.10%,5.60%,22.60%,13.50%,0.07,-0.59,-1.02,-0.96,-0.27,0.39,-0.02,-1.16,-0.61,0.05,0.28,-0.05,-0.41,-0.01,-0.04,-0.44,-1.48,0,-0.55,0.51,-0.37,-0.27,-0.92,-0.26,-1.79,0.26,-1.48,0.42,-0.32,1.04,-0.26,0.41,-0.46,-0.19,-2.12,1.05,-1.08,0.43,-0.51,1.24,-0.68,0.49,-0.59,0.69,-1.52,40.20%,12.20%,6.10%,50.60%,27.60%,17.20%,48.10%,20.80%,11.70%,44.70%,23.70%,13.20%,49.70%,97.60%,36.10%,58.60%,11,22.90%,57,70.40%,14,100.00%,48.80%,58.60%,47.40%,53.20%,25.00%,34.60%,5,10.40%,31,38.30%,11,78.60%,28.00%,36.80%,36.80%,31.20%,2.40%,33.10%,7.8,7,8.2,9.9,7,8,7.8,7,8.2,9.9,7,8,1324,0,0%,Below average
2,919,7042,117690,Greenside School,,Shephall Green,,,Stevenage,SG2 9XS,01438315356,E14001516,Stevenage,0,0,CYS,Does not apply,NA,NA,MIXED,0,2-19,179,124,55,11,7,63.60%,4,36.40%,64,11,100.00%,0,0.00%,0,0.00%,5,45.50%,6,54.50%,1,9.10%,10,90.90%,0,0.00%,11,100.00%,,,,,,,NE,NE,NE,NE,NE,NE,NE,NE,NE,NE,NE,NE,NE,NE,NE,NE,NE,NE,NE,NE,NE,NE,NE,NE,NE,NE,NE,NE,NE,NE,NE,NE,NE,NE,NE,NE,NE,NE,NE,NE,NE,SUPP,SUPP,NE,NE,NE,SUPP,SUPP,SUPP,NE,NE,NE,NE,NE,NE,NE,NE,NE,NE,NE,NE,NE,NE,NE,NE,NE,NE,NE,NE,NE,NE,NE,NE,NE,NE,NE,NE,NE,NE,NE,NE,NE,NE,NE,NE,NE,NE,NE,NE,NE,NE,NE,NE,NE,NE,NE,NE,NE,NE,NE,NE,NE,NE,NE,NE,NE,NE,NE,NE,NE,NE,SUPP,SUPP,SUPP,SUPP,SUPP,SUPP,SUPP,SUPP,SUPP,SUPP,SUPP,SUPP,SUPP,SUPP,SUPP,SUPP,SUPP,SUPP,SUPP,SUPP,SUPP,SUPP,SUPP,SUPP,SUPP,SUPP,SUPP,SUPP,SUPP,SUPP,SUPP,SUPP,SUPP,SUPP,SUPP,SUPP,SUPP,SUPP,SUPP,SUPP,SUPP,SUPP,SUPP,SUPP,SUPP,SUPP,SUPP,SUPP,SUPP,SUPP,SUPP,SUPP,SUPP,SUPP,SUPP,SUPP,NE,NE,NE,NE,NE,NE,NE,NE,NE,NE,NE,NE,NE,NE,NE,NE,NE,NE,NE,NE,NE,NE,NE,NE,NE,NE,NE,SUPP,SUPP,SUPP,SUPP,SUPP,SUPP,SUPP,SUPP,SUPP,SUPP,SUPP,SUPP,SUPP,SUPP,SUPP,SUPP,SUPP,SUPP,SUPP,SUPP,SUPP,SUPP,SUPP,SUPP,SUPP,SUPP,SUPP,SUPP,SUPP,SUPP,SUPP,SUPP,SUPP,SUPP,SUPP,SUPP,SUPP,SUPP,SUPP,SUPP,SUPP,SUPP,SUPP,SUPP,SUPP,NE,NE,NE,NE,NE,NE,NE,NE,NE,NE,NE,NE,NE,NE,NE,NE,NE,NE,NE,NE,NE,NE,NE,NE,NE,NE,NE,SUPP,SUPP,SUPP,SUPP,SUPP,SUPP,NE,NE,NE,SUPP,SUPP,NE,NE,NE,SUPP,SUPP,NE,NE,NE,SUPP,SUPP,SUPP,SUPP,SUPP,SUPP,NE,NE,NE,NE,NE,NE,SUPP,SUPP,SUPP,SUPP,NE,NE,NE,NE,NE,NE,SUPP,SUPP,SUPP,SUPP,NE,NE,NE,NE,NE,NE,SUPP,SUPP,SUPP,SUPP,SUPP,SUPP,NE,NE,NE,SUPP,SUPP,SUPP,NE,NE,SUPP,SUPP,NE,NE,NE,NE,NE,NE,SUPP,SUPP,SUPP,NE,SUPP,SUPP,NE,NE,NE,NE,NE,NE,SUPP,SUPP,SUPP,NE,NE,NE,NE,NE,NE,NE,SUPP,SUPP,NE,NE,NE,NE,SUPP,SUPP,NE,NE,NE
1,919,6221,117648,Haberdashers' Boys' School,,Butterfly Lane,Elstree,Hertfordshire,,WD6 3AF,02082661850,E14001284,Hertsmere,0,0,IND,None,,NA,BOYS,0,4-18,1462,1462,NA,163,163,100.00%,NA,0.00%,NP,NP,NP,NP,NP,NP,NP,NP,NP,NP,NP,NP,NP,NP,NP,NP,NP,NP,NP,NA,NA,NA,NA,NA,NA,6623.1,40.6,2606,16,0,0,1252,7.7,2765.1,17,2685,16.5,80.1,0.5,0.9,2.1,NP,NP,NP,NP,NP,NP,NP,NP,NP,NP,NP,NP,NP,NP,NP,NP,NP,NP,NP,NP,NP,0.00%,0.00%,425.26,2.61,NP,NP,NP,NP,NP,NP,NE,2.61,NP,0,0.00%,0.00%,0.00%,159,97.50%,0,0.00%,0,0.00%,128,78.50%,21,12.90%,97.50%,97.50%,0.00%,0.00%,NE,NE,100.00%,100.00%,100.00%,100.00%,NP,NP,NP,NP,NP,NP,NP,NP,NP,NP,NP,NP,NP,NP,NP,159,159,0,0,NE,NE,128,128,21,21,0,0.00%,159,97.50%,0,0.00%,NE,NE,128,100.00%,21,100.00%,NP,NP,NP,NP,NP,NP,NP,NP,NP,NP,NP,NP,NP,NP,NP,NP,NP,NP,NP,NP,NP,NP,NP,NP,NP,NP,NP,NP,NP,NP,NP,NP,NP,NP,NP,NP,NP,NP,NP,NP,NP,NP,NP,NP,NP,NP,NP,NP,NP,NP,NP,NP,NP,NP,NP,NP,NP,NP,NP,NP,NP,NP,NP,NP,NP,NP,NP,NP,NP,NP,NP,NP,NP,NP,NP,NP,NP,NP,NP,NP,NP,NP,NP,NP,NP,NP,NP,NP,NP,NP,NP,NP,NP,NP,NP,NP,NP,NP,NE,NE,NE,NE,NE,NE,NE,NP,NP,NP,NP,NP,NP,NP,NP,40.6,16.1,0,7.7,17.1,16.6,0.5,NP,NP,NP,NP,NP,NP,NP,NP,NP,NP,NP,NP,NP,NP,NP,NP,NP,NP,NP,NP,NP,NP,NP,NP,NP,NP,NP,NP,NP,NP,NP,NP,NP,NP,NP,NP,NP,NP,NP,NP,NP,NP,NP,NP,NP,NP,NP,NP,NP,NP,NP,NP,NP,NP,NP,NP,NP,NP,NP,NP,NP,NP,NP,NP,NP,NP,NP,NP,NP,NP,NP,NP,NP,NP,NP,NP,NP,NP,NP,NP,NP,NP,NP,NP,NP,NP,0.00%,0.00%,0.00%,NE,NE,NE,NP,NP,NP,NP,NP,NP,0.00%,99.40%,NP,NP,NP,NP,NP,NP,NP,NP,0.00%,NE,NP,NP,NP,NP,NP,NP,NP,NP,NP,NP,0.00%,NE,NP,NP,0.00%,0.00%,4.1,NP,NP,NP,NP,NP,4,NP,NP,NP,NP,NP,678,0,0%
1,919,6222,117649,Haberdashers' Girls' School,,Aldenham Road,Elstree,Hertfordshire,Borehamwood,WD6 3BT,02082662300,E14001284,Hertsmere,0,0,IND,None,,NA,GIRLS,0,4-18,1167,NA,1167,138,NA,0.00%,138,100.00%,NP,NP,NP,NP,NP,NP,NP,NP,NP,NP,NP,NP,NP,NP,NP,NP,NP,NP,NP,NA,NA,NA,NA,NA,NA,5577,40.4,1043,7.6,0,0,2666.5,19.3,1867.5,13.5,1802.5,13.1,65,0.5,2.4,1.7,NP,NP,NP,NP,NP,NP,NP,NP,NP,NP,NP,NP,NP,NP,NP,NP,NP,NP,NP,NP,NP,0.00%,0.00%,209.64,1.52,NP,NP,NP,NP,NP,NP,1.52,NE,NP,0,0.00%,0.00%,0.00%,0,0.00%,0,0.00%,14,10.10%,103,74.60%,26,18.80%,0.00%,0.00%,0.00%,0.00%,100.00%,100.00%,100.00%,100.00%,92.30%,92.30%,NP,NP,NP,NP,NP,NP,NP,NP,NP,NP,NP,NP,NP,NP,NP,0,0,0,0,14,14,103,103,24,24,0,0.00%,0,0.00%,0,0.00%,14,100.00%,103,100.00%,24,92.30%,NP,NP,NP,NP,NP,NP,NP,NP,NP,NP,NP,NP,NP,NP,NP,NP,NP,NP,NP,NP,NP,NP,NP,NP,NP,NP,NP,NP,NP,NP,NP,NP,NP,NP,NP,NP,NP,NP,NP,NP,NP,NP,NP,NP,NP,NP,NP,NP,NP,NP,NP,NP,NP,NP,NP,NP,NP,NP,NP,NP,NP,NP,NP,NP,NP,NP,NP,NP,NP,NP,NP,NP,NP,NP,NP,NP,NP,NP,NP,NP,NP,NP,NP,NP,NP,NP,NP,NP,NP,NP,NP,NP,NP,NP,NP,NP,NP,NP,40.4,7.6,0,19.3,13.5,13.1,0.5,NP,NP,NP,NP,NP,NP,NP,NP,NE,NE,NE,NE,NE,NE,NE,NP,NP,NP,NP,NP,NP,NP,NP,NP,NP,NP,NP,NP,NP,NP,NP,NP,NP,NP,NP,NP,NP,NP,NP,NP,NP,NP,NP,NP,NP,NP,NP,NP,NP,NP,NP,NP,NP,NP,NP,NP,NP,NP,NP,NP,NP,NP,NP,NP,NP,NP,NP,NP,NP,NP,NP,NP,NP,NP,NP,NP,NP,NP,NP,NP,NP,NP,NP,NP,NP,NP,NP,NP,NP,NP,NP,NP,NP,NP,NP,NP,NP,NP,NP,NP,NP,NE,NE,NE,0.00%,0.00%,0.00%,NP,NP,NP,NP,NP,NP,0.00%,99.30%,NP,NP,NP,NP,NP,NP,NP,NP,NE,0.00%,NP,NP,NP,NP,NP,NP,NP,NP,NP,NP,NE,0.00%,NP,NP,2.20%,0.00%,5,NP,NP,NP,NP,NP,5,NP,NP,NP,NP,NP,696,3,0%
2,919,7014,142257,Hailey Hall School,,Hailey Lane,,,Hertford,SG13 7PB,01992465208,E14001139,Broxbourne,0,0,ACCS,Does not apply,NA,NA,BOYS,0,11-16,84,84,NA,21,21,100.00%,NA,0.00%,94.8,13,72.20%,5,27.80%,0,0.00%,11,52.40%,10,47.60%,0,0.00%,21,100.00%,0,0.00%,17,81.00%,,,,,,,216,10.3,51,2.4,96,4.6,5,0.2,64,3,41,2,23,1.1,0,0.8,18,0,86%,-1.82,-2.48,-1.17,-1.82,-2.49,-1.16,-2.05,-2.8,-1.31,-0.29,-0.98,0.39,-2.6,-3.36,-1.85,-1.92,-2.67,-1.17,14.30%,9.50%,11.16,0.53,0.36,0.72,0.47,SUPP,NE,NE,NE,0.53,0.62,0,0.00%,0.00%,0.00%,4,19.00%,17,81.00%,0,0.00%,0,0.00%,0,0.00%,19.00%,14.30%,19.00%,9.50%,NE,NE,NE,NE,NE,NE,,NE,,NE,,NE,NE,NE,NE,NE,NE,NE,NE,NE,NE,4,3,4,2,NE,NE,NE,NE,NE,NE,0,0.00%,4,19.00%,17,81.00%,NE,NE,NE,NE,NE,NE,7.3,9,0,-1.82,-2.75,-0.9,-1.82,-2.77,-0.88,13.6,9,0,-1.83,-2.75,-0.9,-1.83,-2.77,-0.88,0.9,-2.48,-3.54,-1.43,3.6,-0.54,-1.51,0.43,0,-2.32,-3.39,-1.25,2.7,-1.74,-2.8,-0.69,4.1,-1.62,-2.67,-0.57,5.6,-0.04,-1.01,0.93,0.5,-2.88,-3.95,-1.81,3.4,-2.1,-3.15,-1.04,1.9,0.8,2,1.4,-42.7,-1.98,9.5,13,0,-1.48,-2.25,-0.71,-1.48,-2.26,-0.7,SUPP,SUPP,SUPP,SUPP,SUPP,SUPP,SUPP,SUPP,SUPP,NE,NE,NE,NE,NE,NE,NE,NE,NE,NE,NE,NE,NE,NE,NE,NE,NE,NE,NE,NE,NE,NE,NE,NE,NE,NE,NE,NE,NE,NE,NE,NE,NE,NE,NE,NE,NE,NE,NE,10.3,2.4,4.6,0.2,3,2,1.1,18,0,-1.82,-2.48,-1.17,-1.82,-2.49,-1.16,11.9,2.6,5.2,0.3,3.8,2.4,1.4,15,0,-1.67,-2.39,-0.95,-1.67,-2.4,-0.94,0,0.00%,0.00%,0.00%,SUPP,SUPP,SUPP,SUPP,NE,NE,NE,NE,0.00%,0.00%,0.00%,0.00%,0.00%,0.00%,NE,SUPP,NE,NE,NE,NE,SUPP,NE,NE,NE,NE,SUPP,NE,NE,NE,NE,NE,NE,NE,NE,NE,SUPP,SUPP,NE,NE,NE,NE,NE,NE,NE,NE,SUPP,SUPP,NE,NE,NE,NE,NE,NE,NE,NE,SUPP,SUPP,NE,NE,0.00%,0.00%,0.00%,NE,NE,NE,0.00%,0.00%,0.00%,NE,NE,NE,0.00%,85.70%,0.00%,30.00%,1,7.70%,SUPP,SUPP,NE,NE,14.30%,NE,NE,17.60%,0.00%,20.00%,1,7.70%,SUPP,SUPP,NE,NE,9.50%,NE,NE,11.80%,0.00%,0.00%,2.1,2.1,SUPP,NE,1.6,2.6,1.8,1.7,SUPP,NE,1.4,2.2,48,0,0%,Well below average
1,919,6015,117607,Haileybury College,,,,,Hertford,SG13 7NU,01992706200,E14001139,Broxbourne,0,0,IND,Church of England,,NA,MIXED,0,11-18,913,459,454,160,85,53.10%,75,46.90%,NP,NP,NP,NP,NP,NP,NP,NP,NP,NP,NP,NP,NP,NP,NP,NP,NP,NP,NP,NA,NA,NA,NA,NA,NA,2238.5,14,0,0,0,0,1179,7.4,1059.5,6.6,1034,6.5,25.5,0.2,1,0.9,NP,NP,NP,NP,NP,NP,NP,NP,NP,NP,NP,NP,NP,NP,NP,NP,NP,NP,NP,NP,NP,0.00%,0.00%,189,1.18,NP,NP,NP,NP,NP,NP,1.21,1.15,NP,0,0.00%,0.00%,0.00%,0,0.00%,0,0.00%,0,0.00%,99,61.90%,53,33.10%,0.00%,0.00%,0.00%,0.00%,NE,NE,99.00%,98.00%,98.10%,96.20%,NP,NP,NP,NP,NP,NP,NP,NP,NP,NP,NP,NP,NP,NP,NP,0,0,0,0,NE,NE,98,97,52,51,0,0.00%,0,0.00%,0,0.00%,NE,NE,99,100.00%,53,100.00%,NP,NP,NP,NP,NP,NP,NP,NP,NP,NP,NP,NP,NP,NP,NP,NP,NP,NP,NP,NP,NP,NP,NP,NP,NP,NP,NP,NP,NP,NP,NP,NP,NP,NP,NP,NP,NP,NP,NP,NP,NP,NP,NP,NP,NP,NP,NP,NP,NP,NP,NP,NP,NP,NP,NP,NP,NP,NP,NP,NP,NP,NP,NP,NP,NP,NP,NP,NP,NP,NP,NP,NP,NP,NP,NP,NP,NP,NP,NP,NP,NP,NP,NP,NP,NP,NP,NP,NP,NP,NP,NP,NP,NP,NP,NP,NP,NP,NP,14.6,0,0,7.6,7,6.8,0.2,NP,NP,NP,NP,NP,NP,NP,NP,13.4,0,0,7.2,6.3,6.2,0.1,NP,NP,NP,NP,NP,NP,NP,NP,NP,NP,NP,NP,NP,NP,NP,NP,NP,NP,NP,NP,NP,NP,NP,NP,NP,NP,NP,NP,NP,NP,NP,NP,NP,NP,NP,NP,NP,NP,NP,NP,NP,NP,NP,NP,NP,NP,NP,NP,NP,NP,NP,NP,NP,NP,NP,NP,NP,NP,NP,NP,NP,NP,NP,NP,NP,NP,NP,NP,NP,NP,NP,NP,NP,NP,NP,NP,NP,NP,NP,NP,NP,NP,NP,NP,NP,NP,0.00%,0.00%,0.00%,0.00%,0.00%,0.00%,NP,NP,NP,NP,NP,NP,0.00%,96.90%,NP,NP,NP,NP,NP,NP,NP,NP,0.00%,0.00%,NP,NP,NP,NP,NP,NP,NP,NP,NP,NP,0.00%,0.00%,NP,NP,3.80%,0.00%,1.9,NP,NP,NP,NP,NP,1.9,NP,NP,NP,NP,NP,310,0,0%
1,919,4022,142051,Haileybury Turnford,,Mill Lane,Cheshunt,,Waltham Cross,EN8 0JU,01992308333,E14001139,Broxbourne,0,0,AC,Does not apply,NSE,OTHER NON SEL,MIXED,0,11-18,922,460,462,141,73,51.80%,68,48.20%,102.4,37,29.10%,73,57.50%,17,13.40%,54,38.30%,87,61.70%,24,17.00%,116,82.30%,1,0.70%,134,95.00%,4,2.80%,22,15.60%,18,12.80%,5988,42.5,1201,8.5,1278,9.1,1646,11.7,1863,13.2,1084,7.7,779,5.5,2.7,2.9,127,1,90%,-0.05,-0.29,0.2,-0.06,-0.31,0.19,-0.38,-0.66,-0.1,0.27,0.01,0.53,-0.28,-0.57,0,0.16,-0.12,0.44,55.30%,35.50%,498.85,3.54,3.01,3.87,2.26,3.8,4.89,4.25,3.99,3.12,3.53,35,24.80%,10.60%,9.20%,138,97.90%,140,99.30%,136,96.50%,125,88.70%,37,26.20%,65.20%,44.70%,68.10%,50.40%,46.30%,29.40%,45.60%,35.20%,91.90%,91.90%,122,90%,112,90%,31,84%,-0.39,-0.64,-0.13,-0.57,-0.9,-0.24,2.07,1.38,2.76,92,63,96,71,63,40,57,44,34,34,34,24.10%,136,96.50%,137,97.20%,129,94.90%,121,96.80%,37,100.00%,37.7,51,0,-0.46,-0.85,-0.07,-0.46,-0.86,-0.06,45.4,76,1,0.23,-0.09,0.55,0.21,-0.11,0.53,7.8,-0.7,-1.14,-0.25,8.2,-0.07,-0.48,0.34,9.9,-0.77,-1.22,-0.32,11.9,-0.25,-0.69,0.19,9,-0.16,-0.53,0.2,9.6,0.5,0.16,0.83,12.8,0.05,-0.32,0.41,14,0.43,0.07,0.8,6.6,5.3,8.3,5.7,-12.3,-0.62,29.9,37,0,0.34,-0.11,0.8,0.34,-0.12,0.81,44.7,73,1,-0.08,-0.4,0.25,-0.1,-0.43,0.23,58.1,17,0,-0.76,-1.43,-0.08,-0.76,-1.44,-0.07,47,8.3,10.3,14.6,13.9,8.8,5.2,15,0,0.38,-0.33,1.1,0.38,-0.35,1.11,47.8,10.1,9.5,13.1,15.2,10.4,4.8,59,0,0.33,-0.03,0.69,0.33,-0.04,0.7,37.5,7.1,8.7,10.3,11.4,5.2,6.2,68,1,-0.37,-0.71,-0.04,-0.4,-0.74,-0.05,42.5,8.6,9.1,11.6,13.3,7.5,5.7,123,1,-0.05,-0.3,0.2,-0.06,-0.31,0.2,4,10.80%,0.00%,0.00%,21,28.80%,15.10%,13.70%,5,29.40%,17.60%,17.60%,14.80%,31.00%,5.60%,3.70%,13.80%,12.60%,-0.24,-0.25,-1.25,-0.71,-0.18,0.07,-0.48,-2,-1.05,-0.27,SUPP,2.1,SUPP,0.82,2.59,-0.29,-1.13,0.15,-0.51,0.24,-0.71,0.09,-0.6,-0.55,-1.94,-0.52,-1.58,0.15,-0.69,0.73,-0.58,-0.05,-0.9,-1.15,-2.84,2.1,-0.46,3.41,1.77,SUPP,SUPP,2.92,1.28,SUPP,SUPP,21.90%,8.20%,5.50%,27.90%,13.20%,13.20%,24.60%,9.70%,9.00%,58.30%,20.80%,16.70%,51.80%,99.30%,44.40%,62.10%,9,24.30%,46,63.00%,16,94.10%,39.70%,72.10%,50.00%,56.00%,29.60%,39.10%,3,8.10%,30,41.10%,14,82.40%,26.00%,45.60%,29.20%,36.60%,2.80%,20.60%,8.1,7.7,8.1,8.8,7.9,8.3,6.6,6.2,6.5,7.5,6.3,6.7,1148,0,0%,Average
2,919,7032,117685,Heathlands School,,Heathlands Drive,,,St Albans,AL3 5AY,01727807807,E14001507,St Albans,0,0,CYS,Does not apply,NA,NA,MIXED,0,3-18,145,74,71,20,11,55.00%,9,45.00%,87.7,15,78.90%,3,15.80%,1,5.30%,7,35.00%,13,65.00%,19,95.00%,1,5.00%,0,0.00%,18,90.00%,,,,,,,685.5,34.3,104,5.2,156,7.8,244,12.2,181.5,9.1,163,8.2,18.5,0.9,2.7,2.3,19,0,95%,0.93,0.3,1.57,0.93,0.28,1.58,-0.29,-1.01,0.44,1.68,1.01,2.35,1.75,1.01,2.48,0.43,-0.3,1.16,30.00%,15.00%,59.51,2.98,1.55,3.74,2.34,SUPP,SUPP,3.03,3.13,2.85,3.06,0,0.00%,0.00%,0.00%,6,30.00%,18,90.00%,18,90.00%,18,90.00%,0,0.00%,30.00%,20.00%,55.00%,25.00%,55.60%,50.00%,50.00%,38.90%,NE,NE,17,94%,17,94%,,NE,2.23,1.54,2.92,1.27,0.43,2.12,NE,NE,NE,6,4,11,5,10,9,9,7,NE,NE,0,0.00%,6,30.00%,18,90.00%,18,100.00%,18,100.00%,NE,NE,19,7,0,0.15,-0.9,1.2,0.15,-0.92,1.22,42.5,12,0,1.39,0.59,2.19,1.39,0.57,2.2,2,-1.15,-2.35,0.04,4.6,0.92,-0.18,2.02,7,0.77,-0.45,1.98,5.4,-0.12,-1.32,1.08,6.9,0.21,-0.7,1.13,9.5,2.12,1.28,2.96,15,2.32,1.39,3.25,11,0.75,-0.16,1.67,4.7,0.7,10,1,-31,-0.01,27.2,15,0,0.81,0.1,1.53,0.81,0.09,1.54,SUPP,SUPP,SUPP,SUPP,SUPP,SUPP,SUPP,SUPP,SUPP,SUPP,SUPP,SUPP,SUPP,SUPP,SUPP,SUPP,SUPP,SUPP,34.9,5.3,7.9,12.4,9.3,8.4,0.9,19,0,0.93,0.3,1.57,0.93,0.28,1.58,37.5,6.1,8.2,12.4,10.7,10,0.7,8,0,0.89,-0.09,1.87,0.89,-0.11,1.89,31.7,4.5,7.5,12,7.8,6.6,1.1,11,0,0.96,0.13,1.8,0.96,0.11,1.82,34.9,5.4,7.9,12.4,9.1,8.3,0.8,17,0,0.93,0.26,1.61,0.93,0.25,1.62,0,0.00%,0.00%,0.00%,SUPP,SUPP,SUPP,SUPP,SUPP,SUPP,SUPP,SUPP,0.00%,0.00%,0.00%,0.00%,0.00%,0.00%,2.17,SUPP,SUPP,SUPP,2.39,1.06,SUPP,SUPP,SUPP,1.61,NE,SUPP,SUPP,NE,NE,SUPP,SUPP,3.22,1.57,2.96,1.38,SUPP,SUPP,SUPP,SUPP,SUPP,SUPP,2.61,0.6,2.03,0.09,SUPP,SUPP,SUPP,SUPP,NE,NE,NE,NE,NE,NE,SUPP,SUPP,SUPP,SUPP,0.00%,0.00%,0.00%,0.00%,0.00%,0.00%,0.00%,0.00%,0.00%,0.00%,0.00%,0.00%,25.00%,90.00%,0.00%,46.20%,3,20.00%,SUPP,SUPP,SUPP,SUPP,27.30%,33.30%,31.60%,33.30%,0.00%,23.10%,1,6.70%,SUPP,SUPP,SUPP,SUPP,9.10%,22.20%,15.80%,16.70%,0.00%,0.00%,6.6,6.3,SUPP,SUPP,5.1,7.4,5.8,5.3,SUPP,SUPP,4.6,6.5,150,0,0%,Well above average
1,919,4005,149500,The Hemel Hempstead School,,Heath Lane,,"The Hemel Hempstead School, Heath Lane",Hemel Hempstead,HP1 1TX,01442390100,E14001278,Hemel Hempstead,0,0,ACC,Does not apply,NSE,OTHER NON SEL,MIXED,0,11-18,1316,663,653,212,100,47.20%,112,52.80%,106.1,32,15.70%,114,55.90%,58,28.40%,30,14.20%,182,85.80%,37,17.50%,175,82.50%,0,0.00%,204,96.20%,0,0.00%,31,14.60%,31,14.60%,10134.5,47.8,2152,10.2,2024,9.5,3048.5,14.4,2910,13.7,2910,13.7,0,0,2.9,2.9,204,2,96%,-0.14,-0.33,0.06,-0.14,-0.34,0.05,-0.17,-0.39,0.05,-0.14,-0.35,0.06,-0.01,-0.24,0.21,-0.26,-0.48,-0.04,72.20%,45.80%,894.1,4.22,3.32,4.37,2.48,3.89,6.02,4.47,4.65,3.73,4.28,65,30.70%,23.10%,19.30%,205,96.70%,207,97.60%,195,92.00%,162,76.40%,96,45.30%,84.00%,67.50%,76.40%,52.80%,70.80%,51.80%,64.80%,50.60%,83.30%,72.90%,188,96%,157,97%,94,98%,0.06,-0.15,0.27,-0.11,-0.39,0.17,0.65,0.25,1.04,178,143,162,112,138,101,105,82,80,70,65,30.70%,204,96.20%,207,97.60%,194,99.50%,160,98.80%,95,99.00%,38.5,29,0,-0.36,-0.87,0.16,-0.36,-0.88,0.17,49.3,175,2,-0.1,-0.31,0.11,-0.11,-0.32,0.1,8.5,-0.33,-0.92,0.26,7.3,-0.5,-1.04,0.04,11.8,-0.1,-0.7,0.5,11,-0.54,-1.13,0.05,10.4,-0.14,-0.38,0.1,9.9,-0.08,-0.3,0.14,14.8,0,-0.24,0.24,14.2,-0.21,-0.45,0.03,11,0,14.2,0,-11.5,-0.52,31.4,32,0,0.18,-0.31,0.67,0.18,-0.32,0.68,45.1,114,1,-0.23,-0.49,0.03,-0.23,-0.5,0.03,64.4,58,1,-0.13,-0.5,0.23,-0.15,-0.52,0.22,50.3,10.1,10.3,15.9,14,14,0,34,1,0.34,-0.14,0.81,0.31,-0.18,0.79,52.6,11.3,9.9,15.7,15.6,15.6,0,109,1,0.12,-0.15,0.38,0.11,-0.16,0.39,42.5,8.9,9.2,12.9,11.6,11.6,0,95,1,-0.43,-0.72,-0.15,-0.44,-0.73,-0.15,48.5,10.3,9.7,14.6,13.9,13.9,0,199,2,-0.13,-0.33,0.07,-0.14,-0.34,0.06,6,18.80%,3.10%,3.10%,26,22.80%,15.80%,9.60%,32,55.20%,50.00%,48.30%,30.00%,30.80%,10.00%,10.00%,25.30%,20.90%,0.21,-0.02,0.15,-0.15,0.09,0.49,-0.23,-0.22,-0.23,-0.09,0.03,0.79,0.63,0.62,0.65,0.42,-0.72,0.32,-0.13,0.79,-0.37,0.26,-0.29,0.53,-0.23,0.48,-0.94,0.21,-0.39,1.19,-0.2,0.15,-0.6,0.29,-0.74,1.73,-0.49,1.07,0.23,1.31,-1.25,1.38,0.21,1.22,0.04,25.00%,17.00%,14.00%,35.70%,28.60%,24.10%,31.40%,24.00%,20.10%,27.00%,18.90%,16.20%,63.70%,99.50%,53.30%,75.30%,10,31.30%,84,73.70%,56,96.60%,64.00%,79.50%,73.00%,73.50%,26.70%,48.90%,2,6.30%,44,38.60%,49,84.50%,37.00%,53.60%,56.80%,47.10%,1.90%,13.70%,8,8,7.9,8.2,7.8,8,7.9,8,7.9,8.1,7.8,8,1710,0,0%,Average
1,919,5420,140786,The Hertfordshire & Essex High School and Science College,,Warwick Road,,,Bishop's Stortford,CM23 5NJ,01279654127,E14001283,Hertford and Stortford,0,0,ACC,None,NSE,OTHER NON SEL,GIRLS,0,11-18,1436,151,1285,182,NA,0.00%,182,100.00%,109.1,9,5.40%,81,48.20%,78,46.40%,14,7.70%,168,92.30%,26,14.30%,156,85.70%,0,0.00%,178,97.80%,4,2.20%,12,6.60%,8,4.40%,11513.5,63.3,2438,13.4,2188,12,3427.5,18.8,3460,19,3309,18.2,151,0.8,2.9,2.9,168,1,92%,0.65,0.43,0.86,0.64,0.42,0.86,0.78,0.54,1.03,0.29,0.06,0.51,0.62,0.37,0.87,0.81,0.57,1.05,89.00%,76.40%,1063.51,5.84,3.82,6.01,2.68,5.08,6.98,6.64,5.84,NE,5.86,122,67.00%,58.80%,47.80%,177,97.30%,181,99.50%,176,96.70%,154,84.60%,135,74.20%,94.00%,92.90%,90.70%,76.90%,92.00%,84.70%,94.20%,87.00%,91.90%,78.50%,163,93%,143,93%,124,92%,0.64,0.42,0.86,0.91,0.61,1.2,0.56,0.22,0.91,171,169,165,140,162,149,145,134,124,106,120,65.90%,177,97.30%,181,99.50%,176,100.00%,154,100.00%,133,98.50%,43.6,12,1,-0.61,-1.41,0.19,-0.69,-1.51,0.12,64.9,156,0,0.75,0.52,0.97,0.75,0.52,0.97,10.1,-0.3,-1.22,0.61,8.6,-0.64,-1.48,0.2,12.1,-0.9,-1.82,0.03,12.8,-0.78,-1.69,0.14,13.7,0.87,0.61,1.12,12.3,0.36,0.13,0.59,19.4,0.74,0.48,0.99,19.5,0.93,0.68,1.19,12.6,0.1,18.6,0.9,-6.4,-0.77,33.7,9,0,0.42,-0.51,1.34,0.42,-0.53,1.36,55.9,81,0,0.73,0.42,1.04,0.73,0.42,1.04,73.9,78,1,0.59,0.28,0.9,0.58,0.26,0.9,68.4,14,13.2,22.1,19.2,17.8,1.3,21,0,1.04,0.44,1.65,1.04,0.43,1.66,63.3,13.4,12,18.8,19,18.2,0.8,168,1,0.65,0.43,0.86,0.64,0.42,0.86,NE,NE,NE,NE,NE,NE,NE,NE,NE,NE,NE,NE,NE,NE,NE,63.4,13.4,12,18.9,19.1,18.3,0.8,166,0,0.68,0.46,0.89,0.68,0.46,0.9,1,11.10%,0.00%,0.00%,51,63.00%,48.10%,34.60%,62,79.50%,78.20%,69.20%,42.90%,69.00%,35.70%,14.30%,60.70%,50.60%,0.37,0.89,0.43,-0.05,0.69,SUPP,0.97,0.83,0.05,0.95,SUPP,0.64,0.53,-0.05,0.6,0.85,-0.95,0.92,0.45,1.32,-0.58,1.21,0.56,0.75,0.1,1.37,-1.26,1.25,0.65,SUPP,SUPP,1.39,0.55,1.24,0.42,1.52,-1.62,0.95,0.24,SUPP,SUPP,1.15,0.13,1,0.06,NE,NE,NE,67.00%,58.80%,47.80%,67.40%,59.00%,47.80%,80.80%,65.40%,57.70%,86.80%,99.50%,71.40%,90.50%,2,22.20%,70,86.40%,77,98.70%,NE,89.00%,92.30%,88.80%,35.70%,79.80%,2,22.20%,52,64.20%,72,92.30%,NE,76.40%,80.80%,76.40%,6.60%,33.50%,8.4,6.8,7.8,9.2,6.9,8.5,8.3,6.4,7.6,9.2,6.9,8.4,1533,0,0%,Well above average
1,919,4001,138747,Hertswood Academy,,Cowley Hill,,,Borehamwood,WD6 5LG,02082387200,E14001284,Hertsmere,0,0,ACC,Does not apply,NSE,OTHER NON SEL,MIXED,0,11-18,1151,616,535,201,110,54.70%,91,45.30%,101.6,76,41.10%,80,43.20%,29,15.70%,55,27.40%,146,72.60%,49,24.40%,152,75.60%,0,0.00%,187,93.00%,7,3.50%,22,10.90%,15,7.50%,7813.8,38.9,1675,8.3,1642,8.2,2318,11.5,2178.8,10.8,1930,9.6,248.8,1.2,2.8,2.8,185,2,92%,-0.19,-0.39,0.02,-0.19,-0.4,0.01,-0.33,-0.56,-0.1,0.13,-0.09,0.34,-0.07,-0.3,0.17,-0.45,-0.68,-0.21,52.70%,28.40%,702.33,3.49,2.56,3.84,2.26,4.09,5.41,4.42,3.43,3.55,3.53,94,46.80%,10.40%,5.00%,194,96.50%,195,97.00%,195,97.00%,186,92.50%,94,46.80%,62.70%,42.30%,60.20%,39.80%,55.40%,35.90%,49.50%,33.30%,25.50%,17.00%,180,92%,171,92%,90,96%,-0.05,-0.26,0.16,-0.23,-0.49,0.04,-1.52,-1.93,-1.12,126,85,121,80,108,70,92,62,24,16,92,45.80%,192,95.50%,190,94.50%,190,97.40%,175,94.10%,92,97.90%,29,52,2,-0.79,-1.17,-0.4,-0.81,-1.2,-0.42,42.6,133,0,0.05,-0.19,0.29,0.05,-0.2,0.29,6.8,-0.71,-1.15,-0.27,6,-0.54,-0.95,-0.14,8.4,-0.71,-1.15,-0.26,7.8,-1.15,-1.59,-0.71,8.9,-0.18,-0.46,0.09,9,0.39,0.14,0.64,12.7,0.19,-0.09,0.46,12,-0.17,-0.45,0.1,7.3,0.5,10.5,1.5,-21,-0.95,26.9,76,0,-0.05,-0.36,0.27,-0.05,-0.37,0.28,44.2,80,2,-0.16,-0.47,0.15,-0.17,-0.49,0.14,58.8,29,0,-0.64,-1.16,-0.13,-0.64,-1.17,-0.12,46.6,9.8,9.9,14.6,12.4,10.7,1.8,40,0,0.38,-0.06,0.82,0.38,-0.06,0.83,38.8,8.8,7.3,11.3,11.4,10.6,0.8,81,1,-0.25,-0.56,0.05,-0.26,-0.58,0.05,39,7.9,8.9,11.8,10.4,8.8,1.6,104,1,-0.14,-0.41,0.14,-0.14,-0.42,0.14,39.2,8.4,8.3,11.6,11,9.7,1.3,175,2,-0.16,-0.37,0.05,-0.17,-0.38,0.05,10,13.20%,2.60%,0.00%,56,70.00%,10.00%,6.30%,24,82.80%,37.90%,17.20%,27.30%,54.10%,3.60%,0.00%,13.00%,6.80%,-0.06,0.2,-0.7,-0.41,0.08,0.12,-0.19,-1.17,-0.63,-0.09,-1.02,-1.4,-2.02,-1.6,-1.51,0.01,-0.83,0.32,-0.17,0.27,-0.4,0.52,-0.12,-0.17,-1.23,-0.1,-1.17,0.21,-0.4,0.54,-0.3,0.21,-0.59,-0.51,-1.82,-0.61,-2.59,-1.06,-1.95,0.2,-2.23,-0.89,-1.91,-1.24,-2.81,46.40%,9.10%,6.40%,47.30%,12.10%,3.30%,46.50%,11.20%,5.30%,67.30%,22.40%,12.20%,44.80%,97.00%,40.00%,57.50%,16,21.10%,56,70.00%,28,96.60%,50.00%,56.00%,65.30%,52.90%,14.50%,33.60%,5,6.60%,31,38.80%,19,65.50%,33.60%,22.00%,42.90%,29.90%,3.50%,14.90%,8.4,8,8.4,9.4,7.3,8.7,7.4,6.8,7.6,8.7,6.5,7.7,1710,0,0%,Average
1,919,4122,117537,The Highfield School,The Highfield School,Highfield,,,Letchworth Garden City,SG6 3QA,,E14000845,North East Hertfordshire,0,0,FD,Does not apply,NSE,OTHER NON SEL,MIXED,0,11-18,998,484,514,167,86,51.50%,81,48.50%,104.3,35,22.20%,83,52.50%,40,25.30%,41,24.60%,126,75.40%,22,13.20%,144,86.20%,1,0.60%,150,89.80%,8,4.80%,44,26.30%,36,21.60%,7023.5,42.1,1473,8.8,1394,8.3,2071.5,12.4,2085,12.5,1920,11.5,165,1,2.8,2.8,158,3,95%,-0.41,-0.64,-0.19,-0.42,-0.65,-0.2,-0.51,-0.76,-0.26,-0.43,-0.67,-0.2,-0.39,-0.65,-0.14,-0.39,-0.64,-0.13,49.10%,37.10%,627.65,3.76,2.25,4.25,1.74,3.46,6.17,4.14,4.19,3.36,3.91,61,36.50%,25.70%,16.80%,159,95.20%,165,98.80%,162,97.00%,154,92.20%,64,38.30%,63.50%,47.90%,55.70%,41.30%,50.60%,37.00%,50.60%,39.00%,79.70%,54.70%,153,94%,145,94%,60,94%,-0.37,-0.6,-0.14,-0.45,-0.74,-0.16,-0.42,-0.91,0.08,106,80,93,69,82,60,78,60,51,35,59,35.30%,158,94.60%,160,95.80%,158,97.50%,151,98.10%,63,98.40%,27.7,39,2,-1.09,-1.54,-0.65,-1.11,-1.56,-0.66,46.7,119,1,-0.19,-0.45,0.06,-0.2,-0.46,0.06,6.2,-1.18,-1.68,-0.67,5.4,-1.07,-1.54,-0.61,7.9,-1.05,-1.56,-0.54,8.2,-1.15,-1.66,-0.64,9.7,-0.29,-0.58,0,9.3,-0.23,-0.49,0.04,13.9,-0.18,-0.47,0.12,13.9,-0.14,-0.43,0.15,6.6,1.6,13.1,0.8,-22.3,-1.25,22.4,35,0,-0.48,-0.95,-0.01,-0.48,-0.96,-0.01,40.1,83,2,-0.48,-0.79,-0.18,-0.5,-0.81,-0.19,64.1,40,1,-0.21,-0.65,0.22,-0.22,-0.67,0.23,44.6,9,8.8,14.2,12.5,12.2,0.4,14,0,0.33,-0.41,1.07,0.33,-0.42,1.09,46.9,10.2,8.9,13.5,14.3,13.3,1,80,0,-0.09,-0.4,0.22,-0.09,-0.41,0.22,37.5,7.5,7.8,11.4,10.8,9.8,1,78,3,-0.74,-1.06,-0.43,-0.76,-1.08,-0.44,43.7,9.2,8.6,12.9,13.1,12,1.1,146,2,-0.34,-0.57,-0.11,-0.35,-0.58,-0.12,1,2.90%,0.00%,0.00%,21,25.30%,15.70%,8.40%,36,90.00%,72.50%,50.00%,4.90%,46.80%,0.00%,0.00%,34.10%,22.20%,-0.54,-0.48,-0.02,-0.76,-0.25,-0.76,-0.38,-0.32,-1.29,-0.21,SUPP,0.02,-0.72,SUPP,-0.43,-0.28,-1.23,0.01,-0.52,-0.04,-1.04,-0.16,-0.8,0.43,-0.47,-0.67,-1.91,0.12,-0.54,-0.14,-1.38,0.02,-0.79,0.24,-0.87,SUPP,SUPP,0.08,-0.93,SUPP,SUPP,0.82,-0.78,-0.08,-1.36,26.70%,17.40%,12.80%,46.90%,34.60%,21.00%,39.30%,28.70%,18.70%,45.50%,22.70%,18.20%,47.30%,98.20%,17.10%,59.50%,2,5.70%,40,48.20%,38,95.00%,41.90%,56.80%,54.50%,52.00%,7.30%,46.80%,0,0.00%,25,30.10%,36,90.00%,30.20%,44.40%,31.80%,40.70%,1.20%,21.60%,8,7.1,7.7,9.1,7,8.3,7.6,6.5,7.3,9,6.4,7.9,1342,0,0%,Below average
1,919,4008,139154,Hitchin Boys' School,,Grammar School Walk,,,Hitchin,SG5 1JB,01462432181,E14001289,Hitchin,0,0,ACC,Does not apply,NSE,OTHER NON SEL,BOYS,0,11-18,1317,1317,NA,208,208,100.00%,NA,0.00%,106.5,22,11.10%,125,62.80%,52,26.10%,13,6.30%,195,93.80%,20,9.60%,188,90.40%,0,0.00%,208,100.00%,4,1.90%,41,19.70%,37,17.80%,11713.3,56.3,2267,10.9,2442,11.7,3717,17.9,3287.3,15.8,3188,15.3,99.3,0.5,2.9,2.9,199,0,96%,0.57,0.38,0.77,0.57,0.37,0.77,0.1,-0.13,0.32,0.81,0.6,1.02,1,0.77,1.23,0.3,0.08,0.53,88.50%,64.90%,1147.65,5.52,4.74,5.57,3.44,5.28,6.95,5.52,NE,5.52,5.52,184,88.50%,63.90%,43.30%,204,98.10%,206,99.00%,205,98.60%,200,96.20%,187,89.90%,88.90%,72.10%,94.70%,77.40%,91.70%,81.50%,82.00%,68.00%,83.40%,65.80%,196,96%,191,96%,179,96%,0.95,0.75,1.15,0.61,0.36,0.86,0.35,0.07,0.64,185,150,197,161,188,167,164,136,156,123,182,87.50%,204,98.10%,206,99.00%,203,99.00%,200,100.00%,186,99.50%,48.6,12,0,0.24,-0.56,1.04,0.24,-0.58,1.05,56.8,187,0,0.59,0.39,0.8,0.59,0.39,0.8,9.4,-0.23,-1.14,0.69,9.8,0.31,-0.53,1.15,15.6,0.7,-0.23,1.63,13.8,0.04,-0.88,0.95,11,0.12,-0.11,0.35,11.9,0.84,0.63,1.05,18,1.02,0.79,1.26,15.9,0.32,0.09,0.55,12.6,1.2,15.5,0.4,-1.4,0.08,36.3,22,0,0.63,0.04,1.22,0.63,0.03,1.23,54,125,0,0.63,0.39,0.88,0.63,0.38,0.89,70.2,52,0,0.4,0.01,0.78,0.4,0.01,0.79,55.4,10.2,12.3,18,14.9,13.7,1.3,18,0,0.89,0.23,1.54,0.89,0.22,1.55,NE,NE,NE,NE,NE,NE,NE,NE,NE,NE,NE,NE,NE,NE,NE,56.3,10.9,11.7,17.9,15.8,15.3,0.5,199,0,0.57,0.38,0.77,0.57,0.37,0.77,56.3,10.9,11.7,17.9,15.8,15.3,0.5,199,0,0.57,0.38,0.77,0.57,0.37,0.77,14,63.60%,18.20%,4.50%,111,88.80%,59.20%,34.40%,51,98.10%,92.30%,80.80%,69.20%,89.70%,46.20%,30.80%,65.10%,44.10%,0.97,1.06,0.69,0.83,0.96,0.57,0.76,0.28,1.13,0.58,0.54,0.34,0.32,0.34,0.35,1.69,-0.03,1.17,0.75,1.59,0.34,1.31,0.8,1.09,0.29,2.23,0.03,0.84,0.32,1.37,-0.23,1.07,0.44,0.77,-0.21,1.62,-0.94,0.65,0.06,1.53,-0.46,0.7,-0.02,0.86,-0.21,88.50%,63.90%,43.30%,NE,NE,NE,88.50%,63.90%,43.30%,100.00%,45.00%,30.00%,85.60%,99.00%,76.90%,89.20%,12,54.50%,112,89.60%,52,100.00%,88.50%,NE,85.00%,88.50%,46.20%,66.20%,4,18.20%,75,60.00%,50,96.20%,64.90%,NE,50.00%,64.90%,5.30%,46.60%,8.8,7.5,8.6,9.8,8.2,8.9,8.6,7,8.4,9.8,7.8,8.7,1837,0,0%,Well above average
1,919,4009,137288,Hitchin Girls' School,,Highbury Road,,,Hitchin,SG4 9RS,01462621300,E14001289,Hitchin,0,0,ACC,Does not apply,NSE,OTHER NON SEL,GIRLS,0,11-18,1355,NA,1355,204,NA,0.00%,204,100.00%,107,22,11.30%,104,53.30%,69,35.40%,14,6.90%,190,93.10%,29,14.20%,174,85.30%,1,0.50%,201,98.50%,2,1.00%,29,14.20%,27,13.20%,11800.5,57.8,2461,12.1,2260,11.1,3493,17.1,3586.5,17.6,3546,17.4,40.5,0.2,2.9,2.9,195,3,96%,0.62,0.42,0.82,0.58,0.37,0.78,0.51,0.28,0.73,0.33,0.12,0.53,0.6,0.37,0.83,0.77,0.54,1,84.30%,65.70%,1014.66,4.97,3.76,5.06,2.72,4.6,6.22,4.53,4.97,NE,4.98,56,27.50%,22.10%,18.10%,199,97.50%,201,98.50%,199,97.50%,169,82.80%,72,35.30%,89.70%,82.40%,86.80%,68.60%,82.90%,66.30%,77.50%,71.00%,86.10%,72.20%,190,95%,164,97%,66,92%,0.65,0.44,0.85,0.74,0.47,1.01,0.97,0.5,1.45,183,168,177,140,165,132,131,120,62,52,55,27.00%,199,97.50%,200,98.00%,199,100.00%,168,99.40%,71,98.60%,45.6,13,1,-0.18,-0.95,0.59,-0.51,-1.3,0.27,58.7,182,2,0.68,0.47,0.88,0.65,0.44,0.86,10.2,-0.33,-1.21,0.54,8.6,-0.77,-1.58,0.04,12.9,-0.7,-1.59,0.19,14,-0.28,-1.15,0.6,12.2,0.57,0.33,0.8,11.3,0.4,0.19,0.62,17.4,0.69,0.45,0.93,17.8,0.85,0.61,1.08,12.6,1.4,17.7,0.1,-4.4,-0.34,33.8,22,0,0.49,-0.1,1.08,0.49,-0.12,1.09,54.3,104,1,0.75,0.48,1.02,0.74,0.46,1.01,70.6,69,2,0.47,0.14,0.81,0.36,0.02,0.7,53.2,11.4,10.4,15.6,15.7,15.4,0.3,27,1,0.57,0.04,1.11,0.54,-0.01,1.08,57.8,12.1,11.1,17.1,17.6,17.4,0.2,195,3,0.62,0.42,0.82,0.58,0.37,0.78,NE,NE,NE,NE,NE,NE,NE,NE,NE,NE,NE,NE,NE,NE,NE,58,12.1,11.1,17.1,17.6,17.4,0.2,193,2,0.64,0.44,0.84,0.62,0.42,0.82,1,4.50%,0.00%,0.00%,26,25.00%,16.30%,12.50%,25,36.20%,36.20%,31.90%,14.30%,28.40%,14.30%,14.30%,22.60%,18.40%,0.42,0.75,0.56,0.59,0.65,0.06,0.93,0.67,0.19,0.78,SUPP,0.66,1.47,SUPP,1.01,1.49,-0.31,0.86,0.44,1.03,-0.19,1.04,0.47,0.91,0.22,1.35,-0.97,1.06,0.5,0.86,-0.74,1.3,0.56,1.14,0.2,SUPP,SUPP,1.49,0.53,SUPP,SUPP,1.31,0,2.17,0.76,NE,NE,NE,27.50%,22.10%,18.10%,27.40%,21.90%,17.90%,17.20%,13.80%,13.80%,78.40%,98.50%,64.30%,85.80%,8,36.40%,90,86.50%,65,94.20%,NE,84.30%,79.30%,84.60%,42.90%,67.40%,0,0.00%,64,61.50%,64,92.80%,NE,65.70%,62.10%,65.70%,2.90%,38.20%,8.3,7.2,8.3,8.5,7.1,8.4,8.2,7,8.2,8.5,6.8,8.3,1703,0,0%,Well above average
1,919,5427,136482,Hockerill Anglo-European College,,Dunmow Road,,Hockerill Anglo-European College,Bishop's Stortford,CM23 5HX,01279658451,E14001283,Hertford and Stortford,0,0,ACC,None,NSE,OTHER NON SEL,MIXED,0,11-18,920,473,447,133,67,50.40%,66,49.60%,109,7,7.10%,44,44.90%,47,48.00%,9,6.80%,124,93.20%,11,8.30%,122,91.70%,0,0.00%,131,98.50%,3,2.30%,22,16.50%,19,14.30%,8068.5,60.7,1599,12,1560,11.7,2623,19.7,2286.5,17.2,2261,17,25.5,0.2,3,2.9,98,0,74%,0.38,0.1,0.66,0.38,0.1,0.67,0.18,-0.14,0.5,0.15,-0.14,0.45,0.85,0.53,1.17,0.2,-0.12,0.52,88.70%,69.90%,805.83,6.06,3.48,6.25,3.59,5.43,7,6.3,6.2,5.92,6.07,126,94.70%,77.40%,60.90%,127,95.50%,133,100.00%,130,97.70%,131,98.50%,129,97.00%,95.50%,82.70%,90.20%,75.20%,90.00%,79.20%,93.10%,82.40%,90.70%,79.10%,96,74%,97,74%,95,74%,0.64,0.35,0.93,0.61,0.26,0.96,0.65,0.26,1.05,127,110,120,100,117,103,122,108,117,102,125,94.00%,127,95.50%,133,100.00%,129,99.20%,131,100.00%,129,100.00%,37.3,7,0,-0.65,-1.7,0.4,-0.65,-1.72,0.42,62.4,91,0,0.46,0.17,0.75,0.46,0.16,0.76,7.9,-0.37,-1.56,0.83,8.2,-0.41,-1.51,0.69,11.5,-0.57,-1.78,0.64,9.7,-1.08,-2.28,0.11,12.3,0.22,-0.11,0.55,12,0.19,-0.11,0.5,20.3,0.96,0.62,1.29,17.7,0.3,-0.03,0.63,9.7,0,17.5,0.2,-12.7,-0.81,37.3,7,0,0.93,-0.11,1.98,0.93,-0.13,2,54.4,44,0,0.55,0.13,0.97,0.55,0.12,0.98,69.9,47,0,0.14,-0.26,0.55,0.14,-0.27,0.55,62.4,11,12.4,21.5,17.5,17.5,0,SUPP,SUPP,SUPP,SUPP,SUPP,SUPP,SUPP,SUPP,62.2,13.1,11.5,19.8,17.8,17.7,0.1,52,0,0.43,0.04,0.81,0.43,0.04,0.82,59.1,10.9,12,19.6,16.6,16.3,0.3,46,0,0.33,-0.08,0.74,0.33,-0.09,0.74,60.8,12.1,11.8,19.7,17.2,17,0.2,98,0,0.38,0.1,0.66,0.38,0.1,0.67,6,85.70%,14.30%,0.00%,42,95.50%,75.00%,50.00%,47,100.00%,93.60%,87.20%,55.60%,97.60%,22.20%,22.20%,81.50%,63.70%,0.74,0.93,0.37,SUPP,0.67,1.63,0.96,0.14,-0.14,0.66,1.31,0.72,0.51,SUPP,0.69,SUPP,SUPP,0.96,0.37,1.91,-0.43,1.36,0.49,0.79,-0.05,1.28,-1.56,1.02,0.29,2.95,0.32,1.49,0.42,0.65,-0.37,SUPP,SUPP,1.09,0.28,2.88,-0.26,1.31,0.13,1.07,-0.05,91.00%,74.60%,56.70%,98.50%,80.30%,65.20%,95.40%,77.90%,61.10%,81.80%,72.70%,63.60%,85.00%,100.00%,55.60%,91.10%,2,28.60%,40,90.90%,47,100.00%,86.60%,90.90%,72.70%,89.30%,22.20%,73.40%,0,0.00%,25,56.80%,45,95.70%,70.10%,69.70%,63.60%,70.20%,89.50%,57.10%,9,7.4,8.6,9.7,6.6,9.2,9,7.4,8.6,9.6,6.6,9.2,1203,0,0%,Above average
1,919,6231,117657,Immanuel College,,87-91 Elstree Road,,,Bushey,WD23 4EB,02089500604,E14001284,Hertsmere,0,0,IND,Jewish,,NA,MIXED,0,4-19,584,300,284,85,41,48.20%,44,51.80%,NP,NP,NP,NP,NP,NP,NP,NP,NP,NP,NP,NP,NP,NP,NP,NP,NP,NP,NP,NA,NA,NA,NA,NA,NA,1586.4,18.7,0,0,0,0,979,11.5,607.4,7.1,527,6.2,80.4,0.9,1.7,1,NP,NP,NP,NP,NP,NP,NP,NP,NP,NP,NP,NP,NP,NP,NP,NP,NP,NP,NP,NP,NP,0.00%,0.00%,147.76,1.74,NP,NP,NP,NP,NP,NP,1.79,1.68,NP,0,0.00%,0.00%,0.00%,0,0.00%,0,0.00%,44,51.80%,0,0.00%,52,61.20%,0.00%,0.00%,0.00%,0.00%,93.20%,72.70%,NE,NE,96.20%,92.30%,NP,NP,NP,NP,NP,NP,NP,NP,NP,NP,NP,NP,NP,NP,NP,0,0,0,0,41,32,NE,NE,50,48,0,0.00%,0,0.00%,0,0.00%,43,97.70%,NE,NE,50,96.20%,NP,NP,NP,NP,NP,NP,NP,NP,NP,NP,NP,NP,NP,NP,NP,NP,NP,NP,NP,NP,NP,NP,NP,NP,NP,NP,NP,NP,NP,NP,NP,NP,NP,NP,NP,NP,NP,NP,NP,NP,NP,NP,NP,NP,NP,NP,NP,NP,NP,NP,NP,NP,NP,NP,NP,NP,NP,NP,NP,NP,NP,NP,NP,NP,NP,NP,NP,NP,NP,NP,NP,NP,NP,NP,NP,NP,NP,NP,NP,NP,NP,NP,NP,NP,NP,NP,NP,NP,NP,NP,NP,NP,NP,NP,NP,NP,NP,NP,20.4,0,0,12.4,8.5,7.5,1,NP,NP,NP,NP,NP,NP,NP,NP,16.8,0,0,10.9,5.9,5,0.9,NP,NP,NP,NP,NP,NP,NP,NP,NP,NP,NP,NP,NP,NP,NP,NP,NP,NP,NP,NP,NP,NP,NP,NP,NP,NP,NP,NP,NP,NP,NP,NP,NP,NP,NP,NP,NP,NP,NP,NP,NP,NP,NP,NP,NP,NP,NP,NP,NP,NP,NP,NP,NP,NP,NP,NP,NP,NP,NP,NP,NP,NP,NP,NP,NP,NP,NP,NP,NP,NP,NP,NP,NP,NP,NP,NP,NP,NP,NP,NP,NP,NP,NP,NP,NP,NP,0.00%,0.00%,0.00%,0.00%,0.00%,0.00%,NP,NP,NP,NP,NP,NP,0.00%,97.60%,NP,NP,NP,NP,NP,NP,NP,NP,0.00%,0.00%,NP,NP,NP,NP,NP,NP,NP,NP,NP,NP,0.00%,0.00%,NP,NP,15.30%,0.00%,2.2,NP,NP,NP,NP,NP,2.1,NP,NP,NP,NP,NP,198,1,1%
2,919,7030,149736,James Marks Academy,,C/O Roman Fields Academy,11 Box Lane,,Hemel Hempstead,HP3 0DF,,E14001278,Hemel Hempstead,0,0,FS,Does not apply,NSE,NA,MIXED,0,11-18,23,14,9,2,SUPP,SUPP,SUPP,SUPP,SUPP,SUPP,SUPP,SUPP,SUPP,SUPP,SUPP,SUPP,SUPP,SUPP,SUPP,SUPP,SUPP,SUPP,SUPP,SUPP,SUPP,SUPP,SUPP,,,,,,,SUPP,SUPP,SUPP,SUPP,SUPP,SUPP,SUPP,SUPP,SUPP,SUPP,SUPP,SUPP,SUPP,SUPP,SUPP,SUPP,SUPP,SUPP,SUPP,SUPP,SUPP,SUPP,SUPP,SUPP,SUPP,SUPP,SUPP,SUPP,SUPP,SUPP,SUPP,SUPP,SUPP,SUPP,SUPP,SUPP,SUPP,SUPP,SUPP,SUPP,SUPP,SUPP,SUPP,SUPP,SUPP,SUPP,SUPP,SUPP,SUPP,SUPP,SUPP,SUPP,SUPP,SUPP,SUPP,SUPP,SUPP,SUPP,SUPP,SUPP,SUPP,SUPP,SUPP,SUPP,SUPP,SUPP,SUPP,SUPP,SUPP,SUPP,SUPP,SUPP,SUPP,SUPP,SUPP,SUPP,SUPP,SUPP,SUPP,SUPP,SUPP,SUPP,SUPP,SUPP,SUPP,SUPP,SUPP,SUPP,SUPP,SUPP,SUPP,SUPP,SUPP,SUPP,SUPP,SUPP,SUPP,SUPP,SUPP,SUPP,SUPP,SUPP,SUPP,SUPP,SUPP,SUPP,SUPP,SUPP,SUPP,SUPP,SUPP,SUPP,SUPP,SUPP,SUPP,SUPP,SUPP,SUPP,SUPP,SUPP,SUPP,SUPP,SUPP,SUPP,SUPP,SUPP,SUPP,SUPP,SUPP,SUPP,SUPP,SUPP,SUPP,SUPP,SUPP,SUPP,SUPP,SUPP,SUPP,SUPP,SUPP,SUPP,SUPP,SUPP,SUPP,SUPP,SUPP,SUPP,SUPP,SUPP,SUPP,SUPP,SUPP,SUPP,SUPP,SUPP,SUPP,SUPP,SUPP,SUPP,SUPP,SUPP,SUPP,SUPP,SUPP,SUPP,SUPP,SUPP,SUPP,SUPP,SUPP,SUPP,SUPP,SUPP,SUPP,SUPP,SUPP,SUPP,SUPP,SUPP,SUPP,SUPP,SUPP,SUPP,SUPP,SUPP,SUPP,SUPP,SUPP,SUPP,SUPP,SUPP,SUPP,SUPP,SUPP,SUPP,SUPP,SUPP,SUPP,SUPP,SUPP,SUPP,SUPP,SUPP,SUPP,SUPP,SUPP,SUPP,SUPP,SUPP,SUPP,SUPP,SUPP,SUPP,SUPP,SUPP,SUPP,SUPP,SUPP,SUPP,SUPP,SUPP,SUPP,SUPP,SUPP,SUPP,SUPP,SUPP,SUPP,SUPP,SUPP,SUPP,SUPP,SUPP,SUPP,SUPP,SUPP,SUPP,SUPP,SUPP,SUPP,SUPP,SUPP,SUPP,SUPP,SUPP,SUPP,SUPP,SUPP,SUPP,SUPP,SUPP,SUPP,SUPP,SUPP,SUPP,SUPP,SUPP,SUPP,SUPP,SUPP,SUPP,SUPP,SUPP,SUPP,SUPP,SUPP,SUPP,SUPP,SUPP,SUPP,SUPP,SUPP,SUPP,SUPP,SUPP,SUPP,SUPP,SUPP,SUPP,SUPP,SUPP,SUPP,SUPP,SUPP,SUPP,SUPP,SUPP,SUPP,SUPP,SUPP,SUPP,SUPP,SUPP,SUPP,SUPP,SUPP,SUPP,SUPP,SUPP,SUPP,SUPP,SUPP,SUPP,SUPP,SUPP,SUPP,SUPP,SUPP,SUPP,SUPP,SUPP,SUPP,SUPP,SUPP,SUPP,SUPP,SUPP,SUPP,SUPP,SUPP,SUPP,SUPP,SUPP,SUPP,SUPP,SUPP,SUPP,SUPP,SUPP,SUPP,SUPP,SUPP,SUPP,SUPP,SUPP,SUPP,SUPP,SUPP,SUPP,SUPP,SUPP,SUPP,SUPP,SUPP,SUPP,SUPP,SUPP,SUPP,SUPP,SUPP,SUPP,SUPP,SUPP,SUPP,SUPP,SUPP,SUPP,SUPP,SUPP,SUPP,SUPP,SUPP,SUPP,SUPP,SUPP,SUPP,SUPP,SUPP,SUPP,SUPP,SUPP
1,919,4619,149743,John F Kennedy Catholic School,,Hollybush Lane,,,Hemel Hempstead,HP1 2PH,01442266150,E14001278,Hemel Hempstead,0,0,ACC,Roman Catholic,NSE,OTHER NON SEL,MIXED,0,11-18,1100,567,533,178,109,61.20%,69,38.80%,105.7,26,14.60%,98,55.10%,54,30.30%,23,12.90%,155,87.10%,32,18.00%,140,78.70%,6,3.40%,176,98.90%,3,1.70%,18,10.10%,15,8.40%,9059,50.9,1927,10.8,1892,10.6,2516,14.1,2724,15.3,2715.5,15.3,8.5,0,2.9,2.9,178,0,100%,0.15,-0.05,0.36,0.15,-0.06,0.36,0.15,-0.09,0.38,0.4,0.18,0.62,-0.1,-0.34,0.14,0.25,0.01,0.49,79.20%,56.20%,748.69,4.21,2.94,4.39,2.3,3.96,5.57,4.93,4.52,4.01,4.22,31,17.40%,14.00%,10.10%,174,97.80%,177,99.40%,176,98.90%,127,71.30%,61,34.30%,86.00%,71.90%,83.10%,65.20%,72.70%,45.50%,66.90%,55.10%,77.00%,60.70%,176,100%,127,100%,61,100%,-0.16,-0.38,0.05,-0.35,-0.65,-0.04,0.76,0.27,1.26,153,128,148,116,128,80,85,70,47,37,31,17.40%,174,97.80%,175,98.30%,174,98.90%,127,100.00%,61,100.00%,36.9,23,0,-0.55,-1.13,0.03,-0.55,-1.14,0.04,53,155,0,0.26,0.03,0.48,0.26,0.03,0.48,8.3,-0.51,-1.17,0.15,8,-0.18,-0.79,0.43,10,-0.72,-1.39,-0.05,10.7,-0.65,-1.31,0.01,11.2,0.24,-0.01,0.5,11,0.49,0.25,0.72,14.8,-0.01,-0.27,0.25,16,0.38,0.13,0.64,10.7,0,15.9,0.1,-13.1,-0.71,29,26,0,0.04,-0.51,0.58,0.04,-0.52,0.59,48.4,98,0,0.22,-0.06,0.5,0.22,-0.06,0.51,66,54,0,0.08,-0.3,0.46,0.08,-0.3,0.46,58.7,12.1,12.2,17,17.3,17.1,0.3,32,0,0.59,0.1,1.08,0.59,0.09,1.09,53.5,11.5,10.6,14.7,16.7,16.6,0.1,69,0,0.41,0.08,0.75,0.41,0.07,0.75,49.2,10.4,10.6,13.8,14.4,14.4,0,109,0,-0.01,-0.28,0.25,-0.01,-0.28,0.26,51,10.8,10.7,14.2,15.3,15.3,0,176,0,0.15,-0.06,0.36,0.15,-0.06,0.36,1,3.80%,0.00%,0.00%,17,17.30%,12.20%,6.10%,13,24.10%,24.10%,22.20%,0.00%,20.00%,0.00%,0.00%,16.10%,11.60%,-0.19,-0.08,-0.29,-0.31,-0.14,-0.64,-0.17,-0.49,-1.32,-0.23,SUPP,0.74,0.71,SUPP,0.86,0.32,-0.93,0.09,-0.37,0.37,-0.75,0.21,-0.37,0.1,-0.68,-0.36,-2.29,0.09,-0.56,0.18,-1.46,0.26,-0.6,0.04,-1.02,SUPP,SUPP,1.37,0.34,SUPP,SUPP,1.37,0.11,1.56,-0.15,8.30%,7.30%,5.50%,31.90%,24.60%,17.40%,17.60%,14.20%,10.20%,31.30%,28.10%,18.80%,74.20%,99.40%,60.90%,81.90%,6,23.10%,81,82.70%,54,100.00%,80.70%,76.80%,84.40%,79.00%,34.80%,59.40%,1,3.80%,51,52.00%,48,88.90%,55.00%,58.00%,75.00%,56.80%,5.10%,32.60%,8.5,7.5,8.3,9.4,7.4,8.7,8.5,7.5,8.3,9.4,7.4,8.7,1522,0,0%,Average
1,919,4039,150656,The John Warner School,,Stanstead Road,,,Hoddesdon,EN11 0QF,01992462889,E14001139,Broxbourne,0,0,ACC,None,NR,OTHER NON SEL,MIXED,0,11-18,NEW
1,919,5426,136607,The John Warner School,,Stanstead Road,,,Hoddesdon,EN11 0QF,,E14000606,Broxbourne,0,1,ACC,None,NSE,OTHER NON SEL,MIXED,0,11-18,0,0,0,211,122,57.80%,89,42.20%,104.3,47,22.60%,118,56.70%,43,20.70%,33,15.60%,178,84.40%,17,8.10%,194,91.90%,0,0.00%,207,98.10%,6,2.80%,31,14.70%,25,11.80%,8597.5,40.7,1999,9.5,1700,8.1,2450.5,11.6,2448,11.6,2345.5,11.1,102.5,0.5,2.8,2.8,208,1,99%,-0.54,-0.74,-0.35,-0.54,-0.74,-0.35,-0.24,-0.46,-0.02,-0.56,-0.76,-0.36,-0.6,-0.83,-0.38,-0.68,-0.9,-0.46,53.60%,34.60%,720.65,3.42,2.38,3.61,1.99,3.41,5.01,3.62,3.29,3.5,3.41,19,9.00%,3.80%,1.90%,203,96.20%,207,98.10%,199,94.30%,187,88.60%,26,12.30%,76.30%,58.30%,58.80%,38.90%,54.80%,29.10%,53.50%,36.40%,46.20%,30.80%,197,99%,185,99%,25,96%,-0.55,-0.76,-0.35,-0.56,-0.82,-0.31,-0.72,-1.49,0.05,161,123,124,82,109,58,100,68,12,8,18,8.50%,202,95.70%,207,98.10%,199,100.00%,181,96.80%,26,100.00%,29,32,1,-1.28,-1.77,-0.79,-1.28,-1.78,-0.78,42.9,176,0,-0.41,-0.62,-0.2,-0.41,-0.62,-0.2,7.2,-0.97,-1.53,-0.41,5.6,-1.4,-1.91,-0.88,7.9,-1.35,-1.92,-0.78,8.4,-1.34,-1.9,-0.78,9.9,-0.1,-0.34,0.14,8.5,-0.41,-0.63,-0.19,12.3,-0.47,-0.71,-0.23,12.2,-0.56,-0.8,-0.32,8.4,0,11.6,0.6,-21,-1.44,24.2,47,0,-0.49,-0.89,-0.08,-0.49,-0.9,-0.08,41.2,118,1,-0.49,-0.75,-0.23,-0.49,-0.75,-0.23,58,43,0,-0.75,-1.17,-0.33,-0.75,-1.18,-0.32,41.4,9.9,8,12.2,11.3,11.3,0,16,0,-0.12,-0.81,0.58,-0.12,-0.82,0.59,41,9.7,7.4,11,13,11.8,1.2,89,1,-0.41,-0.7,-0.11,-0.41,-0.71,-0.11,40.5,9.3,8.6,12,10.6,10.6,0,119,0,-0.65,-0.9,-0.39,-0.65,-0.9,-0.39,40.8,9.5,8.1,11.6,11.6,11.1,0.5,204,1,-0.54,-0.73,-0.35,-0.54,-0.74,-0.34,4,8.50%,0.00%,0.00%,9,7.60%,4.20%,1.70%,5,11.60%,7.00%,4.70%,3.00%,10.10%,3.00%,0.00%,3.90%,2.20%,-0.46,-0.56,-0.63,-1.03,-0.48,-0.68,-0.47,-0.69,-0.85,-0.52,SUPP,-0.29,-2.42,SUPP,-0.62,-0.47,-1.59,-0.26,-0.7,-0.02,-0.9,-0.29,-0.83,-0.19,-1.06,-0.14,-1.56,-0.25,-0.8,-0.12,-1.25,-0.13,-0.81,-0.15,-1.23,SUPP,SUPP,0.18,-1.42,SUPP,SUPP,0.73,-1.32,-0.85,-3.99,9.00%,2.50%,1.60%,9.00%,5.60%,2.20%,8.20%,3.40%,1.90%,23.50%,11.80%,0.00%,45.00%,98.10%,30.30%,57.90%,4,8.50%,68,57.60%,39,90.70%,56.60%,49.40%,52.90%,53.60%,18.20%,37.60%,0,0.00%,39,33.10%,33,76.70%,39.30%,28.10%,35.30%,35.30%,0.90%,3.80%,7.6,7.1,7.6,8.1,6.5,7.8,7.5,7,7.5,8,6.5,7.6,1624,0,0%,Well below average
1,919,4030,145890,Katherine Warington School,,Lower Luton Road,,,Harpenden,AL5 5FH,01582314777,E14001268,Harpenden and Berkhamsted,0,0,F,Unknown,NR,OTHER NON SEL,MIXED,0,11-19,923,532,391,175,113,64.60%,62,35.40%,105.5,28,17.50%,89,55.60%,43,26.90%,21,12.00%,154,88.00%,6,3.40%,169,96.60%,0,0.00%,164,93.70%,2,1.10%,15,8.60%,13,7.40%,9456.5,54,2085,11.9,1832,10.5,2819.5,16.1,2720,15.5,2699.5,15.4,20.5,0.1,2.9,2.9,160,0,91%,0.48,0.26,0.69,0.48,0.25,0.7,0.75,0.5,1,0.31,0.08,0.54,0.54,0.28,0.79,0.34,0.09,0.59,74.90%,58.30%,810.29,4.63,3.48,4.79,2.56,4.52,6.05,5.56,4.62,4.63,4.67,37,21.10%,17.10%,12.00%,173,98.90%,174,99.40%,174,99.40%,102,58.30%,79,45.10%,86.30%,77.70%,77.10%,60.00%,77.60%,66.70%,69.60%,61.80%,81.00%,59.50%,159,91%,93,91%,74,94%,0.69,0.47,0.92,0.56,0.2,0.92,0.19,-0.25,0.64,151,136,135,105,135,116,71,63,64,47,37,21.10%,173,98.90%,174,99.40%,174,100.00%,101,99.00%,79,100.00%,40.8,21,0,-0.14,-0.75,0.47,-0.14,-0.76,0.48,55.8,139,0,0.57,0.33,0.8,0.57,0.33,0.81,9.4,0.08,-0.61,0.77,8.1,-0.11,-0.75,0.52,12,-0.03,-0.73,0.67,11.3,-0.42,-1.11,0.28,12.3,0.85,0.58,1.12,10.8,0.37,0.12,0.62,16.7,0.62,0.35,0.9,16.1,0.46,0.19,0.73,11,0.3,16,0.1,-9.2,-0.3,31.9,28,0,0.34,-0.18,0.86,0.34,-0.19,0.87,52.1,89,0,0.52,0.23,0.82,0.52,0.23,0.82,70.2,43,0,0.46,0.04,0.88,0.46,0.03,0.89,65,13.7,12.7,19.2,19.5,19.5,0,SUPP,SUPP,SUPP,SUPP,SUPP,SUPP,SUPP,SUPP,53.3,12.5,9.4,15.3,16.1,16.1,0,58,0,0.57,0.2,0.93,0.57,0.2,0.94,54.5,11.6,11.1,16.5,15.2,15.1,0.2,102,0,0.42,0.15,0.7,0.42,0.14,0.7,54.5,12.1,10.5,16.2,15.7,15.6,0.1,154,0,0.51,0.28,0.73,0.51,0.28,0.73,1,3.60%,3.60%,3.60%,22,24.70%,18.00%,11.20%,13,30.20%,27.90%,20.90%,9.50%,22.70%,4.80%,0.00%,18.80%,13.60%,0.24,0.83,0.71,0.23,0.76,-0.07,0.78,0.48,-0.7,0.77,SUPP,0.34,-0.08,-0.2,0.23,0.86,-0.39,1,0.52,0.78,-0.3,1.13,0.52,1.14,0.27,0.27,-1.66,1.15,0.38,0.78,-0.91,1.24,0.32,1.28,-0.32,1.37,-1.76,0.69,-0.24,SUPP,SUPP,0.95,-0.28,0.61,-0.77,14.20%,12.40%,8.80%,33.90%,25.80%,17.70%,22.00%,17.70%,12.20%,16.70%,16.70%,16.70%,69.70%,99.40%,57.10%,77.30%,6,21.40%,69,77.50%,43,100.00%,75.20%,74.20%,83.30%,76.20%,19.00%,63.60%,3,10.70%,48,53.90%,40,93.00%,63.70%,48.40%,83.30%,59.80%,2.30%,20.60%,8.2,7.4,7.9,9,7.6,8.3,8.1,7.4,7.8,9,7.5,8.2,1432,0,0%,Above average
1,919,4140,137656,King James Academy Royston,,Garden Walk,,,Royston,SG8 7JH,01763242236,E14001393,North East Hertfordshire,0,0,ACC,Does not apply,NSE,OTHER NON SEL,MIXED,0,9-18,957,477,480,89,52,58.40%,37,41.60%,101.5,30,34.10%,48,54.50%,10,11.40%,22,24.70%,67,75.30%,4,4.50%,85,95.50%,0,0.00%,86,96.60%,3,3.40%,9,10.10%,6,6.70%,3803.8,42.7,800,9,788,8.9,1145.5,12.9,1070.3,12,837.5,9.4,232.8,2.6,2.7,2.6,88,0,99%,0.19,-0.11,0.48,0.19,-0.12,0.49,0.01,-0.33,0.34,0.41,0.1,0.72,0.39,0.05,0.74,-0.06,-0.39,0.28,57.30%,44.90%,338.48,3.8,1.97,4.41,2.13,4.17,6.92,SUPP,4.11,3.59,3.87,24,27.00%,19.10%,13.50%,84,94.40%,86,96.60%,85,95.50%,77,86.50%,26,29.20%,66.30%,56.20%,64.00%,47.20%,57.60%,43.50%,62.30%,46.80%,73.10%,50.00%,84,99%,76,99%,26,100%,0.48,0.16,0.79,0.25,-0.15,0.65,0.37,-0.38,1.13,59,50,57,42,49,37,48,36,19,13,24,27.00%,84,94.40%,86,96.60%,84,98.80%,72,93.50%,26,100.00%,23.5,21,0,-1.04,-1.65,-0.44,-1.04,-1.66,-0.43,49,67,0,0.57,0.23,0.91,0.57,0.23,0.92,5.9,-0.85,-1.54,-0.16,5.1,-0.74,-1.38,-0.1,6.2,-1.09,-1.79,-0.39,6.3,-1.33,-2.02,-0.64,10,0.27,-0.11,0.66,10.1,0.77,0.42,1.13,15.1,0.86,0.47,1.25,13.9,0.34,-0.04,0.73,5.2,1.1,10.8,3.1,-26.5,-1.2,24.3,30,0,-0.28,-0.78,0.23,-0.28,-0.79,0.24,47.5,48,0,0.32,-0.08,0.73,0.32,-0.08,0.73,73.3,10,0,0.9,0.02,1.78,0.9,0.01,1.8,SUPP,SUPP,SUPP,SUPP,SUPP,SUPP,SUPP,SUPP,SUPP,SUPP,SUPP,SUPP,SUPP,SUPP,SUPP,45.7,9.7,8.9,13.8,13.3,10.8,2.5,36,0,0.35,-0.11,0.82,0.35,-0.12,0.82,40.7,8.5,8.8,12.2,11.1,8.5,2.7,52,0,0.07,-0.32,0.45,0.07,-0.32,0.46,43.5,9.2,9,13.1,12.2,9.5,2.7,85,0,0.26,-0.05,0.56,0.26,-0.05,0.56,3,10.00%,3.30%,0.00%,15,31.30%,20.80%,12.50%,6,60.00%,60.00%,60.00%,9.10%,32.80%,0.00%,0.00%,25.40%,17.90%,0.01,0.52,1.51,-0.8,0.82,-0.01,0.26,0.73,-1.12,0.53,SUPP,0.44,0.63,SUPP,0.51,-0.13,-1.47,1.17,0.47,0.56,-0.54,0.94,0.1,2.41,0.6,-0.16,-2.09,0.97,0.09,0.77,-0.79,0.77,-0.26,1.83,-0.37,SUPP,SUPP,1.29,-0.28,SUPP,SUPP,1.44,-0.55,2.2,-0.94,19.20%,13.50%,11.50%,37.80%,27.00%,16.20%,26.70%,19.80%,14.00%,SUPP,SUPP,SUPP,52.80%,96.60%,22.70%,68.70%,5,16.70%,35,72.90%,10,100.00%,55.80%,59.50%,SUPP,59.30%,13.60%,55.20%,3,10.00%,26,54.20%,10,100.00%,46.20%,43.20%,SUPP,46.50%,0.00%,15.70%,7.5,6.5,7.9,8.6,6.2,7.9,6.8,5.9,7.1,7.7,5.7,7.1,686,0,0%,Average
1,919,4096,139036,Kings Langley School,,Love Lane,,,Kings Langley,WD4 9HN,01923264504,E14001496,South West Hertfordshire,0,0,ACC,Does not apply,NSE,OTHER NON SEL,MIXED,0,11-18,1085,594,491,186,105,56.50%,81,43.50%,104.8,36,19.90%,104,57.50%,41,22.70%,27,14.50%,159,85.50%,8,4.30%,178,95.70%,0,0.00%,181,97.30%,4,2.20%,30,16.10%,26,14.00%,8858.5,47.6,1876,10.1,1714,9.2,2644,14.2,2624.5,14.1,2624.5,14.1,0,0,2.8,2.9,181,1,97%,0.07,-0.14,0.27,0.06,-0.15,0.27,0,-0.23,0.24,-0.05,-0.27,0.17,0.17,-0.07,0.41,0.08,-0.16,0.31,70.40%,46.80%,786.85,4.23,3.02,4.44,2.39,4.19,5.89,4.92,4.66,3.9,4.23,68,36.60%,26.90%,15.60%,179,96.20%,183,98.40%,179,96.20%,178,95.70%,68,36.60%,80.10%,66.10%,75.30%,53.80%,77.10%,54.70%,64.00%,45.50%,83.80%,67.60%,175,98%,174,98%,64,94%,0.25,0.03,0.46,-0.14,-0.4,0.13,0.3,-0.18,0.78,149,123,140,100,138,98,114,81,57,46,67,36.00%,178,95.70%,182,97.80%,178,99.40%,171,96.10%,67,98.50%,34.6,26,0,-0.68,-1.22,-0.13,-0.68,-1.23,-0.12,49.8,155,1,0.19,-0.03,0.42,0.19,-0.04,0.42,7.3,-0.83,-1.45,-0.21,6.6,-0.77,-1.34,-0.2,10.1,-0.59,-1.22,0.04,10.5,-0.61,-1.23,0.01,10.6,0.14,-0.11,0.4,9.7,0.07,-0.16,0.3,14.9,0.3,0.04,0.55,14.7,0.19,-0.06,0.45,10.5,0,14.7,0,-15.4,-0.84,29.6,36,0,0.09,-0.37,0.55,0.09,-0.38,0.56,47.1,104,0,0.12,-0.15,0.39,0.12,-0.16,0.4,64.7,41,1,-0.08,-0.52,0.35,-0.1,-0.54,0.34,52.4,9.8,10,17.1,15.5,15.5,0,6,0,0.51,-0.63,1.64,0.51,-0.65,1.66,52.6,11.4,9.7,15.4,16.2,16.2,0,80,1,0.2,-0.11,0.51,0.2,-0.12,0.51,43.8,9.1,8.8,13.3,12.5,12.5,0,101,0,-0.04,-0.31,0.24,-0.04,-0.32,0.24,47.8,10.1,9.2,14.2,14.2,14.2,0,177,0,0.09,-0.11,0.3,0.09,-0.12,0.31,4,11.10%,8.30%,2.80%,43,41.30%,26.00%,10.60%,17,41.50%,41.50%,39.00%,33.30%,37.10%,11.10%,11.10%,29.60%,16.40%,0.27,0.35,-0.02,-0.38,0.34,0.13,-0.21,-0.14,-1.06,0.01,SUPP,0.12,0.55,0.05,0.33,0.22,-0.97,0.57,0.11,0.78,-0.24,0.63,0.06,0.42,-0.47,-0.34,-1.79,0.29,-0.28,0.76,-0.51,0.13,-0.55,0.4,-0.68,1.41,-1.31,0.84,-0.18,SUPP,SUPP,0.7,-0.47,1.48,-0.39,32.40%,21.90%,10.50%,42.00%,33.30%,22.20%,35.90%,27.10%,16.00%,75.00%,50.00%,25.00%,67.70%,98.90%,33.30%,76.70%,10,27.80%,78,75.00%,40,97.60%,64.80%,77.80%,75.00%,71.30%,14.80%,52.20%,3,8.30%,47,45.20%,34,82.90%,40.00%,55.60%,50.00%,47.50%,2.20%,25.30%,9,7.8,9.2,9.4,8.3,9.1,9,7.8,9.2,9.4,8.3,9.1,1683,0,0%,Average
1,919,6224,117650,The King's School,,Elmfield,Ambrose Lane,,Harpenden,AL5 4DU,01582767566,E14001268,Harpenden and Berkhamsted,0,0,IND,Christian,,NA,MIXED,0,4-16,171,86,85,22,12,54.50%,10,45.50%,NP,NP,NP,NP,NP,NP,NP,NP,NP,NP,NP,NP,NP,NP,NP,NP,NP,NP,NP,NA,NA,NA,NA,NA,NA,1330,60.5,266,12.1,258,11.7,402.5,18.3,403.5,18.3,403.5,18.3,0,0,2.8,3,NP,NP,NP,NP,NP,NP,NP,NP,NP,NP,NP,NP,NP,NP,NP,NP,NP,NP,NP,NP,NP,95.50%,77.30%,120.19,5.46,NP,NP,NP,NP,NP,NP,5.02,5.83,NP,11,50.00%,50.00%,45.50%,21,95.50%,22,100.00%,22,100.00%,17,77.30%,14,63.60%,95.50%,86.40%,95.50%,81.80%,90.90%,72.70%,94.10%,82.40%,100.00%,85.70%,NP,NP,NP,NP,NP,NP,NP,NP,NP,NP,NP,NP,NP,NP,NP,21,19,21,18,20,16,16,14,14,12,11,50.00%,21,95.50%,22,100.00%,21,95.50%,17,100.00%,14,100.00%,NP,NP,NP,NP,NP,NP,NP,NP,NP,NP,NP,NP,NP,NP,NP,NP,NP,NP,NP,NP,NP,NP,NP,NP,NP,NP,NP,NP,NP,NP,NP,NP,NP,NP,NP,NP,NP,NP,NP,NP,NP,NP,NP,NP,NP,NP,NP,NP,NP,NP,NP,NP,NP,NP,NP,NP,NP,NP,NP,NP,NP,NP,NP,NP,NP,NP,NP,NP,NP,NP,NP,NP,NP,NP,NP,NP,NP,NP,NP,NP,NP,NP,NP,NP,NP,NP,NP,NP,NP,NP,NP,NP,NP,NP,NP,NP,NP,NP,56.6,11.6,10.2,16.8,18,18,0,NP,NP,NP,NP,NP,NP,NP,NP,63.7,12.5,13,19.5,18.6,18.6,0,NP,NP,NP,NP,NP,NP,NP,NP,NP,NP,NP,NP,NP,NP,NP,NP,NP,NP,NP,NP,NP,NP,NP,NP,NP,NP,NP,NP,NP,NP,NP,NP,NP,NP,NP,NP,NP,NP,NP,NP,NP,NP,NP,NP,NP,NP,NP,NP,NP,NP,NP,NP,NP,NP,NP,NP,NP,NP,NP,NP,NP,NP,NP,NP,NP,NP,NP,NP,NP,NP,NP,NP,NP,NP,NP,NP,NP,NP,NP,NP,NP,NP,NP,NP,NP,NP,50.00%,50.00%,41.70%,50.00%,50.00%,50.00%,NP,NP,NP,NP,NP,NP,95.50%,100.00%,NP,NP,NP,NP,NP,NP,NP,NP,100.00%,90.00%,NP,NP,NP,NP,NP,NP,NP,NP,NP,NP,83.30%,70.00%,NP,NP,0.00%,36.40%,8.4,NP,NP,NP,NP,NP,8.4,NP,NP,NP,NP,NP,185,0,0%
1,919,4016,136608,The Knights Templar School,,Park Street,,,Baldock,SG7 6DZ,01462620700,E14001393,North East Hertfordshire,0,0,ACC,Does not apply,NSE,OTHER NON SEL,MIXED,0,11-18,1421,712,709,204,112,54.90%,92,45.10%,104.9,41,20.40%,105,52.20%,55,27.40%,41,20.10%,163,79.90%,10,4.90%,183,89.70%,11,5.40%,192,94.10%,3,1.50%,36,17.60%,33,16.20%,9165.5,44.9,1938,9.5,1846,9,2714.5,13.3,2667,13.1,2403,11.8,264,1.3,2.7,2.7,201,1,99%,-0.27,-0.47,-0.08,-0.28,-0.48,-0.08,-0.36,-0.58,-0.14,-0.22,-0.42,-0.01,-0.22,-0.44,0.01,-0.32,-0.55,-0.1,64.70%,47.50%,843.68,4.14,2.7,4.5,1.87,4,6.1,4.3,4.11,4.15,4.28,105,51.50%,39.70%,26.50%,193,94.60%,200,98.00%,192,94.10%,163,79.90%,112,54.90%,72.50%,56.90%,70.10%,53.90%,69.30%,53.60%,63.20%,47.90%,84.80%,68.80%,189,98%,161,99%,112,100%,-0.01,-0.22,0.2,-0.33,-0.6,-0.05,0.2,-0.17,0.56,148,116,143,110,133,103,103,78,95,77,104,51.00%,192,94.10%,196,96.10%,186,96.90%,159,97.50%,112,100.00%,31.3,41,1,-1.24,-1.68,-0.81,-1.27,-1.71,-0.83,48.4,160,0,-0.02,-0.24,0.2,-0.02,-0.25,0.2,7.2,-1.17,-1.66,-0.67,6.4,-1.11,-1.56,-0.65,8.7,-1.34,-1.84,-0.84,8.9,-1.37,-1.87,-0.88,10.1,-0.15,-0.4,0.1,9.7,0.01,-0.22,0.24,14.5,0.07,-0.18,0.33,14.1,-0.05,-0.3,0.2,7.6,1.3,12.8,1.3,-18.7,-1.4,22.8,41,0,-0.43,-0.87,0,-0.43,-0.88,0.01,43.9,105,0,-0.23,-0.5,0.04,-0.23,-0.51,0.04,63.5,55,1,-0.23,-0.6,0.15,-0.24,-0.63,0.14,46.9,10.6,8.8,14.1,13.5,12.7,0.8,9,0,0.03,-0.9,0.95,0.03,-0.92,0.97,45,9.9,8.6,13,13.6,12.8,0.8,92,0,-0.27,-0.56,0.02,-0.27,-0.57,0.02,44.9,9.2,9.4,13.6,12.7,11,1.7,109,1,-0.27,-0.54,-0.01,-0.28,-0.55,-0.01,46.4,9.8,9.3,13.7,13.6,12.2,1.4,192,1,-0.19,-0.39,0.01,-0.2,-0.4,0.01,2,4.90%,0.00%,0.00%,57,54.30%,38.10%,20.00%,46,83.60%,74.50%,60.00%,26.80%,57.70%,14.60%,9.80%,46.00%,30.70%,-0.16,0.03,0.02,-0.89,0.19,-0.6,-0.16,-0.46,-1.41,-0.09,SUPP,0.31,0.18,-0.54,0.29,-0.4,-1.38,0.42,-0.04,0.32,-0.63,0.32,-0.25,0.41,-0.37,-0.77,-2.06,0.22,-0.39,0.08,-1.28,0.21,-0.54,0.04,-0.96,0.56,-1.65,0.67,-0.1,SUPP,SUPP,0.8,-0.19,0.74,-0.37,49.10%,37.50%,23.20%,54.30%,42.40%,30.40%,54.70%,42.20%,28.10%,50.00%,50.00%,20.00%,61.30%,97.50%,39.00%,71.20%,8,19.50%,69,65.70%,52,94.50%,63.40%,66.30%,70.00%,66.70%,24.40%,53.40%,2,4.90%,45,42.90%,49,89.10%,47.30%,47.80%,60.00%,50.00%,0.00%,25.00%,7.9,6.5,7.8,9,6.9,8.1,7.4,5.9,7.4,8.8,6.5,7.7,1620,0,0%,Below average
2,919,7007,138485,Knightsfield School,,Knightsfield,,,Welwyn Garden City,AL8 7LW,01707376874,E14001573,Welwyn Hatfield,0,0,ACCS,Does not apply,NA,NA,MIXED,0,9-18,63,41,22,10,8,80.00%,2,20.00%,79.8,9,100.00%,0,0.00%,0,0.00%,4,40.00%,6,60.00%,2,20.00%,8,80.00%,0,0.00%,10,100.00%,,,,,,,147,14.7,18,1.8,46,4.6,41,4.1,42,4.2,20,2,22,2.2,1.4,1.7,9,0,90%,-0.22,-1.15,0.7,-0.22,-1.17,0.72,-1.16,-2.22,-0.11,1.11,0.14,2.08,-0.14,-1.21,0.93,-0.57,-1.63,0.48,10.00%,0.00%,10.66,1.07,SUPP,SUPP,1.18,NE,NE,SUPP,SUPP,SUPP,1.07,0,0.00%,0.00%,0.00%,0,0.00%,6,60.00%,5,50.00%,4,40.00%,0,0.00%,0.00%,0.00%,40.00%,20.00%,SUPP,SUPP,SUPP,SUPP,NE,NE,5,SUPP,4,SUPP,,NE,SUPP,SUPP,SUPP,SUPP,SUPP,SUPP,NE,NE,NE,0,0,4,2,SUPP,SUPP,SUPP,SUPP,NE,NE,0,0.00%,0,0.00%,6,60.00%,SUPP,SUPP,SUPP,SUPP,NE,NE,SUPP,SUPP,SUPP,SUPP,SUPP,SUPP,SUPP,SUPP,SUPP,SUPP,SUPP,SUPP,SUPP,SUPP,SUPP,SUPP,SUPP,SUPP,SUPP,SUPP,SUPP,SUPP,SUPP,SUPP,SUPP,SUPP,SUPP,SUPP,SUPP,SUPP,SUPP,SUPP,SUPP,SUPP,SUPP,SUPP,SUPP,SUPP,SUPP,SUPP,SUPP,SUPP,SUPP,SUPP,SUPP,SUPP,SUPP,SUPP,SUPP,SUPP,SUPP,SUPP,SUPP,SUPP,SUPP,SUPP,15.9,9,0,-0.22,-1.15,0.7,-0.22,-1.17,0.72,NE,NE,NE,NE,NE,NE,NE,NE,NE,NE,NE,NE,NE,NE,NE,NE,NE,NE,SUPP,SUPP,SUPP,SUPP,SUPP,SUPP,SUPP,SUPP,SUPP,SUPP,SUPP,SUPP,SUPP,SUPP,SUPP,SUPP,SUPP,SUPP,SUPP,SUPP,SUPP,SUPP,SUPP,SUPP,SUPP,SUPP,SUPP,SUPP,SUPP,SUPP,SUPP,SUPP,SUPP,SUPP,SUPP,SUPP,SUPP,SUPP,SUPP,SUPP,SUPP,SUPP,SUPP,SUPP,SUPP,14.7,1.8,4.6,4.1,4.2,2,2.2,9,0,-0.22,-1.15,0.7,-0.22,-1.17,0.72,0,0.00%,0.00%,0.00%,NE,NE,NE,NE,NE,NE,NE,NE,SUPP,SUPP,SUPP,SUPP,SUPP,SUPP,SUPP,NE,NE,SUPP,SUPP,SUPP,NE,NE,SUPP,SUPP,NE,NE,NE,SUPP,SUPP,SUPP,SUPP,SUPP,SUPP,SUPP,SUPP,NE,NE,NE,NE,SUPP,SUPP,SUPP,SUPP,SUPP,SUPP,NE,NE,NE,NE,SUPP,SUPP,SUPP,SUPP,NE,NE,NE,NE,NE,NE,SUPP,SUPP,SUPP,SUPP,SUPP,SUPP,0.00%,0.00%,0.00%,SUPP,SUPP,SUPP,0.00%,90.00%,SUPP,SUPP,1,11.10%,NE,NE,NE,NE,SUPP,SUPP,SUPP,10.00%,SUPP,SUPP,0,0.00%,NE,NE,NE,NE,SUPP,SUPP,SUPP,0.00%,0.00%,0.00%,3.8,4,NE,NE,SUPP,SUPP,3.1,3.3,NE,NE,SUPP,SUPP,38,0,0%,Average
2,919,7023,117680,Lakeside School,,Lemsford Lane,,,Welwyn Garden City,AL8 6YN,01707327410,E14001573,Welwyn Hatfield,0,0,CYS,Does not apply,NA,NA,MIXED,0,2-19,107,76,31,6,6,100.00%,0,0.00%,SUPP,5,100.00%,0,0.00%,0,0.00%,4,66.70%,2,33.30%,1,16.70%,5,83.30%,0,0.00%,6,100.00%,,,,,,,NE,NE,NE,NE,NE,NE,NE,NE,NE,NE,NE,NE,NE,NE,NE,NE,NE,SUPP,NE,SUPP,SUPP,SUPP,SUPP,SUPP,SUPP,SUPP,SUPP,SUPP,SUPP,SUPP,SUPP,SUPP,SUPP,SUPP,SUPP,SUPP,SUPP,NE,NE,NE,NE,SUPP,SUPP,SUPP,NE,NE,SUPP,NE,NE,NE,NE,NE,NE,NE,NE,NE,NE,NE,NE,NE,NE,NE,NE,NE,NE,NE,NE,NE,NE,NE,NE,NE,NE,NE,NE,NE,NE,NE,NE,NE,NE,NE,NE,NE,NE,NE,NE,NE,NE,NE,NE,NE,NE,NE,NE,NE,NE,NE,NE,NE,NE,NE,NE,NE,NE,NE,NE,NE,NE,NE,NE,SUPP,SUPP,SUPP,SUPP,SUPP,SUPP,SUPP,SUPP,SUPP,SUPP,SUPP,SUPP,SUPP,SUPP,SUPP,SUPP,SUPP,SUPP,SUPP,SUPP,SUPP,SUPP,SUPP,SUPP,SUPP,SUPP,SUPP,SUPP,SUPP,SUPP,SUPP,SUPP,SUPP,SUPP,SUPP,SUPP,SUPP,SUPP,SUPP,SUPP,SUPP,SUPP,SUPP,SUPP,SUPP,SUPP,SUPP,SUPP,SUPP,SUPP,SUPP,SUPP,SUPP,SUPP,SUPP,SUPP,SUPP,SUPP,SUPP,SUPP,SUPP,SUPP,SUPP,SUPP,SUPP,NE,NE,NE,NE,NE,NE,NE,NE,NE,NE,NE,NE,NE,NE,NE,NE,NE,NE,SUPP,SUPP,SUPP,SUPP,SUPP,SUPP,SUPP,SUPP,SUPP,SUPP,SUPP,SUPP,SUPP,SUPP,SUPP,NE,NE,NE,NE,NE,NE,NE,SUPP,SUPP,SUPP,SUPP,SUPP,SUPP,SUPP,SUPP,NE,NE,NE,NE,NE,NE,NE,SUPP,SUPP,SUPP,SUPP,SUPP,SUPP,SUPP,SUPP,NE,NE,NE,NE,NE,NE,NE,SUPP,SUPP,SUPP,SUPP,SUPP,SUPP,SUPP,SUPP,SUPP,SUPP,SUPP,SUPP,NE,NE,NE,NE,NE,NE,NE,NE,SUPP,SUPP,SUPP,SUPP,SUPP,SUPP,SUPP,NE,NE,SUPP,SUPP,SUPP,NE,NE,SUPP,SUPP,SUPP,NE,NE,SUPP,SUPP,SUPP,SUPP,SUPP,SUPP,SUPP,SUPP,NE,NE,NE,NE,SUPP,SUPP,SUPP,SUPP,SUPP,SUPP,NE,NE,NE,NE,SUPP,SUPP,SUPP,SUPP,SUPP,SUPP,NE,NE,NE,NE,NE,NE,NE,NE,NE,NE,NE,NE,NE,SUPP,SUPP,SUPP,NE,NE,SUPP,SUPP,SUPP,SUPP,NE,NE,NE,NE,NE,NE,SUPP,NE,SUPP,SUPP,SUPP,SUPP,NE,NE,NE,NE,NE,NE,SUPP,NE,NE,NE,NE,SUPP,NE,NE,SUPP,SUPP,NE,SUPP,NE,NE,SUPP,SUPP,NE,NE,NE
1,919,4033,146440,Laureate Academy,,Warners End Road,,,Hemel Hempstead,HP1 3DW,01442404333,E14001278,Hemel Hempstead,0,0,AC,Does not apply,NR,OTHER NON SEL,MIXED,0,11-18,752,376,376,144,80,55.60%,64,44.40%,103.2,35,26.90%,76,58.50%,19,14.60%,49,34.00%,95,66.00%,26,18.10%,118,81.90%,0,0.00%,131,91.00%,2,1.40%,27,18.80%,25,17.40%,6009.5,41.7,1278,8.9,1228,8.5,1882.5,13.1,1621,11.3,1621,11.3,0,0,2.7,2.7,130,3,90%,-0.22,-0.46,0.02,-0.23,-0.48,0.01,-0.32,-0.6,-0.05,-0.07,-0.33,0.18,0.11,-0.17,0.39,-0.62,-0.9,-0.34,56.90%,35.40%,569.82,3.96,3.38,4.25,2.41,4.05,6.2,4.61,3.84,4.05,4.09,70,48.60%,33.30%,20.10%,139,96.50%,141,97.90%,138,95.80%,110,76.40%,82,56.90%,66.70%,51.40%,66.70%,40.30%,70.30%,50.70%,68.20%,53.60%,74.40%,54.90%,125,91%,99,90%,73,89%,0.21,-0.04,0.47,0.22,-0.13,0.56,0.29,-0.16,0.74,96,74,96,58,97,70,75,59,61,45,67,46.50%,139,96.50%,140,97.20%,134,97.10%,109,99.10%,80,97.60%,35.5,46,2,-0.72,-1.13,-0.31,-0.75,-1.16,-0.33,45,84,1,0.06,-0.25,0.36,0.05,-0.26,0.36,7.9,-0.72,-1.19,-0.25,7.6,-0.39,-0.82,0.04,10.9,-0.47,-0.94,0.01,9,-1.28,-1.75,-0.81,9.4,-0.11,-0.45,0.24,9,0.1,-0.22,0.42,14.2,0.42,0.07,0.77,12.4,-0.26,-0.61,0.08,9,0,12.4,0,-14.5,-0.88,26.9,35,0,-0.2,-0.67,0.27,-0.2,-0.68,0.27,42.7,76,2,-0.26,-0.58,0.06,-0.27,-0.6,0.05,62.6,19,1,-0.09,-0.73,0.55,-0.13,-0.78,0.52,47.7,9.8,9.7,15.1,13.1,13.1,0,17,0,0.85,0.17,1.52,0.85,0.16,1.53,40.8,9.1,7.9,12.5,11.3,11.3,0,57,2,-0.42,-0.79,-0.06,-0.45,-0.82,-0.08,42.5,8.7,9,13.5,11.3,11.3,0,73,1,-0.06,-0.38,0.26,-0.06,-0.4,0.27,42.8,9,8.8,13.5,11.5,11.5,0,121,3,-0.17,-0.43,0.08,-0.19,-0.45,0.07,8,22.90%,8.60%,0.00%,40,52.60%,34.20%,15.80%,15,78.90%,78.90%,68.40%,42.90%,51.60%,22.40%,14.30%,38.90%,23.20%,0,0.32,0.2,-0.31,0.5,0.33,0.21,0.11,-0.36,0.48,-0.08,0.3,0.55,0.27,0.3,0.12,-0.74,0.81,0.18,0.49,-0.49,0.65,-0.02,0.85,-0.45,0.27,-0.98,0.9,0.05,1.11,-0.45,0.65,-0.24,0.96,-0.73,1.07,-0.53,0.85,-0.24,1.03,-1.19,0.87,-0.28,1.48,-0.38,48.80%,31.30%,16.30%,48.40%,35.90%,25.00%,51.10%,36.60%,22.10%,65.40%,50.00%,30.80%,51.40%,97.90%,42.90%,64.20%,9,25.70%,48,63.20%,18,94.70%,58.80%,54.70%,65.40%,59.50%,28.60%,38.90%,2,5.70%,26,34.20%,16,84.20%,36.30%,34.40%,50.00%,36.60%,2.10%,16.00%,7.1,6.3,7,8.3,6.7,7.2,7.1,6.3,7,8.3,6.7,7.2,1025,0,0%,Average
1,919,5416,137156,Leventhorpe,,Cambridge Road,,,Sawbridgeworth,CM21 9BY,01279836633,E14001283,Hertford and Stortford,0,0,ACC,None,NSE,OTHER NON SEL,MIXED,0,11-18,1541,772,769,230,111,48.30%,119,51.70%,105.5,37,16.30%,128,56.40%,62,27.30%,31,13.50%,199,86.50%,9,3.90%,221,96.10%,0,0.00%,226,98.30%,2,0.90%,31,13.50%,29,12.60%,11238.3,48.9,2382,10.4,2204,9.6,3279.5,14.3,3372.8,14.7,3256,14.2,116.8,0.5,2.9,2.9,227,0,99%,0.05,-0.13,0.23,0.05,-0.14,0.24,-0.01,-0.22,0.2,-0.01,-0.2,0.18,0.05,-0.16,0.26,0.13,-0.08,0.34,74.30%,47.40%,993.63,4.32,3.13,4.51,2.41,4.18,5.84,5.37,4.37,4.27,4.35,94,40.90%,28.30%,20.90%,226,98.30%,228,99.10%,228,99.10%,202,87.80%,110,47.80%,83.90%,63.00%,78.30%,54.80%,73.70%,51.80%,60.90%,47.50%,78.20%,65.50%,226,99%,200,99%,110,100%,-0.02,-0.21,0.17,-0.23,-0.47,0.02,0.34,-0.02,0.71,193,145,180,126,168,118,123,96,86,72,92,40.00%,226,98.30%,227,98.70%,225,98.70%,200,99.00%,109,99.10%,35.7,30,0,-0.72,-1.22,-0.21,-0.72,-1.23,-0.2,50.9,197,0,0.17,-0.03,0.37,0.17,-0.03,0.37,8.1,-0.69,-1.27,-0.11,7,-0.7,-1.23,-0.16,10.5,-0.58,-1.16,0.01,10,-0.88,-1.46,-0.31,10.7,0.1,-0.13,0.32,10,0.09,-0.11,0.3,14.8,0.14,-0.08,0.37,15.4,0.29,0.06,0.51,9.3,0.7,14.9,0.5,-14.3,-0.88,29.2,37,0,0.01,-0.44,0.47,0.01,-0.45,0.48,47.5,128,0,0.13,-0.11,0.38,0.13,-0.12,0.38,64.2,62,0,-0.1,-0.45,0.26,-0.1,-0.45,0.26,55.8,11.1,10.9,17.8,16,15.6,0.4,8,0,-0.13,-1.11,0.85,-0.13,-1.13,0.87,50.1,11,9.3,14.2,15.6,15,0.6,117,0,0.12,-0.14,0.38,0.12,-0.14,0.38,47.5,9.7,9.9,14.3,13.7,13.2,0.4,110,0,-0.02,-0.29,0.24,-0.02,-0.29,0.25,49.2,10.4,9.6,14.3,14.8,14.3,0.5,224,0,0.09,-0.09,0.28,0.09,-0.1,0.28,7,18.90%,5.40%,2.70%,54,42.20%,23.40%,18.00%,33,53.20%,53.20%,38.70%,29.00%,42.70%,12.90%,6.50%,30.70%,23.10%,-0.06,0.09,-0.23,-0.49,0.05,-0.07,-0.19,-0.38,-0.87,-0.13,-0.62,0.48,0.38,-0.57,0.42,0.04,-1.02,0.25,-0.16,0.41,-0.53,0.34,-0.16,0.13,-0.59,-0.19,-1.55,0.13,-0.39,0.57,-0.72,0.13,-0.51,0.09,-0.86,0.71,-1.85,0.8,0.04,0.6,-1.83,0.98,-0.02,0.98,-0.22,38.70%,27.00%,18.00%,42.90%,29.40%,23.50%,41.60%,28.80%,21.20%,88.90%,66.70%,44.40%,68.30%,99.60%,51.60%,77.90%,9,24.30%,100,78.10%,60,96.80%,74.80%,73.90%,88.90%,75.20%,19.40%,51.80%,3,8.10%,57,44.50%,49,79.00%,46.80%,47.90%,55.60%,48.20%,6.10%,31.70%,8.4,7.5,8.3,9.4,7.4,8.6,8.1,7.1,8,9.1,6.9,8.3,1950,0,0%,Average
1,919,4080,137110,Longdean School,,Rumballs Rd,,,Hemel Hempstead,HP3 8JB,01442217277,E14001278,Hemel Hempstead,0,0,ACC,Does not apply,NSE,OTHER NON SEL,MIXED,0,11-18,1436,740,696,242,131,54.10%,111,45.90%,104,49,20.80%,140,59.30%,47,19.90%,44,18.20%,198,81.80%,17,7.00%,224,92.60%,1,0.40%,237,97.90%,10,4.10%,75,31.00%,65,26.90%,10280,42.5,2198,9.1,2106,8.7,2937,12.1,3039,12.6,2470,10.2,569,2.4,2.8,2.9,236,1,98%,-0.29,-0.47,-0.11,-0.29,-0.48,-0.11,-0.35,-0.56,-0.14,-0.15,-0.34,0.04,-0.36,-0.56,-0.15,-0.29,-0.5,-0.08,63.20%,34.30%,910.47,3.76,2.63,4.01,2.01,3.6,6.27,3.76,4.01,3.55,3.82,134,55.40%,25.60%,17.80%,238,98.30%,239,98.80%,222,91.70%,200,82.60%,135,55.80%,72.70%,49.20%,69.00%,42.60%,51.40%,35.10%,57.50%,45.50%,59.30%,45.20%,217,98%,197,99%,131,97%,-0.46,-0.66,-0.27,-0.35,-0.6,-0.1,-0.56,-0.9,-0.23,176,119,167,103,114,78,115,91,80,61,130,53.70%,238,98.30%,236,97.50%,221,99.50%,192,96.00%,132,97.80%,32.1,42,0,-0.83,-1.26,-0.41,-0.83,-1.27,-0.4,44.8,194,1,-0.17,-0.37,0.03,-0.18,-0.38,0.03,7,-0.86,-1.35,-0.37,6.8,-0.54,-0.99,-0.09,8.8,-0.99,-1.49,-0.5,9.5,-0.85,-1.34,-0.36,9.5,-0.24,-0.47,-0.01,9.1,-0.06,-0.27,0.15,12.9,-0.22,-0.45,0.01,13.2,-0.17,-0.4,0.06,6.8,2.7,11,2.3,-17.9,-0.99,27.3,49,0,0,-0.4,0.39,0,-0.41,0.4,41.5,140,0,-0.38,-0.62,-0.15,-0.38,-0.62,-0.14,63.4,47,1,-0.32,-0.72,0.09,-0.33,-0.75,0.08,40.8,8.8,8.1,11.9,12,9.9,2.1,14,0,-0.15,-0.9,0.59,-0.15,-0.91,0.6,45.2,9.9,8.9,12.7,13.8,10.5,3.2,109,0,-0.05,-0.31,0.22,-0.05,-0.32,0.22,40.2,8.4,8.5,11.7,11.5,10,1.6,127,1,-0.5,-0.75,-0.25,-0.51,-0.76,-0.25,43.1,9.2,8.8,12.3,12.8,10.4,2.4,233,1,-0.26,-0.44,-0.07,-0.26,-0.44,-0.07,10,20.40%,2.00%,2.00%,76,54.30%,17.10%,8.60%,45,95.70%,78.70%,63.80%,34.10%,60.10%,9.10%,6.80%,29.30%,20.20%,-0.13,-0.62,-0.26,-1.15,-0.32,-0.34,-0.44,-0.12,-1.36,-0.16,0.03,-0.93,-0.08,-1.04,-0.5,-0.69,-1.62,-0.11,-0.53,0.36,-0.61,-0.37,-0.86,0.16,-0.68,-0.74,-1.99,0.11,-0.43,0.29,-0.97,-0.12,-0.76,0.39,-0.64,-0.01,-2.06,-0.15,-0.86,1.25,-1.18,-0.49,-1.37,0.49,-0.65,50.40%,23.70%,15.30%,61.30%,27.90%,20.70%,56.10%,26.20%,18.10%,64.70%,29.40%,23.50%,54.10%,98.80%,45.50%,67.20%,10,20.40%,95,67.90%,46,97.90%,60.30%,66.70%,41.20%,64.10%,13.60%,38.90%,3,6.10%,40,28.60%,40,85.10%,32.80%,36.00%,23.50%,35.00%,0.80%,39.30%,8.6,7.9,8.7,9.3,8.3,8.7,7.9,6.8,8,9,7.4,8,2084,0,0%,Below average
2,919,7022,117679,Lonsdale School,,Brittain Way,,,Stevenage,SG2 8UT,01438726999,E14001516,Stevenage,0,0,CYS,Does not apply,NA,NA,MIXED,0,3-18,112,72,40,10,6,60.00%,4,40.00%,75.7,10,100.00%,0,0.00%,0,0.00%,7,70.00%,3,30.00%,0,0.00%,10,100.00%,0,0.00%,10,100.00%,,,,,,,NE,NE,NE,NE,NE,NE,NE,NE,NE,NE,NE,NE,NE,NE,NE,NE,NE,NE,NE,NE,NE,NE,NE,NE,NE,NE,NE,NE,NE,NE,NE,NE,NE,NE,NE,NE,NE,NE,NE,NE,NE,SUPP,SUPP,NE,NE,NE,NE,SUPP,SUPP,NE,NE,NE,NE,NE,NE,NE,NE,NE,NE,NE,NE,NE,NE,NE,NE,NE,NE,NE,NE,NE,NE,NE,NE,NE,NE,NE,NE,NE,NE,NE,NE,NE,NE,NE,NE,NE,NE,NE,NE,NE,NE,NE,NE,NE,NE,NE,NE,NE,NE,NE,NE,NE,NE,NE,NE,NE,NE,NE,NE,NE,NE,SUPP,SUPP,SUPP,SUPP,SUPP,SUPP,SUPP,SUPP,SUPP,SUPP,SUPP,SUPP,SUPP,SUPP,SUPP,SUPP,SUPP,SUPP,SUPP,SUPP,SUPP,SUPP,SUPP,SUPP,SUPP,SUPP,SUPP,SUPP,SUPP,SUPP,SUPP,SUPP,SUPP,SUPP,SUPP,SUPP,SUPP,SUPP,SUPP,SUPP,SUPP,SUPP,SUPP,SUPP,SUPP,SUPP,SUPP,SUPP,SUPP,SUPP,SUPP,SUPP,SUPP,SUPP,SUPP,SUPP,NE,NE,NE,NE,NE,NE,NE,NE,NE,NE,NE,NE,NE,NE,NE,NE,NE,NE,NE,NE,NE,NE,NE,NE,NE,NE,NE,NE,NE,NE,NE,NE,NE,NE,NE,NE,NE,NE,NE,NE,NE,NE,SUPP,SUPP,SUPP,SUPP,SUPP,SUPP,SUPP,SUPP,SUPP,SUPP,SUPP,SUPP,SUPP,SUPP,SUPP,SUPP,SUPP,SUPP,SUPP,SUPP,SUPP,SUPP,SUPP,SUPP,SUPP,SUPP,SUPP,SUPP,SUPP,SUPP,NE,NE,NE,NE,NE,NE,NE,NE,NE,NE,NE,NE,NE,NE,NE,NE,NE,NE,NE,NE,NE,NE,NE,NE,NE,NE,NE,SUPP,SUPP,SUPP,SUPP,SUPP,SUPP,NE,NE,NE,SUPP,SUPP,NE,NE,NE,SUPP,SUPP,NE,NE,NE,SUPP,SUPP,SUPP,SUPP,SUPP,SUPP,NE,NE,NE,NE,NE,NE,SUPP,SUPP,SUPP,SUPP,NE,NE,NE,NE,NE,NE,SUPP,SUPP,SUPP,SUPP,NE,NE,NE,NE,NE,NE,SUPP,SUPP,SUPP,SUPP,SUPP,SUPP,NE,NE,NE,NE,NE,NE,NE,NE,SUPP,SUPP,NE,NE,NE,NE,NE,NE,SUPP,SUPP,NE,NE,SUPP,SUPP,NE,NE,NE,NE,NE,NE,SUPP,SUPP,NE,NE,NE,NE,NE,NE,NE,NE,SUPP,SUPP,NE,NE,NE,NE,SUPP,SUPP,NE,NE,NE
1,919,4620,138106,Loreto College,,Hatfield Road,,,St Albans,AL1 3RQ,01727856206,E14001507,St Albans,0,0,ACC,Roman Catholic,NSE,OTHER NON SEL,GIRLS,0,11-18,946,10,936,159,NA,0.00%,159,100.00%,106.9,17,11.30%,80,53.00%,54,35.80%,19,11.90%,140,88.10%,43,27.00%,115,72.30%,1,0.60%,154,96.90%,2,1.30%,27,17.00%,25,15.70%,9447.8,59.4,2032,12.8,1688,10.6,2830.5,17.8,2897.3,18.2,2884.5,18.1,12.8,0.1,2.9,2.9,151,0,95%,0.71,0.49,0.94,0.71,0.48,0.94,0.89,0.63,1.15,0.07,-0.17,0.3,0.77,0.51,1.03,0.97,0.71,1.23,85.50%,67.30%,888.05,5.59,4.23,5.77,2.8,5.13,6.94,5.91,5.59,NE,5.62,129,81.10%,64.80%,47.80%,157,98.70%,157,98.70%,157,98.70%,154,96.90%,130,81.80%,96.20%,89.30%,86.20%,69.20%,85.40%,69.40%,89.60%,74.70%,87.70%,67.70%,149,95%,146,95%,123,95%,0.52,0.28,0.75,0.86,0.57,1.15,0.48,0.13,0.83,153,142,137,110,134,109,138,115,114,88,126,79.20%,157,98.70%,157,98.70%,157,100.00%,153,99.40%,127,97.70%,47.8,18,0,0.36,-0.3,1.01,0.36,-0.31,1.02,61,133,0,0.76,0.52,1,0.76,0.52,1.01,11.1,0.68,-0.06,1.43,8.1,-0.3,-0.99,0.39,13.5,0.25,-0.51,1.01,15.2,0.68,-0.07,1.43,13,0.92,0.64,1.19,11,0.12,-0.14,0.37,18.4,0.84,0.57,1.12,18.6,1.01,0.73,1.28,15.1,0.1,18.6,0.1,-2.2,0.2,34.3,17,0,0.58,-0.09,1.25,0.58,-0.11,1.26,55.1,80,0,0.78,0.47,1.09,0.78,0.47,1.1,72.2,54,0,0.65,0.27,1.03,0.65,0.27,1.04,61.5,12.5,11.4,19.1,18.4,18.3,0.1,36,0,0.62,0.16,1.08,0.62,0.15,1.09,59.4,12.8,10.6,17.8,18.2,18.1,0.1,151,0,0.71,0.49,0.94,0.71,0.48,0.94,NE,NE,NE,NE,NE,NE,NE,NE,NE,NE,NE,NE,NE,NE,NE,59.6,12.8,10.6,17.9,18.3,18.2,0.1,147,0,0.71,0.48,0.94,0.71,0.48,0.94,4,23.50%,0.00%,0.00%,67,83.80%,58.80%,33.80%,51,94.40%,90.70%,79.60%,68.40%,82.90%,26.30%,10.50%,70.00%,52.90%,0.43,0.6,0.42,-0.02,0.59,0.45,0.96,0.82,0.24,0.94,SUPP,0.42,0.56,-0.75,0.61,0.65,-0.69,0.84,0.34,1.15,-0.28,0.92,0.28,0.81,0.03,1.06,-0.58,1.25,0.64,1.35,-0.45,1.36,0.57,1.29,0.34,0.36,-1.86,0.98,0.25,SUPP,SUPP,0.88,-0.05,1.1,0.02,NE,NE,NE,81.10%,64.80%,47.80%,83.10%,66.90%,49.40%,86.00%,74.40%,55.80%,84.30%,98.70%,57.90%,89.30%,5,29.40%,69,86.30%,54,100.00%,NE,85.50%,90.70%,86.40%,31.60%,72.10%,0,0.00%,49,61.30%,51,94.40%,NE,67.30%,76.70%,67.50%,12.60%,37.70%,9.5,7.5,9.1,10.6,8.9,9.6,9.5,7.3,9.1,10.6,8.8,9.5,1521,2,0%,Well above average
1,919,5414,138042,The Marlborough Science Academy,,Watling Street,,,St Albans,AL1 2QA,01727856874,E14001507,St Albans,0,0,ACC,None,NSE,OTHER NON SEL,MIXED,0,11-18,1319,707,612,205,115,56.10%,90,43.90%,103.6,48,24.10%,109,54.80%,42,21.10%,29,14.10%,176,85.90%,21,10.20%,184,89.80%,0,0.00%,202,98.50%,6,2.90%,32,15.60%,26,12.70%,9040.3,44.1,1930,9.4,1874,9.1,2659,13,2577.3,12.6,2263,11,314.3,1.5,2.8,2.8,199,0,97%,-0.1,-0.3,0.1,-0.1,-0.3,0.1,-0.17,-0.39,0.06,0.13,-0.08,0.33,-0.04,-0.26,0.19,-0.27,-0.49,-0.04,65.40%,39.50%,816.81,3.98,2.86,4.17,2.05,4.16,5.83,3.44,4.17,3.84,4.01,95,46.30%,23.90%,16.10%,199,97.10%,203,99.00%,199,97.10%,177,86.30%,100,48.80%,72.70%,51.70%,76.10%,53.20%,68.80%,48.20%,54.80%,40.10%,63.00%,45.00%,193,97%,172,97%,98,98%,0.04,-0.17,0.24,-0.39,-0.65,-0.12,-0.52,-0.91,-0.13,149,106,156,109,137,96,97,71,63,45,94,45.90%,199,97.10%,201,98.00%,195,98.00%,175,98.90%,100,100.00%,31.7,28,0,-0.83,-1.36,-0.31,-0.83,-1.37,-0.3,46.1,171,0,0.02,-0.19,0.23,0.02,-0.19,0.24,7.2,-0.83,-1.43,-0.23,7,-0.38,-0.93,0.17,9.2,-0.73,-1.34,-0.12,8.2,-1.24,-1.84,-0.65,9.8,-0.06,-0.3,0.18,9.5,0.21,-0.01,0.43,13.6,0.08,-0.17,0.32,13.3,-0.11,-0.35,0.14,6.3,1.8,11.8,1.5,-18.3,-0.99,26,48,0,-0.12,-0.52,0.28,-0.12,-0.53,0.29,46,109,0,0.03,-0.24,0.29,0.03,-0.24,0.3,60.8,42,0,-0.41,-0.84,0.02,-0.41,-0.84,0.03,38.8,8.1,7.6,11.4,11.7,10,1.7,19,0,0.22,-0.42,0.85,0.22,-0.43,0.86,46.9,10.4,9.1,13.4,14.1,12.8,1.3,87,0,0.14,-0.16,0.44,0.14,-0.16,0.44,41.9,8.7,9.2,12.7,11.4,9.7,1.7,112,0,-0.28,-0.55,-0.02,-0.28,-0.55,-0.02,44.4,9.4,9.2,13.1,12.7,11.1,1.5,197,0,-0.09,-0.28,0.11,-0.09,-0.29,0.12,1,2.10%,0.00%,0.00%,55,50.50%,20.20%,13.80%,37,88.10%,61.90%,40.50%,34.50%,48.30%,10.30%,6.90%,26.10%,17.60%,-0.09,0.2,-0.26,-0.39,0.09,-0.43,-0.22,-0.76,-0.91,-0.32,SUPP,-0.29,-0.95,-1.56,-0.39,0.21,-0.98,0.31,-0.13,0.34,-0.53,0.47,-0.08,0.18,-0.7,-0.14,-1.69,-0.04,-0.6,0.22,-1.07,0.12,-0.57,-0.22,-1.29,-0.4,-2.72,0.02,-0.8,SUPP,SUPP,0.21,-0.79,-0.32,-1.58,47.00%,22.60%,13.00%,45.60%,25.60%,20.00%,46.50%,24.30%,16.30%,42.90%,23.80%,19.00%,59.00%,99.00%,44.80%,68.80%,8,16.70%,83,76.10%,40,95.20%,60.90%,71.10%,52.40%,65.80%,17.20%,43.20%,2,4.20%,45,41.30%,32,76.20%,36.50%,43.30%,19.00%,39.60%,1.00%,28.80%,7.8,6.4,7.9,9.3,6.6,8,7.2,5.5,7.4,8.9,5.9,7.4,1608,0,0%,Average
1,919,4116,117534,Marriotts School,,Brittain Way,,,Stevenage,SG2 8UT,01438726999,E14001516,Stevenage,0,0,CY,Does not apply,NSE,OTHER NON SEL,MIXED,0,11-18,1430,729,701,221,122,55.20%,99,44.80%,102.8,64,30.00%,114,53.50%,35,16.40%,63,28.50%,158,71.50%,29,13.10%,192,86.90%,0,0.00%,205,92.80%,10,4.50%,44,19.90%,34,15.40%,8751.8,39.6,1890,8.6,1732,7.8,2526.5,11.4,2603.3,11.8,1756.5,7.9,846.8,3.8,2.7,2.7,213,3,96%,-0.37,-0.56,-0.18,-0.38,-0.57,-0.19,-0.44,-0.66,-0.23,-0.35,-0.55,-0.15,-0.37,-0.59,-0.15,-0.36,-0.58,-0.15,53.40%,31.70%,764.32,3.46,2.4,3.88,1.73,3.79,5.71,4.82,3.58,3.36,3.51,60,27.10%,18.60%,12.20%,208,94.10%,214,96.80%,206,93.20%,187,84.60%,64,29.00%,65.60%,45.70%,57.90%,38.00%,56.30%,36.90%,48.70%,35.30%,87.50%,65.60%,199,97%,181,97%,63,98%,-0.25,-0.45,-0.05,-0.51,-0.77,-0.25,0.58,0.1,1.06,145,101,128,84,116,76,91,66,56,42,59,26.70%,206,93.20%,211,95.50%,202,98.10%,175,93.60%,63,98.40%,28.7,60,1,-1.01,-1.37,-0.65,-1.01,-1.38,-0.65,44,153,2,-0.13,-0.35,0.1,-0.13,-0.36,0.1,6.5,-1.06,-1.47,-0.65,5.9,-0.85,-1.23,-0.47,7.8,-1.1,-1.52,-0.69,8.6,-1,-1.41,-0.59,9.4,-0.2,-0.46,0.05,8.6,-0.16,-0.39,0.08,12.9,-0.08,-0.34,0.18,13.1,-0.11,-0.37,0.14,5.5,3,8.9,4.1,-21.3,-1.17,22.3,64,0,-0.46,-0.81,-0.11,-0.46,-0.81,-0.11,42.9,114,2,-0.33,-0.59,-0.07,-0.33,-0.59,-0.07,62.2,35,1,-0.38,-0.85,0.09,-0.39,-0.86,0.09,52.8,11,10.7,16.2,14.9,12.7,2.2,25,0,0.57,0.02,1.13,0.57,0.01,1.14,41.3,9.1,7.6,11.7,12.8,9,3.8,97,2,-0.28,-0.56,0.01,-0.28,-0.57,0,38.3,8.1,8,11.2,10.9,7.1,3.9,116,1,-0.46,-0.72,-0.2,-0.46,-0.72,-0.2,40.1,8.6,8,11.6,11.9,7.9,4,203,3,-0.36,-0.56,-0.17,-0.37,-0.57,-0.17,4,6.30%,0.00%,0.00%,37,32.50%,21.10%,12.30%,18,51.40%,45.70%,34.30%,19.00%,30.40%,11.10%,4.80%,21.50%,15.20%,-0.3,-0.18,-0.38,-0.86,-0.05,-0.28,-0.59,-0.6,-1.34,-0.22,SUPP,0.69,0.28,-0.59,0.85,-0.45,-1.27,0.18,-0.28,0.09,-0.69,0.09,-0.45,0.1,-0.87,-0.84,-1.85,0.08,-0.52,0.24,-0.79,-0.24,-0.93,0.01,-1.21,0.52,-1.7,1.39,0.32,SUPP,SUPP,1.29,0.08,1.16,-0.6,22.10%,15.60%,10.70%,33.30%,22.20%,14.10%,28.80%,19.50%,12.70%,37.90%,34.50%,31.00%,49.80%,96.80%,34.90%,60.80%,9,14.10%,75,65.80%,33,94.30%,51.60%,55.60%,62.10%,54.60%,17.50%,37.30%,1,1.60%,42,36.80%,26,74.30%,32.80%,30.30%,58.60%,32.70%,1.80%,8.10%,7.5,6.6,7.8,8.3,6.7,7.9,6.2,5.2,6.4,7.4,5.5,6.5,1688,0,0%,Below average
1,919,6036,117616,Merchant Taylors' School,,Sandy Lodge,Northwood,Middlesex,Northwood,HA6 2HT,01923820644,E14001496,South West Hertfordshire,0,0,IND,None,,NA,BOYS,0,11-18,963,963,NA,163,163,100.00%,NA,0.00%,NP,NP,NP,NP,NP,NP,NP,NP,NP,NP,NP,NP,NP,NP,NP,NP,NP,NP,NP,NA,NA,NA,NA,NA,NA,6956.1,42.7,2542,15.6,0,0,1384,8.5,3030.1,18.6,2665,16.3,365.1,2.2,1.1,2.6,NP,NP,NP,NP,NP,NP,NP,NP,NP,NP,NP,NP,NP,NP,NP,NP,NP,NP,NP,NP,NP,0.00%,0.00%,369.24,2.27,NP,NP,NP,NP,NP,NP,NE,2.27,NP,0,0.00%,0.00%,0.00%,162,99.40%,0,0.00%,0,0.00%,80,49.10%,41,25.20%,99.40%,99.40%,0.00%,0.00%,NE,NE,100.00%,100.00%,100.00%,100.00%,NP,NP,NP,NP,NP,NP,NP,NP,NP,NP,NP,NP,NP,NP,NP,162,162,0,0,NE,NE,80,80,41,41,0,0.00%,162,99.40%,0,0.00%,NE,NE,80,100.00%,41,100.00%,NP,NP,NP,NP,NP,NP,NP,NP,NP,NP,NP,NP,NP,NP,NP,NP,NP,NP,NP,NP,NP,NP,NP,NP,NP,NP,NP,NP,NP,NP,NP,NP,NP,NP,NP,NP,NP,NP,NP,NP,NP,NP,NP,NP,NP,NP,NP,NP,NP,NP,NP,NP,NP,NP,NP,NP,NP,NP,NP,NP,NP,NP,NP,NP,NP,NP,NP,NP,NP,NP,NP,NP,NP,NP,NP,NP,NP,NP,NP,NP,NP,NP,NP,NP,NP,NP,NP,NP,NP,NP,NP,NP,NP,NP,NP,NP,NP,NP,NE,NE,NE,NE,NE,NE,NE,NP,NP,NP,NP,NP,NP,NP,NP,42.7,15.7,0,8.5,18.7,16.5,2.3,NP,NP,NP,NP,NP,NP,NP,NP,NP,NP,NP,NP,NP,NP,NP,NP,NP,NP,NP,NP,NP,NP,NP,NP,NP,NP,NP,NP,NP,NP,NP,NP,NP,NP,NP,NP,NP,NP,NP,NP,NP,NP,NP,NP,NP,NP,NP,NP,NP,NP,NP,NP,NP,NP,NP,NP,NP,NP,NP,NP,NP,NP,NP,NP,NP,NP,NP,NP,NP,NP,NP,NP,NP,NP,NP,NP,NP,NP,NP,NP,NP,NP,NP,NP,NP,NP,0.00%,0.00%,0.00%,NE,NE,NE,NP,NP,NP,NP,NP,NP,0.00%,99.40%,NP,NP,NP,NP,NP,NP,NP,NP,0.00%,NE,NP,NP,NP,NP,NP,NP,NP,NP,NP,NP,0.00%,NE,NP,NP,3.70%,0.00%,4.7,NP,NP,NP,NP,NP,4.3,NP,NP,NP,NP,NP,807,0,0%
1,919,4118,138632,Monk's Walk School,,Knightsfield,,,Welwyn Garden City,AL8 7NL,01707322846,E14001573,Welwyn Hatfield,0,0,ACC,None,NSE,OTHER NON SEL,MIXED,0,11-18,1421,784,637,224,133,59.40%,91,40.60%,105.1,51,23.30%,109,49.80%,59,26.90%,38,17.00%,186,83.00%,17,7.60%,204,91.10%,3,1.30%,216,96.40%,8,3.60%,38,17.00%,30,13.40%,11284.8,50.4,2358,10.5,2250,10,3396.5,15.2,3280.3,14.6,2960.5,13.2,319.8,1.4,2.8,2.8,219,7,98%,0.24,0.05,0.43,0.22,0.03,0.41,0.11,-0.1,0.33,0.25,0.05,0.44,0.36,0.15,0.58,0.14,-0.07,0.36,74.10%,53.10%,981.72,4.38,3.15,4.63,2.71,4.09,6.34,5.39,4.68,4.18,4.41,40,17.90%,15.20%,10.30%,215,96.00%,219,97.80%,214,95.50%,196,87.50%,45,20.10%,83.00%,69.60%,77.70%,58.50%,78.00%,62.60%,77.00%,66.30%,91.10%,80.00%,209,98%,191,97%,42,93%,0.51,0.31,0.71,0.63,0.38,0.88,0.64,0.05,1.23,186,156,174,131,167,134,151,130,41,36,40,17.90%,214,95.50%,217,96.90%,213,99.50%,192,98.00%,45,100.00%,37.3,37,3,-0.17,-0.63,0.28,-0.18,-0.64,0.29,53,182,4,0.32,0.12,0.53,0.31,0.1,0.51,7.9,-0.35,-0.87,0.17,7.7,0.03,-0.44,0.51,11,-0.05,-0.58,0.47,10.7,-0.33,-0.85,0.19,11.1,0.21,-0.02,0.44,10.5,0.29,0.07,0.51,16,0.45,0.21,0.69,15.5,0.24,0,0.47,8.9,1.7,14.1,1.4,-12.7,-0.33,32.8,51,0,0.52,0.13,0.91,0.52,0.13,0.92,47.4,109,7,0.03,-0.24,0.29,0,-0.27,0.27,71,59,0,0.38,0.02,0.74,0.38,0.01,0.75,59.1,12.2,12.1,18.1,16.6,14.9,1.7,14,0,0.83,0.09,1.57,0.83,0.08,1.59,53.7,11.3,10,16,16.4,14.6,1.8,89,3,0.48,0.19,0.78,0.47,0.17,0.76,48.1,10,10.1,14.6,13.5,12.3,1.2,130,4,0.07,-0.17,0.31,0.06,-0.19,0.31,50.8,10.6,10.1,15.3,14.8,13.3,1.5,215,6,0.28,0.09,0.46,0.26,0.07,0.45,1,2.00%,0.00%,0.00%,14,12.80%,10.10%,4.60%,22,37.30%,35.60%,28.80%,5.30%,20.40%,2.60%,0.00%,17.70%,12.40%,0.68,0.52,0.36,0.58,0.5,0.78,0.57,0.62,0.47,0.66,SUPP,0.67,0.66,SUPP,0.71,1.08,0.07,0.71,0.28,1.09,0.27,0.8,0.24,0.73,-0.01,1.13,-0.19,0.93,0.39,1.3,0.26,0.93,0.21,1.1,0.14,SUPP,SUPP,1.31,0.1,SUPP,SUPP,1.66,-0.32,1.41,-0.09,14.30%,11.30%,6.80%,23.10%,20.90%,15.40%,16.70%,14.80%,10.20%,41.20%,41.20%,29.40%,67.90%,97.80%,52.60%,78.50%,18,35.30%,85,78.00%,59,100.00%,72.20%,76.90%,88.20%,75.00%,31.60%,57.50%,5,9.80%,56,51.40%,56,94.90%,50.40%,57.10%,76.50%,54.20%,0.00%,26.30%,8.1,7.4,7.7,9.4,6.8,8.4,7.5,6.6,7.1,9.1,6.1,7.8,1833,0,0%,Above average
1,919,5411,137224,Mount Grace School,,Church Road,,,Potters Bar,EN6 1EZ,01707655512,E14001284,Hertsmere,0,0,ACC,None,NSE,OTHER NON SEL,MIXED,0,11-18,508,278,230,90,50,55.60%,40,44.40%,104.6,18,21.40%,50,59.50%,16,19.00%,19,21.10%,71,78.90%,15,16.70%,75,83.30%,0,0.00%,83,92.20%,1,1.10%,14,15.60%,13,14.40%,3801.3,42.2,843,9.4,740,8.2,1065,11.8,1153.3,12.8,955.5,10.6,197.8,2.2,2.7,2.8,84,1,93%,-0.47,-0.77,-0.17,-0.48,-0.79,-0.18,-0.34,-0.68,0.01,-0.53,-0.85,-0.21,-0.7,-1.05,-0.35,-0.34,-0.68,0.01,60.00%,30.00%,317.81,3.53,2.53,3.8,1.8,3.32,5.85,3.56,4.11,3.07,3.61,23,25.60%,11.10%,10.00%,87,96.70%,88,97.80%,85,94.40%,67,74.40%,27,30.00%,71.10%,53.30%,65.60%,33.30%,45.90%,31.80%,52.20%,43.30%,81.50%,63.00%,79,93%,62,93%,24,89%,-0.67,-0.99,-0.35,-0.55,-0.99,-0.11,0.46,-0.32,1.24,64,48,59,30,39,27,35,29,22,17,23,25.60%,87,96.70%,87,96.70%,82,96.50%,65,97.00%,27,100.00%,30.3,19,1,-1.21,-1.85,-0.58,-1.28,-1.93,-0.64,45.4,65,0,-0.25,-0.59,0.09,-0.25,-0.6,0.1,7.4,-1.03,-1.75,-0.3,6.1,-1.19,-1.86,-0.53,8.2,-1.39,-2.13,-0.66,8.6,-1.4,-2.13,-0.68,9.9,-0.13,-0.53,0.26,8.8,-0.34,-0.7,0.02,12.8,-0.49,-0.89,-0.1,13.9,-0.03,-0.42,0.37,6.8,1.8,11.6,2.3,-19.7,-1.37,22.7,18,0,-0.62,-1.27,0.03,-0.62,-1.29,0.05,41.1,50,1,-0.54,-0.93,-0.14,-0.56,-0.96,-0.16,65.1,16,0,-0.09,-0.79,0.6,-0.09,-0.8,0.61,41.3,8.3,7.6,13.6,11.8,10.9,0.9,9,0,-0.68,-1.6,0.25,-0.68,-1.62,0.26,48.3,10.4,9,13.9,15,12.3,2.8,36,1,-0.12,-0.58,0.35,-0.15,-0.62,0.32,37.4,8.5,7.6,10.2,11,9.3,1.8,48,0,-0.73,-1.13,-0.33,-0.73,-1.14,-0.33,43.3,9.6,8.4,12,13.2,10.9,2.3,79,0,-0.42,-0.73,-0.1,-0.42,-0.73,-0.1,4,22.20%,0.00%,0.00%,8,16.00%,4.00%,4.00%,9,56.30%,50.00%,43.80%,10.50%,29.60%,5.30%,5.30%,12.70%,11.30%,-0.67,-0.77,-0.38,-0.91,-0.61,-1.01,-0.63,0.02,-1.04,-0.43,SUPP,0.48,0.71,SUPP,0.51,-0.2,-1.62,-0.25,-0.97,0.06,-1.41,-0.36,-1.18,0.33,-1.09,-0.03,-2.04,0.06,-0.93,0.15,-2.17,-0.08,-1.18,0.99,-0.94,SUPP,SUPP,1.32,-0.31,SUPP,SUPP,1.76,-0.8,1.93,-0.5,14.00%,8.00%,6.00%,40.00%,15.00%,15.00%,25.30%,12.00%,10.80%,40.00%,6.70%,6.70%,51.10%,98.90%,42.10%,64.80%,3,16.70%,32,64.00%,15,93.80%,46.00%,77.50%,46.70%,61.40%,15.80%,33.80%,0,0.00%,11,22.00%,14,87.50%,24.00%,37.50%,26.70%,31.30%,5.60%,33.30%,8.8,7.8,8.7,9.8,7.3,9.2,7.8,6.7,7.7,8.6,6.5,8.1,806,0,0%,Below average
1,919,5412,137938,Nicholas Breakspear Catholic School,,Colney Heath Lane,,,St Albans,AL4 0TT,01727860079,E14001507,St Albans,0,0,ACC,Roman Catholic,NSE,OTHER NON SEL,MIXED,0,11-18,1067,629,438,174,98,56.30%,76,43.70%,104.1,36,22.10%,91,55.80%,36,22.10%,25,14.40%,149,85.60%,56,32.20%,118,67.80%,0,0.00%,170,97.70%,3,1.70%,27,15.50%,24,13.80%,9466.3,54.4,1970,11.3,1824,10.5,2820,16.2,2852.3,16.4,2745,15.8,107.3,0.6,3,3,163,0,94%,0.75,0.53,0.96,0.75,0.53,0.97,0.64,0.4,0.89,0.59,0.36,0.82,0.83,0.58,1.09,0.83,0.58,1.08,82.20%,59.20%,882.53,5.07,4.07,5.24,3.09,5.02,6.65,5.53,5.23,4.95,5.08,133,76.40%,52.30%,35.10%,173,99.40%,173,99.40%,173,99.40%,170,97.70%,133,76.40%,89.10%,77.60%,86.20%,62.60%,79.20%,58.40%,77.60%,62.90%,74.40%,60.20%,162,94%,159,94%,122,92%,0.64,0.41,0.86,0.62,0.34,0.9,0.31,-0.04,0.66,155,135,150,109,137,101,132,107,99,80,133,76.40%,173,99.40%,172,98.90%,173,100.00%,170,100.00%,133,100.00%,44.6,24,0,0.29,-0.28,0.86,0.29,-0.29,0.87,56.1,139,0,0.83,0.59,1.06,0.83,0.59,1.06,9.8,0.33,-0.31,0.98,8.6,0.24,-0.35,0.84,12.9,0.35,-0.31,1,13.2,0.24,-0.41,0.89,11.6,0.7,0.43,0.97,10.8,0.65,0.4,0.9,16.8,0.92,0.65,1.19,16.9,0.93,0.67,1.2,12.2,1,16.4,0.6,-5.4,0.13,34.6,36,0,0.6,0.14,1.06,0.6,0.13,1.07,54.3,91,0,0.88,0.59,1.17,0.88,0.58,1.17,70.1,36,0,0.56,0.1,1.03,0.56,0.09,1.04,57.9,11.9,11,17.5,17.5,16.9,0.6,49,0,1.01,0.62,1.41,1.01,0.61,1.42,56.4,12.1,10.3,16.6,17.5,16.8,0.6,70,0,0.72,0.39,1.05,0.72,0.38,1.05,52.8,10.8,10.6,15.9,15.6,14.9,0.6,93,0,0.77,0.48,1.06,0.77,0.48,1.06,54.5,11.3,10.5,16.2,16.4,15.8,0.6,162,0,0.76,0.54,0.98,0.76,0.54,0.98,17,47.20%,5.60%,0.00%,72,79.10%,56.00%,31.90%,33,91.70%,77.80%,69.40%,56.00%,79.90%,32.00%,20.00%,55.70%,37.60%,0.55,0.71,0.53,0.29,0.7,0.67,0.78,0.16,0.46,0.65,0.01,0.56,-0.1,-0.29,0.38,0.87,-0.3,0.94,0.45,1.03,0.06,1.01,0.41,1.01,0.05,1.2,-0.28,0.94,0.35,1.27,0.08,1.15,0.41,0.74,-0.42,0.78,-1.35,0.75,0.01,0.94,-0.92,1.02,0.11,0.57,-0.77,73.50%,50.00%,33.70%,80.30%,55.30%,36.80%,76.50%,51.80%,35.30%,96.40%,67.90%,41.10%,79.90%,99.40%,68.00%,84.60%,14,38.90%,82,90.10%,36,100.00%,81.60%,82.90%,83.90%,82.40%,40.00%,62.40%,5,13.90%,53,58.20%,35,97.20%,58.20%,60.50%,67.90%,58.80%,12.10%,24.70%,9.1,8.4,9.1,9.5,8.5,9.1,8.8,7.8,8.8,9.4,7.9,8.9,1575,0,0%,Well above average
1,919,4104,117530,The Nobel School,,Mobbsbury Way,,,Stevenage,SG2 0HS,01438222600,E14001516,Stevenage,0,0,FD,Does not apply,NSE,OTHER NON SEL,MIXED,0,11-18,1463,724,739,229,127,55.50%,102,44.50%,104.7,48,21.70%,113,51.10%,60,27.10%,32,14.00%,197,86.00%,24,10.50%,205,89.50%,0,0.00%,222,96.90%,6,2.60%,49,21.40%,43,18.80%,11724,51.2,2504,10.9,2260,9.9,3410,14.9,3550,15.5,3207.5,14,342.5,1.5,2.9,2.9,221,1,97%,0.38,0.19,0.56,0.38,0.19,0.57,0.38,0.17,0.6,0.21,0.02,0.41,0.35,0.14,0.57,0.5,0.29,0.72,74.70%,51.10%,958.58,4.19,3.29,4.33,2.69,4.06,5.65,4.36,4.44,3.98,4.19,16,7.00%,5.70%,5.20%,225,98.30%,228,99.60%,225,98.30%,172,75.10%,34,14.80%,79.50%,67.20%,80.80%,58.50%,73.30%,51.10%,73.30%,59.90%,91.20%,85.30%,217,96%,167,97%,33,97%,0.31,0.12,0.51,0.68,0.41,0.95,1.06,0.39,1.73,182,154,185,134,165,115,126,103,31,29,16,7.00%,225,98.30%,226,98.70%,224,99.60%,168,97.70%,34,100.00%,40.1,31,0,-0.15,-0.65,0.35,-0.15,-0.66,0.36,53,190,1,0.46,0.26,0.66,0.46,0.26,0.67,8.7,-0.2,-0.77,0.37,7.6,-0.3,-0.82,0.22,11.4,-0.18,-0.75,0.4,12.5,0.01,-0.56,0.58,11.3,0.48,0.25,0.71,10.2,0.3,0.09,0.51,15.5,0.44,0.21,0.67,16,0.58,0.35,0.81,9.9,2.5,14.7,1.3,-9.9,-0.31,34.1,48,0,0.62,0.22,1.02,0.62,0.21,1.03,49.2,113,0,0.28,0.02,0.54,0.28,0.01,0.54,68.9,60,1,0.37,0.01,0.73,0.36,0,0.73,53.8,10.8,11.2,16.2,15.6,14.3,1.4,23,0,0.81,0.23,1.39,0.81,0.22,1.4,54.5,12,9.8,15.5,17.2,15.5,1.7,97,0,0.56,0.28,0.85,0.56,0.28,0.85,48.5,10.1,9.9,14.4,14.2,12.8,1.4,124,1,0.23,-0.02,0.48,0.23,-0.03,0.48,51.4,10.9,9.9,14.9,15.6,14.1,1.5,217,1,0.4,0.21,0.59,0.4,0.21,0.59,2,4.20%,2.10%,0.00%,9,8.00%,6.20%,6.20%,5,8.30%,8.30%,8.30%,3.10%,7.60%,3.10%,3.10%,6.10%,5.60%,0.32,0.32,0.29,-0.12,0.38,1.01,0.58,0.58,-0.09,0.81,SUPP,0.75,1.37,SUPP,1.13,0.4,-0.64,0.59,0.17,0.73,-0.1,0.6,0.05,0.65,-0.08,0.61,-0.79,1.1,0.52,1.58,0.45,0.94,0.21,1.13,0.03,SUPP,SUPP,1.84,0.43,SUPP,SUPP,1.71,-0.21,2.39,0.34,6.30%,5.50%,4.70%,7.80%,5.90%,5.90%,7.20%,5.90%,5.40%,0.00%,0.00%,0.00%,69.00%,99.60%,56.30%,77.70%,20,41.70%,89,78.80%,57,95.00%,70.10%,80.40%,75.00%,74.80%,31.30%,54.30%,1,2.10%,59,52.20%,53,88.30%,46.50%,56.90%,41.70%,50.50%,0.00%,18.80%,7.9,7.5,7.9,8.3,7.5,8,7.5,6.8,7.4,8.3,6.9,7.6,1819,0,0%,Above average
1,919,4035,147535,Onslow St Audrey's School,,Old Rectory Drive,,,Hatfield,AL10 8AB,01707264228,E14001573,Welwyn Hatfield,0,0,ACC,Unknown,NR,OTHER NON SEL,MIXED,0,11-18,792,471,321,136,85,62.50%,51,37.50%,100.6,50,43.50%,55,47.80%,10,8.70%,41,30.10%,95,69.90%,30,22.10%,104,76.50%,2,1.50%,118,86.80%,4,2.90%,29,21.30%,25,18.40%,4977,36.6,1113,8.2,966,7.1,1465.5,10.8,1432.5,10.5,1236,9.1,196.5,1.4,2.6,2.7,115,2,85%,-0.36,-0.62,-0.1,-0.36,-0.63,-0.1,-0.35,-0.65,-0.06,-0.36,-0.63,-0.09,-0.26,-0.56,0.04,-0.48,-0.78,-0.18,48.50%,27.20%,432,3.18,2.55,3.45,2.19,3.52,5.33,3.52,3.57,2.94,3.22,41,30.10%,14.70%,7.40%,128,94.10%,130,95.60%,130,95.60%,96,70.60%,49,36.00%,62.50%,46.30%,57.40%,31.60%,52.30%,26.20%,51.00%,27.10%,65.30%,49.00%,109,84%,86,90%,41,84%,-0.29,-0.56,-0.02,-0.32,-0.69,0.06,-0.08,-0.68,0.52,85,63,78,43,68,34,49,26,32,24,39,28.70%,126,92.60%,127,93.40%,123,94.60%,95,99.00%,46,93.90%,30.1,37,1,-0.67,-1.13,-0.22,-0.69,-1.15,-0.22,39.4,78,1,-0.21,-0.52,0.1,-0.21,-0.53,0.11,6.7,-0.8,-1.32,-0.28,6.3,-0.42,-0.9,0.05,8.5,-0.64,-1.17,-0.12,8.6,-0.83,-1.35,-0.31,8.8,-0.14,-0.5,0.22,7.4,-0.33,-0.66,0,11.8,-0.08,-0.44,0.29,11.4,-0.31,-0.67,0.05,7,1.6,10,1.4,-19.9,-0.83,26.7,50,0,-0.05,-0.45,0.34,-0.05,-0.45,0.35,40.3,55,2,-0.57,-0.94,-0.19,-0.58,-0.96,-0.2,56.1,10,0,-0.73,-1.6,0.15,-0.73,-1.62,0.17,39.1,8.4,7.5,12.5,10.8,9.5,1.3,17,0,0.63,-0.04,1.3,0.63,-0.05,1.32,40.8,9.1,7.5,12.2,11.9,10.6,1.4,38,1,-0.32,-0.77,0.13,-0.32,-0.78,0.14,34.1,7.6,6.9,9.9,9.7,8.2,1.5,77,1,-0.38,-0.69,-0.06,-0.39,-0.71,-0.06,37,8.3,7.1,10.9,10.8,9.5,1.3,107,2,-0.31,-0.58,-0.04,-0.31,-0.59,-0.04,9,18.00%,4.00%,0.00%,19,34.50%,18.20%,7.30%,8,80.00%,40.00%,30.00%,17.10%,35.80%,2.40%,2.40%,20.00%,9.50%,-0.09,-0.41,-0.59,-0.45,-0.22,0.16,-0.54,-0.98,-0.85,-0.07,0.35,0.09,-1.11,-0.43,-0.01,0.04,-0.94,0.11,-0.55,0.33,-0.5,-0.02,-0.81,0.31,-1.5,-0.18,-1.52,0.38,-0.53,0.75,-0.44,0,-1.08,0.12,-2.08,1.02,-1.88,0.65,-0.66,1.57,-0.86,0.89,-0.71,0.25,-2.47,27.10%,10.60%,4.70%,35.30%,21.60%,11.80%,32.20%,16.90%,8.50%,40.00%,26.70%,6.70%,44.10%,97.10%,31.70%,55.80%,7,14.00%,36,65.50%,9,90.00%,41.20%,60.80%,53.30%,48.30%,19.50%,30.50%,3,6.00%,15,27.30%,8,80.00%,23.50%,33.30%,33.30%,26.30%,4.40%,18.40%,7.6,7.3,7.8,8.4,7.1,7.8,6.9,6.1,7.4,8.4,6.3,7.2,1048,1,0%,Below average
1,919,5404,136899,Parmiter's School,,High Elms Lane,Garston,,Watford,WD25 0UU,01923671424,E14001496,South West Hertfordshire,0,0,ACC,None,NSE,OTHER NON SEL,MIXED,0,11-18,1451,758,693,211,124,58.80%,87,41.20%,110.4,11,5.60%,70,35.50%,116,58.90%,21,10.00%,190,90.00%,38,18.00%,173,82.00%,0,0.00%,209,99.10%,8,3.80%,27,12.80%,19,9.00%,14405.5,68.3,2821,13.4,2884,13.7,4445,21.1,4255.5,20.2,4196,19.9,59.5,0.3,3,3,197,0,93%,0.74,0.54,0.94,0.74,0.54,0.94,0.43,0.21,0.66,0.69,0.48,0.9,0.94,0.71,1.17,0.79,0.56,1.01,94.30%,83.40%,1359.18,6.44,4.5,6.66,2.03,5.54,7.32,6.35,6.64,6.31,6.45,154,73.00%,62.10%,51.20%,208,98.60%,211,100.00%,210,99.50%,158,74.90%,203,96.20%,96.20%,89.10%,94.80%,86.30%,93.80%,87.60%,91.80%,85.40%,85.70%,72.40%,196,93%,150,95%,189,93%,1,0.8,1.2,0.66,0.37,0.94,0.37,0.09,0.65,203,188,200,182,197,184,145,135,174,147,154,73.00%,208,98.60%,210,99.50%,210,100.00%,158,100.00%,203,100.00%,49.3,20,0,-0.07,-0.7,0.55,-0.07,-0.71,0.56,70.4,177,0,0.83,0.63,1.04,0.83,0.62,1.05,10.1,-0.21,-0.91,0.5,9.5,-0.26,-0.91,0.4,15.1,0.13,-0.59,0.85,14.5,-0.07,-0.78,0.64,13.7,0.51,0.27,0.74,14.1,0.8,0.58,1.02,21.7,1.03,0.79,1.27,20.8,0.88,0.64,1.12,14.5,0,20.5,0.3,-0.7,-0.23,25.1,11,0,-0.23,-1.06,0.61,-0.23,-1.08,0.63,59.5,70,0,1.16,0.83,1.49,1.16,0.82,1.5,76.6,116,0,0.58,0.32,0.84,0.58,0.32,0.84,67.9,13.1,14.1,21,19.8,19.8,0,36,0,0.74,0.28,1.21,0.74,0.27,1.22,69.5,13.9,13.3,21.3,21,20.8,0.2,83,0,0.89,0.58,1.19,0.89,0.58,1.2,67.4,13,13.9,20.9,19.6,19.2,0.3,114,0,0.64,0.38,0.9,0.64,0.37,0.9,68.4,13.4,13.7,21.1,20.2,20,0.3,195,0,0.75,0.56,0.95,0.75,0.55,0.96,2,18.20%,9.10%,0.00%,52,74.30%,50.00%,32.90%,92,79.30%,75.00%,67.20%,66.70%,73.70%,28.60%,19.00%,65.80%,54.70%,0.11,1.4,0.83,0.3,1.08,SUPP,1.08,0.45,-0.02,0.73,SUPP,0.4,0.39,-0.84,0.49,0.95,-0.36,1.29,0.86,1.01,-0.79,1.74,1.06,1.1,0.57,0.88,-0.91,1.03,0.43,SUPP,SUPP,1.56,0.6,0.82,0.09,0.07,-1.74,0.79,0.2,SUPP,SUPP,0.86,-0.07,0.74,0.03,70.20%,56.50%,44.40%,77.00%,70.10%,60.90%,72.70%,62.20%,51.70%,68.40%,55.30%,39.50%,92.90%,100.00%,76.20%,96.30%,1,9.10%,68,97.10%,116,100.00%,94.40%,94.30%,94.70%,94.30%,42.90%,87.90%,0,0.00%,50,71.40%,112,96.60%,84.70%,81.60%,86.80%,83.70%,6.20%,51.70%,9,6.5,8.4,9.6,8,9.1,9,6.5,8.4,9.5,8,9.1,1905,0,0%,Well above average
2,919,7004,141251,Pinewood School,,Hoe Lane,,,Ware,SG12 9PB,01920412211,E14001283,Hertford and Stortford,0,0,ACCS,Does not apply,NA,NA,MIXED,0,11-16,209,147,62,35,28,80.00%,7,20.00%,73.5,31,100.00%,0,0.00%,0,0.00%,14,40.00%,21,60.00%,4,11.40%,31,88.60%,0,0.00%,35,100.00%,,,,,,,NE,NE,NE,NE,NE,NE,NE,NE,NE,NE,NE,NE,NE,NE,NE,NE,NE,NE,NE,NE,NE,NE,NE,NE,NE,NE,NE,NE,NE,NE,NE,NE,NE,NE,NE,NE,NE,NE,NE,NE,NE,NE,NE,NE,NE,NE,SUPP,NE,NE,NE,NE,NE,NE,NE,NE,NE,NE,NE,NE,NE,NE,NE,NE,NE,NE,NE,NE,NE,NE,NE,NE,NE,NE,NE,NE,NE,NE,NE,NE,NE,NE,NE,NE,NE,NE,NE,NE,NE,NE,NE,NE,NE,NE,NE,NE,NE,NE,NE,NE,NE,NE,NE,NE,NE,NE,NE,NE,NE,NE,NE,NE,NE,NE,NE,NE,NE,NE,NE,NE,NE,NE,NE,NE,NE,NE,NE,NE,NE,NE,NE,NE,NE,NE,NE,NE,NE,NE,NE,NE,NE,NE,NE,NE,NE,NE,NE,NE,NE,NE,NE,NE,NE,NE,NE,NE,NE,NE,NE,NE,NE,NE,NE,NE,NE,NE,NE,NE,NE,NE,NE,NE,NE,NE,NE,NE,NE,NE,NE,NE,NE,NE,NE,NE,NE,NE,NE,NE,NE,NE,NE,NE,NE,NE,NE,SUPP,SUPP,SUPP,SUPP,SUPP,SUPP,SUPP,SUPP,SUPP,SUPP,SUPP,SUPP,SUPP,SUPP,SUPP,NE,NE,NE,NE,NE,NE,NE,NE,NE,NE,NE,NE,NE,NE,NE,NE,NE,NE,NE,NE,NE,NE,NE,NE,NE,NE,NE,NE,NE,NE,NE,NE,NE,NE,NE,NE,NE,NE,NE,NE,NE,NE,NE,NE,NE,NE,NE,NE,NE,NE,NE,NE,NE,NE,NE,NE,NE,NE,NE,NE,NE,NE,NE,NE,NE,NE,NE,NE,NE,NE,NE,NE,NE,NE,NE,NE,NE,NE,NE,NE,NE,NE,NE,NE,NE,NE,NE,NE,NE,NE,NE,NE,NE,NE,NE,NE,NE,NE,NE,NE,NE,NE,NE,NE,NE,NE,NE,NE,NE,NE,NE,NE,NE,NE,NE,NE,NE,SUPP,SUPP,SUPP,NE,NE,NE,NE,NE,NE,NE,NE,NE,NE,NE,NE,SUPP,NE,NE,NE,NE,NE,NE,NE,NE,NE,NE,NE,SUPP,NE,NE,NE,NE,NE,NE,NE,NE,NE,NE,NE,NE,NE,NE,NE,NE,NE,NE
1,919,4013,137985,Presdales School,,Hoe Lane,,,Ware,SG12 9NX,01920462210,E14001283,Hertford and Stortford,0,0,ACC,Does not apply,NSE,OTHER NON SEL,GIRLS,0,11-18,1175,31,1144,175,NA,0.00%,175,100.00%,107.6,15,9.10%,85,51.80%,64,39.00%,17,9.70%,158,90.30%,8,4.60%,167,95.40%,0,0.00%,172,98.30%,3,1.70%,9,5.10%,6,3.40%,10298,58.8,2206,12.6,1932,11,3088.5,17.6,3071.5,17.6,3013,17.2,58.5,0.3,3,3,164,0,94%,0.61,0.39,0.83,0.61,0.39,0.83,0.71,0.46,0.96,0.23,0,0.46,0.71,0.46,0.96,0.7,0.45,0.94,93.10%,71.40%,968.94,5.54,4.58,5.64,3.41,5.18,6.62,6.04,5.54,NE,5.57,144,82.30%,61.70%,44.60%,175,100.00%,175,100.00%,173,98.90%,174,99.40%,145,82.90%,98.30%,89.70%,93.70%,73.70%,90.20%,72.30%,87.90%,73.00%,77.20%,63.40%,162,94%,163,94%,138,95%,0.54,0.31,0.76,0.69,0.42,0.96,0.01,-0.31,0.34,172,157,164,129,156,125,153,127,112,92,140,80.00%,175,100.00%,175,100.00%,173,100.00%,174,100.00%,141,97.20%,49.8,15,0,0.35,-0.36,1.07,0.35,-0.38,1.08,59.8,149,0,0.64,0.41,0.86,0.64,0.41,0.87,10.9,0.41,-0.41,1.22,9.5,0.09,-0.66,0.84,14.5,0.44,-0.39,1.27,14.8,0.4,-0.42,1.22,12.8,0.74,0.48,1,11.2,0.24,0,0.48,18,0.74,0.48,1,17.8,0.73,0.47,0.99,13.8,1,17.6,0.3,-0.2,0.19,39.8,15,0,0.87,0.15,1.59,0.87,0.14,1.6,55.5,85,0,0.82,0.52,1.13,0.82,0.52,1.13,68.7,64,0,0.27,-0.08,0.61,0.27,-0.09,0.62,61.8,13,11.5,19.1,18.1,18.1,0,8,0,1.22,0.24,2.2,1.22,0.22,2.22,58.8,12.6,11,17.6,17.6,17.2,0.3,164,0,0.61,0.39,0.83,0.61,0.39,0.83,NE,NE,NE,NE,NE,NE,NE,NE,NE,NE,NE,NE,NE,NE,NE,59.1,12.6,11,17.8,17.6,17.3,0.3,162,0,0.63,0.41,0.85,0.63,0.41,0.85,6,40.00%,0.00%,0.00%,69,81.20%,62.40%,35.30%,62,96.90%,79.70%,73.40%,64.70%,84.20%,47.10%,23.50%,63.30%,46.80%,0.69,0.66,0.34,0.41,0.55,0.47,1.06,0.26,0.24,0.74,-0.57,0.33,-0.29,-0.36,0.04,1.15,-0.33,0.79,0.32,1.43,-0.05,0.97,0.35,0.7,-0.02,1.14,-0.65,1.02,0.45,1.37,-0.42,1.44,0.68,0.69,-0.18,0.92,-1.64,0.38,-0.3,1,-2.14,0.79,-0.13,0.2,-0.77,NE,NE,NE,82.30%,61.70%,44.60%,82.60%,62.80%,45.30%,100.00%,87.50%,62.50%,89.10%,100.00%,82.40%,94.30%,9,60.00%,79,92.90%,64,100.00%,NE,93.10%,100.00%,93.00%,52.90%,73.40%,4,26.70%,53,62.40%,60,93.80%,NE,71.40%,75.00%,71.50%,4.60%,35.40%,8.6,7.5,8.4,9.1,8.1,8.6,8.5,7.3,8.4,9.1,7.9,8.6,1500,1,0%,Well above average
1,919,4000,117499,The Priory School,,Bedford Road,,,Hitchin,SG5 2UR,01462622300,E14001289,Hitchin,0,0,FD,Does not apply,NSE,OTHER NON SEL,MIXED,0,11-18,1231,635,596,193,96,49.70%,97,50.30%,104.5,42,22.20%,102,54.00%,45,23.80%,38,19.70%,155,80.30%,12,6.20%,180,93.30%,1,0.50%,190,98.40%,0,0.00%,38,19.70%,38,19.70%,8974,46.5,1945,10.1,1730,9,2691.5,13.9,2607.5,13.5,2307,12,300.5,1.6,2.9,2.8,189,2,98%,-0.05,-0.25,0.15,-0.05,-0.26,0.15,0,-0.23,0.23,-0.18,-0.39,0.04,0.08,-0.15,0.31,-0.13,-0.36,0.1,67.90%,43.50%,793.73,4.11,3.1,4.36,2.27,4.01,5.98,3.88,4.2,4.02,4.15,65,33.70%,18.10%,13.50%,181,93.80%,191,99.00%,188,97.40%,183,94.80%,65,33.70%,82.40%,65.30%,70.50%,47.20%,67.00%,48.90%,65.00%,45.40%,58.50%,47.70%,184,98%,179,98%,63,97%,0.16,-0.05,0.37,-0.09,-0.35,0.18,-0.39,-0.87,0.09,159,126,136,91,126,92,119,83,38,31,65,33.70%,181,93.80%,189,97.90%,187,99.50%,180,98.40%,65,100.00%,35.5,38,0,-0.44,-0.89,0.01,-0.44,-0.9,0.01,49.2,151,2,0.05,-0.17,0.28,0.05,-0.18,0.28,8.1,-0.4,-0.91,0.12,7,-0.41,-0.88,0.06,10.4,-0.31,-0.83,0.21,10,-0.64,-1.15,-0.12,10.6,0.09,-0.16,0.35,9.4,-0.12,-0.35,0.12,14.8,0.18,-0.08,0.44,14.4,0,-0.26,0.26,8.2,1.9,12.9,1.5,-14.5,-0.6,27.9,42,0,0.02,-0.41,0.45,0.02,-0.41,0.46,45,102,2,-0.12,-0.4,0.15,-0.13,-0.41,0.15,66.4,45,0,0.06,-0.35,0.48,0.06,-0.36,0.48,41.4,8.5,8.3,13.2,11.3,9.6,1.7,10,0,-0.26,-1.14,0.61,-0.26,-1.16,0.63,48.3,10.6,8.7,14.1,14.9,13.2,1.7,96,1,0.06,-0.23,0.34,0.05,-0.24,0.34,44.7,9.5,9.2,13.8,12.2,10.7,1.4,93,1,-0.15,-0.44,0.13,-0.16,-0.45,0.14,46.9,10.1,9,14.1,13.6,12,1.6,186,2,-0.03,-0.23,0.18,-0.03,-0.24,0.18,4,9.50%,2.40%,2.40%,40,39.20%,16.70%,7.80%,19,42.20%,35.60%,35.60%,23.70%,36.10%,10.50%,5.30%,20.00%,15.50%,0.06,0.15,0.27,-0.14,0.23,0.13,-0.07,-0.29,-0.65,0.06,SUPP,-0.51,-0.18,-0.7,-0.34,0.34,-0.61,0.47,0,0.51,-0.39,0.44,-0.14,0.7,-0.15,-0.07,-1.23,0.35,-0.23,0.71,-0.44,0.28,-0.43,0.23,-0.81,0.58,-1.98,0.18,-0.86,SUPP,SUPP,0.1,-1.12,0.71,-1.06,33.30%,15.60%,12.50%,34.00%,20.60%,14.40%,34.20%,18.40%,13.70%,41.70%,25.00%,8.30%,60.10%,99.00%,42.10%,74.20%,8,19.00%,75,73.50%,44,97.80%,67.70%,68.00%,75.00%,68.90%,18.40%,49.70%,1,2.40%,39,38.20%,43,95.60%,42.70%,44.30%,25.00%,44.20%,0.00%,26.90%,8.1,6.9,8.1,9.3,7.4,8.3,7.5,6.1,7.4,9.1,6.7,7.8,1568,0,0%,Average
1,919,6239,102256,The Purcell School,,Aldenham Road,Bushey,,,WD23 2TS,01923331100,E14001568,Watford,0,0,IND,None,,NA,MIXED,0,8-19,194,83,111,33,14,42.40%,19,57.60%,NP,NP,NP,NP,NP,NP,NP,NP,NP,NP,NP,NP,NP,NP,NP,NP,NP,NP,NP,NA,NA,NA,NA,NA,NA,1327,40.2,205,6.2,346,10.5,481,14.6,295,8.9,230,7,65,2,2.4,1.5,NP,NP,NP,NP,NP,NP,NP,NP,NP,NP,NP,NP,NP,NP,NP,NP,NP,NP,NP,NP,NP,54.50%,45.50%,121.17,3.67,NP,NP,NP,NP,NP,NP,3.65,3.7,NP,0,0.00%,0.00%,0.00%,13,39.40%,32,97.00%,32,97.00%,0,0.00%,14,42.40%,36.40%,30.30%,90.90%,75.80%,68.80%,59.40%,NE,NE,100.00%,92.90%,NP,NP,NP,NP,NP,NP,NP,NP,NP,NP,NP,NP,NP,NP,NP,12,10,30,25,22,19,NE,NE,14,13,0,0.00%,13,39.40%,32,97.00%,32,100.00%,NE,NE,14,100.00%,NP,NP,NP,NP,NP,NP,NP,NP,NP,NP,NP,NP,NP,NP,NP,NP,NP,NP,NP,NP,NP,NP,NP,NP,NP,NP,NP,NP,NP,NP,NP,NP,NP,NP,NP,NP,NP,NP,NP,NP,NP,NP,NP,NP,NP,NP,NP,NP,NP,NP,NP,NP,NP,NP,NP,NP,NP,NP,NP,NP,NP,NP,NP,NP,NP,NP,NP,NP,NP,NP,NP,NP,NP,NP,NP,NP,NP,NP,NP,NP,NP,NP,NP,NP,NP,NP,NP,NP,NP,NP,NP,NP,NP,NP,NP,NP,NP,NP,39.2,7.6,9.7,14,8,6.6,1.3,NP,NP,NP,NP,NP,NP,NP,NP,41.5,4.4,11.6,15.4,10.3,7.4,2.8,NP,NP,NP,NP,NP,NP,NP,NP,NP,NP,NP,NP,NP,NP,NP,NP,NP,NP,NP,NP,NP,NP,NP,NP,NP,NP,NP,NP,NP,NP,NP,NP,NP,NP,NP,NP,NP,NP,NP,NP,NP,NP,NP,NP,NP,NP,NP,NP,NP,NP,NP,NP,NP,NP,NP,NP,NP,NP,NP,NP,NP,NP,NP,NP,NP,NP,NP,NP,NP,NP,NP,NP,NP,NP,NP,NP,NP,NP,NP,NP,NP,NP,NP,NP,NP,NP,0.00%,0.00%,0.00%,0.00%,0.00%,0.00%,NP,NP,NP,NP,NP,NP,36.40%,100.00%,NP,NP,NP,NP,NP,NP,NP,NP,42.90%,63.20%,NP,NP,NP,NP,NP,NP,NP,NP,NP,NP,42.90%,47.40%,NP,NP,6.10%,3.00%,4.6,NP,NP,NP,NP,NP,4.4,NP,NP,NP,NP,NP,156,0,0%
1,919,5410,136877,Queens' School,,Aldenham Road,,,Bushey,WD23 2TY,01923224465,E14001568,Watford,0,0,ACC,None,NSE,OTHER NON SEL,MIXED,0,11-18,1682,865,817,266,151,56.80%,115,43.20%,106.6,38,15.10%,114,45.20%,100,39.70%,33,12.40%,233,87.60%,45,16.90%,221,83.10%,0,0.00%,260,97.70%,5,1.90%,41,15.40%,36,13.50%,14218,53.5,3028,11.4,2822,10.6,4292.5,16.1,4075.5,15.3,4068.5,15.3,7,0,2.9,2.8,252,2,95%,0.2,0.02,0.37,0.19,0.02,0.37,0.25,0.05,0.45,0.16,-0.03,0.34,0.31,0.11,0.51,0.06,-0.14,0.26,80.50%,62.80%,1301.64,4.89,3.49,5.09,2.42,4.42,6.38,5.54,5.24,4.63,4.91,136,51.10%,39.10%,30.10%,256,96.20%,265,99.60%,256,96.20%,244,91.70%,141,53.00%,87.20%,78.20%,83.10%,67.30%,79.30%,62.10%,79.10%,68.00%,80.10%,66.00%,243,95%,231,95%,135,96%,0.27,0.09,0.45,0.36,0.13,0.59,0.09,-0.24,0.42,232,208,221,179,203,159,193,166,113,93,133,50.00%,256,96.20%,261,98.10%,254,99.20%,240,98.40%,141,100.00%,38.8,30,0,-0.89,-1.4,-0.38,-0.89,-1.41,-0.38,55.5,222,2,0.34,0.16,0.53,0.34,0.15,0.53,8.7,-0.67,-1.25,-0.1,8,-0.8,-1.33,-0.27,11.5,-0.81,-1.39,-0.22,10.6,-1.18,-1.76,-0.6,11.8,0.38,0.16,0.59,11,0.29,0.09,0.48,16.8,0.46,0.24,0.67,16,0.23,0.02,0.44,10.6,0,16,0,-11.2,-1.05,29.7,38,0,0.26,-0.19,0.71,0.26,-0.2,0.72,49.4,114,1,0.21,-0.05,0.47,0.21,-0.05,0.48,67.1,100,1,0.15,-0.12,0.43,0.15,-0.14,0.43,57.9,11.6,11.7,18.3,16.3,16.2,0.2,38,0,0.48,0.03,0.93,0.48,0.02,0.94,57.5,12.4,10.7,17.2,17.2,17.1,0.1,109,0,0.53,0.27,0.8,0.53,0.26,0.8,50.4,10.6,10.5,15.3,13.9,13.9,0,143,2,-0.06,-0.29,0.17,-0.07,-0.3,0.17,53.6,11.4,10.6,16.2,15.4,15.4,0,249,2,0.22,0.05,0.4,0.22,0.04,0.4,2,5.30%,0.00%,0.00%,54,47.40%,27.20%,19.30%,74,74.00%,69.00%,56.00%,39.40%,52.80%,21.20%,12.10%,41.60%,32.60%,0.26,0.29,0.26,-0.44,0.35,0.6,0.3,0.35,-1.13,0.53,SUPP,0.26,0,-0.23,0.12,0.13,-1.01,0.55,0.16,0.75,-0.22,0.56,0.01,0.54,-0.03,-0.4,-1.86,0.77,0.29,1.22,-0.02,0.64,-0.04,0.7,0,0.83,-1.3,0.47,-0.22,SUPP,SUPP,0.77,-0.24,0.44,-0.45,47.70%,33.80%,26.50%,55.70%,46.10%,34.80%,51.20%,39.20%,30.40%,68.90%,51.10%,37.80%,77.10%,98.90%,60.60%,83.30%,12,31.60%,93,81.60%,98,98.00%,78.80%,82.60%,84.40%,80.40%,39.40%,66.10%,3,7.90%,64,56.10%,91,91.00%,61.60%,64.30%,71.10%,63.10%,1.10%,70.30%,8.4,7.5,8.4,8.8,7.4,8.6,8.4,7.5,8.4,8.8,7.4,8.6,2246,0,0%,Above average
1,919,6020,117609,Queenswood School,,Shepherd's Way,Brookmans Park,,Hatfield,AL9 6NS,01707602500,E14001573,Welwyn Hatfield,0,0,IND,Methodist,,NA,GIRLS,0,11-18,481,NA,481,83,NA,0.00%,83,100.00%,NP,NP,NP,NP,NP,NP,NP,NP,NP,NP,NP,NP,NP,NP,NP,NP,NP,NP,NP,NA,NA,NA,NA,NA,NA,4167,50.2,1068,12.9,0,0,1529,18.4,1570,18.9,1570,18.9,0,0,2.7,2.8,NP,NP,NP,NP,NP,NP,NP,NP,NP,NP,NP,NP,NP,NP,NP,NP,NP,NP,NP,NP,NP,0.00%,0.00%,326.66,3.94,NP,NP,NP,NP,NP,NP,3.94,NE,NP,0,0.00%,0.00%,0.00%,81,97.60%,0,0.00%,80,96.40%,0,0.00%,45,54.20%,96.40%,89.20%,0.00%,0.00%,97.50%,95.00%,NE,NE,95.60%,93.30%,NP,NP,NP,NP,NP,NP,NP,NP,NP,NP,NP,NP,NP,NP,NP,80,74,0,0,78,76,NE,NE,43,42,0,0.00%,81,97.60%,0,0.00%,80,100.00%,NE,NE,45,100.00%,NP,NP,NP,NP,NP,NP,NP,NP,NP,NP,NP,NP,NP,NP,NP,NP,NP,NP,NP,NP,NP,NP,NP,NP,NP,NP,NP,NP,NP,NP,NP,NP,NP,NP,NP,NP,NP,NP,NP,NP,NP,NP,NP,NP,NP,NP,NP,NP,NP,NP,NP,NP,NP,NP,NP,NP,NP,NP,NP,NP,NP,NP,NP,NP,NP,NP,NP,NP,NP,NP,NP,NP,NP,NP,NP,NP,NP,NP,NP,NP,NP,NP,NP,NP,NP,NP,NP,NP,NP,NP,NP,NP,NP,NP,NP,NP,NP,NP,50.2,12.9,0,18.4,18.9,18.9,0,NP,NP,NP,NP,NP,NP,NP,NP,NE,NE,NE,NE,NE,NE,NE,NP,NP,NP,NP,NP,NP,NP,NP,NP,NP,NP,NP,NP,NP,NP,NP,NP,NP,NP,NP,NP,NP,NP,NP,NP,NP,NP,NP,NP,NP,NP,NP,NP,NP,NP,NP,NP,NP,NP,NP,NP,NP,NP,NP,NP,NP,NP,NP,NP,NP,NP,NP,NP,NP,NP,NP,NP,NP,NP,NP,NP,NP,NP,NP,NP,NP,NP,NP,NP,NP,NP,NP,NP,NP,NP,NP,NP,NP,NP,NP,NP,NP,NP,NP,NP,NP,NE,NE,NE,0.00%,0.00%,0.00%,NP,NP,NP,NP,NP,NP,0.00%,100.00%,NP,NP,NP,NP,NP,NP,NP,NP,NE,0.00%,NP,NP,NP,NP,NP,NP,NP,NP,NP,NP,NE,0.00%,NP,NP,18.10%,33.70%,6.3,NP,NP,NP,NP,NP,6.3,NP,NP,NP,NP,NP,523,0,0%
2,919,6215,117646,Radlett Lodge School,,Harper Lane,,,Radlett,WD7 9HW,01923854922,E14001507,St Albans,0,0,INDSS,None,,NA,MIXED,0,5-19,46,33,13,4,SUPP,SUPP,SUPP,SUPP,NP,NP,NP,NP,NP,NP,NP,NP,NP,NP,NP,NP,NP,NP,NP,NP,NP,NP,NP,,,,,,,SUPP,SUPP,SUPP,SUPP,SUPP,SUPP,SUPP,SUPP,SUPP,SUPP,SUPP,SUPP,SUPP,SUPP,SUPP,SUPP,NP,NP,NP,NP,NP,NP,NP,NP,NP,NP,NP,NP,NP,NP,NP,NP,NP,NP,NP,NP,NP,SUPP,SUPP,SUPP,SUPP,NP,NP,NP,NP,NP,NP,SUPP,SUPP,NP,SUPP,SUPP,SUPP,SUPP,SUPP,SUPP,SUPP,SUPP,SUPP,SUPP,SUPP,SUPP,SUPP,SUPP,SUPP,SUPP,SUPP,SUPP,SUPP,SUPP,SUPP,SUPP,SUPP,SUPP,NP,NP,NP,NP,NP,NP,NP,NP,NP,NP,NP,NP,NP,NP,NP,SUPP,SUPP,SUPP,SUPP,SUPP,SUPP,SUPP,SUPP,SUPP,SUPP,SUPP,SUPP,SUPP,SUPP,SUPP,SUPP,SUPP,SUPP,SUPP,SUPP,SUPP,SUPP,NP,NP,NP,NP,NP,NP,NP,NP,NP,NP,NP,NP,NP,NP,NP,NP,NP,NP,NP,NP,NP,NP,NP,NP,NP,NP,NP,NP,NP,NP,NP,NP,NP,NP,NP,NP,NP,NP,NP,NP,NP,NP,NP,NP,NP,NP,NP,NP,NP,NP,NP,NP,NP,NP,NP,NP,NP,NP,NP,NP,NP,NP,NP,NP,NP,NP,NP,NP,NP,NP,NP,NP,NP,NP,NP,NP,NP,NP,NP,NP,NP,NP,NP,NP,NP,NP,NP,NP,NP,NP,NP,NP,NP,NP,NP,NP,NP,NP,SUPP,SUPP,SUPP,SUPP,SUPP,SUPP,SUPP,NP,NP,NP,NP,NP,NP,NP,NP,SUPP,SUPP,SUPP,SUPP,SUPP,SUPP,SUPP,NP,NP,NP,NP,NP,NP,NP,NP,NP,NP,NP,NP,NP,NP,NP,NP,NP,NP,NP,NP,NP,NP,NP,NP,NP,NP,NP,NP,NP,NP,NP,NP,NP,NP,NP,NP,NP,NP,NP,NP,NP,NP,NP,NP,NP,NP,NP,NP,NP,NP,NP,NP,NP,NP,NP,NP,NP,NP,NP,NP,NP,NP,NP,NP,NP,NP,NP,NP,NP,NP,NP,NP,NP,NP,NP,NP,NP,NP,NP,NP,NP,NP,NP,NP,NP,NP,SUPP,SUPP,SUPP,SUPP,SUPP,SUPP,NP,NP,NP,NP,NP,NP,SUPP,SUPP,NP,NP,NP,NP,NP,NP,NP,NP,SUPP,SUPP,NP,NP,NP,NP,NP,NP,NP,NP,NP,NP,SUPP,SUPP,NP,NP,SUPP,SUPP,SUPP,NP,NP,NP,NP,NP,SUPP,NP,NP,NP,NP,NP,SUPP,SUPP,SUPP
1,919,4007,139662,The Reach Free School,,Long Lane,,,Rickmansworth,WD3 8AB,01923711517,E14001496,South West Hertfordshire,0,0,F,None,NSE,OTHER NON SEL,MIXED,0,11-18,755,371,384,117,55,47.00%,62,53.00%,104.3,20,19.00%,68,64.80%,17,16.20%,24,20.50%,93,79.50%,25,21.40%,92,78.60%,0,0.00%,107,91.50%,5,4.30%,24,20.50%,19,16.20%,5448.5,46.6,1113,9.5,1102,9.4,1621,13.9,1612.5,13.8,1348,11.5,264.5,2.3,2.8,2.9,105,1,90%,-0.02,-0.29,0.25,-0.03,-0.31,0.24,-0.22,-0.53,0.08,-0.01,-0.29,0.28,0,-0.31,0.32,0.04,-0.27,0.35,64.10%,43.60%,507.18,4.33,3.46,4.56,2.81,4.37,5.19,4.97,4.55,4.09,4.35,86,73.50%,38.50%,24.80%,115,98.30%,116,99.10%,115,98.30%,102,87.20%,87,74.40%,76.90%,57.30%,70.90%,53.80%,57.40%,47.00%,58.80%,47.10%,77.00%,66.70%,103,90%,91,89%,80,92%,-0.2,-0.48,0.08,-0.15,-0.51,0.21,0.47,0.04,0.9,90,67,83,63,66,54,60,48,67,58,86,73.50%,115,98.30%,115,98.30%,113,98.30%,102,100.00%,87,100.00%,38.3,21,0,-0.3,-0.9,0.31,-0.3,-0.91,0.32,48.7,84,1,0.05,-0.26,0.35,0.03,-0.28,0.34,8.1,-0.4,-1.09,0.29,7.8,-0.19,-0.82,0.45,10.9,-0.39,-1.09,0.31,11.4,-0.21,-0.9,0.48,9.9,-0.18,-0.53,0.16,9.8,0.04,-0.28,0.36,14.6,0.1,-0.25,0.45,14.4,0.1,-0.25,0.44,9.5,1.9,12,2.4,-11.7,-0.46,32.7,20,0,0.38,-0.24,1,0.38,-0.25,1.02,46.7,68,0,0.01,-0.33,0.35,0.01,-0.33,0.35,55.1,17,1,-0.63,-1.31,0.04,-0.71,-1.4,-0.03,52.5,9.8,11,16.6,15.2,12.2,2.9,17,0,0.6,-0.08,1.27,0.6,-0.09,1.28,48.8,10.2,9.6,14.5,14.6,12.7,1.9,59,1,0.07,-0.29,0.43,0.04,-0.32,0.41,44.1,8.8,9.2,13.2,12.9,10.2,2.7,46,0,-0.14,-0.55,0.27,-0.14,-0.55,0.28,46.6,9.6,9.3,13.8,13.9,11.7,2.2,101,1,0.02,-0.26,0.3,0.01,-0.27,0.29,13,65.00%,10.00%,0.00%,54,79.40%,41.20%,23.50%,12,70.60%,58.80%,52.90%,62.50%,76.30%,20.80%,12.50%,43.00%,28.00%,-0.13,-0.15,-0.5,-0.69,-0.08,0.39,-0.17,-0.58,-0.84,0.01,0.65,0.46,0.31,0.5,0.46,-0.07,-1.31,0.24,-0.39,0.5,-0.77,0.2,-0.5,0.21,-1.21,0,-1.69,0.41,-0.4,1.32,-0.54,0.26,-0.61,0.35,-1.51,1.56,-0.57,0.93,-0.01,1.72,-0.41,0.98,-0.06,1.42,-0.8,74.50%,34.50%,18.20%,72.60%,41.90%,30.60%,77.60%,39.30%,25.20%,72.00%,44.00%,28.00%,61.50%,100.00%,37.50%,71.00%,4,20.00%,47,69.10%,15,88.20%,56.40%,71.00%,72.00%,63.60%,29.20%,47.30%,0,0.00%,32,47.10%,13,76.50%,38.20%,48.40%,44.00%,44.90%,1.70%,18.80%,7.8,7.8,7.8,7.5,7.5,7.8,7.3,6.8,7.4,7.3,7,7.4,909,0,0%,Average
2,919,6008,144726,Rhodes Wood Hospital School,,Shepherds Way,Brookmans Park,Hatfield,,AL9 6NN,01707655344,E14001573,Welwyn Hatfield,0,0,INDSS,None,,NA,MIXED,0,7-19,37,1,36,5,SUPP,SUPP,SUPP,SUPP,NP,NP,NP,NP,NP,NP,NP,NP,NP,NP,NP,NP,NP,NP,NP,NP,NP,NP,NP,,,,,,,SUPP,SUPP,SUPP,SUPP,SUPP,SUPP,SUPP,SUPP,SUPP,SUPP,SUPP,SUPP,SUPP,SUPP,SUPP,SUPP,NP,NP,NP,NP,NP,NP,NP,NP,NP,NP,NP,NP,NP,NP,NP,NP,NP,NP,NP,NP,NP,SUPP,SUPP,SUPP,SUPP,NP,NP,NP,NP,NP,NP,SUPP,SUPP,NP,SUPP,SUPP,SUPP,SUPP,SUPP,SUPP,SUPP,SUPP,SUPP,SUPP,SUPP,SUPP,SUPP,SUPP,SUPP,SUPP,SUPP,SUPP,SUPP,SUPP,SUPP,SUPP,SUPP,SUPP,NP,NP,NP,NP,NP,NP,NP,NP,NP,NP,NP,NP,NP,NP,NP,SUPP,SUPP,SUPP,SUPP,SUPP,SUPP,SUPP,SUPP,SUPP,SUPP,SUPP,SUPP,SUPP,SUPP,SUPP,SUPP,SUPP,SUPP,SUPP,SUPP,SUPP,SUPP,NP,NP,NP,NP,NP,NP,NP,NP,NP,NP,NP,NP,NP,NP,NP,NP,NP,NP,NP,NP,NP,NP,NP,NP,NP,NP,NP,NP,NP,NP,NP,NP,NP,NP,NP,NP,NP,NP,NP,NP,NP,NP,NP,NP,NP,NP,NP,NP,NP,NP,NP,NP,NP,NP,NP,NP,NP,NP,NP,NP,NP,NP,NP,NP,NP,NP,NP,NP,NP,NP,NP,NP,NP,NP,NP,NP,NP,NP,NP,NP,NP,NP,NP,NP,NP,NP,NP,NP,NP,NP,NP,NP,NP,NP,NP,NP,NP,NP,SUPP,SUPP,SUPP,SUPP,SUPP,SUPP,SUPP,NP,NP,NP,NP,NP,NP,NP,NP,SUPP,SUPP,SUPP,SUPP,SUPP,SUPP,SUPP,NP,NP,NP,NP,NP,NP,NP,NP,NP,NP,NP,NP,NP,NP,NP,NP,NP,NP,NP,NP,NP,NP,NP,NP,NP,NP,NP,NP,NP,NP,NP,NP,NP,NP,NP,NP,NP,NP,NP,NP,NP,NP,NP,NP,NP,NP,NP,NP,NP,NP,NP,NP,NP,NP,NP,NP,NP,NP,NP,NP,NP,NP,NP,NP,NP,NP,NP,NP,NP,NP,NP,NP,NP,NP,NP,NP,NP,NP,NP,NP,NP,NP,NP,NP,NP,NP,SUPP,SUPP,SUPP,SUPP,SUPP,SUPP,NP,NP,NP,NP,NP,NP,SUPP,SUPP,NP,NP,NP,NP,NP,NP,NP,NP,SUPP,SUPP,NP,NP,NP,NP,NP,NP,NP,NP,NP,NP,SUPP,SUPP,NP,NP,SUPP,SUPP,SUPP,NP,NP,NP,NP,NP,SUPP,NP,NP,NP,NP,NP,SUPP,SUPP,SUPP
1,919,4006,139873,Richard Hale School,,Hale Road,,,Hertford,SG13 8EN,01992583441,E14001283,Hertford and Stortford,0,0,ACC,None,NSE,OTHER NON SEL,BOYS,0,11-18,1217,1141,76,175,175,100.00%,NA,0.00%,106.4,23,13.90%,91,55.20%,51,30.90%,9,5.10%,166,94.90%,14,8.00%,161,92.00%,0,0.00%,171,97.70%,0,0.00%,21,12.00%,21,12.00%,9410,53.8,1920,11,1910,10.9,2862.5,16.4,2717.5,15.5,2717.5,15.5,0,0,2.9,3,165,0,94%,0.31,0.1,0.53,0.31,0.09,0.53,0.12,-0.12,0.37,0.39,0.17,0.62,0.49,0.24,0.74,0.21,-0.03,0.46,82.90%,66.30%,887.05,5.07,3.33,5.16,2.98,4.82,6.3,5.47,NE,5.07,5.08,122,69.70%,53.70%,38.30%,174,99.40%,175,100.00%,172,98.30%,171,97.70%,123,70.30%,87.40%,76.60%,88.00%,71.40%,86.00%,70.30%,79.50%,63.20%,81.30%,64.20%,162,94%,161,94%,116,94%,0.45,0.22,0.67,0.24,-0.03,0.52,-0.09,-0.45,0.26,153,134,154,125,148,121,136,108,100,79,122,69.70%,174,99.40%,175,100.00%,171,99.40%,169,98.80%,123,100.00%,35.9,7,0,-0.78,-1.83,0.27,-0.78,-1.84,0.29,54.7,158,0,0.36,0.14,0.58,0.36,0.14,0.59,8.2,-0.41,-1.6,0.79,7.8,-0.61,-1.72,0.49,10.6,-0.77,-1.99,0.44,9.3,-1.14,-2.33,0.06,11.1,0.15,-0.1,0.4,11.1,0.44,0.21,0.67,16.7,0.54,0.29,0.8,15.9,0.27,0.02,0.52,9.3,0,15.9,0,-14.1,-0.94,35.1,23,0,0.54,-0.04,1.12,0.54,-0.05,1.13,51.6,91,0,0.48,0.19,0.77,0.48,0.18,0.78,64.9,51,0,-0.09,-0.48,0.3,-0.09,-0.48,0.31,56.7,10.7,12,17.8,16.2,16.2,0,11,0,0.95,0.11,1.79,0.95,0.1,1.8,NE,NE,NE,NE,NE,NE,NE,NE,NE,NE,NE,NE,NE,NE,NE,53.8,11,10.9,16.4,15.5,15.5,0,165,0,0.31,0.1,0.53,0.31,0.09,0.53,53.8,11,10.9,16.4,15.6,15.6,0,163,0,0.33,0.12,0.55,0.33,0.11,0.56,3,13.00%,4.30%,0.00%,65,71.40%,47.30%,30.80%,47,92.20%,84.30%,62.70%,44.40%,71.10%,33.30%,22.20%,54.80%,39.20%,0.69,0.66,-0.02,SUPP,0.47,0.75,0.38,-0.22,SUPP,0.29,SUPP,0.03,-0.27,SUPP,-0.07,SUPP,SUPP,0.7,0.24,1.31,0.07,0.96,0.36,0.38,-0.42,SUPP,SUPP,0.57,0.01,1.51,-0.01,0.75,0.01,0.27,-0.71,SUPP,SUPP,0.29,-0.43,SUPP,SUPP,0.51,-0.44,0.29,-0.83,69.70%,53.70%,38.30%,NE,NE,NE,70.20%,54.40%,38.60%,71.40%,64.30%,42.90%,79.40%,100.00%,33.30%,85.50%,10,43.50%,78,85.70%,49,96.10%,82.90%,NE,85.70%,83.00%,33.30%,68.10%,4,17.40%,61,67.00%,43,84.30%,66.30%,NE,71.40%,66.70%,3.40%,49.10%,9,7.7,8.8,9.9,7.8,9.1,8.9,7.7,8.7,9.7,7.8,9,1585,0,0%,Above average
1,919,5400,136606,Rickmansworth School,,Scots Hill,,,Rickmansworth,WD3 3AQ,01923773296,E14001496,South West Hertfordshire,0,0,ACC,None,NSE,OTHER NON SEL,MIXED,0,11-18,1531,743,788,222,119,53.60%,103,46.40%,108.5,16,7.50%,97,45.50%,100,46.90%,16,7.20%,206,92.80%,77,34.70%,145,65.30%,0,0.00%,218,98.20%,2,0.90%,13,5.90%,11,5.00%,12885.5,58,2702,12.2,2610,11.8,3865.5,17.4,3708,16.7,3699.5,16.7,8.5,0,2.9,2.9,213,0,96%,0.3,0.11,0.49,0.3,0.1,0.49,0.33,0.11,0.55,0.35,0.15,0.55,0.36,0.14,0.58,0.17,-0.05,0.39,88.70%,72.50%,1210.49,5.45,3.4,5.61,2.75,4.81,6.53,5.89,5.69,5.25,5.45,161,72.50%,53.60%,43.20%,219,98.60%,222,100.00%,219,98.60%,196,88.30%,178,80.20%,94.10%,82.40%,90.10%,78.40%,82.20%,67.10%,81.60%,67.90%,80.90%,69.70%,211,96%,190,97%,172,97%,0.18,-0.02,0.38,0.2,-0.05,0.45,0.21,-0.08,0.51,209,183,200,174,180,147,160,133,144,124,159,71.60%,219,98.60%,221,99.50%,216,98.60%,195,99.50%,176,98.90%,39.4,15,0,-0.16,-0.87,0.56,-0.16,-0.88,0.57,59.5,198,0,0.33,0.13,0.53,0.33,0.13,0.53,8.9,0.01,-0.81,0.82,8,-0.05,-0.8,0.7,10.8,-0.33,-1.16,0.49,11.7,-0.16,-0.97,0.66,12.4,0.35,0.13,0.58,12,0.38,0.17,0.58,17.9,0.41,0.19,0.64,17.1,0.2,-0.03,0.42,11.7,0,17.1,0,-10.6,-0.32,34.1,16,0,0.45,-0.24,1.15,0.45,-0.25,1.16,52.5,97,0,0.4,0.12,0.69,0.4,0.12,0.69,67.5,100,0,0.16,-0.11,0.44,0.16,-0.12,0.45,61,12.4,12.5,18.7,17.4,17.4,0,70,0,0.55,0.22,0.88,0.55,0.21,0.89,60.6,12.9,11.6,18,18.1,18.1,0.1,99,0,0.44,0.16,0.72,0.44,0.15,0.72,55.8,11.6,11.9,16.9,15.5,15.5,0,114,0,0.17,-0.09,0.43,0.17,-0.09,0.44,57.9,12.1,11.7,17.4,16.7,16.6,0,212,0,0.29,0.1,0.48,0.29,0.1,0.49,4,25.00%,6.30%,0.00%,64,66.00%,40.20%,23.70%,88,88.00%,74.00%,68.00%,43.80%,74.80%,25.00%,25.00%,55.80%,44.70%,-0.1,0.33,0.09,-0.09,0.2,0.1,0.36,0.06,0.01,0.21,SUPP,0.22,0.22,-0.28,0.23,0.7,-0.88,0.4,0,0.61,-0.81,0.62,0.03,0.37,-0.2,1.02,-0.99,0.47,-0.05,1.03,-0.83,0.74,-0.02,0.43,-0.3,1.17,-1.73,0.53,-0.07,SUPP,SUPP,0.68,-0.23,0.61,-0.18,71.40%,47.10%,37.80%,73.80%,61.20%,49.50%,73.40%,54.10%,43.60%,84.40%,66.20%,55.80%,84.70%,99.50%,50.00%,91.70%,6,37.50%,85,87.60%,99,99.00%,89.10%,88.30%,90.90%,88.50%,37.50%,75.20%,3,18.80%,59,60.80%,92,92.00%,71.40%,73.80%,77.90%,72.00%,4.10%,48.20%,8.5,7.8,8.3,8.8,7.6,8.5,8.5,7.8,8.3,8.8,7.6,8.5,1881,0,0%,Above average
1,919,4031,146305,Ridgeway Academy,,Herns Lane,,,Welwyn Garden City,AL7 2AF,01707351350,E14001573,Welwyn Hatfield,0,0,AC,Does not apply,NSE,OTHER NON SEL,MIXED,0,11-18,947,500,447,168,98,58.30%,70,41.70%,102.7,48,29.40%,91,55.80%,24,14.70%,58,34.50%,110,65.50%,8,4.80%,154,91.70%,6,3.60%,162,96.40%,4,2.40%,39,23.20%,35,20.80%,6361.8,37.9,1501,8.9,1252,7.5,1732,10.3,1876.8,11.2,1530,9.1,346.8,2.1,2.4,2.6,163,3,97%,-0.47,-0.69,-0.26,-0.48,-0.71,-0.26,-0.18,-0.43,0.06,-0.48,-0.71,-0.25,-0.66,-0.92,-0.41,-0.51,-0.75,-0.26,50.60%,27.40%,520.06,3.1,2.36,3.48,1.92,3.26,4.92,3.85,2.8,3.31,3.15,14,8.30%,6.00%,5.40%,154,91.70%,162,96.40%,158,94.00%,85,50.60%,19,11.30%,67.90%,54.80%,54.80%,32.70%,58.90%,33.50%,56.50%,41.20%,84.20%,68.40%,154,97%,83,98%,19,100%,-0.19,-0.42,0.04,-0.12,-0.51,0.26,-0.07,-0.95,0.81,114,92,92,55,93,53,48,35,16,13,13,7.70%,151,89.90%,157,93.50%,153,96.80%,82,96.50%,18,94.70%,29.5,57,3,-0.71,-1.07,-0.34,-0.74,-1.11,-0.36,42.3,106,0,-0.35,-0.62,-0.08,-0.35,-0.62,-0.07,7.2,-0.51,-0.93,-0.09,5.8,-0.69,-1.07,-0.3,7.8,-0.86,-1.29,-0.44,8.7,-0.8,-1.22,-0.38,9.8,-0.01,-0.32,0.3,8.3,-0.37,-0.65,-0.09,11.6,-0.56,-0.87,-0.25,12.5,-0.35,-0.66,-0.04,7.5,1.1,9.9,2.6,-20.5,-0.87,24.5,48,0,-0.37,-0.77,0.03,-0.37,-0.78,0.04,40.3,91,1,-0.44,-0.73,-0.15,-0.44,-0.74,-0.15,56.7,24,2,-0.8,-1.37,-0.24,-0.87,-1.45,-0.3,48.5,10.3,10.3,13.1,14.9,10.4,4.5,SUPP,SUPP,SUPP,SUPP,SUPP,SUPP,SUPP,SUPP,35.4,8.9,6.7,8.8,11.1,9.4,1.7,68,3,-0.74,-1.08,-0.41,-0.77,-1.11,-0.43,39.6,9,8,11.4,11.2,8.9,2.3,95,0,-0.28,-0.57,0,-0.28,-0.57,0.01,38.6,9.1,7.6,10.5,11.4,9.3,2.1,159,2,-0.41,-0.63,-0.19,-0.42,-0.64,-0.19,1,2.10%,0.00%,0.00%,6,6.60%,4.40%,4.40%,7,29.20%,25.00%,20.80%,1.70%,11.80%,1.70%,1.70%,8.20%,7.30%,-0.09,-0.12,-0.66,-0.22,-0.18,0.09,0.03,-0.79,0.15,-0.23,SUPP,-0.53,0.16,SUPP,-0.21,0.18,-0.62,0.1,-0.46,0.35,-0.52,0.18,-0.43,-0.07,-1.26,0.88,-0.58,0.22,-0.68,0.91,-0.73,0.53,-0.47,0.06,-1.63,SUPP,SUPP,0.72,-1.14,SUPP,SUPP,0.75,-1.81,1.51,-1.2,8.20%,6.10%,6.10%,8.60%,5.70%,4.30%,8.60%,6.20%,5.60%,0.00%,0.00%,0.00%,43.50%,95.80%,29.30%,61.80%,11,22.90%,48,52.70%,23,95.80%,58.20%,40.00%,100.00%,51.20%,12.10%,35.50%,2,4.20%,25,27.50%,17,70.80%,32.70%,20.00%,62.50%,27.80%,0.00%,10.10%,6.6,6,6.8,7.5,6.1,6.9,6.1,5.4,6.2,7.2,5.6,6.3,1133,0,0%,Below average
1,919,4024,143131,Robert Barclay Academy,,Cock Lane,,,Hoddesdon,EN11 8JY,01992410800,E14001139,Broxbourne,0,0,AC,Does not apply,NA,OTHER NON SEL,MIXED,0,11-18,758,395,363,112,53,47.30%,59,52.70%,101.7,36,32.10%,62,55.40%,14,12.50%,29,25.90%,83,74.10%,6,5.40%,106,94.60%,0,0.00%,112,100.00%,2,1.80%,25,22.30%,23,20.50%,4786.3,42.7,1076,9.6,866,7.7,1300.5,11.6,1543.8,13.8,1321,11.8,222.8,2,2.8,2.9,112,0,100%,0.11,-0.15,0.37,0.11,-0.16,0.38,0.25,-0.05,0.55,-0.22,-0.49,0.06,-0.11,-0.42,0.19,0.46,0.16,0.76,58.90%,38.40%,388.88,3.47,2.94,3.66,2.24,3.64,5.88,3.28,3.48,3.47,3.47,14,12.50%,8.00%,6.30%,109,97.30%,109,97.30%,109,97.30%,105,93.80%,16,14.30%,72.30%,57.10%,60.70%,42.90%,51.40%,26.60%,55.20%,41.90%,81.30%,62.50%,109,100%,105,100%,16,100%,-0.23,-0.51,0.04,0.01,-0.33,0.35,0.15,-0.81,1.11,81,64,68,48,56,29,58,44,13,10,14,12.50%,109,97.30%,108,96.40%,108,99.10%,101,96.20%,16,100.00%,36.9,29,0,-0.11,-0.63,0.4,-0.11,-0.64,0.41,44.8,83,0,0.19,-0.12,0.49,0.19,-0.12,0.5,8.3,-0.05,-0.63,0.54,6.6,-0.41,-0.95,0.13,10,-0.26,-0.86,0.33,12,0.19,-0.4,0.78,10,0.35,0,0.7,8.1,-0.15,-0.47,0.17,12.2,-0.06,-0.41,0.29,14.4,0.55,0.21,0.9,9.5,2.4,12.6,1.8,-13.1,-0.27,28.8,36,0,0.24,-0.22,0.7,0.24,-0.23,0.71,45.2,62,0,0,-0.35,0.35,0,-0.36,0.36,67.5,14,0,0.25,-0.49,1,0.25,-0.5,1.01,40.2,8.3,7.3,11.2,13.3,9.7,3.7,6,0,0.51,-0.62,1.65,0.51,-0.64,1.67,44.1,9.9,7.8,11.7,14.7,13.4,1.3,59,0,0.3,-0.07,0.66,0.3,-0.07,0.66,41.2,9.2,7.7,11.5,12.7,10,2.8,53,0,-0.1,-0.48,0.29,-0.1,-0.48,0.29,42.7,9.6,7.7,11.6,13.8,11.8,2,112,0,0.11,-0.15,0.37,0.11,-0.16,0.38,2,5.60%,0.00%,0.00%,7,11.30%,8.10%,4.80%,5,35.70%,28.60%,28.60%,6.90%,14.50%,3.40%,3.40%,9.60%,7.20%,0.17,-0.52,0.09,-0.27,-0.22,0.14,-0.09,0.16,-0.02,0.02,SUPP,0.66,-0.53,SUPP,-0.02,0.29,-0.83,0.09,-0.54,0.67,-0.33,-0.16,-0.89,0.86,-0.67,0.66,-0.71,0.41,-0.37,0.76,-0.47,0.36,-0.54,1.12,-0.81,SUPP,SUPP,1.01,-1.04,SUPP,SUPP,2.02,-0.7,1.04,-2.1,15.10%,13.20%,11.30%,10.20%,3.40%,1.70%,12.50%,8.00%,6.30%,16.70%,16.70%,0.00%,57.10%,97.30%,37.90%,66.30%,7,19.40%,45,72.60%,14,100.00%,58.50%,59.30%,66.70%,58.90%,24.10%,43.40%,3,8.30%,26,41.90%,14,100.00%,41.50%,35.60%,0.00%,38.40%,0.00%,0.00%,7.8,7.3,8,8,7.1,8,7.2,6.8,7.3,7.6,6.5,7.4,878,0,0%,Average
1,919,4070,136973,Roundwood Park School,,Roundwood Park,,,Harpenden,AL5 3AE,01582765344,E14001268,Harpenden and Berkhamsted,0,0,ACC,None,NSE,OTHER NON SEL,MIXED,0,11-18,1370,729,641,196,103,52.60%,93,47.40%,108.4,21,11.00%,81,42.40%,89,46.60%,4,2.00%,192,98.00%,12,6.10%,184,93.90%,0,0.00%,192,98.00%,3,1.50%,6,3.10%,3,1.50%,12259,62.5,2483,12.7,2496,12.7,3755.5,19.2,3524.5,18,3429.5,17.5,95,0.5,2.9,2.9,191,0,97%,0.79,0.59,0.99,0.79,0.59,1,0.61,0.38,0.84,0.88,0.67,1.09,0.98,0.75,1.22,0.66,0.43,0.89,91.80%,79.10%,1088.39,5.55,SUPP,SUPP,3.23,5,6.7,6.01,6,5.15,5.61,60,30.60%,28.60%,26.00%,191,97.40%,195,99.50%,195,99.50%,129,65.80%,105,53.60%,92.90%,84.20%,92.90%,85.20%,90.30%,80.00%,93.00%,86.80%,95.20%,93.30%,191,98%,126,98%,102,97%,0.76,0.56,0.97,1.49,1.18,1.8,1.49,1.1,1.87,182,165,182,167,176,156,120,112,100,98,59,30.10%,191,97.40%,195,99.50%,194,99.50%,129,100.00%,105,100.00%,SUPP,SUPP,SUPP,SUPP,SUPP,SUPP,SUPP,SUPP,SUPP,SUPP,SUPP,SUPP,SUPP,SUPP,SUPP,SUPP,SUPP,SUPP,SUPP,SUPP,SUPP,SUPP,SUPP,SUPP,SUPP,SUPP,SUPP,SUPP,SUPP,SUPP,SUPP,SUPP,SUPP,SUPP,SUPP,SUPP,SUPP,SUPP,SUPP,SUPP,SUPP,SUPP,SUPP,SUPP,SUPP,SUPP,SUPP,SUPP,SUPP,SUPP,SUPP,SUPP,SUPP,SUPP,SUPP,SUPP,38.9,21,0,0.95,0.34,1.56,0.95,0.33,1.57,57.5,81,0,0.92,0.61,1.23,0.92,0.6,1.23,74.1,89,0,0.64,0.34,0.93,0.64,0.34,0.94,64.9,13.7,12.8,20.3,18.2,18.2,0,11,0,0.75,-0.09,1.59,0.75,-0.1,1.6,66.5,13.7,12.8,20.3,19.7,19.3,0.4,91,0,0.93,0.63,1.22,0.93,0.63,1.22,58.9,11.7,12.7,18.1,16.4,15.9,0.6,100,0,0.67,0.39,0.95,0.67,0.39,0.95,63.2,12.8,12.9,19.3,18.2,17.8,0.5,188,0,0.82,0.61,1.02,0.82,0.61,1.02,2,9.50%,4.80%,4.80%,20,24.70%,22.20%,17.30%,36,40.40%,40.40%,39.30%,SUPP,SUPP,SUPP,SUPP,SUPP,SUPP,0.74,0.87,0.67,SUPP,SUPP,2.07,1.66,1.22,SUPP,SUPP,SUPP,1.64,1.4,SUPP,SUPP,SUPP,SUPP,SUPP,SUPP,1.36,0.12,1.19,0.55,0.97,0.37,SUPP,SUPP,SUPP,SUPP,3,1.14,2.14,1.17,1.67,0.77,SUPP,SUPP,SUPP,SUPP,SUPP,SUPP,2.26,1.03,1.9,0.89,21.40%,20.40%,17.50%,40.90%,37.60%,35.50%,30.20%,29.20%,26.60%,50.00%,41.70%,25.00%,88.80%,100.00%,SUPP,SUPP,13,61.90%,75,92.60%,89,100.00%,88.30%,95.70%,91.70%,92.70%,SUPP,SUPP,5,23.80%,64,79.00%,85,95.50%,74.80%,83.90%,75.00%,80.20%,3.10%,52.60%,7.9,6.8,7.6,8.7,SUPP,SUPP,7.9,6.7,7.4,8.6,SUPP,SUPP,1559,0,0%,Well above average
1,919,6165,117641,Royal Masonic School for Girls,,Rickmansworth Park,Chorleywood Road,,Rickmansworth,WD3 4HF,01923773168,E14001496,South West Hertfordshire,0,0,IND,None,,NA,GIRLS,0,2-18,976,9,967,113,1,0.90%,112,99.10%,NP,NP,NP,NP,NP,NP,NP,NP,NP,NP,NP,NP,NP,NP,NP,NP,NP,NP,NP,NA,NA,NA,NA,NA,NA,7383.5,65.3,1544,13.7,1356,12,2220,19.6,2263.5,20,2219,19.6,44.5,0.4,2.8,3,NP,NP,NP,NP,NP,NP,NP,NP,NP,NP,NP,NP,NP,NP,NP,NP,NP,NP,NP,NP,NP,93.80%,77.00%,636.56,5.63,NP,NP,NP,NP,NP,NP,SUPP,SUPP,NP,32,28.30%,28.30%,24.80%,113,100.00%,113,100.00%,112,99.10%,50,44.20%,75,66.40%,98.20%,90.30%,93.80%,78.80%,94.60%,83.90%,96.00%,92.00%,97.30%,88.00%,NP,NP,NP,NP,NP,NP,NP,NP,NP,NP,NP,NP,NP,NP,NP,111,102,106,89,106,94,48,46,73,66,32,28.30%,113,100.00%,113,100.00%,110,98.20%,50,100.00%,75,100.00%,NP,NP,NP,NP,NP,NP,NP,NP,NP,NP,NP,NP,NP,NP,NP,NP,NP,NP,NP,NP,NP,NP,NP,NP,NP,NP,NP,NP,NP,NP,NP,NP,NP,NP,NP,NP,NP,NP,NP,NP,NP,NP,NP,NP,NP,NP,NP,NP,NP,NP,NP,NP,NP,NP,NP,NP,NP,NP,NP,NP,NP,NP,NP,NP,NP,NP,NP,NP,NP,NP,NP,NP,NP,NP,NP,NP,NP,NP,NP,NP,NP,NP,NP,NP,NP,NP,NP,NP,NP,NP,NP,NP,NP,NP,NP,NP,NP,NP,SUPP,SUPP,SUPP,SUPP,SUPP,SUPP,SUPP,NP,NP,NP,NP,NP,NP,NP,NP,SUPP,SUPP,SUPP,SUPP,SUPP,SUPP,SUPP,NP,NP,NP,NP,NP,NP,NP,NP,NP,NP,NP,NP,NP,NP,NP,NP,NP,NP,NP,NP,NP,NP,NP,NP,NP,NP,NP,NP,NP,NP,NP,NP,NP,NP,NP,NP,NP,NP,NP,NP,NP,NP,NP,NP,NP,NP,NP,NP,NP,NP,NP,NP,NP,NP,NP,NP,NP,NP,NP,NP,NP,NP,NP,NP,NP,NP,NP,NP,NP,NP,NP,NP,NP,NP,NP,NP,NP,NP,NP,NP,NP,NP,NP,NP,NP,NP,SUPP,SUPP,SUPP,SUPP,SUPP,SUPP,NP,NP,NP,NP,NP,NP,90.30%,100.00%,NP,NP,NP,NP,NP,NP,NP,NP,SUPP,SUPP,NP,NP,NP,NP,NP,NP,NP,NP,NP,NP,SUPP,SUPP,NP,NP,10.60%,49.60%,8.4,NP,NP,NP,NP,NP,8.3,NP,NP,NP,NP,NP,956,1,0%
1,919,4083,137339,St Albans Girls' School,,Sandridgebury Lane,,,St Albans,AL3 6DB,01727853134,E14001507,St Albans,0,0,ACC,Does not apply,NSE,OTHER NON SEL,GIRLS,0,11-18,1439,1,1438,232,NA,0.00%,232,100.00%,106.4,36,16.30%,109,49.30%,76,34.40%,33,14.20%,199,85.80%,52,22.40%,180,77.60%,0,0.00%,227,97.80%,3,1.30%,53,22.80%,50,21.60%,13123,56.6,2817,12.1,2412,10.4,3863,16.7,4031,17.4,3895,16.8,136,0.6,2.8,2.9,221,0,95%,0.55,0.37,0.74,0.55,0.36,0.74,0.68,0.47,0.89,0.1,-0.1,0.3,0.54,0.32,0.75,0.78,0.57,1,79.30%,61.20%,1212.83,5.23,3.44,5.52,2.64,4.78,7,5.1,5.23,NE,5.26,158,68.10%,54.70%,41.40%,228,98.30%,230,99.10%,217,93.50%,212,91.40%,163,70.30%,93.50%,79.30%,79.70%,64.20%,80.20%,65.40%,82.10%,70.80%,86.50%,74.20%,206,95%,201,95%,155,95%,0.48,0.28,0.68,0.72,0.48,0.97,0.96,0.65,1.27,217,184,185,149,174,142,174,150,141,121,158,68.10%,228,98.30%,229,98.70%,216,99.50%,210,99.10%,163,100.00%,40.3,33,0,-0.21,-0.69,0.27,-0.21,-0.7,0.28,59.3,188,0,0.69,0.48,0.89,0.69,0.48,0.89,9.5,0.12,-0.43,0.67,7.5,-0.41,-0.92,0.1,10.8,-0.46,-1.02,0.1,12.5,-0.05,-0.6,0.5,12.6,0.78,0.55,1.01,10.9,0.19,-0.02,0.4,17.6,0.71,0.48,0.95,18.2,0.93,0.7,1.16,11.8,0.7,17.6,0.6,-9.7,-0.37,32.8,36,0,0.34,-0.13,0.8,0.34,-0.13,0.81,52.6,109,0,0.59,0.32,0.85,0.59,0.32,0.86,72.7,76,0,0.61,0.29,0.92,0.61,0.28,0.93,54.8,11.8,10,16.3,16.7,15.6,1,48,0,0.73,0.33,1.14,0.73,0.33,1.14,56.6,12.1,10.4,16.7,17.4,16.8,0.6,221,0,0.55,0.37,0.74,0.55,0.36,0.74,NE,NE,NE,NE,NE,NE,NE,NE,NE,NE,NE,NE,NE,NE,NE,56.8,12.2,10.4,16.7,17.5,16.9,0.6,219,0,0.58,0.39,0.77,0.58,0.39,0.77,11,30.60%,2.80%,0.00%,73,67.00%,49.50%,30.30%,66,86.80%,85.50%,76.30%,39.40%,72.90%,30.30%,12.10%,58.80%,46.20%,0.24,0.54,0.49,0.32,0.5,0.14,0.99,0.62,0.23,0.78,0.45,1.1,0.92,0.98,0.96,0.92,-0.27,0.71,0.29,0.77,-0.29,0.83,0.26,0.82,0.16,0.99,-0.53,1.04,0.52,0.78,-0.49,1.35,0.63,1.02,0.22,1.94,0.02,1.29,0.63,1.48,-0.58,1.54,0.66,1.39,0.44,NE,NE,NE,68.10%,54.70%,41.40%,69.20%,55.50%,42.30%,76.90%,50.00%,32.70%,76.70%,99.60%,48.50%,84.40%,11,30.60%,88,80.70%,76,100.00%,NE,79.30%,78.80%,79.70%,36.40%,65.30%,2,5.60%,59,54.10%,73,96.10%,NE,61.20%,59.60%,61.20%,6.00%,19.40%,8,7.1,7.8,8.8,6.8,8.2,7.9,6.8,7.7,8.8,6.7,8.1,1865,0,0%,Well above average
1,919,6038,117617,St Albans High School for Girls,,Townsend Avenue,St Albans,Hertfordshire,,AL1 3SJ,01727853800,E14001507,St Albans,0,0,IND,Anglican,,NA,GIRLS,0,4-18,1149,NA,1149,129,NA,0.00%,129,100.00%,NP,NP,NP,NP,NP,NP,NP,NP,NP,NP,NP,NP,NP,NP,NP,NP,NP,NP,NP,NA,NA,NA,NA,NA,NA,6347.5,49.2,2026,15.7,0,0,1855,14.4,2466.5,19.1,2298,17.8,168.5,1.3,1.8,2.5,NP,NP,NP,NP,NP,NP,NP,NP,NP,NP,NP,NP,NP,NP,NP,NP,NP,NP,NP,NP,NP,0.00%,0.00%,409.62,3.18,NP,NP,NP,NP,NP,NP,3.18,NE,NP,0,0.00%,0.00%,0.00%,127,98.40%,0,0.00%,0,0.00%,59,45.70%,126,97.70%,98.40%,98.40%,0.00%,0.00%,NE,NE,100.00%,100.00%,99.20%,97.60%,NP,NP,NP,NP,NP,NP,NP,NP,NP,NP,NP,NP,NP,NP,NP,127,127,0,0,NE,NE,59,59,125,123,0,0.00%,127,98.40%,0,0.00%,NE,NE,59,100.00%,126,100.00%,NP,NP,NP,NP,NP,NP,NP,NP,NP,NP,NP,NP,NP,NP,NP,NP,NP,NP,NP,NP,NP,NP,NP,NP,NP,NP,NP,NP,NP,NP,NP,NP,NP,NP,NP,NP,NP,NP,NP,NP,NP,NP,NP,NP,NP,NP,NP,NP,NP,NP,NP,NP,NP,NP,NP,NP,NP,NP,NP,NP,NP,NP,NP,NP,NP,NP,NP,NP,NP,NP,NP,NP,NP,NP,NP,NP,NP,NP,NP,NP,NP,NP,NP,NP,NP,NP,NP,NP,NP,NP,NP,NP,NP,NP,NP,NP,NP,NP,49.2,15.7,0,14.4,19.1,17.8,1.3,NP,NP,NP,NP,NP,NP,NP,NP,NE,NE,NE,NE,NE,NE,NE,NP,NP,NP,NP,NP,NP,NP,NP,NP,NP,NP,NP,NP,NP,NP,NP,NP,NP,NP,NP,NP,NP,NP,NP,NP,NP,NP,NP,NP,NP,NP,NP,NP,NP,NP,NP,NP,NP,NP,NP,NP,NP,NP,NP,NP,NP,NP,NP,NP,NP,NP,NP,NP,NP,NP,NP,NP,NP,NP,NP,NP,NP,NP,NP,NP,NP,NP,NP,NP,NP,NP,NP,NP,NP,NP,NP,NP,NP,NP,NP,NP,NP,NP,NP,NP,NP,NE,NE,NE,0.00%,0.00%,0.00%,NP,NP,NP,NP,NP,NP,0.00%,99.20%,NP,NP,NP,NP,NP,NP,NP,NP,NE,0.00%,NP,NP,NP,NP,NP,NP,NP,NP,NP,NP,NE,0.00%,NP,NP,19.40%,0.00%,5.5,NP,NP,NP,NP,NP,5.3,NP,NP,NP,NP,NP,719,1,0%
1,919,6243,134087,St Albans Independent College,,69 London Road,,,St Albans,AL1 1LN,01727842348,E14001507,St Albans,0,0,IND,None,,NA,MIXED,0,14-19,77,30,47,17,9,52.90%,8,47.10%,NP,NP,NP,NP,NP,NP,NP,NP,NP,NP,NP,NP,NP,NP,NP,NP,NP,NP,NP,NA,NA,NA,NA,NA,NA,451,26.5,139,8.2,24,1.4,170,10,118,6.9,118,6.9,0,0,1.8,1.5,NP,NP,NP,NP,NP,NP,NP,NP,NP,NP,NP,NP,NP,NP,NP,NP,NP,NP,NP,NP,NP,5.90%,5.90%,32.67,1.92,NP,NP,NP,NP,NP,NP,1.65,2.17,NP,0,0.00%,0.00%,0.00%,9,52.90%,3,17.60%,9,52.90%,3,17.60%,3,17.60%,41.20%,35.30%,11.80%,5.90%,88.90%,66.70%,SUPP,SUPP,SUPP,SUPP,NP,NP,NP,NP,NP,NP,NP,NP,NP,NP,NP,NP,NP,NP,NP,7,6,2,1,8,6,SUPP,SUPP,SUPP,SUPP,0,0.00%,9,52.90%,3,17.60%,9,100.00%,SUPP,SUPP,SUPP,SUPP,NP,NP,NP,NP,NP,NP,NP,NP,NP,NP,NP,NP,NP,NP,NP,NP,NP,NP,NP,NP,NP,NP,NP,NP,NP,NP,NP,NP,NP,NP,NP,NP,NP,NP,NP,NP,NP,NP,NP,NP,NP,NP,NP,NP,NP,NP,NP,NP,NP,NP,NP,NP,NP,NP,NP,NP,NP,NP,NP,NP,NP,NP,NP,NP,NP,NP,NP,NP,NP,NP,NP,NP,NP,NP,NP,NP,NP,NP,NP,NP,NP,NP,NP,NP,NP,NP,NP,NP,NP,NP,NP,NP,NP,NP,NP,NP,NP,NP,26.1,8.9,1.3,8.4,7.6,7.6,0,NP,NP,NP,NP,NP,NP,NP,NP,26.9,7.6,1.6,11.4,6.3,6.3,0,NP,NP,NP,NP,NP,NP,NP,NP,NP,NP,NP,NP,NP,NP,NP,NP,NP,NP,NP,NP,NP,NP,NP,NP,NP,NP,NP,NP,NP,NP,NP,NP,NP,NP,NP,NP,NP,NP,NP,NP,NP,NP,NP,NP,NP,NP,NP,NP,NP,NP,NP,NP,NP,NP,NP,NP,NP,NP,NP,NP,NP,NP,NP,NP,NP,NP,NP,NP,NP,NP,NP,NP,NP,NP,NP,NP,NP,NP,NP,NP,NP,NP,NP,NP,NP,NP,0.00%,0.00%,0.00%,0.00%,0.00%,0.00%,NP,NP,NP,NP,NP,NP,5.90%,100.00%,NP,NP,NP,NP,NP,NP,NP,NP,0.00%,12.50%,NP,NP,NP,NP,NP,NP,NP,NP,NP,NP,0.00%,12.50%,NP,NP,0.00%,11.80%,4.1,NP,NP,NP,NP,NP,4.1,NP,NP,NP,NP,NP,74,0,0%
1,919,6220,117647,St Albans School,,Abbey Gateway,,,St Albans,AL3 4HB,01727855521,E14001507,St Albans,0,0,IND,Christian/non-denominational,,NA,BOYS,0,11-19,909,838,71,133,133,100.00%,NA,0.00%,NP,NP,NP,NP,NP,NP,NP,NP,NP,NP,NP,NP,NP,NP,NP,NP,NP,NP,NP,NA,NA,NA,NA,NA,NA,1520,11.4,0,0,0,0,748,5.6,772,5.8,690,5.2,82,0.6,0.7,0.8,NP,NP,NP,NP,NP,NP,NP,NP,NP,NP,NP,NP,NP,NP,NP,NP,NP,NP,NP,NP,NP,0.00%,0.00%,121.16,0.91,NP,NP,NP,NP,NP,NP,NE,0.91,NP,0,0.00%,0.00%,0.00%,0,0.00%,0,0.00%,0,0.00%,57,42.90%,36,27.10%,0.00%,0.00%,0.00%,0.00%,NE,NE,100.00%,100.00%,100.00%,91.70%,NP,NP,NP,NP,NP,NP,NP,NP,NP,NP,NP,NP,NP,NP,NP,0,0,0,0,NE,NE,57,57,36,33,0,0.00%,0,0.00%,0,0.00%,NE,NE,57,100.00%,36,100.00%,NP,NP,NP,NP,NP,NP,NP,NP,NP,NP,NP,NP,NP,NP,NP,NP,NP,NP,NP,NP,NP,NP,NP,NP,NP,NP,NP,NP,NP,NP,NP,NP,NP,NP,NP,NP,NP,NP,NP,NP,NP,NP,NP,NP,NP,NP,NP,NP,NP,NP,NP,NP,NP,NP,NP,NP,NP,NP,NP,NP,NP,NP,NP,NP,NP,NP,NP,NP,NP,NP,NP,NP,NP,NP,NP,NP,NP,NP,NP,NP,NP,NP,NP,NP,NP,NP,NP,NP,NP,NP,NP,NP,NP,NP,NP,NP,NP,NP,NE,NE,NE,NE,NE,NE,NE,NP,NP,NP,NP,NP,NP,NP,NP,11.4,0,0,5.6,5.8,5.2,0.6,NP,NP,NP,NP,NP,NP,NP,NP,NP,NP,NP,NP,NP,NP,NP,NP,NP,NP,NP,NP,NP,NP,NP,NP,NP,NP,NP,NP,NP,NP,NP,NP,NP,NP,NP,NP,NP,NP,NP,NP,NP,NP,NP,NP,NP,NP,NP,NP,NP,NP,NP,NP,NP,NP,NP,NP,NP,NP,NP,NP,NP,NP,NP,NP,NP,NP,NP,NP,NP,NP,NP,NP,NP,NP,NP,NP,NP,NP,NP,NP,NP,NP,NP,NP,NP,NP,0.00%,0.00%,0.00%,NE,NE,NE,NP,NP,NP,NP,NP,NP,0.00%,91.70%,NP,NP,NP,NP,NP,NP,NP,NP,0.00%,NE,NP,NP,NP,NP,NP,NP,NP,NP,NP,NP,0.00%,NE,NP,NP,2.30%,0.00%,1.5,NP,NP,NP,NP,NP,1.4,NP,NP,NP,NP,NP,204,0,0%
1,919,6028,117612,St Christopher School,,Barrington Road,,,Letchworth Garden City,SG6 3JZ,01462650850,E14001393,North East Hertfordshire,0,0,IND,None,,NA,MIXED,0,2-18,546,312,234,80,44,55.00%,36,45.00%,NP,NP,NP,NP,NP,NP,NP,NP,NP,NP,NP,NP,NP,NP,NP,NP,NP,NP,NP,NA,NA,NA,NA,NA,NA,4822,60.3,1000,12.5,924,11.6,1469.5,18.4,1428.5,17.9,1428.5,17.9,0,0,2.8,2.9,NP,NP,NP,NP,NP,NP,NP,NP,NP,NP,NP,NP,NP,NP,NP,NP,NP,NP,NP,NP,NP,86.30%,72.50%,434.83,5.44,NP,NP,NP,NP,NP,NP,4.86,5.91,NP,33,41.30%,38.80%,36.30%,77,96.30%,79,98.80%,77,96.30%,65,81.30%,37,46.30%,93.80%,86.30%,88.80%,77.50%,89.60%,77.90%,93.80%,84.60%,94.60%,89.20%,NP,NP,NP,NP,NP,NP,NP,NP,NP,NP,NP,NP,NP,NP,NP,75,69,71,62,69,60,61,55,35,33,33,41.30%,77,96.30%,79,98.80%,77,100.00%,65,100.00%,37,100.00%,NP,NP,NP,NP,NP,NP,NP,NP,NP,NP,NP,NP,NP,NP,NP,NP,NP,NP,NP,NP,NP,NP,NP,NP,NP,NP,NP,NP,NP,NP,NP,NP,NP,NP,NP,NP,NP,NP,NP,NP,NP,NP,NP,NP,NP,NP,NP,NP,NP,NP,NP,NP,NP,NP,NP,NP,NP,NP,NP,NP,NP,NP,NP,NP,NP,NP,NP,NP,NP,NP,NP,NP,NP,NP,NP,NP,NP,NP,NP,NP,NP,NP,NP,NP,NP,NP,NP,NP,NP,NP,NP,NP,NP,NP,NP,NP,NP,NP,55.4,12.4,9.9,16.1,17,17,0,NP,NP,NP,NP,NP,NP,NP,NP,64.2,12.6,12.9,20.2,18.5,18.5,0,NP,NP,NP,NP,NP,NP,NP,NP,NP,NP,NP,NP,NP,NP,NP,NP,NP,NP,NP,NP,NP,NP,NP,NP,NP,NP,NP,NP,NP,NP,NP,NP,NP,NP,NP,NP,NP,NP,NP,NP,NP,NP,NP,NP,NP,NP,NP,NP,NP,NP,NP,NP,NP,NP,NP,NP,NP,NP,NP,NP,NP,NP,NP,NP,NP,NP,NP,NP,NP,NP,NP,NP,NP,NP,NP,NP,NP,NP,NP,NP,NP,NP,NP,NP,NP,NP,45.50%,40.90%,38.60%,36.10%,36.10%,33.30%,NP,NP,NP,NP,NP,NP,83.80%,100.00%,NP,NP,NP,NP,NP,NP,NP,NP,93.20%,77.80%,NP,NP,NP,NP,NP,NP,NP,NP,NP,NP,79.50%,63.90%,NP,NP,5.00%,26.30%,7.9,NP,NP,NP,NP,NP,7.9,NP,NP,NP,NP,NP,644,0,0%
1,919,5421,136901,St Clement Danes School,,Chenies Road,Chorleywood,,Rickmansworth,WD3 6EW,01923284169,E14001496,South West Hertfordshire,0,0,ACC,None,NSE,OTHER NON SEL,MIXED,0,11-18,1596,806,790,240,122,50.80%,118,49.20%,109,16,7.30%,92,42.20%,110,50.50%,13,5.40%,227,94.60%,23,9.60%,217,90.40%,0,0.00%,238,99.20%,1,0.40%,34,14.20%,33,13.80%,15320,63.8,3060,12.8,3052,12.7,4709,19.6,4499,18.7,4465,18.6,34,0.1,3,3,218,0,91%,0.74,0.55,0.93,0.74,0.55,0.93,0.48,0.27,0.7,0.68,0.49,0.88,0.93,0.71,1.15,0.76,0.55,0.97,92.50%,82.10%,1429.66,5.96,4.22,6.06,3.29,5.2,6.99,6.63,6.04,5.87,5.96,153,63.80%,56.30%,47.50%,240,100.00%,240,100.00%,240,100.00%,224,93.30%,157,65.40%,95.40%,87.90%,95.00%,85.80%,94.60%,82.10%,90.60%,84.40%,91.10%,79.00%,218,91%,203,91%,144,92%,0.91,0.72,1.11,0.84,0.6,1.09,0.3,-0.02,0.62,229,211,228,206,227,197,203,189,143,124,149,62.10%,240,100.00%,240,100.00%,240,100.00%,224,100.00%,153,97.50%,49,13,0,0.34,-0.43,1.1,0.34,-0.45,1.12,64.7,205,0,0.77,0.57,0.96,0.77,0.57,0.96,10.8,0.46,-0.41,1.34,9.8,0.41,-0.4,1.22,13.9,0.23,-0.66,1.12,14.4,0.3,-0.58,1.18,12.9,0.49,0.27,0.71,12.9,0.7,0.5,0.9,19.9,0.97,0.75,1.2,19,0.79,0.57,1.01,13.8,0.7,18.9,0.1,-1,0.18,39.4,16,0,0.88,0.19,1.58,0.88,0.18,1.59,57.7,92,0,0.99,0.7,1.28,0.99,0.69,1.28,72.6,110,0,0.51,0.25,0.78,0.51,0.24,0.78,65.8,12.3,13.7,21.5,18.2,17.8,0.4,22,0,0.48,-0.11,1.07,0.48,-0.13,1.08,65,13.4,12.1,19.6,19.8,19.7,0.1,107,0,0.83,0.56,1.1,0.83,0.56,1.1,62.8,12.1,13.3,19.7,17.7,17.5,0.2,111,0,0.65,0.39,0.92,0.65,0.39,0.92,63.8,12.7,12.7,19.6,18.8,18.6,0.1,218,0,0.74,0.55,0.93,0.74,0.55,0.93,1,6.30%,0.00%,0.00%,49,53.30%,43.50%,26.10%,91,82.70%,77.30%,73.60%,15.40%,66.50%,15.40%,15.40%,58.60%,49.30%,1.03,1.03,0.8,0.48,0.94,0.61,1.31,0.51,-0.29,0.91,SUPP,0.5,0.14,SUPP,0.28,1.27,-0.31,1.14,0.74,1.74,0.32,1.33,0.73,1.07,0.53,0.72,-1.29,1.17,0.66,1.57,-0.36,1.69,0.92,0.85,0.17,SUPP,SUPP,0.61,-0.04,SUPP,SUPP,1.04,-0.05,0.54,-0.26,58.20%,51.60%,42.60%,69.50%,61.00%,52.50%,63.90%,56.30%,47.50%,91.30%,73.90%,65.20%,90.00%,100.00%,69.20%,93.80%,9,56.30%,84,91.30%,109,99.10%,91.00%,94.10%,91.30%,92.40%,38.50%,84.60%,2,12.50%,69,75.00%,106,96.40%,82.00%,82.20%,78.30%,81.90%,0.40%,25.80%,8.2,7.7,8.1,8.4,7.8,8.3,8.2,7.7,8.1,8.4,7.7,8.2,1976,0,0%,Well above average
1,919,6136,117638,St Columba's College,,King Harry Lane,,,St Albans,AL3 4AW,01727855185,E14001507,St Albans,0,0,IND,Roman Catholic,,NA,MIXED,0,4-18,818,722,96,98,98,100.00%,0,0.00%,NP,NP,NP,NP,NP,NP,NP,NP,NP,NP,NP,NP,NP,NP,NP,NP,NP,NP,NP,NA,NA,NA,NA,NA,NA,3354.5,34.2,0,0,0,0,1727,17.6,1627.5,16.6,1619,16.5,8.5,0.1,2.6,2.6,NP,NP,NP,NP,NP,NP,NP,NP,NP,NP,NP,NP,NP,NP,NP,NP,NP,NP,NP,NP,NP,0.00%,0.00%,268.51,2.74,NP,NP,NP,NP,NP,NP,NE,2.74,NP,0,0.00%,0.00%,0.00%,0,0.00%,0,0.00%,97,99.00%,0,0.00%,51,52.00%,0.00%,0.00%,0.00%,0.00%,97.90%,82.50%,NE,NE,84.30%,72.50%,NP,NP,NP,NP,NP,NP,NP,NP,NP,NP,NP,NP,NP,NP,NP,0,0,0,0,95,80,NE,NE,43,37,0,0.00%,0,0.00%,0,0.00%,97,100.00%,NE,NE,47,92.20%,NP,NP,NP,NP,NP,NP,NP,NP,NP,NP,NP,NP,NP,NP,NP,NP,NP,NP,NP,NP,NP,NP,NP,NP,NP,NP,NP,NP,NP,NP,NP,NP,NP,NP,NP,NP,NP,NP,NP,NP,NP,NP,NP,NP,NP,NP,NP,NP,NP,NP,NP,NP,NP,NP,NP,NP,NP,NP,NP,NP,NP,NP,NP,NP,NP,NP,NP,NP,NP,NP,NP,NP,NP,NP,NP,NP,NP,NP,NP,NP,NP,NP,NP,NP,NP,NP,NP,NP,NP,NP,NP,NP,NP,NP,NP,NP,NP,NP,NE,NE,NE,NE,NE,NE,NE,NP,NP,NP,NP,NP,NP,NP,NP,34.2,0,0,17.6,16.6,16.5,0.1,NP,NP,NP,NP,NP,NP,NP,NP,NP,NP,NP,NP,NP,NP,NP,NP,NP,NP,NP,NP,NP,NP,NP,NP,NP,NP,NP,NP,NP,NP,NP,NP,NP,NP,NP,NP,NP,NP,NP,NP,NP,NP,NP,NP,NP,NP,NP,NP,NP,NP,NP,NP,NP,NP,NP,NP,NP,NP,NP,NP,NP,NP,NP,NP,NP,NP,NP,NP,NP,NP,NP,NP,NP,NP,NP,NP,NP,NP,NP,NP,NP,NP,NP,NP,NP,NP,0.00%,0.00%,0.00%,NE,NE,NE,NP,NP,NP,NP,NP,NP,0.00%,100.00%,NP,NP,NP,NP,NP,NP,NP,NP,0.00%,NE,NP,NP,NP,NP,NP,NP,NP,NP,NP,NP,0.00%,NE,NP,NP,5.10%,18.40%,4.5,NP,NP,NP,NP,NP,4.5,NP,NP,NP,NP,NP,444,0,0%
1,919,6115,117633,St Edmund's College,,Old Hall Green,,,Ware,SG11 1DS,01920821504,E14001393,North East Hertfordshire,0,0,IND,Roman Catholic,,NA,MIXED,0,3-19,863,507,356,120,64,53.30%,56,46.70%,NP,NP,NP,NP,NP,NP,NP,NP,NP,NP,NP,NP,NP,NP,NP,NP,NP,NP,NP,NA,NA,NA,NA,NA,NA,3958.5,33,0,0,0,0,2005,16.7,1953.5,16.3,1945,16.2,8.5,0.1,2.6,2.7,NP,NP,NP,NP,NP,NP,NP,NP,NP,NP,NP,NP,NP,NP,NP,NP,NP,NP,NP,NP,NP,0.00%,0.00%,311.32,2.59,NP,NP,NP,NP,NP,NP,2.41,2.75,NP,0,0.00%,0.00%,0.00%,0,0.00%,0,0.00%,117,97.50%,53,44.20%,8,6.70%,0.00%,0.00%,0.00%,0.00%,96.60%,83.80%,96.20%,81.10%,100.00%,100.00%,NP,NP,NP,NP,NP,NP,NP,NP,NP,NP,NP,NP,NP,NP,NP,0,0,0,0,113,98,51,43,8,8,0,0.00%,0,0.00%,0,0.00%,117,100.00%,53,100.00%,8,100.00%,NP,NP,NP,NP,NP,NP,NP,NP,NP,NP,NP,NP,NP,NP,NP,NP,NP,NP,NP,NP,NP,NP,NP,NP,NP,NP,NP,NP,NP,NP,NP,NP,NP,NP,NP,NP,NP,NP,NP,NP,NP,NP,NP,NP,NP,NP,NP,NP,NP,NP,NP,NP,NP,NP,NP,NP,NP,NP,NP,NP,NP,NP,NP,NP,NP,NP,NP,NP,NP,NP,NP,NP,NP,NP,NP,NP,NP,NP,NP,NP,NP,NP,NP,NP,NP,NP,NP,NP,NP,NP,NP,NP,NP,NP,NP,NP,NP,NP,33,0,0,16.9,18,18,0,NP,NP,NP,NP,NP,NP,NP,NP,33,0,0,17.4,15.6,15.5,0.1,NP,NP,NP,NP,NP,NP,NP,NP,NP,NP,NP,NP,NP,NP,NP,NP,NP,NP,NP,NP,NP,NP,NP,NP,NP,NP,NP,NP,NP,NP,NP,NP,NP,NP,NP,NP,NP,NP,NP,NP,NP,NP,NP,NP,NP,NP,NP,NP,NP,NP,NP,NP,NP,NP,NP,NP,NP,NP,NP,NP,NP,NP,NP,NP,NP,NP,NP,NP,NP,NP,NP,NP,NP,NP,NP,NP,NP,NP,NP,NP,NP,NP,NP,NP,NP,NP,0.00%,0.00%,0.00%,0.00%,0.00%,0.00%,NP,NP,NP,NP,NP,NP,0.00%,97.50%,NP,NP,NP,NP,NP,NP,NP,NP,0.00%,0.00%,NP,NP,NP,NP,NP,NP,NP,NP,NP,NP,0.00%,0.00%,NP,NP,0.00%,30.80%,4.9,NP,NP,NP,NP,NP,4.9,NP,NP,NP,NP,NP,584,0,0%
2,919,7006,117665,St Elizabeth's School,,South End,,,Much Hadham,SG10 6EW,01279844270,E14001283,Hertford and Stortford,0,0,NMSS,Does not apply,,NA,MIXED,0,5-19,44,34,10,13,10,76.90%,3,23.10%,NP,NP,NP,NP,NP,NP,NP,NP,NP,NP,NP,NP,NP,NP,NP,NP,NP,NP,NP,,,,,,,NE,NE,NE,NE,NE,NE,NE,NE,NE,NE,NE,NE,NE,NE,NE,NE,NE,NE,NE,NE,NE,NE,NE,NE,NE,NE,NE,NE,NE,NE,NE,NE,NE,NE,NE,NE,NE,NE,NE,NE,NE,NP,NP,NP,NP,NP,NP,SUPP,SUPP,NP,NE,NE,NE,NE,NE,NE,NE,NE,NE,NE,NE,NE,NE,NE,NE,NE,NE,NE,NE,NE,NE,NE,NE,NE,NE,NE,NE,NE,NE,NE,NE,NE,NE,NE,NE,NE,NE,NE,NE,NE,NE,NE,NE,NE,NE,NE,NE,NE,NE,NE,NE,NE,NE,NE,NE,NE,NE,NE,NE,NE,NE,NP,NP,SUPP,NP,NP,NP,NP,NP,NP,NP,NP,NP,NP,NP,NP,NP,NP,NP,NP,NP,NP,NP,NP,NP,NP,NP,NP,NP,NP,NP,NP,NP,NP,NP,NP,NP,NP,NP,NP,NP,NP,NP,NP,NP,NP,NP,NP,NP,NP,NP,NP,NP,NP,NP,NP,NP,NP,NP,NP,NP,NP,NP,NP,NP,NP,NP,NP,NP,NP,NP,NP,NP,NP,NP,NP,NP,NP,NP,NP,NP,NP,NP,NP,NP,NP,NP,NP,NP,NP,NP,NP,NP,NP,NP,NP,NP,NP,NP,SUPP,SUPP,SUPP,SUPP,SUPP,SUPP,SUPP,SUPP,SUPP,SUPP,SUPP,SUPP,SUPP,SUPP,SUPP,SUPP,SUPP,SUPP,SUPP,SUPP,SUPP,SUPP,SUPP,SUPP,SUPP,SUPP,SUPP,SUPP,SUPP,SUPP,NP,NP,NP,NP,NP,NP,NP,NP,NP,NP,NP,NP,NP,NP,NP,NP,NP,NP,NP,NP,NP,NP,NP,NP,NP,NP,NP,NP,NP,NP,NP,NP,NP,NP,NP,NP,NP,NP,NP,NP,NP,NP,NP,NP,NP,NP,NP,NP,NP,NP,NP,NP,NP,NP,NP,NP,NP,NP,NP,NP,NP,NP,NP,NP,NP,NP,NP,NP,NP,NP,NP,NP,NP,NP,NP,NP,NP,NP,SUPP,SUPP,SUPP,SUPP,SUPP,SUPP,NP,NP,NP,NP,NP,NP,NE,NE,NP,NP,NP,NP,NP,NP,NP,NP,SUPP,SUPP,NP,NP,NP,NP,NP,NP,NP,NP,NP,NP,SUPP,SUPP,NP,NP,NE,NE,NE,NP,NP,NP,NP,NP,NE,NP,NP,NP,NP,NP,NE,NE,NE
1,919,6029,117613,St Francis College,,Broadway,,,Letchworth Garden City,SG6 3PJ,01462670511,E14001393,North East Hertfordshire,0,0,IND,Christian,,NA,GIRLS,0,3-18,301,1,300,47,NA,0.00%,47,100.00%,NP,NP,NP,NP,NP,NP,NP,NP,NP,NP,NP,NP,NP,NP,NP,NP,NP,NP,NP,NA,NA,NA,NA,NA,NA,2507.5,53.4,235,5,576,12.3,919.5,19.6,777,16.5,768.5,16.4,8.5,0.2,2.8,2.5,NP,NP,NP,NP,NP,NP,NP,NP,NP,NP,NP,NP,NP,NP,NP,NP,NP,NP,NP,NP,NP,74.50%,61.70%,226.66,4.82,NP,NP,NP,NP,NP,NP,4.82,NE,NP,0,0.00%,0.00%,0.00%,0,0.00%,44,93.60%,43,91.50%,37,78.70%,36,76.60%,0.00%,0.00%,91.50%,76.60%,100.00%,79.10%,86.50%,75.70%,100.00%,97.20%,NP,NP,NP,NP,NP,NP,NP,NP,NP,NP,NP,NP,NP,NP,NP,0,0,43,36,43,34,32,28,36,35,0,0.00%,0,0.00%,44,93.60%,43,100.00%,37,100.00%,36,100.00%,NP,NP,NP,NP,NP,NP,NP,NP,NP,NP,NP,NP,NP,NP,NP,NP,NP,NP,NP,NP,NP,NP,NP,NP,NP,NP,NP,NP,NP,NP,NP,NP,NP,NP,NP,NP,NP,NP,NP,NP,NP,NP,NP,NP,NP,NP,NP,NP,NP,NP,NP,NP,NP,NP,NP,NP,NP,NP,NP,NP,NP,NP,NP,NP,NP,NP,NP,NP,NP,NP,NP,NP,NP,NP,NP,NP,NP,NP,NP,NP,NP,NP,NP,NP,NP,NP,NP,NP,NP,NP,NP,NP,NP,NP,NP,NP,NP,NP,53.4,5,12.3,19.6,16.5,16.4,0.2,NP,NP,NP,NP,NP,NP,NP,NP,NE,NE,NE,NE,NE,NE,NE,NP,NP,NP,NP,NP,NP,NP,NP,NP,NP,NP,NP,NP,NP,NP,NP,NP,NP,NP,NP,NP,NP,NP,NP,NP,NP,NP,NP,NP,NP,NP,NP,NP,NP,NP,NP,NP,NP,NP,NP,NP,NP,NP,NP,NP,NP,NP,NP,NP,NP,NP,NP,NP,NP,NP,NP,NP,NP,NP,NP,NP,NP,NP,NP,NP,NP,NP,NP,NP,NP,NP,NP,NP,NP,NP,NP,NP,NP,NP,NP,NP,NP,NP,NP,NP,NP,NE,NE,NE,0.00%,0.00%,0.00%,NP,NP,NP,NP,NP,NP,74.50%,100.00%,NP,NP,NP,NP,NP,NP,NP,NP,NE,74.50%,NP,NP,NP,NP,NP,NP,NP,NP,NP,NP,NE,61.70%,NP,NP,21.30%,44.70%,7.1,NP,NP,NP,NP,NP,7,NP,NP,NP,NP,NP,336,0,0%
1,919,4614,138356,St George's School,,Sun Lane,,,Harpenden,AL5 4TD,01582765477,E14001268,Harpenden and Berkhamsted,0,0,ACC,Christian,NSE,OTHER NON SEL,MIXED,0,11-18,1384,678,706,196,88,44.90%,108,55.10%,109.1,9,5.40%,76,45.80%,81,48.80%,12,6.10%,184,93.90%,50,25.50%,146,74.50%,0,0.00%,195,99.50%,4,2.00%,17,8.70%,13,6.60%,12584.5,64.2,2484,12.7,2468,12.6,3746,19.1,3886.5,19.8,3864,19.7,22.5,0.1,2.8,2.9,166,1,85%,0.65,0.43,0.86,0.65,0.43,0.87,0.35,0.1,0.6,0.52,0.3,0.75,0.58,0.33,0.83,1,0.75,1.24,92.90%,80.60%,1068.01,5.45,4.46,5.51,2.22,4.6,6.36,5.92,5.62,5.24,5.44,45,23.00%,21.40%,19.40%,183,93.40%,195,99.50%,194,99.00%,91,46.40%,105,53.60%,93.40%,88.80%,94.40%,83.20%,94.80%,83.00%,98.90%,97.80%,94.30%,86.70%,164,85%,80,88%,84,80%,0.77,0.54,0.99,1.41,1.02,1.8,1.22,0.8,1.64,183,174,185,163,184,161,90,89,99,91,45,23.00%,183,93.40%,195,99.50%,194,100.00%,91,100.00%,105,100.00%,52.3,11,0,0.43,-0.41,1.26,0.43,-0.43,1.28,65,155,1,0.67,0.44,0.89,0.66,0.44,0.89,11.3,0.48,-0.47,1.43,10.2,0.44,-0.44,1.31,15.1,0.27,-0.7,1.23,15.8,0.54,-0.41,1.5,12.8,0.34,0.09,0.59,12.8,0.53,0.29,0.76,19.4,0.6,0.34,0.86,20.1,1.03,0.78,1.29,15.8,0,20,0.1,2.3,0.27,31.2,9,0,0.18,-0.75,1.1,0.18,-0.76,1.12,56.1,76,0,0.74,0.43,1.06,0.74,0.42,1.07,73.2,81,1,0.61,0.3,0.92,0.61,0.29,0.92,67.8,13.3,13.5,20.8,20.3,20,0.3,36,0,0.91,0.45,1.37,0.91,0.44,1.38,66.5,13.5,12.5,19.5,21,20.8,0.1,89,0,0.81,0.52,1.1,0.81,0.51,1.11,61.4,11.7,12.7,18.7,18.4,18.3,0.1,77,1,0.46,0.15,0.78,0.46,0.14,0.78,64.2,12.7,12.6,19.1,19.8,19.7,0.1,165,1,0.64,0.43,0.86,0.64,0.42,0.86,0,0.00%,0.00%,0.00%,14,18.40%,14.50%,10.50%,23,28.40%,28.40%,27.20%,25.00%,22.80%,25.00%,16.70%,21.20%,19.60%,0.6,0.81,0.74,0.84,0.76,SUPP,1.9,1.03,0.89,1.46,SUPP,0.91,1.36,SUPP,1.24,1.74,-0.06,0.99,0.53,1.61,-0.41,1.14,0.48,1.06,0.42,2.31,-0.54,1.86,1.05,SUPP,SUPP,2.49,1.31,1.56,0.51,SUPP,SUPP,1.67,0.81,SUPP,SUPP,1.56,0.25,1.91,0.81,22.70%,19.30%,18.20%,23.10%,23.10%,20.40%,22.60%,21.00%,19.00%,32.00%,32.00%,32.00%,91.80%,100.00%,83.30%,93.50%,3,33.30%,70,92.10%,80,98.80%,90.90%,94.40%,94.00%,92.80%,66.70%,81.50%,1,11.10%,52,68.40%,79,97.50%,76.10%,84.30%,88.00%,80.50%,5.10%,22.40%,8.6,7.4,8.4,8.7,8.3,8.6,8.6,7.4,8.4,8.7,8.3,8.6,1690,0,0%,Well above average
1,919,5418,137914,Saint Joan of Arc Catholic School,,High Street,,,Rickmansworth,WD3 1HG,01923773881,E14001496,South West Hertfordshire,0,0,ACC,Roman Catholic,NSE,OTHER NON SEL,MIXED,0,11-18,1230,642,588,212,121,57.10%,91,42.90%,105.5,32,15.30%,135,64.60%,42,20.10%,16,7.50%,196,92.50%,16,7.50%,188,88.70%,8,3.80%,210,99.10%,4,1.90%,34,16.00%,30,14.20%,10993.8,51.9,2352,11.1,2094,9.9,3227.5,15.2,3320.3,15.7,2967.5,14,352.8,1.7,2.9,2.9,209,2,99%,0.34,0.15,0.53,0.34,0.14,0.53,0.34,0.12,0.56,0.12,-0.08,0.32,0.36,0.14,0.58,0.45,0.23,0.67,81.60%,62.30%,966.67,4.56,3.4,4.65,2.92,4.6,5.65,4.91,4.8,4.38,4.56,106,50.00%,32.10%,20.30%,203,95.80%,207,97.60%,204,96.20%,192,90.60%,119,56.10%,90.10%,76.90%,84.40%,64.60%,70.60%,49.50%,80.20%,65.10%,79.80%,67.20%,201,99%,190,99%,117,98%,-0.1,-0.3,0.1,0.59,0.33,0.84,0.58,0.22,0.93,191,163,179,137,144,101,154,125,95,80,106,50.00%,203,95.80%,207,97.60%,204,100.00%,192,100.00%,119,100.00%,37.6,16,2,-0.73,-1.43,-0.04,-0.81,-1.51,-0.1,53,193,0,0.43,0.23,0.63,0.43,0.23,0.63,8.5,-0.68,-1.47,0.11,7.1,-0.95,-1.68,-0.22,10.9,-0.8,-1.61,0,11.1,-0.8,-1.6,-0.01,11.3,0.43,0.2,0.65,10.1,0.21,0,0.42,15.6,0.46,0.23,0.69,16,0.55,0.32,0.78,10.7,0.4,14.3,1.8,-12.4,-0.89,35,32,0,0.53,0.04,1.02,0.53,0.03,1.03,51.6,135,2,0.41,0.17,0.65,0.4,0.16,0.64,64.7,42,0,-0.02,-0.45,0.41,-0.02,-0.45,0.42,54.2,11.3,9.9,17.7,15.3,14.4,0.9,15,0,0.48,-0.24,1.2,0.48,-0.25,1.21,54.7,11.9,9.8,15.6,17.4,15.5,1.9,91,0,0.54,0.25,0.83,0.54,0.24,0.84,49.7,10.5,9.9,15,14.4,12.9,1.5,118,2,0.19,-0.07,0.44,0.18,-0.08,0.44,51.9,11.1,9.9,15.2,15.7,14,1.7,208,2,0.34,0.15,0.53,0.34,0.14,0.53,6,18.80%,0.00%,0.00%,79,58.50%,36.30%,20.70%,20,47.60%,45.20%,35.70%,56.30%,49.50%,31.30%,25.00%,32.10%,19.90%,0.37,0,-0.7,-0.72,-0.06,1.13,0.64,0.07,0.37,0.6,0.75,0.65,0.23,-0.14,0.65,0.1,-1.55,0.15,-0.27,0.91,-0.17,0.24,-0.25,-0.26,-1.14,1.42,-0.68,0.86,0.34,1.83,0.43,0.95,0.33,0.63,-0.48,1.08,-1.35,1.02,0.27,1.91,-0.41,1.07,0.23,1.04,-0.57,41.30%,24.00%,14.00%,61.50%,42.90%,28.60%,50.00%,32.40%,20.50%,50.00%,37.50%,12.50%,77.80%,98.10%,62.50%,83.20%,14,43.80%,114,84.40%,42,100.00%,79.30%,84.60%,81.30%,81.40%,37.50%,64.30%,5,15.60%,86,63.70%,38,90.50%,62.00%,62.60%,56.30%,61.90%,9.90%,26.90%,8.9,7.8,9,9.5,6.9,9.1,8.5,7.4,8.6,9.1,6.9,8.6,1898,0,0%,Above average
1,919,5413,137895,The Saint John Henry Newman Catholic School,,Hitchin Road,,,Stevenage,SG1 4AE,01438314643,E14001516,Stevenage,0,0,ACC,Roman Catholic,NSE,OTHER NON SEL,MIXED,0,11-18,1603,836,767,241,121,50.20%,120,49.80%,105.7,40,17.20%,126,54.30%,66,28.40%,24,10.00%,217,90.00%,69,28.60%,172,71.40%,0,0.00%,237,98.30%,13,5.40%,37,15.40%,24,10.00%,13686,56.8,2809,11.7,2632,10.9,4109,17,4136,17.2,3996,16.6,140,0.6,2.9,2.9,232,1,96%,0.72,0.54,0.9,0.72,0.53,0.9,0.58,0.37,0.78,0.52,0.33,0.71,0.82,0.61,1.03,0.84,0.63,1.05,83.80%,64.30%,1214.86,5.04,3.74,5.19,2.79,4.95,6.47,5.45,5.18,4.9,5.05,100,41.50%,33.20%,28.60%,232,96.30%,236,97.90%,233,96.70%,217,90.00%,106,44.00%,91.70%,82.20%,86.70%,66.40%,87.10%,71.20%,77.90%,65.90%,95.30%,86.80%,224,96%,209,96%,98,92%,0.78,0.59,0.97,0.6,0.36,0.84,1.36,0.97,1.75,221,198,209,160,203,166,169,143,101,92,100,41.50%,232,96.30%,236,97.90%,231,99.10%,217,100.00%,106,100.00%,44.1,23,1,0.01,-0.57,0.59,-0.01,-0.6,0.58,58.2,209,0,0.8,0.61,0.99,0.8,0.6,0.99,9.6,0.07,-0.59,0.73,7.9,-0.44,-1.05,0.16,12.7,-0.07,-0.74,0.6,13.9,0.28,-0.38,0.94,11.9,0.63,0.41,0.85,11.3,0.63,0.43,0.83,17.5,0.92,0.7,1.14,17.5,0.9,0.69,1.12,12.4,1.5,17,0.5,-5.9,-0.15,35.2,40,0,0.7,0.26,1.14,0.7,0.25,1.14,56.4,126,0,0.87,0.62,1.12,0.87,0.62,1.12,69.9,66,1,0.45,0.11,0.8,0.45,0.1,0.79,59.4,11.7,11.5,18.8,17.5,17,0.5,60,1,0.83,0.47,1.19,0.82,0.45,1.18,58.4,12.3,10.7,17,18.4,17.4,1,115,1,0.78,0.53,1.04,0.78,0.52,1.04,55.2,11,11.2,17.1,16,15.8,0.2,117,0,0.66,0.4,0.92,0.66,0.4,0.92,56.9,11.7,11,17.1,17.2,16.6,0.6,230,1,0.72,0.54,0.91,0.72,0.53,0.91,6,15.00%,5.00%,2.50%,46,36.50%,28.60%,24.60%,41,62.10%,57.60%,50.00%,25.00%,43.30%,20.80%,12.50%,34.60%,30.40%,0.77,0.96,0.46,0.13,0.85,0.68,0.73,0.3,0.05,0.65,1.38,1.66,1.05,1.76,1.33,0.78,-0.53,1.04,0.65,1.26,0.28,1.22,0.7,0.81,0.11,0.89,-0.79,0.9,0.4,1.33,0.04,1.04,0.41,0.75,-0.15,3.22,0.31,1.73,0.93,2.94,-0.19,2.22,1.1,1.62,0.48,35.50%,28.10%,23.10%,47.50%,38.30%,34.20%,41.80%,33.30%,28.70%,56.50%,37.70%,33.30%,80.50%,98.30%,58.30%,86.60%,16,40.00%,113,89.70%,65,98.50%,84.30%,83.30%,89.90%,84.40%,29.20%,68.20%,4,10.00%,85,67.50%,60,90.90%,66.90%,61.70%,71.00%,65.00%,2.10%,37.30%,8.6,6.9,8.6,9.7,7.5,8.7,8.5,6.7,8.4,9.6,7.1,8.6,2076,0,0%,Well above average
2,919,7012,117671,St Luke's School,,Crouch Hall Lane,Redbourn,,St Albans,AL3 7ET,01582626727,E14001268,Harpenden and Berkhamsted,0,0,FDS,Does not apply,NA,NA,MIXED,0,7-16,172,113,59,36,20,55.60%,16,44.40%,74.3,33,100.00%,0,0.00%,0,0.00%,17,47.20%,19,52.80%,0,0.00%,36,100.00%,0,0.00%,35,97.20%,,,,,,,NE,NE,NE,NE,NE,NE,NE,NE,NE,NE,NE,NE,NE,NE,NE,NE,NE,NE,NE,NE,NE,NE,NE,NE,NE,NE,NE,NE,NE,NE,NE,NE,NE,NE,NE,NE,NE,NE,NE,NE,NE,NE,NE,NE,NE,NE,NE,NE,NE,NE,NE,NE,NE,NE,NE,NE,NE,NE,NE,NE,NE,NE,NE,NE,NE,NE,NE,NE,NE,NE,NE,NE,NE,NE,NE,NE,NE,NE,NE,NE,NE,NE,NE,NE,NE,NE,NE,NE,NE,NE,NE,NE,NE,NE,NE,NE,NE,NE,NE,NE,NE,NE,NE,NE,NE,NE,NE,NE,NE,NE,NE,NE,NE,NE,NE,NE,NE,NE,NE,NE,NE,NE,NE,NE,NE,NE,NE,NE,NE,NE,NE,NE,NE,NE,NE,NE,NE,NE,NE,NE,NE,NE,NE,NE,NE,NE,NE,NE,NE,NE,NE,NE,NE,NE,NE,NE,NE,NE,NE,NE,NE,NE,NE,NE,NE,NE,NE,NE,NE,NE,NE,NE,NE,NE,NE,NE,NE,NE,NE,NE,NE,NE,NE,NE,NE,NE,NE,NE,NE,NE,NE,NE,NE,NE,NE,NE,NE,NE,NE,NE,NE,NE,NE,NE,NE,NE,NE,NE,NE,NE,NE,NE,NE,NE,NE,NE,NE,NE,NE,NE,NE,NE,NE,NE,NE,NE,NE,NE,NE,NE,NE,NE,NE,NE,NE,NE,NE,NE,NE,NE,NE,NE,NE,NE,NE,NE,NE,NE,NE,NE,NE,NE,NE,NE,NE,NE,NE,NE,NE,NE,NE,NE,NE,NE,NE,NE,NE,NE,NE,NE,NE,NE,NE,NE,NE,NE,NE,NE,NE,NE,NE,NE,NE,NE,NE,NE,NE,NE,NE,NE,NE,NE,NE,NE,NE,NE,NE,NE,NE,NE,NE,NE,NE,NE,NE,NE,NE,NE,NE,NE,NE,NE,NE,NE,NE,NE,NE,NE,NE,NE,NE,NE,NE,NE,NE,NE,NE,NE,NE,NE,NE,NE,NE,NE,NE,NE,NE,NE,NE,NE,NE,NE,NE,NE,NE,NE,NE,NE,NE,NE,NE,NE,NE,NE,NE,NE,NE,NE,NE,NE,NE,NE,NE,NE,NE,NE,NE,NE,NE,NE,NE,NE
1,919,6012,117606,St Margaret's School,,Merry Hill Road,,,Bushey,WD23 1DT,02084164400,E14001284,Hertsmere,0,0,IND,None,,NA,MIXED,0,2-18,743,239,504,67,8,11.90%,59,88.10%,NP,NP,NP,NP,NP,NP,NP,NP,NP,NP,NP,NP,NP,NP,NP,NP,NP,NP,NP,NA,NA,NA,NA,NA,NA,3723.5,55.6,649,9.7,798,11.9,1199,17.9,1077.5,16.1,1069,16,8.5,0.1,2.8,2.6,NP,NP,NP,NP,NP,NP,NP,NP,NP,NP,NP,NP,NP,NP,NP,NP,NP,NP,NP,NP,NP,74.60%,62.70%,332.34,4.96,NP,NP,NP,NP,NP,NP,5.12,3.79,NP,21,31.30%,29.90%,25.40%,43,64.20%,66,98.50%,66,98.50%,51,76.10%,29,43.30%,62.70%,61.20%,92.50%,79.10%,90.90%,81.80%,86.30%,76.50%,93.10%,79.30%,NP,NP,NP,NP,NP,NP,NP,NP,NP,NP,NP,NP,NP,NP,NP,42,41,62,53,60,54,44,39,27,23,21,31.30%,43,64.20%,66,98.50%,62,93.90%,51,100.00%,29,100.00%,NP,NP,NP,NP,NP,NP,NP,NP,NP,NP,NP,NP,NP,NP,NP,NP,NP,NP,NP,NP,NP,NP,NP,NP,NP,NP,NP,NP,NP,NP,NP,NP,NP,NP,NP,NP,NP,NP,NP,NP,NP,NP,NP,NP,NP,NP,NP,NP,NP,NP,NP,NP,NP,NP,NP,NP,NP,NP,NP,NP,NP,NP,NP,NP,NP,NP,NP,NP,NP,NP,NP,NP,NP,NP,NP,NP,NP,NP,NP,NP,NP,NP,NP,NP,NP,NP,NP,NP,NP,NP,NP,NP,NP,NP,NP,NP,NP,NP,56.8,10.2,12.1,18.7,16.8,16.7,0.1,NP,NP,NP,NP,NP,NP,NP,NP,46.3,7,12,14.4,12.9,12.9,0,NP,NP,NP,NP,NP,NP,NP,NP,NP,NP,NP,NP,NP,NP,NP,NP,NP,NP,NP,NP,NP,NP,NP,NP,NP,NP,NP,NP,NP,NP,NP,NP,NP,NP,NP,NP,NP,NP,NP,NP,NP,NP,NP,NP,NP,NP,NP,NP,NP,NP,NP,NP,NP,NP,NP,NP,NP,NP,NP,NP,NP,NP,NP,NP,NP,NP,NP,NP,NP,NP,NP,NP,NP,NP,NP,NP,NP,NP,NP,NP,NP,NP,NP,NP,NP,NP,25.00%,12.50%,12.50%,32.20%,32.20%,27.10%,NP,NP,NP,NP,NP,NP,71.60%,98.50%,NP,NP,NP,NP,NP,NP,NP,NP,50.00%,78.00%,NP,NP,NP,NP,NP,NP,NP,NP,NP,NP,50.00%,64.40%,NP,NP,6.00%,43.30%,7.2,NP,NP,NP,NP,NP,7,NP,NP,NP,NP,NP,489,0,0%
1,919,5422,148499,St Mary's Catholic School,,Windhill,,,Bishop's Stortford,CM23 2NQ,01279654901,E14001283,Hertford and Stortford,0,0,ACC,Roman Catholic,NSE,OTHER NON SEL,MIXED,0,11-18,1153,585,568,186,96,51.60%,90,48.40%,106.1,31,17.30%,87,48.60%,61,34.10%,12,6.50%,174,93.50%,41,22.00%,145,78.00%,0,0.00%,184,98.90%,3,1.60%,17,9.10%,14,7.50%,10159.5,54.6,2120,11.4,1962,10.5,2964.5,15.9,3113,16.7,3113,16.7,0,0,2.9,3,179,1,96%,0.43,0.22,0.63,0.43,0.22,0.64,0.38,0.15,0.62,0.22,0,0.43,0.38,0.14,0.62,0.64,0.4,0.88,81.20%,59.10%,923.26,4.96,4.17,5.02,3.25,4.49,6.44,5.7,5.05,4.88,4.97,124,66.70%,44.10%,29.00%,184,98.90%,186,100.00%,183,98.40%,178,95.70%,126,67.70%,90.90%,74.70%,83.90%,65.10%,74.30%,59.60%,71.90%,59.60%,72.20%,57.10%,177,97%,172,97%,121,96%,0.26,0.05,0.48,0.25,-0.02,0.51,-0.12,-0.47,0.23,169,139,156,121,136,109,128,106,91,72,123,66.10%,184,98.90%,186,100.00%,183,100.00%,176,98.90%,126,100.00%,47.3,10,0,0.45,-0.43,1.32,0.45,-0.45,1.34,55.1,169,1,0.43,0.21,0.64,0.43,0.21,0.64,9.8,0.4,-0.6,1.4,9.3,0.31,-0.61,1.23,13.8,0.61,-0.4,1.63,14.3,0.4,-0.6,1.41,11.5,0.38,0.14,0.63,10.6,0.21,-0.01,0.43,16.1,0.37,0.12,0.62,16.9,0.65,0.41,0.9,14.3,0,16.9,0,-2.7,0.29,39.1,31,0,0.98,0.48,1.47,0.98,0.47,1.48,50.6,87,1,0.31,0.01,0.6,0.3,0,0.61,67.9,61,0,0.32,-0.03,0.68,0.32,-0.04,0.68,59.6,11.8,11.7,18.5,17.6,17.6,0,36,0,0.86,0.4,1.32,0.86,0.39,1.33,55.9,11.8,10.2,16,17.9,17.9,0,86,0,0.67,0.37,0.97,0.67,0.36,0.97,53.4,11,10.9,15.9,15.6,15.6,0,93,1,0.21,-0.08,0.49,0.2,-0.09,0.5,54.7,11.5,10.5,16,16.8,16.8,0,179,1,0.43,0.22,0.63,0.43,0.22,0.64,11,35.50%,9.70%,0.00%,52,59.80%,34.50%,17.20%,56,91.80%,72.10%,59.00%,41.70%,68.40%,33.30%,16.70%,44.80%,29.90%,0.58,0.18,0.22,0.3,0.26,0.43,0.07,0.41,0.42,0.24,1.36,0.11,-0.66,0.09,-0.13,1.2,-0.61,0.48,0.04,1.1,0.06,0.49,-0.13,0.59,-0.14,1.58,-0.74,0.51,-0.03,1.09,-0.23,0.45,-0.31,0.85,-0.04,1.66,-1.48,0.23,-0.49,2.47,0.25,0.64,-0.41,-0.14,-1.17,61.50%,37.50%,20.80%,72.20%,51.10%,37.80%,66.80%,44.00%,28.80%,80.50%,61.00%,46.30%,75.30%,100.00%,58.30%,82.80%,16,51.60%,69,79.30%,60,98.40%,85.40%,76.70%,85.40%,81.50%,50.00%,59.80%,3,9.70%,48,55.20%,55,90.20%,58.30%,60.00%,68.30%,59.20%,1.60%,16.70%,8.3,7.8,8.1,8.8,7.9,8.3,8.3,7.8,8.1,8.8,7.8,8.3,1548,0,0%,Above average
1,919,5423,138360,St Mary's Church of England High School (VA),,Lieutenant Ellis Way,Cheshunt,,Waltham Cross,EN7 5FB,01992629124,E14001139,Broxbourne,0,0,ACC,Church of England,NSE,OTHER NON SEL,MIXED,0,11-19,1037,507,530,216,105,48.60%,111,51.40%,103.7,50,23.70%,127,60.20%,34,16.10%,68,31.50%,148,68.50%,59,27.30%,155,71.80%,2,0.90%,209,96.80%,5,2.30%,31,14.40%,26,12.00%,9562.3,44.3,2073,9.6,1864,8.6,2714.5,12.6,2910.8,13.5,1951,9,959.8,4.4,2.8,2.9,211,0,98%,-0.07,-0.26,0.12,-0.07,-0.27,0.12,-0.08,-0.3,0.14,-0.13,-0.33,0.07,-0.15,-0.38,0.07,0.05,-0.17,0.27,61.60%,38.40%,855.6,3.96,3.15,4.33,2.19,4.2,5.78,4.35,4.05,3.87,4.01,117,54.20%,31.50%,17.60%,211,97.70%,213,98.60%,210,97.20%,195,90.30%,119,55.10%,73.10%,58.80%,65.70%,43.50%,51.00%,36.20%,60.50%,46.70%,79.80%,62.20%,205,98%,192,98%,117,98%,-0.51,-0.71,-0.31,-0.02,-0.28,0.23,0.45,0.09,0.8,158,127,142,94,107,76,118,91,95,74,116,53.70%,210,97.20%,210,97.20%,206,98.10%,190,97.40%,119,100.00%,36.7,66,0,-0.53,-0.87,-0.19,-0.53,-0.87,-0.18,47.8,145,0,0.13,-0.1,0.36,0.13,-0.1,0.37,8.5,-0.35,-0.74,0.04,7,-0.63,-0.98,-0.27,9.7,-0.78,-1.18,-0.39,11.5,-0.33,-0.72,0.06,10.1,0.04,-0.22,0.3,9.4,0.1,-0.15,0.34,13.9,0.13,-0.14,0.4,14.4,0.22,-0.04,0.49,7.4,4.1,9.8,4.6,-13.3,-0.69,26.5,50,0,-0.05,-0.44,0.34,-0.05,-0.45,0.35,47.1,127,0,0.01,-0.24,0.25,0.01,-0.24,0.26,60.9,34,0,-0.41,-0.89,0.07,-0.41,-0.89,0.07,46.5,10.2,8.9,13.8,13.6,9.8,3.8,57,0,0.08,-0.29,0.45,0.08,-0.3,0.45,45.2,10,8.5,12.6,14.1,9.5,4.6,106,0,0.05,-0.22,0.32,0.05,-0.23,0.32,43.3,9.2,8.8,12.5,12.8,8.6,4.2,105,0,-0.19,-0.47,0.08,-0.19,-0.47,0.08,44.7,9.6,8.7,12.7,13.6,9.1,4.5,206,0,-0.05,-0.24,0.15,-0.05,-0.24,0.15,13,26.00%,8.00%,4.00%,71,55.90%,30.70%,13.40%,31,91.20%,70.60%,55.90%,42.60%,59.50%,17.60%,10.30%,37.80%,20.90%,-0.36,-0.46,-0.88,-0.99,-0.3,0.07,0.11,-0.59,-0.39,0.11,2.1,0.5,-0.37,-0.11,0.64,-0.63,-1.35,-0.06,-0.54,0.07,-0.79,-0.21,-0.72,-0.39,-1.37,0.09,-0.86,0.41,-0.18,0.63,-0.49,0.43,-0.21,0,-1.19,0.59,-0.81,1.05,0.22,3.16,1.03,0.95,0.05,0.32,-1.06,48.60%,27.60%,15.20%,59.50%,35.10%,19.80%,55.00%,32.10%,18.20%,71.20%,40.70%,20.30%,57.40%,98.10%,41.20%,70.90%,8,16.00%,93,73.20%,30,88.20%,61.00%,62.20%,67.80%,62.70%,22.10%,45.90%,2,4.00%,53,41.70%,27,79.40%,39.00%,37.80%,42.40%,39.20%,7.40%,21.30%,9,7.7,9.1,10.6,8.3,9.4,7.5,6.2,7.5,9.4,6.6,7.8,1968,0,0%,Average
1,919,5417,137922,Saint Michael's Catholic High School,,High Elms Lane,Garston,,Watford,WD25 0SS,01923673760,E14001496,South West Hertfordshire,0,0,ACC,Roman Catholic,NSE,OTHER NON SEL,MIXED,0,11-18,1106,573,533,174,96,55.20%,78,44.80%,105.9,28,16.60%,94,55.60%,47,27.80%,20,11.50%,154,88.50%,14,8.00%,160,92.00%,0,0.00%,166,95.40%,3,1.70%,30,17.20%,27,15.50%,8906.5,51.2,1857,10.7,1736,10,2650,15.2,2663.5,15.3,2512.5,14.4,151,0.9,2.9,2.9,169,2,97%,0.13,-0.09,0.34,0.11,-0.1,0.33,0.02,-0.22,0.27,0.01,-0.21,0.23,0.18,-0.07,0.43,0.18,-0.07,0.42,75.90%,50.60%,782.81,4.5,3.84,4.58,2.47,4.31,5.99,6.12,4.49,4.5,4.49,64,36.80%,27.00%,21.30%,167,96.00%,172,98.90%,168,96.60%,137,78.70%,88,50.60%,84.50%,70.70%,78.20%,56.90%,73.20%,50.00%,70.80%,55.50%,84.10%,75.00%,163,97%,133,97%,86,98%,0.04,-0.18,0.27,0.24,-0.06,0.54,0.96,0.55,1.38,147,123,136,99,123,84,97,76,74,66,64,36.80%,166,95.40%,171,98.30%,167,99.40%,136,99.30%,87,98.90%,43.6,19,0,-0.32,-0.96,0.32,-0.32,-0.97,0.33,52.2,150,2,0.18,-0.04,0.41,0.17,-0.06,0.4,9.4,-0.35,-1.08,0.38,8.7,-0.29,-0.96,0.38,12.9,-0.22,-0.95,0.52,12.7,-0.43,-1.15,0.3,10.8,0.07,-0.19,0.33,10.1,0.05,-0.19,0.29,15.5,0.23,-0.03,0.49,15.6,0.25,0,0.51,11.5,1.3,14.8,0.8,-6.4,-0.48,30.7,28,0,0.31,-0.21,0.84,0.31,-0.22,0.85,49.4,94,1,0.14,-0.14,0.43,0.14,-0.16,0.43,65.7,47,1,-0.02,-0.42,0.39,-0.05,-0.46,0.36,63,11.7,12.7,21,17.5,17,0.5,12,0,0.76,-0.04,1.57,0.76,-0.05,1.58,52.3,11.3,9.4,15.3,16.2,16,0.2,76,2,0.16,-0.15,0.48,0.13,-0.19,0.46,50.3,10.2,10.4,15.1,14.6,13.2,1.4,93,0,0.1,-0.19,0.39,0.1,-0.2,0.39,50.9,10.6,9.9,15.1,15.3,14.4,0.9,164,2,0.14,-0.07,0.36,0.13,-0.09,0.35,4,14.30%,0.00%,0.00%,35,37.20%,24.50%,17.00%,23,48.90%,46.80%,42.60%,35.00%,37.00%,25.00%,25.00%,27.30%,20.80%,0.21,0.06,-0.08,-0.31,0.09,0.23,0.36,-0.02,-0.21,0.3,SUPP,0.84,1.14,1.17,0.94,0.36,-0.99,0.32,-0.15,0.77,-0.35,0.36,-0.24,0.34,-0.5,0.69,-1.11,0.62,-0.03,0.94,-0.48,0.75,-0.04,0.58,-0.63,2.45,-0.11,1.38,0.5,SUPP,SUPP,1.4,0.28,1.8,0.48,37.50%,28.10%,22.90%,35.90%,25.60%,19.20%,37.30%,27.70%,21.70%,78.60%,64.30%,50.00%,71.80%,99.40%,60.00%,77.90%,9,32.10%,73,77.70%,45,95.70%,80.20%,70.50%,92.90%,75.90%,40.00%,51.90%,2,7.10%,42,44.70%,41,87.20%,46.90%,55.10%,78.60%,50.00%,4.60%,24.70%,8.1,7.4,8.1,8.4,7.8,8.1,7.8,7,7.8,8.3,7.3,7.9,1405,0,0%,Average
1,919,4003,138582,Samuel Ryder Academy,,Drakes Drive,,,St Albans,AL1 5AR,01727859382,E14001507,St Albans,0,0,AC,None,NSE,OTHER NON SEL,MIXED,0,4-19,1556,846,710,192,112,58.30%,80,41.70%,104.2,41,21.90%,101,54.00%,45,24.10%,35,18.20%,157,81.80%,31,16.10%,161,83.90%,0,0.00%,192,100.00%,4,2.10%,35,18.20%,31,16.10%,9669.5,50.4,2047,10.7,1878,9.8,2822.5,14.7,2922,15.2,2874.5,15,47.5,0.2,2.9,3,187,1,97%,0.35,0.15,0.55,0.35,0.14,0.56,0.32,0.09,0.55,0.23,0.02,0.45,0.33,0.1,0.56,0.46,0.23,0.7,72.90%,54.20%,829.83,4.32,3.76,4.45,2.42,4.33,5.91,4.31,4.6,4.13,4.32,56,29.20%,21.90%,15.60%,189,98.40%,190,99.00%,188,97.90%,161,83.90%,71,37.00%,84.90%,68.20%,76.60%,62.00%,72.90%,46.80%,68.90%,57.80%,81.70%,71.80%,183,97%,156,97%,67,94%,0.21,-0.01,0.42,0.31,0.03,0.59,0.62,0.15,1.09,163,131,147,119,137,88,111,93,58,51,53,27.60%,188,97.90%,189,98.40%,188,100.00%,161,100.00%,66,93.00%,43.2,33,1,-0.09,-0.58,0.39,-0.1,-0.59,0.39,52,154,0,0.44,0.22,0.67,0.44,0.22,0.67,9.8,0.25,-0.3,0.8,8.1,-0.38,-0.88,0.13,12.4,-0.21,-0.77,0.34,12.9,-0.03,-0.59,0.52,10.9,0.33,0.08,0.59,10.2,0.36,0.13,0.6,15.2,0.45,0.19,0.71,15.7,0.57,0.32,0.83,12.5,0.5,15.5,0.2,-6.8,-0.25,30.3,41,0,0.42,-0.01,0.86,0.42,-0.02,0.87,51.7,101,0,0.51,0.23,0.78,0.51,0.22,0.79,64.9,45,1,-0.07,-0.48,0.35,-0.07,-0.49,0.35,48.8,10.4,9.5,14.7,14.2,14.1,0.1,27,0,0.51,-0.02,1.05,0.51,-0.03,1.06,52.7,11.3,9.9,15.3,16.2,15.9,0.3,78,0,0.36,0.05,0.68,0.36,0.04,0.68,48.7,10.2,9.7,14.3,14.5,14.3,0.2,109,1,0.34,0.07,0.61,0.34,0.07,0.61,50.4,10.7,9.8,14.7,15.2,15,0.2,187,1,0.35,0.15,0.55,0.35,0.14,0.56,3,7.30%,2.40%,2.40%,27,26.70%,17.80%,8.90%,22,48.90%,46.70%,42.20%,34.30%,28.00%,28.60%,17.10%,20.40%,15.30%,0.3,0.21,0.1,-0.23,0.29,0.18,0.65,-0.22,0.44,0.29,SUPP,0.63,0.49,1.13,0.51,0.3,-0.76,0.52,0.06,0.76,-0.15,0.5,-0.07,0.53,-0.33,1.14,-0.26,0.59,-0.02,0.78,-0.42,1.04,0.26,0.32,-0.76,2.24,0.02,1.03,-0.01,SUPP,SUPP,1.25,0.02,1.3,-0.31,23.20%,14.30%,8.00%,37.50%,32.50%,26.30%,29.20%,21.90%,15.60%,35.50%,19.40%,16.10%,72.40%,99.50%,62.90%,75.20%,10,24.40%,84,83.20%,42,93.30%,68.80%,78.80%,61.30%,72.90%,45.70%,56.10%,3,7.30%,59,58.40%,40,88.90%,49.10%,61.30%,45.20%,54.20%,3.60%,22.40%,8.4,7.6,8.4,9.1,7.7,8.5,8.3,7.3,8.3,9,7.5,8.4,1615,0,0%,Above average
1,919,4197,136609,Sandringham School,,The Ridgeway,,,St Albans,AL4 9NX,01727799560,E14001507,St Albans,0,0,ACC,Does not apply,NSE,OTHER NON SEL,MIXED,0,11-18,1767,973,794,240,133,55.40%,107,44.60%,108,22,9.80%,104,46.20%,99,44.00%,26,10.80%,214,89.20%,22,9.20%,214,89.20%,4,1.70%,237,98.80%,3,1.30%,48,20.00%,45,18.80%,15514,64.6,3155,13.1,3116,13,4717.5,19.7,4525.5,18.9,4202,17.5,323.5,1.3,2.9,3,225,0,94%,1.06,0.88,1.25,1.06,0.87,1.25,0.92,0.7,1.13,1.07,0.88,1.27,1.21,1,1.43,1,0.79,1.21,92.10%,81.70%,1437.37,5.99,4.68,6.15,3.3,5.48,7.23,6.54,6.24,5.78,5.99,142,59.20%,53.80%,45.40%,236,98.30%,240,100.00%,238,99.20%,176,73.30%,191,79.60%,94.60%,88.30%,94.20%,86.70%,93.70%,81.90%,94.30%,89.20%,89.50%,75.40%,224,94%,168,95%,182,95%,1.11,0.91,1.3,1.66,1.39,1.93,0.71,0.43,0.99,227,212,226,208,223,195,166,157,171,144,142,59.20%,236,98.30%,240,100.00%,238,100.00%,175,99.40%,189,99.00%,53,22,0,0.42,-0.17,1.01,0.42,-0.18,1.02,66.1,203,0,1.13,0.94,1.33,1.13,0.93,1.33,11.2,0.65,-0.02,1.33,10.7,0.36,-0.26,0.98,15.8,0.39,-0.3,1.07,15.2,0.34,-0.33,1.02,13.4,0.94,0.72,1.17,13.3,1.15,0.94,1.35,20.1,1.3,1.08,1.53,19.3,1.07,0.85,1.29,13.3,1.9,18,1.3,3,0.26,40.1,22,0,1.01,0.41,1.6,1.01,0.4,1.61,60,104,0,1.24,0.97,1.52,1.24,0.97,1.52,75.3,99,0,0.88,0.6,1.16,0.88,0.6,1.17,72.2,14.2,14.6,22.5,20.9,19.5,1.5,15,0,1.46,0.74,2.18,1.46,0.73,2.19,67.2,14.1,12.7,20.1,20.2,18.7,1.6,103,0,1.2,0.93,1.47,1.2,0.92,1.48,62.6,12.3,13.2,19.3,17.8,16.6,1.2,122,0,0.94,0.69,1.19,0.94,0.69,1.2,64.5,13.2,12.9,19.6,18.8,17.5,1.3,225,0,1.06,0.88,1.25,1.06,0.87,1.25,4,18.20%,4.50%,0.00%,55,52.90%,48.10%,36.50%,78,78.80%,75.80%,68.70%,42.30%,61.20%,38.50%,30.80%,55.60%,47.20%,1.02,1.32,0.9,0.46,1.17,1.6,1.99,1.37,0.55,1.77,-0.16,0.75,0.76,-0.14,0.78,1.07,-0.15,1.38,0.97,1.64,0.4,1.6,1.04,1.19,0.61,1.45,-0.35,2.05,1.49,2.65,0.55,2.39,1.58,1.76,0.99,0.92,-1.21,1.07,0.48,1.12,-1.44,1.17,0.32,1.16,0.36,51.90%,47.40%,41.40%,68.20%,61.70%,50.50%,59.90%,54.40%,46.00%,50.00%,45.50%,45.50%,90.40%,100.00%,69.20%,94.90%,14,63.60%,97,93.30%,99,100.00%,87.20%,98.10%,95.50%,92.00%,57.70%,84.60%,8,36.40%,82,78.80%,96,97.00%,78.20%,86.00%,90.90%,81.40%,7.10%,40.40%,8.8,7.6,8.5,9.5,8,8.9,8.2,6.8,7.8,9,7.2,8.3,2117,0,0%,Well above average
1,919,4117,138484,The Sele School,,Welwyn Road,,,Hertford,SG14 2DG,01992581455,E14001283,Hertford and Stortford,0,0,ACC,Does not apply,NSE,OTHER NON SEL,MIXED,0,11-18,436,221,215,95,40,42.10%,55,57.90%,103.5,22,25.30%,47,54.00%,18,20.70%,17,17.90%,78,82.10%,8,8.40%,87,91.60%,0,0.00%,89,93.70%,1,1.10%,17,17.90%,16,16.80%,3923.5,41.3,839,8.8,786,8.3,1119,11.8,1179.5,12.4,1065,11.2,114.5,1.2,2.6,2.7,87,2,92%,-0.26,-0.56,0.04,-0.28,-0.59,0.02,-0.4,-0.74,-0.06,-0.19,-0.5,0.13,-0.32,-0.67,0.02,-0.23,-0.57,0.11,54.70%,32.60%,328.83,3.46,2.53,3.66,1.85,3.36,5.89,4.06,3.53,3.37,3.53,13,13.70%,10.50%,7.40%,89,93.70%,91,95.80%,87,91.60%,78,82.10%,14,14.70%,65.30%,46.30%,65.30%,42.10%,54.00%,35.60%,56.40%,46.20%,78.60%,71.40%,81,93%,72,92%,12,86%,-0.21,-0.53,0.1,-0.04,-0.45,0.37,0.51,-0.6,1.62,62,44,62,40,47,31,44,36,11,10,13,13.70%,89,93.70%,87,91.60%,83,95.40%,77,98.70%,14,100.00%,30.9,14,2,-1.32,-2.06,-0.58,-1.49,-2.24,-0.73,43.6,73,0,-0.05,-0.38,0.27,-0.05,-0.38,0.28,7.2,-1.49,-2.34,-0.65,6.1,-1.36,-2.13,-0.58,8.2,-1.58,-2.44,-0.72,9.4,-1.48,-2.32,-0.63,9.2,-0.19,-0.56,0.18,8.7,0.04,-0.3,0.38,12.6,-0.08,-0.46,0.3,13.1,0,-0.37,0.38,8.8,0.6,11.7,1.3,-19.1,-1.48,24.6,22,0,-0.29,-0.88,0.3,-0.29,-0.89,0.31,40.9,47,2,-0.3,-0.7,0.1,-0.35,-0.76,0.06,65.1,18,0,-0.11,-0.76,0.54,-0.11,-0.78,0.56,45.5,9.8,8,14.1,13.6,13.3,0.4,SUPP,SUPP,SUPP,SUPP,SUPP,SUPP,SUPP,SUPP,42.5,9.4,8,11.7,13.4,12.2,1.2,51,1,-0.15,-0.54,0.24,-0.17,-0.57,0.22,39.6,8.1,8.6,11.9,11.1,9.9,1.3,36,1,-0.41,-0.88,0.05,-0.44,-0.91,0.03,41.9,8.9,8.4,12,12.7,11.4,1.3,82,2,-0.24,-0.55,0.07,-0.27,-0.58,0.04,0,0.00%,0.00%,0.00%,6,12.80%,8.50%,2.10%,5,27.80%,27.80%,27.80%,5.90%,15.40%,5.90%,5.90%,11.50%,7.70%,-0.42,-0.29,0.19,-0.57,-0.16,0.22,-0.15,0.02,-0.63,0.05,NE,0.21,SUPP,NE,0.51,0.33,-1.47,0.18,-0.5,0.22,-1.06,0.15,-0.72,0.86,-0.49,0.47,-1.73,0.5,-0.39,1.19,-0.74,0.39,-0.7,0.84,-0.8,NE,NE,1.62,-0.6,NE,NE,1.66,-1.24,SUPP,SUPP,7.50%,2.50%,2.50%,18.20%,16.40%,10.90%,14.60%,11.20%,7.90%,50.00%,37.50%,12.50%,48.40%,95.80%,52.90%,55.10%,3,13.60%,30,63.80%,16,88.90%,50.00%,58.20%,62.50%,56.20%,17.60%,35.90%,0,0.00%,13,27.70%,16,88.90%,30.00%,34.50%,25.00%,34.80%,1.10%,24.20%,7.5,7,7.6,8.6,6.6,7.7,7.1,6.5,7.1,8.2,6.4,7.3,727,0,0%,Average
1,919,6047,117622,Sherrardswood School,,Lockleys,,,Welwyn,AL6 0BJ,01438714282,E14001573,Welwyn Hatfield,0,0,IND,Unknown,,NA,MIXED,0,3-19,502,286,216,54,35,64.80%,19,35.20%,NP,NP,NP,NP,NP,NP,NP,NP,NP,NP,NP,NP,NP,NP,NP,NP,NP,NP,NP,NA,NA,NA,NA,NA,NA,2658,49.2,533,9.9,514,9.5,821,15.2,790,14.6,790,14.6,0,0,2.8,2.7,NP,NP,NP,NP,NP,NP,NP,NP,NP,NP,NP,NP,NP,NP,NP,NP,NP,NP,NP,NP,NP,72.20%,48.10%,227.47,4.21,NP,NP,NP,NP,NP,NP,4.57,4.02,NP,15,27.80%,25.90%,18.50%,42,77.80%,53,98.10%,52,96.30%,31,57.40%,21,38.90%,70.40%,63.00%,79.60%,55.60%,76.90%,59.60%,87.10%,80.60%,95.20%,71.40%,NP,NP,NP,NP,NP,NP,NP,NP,NP,NP,NP,NP,NP,NP,NP,38,34,43,30,40,31,27,25,20,15,15,27.80%,42,77.80%,53,98.10%,52,100.00%,31,100.00%,21,100.00%,NP,NP,NP,NP,NP,NP,NP,NP,NP,NP,NP,NP,NP,NP,NP,NP,NP,NP,NP,NP,NP,NP,NP,NP,NP,NP,NP,NP,NP,NP,NP,NP,NP,NP,NP,NP,NP,NP,NP,NP,NP,NP,NP,NP,NP,NP,NP,NP,NP,NP,NP,NP,NP,NP,NP,NP,NP,NP,NP,NP,NP,NP,NP,NP,NP,NP,NP,NP,NP,NP,NP,NP,NP,NP,NP,NP,NP,NP,NP,NP,NP,NP,NP,NP,NP,NP,NP,NP,NP,NP,NP,NP,NP,NP,NP,NP,NP,NP,54.3,11.9,9.8,15.8,16.7,16.7,0,NP,NP,NP,NP,NP,NP,NP,NP,46.5,9,9.6,15.3,13.9,13.9,0,NP,NP,NP,NP,NP,NP,NP,NP,NP,NP,NP,NP,NP,NP,NP,NP,NP,NP,NP,NP,NP,NP,NP,NP,NP,NP,NP,NP,NP,NP,NP,NP,NP,NP,NP,NP,NP,NP,NP,NP,NP,NP,NP,NP,NP,NP,NP,NP,NP,NP,NP,NP,NP,NP,NP,NP,NP,NP,NP,NP,NP,NP,NP,NP,NP,NP,NP,NP,NP,NP,NP,NP,NP,NP,NP,NP,NP,NP,NP,NP,NP,NP,NP,NP,NP,NP,22.90%,22.90%,14.30%,36.80%,31.60%,26.30%,NP,NP,NP,NP,NP,NP,70.40%,98.10%,NP,NP,NP,NP,NP,NP,NP,NP,65.70%,84.20%,NP,NP,NP,NP,NP,NP,NP,NP,NP,NP,42.90%,57.90%,NP,NP,3.70%,72.20%,8.3,NP,NP,NP,NP,NP,8.3,NP,NP,NP,NP,NP,447,0,0%
1,919,4067,140294,Simon Balle All-Through School,,Mangrove Road,,,Hertford,SG13 8AJ,01992410400,E14001283,Hertford and Stortford,0,0,ACC,Does not apply,NSE,OTHER NON SEL,MIXED,0,4-18,1561,798,763,176,88,50.00%,88,50.00%,105.5,24,14.10%,105,61.80%,41,24.10%,14,8.00%,162,92.00%,8,4.50%,166,94.30%,2,1.10%,174,98.90%,5,2.80%,21,11.90%,16,9.10%,9309.3,52.9,1962,11.1,1854,10.5,2733,15.5,2760.3,15.7,2522,14.3,238.3,1.4,2.9,3,170,0,97%,0.45,0.24,0.67,0.45,0.24,0.67,0.41,0.16,0.65,0.45,0.23,0.67,0.47,0.22,0.71,0.47,0.23,0.72,82.40%,59.70%,833.27,4.73,3.32,4.86,3.16,4.46,6.32,5.77,4.82,4.65,4.76,80,45.50%,35.20%,24.40%,175,99.40%,175,99.40%,174,98.90%,166,94.30%,85,48.30%,90.30%,73.90%,85.80%,67.60%,78.70%,61.50%,72.30%,62.00%,88.20%,68.20%,168,97%,160,96%,82,96%,0.31,0.09,0.53,0.51,0.23,0.78,0.46,0.04,0.89,159,130,151,119,137,107,120,103,75,58,80,45.50%,175,99.40%,175,99.40%,174,100.00%,164,98.80%,85,100.00%,38,12,0,-0.28,-1.08,0.52,-0.28,-1.09,0.54,54.2,158,0,0.51,0.29,0.73,0.51,0.28,0.73,8.3,-0.25,-1.16,0.67,7.9,-0.07,-0.91,0.77,10.7,-0.37,-1.3,0.56,11.1,-0.34,-1.26,0.57,11.4,0.45,0.2,0.71,10.8,0.49,0.26,0.72,15.9,0.53,0.28,0.79,16.1,0.54,0.28,0.79,9.6,1.6,14.7,1.3,-12,-0.44,37.7,24,0,0.67,0.1,1.24,0.67,0.09,1.25,49.8,105,0,0.41,0.14,0.68,0.41,0.13,0.68,69.8,41,0,0.44,0.01,0.88,0.44,0,0.89,63.6,13,13.3,18.8,18.6,18.6,0,6,0,1.09,-0.04,2.22,1.09,-0.06,2.24,54.7,12,10.1,15.7,16.9,14.8,2.1,84,0,0.59,0.28,0.89,0.59,0.28,0.9,51.1,10.3,11,15.4,14.5,13.9,0.6,86,0,0.32,0.02,0.62,0.32,0.02,0.63,53.1,11.2,10.6,15.6,15.7,14.4,1.4,169,0,0.46,0.25,0.68,0.46,0.25,0.68,7,29.20%,4.20%,4.20%,50,47.60%,36.20%,21.00%,20,48.80%,48.80%,41.50%,21.40%,47.50%,14.30%,14.30%,37.00%,25.30%,0.24,0.32,0.34,-0.09,0.34,0.93,0.43,0.46,-0.4,0.57,0.39,0.44,0.54,SUPP,0.46,0.77,-0.95,0.57,0.11,0.82,-0.35,0.6,0.04,0.78,-0.11,0.65,-1.45,0.86,0.29,1.67,0.19,0.78,0.08,1.02,-0.1,SUPP,SUPP,0.89,0.03,1.84,-1.06,0.97,-0.09,1.35,-0.28,46.60%,37.50%,22.70%,44.30%,33.00%,26.10%,46.00%,35.60%,24.70%,50.00%,50.00%,37.50%,78.40%,99.40%,57.10%,84.60%,11,45.80%,88,83.80%,41,100.00%,83.00%,81.80%,100.00%,82.20%,21.40%,63.00%,4,16.70%,58,55.20%,40,97.60%,58.00%,61.40%,87.50%,60.30%,1.10%,31.30%,8.2,8,8,8.8,7.6,8.3,8,7.6,7.8,8.6,7.1,8,1458,0,0%,Above average
1,919,4028,137270,Sir John Lawes School,,Manland Way,,,Harpenden,AL5 4QP,01582760043,E14001268,Harpenden and Berkhamsted,0,0,ACC,None,NSE,OTHER NON SEL,MIXED,0,11-18,1347,729,618,199,104,52.30%,95,47.70%,107.9,17,9.10%,86,46.20%,83,44.60%,18,9.00%,181,91.00%,13,6.50%,178,89.40%,8,4.00%,193,97.00%,2,1.00%,39,19.60%,37,18.60%,12407.5,62.3,2554,12.8,2352,11.8,3790,19,3711.5,18.7,3703,18.6,8.5,0,3,3,186,0,93%,0.79,0.58,0.99,0.79,0.58,1,0.74,0.51,0.97,0.43,0.21,0.64,0.96,0.72,1.2,0.89,0.66,1.12,88.90%,76.40%,1114.33,5.6,4.46,5.71,2.76,5.04,6.68,6.13,5.77,5.45,5.64,90,45.20%,42.20%,34.70%,198,99.50%,199,100.00%,198,99.50%,164,82.40%,114,57.30%,96.00%,91.00%,89.90%,79.40%,89.90%,75.30%,92.70%,82.90%,93.90%,84.20%,185,93%,152,93%,106,93%,0.76,0.55,0.97,1.11,0.83,1.39,0.85,0.48,1.22,191,181,179,158,178,149,152,136,107,96,90,45.20%,197,99.00%,198,99.50%,198,100.00%,164,100.00%,114,100.00%,52.3,15,0,0.79,0.08,1.51,0.79,0.06,1.52,63.4,171,0,0.79,0.58,1,0.79,0.57,1,11.7,1.27,0.45,2.08,9.8,0.35,-0.4,1.11,15.5,0.76,-0.07,1.59,15.3,0.8,-0.02,1.62,13,0.69,0.45,0.93,12,0.43,0.21,0.66,19.4,0.98,0.73,1.22,19,0.9,0.66,1.14,15.3,0,18.9,0,2.3,0.63,34.8,17,0,0.72,0.05,1.39,0.72,0.03,1.4,57.8,86,0,1.05,0.75,1.35,1.05,0.74,1.35,72.2,83,0,0.53,0.23,0.84,0.53,0.22,0.84,66.4,13.4,13.4,20.6,19,19,0,10,0,1.03,0.15,1.9,1.03,0.13,1.92,64.2,13.5,11.6,19.4,19.6,19.5,0.1,90,0,0.84,0.55,1.14,0.84,0.55,1.14,60.7,12.3,12,18.7,17.8,17.8,0,96,0,0.74,0.45,1.02,0.74,0.45,1.02,62.8,12.9,11.9,19.2,18.8,18.8,0,183,0,0.79,0.58,0.99,0.79,0.58,0.99,2,11.80%,0.00%,0.00%,31,36.00%,34.90%,22.10%,49,59.00%,59.00%,55.40%,33.30%,46.40%,22.20%,5.60%,44.20%,37.60%,0.56,0.93,0.63,0.68,0.77,0.82,1.52,0.75,0.98,1.12,SUPP,1.04,0.8,-0.31,0.93,1.42,-0.06,0.99,0.55,1.25,-0.14,1.24,0.63,0.94,0.31,2.14,-0.18,1.41,0.83,1.83,-0.18,1.93,1.1,1.16,0.33,1.15,-1.76,1.32,0.55,SUPP,SUPP,1.63,0.46,1.29,0.3,42.30%,39.40%,34.60%,48.40%,45.30%,34.70%,45.10%,43.50%,35.80%,61.50%,61.50%,30.80%,88.90%,100.00%,72.20%,90.60%,5,29.40%,80,93.00%,81,97.60%,91.30%,86.30%,100.00%,89.60%,55.60%,78.50%,1,5.90%,61,70.90%,80,96.40%,76.90%,75.80%,84.60%,77.20%,6.00%,54.30%,9.1,7.8,8.6,9.7,8.7,9.1,9,7.8,8.6,9.6,8.7,9,1817,0,0%,Well above average
1,919,4014,137847,Stanborough School,,Lemsford Lane,,,Welwyn Garden City,AL8 6YR,01707321755,E14001573,Welwyn Hatfield,0,0,ACC,Does not apply,NSE,OTHER NON SEL,MIXED,0,11-18,1204,653,551,188,105,55.90%,83,44.10%,103,47,27.50%,90,52.60%,34,19.90%,29,15.40%,159,84.60%,46,24.50%,140,74.50%,2,1.10%,178,94.70%,4,2.10%,27,14.40%,23,12.20%,8738.3,46.5,1772,9.4,1858,9.9,2668.5,14.2,2439.8,13,2304.5,12.3,135.3,0.7,2.9,2.9,171,0,91%,0.18,-0.04,0.39,0.18,-0.04,0.39,-0.12,-0.36,0.12,0.56,0.33,0.78,0.36,0.11,0.6,-0.06,-0.3,0.18,73.40%,48.40%,832.67,4.43,3.9,4.53,2.72,4.57,6.15,5.07,4.61,4.29,4.4,166,88.30%,35.10%,23.40%,185,98.40%,186,98.90%,184,97.90%,181,96.30%,169,89.90%,75.50%,55.90%,81.40%,59.60%,65.80%,46.70%,57.50%,45.30%,51.50%,36.10%,168,91%,166,92%,157,93%,0.18,-0.04,0.4,0.08,-0.19,0.35,-0.62,-0.92,-0.31,142,105,153,112,121,86,104,82,87,61,158,84.00%,184,97.90%,185,98.40%,184,100.00%,173,95.60%,168,99.40%,41,27,0,0.37,-0.17,0.9,0.37,-0.18,0.91,47.5,144,0,0.14,-0.09,0.37,0.14,-0.09,0.38,8.3,-0.03,-0.64,0.58,8.8,0.77,0.21,1.34,12.5,0.62,0,1.23,11.4,0.12,-0.49,0.73,9.6,-0.13,-0.4,0.13,10.1,0.52,0.27,0.76,14.5,0.31,0.04,0.57,13.3,-0.09,-0.36,0.17,10.4,1.1,12.6,0.7,-9,0.21,30.2,47,0,0.36,-0.05,0.76,0.36,-0.05,0.77,47.6,90,0,0.23,-0.06,0.52,0.23,-0.07,0.53,63.2,34,0,-0.22,-0.69,0.26,-0.22,-0.7,0.27,51.8,10.1,11,16.8,14,13.6,0.4,37,0,0.88,0.43,1.34,0.88,0.42,1.35,48.7,9.8,10.1,14.6,14.2,13.1,1.1,78,0,0.19,-0.13,0.5,0.19,-0.13,0.51,44.8,9.1,9.7,13.9,12,11.6,0.4,93,0,0.17,-0.12,0.45,0.17,-0.13,0.46,46,9.3,9.8,14,12.9,12.2,0.7,168,0,0.19,-0.02,0.41,0.19,-0.03,0.41,39,83.00%,6.40%,0.00%,84,93.30%,35.60%,21.10%,32,94.10%,76.50%,58.80%,89.70%,88.10%,24.10%,17.20%,37.10%,24.50%,0.11,0.36,-0.17,0.14,0.19,0.05,0.18,-0.13,0.47,0.01,-1.05,-0.29,-0.92,-0.47,-0.64,0.68,-0.41,0.43,-0.05,0.53,-0.31,0.66,0.05,0.32,-0.66,1.15,-0.22,0.3,-0.29,0.57,-0.47,0.55,-0.19,0.47,-0.74,0.29,-1.24,-0.31,-0.98,-0.44,-1.65,0.13,-0.71,-0.25,-1.59,87.60%,30.50%,15.20%,89.20%,41.00%,33.70%,91.60%,36.00%,24.20%,93.50%,50.00%,28.30%,65.40%,98.90%,55.20%,76.70%,17,36.20%,73,81.10%,34,100.00%,74.30%,72.30%,80.40%,71.90%,34.50%,50.90%,6,12.80%,44,48.90%,30,88.20%,48.60%,48.20%,63.00%,47.20%,4.30%,16.00%,8,7.7,8,8.4,7.9,8,7.7,7.4,7.8,8.3,7.6,7.8,1498,0,0%,Average
1,919,6154,117640,Stanborough Secondary School,,Stanborough Park,,,Watford,WD25 9JT,01923673268,E14001568,Watford,0,0,IND,Seventh Day Adventist,,NA,MIXED,0,11-18,75,37,38,17,8,47.10%,9,52.90%,NP,NP,NP,NP,NP,NP,NP,NP,NP,NP,NP,NP,NP,NP,NP,NP,NP,NP,NP,NA,NA,NA,NA,NA,NA,865,50.9,163,9.6,170,10,288,16.9,244,14.4,244,14.4,0,0,2.6,2.5,NP,NP,NP,NP,NP,NP,NP,NP,NP,NP,NP,NP,NP,NP,NP,NP,NP,NP,NP,NP,NP,76.50%,70.60%,76.64,4.51,NP,NP,NP,NP,NP,NP,4.16,4.9,NP,9,52.90%,47.10%,41.20%,11,64.70%,16,94.10%,13,76.50%,13,76.50%,10,58.80%,64.70%,64.70%,76.50%,70.60%,100.00%,84.60%,100.00%,92.30%,90.00%,80.00%,NP,NP,NP,NP,NP,NP,NP,NP,NP,NP,NP,NP,NP,NP,NP,11,11,13,12,13,11,13,12,9,8,9,52.90%,11,64.70%,15,88.20%,13,100.00%,13,100.00%,10,100.00%,NP,NP,NP,NP,NP,NP,NP,NP,NP,NP,NP,NP,NP,NP,NP,NP,NP,NP,NP,NP,NP,NP,NP,NP,NP,NP,NP,NP,NP,NP,NP,NP,NP,NP,NP,NP,NP,NP,NP,NP,NP,NP,NP,NP,NP,NP,NP,NP,NP,NP,NP,NP,NP,NP,NP,NP,NP,NP,NP,NP,NP,NP,NP,NP,NP,NP,NP,NP,NP,NP,NP,NP,NP,NP,NP,NP,NP,NP,NP,NP,NP,NP,NP,NP,NP,NP,NP,NP,NP,NP,NP,NP,NP,NP,NP,NP,NP,NP,48.3,10.9,9.8,18.3,15.5,15.5,0,NP,NP,NP,NP,NP,NP,NP,NP,53.8,9.5,11.5,17.8,15,15,0,NP,NP,NP,NP,NP,NP,NP,NP,NP,NP,NP,NP,NP,NP,NP,NP,NP,NP,NP,NP,NP,NP,NP,NP,NP,NP,NP,NP,NP,NP,NP,NP,NP,NP,NP,NP,NP,NP,NP,NP,NP,NP,NP,NP,NP,NP,NP,NP,NP,NP,NP,NP,NP,NP,NP,NP,NP,NP,NP,NP,NP,NP,NP,NP,NP,NP,NP,NP,NP,NP,NP,NP,NP,NP,NP,NP,NP,NP,NP,NP,NP,NP,NP,NP,NP,NP,50.00%,37.50%,37.50%,55.60%,55.60%,44.40%,NP,NP,NP,NP,NP,NP,76.50%,94.10%,NP,NP,NP,NP,NP,NP,NP,NP,75.00%,77.80%,NP,NP,NP,NP,NP,NP,NP,NP,NP,NP,75.00%,66.70%,NP,NP,11.80%,70.60%,8.7,NP,NP,NP,NP,NP,8.7,NP,NP,NP,NP,NP,149,0,0%
1,919,4017,140037,The Thomas Alleyne Academy,,High Street,,,Stevenage,SG1 3BE,01438344344,E14001516,Stevenage,0,0,AC,Does not apply,NSE,OTHER NON SEL,MIXED,0,11-18,1011,512,499,172,86,50.00%,86,50.00%,103.9,40,24.40%,92,56.10%,32,19.50%,34,19.80%,138,80.20%,16,9.30%,152,88.40%,4,2.30%,164,95.30%,5,2.90%,35,20.30%,30,17.40%,7923.5,46.1,1648,9.6,1684,9.8,2363,13.7,2228.5,13,1552,9,676.5,3.9,2.9,2.8,164,1,95%,0.04,-0.18,0.26,0.03,-0.19,0.25,-0.13,-0.38,0.11,0.39,0.16,0.62,0.13,-0.12,0.38,-0.19,-0.44,0.06,67.40%,50.00%,677.96,3.94,2.98,4.18,2.31,4.05,5.61,4.09,4.03,3.86,4.03,36,20.90%,10.50%,5.80%,169,98.30%,169,98.30%,166,96.50%,129,75.00%,48,27.90%,72.70%,60.50%,72.10%,56.40%,68.70%,48.80%,65.90%,56.60%,45.80%,29.20%,158,95%,124,96%,46,96%,0.28,0.06,0.51,0.23,-0.09,0.54,-1.36,-1.92,-0.79,125,104,124,97,114,81,85,73,22,14,36,20.90%,169,98.30%,168,97.70%,166,100.00%,126,97.70%,47,97.90%,35.4,34,0,-0.71,-1.19,-0.24,-0.71,-1.2,-0.23,48.7,130,1,0.24,-0.01,0.48,0.23,-0.02,0.47,7.8,-0.73,-1.27,-0.19,7.5,-0.42,-0.92,0.08,10.4,-0.62,-1.17,-0.07,9.7,-1,-1.54,-0.45,10,0.02,-0.26,0.3,10.3,0.6,0.35,0.86,14.6,0.32,0.04,0.6,13.8,0.02,-0.26,0.3,6.4,3.3,9.7,4.1,-14.6,-0.87,27.8,40,0,0.12,-0.32,0.56,0.12,-0.33,0.56,47.5,92,0,0.12,-0.17,0.41,0.12,-0.18,0.41,64.2,32,1,-0.27,-0.76,0.22,-0.32,-0.82,0.18,46.4,9.9,9.4,14.2,13,10.1,2.8,14,0,0.73,-0.01,1.47,0.73,-0.03,1.48,47,10,9.7,13.9,13.4,10.3,3.1,83,1,0.07,-0.24,0.37,0.05,-0.26,0.36,45.1,9.1,9.9,13.6,12.5,7.8,4.8,81,0,0.01,-0.29,0.32,0.01,-0.3,0.33,47.1,9.8,10,14,13.3,9.2,4.1,159,1,0.08,-0.14,0.3,0.07,-0.15,0.29,5,12.50%,0.00%,0.00%,21,22.80%,10.90%,4.30%,9,28.10%,25.00%,18.80%,14.70%,22.50%,11.80%,2.90%,10.10%,6.50%,0.38,0.32,0.08,-0.24,0.41,0.51,0.18,0,-0.37,0.33,-1.77,-1.43,-0.91,-1.65,-1.29,0.28,-0.76,0.66,0.15,0.86,-0.09,0.61,0.02,0.59,-0.44,0.43,-1.17,0.67,-0.01,1.14,-0.11,0.6,-0.24,0.7,-0.69,-0.29,-3.01,-0.67,-1.92,-0.31,-3.22,-0.7,-2.15,0.25,-2.07,17.40%,7.00%,2.30%,24.40%,14.00%,9.30%,22.00%,11.00%,6.10%,25.00%,25.00%,12.50%,61.60%,98.30%,41.20%,73.90%,8,20.00%,72,78.30%,31,96.90%,64.00%,70.90%,68.80%,70.70%,32.40%,54.30%,3,7.50%,49,53.30%,29,90.60%,48.80%,51.20%,43.80%,52.40%,0.00%,36.00%,8,7.5,8.1,8.3,7.2,8.2,6.8,6,6.9,7.4,6.1,7,1384,0,0%,Average
1,919,4606,117555,Townsend Church of England School,,High Oaks,,,St Albans,AL3 6DR,01727853047,E14001507,St Albans,0,0,VA,Church of England,NSE,OTHER NON SEL,MIXED,0,11-18,779,416,363,140,75,53.60%,65,46.40%,103.7,33,25.60%,67,51.90%,29,22.50%,29,20.70%,111,79.30%,19,13.60%,121,86.40%,0,0.00%,129,92.10%,3,2.10%,34,24.30%,31,22.10%,6749.5,48.2,1420,10.1,1358,9.7,1960.5,14,2011,14.4,1857.5,13.3,153.5,1.1,2.8,2.8,129,2,92%,0.14,-0.1,0.39,0.14,-0.11,0.39,0.11,-0.17,0.39,0.22,-0.04,0.48,0.05,-0.23,0.33,0.19,-0.09,0.47,67.90%,50.70%,564.84,4.03,3,4.3,2.01,3.98,5.86,5.15,3.95,4.11,4,19,13.60%,8.60%,5.00%,131,93.60%,135,96.40%,132,94.30%,109,77.90%,29,20.70%,76.40%,67.90%,70.70%,55.00%,64.40%,52.30%,67.00%,58.70%,79.30%,62.10%,121,92%,99,91%,23,79%,0.2,-0.06,0.46,0.37,0.02,0.72,-0.01,-0.81,0.79,107,95,99,77,85,69,73,64,23,18,19,13.60%,131,93.60%,132,94.30%,132,100.00%,108,99.10%,29,100.00%,36.6,28,0,-0.54,-1.06,-0.01,-0.54,-1.07,0,51.3,101,2,0.33,0.06,0.61,0.32,0.04,0.61,8.1,-0.46,-1.06,0.13,7.4,-0.42,-0.97,0.13,10.2,-0.64,-1.24,-0.03,10.7,-0.57,-1.17,0.03,10.7,0.27,-0.05,0.58,10.3,0.4,0.11,0.69,15,0.24,-0.08,0.56,15.3,0.4,0.08,0.71,9.9,0.9,14.2,1.2,-13.4,-0.7,25.7,33,0,-0.14,-0.63,0.34,-0.14,-0.64,0.35,48.4,67,1,0.21,-0.13,0.55,0.21,-0.13,0.56,68,29,1,0.31,-0.2,0.83,0.29,-0.24,0.81,59.8,11.8,12,18.4,17.6,16.8,0.7,13,0,1.18,0.41,1.95,1.18,0.4,1.97,47.6,10.8,9,13.3,14.5,14.5,0,59,1,-0.01,-0.37,0.35,-0.01,-0.38,0.36,48.7,9.6,10.3,14.6,14.2,12.2,2,70,1,0.27,-0.06,0.61,0.26,-0.07,0.6,47.9,10,9.6,13.9,14.3,13.2,1.1,122,2,0.19,-0.06,0.44,0.18,-0.07,0.44,1,3.00%,0.00%,0.00%,5,7.50%,4.50%,3.00%,8,27.60%,20.70%,17.20%,6.90%,15.30%,3.40%,0.00%,9.90%,6.30%,0.06,0.22,0.31,-0.46,0.38,0.04,0.58,0.22,-0.48,0.57,SUPP,0.96,-0.7,SUPP,0.06,0.1,-1.02,0.68,0.09,0.6,-0.48,0.57,-0.14,0.84,-0.22,0.32,-1.28,0.96,0.18,0.78,-0.7,1.06,0.1,0.93,-0.49,SUPP,SUPP,0.9,-0.78,SUPP,SUPP,2.17,-0.26,0.41,-1.8,13.30%,8.00%,5.30%,13.80%,9.20%,4.60%,13.20%,8.50%,4.70%,26.30%,15.80%,5.30%,64.30%,97.10%,37.90%,75.70%,7,21.20%,49,73.10%,29,100.00%,72.00%,63.10%,78.90%,67.40%,27.60%,56.80%,4,12.10%,33,49.30%,27,93.10%,54.70%,46.20%,57.90%,50.40%,0.70%,31.40%,8.2,6.8,8,9.3,7.5,8.3,8,6.6,7.9,9.1,7.3,8.1,1142,0,0%,Average
1,919,6041,117618,Tring Park School for the Performing Arts,,Mansion Drive,,,Tring,HP23 5LX,01442824255,E14001268,Harpenden and Berkhamsted,0,0,IND,None,,NA,MIXED,0,7-19,358,84,274,45,11,24.40%,34,75.60%,NP,NP,NP,NP,NP,NP,NP,NP,NP,NP,NP,NP,NP,NP,NP,NP,NP,NP,NP,NA,NA,NA,NA,NA,NA,2017,44.8,0,0,464,10.3,795.5,17.7,757.5,16.8,749,16.6,8.5,0.2,2.8,2.7,NP,NP,NP,NP,NP,NP,NP,NP,NP,NP,NP,NP,NP,NP,NP,NP,NP,NP,NP,NP,NP,0.00%,0.00%,187.66,4.17,NP,NP,NP,NP,NP,NP,4.07,4.47,NP,0,0.00%,0.00%,0.00%,0,0.00%,44,97.80%,44,97.80%,29,64.40%,31,68.90%,0.00%,0.00%,88.90%,64.40%,88.60%,79.50%,96.60%,89.70%,87.10%,71.00%,NP,NP,NP,NP,NP,NP,NP,NP,NP,NP,NP,NP,NP,NP,NP,0,0,40,29,39,35,28,26,27,22,0,0.00%,0,0.00%,44,97.80%,44,100.00%,29,100.00%,30,96.80%,NP,NP,NP,NP,NP,NP,NP,NP,NP,NP,NP,NP,NP,NP,NP,NP,NP,NP,NP,NP,NP,NP,NP,NP,NP,NP,NP,NP,NP,NP,NP,NP,NP,NP,NP,NP,NP,NP,NP,NP,NP,NP,NP,NP,NP,NP,NP,NP,NP,NP,NP,NP,NP,NP,NP,NP,NP,NP,NP,NP,NP,NP,NP,NP,NP,NP,NP,NP,NP,NP,NP,NP,NP,NP,NP,NP,NP,NP,NP,NP,NP,NP,NP,NP,NP,NP,NP,NP,NP,NP,NP,NP,NP,NP,NP,NP,NP,NP,44.5,0,10.1,17.2,17.2,16.9,0.3,NP,NP,NP,NP,NP,NP,NP,NP,45.8,0,10.9,19.2,15.7,15.7,0,NP,NP,NP,NP,NP,NP,NP,NP,NP,NP,NP,NP,NP,NP,NP,NP,NP,NP,NP,NP,NP,NP,NP,NP,NP,NP,NP,NP,NP,NP,NP,NP,NP,NP,NP,NP,NP,NP,NP,NP,NP,NP,NP,NP,NP,NP,NP,NP,NP,NP,NP,NP,NP,NP,NP,NP,NP,NP,NP,NP,NP,NP,NP,NP,NP,NP,NP,NP,NP,NP,NP,NP,NP,NP,NP,NP,NP,NP,NP,NP,NP,NP,NP,NP,NP,NP,0.00%,0.00%,0.00%,0.00%,0.00%,0.00%,NP,NP,NP,NP,NP,NP,0.00%,100.00%,NP,NP,NP,NP,NP,NP,NP,NP,0.00%,0.00%,NP,NP,NP,NP,NP,NP,NP,NP,NP,NP,0.00%,0.00%,NP,NP,4.40%,24.40%,6,NP,NP,NP,NP,NP,5.9,NP,NP,NP,NP,NP,268,0,0%
1,919,4504,138352,Tring School,,Mortimer Hill,,,Tring,HP23 5JD,01442822303,E14001268,Harpenden and Berkhamsted,0,0,ACC,Church of England,NSE,OTHER NON SEL,MIXED,0,11-18,1568,752,816,241,92,38.20%,149,61.80%,106.1,30,13.20%,129,56.80%,68,30.00%,15,6.20%,226,93.80%,3,1.20%,236,97.90%,2,0.80%,238,98.80%,9,3.70%,91,37.80%,82,34.00%,12370.3,51.3,2563,10.6,2428,10.1,3559.5,14.8,3819.8,15.8,3601.5,14.9,218.3,0.9,2.8,2.8,227,5,94%,0.24,0.05,0.42,0.21,0.02,0.4,0.07,-0.14,0.28,0.13,-0.06,0.33,0.1,-0.11,0.32,0.46,0.25,0.67,77.20%,57.70%,1029.64,4.27,2.85,4.37,2.2,4.04,5.84,SUPP,4.43,4.01,4.29,43,17.80%,11.60%,8.70%,229,95.00%,234,97.10%,232,96.30%,210,87.10%,49,20.30%,83.00%,69.30%,80.50%,66.40%,73.30%,53.90%,74.30%,65.70%,69.40%,53.10%,220,95%,198,94%,46,94%,0.05,-0.14,0.24,0.65,0.41,0.9,-0.36,-0.93,0.21,200,167,194,160,170,125,156,138,34,26,41,17.00%,228,94.60%,233,96.70%,231,99.60%,207,98.60%,47,95.90%,36.4,14,1,-0.32,-1.06,0.42,-0.34,-1.1,0.41,52.3,213,4,0.27,0.08,0.46,0.25,0.05,0.44,8.1,-0.35,-1.2,0.49,6.5,-0.71,-1.49,0.07,9.9,-0.46,-1.32,0.4,11.8,0.02,-0.83,0.87,10.8,0.1,-0.12,0.31,10.3,0.19,-0.01,0.39,15.1,0.14,-0.08,0.36,16.1,0.49,0.27,0.71,9.5,2.4,15.3,0.8,-13.6,-0.48,28.5,30,0,0.15,-0.36,0.66,0.15,-0.37,0.67,49.1,129,3,0.22,-0.02,0.47,0.21,-0.04,0.46,68.3,68,2,0.3,-0.04,0.63,0.23,-0.11,0.58,SUPP,SUPP,SUPP,SUPP,SUPP,SUPP,SUPP,SUPP,SUPP,SUPP,SUPP,SUPP,SUPP,SUPP,SUPP,53.4,11.3,10.1,15.1,16.9,16.1,0.8,140,5,0.37,0.14,0.61,0.33,0.09,0.57,48.1,9.6,10,14.3,14.2,13.1,1,87,0,0.01,-0.29,0.31,0.01,-0.29,0.31,51.6,10.7,10.1,14.8,15.9,15.1,0.9,227,5,0.24,0.05,0.42,0.21,0.02,0.4,2,6.70%,0.00%,0.00%,23,17.80%,10.10%,7.00%,15,22.10%,20.60%,16.20%,0.00%,19.00%,0.00%,0.00%,12.40%,9.30%,-0.22,0.07,0.15,-0.54,0.09,0.21,0.58,0.99,0.23,0.68,SUPP,-0.42,-0.13,NE,-0.36,0.25,-1.33,0.29,-0.11,0.3,-0.74,0.32,-0.19,0.5,-0.21,1.19,-0.74,0.94,0.43,0.92,-0.5,0.9,0.25,1.45,0.53,NE,NE,0.21,-0.93,SUPP,SUPP,0.35,-1.19,0.75,-1.01,13.00%,5.40%,4.30%,20.80%,15.40%,11.40%,17.60%,11.80%,8.80%,SUPP,SUPP,SUPP,72.60%,97.50%,53.30%,78.80%,7,23.30%,105,81.40%,66,97.10%,70.70%,81.20%,SUPP,78.20%,6.70%,61.10%,1,3.30%,68,52.70%,65,95.60%,51.10%,61.70%,SUPP,58.40%,0.40%,19.10%,8.7,8.5,8.7,9.1,8.3,8.7,8.3,7.5,8.3,9,7.7,8.4,2105,0,0%,Above average
2,919,7010,117669,The Valley School,,Broadhall Way,,,Stevenage,SG2 9BN,01438747274,E14001516,Stevenage,0,0,CYS,Does not apply,NA,NA,MIXED,0,11-16,180,133,47,29,22,75.90%,7,24.10%,76.3,23,100.00%,0,0.00%,0,0.00%,18,62.10%,11,37.90%,0,0.00%,29,100.00%,0,0.00%,29,100.00%,,,,,,,12,0.4,0,0,12,0.4,0,0,0,0,0,0,0,0,0,0,23,0,79%,-1.64,-2.22,-1.06,-1.64,-2.23,-1.05,-2.04,-2.7,-1.38,-1.04,-1.65,-0.44,-1.53,-2.2,-0.86,-1.87,-2.53,-1.21,0.00%,0.00%,1,0.03,0.06,0,0.04,NE,NE,NE,0,0.05,0.03,0,0.00%,0.00%,0.00%,0,0.00%,4,13.80%,0,0.00%,0,0.00%,0,0.00%,0.00%,0.00%,0.00%,0.00%,NE,NE,NE,NE,NE,NE,,NE,,NE,,NE,NE,NE,NE,NE,NE,NE,NE,NE,NE,0,0,0,0,NE,NE,NE,NE,NE,NE,0,0.00%,0,0.00%,2,6.90%,NE,NE,NE,NE,NE,NE,0.7,13,0,-1.67,-2.44,-0.9,-1.67,-2.45,-0.89,0,10,0,-1.6,-2.47,-0.72,-1.6,-2.49,-0.7,0,-2.13,-3.01,-1.25,0.7,-0.93,-1.73,-0.12,0,-1.6,-2.49,-0.71,0,-1.93,-2.81,-1.06,0,-1.93,-2.93,-0.93,0,-1.2,-2.12,-0.27,0,-1.45,-2.47,-0.44,0,-1.78,-2.79,-0.78,0,0,0,0,-49.3,-1.83,0.5,23,0,-1.64,-2.22,-1.06,-1.64,-2.23,-1.05,NE,NE,NE,NE,NE,NE,NE,NE,NE,NE,NE,NE,NE,NE,NE,NE,NE,NE,NE,NE,NE,NE,NE,NE,NE,NE,NE,NE,NE,NE,NE,NE,NE,0,0,0,0,0,0,0,7,0,-1.61,-2.65,-0.56,-1.61,-2.67,-0.54,0.5,0,0.5,0,0,0,0,16,0,-1.65,-2.35,-0.96,-1.65,-2.36,-0.95,0.4,0,0.4,0,0,0,0,23,0,-1.64,-2.22,-1.06,-1.64,-2.23,-1.05,0,0.00%,0.00%,0.00%,NE,NE,NE,NE,NE,NE,NE,NE,0.00%,0.00%,0.00%,0.00%,0.00%,0.00%,NE,NE,NE,NE,NE,NE,NE,NE,NE,NE,NE,NE,NE,NE,NE,NE,NE,NE,NE,NE,NE,NE,NE,NE,NE,NE,NE,NE,NE,NE,NE,NE,NE,NE,NE,NE,NE,NE,NE,NE,NE,NE,NE,NE,NE,0.00%,0.00%,0.00%,0.00%,0.00%,0.00%,0.00%,0.00%,0.00%,NE,NE,NE,0.00%,6.90%,0.00%,0.00%,0,0.00%,NE,NE,NE,NE,0.00%,0.00%,NE,0.00%,0.00%,0.00%,0,0.00%,NE,NE,NE,NE,0.00%,0.00%,NE,0.00%,0.00%,0.00%,0.1,0.2,NE,NE,0.2,0.1,0.1,0.2,NE,NE,0.2,0.1,4,0,0%,Well below average
1,919,4011,137038,Verulam School,,Brampton Road,,,St Albans,AL1 4PR,01727766100,E14001507,St Albans,0,0,ACC,Does not apply,NSE,OTHER NON SEL,BOYS,0,11-18,1023,1000,23,181,181,100.00%,NA,0.00%,104.9,33,22.60%,73,50.00%,40,27.40%,29,16.00%,152,84.00%,32,17.70%,148,81.80%,1,0.60%,168,92.80%,0,0.00%,21,11.60%,21,11.60%,9382.8,51.8,2011,11.1,1882,10.4,2744,15.2,2745.8,15.2,2680,14.8,65.8,0.4,2.7,2.9,146,0,81%,0.4,0.17,0.63,0.4,0.17,0.64,0.55,0.29,0.81,0.44,0.2,0.68,0.31,0.05,0.58,0.36,0.1,0.63,76.80%,56.90%,839.17,4.64,3.28,4.9,2.34,4.51,6.7,4.87,NE,4.64,4.77,84,46.40%,34.30%,26.00%,173,95.60%,178,98.30%,178,98.30%,162,89.50%,92,50.80%,83.40%,72.40%,81.20%,61.90%,71.30%,52.20%,79.60%,67.90%,78.30%,69.60%,144,81%,135,83%,74,80%,-0.15,-0.39,0.08,0.84,0.54,1.14,0.1,-0.35,0.54,151,131,147,112,127,93,129,110,72,64,80,44.20%,171,94.50%,172,95.00%,159,89.30%,159,98.10%,91,98.90%,38.5,22,0,-0.38,-0.97,0.21,-0.38,-0.98,0.22,54.4,124,0,0.54,0.29,0.79,0.54,0.29,0.79,8.6,-0.3,-0.98,0.37,7.9,-0.24,-0.86,0.39,11,-0.38,-1.06,0.31,11,-0.53,-1.2,0.15,11.6,0.7,0.42,0.99,10.9,0.56,0.3,0.82,16,0.44,0.15,0.72,16,0.52,0.24,0.81,10.8,0.2,15.6,0.4,-11.5,-0.54,29.7,33,0,0.22,-0.26,0.71,0.22,-0.27,0.71,51.2,73,0,0.39,0.07,0.72,0.39,0.06,0.72,71.6,40,0,0.57,0.13,1,0.57,0.12,1.01,50.9,9.9,10.3,16.3,14.4,14.4,0,13,0,0.4,-0.37,1.17,0.4,-0.38,1.18,NE,NE,NE,NE,NE,NE,NE,NE,NE,NE,NE,NE,NE,NE,NE,51.8,11.1,10.4,15.2,15.2,14.8,0.4,146,0,0.4,0.17,0.63,0.4,0.17,0.64,53.3,11.5,10.7,15.5,15.6,15.2,0.4,143,0,0.43,0.19,0.66,0.43,0.19,0.66,5,15.20%,3.00%,3.00%,35,47.90%,30.10%,19.20%,29,72.50%,67.50%,62.50%,31.00%,49.30%,10.30%,0.00%,38.80%,30.90%,-0.64,-0.19,0.29,-0.8,-0.04,0.75,0.96,0.69,0.1,0.95,0.14,0.08,0.1,-0.31,0.14,-0.18,-1.42,0.21,-0.3,-0.14,-1.14,0.15,-0.52,0.74,-0.16,0.95,-0.74,1.27,0.63,1.44,0.07,1.38,0.55,1.25,0.13,1.14,-1.76,0.61,-0.33,1.5,-1.22,0.72,-0.56,0.81,-0.6,46.40%,34.30%,26.00%,NE,NE,NE,48.80%,36.30%,28.00%,65.60%,46.90%,31.30%,73.50%,98.90%,58.60%,80.30%,10,30.30%,62,84.90%,40,100.00%,76.80%,NE,65.60%,78.60%,24.10%,63.20%,4,12.10%,41,56.20%,39,97.50%,56.90%,NE,56.30%,58.90%,4.40%,61.90%,9.1,7.8,9.4,10,8.4,9.3,9,7.4,9.2,10,8.3,9.1,1666,0,0%,Above average
1,919,5401,136276,Watford Grammar School for Boys,,Rickmansworth Road,,,Watford,WD18 7JF,01923208900,E14001568,Watford,0,0,ACC,Church of England,NSE,OTHER NON SEL,BOYS,0,11-18,1557,1557,NA,222,222,100.00%,NA,0.00%,109.9,14,6.80%,66,31.90%,127,61.40%,14,6.30%,208,93.70%,45,20.30%,172,77.50%,5,2.30%,220,99.10%,10,4.50%,26,11.70%,16,7.20%,14773.5,66.5,2985,13.4,3056,13.8,4564,20.6,4168.5,18.8,4146,18.7,22.5,0.1,3,3,207,0,93%,0.72,0.53,0.91,0.72,0.52,0.92,0.6,0.38,0.82,0.92,0.72,1.12,0.93,0.71,1.15,0.45,0.23,0.67,91.90%,84.70%,1452.56,6.54,6.17,6.57,2.89,5.53,7.41,6.33,NE,6.54,6.53,213,95.90%,76.10%,66.20%,221,99.50%,221,99.50%,221,99.50%,220,99.10%,215,96.80%,93.20%,87.80%,93.70%,87.40%,93.70%,84.60%,88.20%,80.00%,82.80%,74.40%,206,93%,206,94%,201,93%,0.87,0.67,1.07,0.5,0.26,0.74,0.31,0.04,0.58,207,195,208,194,207,187,194,176,178,160,211,95.00%,220,99.10%,220,99.10%,218,98.60%,218,99.10%,215,100.00%,61.8,14,0,0.29,-0.46,1.03,0.29,-0.47,1.04,66.9,193,0,0.75,0.55,0.95,0.75,0.55,0.96,12.7,0.24,-0.6,1.09,12.7,0.43,-0.35,1.21,19.3,0.57,-0.29,1.42,17.1,-0.06,-0.91,0.78,13.5,0.63,0.4,0.86,13.8,0.96,0.75,1.16,20.6,0.96,0.73,1.19,18.9,0.49,0.26,0.72,17.1,0,18.8,0.1,11.8,0.13,29.1,14,0,0.1,-0.64,0.84,0.1,-0.65,0.86,57,66,0,0.89,0.55,1.23,0.89,0.55,1.24,75.1,127,0,0.7,0.45,0.95,0.7,0.45,0.95,64.2,13.1,13.6,19.9,17.6,17.6,0,43,0,0.64,0.22,1.06,0.64,0.21,1.07,NE,NE,NE,NE,NE,NE,NE,NE,NE,NE,NE,NE,NE,NE,NE,66.5,13.4,13.8,20.6,18.8,18.7,0.1,207,0,0.72,0.53,0.91,0.72,0.52,0.92,66.4,13.4,13.7,20.5,18.7,18.6,0.1,206,0,0.72,0.53,0.92,0.72,0.52,0.92,10,71.40%,7.10%,7.10%,64,97.00%,56.10%,43.90%,126,99.20%,92.90%,83.50%,100.00%,95.70%,71.40%,50.00%,76.40%,67.30%,0.09,1.05,0.87,0.57,0.9,-0.17,0.88,0.37,0.24,0.52,0.09,0.3,0.34,-0.11,0.35,1.33,-0.19,1.1,0.69,0.85,-0.68,1.41,0.7,1.12,0.61,1.17,-0.69,0.77,0.27,0.79,-1.14,1.31,0.46,0.67,0.06,0.91,-1.14,0.63,0.06,1.25,-1.06,0.78,-0.18,0.68,0,95.90%,76.10%,66.20%,NE,NE,NE,95.90%,75.90%,66.40%,95.60%,64.40%,62.20%,89.60%,100.00%,92.90%,91.80%,5,35.70%,58,87.90%,127,100.00%,91.90%,NE,86.70%,91.80%,78.60%,85.10%,2,14.30%,49,74.20%,125,98.40%,84.70%,NE,80.00%,84.50%,13.50%,74.80%,9.5,7.4,9,9.9,9.4,9.5,9.4,7.4,9,9.9,9.4,9.5,2105,0,0%,Well above average
1,919,5403,136289,Watford Grammar School for Girls,,Lady's Close,,,Watford,WD18 0AE,01923223403,E14001568,Watford,0,0,ACC,Church of England,NSE,OTHER NON SEL,GIRLS,0,11-18,1451,NA,1451,209,NA,0.00%,209,100.00%,109.9,14,7.40%,68,36.00%,107,56.60%,15,7.20%,194,92.80%,67,32.10%,141,67.50%,1,0.50%,207,99.00%,1,0.50%,12,5.70%,11,5.30%,13974.5,66.9,2958,14.2,2726,13,4179,20,4111.5,19.7,4086,19.6,25.5,0.1,3,3,189,0,90%,0.74,0.54,0.95,0.74,0.54,0.95,0.95,0.72,1.18,0.52,0.31,0.73,0.74,0.51,0.97,0.76,0.52,0.99,91.90%,81.30%,1307.87,6.26,4.98,6.36,2.88,5.13,7.36,6.34,6.26,NE,6.27,157,75.10%,59.30%,47.80%,208,99.50%,209,100.00%,209,100.00%,169,80.90%,192,91.90%,95.20%,92.30%,94.30%,82.30%,92.80%,82.30%,88.20%,84.00%,81.30%,65.10%,189,90%,154,91%,177,92%,0.67,0.47,0.88,0.92,0.64,1.2,-0.06,-0.34,0.23,199,193,197,172,194,172,149,142,156,125,156,74.60%,208,99.50%,209,100.00%,208,99.50%,169,100.00%,189,98.40%,53.9,14,0,0.82,0.08,1.57,0.82,0.07,1.58,67.9,175,0,0.74,0.53,0.95,0.74,0.52,0.95,12.3,1.22,0.37,2.06,10.4,0.64,-0.14,1.42,15.7,0.77,-0.09,1.63,15.5,0.73,-0.11,1.58,14.3,0.93,0.69,1.17,13.2,0.51,0.29,0.73,20.3,0.74,0.5,0.98,20,0.76,0.52,1,15.5,0,19.9,0.1,3.9,0.66,32.1,14,0,0.47,-0.27,1.21,0.47,-0.28,1.23,55.8,68,0,0.8,0.47,1.14,0.8,0.46,1.14,77.5,107,0,0.74,0.47,1.01,0.74,0.47,1.02,67.1,14,13.4,20.1,19.7,19.7,0,62,0,0.91,0.56,1.27,0.91,0.56,1.27,66.9,14.2,13,20,19.7,19.6,0.1,189,0,0.74,0.54,0.95,0.74,0.54,0.95,NE,NE,NE,NE,NE,NE,NE,NE,NE,NE,NE,NE,NE,NE,NE,66.8,14.2,13,20,19.7,19.5,0.1,189,0,0.74,0.54,0.95,0.74,0.54,0.95,5,35.70%,14.30%,7.10%,52,76.50%,41.20%,19.10%,89,83.20%,77.60%,72.00%,60.00%,76.30%,46.70%,33.30%,60.30%,49.00%,0.51,0.65,0.71,0.65,0.68,0.49,1.09,0.86,0.9,0.92,SUPP,-0.24,0.05,0.34,-0.08,1.41,-0.12,0.89,0.46,1.27,-0.25,1,0.31,0.98,0.43,1.95,-0.15,1.21,0.63,1.54,-0.56,1.56,0.62,1.23,0.49,1.5,-0.82,0.22,-0.38,SUPP,SUPP,0.23,-0.72,0.42,-0.32,NE,NE,NE,75.10%,59.30%,47.80%,75.80%,59.90%,48.30%,79.10%,59.70%,53.70%,89.00%,100.00%,73.30%,93.30%,5,35.70%,61,89.70%,107,100.00%,NE,91.90%,92.50%,91.80%,53.30%,83.50%,3,21.40%,43,63.20%,105,98.10%,NE,81.30%,80.60%,81.20%,4.80%,66.00%,9.2,7,8.5,9.9,8.1,9.3,9.2,7,8.5,9.9,8.1,9.3,1931,1,0%,Well above average
2,919,7026,117683,Watling View School,,Watling View,,,St Albans,AL1 2NU,01727850560,E14001507,St Albans,0,0,CYS,Does not apply,NA,NA,MIXED,0,2-19,99,69,30,7,4,57.10%,3,42.90%,63.8,6,100.00%,0,0.00%,0,0.00%,3,42.90%,4,57.10%,3,42.90%,4,57.10%,0,0.00%,7,100.00%,,,,,,,NE,NE,NE,NE,NE,NE,NE,NE,NE,NE,NE,NE,NE,NE,NE,NE,NE,NE,NE,NE,NE,NE,NE,NE,NE,NE,NE,NE,NE,NE,NE,NE,NE,NE,NE,NE,NE,NE,NE,NE,NE,SUPP,SUPP,NE,NE,NE,SUPP,SUPP,SUPP,NE,NE,NE,NE,NE,NE,NE,NE,NE,NE,NE,NE,NE,NE,NE,NE,NE,NE,NE,NE,NE,NE,NE,NE,NE,NE,NE,NE,NE,NE,NE,NE,NE,NE,NE,NE,NE,NE,NE,NE,NE,NE,NE,NE,NE,NE,NE,NE,NE,NE,NE,NE,NE,NE,NE,NE,NE,NE,NE,NE,NE,NE,SUPP,SUPP,SUPP,SUPP,SUPP,SUPP,SUPP,SUPP,SUPP,SUPP,SUPP,SUPP,SUPP,SUPP,SUPP,SUPP,SUPP,SUPP,SUPP,SUPP,SUPP,SUPP,SUPP,SUPP,SUPP,SUPP,SUPP,SUPP,SUPP,SUPP,SUPP,SUPP,SUPP,SUPP,SUPP,SUPP,SUPP,SUPP,SUPP,SUPP,SUPP,SUPP,SUPP,SUPP,SUPP,SUPP,SUPP,SUPP,SUPP,SUPP,SUPP,SUPP,SUPP,SUPP,SUPP,SUPP,NE,NE,NE,NE,NE,NE,NE,NE,NE,NE,NE,NE,NE,NE,NE,NE,NE,NE,NE,NE,NE,NE,NE,NE,NE,NE,NE,SUPP,SUPP,SUPP,SUPP,SUPP,SUPP,SUPP,SUPP,SUPP,SUPP,SUPP,SUPP,SUPP,SUPP,SUPP,SUPP,SUPP,SUPP,SUPP,SUPP,SUPP,SUPP,SUPP,SUPP,SUPP,SUPP,SUPP,SUPP,SUPP,SUPP,SUPP,SUPP,SUPP,SUPP,SUPP,SUPP,SUPP,SUPP,SUPP,SUPP,SUPP,SUPP,SUPP,SUPP,SUPP,NE,NE,NE,NE,NE,NE,NE,NE,NE,NE,NE,NE,NE,NE,NE,NE,NE,NE,NE,NE,NE,NE,NE,NE,NE,NE,NE,SUPP,SUPP,SUPP,SUPP,SUPP,SUPP,NE,NE,NE,SUPP,SUPP,NE,NE,NE,SUPP,SUPP,NE,NE,NE,SUPP,SUPP,SUPP,SUPP,SUPP,SUPP,NE,NE,NE,NE,NE,NE,SUPP,SUPP,SUPP,SUPP,NE,NE,NE,NE,NE,NE,SUPP,SUPP,SUPP,SUPP,NE,NE,NE,NE,NE,NE,SUPP,SUPP,SUPP,SUPP,SUPP,SUPP,NE,NE,NE,SUPP,SUPP,SUPP,NE,NE,SUPP,SUPP,NE,NE,NE,NE,NE,NE,SUPP,SUPP,SUPP,NE,SUPP,SUPP,NE,NE,NE,NE,NE,NE,SUPP,SUPP,SUPP,NE,NE,NE,NE,NE,NE,NE,SUPP,SUPP,NE,NE,NE,NE,SUPP,SUPP,NE,NE,NE
1,919,4111,140049,Westfield Academy,,Tolpits Lane,,,Watford,WD18 6NS,01923231560,E14001568,Watford,0,0,ACC,Does not apply,NSE,OTHER NON SEL,MIXED,0,11-18,1341,695,646,209,106,50.70%,103,49.30%,101.4,59,31.10%,121,63.70%,10,5.30%,51,24.40%,158,75.60%,89,42.60%,119,56.90%,1,0.50%,204,97.60%,4,1.90%,24,11.50%,20,9.60%,8443.3,40.4,1902,9.1,1552,7.4,2594,12.4,2395.3,11.5,1926.5,9.2,468.8,2.2,2.8,2.9,190,2,91%,-0.03,-0.23,0.17,-0.04,-0.24,0.17,0.11,-0.12,0.34,-0.27,-0.48,-0.06,0.22,-0.02,0.45,-0.24,-0.47,-0.01,53.10%,24.90%,799.95,3.83,3.38,3.97,2.75,4.16,5.13,4.07,4.15,3.52,3.85,172,82.30%,22.00%,10.00%,202,96.70%,202,96.70%,202,96.70%,198,94.70%,172,82.30%,71.80%,53.10%,60.30%,31.10%,63.90%,40.10%,49.50%,32.80%,36.00%,27.90%,185,92%,182,92%,158,92%,0.17,-0.04,0.38,-0.03,-0.28,0.23,-0.84,-1.14,-0.53,150,111,126,65,129,81,98,65,62,48,165,78.90%,202,96.70%,199,95.20%,198,98.00%,194,98.00%,166,96.50%,36,47,1,-0.61,-1.01,-0.2,-0.61,-1.02,-0.2,41.8,143,1,0.16,-0.07,0.39,0.15,-0.09,0.38,8.3,-0.46,-0.92,0,6.7,-0.73,-1.15,-0.3,11.1,-0.38,-0.85,0.09,10,-0.86,-1.32,-0.39,9.4,0.29,0.03,0.56,7.7,-0.12,-0.37,0.12,12.8,0.41,0.14,0.68,11.9,-0.04,-0.3,0.23,7.9,2.1,9.6,2.3,-14,-0.77,30.3,59,0,0.35,-0.01,0.71,0.35,-0.02,0.72,43.5,121,1,-0.17,-0.43,0.08,-0.17,-0.43,0.08,54,10,1,-0.51,-1.39,0.37,-0.71,-1.6,0.19,42,9.2,7.8,13.3,11.8,10,1.8,71,1,0.34,0.01,0.67,0.31,-0.02,0.65,43.7,10,7.6,13.5,12.7,10.8,1.9,93,2,0,-0.29,0.29,-0.02,-0.32,0.27,37.2,8.2,7.3,11.4,10.3,7.7,2.6,97,0,-0.06,-0.34,0.23,-0.06,-0.34,0.23,40.7,9.2,7.5,12.5,11.6,9.3,2.3,186,2,-0.01,-0.21,0.19,-0.02,-0.23,0.19,47,79.70%,8.50%,1.70%,103,85.10%,24.80%,9.90%,8,80.00%,50.00%,40.00%,70.60%,86.10%,15.70%,7.80%,24.10%,10.80%,0.23,0.19,-0.34,-0.3,0.32,0.23,-0.17,0.21,-0.65,0.16,-1.18,-0.73,-0.15,-1.37,-0.7,0.13,-0.73,0.56,0.08,0.6,-0.15,0.45,-0.08,0.61,-1.29,-0.11,-1.18,0.46,-0.13,0.69,-0.23,0.16,-0.49,1.37,-0.95,-0.69,-2.05,-0.36,-1.04,-0.62,-1.74,-0.35,-1.11,1.2,-1.51,81.10%,15.10%,8.50%,83.50%,29.10%,11.70%,82.80%,22.50%,10.30%,86.50%,28.10%,16.90%,45.50%,98.10%,49.00%,54.40%,16,27.10%,78,64.50%,9,90.00%,45.30%,61.20%,50.60%,53.90%,21.60%,25.90%,3,5.10%,36,29.80%,8,80.00%,22.60%,27.20%,29.20%,25.50%,6.70%,13.90%,8.8,8.9,8.8,8.5,8.5,9,7.6,7.4,7.6,7.2,7.1,7.7,1908,0,0%,Average
2,919,6053,140655,White Trees Independent School,,13a London Road,Bishops Stortford,Hertfordshire,,CM23 5NA,01279658518,E14001283,Hertford and Stortford,0,0,INDSS,None,,NA,MIXED,0,11-18,58,40,18,10,7,70.00%,3,30.00%,NP,NP,NP,NP,NP,NP,NP,NP,NP,NP,NP,NP,NP,NP,NP,NP,NP,NP,NP,,,,,,,66,6.6,17,1.7,28,2.8,16,1.6,5,0.5,5,0.5,0,0,0.3,0.1,NP,NP,NP,NP,NP,NP,NP,NP,NP,NP,NP,NP,NP,NP,NP,NP,NP,NP,NP,NP,NP,10.00%,10.00%,4.66,0.47,NP,NP,NP,NP,NP,NP,SUPP,SUPP,NP,0,0.00%,0.00%,0.00%,1,10.00%,3,30.00%,0,0.00%,1,10.00%,0,0.00%,10.00%,10.00%,20.00%,20.00%,NE,NE,SUPP,SUPP,NE,NE,NP,NP,NP,NP,NP,NP,NP,NP,NP,NP,NP,NP,NP,NP,NP,1,1,2,2,NE,NE,SUPP,SUPP,NE,NE,0,0.00%,1,10.00%,3,30.00%,NE,NE,SUPP,SUPP,NE,NE,NP,NP,NP,NP,NP,NP,NP,NP,NP,NP,NP,NP,NP,NP,NP,NP,NP,NP,NP,NP,NP,NP,NP,NP,NP,NP,NP,NP,NP,NP,NP,NP,NP,NP,NP,NP,NP,NP,NP,NP,NP,NP,NP,NP,NP,NP,NP,NP,NP,NP,NP,NP,NP,NP,NP,NP,NP,NP,NP,NP,NP,NP,NP,NP,NP,NP,NP,NP,NP,NP,NP,NP,NP,NP,NP,NP,NP,NP,NP,NP,NP,NP,NP,NP,NP,NP,NP,NP,NP,NP,NP,NP,NP,NP,NP,NP,NP,NP,SUPP,SUPP,SUPP,SUPP,SUPP,SUPP,SUPP,NP,NP,NP,NP,NP,NP,NP,NP,SUPP,SUPP,SUPP,SUPP,SUPP,SUPP,SUPP,NP,NP,NP,NP,NP,NP,NP,NP,NP,NP,NP,NP,NP,NP,NP,NP,NP,NP,NP,NP,NP,NP,NP,NP,NP,NP,NP,NP,NP,NP,NP,NP,NP,NP,NP,NP,NP,NP,NP,NP,NP,NP,NP,NP,NP,NP,NP,NP,NP,NP,NP,NP,NP,NP,NP,NP,NP,NP,NP,NP,NP,NP,NP,NP,NP,NP,NP,NP,NP,NP,NP,NP,NP,NP,NP,NP,NP,NP,NP,NP,NP,NP,NP,NP,NP,NP,SUPP,SUPP,SUPP,SUPP,SUPP,SUPP,NP,NP,NP,NP,NP,NP,10.00%,30.00%,NP,NP,NP,NP,NP,NP,NP,NP,SUPP,SUPP,NP,NP,NP,NP,NP,NP,NP,NP,NP,NP,SUPP,SUPP,NP,NP,0.00%,0.00%,1,NP,NP,NP,NP,NP,1,NP,NP,NP,NP,NP,10,0,0%
2,919,7025,117682,Woodfield School,,Malmes Croft,Leverstock Green,,Hemel Hempstead,HP3 8RL,01442253476,E14001278,Hemel Hempstead,0,0,CYS,Does not apply,NA,NA,MIXED,0,3-19,128,84,44,8,3,37.50%,5,62.50%,63.2,7,100.00%,0,0.00%,0,0.00%,4,50.00%,4,50.00%,0,0.00%,8,100.00%,0,0.00%,8,100.00%,,,,,,,NE,NE,NE,NE,NE,NE,NE,NE,NE,NE,NE,NE,NE,NE,NE,NE,NE,NE,NE,NE,NE,NE,NE,NE,NE,NE,NE,NE,NE,NE,NE,NE,NE,NE,NE,NE,NE,NE,NE,NE,NE,SUPP,SUPP,NE,NE,NE,NE,SUPP,SUPP,NE,NE,NE,NE,NE,NE,NE,NE,NE,NE,NE,NE,NE,NE,NE,NE,NE,NE,NE,NE,NE,NE,NE,NE,NE,NE,NE,NE,NE,NE,NE,NE,NE,NE,NE,NE,NE,NE,NE,NE,NE,NE,NE,NE,NE,NE,NE,NE,NE,NE,NE,NE,NE,NE,NE,NE,NE,NE,NE,NE,NE,NE,SUPP,SUPP,SUPP,SUPP,SUPP,SUPP,SUPP,SUPP,SUPP,SUPP,SUPP,SUPP,SUPP,SUPP,SUPP,SUPP,SUPP,SUPP,SUPP,SUPP,SUPP,SUPP,SUPP,SUPP,SUPP,SUPP,SUPP,SUPP,SUPP,SUPP,SUPP,SUPP,SUPP,SUPP,SUPP,SUPP,SUPP,SUPP,SUPP,SUPP,SUPP,SUPP,SUPP,SUPP,SUPP,SUPP,SUPP,SUPP,SUPP,SUPP,SUPP,SUPP,SUPP,SUPP,SUPP,SUPP,NE,NE,NE,NE,NE,NE,NE,NE,NE,NE,NE,NE,NE,NE,NE,NE,NE,NE,NE,NE,NE,NE,NE,NE,NE,NE,NE,NE,NE,NE,NE,NE,NE,NE,NE,NE,NE,NE,NE,NE,NE,NE,SUPP,SUPP,SUPP,SUPP,SUPP,SUPP,SUPP,SUPP,SUPP,SUPP,SUPP,SUPP,SUPP,SUPP,SUPP,SUPP,SUPP,SUPP,SUPP,SUPP,SUPP,SUPP,SUPP,SUPP,SUPP,SUPP,SUPP,SUPP,SUPP,SUPP,NE,NE,NE,NE,NE,NE,NE,NE,NE,NE,NE,NE,NE,NE,NE,NE,NE,NE,NE,NE,NE,NE,NE,NE,NE,NE,NE,SUPP,SUPP,SUPP,SUPP,SUPP,SUPP,NE,NE,NE,SUPP,SUPP,NE,NE,NE,SUPP,SUPP,NE,NE,NE,SUPP,SUPP,SUPP,SUPP,SUPP,SUPP,NE,NE,NE,NE,NE,NE,SUPP,SUPP,SUPP,SUPP,NE,NE,NE,NE,NE,NE,SUPP,SUPP,SUPP,SUPP,NE,NE,NE,NE,NE,NE,SUPP,SUPP,SUPP,SUPP,SUPP,SUPP,NE,NE,NE,NE,NE,NE,NE,NE,SUPP,SUPP,NE,NE,NE,NE,NE,NE,SUPP,SUPP,NE,NE,SUPP,SUPP,NE,NE,NE,NE,NE,NE,SUPP,SUPP,NE,NE,NE,NE,NE,NE,NE,NE,SUPP,SUPP,NE,NE,NE,NE,SUPP,SUPP,NE,NE,NE
1,919,4802,136922,Yavneh College,,Hillside Avenue,,,Borehamwood,WD6 1HL,02087365580,E14001284,Hertsmere,0,0,ACC,Jewish,NSE,OTHER NON SEL,MIXED,0,11-18,1075,560,515,175,87,49.70%,88,50.30%,107,18,11.90%,73,48.30%,60,39.70%,7,4.00%,168,96.00%,3,1.70%,172,98.30%,0,0.00%,172,98.30%,6,3.40%,27,15.40%,21,12.00%,10795,61.7,2303,13.2,2080,11.9,3269.5,18.7,3142.5,18,2543.5,14.5,599,3.4,2.9,2.9,151,0,86%,0.97,0.74,1.19,0.97,0.74,1.2,1.09,0.83,1.34,0.73,0.49,0.97,1.09,0.83,1.35,0.92,0.67,1.18,89.70%,76.60%,933.34,5.33,4.52,5.37,3.14,4.84,6.56,SUPP,5.18,5.49,5.35,45,25.70%,24.60%,22.30%,172,98.30%,175,100.00%,175,100.00%,129,73.70%,61,34.90%,94.90%,90.30%,91.40%,77.10%,89.10%,74.30%,92.20%,82.90%,93.40%,91.80%,151,86%,114,88%,51,84%,0.99,0.75,1.22,1.19,0.86,1.52,1.86,1.32,2.4,166,158,160,135,156,130,119,107,57,56,45,25.70%,172,98.30%,175,100.00%,175,100.00%,129,100.00%,61,100.00%,49.9,6,0,-0.11,-1.24,1.03,-0.11,-1.26,1.05,62.2,145,0,1.01,0.78,1.24,1.01,0.78,1.25,10.7,0.04,-1.25,1.33,10.6,0.14,-1.05,1.33,15.6,0.15,-1.16,1.46,13,-0.63,-1.92,0.67,13.3,1.13,0.87,1.39,11.9,0.75,0.51,1,18.8,1.13,0.87,1.4,18.2,0.99,0.73,1.25,10.4,2.6,14.7,3.5,-0.1,-0.27,38.2,18,0,1.02,0.37,1.68,1.02,0.36,1.69,57.8,73,0,1.12,0.79,1.44,1.12,0.79,1.45,73,60,0,0.77,0.41,1.13,0.77,0.41,1.14,SUPP,SUPP,SUPP,SUPP,SUPP,SUPP,SUPP,SUPP,SUPP,SUPP,SUPP,SUPP,SUPP,SUPP,SUPP,60.7,13.5,11.1,18,18,14.2,3.8,77,0,0.92,0.6,1.23,0.92,0.6,1.24,62.7,12.8,12.6,19.4,17.9,14.9,3,74,0,1.02,0.7,1.34,1.02,0.69,1.35,61.9,13.2,11.9,18.7,18,14.6,3.5,150,0,0.98,0.75,1.2,0.98,0.75,1.21,1,5.60%,5.60%,5.60%,15,20.50%,17.80%,13.70%,23,38.30%,38.30%,38.30%,14.30%,26.20%,14.30%,14.30%,25.00%,22.60%,0.78,1.09,0.92,0.07,1.02,1.48,1.45,0.88,-0.52,1.29,SUPP,1.46,1.76,SUPP,1.84,1.23,-1.1,1.26,0.79,1.46,0.11,1.42,0.75,1.29,0.56,0.9,-1.94,1.62,0.95,2.58,0.38,1.93,0.96,1.36,0.4,SUPP,SUPP,2.39,1.29,SUPP,SUPP,2.3,0.62,2.51,1.01,28.70%,26.40%,24.10%,22.70%,22.70%,20.50%,25.60%,24.40%,22.10%,SUPP,SUPP,SUPP,88.60%,100.00%,71.40%,90.50%,6,33.30%,69,94.50%,60,100.00%,89.70%,89.80%,SUPP,90.10%,57.10%,77.40%,1,5.60%,55,75.30%,60,100.00%,83.90%,69.30%,SUPP,77.30%,1.10%,34.30%,7.6,6.6,7.4,8.2,6.6,7.6,7,6.1,6.8,7.5,6.1,7,1338,0,0%,Well above average
4,919,,,,,,,,,,,,,,0,,,,,,,,95498,48286,47212,14976,7701,51.40%,7275,48.60%,104.9,2841,20.20%,7233,51.40%,4005,28.40%,2429,16.20%,12547,83.80%,2078,13.90%,12816,85.60%,82,0.50%,14482,96.70%,646,4.30%,2706,18.10%,2060,13.80%,752502.5,50.2,158518,10.6,149396,10,222729.5,14.9,221859,14.8,204255,13.6,17604,1.2,2.8,2.8,14079,81,94%,0.19,0.17,0.21,0.18,0.16,0.21,0.14,0.11,0.17,0.18,0.15,0.2,0.22,0.19,0.25,0.18,0.15,0.21,72.60%,53.70%,67547.06,4.51,2.97,4.81,2.2,4.34,6.41,4.97,4.72,4.31,4.55,6877,45.90%,31.90%,23.70%,14248,95.10%,14566,97.30%,14273,95.30%,12374,82.60%,7697,51.40%,80.90%,67.70%,76.50%,59.30%,72.90%,55.80%,71.30%,59.40%,77.40%,63.90%,13437,,11706,,7198,,,,,,,,,,,12118,10140,11464,8877,10409,7959,8828,7352,5960,4919,6768,45.20%,14201,94.80%,14443,96.40%,14107,98.80%,12186,98.50%,7616,98.90%,34.4,2277,36,-0.56,-0.62,-0.5,-0.57,-0.63,-0.51,53.3,11802,45,0.33,0.31,0.36,0.33,0.3,0.36,7.7,-0.52,-0.59,-0.46,6.9,-0.48,-0.54,-0.42,9.8,-0.59,-0.66,-0.52,10,-0.65,-0.72,-0.59,11.1,0.27,0.24,0.3,10.6,0.3,0.28,0.33,15.9,0.38,0.35,0.41,15.7,0.34,0.31,0.37,8.6,1.4,14.6,1.1,-15.6,-0.72,27,2841,0,0,-0.06,0.05,0,-0.06,0.05,49,7233,44,0.24,0.21,0.27,0.24,0.2,0.27,68.7,4005,37,0.23,0.19,0.28,0.22,0.18,0.27,53.5,10.9,10.7,16.5,15.4,14.3,1,1695,6,0.59,0.52,0.65,0.58,0.51,0.65,52.9,11.4,10,15.4,16.1,14.9,1.2,6848,44,0.32,0.29,0.35,0.31,0.28,0.35,47.8,9.8,10,14.4,13.6,12.4,1.2,7231,37,0.06,0.03,0.1,0.06,0.03,0.09,50.7,10.7,10,15,15,13.8,1.2,13788,73,0.22,0.19,0.24,0.21,0.19,0.24,492,17.30%,2.70%,0.80%,3315,45.80%,27.50%,16.50%,2665,66.50%,60.10%,52.40%,27.60%,49.50%,13.30%,8.10%,35.50%,26.70%,0.1,0.25,0.25,-0.34,0.32,0.2,0.36,0.29,-0.38,0.42,-0.05,0.24,0.27,-0.27,0.29,,,,,,,,,,,,,,,,,,,,,,,,,,,,,,,42.70%,28.00%,20.20%,49.40%,36.00%,27.40%,46.70%,32.60%,24.20%,61.40%,41.00%,29.50%,68.20%,97.40%,44.00%,78.10%,689,24.30%,5639,78.00%,3906,97.50%,69.70%,75.60%,74.70%,73.30%,25.50%,59.20%,191,6.70%,3700,51.20%,3656,91.30%,51.50%,56.10%,58.20%,54.40%,4.40%,30.90%,8.2,6.8,8.2,9.1,7,8.4,7.8,6.2,7.8,8.9,6.5,8.1,123373,14,0.00%,Above average
5,,,,,,,,,,,,,,,0,,,,,,,,4175986,2131324,2044670,697704,358598,51.40%,339106,48.60%,,,,,,,,,,,,,,,,,,,,,,,,,,30865173.3,44.2,6488911.3,9.3,5967524.1,8.6,9194880.2,13.2,9213857.7,13.2,7919178.6,11.4,1294679.1,1.9,2.6,2.6,,,,,,,,,,,,,,,,,,,,,,60.40%,42.80%,2715504.9,3.89,,,,,,,4.1,,4.09,258545,37.10%,23.20%,16.60%,611785,87.70%,631217,90.50%,623566,89.40%,538100,77.10%,312339,44.80%,69.80%,56.70%,65.40%,48.50%,66.60%,48.40%,64.20%,52.10%,73.30%,59.90%,555168,,484099,,266017,,,,,,,,,,,486755,395695,456589,338668,415452,301922,345494,280263,229027,187170,251283,36.00%,607591,87.10%,619541,88.80%,611651,98.10%,523508,97.30%,307255,98.40%,,,,,,,,,,,,,,,,,,,,,,,,,,,,,,,,,,,,,,,,,,,,,,,,,,,,,,,,,,,,,,,,,,,,,,,,,,,,,,,,,,,,,,,,,,,,,,,,,,,46.8,10.1,8.6,13.7,14.4,12.5,2,,,,,,,,,41.8,8.5,8.5,12.7,12,10.3,1.7,,,,,,,,,,,,,,,,,,,,,,,,,,,,,,,,,,,,,,,,,,,,,,,,,,,,,,,,,,,,,,,,,,,,,,,,,,,,,,,,,,,,,,,33.30%,19.40%,13.50%,41.10%,27.30%,19.80%,,,,,,,55.80%,95.60%,,,,,,,,,57.60%,63.40%,,,,,,,,,,,40.30%,45.40%,,,3.60%,24.10%,7.5,,,,,,7,,,,,,5303874,489,0.00%
7,,,,,,,,,,,,,,,0,,,,,,,,3726340,1904316,1822024,629207,321951,51.20%,307256,48.80%,104,134673,23.00%,309843,52.80%,141991,24.20%,166470,26.50%,462737,73.50%,118426,18.80%,506261,80.50%,3196,0.50%,598863,95.20%,30458,4.80%,108538,17.20%,78080,12.40%,28896739.7,45.9,6183172.3,9.8,5738002.6,9.1,8460175.3,13.4,8515389.5,13.5,7244453.8,11.5,1270935.8,2,2.7,2.7,586425,5707,93%,-0.03,,,-0.04,,,-0.04,,,-0.03,,,-0.03,,,-0.04,,,65.00%,45.90%,2563118.14,4.07,2.99,4.46,2.06,4.05,6.11,4.46,4.26,3.9,4.14,254345,40.40%,25.20%,18.00%,591743,94.00%,606776,96.40%,594548,94.50%,514067,81.70%,287109,45.60%,74.50%,60.30%,70.00%,51.70%,65.70%,47.20%,63.00%,50.70%,71.60%,57.70%,555168,,484099,,266017,,,,,,,,,,,468768,379297,440288,325545,390714,280811,324075,260555,205710,165714,247273,39.30%,587669,93.40%,596277,94.80%,583252,98.10%,499639,97.20%,282396,98.40%,34.6,154913,3005,-0.57,-0.57,-0.56,-0.58,-0.59,-0.57,50,431512,2702,0.16,0.16,0.17,0.16,0.15,0.16,7.7,-0.54,-0.55,-0.53,6.9,-0.52,-0.52,-0.51,9.9,-0.6,-0.61,-0.59,10.1,-0.63,-0.64,-0.62,10.6,0.13,0.13,0.14,9.9,0.15,0.15,0.16,14.7,0.17,0.16,0.17,14.8,0.17,0.16,0.17,8.1,2,12.7,2,,,25.2,134615,0,-0.14,-0.14,-0.13,-0.14,-0.14,-0.13,46.2,309822,3472,-0.01,-0.01,0,-0.01,-0.02,-0.01,66.1,141988,2235,0.02,0.01,0.03,0,0,0.01,48.6,10.1,9.6,14.8,14,12.4,1.6,94292,360,0.51,0.5,0.52,0.51,0.5,0.52,48.2,10.6,9.1,13.9,14.7,12.5,2.1,287256,2884,0.09,0.09,0.1,0.09,0.08,0.09,43.7,9.1,9.2,13,12.4,10.5,1.9,299169,2823,-0.15,-0.15,-0.14,-0.15,-0.16,-0.15,46.6,10,9.2,13.6,13.8,11.7,2.1,569842,4972,0,0,0.01,0,-0.01,0,21968,16.30%,2.60%,0.90%,127210,41.10%,22.00%,12.60%,89020,62.70%,54.60%,46.10%,28.60%,44.70%,12.90%,8.00%,29.70%,21.60%,0,0,0.01,-0.42,0.14,0,0,0.01,-0.53,0.16,0,0,0.01,-0.34,0.08,,,,,,,,,,,,,,,,,,,,,,,,,,,,,,,36.50%,21.30%,14.80%,44.50%,29.40%,21.30%,41.50%,26.10%,18.60%,52.20%,32.10%,23.20%,60.20%,96.60%,43.40%,72.80%,26662,19.80%,223396,72.10%,135753,95.60%,62.50%,67.60%,67.50%,66.20%,25.80%,53.10%,8154,6.10%,140022,45.20%,123960,87.30%,43.60%,48.30%,49.90%,47.00%,3.30%,24.80%,7.9,6.6,8,9,7,8.2,7.3,5.8,7.4,8.6,6.4,7.6,5011764,370,0.00%