RECTYPE,LEA,ESTAB,URN,SCHNAME,SCHNAME_AC,ADDRESS1,ADDRESS2,ADDRESS3,TOWN,PCODE,TELNUM,PCON_CODE,PCON_NAME,CONTFLAG,ICLOSE,NFTYPE,RELDENOM,ADMPOL,ADMPOL_PT,EGENDER,FEEDER,AGERANGE,TOTPUPS,NUMBOYS,NUMGIRLS,TPUP,BPUP,PBPUP,GPUP,PGPUP,KS2ASS,TPRIORLO,PTPRIORLO,TPRIORAV,PTPRIORAV,TPRIORHI,PTPRIORHI,TFSM6CLA1A,PTFSM6CLA1A,TNOTFSM6CLA1A,PTNOTFSM6CLA1A,TEALGRP2,PTEALGRP2,TEALGRP1,PTEALGRP1,TEALGRP3,PTEALGRP3,TNMOB,PTNMOB,SENE4,PSENE4,SEN_ALL4,PSEN_ALL4,SENK4,PSENK4,TOTATT8,ATT8SCR,TOTATT8ENG,ATT8SCRENG,TOTATT8MAT,ATT8SCRMAT,TOTATT8EBAC,ATT8SCREBAC,TOTATT8OPEN,ATT8SCROPEN,TOTATT8OPENG,ATT8SCROPENG,TOTATT8OPENNG,ATT8SCROPENNG,AVGEBACFILL,AVGOPENFILL,P8PUP,TP8ADJ,P8MEACOV,P8MEA,P8CILOW,P8CIUPP,P8MEA_ORIG,P8CILOW_ORIG,P8CIUPP_ORIG,P8MEAENG,P8MEAENG_CILOW,P8MEAENG_CIUPP,P8MEAMAT,P8MEAMAT_CILOW,P8MEAMAT_CIUPP,P8MEAEBAC,P8MEAEBAC_CILOW,P8MEAEBAC_CIUPP,P8MEAOPEN,P8MEAOPEN_CILOW,P8MEAOPEN_CIUPP,PTL2BASICS_94,PTL2BASICS_95,TOTEBACCAPS,EBACCAPS,EBACCAPS_FSM6CLA1A,EBACCAPS_NFSM6CLA1A,EBACCAPS_LO,EBACCAPS_MID,EBACCAPS_HI,EBACCAPS_EAL,EBACCAPS_GIRLS,EBACCAPS_BOYS,EBACCAPS_NMOB,TEBACC_E_PTQ_EE,PTEBACC_E_PTQ_EE,PTEBACC_94,PTEBACC_95,TEBACENG_E_PTQ_EE,PTEBACENG_E_PTQ_EE,TEBACMAT_E_PTQ_EE,PTEBACMAT_E_PTQ_EE,TEBAC2SCI_E_PTQ_EE,PTEBAC2SCI_E_PTQ_EE,TEBACHUM_E_PTQ_EE,PTEBACHUM_E_PTQ_EE,TEBACLAN_E_PTQ_EE,PTEBACLAN_E_PTQ_EE,PTEBACENG_94,PTEBACENG_95,PTEBACMAT_94,PTEBACMAT_95,PTEBAC2SCI_94,PTEBAC2SCI_95,PTEBACHUM_94,PTEBACHUM_95,PTEBACLAN_94,PTEBACLAN_95,SCIVAPUP_PTQ_EE,SCIVACOV_PTQ_EE,HUMVAPUP_PTQ_EE,HUMVACOV_PTQ_EE,LANVAPUP_PTQ_EE,LANVACOV_PTQ_EE,SCIVAMEA_PTQ_EE,SCIVALOW_PTQ_EE,SCIVAUPP_PTQ_EE,HUMVAMEA_PTQ_EE,HUMVALOW_PTQ_EE,HUMVAUPP_PTQ_EE,LANVAMEA_PTQ_EE,LANVALOW_PTQ_EE,LANVAUPP_PTQ_EE,TEBACENG_94,TEBACENG_95,TEBACMAT_94,TEBACMAT_95,TEBAC2SCI_94,TEBAC2SCI_95,TEBACHUM_94,TEBACHUM_95,TEBACLAN_94,TEBACLAN_95,TEBACC91,PTEBACC91,TEBACENG91,PTEBACENG91,TEBACMAT91,PTEBACMAT91,TEBAC2SCI91,PTEBAC2SCI91,TEBACHUM91,PTEBACHUM91,TEBACLAN91,PTEBACLAN91,ATT8SCR_FSM6CLA1A,P8PUP_FSM6CLA1A,TP8ADJ_FSM6CLA1A,P8MEA_FSM6CLA1A,P8CILOW_FSM6CLA1A,P8CIUPP_FSM6CLA1A,P8MEA_FSM6CLA1A_ORIG,P8CILOW_FSM6CLA1A_ORIG,P8CIUPP_FSM6CLA1A_ORIG,ATT8SCR_NFSM6CLA1A,P8PUP_NFSM6CLA1A,TP8ADJ_NFSM6CLA1A,P8MEA_NFSM6CLA1A,P8CILOW_NFSM6CLA1A,P8CIUPP_NFSM6CLA1A,P8MEA_NFSM6CLA1A_ORIG,P8CILOW_NFSM6CLA1A_ORIG,P8CIUPP_NFSM6CLA1A_ORIG,ATT8SCRENG_FSM6CLA1A,P8MEAENG_FSM6CLA1A,P8MEAENG_CILOW_FSM6CLA1A,P8MEAENG_CIUPP_FSM6CLA1A,ATT8SCRMAT_FSM6CLA1A,P8MEAMAT_FSM6CLA1A,P8MEAMAT_CILOW_FSM6CLA1A,P8MEAMAT_CIUPP_FSM6CLA1A,ATT8SCREBAC_FSM6CLA1A,P8MEAEBAC_FSM6CLA1A,P8MEAEBAC_CILOW_FSM6CLA1A,P8MEAEBAC_CIUPP_FSM6CLA1A,ATT8SCROPEN_FSM6CLA1A,P8MEAOPEN_FSM6CLA1A,P8MEAOPEN_CILOW_FSM6CLA1A,P8MEAOPEN_CIUPP_FSM6CLA1A,ATT8SCRENG_NFSM6CLA1A,P8MEAENG_NFSM6CLA1A,P8MEAENG_CILOW_NFSM6CLA1A,P8MEAENG_CIUPP_NFSM6CLA1A,ATT8SCRMAT_NFSM6CLA1A,P8MEAMAT_NFSM6CLA1A,P8MEAMAT_CILOW_NFSM6CLA1A,P8MEAMAT_CIUPP_NFSM6CLA1A,ATT8SCREBAC_NFSM6CLA1A,P8MEAEBAC_NFSM6CLA1A,P8MEAEBAC_CILOW_NFSM6CLA1A,P8MEAEBAC_CIUPP_NFSM6CLA1A,ATT8SCROPEN_NFSM6CLA1A,P8MEAOPEN_NFSM6CLA1A,P8MEAOPEN_CILOW_NFSM6CLA1A,P8MEAOPEN_CIUPP_NFSM6CLA1A,ATT8SCROPENG_FSM6CLA1A,ATT8SCROPENNG_FSM6CLA1A,ATT8SCROPENG_NFSM6CLA1A,ATT8SCROPENNG_NFSM6CLA1A,DIFFN_ATT8,DIFFN_P8MEA,ATT8SCR_LO,P8PUP_LO,TP8ADJ_LO,P8MEA_LO,P8CILOW_LO,P8CIUPP_LO,P8MEA_LO_ORIG,P8CILOW_LO_ORIG,P8CIUPP_LO_ORIG,ATT8SCR_MID,P8PUP_MID,TP8ADJ_MID,P8MEA_MID,P8CILOW_MID,P8CIUPP_MID,P8MEA_MID_ORIG,P8CILOW_MID_ORIG,P8CIUPP_MID_ORIG,ATT8SCR_HI,P8PUP_HI,TP8ADJ_HI,P8MEA_HI,P8CILOW_HI,P8CIUPP_HI,P8MEA_HI_ORIG,P8CILOW_HI_ORIG,P8CIUPP_HI_ORIG,ATT8SCR_EAL,ATT8SCRENG_EAL,ATT8SCRMAT_EAL,ATT8SCREBAC_EAL,ATT8SCROPEN_EAL,ATT8SCROPENG_EAL,ATT8SCROPENNG_EAL,P8PUP_EAL,TP8ADJ_EAL,P8MEA_EAL,P8CILOW_EAL,P8CIUPP_EAL,P8MEA_EAL_ORIG,P8CILOW_EAL_ORIG,P8CIUPP_EAL_ORIG,ATT8SCR_GIRLS,ATT8SCRENG_GIRLS,ATT8SCRMAT_GIRLS,ATT8SCREBAC_GIRLS,ATT8SCROPEN_GIRLS,ATT8SCROPENG_GIRLS,ATT8SCROPENNG_GIRLS,P8PUP_GIRLS,TP8ADJ_GIRLS,P8MEA_GIRLS,P8CILOW_GIRLS,P8CIUPP_GIRLS,P8MEA_GIRLS_ORIG,P8CILOW_GIRLS_ORIG,P8CIUPP_GIRLS_ORIG,ATT8SCR_BOYS,ATT8SCRENG_BOYS,ATT8SCRMAT_BOYS,ATT8SCREBAC_BOYS,ATT8SCROPEN_BOYS,ATT8SCROPENG_BOYS,ATT8SCROPENNG_BOYS,P8PUP_BOYS,TP8ADJ_BOYS,P8MEA_BOYS,P8CILOW_BOYS,P8CIUPP_BOYS,P8MEA_BOYS_ORIG,P8CILOW_BOYS_ORIG,P8CIUPP_BOYS_ORIG,ATT8SCR_NMOB,ATT8SCRENG_NMOB,ATT8SCRMAT_NMOB,ATT8SCREBAC_NMOB,ATT8SCROPEN_NMOB,ATT8SCROPENG_NMOB,ATT8SCROPENNG_NMOB,P8PUP_NMOB,TP8ADJ_NMOB,P8MEA_NMOB,P8CILOW_NMOB,P8CIUPP_NMOB,P8MEA_NMOB_ORIG,P8CILOW_NMOB_ORIG,P8CIUPP_NMOB_ORIG,TEBACC_ELO_PTQ_EE,PTEBACC_ELO_PTQ_EE,PTEBACCLO_94,PTEBACCLO_95,TEBACC_EAV_PTQ_EE,PTEBACC_EAV_PTQ_EE,PTEBACCAV_94,PTEBACCAV_95,TEBACC_EHI_PTQ_EE,PTEBACC_EHI_PTQ_EE,PTEBACCHI_94,PTEBACCHI_95,PTEBACC_EFSM6CLA1A_PTQ_EE,PTEBACC_ENFSM6CLA1A_PTQ_EE,PTEBACC_94_FSM6CLA1A,PTEBACC_95_FSM6CLA1A,PTEBACC_94_NFSM6CLA1A,PTEBACC_95_NFSM6CLA1A,SCIVAMEA_LO_PTQ_EE,SCIVAMEA_MID_PTQ_EE,SCIVAMEA_HI_PTQ_EE,SCIVAMEA_FSM6CLA1A_PTQ_EE,SCIVAMEA_NFSM6CLA1A_PTQ_EE,HUMVAMEA_LO_PTQ_EE,HUMVAMEA_MID_PTQ_EE,HUMVAMEA_HI_PTQ_EE,HUMVAMEA_FSM6CLA1A_PTQ_EE,HUMVAMEA_NFSM6CLA1A_PTQ_EE,LANVAMEA_LO_PTQ_EE,LANVAMEA_MID_PTQ_EE,LANVAMEA_HI_PTQ_EE,LANVAMEA_FSM6CLA1A_PTQ_EE,LANVAMEA_NFSM6CLA1A_PTQ_EE,SCIVAUPP_FSM6CLA1A_PTQ_EE,SCIVALOW_FSM6CLA1A_PTQ_EE,SCIVAUPP_NFSM6CLA1A_PTQ_EE,SCIVALOW_NFSM6CLA1A_PTQ_EE,SCIVAUPP_LO_PTQ_EE,SCIVALOW_LO_PTQ_EE,SCIVAUPP_MID_PTQ_EE,SCIVALOW_MID_PTQ_EE,SCIVAUPP_HI_PTQ_EE,SCIVALOW_HI_PTQ_EE,HUMVAUPP_FSM6CLA1A_PTQ_EE,HUMVALOW_FSM6CLA1A_PTQ_EE,HUMVAUPP_NFSM6CLA1A_PTQ_EE,HUMVALOW_NFSM6CLA1A_PTQ_EE,HUMVAUPP_LO_PTQ_EE,HUMVALOW_LO_PTQ_EE,HUMVAUPP_MID_PTQ_EE,HUMVALOW_MID_PTQ_EE,HUMVAUPP_HI_PTQ_EE,HUMVALOW_HI_PTQ_EE,LANVAUPP_FSM6CLA1A_PTQ_EE,LANVALOW_FSM6CLA1A_PTQ_EE,LANVAUPP_NFSM6CLA1A_PTQ_EE,LANVALOW_NFSM6CLA1A_PTQ_EE,LANVAUPP_LO_PTQ_EE,LANVALOW_LO_PTQ_EE,LANVAUPP_MID_PTQ_EE,LANVALOW_MID_PTQ_EE,LANVAUPP_HI_PTQ_EE,LANVALOW_HI_PTQ_EE,PBEBACC_E_PTQ_EE,PBEBACC_94,PBEBACC_95,PGEBACC_E_PTQ_EE,PGEBACC_94,PGEBACC_95,PTEBACC_ENMOB_PTQ_EE,PTEBACCNMOB_94,PTEBACCNMOB_95,PTEBACC_EEAL_PTQ_EE,PTEBACCEAL_94,PTEBACCEAL_95,PT5EM_94,PTANYQ_PTQ_EE,PTFSM6CLA1ABASICS_94,PTNOTFSM6CLA1ABASICS_94,TBASICSLO_94,PTBASICSLO_94,TBASICSAV_94,PTBASICSAV_94,TBASICSHI_94,PTBASICSHI_94,PBL2BASICS_94,PGL2BASICS_94,PTL2BASICSEAL_94,PTL2BASICSNMOB_94,PTFSM6CLA1ABASICS_95,PTNOTFSM6CLA1ABASICS_95,TBASICSLO_95,PTBASICSLO_95,TBASICSAV_95,PTBASICSAV_95,TBASICSHI_95,PTBASICSHI_95,PBL2BASICS_95,PGL2BASICS_95,PTL2BASICSEAL_95,PTL2BASICSNMOB_95,PTmultiLan_E,PTtripleSci_E,TAVENT_E_3NG_PTQ_EE,TAVENT_E_3NG_LO_PTQ_EE,TAVENT_E_3NG_MID_PTQ_EE,TAVENT_E_3NG_HI_PTQ_EE,TAVENT_E_3NG_FSM6CLA1A_PTQ_EE,TAVENT_E_3NG_NFSM6CLA1A_PTQ_EE,TAVENT_G_PTQ_EE,TAVENT_GLO_PTQ_EE,TAVENT_GAV_PTQ_EE,TAVENT_GHI_PTQ_EE,TAVENT_GFSM6CLA1A_PTQ_EE,TAVENT_GNFSM6CLA1A_PTQ_EE,TTOTENT_E_TOTAL_PTQ_EE,TTOTENT_E_COVID_IMPACTED_PTQ_EE,PTOTENT_E_COVID_IMPACTED_PTQ_EE,P8_BANDING,EBACCAPS_PREV,EBACCAPS_PREV2,EBACCAPS_FSM6CLA1A_PREV,EBACCAPS_FSM6CLA1A_PREV2,EBACCAPS_NFSM6CLA1A_PREV,EBACCAPS_NFSM6CLA1A_PREV2,ATT8SCR_PREV,ATT8SCR_PREV2,P8PUP_PREV,P8PUP_PREV2,P8MEA_PREV,P8MEA_PREV2,P8CILOW_PREV,P8CILOW_PREV2,P8CIUPP_PREV,P8CIUPP_PREV2,ATT8SCR_FSM6CLA1A_PREV,ATT8SCR_FSM6CLA1A_PREV2,ATT8SCR_NFSM6CLA1A_PREV,ATT8SCR_NFSM6CLA1A_PREV2,PTEBACC_E_PTQ_EE_PREV,PTEBACC_E_PTQ_EE_PREV2,PTEBACC_94_PREV,PTEBACC_94_PREV2,PTEBACC_95_PREV,PTEBACC_95_PREV2,PTEBACC_EFSM6CLA1A_PTQ_EE_PREV,PTEBACC_EFSM6CLA1A_PTQ_EE_PREV2,PTEBACC_94_FSM6CLA1A_PREV,PTEBACC_94_FSM6CLA1A_PREV2,PTEBACC_95_FSM6CLA1A_PREV,PTEBACC_95_FSM6CLA1A_PREV2,PTEBACC_ENFSM6CLA1A_PTQ_EE_PREV,PTEBACC_ENFSM6CLA1A_PTQ_EE_PREV2,PTEBACC_94_NFSM6CLA1A_PREV,PTEBACC_94_NFSM6CLA1A_PREV2,PTEBACC_95_NFSM6CLA1A_PREV,PTEBACC_95_NFSM6CLA1A_PREV2,PT5EM_94_PREV,PT5EM_94_PREV2,PTL2BASICS_94_PREV,PTL2BASICS_94_PREV2,PTL2BASICS_95_PREV,PTL2BASICS_95_PREV2,PTFSM6CLA1ABASICS_94_PREV,PTFSM6CLA1ABASICS_94_PREV2,PTFSM6CLA1ABASICS_95_PREV,PTFSM6CLA1ABASICS_95_PREV2,PTNOTFSM6CLA1ABASICS_94_PREV,PTNOTFSM6CLA1ABASICS_94_PREV2,PTNOTFSM6CLA1ABASICS_95_PREV,PTNOTFSM6CLA1ABASICS_95_PREV2,TFSM6CLA1A_PREV,TFSM6CLA1A_PREV2,PTFSM6CLA1A_PREV,PTFSM6CLA1A_PREV2,TNOTFSM6CLA1A_PREV,TNOTFSM6CLA1A_PREV2,PTNOTFSM6CLA1A_PREV,PTNOTFSM6CLA1A_PREV2,TAVENT_E_3NG_FSM6CLA1A_PTQ_EE_PREV,TAVENT_E_3NG_FSM6CLA1A_PTQ_EE_PREV2,TAVENT_E_3NG_NFSM6CLA1A_PTQ_EE_PREV,TAVENT_E_3NG_NFSM6CLA1A_PTQ_EE_PREV2,TAVENT_GFSM6CLA1A_PTQ_EE_PREV,TAVENT_GFSM6CLA1A_PTQ_EE_PREV2,TAVENT_GNFSM6CLA1A_PTQ_EE_PREV,TAVENT_GNFSM6CLA1A_PTQ_EE_PREV2
1,919,6000,117600,Abbot's Hill School,,Bunkers Lane,,,Hemel Hempstead,HP3 8RP,01442240333,E14001278,Hemel Hempstead,0,0,IND,None,,NA,MIXED,0,0-16,423,17,406,42,0,0.00%,42,100.00%,NA,NA,NA,NA,NA,NA,NA,NP,NP,NP,NP,NP,NP,NP,NP,NP,NP,NP,NP,NA,NA,NA,NA,NA,NA,2888,68.8,606,14.4,506,12,881,21,895,21.3,895,21.3,0,0,2.9,2.9,NA,NA,NA,NA,NA,NA,NA,NA,NA,NA,NA,NA,NA,NA,NA,NA,NA,NA,NA,NA,NA,97.60%,81.00%,265.52,6.32,NP,NP,NA,NA,NA,NP,6.32,NE,NP,24,57.10%,54.80%,52.40%,41,97.60%,41,97.60%,41,97.60%,29,69.00%,34,81.00%,97.60%,95.20%,97.60%,81.00%,100.00%,90.20%,100.00%,96.60%,91.20%,88.20%,NA,NA,NA,NA,NA,NA,NA,NA,NA,NA,NA,NA,NA,NA,NA,41,40,41,34,41,37,29,28,31,30,24,57.10%,41,97.60%,41,97.60%,41,100.00%,29,100.00%,34,100.00%,NP,NA,NA,NA,NA,NA,NA,NA,NA,NP,NA,NA,NA,NA,NA,NA,NA,NA,NP,NA,NA,NA,NP,NA,NA,NA,NP,NA,NA,NA,NP,NA,NA,NA,NP,NA,NA,NA,NP,NA,NA,NA,NP,NA,NA,NA,NP,NA,NA,NA,NP,NP,NP,NP,NP,NA,NA,NA,NA,NA,NA,NA,NA,NA,NA,NA,NA,NA,NA,NA,NA,NA,NA,NA,NA,NA,NA,NA,NA,NA,NA,NA,NA,NP,NP,NP,NP,NP,NP,NP,NA,NA,NA,NA,NA,NA,NA,NA,68.8,14.4,12,21,21.3,21.3,0,NA,NA,NA,NA,NA,NA,NA,NA,NE,NE,NE,NE,NE,NE,NE,NA,NA,NA,NA,NA,NA,NA,NA,NP,NP,NP,NP,NP,NP,NP,NA,NA,NA,NA,NA,NA,NA,NA,NA,NA,NA,NA,NA,NA,NA,NA,NA,NA,NA,NA,NP,NP,NP,NP,NP,NP,NA,NA,NA,NA,NA,NA,NA,NA,NA,NA,NA,NA,NA,NA,NA,NA,NA,NA,NA,NA,NA,NA,NA,NA,NA,NA,NA,NA,NA,NA,NA,NA,NA,NA,NA,NA,NA,NA,NA,NA,NA,NA,NA,NA,NA,NE,NE,NE,57.10%,54.80%,52.40%,NP,NP,NP,NP,NP,NP,97.60%,97.60%,NP,NP,NA,NA,NA,NA,NA,NA,NE,97.60%,NP,NP,NP,NP,NA,NA,NA,NA,NA,NA,NE,81.00%,NP,NP,7.10%,35.70%,8.1,NA,NA,NA,NP,NP,8.1,NA,NA,NA,NP,NP,343,0,0%,NA,3.08,5.1,NP,NP,NP,NP,34.1,57.6,NP,NP,NP,NP,NP,NP,NP,NP,NP,NP,NP,NP,32.10%,46.70%,26.40%,41.70%,19.80%,26.70%,NP,NP,NP,NP,NP,NP,NP,NP,NP,NP,NP,NP,48.10%,83.30%,50.00%,83.30%,37.70%,58.30%,NP,NP,NP,NP,NP,NP,NP,NP,NP,NP,NP,NP,NP,NP,NP,NP,NP,NP,NP,NP,NP,NP,NP,NP
1,919,4032,145430,The Adeyfield Academy,,Longlands,,,Hemel Hempstead,HP2 4DE,01442406020,E14001278,Hemel Hempstead,0,0,AC,Does not apply,NSE,OTHER NON SEL,MIXED,0,11-18,817,420,397,130,69,53.10%,61,46.90%,NA,NA,NA,NA,NA,NA,NA,42,32.30%,88,67.70%,24,18.50%,105,80.80%,1,0.80%,124,95.40%,1,0.80%,33,25.40%,32,24.60%,4559.25,35.1,961,7.4,952,7.3,1349,10.4,1297.25,10,1024,7.9,273.25,2.1,2.6,2.6,NA,NA,NA,NA,NA,NA,NA,NA,NA,NA,NA,NA,NA,NA,NA,NA,NA,NA,NA,NA,NA,46.90%,22.30%,410.29,3.16,2.32,3.56,NA,NA,NA,3.2,3.22,3.1,3.25,52,40.00%,16.90%,10.00%,121,93.10%,125,96.20%,122,93.80%,109,83.80%,60,46.20%,55.40%,29.20%,54.60%,33.80%,50.80%,28.70%,43.10%,30.30%,48.30%,41.70%,NA,NA,NA,NA,NA,NA,NA,NA,NA,NA,NA,NA,NA,NA,NA,72,38,71,44,62,35,47,33,29,25,50,38.50%,118,90.80%,121,93.10%,112,91.80%,99,90.80%,60,100.00%,27.3,NA,NA,NA,NA,NA,NA,NA,NA,38.8,NA,NA,NA,NA,NA,NA,NA,NA,5.9,NA,NA,NA,5.7,NA,NA,NA,7.7,NA,NA,NA,8.1,NA,NA,NA,8.1,NA,NA,NA,8.1,NA,NA,NA,11.7,NA,NA,NA,10.9,NA,NA,NA,5.7,2.5,8.9,1.9,-23.1,NA,NA,NA,NA,NA,NA,NA,NA,NA,NA,NA,NA,NA,NA,NA,NA,NA,NA,NA,NA,NA,NA,NA,NA,NA,NA,NA,NA,34.3,7.5,6.9,10.5,9.4,7.4,1.9,NA,NA,NA,NA,NA,NA,NA,NA,37.2,8,7,10.6,11.6,8.3,3.3,NA,NA,NA,NA,NA,NA,NA,NA,33.2,6.8,7.7,10.1,8.6,7.5,1.1,NA,NA,NA,NA,NA,NA,NA,NA,36.1,7.6,7.5,10.7,10.3,8.2,2.1,NA,NA,NA,NA,NA,NA,NA,NA,NA,NA,NA,NA,NA,NA,NA,NA,NA,NA,NA,NA,16.70%,51.10%,2.40%,2.40%,23.90%,13.60%,NA,NA,NA,NA,NA,NA,NA,NA,NA,NA,NA,NA,NA,NA,NA,NA,NA,NA,NA,NA,NA,NA,NA,NA,NA,NA,NA,NA,NA,NA,NA,NA,NA,NA,NA,NA,NA,NA,NA,NA,NA,NA,NA,NA,NA,43.50%,14.50%,10.10%,36.10%,19.70%,9.80%,41.10%,17.70%,10.50%,54.20%,20.80%,8.30%,37.70%,96.20%,23.80%,58.00%,NA,NA,NA,NA,NA,NA,52.20%,41.00%,45.80%,49.20%,9.50%,28.40%,NA,NA,NA,NA,NA,NA,20.30%,24.60%,16.70%,23.40%,1.50%,13.10%,7.6,NA,NA,NA,7,7.8,6.8,NA,NA,NA,6,7.1,988,0,0%,NA,2.57,2.88,1.81,2.18,3.09,3.26,29.2,35.2,96,100,-0.97,-0.58,-1.25,-0.85,-0.68,-0.3,21.4,28.5,34.4,38.9,31.00%,15.40%,10.00%,10.60%,4.00%,6.70%,12.50%,5.40%,2.50%,2.70%,0.00%,2.70%,43.30%,20.90%,15.00%,14.90%,6.70%,9.00%,27.00%,47.10%,32.00%,50.00%,17.00%,24.00%,20.00%,40.50%,7.50%,16.20%,40.00%,55.20%,23.30%,28.40%,40,37,40.00%,35.60%,60,67,60.00%,64.40%,7,6.8,7.7,7.8,5.8,5.7,6.5,6.6
1,919,6003,117602,Aldenham School,,Elstree,,,Elstree,WD6 3AJ,01923858122,E14001284,Hertsmere,0,0,IND,Church of England,,NA,MIXED,0,3-19,841,568,273,105,77,73.30%,28,26.70%,NA,NA,NA,NA,NA,NA,NA,NP,NP,NP,NP,NP,NP,NP,NP,NP,NP,NP,NP,NA,NA,NA,NA,NA,NA,4360,41.5,0,0,1308,12.5,1767.5,16.8,1284.5,12.2,1284.5,12.2,0,0,2.6,1.9,NA,NA,NA,NA,NA,NA,NA,NA,NA,NA,NA,NA,NA,NA,NA,NA,NA,NA,NA,NA,NA,0.00%,0.00%,383.8,3.66,NP,NP,NA,NA,NA,NP,3.41,3.74,NP,0,0.00%,0.00%,0.00%,0,0.00%,104,99.00%,102,97.10%,0,0.00%,52,49.50%,0.00%,0.00%,98.10%,94.30%,97.10%,88.20%,NE,NE,94.20%,76.90%,NA,NA,NA,NA,NA,NA,NA,NA,NA,NA,NA,NA,NA,NA,NA,0,0,103,99,99,90,NE,NE,49,40,0,0.00%,0,0.00%,104,99.00%,102,100.00%,NE,NE,50,96.20%,NP,NA,NA,NA,NA,NA,NA,NA,NA,NP,NA,NA,NA,NA,NA,NA,NA,NA,NP,NA,NA,NA,NP,NA,NA,NA,NP,NA,NA,NA,NP,NA,NA,NA,NP,NA,NA,NA,NP,NA,NA,NA,NP,NA,NA,NA,NP,NA,NA,NA,NP,NP,NP,NP,NP,NA,NA,NA,NA,NA,NA,NA,NA,NA,NA,NA,NA,NA,NA,NA,NA,NA,NA,NA,NA,NA,NA,NA,NA,NA,NA,NA,NA,NP,NP,NP,NP,NP,NP,NP,NA,NA,NA,NA,NA,NA,NA,NA,44.6,0,11.9,16.1,16.7,16.7,0,NA,NA,NA,NA,NA,NA,NA,NA,40.4,0,12.7,17.1,10.6,10.6,0,NA,NA,NA,NA,NA,NA,NA,NA,NP,NP,NP,NP,NP,NP,NP,NA,NA,NA,NA,NA,NA,NA,NA,NA,NA,NA,NA,NA,NA,NA,NA,NA,NA,NA,NA,NP,NP,NP,NP,NP,NP,NA,NA,NA,NA,NA,NA,NA,NA,NA,NA,NA,NA,NA,NA,NA,NA,NA,NA,NA,NA,NA,NA,NA,NA,NA,NA,NA,NA,NA,NA,NA,NA,NA,NA,NA,NA,NA,NA,NA,NA,NA,NA,NA,NA,NA,0.00%,0.00%,0.00%,0.00%,0.00%,0.00%,NP,NP,NP,NP,NP,NP,0.00%,100.00%,NP,NP,NA,NA,NA,NA,NA,NA,0.00%,0.00%,NP,NP,NP,NP,NA,NA,NA,NA,NA,NA,0.00%,0.00%,NP,NP,6.70%,38.10%,4.9,NA,NA,NA,NP,NP,4.9,NA,NA,NA,NP,NP,519,0,0%,NA,3.8,3.63,NP,NP,NP,NP,42.1,40.4,NP,NP,NP,NP,NP,NP,NP,NP,NP,NP,NP,NP,0.00%,0.00%,0.00%,0.00%,0.00%,0.00%,NP,NP,NP,NP,NP,NP,NP,NP,NP,NP,NP,NP,0.00%,0.00%,0.00%,0.00%,0.00%,0.00%,NP,NP,NP,NP,NP,NP,NP,NP,NP,NP,NP,NP,NP,NP,NP,NP,NP,NP,NP,NP,NP,NP,NP,NP
2,919,7028,117684,Amwell View School,,Station Road,Stanstead Abbotts,,Ware,SG12 8EH,01920870027,E14001139,Broxbourne,0,0,CYS,Does not apply,NA,NA,MIXED,0,2-19,184,124,60,7,5,71.40%,2,28.60%,NA,NA,NA,NA,NA,NA,NA,2,28.60%,5,71.40%,1,14.30%,6,85.70%,0,0.00%,7,100.00%,,,,,,,NE,NE,NE,NE,NE,NE,NE,NE,NE,NE,NE,NE,NE,NE,NE,NE,NA,NA,NA,NA,NA,NA,NA,NA,NA,NA,NA,NA,NA,NA,NA,NA,NA,NA,NA,NA,NA,NE,NE,NE,NE,SUPP,SUPP,NA,NA,NA,SUPP,SUPP,SUPP,NE,NE,NE,NE,NE,NE,NE,NE,NE,NE,NE,NE,NE,NE,NE,NE,NE,NE,NE,NE,NE,NE,NE,NE,NE,NA,NA,NA,NA,NA,NA,NA,NA,NA,NA,NA,NA,NA,NA,NA,NE,NE,NE,NE,NE,NE,NE,NE,NE,NE,NE,NE,NE,NE,NE,NE,NE,NE,NE,NE,NE,NE,SUPP,NA,NA,NA,NA,NA,NA,NA,NA,SUPP,NA,NA,NA,NA,NA,NA,NA,NA,SUPP,NA,NA,NA,SUPP,NA,NA,NA,SUPP,NA,NA,NA,SUPP,NA,NA,NA,SUPP,NA,NA,NA,SUPP,NA,NA,NA,SUPP,NA,NA,NA,SUPP,NA,NA,NA,SUPP,SUPP,SUPP,SUPP,SUPP,NA,NA,NA,NA,NA,NA,NA,NA,NA,NA,NA,NA,NA,NA,NA,NA,NA,NA,NA,NA,NA,NA,NA,NA,NA,NA,NA,NA,SUPP,SUPP,SUPP,SUPP,SUPP,SUPP,SUPP,NA,NA,NA,NA,NA,NA,NA,NA,SUPP,SUPP,SUPP,SUPP,SUPP,SUPP,SUPP,NA,NA,NA,NA,NA,NA,NA,NA,SUPP,SUPP,SUPP,SUPP,SUPP,SUPP,SUPP,NA,NA,NA,NA,NA,NA,NA,NA,NE,NE,NE,NE,NE,NE,NE,NA,NA,NA,NA,NA,NA,NA,NA,NA,NA,NA,NA,NA,NA,NA,NA,NA,NA,NA,NA,SUPP,SUPP,SUPP,SUPP,SUPP,SUPP,NA,NA,NA,NA,NA,NA,NA,NA,NA,NA,NA,NA,NA,NA,NA,NA,NA,NA,NA,NA,NA,NA,NA,NA,NA,NA,NA,NA,NA,NA,NA,NA,NA,NA,NA,NA,NA,NA,NA,NA,NA,NA,NA,NA,NA,SUPP,SUPP,SUPP,SUPP,SUPP,SUPP,NE,NE,NE,SUPP,SUPP,SUPP,NE,NE,SUPP,SUPP,NA,NA,NA,NA,NA,NA,SUPP,SUPP,SUPP,NE,SUPP,SUPP,NA,NA,NA,NA,NA,NA,SUPP,SUPP,SUPP,NE,NE,NE,NE,NA,NA,NA,SUPP,SUPP,NE,NA,NA,NA,SUPP,SUPP,NE,NE,NE,NA,NE,NE,SUPP,SUPP,SUPP,SUPP,NE,NE,NE,NE,NE,NE,NE,NE,NE,NE,SUPP,SUPP,SUPP,SUPP,NE,NE,NE,NE,NE,NE,SUPP,SUPP,SUPP,SUPP,SUPP,SUPP,SUPP,SUPP,SUPP,SUPP,SUPP,SUPP,NE,NE,NE,NE,NE,NE,SUPP,SUPP,SUPP,SUPP,SUPP,SUPP,SUPP,SUPP,3,3,33.30%,33.30%,6,6,66.70%,66.70%,SUPP,SUPP,SUPP,SUPP,SUPP,SUPP,SUPP,SUPP
1,919,5406,117578,Ashlyns School,,Chesham Road,,,Berkhamsted,HP4 3AH,01442863605,E14001268,Harpenden and Berkhamsted,0,0,FD,None,NSE,OTHER NON SEL,MIXED,0,11-18,1535,737,798,239,117,49.00%,122,51.00%,NA,NA,NA,NA,NA,NA,NA,30,12.60%,209,87.40%,11,4.60%,228,95.40%,0,0.00%,232,97.10%,5,2.10%,41,17.20%,36,15.10%,13845.75,57.9,2867,12,2784,11.6,4119.5,17.2,4075.25,17.1,3987.5,16.7,87.75,0.4,2.9,2.9,NA,NA,NA,NA,NA,NA,NA,NA,NA,NA,NA,NA,NA,NA,NA,NA,NA,NA,NA,NA,NA,86.20%,70.70%,1234.33,5.16,3.11,5.46,NA,NA,NA,5.26,5.61,4.7,5.2,90,37.70%,34.30%,27.60%,232,97.10%,236,98.70%,233,97.50%,205,85.80%,103,43.10%,90.80%,82.00%,89.10%,75.30%,83.70%,67.00%,85.90%,79.00%,89.30%,78.60%,NA,NA,NA,NA,NA,NA,NA,NA,NA,NA,NA,NA,NA,NA,NA,217,196,213,180,195,156,176,162,92,81,90,37.70%,232,97.10%,236,98.70%,233,100.00%,202,98.50%,103,100.00%,36.5,NA,NA,NA,NA,NA,NA,NA,NA,61,NA,NA,NA,NA,NA,NA,NA,NA,8.2,NA,NA,NA,8.1,NA,NA,NA,10,NA,NA,NA,10.2,NA,NA,NA,12.5,NA,NA,NA,12.2,NA,NA,NA,18.3,NA,NA,NA,18,NA,NA,NA,9.8,0.4,17.7,0.4,-13.9,NA,NA,NA,NA,NA,NA,NA,NA,NA,NA,NA,NA,NA,NA,NA,NA,NA,NA,NA,NA,NA,NA,NA,NA,NA,NA,NA,NA,57.3,11.1,11.6,18.1,16.5,16.5,0,NA,NA,NA,NA,NA,NA,NA,NA,62.2,12.9,12,18.5,18.7,18.3,0.4,NA,NA,NA,NA,NA,NA,NA,NA,53.5,11,11.2,15.9,15.4,15,0.4,NA,NA,NA,NA,NA,NA,NA,NA,58.4,12.1,11.7,17.4,17.2,16.8,0.4,NA,NA,NA,NA,NA,NA,NA,NA,NA,NA,NA,NA,NA,NA,NA,NA,NA,NA,NA,NA,16.70%,40.70%,13.30%,6.70%,37.30%,30.60%,NA,NA,NA,NA,NA,NA,NA,NA,NA,NA,NA,NA,NA,NA,NA,NA,NA,NA,NA,NA,NA,NA,NA,NA,NA,NA,NA,NA,NA,NA,NA,NA,NA,NA,NA,NA,NA,NA,NA,NA,NA,NA,NA,NA,NA,30.80%,24.80%,20.50%,44.30%,43.40%,34.40%,37.50%,34.50%,28.00%,45.50%,45.50%,36.40%,81.60%,98.70%,53.30%,90.90%,NA,NA,NA,NA,NA,NA,80.30%,91.80%,81.80%,87.10%,26.70%,77.00%,NA,NA,NA,NA,NA,NA,65.00%,76.20%,72.70%,71.60%,0.80%,34.30%,9,NA,NA,NA,7.5,9.2,8.9,NA,NA,NA,7.3,9.1,2157,0,0%,NA,4.68,4.53,3.12,2.67,4.95,4.81,53.8,52,228,223,0.36,0.28,0.18,0.09,0.54,0.46,38.1,34.6,56.5,54.7,27.30%,37.60%,23.60%,27.40%,17.80%,23.10%,2.80%,16.10%,2.80%,0.00%,0.00%,0.00%,31.60%,40.90%,27.20%,31.50%,20.90%,26.60%,74.40%,76.50%,78.90%,79.90%,61.60%,59.80%,41.70%,54.80%,22.20%,25.80%,85.40%,83.70%,68.40%,65.00%,36,31,14.90%,13.20%,206,203,85.10%,86.80%,8,7.2,9.1,9,7.7,6.9,8.9,8.9
1,919,4499,117552,The Astley Cooper School,,St Agnell's Lane,,,Hemel Hempstead,HP2 7HL,01442394141,E14001278,Hemel Hempstead,0,0,CY,Does not apply,NSE,OTHER NON SEL,MIXED,0,11-18,947,498,449,161,85,52.80%,76,47.20%,NA,NA,NA,NA,NA,NA,NA,53,32.90%,108,67.10%,31,19.30%,129,80.10%,1,0.60%,152,94.40%,4,2.50%,49,30.40%,45,28.00%,5582.75,34.7,1298,8.1,1180,7.3,1508.5,9.4,1596.25,9.9,1188,7.4,408.25,2.5,2.6,2.6,NA,NA,NA,NA,NA,NA,NA,NA,NA,NA,NA,NA,NA,NA,NA,NA,NA,NA,NA,NA,NA,44.10%,26.70%,465.02,2.89,2.03,3.31,NA,NA,NA,4.26,3.16,2.64,2.92,19,11.80%,5.60%,3.10%,153,95.00%,154,95.70%,149,92.50%,133,82.60%,19,11.80%,53.40%,39.10%,54.00%,34.20%,34.90%,20.10%,41.40%,22.60%,73.70%,63.20%,NA,NA,NA,NA,NA,NA,NA,NA,NA,NA,NA,NA,NA,NA,NA,86,63,87,55,52,30,55,30,14,12,19,11.80%,150,93.20%,147,91.30%,143,96.00%,127,95.50%,19,100.00%,25.2,NA,NA,NA,NA,NA,NA,NA,NA,39.3,NA,NA,NA,NA,NA,NA,NA,NA,6.3,NA,NA,NA,5.5,NA,NA,NA,6.2,NA,NA,NA,7.2,NA,NA,NA,8.9,NA,NA,NA,8.2,NA,NA,NA,10.9,NA,NA,NA,11.2,NA,NA,NA,4.7,2.5,8.7,2.6,-25.2,NA,NA,NA,NA,NA,NA,NA,NA,NA,NA,NA,NA,NA,NA,NA,NA,NA,NA,NA,NA,NA,NA,NA,NA,NA,NA,NA,NA,47.2,9.9,9.7,14.3,13.3,10.5,2.8,NA,NA,NA,NA,NA,NA,NA,NA,37.8,9,7.5,10.2,11.1,7.8,3.2,NA,NA,NA,NA,NA,NA,NA,NA,31.9,7.2,7.2,8.6,8.9,7,1.9,NA,NA,NA,NA,NA,NA,NA,NA,35,8.1,7.4,9.5,10.1,7.4,2.7,NA,NA,NA,NA,NA,NA,NA,NA,NA,NA,NA,NA,NA,NA,NA,NA,NA,NA,NA,NA,5.70%,14.80%,1.90%,1.90%,7.40%,3.70%,NA,NA,NA,NA,NA,NA,NA,NA,NA,NA,NA,NA,NA,NA,NA,NA,NA,NA,NA,NA,NA,NA,NA,NA,NA,NA,NA,NA,NA,NA,NA,NA,NA,NA,NA,NA,NA,NA,NA,NA,NA,NA,NA,NA,NA,7.10%,2.40%,2.40%,17.10%,9.20%,3.90%,12.50%,5.90%,3.30%,45.20%,22.60%,9.70%,36.60%,96.90%,24.50%,53.70%,NA,NA,NA,NA,NA,NA,37.60%,51.30%,54.80%,44.70%,15.10%,32.40%,NA,NA,NA,NA,NA,NA,22.40%,31.60%,35.50%,27.60%,1.90%,16.80%,7.4,NA,NA,NA,6.8,7.7,6.5,NA,NA,NA,5.8,6.8,1209,0,0%,NA,3.15,2.94,2.21,2.32,3.59,3.27,37.2,35.7,162,124,-0.6,-0.82,-0.82,-1.07,-0.38,-0.57,26.8,28.2,42.1,39.7,17.90%,5.90%,9.50%,3.00%,7.70%,2.20%,11.10%,2.10%,1.90%,2.10%,1.90%,2.10%,21.10%,8.00%,13.20%,3.40%,10.50%,2.30%,41.70%,41.50%,48.80%,45.90%,33.30%,25.20%,25.90%,29.80%,18.50%,23.40%,59.60%,54.50%,40.40%,26.10%,54,47,32.10%,34.80%,114,88,67.90%,65.20%,6.8,6.6,7.9,7.6,5.8,5.6,6.8,6.2
1,919,4037,149078,Avanti Grange Secondary School,,Newland Avenue,,,Bishops Stortford,CM23 2BD,01279211721,E14001283,Hertford and Stortford,0,0,F,None,NSE,OTHER NON SEL,MIXED,0,11-18,464,221,243,0,0,,0,,NA,NA,NA,NA,NA,NA,NA,0,,0,,0,,0,,0,,0,,,,,,,,,,,,,,,,,,,,,,,,NA,NA,NA,NA,NA,NA,NA,NA,NA,NA,NA,NA,NA,NA,NA,NA,NA,NA,NA,NA,NA,,,,,,,NA,NA,NA,,,,,,,,,,,,,,,,,,,,,,,,,,,,,NA,NA,NA,NA,NA,NA,NA,NA,NA,NA,NA,NA,NA,NA,NA,,,,,,,,,,,,,,,,,,,,,,,,NA,NA,NA,NA,NA,NA,NA,NA,,NA,NA,NA,NA,NA,NA,NA,NA,,NA,NA,NA,,NA,NA,NA,,NA,NA,NA,,NA,NA,NA,,NA,NA,NA,,NA,NA,NA,,NA,NA,NA,,NA,NA,NA,,,,,,NA,NA,NA,NA,NA,NA,NA,NA,NA,NA,NA,NA,NA,NA,NA,NA,NA,NA,NA,NA,NA,NA,NA,NA,NA,NA,NA,NA,,,,,,,,NA,NA,NA,NA,NA,NA,NA,NA,,,,,,,,NA,NA,NA,NA,NA,NA,NA,NA,,,,,,,,NA,NA,NA,NA,NA,NA,NA,NA,,,,,,,,NA,NA,NA,NA,NA,NA,NA,NA,NA,NA,NA,NA,NA,NA,NA,NA,NA,NA,NA,NA,,,,,,,NA,NA,NA,NA,NA,NA,NA,NA,NA,NA,NA,NA,NA,NA,NA,NA,NA,NA,NA,NA,NA,NA,NA,NA,NA,NA,NA,NA,NA,NA,NA,NA,NA,NA,NA,NA,NA,NA,NA,NA,NA,NA,NA,NA,NA,,,,,,,,,,,,,,,,,NA,NA,NA,NA,NA,NA,,,,,,,NA,NA,NA,NA,NA,NA,,,,,,,,NA,NA,NA,,,,NA,NA,NA,,,,,,NA
1,919,4026,144623,Barclay Academy,,Walkern Road,,,Stevenage,SG1 3RB,01438748459,E14001516,Stevenage,0,0,AC,Does not apply,NSE,OTHER NON SEL,MIXED,0,11-18,992,485,507,117,65,55.60%,52,44.40%,NA,NA,NA,NA,NA,NA,NA,28,23.90%,89,76.10%,26,22.20%,90,76.90%,1,0.90%,113,96.60%,4,3.40%,22,18.80%,18,15.40%,5794.25,49.5,1294,11.1,1132,9.7,1729,14.8,1639.25,14,1428.5,12.2,210.75,1.8,2.8,2.8,NA,NA,NA,NA,NA,NA,NA,NA,NA,NA,NA,NA,NA,NA,NA,NA,NA,NA,NA,NA,NA,74.40%,57.30%,548.99,4.69,3.61,5.03,NA,NA,NA,5.08,4.31,5,4.75,77,65.80%,49.60%,35.00%,112,95.70%,112,95.70%,111,94.90%,105,89.70%,81,69.20%,82.90%,73.50%,76.90%,60.70%,76.60%,53.20%,73.30%,61.00%,82.70%,64.20%,NA,NA,NA,NA,NA,NA,NA,NA,NA,NA,NA,NA,NA,NA,NA,97,86,90,71,85,59,77,64,67,52,76,65.00%,111,94.90%,111,94.90%,111,100.00%,104,99.00%,80,98.80%,38.7,NA,NA,NA,NA,NA,NA,NA,NA,52.9,NA,NA,NA,NA,NA,NA,NA,NA,9.1,NA,NA,NA,7.6,NA,NA,NA,11.6,NA,NA,NA,10.4,NA,NA,NA,11.7,NA,NA,NA,10.3,NA,NA,NA,15.8,NA,NA,NA,15.1,NA,NA,NA,9.4,1.1,13.1,2,-11.7,NA,NA,NA,NA,NA,NA,NA,NA,NA,NA,NA,NA,NA,NA,NA,NA,NA,NA,NA,NA,NA,NA,NA,NA,NA,NA,NA,NA,52.5,11.8,9.8,16.2,14.8,12.8,2,NA,NA,NA,NA,NA,NA,NA,NA,46.5,10.7,8.5,13.6,13.7,12.3,1.4,NA,NA,NA,NA,NA,NA,NA,NA,51.9,11.3,10.6,15.7,14.2,12.1,2.1,NA,NA,NA,NA,NA,NA,NA,NA,50,11.1,9.8,14.9,14.1,12.3,1.8,NA,NA,NA,NA,NA,NA,NA,NA,NA,NA,NA,NA,NA,NA,NA,NA,NA,NA,NA,NA,53.60%,69.70%,25.00%,14.30%,57.30%,41.60%,NA,NA,NA,NA,NA,NA,NA,NA,NA,NA,NA,NA,NA,NA,NA,NA,NA,NA,NA,NA,NA,NA,NA,NA,NA,NA,NA,NA,NA,NA,NA,NA,NA,NA,NA,NA,NA,NA,NA,NA,NA,NA,NA,NA,NA,72.30%,52.30%,41.50%,57.70%,46.20%,26.90%,68.10%,51.30%,36.30%,76.90%,53.80%,38.50%,70.90%,95.70%,64.30%,77.50%,NA,NA,NA,NA,NA,NA,76.90%,71.20%,76.90%,75.20%,32.10%,65.20%,NA,NA,NA,NA,NA,NA,66.20%,46.20%,65.40%,57.50%,5.10%,21.40%,7.5,NA,NA,NA,7,7.6,7.1,NA,NA,NA,6.8,7.2,879,0,0%,NA,4.56,4.22,3.67,2.93,4.81,4.68,48.4,46.2,113,118,0.17,-0.02,-0.09,-0.28,0.43,0.23,39.7,34,50.9,50.6,74.80%,54.40%,48.80%,36.80%,30.90%,22.40%,66.70%,42.40%,25.90%,21.20%,11.10%,15.20%,77.10%,58.70%,55.20%,42.40%,36.50%,25.00%,72.40%,60.00%,76.40%,69.60%,53.70%,50.40%,63.00%,48.50%,29.60%,30.30%,80.20%,77.20%,60.40%,57.60%,27,33,22.00%,26.40%,96,92,78.00%,73.60%,7.6,7,7.8,7.8,7.5,7,7.8,7.8
1,919,4066,117518,Barnwell School,,Barnwell,,,Stevenage,SG2 9SW,01438222500,E14001516,Stevenage,0,0,FD,Does not apply,NSE,OTHER NON SEL,MIXED,0,11-18,1315,642,673,206,97,47.10%,109,52.90%,NA,NA,NA,NA,NA,NA,NA,48,23.30%,158,76.70%,25,12.10%,176,85.40%,5,2.40%,191,92.70%,10,4.90%,36,17.50%,26,12.60%,8550.25,41.5,1849,9,1760,8.5,2399.5,11.6,2541.75,12.3,1752.5,8.5,789.25,3.8,2.6,2.6,NA,NA,NA,NA,NA,NA,NA,NA,NA,NA,NA,NA,NA,NA,NA,NA,NA,NA,NA,NA,NA,58.70%,37.40%,705.53,3.42,2.67,3.65,NA,NA,NA,3.99,3.54,3.29,3.41,28,13.60%,6.80%,3.40%,187,90.80%,199,96.60%,188,91.30%,142,68.90%,51,24.80%,70.90%,52.40%,66.50%,43.20%,65.40%,40.40%,52.80%,36.60%,51.00%,33.30%,NA,NA,NA,NA,NA,NA,NA,NA,NA,NA,NA,NA,NA,NA,NA,146,108,137,89,123,76,75,52,26,17,25,12.10%,187,90.80%,198,96.10%,186,98.90%,135,95.10%,47,92.20%,32.4,NA,NA,NA,NA,NA,NA,NA,NA,44.3,NA,NA,NA,NA,NA,NA,NA,NA,7.1,NA,NA,NA,7.1,NA,NA,NA,9.3,NA,NA,NA,9,NA,NA,NA,9.6,NA,NA,NA,9,NA,NA,NA,12.4,NA,NA,NA,13.4,NA,NA,NA,6.6,2.4,9.1,4.3,-18,NA,NA,NA,NA,NA,NA,NA,NA,NA,NA,NA,NA,NA,NA,NA,NA,NA,NA,NA,NA,NA,NA,NA,NA,NA,NA,NA,NA,47.8,10.7,9.6,13.6,13.9,11.8,2.1,NA,NA,NA,NA,NA,NA,NA,NA,43.5,9.6,8.4,11.9,13.6,9.5,4,NA,NA,NA,NA,NA,NA,NA,NA,39.3,8.3,8.7,11.3,11,7.4,3.6,NA,NA,NA,NA,NA,NA,NA,NA,41.5,9,8.5,11.6,12.4,8.3,4.1,NA,NA,NA,NA,NA,NA,NA,NA,NA,NA,NA,NA,NA,NA,NA,NA,NA,NA,NA,NA,8.30%,15.20%,4.20%,2.10%,7.60%,3.80%,NA,NA,NA,NA,NA,NA,NA,NA,NA,NA,NA,NA,NA,NA,NA,NA,NA,NA,NA,NA,NA,NA,NA,NA,NA,NA,NA,NA,NA,NA,NA,NA,NA,NA,NA,NA,NA,NA,NA,NA,NA,NA,NA,NA,NA,12.40%,3.10%,2.10%,14.70%,10.10%,4.60%,13.60%,6.30%,3.10%,12.00%,12.00%,4.00%,53.40%,97.10%,41.70%,63.90%,NA,NA,NA,NA,NA,NA,56.70%,60.60%,76.00%,58.60%,18.80%,43.00%,NA,NA,NA,NA,NA,NA,35.10%,39.40%,48.00%,36.60%,0.00%,14.10%,7.3,NA,NA,NA,6.8,7.5,6.5,NA,NA,NA,6.1,6.6,1526,0,0%,NA,3.26,3.56,2.68,2.81,3.5,3.79,39.6,43.1,194,182,-0.32,-0.31,-0.52,-0.52,-0.12,-0.11,31.8,33.8,42.8,45.9,7.80%,10.40%,5.50%,6.80%,2.80%,4.70%,4.80%,11.10%,4.80%,6.70%,3.20%,4.40%,9.10%,10.20%,5.80%,6.80%,2.60%,4.80%,47.50%,52.60%,57.60%,57.80%,33.20%,37.00%,41.30%,37.80%,20.60%,24.40%,64.30%,63.90%,38.30%,40.80%,63,45,29.00%,23.40%,154,147,71.00%,76.60%,6.3,6.8,7.6,7.8,5.6,6.1,6.7,6.9
2,919,7016,117674,Batchwood School,,Townsend Drive,,,St Albans,AL3 5RP,01727868021,E14001507,St Albans,0,0,CYS,Does not apply,NA,NA,MIXED,0,11-16,111,63,48,23,10,43.50%,13,56.50%,NA,NA,NA,NA,NA,NA,NA,12,52.20%,11,47.80%,0,0.00%,22,95.70%,1,4.30%,23,100.00%,,,,,,,271.5,11.8,74,3.2,68,3,73,3.2,56.5,2.5,48,2.1,8.5,0.4,0.8,0.5,NA,NA,NA,NA,NA,NA,NA,NA,NA,NA,NA,NA,NA,NA,NA,NA,NA,NA,NA,NA,NA,17.40%,8.70%,17.83,0.78,0.25,1.35,NA,NA,NA,NE,0.28,1.42,0.78,0,0.00%,0.00%,0.00%,3,13.00%,11,47.80%,7,30.40%,0,0.00%,0,0.00%,8.70%,8.70%,21.70%,8.70%,57.10%,28.60%,NE,NE,NE,NE,NA,NA,NA,NA,NA,NA,NA,NA,NA,NA,NA,NA,NA,NA,NA,2,2,5,2,4,2,NE,NE,NE,NE,0,0.00%,3,13.00%,10,43.50%,7,100.00%,NE,NE,NE,NE,5.8,NA,NA,NA,NA,NA,NA,NA,NA,18.4,NA,NA,NA,NA,NA,NA,NA,NA,1.9,NA,NA,NA,1.5,NA,NA,NA,0.8,NA,NA,NA,1.6,NA,NA,NA,4.6,NA,NA,NA,4.5,NA,NA,NA,5.8,NA,NA,NA,3.4,NA,NA,NA,0.9,0.7,3.4,0,-44.6,NA,NA,NA,NA,NA,NA,NA,NA,NA,NA,NA,NA,NA,NA,NA,NA,NA,NA,NA,NA,NA,NA,NA,NA,NA,NA,NA,NA,NE,NE,NE,NE,NE,NE,NE,NA,NA,NA,NA,NA,NA,NA,NA,5.8,2,1.4,0.8,1.7,1.2,0.4,NA,NA,NA,NA,NA,NA,NA,NA,19.6,4.8,5,6.3,3.5,3.2,0.3,NA,NA,NA,NA,NA,NA,NA,NA,11.8,3.2,3,3.2,2.5,2.1,0.4,NA,NA,NA,NA,NA,NA,NA,NA,NA,NA,NA,NA,NA,NA,NA,NA,NA,NA,NA,NA,0.00%,0.00%,0.00%,0.00%,0.00%,0.00%,NA,NA,NA,NA,NA,NA,NA,NA,NA,NA,NA,NA,NA,NA,NA,NA,NA,NA,NA,NA,NA,NA,NA,NA,NA,NA,NA,NA,NA,NA,NA,NA,NA,NA,NA,NA,NA,NA,NA,NA,NA,NA,NA,NA,NA,0.00%,0.00%,0.00%,0.00%,0.00%,0.00%,0.00%,0.00%,0.00%,NE,NE,NE,13.00%,65.20%,0.00%,36.40%,NA,NA,NA,NA,NA,NA,30.00%,7.70%,NE,17.40%,0.00%,18.20%,NA,NA,NA,NA,NA,NA,10.00%,7.70%,NE,8.70%,0.00%,17.40%,2.3,NA,NA,NA,1.6,3.1,2.2,NA,NA,NA,1.4,3.1,56,0,0%,NA,0.53,0.54,0.74,SUPP,0.26,SUPP,8.7,8.2,18,15,-2.09,-1.73,-2.74,-2.44,-1.43,-1.01,10.9,SUPP,6,SUPP,0.00%,0.00%,0.00%,0.00%,0.00%,0.00%,0.00%,SUPP,0.00%,SUPP,0.00%,SUPP,0.00%,SUPP,0.00%,SUPP,0.00%,SUPP,5.00%,0.00%,5.00%,0.00%,5.00%,0.00%,9.10%,SUPP,9.10%,SUPP,0.00%,SUPP,0.00%,SUPP,11,13,55.00%,76.50%,9,4,45.00%,23.50%,2.8,SUPP,1.9,SUPP,2.7,SUPP,1.6,SUPP
1,919,4043,138286,Beaumont School,,Austen Way,,,St Albans,AL4 0XB,01727854726,E14001507,St Albans,0,0,ACC,Does not apply,NSE,OTHER NON SEL,MIXED,0,11-18,1651,875,776,208,114,54.80%,94,45.20%,NA,NA,NA,NA,NA,NA,NA,14,6.70%,194,93.30%,16,7.70%,192,92.30%,0,0.00%,208,100.00%,9,4.30%,35,16.80%,26,12.50%,13018,62.6,2616,12.6,2548,12.3,4020.5,19.3,3833.5,18.4,3679,17.7,154.5,0.7,2.9,2.9,NA,NA,NA,NA,NA,NA,NA,NA,NA,NA,NA,NA,NA,NA,NA,NA,NA,NA,NA,NA,NA,87.50%,73.60%,1258.33,6.05,3.57,6.23,NA,NA,NA,6.72,6.07,6.03,6.05,178,85.60%,71.20%,56.30%,202,97.10%,204,98.10%,204,98.10%,199,95.70%,181,87.00%,91.80%,85.60%,91.30%,76.00%,88.70%,77.50%,88.90%,80.90%,86.20%,74.60%,NA,NA,NA,NA,NA,NA,NA,NA,NA,NA,NA,NA,NA,NA,NA,191,178,190,158,181,158,177,161,156,135,178,85.60%,202,97.10%,204,98.10%,204,100.00%,199,100.00%,180,99.40%,38.1,NA,NA,NA,NA,NA,NA,NA,NA,64.4,NA,NA,NA,NA,NA,NA,NA,NA,8.1,NA,NA,NA,8,NA,NA,NA,11.5,NA,NA,NA,10.6,NA,NA,NA,12.9,NA,NA,NA,12.6,NA,NA,NA,19.9,NA,NA,NA,19,NA,NA,NA,9.8,0.8,18.3,0.7,-12.3,NA,NA,NA,NA,NA,NA,NA,NA,NA,NA,NA,NA,NA,NA,NA,NA,NA,NA,NA,NA,NA,NA,NA,NA,NA,NA,NA,NA,68.3,13.4,13.4,21.6,20,18.9,1.1,NA,NA,NA,NA,NA,NA,NA,NA,63.2,13.3,11.7,19.1,19.1,18.3,0.8,NA,NA,NA,NA,NA,NA,NA,NA,62.1,12,12.7,19.5,17.9,17.2,0.7,NA,NA,NA,NA,NA,NA,NA,NA,62.6,12.6,12.3,19.3,18.4,17.7,0.7,NA,NA,NA,NA,NA,NA,NA,NA,NA,NA,NA,NA,NA,NA,NA,NA,NA,NA,NA,NA,57.10%,87.60%,21.40%,14.30%,74.70%,59.30%,NA,NA,NA,NA,NA,NA,NA,NA,NA,NA,NA,NA,NA,NA,NA,NA,NA,NA,NA,NA,NA,NA,NA,NA,NA,NA,NA,NA,NA,NA,NA,NA,NA,NA,NA,NA,NA,NA,NA,NA,NA,NA,NA,NA,NA,83.30%,68.40%,53.50%,88.30%,74.50%,59.60%,85.60%,71.20%,56.30%,87.50%,87.50%,68.80%,85.60%,99.00%,50.00%,90.20%,NA,NA,NA,NA,NA,NA,86.80%,88.30%,87.50%,87.50%,21.40%,77.30%,NA,NA,NA,NA,NA,NA,78.10%,68.10%,68.80%,73.60%,11.50%,37.00%,8.9,NA,NA,NA,7.6,9,8.6,NA,NA,NA,7.4,8.7,1885,0,0%,NA,5.66,5.83,3.92,4.18,5.84,6.02,59,61.5,204,206,0.89,0.72,0.7,0.53,1.08,0.91,41.1,45.9,60.9,63.3,87.10%,81.00%,60.30%,61.60%,46.90%,46.00%,70.00%,68.20%,25.00%,27.30%,20.00%,9.10%,88.90%,82.50%,64.00%,65.60%,49.70%,50.30%,82.30%,87.20%,85.60%,92.40%,69.40%,71.10%,50.00%,81.80%,30.00%,27.30%,89.40%,93.70%,73.50%,76.20%,20,22,9.60%,10.40%,189,189,90.40%,89.60%,7.8,8.3,8.9,9,7.4,7.8,8.6,8.7
1,919,6005,117604,Berkhamsted School,,Overton House,133 High Street,,Berkhamsted,HP4 2DJ,01442358000,E14001268,Harpenden and Berkhamsted,0,0,IND,Anglican/Christian,,NA,MIXED,0,11-19,1431,810,621,203,124,61.10%,79,38.90%,NA,NA,NA,NA,NA,NA,NA,NP,NP,NP,NP,NP,NP,NP,NP,NP,NP,NP,NP,NA,NA,NA,NA,NA,NA,2477.21,12.2,0,0,0,0,204,1,2273.21,11.2,2062,10.2,211.21,1,0.1,1.6,NA,NA,NA,NA,NA,NA,NA,NA,NA,NA,NA,NA,NA,NA,NA,NA,NA,NA,NA,NA,NA,0.00%,0.00%,33.96,0.17,NP,NP,NA,NA,NA,NP,0.18,0.16,NP,0,0.00%,0.00%,0.00%,0,0.00%,0,0.00%,0,0.00%,0,0.00%,28,13.80%,0.00%,0.00%,0.00%,0.00%,NE,NE,NE,NE,96.40%,96.40%,NA,NA,NA,NA,NA,NA,NA,NA,NA,NA,NA,NA,NA,NA,NA,0,0,0,0,NE,NE,NE,NE,27,27,0,0.00%,0,0.00%,0,0.00%,NE,NE,NE,NE,27,96.40%,NP,NA,NA,NA,NA,NA,NA,NA,NA,NP,NA,NA,NA,NA,NA,NA,NA,NA,NP,NA,NA,NA,NP,NA,NA,NA,NP,NA,NA,NA,NP,NA,NA,NA,NP,NA,NA,NA,NP,NA,NA,NA,NP,NA,NA,NA,NP,NA,NA,NA,NP,NP,NP,NP,NP,NA,NA,NA,NA,NA,NA,NA,NA,NA,NA,NA,NA,NA,NA,NA,NA,NA,NA,NA,NA,NA,NA,NA,NA,NA,NA,NA,NA,NP,NP,NP,NP,NP,NP,NP,NA,NA,NA,NA,NA,NA,NA,NA,13.2,0,0,1.1,12.1,11.2,0.9,NA,NA,NA,NA,NA,NA,NA,NA,11.6,0,0,1,10.6,9.5,1.1,NA,NA,NA,NA,NA,NA,NA,NA,NP,NP,NP,NP,NP,NP,NP,NA,NA,NA,NA,NA,NA,NA,NA,NA,NA,NA,NA,NA,NA,NA,NA,NA,NA,NA,NA,NP,NP,NP,NP,NP,NP,NA,NA,NA,NA,NA,NA,NA,NA,NA,NA,NA,NA,NA,NA,NA,NA,NA,NA,NA,NA,NA,NA,NA,NA,NA,NA,NA,NA,NA,NA,NA,NA,NA,NA,NA,NA,NA,NA,NA,NA,NA,NA,NA,NA,NA,0.00%,0.00%,0.00%,0.00%,0.00%,0.00%,NP,NP,NP,NP,NP,NP,0.00%,90.60%,NP,NP,NA,NA,NA,NA,NA,NA,0.00%,0.00%,NP,NP,NP,NP,NA,NA,NA,NA,NA,NA,0.00%,0.00%,NP,NP,0.00%,0.00%,1.7,NA,NA,NA,NP,NP,1.5,NA,NA,NA,NP,NP,364,0,0%,NA,0.14,0.2,NP,NP,NP,NP,16.3,16.1,NP,NP,NP,NP,NP,NP,NP,NP,NP,NP,NP,NP,0.00%,0.00%,0.00%,0.00%,0.00%,0.00%,NP,NP,NP,NP,NP,NP,NP,NP,NP,NP,NP,NP,0.00%,0.00%,0.00%,0.00%,0.00%,0.00%,NP,NP,NP,NP,NP,NP,NP,NP,NP,NP,NP,NP,NP,NP,NP,NP,NP,NP,NP,NP,NP,NP,NP,NP
1,919,4200,137637,Birchwood High School,,Parsonage Lane,,,Bishop's Stortford,CM23 5BD,01279655936,E14001283,Hertford and Stortford,0,0,ACC,None,NSE,OTHER NON SEL,MIXED,0,11-18,1454,789,665,243,138,56.80%,105,43.20%,NA,NA,NA,NA,NA,NA,NA,39,16.00%,204,84.00%,27,11.10%,215,88.50%,1,0.40%,224,92.20%,3,1.20%,22,9.10%,19,7.80%,11201,46.1,2257,9.3,2282,9.4,3287,13.5,3375,13.9,2761.5,11.4,613.5,2.5,2.8,2.8,NA,NA,NA,NA,NA,NA,NA,NA,NA,NA,NA,NA,NA,NA,NA,NA,NA,NA,NA,NA,NA,64.20%,41.60%,977.18,4.02,3.38,4.14,NA,NA,NA,4.86,4.1,3.96,4.1,87,35.80%,23.00%,18.10%,231,95.10%,238,97.90%,235,96.70%,210,86.40%,94,38.70%,74.10%,53.90%,70.80%,51.40%,61.70%,40.40%,61.00%,48.60%,76.60%,70.20%,NA,NA,NA,NA,NA,NA,NA,NA,NA,NA,NA,NA,NA,NA,NA,180,131,172,125,145,95,128,102,72,66,83,34.20%,229,94.20%,238,97.90%,228,97.00%,206,98.10%,93,98.90%,37.7,NA,NA,NA,NA,NA,NA,NA,NA,47.7,NA,NA,NA,NA,NA,NA,NA,NA,7.5,NA,NA,NA,7.4,NA,NA,NA,11.9,NA,NA,NA,10.9,NA,NA,NA,9.6,NA,NA,NA,9.8,NA,NA,NA,13.8,NA,NA,NA,14.5,NA,NA,NA,9.1,1.8,11.8,2.7,-12.7,NA,NA,NA,NA,NA,NA,NA,NA,NA,NA,NA,NA,NA,NA,NA,NA,NA,NA,NA,NA,NA,NA,NA,NA,NA,NA,NA,NA,51.3,9.2,10.5,16.8,14.9,13.2,1.7,NA,NA,NA,NA,NA,NA,NA,NA,46.4,9.7,9,13.5,14.2,11.3,2.8,NA,NA,NA,NA,NA,NA,NA,NA,45.9,9,9.7,13.5,13.7,11.4,2.3,NA,NA,NA,NA,NA,NA,NA,NA,47.1,9.4,9.6,13.8,14.3,11.6,2.7,NA,NA,NA,NA,NA,NA,NA,NA,NA,NA,NA,NA,NA,NA,NA,NA,NA,NA,NA,NA,38.50%,35.30%,12.80%,12.80%,25.00%,19.10%,NA,NA,NA,NA,NA,NA,NA,NA,NA,NA,NA,NA,NA,NA,NA,NA,NA,NA,NA,NA,NA,NA,NA,NA,NA,NA,NA,NA,NA,NA,NA,NA,NA,NA,NA,NA,NA,NA,NA,NA,NA,NA,NA,NA,NA,27.50%,16.70%,13.00%,46.70%,31.40%,24.80%,36.20%,23.20%,19.20%,74.10%,44.40%,29.60%,59.70%,97.90%,35.90%,69.60%,NA,NA,NA,NA,NA,NA,64.50%,63.80%,63.00%,66.10%,23.10%,45.10%,NA,NA,NA,NA,NA,NA,43.50%,39.00%,48.10%,43.80%,9.50%,25.90%,8,NA,NA,NA,7.6,8.1,7.5,NA,NA,NA,7.1,7.6,1972,0,0%,NA,4.25,3.94,3.61,2.96,4.36,4.06,48.1,45.1,208,217,-0.08,-0.45,-0.27,-0.64,0.11,-0.26,41.7,33.6,49.1,46.6,40.30%,35.20%,29.00%,24.30%,17.70%,18.30%,28.10%,30.80%,12.50%,11.50%,9.40%,7.70%,42.20%,35.80%,31.70%,26.00%,19.10%,19.60%,63.60%,58.30%,68.80%,63.00%,49.40%,38.30%,50.00%,42.30%,31.30%,15.40%,71.90%,65.70%,52.30%,41.20%,32,26,13.90%,11.30%,199,204,86.10%,88.70%,8.1,7,8.4,8.3,7.5,6.7,7.9,7.8
1,919,4099,137757,Bishop's Hatfield Girls' School,,Woods Avenue,,,Hatfield,AL10 8NL,01707275331,E14001573,Welwyn Hatfield,0,0,ACC,Does not apply,NSE,OTHER NON SEL,GIRLS,0,11-18,942,6,936,151,NA,0.00%,151,100.00%,NA,NA,NA,NA,NA,NA,NA,29,19.20%,122,80.80%,31,20.50%,120,79.50%,0,0.00%,142,94.00%,6,4.00%,24,15.90%,18,11.90%,7843.25,51.9,1731,11.5,1548,10.3,2258,15,2306.25,15.3,2019,13.4,287.25,1.9,2.7,2.8,NA,NA,NA,NA,NA,NA,NA,NA,NA,NA,NA,NA,NA,NA,NA,NA,NA,NA,NA,NA,NA,73.50%,55.00%,709.74,4.7,3.44,5,NA,NA,NA,5.06,4.7,NE,4.77,70,46.40%,42.40%,34.40%,145,96.00%,149,98.70%,138,91.40%,111,73.50%,83,55.00%,85.40%,73.50%,75.50%,58.30%,69.60%,55.80%,85.60%,78.40%,95.20%,89.20%,NA,NA,NA,NA,NA,NA,NA,NA,NA,NA,NA,NA,NA,NA,NA,129,111,114,88,96,77,95,87,79,74,70,46.40%,145,96.00%,147,97.40%,136,98.60%,111,100.00%,83,100.00%,40.3,NA,NA,NA,NA,NA,NA,NA,NA,54.7,NA,NA,NA,NA,NA,NA,NA,NA,9.2,NA,NA,NA,8.1,NA,NA,NA,11.1,NA,NA,NA,11.8,NA,NA,NA,12,NA,NA,NA,10.8,NA,NA,NA,15.9,NA,NA,NA,16.1,NA,NA,NA,9.6,2.2,14.3,1.8,-10.1,NA,NA,NA,NA,NA,NA,NA,NA,NA,NA,NA,NA,NA,NA,NA,NA,NA,NA,NA,NA,NA,NA,NA,NA,NA,NA,NA,NA,55.6,11.9,10.8,16.8,16,14.1,2,NA,NA,NA,NA,NA,NA,NA,NA,51.9,11.5,10.3,15,15.3,13.4,1.9,NA,NA,NA,NA,NA,NA,NA,NA,NE,NE,NE,NE,NE,NE,NE,NA,NA,NA,NA,NA,NA,NA,NA,52.5,11.6,10.3,15.1,15.5,13.6,1.9,NA,NA,NA,NA,NA,NA,NA,NA,NA,NA,NA,NA,NA,NA,NA,NA,NA,NA,NA,NA,31.00%,50.00%,24.10%,13.80%,46.70%,39.30%,NA,NA,NA,NA,NA,NA,NA,NA,NA,NA,NA,NA,NA,NA,NA,NA,NA,NA,NA,NA,NA,NA,NA,NA,NA,NA,NA,NA,NA,NA,NA,NA,NA,NA,NA,NA,NA,NA,NA,NA,NA,NA,NA,NA,NA,NE,NE,NE,46.40%,42.40%,34.40%,49.30%,45.10%,36.60%,41.90%,38.70%,32.30%,69.50%,98.70%,51.70%,78.70%,NA,NA,NA,NA,NA,NA,NE,73.50%,74.20%,74.60%,34.50%,59.80%,NA,NA,NA,NA,NA,NA,NE,55.00%,61.30%,56.30%,4.60%,41.70%,8.1,NA,NA,NA,7.6,8.3,7.7,NA,NA,NA,6.9,7.9,1230,0,0%,NA,5.13,5.06,3.85,3.9,5.42,5.28,56.7,56.3,128,131,0.38,0.8,0.13,0.56,0.62,1.05,43.8,44.6,59.7,58.6,53.70%,56.90%,49.70%,45.80%,38.30%,36.10%,39.30%,34.80%,32.10%,30.40%,25.00%,26.10%,57.00%,61.20%,53.70%,48.80%,41.30%,38.00%,79.20%,75.00%,80.50%,75.70%,63.80%,56.90%,53.60%,60.90%,39.30%,39.10%,86.80%,78.50%,69.40%,60.30%,28,23,18.80%,16.00%,121,121,81.20%,84.00%,7.2,7.5,8.8,8.6,6.6,7,8.5,8.3
1,919,6007,117605,Bishop's Stortford College,,School House,Maze Green Road,,Bishop's Stortford,CM23 2PQ,01279838575,E14001283,Hertford and Stortford,0,0,IND,None,,NA,MIXED,0,3-18,1245,659,586,141,81,57.40%,60,42.60%,NA,NA,NA,NA,NA,NA,NA,NP,NP,NP,NP,NP,NP,NP,NP,NP,NP,NP,NP,NA,NA,NA,NA,NA,NA,3304,23.4,0,0,0,0,1816,12.9,1488,10.6,1406,10,82,0.6,1.7,1.5,NA,NA,NA,NA,NA,NA,NA,NA,NA,NA,NA,NA,NA,NA,NA,NA,NA,NA,NA,NA,NA,0.00%,0.00%,245.47,1.74,NP,NP,NA,NA,NA,NP,1.79,1.7,NP,0,0.00%,0.00%,0.00%,0,0.00%,0,0.00%,0,0.00%,102,72.30%,100,70.90%,0.00%,0.00%,0.00%,0.00%,NE,NE,97.10%,92.20%,100.00%,98.00%,NA,NA,NA,NA,NA,NA,NA,NA,NA,NA,NA,NA,NA,NA,NA,0,0,0,0,NE,NE,99,94,100,98,0,0.00%,0,0.00%,0,0.00%,NE,NE,102,100.00%,100,100.00%,NP,NA,NA,NA,NA,NA,NA,NA,NA,NP,NA,NA,NA,NA,NA,NA,NA,NA,NP,NA,NA,NA,NP,NA,NA,NA,NP,NA,NA,NA,NP,NA,NA,NA,NP,NA,NA,NA,NP,NA,NA,NA,NP,NA,NA,NA,NP,NA,NA,NA,NP,NP,NP,NP,NP,NA,NA,NA,NA,NA,NA,NA,NA,NA,NA,NA,NA,NA,NA,NA,NA,NA,NA,NA,NA,NA,NA,NA,NA,NA,NA,NA,NA,NP,NP,NP,NP,NP,NP,NP,NA,NA,NA,NA,NA,NA,NA,NA,24.8,0,0,13,11.8,11.3,0.5,NA,NA,NA,NA,NA,NA,NA,NA,22.4,0,0,12.8,9.6,9,0.6,NA,NA,NA,NA,NA,NA,NA,NA,NP,NP,NP,NP,NP,NP,NP,NA,NA,NA,NA,NA,NA,NA,NA,NA,NA,NA,NA,NA,NA,NA,NA,NA,NA,NA,NA,NP,NP,NP,NP,NP,NP,NA,NA,NA,NA,NA,NA,NA,NA,NA,NA,NA,NA,NA,NA,NA,NA,NA,NA,NA,NA,NA,NA,NA,NA,NA,NA,NA,NA,NA,NA,NA,NA,NA,NA,NA,NA,NA,NA,NA,NA,NA,NA,NA,NA,NA,0.00%,0.00%,0.00%,0.00%,0.00%,0.00%,NP,NP,NP,NP,NP,NP,0.00%,99.30%,NP,NP,NA,NA,NA,NA,NA,NA,0.00%,0.00%,NP,NP,NP,NP,NA,NA,NA,NA,NA,NA,0.00%,0.00%,NP,NP,15.60%,0.00%,3.3,NA,NA,NA,NP,NP,3.2,NA,NA,NA,NP,NP,462,0,0%,NA,1.76,1.63,NP,NP,NP,NP,22.4,22,NP,NP,NP,NP,NP,NP,NP,NP,NP,NP,NP,NP,0.00%,0.00%,0.00%,0.00%,0.00%,0.00%,NP,NP,NP,NP,NP,NP,NP,NP,NP,NP,NP,NP,0.00%,0.00%,0.00%,0.00%,0.00%,0.00%,NP,NP,NP,NP,NP,NP,NP,NP,NP,NP,NP,NP,NP,NP,NP,NP,NP,NP,NP,NP,NP,NP,NP,NP
1,919,5405,117577,The Bishop's Stortford High School,,Beaumont Avenue,,,Bishop's Stortford,CM23 4SH,01279868686,E14001283,Hertford and Stortford,0,0,FD,None,NSE,OTHER NON SEL,BOYS,0,11-18,1260,1127,133,169,169,100.00%,NA,0.00%,NA,NA,NA,NA,NA,NA,NA,9,5.30%,160,94.70%,13,7.70%,156,92.30%,0,0.00%,167,98.80%,4,2.40%,20,11.80%,16,9.50%,10174,60.2,1941,11.5,2060,12.2,3225,19.1,2948,17.4,2939.5,17.4,8.5,0.1,3,3,NA,NA,NA,NA,NA,NA,NA,NA,NA,NA,NA,NA,NA,NA,NA,NA,NA,NA,NA,NA,NA,87.00%,69.20%,995.78,5.89,3.81,6.01,NA,NA,NA,6.82,NE,5.89,5.91,139,82.20%,64.50%,52.70%,167,98.80%,169,100.00%,168,99.40%,145,85.80%,157,92.90%,91.70%,79.30%,92.30%,78.70%,91.70%,75.60%,86.90%,83.40%,86.00%,77.10%,NA,NA,NA,NA,NA,NA,NA,NA,NA,NA,NA,NA,NA,NA,NA,155,134,156,133,154,127,126,121,135,121,139,82.20%,167,98.80%,169,100.00%,168,100.00%,145,100.00%,157,100.00%,40.1,NA,NA,NA,NA,NA,NA,NA,NA,61.3,NA,NA,NA,NA,NA,NA,NA,NA,8.6,NA,NA,NA,8.4,NA,NA,NA,12.1,NA,NA,NA,11,NA,NA,NA,11.7,NA,NA,NA,12.4,NA,NA,NA,19.5,NA,NA,NA,17.8,NA,NA,NA,11,0,17.8,0.1,-10.3,NA,NA,NA,NA,NA,NA,NA,NA,NA,NA,NA,NA,NA,NA,NA,NA,NA,NA,NA,NA,NA,NA,NA,NA,NA,NA,NA,NA,69.4,12.9,13.8,22.7,20,19.3,0.7,NA,NA,NA,NA,NA,NA,NA,NA,NE,NE,NE,NE,NE,NE,NE,NA,NA,NA,NA,NA,NA,NA,NA,60.2,11.5,12.2,19.1,17.4,17.4,0.1,NA,NA,NA,NA,NA,NA,NA,NA,60.2,11.5,12.2,19.1,17.4,17.4,0.1,NA,NA,NA,NA,NA,NA,NA,NA,NA,NA,NA,NA,NA,NA,NA,NA,NA,NA,NA,NA,66.70%,83.10%,22.20%,22.20%,66.90%,54.40%,NA,NA,NA,NA,NA,NA,NA,NA,NA,NA,NA,NA,NA,NA,NA,NA,NA,NA,NA,NA,NA,NA,NA,NA,NA,NA,NA,NA,NA,NA,NA,NA,NA,NA,NA,NA,NA,NA,NA,NA,NA,NA,NA,NA,NA,82.20%,64.50%,52.70%,NE,NE,NE,83.20%,65.30%,53.30%,76.90%,69.20%,61.50%,84.60%,100.00%,55.60%,88.80%,NA,NA,NA,NA,NA,NA,87.00%,NE,92.30%,87.40%,33.30%,71.30%,NA,NA,NA,NA,NA,NA,69.20%,NE,76.90%,69.50%,7.10%,28.40%,8.3,NA,NA,NA,7.1,8.3,8.3,NA,NA,NA,7.1,8.3,1398,0,0%,NA,5.4,5.73,4.3,3.37,5.47,5.86,56.1,59.2,158,158,0.23,0.49,0.01,0.27,0.45,0.71,46.1,40.4,56.8,60.3,72.60%,70.80%,59.50%,61.90%,43.50%,53.60%,40.00%,11.10%,40.00%,11.10%,30.00%,0.00%,74.70%,74.20%,60.80%,64.80%,44.30%,56.60%,85.10%,87.50%,88.70%,90.50%,68.50%,67.90%,80.00%,66.70%,80.00%,11.10%,89.20%,91.80%,67.70%,71.10%,10,9,6.00%,5.40%,158,159,94.00%,94.60%,7.2,7.4,8.3,8.3,7.2,7.4,8.3,8.3
2,919,7003,147679,Brandles School,,Weston Way,,,Baldock,SG7 6EY,01462896351,E14001393,North East Hertfordshire,0,0,ACS,Does not apply,NA,NA,BOYS,0,11-16,70,70,NA,11,11,100.00%,NA,0.00%,NA,NA,NA,NA,NA,NA,NA,9,81.80%,2,18.20%,0,0.00%,11,100.00%,0,0.00%,11,100.00%,,,,,,,29,2.6,7,0.6,20,1.8,0,0,2,0.2,0,0,2,0.2,0,0.1,NA,NA,NA,NA,NA,NA,NA,NA,NA,NA,NA,NA,NA,NA,NA,NA,NA,NA,NA,NA,NA,0.00%,0.00%,1.67,0.15,SUPP,SUPP,NA,NA,NA,NE,NE,0.15,0.15,0,0.00%,0.00%,0.00%,0,0.00%,4,36.40%,0,0.00%,0,0.00%,0,0.00%,0.00%,0.00%,9.10%,0.00%,NE,NE,NE,NE,NE,NE,NA,NA,NA,NA,NA,NA,NA,NA,NA,NA,NA,NA,NA,NA,NA,0,0,1,0,NE,NE,NE,NE,NE,NE,0,0.00%,0,0.00%,4,36.40%,NE,NE,NE,NE,NE,NE,SUPP,NA,NA,NA,NA,NA,NA,NA,NA,SUPP,NA,NA,NA,NA,NA,NA,NA,NA,SUPP,NA,NA,NA,SUPP,NA,NA,NA,SUPP,NA,NA,NA,SUPP,NA,NA,NA,SUPP,NA,NA,NA,SUPP,NA,NA,NA,SUPP,NA,NA,NA,SUPP,NA,NA,NA,SUPP,SUPP,SUPP,SUPP,SUPP,NA,NA,NA,NA,NA,NA,NA,NA,NA,NA,NA,NA,NA,NA,NA,NA,NA,NA,NA,NA,NA,NA,NA,NA,NA,NA,NA,NA,NE,NE,NE,NE,NE,NE,NE,NA,NA,NA,NA,NA,NA,NA,NA,NE,NE,NE,NE,NE,NE,NE,NA,NA,NA,NA,NA,NA,NA,NA,2.6,0.6,1.8,0,0.2,0,0.2,NA,NA,NA,NA,NA,NA,NA,NA,2.6,0.6,1.8,0,0.2,0,0.2,NA,NA,NA,NA,NA,NA,NA,NA,NA,NA,NA,NA,NA,NA,NA,NA,NA,NA,NA,NA,SUPP,SUPP,SUPP,SUPP,SUPP,SUPP,NA,NA,NA,NA,NA,NA,NA,NA,NA,NA,NA,NA,NA,NA,NA,NA,NA,NA,NA,NA,NA,NA,NA,NA,NA,NA,NA,NA,NA,NA,NA,NA,NA,NA,NA,NA,NA,NA,NA,NA,NA,NA,NA,NA,NA,0.00%,0.00%,0.00%,NE,NE,NE,0.00%,0.00%,0.00%,NE,NE,NE,0.00%,36.40%,SUPP,SUPP,NA,NA,NA,NA,NA,NA,0.00%,NE,NE,0.00%,SUPP,SUPP,NA,NA,NA,NA,NA,NA,0.00%,NE,NE,0.00%,0.00%,0.00%,0.7,NA,NA,NA,SUPP,SUPP,0.6,NA,NA,NA,SUPP,SUPP,9,0,0%,NA,0.24,0.28,SUPP,SUPP,SUPP,SUPP,3.9,5.3,14,11,-2.46,-2.83,-3.2,-3.66,-1.72,-1.99,SUPP,SUPP,SUPP,SUPP,0.00%,0.00%,0.00%,0.00%,0.00%,0.00%,SUPP,SUPP,SUPP,SUPP,SUPP,SUPP,SUPP,SUPP,SUPP,SUPP,SUPP,SUPP,0.00%,0.00%,6.30%,0.00%,0.00%,0.00%,SUPP,SUPP,SUPP,SUPP,SUPP,SUPP,SUPP,SUPP,13,8,81.30%,66.70%,3,4,18.80%,33.30%,SUPP,SUPP,SUPP,SUPP,SUPP,SUPP,SUPP,SUPP
2,919,7024,117681,Breakspeare School,,Gallows Hill Lane,,,Abbots Langley,WD5 0BU,01923263645,E14001496,South West Hertfordshire,0,0,CYS,Does not apply,NA,NA,MIXED,0,2-19,139,92,47,17,10,58.80%,7,41.20%,NA,NA,NA,NA,NA,NA,NA,7,41.20%,10,58.80%,5,29.40%,12,70.60%,0,0.00%,16,94.10%,,,,,,,NE,NE,NE,NE,NE,NE,NE,NE,NE,NE,NE,NE,NE,NE,NE,NE,NA,NA,NA,NA,NA,NA,NA,NA,NA,NA,NA,NA,NA,NA,NA,NA,NA,NA,NA,NA,NA,NE,NE,NE,NE,NE,NE,NA,NA,NA,SUPP,NE,NE,NE,NE,NE,NE,NE,NE,NE,NE,NE,NE,NE,NE,NE,NE,NE,NE,NE,NE,NE,NE,NE,NE,NE,NE,NE,NA,NA,NA,NA,NA,NA,NA,NA,NA,NA,NA,NA,NA,NA,NA,NE,NE,NE,NE,NE,NE,NE,NE,NE,NE,NE,NE,NE,NE,NE,NE,NE,NE,NE,NE,NE,NE,NE,NA,NA,NA,NA,NA,NA,NA,NA,NE,NA,NA,NA,NA,NA,NA,NA,NA,NE,NA,NA,NA,NE,NA,NA,NA,NE,NA,NA,NA,NE,NA,NA,NA,NE,NA,NA,NA,NE,NA,NA,NA,NE,NA,NA,NA,NE,NA,NA,NA,NE,NE,NE,NE,NE,NA,NA,NA,NA,NA,NA,NA,NA,NA,NA,NA,NA,NA,NA,NA,NA,NA,NA,NA,NA,NA,NA,NA,NA,NA,NA,NA,NA,SUPP,SUPP,SUPP,SUPP,SUPP,SUPP,SUPP,NA,NA,NA,NA,NA,NA,NA,NA,NE,NE,NE,NE,NE,NE,NE,NA,NA,NA,NA,NA,NA,NA,NA,NE,NE,NE,NE,NE,NE,NE,NA,NA,NA,NA,NA,NA,NA,NA,NE,NE,NE,NE,NE,NE,NE,NA,NA,NA,NA,NA,NA,NA,NA,NA,NA,NA,NA,NA,NA,NA,NA,NA,NA,NA,NA,NE,NE,NE,NE,NE,NE,NA,NA,NA,NA,NA,NA,NA,NA,NA,NA,NA,NA,NA,NA,NA,NA,NA,NA,NA,NA,NA,NA,NA,NA,NA,NA,NA,NA,NA,NA,NA,NA,NA,NA,NA,NA,NA,NA,NA,NA,NA,NA,NA,NA,NA,NE,NE,NE,NE,NE,NE,NE,NE,NE,SUPP,SUPP,SUPP,NE,NE,NE,NE,NA,NA,NA,NA,NA,NA,NE,NE,SUPP,NE,NE,NE,NA,NA,NA,NA,NA,NA,NE,NE,SUPP,NE,NE,NE,NE,NA,NA,NA,NE,NE,NE,NA,NA,NA,NE,NE,NE,NE,NE,NA,NE,SUPP,SUPP,SUPP,SUPP,SUPP,NE,SUPP,NE,SUPP,NE,SUPP,NE,SUPP,NE,SUPP,SUPP,SUPP,SUPP,SUPP,NE,SUPP,NE,SUPP,NE,SUPP,SUPP,SUPP,SUPP,SUPP,SUPP,SUPP,SUPP,SUPP,SUPP,SUPP,SUPP,SUPP,NE,SUPP,NE,SUPP,NE,SUPP,SUPP,SUPP,SUPP,SUPP,SUPP,SUPP,SUPP,SUPP,4,SUPP,57.10%,SUPP,3,SUPP,42.90%,SUPP,SUPP,SUPP,SUPP,SUPP,SUPP,SUPP,SUPP,SUPP
1,919,4101,136396,The Broxbourne School,,Badgers Walk,,,Broxbourne,EN10 7FU,01992411060,E14001139,Broxbourne,0,0,ACC,None,NSE,OTHER NON SEL,MIXED,0,11-18,1415,700,715,211,95,45.00%,116,55.00%,NA,NA,NA,NA,NA,NA,NA,24,11.40%,187,88.60%,36,17.10%,175,82.90%,0,0.00%,209,99.10%,6,2.80%,28,13.30%,22,10.40%,11686.75,55.4,2499,11.8,2384,11.3,3448.5,16.3,3355.25,15.9,3221.5,15.3,133.75,0.6,2.9,3,NA,NA,NA,NA,NA,NA,NA,NA,NA,NA,NA,NA,NA,NA,NA,NA,NA,NA,NA,NA,NA,82.00%,66.80%,1080.49,5.12,4.33,5.22,NA,NA,NA,5.62,5.29,4.91,5.13,134,63.50%,43.60%,32.20%,208,98.60%,211,100.00%,210,99.50%,197,93.40%,139,65.90%,88.60%,77.30%,85.30%,74.40%,77.60%,60.50%,79.70%,65.50%,74.10%,59.70%,NA,NA,NA,NA,NA,NA,NA,NA,NA,NA,NA,NA,NA,NA,NA,187,163,180,157,163,127,157,129,103,83,131,62.10%,208,98.60%,211,100.00%,204,97.10%,197,100.00%,137,98.60%,47.6,NA,NA,NA,NA,NA,NA,NA,NA,56.4,NA,NA,NA,NA,NA,NA,NA,NA,10.8,NA,NA,NA,10.1,NA,NA,NA,13.9,NA,NA,NA,12.9,NA,NA,NA,12,NA,NA,NA,11.5,NA,NA,NA,16.7,NA,NA,NA,16.3,NA,NA,NA,11.8,1.1,15.7,0.6,-2.8,NA,NA,NA,NA,NA,NA,NA,NA,NA,NA,NA,NA,NA,NA,NA,NA,NA,NA,NA,NA,NA,NA,NA,NA,NA,NA,NA,NA,58.8,12.1,11.6,18.2,16.9,16.4,0.5,NA,NA,NA,NA,NA,NA,NA,NA,57.6,12.7,11,16.7,17,16.5,0.5,NA,NA,NA,NA,NA,NA,NA,NA,52.7,10.7,11.6,15.9,14.5,13.7,0.8,NA,NA,NA,NA,NA,NA,NA,NA,55.5,11.9,11.3,16.4,15.9,15.3,0.6,NA,NA,NA,NA,NA,NA,NA,NA,NA,NA,NA,NA,NA,NA,NA,NA,NA,NA,NA,NA,50.00%,65.20%,20.80%,20.80%,46.50%,33.70%,NA,NA,NA,NA,NA,NA,NA,NA,NA,NA,NA,NA,NA,NA,NA,NA,NA,NA,NA,NA,NA,NA,NA,NA,NA,NA,NA,NA,NA,NA,NA,NA,NA,NA,NA,NA,NA,NA,NA,NA,NA,NA,NA,NA,NA,61.10%,41.10%,25.30%,65.50%,45.70%,37.90%,63.60%,43.50%,32.10%,75.00%,58.30%,41.70%,76.80%,100.00%,70.80%,83.40%,NA,NA,NA,NA,NA,NA,81.10%,82.80%,83.30%,82.30%,54.20%,68.40%,NA,NA,NA,NA,NA,NA,65.30%,68.10%,66.70%,67.00%,10.90%,23.70%,8.4,NA,NA,NA,8.2,8.4,8.1,NA,NA,NA,7.7,8.1,1771,0,0%,NA,5.11,4.82,3.73,4.46,5.31,4.86,54.7,52.5,200,205,0.1,-0.1,-0.1,-0.3,0.3,0.09,40.7,48.5,56.9,53,68.80%,66.70%,48.30%,40.80%,34.10%,27.70%,48.10%,45.50%,29.60%,27.30%,18.50%,27.30%,71.90%,69.10%,51.10%,42.40%,36.50%,27.70%,81.50%,77.00%,82.40%,84.00%,70.20%,63.40%,55.60%,77.30%,37.00%,50.00%,86.50%,84.80%,75.30%,64.90%,27,22,13.20%,10.30%,178,191,86.80%,89.70%,8.1,8.1,8.9,8.8,7.7,8,8.7,8.5
1,919,5408,137872,Bushey Meads School,,Coldharbour Lane,,,Bushey,WD23 4PA,02089503000,E14001284,Hertsmere,0,0,ACC,None,NSE,OTHER NON SEL,MIXED,0,11-18,1236,682,554,188,105,55.90%,83,44.10%,NA,NA,NA,NA,NA,NA,NA,41,21.80%,147,78.20%,42,22.30%,141,75.00%,5,2.70%,182,96.80%,22,11.70%,44,23.40%,22,11.70%,8193.25,43.6,1824,9.7,1680,8.9,2290,12.2,2399.25,12.8,2089,11.1,310.25,1.7,2.7,2.7,NA,NA,NA,NA,NA,NA,NA,NA,NA,NA,NA,NA,NA,NA,NA,NA,NA,NA,NA,NA,NA,63.80%,41.00%,652.34,3.47,2.46,3.75,NA,NA,NA,4.05,3.45,3.49,3.52,21,11.20%,8.50%,6.90%,172,91.50%,185,98.40%,169,89.90%,94,50.00%,41,21.80%,76.10%,57.40%,66.00%,46.30%,55.00%,36.70%,57.40%,43.60%,87.80%,78.00%,NA,NA,NA,NA,NA,NA,NA,NA,NA,NA,NA,NA,NA,NA,NA,143,108,124,87,93,62,54,41,36,32,21,11.20%,172,91.50%,177,94.10%,167,98.80%,93,98.90%,41,100.00%,32,NA,NA,NA,NA,NA,NA,NA,NA,46.8,NA,NA,NA,NA,NA,NA,NA,NA,7.5,NA,NA,NA,6.6,NA,NA,NA,8.8,NA,NA,NA,9.1,NA,NA,NA,10.3,NA,NA,NA,9.6,NA,NA,NA,13.1,NA,NA,NA,13.8,NA,NA,NA,7.6,1.5,12.1,1.7,-18.4,NA,NA,NA,NA,NA,NA,NA,NA,NA,NA,NA,NA,NA,NA,NA,NA,NA,NA,NA,NA,NA,NA,NA,NA,NA,NA,NA,NA,49.2,10.3,10.5,14.4,14,12.3,1.6,NA,NA,NA,NA,NA,NA,NA,NA,44.8,10.1,8.9,12.2,13.7,12.3,1.4,NA,NA,NA,NA,NA,NA,NA,NA,42.6,9.4,9,12.2,12,10.2,1.8,NA,NA,NA,NA,NA,NA,NA,NA,44.3,9.8,9.1,12.3,13,11.4,1.7,NA,NA,NA,NA,NA,NA,NA,NA,NA,NA,NA,NA,NA,NA,NA,NA,NA,NA,NA,NA,4.90%,12.90%,2.40%,2.40%,10.20%,8.20%,NA,NA,NA,NA,NA,NA,NA,NA,NA,NA,NA,NA,NA,NA,NA,NA,NA,NA,NA,NA,NA,NA,NA,NA,NA,NA,NA,NA,NA,NA,NA,NA,NA,NA,NA,NA,NA,NA,NA,NA,NA,NA,NA,NA,NA,14.30%,10.50%,8.60%,7.20%,6.00%,4.80%,11.50%,8.80%,7.10%,16.70%,11.90%,9.50%,55.30%,96.80%,48.80%,68.00%,NA,NA,NA,NA,NA,NA,61.00%,67.50%,64.30%,64.30%,22.00%,46.30%,NA,NA,NA,NA,NA,NA,40.00%,42.20%,54.80%,41.80%,1.10%,80.90%,8.1,NA,NA,NA,7,8.5,7.8,NA,NA,NA,6.6,8.1,1530,0,0%,NA,3.22,3.97,2.22,2.7,3.44,4.17,42.1,50.8,174,179,-0.45,-0.02,-0.66,-0.23,-0.24,0.19,29.4,35.2,44.9,53.3,6.50%,7.50%,4.30%,6.40%,3.30%,4.80%,3.00%,7.70%,3.00%,7.70%,3.00%,3.80%,7.30%,7.50%,4.60%,6.20%,3.30%,5.00%,52.70%,71.70%,63.60%,76.50%,40.80%,59.90%,33.30%,50.00%,18.20%,23.10%,70.20%,80.70%,45.70%,65.80%,33,26,17.90%,13.90%,151,161,82.10%,86.10%,6.9,7.4,8.6,8.6,6.7,7.2,8.4,8.4
1,919,5419,147246,Chancellor's School,,Pine Grove,Brookmans Park,,Hatfield,AL9 7BN,01707650702,E14001573,Welwyn Hatfield,0,0,ACC,None,NSE,OTHER NON SEL,MIXED,0,11-18,1253,698,555,205,126,61.50%,79,38.50%,NA,NA,NA,NA,NA,NA,NA,27,13.20%,178,86.80%,34,16.60%,170,82.90%,1,0.50%,198,96.60%,4,2.00%,31,15.10%,27,13.20%,9750.5,47.6,2067,10.1,1932,9.4,2843.5,13.9,2908,14.2,2640.5,12.9,267.5,1.3,2.8,2.8,NA,NA,NA,NA,NA,NA,NA,NA,NA,NA,NA,NA,NA,NA,NA,NA,NA,NA,NA,NA,NA,69.80%,47.30%,904.54,4.41,2.99,4.63,NA,NA,NA,4.73,4.61,4.29,4.44,140,68.30%,40.50%,26.80%,195,95.10%,199,97.10%,195,95.10%,166,81.00%,155,75.60%,76.10%,65.90%,74.60%,50.70%,66.20%,46.20%,71.10%,61.40%,71.00%,51.00%,NA,NA,NA,NA,NA,NA,NA,NA,NA,NA,NA,NA,NA,NA,NA,156,135,153,104,129,90,118,102,110,79,137,66.80%,195,95.10%,196,95.60%,194,99.50%,163,98.20%,155,100.00%,33.1,NA,NA,NA,NA,NA,NA,NA,NA,49.8,NA,NA,NA,NA,NA,NA,NA,NA,7.4,NA,NA,NA,6.9,NA,NA,NA,9.1,NA,NA,NA,9.8,NA,NA,NA,10.5,NA,NA,NA,9.8,NA,NA,NA,14.6,NA,NA,NA,14.9,NA,NA,NA,8.4,1.3,13.6,1.3,-17.3,NA,NA,NA,NA,NA,NA,NA,NA,NA,NA,NA,NA,NA,NA,NA,NA,NA,NA,NA,NA,NA,NA,NA,NA,NA,NA,NA,NA,49.4,10.2,9.9,15.4,14,13.1,0.9,NA,NA,NA,NA,NA,NA,NA,NA,49.9,10.8,9.3,14.5,15.4,14.5,0.8,NA,NA,NA,NA,NA,NA,NA,NA,46.1,9.7,9.5,13.5,13.5,11.9,1.6,NA,NA,NA,NA,NA,NA,NA,NA,47.7,10.1,9.4,13.9,14.2,12.9,1.3,NA,NA,NA,NA,NA,NA,NA,NA,NA,NA,NA,NA,NA,NA,NA,NA,NA,NA,NA,NA,48.10%,71.30%,25.90%,14.80%,42.70%,28.70%,NA,NA,NA,NA,NA,NA,NA,NA,NA,NA,NA,NA,NA,NA,NA,NA,NA,NA,NA,NA,NA,NA,NA,NA,NA,NA,NA,NA,NA,NA,NA,NA,NA,NA,NA,NA,NA,NA,NA,NA,NA,NA,NA,NA,NA,69.00%,37.30%,20.60%,67.10%,45.60%,36.70%,69.70%,40.90%,26.80%,76.50%,50.00%,23.50%,66.80%,97.10%,44.40%,73.60%,NA,NA,NA,NA,NA,NA,68.30%,72.20%,76.50%,70.20%,25.90%,50.60%,NA,NA,NA,NA,NA,NA,46.00%,49.40%,52.90%,47.00%,6.80%,27.80%,8,NA,NA,NA,6.7,8.2,7.7,NA,NA,NA,6.3,7.9,1655,0,0%,NA,4.93,5.07,4.07,3.61,5.13,5.23,52.9,54,199,168,0.35,0.34,0.15,0.13,0.54,0.56,44.5,40.1,54.8,55.5,75.60%,78.00%,50.70%,53.20%,36.60%,37.60%,57.90%,64.70%,31.60%,29.40%,13.20%,11.80%,79.60%,79.50%,55.10%,55.80%,41.90%,40.40%,68.80%,76.30%,72.20%,80.30%,56.60%,59.00%,65.80%,58.80%,36.80%,29.40%,73.70%,82.70%,61.10%,62.20%,38,17,18.50%,9.80%,167,156,81.50%,90.20%,7.9,7.6,8.5,8.6,7.5,7.1,8.1,8.2
1,919,4498,137090,The Chauncy School,,Park Road,,,Ware,SG12 0DP,01920411200,E14001283,Hertford and Stortford,0,0,ACC,None,NSE,OTHER NON SEL,MIXED,0,11-18,1515,828,687,198,119,60.10%,79,39.90%,NA,NA,NA,NA,NA,NA,NA,37,18.70%,161,81.30%,8,4.00%,189,95.50%,1,0.50%,197,99.50%,5,2.50%,32,16.20%,27,13.60%,9808,49.5,1932,9.8,1946,9.8,2861,14.4,3069,15.5,2601.5,13.1,467.5,2.4,2.9,2.9,NA,NA,NA,NA,NA,NA,NA,NA,NA,NA,NA,NA,NA,NA,NA,NA,NA,NA,NA,NA,NA,67.70%,46.00%,848.84,4.29,3.14,4.55,NA,NA,NA,5.58,4.14,4.38,4.3,57,28.80%,21.70%,17.20%,196,99.00%,196,99.00%,196,99.00%,190,96.00%,57,28.80%,76.80%,53.00%,75.80%,59.10%,69.40%,49.00%,61.10%,50.00%,89.50%,84.20%,NA,NA,NA,NA,NA,NA,NA,NA,NA,NA,NA,NA,NA,NA,NA,152,105,150,117,136,96,116,95,51,48,57,28.80%,195,98.50%,193,97.50%,195,99.50%,188,98.90%,57,100.00%,37.1,NA,NA,NA,NA,NA,NA,NA,NA,52.4,NA,NA,NA,NA,NA,NA,NA,NA,7.5,NA,NA,NA,7.1,NA,NA,NA,10.8,NA,NA,NA,11.8,NA,NA,NA,10.3,NA,NA,NA,10.5,NA,NA,NA,15.3,NA,NA,NA,16.4,NA,NA,NA,8.8,3,14.1,2.2,-13.3,NA,NA,NA,NA,NA,NA,NA,NA,NA,NA,NA,NA,NA,NA,NA,NA,NA,NA,NA,NA,NA,NA,NA,NA,NA,NA,NA,NA,57.9,10.5,11.5,18.5,17.4,16.9,0.5,NA,NA,NA,NA,NA,NA,NA,NA,48.8,9.9,8.7,13.8,16.5,14,2.5,NA,NA,NA,NA,NA,NA,NA,NA,50,9.7,10.6,14.9,14.9,12.6,2.3,NA,NA,NA,NA,NA,NA,NA,NA,49.6,9.8,9.8,14.5,15.5,13.2,2.4,NA,NA,NA,NA,NA,NA,NA,NA,NA,NA,NA,NA,NA,NA,NA,NA,NA,NA,NA,NA,21.60%,30.40%,13.50%,8.10%,23.60%,19.30%,NA,NA,NA,NA,NA,NA,NA,NA,NA,NA,NA,NA,NA,NA,NA,NA,NA,NA,NA,NA,NA,NA,NA,NA,NA,NA,NA,NA,NA,NA,NA,NA,NA,NA,NA,NA,NA,NA,NA,NA,NA,NA,NA,NA,NA,24.40%,19.30%,16.00%,35.40%,25.30%,19.00%,28.90%,21.80%,17.30%,62.50%,62.50%,50.00%,63.60%,98.50%,48.60%,72.00%,NA,NA,NA,NA,NA,NA,69.70%,64.60%,75.00%,68.00%,27.00%,50.30%,NA,NA,NA,NA,NA,NA,47.10%,44.30%,62.50%,46.20%,1.50%,31.80%,8.4,NA,NA,NA,7.4,8.6,7.8,NA,NA,NA,6.7,8,1674,0,0%,NA,4.45,4.5,3.42,3.83,4.62,4.65,51.9,51.6,208,200,0.53,0.54,0.33,0.34,0.72,0.73,40.7,44.7,53.8,53.1,25.00%,33.50%,22.70%,28.60%,19.00%,19.90%,12.90%,21.60%,12.90%,16.20%,9.70%,10.80%,27.00%,36.10%,24.30%,31.40%,20.50%,21.90%,70.40%,73.80%,75.90%,78.20%,57.40%,54.90%,58.10%,64.90%,41.90%,43.20%,78.90%,81.10%,60.00%,57.40%,31,37,14.40%,18.00%,185,169,85.60%,82.00%,7,7.5,8.4,8.5,6.4,6.8,7.8,7.7
2,919,7013,117672,The Collett School,,Lockers Park Lane,,,Hemel Hempstead,HP1 1TQ,01442398988,E14001278,Hemel Hempstead,0,0,CYS,Does not apply,NA,NA,MIXED,0,4-16,128,93,35,22,14,63.60%,8,36.40%,NA,NA,NA,NA,NA,NA,NA,12,54.50%,10,45.50%,3,13.60%,19,86.40%,0,0.00%,22,100.00%,,,,,,,NE,NE,NE,NE,NE,NE,NE,NE,NE,NE,NE,NE,NE,NE,NE,NE,NA,NA,NA,NA,NA,NA,NA,NA,NA,NA,NA,NA,NA,NA,NA,NA,NA,NA,NA,NA,NA,NE,NE,NE,NE,NE,NE,NA,NA,NA,SUPP,NE,NE,NE,NE,NE,NE,NE,NE,NE,NE,NE,NE,NE,NE,NE,NE,NE,NE,NE,NE,NE,NE,NE,NE,NE,NE,NE,NA,NA,NA,NA,NA,NA,NA,NA,NA,NA,NA,NA,NA,NA,NA,NE,NE,NE,NE,NE,NE,NE,NE,NE,NE,NE,NE,NE,NE,NE,NE,NE,NE,NE,NE,NE,NE,NE,NA,NA,NA,NA,NA,NA,NA,NA,NE,NA,NA,NA,NA,NA,NA,NA,NA,NE,NA,NA,NA,NE,NA,NA,NA,NE,NA,NA,NA,NE,NA,NA,NA,NE,NA,NA,NA,NE,NA,NA,NA,NE,NA,NA,NA,NE,NA,NA,NA,NE,NE,NE,NE,NE,NA,NA,NA,NA,NA,NA,NA,NA,NA,NA,NA,NA,NA,NA,NA,NA,NA,NA,NA,NA,NA,NA,NA,NA,NA,NA,NA,NA,SUPP,SUPP,SUPP,SUPP,SUPP,SUPP,SUPP,NA,NA,NA,NA,NA,NA,NA,NA,NE,NE,NE,NE,NE,NE,NE,NA,NA,NA,NA,NA,NA,NA,NA,NE,NE,NE,NE,NE,NE,NE,NA,NA,NA,NA,NA,NA,NA,NA,NE,NE,NE,NE,NE,NE,NE,NA,NA,NA,NA,NA,NA,NA,NA,NA,NA,NA,NA,NA,NA,NA,NA,NA,NA,NA,NA,NE,NE,NE,NE,NE,NE,NA,NA,NA,NA,NA,NA,NA,NA,NA,NA,NA,NA,NA,NA,NA,NA,NA,NA,NA,NA,NA,NA,NA,NA,NA,NA,NA,NA,NA,NA,NA,NA,NA,NA,NA,NA,NA,NA,NA,NA,NA,NA,NA,NA,NA,NE,NE,NE,NE,NE,NE,NE,NE,NE,SUPP,SUPP,SUPP,NE,NE,NE,NE,NA,NA,NA,NA,NA,NA,NE,NE,SUPP,NE,NE,NE,NA,NA,NA,NA,NA,NA,NE,NE,SUPP,NE,NE,NE,NE,NA,NA,NA,NE,NE,NE,NA,NA,NA,NE,NE,NE,NE,NE,NA,0,NE,0,NE,0,NE,0.2,NE,15,NE,-1.71,NE,-2.43,NE,-0.99,NE,0.6,NE,0,NE,0.00%,NE,0.00%,NE,0.00%,NE,0.00%,NE,0.00%,NE,0.00%,NE,0.00%,NE,0.00%,NE,0.00%,NE,0.00%,NE,0.00%,NE,0.00%,NE,0.00%,NE,0.00%,NE,0.00%,NE,0.00%,NE,7,8,38.90%,53.30%,11,7,61.10%,46.70%,0.1,NE,0,NE,0.1,NE,0,NE
1,919,4025,144402,Croxley Danes School,,Baldwins Lane,Croxley Green,,Rickmansworth,WD3 3LR,01923284483,E14001496,South West Hertfordshire,0,0,F,None,NR,OTHER NON SEL,MIXED,0,11-18,1082,507,575,178,87,48.90%,91,51.10%,NA,NA,NA,NA,NA,NA,NA,30,16.90%,148,83.10%,39,21.90%,139,78.10%,0,0.00%,168,94.40%,10,5.60%,34,19.10%,24,13.50%,9135,51.3,1977,11.1,1698,9.5,2777,15.6,2683,15.1,2683,15.1,0,0,2.8,2.8,NA,NA,NA,NA,NA,NA,NA,NA,NA,NA,NA,NA,NA,NA,NA,NA,NA,NA,NA,NA,NA,69.70%,50.00%,827.36,4.65,3.21,4.94,NA,NA,NA,4.57,5.15,4.12,4.69,83,46.60%,35.40%,25.80%,165,92.70%,174,97.80%,167,93.80%,152,85.40%,85,47.80%,82.00%,73.00%,72.50%,52.20%,76.60%,60.50%,78.90%,68.40%,81.20%,65.90%,NA,NA,NA,NA,NA,NA,NA,NA,NA,NA,NA,NA,NA,NA,NA,146,130,129,93,128,101,120,104,69,56,83,46.60%,165,92.70%,173,97.20%,166,99.40%,151,99.30%,85,100.00%,35.8,NA,NA,NA,NA,NA,NA,NA,NA,54.5,NA,NA,NA,NA,NA,NA,NA,NA,8.3,NA,NA,NA,6.9,NA,NA,NA,10.8,NA,NA,NA,9.9,NA,NA,NA,11.7,NA,NA,NA,10.1,NA,NA,NA,16.6,NA,NA,NA,16.1,NA,NA,NA,9.9,0,16.1,0,-14.6,NA,NA,NA,NA,NA,NA,NA,NA,NA,NA,NA,NA,NA,NA,NA,NA,NA,NA,NA,NA,NA,NA,NA,NA,NA,NA,NA,NA,48.6,10.4,8.9,15.5,13.8,13.8,0,NA,NA,NA,NA,NA,NA,NA,NA,56.7,12.2,10.2,17.1,17.2,17.2,0,NA,NA,NA,NA,NA,NA,NA,NA,45.7,10,8.8,14,12.9,12.9,0,NA,NA,NA,NA,NA,NA,NA,NA,51.8,11.3,9.6,15.7,15.3,15.3,0,NA,NA,NA,NA,NA,NA,NA,NA,NA,NA,NA,NA,NA,NA,NA,NA,NA,NA,NA,NA,26.70%,50.70%,10.00%,10.00%,40.50%,29.10%,NA,NA,NA,NA,NA,NA,NA,NA,NA,NA,NA,NA,NA,NA,NA,NA,NA,NA,NA,NA,NA,NA,NA,NA,NA,NA,NA,NA,NA,NA,NA,NA,NA,NA,NA,NA,NA,NA,NA,NA,NA,NA,NA,NA,NA,37.90%,23.00%,16.10%,54.90%,47.30%,35.20%,47.60%,35.70%,26.20%,46.20%,35.90%,25.60%,65.70%,97.20%,36.70%,76.40%,NA,NA,NA,NA,NA,NA,62.10%,76.90%,53.80%,70.80%,30.00%,54.10%,NA,NA,NA,NA,NA,NA,40.20%,59.30%,41.00%,50.60%,2.80%,20.20%,7.6,NA,NA,NA,6.6,7.8,7.6,NA,NA,NA,6.6,7.8,1355,0,0%,NA,4.58,4.85,3.44,3.67,4.78,5.05,49.7,52.6,165,174,0.1,0.35,-0.12,0.14,0.31,0.56,39.4,42.1,51.5,54.4,61.30%,58.40%,33.50%,41.00%,22.50%,28.70%,38.50%,42.30%,15.40%,19.20%,11.50%,3.80%,65.30%,61.20%,36.70%,44.70%,24.50%,32.90%,69.90%,76.40%,72.30%,79.20%,47.40%,60.10%,50.00%,69.20%,23.10%,23.10%,76.20%,80.90%,51.70%,66.40%,26,26,15.00%,14.60%,147,152,85.00%,85.40%,8,7.6,8.1,8.1,8,7.6,8.1,8.1
1,919,5407,136554,Dame Alice Owen's School,,Dugdale Hill Lane,,,Potters Bar,EN6 2DU,01707643441,E14001284,Hertsmere,0,0,ACC,None,NSE,OTHER NON SEL,MIXED,0,11-18,1468,730,738,200,106,53.00%,94,47.00%,NA,NA,NA,NA,NA,NA,NA,19,9.50%,181,90.50%,9,4.50%,191,95.50%,0,0.00%,198,99.00%,4,2.00%,20,10.00%,16,8.00%,14589,72.9,2886,14.4,2868,14.3,4494,22.5,4341,21.7,4324,21.6,17,0.1,2.9,2.9,NA,NA,NA,NA,NA,NA,NA,NA,NA,NA,NA,NA,NA,NA,NA,NA,NA,NA,NA,NA,NA,94.50%,87.50%,1391.63,6.96,4.37,7.23,NA,NA,NA,7,7.04,6.89,6.97,147,73.50%,68.00%,64.50%,198,99.00%,198,99.00%,199,99.50%,153,76.50%,184,92.00%,97.50%,92.50%,95.00%,89.50%,96.00%,92.50%,98.00%,97.40%,93.50%,88.00%,NA,NA,NA,NA,NA,NA,NA,NA,NA,NA,NA,NA,NA,NA,NA,195,185,190,179,191,184,150,149,172,162,144,72.00%,198,99.00%,198,99.00%,199,100.00%,153,100.00%,180,97.80%,51,NA,NA,NA,NA,NA,NA,NA,NA,75.2,NA,NA,NA,NA,NA,NA,NA,NA,10.3,NA,NA,NA,10.4,NA,NA,NA,15.2,NA,NA,NA,15.1,NA,NA,NA,14.9,NA,NA,NA,14.8,NA,NA,NA,23.2,NA,NA,NA,22.4,NA,NA,NA,15.1,0,22.3,0.1,0.6,NA,NA,NA,NA,NA,NA,NA,NA,NA,NA,NA,NA,NA,NA,NA,NA,NA,NA,NA,NA,NA,NA,NA,NA,NA,NA,NA,NA,73.4,14.4,13.6,23.3,22.1,22.1,0,NA,NA,NA,NA,NA,NA,NA,NA,74,15.1,14.1,22.6,22.3,22.1,0.2,NA,NA,NA,NA,NA,NA,NA,NA,72,13.8,14.6,22.4,21.2,21.2,0,NA,NA,NA,NA,NA,NA,NA,NA,73,14.5,14.4,22.5,21.7,21.6,0.1,NA,NA,NA,NA,NA,NA,NA,NA,NA,NA,NA,NA,NA,NA,NA,NA,NA,NA,NA,NA,31.60%,77.90%,15.80%,10.50%,73.50%,70.20%,NA,NA,NA,NA,NA,NA,NA,NA,NA,NA,NA,NA,NA,NA,NA,NA,NA,NA,NA,NA,NA,NA,NA,NA,NA,NA,NA,NA,NA,NA,NA,NA,NA,NA,NA,NA,NA,NA,NA,NA,NA,NA,NA,NA,NA,75.50%,67.90%,63.20%,71.30%,68.10%,66.00%,74.20%,68.70%,65.20%,55.60%,44.40%,44.40%,92.50%,100.00%,84.20%,95.60%,NA,NA,NA,NA,NA,NA,95.30%,93.60%,88.90%,94.40%,52.60%,91.20%,NA,NA,NA,NA,NA,NA,89.60%,85.10%,77.80%,87.40%,9.50%,69.00%,9.2,NA,NA,NA,7.8,9.4,9.2,NA,NA,NA,7.8,9.3,1853,0,0%,NA,7.04,6.81,3.88,5.11,7.27,6.91,73.5,71.4,180,179,0.92,0.64,0.72,0.43,1.13,0.84,43.6,54.3,75.6,72.4,77.10%,82.10%,74.30%,73.30%,71.00%,66.20%,42.90%,63.60%,28.60%,54.50%,28.60%,36.40%,79.60%,83.20%,77.60%,74.50%,74.00%,67.90%,92.90%,95.40%,93.30%,95.90%,88.10%,89.70%,64.30%,90.90%,42.90%,54.50%,95.40%,96.20%,91.30%,91.80%,14,11,6.70%,5.60%,196,184,93.30%,94.40%,6.9,8.2,9.6,9.3,6.9,8.2,9.5,9.3
2,919,6023,150044,East Hall School,,The Calf House,East Hall Farm,St Pauls Walden,Hitchin,SG4 8DL,01462542050,E14001289,Hitchin,0,0,INDSS,None,,NA,MIXED,0,14-17,13,3,10,5,SUPP,SUPP,SUPP,SUPP,NA,NA,NA,NA,NA,NA,NA,NP,NP,NP,NP,NP,NP,NP,NP,NP,NP,NP,NP,,,,,,,SUPP,SUPP,SUPP,SUPP,SUPP,SUPP,SUPP,SUPP,SUPP,SUPP,SUPP,SUPP,SUPP,SUPP,SUPP,SUPP,NA,NA,NA,NA,NA,NA,NA,NA,NA,NA,NA,NA,NA,NA,NA,NA,NA,NA,NA,NA,NA,SUPP,SUPP,SUPP,SUPP,NP,NP,NA,NA,NA,NP,SUPP,SUPP,NP,SUPP,SUPP,SUPP,SUPP,SUPP,SUPP,SUPP,SUPP,SUPP,SUPP,SUPP,SUPP,SUPP,SUPP,SUPP,SUPP,SUPP,SUPP,SUPP,SUPP,SUPP,SUPP,SUPP,SUPP,NA,NA,NA,NA,NA,NA,NA,NA,NA,NA,NA,NA,NA,NA,NA,SUPP,SUPP,SUPP,SUPP,SUPP,SUPP,SUPP,SUPP,SUPP,SUPP,SUPP,SUPP,SUPP,SUPP,SUPP,SUPP,SUPP,SUPP,SUPP,SUPP,SUPP,SUPP,NP,NA,NA,NA,NA,NA,NA,NA,NA,NP,NA,NA,NA,NA,NA,NA,NA,NA,NP,NA,NA,NA,NP,NA,NA,NA,NP,NA,NA,NA,NP,NA,NA,NA,NP,NA,NA,NA,NP,NA,NA,NA,NP,NA,NA,NA,NP,NA,NA,NA,NP,NP,NP,NP,NP,NA,NA,NA,NA,NA,NA,NA,NA,NA,NA,NA,NA,NA,NA,NA,NA,NA,NA,NA,NA,NA,NA,NA,NA,NA,NA,NA,NA,NP,NP,NP,NP,NP,NP,NP,NA,NA,NA,NA,NA,NA,NA,NA,SUPP,SUPP,SUPP,SUPP,SUPP,SUPP,SUPP,NA,NA,NA,NA,NA,NA,NA,NA,SUPP,SUPP,SUPP,SUPP,SUPP,SUPP,SUPP,NA,NA,NA,NA,NA,NA,NA,NA,NP,NP,NP,NP,NP,NP,NP,NA,NA,NA,NA,NA,NA,NA,NA,NA,NA,NA,NA,NA,NA,NA,NA,NA,NA,NA,NA,NP,NP,NP,NP,NP,NP,NA,NA,NA,NA,NA,NA,NA,NA,NA,NA,NA,NA,NA,NA,NA,NA,NA,NA,NA,NA,NA,NA,NA,NA,NA,NA,NA,NA,NA,NA,NA,NA,NA,NA,NA,NA,NA,NA,NA,NA,NA,NA,NA,NA,NA,SUPP,SUPP,SUPP,SUPP,SUPP,SUPP,NP,NP,NP,NP,NP,NP,SUPP,SUPP,NP,NP,NA,NA,NA,NA,NA,NA,SUPP,SUPP,NP,NP,NP,NP,NA,NA,NA,NA,NA,NA,SUPP,SUPP,NP,NP,SUPP,SUPP,SUPP,NA,NA,NA,NP,NP,SUPP,NA,NA,NA,NP,NP,SUPP,SUPP,SUPP,NA
1,919,6062,117623,Egerton-Rothesay School,,Durrants Lane,,,Berkhamsted,HP4 3UJ,01442865275,E14001268,Harpenden and Berkhamsted,0,0,IND,Christian,,NA,MIXED,0,6-19,159,107,52,23,12,52.20%,11,47.80%,NA,NA,NA,NA,NA,NA,NA,NP,NP,NP,NP,NP,NP,NP,NP,NP,NP,NP,NP,NA,NA,NA,NA,NA,NA,442.5,19.2,87,3.8,134,5.8,86.5,3.8,135,5.9,81.5,3.5,53.5,2.3,0.8,1.5,NA,NA,NA,NA,NA,NA,NA,NA,NA,NA,NA,NA,NA,NA,NA,NA,NA,NA,NA,NA,NA,39.10%,21.70%,26.34,1.15,NP,NP,NA,NA,NA,NP,0.86,1.4,NP,0,0.00%,0.00%,0.00%,0,0.00%,19,82.60%,5,21.70%,7,30.40%,2,8.70%,0.00%,0.00%,39.10%,21.70%,SUPP,SUPP,57.10%,42.90%,SUPP,SUPP,NA,NA,NA,NA,NA,NA,NA,NA,NA,NA,NA,NA,NA,NA,NA,0,0,9,5,SUPP,SUPP,4,3,SUPP,SUPP,0,0.00%,0,0.00%,19,82.60%,SUPP,SUPP,7,100.00%,SUPP,SUPP,NP,NA,NA,NA,NA,NA,NA,NA,NA,NP,NA,NA,NA,NA,NA,NA,NA,NA,NP,NA,NA,NA,NP,NA,NA,NA,NP,NA,NA,NA,NP,NA,NA,NA,NP,NA,NA,NA,NP,NA,NA,NA,NP,NA,NA,NA,NP,NA,NA,NA,NP,NP,NP,NP,NP,NA,NA,NA,NA,NA,NA,NA,NA,NA,NA,NA,NA,NA,NA,NA,NA,NA,NA,NA,NA,NA,NA,NA,NA,NA,NA,NA,NA,NP,NP,NP,NP,NP,NP,NP,NA,NA,NA,NA,NA,NA,NA,NA,20.3,4.1,5.6,2.4,8.2,5.5,2.6,NA,NA,NA,NA,NA,NA,NA,NA,18.3,3.5,6,5,3.8,1.7,2.1,NA,NA,NA,NA,NA,NA,NA,NA,NP,NP,NP,NP,NP,NP,NP,NA,NA,NA,NA,NA,NA,NA,NA,NA,NA,NA,NA,NA,NA,NA,NA,NA,NA,NA,NA,NP,NP,NP,NP,NP,NP,NA,NA,NA,NA,NA,NA,NA,NA,NA,NA,NA,NA,NA,NA,NA,NA,NA,NA,NA,NA,NA,NA,NA,NA,NA,NA,NA,NA,NA,NA,NA,NA,NA,NA,NA,NA,NA,NA,NA,NA,NA,NA,NA,NA,NA,0.00%,0.00%,0.00%,0.00%,0.00%,0.00%,NP,NP,NP,NP,NP,NP,26.10%,95.70%,NP,NP,NA,NA,NA,NA,NA,NA,41.70%,36.40%,NP,NP,NP,NP,NA,NA,NA,NA,NA,NA,25.00%,18.20%,NP,NP,0.00%,0.00%,3.9,NA,NA,NA,NP,NP,3.3,NA,NA,NA,NP,NP,90,0,0%,NA,0.82,1.37,NP,NP,NP,NP,12.5,17.6,NP,NP,NP,NP,NP,NP,NP,NP,NP,NP,NP,NP,0.00%,0.00%,0.00%,0.00%,0.00%,0.00%,NP,NP,NP,NP,NP,NP,NP,NP,NP,NP,NP,NP,4.50%,9.50%,13.60%,14.30%,9.10%,14.30%,NP,NP,NP,NP,NP,NP,NP,NP,NP,NP,NP,NP,NP,NP,NP,NP,NP,NP,NP,NP,NP,NP,NP,NP
1,919,4004,139416,Elstree Screen Arts Academy,,Studio Way,Elstree,,Borehamwood,WD6 5NN,02083866220,E14001284,Hertsmere,0,0,UTC,Does not apply,NSE,OTHER NON SEL,MIXED,0,14-19,498,158,340,101,28,27.70%,73,72.30%,NA,NA,NA,NA,NA,NA,NA,23,22.80%,78,77.20%,6,5.90%,95,94.10%,0,0.00%,97,96.00%,8,7.90%,21,20.80%,13,12.90%,3948.5,39.1,937,9.3,798,7.9,768,7.6,1445.5,14.3,1004,9.9,441.5,4.4,1.9,2.8,NA,NA,NA,NA,NA,NA,NA,NA,NA,NA,NA,NA,NA,NA,NA,NA,NA,NA,NA,NA,NA,61.40%,31.70%,270.54,2.68,2.15,2.84,NA,NA,NA,2.95,2.69,2.64,2.68,0,0.00%,0.00%,0.00%,92,91.10%,101,100.00%,96,95.00%,0,0.00%,1,1.00%,73.30%,54.50%,66.30%,34.70%,50.00%,29.20%,NE,NE,SUPP,SUPP,NA,NA,NA,NA,NA,NA,NA,NA,NA,NA,NA,NA,NA,NA,NA,74,55,67,35,48,28,NE,NE,SUPP,SUPP,0,0.00%,92,91.10%,98,97.00%,95,99.00%,NE,NE,SUPP,SUPP,31.5,NA,NA,NA,NA,NA,NA,NA,NA,41.3,NA,NA,NA,NA,NA,NA,NA,NA,8,NA,NA,NA,6.4,NA,NA,NA,5.7,NA,NA,NA,11.3,NA,NA,NA,9.6,NA,NA,NA,8.3,NA,NA,NA,8.2,NA,NA,NA,15.2,NA,NA,NA,7.9,3.4,10.5,4.6,-18.9,NA,NA,NA,NA,NA,NA,NA,NA,NA,NA,NA,NA,NA,NA,NA,NA,NA,NA,NA,NA,NA,NA,NA,NA,NA,NA,NA,NA,42.2,10.7,8.3,8.3,14.8,10,4.8,NA,NA,NA,NA,NA,NA,NA,NA,40.2,9.5,7.9,7.6,15.2,11,4.2,NA,NA,NA,NA,NA,NA,NA,NA,36.3,8.7,8,7.7,12,7.2,4.8,NA,NA,NA,NA,NA,NA,NA,NA,39.1,9.3,7.9,7.6,14.3,9.9,4.4,NA,NA,NA,NA,NA,NA,NA,NA,NA,NA,NA,NA,NA,NA,NA,NA,NA,NA,NA,NA,0.00%,0.00%,0.00%,0.00%,0.00%,0.00%,NA,NA,NA,NA,NA,NA,NA,NA,NA,NA,NA,NA,NA,NA,NA,NA,NA,NA,NA,NA,NA,NA,NA,NA,NA,NA,NA,NA,NA,NA,NA,NA,NA,NA,NA,NA,NA,NA,NA,NA,NA,NA,NA,NA,NA,0.00%,0.00%,0.00%,0.00%,0.00%,0.00%,0.00%,0.00%,0.00%,0.00%,0.00%,0.00%,56.40%,99.00%,47.80%,65.40%,NA,NA,NA,NA,NA,NA,60.70%,61.60%,66.70%,60.80%,21.70%,34.60%,NA,NA,NA,NA,NA,NA,35.70%,30.10%,33.30%,33.00%,0.00%,0.00%,6.6,NA,NA,NA,6.4,6.7,5.7,NA,NA,NA,5.5,5.7,686,0,0%,NA,2.67,2.65,2.33,2.13,2.8,2.84,36.6,37.1,98,75,-0.79,-0.68,-1.07,-1,-0.51,-0.36,32.8,29.6,38.1,39.8,0.00%,0.00%,0.00%,0.00%,0.00%,0.00%,0.00%,0.00%,0.00%,0.00%,0.00%,0.00%,0.00%,0.00%,0.00%,0.00%,0.00%,0.00%,47.60%,45.30%,55.20%,54.70%,32.40%,19.80%,43.30%,30.40%,30.00%,4.30%,60.00%,63.50%,33.30%,25.40%,30,23,28.60%,26.70%,75,63,71.40%,73.30%,6.8,6.9,7,7.2,5.9,6.1,6,6.1
2,919,6009,145962,Elysium Healthcare Potters Bar Clinic School,,Barnet Road,Potters Bar,Hertfordshire,Potters Bar,EN6 2SE,01707858585,E14001284,Hertsmere,0,0,INDSS,None,,NA,MIXED,0,11-19,16,0,16,5,SUPP,SUPP,SUPP,SUPP,NA,NA,NA,NA,NA,NA,NA,NP,NP,NP,NP,NP,NP,NP,NP,NP,NP,NP,NP,,,,,,,SUPP,SUPP,SUPP,SUPP,SUPP,SUPP,SUPP,SUPP,SUPP,SUPP,SUPP,SUPP,SUPP,SUPP,SUPP,SUPP,NA,NA,NA,NA,NA,NA,NA,NA,NA,NA,NA,NA,NA,NA,NA,NA,NA,NA,NA,NA,NA,SUPP,SUPP,SUPP,SUPP,NP,NP,NA,NA,NA,NP,SUPP,SUPP,NP,SUPP,SUPP,SUPP,SUPP,SUPP,SUPP,SUPP,SUPP,SUPP,SUPP,SUPP,SUPP,SUPP,SUPP,SUPP,SUPP,SUPP,SUPP,SUPP,SUPP,SUPP,SUPP,SUPP,SUPP,NA,NA,NA,NA,NA,NA,NA,NA,NA,NA,NA,NA,NA,NA,NA,SUPP,SUPP,SUPP,SUPP,SUPP,SUPP,SUPP,SUPP,SUPP,SUPP,SUPP,SUPP,SUPP,SUPP,SUPP,SUPP,SUPP,SUPP,SUPP,SUPP,SUPP,SUPP,NP,NA,NA,NA,NA,NA,NA,NA,NA,NP,NA,NA,NA,NA,NA,NA,NA,NA,NP,NA,NA,NA,NP,NA,NA,NA,NP,NA,NA,NA,NP,NA,NA,NA,NP,NA,NA,NA,NP,NA,NA,NA,NP,NA,NA,NA,NP,NA,NA,NA,NP,NP,NP,NP,NP,NA,NA,NA,NA,NA,NA,NA,NA,NA,NA,NA,NA,NA,NA,NA,NA,NA,NA,NA,NA,NA,NA,NA,NA,NA,NA,NA,NA,NP,NP,NP,NP,NP,NP,NP,NA,NA,NA,NA,NA,NA,NA,NA,SUPP,SUPP,SUPP,SUPP,SUPP,SUPP,SUPP,NA,NA,NA,NA,NA,NA,NA,NA,SUPP,SUPP,SUPP,SUPP,SUPP,SUPP,SUPP,NA,NA,NA,NA,NA,NA,NA,NA,NP,NP,NP,NP,NP,NP,NP,NA,NA,NA,NA,NA,NA,NA,NA,NA,NA,NA,NA,NA,NA,NA,NA,NA,NA,NA,NA,NP,NP,NP,NP,NP,NP,NA,NA,NA,NA,NA,NA,NA,NA,NA,NA,NA,NA,NA,NA,NA,NA,NA,NA,NA,NA,NA,NA,NA,NA,NA,NA,NA,NA,NA,NA,NA,NA,NA,NA,NA,NA,NA,NA,NA,NA,NA,NA,NA,NA,NA,SUPP,SUPP,SUPP,SUPP,SUPP,SUPP,NP,NP,NP,NP,NP,NP,SUPP,SUPP,NP,NP,NA,NA,NA,NA,NA,NA,SUPP,SUPP,NP,NP,NP,NP,NA,NA,NA,NA,NA,NA,SUPP,SUPP,NP,NP,SUPP,SUPP,SUPP,NA,NA,NA,NP,NP,SUPP,NA,NA,NA,NP,NP,SUPP,SUPP,SUPP,NA,SUPP,SUPP,NP,NP,NP,NP,SUPP,SUPP,NP,NP,NP,NP,NP,NP,NP,NP,NP,NP,NP,NP,SUPP,SUPP,SUPP,SUPP,SUPP,SUPP,NP,NP,NP,NP,NP,NP,NP,NP,NP,NP,NP,NP,SUPP,SUPP,SUPP,SUPP,SUPP,SUPP,NP,NP,NP,NP,NP,NP,NP,NP,NP,NP,NP,NP,NP,NP,NP,NP,NP,NP,NP,NP,NP,NP,NP,NP
2,919,7033,117686,Falconer School,,Falconer Road,,,Bushey,WD23 3AT,02089502505,E14001284,Hertsmere,0,0,CYS,Does not apply,NA,NA,BOYS,0,11-16,66,66,NA,19,19,100.00%,NA,0.00%,NA,NA,NA,NA,NA,NA,NA,12,63.20%,7,36.80%,0,0.00%,19,100.00%,0,0.00%,19,100.00%,,,,,,,43,2.3,7,0.4,12,0.6,21,1.1,3,0.2,3,0.2,0,0,0.8,0.1,NA,NA,NA,NA,NA,NA,NA,NA,NA,NA,NA,NA,NA,NA,NA,NA,NA,NA,NA,NA,NA,0.00%,0.00%,4,0.21,0.22,0.19,NA,NA,NA,NE,NE,0.21,0.21,0,0.00%,0.00%,0.00%,0,0.00%,11,57.90%,9,47.40%,0,0.00%,0,0.00%,0.00%,0.00%,0.00%,0.00%,0.00%,0.00%,NE,NE,NE,NE,NA,NA,NA,NA,NA,NA,NA,NA,NA,NA,NA,NA,NA,NA,NA,0,0,0,0,0,0,NE,NE,NE,NE,0,0.00%,0,0.00%,6,31.60%,7,77.80%,NE,NE,NE,NE,2.6,NA,NA,NA,NA,NA,NA,NA,NA,1.7,NA,NA,NA,NA,NA,NA,NA,NA,0.4,NA,NA,NA,0.7,NA,NA,NA,1.3,NA,NA,NA,0.3,NA,NA,NA,0.3,NA,NA,NA,0.6,NA,NA,NA,0.9,NA,NA,NA,0,NA,NA,NA,0.3,0,0,0,-47.8,NA,NA,NA,NA,NA,NA,NA,NA,NA,NA,NA,NA,NA,NA,NA,NA,NA,NA,NA,NA,NA,NA,NA,NA,NA,NA,NA,NA,NE,NE,NE,NE,NE,NE,NE,NA,NA,NA,NA,NA,NA,NA,NA,NE,NE,NE,NE,NE,NE,NE,NA,NA,NA,NA,NA,NA,NA,NA,2.3,0.4,0.6,1.1,0.2,0.2,0,NA,NA,NA,NA,NA,NA,NA,NA,2.3,0.4,0.6,1.1,0.2,0.2,0,NA,NA,NA,NA,NA,NA,NA,NA,NA,NA,NA,NA,NA,NA,NA,NA,NA,NA,NA,NA,0.00%,0.00%,0.00%,0.00%,0.00%,0.00%,NA,NA,NA,NA,NA,NA,NA,NA,NA,NA,NA,NA,NA,NA,NA,NA,NA,NA,NA,NA,NA,NA,NA,NA,NA,NA,NA,NA,NA,NA,NA,NA,NA,NA,NA,NA,NA,NA,NA,NA,NA,NA,NA,NA,NA,0.00%,0.00%,0.00%,NE,NE,NE,0.00%,0.00%,0.00%,NE,NE,NE,0.00%,47.40%,0.00%,0.00%,NA,NA,NA,NA,NA,NA,0.00%,NE,NE,0.00%,0.00%,0.00%,NA,NA,NA,NA,NA,NA,0.00%,NE,NE,0.00%,0.00%,0.00%,1.7,NA,NA,NA,1.8,1.6,1.7,NA,NA,NA,1.8,1.6,33,0,0%,NA,0.55,0.42,0.5,0.29,0.67,0.58,6,5,16,10,-1.91,-2.25,-2.61,-3.13,-1.22,-1.37,6,3.4,5.9,7.2,0.00%,0.00%,0.00%,0.00%,0.00%,0.00%,0.00%,0.00%,0.00%,0.00%,0.00%,0.00%,0.00%,0.00%,0.00%,0.00%,0.00%,0.00%,0.00%,0.00%,0.00%,0.00%,0.00%,0.00%,0.00%,0.00%,0.00%,0.00%,0.00%,0.00%,0.00%,0.00%,15,8,68.20%,57.10%,7,6,31.80%,42.90%,2,1.5,2.4,2,2,1.1,2.4,1.8
1,919,4010,117504,Fearnhill School,,Icknield Way West,,,Letchworth,SG6 4BA,01462621200,E14001393,North East Hertfordshire,0,0,FD,Does not apply,NSE,OTHER NON SEL,MIXED,0,11-18,601,311,290,105,52,49.50%,53,50.50%,NA,NA,NA,NA,NA,NA,NA,31,29.50%,74,70.50%,18,17.10%,86,81.90%,1,1.00%,93,88.60%,3,2.90%,6,5.70%,3,2.90%,4080.5,38.9,856,8.2,822,7.8,1250.5,11.9,1152,11,1027.5,9.8,124.5,1.2,2.7,2.7,NA,NA,NA,NA,NA,NA,NA,NA,NA,NA,NA,NA,NA,NA,NA,NA,NA,NA,NA,NA,NA,53.30%,26.70%,374.3,3.56,2.47,4.02,NA,NA,NA,4.8,3.72,3.41,3.67,41,39.00%,21.00%,13.30%,99,94.30%,104,99.00%,97,92.40%,87,82.90%,44,41.90%,61.00%,41.00%,62.90%,36.20%,66.00%,37.10%,49.40%,37.90%,59.10%,47.70%,NA,NA,NA,NA,NA,NA,NA,NA,NA,NA,NA,NA,NA,NA,NA,64,43,66,38,64,36,43,33,26,21,40,38.10%,99,94.30%,103,98.10%,97,100.00%,86,98.90%,42,95.50%,27.8,NA,NA,NA,NA,NA,NA,NA,NA,43.5,NA,NA,NA,NA,NA,NA,NA,NA,5.9,NA,NA,NA,5.8,NA,NA,NA,8.4,NA,NA,NA,7.7,NA,NA,NA,9.1,NA,NA,NA,8.7,NA,NA,NA,13.4,NA,NA,NA,12.4,NA,NA,NA,6.6,1,11.1,1.3,-22.6,NA,NA,NA,NA,NA,NA,NA,NA,NA,NA,NA,NA,NA,NA,NA,NA,NA,NA,NA,NA,NA,NA,NA,NA,NA,NA,NA,NA,48.3,9.1,9.8,16.4,13.1,12.7,0.4,NA,NA,NA,NA,NA,NA,NA,NA,40.6,8.8,7.7,12.4,11.7,9.8,1.9,NA,NA,NA,NA,NA,NA,NA,NA,37.1,7.5,8,11.4,10.2,9.7,0.5,NA,NA,NA,NA,NA,NA,NA,NA,40,8.5,8,12.1,11.4,10.2,1.3,NA,NA,NA,NA,NA,NA,NA,NA,NA,NA,NA,NA,NA,NA,NA,NA,NA,NA,NA,NA,22.60%,45.90%,6.50%,3.20%,27.00%,17.60%,NA,NA,NA,NA,NA,NA,NA,NA,NA,NA,NA,NA,NA,NA,NA,NA,NA,NA,NA,NA,NA,NA,NA,NA,NA,NA,NA,NA,NA,NA,NA,NA,NA,NA,NA,NA,NA,NA,NA,NA,NA,NA,NA,NA,NA,32.70%,17.30%,7.70%,45.30%,24.50%,18.90%,40.90%,21.50%,14.00%,61.10%,44.40%,33.30%,44.80%,98.10%,32.30%,62.20%,NA,NA,NA,NA,NA,NA,53.80%,52.80%,72.20%,53.80%,6.50%,35.10%,NA,NA,NA,NA,NA,NA,23.10%,30.20%,38.90%,28.00%,1.90%,0.00%,7.6,NA,NA,NA,7.1,7.8,7,NA,NA,NA,6.3,7.2,797,0,0%,NA,3.78,3.73,3.05,3.25,4.14,3.91,41.2,43.3,103,75,-0.14,0.27,-0.41,-0.05,0.13,0.59,33.6,37.4,44.9,45.5,44.30%,22.10%,22.60%,7.80%,9.40%,2.60%,31.40%,19.00%,8.60%,4.80%,2.90%,0.00%,50.70%,23.20%,29.60%,8.90%,12.70%,3.60%,49.10%,58.40%,53.80%,63.60%,34.00%,29.90%,31.40%,47.60%,14.30%,19.00%,64.80%,69.60%,43.70%,33.90%,35,21,33.00%,27.30%,71,56,67.00%,72.70%,7,7.7,7.6,7.9,6.2,7,7,7.3
1,919,4141,137002,Freman College,,Bowling Green Lane,,,Buntingford,SG9 9BT,01763271818,E14001393,North East Hertfordshire,0,0,ACC,None,NSE,OTHER NON SEL,MIXED,0,13-18,1022,541,481,259,145,56.00%,114,44.00%,NA,NA,NA,NA,NA,NA,NA,24,9.30%,235,90.70%,6,2.30%,252,97.30%,1,0.40%,258,99.60%,8,3.10%,52,20.10%,44,17.00%,13740.75,53.1,2762,10.7,2648,10.2,4125,15.9,4205.75,16.2,3583,13.8,622.75,2.4,2.9,2.9,NA,NA,NA,NA,NA,NA,NA,NA,NA,NA,NA,NA,NA,NA,NA,NA,NA,NA,NA,NA,NA,75.70%,52.50%,1199.13,4.63,2.65,4.83,NA,NA,NA,3.86,4.71,4.57,4.64,71,27.40%,24.70%,21.60%,254,98.10%,255,98.50%,253,97.70%,246,95.00%,73,28.20%,84.20%,66.00%,80.30%,60.60%,79.80%,59.70%,74.80%,56.10%,94.50%,93.20%,NA,NA,NA,NA,NA,NA,NA,NA,NA,NA,NA,NA,NA,NA,NA,218,171,208,157,202,151,184,138,69,68,70,27.00%,254,98.10%,254,98.10%,251,99.20%,243,98.80%,73,100.00%,32.3,NA,NA,NA,NA,NA,NA,NA,NA,55.2,NA,NA,NA,NA,NA,NA,NA,NA,7.1,NA,NA,NA,6.2,NA,NA,NA,9.1,NA,NA,NA,10,NA,NA,NA,11,NA,NA,NA,10.6,NA,NA,NA,16.6,NA,NA,NA,16.9,NA,NA,NA,8.2,1.8,14.4,2.5,-18.1,NA,NA,NA,NA,NA,NA,NA,NA,NA,NA,NA,NA,NA,NA,NA,NA,NA,NA,NA,NA,NA,NA,NA,NA,NA,NA,NA,NA,42.8,7.3,10,13,12.5,12.5,0,NA,NA,NA,NA,NA,NA,NA,NA,54,11.5,9.4,15.9,17.2,14.3,2.9,NA,NA,NA,NA,NA,NA,NA,NA,52.3,10,10.8,16,15.5,13.5,2,NA,NA,NA,NA,NA,NA,NA,NA,53.1,10.7,10.2,16,16.2,13.8,2.4,NA,NA,NA,NA,NA,NA,NA,NA,NA,NA,NA,NA,NA,NA,NA,NA,NA,NA,NA,NA,8.30%,29.40%,8.30%,8.30%,26.40%,23.00%,NA,NA,NA,NA,NA,NA,NA,NA,NA,NA,NA,NA,NA,NA,NA,NA,NA,NA,NA,NA,NA,NA,NA,NA,NA,NA,NA,NA,NA,NA,NA,NA,NA,NA,NA,NA,NA,NA,NA,NA,NA,NA,NA,NA,NA,23.40%,20.70%,15.90%,32.50%,29.80%,28.90%,27.50%,24.80%,21.70%,66.70%,16.70%,16.70%,74.10%,98.50%,33.30%,80.00%,NA,NA,NA,NA,NA,NA,77.20%,73.70%,50.00%,76.00%,20.80%,55.70%,NA,NA,NA,NA,NA,NA,53.80%,50.90%,33.30%,52.70%,1.20%,42.90%,8.7,NA,NA,NA,7.2,8.8,8,NA,NA,NA,6.5,8.2,2251,0,0%,NA,4.63,4.4,3.19,2.76,4.75,4.67,53.6,50.4,225,208,0.58,0.36,0.4,0.17,0.77,0.55,38.6,34.9,54.9,52.9,30.40%,37.60%,26.10%,31.00%,18.70%,24.90%,11.10%,6.70%,11.10%,3.30%,5.60%,3.30%,32.10%,42.60%,27.40%,35.50%,19.80%,28.40%,77.80%,68.50%,80.40%,72.30%,59.10%,52.10%,44.40%,33.30%,33.30%,10.00%,83.50%,78.70%,61.30%,59.00%,18,30,7.80%,14.10%,212,183,92.20%,85.90%,7.9,8.3,9.1,9.5,6.7,7.6,8.4,8.8
1,919,6905,135876,Future Academies Watford,,Horseshoe Lane,Garston,,Watford,WD25 7HW,01923672964,E14001568,Watford,0,0,AC,Does not apply,NSE,OTHER NON SEL,MIXED,0,11-18,1018,516,502,184,89,48.40%,95,51.60%,NA,NA,NA,NA,NA,NA,NA,61,33.20%,123,66.80%,21,11.40%,161,87.50%,2,1.10%,177,96.20%,2,1.10%,24,13.00%,22,12.00%,7325.5,39.8,1604,8.7,1502,8.2,2153,11.7,2066.5,11.2,2026,11,40.5,0.2,2.7,2.7,NA,NA,NA,NA,NA,NA,NA,NA,NA,NA,NA,NA,NA,NA,NA,NA,NA,NA,NA,NA,NA,55.40%,32.10%,679.78,3.69,2.78,4.15,NA,NA,NA,4.07,3.83,3.55,3.7,120,65.20%,27.70%,17.90%,175,95.10%,177,96.20%,170,92.40%,155,84.20%,127,69.00%,67.40%,45.10%,61.40%,42.90%,57.10%,35.30%,46.50%,35.50%,55.90%,40.90%,NA,NA,NA,NA,NA,NA,NA,NA,NA,NA,NA,NA,NA,NA,NA,124,83,113,79,97,60,72,55,71,52,113,61.40%,174,94.60%,172,93.50%,168,98.80%,149,96.10%,123,96.90%,30.7,NA,NA,NA,NA,NA,NA,NA,NA,44.3,NA,NA,NA,NA,NA,NA,NA,NA,7.2,NA,NA,NA,6,NA,NA,NA,8.8,NA,NA,NA,8.7,NA,NA,NA,9.5,NA,NA,NA,9.3,NA,NA,NA,13.1,NA,NA,NA,12.5,NA,NA,NA,8.4,0.2,12.3,0.2,-19.7,NA,NA,NA,NA,NA,NA,NA,NA,NA,NA,NA,NA,NA,NA,NA,NA,NA,NA,NA,NA,NA,NA,NA,NA,NA,NA,NA,NA,42.3,8.8,8.3,14,11.2,10.9,0.3,NA,NA,NA,NA,NA,NA,NA,NA,41.6,9.2,8.1,12,12.3,12.1,0.2,NA,NA,NA,NA,NA,NA,NA,NA,37.9,8.2,8.3,11.3,10.1,9.9,0.3,NA,NA,NA,NA,NA,NA,NA,NA,39.9,8.7,8.2,11.7,11.3,11,0.2,NA,NA,NA,NA,NA,NA,NA,NA,NA,NA,NA,NA,NA,NA,NA,NA,NA,NA,NA,NA,50.80%,72.40%,18.00%,8.20%,32.50%,22.80%,NA,NA,NA,NA,NA,NA,NA,NA,NA,NA,NA,NA,NA,NA,NA,NA,NA,NA,NA,NA,NA,NA,NA,NA,NA,NA,NA,NA,NA,NA,NA,NA,NA,NA,NA,NA,NA,NA,NA,NA,NA,NA,NA,NA,NA,62.90%,24.70%,13.50%,67.40%,30.50%,22.10%,65.50%,28.20%,18.10%,61.90%,28.60%,23.80%,47.80%,96.70%,34.40%,65.90%,NA,NA,NA,NA,NA,NA,56.20%,54.70%,47.60%,55.40%,16.40%,39.80%,NA,NA,NA,NA,NA,NA,31.50%,32.60%,28.60%,31.60%,7.10%,17.40%,7.5,NA,NA,NA,6.9,7.9,7.4,NA,NA,NA,6.8,7.8,1418,0,0%,NA,3.55,3.5,2.11,2.97,4.01,3.78,39.4,38.7,190,185,-0.16,-0.44,-0.36,-0.64,0.04,-0.23,24.9,32.8,44.1,41.8,55.80%,56.60%,20.80%,20.10%,9.60%,8.50%,39.60%,51.60%,6.30%,14.10%,0.00%,6.30%,61.10%,59.20%,25.50%,23.20%,12.80%,9.60%,48.70%,47.10%,58.40%,56.60%,38.60%,34.40%,29.20%,43.80%,12.50%,20.30%,67.80%,63.20%,47.00%,41.60%,48,64,24.40%,33.90%,149,125,75.60%,66.10%,6.9,8,8,8.4,6.9,8,8,8.4
2,919,7008,117667,Garston Manor School,,Horseshoe Lane,Garston,,Watford,WD25 7HR,01923673757,E14001496,South West Hertfordshire,0,0,CYS,Does not apply,NA,NA,MIXED,0,11-16,163,120,43,30,16,53.30%,14,46.70%,NA,NA,NA,NA,NA,NA,NA,17,56.70%,13,43.30%,6,20.00%,24,80.00%,0,0.00%,29,96.70%,,,,,,,20,0.7,4,0.1,16,0.5,0,0,0,0,0,0,0,0,0,0,NA,NA,NA,NA,NA,NA,NA,NA,NA,NA,NA,NA,NA,NA,NA,NA,NA,NA,NA,NA,NA,0.00%,0.00%,1.33,0.04,0,0.1,NA,NA,NA,0.14,0.04,0.05,0.05,0,0.00%,0.00%,0.00%,0,0.00%,2,6.70%,0,0.00%,0,0.00%,0,0.00%,0.00%,0.00%,3.30%,3.30%,NE,NE,NE,NE,NE,NE,NA,NA,NA,NA,NA,NA,NA,NA,NA,NA,NA,NA,NA,NA,NA,0,0,1,1,NE,NE,NE,NE,NE,NE,0,0.00%,0,0.00%,2,6.70%,NE,NE,NE,NE,NE,NE,0,NA,NA,NA,NA,NA,NA,NA,NA,1.5,NA,NA,NA,NA,NA,NA,NA,NA,0,NA,NA,NA,0,NA,NA,NA,0,NA,NA,NA,0,NA,NA,NA,0.3,NA,NA,NA,1.2,NA,NA,NA,0,NA,NA,NA,0,NA,NA,NA,0,0,0,0,-50.4,NA,NA,NA,NA,NA,NA,NA,NA,NA,NA,NA,NA,NA,NA,NA,NA,NA,NA,NA,NA,NA,NA,NA,NA,NA,NA,NA,NA,1.7,0,1.7,0,0,0,0,NA,NA,NA,NA,NA,NA,NA,NA,0.7,0.3,0.4,0,0,0,0,NA,NA,NA,NA,NA,NA,NA,NA,0.6,0,0.6,0,0,0,0,NA,NA,NA,NA,NA,NA,NA,NA,0.7,0.1,0.6,0,0,0,0,NA,NA,NA,NA,NA,NA,NA,NA,NA,NA,NA,NA,NA,NA,NA,NA,NA,NA,NA,NA,0.00%,0.00%,0.00%,0.00%,0.00%,0.00%,NA,NA,NA,NA,NA,NA,NA,NA,NA,NA,NA,NA,NA,NA,NA,NA,NA,NA,NA,NA,NA,NA,NA,NA,NA,NA,NA,NA,NA,NA,NA,NA,NA,NA,NA,NA,NA,NA,NA,NA,NA,NA,NA,NA,NA,0.00%,0.00%,0.00%,0.00%,0.00%,0.00%,0.00%,0.00%,0.00%,0.00%,0.00%,0.00%,0.00%,6.70%,0.00%,0.00%,NA,NA,NA,NA,NA,NA,0.00%,0.00%,0.00%,0.00%,0.00%,0.00%,NA,NA,NA,NA,NA,NA,0.00%,0.00%,0.00%,0.00%,0.00%,0.00%,0.1,NA,NA,NA,0,0.2,0.1,NA,NA,NA,0,0.2,3,0,0%,NA,0.14,0.06,0,0,0.24,0.07,1.7,0.9,20,26,-1.5,-1.54,-2.12,-2.08,-0.88,-0.99,0,0,3,1.2,0.00%,0.00%,0.00%,0.00%,0.00%,0.00%,0.00%,0.00%,0.00%,0.00%,0.00%,0.00%,0.00%,0.00%,0.00%,0.00%,0.00%,0.00%,4.30%,0.00%,4.30%,3.70%,4.30%,0.00%,0.00%,0.00%,0.00%,0.00%,7.70%,4.80%,7.70%,0.00%,10,6,43.50%,22.20%,13,21,56.50%,77.80%,0,0,0.4,0.2,0,0,0.4,0.2
1,919,5425,145297,Goffs - Churchgate Academy,,College Road,Cheshunt,,Waltham Cross,EN8 9LY,01992624375,E14001139,Broxbourne,0,0,ACC,None,NSE,OTHER NON SEL,MIXED,0,11-16,599,313,286,117,57,48.70%,60,51.30%,NA,NA,NA,NA,NA,NA,NA,38,32.50%,79,67.50%,19,16.20%,97,82.90%,1,0.90%,112,95.70%,5,4.30%,36,30.80%,31,26.50%,4984.75,42.6,1138,9.7,934,8,1356,11.6,1556.75,13.3,866,7.4,690.75,5.9,2.8,2.9,NA,NA,NA,NA,NA,NA,NA,NA,NA,NA,NA,NA,NA,NA,NA,NA,NA,NA,NA,NA,NA,59.80%,32.50%,439.7,3.76,3.24,4.01,NA,NA,NA,4.22,4.07,3.43,3.81,77,65.80%,27.40%,8.50%,115,98.30%,115,98.30%,114,97.40%,109,93.20%,78,66.70%,78.60%,56.40%,62.40%,37.60%,45.60%,23.70%,48.60%,33.90%,56.40%,34.60%,NA,NA,NA,NA,NA,NA,NA,NA,NA,NA,NA,NA,NA,NA,NA,92,66,73,44,52,27,53,37,44,27,77,65.80%,115,98.30%,113,96.60%,111,97.40%,104,95.40%,78,100.00%,36.7,NA,NA,NA,NA,NA,NA,NA,NA,45.4,NA,NA,NA,NA,NA,NA,NA,NA,8.6,NA,NA,NA,7.1,NA,NA,NA,10.1,NA,NA,NA,11,NA,NA,NA,10.3,NA,NA,NA,8.4,NA,NA,NA,12.3,NA,NA,NA,14.4,NA,NA,NA,6.9,4.1,7.7,6.8,-13.7,NA,NA,NA,NA,NA,NA,NA,NA,NA,NA,NA,NA,NA,NA,NA,NA,NA,NA,NA,NA,NA,NA,NA,NA,NA,NA,NA,NA,46.3,9.6,8.9,14.1,13.7,8.9,4.7,NA,NA,NA,NA,NA,NA,NA,NA,46.1,10.5,8.2,12.6,14.8,9.3,5.5,NA,NA,NA,NA,NA,NA,NA,NA,38.9,8.9,7.7,10.5,11.8,5.5,6.3,NA,NA,NA,NA,NA,NA,NA,NA,42.9,9.8,8.1,11.7,13.4,7.5,5.9,NA,NA,NA,NA,NA,NA,NA,NA,NA,NA,NA,NA,NA,NA,NA,NA,NA,NA,NA,NA,55.30%,70.90%,18.40%,5.30%,31.60%,10.10%,NA,NA,NA,NA,NA,NA,NA,NA,NA,NA,NA,NA,NA,NA,NA,NA,NA,NA,NA,NA,NA,NA,NA,NA,NA,NA,NA,NA,NA,NA,NA,NA,NA,NA,NA,NA,NA,NA,NA,NA,NA,NA,NA,NA,NA,61.40%,15.80%,3.50%,70.00%,38.30%,13.30%,68.80%,28.60%,8.90%,68.40%,31.60%,0.00%,52.10%,99.10%,52.60%,63.30%,NA,NA,NA,NA,NA,NA,56.10%,63.30%,68.40%,61.60%,23.70%,36.70%,NA,NA,NA,NA,NA,NA,29.80%,35.00%,36.80%,33.00%,5.10%,0.90%,7.8,NA,NA,NA,7.7,7.8,6.3,NA,NA,NA,6.4,6.2,911,0,0%,NA,4.03,3.92,3.48,3.6,4.23,4.05,45.6,46.1,103,113,0.37,0.32,0.1,0.06,0.64,0.58,40.1,42.2,47.6,47.6,67.30%,56.00%,24.50%,22.40%,11.80%,9.50%,63.30%,54.50%,20.00%,21.20%,3.30%,9.10%,68.80%,56.60%,26.30%,22.90%,15.00%,9.60%,57.30%,61.20%,65.50%,62.90%,40.90%,45.70%,53.30%,51.50%,33.30%,36.40%,70.00%,67.50%,43.80%,49.40%,30,33,27.30%,28.40%,80,83,72.70%,71.60%,8.9,8.1,9,8.8,7,6.4,7.2,7
1,919,5415,137532,Goffs Academy,,Goffs Lane,Cheshunt,,Waltham Cross,EN7 5QW,01992661456,E14001139,Broxbourne,0,0,ACC,None,NSE,OTHER NON SEL,MIXED,0,11-18,1606,785,821,239,116,48.50%,123,51.50%,NA,NA,NA,NA,NA,NA,NA,44,18.40%,195,81.60%,45,18.80%,194,81.20%,0,0.00%,227,95.00%,6,2.50%,23,9.60%,17,7.10%,11744,49.1,2616,10.9,2402,10.1,3292.5,13.8,3433.5,14.4,2724,11.4,709.5,3,2.9,2.9,NA,NA,NA,NA,NA,NA,NA,NA,NA,NA,NA,NA,NA,NA,NA,NA,NA,NA,NA,NA,NA,69.90%,48.50%,1067.72,4.47,4.14,4.54,NA,NA,NA,5.31,4.76,4.16,4.52,161,67.40%,34.70%,24.70%,238,99.60%,238,99.60%,236,98.70%,207,86.60%,169,70.70%,84.10%,66.50%,73.20%,54.80%,59.30%,44.10%,64.30%,49.30%,59.20%,47.30%,NA,NA,NA,NA,NA,NA,NA,NA,NA,NA,NA,NA,NA,NA,NA,201,159,175,131,140,104,133,102,100,80,155,64.90%,238,99.60%,237,99.20%,236,100.00%,202,97.60%,164,97.00%,46.8,NA,NA,NA,NA,NA,NA,NA,NA,49.7,NA,NA,NA,NA,NA,NA,NA,NA,11.1,NA,NA,NA,9.4,NA,NA,NA,12.6,NA,NA,NA,13.7,NA,NA,NA,10.9,NA,NA,NA,10.2,NA,NA,NA,14,NA,NA,NA,14.5,NA,NA,NA,10.1,3.6,11.7,2.8,-3.6,NA,NA,NA,NA,NA,NA,NA,NA,NA,NA,NA,NA,NA,NA,NA,NA,NA,NA,NA,NA,NA,NA,NA,NA,NA,NA,NA,NA,54.9,11.7,11.4,16.8,15,13.4,1.6,NA,NA,NA,NA,NA,NA,NA,NA,51.9,12,10,14.5,15.4,12.8,2.5,NA,NA,NA,NA,NA,NA,NA,NA,46.3,9.9,10.1,13,13.3,9.9,3.4,NA,NA,NA,NA,NA,NA,NA,NA,49.6,11,10.2,13.9,14.5,11.5,3,NA,NA,NA,NA,NA,NA,NA,NA,NA,NA,NA,NA,NA,NA,NA,NA,NA,NA,NA,NA,54.50%,70.30%,31.80%,25.00%,35.40%,24.60%,NA,NA,NA,NA,NA,NA,NA,NA,NA,NA,NA,NA,NA,NA,NA,NA,NA,NA,NA,NA,NA,NA,NA,NA,NA,NA,NA,NA,NA,NA,NA,NA,NA,NA,NA,NA,NA,NA,NA,NA,NA,NA,NA,NA,NA,63.80%,22.40%,14.70%,70.70%,46.30%,34.10%,68.70%,35.20%,24.70%,80.00%,55.60%,44.40%,63.60%,99.60%,59.10%,72.30%,NA,NA,NA,NA,NA,NA,65.50%,74.00%,80.00%,70.90%,43.20%,49.70%,NA,NA,NA,NA,NA,NA,43.10%,53.70%,68.90%,49.30%,7.50%,12.10%,8,NA,NA,NA,7.9,8.1,7.3,NA,NA,NA,6.9,7.4,1924,0,0%,NA,4.55,4.67,3.28,3.58,4.7,4.84,49.5,51.6,233,233,0.22,0.18,0.03,0,0.4,0.36,36.9,41.9,51.1,53.1,64.70%,61.70%,32.80%,40.90%,23.50%,28.90%,34.60%,51.60%,15.40%,12.90%,11.50%,6.50%,68.40%,63.20%,34.90%,45.10%,25.00%,32.40%,66.00%,68.10%,71.40%,75.30%,51.70%,55.30%,42.30%,51.60%,30.80%,32.30%,75.00%,78.90%,54.20%,58.80%,26,31,10.90%,13.20%,212,204,89.10%,86.80%,7.5,7.6,8.3,8,6.1,6.5,7.6,7.4
1,919,4036,147785,The Grange Academy,,London Road,,,Bushey,WD23 3AA,02089509502,E14001284,Hertsmere,0,0,AC,Unknown,NR,OTHER NON SEL,MIXED,0,11-18,934,463,471,171,81,47.40%,90,52.60%,NA,NA,NA,NA,NA,NA,NA,64,37.40%,107,62.60%,52,30.40%,118,69.00%,1,0.60%,156,91.20%,4,2.30%,22,12.90%,18,10.50%,7061.5,41.3,1581,9.2,1254,7.3,2242.5,13.1,1984,11.6,1984,11.6,0,0,2.6,2.6,NA,NA,NA,NA,NA,NA,NA,NA,NA,NA,NA,NA,NA,NA,NA,NA,NA,NA,NA,NA,NA,56.10%,32.20%,672.38,3.93,3.27,4.33,NA,NA,NA,4.23,4.23,3.61,3.98,106,62.00%,35.70%,23.40%,151,88.30%,163,95.30%,156,91.20%,140,81.90%,111,64.90%,74.30%,57.30%,59.60%,33.90%,67.90%,42.30%,60.70%,45.70%,84.70%,77.50%,NA,NA,NA,NA,NA,NA,NA,NA,NA,NA,NA,NA,NA,NA,NA,127,98,102,58,106,66,85,64,94,86,103,60.20%,151,88.30%,160,93.60%,153,98.10%,134,95.70%,110,99.10%,34.6,NA,NA,NA,NA,NA,NA,NA,NA,45.3,NA,NA,NA,NA,NA,NA,NA,NA,7.8,NA,NA,NA,6.2,NA,NA,NA,11.2,NA,NA,NA,9.4,NA,NA,NA,10.1,NA,NA,NA,8,NA,NA,NA,14.3,NA,NA,NA,12.9,NA,NA,NA,9.4,0,12.9,0,-15.8,NA,NA,NA,NA,NA,NA,NA,NA,NA,NA,NA,NA,NA,NA,NA,NA,NA,NA,NA,NA,NA,NA,NA,NA,NA,NA,NA,NA,44.5,9,8,15.1,12.4,12.4,0,NA,NA,NA,NA,NA,NA,NA,NA,44.7,10.2,7.5,14,12.9,12.9,0,NA,NA,NA,NA,NA,NA,NA,NA,37.5,8.2,7.1,12.1,10.2,10.2,0,NA,NA,NA,NA,NA,NA,NA,NA,41.5,9.3,7.3,13.2,11.7,11.7,0,NA,NA,NA,NA,NA,NA,NA,NA,NA,NA,NA,NA,NA,NA,NA,NA,NA,NA,NA,NA,57.80%,64.50%,21.90%,14.10%,43.90%,29.00%,NA,NA,NA,NA,NA,NA,NA,NA,NA,NA,NA,NA,NA,NA,NA,NA,NA,NA,NA,NA,NA,NA,NA,NA,NA,NA,NA,NA,NA,NA,NA,NA,NA,NA,NA,NA,NA,NA,NA,NA,NA,NA,NA,NA,NA,55.60%,30.90%,22.20%,67.80%,40.00%,24.40%,66.00%,39.10%,25.60%,65.40%,28.80%,17.30%,50.90%,97.10%,37.50%,67.30%,NA,NA,NA,NA,NA,NA,48.10%,63.30%,57.70%,56.40%,26.60%,35.50%,NA,NA,NA,NA,NA,NA,30.90%,33.30%,26.90%,34.60%,13.50%,0.00%,7.2,NA,NA,NA,6.9,7.4,7.2,NA,NA,NA,6.9,7.4,1241,0,0%,NA,3.38,3.29,2.5,2.62,3.62,3.45,37.6,36.8,143,159,-0.29,-0.28,-0.52,-0.5,-0.05,-0.06,28.8,28.8,40,38.6,45.60%,46.20%,20.10%,21.40%,11.80%,12.60%,30.60%,38.20%,11.10%,20.60%,5.60%,17.60%,49.60%,48.00%,22.60%,21.60%,13.50%,11.50%,49.70%,42.90%,53.80%,50.50%,32.50%,30.20%,36.10%,35.30%,25.00%,20.60%,58.60%,54.10%,34.60%,32.40%,36,34,21.30%,18.70%,133,148,78.70%,81.30%,7,6.5,8,7.8,7,6.5,8,7.8
2,919,7042,117690,Greenside School,,Shephall Green,,,Stevenage,SG2 9XS,01438315356,E14001516,Stevenage,0,0,CYS,Does not apply,NA,NA,MIXED,0,2-19,190,130,60,10,5,50.00%,5,50.00%,NA,NA,NA,NA,NA,NA,NA,3,30.00%,7,70.00%,0,0.00%,10,100.00%,0,0.00%,10,100.00%,,,,,,,NE,NE,NE,NE,NE,NE,NE,NE,NE,NE,NE,NE,NE,NE,NE,NE,NA,NA,NA,NA,NA,NA,NA,NA,NA,NA,NA,NA,NA,NA,NA,NA,NA,NA,NA,NA,NA,NE,NE,NE,NE,SUPP,SUPP,NA,NA,NA,NE,SUPP,SUPP,NE,NE,NE,NE,NE,NE,NE,NE,NE,NE,NE,NE,NE,NE,NE,NE,NE,NE,NE,NE,NE,NE,NE,NE,NE,NA,NA,NA,NA,NA,NA,NA,NA,NA,NA,NA,NA,NA,NA,NA,NE,NE,NE,NE,NE,NE,NE,NE,NE,NE,NE,NE,NE,NE,NE,NE,NE,NE,NE,NE,NE,NE,SUPP,NA,NA,NA,NA,NA,NA,NA,NA,SUPP,NA,NA,NA,NA,NA,NA,NA,NA,SUPP,NA,NA,NA,SUPP,NA,NA,NA,SUPP,NA,NA,NA,SUPP,NA,NA,NA,SUPP,NA,NA,NA,SUPP,NA,NA,NA,SUPP,NA,NA,NA,SUPP,NA,NA,NA,SUPP,SUPP,SUPP,SUPP,SUPP,NA,NA,NA,NA,NA,NA,NA,NA,NA,NA,NA,NA,NA,NA,NA,NA,NA,NA,NA,NA,NA,NA,NA,NA,NA,NA,NA,NA,NE,NE,NE,NE,NE,NE,NE,NA,NA,NA,NA,NA,NA,NA,NA,SUPP,SUPP,SUPP,SUPP,SUPP,SUPP,SUPP,NA,NA,NA,NA,NA,NA,NA,NA,SUPP,SUPP,SUPP,SUPP,SUPP,SUPP,SUPP,NA,NA,NA,NA,NA,NA,NA,NA,NE,NE,NE,NE,NE,NE,NE,NA,NA,NA,NA,NA,NA,NA,NA,NA,NA,NA,NA,NA,NA,NA,NA,NA,NA,NA,NA,SUPP,SUPP,SUPP,SUPP,SUPP,SUPP,NA,NA,NA,NA,NA,NA,NA,NA,NA,NA,NA,NA,NA,NA,NA,NA,NA,NA,NA,NA,NA,NA,NA,NA,NA,NA,NA,NA,NA,NA,NA,NA,NA,NA,NA,NA,NA,NA,NA,NA,NA,NA,NA,NA,NA,SUPP,SUPP,SUPP,SUPP,SUPP,SUPP,NE,NE,NE,NE,NE,NE,NE,NE,SUPP,SUPP,NA,NA,NA,NA,NA,NA,SUPP,SUPP,NE,NE,SUPP,SUPP,NA,NA,NA,NA,NA,NA,SUPP,SUPP,NE,NE,NE,NE,NE,NA,NA,NA,SUPP,SUPP,NE,NA,NA,NA,SUPP,SUPP,NE,NE,NE,NA,NE,SUPP,SUPP,SUPP,SUPP,SUPP,NE,SUPP,NE,SUPP,NE,SUPP,NE,SUPP,NE,SUPP,SUPP,SUPP,SUPP,SUPP,NE,SUPP,NE,SUPP,NE,SUPP,SUPP,SUPP,SUPP,SUPP,SUPP,SUPP,SUPP,SUPP,SUPP,SUPP,SUPP,SUPP,NE,SUPP,NE,SUPP,NE,SUPP,SUPP,SUPP,SUPP,SUPP,SUPP,SUPP,SUPP,SUPP,5,SUPP,45.50%,SUPP,6,SUPP,54.50%,SUPP,SUPP,SUPP,SUPP,SUPP,SUPP,SUPP,SUPP,SUPP
1,919,6221,117648,Haberdashers' Boys' School,,Butterfly Lane,Elstree,Hertfordshire,,WD6 3AF,02082661700,E14001284,Hertsmere,0,0,IND,None,,NA,BOYS,0,4-18,1457,1457,NA,156,156,100.00%,NA,0.00%,NA,NA,NA,NA,NA,NA,NA,NP,NP,NP,NP,NP,NP,NP,NP,NP,NP,NP,NP,NA,NA,NA,NA,NA,NA,6402,41,2524,16.2,0,0,1303,8.4,2575,16.5,2558,16.4,17,0.1,1,2.2,NA,NA,NA,NA,NA,NA,NA,NA,NA,NA,NA,NA,NA,NA,NA,NA,NA,NA,NA,NA,NA,0.00%,0.00%,418.16,2.68,NP,NP,NA,NA,NA,NP,NE,2.68,NP,0,0.00%,0.00%,0.00%,156,100.00%,0,0.00%,0,0.00%,125,80.10%,26,16.70%,99.40%,99.40%,0.00%,0.00%,NE,NE,100.00%,99.20%,100.00%,100.00%,NA,NA,NA,NA,NA,NA,NA,NA,NA,NA,NA,NA,NA,NA,NA,155,155,0,0,NE,NE,125,124,26,26,0,0.00%,156,100.00%,0,0.00%,NE,NE,125,100.00%,26,100.00%,NP,NA,NA,NA,NA,NA,NA,NA,NA,NP,NA,NA,NA,NA,NA,NA,NA,NA,NP,NA,NA,NA,NP,NA,NA,NA,NP,NA,NA,NA,NP,NA,NA,NA,NP,NA,NA,NA,NP,NA,NA,NA,NP,NA,NA,NA,NP,NA,NA,NA,NP,NP,NP,NP,NP,NA,NA,NA,NA,NA,NA,NA,NA,NA,NA,NA,NA,NA,NA,NA,NA,NA,NA,NA,NA,NA,NA,NA,NA,NA,NA,NA,NA,NP,NP,NP,NP,NP,NP,NP,NA,NA,NA,NA,NA,NA,NA,NA,NE,NE,NE,NE,NE,NE,NE,NA,NA,NA,NA,NA,NA,NA,NA,41,16.2,0,8.4,16.5,16.4,0.1,NA,NA,NA,NA,NA,NA,NA,NA,NP,NP,NP,NP,NP,NP,NP,NA,NA,NA,NA,NA,NA,NA,NA,NA,NA,NA,NA,NA,NA,NA,NA,NA,NA,NA,NA,NP,NP,NP,NP,NP,NP,NA,NA,NA,NA,NA,NA,NA,NA,NA,NA,NA,NA,NA,NA,NA,NA,NA,NA,NA,NA,NA,NA,NA,NA,NA,NA,NA,NA,NA,NA,NA,NA,NA,NA,NA,NA,NA,NA,NA,NA,NA,NA,NA,NA,NA,0.00%,0.00%,0.00%,NE,NE,NE,NP,NP,NP,NP,NP,NP,0.00%,100.00%,NP,NP,NA,NA,NA,NA,NA,NA,0.00%,NE,NP,NP,NP,NP,NA,NA,NA,NA,NA,NA,0.00%,NE,NP,NP,4.50%,0.00%,4.2,NA,NA,NA,NP,NP,4.2,NA,NA,NA,NP,NP,660,0,0%,NA,2.61,2.5,NP,NP,NP,NP,40.6,39.6,NP,NP,NP,NP,NP,NP,NP,NP,NP,NP,NP,NP,0.00%,0.00%,0.00%,0.00%,0.00%,0.00%,NP,NP,NP,NP,NP,NP,NP,NP,NP,NP,NP,NP,0.00%,0.00%,0.00%,0.00%,0.00%,0.00%,NP,NP,NP,NP,NP,NP,NP,NP,NP,NP,NP,NP,NP,NP,NP,NP,NP,NP,NP,NP,NP,NP,NP,NP
1,919,6222,117649,Haberdashers' Girls' School,,Aldenham Road,Elstree,Hertfordshire,Borehamwood,WD6 3BT,02082662300,E14001284,Hertsmere,0,0,IND,None,,NA,GIRLS,0,4-18,1132,NA,1132,124,NA,0.00%,124,100.00%,NA,NA,NA,NA,NA,NA,NA,NP,NP,NP,NP,NP,NP,NP,NP,NP,NP,NP,NP,NA,NA,NA,NA,NA,NA,4952.5,39.9,946,7.6,0,0,2390,19.3,1616.5,13,1523,12.3,93.5,0.8,2.4,1.6,NA,NA,NA,NA,NA,NA,NA,NA,NA,NA,NA,NA,NA,NA,NA,NA,NA,NA,NA,NA,NA,0.00%,0.00%,172.48,1.39,NP,NP,NA,NA,NA,NP,1.39,NE,NP,0,0.00%,0.00%,0.00%,0,0.00%,0,0.00%,0,0.00%,94,75.80%,30,24.20%,0.00%,0.00%,0.00%,0.00%,NE,NE,100.00%,98.90%,100.00%,100.00%,NA,NA,NA,NA,NA,NA,NA,NA,NA,NA,NA,NA,NA,NA,NA,0,0,0,0,NE,NE,94,93,30,30,0,0.00%,0,0.00%,0,0.00%,NE,NE,94,100.00%,30,100.00%,NP,NA,NA,NA,NA,NA,NA,NA,NA,NP,NA,NA,NA,NA,NA,NA,NA,NA,NP,NA,NA,NA,NP,NA,NA,NA,NP,NA,NA,NA,NP,NA,NA,NA,NP,NA,NA,NA,NP,NA,NA,NA,NP,NA,NA,NA,NP,NA,NA,NA,NP,NP,NP,NP,NP,NA,NA,NA,NA,NA,NA,NA,NA,NA,NA,NA,NA,NA,NA,NA,NA,NA,NA,NA,NA,NA,NA,NA,NA,NA,NA,NA,NA,NP,NP,NP,NP,NP,NP,NP,NA,NA,NA,NA,NA,NA,NA,NA,39.9,7.6,0,19.3,13,12.3,0.8,NA,NA,NA,NA,NA,NA,NA,NA,NE,NE,NE,NE,NE,NE,NE,NA,NA,NA,NA,NA,NA,NA,NA,NP,NP,NP,NP,NP,NP,NP,NA,NA,NA,NA,NA,NA,NA,NA,NA,NA,NA,NA,NA,NA,NA,NA,NA,NA,NA,NA,NP,NP,NP,NP,NP,NP,NA,NA,NA,NA,NA,NA,NA,NA,NA,NA,NA,NA,NA,NA,NA,NA,NA,NA,NA,NA,NA,NA,NA,NA,NA,NA,NA,NA,NA,NA,NA,NA,NA,NA,NA,NA,NA,NA,NA,NA,NA,NA,NA,NA,NA,NE,NE,NE,0.00%,0.00%,0.00%,NP,NP,NP,NP,NP,NP,0.00%,99.20%,NP,NP,NA,NA,NA,NA,NA,NA,NE,0.00%,NP,NP,NP,NP,NA,NA,NA,NA,NA,NA,NE,0.00%,NP,NP,4.00%,0.00%,4.9,NA,NA,NA,NP,NP,4.8,NA,NA,NA,NP,NP,615,0,0%,NA,1.52,2.75,NP,NP,NP,NP,40.4,53.9,NP,NP,NP,NP,NP,NP,NP,NP,NP,NP,NP,NP,0.00%,0.00%,0.00%,0.00%,0.00%,0.00%,NP,NP,NP,NP,NP,NP,NP,NP,NP,NP,NP,NP,0.00%,99.20%,0.00%,100.00%,0.00%,100.00%,NP,NP,NP,NP,NP,NP,NP,NP,NP,NP,NP,NP,NP,NP,NP,NP,NP,NP,NP,NP,NP,NP,NP,NP
2,919,7014,142257,Hailey Hall School,,Hailey Lane,,,Hertford,SG13 7PB,01992465208,E14001139,Broxbourne,0,0,ACCS,Does not apply,NA,NA,BOYS,0,11-16,83,83,NA,18,18,100.00%,NA,0.00%,NA,NA,NA,NA,NA,NA,NA,15,83.30%,3,16.70%,1,5.60%,17,94.40%,0,0.00%,18,100.00%,,,,,,,129,7.2,30,1.7,54,3,0,0,45,2.5,34,1.9,11,0.6,0,0.8,NA,NA,NA,NA,NA,NA,NA,NA,NA,NA,NA,NA,NA,NA,NA,NA,NA,NA,NA,NA,NA,5.60%,5.60%,6.67,0.37,SUPP,SUPP,NA,NA,NA,SUPP,NE,0.37,0.37,0,0.00%,0.00%,0.00%,5,27.80%,11,61.10%,0,0.00%,0,0.00%,0,0.00%,5.60%,5.60%,5.60%,5.60%,NE,NE,NE,NE,NE,NE,NA,NA,NA,NA,NA,NA,NA,NA,NA,NA,NA,NA,NA,NA,NA,1,1,1,1,NE,NE,NE,NE,NE,NE,0,0.00%,5,27.80%,10,55.60%,NE,NE,NE,NE,NE,NE,SUPP,NA,NA,NA,NA,NA,NA,NA,NA,SUPP,NA,NA,NA,NA,NA,NA,NA,NA,SUPP,NA,NA,NA,SUPP,NA,NA,NA,SUPP,NA,NA,NA,SUPP,NA,NA,NA,SUPP,NA,NA,NA,SUPP,NA,NA,NA,SUPP,NA,NA,NA,SUPP,NA,NA,NA,SUPP,SUPP,SUPP,SUPP,SUPP,NA,NA,NA,NA,NA,NA,NA,NA,NA,NA,NA,NA,NA,NA,NA,NA,NA,NA,NA,NA,NA,NA,NA,NA,NA,NA,NA,NA,SUPP,SUPP,SUPP,SUPP,SUPP,SUPP,SUPP,NA,NA,NA,NA,NA,NA,NA,NA,NE,NE,NE,NE,NE,NE,NE,NA,NA,NA,NA,NA,NA,NA,NA,7.2,1.7,3,0,2.5,1.9,0.6,NA,NA,NA,NA,NA,NA,NA,NA,7.2,1.7,3,0,2.5,1.9,0.6,NA,NA,NA,NA,NA,NA,NA,NA,NA,NA,NA,NA,NA,NA,NA,NA,NA,NA,NA,NA,SUPP,SUPP,SUPP,SUPP,SUPP,SUPP,NA,NA,NA,NA,NA,NA,NA,NA,NA,NA,NA,NA,NA,NA,NA,NA,NA,NA,NA,NA,NA,NA,NA,NA,NA,NA,NA,NA,NA,NA,NA,NA,NA,NA,NA,NA,NA,NA,NA,NA,NA,NA,NA,NA,NA,0.00%,0.00%,0.00%,NE,NE,NE,0.00%,0.00%,0.00%,SUPP,SUPP,SUPP,0.00%,77.80%,SUPP,SUPP,NA,NA,NA,NA,NA,NA,5.60%,NE,SUPP,5.60%,SUPP,SUPP,NA,NA,NA,NA,NA,NA,5.60%,NE,SUPP,5.60%,0.00%,0.00%,1.8,NA,NA,NA,SUPP,SUPP,1.6,NA,NA,NA,SUPP,SUPP,33,0,0%,NA,0.53,0.58,0.36,SUPP,0.72,SUPP,10.3,14.4,18,11,-1.82,-1.23,-2.48,-2.06,-1.17,-0.39,7.3,SUPP,13.6,SUPP,0.00%,0.00%,0.00%,0.00%,0.00%,0.00%,0.00%,SUPP,0.00%,SUPP,0.00%,SUPP,0.00%,SUPP,0.00%,SUPP,0.00%,SUPP,0.00%,0.00%,14.30%,15.40%,9.50%,0.00%,0.00%,SUPP,0.00%,SUPP,30.00%,SUPP,20.00%,SUPP,11,8,52.40%,61.50%,10,5,47.60%,38.50%,1.6,SUPP,2.6,SUPP,1.4,SUPP,2.2,SUPP
1,919,6015,117607,Haileybury College,,,,,Hertford,SG13 7NU,01992706200,E14001139,Broxbourne,0,0,IND,Church of England,,NA,MIXED,0,11-18,916,466,450,150,81,54.00%,69,46.00%,NA,NA,NA,NA,NA,NA,NA,NP,NP,NP,NP,NP,NP,NP,NP,NP,NP,NP,NP,NA,NA,NA,NA,NA,NA,2172,14.5,0,0,0,0,1069,7.1,1103,7.4,1045,7,58,0.4,0.9,1,NA,NA,NA,NA,NA,NA,NA,NA,NA,NA,NA,NA,NA,NA,NA,NA,NA,NA,NA,NA,NA,0.00%,0.00%,166.97,1.11,NP,NP,NA,NA,NA,NP,1.21,1.03,NP,0,0.00%,0.00%,0.00%,0,0.00%,0,0.00%,0,0.00%,82,54.70%,48,32.00%,0.00%,0.00%,0.00%,0.00%,NE,NE,100.00%,98.80%,100.00%,97.90%,NA,NA,NA,NA,NA,NA,NA,NA,NA,NA,NA,NA,NA,NA,NA,0,0,0,0,NE,NE,82,81,48,47,0,0.00%,0,0.00%,0,0.00%,NE,NE,82,100.00%,48,100.00%,NP,NA,NA,NA,NA,NA,NA,NA,NA,NP,NA,NA,NA,NA,NA,NA,NA,NA,NP,NA,NA,NA,NP,NA,NA,NA,NP,NA,NA,NA,NP,NA,NA,NA,NP,NA,NA,NA,NP,NA,NA,NA,NP,NA,NA,NA,NP,NA,NA,NA,NP,NP,NP,NP,NP,NA,NA,NA,NA,NA,NA,NA,NA,NA,NA,NA,NA,NA,NA,NA,NA,NA,NA,NA,NA,NA,NA,NA,NA,NA,NA,NA,NA,NP,NP,NP,NP,NP,NP,NP,NA,NA,NA,NA,NA,NA,NA,NA,15.3,0,0,7.8,7.5,6.9,0.6,NA,NA,NA,NA,NA,NA,NA,NA,13.8,0,0,6.6,7.2,7,0.2,NA,NA,NA,NA,NA,NA,NA,NA,NP,NP,NP,NP,NP,NP,NP,NA,NA,NA,NA,NA,NA,NA,NA,NA,NA,NA,NA,NA,NA,NA,NA,NA,NA,NA,NA,NP,NP,NP,NP,NP,NP,NA,NA,NA,NA,NA,NA,NA,NA,NA,NA,NA,NA,NA,NA,NA,NA,NA,NA,NA,NA,NA,NA,NA,NA,NA,NA,NA,NA,NA,NA,NA,NA,NA,NA,NA,NA,NA,NA,NA,NA,NA,NA,NA,NA,NA,0.00%,0.00%,0.00%,0.00%,0.00%,0.00%,NP,NP,NP,NP,NP,NP,0.00%,94.00%,NP,NP,NA,NA,NA,NA,NA,NA,0.00%,0.00%,NP,NP,NP,NP,NA,NA,NA,NA,NA,NA,0.00%,0.00%,NP,NP,5.30%,0.00%,1.9,NA,NA,NA,NP,NP,1.9,NA,NA,NA,NP,NP,291,0,0%,NA,1.18,0.78,NP,NP,NP,NP,14,12,NP,NP,NP,NP,NP,NP,NP,NP,NP,NP,NP,NP,0.00%,0.00%,0.00%,0.00%,0.00%,0.00%,NP,NP,NP,NP,NP,NP,NP,NP,NP,NP,NP,NP,0.00%,0.00%,0.00%,0.00%,0.00%,0.00%,NP,NP,NP,NP,NP,NP,NP,NP,NP,NP,NP,NP,NP,NP,NP,NP,NP,NP,NP,NP,NP,NP,NP,NP
1,919,4022,142051,Haileybury Turnford,,Mill Lane,Cheshunt,,Waltham Cross,EN8 0JU,01992308333,E14001139,Broxbourne,0,0,AC,Does not apply,NSE,OTHER NON SEL,MIXED,0,11-18,967,476,491,122,59,48.40%,63,51.60%,NA,NA,NA,NA,NA,NA,NA,35,28.70%,87,71.30%,22,18.00%,86,70.50%,14,11.50%,112,91.80%,4,3.30%,16,13.10%,12,9.80%,5279.5,43.3,1148,9.4,1052,8.6,1450.5,11.9,1629,13.4,943.5,7.7,685.5,5.6,2.8,2.9,NA,NA,NA,NA,NA,NA,NA,NA,NA,NA,NA,NA,NA,NA,NA,NA,NA,NA,NA,NA,NA,68.00%,36.90%,429.84,3.52,3.07,3.71,NA,NA,NA,4.04,3.62,3.42,3.48,15,12.30%,6.60%,4.10%,118,96.70%,119,97.50%,118,96.70%,103,84.40%,23,18.90%,77.00%,54.90%,74.60%,45.90%,52.50%,30.50%,43.70%,30.10%,91.30%,87.00%,NA,NA,NA,NA,NA,NA,NA,NA,NA,NA,NA,NA,NA,NA,NA,94,67,91,56,62,36,45,31,21,20,14,11.50%,118,96.70%,118,96.70%,117,99.20%,99,96.10%,23,100.00%,37.6,NA,NA,NA,NA,NA,NA,NA,NA,45.5,NA,NA,NA,NA,NA,NA,NA,NA,8.6,NA,NA,NA,7.4,NA,NA,NA,10,NA,NA,NA,11.6,NA,NA,NA,9.7,NA,NA,NA,9.1,NA,NA,NA,12.7,NA,NA,NA,14,NA,NA,NA,6.6,5.1,8.2,5.8,-12.8,NA,NA,NA,NA,NA,NA,NA,NA,NA,NA,NA,NA,NA,NA,NA,NA,NA,NA,NA,NA,NA,NA,NA,NA,NA,NA,NA,NA,46.2,9.2,9.2,14.1,13.8,6.4,7.4,NA,NA,NA,NA,NA,NA,NA,NA,44.6,10,8.3,12.3,14,9,5.1,NA,NA,NA,NA,NA,NA,NA,NA,41.8,8.8,9,11.5,12.6,6.4,6.2,NA,NA,NA,NA,NA,NA,NA,NA,42.8,9.3,8.6,11.7,13.3,7.4,5.8,NA,NA,NA,NA,NA,NA,NA,NA,NA,NA,NA,NA,NA,NA,NA,NA,NA,NA,NA,NA,8.60%,13.80%,5.70%,2.90%,6.90%,4.60%,NA,NA,NA,NA,NA,NA,NA,NA,NA,NA,NA,NA,NA,NA,NA,NA,NA,NA,NA,NA,NA,NA,NA,NA,NA,NA,NA,NA,NA,NA,NA,NA,NA,NA,NA,NA,NA,NA,NA,NA,NA,NA,NA,NA,NA,10.20%,8.50%,6.80%,14.30%,4.80%,1.60%,11.60%,7.10%,4.50%,40.90%,18.20%,9.10%,59.00%,98.40%,48.60%,75.90%,NA,NA,NA,NA,NA,NA,66.10%,69.80%,63.60%,68.80%,22.90%,42.50%,NA,NA,NA,NA,NA,NA,32.20%,41.30%,50.00%,36.60%,4.90%,21.30%,8,NA,NA,NA,7.5,8.2,6.4,NA,NA,NA,5.7,6.7,983,0,0%,NA,3.54,3.9,3.01,3.34,3.87,4.06,42.5,45.5,127,128,-0.05,0.3,-0.29,0.05,0.2,0.54,37.7,39,45.4,47.3,24.80%,28.10%,10.60%,11.10%,9.20%,8.10%,14.80%,30.00%,5.60%,10.00%,3.70%,6.70%,31.00%,27.60%,13.80%,11.40%,12.60%,8.60%,51.80%,57.00%,55.30%,61.50%,35.50%,40.70%,44.40%,46.70%,29.60%,30.00%,62.10%,65.70%,39.10%,43.80%,54,30,38.30%,22.20%,87,105,61.70%,77.80%,7.9,8.1,8.3,8,6.3,7.4,6.7,7
2,919,7032,117685,Heathlands School,,Heathlands Drive,,,St Albans,AL3 5AY,01727807807,E14001507,St Albans,0,0,CYS,Does not apply,NA,NA,MIXED,0,3-18,153,78,75,18,8,44.40%,10,55.60%,NA,NA,NA,NA,NA,NA,NA,8,44.40%,10,55.60%,13,72.20%,5,27.80%,0,0.00%,18,100.00%,,,,,,,116,6.4,10,0.6,44,2.4,29,1.6,33,1.8,33,1.8,0,0,0.7,0.9,NA,NA,NA,NA,NA,NA,NA,NA,NA,NA,NA,NA,NA,NA,NA,NA,NA,NA,NA,NA,NA,0.00%,0.00%,8.5,0.47,0.42,0.52,NA,NA,NA,0.45,0.5,0.44,0.47,0,0.00%,0.00%,0.00%,0,0.00%,15,83.30%,4,22.20%,4,22.20%,0,0.00%,0.00%,0.00%,5.60%,5.60%,SUPP,SUPP,SUPP,SUPP,NE,NE,NA,NA,NA,NA,NA,NA,NA,NA,NA,NA,NA,NA,NA,NA,NA,0,0,1,1,SUPP,SUPP,SUPP,SUPP,NE,NE,0,0.00%,0,0.00%,11,61.10%,SUPP,SUPP,SUPP,SUPP,NE,NE,6.4,NA,NA,NA,NA,NA,NA,NA,NA,6.5,NA,NA,NA,NA,NA,NA,NA,NA,0.6,NA,NA,NA,2.3,NA,NA,NA,1.4,NA,NA,NA,2.1,NA,NA,NA,0.5,NA,NA,NA,2.6,NA,NA,NA,1.8,NA,NA,NA,1.6,NA,NA,NA,2.1,0,1.6,0,-44,NA,NA,NA,NA,NA,NA,NA,NA,NA,NA,NA,NA,NA,NA,NA,NA,NA,NA,NA,NA,NA,NA,NA,NA,NA,NA,NA,NA,6,0.6,2.2,1.6,1.6,1.6,0,NA,NA,NA,NA,NA,NA,NA,NA,6.5,0.7,2.2,1.9,1.7,1.7,0,NA,NA,NA,NA,NA,NA,NA,NA,6.4,0.4,2.8,1.3,2,2,0,NA,NA,NA,NA,NA,NA,NA,NA,6.4,0.6,2.4,1.6,1.8,1.8,0,NA,NA,NA,NA,NA,NA,NA,NA,NA,NA,NA,NA,NA,NA,NA,NA,NA,NA,NA,NA,0.00%,0.00%,0.00%,0.00%,0.00%,0.00%,NA,NA,NA,NA,NA,NA,NA,NA,NA,NA,NA,NA,NA,NA,NA,NA,NA,NA,NA,NA,NA,NA,NA,NA,NA,NA,NA,NA,NA,NA,NA,NA,NA,NA,NA,NA,NA,NA,NA,NA,NA,NA,NA,NA,NA,0.00%,0.00%,0.00%,0.00%,0.00%,0.00%,0.00%,0.00%,0.00%,0.00%,0.00%,0.00%,0.00%,72.20%,0.00%,0.00%,NA,NA,NA,NA,NA,NA,0.00%,0.00%,0.00%,0.00%,0.00%,0.00%,NA,NA,NA,NA,NA,NA,0.00%,0.00%,0.00%,0.00%,0.00%,0.00%,2.7,NA,NA,NA,3,2.5,2.5,NA,NA,NA,2.8,2.3,50,0,0%,NA,2.98,0.25,1.55,SUPP,3.74,SUPP,34.3,4.9,19,6,0.93,-1.09,0.3,-2.23,1.57,0.04,19,SUPP,42.5,SUPP,0.00%,0.00%,0.00%,0.00%,0.00%,0.00%,0.00%,SUPP,0.00%,SUPP,0.00%,SUPP,0.00%,SUPP,0.00%,SUPP,0.00%,SUPP,25.00%,0.00%,30.00%,0.00%,15.00%,0.00%,0.00%,SUPP,0.00%,SUPP,46.20%,SUPP,23.10%,SUPP,7,5,35.00%,83.30%,13,1,65.00%,16.70%,5.1,SUPP,7.4,SUPP,4.6,SUPP,6.5,SUPP
1,919,4005,149500,The Hemel Hempstead School,,Heath Lane,,"The Hemel Hempstead School, Heath Lane",Hemel Hempstead,HP1 1TX,01442390100,E14001278,Hemel Hempstead,0,0,ACC,Does not apply,NSE,OTHER NON SEL,MIXED,0,11-18,1286,666,620,209,111,53.10%,98,46.90%,NA,NA,NA,NA,NA,NA,NA,33,15.80%,176,84.20%,35,16.70%,174,83.30%,0,0.00%,205,98.10%,1,0.50%,43,20.60%,42,20.10%,10421,49.9,2236,10.7,2058,9.8,3074.5,14.7,3052.5,14.6,3045.5,14.6,7,0,2.9,2.9,NA,NA,NA,NA,NA,NA,NA,NA,NA,NA,NA,NA,NA,NA,NA,NA,NA,NA,NA,NA,NA,74.20%,51.20%,904.83,4.33,2.86,4.6,NA,NA,NA,5.24,4.43,4.24,4.34,54,25.80%,20.10%,15.80%,206,98.60%,208,99.50%,197,94.30%,165,78.90%,93,44.50%,83.70%,67.90%,78.90%,56.90%,66.50%,53.80%,63.00%,52.70%,83.90%,72.00%,NA,NA,NA,NA,NA,NA,NA,NA,NA,NA,NA,NA,NA,NA,NA,175,142,165,119,131,106,104,87,78,67,52,24.90%,206,98.60%,208,99.50%,193,98.00%,161,97.60%,91,97.80%,34.3,NA,NA,NA,NA,NA,NA,NA,NA,52.8,NA,NA,NA,NA,NA,NA,NA,NA,8,NA,NA,NA,6.8,NA,NA,NA,10.2,NA,NA,NA,9.3,NA,NA,NA,11.2,NA,NA,NA,10.4,NA,NA,NA,15.6,NA,NA,NA,15.6,NA,NA,NA,9.3,0,15.6,0,-16.1,NA,NA,NA,NA,NA,NA,NA,NA,NA,NA,NA,NA,NA,NA,NA,NA,NA,NA,NA,NA,NA,NA,NA,NA,NA,NA,NA,NA,56.3,11.8,11.5,17.6,15.5,15.5,0,NA,NA,NA,NA,NA,NA,NA,NA,51.8,11.3,9.6,15.1,15.9,15.8,0.1,NA,NA,NA,NA,NA,NA,NA,NA,48.1,10.1,10.1,14.4,13.5,13.5,0,NA,NA,NA,NA,NA,NA,NA,NA,50.1,10.7,9.9,14.7,14.7,14.7,0,NA,NA,NA,NA,NA,NA,NA,NA,NA,NA,NA,NA,NA,NA,NA,NA,NA,NA,NA,NA,6.10%,29.50%,0.00%,0.00%,23.90%,18.80%,NA,NA,NA,NA,NA,NA,NA,NA,NA,NA,NA,NA,NA,NA,NA,NA,NA,NA,NA,NA,NA,NA,NA,NA,NA,NA,NA,NA,NA,NA,NA,NA,NA,NA,NA,NA,NA,NA,NA,NA,NA,NA,NA,NA,NA,27.00%,20.70%,16.20%,24.50%,19.40%,15.30%,25.90%,20.50%,16.10%,51.40%,40.00%,34.30%,68.40%,100.00%,39.40%,80.70%,NA,NA,NA,NA,NA,NA,73.90%,74.50%,82.90%,74.60%,18.20%,57.40%,NA,NA,NA,NA,NA,NA,52.30%,50.00%,71.40%,51.70%,2.90%,13.40%,8.1,NA,NA,NA,7.7,8.2,8,NA,NA,NA,7.6,8.1,1715,0,0%,NA,4.22,4.22,3.32,2.77,4.37,4.49,47.8,48.5,204,179,-0.14,-0.14,-0.33,-0.34,0.06,0.07,38.5,33.2,49.3,51.4,30.70%,27.20%,23.10%,20.70%,19.30%,15.80%,30.00%,20.70%,10.00%,13.80%,10.00%,13.80%,30.80%,28.40%,25.30%,21.90%,20.90%,16.10%,63.70%,66.80%,72.20%,71.70%,45.80%,47.30%,53.30%,37.90%,26.70%,20.70%,75.30%,78.10%,48.90%,52.30%,30,29,14.20%,15.80%,182,155,85.80%,84.20%,7.8,7.4,8,8,7.8,7.1,8,8
1,919,5420,140786,The Hertfordshire & Essex High School and Science College,,Warwick Road,,,Bishop's Stortford,CM23 5NJ,01279654127,E14001283,Hertford and Stortford,0,0,ACC,None,NSE,OTHER NON SEL,GIRLS,0,11-18,1450,143,1307,185,NA,0.00%,185,100.00%,NA,NA,NA,NA,NA,NA,NA,9,4.90%,176,95.10%,40,21.60%,145,78.40%,0,0.00%,177,95.70%,2,1.10%,10,5.40%,8,4.30%,11769,63.6,2478,13.4,2252,12.2,3479,18.8,3560,19.2,3459,18.7,101,0.5,2.9,3,NA,NA,NA,NA,NA,NA,NA,NA,NA,NA,NA,NA,NA,NA,NA,NA,NA,NA,NA,NA,NA,93.50%,75.70%,1077.67,5.83,3.96,5.92,NA,NA,NA,6.42,5.83,NE,5.83,113,61.10%,54.60%,43.80%,184,99.50%,185,100.00%,184,99.50%,164,88.60%,125,67.60%,96.80%,94.10%,94.60%,76.80%,91.80%,77.70%,89.60%,79.30%,94.40%,87.20%,NA,NA,NA,NA,NA,NA,NA,NA,NA,NA,NA,NA,NA,NA,NA,179,174,175,142,169,143,147,130,118,109,113,61.10%,184,99.50%,185,100.00%,183,99.50%,164,100.00%,125,100.00%,45.9,NA,NA,NA,NA,NA,NA,NA,NA,64.5,NA,NA,NA,NA,NA,NA,NA,NA,10.7,NA,NA,NA,7.8,NA,NA,NA,12.6,NA,NA,NA,14.9,NA,NA,NA,13.5,NA,NA,NA,12.4,NA,NA,NA,19.1,NA,NA,NA,19.5,NA,NA,NA,13.8,1.1,18.9,0.5,-4.5,NA,NA,NA,NA,NA,NA,NA,NA,NA,NA,NA,NA,NA,NA,NA,NA,NA,NA,NA,NA,NA,NA,NA,NA,NA,NA,NA,NA,68,14.1,13,20.9,20.1,19.2,0.9,NA,NA,NA,NA,NA,NA,NA,NA,63.6,13.4,12.2,18.8,19.2,18.7,0.5,NA,NA,NA,NA,NA,NA,NA,NA,NE,NE,NE,NE,NE,NE,NE,NA,NA,NA,NA,NA,NA,NA,NA,63.5,13.4,12.2,18.7,19.2,18.7,0.5,NA,NA,NA,NA,NA,NA,NA,NA,NA,NA,NA,NA,NA,NA,NA,NA,NA,NA,NA,NA,55.60%,61.40%,22.20%,0.00%,56.30%,46.00%,NA,NA,NA,NA,NA,NA,NA,NA,NA,NA,NA,NA,NA,NA,NA,NA,NA,NA,NA,NA,NA,NA,NA,NA,NA,NA,NA,NA,NA,NA,NA,NA,NA,NA,NA,NA,NA,NA,NA,NA,NA,NA,NA,NA,NA,NE,NE,NE,61.10%,54.60%,43.80%,62.10%,55.40%,44.60%,72.50%,67.50%,57.50%,91.40%,100.00%,55.60%,95.50%,NA,NA,NA,NA,NA,NA,NE,93.50%,95.00%,93.20%,22.20%,78.40%,NA,NA,NA,NA,NA,NA,NE,75.70%,87.50%,76.30%,9.20%,27.60%,8.4,NA,NA,NA,7.6,8.5,8.3,NA,NA,NA,7.3,8.4,1564,0,0%,NA,5.84,5.65,3.82,3.5,6.01,5.83,63.3,61.7,168,169,0.65,0.6,0.43,0.39,0.86,0.81,43.6,41.2,64.9,63.4,67.00%,66.70%,58.80%,60.70%,47.80%,43.70%,42.90%,28.60%,35.70%,21.40%,14.30%,14.30%,69.00%,69.80%,60.70%,63.90%,50.60%,46.20%,86.80%,90.70%,89.00%,92.90%,76.40%,72.70%,71.40%,57.10%,35.70%,35.70%,90.50%,95.90%,79.80%,75.70%,14,14,7.70%,7.70%,168,169,92.30%,92.30%,6.9,6.2,8.5,8.5,6.9,6.1,8.4,8.3
1,919,4001,138747,Hertswood Academy,,Cowley Hill,,,Borehamwood,WD6 5LG,02082387200,E14001284,Hertsmere,0,0,ACC,Does not apply,NSE,OTHER NON SEL,MIXED,0,11-18,1173,644,529,223,125,56.10%,98,43.90%,NA,NA,NA,NA,NA,NA,NA,70,31.40%,153,68.60%,74,33.20%,149,66.80%,0,0.00%,194,87.00%,1,0.40%,22,9.90%,21,9.40%,8546,38.3,1834,8.2,1784,8,2545.5,11.4,2382.5,10.7,2118,9.5,264.5,1.2,2.7,2.7,NA,NA,NA,NA,NA,NA,NA,NA,NA,NA,NA,NA,NA,NA,NA,NA,NA,NA,NA,NA,NA,49.80%,27.40%,774.01,3.47,2.57,3.88,NA,NA,NA,4.38,3.47,3.47,3.5,116,52.00%,12.10%,5.80%,212,95.10%,217,97.30%,216,96.90%,203,91.00%,116,52.00%,59.20%,39.90%,58.70%,36.80%,53.70%,33.80%,43.80%,31.00%,37.10%,32.80%,NA,NA,NA,NA,NA,NA,NA,NA,NA,NA,NA,NA,NA,NA,NA,132,89,131,82,116,73,89,63,43,38,112,50.20%,209,93.70%,210,94.20%,206,95.40%,186,91.60%,113,97.40%,28.5,NA,NA,NA,NA,NA,NA,NA,NA,42.8,NA,NA,NA,NA,NA,NA,NA,NA,6.6,NA,NA,NA,5.9,NA,NA,NA,8.4,NA,NA,NA,7.6,NA,NA,NA,9,NA,NA,NA,9,NA,NA,NA,12.8,NA,NA,NA,12.1,NA,NA,NA,6.4,1.2,10.9,1.2,-21.9,NA,NA,NA,NA,NA,NA,NA,NA,NA,NA,NA,NA,NA,NA,NA,NA,NA,NA,NA,NA,NA,NA,NA,NA,NA,NA,NA,NA,47,9.6,9.7,14.4,13.3,12.4,0.9,NA,NA,NA,NA,NA,NA,NA,NA,38.6,8.5,7.2,11.5,11.4,10.2,1.2,NA,NA,NA,NA,NA,NA,NA,NA,38.1,8,8.6,11.4,10.1,9,1.1,NA,NA,NA,NA,NA,NA,NA,NA,38.7,8.4,8.1,11.4,10.8,9.6,1.2,NA,NA,NA,NA,NA,NA,NA,NA,NA,NA,NA,NA,NA,NA,NA,NA,NA,NA,NA,NA,41.40%,56.90%,4.30%,1.40%,15.70%,7.80%,NA,NA,NA,NA,NA,NA,NA,NA,NA,NA,NA,NA,NA,NA,NA,NA,NA,NA,NA,NA,NA,NA,NA,NA,NA,NA,NA,NA,NA,NA,NA,NA,NA,NA,NA,NA,NA,NA,NA,NA,NA,NA,NA,NA,NA,48.00%,13.60%,6.40%,57.10%,10.20%,5.10%,53.60%,12.40%,5.20%,73.00%,24.30%,14.90%,43.50%,97.30%,25.70%,60.80%,NA,NA,NA,NA,NA,NA,48.80%,51.00%,64.90%,51.00%,11.40%,34.60%,NA,NA,NA,NA,NA,NA,30.40%,23.50%,35.10%,25.80%,5.40%,21.10%,8,NA,NA,NA,7.3,8.3,7.5,NA,NA,NA,6.8,7.8,1808,0,0%,NA,3.49,3.33,2.56,2.66,3.84,3.66,38.9,39.5,185,190,-0.19,-0.34,-0.39,-0.55,0.02,-0.14,29,31.6,42.6,43.3,46.80%,20.60%,10.40%,6.90%,5.00%,4.10%,27.30%,12.50%,3.60%,4.20%,0.00%,2.80%,54.10%,24.70%,13.00%,8.20%,6.80%,4.80%,44.80%,42.70%,52.70%,47.70%,28.40%,35.80%,40.00%,30.60%,14.50%,16.70%,57.50%,56.20%,33.60%,45.20%,55,72,27.40%,33.00%,146,146,72.60%,67.00%,7.3,7.9,8.7,8.5,6.5,6.9,7.7,7.6
1,919,4122,150217,The Highfield School,,Highfield,,,Letchworth Garden City,SG6 3QA,01462620500,E14001393,North East Hertfordshire,0,0,ACC,Does not apply,NSE,OTHER NON SEL,MIXED,0,11-18,978,468,510,171,78,45.60%,93,54.40%,NA,NA,NA,NA,NA,NA,NA,45,26.30%,126,73.70%,13,7.60%,157,91.80%,1,0.60%,162,94.70%,10,5.80%,59,34.50%,49,28.70%,7124,41.7,1534,9,1400,8.2,2025,11.8,2165,12.7,1933,11.3,232,1.4,2.7,2.8,NA,NA,NA,NA,NA,NA,NA,NA,NA,NA,NA,NA,NA,NA,NA,NA,NA,NA,NA,NA,NA,55.00%,40.40%,606.71,3.55,2.62,3.88,NA,NA,NA,4,3.66,3.42,3.6,39,22.80%,17.00%,12.30%,161,94.20%,166,97.10%,163,95.30%,147,86.00%,43,25.10%,66.10%,52.00%,62.60%,47.40%,58.90%,40.50%,49.70%,38.10%,76.70%,58.10%,NA,NA,NA,NA,NA,NA,NA,NA,NA,NA,NA,NA,NA,NA,NA,113,89,107,81,96,66,73,56,33,25,37,21.60%,159,93.00%,161,94.20%,158,96.90%,141,95.90%,40,93.00%,31.8,NA,NA,NA,NA,NA,NA,NA,NA,45.2,NA,NA,NA,NA,NA,NA,NA,NA,7,NA,NA,NA,6.2,NA,NA,NA,8.7,NA,NA,NA,9.8,NA,NA,NA,9.7,NA,NA,NA,8.9,NA,NA,NA,13,NA,NA,NA,13.7,NA,NA,NA,8.5,1.2,12.3,1.4,-18.6,NA,NA,NA,NA,NA,NA,NA,NA,NA,NA,NA,NA,NA,NA,NA,NA,NA,NA,NA,NA,NA,NA,NA,NA,NA,NA,NA,NA,45,9.7,8.2,13.6,13.6,12.6,1,NA,NA,NA,NA,NA,NA,NA,NA,43,9.5,8.1,11.9,13.4,12,1.4,NA,NA,NA,NA,NA,NA,NA,NA,40.1,8.3,8.3,11.7,11.8,10.4,1.3,NA,NA,NA,NA,NA,NA,NA,NA,42.2,9,8.3,12,12.8,11.4,1.4,NA,NA,NA,NA,NA,NA,NA,NA,NA,NA,NA,NA,NA,NA,NA,NA,NA,NA,NA,NA,13.30%,26.20%,6.70%,6.70%,20.60%,14.30%,NA,NA,NA,NA,NA,NA,NA,NA,NA,NA,NA,NA,NA,NA,NA,NA,NA,NA,NA,NA,NA,NA,NA,NA,NA,NA,NA,NA,NA,NA,NA,NA,NA,NA,NA,NA,NA,NA,NA,NA,NA,NA,NA,NA,NA,16.70%,11.50%,7.70%,28.00%,21.50%,16.10%,24.10%,17.90%,13.00%,38.50%,30.80%,15.40%,52.00%,95.90%,33.30%,62.70%,NA,NA,NA,NA,NA,NA,48.70%,60.20%,53.80%,55.60%,20.00%,47.60%,NA,NA,NA,NA,NA,NA,34.60%,45.20%,53.80%,41.40%,1.20%,18.10%,7.8,NA,NA,NA,7,8.1,7.3,NA,NA,NA,6.4,7.6,1352,0,0%,NA,3.76,4.09,2.25,2.88,4.25,4.53,42.1,44.8,158,147,-0.41,-0.11,-0.64,-0.33,-0.19,0.12,27.7,32.4,46.7,49.3,36.50%,48.70%,25.70%,30.80%,16.80%,22.40%,4.90%,21.40%,0.00%,16.70%,0.00%,14.30%,46.80%,58.80%,34.10%,36.00%,22.20%,25.40%,47.30%,58.30%,49.10%,60.30%,37.10%,42.90%,17.10%,31.00%,7.30%,26.20%,59.50%,71.10%,46.80%,49.10%,41,42,24.60%,26.90%,126,114,75.40%,73.10%,7,6.9,8.3,8.6,6.4,6.3,7.9,8.2
1,919,4008,139154,Hitchin Boys' School,,Grammar School Walk,,,Hitchin,SG5 1JB,01462432181,E14001289,Hitchin,0,0,ACC,Does not apply,NSE,OTHER NON SEL,BOYS,0,11-18,1357,1357,NA,210,210,100.00%,NA,0.00%,NA,NA,NA,NA,NA,NA,NA,14,6.70%,196,93.30%,20,9.50%,190,90.50%,0,0.00%,205,97.60%,7,3.30%,50,23.80%,43,20.50%,11988.75,57.1,2418,11.5,2480,11.8,3673,17.5,3417.75,16.3,3280,15.6,137.75,0.7,2.9,3,NA,NA,NA,NA,NA,NA,NA,NA,NA,NA,NA,NA,NA,NA,NA,NA,NA,NA,NA,NA,NA,87.10%,66.70%,1154.63,5.5,3.99,5.61,NA,NA,NA,5.79,NE,5.5,5.54,174,82.90%,59.50%,44.30%,207,98.60%,209,99.50%,208,99.00%,201,95.70%,174,82.90%,88.10%,78.10%,91.40%,74.80%,88.00%,73.60%,76.60%,65.20%,82.20%,65.50%,NA,NA,NA,NA,NA,NA,NA,NA,NA,NA,NA,NA,NA,NA,NA,185,164,192,157,183,153,154,131,143,114,172,81.90%,207,98.60%,209,99.50%,208,100.00%,200,99.50%,173,99.40%,42.9,NA,NA,NA,NA,NA,NA,NA,NA,58.1,NA,NA,NA,NA,NA,NA,NA,NA,9.4,NA,NA,NA,8.9,NA,NA,NA,12.6,NA,NA,NA,12,NA,NA,NA,11.7,NA,NA,NA,12,NA,NA,NA,17.8,NA,NA,NA,16.6,NA,NA,NA,10.7,1.3,16,0.6,-7.5,NA,NA,NA,NA,NA,NA,NA,NA,NA,NA,NA,NA,NA,NA,NA,NA,NA,NA,NA,NA,NA,NA,NA,NA,NA,NA,NA,NA,59.5,11.1,12.9,18.7,16.8,16.1,0.7,NA,NA,NA,NA,NA,NA,NA,NA,NE,NE,NE,NE,NE,NE,NE,NA,NA,NA,NA,NA,NA,NA,NA,57.1,11.5,11.8,17.5,16.3,15.6,0.7,NA,NA,NA,NA,NA,NA,NA,NA,57.5,11.6,11.9,17.6,16.4,15.8,0.6,NA,NA,NA,NA,NA,NA,NA,NA,NA,NA,NA,NA,NA,NA,NA,NA,NA,NA,NA,NA,71.40%,83.70%,14.30%,0.00%,62.80%,47.40%,NA,NA,NA,NA,NA,NA,NA,NA,NA,NA,NA,NA,NA,NA,NA,NA,NA,NA,NA,NA,NA,NA,NA,NA,NA,NA,NA,NA,NA,NA,NA,NA,NA,NA,NA,NA,NA,NA,NA,NA,NA,NA,NA,NA,NA,82.90%,59.50%,44.30%,NE,NE,NE,83.90%,60.00%,44.40%,85.00%,65.00%,50.00%,82.90%,99.50%,78.60%,87.80%,NA,NA,NA,NA,NA,NA,87.10%,NE,85.00%,87.30%,21.40%,69.90%,NA,NA,NA,NA,NA,NA,66.70%,NE,75.00%,67.30%,8.60%,46.70%,8.9,NA,NA,NA,7.6,9,8.5,NA,NA,NA,7.3,8.6,1888,0,0%,NA,5.52,5.48,4.74,4.04,5.57,5.67,56.3,57.1,199,197,0.57,0.39,0.38,0.19,0.77,0.59,48.6,42.7,56.8,58.9,88.50%,81.30%,63.90%,57.20%,43.30%,41.30%,69.20%,54.20%,46.20%,29.20%,30.80%,20.80%,89.70%,84.80%,65.10%,60.90%,44.10%,44.00%,85.60%,82.70%,88.50%,86.50%,64.90%,70.70%,76.90%,62.50%,46.20%,33.30%,89.20%,89.70%,66.20%,75.50%,13,24,6.30%,11.50%,195,184,93.80%,88.50%,8.2,8.4,8.9,9.1,7.8,7.5,8.7,8.7
1,919,4009,137288,Hitchin Girls' School,,Highbury Road,,,Hitchin,SG4 9RS,01462621300,E14001289,Hitchin,0,0,ACC,Does not apply,NSE,OTHER NON SEL,GIRLS,0,11-18,1356,NA,1356,208,NA,0.00%,208,100.00%,NA,NA,NA,NA,NA,NA,NA,26,12.50%,182,87.50%,32,15.40%,176,84.60%,0,0.00%,205,98.60%,6,2.90%,43,20.70%,37,17.80%,12016.5,57.8,2502,12,2324,11.2,3532.5,17,3658,17.6,3497,16.8,161,0.8,2.9,2.9,NA,NA,NA,NA,NA,NA,NA,NA,NA,NA,NA,NA,NA,NA,NA,NA,NA,NA,NA,NA,NA,86.10%,68.80%,1050.31,5.05,3.71,5.24,NA,NA,NA,5.48,5.05,NE,5.08,71,34.10%,26.40%,23.60%,204,98.10%,205,98.60%,202,97.10%,174,83.70%,93,44.70%,89.90%,78.80%,88.50%,72.10%,86.10%,70.30%,81.00%,73.60%,79.60%,73.10%,NA,NA,NA,NA,NA,NA,NA,NA,NA,NA,NA,NA,NA,NA,NA,187,164,184,150,174,142,141,128,74,68,70,33.70%,204,98.10%,205,98.60%,201,99.50%,172,98.90%,93,100.00%,44.7,NA,NA,NA,NA,NA,NA,NA,NA,59.6,NA,NA,NA,NA,NA,NA,NA,NA,9.3,NA,NA,NA,8.8,NA,NA,NA,12.8,NA,NA,NA,13.8,NA,NA,NA,12.4,NA,NA,NA,11.5,NA,NA,NA,17.6,NA,NA,NA,18.1,NA,NA,NA,13.1,0.6,17.3,0.8,-5.7,NA,NA,NA,NA,NA,NA,NA,NA,NA,NA,NA,NA,NA,NA,NA,NA,NA,NA,NA,NA,NA,NA,NA,NA,NA,NA,NA,NA,60,12.2,11.9,18.3,17.5,17.1,0.5,NA,NA,NA,NA,NA,NA,NA,NA,57.8,12,11.2,17,17.6,16.8,0.8,NA,NA,NA,NA,NA,NA,NA,NA,NE,NE,NE,NE,NE,NE,NE,NA,NA,NA,NA,NA,NA,NA,NA,58.1,12.1,11.2,17.1,17.7,16.9,0.8,NA,NA,NA,NA,NA,NA,NA,NA,NA,NA,NA,NA,NA,NA,NA,NA,NA,NA,NA,NA,15.40%,36.80%,7.70%,3.80%,29.10%,26.40%,NA,NA,NA,NA,NA,NA,NA,NA,NA,NA,NA,NA,NA,NA,NA,NA,NA,NA,NA,NA,NA,NA,NA,NA,NA,NA,NA,NA,NA,NA,NA,NA,NA,NA,NA,NA,NA,NA,NA,NA,NA,NA,NA,NA,NA,NE,NE,NE,34.10%,26.40%,23.60%,34.10%,26.80%,23.90%,46.90%,34.40%,31.30%,84.10%,99.00%,69.20%,88.50%,NA,NA,NA,NA,NA,NA,NE,86.10%,84.40%,86.80%,42.30%,72.50%,NA,NA,NA,NA,NA,NA,NE,68.80%,71.90%,69.30%,2.40%,39.90%,8.2,NA,NA,NA,7.8,8.3,8,NA,NA,NA,7.6,8.1,1709,0,0%,NA,4.97,5.12,3.76,3.61,5.06,5.25,57.8,58.8,195,195,0.62,0.53,0.42,0.33,0.82,0.73,45.6,45.3,58.7,60,27.50%,36.10%,22.10%,27.70%,18.10%,23.30%,14.30%,12.50%,14.30%,6.30%,14.30%,6.30%,28.40%,38.20%,22.60%,29.60%,18.40%,24.70%,78.40%,80.70%,84.30%,83.70%,65.70%,66.30%,64.30%,81.30%,42.90%,50.00%,85.80%,83.90%,67.40%,67.70%,14,16,6.90%,7.90%,190,186,93.10%,92.10%,7.1,7.8,8.4,8.3,6.8,7.6,8.3,8.1
1,919,5427,136482,Hockerill Anglo-European College,,Dunmow Road,,Hockerill Anglo-European College,Bishop's Stortford,CM23 5HX,01279658451,E14001283,Hertford and Stortford,0,0,ACC,None,NSE,OTHER NON SEL,MIXED,0,11-18,926,489,437,131,68,51.90%,63,48.10%,NA,NA,NA,NA,NA,NA,NA,14,10.70%,117,89.30%,12,9.20%,119,90.80%,0,0.00%,131,100.00%,5,3.80%,30,22.90%,25,19.10%,8081,61.7,1610,12.3,1578,12,2568,19.6,2325,17.7,2308,17.6,17,0.1,2.9,2.9,NA,NA,NA,NA,NA,NA,NA,NA,NA,NA,NA,NA,NA,NA,NA,NA,NA,NA,NA,NA,NA,86.30%,72.50%,799.04,6.1,4.37,6.31,NA,NA,NA,7.13,6.02,6.17,6.1,122,93.10%,72.50%,59.50%,126,96.20%,130,99.20%,129,98.50%,127,96.90%,124,94.70%,89.30%,82.40%,88.50%,74.00%,86.80%,77.50%,85.80%,78.70%,82.30%,74.20%,NA,NA,NA,NA,NA,NA,NA,NA,NA,NA,NA,NA,NA,NA,NA,117,108,116,97,112,100,109,100,102,92,119,90.80%,126,96.20%,130,99.20%,127,98.40%,126,99.20%,124,100.00%,46.1,NA,NA,NA,NA,NA,NA,NA,NA,63.6,NA,NA,NA,NA,NA,NA,NA,NA,9.8,NA,NA,NA,8.6,NA,NA,NA,14.5,NA,NA,NA,13.3,NA,NA,NA,12.6,NA,NA,NA,12.5,NA,NA,NA,20.2,NA,NA,NA,18.3,NA,NA,NA,12.6,0.6,18.2,0.1,-4.3,NA,NA,NA,NA,NA,NA,NA,NA,NA,NA,NA,NA,NA,NA,NA,NA,NA,NA,NA,NA,NA,NA,NA,NA,NA,NA,NA,NA,71,12.8,14.7,22.8,20.8,20.8,0,NA,NA,NA,NA,NA,NA,NA,NA,61.4,12.3,11.4,19.5,18.2,18,0.3,NA,NA,NA,NA,NA,NA,NA,NA,62,12.3,12.7,19.7,17.3,17.3,0,NA,NA,NA,NA,NA,NA,NA,NA,61.7,12.3,12,19.6,17.7,17.6,0.1,NA,NA,NA,NA,NA,NA,NA,NA,NA,NA,NA,NA,NA,NA,NA,NA,NA,NA,NA,NA,78.60%,94.90%,42.90%,21.40%,76.10%,64.10%,NA,NA,NA,NA,NA,NA,NA,NA,NA,NA,NA,NA,NA,NA,NA,NA,NA,NA,NA,NA,NA,NA,NA,NA,NA,NA,NA,NA,NA,NA,NA,NA,NA,NA,NA,NA,NA,NA,NA,NA,NA,NA,NA,NA,NA,95.60%,73.50%,61.80%,90.50%,71.40%,57.10%,93.10%,72.50%,59.50%,91.70%,91.70%,83.30%,83.20%,99.20%,71.40%,88.00%,NA,NA,NA,NA,NA,NA,89.70%,82.50%,91.70%,86.30%,35.70%,76.90%,NA,NA,NA,NA,NA,NA,79.40%,65.10%,91.70%,72.50%,84.00%,60.30%,9.1,NA,NA,NA,8.6,9.2,9.1,NA,NA,NA,8.6,9.2,1201,0,0%,NA,6.06,6.45,3.48,SUPP,6.25,SUPP,60.7,64.6,98,95,0.38,0.51,0.1,0.23,0.66,0.8,37.3,SUPP,62.4,SUPP,94.70%,93.10%,77.40%,84.70%,60.90%,67.20%,55.60%,SUPP,22.20%,SUPP,22.20%,SUPP,97.60%,SUPP,81.50%,SUPP,63.70%,SUPP,85.00%,88.50%,88.70%,90.10%,69.90%,74.80%,55.60%,SUPP,22.20%,SUPP,91.10%,SUPP,73.40%,SUPP,9,4,6.80%,3.10%,124,127,93.20%,96.90%,6.6,SUPP,9.2,SUPP,6.6,SUPP,9.2,SUPP
1,919,6231,117657,Immanuel College,,87-91 Elstree Road,,,Bushey,WD23 4EB,02089500604,E14001284,Hertsmere,0,0,IND,Jewish,,NA,MIXED,0,4-19,446,236,210,89,43,48.30%,46,51.70%,NA,NA,NA,NA,NA,NA,NA,NP,NP,NP,NP,NP,NP,NP,NP,NP,NP,NP,NP,NA,NA,NA,NA,NA,NA,1685,18.9,0,0,0,0,1063.5,11.9,621.5,7,621.5,7,0,0,1.7,0.9,NA,NA,NA,NA,NA,NA,NA,NA,NA,NA,NA,NA,NA,NA,NA,NA,NA,NA,NA,NA,NA,0.00%,0.00%,170.83,1.92,NP,NP,NA,NA,NA,NP,1.87,1.97,NP,0,0.00%,0.00%,0.00%,0,0.00%,0,0.00%,52,58.40%,0,0.00%,44,49.40%,0.00%,0.00%,0.00%,0.00%,98.10%,94.20%,NE,NE,100.00%,97.70%,NA,NA,NA,NA,NA,NA,NA,NA,NA,NA,NA,NA,NA,NA,NA,0,0,0,0,51,49,NE,NE,44,43,0,0.00%,0,0.00%,0,0.00%,52,100.00%,NE,NE,44,100.00%,NP,NA,NA,NA,NA,NA,NA,NA,NA,NP,NA,NA,NA,NA,NA,NA,NA,NA,NP,NA,NA,NA,NP,NA,NA,NA,NP,NA,NA,NA,NP,NA,NA,NA,NP,NA,NA,NA,NP,NA,NA,NA,NP,NA,NA,NA,NP,NA,NA,NA,NP,NP,NP,NP,NP,NA,NA,NA,NA,NA,NA,NA,NA,NA,NA,NA,NA,NA,NA,NA,NA,NA,NA,NA,NA,NA,NA,NA,NA,NA,NA,NA,NA,NP,NP,NP,NP,NP,NP,NP,NA,NA,NA,NA,NA,NA,NA,NA,20.7,0,0,11.9,8.9,8.9,0,NA,NA,NA,NA,NA,NA,NA,NA,17,0,0,12,5,5,0,NA,NA,NA,NA,NA,NA,NA,NA,NP,NP,NP,NP,NP,NP,NP,NA,NA,NA,NA,NA,NA,NA,NA,NA,NA,NA,NA,NA,NA,NA,NA,NA,NA,NA,NA,NP,NP,NP,NP,NP,NP,NA,NA,NA,NA,NA,NA,NA,NA,NA,NA,NA,NA,NA,NA,NA,NA,NA,NA,NA,NA,NA,NA,NA,NA,NA,NA,NA,NA,NA,NA,NA,NA,NA,NA,NA,NA,NA,NA,NA,NA,NA,NA,NA,NA,NA,0.00%,0.00%,0.00%,0.00%,0.00%,0.00%,NP,NP,NP,NP,NP,NP,0.00%,94.40%,NP,NP,NA,NA,NA,NA,NA,NA,0.00%,0.00%,NP,NP,NP,NP,NA,NA,NA,NA,NA,NA,0.00%,0.00%,NP,NP,9.00%,0.00%,2,NA,NA,NA,NP,NP,2,NA,NA,NA,NP,NP,180,0,0%,NA,1.74,2.08,NP,NP,NP,NP,18.7,20.6,NP,NP,NP,NP,NP,NP,NP,NP,NP,NP,NP,NP,0.00%,0.00%,0.00%,0.00%,0.00%,0.00%,NP,NP,NP,NP,NP,NP,NP,NP,NP,NP,NP,NP,0.00%,0.00%,0.00%,0.00%,0.00%,0.00%,NP,NP,NP,NP,NP,NP,NP,NP,NP,NP,NP,NP,NP,NP,NP,NP,NP,NP,NP,NP,NP,NP,NP,NP
1,919,4619,149743,John F Kennedy Catholic School,,Hollybush Lane,,,Hemel Hempstead,HP1 2PH,01442266150,E14001278,Hemel Hempstead,0,0,ACC,Roman Catholic,NSE,OTHER NON SEL,MIXED,0,11-18,1078,554,524,178,97,54.50%,81,45.50%,NA,NA,NA,NA,NA,NA,NA,18,10.10%,160,89.90%,45,25.30%,132,74.20%,1,0.60%,172,96.60%,8,4.50%,22,12.40%,14,7.90%,8522,47.9,1753,9.8,1762,9.9,2423.5,13.6,2583.5,14.5,2583.5,14.5,0,0,2.8,2.8,NA,NA,NA,NA,NA,NA,NA,NA,NA,NA,NA,NA,NA,NA,NA,NA,NA,NA,NA,NA,NA,75.30%,54.50%,704.17,3.96,2.66,4.1,NA,NA,NA,4.32,4.03,3.9,4,30,16.90%,15.20%,10.10%,157,88.20%,174,97.80%,170,95.50%,100,56.20%,71,39.90%,78.70%,64.60%,82.60%,63.50%,67.10%,47.60%,71.00%,55.00%,93.00%,84.50%,NA,NA,NA,NA,NA,NA,NA,NA,NA,NA,NA,NA,NA,NA,NA,140,115,147,113,114,81,71,55,66,60,30,16.90%,156,87.60%,172,96.60%,169,99.40%,99,99.00%,71,100.00%,32.6,NA,NA,NA,NA,NA,NA,NA,NA,49.6,NA,NA,NA,NA,NA,NA,NA,NA,7.3,NA,NA,NA,6.4,NA,NA,NA,8.9,NA,NA,NA,9.9,NA,NA,NA,10.1,NA,NA,NA,10.3,NA,NA,NA,14.1,NA,NA,NA,15,NA,NA,NA,9.9,0,15,0,-17.8,NA,NA,NA,NA,NA,NA,NA,NA,NA,NA,NA,NA,NA,NA,NA,NA,NA,NA,NA,NA,NA,NA,NA,NA,NA,NA,NA,NA,51.6,10.4,10.4,15.2,15.6,15.6,0,NA,NA,NA,NA,NA,NA,NA,NA,49.3,10.3,9.5,13.6,15.7,15.7,0,NA,NA,NA,NA,NA,NA,NA,NA,46.7,9.4,10.2,13.6,13.5,13.5,0,NA,NA,NA,NA,NA,NA,NA,NA,48.4,9.9,10,13.7,14.7,14.7,0,NA,NA,NA,NA,NA,NA,NA,NA,NA,NA,NA,NA,NA,NA,NA,NA,NA,NA,NA,NA,11.10%,17.50%,11.10%,5.60%,15.60%,10.60%,NA,NA,NA,NA,NA,NA,NA,NA,NA,NA,NA,NA,NA,NA,NA,NA,NA,NA,NA,NA,NA,NA,NA,NA,NA,NA,NA,NA,NA,NA,NA,NA,NA,NA,NA,NA,NA,NA,NA,NA,NA,NA,NA,NA,NA,15.50%,14.40%,11.30%,18.50%,16.00%,8.60%,16.90%,15.10%,9.90%,22.20%,20.00%,13.30%,68.50%,98.30%,38.90%,79.40%,NA,NA,NA,NA,NA,NA,73.20%,77.80%,82.20%,76.20%,27.80%,57.50%,NA,NA,NA,NA,NA,NA,56.70%,51.90%,51.10%,55.80%,6.20%,32.60%,8.2,NA,NA,NA,6.6,8.4,8.2,NA,NA,NA,6.6,8.4,1474,0,0%,NA,4.21,4.14,2.94,2.63,4.39,4.33,50.9,49.2,178,176,0.15,0.14,-0.05,-0.07,0.36,0.35,36.9,31.2,53,51.5,17.40%,24.40%,14.00%,17.80%,10.10%,11.10%,0.00%,20.00%,0.00%,15.00%,0.00%,10.00%,20.00%,25.00%,16.10%,18.10%,11.60%,11.30%,74.20%,72.80%,79.20%,76.10%,56.20%,53.30%,60.90%,50.00%,34.80%,25.00%,81.90%,79.40%,59.40%,56.90%,23,20,12.90%,11.10%,155,160,87.10%,88.90%,7.4,6.6,8.7,8.5,7.4,6.6,8.7,8.5
1,919,4039,150656,The John Warner School,,Stanstead Road,,,Hoddesdon,EN11 0QF,01992462889,E14001139,Broxbourne,0,0,ACC,None,NR,OTHER NON SEL,MIXED,0,11-18,821,437,384,197,101,51.30%,96,48.70%,NA,NA,NA,NA,NA,NA,NA,40,20.30%,157,79.70%,19,9.60%,178,90.40%,0,0.00%,195,99.00%,8,4.10%,28,14.20%,20,10.20%,8035.25,40.8,1812,9.2,1538,7.8,2301.5,11.7,2383.75,12.1,2262.5,11.5,121.25,0.6,2.8,2.8,NA,NA,NA,NA,NA,NA,NA,NA,NA,NA,NA,NA,NA,NA,NA,NA,NA,NA,NA,NA,NA,53.80%,32.50%,675.01,3.43,2.15,3.75,NA,NA,NA,4.04,3.58,3.29,3.41,27,13.70%,6.60%,2.00%,192,97.50%,195,99.00%,193,98.00%,177,89.80%,34,17.30%,66.00%,50.30%,59.90%,37.10%,49.20%,35.80%,51.40%,40.70%,64.70%,38.20%,NA,NA,NA,NA,NA,NA,NA,NA,NA,NA,NA,NA,NA,NA,NA,130,99,118,73,95,69,91,72,22,13,25,12.70%,192,97.50%,191,97.00%,188,97.40%,167,94.40%,33,97.10%,26.5,NA,NA,NA,NA,NA,NA,NA,NA,44.4,NA,NA,NA,NA,NA,NA,NA,NA,6.9,NA,NA,NA,4.5,NA,NA,NA,6.9,NA,NA,NA,8.3,NA,NA,NA,9.8,NA,NA,NA,8.7,NA,NA,NA,12.9,NA,NA,NA,13.1,NA,NA,NA,7.7,0.6,12.5,0.6,-23.9,NA,NA,NA,NA,NA,NA,NA,NA,NA,NA,NA,NA,NA,NA,NA,NA,NA,NA,NA,NA,NA,NA,NA,NA,NA,NA,NA,NA,42.4,9.3,7.8,13.9,11.4,10.7,0.7,NA,NA,NA,NA,NA,NA,NA,NA,43.6,10.2,7.6,12,13.8,12.6,1.3,NA,NA,NA,NA,NA,NA,NA,NA,38.1,8.2,8,11.4,10.5,10.5,0,NA,NA,NA,NA,NA,NA,NA,NA,40.6,9.2,7.8,11.6,12.1,11.5,0.6,NA,NA,NA,NA,NA,NA,NA,NA,NA,NA,NA,NA,NA,NA,NA,NA,NA,NA,NA,NA,12.50%,14.00%,7.50%,2.50%,6.40%,1.90%,NA,NA,NA,NA,NA,NA,NA,NA,NA,NA,NA,NA,NA,NA,NA,NA,NA,NA,NA,NA,NA,NA,NA,NA,NA,NA,NA,NA,NA,NA,NA,NA,NA,NA,NA,NA,NA,NA,NA,NA,NA,NA,NA,NA,NA,8.90%,5.90%,0.00%,18.80%,7.30%,4.20%,13.80%,6.70%,2.10%,57.90%,26.30%,10.50%,47.20%,99.00%,15.00%,63.70%,NA,NA,NA,NA,NA,NA,51.50%,56.30%,52.60%,53.30%,12.50%,37.60%,NA,NA,NA,NA,NA,NA,34.70%,30.20%,36.80%,31.80%,0.00%,2.00%,7.7,NA,NA,NA,7.2,7.8,7.5,NA,NA,NA,7,7.6,1537,0,0%,NA
1,919,4030,145890,Katherine Warington School,,Lower Luton Road,,,Harpenden,AL5 5FH,01582314777,E14001268,Harpenden and Berkhamsted,0,0,F,Unknown,NR,OTHER NON SEL,MIXED,0,11-19,1017,565,452,173,109,63.00%,64,37.00%,NA,NA,NA,NA,NA,NA,NA,35,20.20%,138,79.80%,18,10.40%,155,89.60%,0,0.00%,162,93.60%,8,4.60%,37,21.40%,29,16.80%,9471.75,54.8,1995,11.5,1892,10.9,2908.5,16.8,2676.25,15.5,2614.5,15.1,61.75,0.4,2.8,2.8,NA,NA,NA,NA,NA,NA,NA,NA,NA,NA,NA,NA,NA,NA,NA,NA,NA,NA,NA,NA,NA,76.30%,59.50%,839.38,4.85,3.11,5.29,NA,NA,NA,5.41,4.94,4.8,4.98,46,26.60%,22.00%,17.90%,166,96.00%,171,98.80%,167,96.50%,114,65.90%,79,45.70%,80.30%,72.80%,82.10%,63.00%,82.60%,70.10%,81.60%,71.10%,81.00%,69.60%,NA,NA,NA,NA,NA,NA,NA,NA,NA,NA,NA,NA,NA,NA,NA,139,126,142,109,138,117,93,81,64,55,46,26.60%,166,96.00%,168,97.10%,165,98.80%,111,97.40%,79,100.00%,36.1,NA,NA,NA,NA,NA,NA,NA,NA,59.5,NA,NA,NA,NA,NA,NA,NA,NA,7.9,NA,NA,NA,7.4,NA,NA,NA,10.7,NA,NA,NA,10.1,NA,NA,NA,12.4,NA,NA,NA,11.8,NA,NA,NA,18.4,NA,NA,NA,16.8,NA,NA,NA,9.1,1,16.6,0.2,-14.3,NA,NA,NA,NA,NA,NA,NA,NA,NA,NA,NA,NA,NA,NA,NA,NA,NA,NA,NA,NA,NA,NA,NA,NA,NA,NA,NA,NA,60.1,11.9,12.3,18.8,17,16.5,0.5,NA,NA,NA,NA,NA,NA,NA,NA,55.5,11.9,10.4,16.8,16.3,16.2,0.1,NA,NA,NA,NA,NA,NA,NA,NA,54.3,11.3,11.2,16.8,15,14.5,0.5,NA,NA,NA,NA,NA,NA,NA,NA,56.2,11.8,11.2,17.2,15.9,15.5,0.4,NA,NA,NA,NA,NA,NA,NA,NA,NA,NA,NA,NA,NA,NA,NA,NA,NA,NA,NA,NA,14.30%,29.70%,8.60%,5.70%,25.40%,21.00%,NA,NA,NA,NA,NA,NA,NA,NA,NA,NA,NA,NA,NA,NA,NA,NA,NA,NA,NA,NA,NA,NA,NA,NA,NA,NA,NA,NA,NA,NA,NA,NA,NA,NA,NA,NA,NA,NA,NA,NA,NA,NA,NA,NA,NA,24.80%,19.30%,15.60%,29.70%,26.60%,21.90%,27.80%,23.50%,19.10%,33.30%,33.30%,33.30%,71.70%,99.40%,48.60%,83.30%,NA,NA,NA,NA,NA,NA,78.90%,71.90%,77.80%,78.40%,25.70%,68.10%,NA,NA,NA,NA,NA,NA,61.50%,56.30%,61.10%,61.70%,2.90%,28.90%,8.2,NA,NA,NA,7.2,8.5,8.1,NA,NA,NA,7,8.4,1433,0,0%,NA,4.63,SUPP,3.48,SUPP,4.79,SUPP,54,SUPP,160,SUPP,0.48,SUPP,0.26,SUPP,0.69,SUPP,40.8,SUPP,55.8,SUPP,21.10%,SUPP,17.10%,SUPP,12.00%,SUPP,9.50%,SUPP,4.80%,SUPP,0.00%,SUPP,22.70%,SUPP,18.80%,SUPP,13.60%,SUPP,69.70%,SUPP,74.90%,SUPP,58.30%,SUPP,57.10%,SUPP,19.00%,SUPP,77.30%,SUPP,63.60%,SUPP,21,SUPP,12.00%,SUPP,154,SUPP,88.00%,SUPP,7.6,SUPP,8.3,SUPP,7.5,SUPP,8.2,SUPP
1,919,4140,137656,King James Academy Royston,,Garden Walk,,,Royston,SG8 7JH,01763242236,E14001393,North East Hertfordshire,0,0,ACC,Does not apply,NSE,OTHER NON SEL,MIXED,0,9-18,939,480,459,93,47,50.50%,46,49.50%,NA,NA,NA,NA,NA,NA,NA,17,18.30%,76,81.70%,1,1.10%,92,98.90%,0,0.00%,91,97.80%,2,2.20%,20,21.50%,18,19.40%,3751.5,40.3,792,8.5,748,8,1096,11.8,1115.5,12,866.5,9.3,249,2.7,2.7,2.7,NA,NA,NA,NA,NA,NA,NA,NA,NA,NA,NA,NA,NA,NA,NA,NA,NA,NA,NA,NA,NA,52.70%,34.40%,327.16,3.52,1.92,3.87,NA,NA,NA,SUPP,3.7,3.34,3.54,23,24.70%,16.10%,14.00%,90,96.80%,91,97.80%,88,94.60%,74,79.60%,30,32.30%,66.70%,49.50%,58.10%,38.70%,58.00%,35.20%,52.70%,41.90%,76.70%,60.00%,NA,NA,NA,NA,NA,NA,NA,NA,NA,NA,NA,NA,NA,NA,NA,62,46,54,36,51,31,39,31,23,18,23,24.70%,89,95.70%,90,96.80%,85,96.60%,72,97.30%,30,100.00%,22.4,NA,NA,NA,NA,NA,NA,NA,NA,44.4,NA,NA,NA,NA,NA,NA,NA,NA,5.9,NA,NA,NA,4.5,NA,NA,NA,6,NA,NA,NA,6.1,NA,NA,NA,9.1,NA,NA,NA,8.8,NA,NA,NA,13.1,NA,NA,NA,13.3,NA,NA,NA,4.5,1.6,10.4,2.9,-28,NA,NA,NA,NA,NA,NA,NA,NA,NA,NA,NA,NA,NA,NA,NA,NA,NA,NA,NA,NA,NA,NA,NA,NA,NA,NA,NA,NA,SUPP,SUPP,SUPP,SUPP,SUPP,SUPP,SUPP,NA,NA,NA,NA,NA,NA,NA,NA,41.6,8.8,7.9,12.3,12.6,9.2,3.4,NA,NA,NA,NA,NA,NA,NA,NA,39.1,8.3,8.2,11.3,11.4,9.4,2,NA,NA,NA,NA,NA,NA,NA,NA,40.6,8.5,8.1,11.9,12.1,9.4,2.7,NA,NA,NA,NA,NA,NA,NA,NA,NA,NA,NA,NA,NA,NA,NA,NA,NA,NA,NA,NA,11.80%,27.60%,5.90%,5.90%,18.40%,15.80%,NA,NA,NA,NA,NA,NA,NA,NA,NA,NA,NA,NA,NA,NA,NA,NA,NA,NA,NA,NA,NA,NA,NA,NA,NA,NA,NA,NA,NA,NA,NA,NA,NA,NA,NA,NA,NA,NA,NA,NA,NA,NA,NA,NA,NA,17.00%,8.50%,8.50%,32.60%,23.90%,19.60%,25.30%,16.50%,14.30%,SUPP,SUPP,SUPP,48.40%,97.80%,11.80%,61.80%,NA,NA,NA,NA,NA,NA,55.30%,50.00%,SUPP,53.80%,5.90%,40.80%,NA,NA,NA,NA,NA,NA,38.30%,30.40%,SUPP,35.20%,0.00%,10.80%,7.4,NA,NA,NA,6,7.7,6.7,NA,NA,NA,5.4,7,693,0,0%,NA,3.8,3.78,1.97,3.17,4.41,3.98,42.7,44.7,88,118,0.19,0.31,-0.11,0.05,0.48,0.56,23.5,36.9,49,47.3,27.00%,8.40%,19.10%,6.70%,13.50%,5.90%,9.10%,6.70%,0.00%,3.30%,0.00%,3.30%,32.80%,9.00%,25.40%,7.90%,17.90%,6.70%,52.80%,55.50%,57.30%,61.30%,44.90%,37.80%,22.70%,43.30%,13.60%,16.70%,68.70%,67.40%,55.20%,44.90%,22,30,24.70%,25.20%,67,89,75.30%,74.80%,6.2,7,7.9,7.5,5.7,6.4,7.1,6.8
1,919,4096,139036,Kings Langley School,,Love Lane,,,Kings Langley,WD4 9HN,01923264504,E14001496,South West Hertfordshire,0,0,ACC,Does not apply,NSE,OTHER NON SEL,MIXED,0,11-18,1104,595,509,179,104,58.10%,75,41.90%,NA,NA,NA,NA,NA,NA,NA,26,14.50%,153,85.50%,11,6.10%,168,93.90%,0,0.00%,179,100.00%,4,2.20%,36,20.10%,32,17.90%,8707,48.6,1850,10.3,1732,9.7,2636.5,14.7,2488.5,13.9,2480,13.9,8.5,0,2.8,2.8,NA,NA,NA,NA,NA,NA,NA,NA,NA,NA,NA,NA,NA,NA,NA,NA,NA,NA,NA,NA,NA,74.90%,53.10%,797.18,4.45,3.12,4.68,NA,NA,NA,5.74,4.48,4.44,4.45,91,50.80%,34.10%,21.20%,169,94.40%,175,97.80%,170,95.00%,164,91.60%,91,50.80%,82.10%,70.40%,77.70%,58.10%,78.80%,63.50%,68.90%,56.70%,78.00%,60.40%,NA,NA,NA,NA,NA,NA,NA,NA,NA,NA,NA,NA,NA,NA,NA,147,126,139,104,134,108,113,93,71,55,89,49.70%,168,93.90%,172,96.10%,168,98.80%,155,94.50%,91,100.00%,34.9,NA,NA,NA,NA,NA,NA,NA,NA,51,NA,NA,NA,NA,NA,NA,NA,NA,8,NA,NA,NA,6.7,NA,NA,NA,10.3,NA,NA,NA,10,NA,NA,NA,10.7,NA,NA,NA,10.2,NA,NA,NA,15.5,NA,NA,NA,14.6,NA,NA,NA,10,0,14.5,0.1,-15.5,NA,NA,NA,NA,NA,NA,NA,NA,NA,NA,NA,NA,NA,NA,NA,NA,NA,NA,NA,NA,NA,NA,NA,NA,NA,NA,NA,NA,59.4,10.7,12.7,20.1,15.9,15.9,0,NA,NA,NA,NA,NA,NA,NA,NA,49.5,11.2,9,14.4,14.8,14.8,0,NA,NA,NA,NA,NA,NA,NA,NA,48,9.7,10.1,14.9,13.2,13.1,0.1,NA,NA,NA,NA,NA,NA,NA,NA,48.6,10.3,9.7,14.7,13.9,13.9,0,NA,NA,NA,NA,NA,NA,NA,NA,NA,NA,NA,NA,NA,NA,NA,NA,NA,NA,NA,NA,34.60%,53.60%,15.40%,3.80%,37.30%,24.20%,NA,NA,NA,NA,NA,NA,NA,NA,NA,NA,NA,NA,NA,NA,NA,NA,NA,NA,NA,NA,NA,NA,NA,NA,NA,NA,NA,NA,NA,NA,NA,NA,NA,NA,NA,NA,NA,NA,NA,NA,NA,NA,NA,NA,NA,47.10%,28.80%,20.20%,56.00%,41.30%,22.70%,50.80%,34.10%,21.20%,72.70%,36.40%,36.40%,71.50%,98.30%,46.20%,79.70%,NA,NA,NA,NA,NA,NA,75.00%,74.70%,81.80%,74.90%,15.40%,59.50%,NA,NA,NA,NA,NA,NA,53.80%,52.00%,72.70%,53.10%,1.70%,24.60%,8.6,NA,NA,NA,7.7,8.8,8.6,NA,NA,NA,7.7,8.8,1550,0,0%,NA,4.23,4.35,3.02,2.59,4.44,4.57,47.6,48.8,181,155,0.07,0.06,-0.14,-0.17,0.27,0.28,34.6,32.4,49.8,50.8,36.60%,43.70%,26.90%,31.70%,15.60%,21.00%,33.30%,5.30%,11.10%,0.00%,11.10%,0.00%,37.10%,48.60%,29.60%,35.80%,16.40%,23.60%,67.70%,66.50%,70.40%,70.10%,46.80%,52.70%,33.30%,26.30%,14.80%,10.50%,76.70%,75.70%,52.20%,58.10%,27,19,14.50%,11.40%,159,148,85.50%,88.60%,8.3,8.8,9.1,9,8.3,8.7,9.1,9
1,919,6224,117650,The King's School,,Elmfield,Ambrose Lane,,Harpenden,AL5 4DU,01582767566,E14001268,Harpenden and Berkhamsted,0,0,IND,Christian,,NA,MIXED,0,4-16,176,89,87,23,14,60.90%,9,39.10%,NA,NA,NA,NA,NA,NA,NA,NP,NP,NP,NP,NP,NP,NP,NP,NP,NP,NP,NP,NA,NA,NA,NA,NA,NA,1364,59.3,258,11.2,284,12.3,421,18.3,401,17.4,401,17.4,0,0,2.9,3,NA,NA,NA,NA,NA,NA,NA,NA,NA,NA,NA,NA,NA,NA,NA,NA,NA,NA,NA,NA,NA,87.00%,78.30%,121.33,5.28,NP,NP,NA,NA,NA,NP,5.83,4.92,NP,5,21.70%,21.70%,21.70%,17,73.90%,23,100.00%,23,100.00%,18,78.30%,11,47.80%,69.60%,65.20%,91.30%,82.60%,87.00%,78.30%,88.90%,77.80%,81.80%,72.70%,NA,NA,NA,NA,NA,NA,NA,NA,NA,NA,NA,NA,NA,NA,NA,16,15,21,19,20,18,16,14,9,8,5,21.70%,17,73.90%,23,100.00%,23,100.00%,18,100.00%,11,100.00%,NP,NA,NA,NA,NA,NA,NA,NA,NA,NP,NA,NA,NA,NA,NA,NA,NA,NA,NP,NA,NA,NA,NP,NA,NA,NA,NP,NA,NA,NA,NP,NA,NA,NA,NP,NA,NA,NA,NP,NA,NA,NA,NP,NA,NA,NA,NP,NA,NA,NA,NP,NP,NP,NP,NP,NA,NA,NA,NA,NA,NA,NA,NA,NA,NA,NA,NA,NA,NA,NA,NA,NA,NA,NA,NA,NA,NA,NA,NA,NA,NA,NA,NA,NP,NP,NP,NP,NP,NP,NP,NA,NA,NA,NA,NA,NA,NA,NA,63.1,12.4,12.7,19,19,19,0,NA,NA,NA,NA,NA,NA,NA,NA,56.9,10.4,12.1,17.9,16.4,16.4,0,NA,NA,NA,NA,NA,NA,NA,NA,NP,NP,NP,NP,NP,NP,NP,NA,NA,NA,NA,NA,NA,NA,NA,NA,NA,NA,NA,NA,NA,NA,NA,NA,NA,NA,NA,NP,NP,NP,NP,NP,NP,NA,NA,NA,NA,NA,NA,NA,NA,NA,NA,NA,NA,NA,NA,NA,NA,NA,NA,NA,NA,NA,NA,NA,NA,NA,NA,NA,NA,NA,NA,NA,NA,NA,NA,NA,NA,NA,NA,NA,NA,NA,NA,NA,NA,NA,7.10%,7.10%,7.10%,44.40%,44.40%,44.40%,NP,NP,NP,NP,NP,NP,87.00%,100.00%,NP,NP,NA,NA,NA,NA,NA,NA,85.70%,88.90%,NP,NP,NP,NP,NA,NA,NA,NA,NA,NA,71.40%,88.90%,NP,NP,13.00%,34.80%,8.3,NA,NA,NA,NP,NP,8.3,NA,NA,NA,NP,NP,191,0,0%,NA,5.46,5.47,NP,NP,NP,NP,60.5,60,NP,NP,NP,NP,NP,NP,NP,NP,NP,NP,NP,NP,50.00%,71.40%,50.00%,61.90%,45.50%,42.90%,NP,NP,NP,NP,NP,NP,NP,NP,NP,NP,NP,NP,95.50%,85.70%,95.50%,90.50%,77.30%,76.20%,NP,NP,NP,NP,NP,NP,NP,NP,NP,NP,NP,NP,NP,NP,NP,NP,NP,NP,NP,NP,NP,NP,NP,NP
1,919,4016,136608,The Knights Templar School,,Park Street,,,Baldock,SG7 6DZ,01462620700,E14001393,North East Hertfordshire,0,0,ACC,Does not apply,NSE,OTHER NON SEL,MIXED,0,11-18,1414,713,701,203,99,48.80%,104,51.20%,NA,NA,NA,NA,NA,NA,NA,43,21.20%,160,78.80%,9,4.40%,189,93.10%,5,2.50%,200,98.50%,4,2.00%,42,20.70%,38,18.70%,9842.75,48.5,2040,10,2004,9.9,2927,14.4,2871.75,14.1,2566,12.6,305.75,1.5,2.8,2.8,NA,NA,NA,NA,NA,NA,NA,NA,NA,NA,NA,NA,NA,NA,NA,NA,NA,NA,NA,NA,NA,69.50%,45.80%,895.62,4.41,3.4,4.68,NA,NA,NA,4.85,4.41,4.41,4.39,100,49.30%,34.00%,25.10%,195,96.10%,199,98.00%,192,94.60%,171,84.20%,106,52.20%,79.80%,61.10%,72.90%,54.70%,74.00%,55.20%,60.20%,48.50%,79.20%,67.00%,NA,NA,NA,NA,NA,NA,NA,NA,NA,NA,NA,NA,NA,NA,NA,162,124,148,111,142,106,103,83,84,71,99,48.80%,195,96.10%,198,97.50%,192,100.00%,166,97.10%,106,100.00%,37.9,NA,NA,NA,NA,NA,NA,NA,NA,51.3,NA,NA,NA,NA,NA,NA,NA,NA,8.6,NA,NA,NA,7.6,NA,NA,NA,11.1,NA,NA,NA,10.6,NA,NA,NA,10.4,NA,NA,NA,10.5,NA,NA,NA,15.3,NA,NA,NA,15.1,NA,NA,NA,9.3,1.3,13.5,1.6,-12.5,NA,NA,NA,NA,NA,NA,NA,NA,NA,NA,NA,NA,NA,NA,NA,NA,NA,NA,NA,NA,NA,NA,NA,NA,NA,NA,NA,NA,55.2,12.4,10.2,16.5,16.1,14.8,1.2,NA,NA,NA,NA,NA,NA,NA,NA,48.3,10.4,9.3,14.2,14.4,13.1,1.3,NA,NA,NA,NA,NA,NA,NA,NA,48.7,9.7,10.5,14.7,13.9,12.1,1.8,NA,NA,NA,NA,NA,NA,NA,NA,48.3,10,9.8,14.3,14.1,12.6,1.5,NA,NA,NA,NA,NA,NA,NA,NA,NA,NA,NA,NA,NA,NA,NA,NA,NA,NA,NA,NA,39.50%,51.90%,16.30%,11.60%,38.80%,28.80%,NA,NA,NA,NA,NA,NA,NA,NA,NA,NA,NA,NA,NA,NA,NA,NA,NA,NA,NA,NA,NA,NA,NA,NA,NA,NA,NA,NA,NA,NA,NA,NA,NA,NA,NA,NA,NA,NA,NA,NA,NA,NA,NA,NA,NA,44.40%,30.30%,26.30%,53.80%,37.50%,24.00%,49.00%,33.50%,24.50%,44.40%,44.40%,33.30%,65.50%,98.00%,53.50%,73.80%,NA,NA,NA,NA,NA,NA,72.70%,66.30%,88.90%,69.00%,32.60%,49.40%,NA,NA,NA,NA,NA,NA,48.50%,43.30%,55.60%,45.00%,1.50%,25.60%,8.1,NA,NA,NA,7.2,8.3,7.5,NA,NA,NA,6.6,7.8,1648,0,0%,NA,4.14,4.34,2.7,3.14,4.5,4.59,44.9,47.8,201,199,-0.27,0,-0.47,-0.2,-0.08,0.2,31.3,36.8,48.4,50.1,51.50%,49.00%,39.70%,34.20%,26.50%,23.30%,26.80%,26.50%,14.60%,14.70%,9.80%,8.80%,57.70%,53.60%,46.00%,38.10%,30.70%,26.20%,61.30%,64.40%,64.70%,68.80%,47.50%,46.50%,39.00%,55.90%,24.40%,23.50%,71.20%,71.40%,53.40%,51.20%,41,34,20.10%,16.80%,163,168,79.90%,83.20%,6.9,6.9,8.1,8.1,6.5,6.4,7.7,7.7
2,919,7007,138485,Knightsfield School,,Knightsfield,,,Welwyn Garden City,AL8 7LW,01707376874,E14001573,Welwyn Hatfield,0,0,ACCS,Does not apply,NA,NA,MIXED,0,9-18,73,41,32,10,6,60.00%,4,40.00%,NA,NA,NA,NA,NA,NA,NA,6,60.00%,4,40.00%,2,20.00%,8,80.00%,0,0.00%,8,80.00%,,,,,,,177,17.7,24,2.4,42,4.2,53,5.3,58,5.8,40,4,18,1.8,1.3,1.7,NA,NA,NA,NA,NA,NA,NA,NA,NA,NA,NA,NA,NA,NA,NA,NA,NA,NA,NA,NA,NA,30.00%,10.00%,12.84,1.28,SUPP,SUPP,NA,NA,NA,SUPP,SUPP,SUPP,1.15,0,0.00%,0.00%,0.00%,0,0.00%,6,60.00%,5,50.00%,3,30.00%,1,10.00%,0.00%,0.00%,30.00%,10.00%,SUPP,SUPP,SUPP,SUPP,SUPP,SUPP,NA,NA,NA,NA,NA,NA,NA,NA,NA,NA,NA,NA,NA,NA,NA,0,0,3,1,SUPP,SUPP,SUPP,SUPP,SUPP,SUPP,0,0.00%,0,0.00%,6,60.00%,SUPP,SUPP,SUPP,SUPP,SUPP,SUPP,SUPP,NA,NA,NA,NA,NA,NA,NA,NA,SUPP,NA,NA,NA,NA,NA,NA,NA,NA,SUPP,NA,NA,NA,SUPP,NA,NA,NA,SUPP,NA,NA,NA,SUPP,NA,NA,NA,SUPP,NA,NA,NA,SUPP,NA,NA,NA,SUPP,NA,NA,NA,SUPP,NA,NA,NA,SUPP,SUPP,SUPP,SUPP,SUPP,NA,NA,NA,NA,NA,NA,NA,NA,NA,NA,NA,NA,NA,NA,NA,NA,NA,NA,NA,NA,NA,NA,NA,NA,NA,NA,NA,NA,SUPP,SUPP,SUPP,SUPP,SUPP,SUPP,SUPP,NA,NA,NA,NA,NA,NA,NA,NA,SUPP,SUPP,SUPP,SUPP,SUPP,SUPP,SUPP,NA,NA,NA,NA,NA,NA,NA,NA,SUPP,SUPP,SUPP,SUPP,SUPP,SUPP,SUPP,NA,NA,NA,NA,NA,NA,NA,NA,16.8,2.3,4.3,4.8,5.5,3.8,1.8,NA,NA,NA,NA,NA,NA,NA,NA,NA,NA,NA,NA,NA,NA,NA,NA,NA,NA,NA,NA,SUPP,SUPP,SUPP,SUPP,SUPP,SUPP,NA,NA,NA,NA,NA,NA,NA,NA,NA,NA,NA,NA,NA,NA,NA,NA,NA,NA,NA,NA,NA,NA,NA,NA,NA,NA,NA,NA,NA,NA,NA,NA,NA,NA,NA,NA,NA,NA,NA,NA,NA,NA,NA,NA,NA,SUPP,SUPP,SUPP,SUPP,SUPP,SUPP,0.00%,0.00%,0.00%,SUPP,SUPP,SUPP,20.00%,90.00%,SUPP,SUPP,NA,NA,NA,NA,NA,NA,SUPP,SUPP,SUPP,25.00%,SUPP,SUPP,NA,NA,NA,NA,NA,NA,SUPP,SUPP,SUPP,12.50%,0.00%,0.00%,3.7,NA,NA,NA,SUPP,SUPP,3.1,NA,NA,NA,SUPP,SUPP,37,0,0%,NA,1.07,1.25,SUPP,SUPP,SUPP,SUPP,14.7,18.2,9,8,-0.22,-0.57,-1.15,-1.55,0.7,0.41,SUPP,SUPP,SUPP,SUPP,0.00%,0.00%,0.00%,0.00%,0.00%,0.00%,SUPP,SUPP,SUPP,SUPP,SUPP,SUPP,SUPP,SUPP,SUPP,SUPP,SUPP,SUPP,0.00%,0.00%,10.00%,0.00%,0.00%,0.00%,SUPP,SUPP,SUPP,SUPP,SUPP,SUPP,SUPP,SUPP,4,4,40.00%,40.00%,6,6,60.00%,60.00%,SUPP,SUPP,SUPP,SUPP,SUPP,SUPP,SUPP,SUPP
2,919,7023,117680,Lakeside School,,Lemsford Lane,,,Welwyn Garden City,AL8 6YN,01707327410,E14001573,Welwyn Hatfield,0,0,CYS,Does not apply,NA,NA,MIXED,0,2-19,112,77,35,11,6,54.50%,5,45.50%,NA,NA,NA,NA,NA,NA,NA,4,36.40%,7,63.60%,1,9.10%,10,90.90%,0,0.00%,11,100.00%,,,,,,,NE,NE,NE,NE,NE,NE,NE,NE,NE,NE,NE,NE,NE,NE,NE,NE,NA,NA,NA,NA,NA,NA,NA,NA,NA,NA,NA,NA,NA,NA,NA,NA,NA,NA,NA,NA,NA,NE,NE,NE,NE,SUPP,SUPP,NA,NA,NA,SUPP,SUPP,SUPP,NE,NE,NE,NE,NE,NE,NE,NE,NE,NE,NE,NE,NE,NE,NE,NE,NE,NE,NE,NE,NE,NE,NE,NE,NE,NA,NA,NA,NA,NA,NA,NA,NA,NA,NA,NA,NA,NA,NA,NA,NE,NE,NE,NE,NE,NE,NE,NE,NE,NE,NE,NE,NE,NE,NE,NE,NE,NE,NE,NE,NE,NE,SUPP,NA,NA,NA,NA,NA,NA,NA,NA,SUPP,NA,NA,NA,NA,NA,NA,NA,NA,SUPP,NA,NA,NA,SUPP,NA,NA,NA,SUPP,NA,NA,NA,SUPP,NA,NA,NA,SUPP,NA,NA,NA,SUPP,NA,NA,NA,SUPP,NA,NA,NA,SUPP,NA,NA,NA,SUPP,SUPP,SUPP,SUPP,SUPP,NA,NA,NA,NA,NA,NA,NA,NA,NA,NA,NA,NA,NA,NA,NA,NA,NA,NA,NA,NA,NA,NA,NA,NA,NA,NA,NA,NA,SUPP,SUPP,SUPP,SUPP,SUPP,SUPP,SUPP,NA,NA,NA,NA,NA,NA,NA,NA,SUPP,SUPP,SUPP,SUPP,SUPP,SUPP,SUPP,NA,NA,NA,NA,NA,NA,NA,NA,SUPP,SUPP,SUPP,SUPP,SUPP,SUPP,SUPP,NA,NA,NA,NA,NA,NA,NA,NA,NE,NE,NE,NE,NE,NE,NE,NA,NA,NA,NA,NA,NA,NA,NA,NA,NA,NA,NA,NA,NA,NA,NA,NA,NA,NA,NA,SUPP,SUPP,SUPP,SUPP,SUPP,SUPP,NA,NA,NA,NA,NA,NA,NA,NA,NA,NA,NA,NA,NA,NA,NA,NA,NA,NA,NA,NA,NA,NA,NA,NA,NA,NA,NA,NA,NA,NA,NA,NA,NA,NA,NA,NA,NA,NA,NA,NA,NA,NA,NA,NA,NA,SUPP,SUPP,SUPP,SUPP,SUPP,SUPP,NE,NE,NE,SUPP,SUPP,SUPP,NE,NE,SUPP,SUPP,NA,NA,NA,NA,NA,NA,SUPP,SUPP,SUPP,NE,SUPP,SUPP,NA,NA,NA,NA,NA,NA,SUPP,SUPP,SUPP,NE,NE,NE,NE,NA,NA,NA,SUPP,SUPP,NE,NA,NA,NA,SUPP,SUPP,NE,NE,NE,NA,NE,SUPP,SUPP,SUPP,SUPP,SUPP,NE,SUPP,NE,SUPP,SUPP,SUPP,SUPP,SUPP,SUPP,SUPP,SUPP,SUPP,SUPP,SUPP,NE,SUPP,NE,SUPP,NE,SUPP,SUPP,SUPP,SUPP,SUPP,SUPP,SUPP,SUPP,SUPP,SUPP,SUPP,SUPP,SUPP,NE,SUPP,NE,SUPP,NE,SUPP,SUPP,SUPP,SUPP,SUPP,SUPP,SUPP,SUPP,SUPP,4,SUPP,66.70%,SUPP,2,SUPP,33.30%,SUPP,SUPP,SUPP,SUPP,SUPP,SUPP,SUPP,SUPP,SUPP
1,919,4033,146440,Laureate Academy,,Warners End Road,,,Hemel Hempstead,HP1 3DW,01442404333,E14001278,Hemel Hempstead,0,0,AC,Does not apply,NR,OTHER NON SEL,MIXED,0,11-18,746,367,379,138,62,44.90%,76,55.10%,NA,NA,NA,NA,NA,NA,NA,53,38.40%,85,61.60%,26,18.80%,112,81.20%,0,0.00%,125,90.60%,0,0.00%,24,17.40%,24,17.40%,5756.75,41.7,1275,9.2,1210,8.8,1757,12.7,1514.75,11,1477,10.7,37.75,0.3,2.5,2.5,NA,NA,NA,NA,NA,NA,NA,NA,NA,NA,NA,NA,NA,NA,NA,NA,NA,NA,NA,NA,NA,58.00%,39.10%,526.5,3.82,2.91,4.38,NA,NA,NA,4.33,4.02,3.56,3.95,40,29.00%,19.60%,15.20%,130,94.20%,133,96.40%,127,92.00%,77,55.80%,64,46.40%,70.30%,51.40%,63.00%,48.60%,59.80%,45.70%,71.40%,62.30%,75.00%,64.10%,NA,NA,NA,NA,NA,NA,NA,NA,NA,NA,NA,NA,NA,NA,NA,97,71,87,67,76,58,55,48,48,41,40,29.00%,128,92.80%,128,92.80%,122,96.10%,75,97.40%,64,100.00%,32,NA,NA,NA,NA,NA,NA,NA,NA,47.8,NA,NA,NA,NA,NA,NA,NA,NA,7.6,NA,NA,NA,6.8,NA,NA,NA,9.7,NA,NA,NA,7.9,NA,NA,NA,10.3,NA,NA,NA,10,NA,NA,NA,14.6,NA,NA,NA,12.9,NA,NA,NA,7.8,0.1,12.5,0.4,-18.4,NA,NA,NA,NA,NA,NA,NA,NA,NA,NA,NA,NA,NA,NA,NA,NA,NA,NA,NA,NA,NA,NA,NA,NA,NA,NA,NA,NA,45.9,9.6,9.2,14.6,12.5,12,0.5,NA,NA,NA,NA,NA,NA,NA,NA,43.6,9.9,8.9,13.2,11.6,11.4,0.2,NA,NA,NA,NA,NA,NA,NA,NA,39.4,8.5,8.5,12.1,10.2,9.9,0.3,NA,NA,NA,NA,NA,NA,NA,NA,43,9.4,9.1,13.2,11.3,11.1,0.2,NA,NA,NA,NA,NA,NA,NA,NA,NA,NA,NA,NA,NA,NA,NA,NA,NA,NA,NA,NA,22.60%,32.90%,9.40%,9.40%,25.90%,18.80%,NA,NA,NA,NA,NA,NA,NA,NA,NA,NA,NA,NA,NA,NA,NA,NA,NA,NA,NA,NA,NA,NA,NA,NA,NA,NA,NA,NA,NA,NA,NA,NA,NA,NA,NA,NA,NA,NA,NA,NA,NA,NA,NA,NA,NA,21.00%,14.50%,11.30%,35.50%,23.70%,18.40%,32.00%,21.60%,16.80%,46.20%,26.90%,23.10%,50.70%,94.90%,41.50%,68.20%,NA,NA,NA,NA,NA,NA,54.80%,60.50%,65.40%,60.00%,24.50%,48.20%,NA,NA,NA,NA,NA,NA,37.10%,40.80%,38.50%,40.80%,2.90%,22.50%,6.6,NA,NA,NA,5.8,7,6.5,NA,NA,NA,5.8,6.9,928,0,0%,NA,3.96,3.76,3.38,2.9,4.25,4.12,41.7,39.3,130,135,-0.22,-0.74,-0.46,-0.98,0.02,-0.5,35.5,30.6,45,42.9,48.60%,63.30%,33.30%,25.90%,20.10%,15.60%,42.90%,44.20%,22.40%,14.00%,14.30%,7.00%,51.60%,71.20%,38.90%,30.80%,23.20%,19.20%,51.40%,43.50%,56.90%,52.40%,35.40%,29.30%,42.90%,20.90%,28.60%,11.60%,64.20%,65.40%,38.90%,36.50%,49,43,34.00%,29.30%,95,104,66.00%,70.70%,6.7,6.6,7.2,7.8,6.7,6.6,7.2,7.8
1,919,5416,137156,Leventhorpe,,Cambridge Road,,,Sawbridgeworth,CM21 9BY,01279836633,E14001283,Hertford and Stortford,0,0,ACC,None,NSE,OTHER NON SEL,MIXED,0,11-18,1471,724,747,236,113,47.90%,123,52.10%,NA,NA,NA,NA,NA,NA,NA,23,9.70%,213,90.30%,20,8.50%,216,91.50%,0,0.00%,230,97.50%,4,1.70%,28,11.90%,24,10.20%,11699.5,49.6,2566,10.9,2280,9.7,3349,14.2,3504.5,14.8,3466,14.7,38.5,0.2,2.9,2.9,NA,NA,NA,NA,NA,NA,NA,NA,NA,NA,NA,NA,NA,NA,NA,NA,NA,NA,NA,NA,NA,71.60%,47.00%,1044.27,4.42,2.58,4.62,NA,NA,NA,5.17,4.16,4.71,4.49,113,47.90%,33.50%,25.40%,229,97.00%,233,98.70%,231,97.90%,198,83.90%,134,56.80%,90.30%,74.20%,72.90%,51.70%,68.00%,47.20%,67.20%,50.50%,82.10%,67.90%,NA,NA,NA,NA,NA,NA,NA,NA,NA,NA,NA,NA,NA,NA,NA,213,175,172,122,157,109,133,100,110,91,110,46.60%,228,96.60%,232,98.30%,226,97.80%,198,100.00%,133,99.30%,29.6,NA,NA,NA,NA,NA,NA,NA,NA,51.7,NA,NA,NA,NA,NA,NA,NA,NA,7.3,NA,NA,NA,5.5,NA,NA,NA,8.3,NA,NA,NA,8.4,NA,NA,NA,11.3,NA,NA,NA,10.1,NA,NA,NA,14.8,NA,NA,NA,15.5,NA,NA,NA,8.4,0,15.4,0.2,-20.8,NA,NA,NA,NA,NA,NA,NA,NA,NA,NA,NA,NA,NA,NA,NA,NA,NA,NA,NA,NA,NA,NA,NA,NA,NA,NA,NA,NA,56.1,11.7,11.1,17,16.3,15.8,0.5,NA,NA,NA,NA,NA,NA,NA,NA,47.8,10.9,8.6,13.4,14.9,14.8,0.1,NA,NA,NA,NA,NA,NA,NA,NA,51.6,10.9,10.8,15.1,14.8,14.5,0.2,NA,NA,NA,NA,NA,NA,NA,NA,50.2,11,9.8,14.4,15.1,14.9,0.2,NA,NA,NA,NA,NA,NA,NA,NA,NA,NA,NA,NA,NA,NA,NA,NA,NA,NA,NA,NA,26.10%,50.20%,8.70%,4.30%,36.20%,27.70%,NA,NA,NA,NA,NA,NA,NA,NA,NA,NA,NA,NA,NA,NA,NA,NA,NA,NA,NA,NA,NA,NA,NA,NA,NA,NA,NA,NA,NA,NA,NA,NA,NA,NA,NA,NA,NA,NA,NA,NA,NA,NA,NA,NA,NA,48.70%,38.10%,32.70%,47.20%,29.30%,18.70%,49.10%,34.30%,26.10%,70.00%,50.00%,30.00%,66.10%,98.70%,39.10%,75.10%,NA,NA,NA,NA,NA,NA,79.60%,64.20%,80.00%,72.60%,13.00%,50.70%,NA,NA,NA,NA,NA,NA,59.30%,35.80%,60.00%,47.80%,4.20%,30.10%,8.3,NA,NA,NA,6.3,8.5,8.1,NA,NA,NA,6.1,8.4,1973,0,0%,NA,4.32,4.55,3.13,3.12,4.51,4.74,48.9,50.8,227,236,0.05,0,-0.13,-0.18,0.23,0.18,35.7,36.1,50.9,52.6,40.90%,47.70%,28.30%,36.30%,20.90%,24.50%,29.00%,25.90%,12.90%,18.50%,6.50%,11.10%,42.70%,50.50%,30.70%,38.60%,23.10%,26.20%,68.30%,72.20%,74.30%,77.20%,47.40%,51.10%,51.60%,44.40%,19.40%,22.20%,77.90%,81.40%,51.80%,54.80%,31,27,13.50%,11.40%,199,210,86.50%,88.60%,7.4,6.9,8.6,8.7,6.9,6.7,8.3,8.2
1,919,4080,137110,Longdean School,,Rumballs Rd,,,Hemel Hempstead,HP3 8JB,01442217277,E14001278,Hemel Hempstead,0,0,ACC,Does not apply,NSE,OTHER NON SEL,MIXED,0,11-18,1443,707,736,241,133,55.20%,108,44.80%,NA,NA,NA,NA,NA,NA,NA,68,28.20%,173,71.80%,46,19.10%,191,79.30%,4,1.70%,229,95.00%,11,4.60%,85,35.30%,74,30.70%,10208.75,42.4,2192,9.1,2016,8.4,2813.5,11.7,3187.25,13.2,2505,10.4,682.25,2.8,2.7,2.8,NA,NA,NA,NA,NA,NA,NA,NA,NA,NA,NA,NA,NA,NA,NA,NA,NA,NA,NA,NA,NA,55.60%,35.30%,884.04,3.67,2.55,4.11,NA,NA,NA,4.83,3.65,3.68,3.71,106,44.00%,29.90%,20.70%,234,97.10%,234,97.10%,216,89.60%,191,79.30%,107,44.40%,62.70%,52.30%,62.70%,39.40%,57.40%,38.90%,58.60%,45.50%,79.40%,60.70%,NA,NA,NA,NA,NA,NA,NA,NA,NA,NA,NA,NA,NA,NA,NA,151,126,151,95,124,84,112,87,85,65,106,44.00%,232,96.30%,230,95.40%,214,99.10%,173,90.60%,107,100.00%,32.5,NA,NA,NA,NA,NA,NA,NA,NA,46.2,NA,NA,NA,NA,NA,NA,NA,NA,7.1,NA,NA,NA,6.3,NA,NA,NA,8.4,NA,NA,NA,10.7,NA,NA,NA,9.9,NA,NA,NA,9.2,NA,NA,NA,13,NA,NA,NA,14.2,NA,NA,NA,7.8,2.9,11.4,2.8,-17.9,NA,NA,NA,NA,NA,NA,NA,NA,NA,NA,NA,NA,NA,NA,NA,NA,NA,NA,NA,NA,NA,NA,NA,NA,NA,NA,NA,NA,53.1,11.2,10.3,15.7,15.9,13.4,2.5,NA,NA,NA,NA,NA,NA,NA,NA,43,9.5,7.8,11.5,14.2,11.3,2.8,NA,NA,NA,NA,NA,NA,NA,NA,41.9,8.8,8.8,11.8,12.5,9.6,2.8,NA,NA,NA,NA,NA,NA,NA,NA,42.9,9.2,8.5,11.8,13.5,10.6,2.9,NA,NA,NA,NA,NA,NA,NA,NA,NA,NA,NA,NA,NA,NA,NA,NA,NA,NA,NA,NA,22.10%,52.60%,16.20%,11.80%,35.30%,24.30%,NA,NA,NA,NA,NA,NA,NA,NA,NA,NA,NA,NA,NA,NA,NA,NA,NA,NA,NA,NA,NA,NA,NA,NA,NA,NA,NA,NA,NA,NA,NA,NA,NA,NA,NA,NA,NA,NA,NA,NA,NA,NA,NA,NA,NA,42.10%,28.60%,23.30%,46.30%,31.50%,17.60%,45.90%,31.00%,21.40%,56.50%,47.80%,39.10%,52.70%,97.50%,33.80%,64.20%,NA,NA,NA,NA,NA,NA,54.90%,56.50%,78.30%,56.80%,20.60%,41.00%,NA,NA,NA,NA,NA,NA,35.30%,35.20%,54.30%,36.20%,2.10%,32.00%,8.8,NA,NA,NA,8.5,8.9,7.8,NA,NA,NA,7.2,8,2126,0,0%,NA,3.76,3.87,2.63,2.66,4.01,4.19,42.5,45.5,236,228,-0.29,-0.08,-0.47,-0.27,-0.11,0.1,32.1,34.2,44.8,48.5,55.40%,53.80%,25.60%,20.80%,17.80%,12.70%,34.10%,30.00%,9.10%,8.00%,6.80%,4.00%,60.10%,60.20%,29.30%,24.20%,20.20%,15.10%,54.10%,62.30%,63.20%,69.90%,34.30%,44.90%,45.50%,40.00%,13.60%,26.00%,67.20%,78.00%,38.90%,50.00%,44,50,18.20%,21.20%,198,186,81.80%,78.80%,8.3,8.2,8.7,9.2,7.4,6.5,8,7.9
2,919,7022,117679,Lonsdale School,,Brittain Way,,,Stevenage,SG2 8UT,01438726999,E14001516,Stevenage,0,0,CYS,Does not apply,NA,NA,MIXED,0,3-18,129,81,48,13,8,61.50%,5,38.50%,NA,NA,NA,NA,NA,NA,NA,6,46.20%,7,53.80%,0,0.00%,13,100.00%,0,0.00%,12,92.30%,,,,,,,4,0.3,0,0,0,0,0,0,4,0.3,4,0.3,0,0,0,0.1,NA,NA,NA,NA,NA,NA,NA,NA,NA,NA,NA,NA,NA,NA,NA,NA,NA,NA,NA,NA,NA,0.00%,0.00%,0,0,0,0,NA,NA,NA,NE,SUPP,SUPP,0,0,0.00%,0.00%,0.00%,0,0.00%,0,0.00%,0,0.00%,0,0.00%,0,0.00%,0.00%,0.00%,0.00%,0.00%,NE,NE,NE,NE,NE,NE,NA,NA,NA,NA,NA,NA,NA,NA,NA,NA,NA,NA,NA,NA,NA,0,0,0,0,NE,NE,NE,NE,NE,NE,0,0.00%,0,0.00%,0,0.00%,NE,NE,NE,NE,NE,NE,0.7,NA,NA,NA,NA,NA,NA,NA,NA,0,NA,NA,NA,NA,NA,NA,NA,NA,0,NA,NA,NA,0,NA,NA,NA,0,NA,NA,NA,0.7,NA,NA,NA,0,NA,NA,NA,0,NA,NA,NA,0,NA,NA,NA,0,NA,NA,NA,0.7,0,0,0,-49.7,NA,NA,NA,NA,NA,NA,NA,NA,NA,NA,NA,NA,NA,NA,NA,NA,NA,NA,NA,NA,NA,NA,NA,NA,NA,NA,NA,NA,NE,NE,NE,NE,NE,NE,NE,NA,NA,NA,NA,NA,NA,NA,NA,SUPP,SUPP,SUPP,SUPP,SUPP,SUPP,SUPP,NA,NA,NA,NA,NA,NA,NA,NA,SUPP,SUPP,SUPP,SUPP,SUPP,SUPP,SUPP,NA,NA,NA,NA,NA,NA,NA,NA,0.3,0,0,0,0.3,0.3,0,NA,NA,NA,NA,NA,NA,NA,NA,NA,NA,NA,NA,NA,NA,NA,NA,NA,NA,NA,NA,0.00%,0.00%,0.00%,0.00%,0.00%,0.00%,NA,NA,NA,NA,NA,NA,NA,NA,NA,NA,NA,NA,NA,NA,NA,NA,NA,NA,NA,NA,NA,NA,NA,NA,NA,NA,NA,NA,NA,NA,NA,NA,NA,NA,NA,NA,NA,NA,NA,NA,NA,NA,NA,NA,NA,SUPP,SUPP,SUPP,SUPP,SUPP,SUPP,0.00%,0.00%,0.00%,NE,NE,NE,0.00%,7.70%,0.00%,0.00%,NA,NA,NA,NA,NA,NA,SUPP,SUPP,NE,0.00%,0.00%,0.00%,NA,NA,NA,NA,NA,NA,SUPP,SUPP,NE,0.00%,0.00%,0.00%,0.1,NA,NA,NA,0.2,0,0.1,NA,NA,NA,0.2,0,1,0,0%,NA,NE,NE,SUPP,NE,SUPP,NE,NE,NE,NE,NE,NE,NE,NE,NE,NE,NE,SUPP,NE,SUPP,NE,NE,NE,NE,NE,NE,NE,SUPP,NE,SUPP,NE,SUPP,NE,SUPP,NE,SUPP,NE,SUPP,NE,NE,NE,NE,NE,NE,NE,SUPP,NE,SUPP,NE,SUPP,NE,SUPP,NE,7,6,70.00%,50.00%,3,6,30.00%,50.00%,SUPP,NE,SUPP,NE,SUPP,NE,SUPP,NE
1,919,4620,138106,Loreto College,,Hatfield Road,,,St Albans,AL1 3RQ,01727856206,E14001507,St Albans,0,0,ACC,Roman Catholic,NSE,OTHER NON SEL,GIRLS,0,11-18,930,8,922,156,NA,0.00%,156,100.00%,NA,NA,NA,NA,NA,NA,NA,25,16.00%,131,84.00%,55,35.30%,101,64.70%,0,0.00%,150,96.20%,2,1.30%,37,23.70%,35,22.40%,9094,58.3,1959,12.6,1584,10.2,2728.5,17.5,2822.5,18.1,2749,17.6,73.5,0.5,2.9,3,NA,NA,NA,NA,NA,NA,NA,NA,NA,NA,NA,NA,NA,NA,NA,NA,NA,NA,NA,NA,NA,82.70%,59.00%,860.83,5.52,4.33,5.75,NA,NA,NA,5.58,5.52,NE,5.51,140,89.70%,68.60%,45.50%,153,98.10%,154,98.70%,155,99.40%,153,98.10%,140,89.70%,92.30%,85.90%,84.00%,59.60%,84.50%,69.70%,83.70%,71.20%,89.30%,72.90%,NA,NA,NA,NA,NA,NA,NA,NA,NA,NA,NA,NA,NA,NA,NA,144,134,131,93,131,108,128,109,125,102,135,86.50%,153,98.10%,154,98.70%,151,97.40%,152,99.30%,138,98.60%,47.2,NA,NA,NA,NA,NA,NA,NA,NA,60.4,NA,NA,NA,NA,NA,NA,NA,NA,10.3,NA,NA,NA,7.9,NA,NA,NA,13.8,NA,NA,NA,15.1,NA,NA,NA,13,NA,NA,NA,10.6,NA,NA,NA,18.2,NA,NA,NA,18.7,NA,NA,NA,14.1,1,18.3,0.4,-3.2,NA,NA,NA,NA,NA,NA,NA,NA,NA,NA,NA,NA,NA,NA,NA,NA,NA,NA,NA,NA,NA,NA,NA,NA,NA,NA,NA,NA,58.5,12,10.2,18.3,18,17.4,0.6,NA,NA,NA,NA,NA,NA,NA,NA,58.3,12.6,10.2,17.5,18.1,17.6,0.5,NA,NA,NA,NA,NA,NA,NA,NA,NE,NE,NE,NE,NE,NE,NE,NA,NA,NA,NA,NA,NA,NA,NA,58.3,12.6,10.1,17.5,18.1,17.6,0.5,NA,NA,NA,NA,NA,NA,NA,NA,NA,NA,NA,NA,NA,NA,NA,NA,NA,NA,NA,NA,72.00%,93.10%,52.00%,28.00%,71.80%,48.90%,NA,NA,NA,NA,NA,NA,NA,NA,NA,NA,NA,NA,NA,NA,NA,NA,NA,NA,NA,NA,NA,NA,NA,NA,NA,NA,NA,NA,NA,NA,NA,NA,NA,NA,NA,NA,NA,NA,NA,NA,NA,NA,NA,NA,NA,NE,NE,NE,89.70%,68.60%,45.50%,89.30%,68.70%,45.30%,92.70%,69.10%,41.80%,82.10%,100.00%,56.00%,87.80%,NA,NA,NA,NA,NA,NA,NE,82.70%,81.80%,82.70%,36.00%,63.40%,NA,NA,NA,NA,NA,NA,NE,59.00%,60.00%,58.70%,22.40%,39.10%,9.7,NA,NA,NA,9.1,9.8,9.6,NA,NA,NA,8.7,9.7,1523,0,0%,NA,5.59,5.61,4.23,4.14,5.77,5.79,59.4,60,151,148,0.71,0.78,0.49,0.55,0.94,1.01,47.8,47.3,61,61.6,81.10%,76.30%,64.80%,66.00%,47.80%,50.00%,68.40%,41.20%,26.30%,35.30%,10.50%,23.50%,82.90%,80.60%,70.00%,69.80%,52.90%,53.20%,84.30%,83.30%,85.50%,84.60%,67.30%,67.90%,57.90%,64.70%,31.60%,47.10%,89.30%,87.10%,72.10%,70.50%,19,17,11.90%,10.90%,140,139,88.10%,89.10%,8.9,8.8,9.6,9.5,8.8,8.8,9.5,9.5
1,919,5414,138042,The Marlborough Science Academy,,Watling Street,,,St Albans,AL1 2QA,01727856874,E14001507,St Albans,0,0,ACC,None,NSE,OTHER NON SEL,MIXED,0,11-18,1335,711,624,217,118,54.40%,99,45.60%,NA,NA,NA,NA,NA,NA,NA,38,17.50%,179,82.50%,16,7.40%,200,92.20%,1,0.50%,215,99.10%,0,0.00%,20,9.20%,20,9.20%,9414.75,43.4,2104,9.7,1844,8.5,2688,12.4,2778.75,12.8,2513.5,11.6,265.25,1.2,2.8,2.8,NA,NA,NA,NA,NA,NA,NA,NA,NA,NA,NA,NA,NA,NA,NA,NA,NA,NA,NA,NA,NA,60.40%,36.40%,825.45,3.8,2.55,4.07,NA,NA,NA,3.84,4.08,3.57,3.81,87,40.10%,22.60%,14.70%,214,98.60%,216,99.50%,214,98.60%,196,90.30%,88,40.60%,75.10%,55.30%,66.40%,41.00%,55.60%,32.70%,55.10%,37.20%,65.90%,54.50%,NA,NA,NA,NA,NA,NA,NA,NA,NA,NA,NA,NA,NA,NA,NA,163,120,144,89,119,70,108,73,58,48,80,36.90%,214,98.60%,216,99.50%,203,94.90%,191,97.40%,88,100.00%,29.9,NA,NA,NA,NA,NA,NA,NA,NA,46.2,NA,NA,NA,NA,NA,NA,NA,NA,7.2,NA,NA,NA,6,NA,NA,NA,8.3,NA,NA,NA,8.5,NA,NA,NA,10.2,NA,NA,NA,9,NA,NA,NA,13.3,NA,NA,NA,13.7,NA,NA,NA,7.3,1.2,12.5,1.2,-20.5,NA,NA,NA,NA,NA,NA,NA,NA,NA,NA,NA,NA,NA,NA,NA,NA,NA,NA,NA,NA,NA,NA,NA,NA,NA,NA,NA,NA,43,9.6,8.8,12.4,12.3,11.3,1,NA,NA,NA,NA,NA,NA,NA,NA,47.3,10.8,8.4,13.2,14.9,13.7,1.2,NA,NA,NA,NA,NA,NA,NA,NA,40.1,8.7,8.6,11.7,11.1,9.8,1.2,NA,NA,NA,NA,NA,NA,NA,NA,43.5,9.7,8.5,12.4,12.8,11.6,1.2,NA,NA,NA,NA,NA,NA,NA,NA,NA,NA,NA,NA,NA,NA,NA,NA,NA,NA,NA,NA,26.30%,43.00%,5.30%,2.60%,26.30%,17.30%,NA,NA,NA,NA,NA,NA,NA,NA,NA,NA,NA,NA,NA,NA,NA,NA,NA,NA,NA,NA,NA,NA,NA,NA,NA,NA,NA,NA,NA,NA,NA,NA,NA,NA,NA,NA,NA,NA,NA,NA,NA,NA,NA,NA,NA,36.40%,16.10%,12.70%,44.40%,30.30%,17.20%,40.50%,22.80%,14.90%,43.80%,31.30%,18.80%,51.60%,100.00%,31.60%,66.50%,NA,NA,NA,NA,NA,NA,57.60%,63.60%,56.30%,60.50%,13.20%,41.30%,NA,NA,NA,NA,NA,NA,33.90%,39.40%,50.00%,36.70%,3.70%,24.00%,7.7,NA,NA,NA,6.9,7.9,7.3,NA,NA,NA,6.4,7.5,1684,0,0%,NA,3.98,4.13,2.86,2.54,4.17,4.48,44.1,45.5,199,193,-0.1,-0.18,-0.3,-0.38,0.1,0.02,31.7,29.8,46.1,49.1,46.30%,53.50%,23.90%,29.70%,16.10%,19.80%,34.50%,18.90%,10.30%,8.10%,6.90%,5.40%,48.30%,61.20%,26.10%,34.50%,17.60%,23.00%,59.00%,61.40%,65.40%,71.30%,39.50%,47.00%,44.80%,32.40%,17.20%,16.20%,68.80%,80.00%,43.20%,53.90%,29,37,14.10%,18.30%,176,165,85.90%,81.70%,6.6,6.8,8,8.1,5.9,6.3,7.4,7.9
1,919,4116,117534,Marriotts School,,Brittain Way,,,Stevenage,SG2 8UT,01438726999,E14001516,Stevenage,0,0,CY,Does not apply,NSE,OTHER NON SEL,MIXED,0,11-18,1410,716,694,236,129,54.70%,107,45.30%,NA,NA,NA,NA,NA,NA,NA,78,33.10%,158,66.90%,41,17.40%,194,82.20%,1,0.40%,222,94.10%,8,3.40%,57,24.20%,49,20.80%,10007.5,42.4,2119,9,2028,8.6,2829.5,12,3031,12.8,1830.5,7.8,1200.5,5.1,2.8,2.8,NA,NA,NA,NA,NA,NA,NA,NA,NA,NA,NA,NA,NA,NA,NA,NA,NA,NA,NA,NA,NA,56.80%,39.00%,865.65,3.67,2.85,4.07,NA,NA,NA,4.71,3.74,3.61,3.68,71,30.10%,22.50%,14.00%,223,94.50%,232,98.30%,221,93.60%,195,82.60%,86,36.40%,64.40%,49.20%,66.90%,50.40%,65.20%,38.00%,49.70%,34.90%,88.40%,64.00%,NA,NA,NA,NA,NA,NA,NA,NA,NA,NA,NA,NA,NA,NA,NA,152,116,158,119,144,84,97,68,76,55,71,30.10%,220,93.20%,228,96.60%,220,99.50%,187,95.90%,86,100.00%,34.3,NA,NA,NA,NA,NA,NA,NA,NA,46.4,NA,NA,NA,NA,NA,NA,NA,NA,7.6,NA,NA,NA,7.2,NA,NA,NA,9.5,NA,NA,NA,10.1,NA,NA,NA,9.7,NA,NA,NA,9.3,NA,NA,NA,13.2,NA,NA,NA,14.2,NA,NA,NA,6.4,3.6,8.4,5.8,-16.1,NA,NA,NA,NA,NA,NA,NA,NA,NA,NA,NA,NA,NA,NA,NA,NA,NA,NA,NA,NA,NA,NA,NA,NA,NA,NA,NA,NA,50.5,10.8,10.2,15.3,14.3,9.5,4.7,NA,NA,NA,NA,NA,NA,NA,NA,43.7,9.8,8.2,12.3,13.4,9,4.4,NA,NA,NA,NA,NA,NA,NA,NA,41.3,8.3,8.9,11.7,12.4,6.7,5.7,NA,NA,NA,NA,NA,NA,NA,NA,42.6,9,8.6,12,13,7.7,5.3,NA,NA,NA,NA,NA,NA,NA,NA,NA,NA,NA,NA,NA,NA,NA,NA,NA,NA,NA,NA,16.70%,36.70%,9.00%,3.80%,29.10%,19.00%,NA,NA,NA,NA,NA,NA,NA,NA,NA,NA,NA,NA,NA,NA,NA,NA,NA,NA,NA,NA,NA,NA,NA,NA,NA,NA,NA,NA,NA,NA,NA,NA,NA,NA,NA,NA,NA,NA,NA,NA,NA,NA,NA,NA,NA,32.60%,24.80%,14.00%,27.10%,19.60%,14.00%,31.50%,23.90%,14.90%,51.20%,39.00%,24.40%,54.70%,98.30%,41.00%,64.60%,NA,NA,NA,NA,NA,NA,55.80%,57.90%,75.60%,58.10%,26.90%,44.90%,NA,NA,NA,NA,NA,NA,39.50%,38.30%,53.70%,39.60%,0.80%,5.10%,7.6,NA,NA,NA,7.1,7.9,6.2,NA,NA,NA,5.8,6.4,1819,0,0%,NA,3.46,3.45,2.4,2.61,3.88,3.84,39.6,42.4,213,229,-0.37,-0.11,-0.56,-0.29,-0.18,0.07,28.7,34,44,46.2,27.10%,38.20%,18.60%,21.00%,12.20%,12.90%,19.00%,20.50%,11.10%,6.80%,4.80%,5.50%,30.40%,46.30%,21.50%,27.50%,15.20%,16.30%,49.80%,51.90%,53.40%,55.80%,31.70%,25.80%,34.90%,35.60%,17.50%,15.10%,60.80%,65.00%,37.30%,30.60%,63,73,28.50%,31.30%,158,160,71.50%,68.70%,6.7,7.3,7.9,8,5.5,5.7,6.5,6.4
1,919,6036,117616,Merchant Taylors' School,,Sandy Lodge,Northwood,Middlesex,Northwood,HA6 2HT,01923820644,E14001496,South West Hertfordshire,0,0,IND,None,,NA,BOYS,0,11-18,959,959,NA,171,171,100.00%,NA,0.00%,NA,NA,NA,NA,NA,NA,NA,NP,NP,NP,NP,NP,NP,NP,NP,NP,NP,NP,NP,NA,NA,NA,NA,NA,NA,3716.42,21.7,14,0.1,0,0,1784.75,10.4,1917.67,11.2,1466,8.6,451.67,2.6,1.3,1.6,NA,NA,NA,NA,NA,NA,NA,NA,NA,NA,NA,NA,NA,NA,NA,NA,NA,NA,NA,NA,NA,0.00%,0.00%,208.74,1.22,NP,NP,NA,NA,NA,NP,NE,1.22,NP,0,0.00%,0.00%,0.00%,1,0.60%,0,0.00%,0,0.00%,110,64.30%,45,26.30%,0.60%,0.60%,0.00%,0.00%,NE,NE,100.00%,100.00%,100.00%,100.00%,NA,NA,NA,NA,NA,NA,NA,NA,NA,NA,NA,NA,NA,NA,NA,1,1,0,0,NE,NE,110,110,45,45,0,0.00%,1,0.60%,0,0.00%,NE,NE,110,100.00%,45,100.00%,NP,NA,NA,NA,NA,NA,NA,NA,NA,NP,NA,NA,NA,NA,NA,NA,NA,NA,NP,NA,NA,NA,NP,NA,NA,NA,NP,NA,NA,NA,NP,NA,NA,NA,NP,NA,NA,NA,NP,NA,NA,NA,NP,NA,NA,NA,NP,NA,NA,NA,NP,NP,NP,NP,NP,NA,NA,NA,NA,NA,NA,NA,NA,NA,NA,NA,NA,NA,NA,NA,NA,NA,NA,NA,NA,NA,NA,NA,NA,NA,NA,NA,NA,NP,NP,NP,NP,NP,NP,NP,NA,NA,NA,NA,NA,NA,NA,NA,NE,NE,NE,NE,NE,NE,NE,NA,NA,NA,NA,NA,NA,NA,NA,21.7,0.1,0,10.4,11.2,8.6,2.6,NA,NA,NA,NA,NA,NA,NA,NA,NP,NP,NP,NP,NP,NP,NP,NA,NA,NA,NA,NA,NA,NA,NA,NA,NA,NA,NA,NA,NA,NA,NA,NA,NA,NA,NA,NP,NP,NP,NP,NP,NP,NA,NA,NA,NA,NA,NA,NA,NA,NA,NA,NA,NA,NA,NA,NA,NA,NA,NA,NA,NA,NA,NA,NA,NA,NA,NA,NA,NA,NA,NA,NA,NA,NA,NA,NA,NA,NA,NA,NA,NA,NA,NA,NA,NA,NA,0.00%,0.00%,0.00%,NE,NE,NE,NP,NP,NP,NP,NP,NP,0.00%,100.00%,NP,NP,NA,NA,NA,NA,NA,NA,0.00%,NE,NP,NP,NP,NP,NA,NA,NA,NA,NA,NA,0.00%,NE,NP,NP,2.90%,0.00%,2.8,NA,NA,NA,NP,NP,2.4,NA,NA,NA,NP,NP,513,0,0%,NA,2.27,2.22,NP,NP,NP,NP,42.7,39.9,NP,NP,NP,NP,NP,NP,NP,NP,NP,NP,NP,NP,0.00%,0.00%,0.00%,0.00%,0.00%,0.00%,NP,NP,NP,NP,NP,NP,NP,NP,NP,NP,NP,NP,0.00%,0.00%,0.00%,0.00%,0.00%,0.00%,NP,NP,NP,NP,NP,NP,NP,NP,NP,NP,NP,NP,NP,NP,NP,NP,NP,NP,NP,NP,NP,NP,NP,NP
1,919,4118,138632,Monk's Walk School,,Knightsfield,,,Welwyn Garden City,AL8 7NL,01707322846,E14001573,Welwyn Hatfield,0,0,ACC,None,NSE,OTHER NON SEL,MIXED,0,11-18,1436,751,685,221,106,48.00%,115,52.00%,NA,NA,NA,NA,NA,NA,NA,39,17.60%,182,82.40%,25,11.30%,194,87.80%,2,0.90%,216,97.70%,9,4.10%,36,16.30%,27,12.20%,11226.75,50.8,2366,10.7,2204,10,3334.5,15.1,3322.25,15,2962,13.4,360.25,1.6,2.8,2.9,NA,NA,NA,NA,NA,NA,NA,NA,NA,NA,NA,NA,NA,NA,NA,NA,NA,NA,NA,NA,NA,71.90%,51.60%,1010.94,4.57,3.45,4.82,NA,NA,NA,5.25,4.59,4.56,4.63,90,40.70%,33.50%,26.70%,212,95.90%,220,99.50%,212,95.90%,181,81.90%,112,50.70%,82.80%,67.90%,75.60%,56.10%,71.70%,53.30%,70.20%,61.30%,80.40%,70.50%,NA,NA,NA,NA,NA,NA,NA,NA,NA,NA,NA,NA,NA,NA,NA,183,150,167,124,152,113,127,111,90,79,89,40.30%,210,95.00%,216,97.70%,210,99.10%,177,97.80%,110,98.20%,38.8,NA,NA,NA,NA,NA,NA,NA,NA,53.4,NA,NA,NA,NA,NA,NA,NA,NA,8.8,NA,NA,NA,7.1,NA,NA,NA,11.3,NA,NA,NA,11.7,NA,NA,NA,11.1,NA,NA,NA,10.6,NA,NA,NA,15.9,NA,NA,NA,15.8,NA,NA,NA,10.2,1.5,14.1,1.7,-11.6,NA,NA,NA,NA,NA,NA,NA,NA,NA,NA,NA,NA,NA,NA,NA,NA,NA,NA,NA,NA,NA,NA,NA,NA,NA,NA,NA,NA,54.7,10.5,10.7,18.2,15.3,13.4,1.9,NA,NA,NA,NA,NA,NA,NA,NA,51.5,11.1,9.7,15,15.7,13.9,1.9,NA,NA,NA,NA,NA,NA,NA,NA,50,10.3,10.3,15.2,14.3,12.9,1.4,NA,NA,NA,NA,NA,NA,NA,NA,51.4,10.8,10.1,15.3,15.2,13.5,1.7,NA,NA,NA,NA,NA,NA,NA,NA,NA,NA,NA,NA,NA,NA,NA,NA,NA,NA,NA,NA,35.90%,41.80%,20.50%,17.90%,36.30%,28.60%,NA,NA,NA,NA,NA,NA,NA,NA,NA,NA,NA,NA,NA,NA,NA,NA,NA,NA,NA,NA,NA,NA,NA,NA,NA,NA,NA,NA,NA,NA,NA,NA,NA,NA,NA,NA,NA,NA,NA,NA,NA,NA,NA,NA,NA,41.50%,34.00%,26.40%,40.00%,33.00%,27.00%,40.30%,34.30%,27.30%,64.00%,52.00%,48.00%,64.70%,99.10%,46.20%,77.50%,NA,NA,NA,NA,NA,NA,75.50%,68.70%,72.00%,73.10%,20.50%,58.20%,NA,NA,NA,NA,NA,NA,51.90%,51.30%,72.00%,52.80%,2.70%,26.70%,8.2,NA,NA,NA,7.5,8.4,7.6,NA,NA,NA,6.7,7.7,1827,0,0%,NA,4.38,4.76,3.15,2.93,4.63,5.07,50.4,54.2,219,214,0.24,0.59,0.05,0.4,0.43,0.78,37.3,34.6,53,57.4,17.90%,27.30%,15.20%,23.20%,10.30%,19.50%,5.30%,16.10%,2.60%,6.50%,0.00%,3.20%,20.40%,29.10%,17.70%,25.90%,12.40%,22.20%,67.90%,74.50%,74.10%,77.30%,53.10%,60.00%,52.60%,45.20%,31.60%,22.60%,78.50%,82.50%,57.50%,66.10%,38,31,17.00%,14.10%,186,189,83.00%,85.90%,6.8,6.6,8.4,8.4,6.1,5.8,7.8,7.8
1,919,5411,137224,Mount Grace School,,Church Road,,,Potters Bar,EN6 1EZ,01707655512,E14001284,Hertsmere,0,0,ACC,None,NSE,OTHER NON SEL,MIXED,0,11-18,489,262,227,79,43,54.40%,36,45.60%,NA,NA,NA,NA,NA,NA,NA,15,19.00%,64,81.00%,2,2.50%,77,97.50%,0,0.00%,73,92.40%,6,7.60%,14,17.70%,8,10.10%,2854.5,36.1,640,8.1,570,7.2,768,9.7,876.5,11.1,641.5,8.1,235,3,2.7,2.8,NA,NA,NA,NA,NA,NA,NA,NA,NA,NA,NA,NA,NA,NA,NA,NA,NA,NA,NA,NA,NA,46.80%,26.60%,237.49,3.01,2.04,3.23,NA,NA,NA,SUPP,3.12,2.91,3.01,23,29.10%,11.40%,5.10%,77,97.50%,78,98.70%,76,96.20%,65,82.30%,27,34.20%,57.00%,38.00%,57.00%,31.60%,40.80%,23.70%,44.60%,30.80%,40.70%,37.00%,NA,NA,NA,NA,NA,NA,NA,NA,NA,NA,NA,NA,NA,NA,NA,45,30,45,25,31,18,29,20,11,10,21,26.60%,76,96.20%,76,96.20%,73,96.10%,63,96.90%,25,92.60%,25.1,NA,NA,NA,NA,NA,NA,NA,NA,38.7,NA,NA,NA,NA,NA,NA,NA,NA,6,NA,NA,NA,5.1,NA,NA,NA,6.8,NA,NA,NA,7.2,NA,NA,NA,8.6,NA,NA,NA,7.7,NA,NA,NA,10.4,NA,NA,NA,12,NA,NA,NA,5.5,1.7,8.7,3.3,-25.3,NA,NA,NA,NA,NA,NA,NA,NA,NA,NA,NA,NA,NA,NA,NA,NA,NA,NA,NA,NA,NA,NA,NA,NA,NA,NA,NA,NA,SUPP,SUPP,SUPP,SUPP,SUPP,SUPP,SUPP,NA,NA,NA,NA,NA,NA,NA,NA,37.5,8.8,6.8,10.4,11.5,8.8,2.7,NA,NA,NA,NA,NA,NA,NA,NA,35,7.5,7.6,9.2,10.7,7.5,3.2,NA,NA,NA,NA,NA,NA,NA,NA,36.1,8.1,7.2,9.6,11.1,8,3.1,NA,NA,NA,NA,NA,NA,NA,NA,NA,NA,NA,NA,NA,NA,NA,NA,NA,NA,NA,NA,26.70%,29.70%,0.00%,0.00%,14.10%,6.30%,NA,NA,NA,NA,NA,NA,NA,NA,NA,NA,NA,NA,NA,NA,NA,NA,NA,NA,NA,NA,NA,NA,NA,NA,NA,NA,NA,NA,NA,NA,NA,NA,NA,NA,NA,NA,NA,NA,NA,NA,NA,NA,NA,NA,NA,27.90%,11.60%,7.00%,30.60%,11.10%,2.80%,31.50%,12.30%,5.50%,SUPP,SUPP,SUPP,43.00%,98.70%,13.30%,54.70%,NA,NA,NA,NA,NA,NA,39.50%,55.60%,SUPP,46.60%,0.00%,32.80%,NA,NA,NA,NA,NA,NA,27.90%,25.00%,SUPP,28.80%,3.80%,26.60%,8.8,NA,NA,NA,8.5,8.9,7.7,NA,NA,NA,7.3,7.8,704,0,0%,NA,3.53,3.22,2.53,2.72,3.8,3.47,42.2,39.6,84,68,-0.47,-0.18,-0.77,-0.51,-0.17,0.16,30.3,33.1,45.4,42.8,25.60%,24.60%,11.10%,15.90%,10.00%,7.20%,10.50%,21.70%,5.30%,8.70%,5.30%,4.30%,29.60%,26.10%,12.70%,19.60%,11.30%,8.70%,51.10%,46.40%,60.00%,47.80%,30.00%,30.40%,42.10%,30.40%,15.80%,17.40%,64.80%,56.50%,33.80%,37.00%,19,23,21.10%,33.30%,71,46,78.90%,66.70%,7.3,8,9.2,8.8,6.5,7,8.1,7.7
1,919,5412,137938,Nicholas Breakspear Catholic School,,Colney Heath Lane,,,St Albans,AL4 0TT,01727860079,E14001507,St Albans,0,0,ACC,Roman Catholic,NSE,OTHER NON SEL,MIXED,0,11-18,1097,659,438,175,110,62.90%,65,37.10%,NA,NA,NA,NA,NA,NA,NA,29,16.60%,146,83.40%,53,30.30%,121,69.10%,1,0.60%,173,98.90%,7,4.00%,28,16.00%,21,12.00%,9874.5,56.4,1990,11.4,1998,11.4,2976.5,17,2910,16.6,2653.5,15.2,256.5,1.5,3,3,NA,NA,NA,NA,NA,NA,NA,NA,NA,NA,NA,NA,NA,NA,NA,NA,NA,NA,NA,NA,NA,82.90%,64.60%,924.04,5.28,4.55,5.42,NA,NA,NA,5.52,5.58,5.1,5.28,141,80.60%,50.90%,34.30%,173,98.90%,173,98.90%,173,98.90%,171,97.70%,142,81.10%,89.70%,77.10%,86.90%,72.60%,78.60%,61.80%,77.20%,66.10%,66.90%,53.50%,NA,NA,NA,NA,NA,NA,NA,NA,NA,NA,NA,NA,NA,NA,NA,157,135,152,127,136,107,132,113,95,76,133,76.00%,173,98.90%,173,98.90%,172,99.40%,171,100.00%,134,94.40%,49.6,NA,NA,NA,NA,NA,NA,NA,NA,57.8,NA,NA,NA,NA,NA,NA,NA,NA,10.1,NA,NA,NA,10.1,NA,NA,NA,14.5,NA,NA,NA,14.9,NA,NA,NA,11.6,NA,NA,NA,11.7,NA,NA,NA,17.5,NA,NA,NA,17,NA,NA,NA,12.2,2.7,15.8,1.2,-0.8,NA,NA,NA,NA,NA,NA,NA,NA,NA,NA,NA,NA,NA,NA,NA,NA,NA,NA,NA,NA,NA,NA,NA,NA,NA,NA,NA,NA,57.9,11.5,11.7,17.9,16.8,15.7,1.1,NA,NA,NA,NA,NA,NA,NA,NA,59.9,12.3,11.4,17.9,18.3,16.3,2,NA,NA,NA,NA,NA,NA,NA,NA,54.4,10.8,11.5,16.5,15.6,14.5,1.1,NA,NA,NA,NA,NA,NA,NA,NA,56.4,11.4,11.4,17,16.6,15.2,1.5,NA,NA,NA,NA,NA,NA,NA,NA,NA,NA,NA,NA,NA,NA,NA,NA,NA,NA,NA,NA,65.50%,83.60%,41.40%,20.70%,52.70%,37.00%,NA,NA,NA,NA,NA,NA,NA,NA,NA,NA,NA,NA,NA,NA,NA,NA,NA,NA,NA,NA,NA,NA,NA,NA,NA,NA,NA,NA,NA,NA,NA,NA,NA,NA,NA,NA,NA,NA,NA,NA,NA,NA,NA,NA,NA,79.10%,43.60%,30.90%,83.10%,63.10%,40.00%,80.90%,50.90%,34.70%,81.10%,58.50%,39.60%,80.60%,99.40%,72.40%,84.90%,NA,NA,NA,NA,NA,NA,81.80%,84.60%,79.20%,82.70%,58.60%,65.80%,NA,NA,NA,NA,NA,NA,60.90%,70.80%,60.40%,64.20%,10.30%,20.60%,9,NA,NA,NA,8.7,9.1,8.7,NA,NA,NA,8.2,8.8,1578,0,0%,NA,5.07,4.87,4.07,3.9,5.24,5,54.4,52.6,163,155,0.75,0.7,0.53,0.48,0.96,0.93,44.6,43.1,56.1,53.8,76.40%,83.20%,52.30%,44.70%,35.10%,21.80%,56.00%,66.70%,32.00%,33.30%,20.00%,19.00%,79.90%,85.40%,55.70%,46.20%,37.60%,22.20%,79.90%,74.90%,82.20%,79.30%,59.20%,54.20%,68.00%,52.40%,40.00%,33.30%,84.60%,82.90%,62.40%,57.00%,25,21,14.40%,11.70%,149,158,85.60%,88.30%,8.5,8.8,9.1,9.2,7.9,8.2,8.9,8.8
1,919,4104,117530,The Nobel School,,Mobbsbury Way,,,Stevenage,SG2 0HS,01438222600,E14001516,Stevenage,0,0,FD,Does not apply,NSE,OTHER NON SEL,MIXED,0,11-18,1490,729,761,236,107,45.30%,129,54.70%,NA,NA,NA,NA,NA,NA,NA,36,15.30%,200,84.70%,26,11.00%,206,87.30%,4,1.70%,229,97.00%,3,1.30%,59,25.00%,56,23.70%,11848.5,50.2,2498,10.6,2310,9.8,3449.5,14.6,3591,15.2,3192.5,13.5,398.5,1.7,2.9,2.9,NA,NA,NA,NA,NA,NA,NA,NA,NA,NA,NA,NA,NA,NA,NA,NA,NA,NA,NA,NA,NA,67.40%,46.60%,1002.54,4.25,3.85,4.32,NA,NA,NA,4.32,4.6,3.83,4.27,50,21.20%,13.60%,8.10%,236,100.00%,236,100.00%,232,98.30%,178,75.40%,80,33.90%,80.50%,64.00%,72.00%,53.80%,67.20%,50.90%,75.30%,58.40%,86.30%,75.00%,NA,NA,NA,NA,NA,NA,NA,NA,NA,NA,NA,NA,NA,NA,NA,190,151,170,127,156,118,134,104,69,60,49,20.80%,236,100.00%,233,98.70%,232,100.00%,178,100.00%,79,98.80%,46.6,NA,NA,NA,NA,NA,NA,NA,NA,50.9,NA,NA,NA,NA,NA,NA,NA,NA,10.2,NA,NA,NA,8.4,NA,NA,NA,13.3,NA,NA,NA,14.7,NA,NA,NA,10.7,NA,NA,NA,10,NA,NA,NA,14.9,NA,NA,NA,15.3,NA,NA,NA,12.1,2.6,13.8,1.5,-3.8,NA,NA,NA,NA,NA,NA,NA,NA,NA,NA,NA,NA,NA,NA,NA,NA,NA,NA,NA,NA,NA,NA,NA,NA,NA,NA,NA,NA,50.8,10.8,9.8,14.9,15.3,13.5,1.8,NA,NA,NA,NA,NA,NA,NA,NA,54.6,11.6,10.2,15.7,17.1,15.5,1.6,NA,NA,NA,NA,NA,NA,NA,NA,44.9,9.3,9.3,13.3,13,11.2,1.8,NA,NA,NA,NA,NA,NA,NA,NA,50.4,10.6,9.9,14.7,15.3,13.5,1.7,NA,NA,NA,NA,NA,NA,NA,NA,NA,NA,NA,NA,NA,NA,NA,NA,NA,NA,NA,NA,13.90%,22.50%,5.60%,2.80%,15.00%,9.00%,NA,NA,NA,NA,NA,NA,NA,NA,NA,NA,NA,NA,NA,NA,NA,NA,NA,NA,NA,NA,NA,NA,NA,NA,NA,NA,NA,NA,NA,NA,NA,NA,NA,NA,NA,NA,NA,NA,NA,NA,NA,NA,NA,NA,NA,17.80%,9.30%,5.60%,24.00%,17.10%,10.10%,21.40%,14.00%,8.30%,19.20%,11.50%,0.00%,64.40%,100.00%,55.60%,69.50%,NA,NA,NA,NA,NA,NA,59.80%,73.60%,69.20%,67.70%,38.90%,48.00%,NA,NA,NA,NA,NA,NA,37.40%,54.30%,30.80%,47.20%,0.00%,23.30%,8.1,NA,NA,NA,7.9,8.1,7.7,NA,NA,NA,7.3,7.7,1904,0,0%,NA,4.19,4.12,3.29,3.12,4.33,4.3,51.2,49.9,221,230,0.38,0.4,0.19,0.22,0.56,0.59,40.1,38.2,53,52.1,7.00%,8.50%,5.70%,7.30%,5.20%,6.00%,3.10%,2.80%,3.10%,2.80%,3.10%,2.80%,7.60%,9.60%,6.10%,8.10%,5.60%,6.60%,69.00%,69.20%,74.70%,73.50%,51.10%,52.10%,56.30%,47.20%,31.30%,33.30%,77.70%,78.30%,54.30%,55.60%,32,36,14.00%,15.40%,197,198,86.00%,84.60%,7.5,7.1,8,8.1,6.9,6.8,7.6,7.7
1,919,4035,147535,Onslow St Audrey's School,,Old Rectory Drive,,,Hatfield,AL10 8AB,01707264228,E14001573,Welwyn Hatfield,0,0,ACC,Unknown,NR,OTHER NON SEL,MIXED,0,11-18,807,472,335,141,96,68.10%,45,31.90%,NA,NA,NA,NA,NA,NA,NA,48,34.00%,93,66.00%,47,33.30%,91,64.50%,3,2.10%,126,89.40%,7,5.00%,19,13.50%,12,8.50%,5157.25,36.6,1178,8.4,986,7,1485,10.5,1508.25,10.7,1420,10.1,88.25,0.6,2.7,2.7,NA,NA,NA,NA,NA,NA,NA,NA,NA,NA,NA,NA,NA,NA,NA,NA,NA,NA,NA,NA,NA,44.70%,24.10%,440.83,3.13,2.81,3.29,NA,NA,NA,3.5,3.39,3.01,3.18,44,31.20%,12.80%,5.00%,136,96.50%,137,97.20%,135,95.70%,103,73.00%,57,40.40%,57.40%,45.40%,51.10%,27.70%,43.70%,25.20%,43.70%,26.20%,49.10%,42.10%,NA,NA,NA,NA,NA,NA,NA,NA,NA,NA,NA,NA,NA,NA,NA,81,64,72,39,59,34,45,27,28,24,41,29.10%,134,95.00%,130,92.20%,132,97.80%,101,98.10%,55,96.50%,32.6,NA,NA,NA,NA,NA,NA,NA,NA,38.6,NA,NA,NA,NA,NA,NA,NA,NA,7.5,NA,NA,NA,5.9,NA,NA,NA,9.7,NA,NA,NA,9.6,NA,NA,NA,8.8,NA,NA,NA,7.5,NA,NA,NA,11,NA,NA,NA,11.3,NA,NA,NA,8.9,0.7,10.7,0.6,-17.8,NA,NA,NA,NA,NA,NA,NA,NA,NA,NA,NA,NA,NA,NA,NA,NA,NA,NA,NA,NA,NA,NA,NA,NA,NA,NA,NA,NA,39.7,8.8,7.7,12.2,10.9,10.3,0.6,NA,NA,NA,NA,NA,NA,NA,NA,39.8,9.2,7,11.1,12.4,11.5,0.9,NA,NA,NA,NA,NA,NA,NA,NA,35.1,7.9,7,10.3,9.9,9.4,0.5,NA,NA,NA,NA,NA,NA,NA,NA,37.2,8.5,7,10.7,11,10.4,0.7,NA,NA,NA,NA,NA,NA,NA,NA,NA,NA,NA,NA,NA,NA,NA,NA,NA,NA,NA,NA,29.20%,32.30%,12.50%,0.00%,12.90%,7.50%,NA,NA,NA,NA,NA,NA,NA,NA,NA,NA,NA,NA,NA,NA,NA,NA,NA,NA,NA,NA,NA,NA,NA,NA,NA,NA,NA,NA,NA,NA,NA,NA,NA,NA,NA,NA,NA,NA,NA,NA,NA,NA,NA,NA,NA,25.00%,9.40%,3.10%,44.40%,20.00%,8.90%,32.50%,14.30%,5.60%,29.80%,14.90%,8.50%,41.10%,97.90%,37.50%,48.40%,NA,NA,NA,NA,NA,NA,43.80%,46.70%,46.80%,46.80%,12.50%,30.10%,NA,NA,NA,NA,NA,NA,22.90%,26.70%,36.20%,24.60%,4.30%,29.80%,7.7,NA,NA,NA,7.5,7.8,7.4,NA,NA,NA,7.2,7.5,1103,0,0%,NA,3.18,2.97,2.55,2.6,3.45,3.15,36.6,35.8,115,115,-0.36,-0.46,-0.62,-0.72,-0.1,-0.2,30.1,31.9,39.4,37.6,30.10%,24.80%,14.70%,7.00%,7.40%,4.70%,17.10%,17.10%,2.40%,4.90%,2.40%,2.40%,35.80%,28.40%,20.00%,8.00%,9.50%,5.70%,44.10%,35.70%,48.50%,41.10%,27.20%,20.90%,31.70%,24.40%,19.50%,12.20%,55.80%,48.90%,30.50%,25.00%,41,41,30.10%,31.80%,95,88,69.90%,68.20%,7.1,7.2,7.8,7.7,6.3,6.2,7.2,6.8
1,919,5404,136899,Parmiter's School,,High Elms Lane,Garston,,Watford,WD25 0UU,01923671424,E14001496,South West Hertfordshire,0,0,ACC,None,NSE,OTHER NON SEL,MIXED,0,11-18,1464,770,694,208,112,53.80%,96,46.20%,NA,NA,NA,NA,NA,NA,NA,26,12.50%,182,87.50%,60,28.80%,148,71.20%,0,0.00%,207,99.50%,7,3.40%,28,13.50%,21,10.10%,13836.5,66.5,2710,13,2746,13.2,4321.5,20.8,4059,19.5,4008,19.3,51,0.2,3,3,NA,NA,NA,NA,NA,NA,NA,NA,NA,NA,NA,NA,NA,NA,NA,NA,NA,NA,NA,NA,NA,90.40%,80.80%,1329.3,6.39,4.72,6.63,NA,NA,NA,6.86,6.69,6.14,6.39,164,78.80%,65.40%,55.30%,207,99.50%,204,98.10%,207,99.50%,168,80.80%,198,95.20%,92.30%,87.50%,94.20%,84.10%,93.20%,86.00%,92.90%,87.50%,86.40%,74.70%,NA,NA,NA,NA,NA,NA,NA,NA,NA,NA,NA,NA,NA,NA,NA,192,182,196,175,193,178,156,147,171,148,164,78.80%,207,99.50%,204,98.10%,206,99.50%,168,100.00%,198,100.00%,50.3,NA,NA,NA,NA,NA,NA,NA,NA,68.8,NA,NA,NA,NA,NA,NA,NA,NA,10.8,NA,NA,NA,9.3,NA,NA,NA,15.3,NA,NA,NA,14.9,NA,NA,NA,13.4,NA,NA,NA,13.8,NA,NA,NA,21.6,NA,NA,NA,20.2,NA,NA,NA,14.9,0,19.9,0.3,-0.1,NA,NA,NA,NA,NA,NA,NA,NA,NA,NA,NA,NA,NA,NA,NA,NA,NA,NA,NA,NA,NA,NA,NA,NA,NA,NA,NA,NA,69.8,13.7,14,22,20.1,20,0.1,NA,NA,NA,NA,NA,NA,NA,NA,69.4,13.8,13.2,21.7,20.7,20.2,0.4,NA,NA,NA,NA,NA,NA,NA,NA,64.1,12.4,13.2,20,18.5,18.4,0.1,NA,NA,NA,NA,NA,NA,NA,NA,66.5,13,13.2,20.8,19.5,19.3,0.2,NA,NA,NA,NA,NA,NA,NA,NA,NA,NA,NA,NA,NA,NA,NA,NA,NA,NA,NA,NA,76.90%,79.10%,42.30%,23.10%,68.70%,59.90%,NA,NA,NA,NA,NA,NA,NA,NA,NA,NA,NA,NA,NA,NA,NA,NA,NA,NA,NA,NA,NA,NA,NA,NA,NA,NA,NA,NA,NA,NA,NA,NA,NA,NA,NA,NA,NA,NA,NA,NA,NA,NA,NA,NA,NA,76.80%,60.70%,47.30%,81.30%,70.80%,64.60%,79.20%,65.70%,55.60%,86.70%,78.30%,73.30%,88.00%,99.50%,73.10%,92.90%,NA,NA,NA,NA,NA,NA,89.30%,91.70%,95.00%,90.30%,50.00%,85.20%,NA,NA,NA,NA,NA,NA,78.60%,83.30%,86.70%,80.70%,9.60%,43.80%,8.9,NA,NA,NA,7.6,9.1,8.8,NA,NA,NA,7.6,9,1850,0,0%,NA,6.44,6.04,4.5,4.13,6.66,6.17,68.3,63.5,197,192,0.74,0.5,0.54,0.3,0.94,0.7,49.3,45.5,70.4,64.7,73.00%,74.30%,62.10%,65.00%,51.20%,53.90%,66.70%,53.80%,28.60%,30.80%,19.00%,23.10%,73.70%,75.60%,65.80%,67.40%,54.70%,56.00%,92.90%,87.90%,94.30%,90.80%,83.40%,77.20%,76.20%,53.80%,42.90%,53.80%,96.30%,93.30%,87.90%,78.80%,21,13,10.00%,6.30%,190,193,90.00%,93.70%,8,6.8,9.1,8.8,8,6.8,9.1,8.8
2,919,7004,141251,Pinewood School,,Hoe Lane,,,Ware,SG12 9PB,01920412211,E14001283,Hertford and Stortford,0,0,ACCS,Does not apply,NA,NA,MIXED,0,11-16,209,147,62,54,39,72.20%,15,27.80%,NA,NA,NA,NA,NA,NA,NA,29,53.70%,25,46.30%,2,3.70%,52,96.30%,0,0.00%,54,100.00%,,,,,,,NE,NE,NE,NE,NE,NE,NE,NE,NE,NE,NE,NE,NE,NE,NE,NE,NA,NA,NA,NA,NA,NA,NA,NA,NA,NA,NA,NA,NA,NA,NA,NA,NA,NA,NA,NA,NA,NE,NE,NE,NE,NE,NE,NA,NA,NA,SUPP,NE,NE,NE,NE,NE,NE,NE,NE,NE,NE,NE,NE,NE,NE,NE,NE,NE,NE,NE,NE,NE,NE,NE,NE,NE,NE,NE,NA,NA,NA,NA,NA,NA,NA,NA,NA,NA,NA,NA,NA,NA,NA,NE,NE,NE,NE,NE,NE,NE,NE,NE,NE,NE,NE,NE,NE,NE,NE,NE,NE,NE,NE,NE,NE,NE,NA,NA,NA,NA,NA,NA,NA,NA,NE,NA,NA,NA,NA,NA,NA,NA,NA,NE,NA,NA,NA,NE,NA,NA,NA,NE,NA,NA,NA,NE,NA,NA,NA,NE,NA,NA,NA,NE,NA,NA,NA,NE,NA,NA,NA,NE,NA,NA,NA,NE,NE,NE,NE,NE,NA,NA,NA,NA,NA,NA,NA,NA,NA,NA,NA,NA,NA,NA,NA,NA,NA,NA,NA,NA,NA,NA,NA,NA,NA,NA,NA,NA,SUPP,SUPP,SUPP,SUPP,SUPP,SUPP,SUPP,NA,NA,NA,NA,NA,NA,NA,NA,NE,NE,NE,NE,NE,NE,NE,NA,NA,NA,NA,NA,NA,NA,NA,NE,NE,NE,NE,NE,NE,NE,NA,NA,NA,NA,NA,NA,NA,NA,NE,NE,NE,NE,NE,NE,NE,NA,NA,NA,NA,NA,NA,NA,NA,NA,NA,NA,NA,NA,NA,NA,NA,NA,NA,NA,NA,NE,NE,NE,NE,NE,NE,NA,NA,NA,NA,NA,NA,NA,NA,NA,NA,NA,NA,NA,NA,NA,NA,NA,NA,NA,NA,NA,NA,NA,NA,NA,NA,NA,NA,NA,NA,NA,NA,NA,NA,NA,NA,NA,NA,NA,NA,NA,NA,NA,NA,NA,NE,NE,NE,NE,NE,NE,NE,NE,NE,SUPP,SUPP,SUPP,NE,NE,NE,NE,NA,NA,NA,NA,NA,NA,NE,NE,SUPP,NE,NE,NE,NA,NA,NA,NA,NA,NA,NE,NE,SUPP,NE,NE,NE,NE,NA,NA,NA,NE,NE,NE,NA,NA,NA,NE,NE,NE,NE,NE,NA,NE,NE,NE,NE,NE,NE,NE,NE,NE,NE,NE,NE,NE,NE,NE,NE,NE,NE,NE,NE,NE,NE,NE,NE,NE,NE,NE,NE,NE,NE,NE,NE,NE,NE,NE,NE,NE,NE,NE,NE,NE,NE,NE,NE,NE,NE,NE,NE,NE,NE,NE,NE,14,17,40.00%,48.60%,21,18,60.00%,51.40%,NE,NE,NE,NE,NE,NE,NE,NE
1,919,4013,137985,Presdales School,,Hoe Lane,,,Ware,SG12 9NX,01920462210,E14001283,Hertford and Stortford,0,0,ACC,Does not apply,NSE,OTHER NON SEL,GIRLS,0,11-18,1166,24,1142,177,NA,0.00%,177,100.00%,NA,NA,NA,NA,NA,NA,NA,16,9.00%,161,91.00%,13,7.30%,164,92.70%,0,0.00%,175,98.90%,2,1.10%,17,9.60%,15,8.50%,10425,58.9,2222,12.6,1998,11.3,3123.5,17.6,3081.5,17.4,3073,17.4,8.5,0,2.9,3,NA,NA,NA,NA,NA,NA,NA,NA,NA,NA,NA,NA,NA,NA,NA,NA,NA,NA,NA,NA,NA,89.80%,69.50%,986.31,5.57,3.47,5.78,NA,NA,NA,5.78,5.57,NE,5.62,146,82.50%,65.50%,49.70%,174,98.30%,175,98.90%,167,94.40%,167,94.40%,153,86.40%,93.80%,85.90%,91.00%,72.90%,86.20%,73.10%,85.60%,74.90%,81.70%,71.20%,NA,NA,NA,NA,NA,NA,NA,NA,NA,NA,NA,NA,NA,NA,NA,166,152,161,129,144,122,143,125,125,109,146,82.50%,174,98.30%,175,98.90%,167,100.00%,167,100.00%,153,100.00%,39.6,NA,NA,NA,NA,NA,NA,NA,NA,60.8,NA,NA,NA,NA,NA,NA,NA,NA,9.1,NA,NA,NA,7.6,NA,NA,NA,11.3,NA,NA,NA,11.6,NA,NA,NA,12.9,NA,NA,NA,11.7,NA,NA,NA,18.3,NA,NA,NA,18,NA,NA,NA,11.6,0,17.9,0.1,-10.8,NA,NA,NA,NA,NA,NA,NA,NA,NA,NA,NA,NA,NA,NA,NA,NA,NA,NA,NA,NA,NA,NA,NA,NA,NA,NA,NA,NA,58.9,12,11.1,18.8,17,17,0,NA,NA,NA,NA,NA,NA,NA,NA,58.9,12.6,11.3,17.6,17.4,17.4,0,NA,NA,NA,NA,NA,NA,NA,NA,NE,NE,NE,NE,NE,NE,NE,NA,NA,NA,NA,NA,NA,NA,NA,59.3,12.6,11.3,17.8,17.5,17.5,0,NA,NA,NA,NA,NA,NA,NA,NA,NA,NA,NA,NA,NA,NA,NA,NA,NA,NA,NA,NA,62.50%,84.50%,18.80%,6.30%,70.20%,54.00%,NA,NA,NA,NA,NA,NA,NA,NA,NA,NA,NA,NA,NA,NA,NA,NA,NA,NA,NA,NA,NA,NA,NA,NA,NA,NA,NA,NA,NA,NA,NA,NA,NA,NA,NA,NA,NA,NA,NA,NA,NA,NA,NA,NA,NA,NE,NE,NE,82.50%,65.50%,49.70%,83.40%,66.30%,50.30%,84.60%,76.90%,46.20%,88.10%,98.90%,50.00%,93.80%,NA,NA,NA,NA,NA,NA,NE,89.80%,100.00%,90.30%,18.80%,74.50%,NA,NA,NA,NA,NA,NA,NE,69.50%,53.80%,69.70%,10.20%,30.50%,8.4,NA,NA,NA,7.7,8.5,8.4,NA,NA,NA,7.7,8.5,1486,0,0%,NA,5.54,5.45,4.58,4.28,5.64,5.56,58.8,57.8,164,168,0.61,0.58,0.39,0.37,0.83,0.79,49.8,45.8,59.8,59,82.30%,80.20%,61.70%,56.50%,44.60%,40.10%,64.70%,73.30%,47.10%,26.70%,23.50%,20.00%,84.20%,80.90%,63.30%,59.30%,46.80%,42.00%,89.10%,84.20%,93.10%,87.00%,71.40%,67.80%,82.40%,73.30%,52.90%,33.30%,94.30%,88.30%,73.40%,71.00%,17,15,9.70%,8.50%,158,162,90.30%,91.50%,8.1,7.8,8.6,8.5,7.9,7.7,8.6,8.5
1,919,4000,117499,The Priory School,,Bedford Road,,,Hitchin,SG5 2UR,01462622300,E14001289,Hitchin,0,0,FD,Does not apply,NSE,OTHER NON SEL,MIXED,0,11-18,1242,640,602,195,112,57.40%,83,42.60%,NA,NA,NA,NA,NA,NA,NA,36,18.50%,159,81.50%,7,3.60%,187,95.90%,1,0.50%,192,98.50%,2,1.00%,33,16.90%,31,15.90%,9459.25,48.5,2052,10.5,1866,9.6,2796.5,14.3,2744.75,14.1,2501.5,12.8,243.25,1.2,2.9,2.8,NA,NA,NA,NA,NA,NA,NA,NA,NA,NA,NA,NA,NA,NA,NA,NA,NA,NA,NA,NA,NA,64.10%,49.20%,833.84,4.28,3,4.57,NA,NA,NA,2.81,4.46,4.14,4.32,64,32.80%,21.00%,16.40%,173,88.70%,191,97.90%,189,96.90%,183,93.80%,66,33.80%,77.90%,67.70%,68.70%,52.80%,68.30%,45.50%,69.90%,54.60%,69.70%,62.10%,NA,NA,NA,NA,NA,NA,NA,NA,NA,NA,NA,NA,NA,NA,NA,152,132,134,103,129,86,128,100,46,41,64,32.80%,173,88.70%,191,97.90%,189,100.00%,183,100.00%,66,100.00%,36.2,NA,NA,NA,NA,NA,NA,NA,NA,51.3,NA,NA,NA,NA,NA,NA,NA,NA,8.2,NA,NA,NA,6.8,NA,NA,NA,10.6,NA,NA,NA,10.6,NA,NA,NA,11.1,NA,NA,NA,10.2,NA,NA,NA,15.2,NA,NA,NA,14.9,NA,NA,NA,8.6,1.9,13.8,1.1,-14.2,NA,NA,NA,NA,NA,NA,NA,NA,NA,NA,NA,NA,NA,NA,NA,NA,NA,NA,NA,NA,NA,NA,NA,NA,NA,NA,NA,NA,31.4,6.1,6.3,9.7,9.3,8.6,0.7,NA,NA,NA,NA,NA,NA,NA,NA,51.7,11.4,9.7,14.9,15.7,14.4,1.3,NA,NA,NA,NA,NA,NA,NA,NA,46.2,9.8,9.5,13.9,12.9,11.7,1.2,NA,NA,NA,NA,NA,NA,NA,NA,49,10.6,9.6,14.5,14.3,13,1.3,NA,NA,NA,NA,NA,NA,NA,NA,NA,NA,NA,NA,NA,NA,NA,NA,NA,NA,NA,NA,11.10%,37.70%,0.00%,0.00%,25.80%,20.10%,NA,NA,NA,NA,NA,NA,NA,NA,NA,NA,NA,NA,NA,NA,NA,NA,NA,NA,NA,NA,NA,NA,NA,NA,NA,NA,NA,NA,NA,NA,NA,NA,NA,NA,NA,NA,NA,NA,NA,NA,NA,NA,NA,NA,NA,34.80%,19.60%,16.10%,30.10%,22.90%,16.90%,33.30%,21.40%,16.70%,28.60%,28.60%,28.60%,62.10%,97.90%,36.10%,70.40%,NA,NA,NA,NA,NA,NA,61.60%,67.50%,28.60%,65.10%,16.70%,56.60%,NA,NA,NA,NA,NA,NA,46.40%,53.00%,28.60%,50.00%,0.00%,29.20%,8.1,NA,NA,NA,7.3,8.3,7.6,NA,NA,NA,6.6,7.8,1591,0,0%,NA,4.11,4.31,3.1,3.09,4.36,4.56,46.5,48.1,189,191,-0.05,-0.07,-0.25,-0.27,0.15,0.13,35.5,35.2,49.2,50.8,33.70%,35.10%,18.10%,19.50%,13.50%,14.10%,23.70%,25.70%,10.50%,11.40%,5.30%,5.70%,36.10%,37.10%,20.00%,21.20%,15.50%,15.90%,60.10%,62.90%,67.90%,65.40%,43.50%,44.40%,42.10%,40.00%,18.40%,25.70%,74.20%,70.60%,49.70%,48.20%,38,35,19.70%,17.10%,155,170,80.30%,82.90%,7.4,7.7,8.3,8.6,6.7,7,7.8,8.1
1,919,6239,102256,The Purcell School,,Aldenham Road,Bushey,,,WD23 2TS,01923331100,E14001568,Watford,0,0,IND,None,,NA,MIXED,0,8-19,195,91,104,35,12,34.30%,23,65.70%,NA,NA,NA,NA,NA,NA,NA,NP,NP,NP,NP,NP,NP,NP,NP,NP,NP,NP,NP,NA,NA,NA,NA,NA,NA,1669.5,47.7,264,7.5,402,11.5,652,18.6,351.5,10,298,8.5,53.5,1.5,2.6,1.6,NA,NA,NA,NA,NA,NA,NA,NA,NA,NA,NA,NA,NA,NA,NA,NA,NA,NA,NA,NA,NA,82.90%,54.30%,154.5,4.41,NP,NP,NA,NA,NA,NP,4.5,4.25,NP,0,0.00%,0.00%,0.00%,13,37.10%,35,100.00%,35,100.00%,0,0.00%,26,74.30%,34.30%,31.40%,94.30%,77.10%,94.30%,77.10%,NE,NE,100.00%,92.30%,NA,NA,NA,NA,NA,NA,NA,NA,NA,NA,NA,NA,NA,NA,NA,12,11,33,27,33,27,NE,NE,26,24,0,0.00%,13,37.10%,35,100.00%,33,94.30%,NE,NE,26,100.00%,NP,NA,NA,NA,NA,NA,NA,NA,NA,NP,NA,NA,NA,NA,NA,NA,NA,NA,NP,NA,NA,NA,NP,NA,NA,NA,NP,NA,NA,NA,NP,NA,NA,NA,NP,NA,NA,NA,NP,NA,NA,NA,NP,NA,NA,NA,NP,NA,NA,NA,NP,NP,NP,NP,NP,NA,NA,NA,NA,NA,NA,NA,NA,NA,NA,NA,NA,NA,NA,NA,NA,NA,NA,NA,NA,NA,NA,NA,NA,NA,NA,NA,NA,NP,NP,NP,NP,NP,NP,NP,NA,NA,NA,NA,NA,NA,NA,NA,49.7,8.2,11.4,18.6,11.5,9.5,2,NA,NA,NA,NA,NA,NA,NA,NA,43.8,6.3,11.7,18.7,7.2,6.6,0.6,NA,NA,NA,NA,NA,NA,NA,NA,NP,NP,NP,NP,NP,NP,NP,NA,NA,NA,NA,NA,NA,NA,NA,NA,NA,NA,NA,NA,NA,NA,NA,NA,NA,NA,NA,NP,NP,NP,NP,NP,NP,NA,NA,NA,NA,NA,NA,NA,NA,NA,NA,NA,NA,NA,NA,NA,NA,NA,NA,NA,NA,NA,NA,NA,NA,NA,NA,NA,NA,NA,NA,NA,NA,NA,NA,NA,NA,NA,NA,NA,NA,NA,NA,NA,NA,NA,0.00%,0.00%,0.00%,0.00%,0.00%,0.00%,NP,NP,NP,NP,NP,NP,60.00%,100.00%,NP,NP,NA,NA,NA,NA,NA,NA,75.00%,87.00%,NP,NP,NP,NP,NA,NA,NA,NA,NA,NA,66.70%,47.80%,NP,NP,14.30%,11.40%,5.3,NA,NA,NA,NP,NP,5.1,NA,NA,NA,NP,NP,189,0,0%,NA,3.67,3.82,NP,NP,NP,NP,40.2,36.6,NP,NP,NP,NP,NP,NP,NP,NP,NP,NP,NP,NP,0.00%,0.00%,0.00%,0.00%,0.00%,0.00%,NP,NP,NP,NP,NP,NP,NP,NP,NP,NP,NP,NP,36.40%,0.00%,54.50%,0.00%,45.50%,0.00%,NP,NP,NP,NP,NP,NP,NP,NP,NP,NP,NP,NP,NP,NP,NP,NP,NP,NP,NP,NP,NP,NP,NP,NP
1,919,5410,136877,Queens' School,,Aldenham Road,,,Bushey,WD23 2TY,01923224465,E14001568,Watford,0,0,ACC,None,NSE,OTHER NON SEL,MIXED,0,11-18,1660,836,824,267,122,45.70%,145,54.30%,NA,NA,NA,NA,NA,NA,NA,28,10.50%,239,89.50%,46,17.20%,220,82.40%,1,0.40%,258,96.60%,1,0.40%,61,22.80%,60,22.50%,15348.5,57.5,3125,11.7,3074,11.5,4683,17.5,4466.5,16.7,4466.5,16.7,0,0,3,3,NA,NA,NA,NA,NA,NA,NA,NA,NA,NA,NA,NA,NA,NA,NA,NA,NA,NA,NA,NA,NA,83.50%,67.80%,1445.69,5.41,4.35,5.54,NA,NA,NA,5.16,5.52,5.29,5.45,223,83.50%,47.90%,33.30%,264,98.90%,266,99.60%,266,99.60%,261,97.80%,227,85.00%,87.60%,78.30%,88.40%,74.20%,85.00%,69.50%,80.50%,68.60%,59.50%,45.40%,NA,NA,NA,NA,NA,NA,NA,NA,NA,NA,NA,NA,NA,NA,NA,234,209,236,198,226,185,210,179,135,103,211,79.00%,263,98.50%,265,99.30%,264,99.20%,258,98.90%,216,95.20%,46.9,NA,NA,NA,NA,NA,NA,NA,NA,58.7,NA,NA,NA,NA,NA,NA,NA,NA,9.6,NA,NA,NA,9.9,NA,NA,NA,14,NA,NA,NA,13.4,NA,NA,NA,11.9,NA,NA,NA,11.7,NA,NA,NA,17.9,NA,NA,NA,17.1,NA,NA,NA,13.4,0,17.1,0,-3.5,NA,NA,NA,NA,NA,NA,NA,NA,NA,NA,NA,NA,NA,NA,NA,NA,NA,NA,NA,NA,NA,NA,NA,NA,NA,NA,NA,NA,54,10.8,11.2,16.9,15.1,15.1,0,NA,NA,NA,NA,NA,NA,NA,NA,58.5,12.3,11.3,17.6,17.3,17.3,0,NA,NA,NA,NA,NA,NA,NA,NA,56.2,11,11.8,17.5,16,16,0,NA,NA,NA,NA,NA,NA,NA,NA,57.9,11.8,11.6,17.7,16.9,16.9,0,NA,NA,NA,NA,NA,NA,NA,NA,NA,NA,NA,NA,NA,NA,NA,NA,NA,NA,NA,NA,64.30%,85.80%,28.60%,17.90%,50.20%,35.10%,NA,NA,NA,NA,NA,NA,NA,NA,NA,NA,NA,NA,NA,NA,NA,NA,NA,NA,NA,NA,NA,NA,NA,NA,NA,NA,NA,NA,NA,NA,NA,NA,NA,NA,NA,NA,NA,NA,NA,NA,NA,NA,NA,NA,NA,77.90%,44.30%,24.60%,88.30%,51.00%,40.70%,84.10%,48.40%,33.70%,82.60%,43.50%,37.00%,81.60%,99.30%,67.90%,85.40%,NA,NA,NA,NA,NA,NA,82.80%,84.10%,73.90%,84.10%,46.40%,70.30%,NA,NA,NA,NA,NA,NA,65.60%,69.70%,60.90%,69.00%,3.70%,68.50%,9.2,NA,NA,NA,8.4,9.3,9.2,NA,NA,NA,8.4,9.3,2468,0,0%,NA,4.89,4.96,3.49,4.07,5.09,5.07,53.5,55.6,252,255,0.2,0.18,0.02,0.01,0.37,0.36,38.8,46.1,55.5,56.7,51.10%,40.50%,39.10%,29.50%,30.10%,22.70%,39.40%,37.00%,21.20%,25.90%,12.10%,18.50%,52.80%,40.90%,41.60%,30.00%,32.60%,23.20%,77.10%,79.90%,80.50%,86.00%,62.80%,65.20%,60.60%,66.70%,39.40%,40.70%,83.30%,88.20%,66.10%,67.90%,33,27,12.40%,10.20%,233,237,87.60%,89.80%,7.4,8.3,8.6,8.6,7.4,8.3,8.6,8.6
1,919,6020,117609,Queenswood School,,Shepherd's Way,Brookmans Park,,Hatfield,AL9 6NS,01707602500,E14001573,Welwyn Hatfield,0,0,IND,Methodist,,NA,GIRLS,0,11-18,463,NA,463,85,NA,0.00%,85,100.00%,NA,NA,NA,NA,NA,NA,NA,NP,NP,NP,NP,NP,NP,NP,NP,NP,NP,NP,NP,NA,NA,NA,NA,NA,NA,4009.5,47.2,1038,12.2,0,0,1500.5,17.7,1471,17.3,1462.5,17.2,8.5,0.1,2.6,2.6,NA,NA,NA,NA,NA,NA,NA,NA,NA,NA,NA,NA,NA,NA,NA,NA,NA,NA,NA,NA,NA,0.00%,0.00%,319.67,3.76,NP,NP,NA,NA,NA,NP,3.76,NE,NP,0,0.00%,0.00%,0.00%,78,91.80%,0,0.00%,78,91.80%,0,0.00%,50,58.80%,88.20%,85.90%,0.00%,0.00%,92.30%,82.10%,NE,NE,98.00%,98.00%,NA,NA,NA,NA,NA,NA,NA,NA,NA,NA,NA,NA,NA,NA,NA,75,73,0,0,72,64,NE,NE,49,49,0,0.00%,78,91.80%,0,0.00%,76,97.40%,NE,NE,50,100.00%,NP,NA,NA,NA,NA,NA,NA,NA,NA,NP,NA,NA,NA,NA,NA,NA,NA,NA,NP,NA,NA,NA,NP,NA,NA,NA,NP,NA,NA,NA,NP,NA,NA,NA,NP,NA,NA,NA,NP,NA,NA,NA,NP,NA,NA,NA,NP,NA,NA,NA,NP,NP,NP,NP,NP,NA,NA,NA,NA,NA,NA,NA,NA,NA,NA,NA,NA,NA,NA,NA,NA,NA,NA,NA,NA,NA,NA,NA,NA,NA,NA,NA,NA,NP,NP,NP,NP,NP,NP,NP,NA,NA,NA,NA,NA,NA,NA,NA,47.2,12.2,0,17.7,17.3,17.2,0.1,NA,NA,NA,NA,NA,NA,NA,NA,NE,NE,NE,NE,NE,NE,NE,NA,NA,NA,NA,NA,NA,NA,NA,NP,NP,NP,NP,NP,NP,NP,NA,NA,NA,NA,NA,NA,NA,NA,NA,NA,NA,NA,NA,NA,NA,NA,NA,NA,NA,NA,NP,NP,NP,NP,NP,NP,NA,NA,NA,NA,NA,NA,NA,NA,NA,NA,NA,NA,NA,NA,NA,NA,NA,NA,NA,NA,NA,NA,NA,NA,NA,NA,NA,NA,NA,NA,NA,NA,NA,NA,NA,NA,NA,NA,NA,NA,NA,NA,NA,NA,NA,NE,NE,NE,0.00%,0.00%,0.00%,NP,NP,NP,NP,NP,NP,0.00%,100.00%,NP,NP,NA,NA,NA,NA,NA,NA,NE,0.00%,NP,NP,NP,NP,NA,NA,NA,NA,NA,NA,NE,0.00%,NP,NP,14.10%,35.30%,6,NA,NA,NA,NP,NP,6,NA,NA,NA,NP,NP,513,0,0%,NA,3.94,1.39,NP,NP,NP,NP,50.2,17.9,NP,NP,NP,NP,NP,NP,NP,NP,NP,NP,NP,NP,0.00%,0.00%,0.00%,0.00%,0.00%,0.00%,NP,NP,NP,NP,NP,NP,NP,NP,NP,NP,NP,NP,0.00%,0.00%,0.00%,0.00%,0.00%,0.00%,NP,NP,NP,NP,NP,NP,NP,NP,NP,NP,NP,NP,NP,NP,NP,NP,NP,NP,NP,NP,NP,NP,NP,NP
2,919,6215,117646,Radlett Lodge School,,Harper Lane,,,Radlett,WD7 9HW,01923854922,E14001507,St Albans,0,0,INDSS,None,,NA,MIXED,0,5-19,55,40,15,5,SUPP,SUPP,SUPP,SUPP,NA,NA,NA,NA,NA,NA,NA,NP,NP,NP,NP,NP,NP,NP,NP,NP,NP,NP,NP,,,,,,,SUPP,SUPP,SUPP,SUPP,SUPP,SUPP,SUPP,SUPP,SUPP,SUPP,SUPP,SUPP,SUPP,SUPP,SUPP,SUPP,NA,NA,NA,NA,NA,NA,NA,NA,NA,NA,NA,NA,NA,NA,NA,NA,NA,NA,NA,NA,NA,SUPP,SUPP,SUPP,SUPP,NP,NP,NA,NA,NA,NP,SUPP,SUPP,NP,SUPP,SUPP,SUPP,SUPP,SUPP,SUPP,SUPP,SUPP,SUPP,SUPP,SUPP,SUPP,SUPP,SUPP,SUPP,SUPP,SUPP,SUPP,SUPP,SUPP,SUPP,SUPP,SUPP,SUPP,NA,NA,NA,NA,NA,NA,NA,NA,NA,NA,NA,NA,NA,NA,NA,SUPP,SUPP,SUPP,SUPP,SUPP,SUPP,SUPP,SUPP,SUPP,SUPP,SUPP,SUPP,SUPP,SUPP,SUPP,SUPP,SUPP,SUPP,SUPP,SUPP,SUPP,SUPP,NP,NA,NA,NA,NA,NA,NA,NA,NA,NP,NA,NA,NA,NA,NA,NA,NA,NA,NP,NA,NA,NA,NP,NA,NA,NA,NP,NA,NA,NA,NP,NA,NA,NA,NP,NA,NA,NA,NP,NA,NA,NA,NP,NA,NA,NA,NP,NA,NA,NA,NP,NP,NP,NP,NP,NA,NA,NA,NA,NA,NA,NA,NA,NA,NA,NA,NA,NA,NA,NA,NA,NA,NA,NA,NA,NA,NA,NA,NA,NA,NA,NA,NA,NP,NP,NP,NP,NP,NP,NP,NA,NA,NA,NA,NA,NA,NA,NA,SUPP,SUPP,SUPP,SUPP,SUPP,SUPP,SUPP,NA,NA,NA,NA,NA,NA,NA,NA,SUPP,SUPP,SUPP,SUPP,SUPP,SUPP,SUPP,NA,NA,NA,NA,NA,NA,NA,NA,NP,NP,NP,NP,NP,NP,NP,NA,NA,NA,NA,NA,NA,NA,NA,NA,NA,NA,NA,NA,NA,NA,NA,NA,NA,NA,NA,NP,NP,NP,NP,NP,NP,NA,NA,NA,NA,NA,NA,NA,NA,NA,NA,NA,NA,NA,NA,NA,NA,NA,NA,NA,NA,NA,NA,NA,NA,NA,NA,NA,NA,NA,NA,NA,NA,NA,NA,NA,NA,NA,NA,NA,NA,NA,NA,NA,NA,NA,SUPP,SUPP,SUPP,SUPP,SUPP,SUPP,NP,NP,NP,NP,NP,NP,SUPP,SUPP,NP,NP,NA,NA,NA,NA,NA,NA,SUPP,SUPP,NP,NP,NP,NP,NA,NA,NA,NA,NA,NA,SUPP,SUPP,NP,NP,SUPP,SUPP,SUPP,NA,NA,NA,NP,NP,SUPP,NA,NA,NA,NP,NP,SUPP,SUPP,SUPP,NA,SUPP,NE,NP,NP,NP,NP,SUPP,NE,NP,NP,NP,NP,NP,NP,NP,NP,NP,NP,NP,NP,SUPP,NE,SUPP,NE,SUPP,NE,NP,NP,NP,NP,NP,NP,NP,NP,NP,NP,NP,NP,SUPP,NE,SUPP,NE,SUPP,NE,NP,NP,NP,NP,NP,NP,NP,NP,NP,NP,NP,NP,NP,NP,NP,NP,NP,NP,NP,NP,NP,NP,NP,NP
1,919,4007,139662,The Reach Free School,,Long Lane,,,Rickmansworth,WD3 8AB,01923711517,E14001496,South West Hertfordshire,0,0,F,None,NSE,OTHER NON SEL,MIXED,0,11-18,753,382,371,119,62,52.10%,57,47.90%,NA,NA,NA,NA,NA,NA,NA,26,21.80%,93,78.20%,21,17.60%,98,82.40%,0,0.00%,114,95.80%,3,2.50%,30,25.20%,27,22.70%,5264.5,44.2,1045,8.8,1024,8.6,1573,13.2,1622.5,13.6,1311,11,311.5,2.6,2.7,2.8,NA,NA,NA,NA,NA,NA,NA,NA,NA,NA,NA,NA,NA,NA,NA,NA,NA,NA,NA,NA,NA,62.20%,35.30%,489.68,4.11,3.66,4.24,NA,NA,NA,5.36,4.07,4.16,4.12,83,69.70%,42.90%,22.70%,115,96.60%,117,98.30%,113,95.00%,97,81.50%,83,69.70%,67.20%,47.90%,68.10%,47.90%,68.10%,46.90%,60.80%,45.40%,91.60%,73.50%,NA,NA,NA,NA,NA,NA,NA,NA,NA,NA,NA,NA,NA,NA,NA,80,57,81,57,77,53,59,44,76,61,83,69.70%,115,96.60%,114,95.80%,113,100.00%,96,99.00%,83,100.00%,39.9,NA,NA,NA,NA,NA,NA,NA,NA,45.5,NA,NA,NA,NA,NA,NA,NA,NA,8.2,NA,NA,NA,7.8,NA,NA,NA,11.7,NA,NA,NA,12.3,NA,NA,NA,9,NA,NA,NA,8.8,NA,NA,NA,13.7,NA,NA,NA,14,NA,NA,NA,10.7,1.6,11.1,2.9,-10.5,NA,NA,NA,NA,NA,NA,NA,NA,NA,NA,NA,NA,NA,NA,NA,NA,NA,NA,NA,NA,NA,NA,NA,NA,NA,NA,NA,NA,54.3,9.7,11,18.1,15.5,14.6,0.9,NA,NA,NA,NA,NA,NA,NA,NA,43.7,8.8,8.4,13,13.5,11.6,1.9,NA,NA,NA,NA,NA,NA,NA,NA,44.7,8.7,8.8,13.4,13.7,10.5,3.3,NA,NA,NA,NA,NA,NA,NA,NA,44.3,8.8,8.5,13.2,13.8,11.1,2.7,NA,NA,NA,NA,NA,NA,NA,NA,NA,NA,NA,NA,NA,NA,NA,NA,NA,NA,NA,NA,57.70%,73.10%,30.80%,15.40%,46.20%,24.70%,NA,NA,NA,NA,NA,NA,NA,NA,NA,NA,NA,NA,NA,NA,NA,NA,NA,NA,NA,NA,NA,NA,NA,NA,NA,NA,NA,NA,NA,NA,NA,NA,NA,NA,NA,NA,NA,NA,NA,NA,NA,NA,NA,NA,NA,71.00%,46.80%,24.20%,68.40%,38.60%,21.10%,71.10%,44.70%,23.70%,90.50%,57.10%,42.90%,60.50%,99.20%,53.80%,64.50%,NA,NA,NA,NA,NA,NA,61.30%,63.20%,71.40%,62.30%,38.50%,34.40%,NA,NA,NA,NA,NA,NA,35.50%,35.10%,52.40%,36.00%,5.00%,23.50%,7.7,NA,NA,NA,7.4,7.7,7.2,NA,NA,NA,7,7.2,915,0,0%,NA,4.33,4.31,3.46,4.04,4.56,4.41,46.6,47.2,105,111,-0.02,-0.11,-0.29,-0.37,0.25,0.16,38.3,44.3,48.7,48.1,73.50%,79.70%,38.50%,39.80%,24.80%,18.70%,62.50%,74.20%,20.80%,38.70%,12.50%,16.10%,76.30%,81.50%,43.00%,40.20%,28.00%,19.60%,61.50%,62.60%,64.10%,67.50%,43.60%,37.40%,37.50%,54.80%,29.20%,29.00%,71.00%,71.70%,47.30%,40.20%,24,31,20.50%,25.20%,93,92,79.50%,74.80%,7.5,7.7,7.8,8.1,7,6.8,7.4,7.2
2,919,6008,144726,Rhodes Wood Hospital School,,Shepherds Way,Brookmans Park,Hatfield,,AL9 6NN,01707655344,E14001573,Welwyn Hatfield,0,0,INDSS,None,,NA,MIXED,0,7-19,34,2,32,6,0,0.00%,6,100.00%,NA,NA,NA,NA,NA,NA,NA,NP,NP,NP,NP,NP,NP,NP,NP,NP,NP,NP,NP,,,,,,,NE,NE,NE,NE,NE,NE,NE,NE,NE,NE,NE,NE,NE,NE,NE,NE,NA,NA,NA,NA,NA,NA,NA,NA,NA,NA,NA,NA,NA,NA,NA,NA,NA,NA,NA,NA,NA,NE,NE,NE,NE,NP,NP,NA,NA,NA,NP,NE,NE,NP,NE,NE,NE,NE,NE,NE,NE,NE,NE,NE,NE,NE,NE,NE,NE,NE,NE,NE,NE,NE,NE,NE,NE,NE,NA,NA,NA,NA,NA,NA,NA,NA,NA,NA,NA,NA,NA,NA,NA,NE,NE,NE,NE,NE,NE,NE,NE,NE,NE,NE,NE,NE,NE,NE,NE,NE,NE,NE,NE,NE,NE,NP,NA,NA,NA,NA,NA,NA,NA,NA,NP,NA,NA,NA,NA,NA,NA,NA,NA,NP,NA,NA,NA,NP,NA,NA,NA,NP,NA,NA,NA,NP,NA,NA,NA,NP,NA,NA,NA,NP,NA,NA,NA,NP,NA,NA,NA,NP,NA,NA,NA,NP,NP,NP,NP,NP,NA,NA,NA,NA,NA,NA,NA,NA,NA,NA,NA,NA,NA,NA,NA,NA,NA,NA,NA,NA,NA,NA,NA,NA,NA,NA,NA,NA,NP,NP,NP,NP,NP,NP,NP,NA,NA,NA,NA,NA,NA,NA,NA,NE,NE,NE,NE,NE,NE,NE,NA,NA,NA,NA,NA,NA,NA,NA,NE,NE,NE,NE,NE,NE,NE,NA,NA,NA,NA,NA,NA,NA,NA,NP,NP,NP,NP,NP,NP,NP,NA,NA,NA,NA,NA,NA,NA,NA,NA,NA,NA,NA,NA,NA,NA,NA,NA,NA,NA,NA,NP,NP,NP,NP,NP,NP,NA,NA,NA,NA,NA,NA,NA,NA,NA,NA,NA,NA,NA,NA,NA,NA,NA,NA,NA,NA,NA,NA,NA,NA,NA,NA,NA,NA,NA,NA,NA,NA,NA,NA,NA,NA,NA,NA,NA,NA,NA,NA,NA,NA,NA,NE,NE,NE,NE,NE,NE,NP,NP,NP,NP,NP,NP,NE,NE,NP,NP,NA,NA,NA,NA,NA,NA,NE,NE,NP,NP,NP,NP,NA,NA,NA,NA,NA,NA,NE,NE,NP,NP,NE,NE,NE,NA,NA,NA,NP,NP,NE,NA,NA,NA,NP,NP,NE,NE,NE,NA,SUPP,NE,NP,NP,NP,NP,SUPP,NE,NP,NP,NP,NP,NP,NP,NP,NP,NP,NP,NP,NP,SUPP,NE,SUPP,NE,SUPP,NE,NP,NP,NP,NP,NP,NP,NP,NP,NP,NP,NP,NP,SUPP,NE,SUPP,NE,SUPP,NE,NP,NP,NP,NP,NP,NP,NP,NP,NP,NP,NP,NP,NP,NP,NP,NP,NP,NP,NP,NP,NP,NP,NP,NP
1,919,4006,139873,Richard Hale School,,Hale Road,,,Hertford,SG13 8EN,01992583441,E14001283,Hertford and Stortford,0,0,ACC,None,NSE,OTHER NON SEL,BOYS,0,11-18,1209,1140,69,175,175,100.00%,NA,0.00%,NA,NA,NA,NA,NA,NA,NA,15,8.60%,160,91.40%,14,8.00%,160,91.40%,1,0.60%,168,96.00%,6,3.40%,18,10.30%,12,6.90%,9845.5,56.3,2004,11.5,2018,11.5,3026,17.3,2797.5,16,2797.5,16,0,0,3,2.9,NA,NA,NA,NA,NA,NA,NA,NA,NA,NA,NA,NA,NA,NA,NA,NA,NA,NA,NA,NA,NA,81.10%,65.70%,928.52,5.31,3.73,5.45,NA,NA,NA,5.32,NE,5.31,5.38,111,63.40%,53.70%,39.40%,174,99.40%,174,99.40%,173,98.90%,173,98.90%,111,63.40%,86.30%,76.00%,87.40%,74.90%,88.40%,75.70%,75.70%,67.10%,89.20%,70.30%,NA,NA,NA,NA,NA,NA,NA,NA,NA,NA,NA,NA,NA,NA,NA,151,133,153,131,153,131,131,116,99,78,110,62.90%,174,99.40%,174,99.40%,173,100.00%,171,98.80%,110,99.10%,40.9,NA,NA,NA,NA,NA,NA,NA,NA,57.7,NA,NA,NA,NA,NA,NA,NA,NA,8.9,NA,NA,NA,7.7,NA,NA,NA,12.9,NA,NA,NA,11.4,NA,NA,NA,11.7,NA,NA,NA,11.9,NA,NA,NA,17.7,NA,NA,NA,16.4,NA,NA,NA,11.4,0,16.4,0,-9.5,NA,NA,NA,NA,NA,NA,NA,NA,NA,NA,NA,NA,NA,NA,NA,NA,NA,NA,NA,NA,NA,NA,NA,NA,NA,NA,NA,NA,56.3,10.7,11.6,18,16,16,0,NA,NA,NA,NA,NA,NA,NA,NA,NE,NE,NE,NE,NE,NE,NE,NA,NA,NA,NA,NA,NA,NA,NA,56.3,11.5,11.5,17.3,16,16,0,NA,NA,NA,NA,NA,NA,NA,NA,56.9,11.6,11.7,17.5,16.2,16.2,0,NA,NA,NA,NA,NA,NA,NA,NA,NA,NA,NA,NA,NA,NA,NA,NA,NA,NA,NA,NA,33.30%,66.30%,20.00%,6.70%,56.90%,42.50%,NA,NA,NA,NA,NA,NA,NA,NA,NA,NA,NA,NA,NA,NA,NA,NA,NA,NA,NA,NA,NA,NA,NA,NA,NA,NA,NA,NA,NA,NA,NA,NA,NA,NA,NA,NA,NA,NA,NA,NA,NA,NA,NA,NA,NA,63.40%,53.70%,39.40%,NE,NE,NE,66.10%,56.00%,41.10%,71.40%,57.10%,35.70%,78.90%,99.40%,46.70%,84.40%,NA,NA,NA,NA,NA,NA,81.10%,NE,71.40%,82.10%,33.30%,68.80%,NA,NA,NA,NA,NA,NA,65.70%,NE,64.30%,67.30%,0.00%,49.10%,8.9,NA,NA,NA,7.7,9.1,8.9,NA,NA,NA,7.7,9,1577,0,0%,NA,5.07,5.18,3.33,3.73,5.16,5.31,53.8,55.2,165,166,0.31,0.38,0.1,0.17,0.53,0.6,35.9,42.3,54.7,56.4,69.70%,66.30%,53.70%,52.60%,38.30%,40.00%,44.40%,33.30%,33.30%,13.30%,22.20%,6.70%,71.10%,69.40%,54.80%,56.30%,39.20%,43.10%,79.40%,80.00%,82.90%,86.30%,66.30%,64.60%,33.30%,60.00%,33.30%,20.00%,85.50%,88.80%,68.10%,68.80%,9,15,5.10%,8.60%,166,160,94.90%,91.40%,7.8,8.4,9.1,9.1,7.8,8.3,9,9
1,919,5400,136606,Rickmansworth School,,Scots Hill,,,Rickmansworth,WD3 3AQ,01923773296,E14001496,South West Hertfordshire,0,0,ACC,None,NSE,OTHER NON SEL,MIXED,0,11-18,1550,770,780,226,120,53.10%,106,46.90%,NA,NA,NA,NA,NA,NA,NA,27,11.90%,199,88.10%,91,40.30%,135,59.70%,0,0.00%,217,96.00%,2,0.90%,29,12.80%,27,11.90%,13833.5,61.2,2864,12.7,2756,12.2,4203,18.6,4010.5,17.7,4010.5,17.7,0,0,2.9,3,NA,NA,NA,NA,NA,NA,NA,NA,NA,NA,NA,NA,NA,NA,NA,NA,NA,NA,NA,NA,NA,90.70%,80.50%,1300.95,5.76,4.27,5.96,NA,NA,NA,6.24,5.82,5.7,5.73,164,72.60%,57.10%,45.60%,225,99.60%,225,99.60%,224,99.10%,199,88.10%,181,80.10%,95.10%,88.90%,91.60%,83.20%,89.30%,78.10%,87.40%,76.40%,83.40%,71.80%,NA,NA,NA,NA,NA,NA,NA,NA,NA,NA,NA,NA,NA,NA,NA,215,201,207,188,200,175,174,152,151,130,164,72.60%,225,99.60%,225,99.60%,223,99.60%,198,99.50%,180,99.40%,47.3,NA,NA,NA,NA,NA,NA,NA,NA,63.1,NA,NA,NA,NA,NA,NA,NA,NA,10.6,NA,NA,NA,9,NA,NA,NA,13.9,NA,NA,NA,13.8,NA,NA,NA,13,NA,NA,NA,12.6,NA,NA,NA,19.2,NA,NA,NA,18.3,NA,NA,NA,13.8,0,18.3,0,-3.1,NA,NA,NA,NA,NA,NA,NA,NA,NA,NA,NA,NA,NA,NA,NA,NA,NA,NA,NA,NA,NA,NA,NA,NA,NA,NA,NA,NA,64.9,13,13,20.4,18.5,18.5,0,NA,NA,NA,NA,NA,NA,NA,NA,62,13.1,12.1,18.7,18.1,18.1,0,NA,NA,NA,NA,NA,NA,NA,NA,60.5,12.3,12.3,18.5,17.4,17.4,0,NA,NA,NA,NA,NA,NA,NA,NA,60.9,12.6,12.1,18.5,17.7,17.7,0,NA,NA,NA,NA,NA,NA,NA,NA,NA,NA,NA,NA,NA,NA,NA,NA,NA,NA,NA,NA,63.00%,73.90%,22.20%,7.40%,61.80%,50.80%,NA,NA,NA,NA,NA,NA,NA,NA,NA,NA,NA,NA,NA,NA,NA,NA,NA,NA,NA,NA,NA,NA,NA,NA,NA,NA,NA,NA,NA,NA,NA,NA,NA,NA,NA,NA,NA,NA,NA,NA,NA,NA,NA,NA,NA,70.80%,55.00%,45.80%,74.50%,59.40%,45.30%,73.30%,58.10%,46.10%,78.00%,60.40%,54.90%,88.50%,100.00%,74.10%,93.00%,NA,NA,NA,NA,NA,NA,90.00%,91.50%,93.40%,90.80%,40.70%,85.90%,NA,NA,NA,NA,NA,NA,80.80%,80.20%,85.70%,80.20%,3.50%,44.70%,8.4,NA,NA,NA,8,8.5,8.4,NA,NA,NA,8,8.5,1908,1,0%,NA,5.45,5.78,3.4,4.36,5.61,5.88,58,61.6,213,211,0.3,0.55,0.11,0.36,0.49,0.74,39.4,48.8,59.5,62.5,72.50%,71.50%,53.60%,61.10%,43.20%,43.00%,43.80%,46.70%,25.00%,40.00%,25.00%,13.30%,74.80%,73.30%,55.80%,62.60%,44.70%,45.10%,84.70%,91.00%,88.70%,94.60%,72.50%,80.10%,50.00%,80.00%,37.50%,40.00%,91.70%,95.60%,75.20%,83.00%,16,15,7.20%,6.80%,206,206,92.80%,93.20%,7.6,7.6,8.5,8.5,7.6,7.6,8.5,8.4
1,919,4031,146305,Ridgeway Academy,,Herns Lane,,,Welwyn Garden City,AL7 2AF,01707351350,E14001573,Welwyn Hatfield,0,0,AC,Does not apply,NSE,OTHER NON SEL,MIXED,0,11-18,929,488,441,153,82,53.60%,71,46.40%,NA,NA,NA,NA,NA,NA,NA,53,34.60%,100,65.40%,11,7.20%,141,92.20%,1,0.70%,147,96.10%,8,5.20%,53,34.60%,45,29.40%,5466.5,35.7,1244,8.1,1106,7.2,1484,9.7,1632.5,10.7,1327,8.7,305.5,2,2.5,2.6,NA,NA,NA,NA,NA,NA,NA,NA,NA,NA,NA,NA,NA,NA,NA,NA,NA,NA,NA,NA,NA,48.40%,24.80%,448.71,2.93,2.4,3.22,NA,NA,NA,3.71,3.11,2.78,2.94,24,15.70%,4.60%,2.00%,140,91.50%,151,98.70%,146,95.40%,88,57.50%,28,18.30%,63.40%,43.10%,57.50%,33.30%,49.30%,26.70%,50.00%,27.30%,46.40%,32.10%,NA,NA,NA,NA,NA,NA,NA,NA,NA,NA,NA,NA,NA,NA,NA,97,66,88,51,72,39,44,24,13,9,22,14.40%,139,90.80%,147,96.10%,141,96.60%,85,96.60%,26,92.90%,28.9,NA,NA,NA,NA,NA,NA,NA,NA,39.3,NA,NA,NA,NA,NA,NA,NA,NA,6.4,NA,NA,NA,6,NA,NA,NA,8.1,NA,NA,NA,8.4,NA,NA,NA,9,NA,NA,NA,7.9,NA,NA,NA,10.6,NA,NA,NA,11.9,NA,NA,NA,6.5,1.9,9.8,2,-21.5,NA,NA,NA,NA,NA,NA,NA,NA,NA,NA,NA,NA,NA,NA,NA,NA,NA,NA,NA,NA,NA,NA,NA,NA,NA,NA,NA,NA,43,8.7,8.5,12.9,12.8,10.9,1.9,NA,NA,NA,NA,NA,NA,NA,NA,38.4,9,7.3,10.3,11.8,10.1,1.8,NA,NA,NA,NA,NA,NA,NA,NA,33.4,7.4,7.2,9.2,9.7,7.5,2.2,NA,NA,NA,NA,NA,NA,NA,NA,36,8.2,7.3,9.7,10.8,8.7,2.1,NA,NA,NA,NA,NA,NA,NA,NA,NA,NA,NA,NA,NA,NA,NA,NA,NA,NA,NA,NA,15.10%,16.00%,1.90%,0.00%,6.00%,3.00%,NA,NA,NA,NA,NA,NA,NA,NA,NA,NA,NA,NA,NA,NA,NA,NA,NA,NA,NA,NA,NA,NA,NA,NA,NA,NA,NA,NA,NA,NA,NA,NA,NA,NA,NA,NA,NA,NA,NA,NA,NA,NA,NA,NA,NA,17.10%,3.70%,1.20%,14.10%,5.60%,2.80%,13.60%,4.10%,2.00%,36.40%,18.20%,9.10%,39.20%,98.70%,30.20%,58.00%,NA,NA,NA,NA,NA,NA,47.60%,49.30%,54.50%,49.00%,13.20%,31.00%,NA,NA,NA,NA,NA,NA,19.50%,31.00%,27.30%,25.90%,0.00%,10.50%,6.7,NA,NA,NA,6,7,6.2,NA,NA,NA,5.6,6.5,1035,0,0%,NA,3.1,3.09,2.36,2.32,3.48,3.38,37.9,38.9,163,139,-0.47,-0.36,-0.69,-0.59,-0.26,-0.12,29.5,30.3,42.3,42,8.30%,6.20%,6.00%,4.10%,5.40%,0.70%,1.70%,2.60%,1.70%,0.00%,1.70%,0.00%,11.80%,7.50%,8.20%,5.70%,7.30%,0.90%,43.50%,47.60%,50.60%,57.20%,27.40%,29.00%,29.30%,35.90%,12.10%,10.30%,61.80%,65.10%,35.50%,35.80%,58,39,34.50%,26.90%,110,106,65.50%,73.10%,6.1,6.6,6.9,7.3,5.6,6.1,6.3,6.8
1,919,4024,143131,Robert Barclay Academy,,Cock Lane,,,Hoddesdon,EN11 8JY,01992410800,E14001139,Broxbourne,0,0,AC,Does not apply,NA,OTHER NON SEL,MIXED,0,11-18,792,414,378,107,65,60.70%,42,39.30%,NA,NA,NA,NA,NA,NA,NA,28,26.20%,79,73.80%,14,13.10%,93,86.90%,0,0.00%,106,99.10%,6,5.60%,23,21.50%,17,15.90%,4734,44.2,1040,9.7,880,8.2,1287.5,12,1526.5,14.3,1212.5,11.3,314,2.9,2.8,2.9,NA,NA,NA,NA,NA,NA,NA,NA,NA,NA,NA,NA,NA,NA,NA,NA,NA,NA,NA,NA,NA,57.00%,39.30%,393.96,3.68,2.88,3.97,NA,NA,NA,5.16,4.02,3.47,3.71,30,28.00%,15.00%,12.10%,105,98.10%,107,100.00%,103,96.30%,95,88.80%,35,32.70%,70.10%,52.30%,63.60%,42.10%,51.50%,34.00%,56.80%,44.20%,65.70%,60.00%,NA,NA,NA,NA,NA,NA,NA,NA,NA,NA,NA,NA,NA,NA,NA,75,56,68,45,53,35,54,42,23,21,30,28.00%,105,98.10%,107,100.00%,102,99.00%,92,96.80%,34,97.10%,35.3,NA,NA,NA,NA,NA,NA,NA,NA,47.4,NA,NA,NA,NA,NA,NA,NA,NA,8.4,NA,NA,NA,6.3,NA,NA,NA,9.1,NA,NA,NA,11.5,NA,NA,NA,10.2,NA,NA,NA,8.9,NA,NA,NA,13.1,NA,NA,NA,15.3,NA,NA,NA,8.8,2.7,12.2,3,-15.1,NA,NA,NA,NA,NA,NA,NA,NA,NA,NA,NA,NA,NA,NA,NA,NA,NA,NA,NA,NA,NA,NA,NA,NA,NA,NA,NA,NA,54.9,12.1,9.7,16.8,16.3,15.1,1.2,NA,NA,NA,NA,NA,NA,NA,NA,48.5,11,8.3,13.2,16.1,14,2.1,NA,NA,NA,NA,NA,NA,NA,NA,41.5,8.9,8.2,11.3,13.1,9.6,3.5,NA,NA,NA,NA,NA,NA,NA,NA,44.6,9.8,8.3,12.1,14.4,11.4,3,NA,NA,NA,NA,NA,NA,NA,NA,NA,NA,NA,NA,NA,NA,NA,NA,NA,NA,NA,NA,28.60%,27.80%,7.10%,7.10%,17.70%,13.90%,NA,NA,NA,NA,NA,NA,NA,NA,NA,NA,NA,NA,NA,NA,NA,NA,NA,NA,NA,NA,NA,NA,NA,NA,NA,NA,NA,NA,NA,NA,NA,NA,NA,NA,NA,NA,NA,NA,NA,NA,NA,NA,NA,NA,NA,26.20%,13.80%,10.80%,31.00%,16.70%,14.30%,28.30%,15.10%,12.30%,78.60%,42.90%,35.70%,53.30%,100.00%,39.30%,63.30%,NA,NA,NA,NA,NA,NA,55.40%,59.50%,71.40%,57.50%,14.30%,48.10%,NA,NA,NA,NA,NA,NA,35.40%,45.20%,57.10%,39.60%,4.70%,0.00%,7.8,NA,NA,NA,7.5,7.9,7.2,NA,NA,NA,6.9,7.3,838,0,0%,NA,3.47,3.75,2.94,3.12,3.66,4.01,42.7,44.9,112,105,0.11,-0.1,-0.15,-0.37,0.37,0.17,36.9,38.5,44.8,47.5,12.50%,19.40%,8.00%,17.60%,6.30%,13.90%,6.90%,9.40%,3.40%,9.40%,3.40%,3.10%,14.50%,23.70%,9.60%,21.10%,7.20%,18.40%,57.10%,59.30%,58.90%,63.00%,38.40%,41.70%,37.90%,56.30%,24.10%,31.30%,66.30%,65.80%,43.40%,46.10%,29,32,25.90%,29.60%,83,76,74.10%,70.40%,7.1,7.5,8,7.9,6.5,7.1,7.4,7.7
1,919,4070,136973,Roundwood Park School,,Roundwood Park,,,Harpenden,AL5 3AE,01582765344,E14001268,Harpenden and Berkhamsted,0,0,ACC,None,NSE,OTHER NON SEL,MIXED,0,11-18,1437,762,675,194,90,46.40%,104,53.60%,NA,NA,NA,NA,NA,NA,NA,17,8.80%,177,91.20%,8,4.10%,186,95.90%,0,0.00%,187,96.40%,5,2.60%,8,4.10%,3,1.50%,11544,59.5,2449,12.6,2268,11.7,3461,17.8,3366,17.4,3263,16.8,103,0.5,2.8,2.9,NA,NA,NA,NA,NA,NA,NA,NA,NA,NA,NA,NA,NA,NA,NA,NA,NA,NA,NA,NA,NA,86.60%,67.00%,1029.84,5.31,3.41,5.49,NA,NA,NA,6.35,5.38,5.22,5.33,62,32.00%,28.40%,25.80%,188,96.90%,191,98.50%,188,96.90%,148,76.30%,92,47.40%,92.30%,82.00%,88.70%,71.10%,85.10%,72.90%,86.50%,74.30%,96.70%,91.30%,NA,NA,NA,NA,NA,NA,NA,NA,NA,NA,NA,NA,NA,NA,NA,179,159,172,138,160,137,128,110,89,84,62,32.00%,188,96.90%,190,97.90%,186,98.90%,147,99.30%,92,100.00%,38.8,NA,NA,NA,NA,NA,NA,NA,NA,61.5,NA,NA,NA,NA,NA,NA,NA,NA,8.9,NA,NA,NA,7.4,NA,NA,NA,11.5,NA,NA,NA,11,NA,NA,NA,13,NA,NA,NA,12.1,NA,NA,NA,18.4,NA,NA,NA,18,NA,NA,NA,10.3,0.6,17.4,0.5,-11.6,NA,NA,NA,NA,NA,NA,NA,NA,NA,NA,NA,NA,NA,NA,NA,NA,NA,NA,NA,NA,NA,NA,NA,NA,NA,NA,NA,NA,70.3,13.5,14.8,22.5,19.5,19.5,0,NA,NA,NA,NA,NA,NA,NA,NA,59.8,13,11.4,17.6,17.8,17.3,0.5,NA,NA,NA,NA,NA,NA,NA,NA,59.1,12.2,12.1,18.1,16.8,16.3,0.5,NA,NA,NA,NA,NA,NA,NA,NA,59.9,12.7,11.8,17.9,17.5,17,0.5,NA,NA,NA,NA,NA,NA,NA,NA,NA,NA,NA,NA,NA,NA,NA,NA,NA,NA,NA,NA,17.60%,33.30%,11.80%,5.90%,29.90%,27.70%,NA,NA,NA,NA,NA,NA,NA,NA,NA,NA,NA,NA,NA,NA,NA,NA,NA,NA,NA,NA,NA,NA,NA,NA,NA,NA,NA,NA,NA,NA,NA,NA,NA,NA,NA,NA,NA,NA,NA,NA,NA,NA,NA,NA,NA,20.00%,16.70%,16.70%,42.30%,38.50%,33.70%,31.00%,27.80%,25.10%,25.00%,25.00%,25.00%,82.00%,99.00%,58.80%,89.30%,NA,NA,NA,NA,NA,NA,85.60%,87.50%,100.00%,87.20%,23.50%,71.20%,NA,NA,NA,NA,NA,NA,67.80%,66.30%,87.50%,67.40%,3.60%,41.80%,7.7,NA,NA,NA,6.1,7.8,7.5,NA,NA,NA,5.9,7.7,1496,0,0%,NA,5.55,5.37,SUPP,3.92,SUPP,5.48,62.5,59.8,191,198,0.79,0.54,0.59,0.35,0.99,0.74,SUPP,45.6,SUPP,60.8,30.60%,33.30%,28.60%,31.40%,26.00%,29.00%,SUPP,7.10%,SUPP,7.10%,SUPP,7.10%,SUPP,35.20%,SUPP,33.20%,SUPP,30.60%,88.80%,82.40%,91.80%,85.20%,79.10%,76.20%,SUPP,64.30%,SUPP,57.10%,SUPP,86.70%,SUPP,77.60%,4,14,2.00%,6.70%,192,196,98.00%,93.30%,SUPP,6.7,SUPP,8,SUPP,6.6,SUPP,7.9
1,919,6165,117641,Royal Masonic School for Girls,,Rickmansworth Park,Chorleywood Road,,Rickmansworth,WD3 4HF,01923773168,E14001496,South West Hertfordshire,0,0,IND,None,,NA,GIRLS,0,2-19,928,NA,928,126,NA,0.00%,126,100.00%,NA,NA,NA,NA,NA,NA,NA,NP,NP,NP,NP,NP,NP,NP,NP,NP,NP,NP,NP,NA,NA,NA,NA,NA,NA,8340,66.2,1697,13.5,1534,12.2,2554,20.3,2555,20.3,2479,19.7,76,0.6,2.9,2.9,NA,NA,NA,NA,NA,NA,NA,NA,NA,NA,NA,NA,NA,NA,NA,NA,NA,NA,NA,NA,NA,91.30%,75.40%,716.52,5.69,NP,NP,NA,NA,NA,NP,5.69,NE,NP,34,27.00%,23.80%,18.30%,122,96.80%,123,97.60%,123,97.60%,51,40.50%,92,73.00%,93.70%,89.70%,93.70%,78.60%,98.40%,85.40%,98.00%,90.20%,96.70%,81.50%,NA,NA,NA,NA,NA,NA,NA,NA,NA,NA,NA,NA,NA,NA,NA,118,113,118,99,121,105,50,46,89,75,34,27.00%,122,96.80%,123,97.60%,123,100.00%,51,100.00%,92,100.00%,NP,NA,NA,NA,NA,NA,NA,NA,NA,NP,NA,NA,NA,NA,NA,NA,NA,NA,NP,NA,NA,NA,NP,NA,NA,NA,NP,NA,NA,NA,NP,NA,NA,NA,NP,NA,NA,NA,NP,NA,NA,NA,NP,NA,NA,NA,NP,NA,NA,NA,NP,NP,NP,NP,NP,NA,NA,NA,NA,NA,NA,NA,NA,NA,NA,NA,NA,NA,NA,NA,NA,NA,NA,NA,NA,NA,NA,NA,NA,NA,NA,NA,NA,NP,NP,NP,NP,NP,NP,NP,NA,NA,NA,NA,NA,NA,NA,NA,66.2,13.5,12.2,20.3,20.3,19.7,0.6,NA,NA,NA,NA,NA,NA,NA,NA,NE,NE,NE,NE,NE,NE,NE,NA,NA,NA,NA,NA,NA,NA,NA,NP,NP,NP,NP,NP,NP,NP,NA,NA,NA,NA,NA,NA,NA,NA,NA,NA,NA,NA,NA,NA,NA,NA,NA,NA,NA,NA,NP,NP,NP,NP,NP,NP,NA,NA,NA,NA,NA,NA,NA,NA,NA,NA,NA,NA,NA,NA,NA,NA,NA,NA,NA,NA,NA,NA,NA,NA,NA,NA,NA,NA,NA,NA,NA,NA,NA,NA,NA,NA,NA,NA,NA,NA,NA,NA,NA,NA,NA,NE,NE,NE,27.00%,23.80%,18.30%,NP,NP,NP,NP,NP,NP,91.30%,100.00%,NP,NP,NA,NA,NA,NA,NA,NA,NE,91.30%,NP,NP,NP,NP,NA,NA,NA,NA,NA,NA,NE,75.40%,NP,NP,11.90%,55.60%,8.3,NA,NA,NA,NP,NP,8.2,NA,NA,NA,NP,NP,1054,0,0%,NA,5.63,5.78,NP,NP,NP,NP,65.3,64.5,NP,NP,NP,NP,NP,NP,NP,NP,NP,NP,NP,NP,28.30%,42.70%,28.30%,39.70%,24.80%,36.60%,NP,NP,NP,NP,NP,NP,NP,NP,NP,NP,NP,NP,90.30%,89.30%,93.80%,90.10%,77.00%,78.60%,NP,NP,NP,NP,NP,NP,NP,NP,NP,NP,NP,NP,NP,NP,NP,NP,NP,NP,NP,NP,NP,NP,NP,NP
1,919,4083,137339,St Albans Girls' School,,Sandridgebury Lane,,,St Albans,AL3 6DB,01727853134,E14001507,St Albans,0,0,ACC,Does not apply,NSE,OTHER NON SEL,GIRLS,0,11-18,1428,NA,1428,234,NA,0.00%,234,100.00%,NA,NA,NA,NA,NA,NA,NA,21,9.00%,213,91.00%,55,23.50%,179,76.50%,0,0.00%,230,98.30%,1,0.40%,43,18.40%,42,17.90%,13767.75,58.8,2893,12.4,2528,10.8,4139,17.7,4207.75,18,4106.5,17.5,101.25,0.4,2.9,2.9,NA,NA,NA,NA,NA,NA,NA,NA,NA,NA,NA,NA,NA,NA,NA,NA,NA,NA,NA,NA,NA,86.30%,69.70%,1298.98,5.55,3.52,5.75,NA,NA,NA,5.88,5.55,NE,5.55,174,74.40%,61.50%,50.40%,229,97.90%,231,98.70%,224,95.70%,216,92.30%,177,75.60%,93.60%,85.90%,87.60%,73.10%,88.40%,71.00%,84.70%,74.10%,91.00%,80.80%,NA,NA,NA,NA,NA,NA,NA,NA,NA,NA,NA,NA,NA,NA,NA,219,201,205,171,198,159,183,160,161,143,174,74.40%,229,97.90%,230,98.30%,224,100.00%,216,100.00%,177,100.00%,39.5,NA,NA,NA,NA,NA,NA,NA,NA,60.7,NA,NA,NA,NA,NA,NA,NA,NA,9.3,NA,NA,NA,7,NA,NA,NA,11.1,NA,NA,NA,12.1,NA,NA,NA,12.7,NA,NA,NA,11.2,NA,NA,NA,18.3,NA,NA,NA,18.6,NA,NA,NA,11,1.1,18.2,0.4,-10.9,NA,NA,NA,NA,NA,NA,NA,NA,NA,NA,NA,NA,NA,NA,NA,NA,NA,NA,NA,NA,NA,NA,NA,NA,NA,NA,NA,NA,61.2,12.7,11.5,18.8,18.3,17.7,0.6,NA,NA,NA,NA,NA,NA,NA,NA,58.8,12.4,10.8,17.7,18,17.5,0.4,NA,NA,NA,NA,NA,NA,NA,NA,NE,NE,NE,NE,NE,NE,NE,NA,NA,NA,NA,NA,NA,NA,NA,58.8,12.3,10.8,17.7,18,17.6,0.4,NA,NA,NA,NA,NA,NA,NA,NA,NA,NA,NA,NA,NA,NA,NA,NA,NA,NA,NA,NA,42.90%,77.50%,38.10%,19.00%,63.80%,53.50%,NA,NA,NA,NA,NA,NA,NA,NA,NA,NA,NA,NA,NA,NA,NA,NA,NA,NA,NA,NA,NA,NA,NA,NA,NA,NA,NA,NA,NA,NA,NA,NA,NA,NA,NA,NA,NA,NA,NA,NA,NA,NA,NA,NA,NA,NE,NE,NE,74.40%,61.50%,50.40%,75.20%,62.20%,50.90%,78.20%,65.50%,56.40%,85.50%,99.10%,57.10%,89.20%,NA,NA,NA,NA,NA,NA,NE,86.30%,85.50%,86.10%,28.60%,73.70%,NA,NA,NA,NA,NA,NA,NE,69.70%,72.70%,69.10%,8.50%,22.60%,8.2,NA,NA,NA,6.7,8.3,8.1,NA,NA,NA,6.5,8.3,1914,0,0%,NA,5.23,5.72,3.44,3.84,5.52,5.89,56.6,60.8,221,192,0.55,0.85,0.37,0.65,0.74,1.05,40.3,42.3,59.3,62.4,68.10%,72.90%,54.70%,65.20%,41.40%,53.10%,39.40%,47.10%,30.30%,35.30%,12.10%,23.50%,72.90%,75.30%,58.80%,67.90%,46.20%,55.80%,76.70%,83.10%,79.30%,83.60%,61.20%,67.60%,48.50%,47.10%,36.40%,23.50%,84.40%,86.80%,65.30%,71.60%,33,17,14.20%,8.20%,199,190,85.80%,91.80%,6.8,7.5,8.2,8.4,6.7,7.2,8.1,8.3
1,919,6038,117617,St Albans High School for Girls,,Townsend Avenue,St Albans,Hertfordshire,,AL1 3SJ,01727853800,E14001507,St Albans,0,0,IND,Anglican,,NA,GIRLS,0,4-18,1128,NA,1128,130,NA,0.00%,130,100.00%,NA,NA,NA,NA,NA,NA,NA,NP,NP,NP,NP,NP,NP,NP,NP,NP,NP,NP,NP,NA,NA,NA,NA,NA,NA,6310.5,48.5,2012,15.5,0,0,1988,15.3,2310.5,17.8,2244,17.3,66.5,0.5,2,2.3,NA,NA,NA,NA,NA,NA,NA,NA,NA,NA,NA,NA,NA,NA,NA,NA,NA,NA,NA,NA,NA,0.00%,0.00%,433.98,3.34,NP,NP,NA,NA,NA,NP,3.34,NE,NP,0,0.00%,0.00%,0.00%,127,97.70%,0,0.00%,0,0.00%,91,70.00%,117,90.00%,97.70%,97.70%,0.00%,0.00%,NE,NE,100.00%,100.00%,95.70%,92.30%,NA,NA,NA,NA,NA,NA,NA,NA,NA,NA,NA,NA,NA,NA,NA,127,127,0,0,NE,NE,91,91,112,108,0,0.00%,127,97.70%,0,0.00%,NE,NE,91,100.00%,113,96.60%,NP,NA,NA,NA,NA,NA,NA,NA,NA,NP,NA,NA,NA,NA,NA,NA,NA,NA,NP,NA,NA,NA,NP,NA,NA,NA,NP,NA,NA,NA,NP,NA,NA,NA,NP,NA,NA,NA,NP,NA,NA,NA,NP,NA,NA,NA,NP,NA,NA,NA,NP,NP,NP,NP,NP,NA,NA,NA,NA,NA,NA,NA,NA,NA,NA,NA,NA,NA,NA,NA,NA,NA,NA,NA,NA,NA,NA,NA,NA,NA,NA,NA,NA,NP,NP,NP,NP,NP,NP,NP,NA,NA,NA,NA,NA,NA,NA,NA,48.5,15.5,0,15.3,17.8,17.3,0.5,NA,NA,NA,NA,NA,NA,NA,NA,NE,NE,NE,NE,NE,NE,NE,NA,NA,NA,NA,NA,NA,NA,NA,NP,NP,NP,NP,NP,NP,NP,NA,NA,NA,NA,NA,NA,NA,NA,NA,NA,NA,NA,NA,NA,NA,NA,NA,NA,NA,NA,NP,NP,NP,NP,NP,NP,NA,NA,NA,NA,NA,NA,NA,NA,NA,NA,NA,NA,NA,NA,NA,NA,NA,NA,NA,NA,NA,NA,NA,NA,NA,NA,NA,NA,NA,NA,NA,NA,NA,NA,NA,NA,NA,NA,NA,NA,NA,NA,NA,NA,NA,NE,NE,NE,0.00%,0.00%,0.00%,NP,NP,NP,NP,NP,NP,0.00%,98.50%,NP,NP,NA,NA,NA,NA,NA,NA,NE,0.00%,NP,NP,NP,NP,NA,NA,NA,NA,NA,NA,NE,0.00%,NP,NP,20.00%,0.00%,5.3,NA,NA,NA,NP,NP,5.2,NA,NA,NA,NP,NP,696,0,0%,NA,3.18,3.14,NP,NP,NP,NP,49.2,48.7,NP,NP,NP,NP,NP,NP,NP,NP,NP,NP,NP,NP,0.00%,0.00%,0.00%,0.00%,0.00%,0.00%,NP,NP,NP,NP,NP,NP,NP,NP,NP,NP,NP,NP,0.00%,0.00%,0.00%,0.00%,0.00%,0.00%,NP,NP,NP,NP,NP,NP,NP,NP,NP,NP,NP,NP,NP,NP,NP,NP,NP,NP,NP,NP,NP,NP,NP,NP
1,919,6243,134087,St Albans Independent College,,69 London Road,,,St Albans,AL1 1LN,01727842348,E14001507,St Albans,0,0,IND,None,,NA,MIXED,0,14-19,75,33,42,18,5,27.80%,13,72.20%,NA,NA,NA,NA,NA,NA,NA,NP,NP,NP,NP,NP,NP,NP,NP,NP,NP,NP,NP,NA,NA,NA,NA,NA,NA,344,19.1,90,5,12,0.7,113,6.3,129,7.2,129,7.2,0,0,1,1.3,NA,NA,NA,NA,NA,NA,NA,NA,NA,NA,NA,NA,NA,NA,NA,NA,NA,NA,NA,NA,NA,0.00%,0.00%,19.5,1.08,NP,NP,NA,NA,NA,NP,SUPP,SUPP,NP,0,0.00%,0.00%,0.00%,5,27.80%,2,11.10%,3,16.70%,3,16.70%,3,16.70%,27.80%,22.20%,0.00%,0.00%,SUPP,SUPP,SUPP,SUPP,SUPP,SUPP,NA,NA,NA,NA,NA,NA,NA,NA,NA,NA,NA,NA,NA,NA,NA,5,4,0,0,SUPP,SUPP,SUPP,SUPP,SUPP,SUPP,0,0.00%,5,27.80%,2,11.10%,SUPP,SUPP,SUPP,SUPP,SUPP,SUPP,NP,NA,NA,NA,NA,NA,NA,NA,NA,NP,NA,NA,NA,NA,NA,NA,NA,NA,NP,NA,NA,NA,NP,NA,NA,NA,NP,NA,NA,NA,NP,NA,NA,NA,NP,NA,NA,NA,NP,NA,NA,NA,NP,NA,NA,NA,NP,NA,NA,NA,NP,NP,NP,NP,NP,NA,NA,NA,NA,NA,NA,NA,NA,NA,NA,NA,NA,NA,NA,NA,NA,NA,NA,NA,NA,NA,NA,NA,NA,NA,NA,NA,NA,NP,NP,NP,NP,NP,NP,NP,NA,NA,NA,NA,NA,NA,NA,NA,SUPP,SUPP,SUPP,SUPP,SUPP,SUPP,SUPP,NA,NA,NA,NA,NA,NA,NA,NA,SUPP,SUPP,SUPP,SUPP,SUPP,SUPP,SUPP,NA,NA,NA,NA,NA,NA,NA,NA,NP,NP,NP,NP,NP,NP,NP,NA,NA,NA,NA,NA,NA,NA,NA,NA,NA,NA,NA,NA,NA,NA,NA,NA,NA,NA,NA,NP,NP,NP,NP,NP,NP,NA,NA,NA,NA,NA,NA,NA,NA,NA,NA,NA,NA,NA,NA,NA,NA,NA,NA,NA,NA,NA,NA,NA,NA,NA,NA,NA,NA,NA,NA,NA,NA,NA,NA,NA,NA,NA,NA,NA,NA,NA,NA,NA,NA,NA,SUPP,SUPP,SUPP,SUPP,SUPP,SUPP,NP,NP,NP,NP,NP,NP,0.00%,83.30%,NP,NP,NA,NA,NA,NA,NA,NA,SUPP,SUPP,NP,NP,NP,NP,NA,NA,NA,NA,NA,NA,SUPP,SUPP,NP,NP,0.00%,5.60%,3,NA,NA,NA,NP,NP,3,NA,NA,NA,NP,NP,55,0,0%,NA,1.92,1.28,NP,NP,NP,NP,26.5,25.8,NP,NP,NP,NP,NP,NP,NP,NP,NP,NP,NP,NP,0.00%,0.00%,0.00%,0.00%,0.00%,0.00%,NP,NP,NP,NP,NP,NP,NP,NP,NP,NP,NP,NP,5.90%,0.00%,5.90%,8.30%,5.90%,8.30%,NP,NP,NP,NP,NP,NP,NP,NP,NP,NP,NP,NP,NP,NP,NP,NP,NP,NP,NP,NP,NP,NP,NP,NP
1,919,6220,117647,St Albans School,,Abbey Gateway,,,St Albans,AL3 4HB,01727855521,E14001507,St Albans,0,0,IND,Christian/non-denominational,,NA,BOYS,0,11-19,887,828,59,154,154,100.00%,NA,0.00%,NA,NA,NA,NA,NA,NA,NA,NP,NP,NP,NP,NP,NP,NP,NP,NP,NP,NP,NP,NA,NA,NA,NA,NA,NA,1556,10.1,0,0,0,0,728,4.7,828,5.4,763,5,65,0.4,0.6,0.7,NA,NA,NA,NA,NA,NA,NA,NA,NA,NA,NA,NA,NA,NA,NA,NA,NA,NA,NA,NA,NA,0.00%,0.00%,111,0.72,NP,NP,NA,NA,NA,NP,NE,0.72,NP,0,0.00%,0.00%,0.00%,0,0.00%,0,0.00%,0,0.00%,51,33.10%,38,24.70%,0.00%,0.00%,0.00%,0.00%,NE,NE,98.00%,96.10%,100.00%,94.70%,NA,NA,NA,NA,NA,NA,NA,NA,NA,NA,NA,NA,NA,NA,NA,0,0,0,0,NE,NE,50,49,38,36,0,0.00%,0,0.00%,0,0.00%,NE,NE,51,100.00%,38,100.00%,NP,NA,NA,NA,NA,NA,NA,NA,NA,NP,NA,NA,NA,NA,NA,NA,NA,NA,NP,NA,NA,NA,NP,NA,NA,NA,NP,NA,NA,NA,NP,NA,NA,NA,NP,NA,NA,NA,NP,NA,NA,NA,NP,NA,NA,NA,NP,NA,NA,NA,NP,NP,NP,NP,NP,NA,NA,NA,NA,NA,NA,NA,NA,NA,NA,NA,NA,NA,NA,NA,NA,NA,NA,NA,NA,NA,NA,NA,NA,NA,NA,NA,NA,NP,NP,NP,NP,NP,NP,NP,NA,NA,NA,NA,NA,NA,NA,NA,NE,NE,NE,NE,NE,NE,NE,NA,NA,NA,NA,NA,NA,NA,NA,10.1,0,0,4.7,5.4,5,0.4,NA,NA,NA,NA,NA,NA,NA,NA,NP,NP,NP,NP,NP,NP,NP,NA,NA,NA,NA,NA,NA,NA,NA,NA,NA,NA,NA,NA,NA,NA,NA,NA,NA,NA,NA,NP,NP,NP,NP,NP,NP,NA,NA,NA,NA,NA,NA,NA,NA,NA,NA,NA,NA,NA,NA,NA,NA,NA,NA,NA,NA,NA,NA,NA,NA,NA,NA,NA,NA,NA,NA,NA,NA,NA,NA,NA,NA,NA,NA,NA,NA,NA,NA,NA,NA,NA,0.00%,0.00%,0.00%,NE,NE,NE,NP,NP,NP,NP,NP,NP,0.00%,86.40%,NP,NP,NA,NA,NA,NA,NA,NA,0.00%,NE,NP,NP,NP,NP,NA,NA,NA,NA,NA,NA,0.00%,NE,NP,NP,3.90%,0.00%,1.4,NA,NA,NA,NP,NP,1.3,NA,NA,NA,NP,NP,214,0,0%,NA,0.91,0.95,NP,NP,NP,NP,11.4,12.4,NP,NP,NP,NP,NP,NP,NP,NP,NP,NP,NP,NP,0.00%,0.00%,0.00%,0.00%,0.00%,0.00%,NP,NP,NP,NP,NP,NP,NP,NP,NP,NP,NP,NP,0.00%,0.00%,0.00%,0.00%,0.00%,0.00%,NP,NP,NP,NP,NP,NP,NP,NP,NP,NP,NP,NP,NP,NP,NP,NP,NP,NP,NP,NP,NP,NP,NP,NP
1,919,6028,117612,St Christopher School,,Barrington Road,,,Letchworth Garden City,SG6 3JZ,01462650850,E14001393,North East Hertfordshire,0,0,IND,None,,NA,MIXED,0,2-18,496,294,202,77,47,61.00%,30,39.00%,NA,NA,NA,NA,NA,NA,NA,NP,NP,NP,NP,NP,NP,NP,NP,NP,NP,NP,NP,NA,NA,NA,NA,NA,NA,4489.5,58.3,895,11.6,888,11.5,1350,17.5,1356.5,17.6,1356.5,17.6,0,0,2.7,2.8,NA,NA,NA,NA,NA,NA,NA,NA,NA,NA,NA,NA,NA,NA,NA,NA,NA,NA,NA,NA,NA,84.40%,64.90%,381.66,4.96,NP,NP,NA,NA,NA,NP,4.71,5.11,NP,13,16.90%,16.90%,13.00%,70,90.90%,77,100.00%,73,94.80%,58,75.30%,15,19.50%,85.70%,76.60%,92.20%,71.40%,93.20%,80.80%,94.80%,87.90%,100.00%,93.30%,NA,NA,NA,NA,NA,NA,NA,NA,NA,NA,NA,NA,NA,NA,NA,66,59,71,55,68,59,55,51,15,14,13,16.90%,70,90.90%,77,100.00%,73,100.00%,58,100.00%,15,100.00%,NP,NA,NA,NA,NA,NA,NA,NA,NA,NP,NA,NA,NA,NA,NA,NA,NA,NA,NP,NA,NA,NA,NP,NA,NA,NA,NP,NA,NA,NA,NP,NA,NA,NA,NP,NA,NA,NA,NP,NA,NA,NA,NP,NA,NA,NA,NP,NA,NA,NA,NP,NP,NP,NP,NP,NA,NA,NA,NA,NA,NA,NA,NA,NA,NA,NA,NA,NA,NA,NA,NA,NA,NA,NA,NA,NA,NA,NA,NA,NA,NA,NA,NA,NP,NP,NP,NP,NP,NP,NP,NA,NA,NA,NA,NA,NA,NA,NA,56.7,12,10.9,16.1,17.8,17.8,0,NA,NA,NA,NA,NA,NA,NA,NA,59.4,11.4,12,18.5,17.5,17.5,0,NA,NA,NA,NA,NA,NA,NA,NA,NP,NP,NP,NP,NP,NP,NP,NA,NA,NA,NA,NA,NA,NA,NA,NA,NA,NA,NA,NA,NA,NA,NA,NA,NA,NA,NA,NP,NP,NP,NP,NP,NP,NA,NA,NA,NA,NA,NA,NA,NA,NA,NA,NA,NA,NA,NA,NA,NA,NA,NA,NA,NA,NA,NA,NA,NA,NA,NA,NA,NA,NA,NA,NA,NA,NA,NA,NA,NA,NA,NA,NA,NA,NA,NA,NA,NA,NA,17.00%,17.00%,10.60%,16.70%,16.70%,16.70%,NP,NP,NP,NP,NP,NP,81.80%,100.00%,NP,NP,NA,NA,NA,NA,NA,NA,87.20%,80.00%,NP,NP,NP,NP,NA,NA,NA,NA,NA,NA,68.10%,60.00%,NP,NP,1.30%,19.50%,7.6,NA,NA,NA,NP,NP,7.6,NA,NA,NA,NP,NP,595,0,0%,NA,5.44,4.92,NP,NP,NP,NP,60.3,56.4,NP,NP,NP,NP,NP,NP,NP,NP,NP,NP,NP,NP,41.30%,37.50%,38.80%,34.70%,36.30%,26.40%,NP,NP,NP,NP,NP,NP,NP,NP,NP,NP,NP,NP,83.80%,80.60%,86.30%,87.50%,72.50%,61.10%,NP,NP,NP,NP,NP,NP,NP,NP,NP,NP,NP,NP,NP,NP,NP,NP,NP,NP,NP,NP,NP,NP,NP,NP
1,919,5421,136901,St Clement Danes School,,Chenies Road,Chorleywood,,Rickmansworth,WD3 6EW,01923284169,E14001496,South West Hertfordshire,0,0,ACC,None,NSE,OTHER NON SEL,MIXED,0,11-18,1592,823,769,236,122,51.70%,114,48.30%,NA,NA,NA,NA,NA,NA,NA,11,4.70%,225,95.30%,26,11.00%,210,89.00%,0,0.00%,230,97.50%,2,0.80%,36,15.30%,34,14.40%,15358.5,65.1,3123,13.2,3042,12.9,4676,19.8,4517.5,19.1,4509,19.1,8.5,0,3,3,NA,NA,NA,NA,NA,NA,NA,NA,NA,NA,NA,NA,NA,NA,NA,NA,NA,NA,NA,NA,NA,96.60%,83.90%,1431.83,6.07,4.65,6.14,NA,NA,NA,7.31,6.43,5.72,6.09,154,65.30%,53.40%,49.60%,234,99.20%,236,100.00%,236,100.00%,219,92.80%,159,67.40%,97.50%,93.20%,97.50%,86.90%,96.20%,86.40%,90.40%,81.70%,81.80%,76.10%,NA,NA,NA,NA,NA,NA,NA,NA,NA,NA,NA,NA,NA,NA,NA,230,220,230,205,227,204,198,179,130,121,153,64.80%,234,99.20%,236,100.00%,236,100.00%,218,99.50%,157,98.70%,53.9,NA,NA,NA,NA,NA,NA,NA,NA,65.6,NA,NA,NA,NA,NA,NA,NA,NA,11.3,NA,NA,NA,10.7,NA,NA,NA,16.5,NA,NA,NA,15.4,NA,NA,NA,13.3,NA,NA,NA,13,NA,NA,NA,20,NA,NA,NA,19.3,NA,NA,NA,15.4,0,19.3,0,3.5,NA,NA,NA,NA,NA,NA,NA,NA,NA,NA,NA,NA,NA,NA,NA,NA,NA,NA,NA,NA,NA,NA,NA,NA,NA,NA,NA,NA,74.5,14.7,15.2,23.1,21.5,21.2,0.3,NA,NA,NA,NA,NA,NA,NA,NA,68.9,14.6,12.9,20.5,20.8,20.8,0.1,NA,NA,NA,NA,NA,NA,NA,NA,61.5,12,12.9,19.2,17.5,17.5,0,NA,NA,NA,NA,NA,NA,NA,NA,65.3,13.3,12.9,19.9,19.2,19.2,0,NA,NA,NA,NA,NA,NA,NA,NA,NA,NA,NA,NA,NA,NA,NA,NA,NA,NA,NA,NA,27.30%,67.10%,18.20%,18.20%,55.10%,51.10%,NA,NA,NA,NA,NA,NA,NA,NA,NA,NA,NA,NA,NA,NA,NA,NA,NA,NA,NA,NA,NA,NA,NA,NA,NA,NA,NA,NA,NA,NA,NA,NA,NA,NA,NA,NA,NA,NA,NA,NA,NA,NA,NA,NA,NA,56.60%,43.40%,42.60%,74.60%,64.00%,57.00%,66.50%,54.30%,50.40%,80.80%,76.90%,76.90%,93.60%,100.00%,100.00%,96.40%,NA,NA,NA,NA,NA,NA,95.90%,97.40%,100.00%,96.50%,72.70%,84.40%,NA,NA,NA,NA,NA,NA,81.10%,86.80%,96.20%,83.90%,1.70%,26.30%,8.2,NA,NA,NA,8,8.2,8.2,NA,NA,NA,8,8.2,1945,0,0%,NA,5.96,6.1,4.22,4.07,6.06,6.25,63.8,65.6,218,210,0.74,0.74,0.55,0.55,0.93,0.93,49,48.4,64.7,66.9,63.80%,73.10%,56.30%,57.60%,47.50%,46.60%,15.40%,41.20%,15.40%,29.40%,15.40%,29.40%,66.50%,75.60%,58.60%,59.70%,49.30%,48.00%,90.00%,92.00%,92.50%,93.30%,82.10%,83.60%,69.20%,52.90%,38.50%,47.10%,93.80%,96.40%,84.60%,86.40%,13,17,5.40%,7.10%,227,221,94.60%,92.90%,7.8,7.4,8.3,8.4,7.7,7.4,8.2,8.3
1,919,6136,117638,St Columba's College,,King Harry Lane,,,St Albans,AL3 4AW,01727855185,E14001507,St Albans,0,0,IND,Roman Catholic,,NA,MIXED,0,4-18,830,702,128,93,93,100.00%,0,0.00%,NA,NA,NA,NA,NA,NA,NA,NP,NP,NP,NP,NP,NP,NP,NP,NP,NP,NP,NP,NA,NA,NA,NA,NA,NA,3058.5,32.9,0,0,0,0,1556,16.7,1502.5,16.2,1494,16.1,8.5,0.1,2.5,2.4,NA,NA,NA,NA,NA,NA,NA,NA,NA,NA,NA,NA,NA,NA,NA,NA,NA,NA,NA,NA,NA,0.00%,0.00%,242.85,2.61,NP,NP,NA,NA,NA,NP,NE,2.61,NP,0,0.00%,0.00%,0.00%,0,0.00%,0,0.00%,87,93.50%,0,0.00%,46,49.50%,0.00%,0.00%,0.00%,0.00%,100.00%,88.50%,NE,NE,87.00%,76.10%,NA,NA,NA,NA,NA,NA,NA,NA,NA,NA,NA,NA,NA,NA,NA,0,0,0,0,87,77,NE,NE,40,35,0,0.00%,0,0.00%,0,0.00%,87,100.00%,NE,NE,43,93.50%,NP,NA,NA,NA,NA,NA,NA,NA,NA,NP,NA,NA,NA,NA,NA,NA,NA,NA,NP,NA,NA,NA,NP,NA,NA,NA,NP,NA,NA,NA,NP,NA,NA,NA,NP,NA,NA,NA,NP,NA,NA,NA,NP,NA,NA,NA,NP,NA,NA,NA,NP,NP,NP,NP,NP,NA,NA,NA,NA,NA,NA,NA,NA,NA,NA,NA,NA,NA,NA,NA,NA,NA,NA,NA,NA,NA,NA,NA,NA,NA,NA,NA,NA,NP,NP,NP,NP,NP,NP,NP,NA,NA,NA,NA,NA,NA,NA,NA,NE,NE,NE,NE,NE,NE,NE,NA,NA,NA,NA,NA,NA,NA,NA,32.9,0,0,16.7,16.2,16.1,0.1,NA,NA,NA,NA,NA,NA,NA,NA,NP,NP,NP,NP,NP,NP,NP,NA,NA,NA,NA,NA,NA,NA,NA,NA,NA,NA,NA,NA,NA,NA,NA,NA,NA,NA,NA,NP,NP,NP,NP,NP,NP,NA,NA,NA,NA,NA,NA,NA,NA,NA,NA,NA,NA,NA,NA,NA,NA,NA,NA,NA,NA,NA,NA,NA,NA,NA,NA,NA,NA,NA,NA,NA,NA,NA,NA,NA,NA,NA,NA,NA,NA,NA,NA,NA,NA,NA,0.00%,0.00%,0.00%,NE,NE,NE,NP,NP,NP,NP,NP,NP,0.00%,94.60%,NP,NP,NA,NA,NA,NA,NA,NA,0.00%,NE,NP,NP,NP,NP,NA,NA,NA,NA,NA,NA,0.00%,NE,NP,NP,7.50%,18.30%,4.2,NA,NA,NA,NP,NP,4.2,NA,NA,NA,NP,NP,396,0,0%,NA,2.74,2.91,NP,NP,NP,NP,34.2,35.7,NP,NP,NP,NP,NP,NP,NP,NP,NP,NP,NP,NP,0.00%,0.00%,0.00%,0.00%,0.00%,0.00%,NP,NP,NP,NP,NP,NP,NP,NP,NP,NP,NP,NP,0.00%,0.00%,0.00%,0.00%,0.00%,0.00%,NP,NP,NP,NP,NP,NP,NP,NP,NP,NP,NP,NP,NP,NP,NP,NP,NP,NP,NP,NP,NP,NP,NP,NP
1,919,6115,117633,St Edmund's College,,Old Hall Green,,,Ware,SG11 1DS,01920821504,E14001393,North East Hertfordshire,0,0,IND,Roman Catholic,,NA,MIXED,0,3-19,791,474,317,103,67,65.00%,36,35.00%,NA,NA,NA,NA,NA,NA,NA,NP,NP,NP,NP,NP,NP,NP,NP,NP,NP,NP,NP,NA,NA,NA,NA,NA,NA,3659,35.5,6,0.1,18,0.2,1824,17.7,1811,17.6,1811,17.6,0,0,2.7,2.8,NA,NA,NA,NA,NA,NA,NA,NA,NA,NA,NA,NA,NA,NA,NA,NA,NA,NA,NA,NA,NA,1.00%,1.00%,281.8,2.74,NP,NP,NA,NA,NA,NP,2.91,2.64,NP,0,0.00%,0.00%,0.00%,0,0.00%,1,1.00%,103,100.00%,46,44.70%,4,3.90%,0.00%,0.00%,1.00%,1.00%,95.10%,78.60%,91.30%,78.30%,SUPP,SUPP,NA,NA,NA,NA,NA,NA,NA,NA,NA,NA,NA,NA,NA,NA,NA,0,0,1,1,98,81,42,36,SUPP,SUPP,0,0.00%,0,0.00%,1,1.00%,103,100.00%,46,100.00%,SUPP,SUPP,NP,NA,NA,NA,NA,NA,NA,NA,NA,NP,NA,NA,NA,NA,NA,NA,NA,NA,NP,NA,NA,NA,NP,NA,NA,NA,NP,NA,NA,NA,NP,NA,NA,NA,NP,NA,NA,NA,NP,NA,NA,NA,NP,NA,NA,NA,NP,NA,NA,NA,NP,NP,NP,NP,NP,NA,NA,NA,NA,NA,NA,NA,NA,NA,NA,NA,NA,NA,NA,NA,NA,NA,NA,NA,NA,NA,NA,NA,NA,NA,NA,NA,NA,NP,NP,NP,NP,NP,NP,NP,NA,NA,NA,NA,NA,NA,NA,NA,37.2,0.2,0.5,17.9,18.6,18.6,0,NA,NA,NA,NA,NA,NA,NA,NA,34.6,0,0,17.6,17,17,0,NA,NA,NA,NA,NA,NA,NA,NA,NP,NP,NP,NP,NP,NP,NP,NA,NA,NA,NA,NA,NA,NA,NA,NA,NA,NA,NA,NA,NA,NA,NA,NA,NA,NA,NA,NP,NP,NP,NP,NP,NP,NA,NA,NA,NA,NA,NA,NA,NA,NA,NA,NA,NA,NA,NA,NA,NA,NA,NA,NA,NA,NA,NA,NA,NA,NA,NA,NA,NA,NA,NA,NA,NA,NA,NA,NA,NA,NA,NA,NA,NA,NA,NA,NA,NA,NA,0.00%,0.00%,0.00%,0.00%,0.00%,0.00%,NP,NP,NP,NP,NP,NP,1.00%,100.00%,NP,NP,NA,NA,NA,NA,NA,NA,0.00%,2.80%,NP,NP,NP,NP,NA,NA,NA,NA,NA,NA,0.00%,2.80%,NP,NP,0.00%,38.80%,5.1,NA,NA,NA,NP,NP,5.1,NA,NA,NA,NP,NP,528,0,0%,NA,2.59,3.47,NP,NP,NP,NP,33,42.5,NP,NP,NP,NP,NP,NP,NP,NP,NP,NP,NP,NP,0.00%,0.00%,0.00%,0.00%,0.00%,0.00%,NP,NP,NP,NP,NP,NP,NP,NP,NP,NP,NP,NP,0.00%,0.00%,0.00%,0.00%,0.00%,0.00%,NP,NP,NP,NP,NP,NP,NP,NP,NP,NP,NP,NP,NP,NP,NP,NP,NP,NP,NP,NP,NP,NP,NP,NP
2,919,7006,117665,St Elizabeth's School,,South End,,,Much Hadham,SG10 6EW,01279844270,E14001283,Hertford and Stortford,0,0,NMSS,Does not apply,,NA,MIXED,0,5-19,66,47,19,2,SUPP,SUPP,SUPP,SUPP,NA,NA,NA,NA,NA,NA,NA,NP,NP,NP,NP,NP,NP,NP,NP,NP,NP,NP,NP,,,,,,,SUPP,SUPP,SUPP,SUPP,SUPP,SUPP,SUPP,SUPP,SUPP,SUPP,SUPP,SUPP,SUPP,SUPP,SUPP,SUPP,NA,NA,NA,NA,NA,NA,NA,NA,NA,NA,NA,NA,NA,NA,NA,NA,NA,NA,NA,NA,NA,SUPP,SUPP,SUPP,SUPP,NP,NP,NA,NA,NA,NP,SUPP,SUPP,NP,SUPP,SUPP,SUPP,SUPP,SUPP,SUPP,SUPP,SUPP,SUPP,SUPP,SUPP,SUPP,SUPP,SUPP,SUPP,SUPP,SUPP,SUPP,SUPP,SUPP,SUPP,SUPP,SUPP,SUPP,NA,NA,NA,NA,NA,NA,NA,NA,NA,NA,NA,NA,NA,NA,NA,SUPP,SUPP,SUPP,SUPP,SUPP,SUPP,SUPP,SUPP,SUPP,SUPP,SUPP,SUPP,SUPP,SUPP,SUPP,SUPP,SUPP,SUPP,SUPP,SUPP,SUPP,SUPP,NP,NA,NA,NA,NA,NA,NA,NA,NA,NP,NA,NA,NA,NA,NA,NA,NA,NA,NP,NA,NA,NA,NP,NA,NA,NA,NP,NA,NA,NA,NP,NA,NA,NA,NP,NA,NA,NA,NP,NA,NA,NA,NP,NA,NA,NA,NP,NA,NA,NA,NP,NP,NP,NP,NP,NA,NA,NA,NA,NA,NA,NA,NA,NA,NA,NA,NA,NA,NA,NA,NA,NA,NA,NA,NA,NA,NA,NA,NA,NA,NA,NA,NA,NP,NP,NP,NP,NP,NP,NP,NA,NA,NA,NA,NA,NA,NA,NA,SUPP,SUPP,SUPP,SUPP,SUPP,SUPP,SUPP,NA,NA,NA,NA,NA,NA,NA,NA,SUPP,SUPP,SUPP,SUPP,SUPP,SUPP,SUPP,NA,NA,NA,NA,NA,NA,NA,NA,NP,NP,NP,NP,NP,NP,NP,NA,NA,NA,NA,NA,NA,NA,NA,NA,NA,NA,NA,NA,NA,NA,NA,NA,NA,NA,NA,NP,NP,NP,NP,NP,NP,NA,NA,NA,NA,NA,NA,NA,NA,NA,NA,NA,NA,NA,NA,NA,NA,NA,NA,NA,NA,NA,NA,NA,NA,NA,NA,NA,NA,NA,NA,NA,NA,NA,NA,NA,NA,NA,NA,NA,NA,NA,NA,NA,NA,NA,SUPP,SUPP,SUPP,SUPP,SUPP,SUPP,NP,NP,NP,NP,NP,NP,SUPP,SUPP,NP,NP,NA,NA,NA,NA,NA,NA,SUPP,SUPP,NP,NP,NP,NP,NA,NA,NA,NA,NA,NA,SUPP,SUPP,NP,NP,SUPP,SUPP,SUPP,NA,NA,NA,NP,NP,SUPP,NA,NA,NA,NP,NP,SUPP,SUPP,SUPP,NA,NE,SUPP,NP,NP,NP,NP,NE,SUPP,NE,SUPP,NE,SUPP,NE,SUPP,NE,SUPP,NP,NP,NP,NP,NE,SUPP,NE,SUPP,NE,SUPP,NP,NP,NP,NP,NP,NP,NP,NP,NP,NP,NP,NP,NE,SUPP,NE,SUPP,NE,SUPP,NP,NP,NP,NP,NP,NP,NP,NP,NP,NP,NP,NP,NP,NP,NP,NP,NP,NP,NP,NP,NP,NP,NP,NP
1,919,6029,117613,St Francis College,,Broadway,,,Letchworth Garden City,SG6 3PJ,01462670511,E14001393,North East Hertfordshire,0,0,IND,Christian,,NA,GIRLS,0,3-18,287,1,286,41,NA,0.00%,41,100.00%,NA,NA,NA,NA,NA,NA,NA,NP,NP,NP,NP,NP,NP,NP,NP,NP,NP,NP,NP,NA,NA,NA,NA,NA,NA,2334,56.9,218,5.3,524,12.8,831,20.3,761,18.6,744,18.1,17,0.4,2.7,2.6,NA,NA,NA,NA,NA,NA,NA,NA,NA,NA,NA,NA,NA,NA,NA,NA,NA,NA,NA,NA,NA,73.20%,68.30%,202.34,4.94,NP,NP,NA,NA,NA,NP,4.94,NE,NP,0,0.00%,0.00%,0.00%,0,0.00%,38,92.70%,36,87.80%,25,61.00%,31,75.60%,0.00%,0.00%,92.70%,87.80%,97.20%,91.70%,100.00%,92.00%,100.00%,100.00%,NA,NA,NA,NA,NA,NA,NA,NA,NA,NA,NA,NA,NA,NA,NA,0,0,38,36,35,33,25,23,31,31,0,0.00%,0,0.00%,38,92.70%,36,100.00%,25,100.00%,31,100.00%,NP,NA,NA,NA,NA,NA,NA,NA,NA,NP,NA,NA,NA,NA,NA,NA,NA,NA,NP,NA,NA,NA,NP,NA,NA,NA,NP,NA,NA,NA,NP,NA,NA,NA,NP,NA,NA,NA,NP,NA,NA,NA,NP,NA,NA,NA,NP,NA,NA,NA,NP,NP,NP,NP,NP,NA,NA,NA,NA,NA,NA,NA,NA,NA,NA,NA,NA,NA,NA,NA,NA,NA,NA,NA,NA,NA,NA,NA,NA,NA,NA,NA,NA,NP,NP,NP,NP,NP,NP,NP,NA,NA,NA,NA,NA,NA,NA,NA,56.9,5.3,12.8,20.3,18.6,18.1,0.4,NA,NA,NA,NA,NA,NA,NA,NA,NE,NE,NE,NE,NE,NE,NE,NA,NA,NA,NA,NA,NA,NA,NA,NP,NP,NP,NP,NP,NP,NP,NA,NA,NA,NA,NA,NA,NA,NA,NA,NA,NA,NA,NA,NA,NA,NA,NA,NA,NA,NA,NP,NP,NP,NP,NP,NP,NA,NA,NA,NA,NA,NA,NA,NA,NA,NA,NA,NA,NA,NA,NA,NA,NA,NA,NA,NA,NA,NA,NA,NA,NA,NA,NA,NA,NA,NA,NA,NA,NA,NA,NA,NA,NA,NA,NA,NA,NA,NA,NA,NA,NA,NE,NE,NE,0.00%,0.00%,0.00%,NP,NP,NP,NP,NP,NP,73.20%,97.60%,NP,NP,NA,NA,NA,NA,NA,NA,NE,73.20%,NP,NP,NP,NP,NA,NA,NA,NA,NA,NA,NE,68.30%,NP,NP,31.70%,43.90%,7.1,NA,NA,NA,NP,NP,7.1,NA,NA,NA,NP,NP,296,0,0%,NA,4.82,4.97,NP,NP,NP,NP,53.4,53,NP,NP,NP,NP,NP,NP,NP,NP,NP,NP,NP,NP,0.00%,0.00%,0.00%,0.00%,0.00%,0.00%,NP,NP,NP,NP,NP,NP,NP,NP,NP,NP,NP,NP,74.50%,73.90%,74.50%,73.90%,61.70%,73.90%,NP,NP,NP,NP,NP,NP,NP,NP,NP,NP,NP,NP,NP,NP,NP,NP,NP,NP,NP,NP,NP,NP,NP,NP
1,919,4614,138356,St George's School,,Sun Lane,,,Harpenden,AL5 4TD,01582765477,E14001268,Harpenden and Berkhamsted,0,0,ACC,Christian,NSE,OTHER NON SEL,MIXED,0,11-18,1362,674,688,188,82,43.60%,106,56.40%,NA,NA,NA,NA,NA,NA,NA,14,7.40%,174,92.60%,29,15.40%,159,84.60%,0,0.00%,185,98.40%,5,2.70%,20,10.60%,15,8.00%,11976,63.7,2389,12.7,2362,12.6,3572,19,3653,19.4,3633,19.3,20,0.1,2.8,2.9,NA,NA,NA,NA,NA,NA,NA,NA,NA,NA,NA,NA,NA,NA,NA,NA,NA,NA,NA,NA,NA,89.90%,76.60%,1037.48,5.52,3.92,5.65,NA,NA,NA,5.57,5.38,5.69,5.55,50,26.60%,25.50%,22.90%,179,95.20%,184,97.90%,184,97.90%,103,54.80%,94,50.00%,92.60%,87.20%,93.60%,78.70%,89.10%,79.30%,92.20%,89.30%,95.70%,87.20%,NA,NA,NA,NA,NA,NA,NA,NA,NA,NA,NA,NA,NA,NA,NA,174,164,176,148,164,146,95,92,90,82,50,26.60%,178,94.70%,184,97.90%,184,100.00%,103,100.00%,94,100.00%,47.1,NA,NA,NA,NA,NA,NA,NA,NA,65,NA,NA,NA,NA,NA,NA,NA,NA,9.1,NA,NA,NA,9,NA,NA,NA,13.8,NA,NA,NA,15.1,NA,NA,NA,13,NA,NA,NA,12.9,NA,NA,NA,19.4,NA,NA,NA,19.8,NA,NA,NA,14.9,0.2,19.7,0.1,-3.3,NA,NA,NA,NA,NA,NA,NA,NA,NA,NA,NA,NA,NA,NA,NA,NA,NA,NA,NA,NA,NA,NA,NA,NA,NA,NA,NA,NA,64.4,12.7,12.9,19.8,19,19,0,NA,NA,NA,NA,NA,NA,NA,NA,63.6,13,12.3,18.4,19.9,19.8,0.2,NA,NA,NA,NA,NA,NA,NA,NA,63.8,12.4,13,19.7,18.8,18.8,0,NA,NA,NA,NA,NA,NA,NA,NA,64,12.8,12.6,19.1,19.5,19.4,0.1,NA,NA,NA,NA,NA,NA,NA,NA,NA,NA,NA,NA,NA,NA,NA,NA,NA,NA,NA,NA,21.40%,27.00%,14.30%,7.10%,26.40%,24.10%,NA,NA,NA,NA,NA,NA,NA,NA,NA,NA,NA,NA,NA,NA,NA,NA,NA,NA,NA,NA,NA,NA,NA,NA,NA,NA,NA,NA,NA,NA,NA,NA,NA,NA,NA,NA,NA,NA,NA,NA,NA,NA,NA,NA,NA,32.90%,32.90%,30.50%,21.70%,19.80%,17.00%,27.00%,25.90%,23.20%,20.70%,20.70%,17.20%,87.20%,98.90%,64.30%,92.00%,NA,NA,NA,NA,NA,NA,89.00%,90.60%,89.70%,90.30%,35.70%,79.90%,NA,NA,NA,NA,NA,NA,81.70%,72.60%,82.80%,77.30%,1.60%,14.40%,8.5,NA,NA,NA,7.8,8.5,8.4,NA,NA,NA,7.7,8.5,1594,0,0%,NA,5.45,5.48,4.46,3.49,5.51,5.62,64.2,63.7,166,183,0.65,0.72,0.43,0.52,0.86,0.93,52.3,44.9,65,65,23.00%,24.70%,21.40%,23.70%,19.40%,20.90%,25.00%,7.10%,25.00%,7.10%,16.70%,7.10%,22.80%,25.90%,21.20%,24.90%,19.60%,21.90%,91.80%,89.30%,92.90%,90.70%,80.60%,78.10%,83.30%,64.30%,66.70%,50.00%,93.50%,92.50%,81.50%,80.10%,12,14,6.10%,6.50%,184,201,93.90%,93.50%,8.3,7.9,8.6,8.7,8.3,7.9,8.6,8.6
1,919,5418,137914,Saint Joan of Arc Catholic School,,High Street,,,Rickmansworth,WD3 1HG,01923773881,E14001496,South West Hertfordshire,0,0,ACC,Roman Catholic,NSE,OTHER NON SEL,MIXED,0,11-18,1199,616,583,205,120,58.50%,85,41.50%,NA,NA,NA,NA,NA,NA,NA,16,7.80%,189,92.20%,32,15.60%,171,83.40%,2,1.00%,200,97.60%,4,2.00%,34,16.60%,30,14.60%,10381.25,50.6,2153,10.5,2024,9.9,3054.5,14.9,3149.75,15.4,2662,13,487.75,2.4,2.9,2.9,NA,NA,NA,NA,NA,NA,NA,NA,NA,NA,NA,NA,NA,NA,NA,NA,NA,NA,NA,NA,NA,75.10%,56.10%,914.36,4.46,3.89,4.51,NA,NA,NA,4.38,4.66,4.32,4.51,109,53.20%,27.80%,19.50%,195,95.10%,200,97.60%,197,96.10%,179,87.30%,127,62.00%,82.90%,69.80%,80.50%,61.50%,65.00%,46.20%,77.10%,62.60%,72.40%,60.60%,NA,NA,NA,NA,NA,NA,NA,NA,NA,NA,NA,NA,NA,NA,NA,170,143,165,126,128,91,138,112,92,77,105,51.20%,195,95.10%,198,96.60%,193,98.00%,175,97.80%,126,99.20%,43.2,NA,NA,NA,NA,NA,NA,NA,NA,51.3,NA,NA,NA,NA,NA,NA,NA,NA,9.2,NA,NA,NA,8.8,NA,NA,NA,12.2,NA,NA,NA,13,NA,NA,NA,10.6,NA,NA,NA,10,NA,NA,NA,15.1,NA,NA,NA,15.6,NA,NA,NA,11.1,2,13.1,2.4,-7.2,NA,NA,NA,NA,NA,NA,NA,NA,NA,NA,NA,NA,NA,NA,NA,NA,NA,NA,NA,NA,NA,NA,NA,NA,NA,NA,NA,NA,48,9.2,9.3,15.9,13.6,12.3,1.3,NA,NA,NA,NA,NA,NA,NA,NA,53.6,11.3,9.6,15.5,17.1,14.1,3,NA,NA,NA,NA,NA,NA,NA,NA,48.6,9.9,10.1,14.5,14.1,12.2,1.9,NA,NA,NA,NA,NA,NA,NA,NA,51.2,10.6,9.9,15,15.5,13.1,2.4,NA,NA,NA,NA,NA,NA,NA,NA,NA,NA,NA,NA,NA,NA,NA,NA,NA,NA,NA,NA,62.50%,52.40%,31.30%,18.80%,27.50%,19.60%,NA,NA,NA,NA,NA,NA,NA,NA,NA,NA,NA,NA,NA,NA,NA,NA,NA,NA,NA,NA,NA,NA,NA,NA,NA,NA,NA,NA,NA,NA,NA,NA,NA,NA,NA,NA,NA,NA,NA,NA,NA,NA,NA,NA,NA,50.00%,25.00%,16.70%,57.60%,31.80%,23.50%,54.50%,28.50%,20.00%,62.50%,25.00%,6.30%,70.70%,98.50%,62.50%,76.20%,NA,NA,NA,NA,NA,NA,75.00%,75.30%,65.60%,76.00%,43.80%,57.10%,NA,NA,NA,NA,NA,NA,59.20%,51.80%,50.00%,57.00%,11.20%,28.30%,9,NA,NA,NA,8.2,9,8.4,NA,NA,NA,7.6,8.4,1839,0,0%,NA,4.56,4.51,3.4,2.85,4.65,4.61,51.9,52.6,209,198,0.34,0.25,0.15,0.05,0.53,0.45,37.6,36.6,53,53.5,50.00%,40.70%,32.10%,25.50%,20.30%,16.70%,56.30%,9.10%,31.30%,0.00%,25.00%,0.00%,49.50%,42.50%,32.10%,26.90%,19.90%,17.60%,77.80%,78.90%,81.60%,81.90%,62.30%,56.90%,62.50%,45.50%,37.50%,27.30%,83.20%,83.90%,64.30%,58.50%,16,11,7.50%,5.40%,196,193,92.50%,94.60%,6.9,7.7,9.1,9.2,6.9,7.1,8.6,8.6
1,919,5413,137895,The Saint John Henry Newman Catholic School,,Hitchin Road,,,Stevenage,SG1 4AE,01438314643,E14001516,Stevenage,0,0,ACC,Roman Catholic,NSE,OTHER NON SEL,MIXED,0,11-18,1605,831,774,239,126,52.70%,113,47.30%,NA,NA,NA,NA,NA,NA,NA,21,8.80%,218,91.20%,52,21.80%,187,78.20%,0,0.00%,239,100.00%,3,1.30%,41,17.20%,38,15.90%,13841.75,57.9,2904,12.2,2598,10.9,4158,17.4,4181.75,17.5,4009.5,16.8,172.25,0.7,2.9,2.9,NA,NA,NA,NA,NA,NA,NA,NA,NA,NA,NA,NA,NA,NA,NA,NA,NA,NA,NA,NA,NA,83.70%,64.40%,1222.82,5.12,3.34,5.29,NA,NA,NA,5.38,5.15,5.09,5.12,91,38.10%,33.10%,26.80%,235,98.30%,235,98.30%,233,97.50%,209,87.40%,106,44.40%,93.30%,85.40%,84.50%,66.10%,85.00%,72.50%,87.60%,75.10%,94.30%,88.70%,NA,NA,NA,NA,NA,NA,NA,NA,NA,NA,NA,NA,NA,NA,NA,223,204,202,158,198,169,183,157,100,94,89,37.20%,235,98.30%,235,98.30%,228,97.90%,209,100.00%,106,100.00%,38.3,NA,NA,NA,NA,NA,NA,NA,NA,59.8,NA,NA,NA,NA,NA,NA,NA,NA,8.4,NA,NA,NA,7,NA,NA,NA,11.5,NA,NA,NA,11.4,NA,NA,NA,12.5,NA,NA,NA,11.2,NA,NA,NA,18,NA,NA,NA,18.1,NA,NA,NA,11,0.4,17.3,0.7,-12.1,NA,NA,NA,NA,NA,NA,NA,NA,NA,NA,NA,NA,NA,NA,NA,NA,NA,NA,NA,NA,NA,NA,NA,NA,NA,NA,NA,NA,59.1,12.3,11,18,17.7,17.6,0.1,NA,NA,NA,NA,NA,NA,NA,NA,57.7,12.4,10.3,17,18,16.8,1.2,NA,NA,NA,NA,NA,NA,NA,NA,58.1,11.9,11.4,17.7,17.1,16.8,0.3,NA,NA,NA,NA,NA,NA,NA,NA,57.9,12.2,10.9,17.4,17.5,16.8,0.7,NA,NA,NA,NA,NA,NA,NA,NA,NA,NA,NA,NA,NA,NA,NA,NA,NA,NA,NA,NA,19.00%,39.90%,14.30%,4.80%,34.90%,28.90%,NA,NA,NA,NA,NA,NA,NA,NA,NA,NA,NA,NA,NA,NA,NA,NA,NA,NA,NA,NA,NA,NA,NA,NA,NA,NA,NA,NA,NA,NA,NA,NA,NA,NA,NA,NA,NA,NA,NA,NA,NA,NA,NA,NA,NA,31.00%,27.00%,23.80%,46.00%,39.80%,30.10%,38.10%,33.10%,26.80%,51.90%,44.20%,36.50%,82.00%,99.60%,42.90%,87.60%,NA,NA,NA,NA,NA,NA,87.30%,79.60%,86.50%,83.70%,23.80%,68.30%,NA,NA,NA,NA,NA,NA,65.90%,62.80%,65.40%,64.40%,1.30%,39.30%,8.7,NA,NA,NA,7.9,8.8,8.5,NA,NA,NA,7.6,8.6,2074,0,0%,NA,5.04,5.02,3.74,4.4,5.19,5.05,56.8,57.3,232,242,0.72,0.7,0.54,0.52,0.9,0.88,44.1,50.7,58.2,57.6,41.50%,31.40%,33.20%,27.30%,28.60%,23.30%,25.00%,20.00%,20.80%,20.00%,12.50%,20.00%,43.30%,31.90%,34.60%,27.70%,30.40%,23.40%,80.50%,83.30%,83.80%,86.10%,64.30%,65.30%,58.30%,70.00%,29.20%,50.00%,86.60%,86.80%,68.20%,66.00%,24,10,10.00%,4.10%,217,235,90.00%,95.90%,7.5,8.1,8.7,8.6,7.1,7.5,8.6,8.3
2,919,7012,117671,St Luke's School,,Crouch Hall Lane,Redbourn,,St Albans,AL3 7ET,01582626727,E14001268,Harpenden and Berkhamsted,0,0,FDS,Does not apply,NA,NA,MIXED,0,7-16,178,121,57,21,14,66.70%,7,33.30%,NA,NA,NA,NA,NA,NA,NA,11,52.40%,10,47.60%,0,0.00%,21,100.00%,0,0.00%,21,100.00%,,,,,,,NE,NE,NE,NE,NE,NE,NE,NE,NE,NE,NE,NE,NE,NE,NE,NE,NA,NA,NA,NA,NA,NA,NA,NA,NA,NA,NA,NA,NA,NA,NA,NA,NA,NA,NA,NA,NA,NE,NE,NE,NE,NE,NE,NA,NA,NA,NE,NE,NE,NE,NE,NE,NE,NE,NE,NE,NE,NE,NE,NE,NE,NE,NE,NE,NE,NE,NE,NE,NE,NE,NE,NE,NE,NE,NA,NA,NA,NA,NA,NA,NA,NA,NA,NA,NA,NA,NA,NA,NA,NE,NE,NE,NE,NE,NE,NE,NE,NE,NE,NE,NE,NE,NE,NE,NE,NE,NE,NE,NE,NE,NE,NE,NA,NA,NA,NA,NA,NA,NA,NA,NE,NA,NA,NA,NA,NA,NA,NA,NA,NE,NA,NA,NA,NE,NA,NA,NA,NE,NA,NA,NA,NE,NA,NA,NA,NE,NA,NA,NA,NE,NA,NA,NA,NE,NA,NA,NA,NE,NA,NA,NA,NE,NE,NE,NE,NE,NA,NA,NA,NA,NA,NA,NA,NA,NA,NA,NA,NA,NA,NA,NA,NA,NA,NA,NA,NA,NA,NA,NA,NA,NA,NA,NA,NA,NE,NE,NE,NE,NE,NE,NE,NA,NA,NA,NA,NA,NA,NA,NA,NE,NE,NE,NE,NE,NE,NE,NA,NA,NA,NA,NA,NA,NA,NA,NE,NE,NE,NE,NE,NE,NE,NA,NA,NA,NA,NA,NA,NA,NA,NE,NE,NE,NE,NE,NE,NE,NA,NA,NA,NA,NA,NA,NA,NA,NA,NA,NA,NA,NA,NA,NA,NA,NA,NA,NA,NA,NE,NE,NE,NE,NE,NE,NA,NA,NA,NA,NA,NA,NA,NA,NA,NA,NA,NA,NA,NA,NA,NA,NA,NA,NA,NA,NA,NA,NA,NA,NA,NA,NA,NA,NA,NA,NA,NA,NA,NA,NA,NA,NA,NA,NA,NA,NA,NA,NA,NA,NA,NE,NE,NE,NE,NE,NE,NE,NE,NE,NE,NE,NE,NE,NE,NE,NE,NA,NA,NA,NA,NA,NA,NE,NE,NE,NE,NE,NE,NA,NA,NA,NA,NA,NA,NE,NE,NE,NE,NE,NE,NE,NA,NA,NA,NE,NE,NE,NA,NA,NA,NE,NE,NE,NE,NE,NA,NE,NE,NE,NE,NE,NE,NE,NE,NE,NE,NE,NE,NE,NE,NE,NE,NE,NE,NE,NE,NE,NE,NE,NE,NE,NE,NE,NE,NE,NE,NE,NE,NE,NE,NE,NE,NE,NE,NE,NE,NE,NE,NE,NE,NE,NE,NE,NE,NE,NE,NE,NE,17,13,47.20%,44.80%,19,16,52.80%,55.20%,NE,NE,NE,NE,NE,NE,NE,NE
1,919,6012,117606,St Margaret's School,,Merry Hill Road,,,Bushey,WD23 1DT,02084164400,E14001284,Hertsmere,0,0,IND,None,,NA,MIXED,0,2-18,806,313,493,60,21,35.00%,39,65.00%,NA,NA,NA,NA,NA,NA,NA,NP,NP,NP,NP,NP,NP,NP,NP,NP,NP,NP,NP,NA,NA,NA,NA,NA,NA,3378.5,56.3,669,11.2,684,11.4,1014.5,16.9,1011,16.9,1011,16.9,0,0,2.6,2.7,NA,NA,NA,NA,NA,NA,NA,NA,NA,NA,NA,NA,NA,NA,NA,NA,NA,NA,NA,NA,NA,85.00%,73.30%,293,4.88,NP,NP,NA,NA,NA,NP,5.17,4.36,NP,19,31.70%,31.70%,25.00%,48,80.00%,59,98.30%,55,91.70%,34,56.70%,27,45.00%,80.00%,76.70%,88.30%,78.30%,96.40%,81.80%,91.20%,82.40%,96.30%,88.90%,NA,NA,NA,NA,NA,NA,NA,NA,NA,NA,NA,NA,NA,NA,NA,48,46,53,47,53,45,31,28,26,24,19,31.70%,48,80.00%,59,98.30%,54,98.20%,34,100.00%,26,96.30%,NP,NA,NA,NA,NA,NA,NA,NA,NA,NP,NA,NA,NA,NA,NA,NA,NA,NA,NP,NA,NA,NA,NP,NA,NA,NA,NP,NA,NA,NA,NP,NA,NA,NA,NP,NA,NA,NA,NP,NA,NA,NA,NP,NA,NA,NA,NP,NA,NA,NA,NP,NP,NP,NP,NP,NA,NA,NA,NA,NA,NA,NA,NA,NA,NA,NA,NA,NA,NA,NA,NA,NA,NA,NA,NA,NA,NA,NA,NA,NA,NA,NA,NA,NP,NP,NP,NP,NP,NP,NP,NA,NA,NA,NA,NA,NA,NA,NA,58.7,11.9,11.3,17.9,17.6,17.6,0,NA,NA,NA,NA,NA,NA,NA,NA,51.8,9.7,11.6,15.1,15.4,15.4,0,NA,NA,NA,NA,NA,NA,NA,NA,NP,NP,NP,NP,NP,NP,NP,NA,NA,NA,NA,NA,NA,NA,NA,NA,NA,NA,NA,NA,NA,NA,NA,NA,NA,NA,NA,NP,NP,NP,NP,NP,NP,NA,NA,NA,NA,NA,NA,NA,NA,NA,NA,NA,NA,NA,NA,NA,NA,NA,NA,NA,NA,NA,NA,NA,NA,NA,NA,NA,NA,NA,NA,NA,NA,NA,NA,NA,NA,NA,NA,NA,NA,NA,NA,NA,NA,NA,23.80%,23.80%,14.30%,35.90%,35.90%,30.80%,NP,NP,NP,NP,NP,NP,85.00%,98.30%,NP,NP,NA,NA,NA,NA,NA,NA,76.20%,89.70%,NP,NP,NP,NP,NA,NA,NA,NA,NA,NA,66.70%,76.90%,NP,NP,6.70%,35.00%,7.2,NA,NA,NA,NP,NP,7.1,NA,NA,NA,NP,NP,436,0,0%,NA,4.96,4.31,NP,NP,NP,NP,55.6,51.4,NP,NP,NP,NP,NP,NP,NP,NP,NP,NP,NP,NP,31.30%,0.00%,29.90%,0.00%,25.40%,0.00%,NP,NP,NP,NP,NP,NP,NP,NP,NP,NP,NP,NP,71.60%,79.30%,74.60%,80.50%,62.70%,70.70%,NP,NP,NP,NP,NP,NP,NP,NP,NP,NP,NP,NP,NP,NP,NP,NP,NP,NP,NP,NP,NP,NP,NP,NP
1,919,5422,148499,St Mary's Catholic School,,Windhill,,,Bishop's Stortford,CM23 2NQ,01279654901,E14001283,Hertford and Stortford,0,0,ACC,Roman Catholic,NSE,OTHER NON SEL,MIXED,0,11-18,1121,565,556,185,93,50.30%,92,49.70%,NA,NA,NA,NA,NA,NA,NA,11,5.90%,174,94.10%,51,27.60%,133,71.90%,1,0.50%,181,97.80%,5,2.70%,22,11.90%,17,9.20%,10654,57.6,2188,11.8,2050,11.1,3203,17.3,3213,17.4,3213,17.4,0,0,3,3,NA,NA,NA,NA,NA,NA,NA,NA,NA,NA,NA,NA,NA,NA,NA,NA,NA,NA,NA,NA,NA,89.20%,65.90%,986.21,5.33,4.39,5.39,NA,NA,NA,5.68,5.28,5.39,5.4,125,67.60%,50.80%,36.20%,185,100.00%,185,100.00%,184,99.50%,179,96.80%,128,69.20%,95.70%,83.20%,89.20%,70.80%,89.70%,70.10%,78.80%,63.70%,81.30%,70.30%,NA,NA,NA,NA,NA,NA,NA,NA,NA,NA,NA,NA,NA,NA,NA,177,154,165,131,165,129,141,114,104,90,124,67.00%,185,100.00%,185,100.00%,183,99.50%,179,100.00%,127,99.20%,51.1,NA,NA,NA,NA,NA,NA,NA,NA,58,NA,NA,NA,NA,NA,NA,NA,NA,11.8,NA,NA,NA,10.7,NA,NA,NA,14.2,NA,NA,NA,14.4,NA,NA,NA,11.8,NA,NA,NA,11.1,NA,NA,NA,17.5,NA,NA,NA,17.6,NA,NA,NA,14.4,0,17.6,0,0.7,NA,NA,NA,NA,NA,NA,NA,NA,NA,NA,NA,NA,NA,NA,NA,NA,NA,NA,NA,NA,NA,NA,NA,NA,NA,NA,NA,NA,58.7,11.7,11.3,18.5,17.2,17.2,0,NA,NA,NA,NA,NA,NA,NA,NA,57.2,12.1,10.4,16.9,17.9,17.9,0,NA,NA,NA,NA,NA,NA,NA,NA,57.9,11.6,11.8,17.7,16.9,16.9,0,NA,NA,NA,NA,NA,NA,NA,NA,58.3,12,11.2,17.5,17.6,17.6,0,NA,NA,NA,NA,NA,NA,NA,NA,NA,NA,NA,NA,NA,NA,NA,NA,NA,NA,NA,NA,27.30%,70.10%,18.20%,9.10%,52.90%,37.90%,NA,NA,NA,NA,NA,NA,NA,NA,NA,NA,NA,NA,NA,NA,NA,NA,NA,NA,NA,NA,NA,NA,NA,NA,NA,NA,NA,NA,NA,NA,NA,NA,NA,NA,NA,NA,NA,NA,NA,NA,NA,NA,NA,NA,NA,61.30%,47.30%,34.40%,73.90%,54.30%,38.00%,69.10%,51.90%,37.00%,84.30%,64.70%,43.10%,84.30%,100.00%,100.00%,88.50%,NA,NA,NA,NA,NA,NA,91.40%,87.00%,94.10%,91.20%,54.50%,66.70%,NA,NA,NA,NA,NA,NA,68.80%,63.00%,64.70%,67.40%,8.10%,16.80%,8.5,NA,NA,NA,7.7,8.5,8.4,NA,NA,NA,7.6,8.4,1584,0,0%,NA,4.96,5.02,4.17,3.9,5.02,5.13,54.6,54.3,179,172,0.43,0.38,0.22,0.17,0.63,0.59,47.3,43.4,55.1,55.4,66.70%,72.10%,44.10%,42.10%,29.00%,27.90%,41.70%,37.50%,33.30%,25.00%,16.70%,12.50%,68.40%,75.40%,44.80%,43.70%,29.90%,29.30%,75.30%,74.90%,81.20%,81.40%,59.10%,63.90%,58.30%,56.30%,50.00%,56.30%,82.80%,83.80%,59.80%,64.70%,12,16,6.50%,8.70%,174,167,93.50%,91.30%,7.9,7.4,8.3,8.3,7.8,7.4,8.3,8.3
1,919,5423,138360,St Mary's Church of England High School (VA),,Lieutenant Ellis Way,Cheshunt,,Waltham Cross,EN7 5FB,01992629124,E14001139,Broxbourne,0,0,ACC,Church of England,NSE,OTHER NON SEL,MIXED,0,11-19,982,475,507,190,85,44.70%,105,55.30%,NA,NA,NA,NA,NA,NA,NA,65,34.20%,125,65.80%,57,30.00%,132,69.50%,1,0.50%,179,94.20%,5,2.60%,35,18.40%,30,15.80%,8547.25,45,1815,9.6,1698,8.9,2445.5,12.9,2588.75,13.6,1842.5,9.7,746.25,3.9,2.8,2.9,NA,NA,NA,NA,NA,NA,NA,NA,NA,NA,NA,NA,NA,NA,NA,NA,NA,NA,NA,NA,NA,65.30%,40.50%,760.52,4,3.51,4.26,NA,NA,NA,4.33,4.04,3.96,4.08,96,50.50%,30.00%,18.90%,187,98.40%,188,98.90%,187,98.40%,175,92.10%,103,54.20%,75.30%,54.70%,70.00%,50.50%,55.60%,36.40%,59.40%,47.40%,77.70%,63.10%,NA,NA,NA,NA,NA,NA,NA,NA,NA,NA,NA,NA,NA,NA,NA,143,104,133,96,104,68,104,83,80,65,92,48.40%,186,97.90%,183,96.30%,180,96.30%,167,95.40%,102,99.00%,39.9,NA,NA,NA,NA,NA,NA,NA,NA,47.6,NA,NA,NA,NA,NA,NA,NA,NA,8.8,NA,NA,NA,7.6,NA,NA,NA,11.2,NA,NA,NA,12.3,NA,NA,NA,10,NA,NA,NA,9.6,NA,NA,NA,13.7,NA,NA,NA,14.3,NA,NA,NA,9,3.3,10.1,4.3,-10.5,NA,NA,NA,NA,NA,NA,NA,NA,NA,NA,NA,NA,NA,NA,NA,NA,NA,NA,NA,NA,NA,NA,NA,NA,NA,NA,NA,NA,46.4,9.6,9.2,14.2,13.4,10.3,3,NA,NA,NA,NA,NA,NA,NA,NA,45.8,9.7,8.5,13.1,14.5,10.3,4.2,NA,NA,NA,NA,NA,NA,NA,NA,44,9.4,9.5,12.6,12.6,9,3.6,NA,NA,NA,NA,NA,NA,NA,NA,45.8,9.7,9.1,13.1,13.9,9.8,4.1,NA,NA,NA,NA,NA,NA,NA,NA,NA,NA,NA,NA,NA,NA,NA,NA,NA,NA,NA,NA,43.10%,54.40%,27.70%,21.50%,31.20%,17.60%,NA,NA,NA,NA,NA,NA,NA,NA,NA,NA,NA,NA,NA,NA,NA,NA,NA,NA,NA,NA,NA,NA,NA,NA,NA,NA,NA,NA,NA,NA,NA,NA,NA,NA,NA,NA,NA,NA,NA,NA,NA,NA,NA,NA,NA,50.60%,23.50%,17.60%,50.50%,35.20%,20.00%,52.50%,31.80%,20.10%,68.40%,36.80%,22.80%,58.40%,98.90%,50.80%,72.80%,NA,NA,NA,NA,NA,NA,63.50%,66.70%,64.90%,67.60%,32.30%,44.80%,NA,NA,NA,NA,NA,NA,40.00%,41.00%,36.80%,41.30%,7.90%,15.80%,8.9,NA,NA,NA,8.4,9.1,7.5,NA,NA,NA,7.2,7.7,1700,0,0%,NA,3.96,3.65,3.15,3.12,4.33,3.83,44.3,41.1,211,174,-0.07,-0.24,-0.26,-0.45,0.12,-0.03,36.7,35.3,47.8,43.1,54.20%,47.80%,31.50%,28.30%,17.60%,16.70%,42.60%,36.20%,17.60%,19.10%,10.30%,10.60%,59.50%,51.90%,37.80%,31.60%,20.90%,18.80%,57.40%,55.00%,61.60%,62.80%,38.40%,35.60%,41.20%,46.80%,22.10%,25.50%,70.90%,68.40%,45.90%,39.10%,68,47,31.50%,26.10%,148,133,68.50%,73.90%,8.3,8.8,9.4,9.2,6.6,7.1,7.8,7.4
1,919,5417,137922,Saint Michael's Catholic High School,,High Elms Lane,Garston,,Watford,WD25 0SS,01923673760,E14001496,South West Hertfordshire,0,0,ACC,Roman Catholic,NSE,OTHER NON SEL,MIXED,0,11-18,1121,592,529,178,93,52.20%,85,47.80%,NA,NA,NA,NA,NA,NA,NA,18,10.10%,160,89.90%,9,5.10%,169,94.90%,0,0.00%,174,97.80%,7,3.90%,16,9.00%,9,5.10%,9053.5,50.9,1851,10.4,1688,9.5,2760,15.5,2754.5,15.5,2555,14.4,199.5,1.1,2.9,2.9,NA,NA,NA,NA,NA,NA,NA,NA,NA,NA,NA,NA,NA,NA,NA,NA,NA,NA,NA,NA,NA,73.00%,50.00%,817.95,4.6,3.27,4.74,NA,NA,NA,3.91,4.85,4.36,4.61,87,48.90%,36.00%,24.70%,170,95.50%,174,97.80%,174,97.80%,161,90.40%,95,53.40%,84.80%,68.50%,75.80%,52.80%,76.40%,54.00%,75.20%,60.90%,78.90%,68.40%,NA,NA,NA,NA,NA,NA,NA,NA,NA,NA,NA,NA,NA,NA,NA,151,122,135,94,133,94,121,98,75,65,85,47.80%,170,95.50%,174,97.80%,174,100.00%,159,98.80%,93,97.90%,40,NA,NA,NA,NA,NA,NA,NA,NA,52.1,NA,NA,NA,NA,NA,NA,NA,NA,8.8,NA,NA,NA,6.8,NA,NA,NA,11.3,NA,NA,NA,13.1,NA,NA,NA,10.6,NA,NA,NA,9.8,NA,NA,NA,16,NA,NA,NA,15.7,NA,NA,NA,9.7,3.4,14.9,0.9,-10.4,NA,NA,NA,NA,NA,NA,NA,NA,NA,NA,NA,NA,NA,NA,NA,NA,NA,NA,NA,NA,NA,NA,NA,NA,NA,NA,NA,NA,48.7,9.2,8.9,15.6,15.1,13,2.1,NA,NA,NA,NA,NA,NA,NA,NA,53.4,11.3,9.4,16.2,16.5,16.1,0.4,NA,NA,NA,NA,NA,NA,NA,NA,48.5,9.5,9.6,14.9,14.5,12.7,1.8,NA,NA,NA,NA,NA,NA,NA,NA,50.8,10.4,9.5,15.5,15.5,14.3,1.1,NA,NA,NA,NA,NA,NA,NA,NA,NA,NA,NA,NA,NA,NA,NA,NA,NA,NA,NA,NA,22.20%,51.90%,16.70%,5.60%,38.10%,26.90%,NA,NA,NA,NA,NA,NA,NA,NA,NA,NA,NA,NA,NA,NA,NA,NA,NA,NA,NA,NA,NA,NA,NA,NA,NA,NA,NA,NA,NA,NA,NA,NA,NA,NA,NA,NA,NA,NA,NA,NA,NA,NA,NA,NA,NA,38.70%,32.30%,19.40%,60.00%,40.00%,30.60%,50.00%,36.80%,25.30%,11.10%,11.10%,11.10%,70.20%,98.90%,44.40%,76.30%,NA,NA,NA,NA,NA,NA,72.00%,74.10%,66.70%,73.00%,27.80%,52.50%,NA,NA,NA,NA,NA,NA,48.40%,51.80%,55.60%,49.40%,5.10%,23.60%,8.1,NA,NA,NA,7.9,8.1,7.8,NA,NA,NA,7,7.9,1444,0,0%,NA,4.5,4.65,3.84,4.09,4.58,4.72,51.2,54.4,169,169,0.13,0.24,-0.09,0.03,0.34,0.45,43.6,47.6,52.2,55.3,36.80%,23.40%,27.00%,17.10%,21.30%,13.10%,35.00%,31.60%,25.00%,26.30%,25.00%,15.80%,37.00%,22.40%,27.30%,16.00%,20.80%,12.80%,71.80%,76.00%,75.90%,77.70%,50.60%,56.60%,60.00%,63.20%,40.00%,42.10%,77.90%,79.50%,51.90%,58.30%,20,19,11.50%,10.90%,154,156,88.50%,89.10%,7.8,8,8.1,8,7.3,7.4,7.9,7.8
1,919,4003,138582,Samuel Ryder Academy,,Drakes Drive,,,St Albans,AL1 5AR,01727859382,E14001507,St Albans,0,0,AC,None,NSE,OTHER NON SEL,MIXED,0,4-19,1577,853,724,185,104,56.20%,81,43.80%,NA,NA,NA,NA,NA,NA,NA,28,15.10%,157,84.90%,29,15.70%,155,83.80%,1,0.50%,179,96.80%,4,2.20%,28,15.10%,24,13.00%,10448.5,56.5,2150,11.6,2048,11.1,3079.5,16.6,3171,17.1,3122,16.9,49,0.3,3,3,NA,NA,NA,NA,NA,NA,NA,NA,NA,NA,NA,NA,NA,NA,NA,NA,NA,NA,NA,NA,NA,81.60%,69.70%,917.37,4.96,3.7,5.18,NA,NA,NA,4.89,5.12,4.83,5.01,74,40.00%,30.30%,22.20%,182,98.40%,185,100.00%,183,98.90%,137,74.10%,107,57.80%,87.00%,76.80%,85.40%,73.50%,79.80%,65.60%,82.50%,70.80%,70.10%,56.10%,NA,NA,NA,NA,NA,NA,NA,NA,NA,NA,NA,NA,NA,NA,NA,161,142,158,136,146,120,113,97,75,60,73,39.50%,182,98.40%,184,99.50%,183,100.00%,135,98.50%,107,100.00%,43.5,NA,NA,NA,NA,NA,NA,NA,NA,58.8,NA,NA,NA,NA,NA,NA,NA,NA,9.2,NA,NA,NA,8.1,NA,NA,NA,12.6,NA,NA,NA,13.7,NA,NA,NA,12.1,NA,NA,NA,11.6,NA,NA,NA,17.4,NA,NA,NA,17.8,NA,NA,NA,13,0.7,17.6,0.2,-6.9,NA,NA,NA,NA,NA,NA,NA,NA,NA,NA,NA,NA,NA,NA,NA,NA,NA,NA,NA,NA,NA,NA,NA,NA,NA,NA,NA,NA,54.6,11,11,16.7,16,15.8,0.2,NA,NA,NA,NA,NA,NA,NA,NA,59.1,12.3,11.1,17.2,18.5,17.9,0.5,NA,NA,NA,NA,NA,NA,NA,NA,54.4,11.1,11,16.2,16.1,16.1,0.1,NA,NA,NA,NA,NA,NA,NA,NA,57.1,11.7,11.2,16.8,17.4,17.1,0.3,NA,NA,NA,NA,NA,NA,NA,NA,NA,NA,NA,NA,NA,NA,NA,NA,NA,NA,NA,NA,32.10%,41.40%,17.90%,10.70%,32.50%,24.20%,NA,NA,NA,NA,NA,NA,NA,NA,NA,NA,NA,NA,NA,NA,NA,NA,NA,NA,NA,NA,NA,NA,NA,NA,NA,NA,NA,NA,NA,NA,NA,NA,NA,NA,NA,NA,NA,NA,NA,NA,NA,NA,NA,NA,NA,43.30%,29.80%,21.20%,35.80%,30.90%,23.50%,40.20%,30.70%,22.30%,34.50%,27.60%,27.60%,79.50%,100.00%,53.60%,86.60%,NA,NA,NA,NA,NA,NA,80.80%,82.70%,72.40%,82.70%,42.90%,74.50%,NA,NA,NA,NA,NA,NA,69.20%,70.40%,65.50%,70.90%,1.60%,26.50%,8.4,NA,NA,NA,7.5,8.6,8.3,NA,NA,NA,7.3,8.5,1570,0,0%,NA,4.32,4.44,3.76,3.18,4.45,4.72,50.4,51.6,187,155,0.35,0.36,0.15,0.14,0.55,0.59,43.2,39.1,52,54.3,29.20%,30.00%,21.90%,22.50%,15.60%,17.50%,34.30%,13.80%,28.60%,6.90%,17.10%,6.90%,28.00%,33.60%,20.40%,26.00%,15.30%,19.80%,72.40%,69.40%,72.90%,77.50%,54.20%,57.50%,62.90%,51.70%,45.70%,27.60%,75.20%,83.20%,56.10%,64.10%,35,29,18.20%,18.10%,157,131,81.80%,81.90%,7.7,8,8.5,8.5,7.5,7.7,8.4,8.4
1,919,4197,136609,Sandringham School,,The Ridgeway,,,St Albans,AL4 9NX,01727799560,E14001507,St Albans,0,0,ACC,Does not apply,NSE,OTHER NON SEL,MIXED,0,11-18,1817,977,840,236,138,58.50%,98,41.50%,NA,NA,NA,NA,NA,NA,NA,28,11.90%,208,88.10%,24,10.20%,212,89.80%,0,0.00%,226,95.80%,1,0.40%,26,11.00%,25,10.60%,15358.75,65.1,3043,12.9,3094,13.1,4730,20,4491.75,19,4135.5,17.5,356.25,1.5,2.9,2.9,NA,NA,NA,NA,NA,NA,NA,NA,NA,NA,NA,NA,NA,NA,NA,NA,NA,NA,NA,NA,NA,88.60%,83.50%,1413.98,5.99,3.76,6.29,NA,NA,NA,6.17,5.96,6.01,6.03,114,48.30%,46.60%,42.80%,226,95.80%,235,99.60%,228,96.60%,139,58.90%,196,83.10%,89.80%,85.60%,90.70%,87.30%,90.80%,87.70%,94.20%,91.40%,94.90%,87.20%,NA,NA,NA,NA,NA,NA,NA,NA,NA,NA,NA,NA,NA,NA,NA,212,202,214,206,207,200,131,127,186,171,114,48.30%,226,95.80%,233,98.70%,228,100.00%,139,100.00%,196,100.00%,43.2,NA,NA,NA,NA,NA,NA,NA,NA,68,NA,NA,NA,NA,NA,NA,NA,NA,8.4,NA,NA,NA,9.1,NA,NA,NA,13,NA,NA,NA,12.6,NA,NA,NA,13.5,NA,NA,NA,13.6,NA,NA,NA,21,NA,NA,NA,19.9,NA,NA,NA,11.1,1.4,18.4,1.5,-7.2,NA,NA,NA,NA,NA,NA,NA,NA,NA,NA,NA,NA,NA,NA,NA,NA,NA,NA,NA,NA,NA,NA,NA,NA,NA,NA,NA,NA,66.1,12.4,13.4,21.3,19,17.6,1.4,NA,NA,NA,NA,NA,NA,NA,NA,64.3,13,12.3,19.7,19.3,17.1,2.2,NA,NA,NA,NA,NA,NA,NA,NA,65.6,12.8,13.7,20.3,18.9,17.8,1,NA,NA,NA,NA,NA,NA,NA,NA,65.5,13,13.2,20.2,19.2,17.6,1.6,NA,NA,NA,NA,NA,NA,NA,NA,NA,NA,NA,NA,NA,NA,NA,NA,NA,NA,NA,NA,14.30%,52.90%,14.30%,14.30%,51.00%,46.60%,NA,NA,NA,NA,NA,NA,NA,NA,NA,NA,NA,NA,NA,NA,NA,NA,NA,NA,NA,NA,NA,NA,NA,NA,NA,NA,NA,NA,NA,NA,NA,NA,NA,NA,NA,NA,NA,NA,NA,NA,NA,NA,NA,NA,NA,44.90%,43.50%,39.90%,53.10%,51.00%,46.90%,49.10%,47.30%,43.40%,50.00%,41.70%,41.70%,88.10%,99.20%,57.10%,92.80%,NA,NA,NA,NA,NA,NA,91.30%,84.70%,79.20%,89.40%,50.00%,88.00%,NA,NA,NA,NA,NA,NA,86.20%,79.60%,75.00%,84.10%,9.30%,38.60%,8.6,NA,NA,NA,7,8.9,8,NA,NA,NA,6.2,8.3,2045,0,0%,NA,5.99,5.54,4.68,3.31,6.15,5.76,64.6,61.2,225,230,1.06,0.83,0.88,0.64,1.25,1.01,53,41.2,66.1,63.2,59.20%,57.10%,53.80%,47.10%,45.40%,32.90%,42.30%,13.60%,38.50%,9.10%,30.80%,9.10%,61.20%,61.50%,55.60%,50.90%,47.20%,35.30%,90.40%,85.00%,92.10%,88.30%,81.70%,75.40%,69.20%,59.10%,57.70%,18.20%,94.90%,91.30%,84.60%,81.20%,26,22,10.80%,9.20%,214,218,89.20%,90.80%,8,7.7,8.9,8.9,7.2,6.8,8.3,8.2
1,919,4117,138484,The Sele School,,Welwyn Road,,,Hertford,SG14 2DG,01992581455,E14001283,Hertford and Stortford,0,0,ACC,Does not apply,NSE,OTHER NON SEL,MIXED,0,11-18,396,190,206,73,29,39.70%,44,60.30%,NA,NA,NA,NA,NA,NA,NA,24,32.90%,49,67.10%,9,12.30%,64,87.70%,0,0.00%,68,93.20%,4,5.50%,16,21.90%,12,16.40%,2604.25,35.7,594,8.1,510,7,696,9.5,804.25,11,787.5,10.8,16.75,0.2,2.4,2.7,NA,NA,NA,NA,NA,NA,NA,NA,NA,NA,NA,NA,NA,NA,NA,NA,NA,NA,NA,NA,NA,38.40%,20.50%,214.33,2.94,2.72,3.04,NA,NA,NA,3.59,2.89,3,2.97,15,20.50%,6.80%,2.70%,67,91.80%,70,95.90%,70,95.90%,43,58.90%,18,24.70%,58.90%,41.10%,47.90%,27.40%,38.60%,24.30%,69.80%,39.50%,38.90%,38.90%,NA,NA,NA,NA,NA,NA,NA,NA,NA,NA,NA,NA,NA,NA,NA,43,30,35,20,27,17,30,17,7,7,13,17.80%,66,90.40%,69,94.50%,64,91.40%,43,100.00%,16,88.90%,33.1,NA,NA,NA,NA,NA,NA,NA,NA,36.9,NA,NA,NA,NA,NA,NA,NA,NA,7.9,NA,NA,NA,6.1,NA,NA,NA,8.9,NA,NA,NA,10.2,NA,NA,NA,8.2,NA,NA,NA,7.4,NA,NA,NA,9.9,NA,NA,NA,11.4,NA,NA,NA,9.8,0.4,11.3,0.1,-17.3,NA,NA,NA,NA,NA,NA,NA,NA,NA,NA,NA,NA,NA,NA,NA,NA,NA,NA,NA,NA,NA,NA,NA,NA,NA,NA,NA,NA,40.4,8.7,7.3,12.6,11.8,11.8,0,NA,NA,NA,NA,NA,NA,NA,NA,35.8,8.5,6.5,9.4,11.5,11.4,0.2,NA,NA,NA,NA,NA,NA,NA,NA,35.5,7.7,7.8,9.8,10.2,9.9,0.3,NA,NA,NA,NA,NA,NA,NA,NA,36.1,8.2,7.1,9.6,11.2,11,0.2,NA,NA,NA,NA,NA,NA,NA,NA,NA,NA,NA,NA,NA,NA,NA,NA,NA,NA,NA,NA,25.00%,18.40%,0.00%,0.00%,10.20%,4.10%,NA,NA,NA,NA,NA,NA,NA,NA,NA,NA,NA,NA,NA,NA,NA,NA,NA,NA,NA,NA,NA,NA,NA,NA,NA,NA,NA,NA,NA,NA,NA,NA,NA,NA,NA,NA,NA,NA,NA,NA,NA,NA,NA,NA,NA,17.20%,6.90%,3.40%,22.70%,6.80%,2.30%,20.60%,7.40%,2.90%,33.30%,11.10%,0.00%,37.00%,95.90%,29.20%,42.90%,NA,NA,NA,NA,NA,NA,44.80%,34.10%,44.40%,39.70%,20.80%,20.40%,NA,NA,NA,NA,NA,NA,24.10%,18.20%,22.20%,22.10%,1.40%,27.40%,7.4,NA,NA,NA,6.9,7.6,7.1,NA,NA,NA,6.6,7.3,545,0,0%,NA,3.46,3.4,2.53,2.58,3.66,3.74,41.3,40.6,87,66,-0.26,-0.45,-0.56,-0.79,0.04,-0.11,30.9,31.8,43.6,44.3,13.70%,17.30%,10.50%,10.70%,7.40%,5.30%,5.90%,4.50%,5.90%,0.00%,5.90%,0.00%,15.40%,22.60%,11.50%,15.10%,7.70%,7.50%,48.40%,53.30%,54.70%,57.30%,32.60%,34.70%,52.90%,40.90%,17.60%,13.60%,55.10%,64.20%,35.90%,43.40%,17,22,17.90%,29.30%,78,53,82.10%,70.70%,6.6,7.5,7.7,8.1,6.4,7.1,7.3,7.7
1,919,6047,117622,Sherrardswood School,,Lockleys,,,Welwyn,AL6 0BJ,01438714282,E14001573,Welwyn Hatfield,0,0,IND,Unknown,,NA,MIXED,0,3-19,467,251,216,57,34,59.60%,23,40.40%,NA,NA,NA,NA,NA,NA,NA,NP,NP,NP,NP,NP,NP,NP,NP,NP,NP,NP,NP,NA,NA,NA,NA,NA,NA,2964,52,564,9.9,582,10.2,913,16,905,15.9,901,15.8,4,0.1,2.9,2.9,NA,NA,NA,NA,NA,NA,NA,NA,NA,NA,NA,NA,NA,NA,NA,NA,NA,NA,NA,NA,NA,78.90%,49.10%,256.14,4.49,NP,NP,NA,NA,NA,NP,4.62,4.41,NP,24,42.10%,29.80%,17.50%,45,78.90%,57,100.00%,56,98.20%,43,75.40%,32,56.10%,78.90%,64.90%,84.20%,54.40%,83.90%,55.40%,88.40%,74.40%,65.60%,53.10%,NA,NA,NA,NA,NA,NA,NA,NA,NA,NA,NA,NA,NA,NA,NA,45,37,48,31,47,31,38,32,21,17,22,38.60%,45,78.90%,57,100.00%,56,100.00%,43,100.00%,30,93.80%,NP,NA,NA,NA,NA,NA,NA,NA,NA,NP,NA,NA,NA,NA,NA,NA,NA,NA,NP,NA,NA,NA,NP,NA,NA,NA,NP,NA,NA,NA,NP,NA,NA,NA,NP,NA,NA,NA,NP,NA,NA,NA,NP,NA,NA,NA,NP,NA,NA,NA,NP,NP,NP,NP,NP,NA,NA,NA,NA,NA,NA,NA,NA,NA,NA,NA,NA,NA,NA,NA,NA,NA,NA,NA,NA,NA,NA,NA,NA,NA,NA,NA,NA,NP,NP,NP,NP,NP,NP,NP,NA,NA,NA,NA,NA,NA,NA,NA,54.1,11.3,9.8,16.2,16.8,16.6,0.2,NA,NA,NA,NA,NA,NA,NA,NA,50.6,8.9,10.5,15.9,15.3,15.3,0,NA,NA,NA,NA,NA,NA,NA,NA,NP,NP,NP,NP,NP,NP,NP,NA,NA,NA,NA,NA,NA,NA,NA,NA,NA,NA,NA,NA,NA,NA,NA,NA,NA,NA,NA,NP,NP,NP,NP,NP,NP,NA,NA,NA,NA,NA,NA,NA,NA,NA,NA,NA,NA,NA,NA,NA,NA,NA,NA,NA,NA,NA,NA,NA,NA,NA,NA,NA,NA,NA,NA,NA,NA,NA,NA,NA,NA,NA,NA,NA,NA,NA,NA,NA,NA,NA,41.20%,29.40%,17.60%,43.50%,30.40%,17.40%,NP,NP,NP,NP,NP,NP,75.40%,100.00%,NP,NP,NA,NA,NA,NA,NA,NA,73.50%,87.00%,NP,NP,NP,NP,NA,NA,NA,NA,NA,NA,52.90%,43.50%,NP,NP,7.00%,75.40%,9,NA,NA,NA,NP,NP,9,NA,NA,NA,NP,NP,515,0,0%,NA,4.21,4.8,NP,NP,NP,NP,49.2,55.2,NP,NP,NP,NP,NP,NP,NP,NP,NP,NP,NP,NP,27.80%,32.10%,25.90%,26.40%,18.50%,24.50%,NP,NP,NP,NP,NP,NP,NP,NP,NP,NP,NP,NP,70.40%,84.90%,72.20%,86.80%,48.10%,52.80%,NP,NP,NP,NP,NP,NP,NP,NP,NP,NP,NP,NP,NP,NP,NP,NP,NP,NP,NP,NP,NP,NP,NP,NP
1,919,4067,140294,Simon Balle All-Through School,,Mangrove Road,,,Hertford,SG13 8AJ,01992410400,E14001283,Hertford and Stortford,0,0,ACC,Does not apply,NSE,OTHER NON SEL,MIXED,0,4-18,1561,801,760,177,88,49.70%,89,50.30%,NA,NA,NA,NA,NA,NA,NA,21,11.90%,156,88.10%,17,9.60%,160,90.40%,0,0.00%,177,100.00%,5,2.80%,30,16.90%,25,14.10%,9799.75,55.4,2022,11.4,1974,11.2,2916.5,16.5,2887.25,16.3,2764,15.6,123.25,0.7,3,3,NA,NA,NA,NA,NA,NA,NA,NA,NA,NA,NA,NA,NA,NA,NA,NA,NA,NA,NA,NA,NA,83.60%,63.80%,883.51,4.99,4.26,5.09,NA,NA,NA,5.97,5.14,4.84,4.99,86,48.60%,36.20%,29.90%,177,100.00%,177,100.00%,176,99.40%,164,92.70%,90,50.80%,89.80%,74.60%,89.30%,72.90%,73.90%,63.10%,76.80%,64.60%,78.90%,66.70%,NA,NA,NA,NA,NA,NA,NA,NA,NA,NA,NA,NA,NA,NA,NA,159,132,158,129,130,111,126,106,71,60,86,48.60%,177,100.00%,177,100.00%,176,100.00%,163,99.40%,90,100.00%,48.1,NA,NA,NA,NA,NA,NA,NA,NA,56.3,NA,NA,NA,NA,NA,NA,NA,NA,10.4,NA,NA,NA,9.4,NA,NA,NA,14.2,NA,NA,NA,14.1,NA,NA,NA,11.6,NA,NA,NA,11.4,NA,NA,NA,16.8,NA,NA,NA,16.6,NA,NA,NA,14.1,0,15.8,0.8,-2.3,NA,NA,NA,NA,NA,NA,NA,NA,NA,NA,NA,NA,NA,NA,NA,NA,NA,NA,NA,NA,NA,NA,NA,NA,NA,NA,NA,NA,62.1,11.5,13.3,19.6,17.6,17.1,0.5,NA,NA,NA,NA,NA,NA,NA,NA,56.7,12.2,10.8,16.8,17,16.4,0.6,NA,NA,NA,NA,NA,NA,NA,NA,54,10.7,11.5,16.2,15.6,14.9,0.8,NA,NA,NA,NA,NA,NA,NA,NA,55.4,11.4,11.2,16.5,16.3,15.6,0.7,NA,NA,NA,NA,NA,NA,NA,NA,NA,NA,NA,NA,NA,NA,NA,NA,NA,NA,NA,NA,52.40%,48.10%,19.00%,19.00%,38.50%,31.40%,NA,NA,NA,NA,NA,NA,NA,NA,NA,NA,NA,NA,NA,NA,NA,NA,NA,NA,NA,NA,NA,NA,NA,NA,NA,NA,NA,NA,NA,NA,NA,NA,NA,NA,NA,NA,NA,NA,NA,NA,NA,NA,NA,NA,NA,43.20%,30.70%,25.00%,53.90%,41.60%,34.80%,48.60%,36.20%,29.90%,82.40%,52.90%,47.10%,76.30%,100.00%,66.70%,85.90%,NA,NA,NA,NA,NA,NA,79.50%,87.60%,100.00%,83.60%,38.10%,67.30%,NA,NA,NA,NA,NA,NA,60.20%,67.40%,76.50%,63.80%,4.00%,52.50%,8.7,NA,NA,NA,8.4,8.7,8.6,NA,NA,NA,8.4,8.6,1545,0,0%,NA,4.73,4.28,3.32,2.57,4.86,4.71,52.9,48.6,170,165,0.45,0.03,0.24,-0.19,0.67,0.24,38,30.3,54.2,53.1,45.50%,33.30%,35.20%,26.90%,24.40%,20.50%,21.40%,14.70%,14.30%,5.90%,14.30%,5.90%,47.50%,38.00%,37.00%,32.10%,25.30%,24.10%,78.40%,67.80%,82.40%,74.90%,59.70%,53.20%,57.10%,29.40%,21.40%,14.70%,84.60%,86.10%,63.00%,62.80%,14,34,8.00%,19.90%,162,137,92.00%,80.10%,7.6,6.7,8.3,8.2,7.1,6.1,8,7.9
1,919,4028,137270,Sir John Lawes School,,Manland Way,,,Harpenden,AL5 4QP,01582760043,E14001268,Harpenden and Berkhamsted,0,0,ACC,None,NSE,OTHER NON SEL,MIXED,0,11-18,1356,731,625,192,101,52.60%,91,47.40%,NA,NA,NA,NA,NA,NA,NA,15,7.80%,177,92.20%,17,8.90%,170,88.50%,5,2.60%,188,97.90%,3,1.60%,21,10.90%,18,9.40%,12066,62.8,2422,12.6,2334,12.2,3683.5,19.2,3626.5,18.9,3602.5,18.8,24,0.1,3,3,NA,NA,NA,NA,NA,NA,NA,NA,NA,NA,NA,NA,NA,NA,NA,NA,NA,NA,NA,NA,NA,87.00%,75.50%,1101.87,5.74,3.77,5.91,NA,NA,NA,6.34,5.92,5.58,5.74,100,52.10%,45.80%,40.10%,191,99.50%,191,99.50%,190,99.00%,175,91.10%,111,57.80%,92.20%,87.50%,90.10%,77.60%,88.90%,77.40%,85.10%,80.00%,91.90%,84.70%,NA,NA,NA,NA,NA,NA,NA,NA,NA,NA,NA,NA,NA,NA,NA,177,168,173,149,169,147,149,140,102,94,99,51.60%,190,99.00%,190,99.00%,190,100.00%,175,100.00%,110,99.10%,43.3,NA,NA,NA,NA,NA,NA,NA,NA,64.5,NA,NA,NA,NA,NA,NA,NA,NA,8.8,NA,NA,NA,8.4,NA,NA,NA,13.3,NA,NA,NA,12.8,NA,NA,NA,12.9,NA,NA,NA,12.5,NA,NA,NA,19.7,NA,NA,NA,19.4,NA,NA,NA,12.8,0,19.3,0.1,-7.1,NA,NA,NA,NA,NA,NA,NA,NA,NA,NA,NA,NA,NA,NA,NA,NA,NA,NA,NA,NA,NA,NA,NA,NA,NA,NA,NA,NA,67.9,13.2,13.4,21.4,19.9,19.5,0.4,NA,NA,NA,NA,NA,NA,NA,NA,65.1,13.2,12.1,19.8,20.1,19.8,0.3,NA,NA,NA,NA,NA,NA,NA,NA,60.8,12.1,12.2,18.6,17.8,17.8,0,NA,NA,NA,NA,NA,NA,NA,NA,62.7,12.6,12.1,19.1,18.9,18.7,0.1,NA,NA,NA,NA,NA,NA,NA,NA,NA,NA,NA,NA,NA,NA,NA,NA,NA,NA,NA,NA,26.70%,54.20%,6.70%,6.70%,49.20%,42.90%,NA,NA,NA,NA,NA,NA,NA,NA,NA,NA,NA,NA,NA,NA,NA,NA,NA,NA,NA,NA,NA,NA,NA,NA,NA,NA,NA,NA,NA,NA,NA,NA,NA,NA,NA,NA,NA,NA,NA,NA,NA,NA,NA,NA,NA,51.50%,44.60%,37.60%,52.70%,47.30%,42.90%,53.20%,46.80%,41.00%,70.60%,58.80%,58.80%,85.40%,100.00%,46.70%,90.40%,NA,NA,NA,NA,NA,NA,83.20%,91.20%,76.50%,87.20%,40.00%,78.50%,NA,NA,NA,NA,NA,NA,75.20%,75.80%,76.50%,76.10%,6.80%,60.90%,9.2,NA,NA,NA,8.6,9.3,9.2,NA,NA,NA,8.5,9.3,1781,0,0%,NA,5.6,5.51,4.46,4.31,5.71,5.63,62.3,61,186,195,0.79,0.79,0.58,0.59,0.99,0.98,52.3,49.9,63.4,62.1,45.20%,49.50%,42.20%,44.00%,34.70%,35.00%,33.30%,22.20%,22.20%,22.20%,5.60%,22.20%,46.40%,52.20%,44.20%,46.20%,37.60%,36.30%,88.90%,84.00%,88.90%,87.50%,76.40%,71.50%,72.20%,77.80%,55.60%,50.00%,90.60%,88.50%,78.50%,73.60%,18,18,9.00%,9.00%,181,182,91.00%,91.00%,8.7,8.2,9.1,9.1,8.7,8.2,9,9.1
1,919,4014,137847,Stanborough School,,Lemsford Lane,,,Welwyn Garden City,AL8 6YR,01707321755,E14001573,Welwyn Hatfield,0,0,ACC,Does not apply,NSE,OTHER NON SEL,MIXED,0,11-18,1261,666,595,170,96,56.50%,74,43.50%,NA,NA,NA,NA,NA,NA,NA,33,19.40%,137,80.60%,29,17.10%,140,82.40%,1,0.60%,152,89.40%,6,3.50%,31,18.20%,25,14.70%,8140.25,47.9,1709,10.1,1694,10,2430.5,14.3,2306.75,13.6,2130.5,12.5,176.25,1,2.9,2.9,NA,NA,NA,NA,NA,NA,NA,NA,NA,NA,NA,NA,NA,NA,NA,NA,NA,NA,NA,NA,NA,69.40%,52.90%,772.53,4.54,3.12,4.89,NA,NA,NA,4.21,4.78,4.37,4.64,134,78.80%,44.10%,30.60%,167,98.20%,169,99.40%,165,97.10%,163,95.90%,136,80.00%,75.30%,61.80%,72.90%,60.60%,66.70%,48.50%,62.00%,47.20%,64.00%,52.90%,NA,NA,NA,NA,NA,NA,NA,NA,NA,NA,NA,NA,NA,NA,NA,128,105,124,103,110,80,101,77,87,72,133,78.20%,167,98.20%,168,98.80%,165,100.00%,158,96.90%,136,100.00%,34.5,NA,NA,NA,NA,NA,NA,NA,NA,51.1,NA,NA,NA,NA,NA,NA,NA,NA,7.8,NA,NA,NA,6.8,NA,NA,NA,10,NA,NA,NA,9.8,NA,NA,NA,10.6,NA,NA,NA,10.7,NA,NA,NA,15.3,NA,NA,NA,14.5,NA,NA,NA,8.9,0.8,13.4,1.1,-15.9,NA,NA,NA,NA,NA,NA,NA,NA,NA,NA,NA,NA,NA,NA,NA,NA,NA,NA,NA,NA,NA,NA,NA,NA,NA,NA,NA,NA,44.7,9.5,9,13.8,12.4,12.1,0.3,NA,NA,NA,NA,NA,NA,NA,NA,50.3,10.6,9.9,15.1,14.7,12.9,1.7,NA,NA,NA,NA,NA,NA,NA,NA,46.1,9.6,10,13.7,12.7,12.2,0.5,NA,NA,NA,NA,NA,NA,NA,NA,48.6,10.2,10.1,14.5,13.8,12.7,1.1,NA,NA,NA,NA,NA,NA,NA,NA,NA,NA,NA,NA,NA,NA,NA,NA,NA,NA,NA,NA,54.50%,84.70%,15.20%,9.10%,51.10%,35.80%,NA,NA,NA,NA,NA,NA,NA,NA,NA,NA,NA,NA,NA,NA,NA,NA,NA,NA,NA,NA,NA,NA,NA,NA,NA,NA,NA,NA,NA,NA,NA,NA,NA,NA,NA,NA,NA,NA,NA,NA,NA,NA,NA,NA,NA,76.00%,39.60%,26.00%,82.40%,50.00%,36.50%,84.20%,47.40%,32.20%,75.90%,34.50%,17.20%,62.40%,99.40%,39.40%,76.60%,NA,NA,NA,NA,NA,NA,67.70%,71.60%,58.60%,71.70%,18.20%,61.30%,NA,NA,NA,NA,NA,NA,51.00%,55.40%,41.40%,53.90%,4.10%,17.10%,7.9,NA,NA,NA,7,8.1,7.7,NA,NA,NA,6.8,7.9,1344,0,0%,NA,4.43,4.82,3.9,3.55,4.53,5.11,46.5,50.7,171,183,0.18,0.42,-0.04,0.21,0.39,0.62,41,37.9,47.5,53.5,88.30%,89.60%,35.10%,43.50%,23.40%,28.00%,89.70%,85.70%,24.10%,14.30%,17.20%,5.70%,88.10%,90.50%,37.10%,50.00%,24.50%,32.90%,65.40%,68.90%,73.40%,74.60%,48.40%,55.40%,55.20%,45.70%,34.50%,25.70%,76.70%,81.00%,50.90%,62.00%,29,35,15.40%,18.10%,159,158,84.60%,81.90%,7.9,7.8,8,8,7.6,7.1,7.8,7.7
1,919,6154,117640,Stanborough Secondary School,,Stanborough Park,,,Watford,WD25 9JT,01923673268,E14001568,Watford,0,0,IND,Seventh Day Adventist,,NA,MIXED,0,11-18,70,31,39,21,11,52.40%,10,47.60%,NA,NA,NA,NA,NA,NA,NA,NP,NP,NP,NP,NP,NP,NP,NP,NP,NP,NP,NP,NA,NA,NA,NA,NA,NA,927,44.1,182,8.7,194,9.2,292.5,13.9,258.5,12.3,258.5,12.3,0,0,2.4,2.3,NA,NA,NA,NA,NA,NA,NA,NA,NA,NA,NA,NA,NA,NA,NA,NA,NA,NA,NA,NA,NA,61.90%,38.10%,81.19,3.87,NP,NP,NA,NA,NA,NP,3.94,3.8,NP,6,28.60%,28.60%,23.80%,16,76.20%,19,90.50%,16,76.20%,13,61.90%,7,33.30%,66.70%,47.60%,66.70%,52.40%,81.30%,50.00%,92.30%,84.60%,85.70%,85.70%,NA,NA,NA,NA,NA,NA,NA,NA,NA,NA,NA,NA,NA,NA,NA,14,10,14,11,13,8,12,11,6,6,6,28.60%,16,76.20%,19,90.50%,16,100.00%,13,100.00%,7,100.00%,NP,NA,NA,NA,NA,NA,NA,NA,NA,NP,NA,NA,NA,NA,NA,NA,NA,NA,NP,NA,NA,NA,NP,NA,NA,NA,NP,NA,NA,NA,NP,NA,NA,NA,NP,NA,NA,NA,NP,NA,NA,NA,NP,NA,NA,NA,NP,NA,NA,NA,NP,NP,NP,NP,NP,NA,NA,NA,NA,NA,NA,NA,NA,NA,NA,NA,NA,NA,NA,NA,NA,NA,NA,NA,NA,NA,NA,NA,NA,NA,NA,NA,NA,NP,NP,NP,NP,NP,NP,NP,NA,NA,NA,NA,NA,NA,NA,NA,45.7,9.2,8.8,13.9,13.9,13.9,0,NA,NA,NA,NA,NA,NA,NA,NA,42.7,8.2,9.6,14,10.9,10.9,0,NA,NA,NA,NA,NA,NA,NA,NA,NP,NP,NP,NP,NP,NP,NP,NA,NA,NA,NA,NA,NA,NA,NA,NA,NA,NA,NA,NA,NA,NA,NA,NA,NA,NA,NA,NP,NP,NP,NP,NP,NP,NA,NA,NA,NA,NA,NA,NA,NA,NA,NA,NA,NA,NA,NA,NA,NA,NA,NA,NA,NA,NA,NA,NA,NA,NA,NA,NA,NA,NA,NA,NA,NA,NA,NA,NA,NA,NA,NA,NA,NA,NA,NA,NA,NA,NA,27.30%,27.30%,18.20%,30.00%,30.00%,30.00%,NP,NP,NP,NP,NP,NP,42.90%,95.20%,NP,NP,NA,NA,NA,NA,NA,NA,63.60%,60.00%,NP,NP,NP,NP,NA,NA,NA,NA,NA,NA,36.40%,40.00%,NP,NP,4.80%,33.30%,7.2,NA,NA,NA,NP,NP,7.2,NA,NA,NA,NP,NP,151,0,0%,NA,4.51,5.04,NP,NP,NP,NP,50.9,54.8,NP,NP,NP,NP,NP,NP,NP,NP,NP,NP,NP,NP,52.90%,77.80%,47.10%,55.60%,41.20%,33.30%,NP,NP,NP,NP,NP,NP,NP,NP,NP,NP,NP,NP,76.50%,77.80%,76.50%,88.90%,70.60%,77.80%,NP,NP,NP,NP,NP,NP,NP,NP,NP,NP,NP,NP,NP,NP,NP,NP,NP,NP,NP,NP,NP,NP,NP,NP
1,919,4017,140037,The Thomas Alleyne Academy,,High Street,,,Stevenage,SG1 3BE,01438344344,E14001516,Stevenage,0,0,AC,Does not apply,NSE,OTHER NON SEL,MIXED,0,11-18,986,497,489,175,83,47.40%,92,52.60%,NA,NA,NA,NA,NA,NA,NA,38,21.70%,137,78.30%,15,8.60%,159,90.90%,1,0.60%,170,97.10%,7,4.00%,39,22.30%,32,18.30%,8406,48,1740,9.9,1792,10.2,2495.5,14.3,2378.5,13.6,1425.5,8.1,953,5.4,2.8,2.8,NA,NA,NA,NA,NA,NA,NA,NA,NA,NA,NA,NA,NA,NA,NA,NA,NA,NA,NA,NA,NA,70.30%,52.60%,705.48,4.03,2.57,4.44,NA,NA,NA,4.76,4.38,3.64,4.03,24,13.70%,8.60%,5.70%,172,98.30%,173,98.90%,169,96.60%,122,69.70%,43,24.60%,74.90%,64.00%,77.10%,61.70%,70.40%,56.20%,63.90%,50.80%,69.80%,67.40%,NA,NA,NA,NA,NA,NA,NA,NA,NA,NA,NA,NA,NA,NA,NA,131,112,135,108,119,95,78,62,30,29,24,13.70%,171,97.70%,171,97.70%,168,99.40%,113,92.60%,43,100.00%,31.8,NA,NA,NA,NA,NA,NA,NA,NA,52.5,NA,NA,NA,NA,NA,NA,NA,NA,7.3,NA,NA,NA,6.8,NA,NA,NA,8.9,NA,NA,NA,8.9,NA,NA,NA,10.7,NA,NA,NA,11.2,NA,NA,NA,15.7,NA,NA,NA,14.9,NA,NA,NA,5.5,3.4,8.9,6,-18.6,NA,NA,NA,NA,NA,NA,NA,NA,NA,NA,NA,NA,NA,NA,NA,NA,NA,NA,NA,NA,NA,NA,NA,NA,NA,NA,NA,NA,54,11.1,11.1,16.7,15.2,10.7,4.6,NA,NA,NA,NA,NA,NA,NA,NA,52.7,11,10.7,15.5,15.6,9.8,5.7,NA,NA,NA,NA,NA,NA,NA,NA,42.9,8.8,9.8,12.9,11.4,6.3,5.1,NA,NA,NA,NA,NA,NA,NA,NA,48.1,9.9,10.2,14.3,13.6,8.1,5.6,NA,NA,NA,NA,NA,NA,NA,NA,NA,NA,NA,NA,NA,NA,NA,NA,NA,NA,NA,NA,5.30%,16.10%,2.60%,0.00%,10.20%,7.30%,NA,NA,NA,NA,NA,NA,NA,NA,NA,NA,NA,NA,NA,NA,NA,NA,NA,NA,NA,NA,NA,NA,NA,NA,NA,NA,NA,NA,NA,NA,NA,NA,NA,NA,NA,NA,NA,NA,NA,NA,NA,NA,NA,NA,NA,7.20%,3.60%,1.20%,19.60%,13.00%,9.80%,14.10%,8.80%,5.90%,26.70%,20.00%,13.30%,62.90%,98.90%,39.50%,78.80%,NA,NA,NA,NA,NA,NA,63.90%,76.10%,73.30%,70.00%,26.30%,59.90%,NA,NA,NA,NA,NA,NA,47.00%,57.60%,53.30%,52.90%,0.60%,44.00%,8.1,NA,NA,NA,7.1,8.4,6.7,NA,NA,NA,5.8,6.9,1429,0,0%,NA,3.94,3.89,2.98,2.56,4.18,4.17,46.1,45.9,164,155,0.04,-0.04,-0.18,-0.27,0.26,0.18,35.4,31,48.7,49.1,20.90%,17.20%,10.50%,9.20%,5.80%,4.90%,14.70%,10.30%,11.80%,0.00%,2.90%,0.00%,22.50%,18.70%,10.10%,11.20%,6.50%,6.00%,61.60%,60.10%,67.40%,63.80%,50.00%,41.70%,41.20%,34.50%,32.40%,17.20%,73.90%,70.10%,54.30%,47.00%,34,29,19.80%,17.80%,138,134,80.20%,82.20%,7.2,6.9,8.2,8.2,6.1,6,7,7.1
1,919,4606,117555,Townsend Church of England School,,High Oaks,,,St Albans,AL3 6DR,01727853047,E14001268,Harpenden and Berkhamsted,0,0,VA,Church of England,NSE,OTHER NON SEL,MIXED,0,11-18,756,397,359,137,80,58.40%,57,41.60%,NA,NA,NA,NA,NA,NA,NA,27,19.70%,110,80.30%,35,25.50%,102,74.50%,0,0.00%,127,92.70%,4,2.90%,33,24.10%,29,21.20%,6400,46.7,1328,9.7,1307.5,9.5,1848,13.5,1916.5,14,1809,13.2,107.5,0.8,2.8,2.8,NA,NA,NA,NA,NA,NA,NA,NA,NA,NA,NA,NA,NA,NA,NA,NA,NA,NA,NA,NA,NA,61.30%,40.10%,536.96,3.92,3,4.15,NA,NA,NA,5.07,3.84,3.98,3.99,23,16.80%,10.20%,8.00%,132,96.40%,135,98.50%,134,97.80%,115,83.90%,32,23.40%,73.00%,58.40%,68.60%,48.20%,61.90%,42.50%,61.70%,42.60%,78.10%,71.90%,NA,NA,NA,NA,NA,NA,NA,NA,NA,NA,NA,NA,NA,NA,NA,100,80,94,66,83,57,71,49,25,23,23,16.80%,132,96.40%,135,98.50%,131,97.80%,113,98.30%,32,100.00%,36.4,NA,NA,NA,NA,NA,NA,NA,NA,49.3,NA,NA,NA,NA,NA,NA,NA,NA,7.6,NA,NA,NA,8.1,NA,NA,NA,9.8,NA,NA,NA,10.9,NA,NA,NA,10.2,NA,NA,NA,9.9,NA,NA,NA,14.4,NA,NA,NA,14.7,NA,NA,NA,10.1,0.9,14,0.8,-14,NA,NA,NA,NA,NA,NA,NA,NA,NA,NA,NA,NA,NA,NA,NA,NA,NA,NA,NA,NA,NA,NA,NA,NA,NA,NA,NA,NA,58.8,11.5,12,18,17.3,15.9,1.4,NA,NA,NA,NA,NA,NA,NA,NA,45.6,9.7,8.7,13.1,14.1,14.1,0,NA,NA,NA,NA,NA,NA,NA,NA,47.5,9.7,10.1,13.8,13.9,12.6,1.3,NA,NA,NA,NA,NA,NA,NA,NA,47.6,9.8,9.8,13.7,14.3,13.4,0.8,NA,NA,NA,NA,NA,NA,NA,NA,NA,NA,NA,NA,NA,NA,NA,NA,NA,NA,NA,NA,11.10%,18.20%,11.10%,11.10%,10.00%,7.30%,NA,NA,NA,NA,NA,NA,NA,NA,NA,NA,NA,NA,NA,NA,NA,NA,NA,NA,NA,NA,NA,NA,NA,NA,NA,NA,NA,NA,NA,NA,NA,NA,NA,NA,NA,NA,NA,NA,NA,NA,NA,NA,NA,NA,NA,16.30%,10.00%,7.50%,17.50%,10.50%,8.80%,16.50%,11.00%,8.70%,25.70%,14.30%,11.40%,56.90%,98.50%,44.40%,65.50%,NA,NA,NA,NA,NA,NA,65.00%,56.10%,74.30%,64.60%,25.90%,43.60%,NA,NA,NA,NA,NA,NA,43.80%,35.10%,65.70%,43.30%,1.50%,30.70%,8.3,NA,NA,NA,7.7,8.5,8.2,NA,NA,NA,7.6,8.3,1142,0,0%,NA,4.03,4.22,3,3.37,4.3,4.41,48.2,49,129,108,0.14,-0.1,-0.1,-0.36,0.39,0.17,36.6,39.4,51.3,51.1,13.60%,19.20%,8.60%,12.80%,5.00%,8.80%,6.90%,18.20%,3.40%,9.10%,0.00%,4.50%,15.30%,19.40%,9.90%,13.60%,6.30%,9.70%,64.30%,63.20%,67.90%,69.60%,50.70%,48.00%,37.90%,59.10%,27.60%,27.30%,75.70%,71.80%,56.80%,52.40%,29,22,20.70%,17.60%,111,103,79.30%,82.40%,7.5,7.3,8.3,8.4,7.3,7.2,8.1,8.2
1,919,6041,117618,Tring Park School for the Performing Arts,,Mansion Drive,,,Tring,HP23 5LX,01442824255,E14001268,Harpenden and Berkhamsted,0,0,IND,None,,NA,MIXED,0,7-19,333,79,254,72,22,30.60%,50,69.40%,NA,NA,NA,NA,NA,NA,NA,NP,NP,NP,NP,NP,NP,NP,NP,NP,NP,NP,NP,NA,NA,NA,NA,NA,NA,2338,32.5,0,0,560,7.8,905.5,12.6,872.5,12.1,872.5,12.1,0,0,1.8,1.8,NA,NA,NA,NA,NA,NA,NA,NA,NA,NA,NA,NA,NA,NA,NA,NA,NA,NA,NA,NA,NA,0.00%,0.00%,214.68,2.98,NP,NP,NA,NA,NA,NP,3.54,1.71,NP,0,0.00%,0.00%,0.00%,0,0.00%,46,63.90%,45,62.50%,24,33.30%,35,48.60%,0.00%,0.00%,62.50%,48.60%,95.60%,88.90%,91.70%,91.70%,97.10%,97.10%,NA,NA,NA,NA,NA,NA,NA,NA,NA,NA,NA,NA,NA,NA,NA,0,0,45,35,43,40,22,22,34,34,0,0.00%,0,0.00%,46,63.90%,45,100.00%,24,100.00%,35,100.00%,NP,NA,NA,NA,NA,NA,NA,NA,NA,NP,NA,NA,NA,NA,NA,NA,NA,NA,NP,NA,NA,NA,NP,NA,NA,NA,NP,NA,NA,NA,NP,NA,NA,NA,NP,NA,NA,NA,NP,NA,NA,NA,NP,NA,NA,NA,NP,NA,NA,NA,NP,NP,NP,NP,NP,NA,NA,NA,NA,NA,NA,NA,NA,NA,NA,NA,NA,NA,NA,NA,NA,NA,NA,NA,NA,NA,NA,NA,NA,NA,NA,NA,NA,NP,NP,NP,NP,NP,NP,NP,NA,NA,NA,NA,NA,NA,NA,NA,38.3,0,9.1,15,14.2,14.2,0,NA,NA,NA,NA,NA,NA,NA,NA,19.3,0,4.8,7.1,7.4,7.4,0,NA,NA,NA,NA,NA,NA,NA,NA,NP,NP,NP,NP,NP,NP,NP,NA,NA,NA,NA,NA,NA,NA,NA,NA,NA,NA,NA,NA,NA,NA,NA,NA,NA,NA,NA,NP,NP,NP,NP,NP,NP,NA,NA,NA,NA,NA,NA,NA,NA,NA,NA,NA,NA,NA,NA,NA,NA,NA,NA,NA,NA,NA,NA,NA,NA,NA,NA,NA,NA,NA,NA,NA,NA,NA,NA,NA,NA,NA,NA,NA,NA,NA,NA,NA,NA,NA,0.00%,0.00%,0.00%,0.00%,0.00%,0.00%,NP,NP,NP,NP,NP,NP,0.00%,63.90%,NP,NP,NA,NA,NA,NA,NA,NA,0.00%,0.00%,NP,NP,NP,NP,NA,NA,NA,NA,NA,NA,0.00%,0.00%,NP,NP,0.00%,20.80%,3.8,NA,NA,NA,NP,NP,3.8,NA,NA,NA,NP,NP,277,0,0%,NA,4.17,4.12,NP,NP,NP,NP,44.8,44.6,NP,NP,NP,NP,NP,NP,NP,NP,NP,NP,NP,NP,0.00%,0.00%,0.00%,0.00%,0.00%,0.00%,NP,NP,NP,NP,NP,NP,NP,NP,NP,NP,NP,NP,0.00%,0.00%,0.00%,0.00%,0.00%,0.00%,NP,NP,NP,NP,NP,NP,NP,NP,NP,NP,NP,NP,NP,NP,NP,NP,NP,NP,NP,NP,NP,NP,NP,NP
1,919,4504,138352,Tring School,,Mortimer Hill,,,Tring,HP23 5JD,01442822303,E14001268,Harpenden and Berkhamsted,0,0,ACC,Church of England,NSE,OTHER NON SEL,MIXED,0,11-18,1584,758,826,235,125,53.20%,110,46.80%,NA,NA,NA,NA,NA,NA,NA,27,11.50%,208,88.50%,9,3.80%,226,96.20%,0,0.00%,231,98.30%,5,2.10%,107,45.50%,102,43.40%,11856.75,50.5,2399,10.2,2388,10.2,3439,14.6,3630.75,15.5,3443.5,14.7,187.25,0.8,2.9,2.9,NA,NA,NA,NA,NA,NA,NA,NA,NA,NA,NA,NA,NA,NA,NA,NA,NA,NA,NA,NA,NA,75.30%,53.60%,992.71,4.22,3.04,4.38,NA,NA,NA,4.5,4.33,4.13,4.24,40,17.00%,10.60%,6.80%,228,97.00%,233,99.10%,230,97.90%,192,81.70%,58,24.70%,81.30%,64.70%,83.80%,63.40%,72.60%,53.50%,72.40%,56.30%,70.70%,51.70%,NA,NA,NA,NA,NA,NA,NA,NA,NA,NA,NA,NA,NA,NA,NA,191,152,197,149,167,123,139,108,41,30,40,17.00%,228,97.00%,231,98.30%,229,99.60%,191,99.50%,58,100.00%,36.5,NA,NA,NA,NA,NA,NA,NA,NA,52.3,NA,NA,NA,NA,NA,NA,NA,NA,7.3,NA,NA,NA,7.7,NA,NA,NA,10.5,NA,NA,NA,11,NA,NA,NA,10.6,NA,NA,NA,10.5,NA,NA,NA,15.2,NA,NA,NA,16,NA,NA,NA,9.4,1.6,15.3,0.7,-13.9,NA,NA,NA,NA,NA,NA,NA,NA,NA,NA,NA,NA,NA,NA,NA,NA,NA,NA,NA,NA,NA,NA,NA,NA,NA,NA,NA,NA,49.5,8.4,10.9,16.5,13.7,13.1,0.6,NA,NA,NA,NA,NA,NA,NA,NA,52.9,11.1,10.1,14.7,17,16,1,NA,NA,NA,NA,NA,NA,NA,NA,48.3,9.4,10.2,14.6,14.1,13.5,0.6,NA,NA,NA,NA,NA,NA,NA,NA,50.7,10.2,10.2,14.7,15.5,14.7,0.8,NA,NA,NA,NA,NA,NA,NA,NA,NA,NA,NA,NA,NA,NA,NA,NA,NA,NA,NA,NA,7.40%,18.30%,3.70%,0.00%,11.50%,7.70%,NA,NA,NA,NA,NA,NA,NA,NA,NA,NA,NA,NA,NA,NA,NA,NA,NA,NA,NA,NA,NA,NA,NA,NA,NA,NA,NA,NA,NA,NA,NA,NA,NA,NA,NA,NA,NA,NA,NA,NA,NA,NA,NA,NA,NA,16.80%,11.20%,6.40%,17.30%,10.00%,7.30%,16.90%,10.80%,6.90%,33.30%,11.10%,0.00%,70.60%,98.70%,40.70%,79.80%,NA,NA,NA,NA,NA,NA,71.20%,80.00%,66.70%,75.30%,18.50%,58.20%,NA,NA,NA,NA,NA,NA,48.00%,60.00%,22.20%,54.50%,1.30%,19.60%,8.9,NA,NA,NA,8.3,8.9,8.6,NA,NA,NA,8,8.7,2085,0,0%,NA,4.27,4.35,2.85,3.44,4.37,4.45,51.3,52.5,227,228,0.24,0.49,0.05,0.31,0.42,0.67,36.4,43.1,52.3,53.6,17.80%,8.50%,11.60%,7.70%,8.70%,6.40%,0.00%,8.30%,0.00%,4.20%,0.00%,4.20%,19.00%,8.50%,12.40%,8.10%,9.30%,6.60%,72.60%,78.30%,77.20%,84.70%,57.70%,60.90%,53.30%,66.70%,6.70%,37.50%,78.80%,86.70%,61.10%,63.50%,15,24,6.20%,10.20%,226,211,93.80%,89.80%,8.3,8.6,8.7,9.1,7.7,8,8.4,8.8
2,919,7010,117669,The Valley School,,Broadhall Way,,,Stevenage,SG2 9BN,01438747274,E14001516,Stevenage,0,0,CYS,Does not apply,NA,NA,MIXED,0,11-16,190,139,51,35,23,65.70%,12,34.30%,NA,NA,NA,NA,NA,NA,NA,20,57.10%,15,42.90%,1,2.90%,34,97.10%,0,0.00%,35,100.00%,,,,,,,8,0.2,0,0,8,0.2,0,0,0,0,0,0,0,0,0,0,NA,NA,NA,NA,NA,NA,NA,NA,NA,NA,NA,NA,NA,NA,NA,NA,NA,NA,NA,NA,NA,0.00%,0.00%,0.67,0.02,0.01,0.03,NA,NA,NA,SUPP,0,0.03,0.02,0,0.00%,0.00%,0.00%,0,0.00%,2,5.70%,0,0.00%,0,0.00%,0,0.00%,0.00%,0.00%,0.00%,0.00%,NE,NE,NE,NE,NE,NE,NA,NA,NA,NA,NA,NA,NA,NA,NA,NA,NA,NA,NA,NA,NA,0,0,0,0,NE,NE,NE,NE,NE,NE,0,0.00%,0,0.00%,2,5.70%,NE,NE,NE,NE,NE,NE,0.1,NA,NA,NA,NA,NA,NA,NA,NA,0.4,NA,NA,NA,NA,NA,NA,NA,NA,0,NA,NA,NA,0.1,NA,NA,NA,0,NA,NA,NA,0,NA,NA,NA,0,NA,NA,NA,0.4,NA,NA,NA,0,NA,NA,NA,0,NA,NA,NA,0,0,0,0,-50.3,NA,NA,NA,NA,NA,NA,NA,NA,NA,NA,NA,NA,NA,NA,NA,NA,NA,NA,NA,NA,NA,NA,NA,NA,NA,NA,NA,NA,SUPP,SUPP,SUPP,SUPP,SUPP,SUPP,SUPP,NA,NA,NA,NA,NA,NA,NA,NA,0,0,0,0,0,0,0,NA,NA,NA,NA,NA,NA,NA,NA,0.3,0,0.3,0,0,0,0,NA,NA,NA,NA,NA,NA,NA,NA,0.2,0,0.2,0,0,0,0,NA,NA,NA,NA,NA,NA,NA,NA,NA,NA,NA,NA,NA,NA,NA,NA,NA,NA,NA,NA,0.00%,0.00%,0.00%,0.00%,0.00%,0.00%,NA,NA,NA,NA,NA,NA,NA,NA,NA,NA,NA,NA,NA,NA,NA,NA,NA,NA,NA,NA,NA,NA,NA,NA,NA,NA,NA,NA,NA,NA,NA,NA,NA,NA,NA,NA,NA,NA,NA,NA,NA,NA,NA,NA,NA,0.00%,0.00%,0.00%,0.00%,0.00%,0.00%,0.00%,0.00%,0.00%,SUPP,SUPP,SUPP,0.00%,5.70%,0.00%,0.00%,NA,NA,NA,NA,NA,NA,0.00%,0.00%,SUPP,0.00%,0.00%,0.00%,NA,NA,NA,NA,NA,NA,0.00%,0.00%,SUPP,0.00%,0.00%,0.00%,0.1,NA,NA,NA,0.1,0.1,0.1,NA,NA,NA,0.1,0.1,2,0,0%,NA,0.03,0.03,0.06,0.02,0,0.03,0.4,0.3,23,31,-1.64,-1.72,-2.22,-2.21,-1.06,-1.22,0.7,0.3,0,0.3,0.00%,0.00%,0.00%,0.00%,0.00%,0.00%,0.00%,0.00%,0.00%,0.00%,0.00%,0.00%,0.00%,0.00%,0.00%,0.00%,0.00%,0.00%,0.00%,0.00%,0.00%,0.00%,0.00%,0.00%,0.00%,0.00%,0.00%,0.00%,0.00%,0.00%,0.00%,0.00%,18,14,62.10%,42.40%,11,19,37.90%,57.60%,0.2,0.1,0.1,0.1,0.2,0.1,0.1,0.1
1,919,4011,137038,Verulam School,,Brampton Road,,,St Albans,AL1 4PR,01727766100,E14001507,St Albans,0,0,ACC,Does not apply,NSE,OTHER NON SEL,BOYS,0,11-18,984,960,24,152,152,100.00%,NA,0.00%,NA,NA,NA,NA,NA,NA,NA,24,15.80%,128,84.20%,26,17.10%,124,81.60%,2,1.30%,148,97.40%,4,2.60%,22,14.50%,18,11.80%,7978.25,52.5,1706,11.2,1600,10.5,2371.5,15.6,2300.75,15.1,2247.5,14.8,53.25,0.4,2.9,2.9,NA,NA,NA,NA,NA,NA,NA,NA,NA,NA,NA,NA,NA,NA,NA,NA,NA,NA,NA,NA,NA,73.00%,55.30%,715.54,4.71,3.29,4.97,NA,NA,NA,4.96,NE,4.71,4.76,61,40.10%,30.30%,23.70%,149,98.00%,151,99.30%,150,98.70%,127,83.60%,73,48.00%,84.20%,70.40%,75.00%,59.20%,70.70%,54.70%,75.60%,60.60%,80.80%,71.20%,NA,NA,NA,NA,NA,NA,NA,NA,NA,NA,NA,NA,NA,NA,NA,128,107,114,90,106,82,96,77,59,52,61,40.10%,149,98.00%,149,98.00%,150,100.00%,125,98.40%,73,100.00%,38.5,NA,NA,NA,NA,NA,NA,NA,NA,55.1,NA,NA,NA,NA,NA,NA,NA,NA,9,NA,NA,NA,7.2,NA,NA,NA,10.9,NA,NA,NA,11.4,NA,NA,NA,11.6,NA,NA,NA,11.2,NA,NA,NA,16.5,NA,NA,NA,15.8,NA,NA,NA,11.1,0.3,15.5,0.4,-11.9,NA,NA,NA,NA,NA,NA,NA,NA,NA,NA,NA,NA,NA,NA,NA,NA,NA,NA,NA,NA,NA,NA,NA,NA,NA,NA,NA,NA,53.5,10,11.8,17,14.7,14.7,0,NA,NA,NA,NA,NA,NA,NA,NA,NE,NE,NE,NE,NE,NE,NE,NA,NA,NA,NA,NA,NA,NA,NA,52.5,11.2,10.5,15.6,15.1,14.8,0.4,NA,NA,NA,NA,NA,NA,NA,NA,53.1,11.3,10.6,15.8,15.3,15,0.3,NA,NA,NA,NA,NA,NA,NA,NA,NA,NA,NA,NA,NA,NA,NA,NA,NA,NA,NA,NA,16.70%,44.50%,12.50%,4.20%,33.60%,27.30%,NA,NA,NA,NA,NA,NA,NA,NA,NA,NA,NA,NA,NA,NA,NA,NA,NA,NA,NA,NA,NA,NA,NA,NA,NA,NA,NA,NA,NA,NA,NA,NA,NA,NA,NA,NA,NA,NA,NA,NA,NA,NA,NA,NA,NA,40.10%,30.30%,23.70%,NE,NE,NE,41.20%,31.10%,24.30%,42.30%,30.80%,19.20%,68.40%,99.30%,45.80%,78.10%,NA,NA,NA,NA,NA,NA,73.00%,NE,80.80%,73.00%,29.20%,60.20%,NA,NA,NA,NA,NA,NA,55.30%,NE,57.70%,56.10%,0.70%,32.20%,8.6,NA,NA,NA,8,8.6,8.4,NA,NA,NA,7.7,8.5,1306,0,0%,NA,4.64,5.06,3.28,2.8,4.9,5.37,51.8,55.3,146,160,0.4,0.36,0.17,0.14,0.63,0.57,38.5,30.8,54.4,58.6,46.40%,83.60%,34.30%,34.40%,26.00%,21.90%,31.00%,63.60%,10.30%,13.60%,0.00%,4.50%,49.30%,86.30%,38.80%,37.30%,30.90%,24.20%,73.50%,76.50%,76.80%,78.70%,56.90%,64.50%,58.60%,31.80%,24.10%,18.20%,80.30%,85.10%,63.20%,70.80%,29,22,16.00%,12.00%,152,161,84.00%,88.00%,8.4,8,9.3,9.7,8.3,7.6,9.1,9.6
1,919,5401,136276,Watford Grammar School for Boys,,Rickmansworth Road,,,Watford,WD18 7JF,01923208900,E14001568,Watford,0,0,ACC,Church of England,NSE,OTHER NON SEL,BOYS,0,11-18,1610,1610,NA,222,222,100.00%,NA,0.00%,NA,NA,NA,NA,NA,NA,NA,23,10.40%,199,89.60%,55,24.80%,167,75.20%,0,0.00%,219,98.60%,7,3.20%,23,10.40%,16,7.20%,15287.5,68.9,3090,13.9,3174,14.3,4722.5,21.3,4301,19.4,4284,19.3,17,0.1,3,3,NA,NA,NA,NA,NA,NA,NA,NA,NA,NA,NA,NA,NA,NA,NA,NA,NA,NA,NA,NA,NA,90.50%,83.30%,1509.85,6.8,5.12,7,NA,NA,NA,7.36,NE,6.8,6.82,213,95.90%,77.90%,72.50%,219,98.60%,220,99.10%,220,99.10%,220,99.10%,213,95.90%,91.40%,88.30%,95.00%,86.50%,90.90%,84.50%,87.30%,81.80%,88.30%,84.00%,NA,NA,NA,NA,NA,NA,NA,NA,NA,NA,NA,NA,NA,NA,NA,203,196,211,192,200,186,192,180,188,179,208,93.70%,219,98.60%,220,99.10%,215,97.70%,219,99.50%,213,100.00%,52.3,NA,NA,NA,NA,NA,NA,NA,NA,70.8,NA,NA,NA,NA,NA,NA,NA,NA,11.6,NA,NA,NA,10.5,NA,NA,NA,15.9,NA,NA,NA,14.3,NA,NA,NA,14.2,NA,NA,NA,14.7,NA,NA,NA,21.9,NA,NA,NA,20,NA,NA,NA,14.3,0,19.9,0.1,1.9,NA,NA,NA,NA,NA,NA,NA,NA,NA,NA,NA,NA,NA,NA,NA,NA,NA,NA,NA,NA,NA,NA,NA,NA,NA,NA,NA,NA,74.1,14.5,15.3,23.2,21,21,0,NA,NA,NA,NA,NA,NA,NA,NA,NE,NE,NE,NE,NE,NE,NE,NA,NA,NA,NA,NA,NA,NA,NA,68.9,13.9,14.3,21.3,19.4,19.3,0.1,NA,NA,NA,NA,NA,NA,NA,NA,69,13.9,14.3,21.3,19.4,19.4,0.1,NA,NA,NA,NA,NA,NA,NA,NA,NA,NA,NA,NA,NA,NA,NA,NA,NA,NA,NA,NA,87.00%,97.00%,43.50%,43.50%,81.90%,75.90%,NA,NA,NA,NA,NA,NA,NA,NA,NA,NA,NA,NA,NA,NA,NA,NA,NA,NA,NA,NA,NA,NA,NA,NA,NA,NA,NA,NA,NA,NA,NA,NA,NA,NA,NA,NA,NA,NA,NA,NA,NA,NA,NA,NA,NA,95.90%,77.90%,72.50%,NE,NE,NE,95.90%,78.50%,73.10%,98.20%,83.60%,80.00%,87.80%,99.10%,73.90%,92.50%,NA,NA,NA,NA,NA,NA,90.50%,NE,92.70%,90.40%,56.50%,86.40%,NA,NA,NA,NA,NA,NA,83.30%,NE,89.10%,83.60%,8.10%,77.90%,9.5,NA,NA,NA,8.4,9.6,9.5,NA,NA,NA,8.4,9.6,2114,0,0%,NA,6.54,6.75,6.17,4.51,6.57,6.9,66.5,68.8,207,205,0.72,0.75,0.53,0.55,0.91,0.94,61.8,47.7,66.9,70.2,95.90%,96.50%,76.10%,85.00%,66.20%,71.40%,100.00%,85.70%,71.40%,50.00%,50.00%,21.40%,95.70%,97.20%,76.40%,87.30%,67.30%,74.60%,89.60%,94.30%,91.90%,95.60%,84.70%,90.70%,92.90%,78.60%,78.60%,64.30%,91.80%,96.70%,85.10%,92.50%,14,14,6.30%,6.20%,208,213,93.70%,93.80%,9.4,8.3,9.5,9.5,9.4,8.3,9.5,9.5
1,919,5403,136289,Watford Grammar School for Girls,,Lady's Close,,,Watford,WD18 0AE,01923223403,E14001568,Watford,0,0,ACC,Church of England,NSE,OTHER NON SEL,GIRLS,0,11-18,1429,NA,1429,208,NA,0.00%,208,100.00%,NA,NA,NA,NA,NA,NA,NA,17,8.20%,191,91.80%,46,22.10%,158,76.00%,4,1.90%,208,100.00%,3,1.40%,16,7.70%,13,6.30%,14186,68.2,2957,14.2,2774,13.3,4241,20.4,4214,20.3,4197,20.2,17,0.1,3,3,NA,NA,NA,NA,NA,NA,NA,NA,NA,NA,NA,NA,NA,NA,NA,NA,NA,NA,NA,NA,NA,91.30%,83.20%,1326.92,6.38,4.86,6.51,NA,NA,NA,6.58,6.38,NE,6.38,157,75.50%,60.10%,51.40%,206,99.00%,208,100.00%,208,100.00%,164,78.80%,192,92.30%,95.20%,89.40%,92.30%,85.60%,91.80%,85.10%,90.90%,82.90%,80.70%,70.30%,NA,NA,NA,NA,NA,NA,NA,NA,NA,NA,NA,NA,NA,NA,NA,198,186,192,178,191,177,149,136,155,135,157,75.50%,206,99.00%,207,99.50%,208,100.00%,164,100.00%,191,99.50%,52.8,NA,NA,NA,NA,NA,NA,NA,NA,69.6,NA,NA,NA,NA,NA,NA,NA,NA,11.1,NA,NA,NA,10,NA,NA,NA,15.6,NA,NA,NA,16.1,NA,NA,NA,14.5,NA,NA,NA,13.6,NA,NA,NA,20.8,NA,NA,NA,20.6,NA,NA,NA,15.6,0.5,20.6,0,2.4,NA,NA,NA,NA,NA,NA,NA,NA,NA,NA,NA,NA,NA,NA,NA,NA,NA,NA,NA,NA,NA,NA,NA,NA,NA,NA,NA,NA,69.4,14.1,14,21.2,20.1,20.1,0,NA,NA,NA,NA,NA,NA,NA,NA,68.2,14.2,13.3,20.4,20.3,20.2,0.1,NA,NA,NA,NA,NA,NA,NA,NA,NE,NE,NE,NE,NE,NE,NE,NA,NA,NA,NA,NA,NA,NA,NA,68.2,14.2,13.3,20.4,20.3,20.2,0.1,NA,NA,NA,NA,NA,NA,NA,NA,NA,NA,NA,NA,NA,NA,NA,NA,NA,NA,NA,NA,70.60%,75.90%,29.40%,29.40%,62.80%,53.40%,NA,NA,NA,NA,NA,NA,NA,NA,NA,NA,NA,NA,NA,NA,NA,NA,NA,NA,NA,NA,NA,NA,NA,NA,NA,NA,NA,NA,NA,NA,NA,NA,NA,NA,NA,NA,NA,NA,NA,NA,NA,NA,NA,NA,NA,NE,NE,NE,75.50%,60.10%,51.40%,75.50%,60.10%,51.40%,78.30%,60.90%,52.20%,89.90%,100.00%,64.70%,93.70%,NA,NA,NA,NA,NA,NA,NE,91.30%,93.50%,91.30%,47.10%,86.40%,NA,NA,NA,NA,NA,NA,NE,83.20%,87.00%,83.20%,9.60%,63.00%,9.2,NA,NA,NA,8.2,9.3,9.2,NA,NA,NA,8.1,9.3,1920,0,0%,NA,6.26,6.36,4.98,4.23,6.36,6.54,66.9,67.6,189,192,0.74,0.7,0.54,0.5,0.95,0.9,53.9,47.4,67.9,69.3,75.10%,77.90%,59.30%,66.80%,47.80%,57.20%,60.00%,43.80%,46.70%,31.30%,33.30%,25.00%,76.30%,80.70%,60.30%,69.80%,49.00%,59.90%,89.00%,93.80%,91.90%,95.20%,81.30%,86.10%,73.30%,68.80%,53.30%,56.30%,93.30%,97.40%,83.50%,88.50%,15,16,7.20%,7.70%,194,192,92.80%,92.30%,8.1,7.7,9.3,9.4,8.1,7.6,9.3,9.4
2,919,7026,117683,Watling View School,,Watling View,,,St Albans,AL1 2NU,01727850560,E14001507,St Albans,0,0,CYS,Does not apply,NA,NA,MIXED,0,2-19,111,72,39,9,7,77.80%,2,22.20%,NA,NA,NA,NA,NA,NA,NA,3,33.30%,6,66.70%,3,33.30%,6,66.70%,0,0.00%,9,100.00%,,,,,,,NE,NE,NE,NE,NE,NE,NE,NE,NE,NE,NE,NE,NE,NE,NE,NE,NA,NA,NA,NA,NA,NA,NA,NA,NA,NA,NA,NA,NA,NA,NA,NA,NA,NA,NA,NA,NA,NE,NE,NE,NE,SUPP,SUPP,NA,NA,NA,SUPP,SUPP,SUPP,NE,NE,NE,NE,NE,NE,NE,NE,NE,NE,NE,NE,NE,NE,NE,NE,NE,NE,NE,NE,NE,NE,NE,NE,NE,NA,NA,NA,NA,NA,NA,NA,NA,NA,NA,NA,NA,NA,NA,NA,NE,NE,NE,NE,NE,NE,NE,NE,NE,NE,NE,NE,NE,NE,NE,NE,NE,NE,NE,NE,NE,NE,SUPP,NA,NA,NA,NA,NA,NA,NA,NA,SUPP,NA,NA,NA,NA,NA,NA,NA,NA,SUPP,NA,NA,NA,SUPP,NA,NA,NA,SUPP,NA,NA,NA,SUPP,NA,NA,NA,SUPP,NA,NA,NA,SUPP,NA,NA,NA,SUPP,NA,NA,NA,SUPP,NA,NA,NA,SUPP,SUPP,SUPP,SUPP,SUPP,NA,NA,NA,NA,NA,NA,NA,NA,NA,NA,NA,NA,NA,NA,NA,NA,NA,NA,NA,NA,NA,NA,NA,NA,NA,NA,NA,NA,SUPP,SUPP,SUPP,SUPP,SUPP,SUPP,SUPP,NA,NA,NA,NA,NA,NA,NA,NA,SUPP,SUPP,SUPP,SUPP,SUPP,SUPP,SUPP,NA,NA,NA,NA,NA,NA,NA,NA,SUPP,SUPP,SUPP,SUPP,SUPP,SUPP,SUPP,NA,NA,NA,NA,NA,NA,NA,NA,NE,NE,NE,NE,NE,NE,NE,NA,NA,NA,NA,NA,NA,NA,NA,NA,NA,NA,NA,NA,NA,NA,NA,NA,NA,NA,NA,SUPP,SUPP,SUPP,SUPP,SUPP,SUPP,NA,NA,NA,NA,NA,NA,NA,NA,NA,NA,NA,NA,NA,NA,NA,NA,NA,NA,NA,NA,NA,NA,NA,NA,NA,NA,NA,NA,NA,NA,NA,NA,NA,NA,NA,NA,NA,NA,NA,NA,NA,NA,NA,NA,NA,SUPP,SUPP,SUPP,SUPP,SUPP,SUPP,NE,NE,NE,SUPP,SUPP,SUPP,NE,NE,SUPP,SUPP,NA,NA,NA,NA,NA,NA,SUPP,SUPP,SUPP,NE,SUPP,SUPP,NA,NA,NA,NA,NA,NA,SUPP,SUPP,SUPP,NE,NE,NE,NE,NA,NA,NA,SUPP,SUPP,NE,NA,NA,NA,SUPP,SUPP,NE,NE,NE,NA,NE,SUPP,SUPP,SUPP,SUPP,SUPP,NE,SUPP,NE,SUPP,NE,SUPP,NE,SUPP,NE,SUPP,SUPP,SUPP,SUPP,SUPP,NE,SUPP,NE,SUPP,NE,SUPP,SUPP,SUPP,SUPP,SUPP,SUPP,SUPP,SUPP,SUPP,SUPP,SUPP,SUPP,SUPP,NE,SUPP,NE,SUPP,NE,SUPP,SUPP,SUPP,SUPP,SUPP,SUPP,SUPP,SUPP,SUPP,3,SUPP,42.90%,SUPP,4,SUPP,57.10%,SUPP,SUPP,SUPP,SUPP,SUPP,SUPP,SUPP,SUPP,SUPP
1,919,4111,140049,Westfield Academy,,Tolpits Lane,,,Watford,WD18 6NS,01923231560,E14001568,Watford,0,0,ACC,Does not apply,NSE,OTHER NON SEL,MIXED,0,11-18,1335,696,639,195,98,50.30%,97,49.70%,NA,NA,NA,NA,NA,NA,NA,57,29.20%,138,70.80%,104,53.30%,91,46.70%,0,0.00%,189,96.90%,7,3.60%,28,14.40%,21,10.80%,8073.75,41.4,1783,9.1,1514,7.8,2412,12.4,2364.75,12.1,1782.5,9.1,582.25,3,2.7,2.7,NA,NA,NA,NA,NA,NA,NA,NA,NA,NA,NA,NA,NA,NA,NA,NA,NA,NA,NA,NA,NA,54.40%,38.50%,742.03,3.81,3.21,4.05,NA,NA,NA,4.27,4.09,3.52,3.89,128,65.60%,25.10%,17.40%,180,92.30%,182,93.30%,181,92.80%,172,88.20%,129,66.20%,65.10%,54.40%,59.50%,41.50%,58.60%,41.40%,54.10%,41.90%,45.00%,37.20%,NA,NA,NA,NA,NA,NA,NA,NA,NA,NA,NA,NA,NA,NA,NA,127,106,116,81,106,75,93,72,58,48,122,62.60%,178,91.30%,179,91.80%,180,99.40%,161,93.60%,126,97.70%,34.7,NA,NA,NA,NA,NA,NA,NA,NA,44.2,NA,NA,NA,NA,NA,NA,NA,NA,7.9,NA,NA,NA,6.5,NA,NA,NA,10.2,NA,NA,NA,10.2,NA,NA,NA,9.7,NA,NA,NA,8.3,NA,NA,NA,13.3,NA,NA,NA,12.9,NA,NA,NA,7.5,2.7,9.8,3.1,-15.7,NA,NA,NA,NA,NA,NA,NA,NA,NA,NA,NA,NA,NA,NA,NA,NA,NA,NA,NA,NA,NA,NA,NA,NA,NA,NA,NA,NA,45.8,10,8.5,13.9,13.3,10.1,3.1,NA,NA,NA,NA,NA,NA,NA,NA,44.5,10.1,7.8,13.3,13.3,10.6,2.7,NA,NA,NA,NA,NA,NA,NA,NA,38.4,8.2,7.8,11.5,10.9,7.7,3.2,NA,NA,NA,NA,NA,NA,NA,NA,42.4,9.3,8,12.6,12.4,9.4,3.1,NA,NA,NA,NA,NA,NA,NA,NA,NA,NA,NA,NA,NA,NA,NA,NA,NA,NA,NA,NA,59.60%,68.10%,24.60%,10.50%,25.40%,20.30%,NA,NA,NA,NA,NA,NA,NA,NA,NA,NA,NA,NA,NA,NA,NA,NA,NA,NA,NA,NA,NA,NA,NA,NA,NA,NA,NA,NA,NA,NA,NA,NA,NA,NA,NA,NA,NA,NA,NA,NA,NA,NA,NA,NA,NA,60.20%,19.40%,15.30%,71.10%,30.90%,19.60%,67.20%,25.90%,18.00%,76.00%,29.80%,21.20%,50.80%,94.90%,45.60%,58.00%,NA,NA,NA,NA,NA,NA,49.00%,59.80%,62.50%,56.10%,28.10%,42.80%,NA,NA,NA,NA,NA,NA,36.70%,40.20%,43.30%,39.70%,4.60%,10.80%,8.3,NA,NA,NA,7.5,8.6,7,NA,NA,NA,6.4,7.3,1632,0,0%,NA,3.83,4.11,3.38,3.58,3.97,4.28,40.4,45.3,190,139,-0.03,0.34,-0.23,0.11,0.17,0.58,36,40.1,41.8,47,82.30%,81.90%,22.00%,28.80%,10.00%,13.10%,70.60%,69.20%,15.70%,17.90%,7.80%,10.30%,86.10%,86.00%,24.10%,32.20%,10.80%,14.00%,45.50%,61.90%,53.10%,63.80%,24.90%,31.90%,49.00%,61.50%,21.60%,30.80%,54.40%,64.50%,25.90%,32.20%,51,39,24.40%,24.40%,158,121,75.60%,75.60%,8.5,9.4,9,9.9,7.1,8.4,7.7,8.6
2,919,6053,140655,White Trees Independent School,,13a London Road,Bishops Stortford,Hertfordshire,,CM23 5NA,01279658518,E14001283,Hertford and Stortford,0,0,INDSS,None,,NA,MIXED,0,11-18,71,50,21,9,6,66.70%,3,33.30%,NA,NA,NA,NA,NA,NA,NA,NP,NP,NP,NP,NP,NP,NP,NP,NP,NP,NP,NP,,,,,,,39,4.3,10,1.1,20,2.2,9,1,0,0,0,0,0,0,0.2,0,NA,NA,NA,NA,NA,NA,NA,NA,NA,NA,NA,NA,NA,NA,NA,NA,NA,NA,NA,NA,NA,11.10%,11.10%,1.66,0.18,NP,NP,NA,NA,NA,NP,SUPP,SUPP,NP,0,0.00%,0.00%,0.00%,0,0.00%,2,22.20%,0,0.00%,0,0.00%,0,0.00%,0.00%,0.00%,22.20%,22.20%,NE,NE,NE,NE,NE,NE,NA,NA,NA,NA,NA,NA,NA,NA,NA,NA,NA,NA,NA,NA,NA,0,0,2,2,NE,NE,NE,NE,NE,NE,0,0.00%,0,0.00%,2,22.20%,NE,NE,NE,NE,NE,NE,NP,NA,NA,NA,NA,NA,NA,NA,NA,NP,NA,NA,NA,NA,NA,NA,NA,NA,NP,NA,NA,NA,NP,NA,NA,NA,NP,NA,NA,NA,NP,NA,NA,NA,NP,NA,NA,NA,NP,NA,NA,NA,NP,NA,NA,NA,NP,NA,NA,NA,NP,NP,NP,NP,NP,NA,NA,NA,NA,NA,NA,NA,NA,NA,NA,NA,NA,NA,NA,NA,NA,NA,NA,NA,NA,NA,NA,NA,NA,NA,NA,NA,NA,NP,NP,NP,NP,NP,NP,NP,NA,NA,NA,NA,NA,NA,NA,NA,SUPP,SUPP,SUPP,SUPP,SUPP,SUPP,SUPP,NA,NA,NA,NA,NA,NA,NA,NA,SUPP,SUPP,SUPP,SUPP,SUPP,SUPP,SUPP,NA,NA,NA,NA,NA,NA,NA,NA,NP,NP,NP,NP,NP,NP,NP,NA,NA,NA,NA,NA,NA,NA,NA,NA,NA,NA,NA,NA,NA,NA,NA,NA,NA,NA,NA,NP,NP,NP,NP,NP,NP,NA,NA,NA,NA,NA,NA,NA,NA,NA,NA,NA,NA,NA,NA,NA,NA,NA,NA,NA,NA,NA,NA,NA,NA,NA,NA,NA,NA,NA,NA,NA,NA,NA,NA,NA,NA,NA,NA,NA,NA,NA,NA,NA,NA,NA,SUPP,SUPP,SUPP,SUPP,SUPP,SUPP,NP,NP,NP,NP,NP,NP,0.00%,22.20%,NP,NP,NA,NA,NA,NA,NA,NA,SUPP,SUPP,NP,NP,NP,NP,NA,NA,NA,NA,NA,NA,SUPP,SUPP,NP,NP,0.00%,0.00%,0.7,NA,NA,NA,NP,NP,0.7,NA,NA,NA,NP,NP,6,0,0%,NA,0.47,0.07,NP,NP,NP,NP,6.6,1.9,NP,NP,NP,NP,NP,NP,NP,NP,NP,NP,NP,NP,0.00%,0.00%,0.00%,0.00%,0.00%,0.00%,NP,NP,NP,NP,NP,NP,NP,NP,NP,NP,NP,NP,10.00%,0.00%,10.00%,0.00%,10.00%,0.00%,NP,NP,NP,NP,NP,NP,NP,NP,NP,NP,NP,NP,NP,NP,NP,NP,NP,NP,NP,NP,NP,NP,NP,NP
2,919,7025,117682,Woodfield School,,Malmes Croft,Leverstock Green,,Hemel Hempstead,HP3 8RL,01442253476,E14001278,Hemel Hempstead,0,0,CYS,Does not apply,NA,NA,MIXED,0,3-19,125,83,42,11,7,63.60%,4,36.40%,NA,NA,NA,NA,NA,NA,NA,2,18.20%,9,81.80%,3,27.30%,8,72.70%,0,0.00%,11,100.00%,,,,,,,NE,NE,NE,NE,NE,NE,NE,NE,NE,NE,NE,NE,NE,NE,NE,NE,NA,NA,NA,NA,NA,NA,NA,NA,NA,NA,NA,NA,NA,NA,NA,NA,NA,NA,NA,NA,NA,NE,NE,NE,NE,SUPP,SUPP,NA,NA,NA,SUPP,SUPP,SUPP,NE,NE,NE,NE,NE,NE,NE,NE,NE,NE,NE,NE,NE,NE,NE,NE,NE,NE,NE,NE,NE,NE,NE,NE,NE,NA,NA,NA,NA,NA,NA,NA,NA,NA,NA,NA,NA,NA,NA,NA,NE,NE,NE,NE,NE,NE,NE,NE,NE,NE,NE,NE,NE,NE,NE,NE,NE,NE,NE,NE,NE,NE,SUPP,NA,NA,NA,NA,NA,NA,NA,NA,SUPP,NA,NA,NA,NA,NA,NA,NA,NA,SUPP,NA,NA,NA,SUPP,NA,NA,NA,SUPP,NA,NA,NA,SUPP,NA,NA,NA,SUPP,NA,NA,NA,SUPP,NA,NA,NA,SUPP,NA,NA,NA,SUPP,NA,NA,NA,SUPP,SUPP,SUPP,SUPP,SUPP,NA,NA,NA,NA,NA,NA,NA,NA,NA,NA,NA,NA,NA,NA,NA,NA,NA,NA,NA,NA,NA,NA,NA,NA,NA,NA,NA,NA,SUPP,SUPP,SUPP,SUPP,SUPP,SUPP,SUPP,NA,NA,NA,NA,NA,NA,NA,NA,SUPP,SUPP,SUPP,SUPP,SUPP,SUPP,SUPP,NA,NA,NA,NA,NA,NA,NA,NA,SUPP,SUPP,SUPP,SUPP,SUPP,SUPP,SUPP,NA,NA,NA,NA,NA,NA,NA,NA,NE,NE,NE,NE,NE,NE,NE,NA,NA,NA,NA,NA,NA,NA,NA,NA,NA,NA,NA,NA,NA,NA,NA,NA,NA,NA,NA,SUPP,SUPP,SUPP,SUPP,SUPP,SUPP,NA,NA,NA,NA,NA,NA,NA,NA,NA,NA,NA,NA,NA,NA,NA,NA,NA,NA,NA,NA,NA,NA,NA,NA,NA,NA,NA,NA,NA,NA,NA,NA,NA,NA,NA,NA,NA,NA,NA,NA,NA,NA,NA,NA,NA,SUPP,SUPP,SUPP,SUPP,SUPP,SUPP,NE,NE,NE,SUPP,SUPP,SUPP,NE,NE,SUPP,SUPP,NA,NA,NA,NA,NA,NA,SUPP,SUPP,SUPP,NE,SUPP,SUPP,NA,NA,NA,NA,NA,NA,SUPP,SUPP,SUPP,NE,NE,NE,NE,NA,NA,NA,SUPP,SUPP,NE,NA,NA,NA,SUPP,SUPP,NE,NE,NE,NA,NE,SUPP,SUPP,SUPP,SUPP,SUPP,NE,SUPP,NE,SUPP,NE,SUPP,NE,SUPP,NE,SUPP,SUPP,SUPP,SUPP,SUPP,NE,SUPP,NE,SUPP,NE,SUPP,SUPP,SUPP,SUPP,SUPP,SUPP,SUPP,SUPP,SUPP,SUPP,SUPP,SUPP,SUPP,NE,SUPP,NE,SUPP,NE,SUPP,SUPP,SUPP,SUPP,SUPP,SUPP,SUPP,SUPP,SUPP,4,SUPP,50.00%,SUPP,4,SUPP,50.00%,SUPP,SUPP,SUPP,SUPP,SUPP,SUPP,SUPP,SUPP,SUPP
1,919,4802,136922,Yavneh College,,Hillside Avenue,,,Borehamwood,WD6 1HL,02087365580,E14001284,Hertsmere,0,0,ACC,Jewish,NSE,OTHER NON SEL,MIXED,0,11-18,1042,558,484,152,90,59.20%,62,40.80%,NA,NA,NA,NA,NA,NA,NA,8,5.30%,144,94.70%,2,1.30%,150,98.70%,0,0.00%,151,99.30%,9,5.90%,36,23.70%,27,17.80%,9356.75,61.6,1977,13,1822,12,2797,18.4,2760.75,18.2,2157,14.2,603.75,4,2.9,2.8,NA,NA,NA,NA,NA,NA,NA,NA,NA,NA,NA,NA,NA,NA,NA,NA,NA,NA,NA,NA,NA,89.50%,75.00%,812.33,5.34,3.19,5.46,NA,NA,NA,SUPP,5.32,5.36,5.36,41,27.00%,26.30%,23.00%,145,95.40%,149,98.00%,149,98.00%,105,69.10%,63,41.40%,93.40%,86.80%,90.10%,77.60%,88.60%,76.50%,90.50%,85.70%,93.70%,85.70%,NA,NA,NA,NA,NA,NA,NA,NA,NA,NA,NA,NA,NA,NA,NA,142,132,137,118,132,114,95,90,59,54,41,27.00%,145,95.40%,148,97.40%,148,99.30%,105,100.00%,62,98.40%,38.7,NA,NA,NA,NA,NA,NA,NA,NA,62.8,NA,NA,NA,NA,NA,NA,NA,NA,9.3,NA,NA,NA,7.5,NA,NA,NA,11.3,NA,NA,NA,10.7,NA,NA,NA,13.2,NA,NA,NA,12.2,NA,NA,NA,18.8,NA,NA,NA,18.6,NA,NA,NA,8.4,2.3,14.5,4.1,-11.7,NA,NA,NA,NA,NA,NA,NA,NA,NA,NA,NA,NA,NA,NA,NA,NA,NA,NA,NA,NA,NA,NA,NA,NA,NA,NA,NA,NA,SUPP,SUPP,SUPP,SUPP,SUPP,SUPP,SUPP,NA,NA,NA,NA,NA,NA,NA,NA,61.6,13.5,11.5,17.9,18.8,15.1,3.6,NA,NA,NA,NA,NA,NA,NA,NA,61.5,12.7,12.3,18.8,17.8,13.5,4.2,NA,NA,NA,NA,NA,NA,NA,NA,61.8,13.1,12,18.5,18.3,14.3,4,NA,NA,NA,NA,NA,NA,NA,NA,NA,NA,NA,NA,NA,NA,NA,NA,NA,NA,NA,NA,12.50%,27.80%,0.00%,0.00%,27.80%,24.30%,NA,NA,NA,NA,NA,NA,NA,NA,NA,NA,NA,NA,NA,NA,NA,NA,NA,NA,NA,NA,NA,NA,NA,NA,NA,NA,NA,NA,NA,NA,NA,NA,NA,NA,NA,NA,NA,NA,NA,NA,NA,NA,NA,NA,NA,25.60%,24.40%,22.20%,29.00%,29.00%,24.20%,26.50%,26.50%,23.20%,SUPP,SUPP,SUPP,87.50%,98.70%,50.00%,91.70%,NA,NA,NA,NA,NA,NA,91.10%,87.10%,SUPP,90.10%,25.00%,77.80%,NA,NA,NA,NA,NA,NA,76.70%,72.60%,SUPP,75.50%,2.60%,39.50%,7.6,NA,NA,NA,6.6,7.7,6.9,NA,NA,NA,6.1,7,1166,0,0%,NA,5.33,4.99,4.52,4.72,5.37,5.01,61.7,58,151,139,0.97,0.85,0.74,0.61,1.19,1.08,49.9,52.3,62.2,58.4,25.70%,21.70%,24.60%,19.70%,22.30%,17.10%,14.30%,33.30%,14.30%,33.30%,14.30%,22.20%,26.20%,21.00%,25.00%,18.90%,22.60%,16.80%,88.60%,84.20%,89.70%,88.20%,76.60%,65.80%,71.40%,88.90%,57.10%,33.30%,90.50%,88.10%,77.40%,67.80%,7,9,4.00%,5.90%,168,143,96.00%,94.10%,6.6,7.2,7.6,7.6,6.1,6.6,7,6.9
4,919,,,,,,,,,,,,,,0,,,,,,,,96915,48935,47980,14862,7581,51.00%,7281,49.00%,NA,NA,NA,NA,NA,NA,NA,2636,17.70%,12226,82.30%,2303,15.50%,12492,84.10%,67,0.50%,14343,96.50%,742,5.00%,2869,19.30%,2127,14.30%,751559.5,50.6,157580,10.6,148807.5,10,222649,15,222523,15,203493,13.7,19030,1.3,2.8,2.8,NA,NA,NA,NA,NA,NA,NA,NA,NA,NA,NA,NA,NA,NA,NA,NA,NA,NA,NA,NA,NA,71.70%,53.40%,67739.78,4.56,2.97,4.9,NA,NA,NA,5.04,4.7,4.42,4.6,6992,47.00%,33.30%,25.50%,14048,94.50%,14377,96.70%,14075,94.70%,12113,81.50%,7959,53.60%,79.60%,67.00%,76.00%,58.90%,73.00%,56.60%,71.60%,59.70%,78.60%,67.50%,NA,NA,NA,NA,NA,NA,NA,NA,NA,NA,NA,NA,NA,NA,NA,11823,9964,11297,8755,10268,7968,8668,7235,6258,5371,6860,46.20%,14007,94.20%,14228,95.70%,13901,98.80%,11878,98.10%,7875,98.90%,34.2,NA,NA,NA,NA,NA,NA,NA,NA,54.1,NA,NA,NA,NA,NA,NA,NA,NA,7.6,NA,NA,NA,6.8,NA,NA,NA,9.8,NA,NA,NA,10,NA,NA,NA,11.2,NA,NA,NA,10.7,NA,NA,NA,16.1,NA,NA,NA,16,NA,NA,NA,8.6,1.4,14.8,1.2,-16.2,NA,NA,NA,NA,NA,NA,NA,NA,NA,NA,NA,NA,NA,NA,NA,NA,NA,NA,NA,NA,NA,NA,NA,NA,NA,NA,NA,NA,53.9,11,10.7,16.8,15.5,14.5,1.1,NA,NA,NA,NA,NA,NA,NA,NA,52.5,11.3,9.9,15.3,16,14.7,1.3,NA,NA,NA,NA,NA,NA,NA,NA,48.7,10,10.2,14.6,14,12.7,1.2,NA,NA,NA,NA,NA,NA,NA,NA,51,10.7,10.1,15.1,15.1,13.8,1.3,NA,NA,NA,NA,NA,NA,NA,NA,NA,NA,NA,NA,NA,NA,NA,NA,NA,NA,NA,NA,29.80%,50.80%,13.50%,8.30%,37.60%,29.20%,NA,NA,NA,NA,NA,NA,NA,NA,NA,NA,NA,NA,NA,NA,NA,NA,NA,NA,NA,NA,NA,NA,NA,NA,NA,NA,NA,NA,NA,NA,NA,NA,NA,NA,NA,NA,NA,NA,NA,NA,NA,NA,NA,NA,NA,44.50%,30.20%,23.20%,49.70%,36.50%,27.80%,47.90%,34.10%,26.10%,61.20%,42.30%,32.30%,67.60%,97.00%,42.50%,78.00%,NA,NA,NA,NA,NA,NA,69.80%,73.60%,74.00%,72.50%,24.50%,59.60%,NA,NA,NA,NA,NA,NA,52.30%,54.60%,57.40%,54.20%,5.30%,29.40%,8.1,NA,NA,NA,6.9,8.4,7.7,NA,NA,NA,6.4,8,121192,1,0.00%,NA,4.51,4.56,2.97,2.99,4.81,4.86,50.2,51,14079,13579,0.19,0.19,0.17,0.17,0.21,0.22,34.4,35.1,53.3,54,45.90%,46.60%,31.90%,32.60%,23.70%,24.00%,27.60%,27.00%,13.30%,12.80%,8.10%,8.00%,49.50%,50.30%,35.50%,36.40%,26.70%,27.00%,68.20%,69.80%,72.60%,74.10%,53.70%,54.60%,44.00%,44.80%,25.50%,24.70%,78.10%,79.60%,59.20%,60.20%,2429,2272,16.20%,15.80%,12547,12125,83.80%,84.20%,7,7.2,8.4,8.5,6.5,6.6,8.1,8.1
5,,,,,,,,,,,,,,,0,,,,,,,,4183407,2136297,2047110,700688,360627,51.50%,340061,48.50%,NA,NA,NA,NA,NA,NA,NA,,,,,,,,,,,,,,,,,,,30678965.7,43.8,6423735,9.2,5912433.36,8.4,9133110.02,13,9209687.32,13.1,7839234.42,11.2,1370452.9,2,2.6,2.6,NA,NA,NA,NA,NA,NA,NA,NA,NA,NA,NA,NA,NA,NA,NA,NA,NA,NA,NA,NA,NA,59.50%,41.80%,2699653.61,3.85,,,NA,NA,NA,,4.04,,4.1,257146,36.70%,23.40%,17.00%,602501,86.00%,625872,89.30%,617170,88.10%,530146,75.70%,311287,44.40%,68.40%,55.90%,64.50%,47.40%,66.70%,49.10%,64.50%,52.60%,74.60%,62.70%,NA,NA,NA,NA,NA,NA,NA,NA,NA,NA,NA,NA,NA,NA,NA,479577,391438,451795,332348,411620,302943,342208,278972,232342,195082,250363,35.70%,598614,85.40%,613472,87.60%,606036,98.20%,514924,97.10%,306940,98.60%,,NA,NA,NA,NA,NA,NA,NA,NA,,NA,NA,NA,NA,NA,NA,NA,NA,,NA,NA,NA,,NA,NA,NA,,NA,NA,NA,,NA,NA,NA,,NA,NA,NA,,NA,NA,NA,,NA,NA,NA,,NA,NA,NA,,,,,,NA,NA,NA,NA,NA,NA,NA,NA,NA,NA,NA,NA,NA,NA,NA,NA,NA,NA,NA,NA,NA,NA,NA,NA,NA,NA,NA,NA,,,,,,,,NA,NA,NA,NA,NA,NA,NA,NA,46.1,9.9,8.4,13.5,14.3,12.2,2.1,NA,NA,NA,NA,NA,NA,NA,NA,41.6,8.5,8.5,12.6,12,10.2,1.8,NA,NA,NA,NA,NA,NA,NA,NA,,,,,,,,NA,NA,NA,NA,NA,NA,NA,NA,NA,NA,NA,NA,NA,NA,NA,NA,NA,NA,NA,NA,,,,,,,NA,NA,NA,NA,NA,NA,NA,NA,NA,NA,NA,NA,NA,NA,NA,NA,NA,NA,NA,NA,NA,NA,NA,NA,NA,NA,NA,NA,NA,NA,NA,NA,NA,NA,NA,NA,NA,NA,NA,NA,NA,NA,NA,NA,NA,33.10%,19.90%,14.20%,40.60%,27.20%,20.00%,,,,,,,55.10%,94.50%,,,NA,NA,NA,NA,NA,NA,57.40%,61.70%,,,,,NA,NA,NA,NA,NA,NA,40.10%,43.60%,,,3.70%,22.40%,7.4,NA,NA,NA,,,6.8,NA,NA,NA,,,5220174,87,0.00%,NA,3.89,3.88,,,,,44.2,44.6,,,,,,,,,,,,,37.10%,36.10%,23.20%,22.30%,16.60%,15.70%,,,,,,,,,,,,,55.80%,56.20%,60.40%,60.60%,42.80%,42.30%
7,,,,,,,,,,,,,,,0,,,,,,,,3736998,1909607,1827391,625647,320697,51.30%,304950,48.70%,NA,NA,NA,NA,NA,NA,NA,176227,28.20%,449420,71.80%,121389,19.40%,499608,79.90%,3143,0.50%,592929,94.80%,34247,5.50%,116532,18.60%,82285,13.20%,28812554.05,46.1,6160066,9.8,5698661.32,9.1,8422344.14,13.5,8531482.59,13.6,7184111.34,11.5,1347371.25,2.2,2.7,2.7,NA,NA,NA,NA,NA,NA,NA,NA,NA,NA,NA,NA,NA,NA,NA,NA,NA,NA,NA,NA,NA,64.80%,45.40%,2556019.55,4.09,3.02,4.5,NA,NA,NA,4.45,4.25,3.93,4.16,253448,40.50%,25.80%,18.70%,585646,93.60%,602320,96.30%,588875,94.10%,507722,81.20%,287253,45.90%,74.30%,60.40%,69.80%,51.20%,65.80%,47.90%,63.50%,51.30%,73.10%,60.70%,NA,NA,NA,NA,NA,NA,NA,NA,NA,NA,NA,NA,NA,NA,NA,464721,377963,436732,320389,387502,282266,322221,260584,209919,174249,246821,39.50%,581855,93.00%,591208,94.50%,578271,98.20%,492667,97.00%,283211,98.60%,34.9,NA,NA,NA,NA,NA,NA,NA,NA,50.4,NA,NA,NA,NA,NA,NA,NA,NA,7.8,NA,NA,NA,6.9,NA,NA,NA,9.9,NA,NA,NA,10.3,NA,NA,NA,10.6,NA,NA,NA,10,NA,NA,NA,14.8,NA,NA,NA,14.9,NA,NA,NA,8.2,2.1,12.8,2.2,,NA,NA,NA,NA,NA,NA,NA,NA,NA,NA,NA,NA,NA,NA,NA,NA,NA,NA,NA,NA,NA,NA,NA,NA,NA,NA,NA,NA,48.5,10.2,9.5,14.8,14.1,12.3,1.8,NA,NA,NA,NA,NA,NA,NA,NA,48.1,10.6,9,13.9,14.7,12.4,2.3,NA,NA,NA,NA,NA,NA,NA,NA,44.1,9.2,9.2,13.1,12.6,10.6,2,NA,NA,NA,NA,NA,NA,NA,NA,46.9,10,9.3,13.7,13.9,11.7,2.2,NA,NA,NA,NA,NA,NA,NA,NA,NA,NA,NA,NA,NA,NA,NA,NA,NA,NA,NA,NA,29.00%,45.00%,13.70%,8.60%,30.50%,22.60%,NA,NA,NA,NA,NA,NA,NA,NA,NA,NA,NA,NA,NA,NA,NA,NA,NA,NA,NA,NA,NA,NA,NA,NA,NA,NA,NA,NA,NA,NA,NA,NA,NA,NA,NA,NA,NA,NA,NA,NA,NA,NA,NA,NA,NA,36.70%,22.00%,15.80%,44.50%,29.80%,21.80%,41.70%,26.80%,19.40%,52.40%,32.50%,23.70%,60.10%,96.50%,43.80%,73.10%,NA,NA,NA,NA,NA,NA,62.90%,66.80%,66.50%,66.30%,25.80%,53.10%,NA,NA,NA,NA,NA,NA,43.90%,47.00%,48.20%,46.70%,3.40%,23.30%,7.8,NA,NA,NA,7,8.2,7.2,NA,NA,NA,6.3,7.6,4942243,75,0.00%,NA,4.07,4.05,2.99,2.97,4.46,4.44,45.9,46.3,586425,568530,-0.03,-0.03,,,,,34.6,35,50,50.3,40.40%,39.30%,25.20%,24.20%,18.00%,17.00%,28.60%,27.70%,12.90%,12.00%,8.00%,7.40%,44.70%,43.40%,29.70%,28.50%,21.60%,20.40%,60.20%,60.60%,65.00%,65.10%,45.90%,45.30%,43.40%,43.40%,25.80%,25.20%,72.80%,72.80%,53.10%,52.40%,166470,159363,26.50%,26.30%,462737,447552,73.50%,73.70%,7,7.1,8.2,8.3,6.4,6.4,7.6,7.6