RECTYPE,ALPHAIND,REGION,LASORT,LEA,ESTAB,URN,PCON_CODE,PCON_NAME,SCHNAME_AC,SCHNAME,ADDRESS1,ADDRESS2,ADDRESS3,TOWN,PCODE,TELNUM,CONTFLAG,NFTYPE/FESITYPE,RELDENOM,ADMPOL,ADMPOL_PT,GEND1618,FEEDER,AGERANGE,ICLOSE,TABKS2,TAB15,CONFEXAM,DUMMY,TPUP1618,TALLPUP_1618,TALLPUP_ALEV_1618,TALLPPE_ALEV_1618,TALLPPEGRD_ALEV_1618,TINCLUDE_B3,TB3PTSE,TB3PTSE_GRD,TINCLUDE_AAB_2FAC,PTAAB_2FAC,TALLPUP_ACAD_1618,TALLPPE_ACAD_1618,TALLPPEGRD_ACAD_1618,TALLPUP_AGEN,TALLPPE_AGEN,TALLPPEGRD_AGEN,TALLPUP_TLEV,TALLPPE_TLEV,TALLPPEGRD_TLEV,TALLPUP_TLEVDENOM,TLEV_PER,TALLPUP_AGENDENOM,AGEN_PER,T_SCOPEEX_E,PROGEX_E,ENTRY_PER_E,T_SCOPEEX_M,PROGEX_M,ENTRY_PER_M,TALLPUP_SCOPE_L3M,L3M_PER,T_InScope_ALEV_Ret,PT_Retained_ALEV_Ret,PT_Ret_Assessed_ALEV,T_InScope_ALEV_2ndYr,PT_Retained_ALEV_2ndYr,T_InScope_ACAD_Ret,PT_Retained_ACAD_Ret,PT_Ret_Assessed_ACAD,T_InScope_ACAD_2ndYr,PT_Retained_ACAD_2ndYr,T_InScope_AGEN_Ret,PT_Retained_AGEN_Ret,PT_Ret_Assessed_AGEN,T_InScope_AGEN_2ndYr,PT_Retained_AGEN_2ndYr,T_InScope_TLEV_Ret,PT_Retained_TLEV_Ret,PT_Ret_Assessed_TLEV,T_InScope_TLEV_2ndYr,PT_Retained_TLEV_2ndYr,TALLPUP_TechCert,TALLPPE_TechCert,TALLPPEGRD_TechCert,T_InScope_TechCert_Ret,PT_Retained_TechCert_Ret,PT_Ret_Assessed_TechCert,TALLPUP_ANYL2VOC,TechCert_PER,TALLPUP_1618_DIS,TALLPUP_ALEV_1618_DIS,TALLPPE_ALEV_1618_DIS,TALLPPEGRD_ALEV_DIS,TALLPUP_ACAD_1618_DIS,TALLPPE_ACAD_1618_DIS,TALLPPEGRD_ACAD_DIS,TALLPUP_AGEN_DIS,TALLPPE_AGEN_DIS,TALLPPEGRD_AGEN_DIS,TALLPUP_TLEV_DIS,TALLPPE_TLEV_DIS,TALLPPEGRD_TLEV_DIS,T_SCOPEEX_E_DIS,PROGEX_E_DIS,T_SCOPEEX_M_DIS,PROGEX_M_DIS,T_InScope_ALEV_Ret_DIS,PT_Retained_ALEV_Ret_DIS,T_InScope_ACAD_Ret_DIS,PT_Retained_ACAD_Ret_DIS,T_InScope_AGEN_Ret_DIS,PT_Retained_AGEN_Ret_DIS,T_InScope_TLEV_Ret_DIS,PT_Retained_TLEV_Ret_DIS,TALLPUP_TechCert_DIS,TALLPPE_TechCert_DIS,TALLPPEGRD_TechCert_DIS,T_InScope_TechCert_Ret_DIS,PT_Retained_TechCert_Ret_DIS,TALLPUP_1618_NOTDIS,TALLPUP_ALEV_1618_NOTDIS,TALLPPE_ALEV_1618_NOTDIS,TALLPPEGRD_ALEV_NOTDIS,TALLPUP_ACAD_1618_NOTDIS,TALLPPE_ACAD_1618_NOTDIS,TALLPPEGRD_ACAD_NOTDIS,TALLPUP_AGEN_NOTDIS,TALLPPE_AGEN_NOTDIS,TALLPPEGRD_AGEN_NOTDIS,TALLPUP_TLEV_NOTDIS,TALLPPE_TLEV_NOTDIS,TALLPPEGRD_TLEV_NOTDIS,T_SCOPEEX_E_NOTDIS,PROGEX_E_NOTDIS,T_SCOPEEX_M_NOTDIS,PROGEX_M_NOTDIS,T_InScope_ALEV_Ret_NOTDIS,PT_Retained_ALEV_Ret_NOTDIS,T_InScope_ACAD_Ret_NOTDIS,PT_Retained_ACAD_Ret_NOTDIS,T_InScope_AGEN_Ret_NOTDIS,PT_Retained_AGEN_Ret_NOTDIS,T_InScope_TLEV_Ret_NOTDIS,PT_Retained_TLEV_Ret_NOTDIS,TALLPUP_TechCert_NOTDIS,TALLPPE_TechCert_NOTDIS,TALLPPEGRD_TechCert_NOTDIS,T_InScope_TechCert_Ret_NOTDIS,PT_Retained_TechCert_Ret_NOTDIS,ENTRIES_ALEV,VA_INS_ALEV,UCI_INS_ALEV,LCI_INS_ALEV,PROGRESS_BAND_ALEV,ENTRIES_ACAD,VA_INS_ACAD,UCI_INS_ACAD,LCI_INS_ACAD,PROGRESS_BAND_ACAD,ENTRIES_AGEN,VA_INS_AGEN,UCI_INS_AGEN,LCI_INS_AGEN,PROGRESS_BAND_AGEN,ENTRIES_TLEV,VA_INS_TLEV,UCI_INS_TLEV,LCI_INS_TLEV,PROGRESS_BAND_TLEV,ENTRIES_TECHCERT,VA_INS_TECHCERT,UCI_INS_TECHCERT,LCI_INS_TECHCERT,PROGRESS_BAND_TECHCERT,ENTRIES_ALEV_DIS,VA_INS_ALEV_DIS,UCI_INS_ALEV_DIS,LCI_INS_ALEV_DIS,ENTRIES_ACAD_DIS,VA_INS_ACAD_DIS,UCI_INS_ACAD_DIS,LCI_INS_ACAD_DIS,ENTRIES_AGEN_DIS,VA_INS_AGEN_DIS,UCI_INS_AGEN_DIS,LCI_INS_AGEN_DIS,ENTRIES_TLEV_DIS,VA_INS_TLEV_DIS,UCI_INS_TLEV_DIS,LCI_INS_TLEV_DIS,ENTRIES_TECHCERT_DIS,VA_INS_TECHCERT_DIS,UCI_INS_TECHCERT_DIS,LCI_INS_TECHCERT_DIS,ENTRIES_ALEV_NOTDIS,VA_INS_ALEV_NOTDIS,UCI_INS_ALEV_NOTDIS,LCI_INS_ALEV_NOTDIS,ENTRIES_ACAD_NOTDIS,VA_INS_ACAD_NOTDIS,UCI_INS_ACAD_NOTDIS,LCI_INS_ACAD_NOTDIS,ENTRIES_AGEN_NOTDIS,VA_INS_AGEN_NOTDIS,UCI_INS_AGEN_NOTDIS,LCI_INS_AGEN_NOTDIS,ENTRIES_TLEV_NOTDIS,VA_INS_TLEV_NOTDIS,UCI_INS_TLEV_NOTDIS,LCI_INS_TLEV_NOTDIS,ENTRIES_TECHCERT_NOTDIS,VA_INS_TECHCERT_NOTDIS,UCI_INS_TECHCERT_NOTDIS,LCI_INS_TECHCERT_NOTDIS,TALLPUP_1618_24,TALLPUP_1618_23,TALLPUP_1618_22,TALLPUP_ALEV_1618_24,TALLPUP_ALEV_1618_23,TALLPUP_ALEV_1618_22,TALLPPE_ALEV_1618_24,TALLPPE_ALEV_1618_23,TALLPPE_ALEV_1618_22,TALLPPEGRD_ALEV_1618_24,TALLPPEGRD_ALEV_1618_23,TALLPPEGRD_ALEV_1618_22,TALLPUP_ACAD_1618_24,TALLPUP_ACAD_1618_23,TALLPUP_ACAD_1618_22,TALLPPE_ACAD_1618_24,TALLPPE_ACAD_1618_23,TALLPPE_ACAD_1618_22,TALLPPEGRD_ACAD_1618_24,TALLPPEGRD_ACAD_1618_23,TALLPPEGRD_ACAD_1618_22,TALLPUP_AGEN_24,TALLPUP_AGEN_23,TALLPUP_AGEN_22,TALLPPE_AGEN_24,TALLPPE_AGEN_23,TALLPPE_AGEN_22,TALLPPEGRD_AGEN_24,TALLPPEGRD_AGEN_23,TALLPPEGRD_AGEN_22,TALLPUP_TLEV_24,TALLPUP_TLEV_23,TALLPUP_TLEV_22,TALLPPE_TLEV_24,TALLPPE_TLEV_23,TALLPPE_TLEV_22,TALLPPEGRD_TLEV_24,TALLPPEGRD_TLEV_23,TALLPPEGRD_TLEV_22,TALLPUP_TECHCERT_24,TALLPUP_TECHCERT_23,TALLPUP_TECHCERT_22,TALLPPE_TECHCERT_24,TALLPPE_TECHCERT_23,TALLPPE_TECHCERT_22,TALLPPEGRD_TECHCERT_24,TALLPPEGRD_TECHCERT_23,TALLPPEGRD_TECHCERT_22,T_AIMS_CA_24,T_AIMS_CA_23,T_AIMS_CA_22,T_SCOPEEX_E_24,T_SCOPEEX_E_23,T_SCOPEEX_E_22,PROGEX_E_24,PROGEX_E_23,PROGEX_E_22,T_SCOPEEX_M_24,T_SCOPEEX_M_23,T_SCOPEEX_M_22,PROGEX_M_24,PROGEX_M_23,PROGEX_M_22,ENTRIES_ALEV_24,ENTRIES_ALEV_23,ENTRIES_ALEV_22,VA_INS_ALEV_24,VA_INS_ALEV_23,VA_INS_ALEV_22,PROGRESS_BAND_ALEV_24,UCI_INS_ALEV_24,UCI_INS_ALEV_23,UCI_INS_ALEV_22,LCI_INS_ALEV_24,LCI_INS_ALEV_23,LCI_INS_ALEV_22,ENTRIES_ACAD_24,ENTRIES_ACAD_23,ENTRIES_ACAD_22,VA_INS_ACAD_24,VA_INS_ACAD_23,VA_INS_ACAD_22,PROGRESS_BAND_ACAD_24,UCI_INS_ACAD_24,UCI_INS_ACAD_23,UCI_INS_ACAD_22,LCI_INS_ACAD_24,LCI_INS_ACAD_23,LCI_INS_ACAD_22,ENTRIES_AGEN_24,ENTRIES_AGEN_23,ENTRIES_AGEN_22,VA_INS_AGEN_24,VA_INS_AGEN_23,VA_INS_AGEN_22,PROGRESS_BAND_AGEN_24,UCI_INS_AGEN_24,UCI_INS_AGEN_23,UCI_INS_AGEN_22,LCI_INS_AGEN_24,LCI_INS_AGEN_23,LCI_INS_AGEN_22,T_INSCOPE_ALEV_RET_24,T_INSCOPE_ALEV_RET_23,T_INSCOPE_ALEV_RET_22,PT_RETAINED_ALEV_RET_24,PT_RETAINED_ALEV_RET_23,PT_RETAINED_ALEV_RET_22,T_INSCOPE_ACAD_RET_24,T_INSCOPE_ACAD_RET_23,T_INSCOPE_ACAD_RET_22,PT_RETAINED_ACAD_RET_24,PT_RETAINED_ACAD_RET_23,PT_RETAINED_ACAD_RET_22,T_INSCOPE_AGEN_RET_24,T_INSCOPE_AGEN_RET_23,T_INSCOPE_AGEN_RET_22,PT_RETAINED_AGEN_RET_24,PT_RETAINED_AGEN_RET_23,PT_RETAINED_AGEN_RET_22,T_INSCOPE_TLEV_RET_24,T_INSCOPE_TLEV_RET_23,T_INSCOPE_TLEV_RET_22,PT_RETAINED_TLEV_RET_24,PT_RETAINED_TLEV_RET_23,PT_RETAINED_TLEV_RET_22,T_INSCOPE_TECHCERT_RET_24,T_INSCOPE_TECHCERT_RET_23,T_INSCOPE_TECHCERT_RET_22,PT_RETAINED_TECHCERT_RET_24,PT_RETAINED_TECHCERT_RET_23,PT_RETAINED_TECHCERT_RET_22,TALLPUP_1618_DIS_24,TALLPUP_1618_DIS_23,TALLPUP_1618_DIS_22,TALLPUP_ALEV_1618_DIS_24,TALLPUP_ALEV_1618_DIS_23,TALLPUP_ALEV_1618_DIS_22,TALLPPE_ALEV_1618_DIS_24,TALLPPE_ALEV_1618_DIS_23,TALLPPE_ALEV_1618_DIS_22,TALLPPEGRD_ALEV_DIS_24,TALLPPEGRD_ALEV_DIS_23,TALLPPEGRD_ALEV_DIS_22,TALLPUP_ACAD_1618_DIS_24,TALLPUP_ACAD_1618_DIS_23,TALLPUP_ACAD_1618_DIS_22,TALLPPE_ACAD_1618_DIS_24,TALLPPE_ACAD_1618_DIS_23,TALLPPE_ACAD_1618_DIS_22,TALLPPEGRD_ACAD_DIS_24,TALLPPEGRD_ACAD_DIS_23,TALLPPEGRD_ACAD_DIS_22,TALLPUP_AGEN_DIS_24,TALLPUP_AGEN_DIS_23,TALLPUP_AGEN_DIS_22,TALLPPE_AGEN_DIS_24,TALLPPE_AGEN_DIS_23,TALLPPE_AGEN_DIS_22,TALLPPEGRD_AGEN_DIS_24,TALLPPEGRD_AGEN_DIS_23,TALLPPEGRD_AGEN_DIS_22,TALLPUP_TLEV_DIS_24,TALLPUP_TLEV_DIS_23,TALLPUP_TLEV_DIS_22,TALLPPE_TLEV_DIS_24,TALLPPE_TLEV_DIS_23,TALLPPE_TLEV_DIS_22,TALLPPEGRD_TLEV_DIS_24,TALLPPEGRD_TLEV_DIS_23,TALLPPEGRD_TLEV_DIS_22,TALLPUP_TECHCERT_DIS_24,TALLPUP_TECHCERT_DIS_23,TALLPUP_TECHCERT_DIS_22,TALLPPE_TECHCERT_DIS_24,TALLPPE_TECHCERT_DIS_23,TALLPPE_TECHCERT_DIS_22,TALLPPEGRD_TECHCERT_DIS_24,TALLPPEGRD_TECHCERT_DIS_23,TALLPPEGRD_TECHCERT_DIS_22,T_SCOPEEX_E_DIS_24,T_SCOPEEX_E_DIS_23,T_SCOPEEX_E_DIS_22,PROGEX_E_DIS_24,PROGEX_E_DIS_23,PROGEX_E_DIS_22,T_SCOPEEX_M_DIS_24,T_SCOPEEX_M_DIS_23,T_SCOPEEX_M_DIS_22,PROGEX_M_DIS_24,PROGEX_M_DIS_23,PROGEX_M_DIS_22,ENTRIES_ALEV_DIS_24,ENTRIES_ALEV_DIS_23,ENTRIES_ALEV_DIS_22,VA_INS_ALEV_DIS_24,VA_INS_ALEV_DIS_23,VA_INS_ALEV_DIS_22,UCI_INS_ALEV_DIS_24,UCI_INS_ALEV_DIS_23,UCI_INS_ALEV_DIS_22,LCI_INS_ALEV_DIS_24,LCI_INS_ALEV_DIS_23,LCI_INS_ALEV_DIS_22,ENTRIES_ACAD_DIS_24,ENTRIES_ACAD_DIS_23,ENTRIES_ACAD_DIS_22,VA_INS_ACAD_DIS_24,VA_INS_ACAD_DIS_23,VA_INS_ACAD_DIS_22,UCI_INS_ACAD_DIS_24,UCI_INS_ACAD_DIS_23,UCI_INS_ACAD_DIS_22,LCI_INS_ACAD_DIS_24,LCI_INS_ACAD_DIS_23,LCI_INS_ACAD_DIS_22,ENTRIES_AGEN_DIS_24,ENTRIES_AGEN_DIS_23,ENTRIES_AGEN_DIS_22,VA_INS_AGEN_DIS_24,VA_INS_AGEN_DIS_23,VA_INS_AGEN_DIS_22,UCI_INS_AGEN_DIS_24,UCI_INS_AGEN_DIS_23,UCI_INS_AGEN_DIS_22,LCI_INS_AGEN_DIS_24,LCI_INS_AGEN_DIS_23,LCI_INS_AGEN_DIS_22,T_INSCOPE_ALEV_RET_DIS_24,T_INSCOPE_ALEV_RET_DIS_23,T_INSCOPE_ALEV_RET_DIS_22,PT_RETAINED_ALEV_RET_DIS_24,PT_RETAINED_ALEV_RET_DIS_23,PT_RETAINED_ALEV_RET_DIS_22,T_INSCOPE_ACAD_RET_DIS_24,T_INSCOPE_ACAD_RET_DIS_23,T_INSCOPE_ACAD_RET_DIS_22,PT_RETAINED_ACAD_RET_DIS_24,PT_RETAINED_ACAD_RET_DIS_23,PT_RETAINED_ACAD_RET_DIS_22,T_INSCOPE_AGEN_RET_DIS_24,T_INSCOPE_AGEN_RET_DIS_23,T_INSCOPE_AGEN_RET_DIS_22,PT_RETAINED_AGEN_RET_DIS_24,PT_RETAINED_AGEN_RET_DIS_23,PT_RETAINED_AGEN_RET_DIS_22,T_INSCOPE_TLEV_RET_DIS_24,T_INSCOPE_TLEV_RET_DIS_23,T_INSCOPE_TLEV_RET_DIS_22,PT_RETAINED_TLEV_RET_DIS_24,PT_RETAINED_TLEV_RET_DIS_23,PT_RETAINED_TLEV_RET_DIS_22,T_INSCOPE_TECHCERT_RET_DIS_24,T_INSCOPE_TECHCERT_RET_DIS_23,T_INSCOPE_TECHCERT_RET_DIS_22,PT_RETAINED_TECHCERT_RET_DIS_24,PT_RETAINED_TECHCERT_RET_DIS_23,PT_RETAINED_TECHCERT_RET_DIS_22,TALLPUP_1618_NOTDIS_24,TALLPUP_1618_NOTDIS_23,TALLPUP_1618_NOTDIS_22,TALLPUP_ALEV_1618_NOTDIS_24,TALLPUP_ALEV_1618_NOTDIS_23,TALLPUP_ALEV_1618_NOTDIS_22,TALLPPE_ALEV_1618_NOTDIS_24,TALLPPE_ALEV_1618_NOTDIS_23,TALLPPE_ALEV_1618_NOTDIS_22,TALLPPEGRD_ALEV_NOTDIS_24,TALLPPEGRD_ALEV_NOTDIS_23,TALLPPEGRD_ALEV_NOTDIS_22,TALLPUP_ACAD_1618_NOTDIS_24,TALLPUP_ACAD_1618_NOTDIS_23,TALLPUP_ACAD_1618_NOTDIS_22,TALLPPE_ACAD_1618_NOTDIS_24,TALLPPE_ACAD_1618_NOTDIS_23,TALLPPE_ACAD_1618_NOTDIS_22,TALLPPEGRD_ACAD_NOTDIS_24,TALLPPEGRD_ACAD_NOTDIS_23,TALLPPEGRD_ACAD_NOTDIS_22,TALLPUP_AGEN_NOTDIS_24,TALLPUP_AGEN_NOTDIS_23,TALLPUP_AGEN_NOTDIS_22,TALLPPE_AGEN_NOTDIS_24,TALLPPE_AGEN_NOTDIS_23,TALLPPE_AGEN_NOTDIS_22,TALLPPEGRD_AGEN_NOTDIS_24,TALLPPEGRD_AGEN_NOTDIS_23,TALLPPEGRD_AGEN_NOTDIS_22,TALLPUP_TLEV_NOTDIS_24,TALLPUP_TLEV_NOTDIS_23,TALLPUP_TLEV_NOTDIS_22,TALLPPE_TLEV_NOTDIS_24,TALLPPE_TLEV_NOTDIS_23,TALLPPE_TLEV_NOTDIS_22,TALLPPEGRD_TLEV_NOTDIS_24,TALLPPEGRD_TLEV_NOTDIS_23,TALLPPEGRD_TLEV_NOTDIS_22,TALLPUP_TECHCERT_NOTDIS_24,TALLPUP_TECHCERT_NOTDIS_23,TALLPUP_TECHCERT_NOTDIS_22,TALLPPE_TECHCERT_NOTDIS_24,TALLPPE_TECHCERT_NOTDIS_23,TALLPPE_TECHCERT_NOTDIS_22,TALLPPEGRD_TECHCERT_NOTDIS_24,TALLPPEGRD_TECHCERT_NOTDIS_23,TALLPPEGRD_TECHCERT_NOTDIS_22,T_SCOPEEX_E_NOTDIS_24,T_SCOPEEX_E_NOTDIS_23,T_SCOPEEX_E_NOTDIS_22,PROGEX_E_NOTDIS_24,PROGEX_E_NOTDIS_23,PROGEX_E_NOTDIS_22,T_SCOPEEX_M_NOTDIS_24,T_SCOPEEX_M_NOTDIS_23,T_SCOPEEX_M_NOTDIS_22,PROGEX_M_NOTDIS_24,PROGEX_M_NOTDIS_23,PROGEX_M_NOTDIS_22,ENTRIES_ALEV_NOTDIS_24,ENTRIES_ALEV_NOTDIS_23,ENTRIES_ALEV_NOTDIS_22,VA_INS_ALEV_NOTDIS_24,VA_INS_ALEV_NOTDIS_23,VA_INS_ALEV_NOTDIS_22,UCI_INS_ALEV_NOTDIS_24,UCI_INS_ALEV_NOTDIS_23,UCI_INS_ALEV_NOTDIS_22,LCI_INS_ALEV_NOTDIS_24,LCI_INS_ALEV_NOTDIS_23,LCI_INS_ALEV_NOTDIS_22,ENTRIES_ACAD_NOTDIS_24,ENTRIES_ACAD_NOTDIS_23,ENTRIES_ACAD_NOTDIS_22,VA_INS_ACAD_NOTDIS_24,VA_INS_ACAD_NOTDIS_23,VA_INS_ACAD_NOTDIS_22,UCI_INS_ACAD_NOTDIS_24,UCI_INS_ACAD_NOTDIS_23,UCI_INS_ACAD_NOTDIS_22,LCI_INS_ACAD_NOTDIS_24,LCI_INS_ACAD_NOTDIS_23,LCI_INS_ACAD_NOTDIS_22,ENTRIES_AGEN_NOTDIS_24,ENTRIES_AGEN_NOTDIS_23,ENTRIES_AGEN_NOTDIS_22,VA_INS_AGEN_NOTDIS_24,VA_INS_AGEN_NOTDIS_23,VA_INS_AGEN_NOTDIS_22,UCI_INS_AGEN_NOTDIS_24,UCI_INS_AGEN_NOTDIS_23,UCI_INS_AGEN_NOTDIS_22,LCI_INS_AGEN_NOTDIS_24,LCI_INS_AGEN_NOTDIS_23,LCI_INS_AGEN_NOTDIS_22,T_INSCOPE_ALEV_RET_NOTDIS_24,T_INSCOPE_ALEV_RET_NOTDIS_23,T_INSCOPE_ALEV_RET_NOTDIS_22,PT_RETAINED_ALEV_RET_NOTDIS_24,PT_RETAINED_ALEV_RET_NOTDIS_23,PT_RETAINED_ALEV_RET_NOTDIS_22,T_INSCOPE_ACAD_RET_NOTDIS_24,T_INSCOPE_ACAD_RET_NOTDIS_23,T_INSCOPE_ACAD_RET_NOTDIS_22,PT_RETAINED_ACAD_RET_NOTDIS_24,PT_RETAINED_ACAD_RET_NOTDIS_23,PT_RETAINED_ACAD_RET_NOTDIS_22,T_INSCOPE_AGEN_RET_NOTDIS_24,T_INSCOPE_AGEN_RET_NOTDIS_23,T_INSCOPE_AGEN_RET_NOTDIS_22,PT_RETAINED_AGEN_RET_NOTDIS_24,PT_RETAINED_AGEN_RET_NOTDIS_23,PT_RETAINED_AGEN_RET_NOTDIS_22,T_INSCOPE_TLEV_RET_NOTDIS_24,T_INSCOPE_TLEV_RET_NOTDIS_23,T_INSCOPE_TLEV_RET_NOTDIS_22,PT_RETAINED_TLEV_RET_NOTDIS_24,PT_RETAINED_TLEV_RET_NOTDIS_23,PT_RETAINED_TLEV_RET_NOTDIS_22,T_INSCOPE_TECHCERT_RET_NOTDIS_24,T_INSCOPE_TECHCERT_RET_NOTDIS_23,T_INSCOPE_TECHCERT_RET_NOTDIS_22,PT_RETAINED_TECHCERT_RET_NOTDIS_24,PT_RETAINED_TECHCERT_RET_NOTDIS_23,PT_RETAINED_TECHCERT_RET_NOTDIS_22
1,31132,25,4,919,4096,139036,E14001496,South West Hertfordshire,,Kings Langley School,Love Lane,,,Kings Langley,WD4 9HN,01923264504,0,ACC,Does not apply,NSE,OTHER NON SEL,MIXED,0,Nov-18,0,,,R,,171,73,66,29.9,C,66,29.85,C,66,4.50%,66,29.81,C,NE,NE,NE,NE,NE,NE,NE,NE,NE,NE,NE,NE,NE,1,SUPP,SUPP,66,33.30%,72,88.90%,88.90%,72,88.90%,72,88.90%,88.90%,72,88.90%,NE,NE,NE,NE,NE,NE,NE,NE,NE,NE,NE,NE,NE,NE,NE,NE,NE,NE,SUPP,SUPP,SUPP,SUPP,SUPP,SUPP,SUPP,NE,NE,NE,NE,NE,NE,NE,NE,NE,NE,SUPP,SUPP,SUPP,SUPP,NE,NE,NE,NE,NE,NE,NE,NE,NE,SUPP,SUPP,SUPP,SUPP,SUPP,SUPP,SUPP,NE,NE,NE,NE,NE,NE,NE,NE,SUPP,SUPP,SUPP,SUPP,SUPP,SUPP,NE,NE,NE,NE,NE,NE,NE,NE,NE,198,-0.18,-0.04,-0.33,4,215,-0.22,-0.07,-0.36,4,NE,NE,NE,NE,NA,NE,NE,NE,NE,NA,NE,NE,NE,NE,NA,9,-0.23,0.49,-0.95,10,-0.23,0.47,-0.93,NE,NE,NE,NE,NE,NE,NE,NE,NE,NE,NE,NE,189,-0.18,-0.03,-0.33,205,-0.22,-0.07,-0.36,NE,NE,NE,NE,NE,NE,NE,NE,NE,NE,NE,NE,76,86,74,65,83,71,30.61,31.43,37.06,C,C,B-,65,83,71,30.68,31.58,37.07,C,C,B-,NE,NE,NE,NE,NE,NE,NE,NE,NE,NE,NE,NE,NE,NE,NE,NE,NE,NE,NE,NE,NE,NE,NE,NE,NE,NE,NE,,,,,,,,,,,,,,,,197,,,-0.06,,,3,0.09,,,-0.2,,,203,,,-0.06,,,3,0.08,,,-0.21,,,NE,,,NE,,,,NE,,,NE,,,74,86,74,93.20%,96.50%,97.30%,74,86,74,93.20%,96.50%,97.30%,NE,NE,NE,NE,NE,NE,NE,NE,NE,NE,NE,NE,NE,NE,NE,NE,NE,NE,8,6,12,SUPP,6,11,SUPP,41.05,32.24,SUPP,B,C+,SUPP,6,11,SUPP,41.05,32.24,SUPP,B,C+,NE,NE,NE,NE,NE,NE,NE,NE,NE,NE,NE,NE,NE,NE,NE,NE,NE,NE,NE,NE,NE,NE,NE,NE,NE,NE,NE,,,,,,,,,,,,,15,,,0.54,,,1.09,,,-0.01,,,15,,,0.54,,,1.09,,,-0.01,,,NE,,,NE,,,NE,,,NE,,,8,6,12,75.00%,100.00%,100.00%,8,6,12,75.00%,100.00%,100.00%,NE,NE,NE,NE,NE,NE,NE,NE,NE,NE,NE,NE,NE,NE,NE,NE,NE,NE,68,78,62,SUPP,75,60,SUPP,30.57,37.96,SUPP,C,B-,SUPP,75,60,SUPP,30.75,37.94,SUPP,C,B-,NE,NE,NE,NE,NE,NE,NE,NE,NE,NE,NE,NE,NE,NE,NE,NE,NE,NE,NE,NE,NE,NE,NE,NE,NE,NE,NE,,,,,,,,,,,,,182,,,-0.11,,,0.04,,,-0.26,,,188,,,-0.11,,,0.04,,,-0.26,,,NE,,,NE,,,NE,,,NE,,,66,78,62,95.50%,96.20%,96.80%,66,78,62,95.50%,96.20%,96.80%,NE,NE,NE,NE,NE,NE,NE,NE,NE,NE,NE,NE,NE,NE,NE,NE,NE,NE
1,33320,25,4,919,5416,137156,E14001283,Hertford and Stortford,,Leventhorpe,Cambridge Road,,,Sawbridgeworth,CM21 9BY,01279836633,0,ACC,None,NSE,OTHER NON SEL,MIXED,0,Nov-18,0,,,R,,276,175,168,31.45,C,143,31.4,C,143,10.50%,169,31.55,C,71,35.29,Dist,NE,NE,NE,1,SUPP,71,100.00%,NE,NE,NE,1,SUPP,SUPP,169,35.50%,142,97.90%,97.20%,142,97.20%,142,97.90%,97.20%,142,97.20%,23,100.00%,95.70%,23,100.00%,NE,NE,NE,NE,NE,NE,NE,NE,NE,NE,NE,NE,NE,12,12,31.11,C,12,31.37,C,SUPP,SUPP,SUPP,NE,NE,NE,NE,NE,NE,NE,11,100.00%,11,100.00%,NE,NE,NE,NE,NE,NE,NE,NE,NE,162,156,31.48,C,157,31.56,C,SUPP,SUPP,SUPP,NE,NE,NE,NE,NE,SUPP,SUPP,131,97.70%,131,97.70%,22,100.00%,NE,NE,NE,NE,NE,NE,NE,472,-0.26,-0.16,-0.35,4,547,-0.25,-0.16,-0.34,4,82,-0.05,0.16,-0.25,3,NE,NE,NE,NE,NA,NE,NE,NE,NE,NA,36,-0.25,0.1,-0.59,42,-0.23,0.11,-0.56,SUPP,SUPP,SUPP,SUPP,NE,NE,NE,NE,NE,NE,NE,NE,436,-0.26,-0.16,-0.36,505,-0.25,-0.16,-0.35,SUPP,SUPP,SUPP,SUPP,NE,NE,NE,NE,NE,NE,NE,NE,182,110,125,172,100,114,29.81,28.51,33.44,C,C,C+,172,103,114,29.43,28.15,33.45,C,C-,C+,77,54,33,30.68,32.06,35.88,Dist-,Dist-,Dist,NE,8,5,NE,34.38,SUPP,NE,Dist,SUPP,NE,NE,NE,NE,NE,NE,NE,NE,NE,,,,,,,,,,,,,,,,472,,,-0.37,,,4,-0.27,,,-0.46,,,559,,,-0.41,,,4,-0.32,,,-0.5,,,96,,,-0.32,,,4,-0.13,,,-0.5,,,155,80,99,98.10%,95.00%,93.90%,155,80,99,98.10%,95.00%,93.90%,25,31,25,88.00%,90.30%,84.00%,NE,NE,NE,NE,NE,NE,NE,NE,NE,NE,NE,NE,11,11,6,8,10,6,25.6,28,27.65,C-,C-,C-,8,11,6,25.04,27.64,27.69,C-,C-,C-,SUPP,6,SUPP,SUPP,34.67,SUPP,SUPP,Dist,SUPP,NE,SUPP,NE,NE,SUPP,NE,NE,SUPP,NE,NE,NE,NE,NE,NE,NE,NE,NE,NE,,,,,,,,,,,,,25,,,-0.63,,,-0.19,,,-1.07,,,29,,,-0.66,,,-0.24,,,-1.09,,,SUPP,,,SUPP,,,SUPP,,,SUPP,,,9,8,6,88.90%,100.00%,100.00%,9,8,6,88.90%,100.00%,100.00%,SUPP,SUPP,NE,SUPP,SUPP,NE,NE,NE,NE,NE,NE,NE,NE,NE,NE,NE,NE,NE,171,98,119,164,89,108,30.04,28.59,33.79,C,C,C+,164,91,108,29.68,28.23,33.78,C,C-,C+,SUPP,47,SUPP,SUPP,31.83,SUPP,SUPP,Dist-,SUPP,NE,SUPP,SUPP,NE,SUPP,SUPP,NE,SUPP,SUPP,NE,NE,NE,NE,NE,NE,NE,NE,NE,,,,,,,,,,,,,447,,,-0.35,,,-0.26,,,-0.45,,,530,,,-0.39,,,-0.3,,,-0.49,,,SUPP,,,SUPP,,,SUPP,,,SUPP,,,146,71,93,98.60%,94.40%,93.50%,146,71,93,98.60%,94.40%,93.50%,SUPP,SUPP,25,SUPP,SUPP,84.00%,NE,NE,NE,NE,NE,NE,NE,NE,NE,NE,NE,NE
1,58460,25,4,919,4028,137270,E14001268,Harpenden and Berkhamsted,,Sir John Lawes School,Manland Way,,,Harpenden,AL5 4QP,01582760043,0,ACC,None,NSE,OTHER NON SEL,MIXED,0,Nov-18,0,,,R,,345,168,156,42.42,B+,120,43.58,B+,120,27.50%,156,42.59,B+,99,34.6,Dist,NE,NE,NE,NE,NE,99,100.00%,NE,NE,NE,5,SUPP,SUPP,160,35.00%,149,98.70%,98.70%,149,98.70%,149,98.70%,98.70%,149,98.70%,18,100.00%,100.00%,18,100.00%,NE,NE,NE,NE,NE,NE,NE,NE,NE,NE,NE,NE,NE,7,7,43.68,B+,7,43.78,B+,SUPP,SUPP,SUPP,NE,NE,NE,NE,NE,NE,NE,7,100.00%,7,100.00%,NE,NE,NE,NE,NE,NE,NE,NE,NE,161,149,42.37,B+,149,42.53,B+,SUPP,SUPP,SUPP,NE,NE,NE,NE,NE,SUPP,SUPP,142,98.60%,142,98.60%,18,100.00%,NE,NE,NE,NE,NE,NE,NE,433,0.18,0.28,0.08,2,450,0.19,0.29,0.09,2,139,0.1,0.27,-0.07,3,NE,NE,NE,NE,NA,NE,NE,NE,NE,NA,19,0.24,0.75,-0.26,20,0.24,0.74,-0.26,SUPP,SUPP,SUPP,SUPP,NE,NE,NE,NE,NE,NE,NE,NE,414,0.18,0.28,0.08,430,0.19,0.29,0.08,SUPP,SUPP,SUPP,SUPP,NE,NE,NE,NE,NE,NE,NE,NE,176,174,173,163,165,155,40.84,38.71,43.16,B,B,B+,164,165,155,41.08,38.94,43.16,B,B,B+,97,90,44,32.77,34.68,37.74,Dist-,Dist,Dist+,NE,NE,NE,NE,NE,NE,NE,NE,NE,NE,NE,NE,NE,NE,NE,NE,NE,NE,,,,,,,,,,,,,,,,470,,,0.14,,,2,0.23,,,0.04,,,493,,,0.14,,,2,0.24,,,0.05,,,115,,,0.1,,,3,0.29,,,-0.09,,,162,165,156,98.10%,98.20%,98.70%,162,165,156,98.10%,98.20%,98.70%,13,9,16,76.90%,100.00%,93.80%,NE,NE,NE,NE,NE,NE,NE,NE,NE,NE,NE,NE,9,6,13,6,6,9,47.22,23.53,42.69,A-,D+,B+,6,6,9,47.22,23.53,42.69,A-,D+,B+,SUPP,SUPP,SUPP,SUPP,SUPP,SUPP,SUPP,SUPP,SUPP,NE,NE,NE,NE,NE,NE,NE,NE,NE,NE,NE,NE,NE,NE,NE,NE,NE,NE,,,,,,,,,,,,,18,,,0.82,,,1.34,,,0.3,,,18,,,0.82,,,1.34,,,0.3,,,SUPP,,,SUPP,,,SUPP,,,SUPP,,,7,6,10,85.70%,100.00%,90.00%,7,6,10,85.70%,100.00%,90.00%,SUPP,NE,SUPP,SUPP,NE,SUPP,NE,NE,NE,NE,NE,NE,NE,NE,NE,NE,NE,NE,166,167,158,156,158,144,40.61,39.1,43.06,B,B,B+,157,158,144,40.87,39.33,43.06,B,B,B+,SUPP,SUPP,SUPP,SUPP,SUPP,SUPP,SUPP,SUPP,SUPP,NE,NE,NE,NE,NE,NE,NE,NE,NE,NE,NE,NE,NE,NE,NE,NE,NE,NE,,,,,,,,,,,,,452,,,0.11,,,0.21,,,0.01,,,475,,,0.12,,,0.21,,,0.02,,,SUPP,,,SUPP,,,SUPP,,,SUPP,,,154,158,144,98.70%,98.10%,99.30%,154,158,144,98.70%,98.10%,99.30%,SUPP,9,SUPP,SUPP,100.00%,SUPP,NE,NE,NE,NE,NE,NE,NE,NE,NE,NE,NE,NE
1,51982,25,4,919,5413,137895,E14001516,Stevenage,,The Saint John Henry Newman Catholic School,Hitchin Road,,,Stevenage,SG1 4AE,01438314643,0,ACC,Roman Catholic,NSE,OTHER NON SEL,MIXED,0,Nov-18,0,,,R,,399,208,184,37.08,B-,145,37.13,B-,145,15.20%,184,37.09,B-,41,32.77,Dist-,10,33.5,Dist,20,50.00%,50,82.00%,2,SUPP,SUPP,8,0.5,100.00%,192,32.80%,169,97.00%,97.00%,169,97.00%,169,97.00%,97.00%,169,97.00%,31,77.40%,74.20%,31,77.40%,3,SUPP,SUPP,3,SUPP,NE,NE,NE,NE,NE,NE,NE,NE,12,10,28.48,C,10,28.48,C,SUPP,SUPP,SUPP,NE,NE,NE,SUPP,SUPP,SUPP,SUPP,7,85.70%,7,85.70%,SUPP,SUPP,NE,NE,NE,NE,NE,NE,NE,194,172,37.37,B-,172,37.38,B-,SUPP,SUPP,SUPP,10,33.5,Dist,SUPP,SUPP,SUPP,SUPP,160,97.50%,160,97.50%,SUPP,SUPP,SUPP,SUPP,NE,NE,NE,NE,NE,490,0.09,0.18,-0.01,3,499,0.09,0.18,-0.01,3,50,0.28,0.51,0.05,2,10,0.35,0.87,-0.17,3,NE,NE,NE,NE,NA,19,-0.24,0.27,-0.76,19,-0.24,0.27,-0.76,SUPP,SUPP,SUPP,SUPP,NE,NE,NE,NE,NE,NE,NE,NE,471,0.1,0.19,0,480,0.1,0.19,0,SUPP,SUPP,SUPP,SUPP,10,0.35,0.88,-0.17,NE,NE,NE,NE,199,211,206,167,183,173,34.96,36.12,39.82,C+,B-,B,167,183,173,35.02,36.11,39.82,B-,B-,B,51,47,63,29.5,31.96,33.37,Merit+,Dist-,Dist,9,4,16,40,SUPP,38.75,Dist+,SUPP,Dist+,NE,NE,NE,NE,NE,NE,NE,NE,NE,,,,,,,,,,,,,,,,427,,,-0.02,,,3,0.08,,,-0.12,,,442,,,-0.02,,,3,0.08,,,-0.12,,,64,,,0.04,,,3,0.25,,,-0.17,,,151,172,148,95.40%,97.10%,98.60%,151,172,148,95.40%,97.10%,98.60%,35,29,50,88.60%,86.20%,96.00%,6,2,2,100.00%,SUPP,SUPP,NE,NE,NE,NE,NE,NE,11,10,24,7,9,19,30.65,30.54,32.73,C,C,C+,7,9,19,30.65,30.54,32.73,C,C,C+,SUPP,SUPP,9,SUPP,SUPP,30.63,SUPP,SUPP,Dist-,SUPP,NE,SUPP,SUPP,NE,SUPP,SUPP,NE,SUPP,NE,NE,NE,NE,NE,NE,NE,NE,NE,,,,,,,,,,,,,11,,,-0.2,,,0.43,,,-0.83,,,11,,,-0.2,,,0.43,,,-0.83,,,SUPP,,,SUPP,,,SUPP,,,SUPP,,,7,7,12,85.70%,100.00%,100.00%,7,7,12,85.70%,100.00%,100.00%,SUPP,SUPP,9,SUPP,SUPP,88.90%,SUPP,NE,SUPP,SUPP,NE,SUPP,NE,NE,NE,NE,NE,NE,187,200,181,159,173,154,35.12,36.51,40.6,B-,B-,B,159,173,154,35.18,36.5,40.6,B-,B-,B,SUPP,SUPP,53,SUPP,SUPP,33.89,SUPP,SUPP,Dist,SUPP,SUPP,SUPP,SUPP,SUPP,SUPP,SUPP,SUPP,SUPP,NE,NE,NE,NE,NE,NE,NE,NE,NE,,,,,,,,,,,,,416,,,-0.02,,,0.09,,,-0.12,,,431,,,-0.01,,,0.09,,,-0.12,,,SUPP,,,SUPP,,,SUPP,,,SUPP,,,143,164,136,95.80%,97.00%,98.50%,143,164,136,95.80%,97.00%,98.50%,SUPP,SUPP,41,SUPP,SUPP,97.60%,SUPP,SUPP,SUPP,SUPP,SUPP,SUPP,NE,NE,NE,NE,NE,NE
1,43842,25,4,919,5404,136899,E14001496,South West Hertfordshire,,Parmiter's School,High Elms Lane,Garston,,Watford,WD25 0UU,01923671424,0,ACC,None,NSE,OTHER NON SEL,MIXED,0,Nov-18,0,,,R,,393,195,193,40.58,B,193,40.55,B,193,23.80%,193,40.92,B,NE,NE,NE,NE,NE,NE,NE,NE,NE,NE,NE,NE,NE,NE,NE,NE,190,50.00%,196,98.50%,98.50%,196,98.50%,196,98.50%,98.50%,196,98.50%,NE,NE,NE,NE,NE,NE,NE,NE,NE,NE,NE,NE,NE,NE,NE,NE,NE,NE,8,8,30.42,C,8,30.53,C,NE,NE,NE,NE,NE,NE,NE,NE,NE,NE,8,100.00%,8,100.00%,NE,NE,NE,NE,NE,NE,NE,NE,NE,184,182,41.02,B,182,41.36,B,NE,NE,NE,NE,NE,NE,NE,NE,NE,NE,185,98.40%,185,98.40%,NE,NE,NE,NE,NE,NE,NE,NE,NE,590,0.04,0.13,-0.04,3,642,0.06,0.15,-0.02,3,NE,NE,NE,NE,NA,NE,NE,NE,NE,NA,NE,NE,NE,NE,NA,24,-0.4,0.05,-0.84,25,-0.39,0.05,-0.83,NE,NE,NE,NE,NE,NE,NE,NE,NE,NE,NE,NE,566,0.06,0.15,-0.03,617,0.08,0.17,-0.01,NE,NE,NE,NE,NE,NE,NE,NE,NE,NE,NE,NE,192,186,196,187,184,193,42.51,41.73,46.28,B+,B+,A-,187,184,193,42.51,41.92,46.37,B+,B+,A-,NE,NE,NE,NE,NE,NE,NE,NE,NE,NE,NE,NE,NE,NE,NE,NE,NE,NE,NE,NE,NE,NE,NE,NE,NE,NE,NE,,,,,,,,,,,,,,,,566,,,0.11,,,2,0.2,,,0.02,,,566,,,0.11,,,2,0.2,,,0.02,,,NE,,,NE,,,,NE,,,NE,,,191,186,195,97.90%,98.90%,99.00%,191,186,195,97.90%,98.90%,99.00%,NE,NE,NE,NE,NE,NE,NE,NE,NE,NE,NE,NE,NE,NE,NE,NE,NE,NE,SUPP,SUPP,9,SUPP,SUPP,9,SUPP,SUPP,41.48,SUPP,SUPP,B,SUPP,SUPP,9,SUPP,SUPP,41.47,SUPP,SUPP,B,NE,NE,NE,NE,NE,NE,NE,NE,NE,NE,NE,NE,NE,NE,NE,NE,NE,NE,NE,NE,NE,NE,NE,NE,NE,NE,NE,,,,,,,,,,,,,15,,,-0.81,,,-0.25,,,-1.37,,,15,,,-0.81,,,-0.25,,,-1.37,,,NE,,,NE,,,NE,,,NE,,,SUPP,SUPP,9,SUPP,SUPP,100.00%,SUPP,SUPP,9,SUPP,SUPP,100.00%,NE,NE,NE,NE,NE,NE,NE,NE,NE,NE,NE,NE,NE,NE,NE,NE,NE,NE,SUPP,SUPP,184,SUPP,SUPP,181,SUPP,SUPP,46.65,SUPP,SUPP,A-,SUPP,SUPP,181,SUPP,SUPP,46.75,SUPP,SUPP,A-,NE,NE,NE,NE,NE,NE,NE,NE,NE,NE,NE,NE,NE,NE,NE,NE,NE,NE,NE,NE,NE,NE,NE,NE,NE,NE,NE,,,,,,,,,,,,,551,,,0.14,,,0.23,,,0.05,,,551,,,0.14,,,0.23,,,0.05,,,NE,,,NE,,,NE,,,NE,,,SUPP,SUPP,183,SUPP,SUPP,98.90%,SUPP,SUPP,183,SUPP,SUPP,98.90%,NE,NE,NE,NE,NE,NE,NE,NE,NE,NE,NE,NE,NE,NE,NE,NE,NE,NE
1,25982,25,4,919,4005,149500,E14001278,Hemel Hempstead,,The Hemel Hempstead School,Heath Lane,,"The Hemel Hempstead School, Heath Lane",Hemel Hempstead,HP1 1TX,01442390100,0,ACC,Does not apply,NSE,OTHER NON SEL,MIXED,0,Nov-18,0,,,R,,213,117,110,32.78,C+,94,33.26,C+,94,12.80%,110,32.67,C+,17,24.78,Merit,NE,NE,NE,NE,NE,17,100.00%,1,SUPP,SUPP,6,0.5,100.00%,105,23.80%,111,97.30%,96.40%,111,96.40%,111,97.30%,96.40%,111,96.40%,5,SUPP,SUPP,5,SUPP,NE,NE,NE,NE,NE,NE,NE,NE,NE,NE,NE,NE,NE,13,11,29.67,C,11,29.87,C,SUPP,SUPP,SUPP,NE,NE,NE,NE,NE,SUPP,SUPP,12,91.70%,12,91.70%,SUPP,SUPP,NE,NE,NE,NE,NE,NE,NE,103,99,33.11,C+,99,32.97,C+,SUPP,SUPP,SUPP,NE,NE,NE,SUPP,SUPP,SUPP,SUPP,99,98.00%,99,98.00%,SUPP,SUPP,NE,NE,NE,NE,NE,NE,NE,318,0.07,0.18,-0.05,3,337,0.06,0.17,-0.05,3,21,-0.41,-0.07,-0.75,4,NE,NE,NE,NE,NA,NE,NE,NE,NE,NA,30,0.03,0.42,-0.37,32,0.02,0.41,-0.37,SUPP,SUPP,SUPP,SUPP,NE,NE,NE,NE,NE,NE,NE,NE,288,0.07,0.19,-0.05,305,0.06,0.18,-0.05,SUPP,SUPP,SUPP,SUPP,NE,NE,NE,NE,NE,NE,NE,NE,123,135,123,116,123,121,30.9,33.06,37.14,C,C+,B-,116,123,121,30.75,33.05,37.18,C,C+,B-,30,20,22,30.85,27.69,29.33,Dist-,Merit+,Merit+,NE,NE,NE,NE,NE,NE,NE,NE,NE,NE,NE,NE,NE,NE,NE,NE,NE,NE,,,,,,,,,,,,,,,,329,,,-0.05,,,3,0.06,,,-0.16,,,354,,,-0.05,,,3,0.06,,,-0.16,,,30,,,0.03,,,3,0.31,,,-0.25,,,120,126,118,95.00%,96.00%,98.30%,120,126,118,95.00%,96.00%,98.30%,3,5,5,SUPP,SUPP,SUPP,NE,NE,NE,NE,NE,NE,NE,NE,NE,NE,NE,NE,9,11,13,9,8,12,26.98,36.52,30.59,C-,B-,C,9,8,12,27.05,36.17,30.84,C-,B-,C,SUPP,SUPP,SUPP,SUPP,SUPP,SUPP,SUPP,SUPP,SUPP,NE,NE,NE,NE,NE,NE,NE,NE,NE,NE,NE,NE,NE,NE,NE,NE,NE,NE,,,,,,,,,,,,,27,,,-0.32,,,0.09,,,-0.73,,,30,,,-0.27,,,0.12,,,-0.67,,,SUPP,,,SUPP,,,SUPP,,,SUPP,,,9,10,13,100.00%,80.00%,92.30%,9,10,13,100.00%,80.00%,92.30%,NE,SUPP,NE,NE,SUPP,NE,NE,NE,NE,NE,NE,NE,NE,NE,NE,NE,NE,NE,114,122,110,107,113,109,31.24,32.83,37.88,C,C+,B-,107,113,109,31.09,32.83,37.89,C,C+,B-,SUPP,SUPP,SUPP,SUPP,SUPP,SUPP,SUPP,SUPP,SUPP,NE,NE,NE,NE,NE,NE,NE,NE,NE,NE,NE,NE,NE,NE,NE,NE,NE,NE,,,,,,,,,,,,,302,,,-0.02,,,0.09,,,-0.14,,,324,,,-0.03,,,0.09,,,-0.14,,,SUPP,,,SUPP,,,SUPP,,,SUPP,,,111,114,105,94.60%,97.40%,99.00%,111,114,105,94.60%,97.40%,99.00%,SUPP,SUPP,SUPP,SUPP,SUPP,SUPP,NE,NE,NE,NE,NE,NE,NE,NE,NE,NE,NE,NE
1,22254,25,4,919,5415,137532,E14001139,Broxbourne,,Goffs Academy,Goffs Lane,Cheshunt,,Waltham Cross,EN7 5QW,01992661456,0,ACC,None,NSE,OTHER NON SEL,MIXED,0,Nov-18,0,,,R,,401,217,174,35.6,B-,104,37.63,B-,104,14.40%,174,35.63,B-,111,29.42,Merit+,NE,NE,NE,1,SUPP,111,100.00%,7,1,100.00%,15,0.33,100.00%,196,27.60%,141,97.90%,97.90%,141,97.90%,141,97.90%,97.90%,141,97.90%,72,97.20%,97.20%,72,97.20%,NE,NE,NE,NE,NE,NE,NE,NE,NE,NE,NE,NE,NE,28,17,32.37,C+,17,32.64,C+,16,28.18,Merit+,NE,NE,NE,SUPP,SUPP,SUPP,SUPP,16,87.50%,16,87.50%,10,100.00%,NE,NE,NE,NE,NE,NE,NE,187,157,35.93,B-,157,35.94,B-,95,29.66,Merit+,NE,NE,NE,SUPP,SUPP,SUPP,SUPP,125,99.20%,125,99.20%,62,96.80%,NE,NE,NE,NE,NE,NE,NE,417,-0.04,0.06,-0.14,3,424,-0.04,0.06,-0.14,3,208,-0.02,0.1,-0.14,3,NE,NE,NE,NE,NA,NE,NE,NE,NE,NA,39,-0.08,0.27,-0.42,41,-0.06,0.27,-0.4,33,-0.21,0.09,-0.51,NE,NE,NE,NE,NE,NE,NE,NE,378,-0.03,0.07,-0.14,383,-0.03,0.07,-0.14,175,0.02,0.15,-0.11,NE,NE,NE,NE,NE,NE,NE,NE,176,188,174,142,154,143,32.48,32.05,38.08,C+,C+,B-,142,154,143,32.5,32.1,38.09,C+,C+,B-,92,82,77,29.6,30.93,31.79,Merit+,Dist-,Dist-,NE,NE,NE,NE,NE,NE,NE,NE,NE,NE,NE,NE,NE,NE,NE,NE,NE,NE,,,,,,,,,,,,,,,,337,,,-0.21,,,4,-0.1,,,-0.32,,,343,,,-0.22,,,4,-0.11,,,-0.33,,,167,,,-0.12,,,3,0.02,,,-0.25,,,120,134,120,95.80%,94.80%,97.50%,120,134,120,95.80%,94.80%,97.50%,58,54,50,91.40%,81.50%,90.00%,NE,NE,NE,NE,NE,NE,NE,NE,NE,NE,NE,NE,28,34,22,20,23,15,30,29.35,35.08,C,C,B-,20,23,15,30,29.35,35.03,C,C,B-,15,19,12,26.07,28.39,30.71,Merit,Merit+,Dist-,NE,NE,NE,NE,NE,NE,NE,NE,NE,NE,NE,NE,NE,NE,NE,NE,NE,NE,,,,,,,,,,,,,42,,,-0.18,,,0.15,,,-0.51,,,42,,,-0.18,,,0.15,,,-0.51,,,27,,,-0.26,,,0.07,,,-0.59,,,18,18,10,88.90%,94.40%,100.00%,18,18,10,88.90%,94.40%,100.00%,10,16,11,90.00%,81.30%,81.80%,NE,NE,NE,NE,NE,NE,NE,NE,NE,NE,NE,NE,148,152,151,122,129,128,32.86,32.73,38.38,C+,C+,B,122,129,128,32.89,32.77,38.4,C+,C+,B,77,62,65,30.3,31.68,32,Dist-,Dist-,Dist-,NE,NE,NE,NE,NE,NE,NE,NE,NE,NE,NE,NE,NE,NE,NE,NE,NE,NE,,,,,,,,,,,,,295,,,-0.22,,,-0.1,,,-0.34,,,301,,,-0.22,,,-0.11,,,-0.34,,,140,,,-0.09,,,0.06,,,-0.24,,,102,115,110,97.10%,94.80%,97.30%,102,115,110,97.10%,94.80%,97.30%,48,37,39,91.70%,81.10%,92.30%,NE,NE,NE,NE,NE,NE,NE,NE,NE,NE,NE,NE
1,26324,25,4,919,8021,130722,E14001283,Hertford and Stortford,,Hertford Regional College,Scotts Road,,,Ware,SG12 9JF,01992411400,0,General Further Education College,Does not apply,NA,NA,MIXED,0,16-99,0,,,R,,2525,1093,1,SUPP,SUPP,NE,NE,NE,NE,NE,2,SUPP,SUPP,216,26.9,Merit+,36,27.15,Merit+,217,16.60%,400,56.30%,350,0.2,84.30%,469,0.24,87.20%,186,0.00%,NE,NE,NE,NE,NE,NE,NE,NE,NE,NE,245,93.50%,84.10%,238,76.90%,48,87.50%,70.80%,47,83.00%,7,5.43,L2Pass+,28,78.60%,25.00%,356,2.00%,304,NE,NE,NE,NE,NE,NE,44,24.21,Merit,11,30.19,Dist-,125,0.09,158,0.22,NE,NE,NE,NE,53,92.50%,15,80.00%,SUPP,SUPP,SUPP,16,68.80%,756,SUPP,SUPP,SUPP,SUPP,SUPP,SUPP,170,27.6,Merit+,25,25.55,Merit,224,0.25,309,0.24,NE,NE,NE,NE,189,94.70%,33,90.90%,SUPP,SUPP,SUPP,12,91.70%,SUPP,SUPP,SUPP,SUPP,NA,SUPP,SUPP,SUPP,SUPP,NA,224,-0.05,0.08,-0.19,3,36,0.28,0.62,-0.06,3,6,-0.45,0.58,-1.48,3,NE,NE,NE,NE,NE,NE,NE,NE,45,-0.2,0.11,-0.52,11,0.46,1.06,-0.14,SUPP,SUPP,SUPP,SUPP,SUPP,SUPP,SUPP,SUPP,SUPP,SUPP,SUPP,SUPP,179,-0.01,0.14,-0.16,25,0.19,0.6,-0.23,SUPP,SUPP,SUPP,SUPP,945,889,939,1,NE,1,SUPP,NE,SUPP,SUPP,NE,SUPP,1,NE,1,SUPP,NE,SUPP,SUPP,NE,SUPP,179,130,148,24.47,26.04,26.91,Merit,Merit,Merit+,55,68,52,23.16,23.91,21.75,Merit-,Merit,Merit-,2,2,2,SUPP,SUPP,SUPP,SUPP,SUPP,SUPP,,,,,,,,,,,,,,,,SUPP,,,SUPP,,,,SUPP,,,SUPP,,,SUPP,,,SUPP,,,,SUPP,,,SUPP,,,92,,,0.03,,,3,0.24,,,-0.19,,,NE,NE,NE,NE,NE,NE,NE,NE,NE,NE,NE,NE,204,176,196,92.20%,93.20%,95.90%,66,86,96,92.40%,93.00%,90.60%,23,8,11,100.00%,100.00%,81.80%,298,292,287,NE,NE,NE,NE,NE,NE,NE,NE,NE,NE,NE,NE,NE,NE,NE,NE,NE,NE,49,37,32,20.29,25.49,22.49,Merit-,Merit,Merit-,14,17,19,24.04,19.06,17.93,Merit,Pass+,Pass+,NE,NE,NE,NE,NE,NE,NE,NE,NE,,,,,,,,,,,,,NE,,,NE,,,NE,,,NE,,,NE,,,NE,,,NE,,,NE,,,15,,,-0.3,,,0.19,,,-0.79,,,NE,NE,NE,NE,NE,NE,NE,NE,NE,NE,NE,NE,55,54,52,94.50%,88.90%,94.20%,18,22,31,94.40%,90.90%,96.80%,8,SUPP,SUPP,100.00%,SUPP,SUPP,627,584,646,SUPP,NE,SUPP,SUPP,NE,SUPP,SUPP,NE,SUPP,SUPP,NE,SUPP,SUPP,NE,SUPP,SUPP,NE,SUPP,129,92,116,25.85,26.27,28.14,Merit,Merit,Merit+,41,51,32,22.89,25.44,24.66,Merit-,Merit,Merit,SUPP,SUPP,SUPP,SUPP,SUPP,SUPP,SUPP,SUPP,SUPP,,,,,,,,,,,,,SUPP,,,SUPP,,,SUPP,,,SUPP,,,SUPP,,,SUPP,,,SUPP,,,SUPP,,,77,,,0.09,,,0.33,,,-0.15,,,NE,NE,NE,NE,NE,NE,NE,NE,NE,NE,NE,NE,148,121,144,91.20%,95.00%,96.50%,48,64,64,91.70%,93.80%,87.50%,14,SUPP,SUPP,100.00%,SUPP,SUPP
1,60096,25,4,919,4014,137847,E14001573,Welwyn Hatfield,,Stanborough School,Lemsford Lane,,,Welwyn Garden City,AL8 6YR,01707321755,0,ACC,Does not apply,NSE,OTHER NON SEL,MIXED,0,Nov-18,0,,,R,,180,95,90,36.14,B-,63,37.94,B-,63,19.00%,90,36.25,B-,44,31.51,Dist-,NE,NE,NE,NE,NE,44,100.00%,NE,NE,NE,1,SUPP,SUPP,90,41.10%,80,98.80%,98.80%,79,97.50%,80,98.80%,98.80%,79,97.50%,15,86.70%,66.70%,15,86.70%,NE,NE,NE,NE,NE,NE,NE,NE,NE,NE,NE,NE,NE,SUPP,SUPP,SUPP,SUPP,SUPP,SUPP,SUPP,SUPP,SUPP,SUPP,NE,NE,NE,NE,NE,NE,NE,SUPP,SUPP,SUPP,SUPP,NE,NE,NE,NE,NE,NE,NE,NE,NE,SUPP,SUPP,SUPP,SUPP,SUPP,SUPP,SUPP,SUPP,SUPP,SUPP,NE,NE,NE,NE,NE,SUPP,SUPP,SUPP,SUPP,SUPP,SUPP,15,86.70%,NE,NE,NE,NE,NE,NE,NE,227,-0.04,0.1,-0.18,3,245,-0.04,0.1,-0.17,3,59,-0.17,0.04,-0.37,3,NE,NE,NE,NE,NA,NE,NE,NE,NE,NA,10,0.51,1.21,-0.18,11,0.51,1.18,-0.17,SUPP,SUPP,SUPP,SUPP,NE,NE,NE,NE,NE,NE,NE,NE,217,-0.07,0.07,-0.21,234,-0.06,0.08,-0.2,SUPP,SUPP,SUPP,SUPP,NE,NE,NE,NE,NE,NE,NE,NE,73,91,66,58,82,58,36.67,36.79,40.96,B-,B-,B,58,82,58,36.58,36.86,41.11,B-,B-,B,34,35,16,33.09,33.17,36.88,Dist-,Dist-,Dist+,NE,NE,1,NE,NE,SUPP,NE,NE,SUPP,NE,NE,NE,NE,NE,NE,NE,NE,NE,,,,,,,,,,,,,,,,150,,,0.19,,,2,0.36,,,0.02,,,160,,,0.19,,,2,0.36,,,0.03,,,40,,,0.12,,,3,0.37,,,-0.12,,,64,83,56,87.50%,92.80%,92.90%,64,83,56,87.50%,92.80%,92.90%,9,9,10,66.70%,88.90%,80.00%,NE,NE,NE,NE,NE,NE,NE,NE,NE,NE,NE,NE,8,11,SUPP,6,8,SUPP,41.03,39.09,SUPP,B,B,SUPP,6,8,SUPP,41.03,39.24,SUPP,B,B,SUPP,SUPP,SUPP,SUPP,SUPP,SUPP,SUPP,SUPP,SUPP,SUPP,NE,NE,NE,NE,NE,NE,NE,NE,NE,NE,NE,NE,NE,NE,NE,NE,NE,NE,,,,,,,,,,,,,15,,,0.5,,,1.1,,,-0.1,,,15,,,0.5,,,1.1,,,-0.1,,,SUPP,,,SUPP,,,SUPP,,,SUPP,,,7,10,SUPP,85.70%,80.00%,SUPP,7,10,SUPP,85.70%,80.00%,SUPP,SUPP,SUPP,SUPP,SUPP,SUPP,SUPP,NE,NE,NE,NE,NE,NE,NE,NE,NE,NE,NE,NE,64,80,SUPP,51,74,SUPP,36.22,36.56,SUPP,B-,B-,SUPP,51,74,SUPP,36.14,36.61,SUPP,B-,B-,SUPP,SUPP,SUPP,SUPP,SUPP,SUPP,SUPP,SUPP,SUPP,SUPP,NE,NE,SUPP,NE,NE,SUPP,NE,NE,SUPP,NE,NE,NE,NE,NE,NE,NE,NE,NE,,,,,,,,,,,,,135,,,0.16,,,0.34,,,-0.02,,,145,,,0.16,,,0.34,,,-0.01,,,SUPP,,,SUPP,,,SUPP,,,SUPP,,,56,73,SUPP,87.50%,94.50%,SUPP,56,73,SUPP,87.50%,94.50%,SUPP,SUPP,SUPP,SUPP,SUPP,SUPP,SUPP,NE,NE,NE,NE,NE,NE,NE,NE,NE,NE,NE,NE
1,29856,25,4,919,4619,149743,E14001278,Hemel Hempstead,,John F Kennedy Catholic School,Hollybush Lane,,,Hemel Hempstead,HP1 2PH,01442266150,0,ACC,Roman Catholic,NSE,OTHER NON SEL,MIXED,0,Nov-18,0,,,R,,179,86,76,32.12,C+,63,32.75,C+,63,7.90%,76,32.04,C+,17,32.04,Dist-,NE,NE,NE,NE,NE,17,100.00%,1,SUPP,SUPP,2,SUPP,SUPP,78,51.30%,78,96.20%,94.90%,78,96.20%,78,96.20%,94.90%,78,96.20%,8,87.50%,75.00%,8,75.00%,NE,NE,NE,NE,NE,NE,NE,NE,NE,NE,NE,NE,NE,SUPP,SUPP,SUPP,SUPP,SUPP,SUPP,SUPP,SUPP,SUPP,SUPP,NE,NE,NE,NE,NE,NE,NE,SUPP,SUPP,SUPP,SUPP,NE,NE,NE,NE,NE,NE,NE,NE,NE,SUPP,SUPP,SUPP,SUPP,SUPP,SUPP,SUPP,SUPP,SUPP,SUPP,NE,NE,NE,SUPP,SUPP,SUPP,SUPP,SUPP,SUPP,SUPP,SUPP,8,87.50%,NE,NE,NE,NE,NE,NE,NE,213,0.04,0.18,-0.11,3,249,0.02,0.15,-0.12,3,22,0.17,0.52,-0.19,3,NE,NE,NE,NE,NA,NE,NE,NE,NE,NA,11,-0.34,0.32,-1.01,13,-0.42,0.21,-1.06,SUPP,SUPP,SUPP,SUPP,NE,NE,NE,NE,NE,NE,NE,NE,202,0.06,0.2,-0.09,236,0.04,0.18,-0.1,SUPP,SUPP,SUPP,SUPP,NE,NE,NE,NE,NE,NE,NE,NE,121,105,88,113,96,87,33.12,29.84,36.81,C+,C,B-,113,96,87,33.09,29.81,36.9,C+,C,B-,17,11,7,24.57,18.96,35,Merit,Pass+,Dist,NE,NE,NE,NE,NE,NE,NE,NE,NE,NE,NE,NE,NE,NE,NE,NE,NE,NE,,,,,,,,,,,,,,,,316,,,0.2,,,2,0.32,,,0.09,,,342,,,0.21,,,2,0.32,,,0.09,,,20,,,-0.67,,,5,-0.31,,,-1.03,,,107,93,81,98.10%,97.80%,100.00%,107,93,81,98.10%,97.80%,100.00%,13,11,7,92.30%,81.80%,100.00%,NE,NE,NE,NE,NE,NE,NE,NE,NE,NE,NE,NE,9,13,8,8,10,8,31.3,18.55,28.16,C,D,C-,8,10,8,31.28,18.17,28.31,C,D-,C-,SUPP,SUPP,NE,SUPP,SUPP,NE,SUPP,SUPP,NE,NE,NE,NE,NE,NE,NE,NE,NE,NE,NE,NE,NE,NE,NE,NE,NE,NE,NE,,,,,,,,,,,,,23,,,-0.06,,,0.38,,,-0.51,,,24,,,-0.06,,,0.38,,,-0.5,,,SUPP,,,SUPP,,,SUPP,,,SUPP,,,9,11,8,100.00%,81.80%,100.00%,9,11,8,100.00%,81.80%,100.00%,NE,SUPP,NE,NE,SUPP,NE,NE,NE,NE,NE,NE,NE,NE,NE,NE,NE,NE,NE,111,91,79,104,85,79,33.53,31.03,37.73,C+,C,B-,104,85,79,33.48,31.06,37.82,C+,C,B-,SUPP,SUPP,7,SUPP,SUPP,35,SUPP,SUPP,Dist,NE,NE,NE,NE,NE,NE,NE,NE,NE,NE,NE,NE,NE,NE,NE,NE,NE,NE,,,,,,,,,,,,,293,,,0.22,,,0.34,,,0.11,,,318,,,0.23,,,0.34,,,0.11,,,SUPP,,,SUPP,,,SUPP,,,SUPP,,,97,81,72,97.90%,100.00%,100.00%,97,81,72,97.90%,100.00%,100.00%,13,SUPP,7,92.30%,SUPP,100.00%,NE,NE,NE,NE,NE,NE,NE,NE,NE,NE,NE,NE
1,51896,25,4,919,5418,137914,E14001496,South West Hertfordshire,,Saint Joan of Arc Catholic School,High Street,,,Rickmansworth,WD3 1HG,01923773881,0,ACC,Roman Catholic,NSE,OTHER NON SEL,MIXED,0,Nov-18,0,,,R,,166,95,90,32.43,C+,68,32.4,C+,68,5.90%,90,32.66,C+,21,32.61,Dist-,NE,NE,NE,NE,NE,21,100.00%,NE,NE,NE,2,SUPP,SUPP,85,29.40%,90,96.70%,96.70%,90,96.70%,90,96.70%,96.70%,90,96.70%,3,SUPP,SUPP,3,SUPP,NE,NE,NE,NE,NE,NE,NE,NE,NE,NE,NE,NE,NE,SUPP,SUPP,SUPP,SUPP,SUPP,SUPP,SUPP,SUPP,SUPP,SUPP,NE,NE,NE,NE,NE,SUPP,SUPP,SUPP,SUPP,SUPP,SUPP,NE,NE,NE,NE,NE,NE,NE,NE,NE,SUPP,SUPP,SUPP,SUPP,SUPP,SUPP,SUPP,SUPP,SUPP,SUPP,NE,NE,NE,NE,NE,SUPP,SUPP,SUPP,SUPP,SUPP,SUPP,SUPP,SUPP,NE,NE,NE,NE,NE,NE,NE,237,0.06,0.19,-0.07,3,248,0.08,0.21,-0.05,3,23,-0.32,0.03,-0.66,3,NE,NE,NE,NE,NA,NE,NE,NE,NE,NA,11,0.2,0.85,-0.45,11,0.2,0.85,-0.45,SUPP,SUPP,SUPP,SUPP,NE,NE,NE,NE,NE,NE,NE,NE,226,0.06,0.19,-0.08,237,0.08,0.21,-0.06,SUPP,SUPP,SUPP,SUPP,NE,NE,NE,NE,NE,NE,NE,NE,95,86,109,91,80,105,33.79,36.82,38.45,C+,B-,B,91,80,105,33.69,36.23,38.52,C+,B-,B,14,21,31,36.67,31.52,31.25,Dist+,Dist-,Dist-,NE,NE,NE,NE,NE,NE,NE,NE,NE,NE,NE,NE,NE,NE,NE,NE,NE,NE,,,,,,,,,,,,,,,,260,,,0.1,,,3,0.23,,,-0.02,,,278,,,0.09,,,3,0.21,,,-0.04,,,15,,,-0.08,,,3,0.33,,,-0.5,,,93,83,104,97.80%,96.40%,97.10%,93,83,104,97.80%,96.40%,97.10%,1,2,5,SUPP,SUPP,SUPP,NE,NE,NE,NE,NE,NE,NE,NE,NE,NE,NE,NE,7,9,10,7,9,9,37,29.57,32.8,B-,C,C+,7,9,9,36.6,28.94,33,B-,C,C+,SUPP,SUPP,SUPP,SUPP,SUPP,SUPP,SUPP,SUPP,SUPP,NE,NE,NE,NE,NE,NE,NE,NE,NE,NE,NE,NE,NE,NE,NE,NE,NE,NE,,,,,,,,,,,,,20,,,0.01,,,0.46,,,-0.44,,,21,,,-0.03,,,0.41,,,-0.47,,,SUPP,,,SUPP,,,SUPP,,,SUPP,,,7,9,10,100.00%,100.00%,100.00%,7,9,10,100.00%,100.00%,100.00%,NE,NE,NE,NE,NE,NE,NE,NE,NE,NE,NE,NE,NE,NE,NE,NE,NE,NE,86,77,99,83,71,96,33.46,37.65,39,C+,B-,B,83,71,96,33.39,37.05,39.06,C+,B-,B,SUPP,SUPP,SUPP,SUPP,SUPP,SUPP,SUPP,SUPP,SUPP,NE,NE,NE,NE,NE,NE,NE,NE,NE,NE,NE,NE,NE,NE,NE,NE,NE,NE,,,,,,,,,,,,,240,,,0.11,,,0.24,,,-0.02,,,257,,,0.1,,,0.22,,,-0.03,,,SUPP,,,SUPP,,,SUPP,,,SUPP,,,85,74,94,97.60%,95.90%,96.80%,85,74,94,97.60%,95.90%,96.80%,SUPP,SUPP,SUPP,SUPP,SUPP,SUPP,NE,NE,NE,NE,NE,NE,NE,NE,NE,NE,NE,NE
1,57906,25,4,919,6047,117622,E14001573,Welwyn Hatfield,,Sherrardswood School,Lockleys,,,Welwyn,AL6 0BJ,01438714282,0,IND,Unknown,,NA,MIXED,0,Mar-19,0,,,R,,71,32,31,34.44,C+,22,37.12,B-,22,18.20%,31,34.52,C+,6,28.75,Merit+,NE,NE,NE,NE,NE,6,100.00%,1,SUPP,SUPP,2,SUPP,SUPP,30,46.70%,NA,NA,NA,NA,NA,NA,NA,NA,NA,NA,NA,NA,NA,NA,NA,NA,NA,NA,NA,NA,NE,NE,NE,NA,NA,NA,NE,NE,NA,NA,NA,NA,NA,NA,NA,NA,NA,NA,NA,NA,NA,NA,NA,NA,NA,NA,NA,NA,NA,NA,NA,NA,NA,NA,NA,NA,NA,NA,NA,NA,NA,NA,NA,NA,NA,NA,NA,NA,NA,NA,NA,NA,NA,NA,NA,NA,NA,NA,NA,NA,NA,NA,NA,NA,NA,NA,NA,NA,86,0.12,0.35,-0.11,3,94,0.12,0.34,-0.11,3,8,0.01,0.6,-0.57,3,NE,NE,NE,NE,NA,NE,NE,NE,NE,NA,NA,NA,NA,NA,NA,NA,NA,NA,NA,NA,NA,NA,NA,NA,NA,NA,NA,NA,NA,NA,NA,NA,NA,NA,NA,NA,NA,NA,NA,NA,NA,NA,NA,NA,NA,NA,NA,NA,NA,NA,37,33,29,33,31,28,31.14,31.47,34.85,C,C,C+,34,31,28,31.32,31.6,34.83,C,C,C+,8,3,1,26.67,SUPP,SUPP,Merit+,SUPP,SUPP,NE,NE,NE,NE,NE,NE,NE,NE,NE,NE,NE,NE,NE,NE,NE,NE,NE,NE,,,,,,,,,,,,,,,,85,,,0.25,,,2,0.47,,,0.03,,,89,,,0.26,,,2,0.48,,,0.04,,,8,,,0.3,,,3,0.93,,,-0.34,,,NA,NA,NA,NA,NA,NA,NA,NA,NA,NA,NA,NA,NA,NA,NA,NA,NA,NA,NA,NA,NA,NA,NA,NA,NA,NA,NA,NA,NA,NA,NA,NA,NA,NA,NA,NA,NA,NA,NA,NA,NA,NA,NA,NA,NA,NA,NA,NA,NA,NA,NA,NA,NA,NA,NA,NA,NA,NA,NA,NA,NA,NA,NA,NA,NA,NA,NA,NA,NA,NA,NA,NA,NA,NA,NA,NA,NA,NA,,,,,,,,,,,,,NA,,,NA,,,NA,,,NA,,,NA,,,NA,,,NA,,,NA,,,NA,,,NA,,,NA,,,NA,,,NA,NA,NA,NA,NA,NA,NA,NA,NA,NA,NA,NA,NA,NA,NA,NA,NA,NA,NA,NA,NA,NA,NA,NA,NA,NA,NA,NA,NA,NA,NA,NA,NA,NA,NA,NA,NA,NA,NA,NA,NA,NA,NA,NA,NA,NA,NA,NA,NA,NA,NA,NA,NA,NA,NA,NA,NA,NA,NA,NA,NA,NA,NA,NA,NA,NA,NA,NA,NA,NA,NA,NA,NA,NA,NA,NA,NA,NA,,,,,,,,,,,,,NA,,,NA,,,NA,,,NA,,,NA,,,NA,,,NA,,,NA,,,NA,,,NA,,,NA,,,NA,,,NA,NA,NA,NA,NA,NA,NA,NA,NA,NA,NA,NA,NA,NA,NA,NA,NA,NA,NA,NA,NA,NA,NA,NA,NA,NA,NA,NA,NA,NA
1,18774,25,4,919,4004,139416,E14001284,Hertsmere,,Elstree Screen Arts Academy,Studio Way,Elstree,,Borehamwood,WD6 5NN,02083866220,0,UTC,Does not apply,NSE,OTHER NON SEL,MIXED,0,14-19,0,,,R,,299,160,76,31.13,C,33,13.84,E+,33,0.00%,76,31.13,C,21,32.47,Dist-,59,31.77,Dist-,112,52.70%,81,25.90%,3,SUPP,SUPP,23,0.11,87.00%,95,0.00%,47,91.50%,91.50%,46,93.50%,47,91.50%,91.50%,46,93.50%,21,81.00%,19.00%,21,81.00%,36,94.40%,94.40%,36,94.40%,NE,NE,NE,NE,NE,NE,NE,NE,22,10,28.18,C-,10,28.18,C-,SUPP,SUPP,SUPP,7,32.96,Dist-,NE,NE,SUPP,SUPP,SUPP,SUPP,SUPP,SUPP,SUPP,SUPP,8,75.00%,NE,NE,NE,NE,NE,136,65,31.65,C,65,31.65,C,SUPP,SUPP,SUPP,51,31.81,Dist-,SUPP,SUPP,SUPP,SUPP,SUPP,SUPP,SUPP,SUPP,SUPP,SUPP,27,100.00%,NE,NE,NE,NE,NE,95,-0.46,-0.27,-0.64,4,95,-0.46,-0.27,-0.64,4,22,0.8,1.3,0.29,1,60,0.12,0.35,-0.11,3,NE,NE,NE,NE,NA,10,-0.92,-0.32,-1.52,10,-0.92,-0.32,-1.52,SUPP,SUPP,SUPP,SUPP,8,0.24,0.86,-0.39,NE,NE,NE,NE,85,-0.4,-0.21,-0.6,85,-0.4,-0.21,-0.6,SUPP,SUPP,SUPP,SUPP,52,0.1,0.34,-0.15,NE,NE,NE,NE,157,113,129,82,49,46,32.16,27.4,37,C+,C-,B-,82,49,46,32.18,27.4,37,C+,C-,B-,10,21,13,35.5,38.35,29.36,Dist,Dist+,Merit+,52,40,41,30.56,32.79,33.4,Dist-,Dist-,Dist,NE,NE,NE,NE,NE,NE,NE,NE,NE,,,,,,,,,,,,,,,,116,,,-0.32,,,4,-0.14,,,-0.49,,,117,,,-0.31,,,4,-0.14,,,-0.48,,,9,,,0.33,,,3,0.88,,,-0.21,,,67,40,37,92.50%,90.00%,89.20%,67,40,37,92.50%,90.00%,89.20%,20,14,13,85.00%,92.90%,92.30%,31,25,25,87.10%,64.00%,96.00%,NE,NE,NE,NE,NE,NE,28,18,25,10,9,SUPP,22.86,18.52,SUPP,D+,D,SUPP,10,9,SUPP,22.86,18.52,SUPP,D+,D,SUPP,SUPP,SUPP,SUPP,SUPP,SUPP,SUPP,SUPP,SUPP,SUPP,9,SUPP,8,29.55,SUPP,26.14,Merit+,SUPP,Merit,NE,NE,NE,NE,NE,NE,NE,NE,NE,,,,,,,,,,,,,14,,,-0.89,,,-0.39,,,-1.4,,,14,,,-0.89,,,-0.39,,,-1.4,,,SUPP,,,SUPP,,,SUPP,,,SUPP,,,7,9,SUPP,85.70%,88.90%,SUPP,7,9,SUPP,85.70%,88.90%,SUPP,11,NE,SUPP,81.80%,NE,SUPP,6,SUPP,SUPP,100.00%,SUPP,SUPP,NE,NE,NE,NE,NE,NE,127,95,101,71,40,SUPP,33.29,29.8,SUPP,C+,C,SUPP,71,40,SUPP,33.3,29.8,SUPP,C+,C,SUPP,SUPP,SUPP,SUPP,SUPP,SUPP,SUPP,SUPP,SUPP,SUPP,42,SUPP,31,30.49,SUPP,34.97,Dist-,SUPP,Dist,NE,NE,NE,NE,NE,NE,NE,NE,NE,,,,,,,,,,,,,102,,,-0.23,,,-0.05,,,-0.42,,,103,,,-0.23,,,-0.05,,,-0.41,,,SUPP,,,SUPP,,,SUPP,,,SUPP,,,59,31,SUPP,93.20%,90.30%,SUPP,59,31,SUPP,93.20%,90.30%,SUPP,8,14,SUPP,87.50%,92.90%,SUPP,25,SUPP,SUPP,84.00%,SUPP,SUPP,NE,NE,NE,NE,NE,NE
1,63310,25,4,919,4606,117555,E14001268,Harpenden and Berkhamsted,,Townsend Church of England School,High Oaks,,,St Albans,AL3 6DR,01727853047,0,VA,Church of England,NSE,OTHER NON SEL,MIXED,0,Nov-18,0,,,R,,89,37,28,27.98,C-,27,27.41,C-,27,7.40%,28,27.45,C-,5,SUPP,SUPP,NE,NE,NE,NE,NE,5,SUPP,1,SUPP,SUPP,4,SUPP,SUPP,30,63.30%,31,87.10%,87.10%,31,87.10%,31,87.10%,87.10%,31,87.10%,5,SUPP,SUPP,5,SUPP,NE,NE,NE,NE,NE,NE,NE,NE,NE,NE,NE,NE,NE,10,6,26.32,C-,6,24.63,D+,SUPP,SUPP,SUPP,NE,NE,NE,SUPP,SUPP,SUPP,SUPP,8,75.00%,8,75.00%,SUPP,SUPP,NE,NE,NE,NE,NE,NE,NE,26,21,29.19,C,21,28.96,C,SUPP,SUPP,SUPP,NE,NE,NE,SUPP,SUPP,SUPP,SUPP,22,90.90%,22,90.90%,SUPP,SUPP,NE,NE,NE,NE,NE,NE,NE,81,-0.02,0.21,-0.25,3,93,-0.05,0.17,-0.27,3,SUPP,SUPP,SUPP,SUPP,NA,NE,NE,NE,NE,NA,NE,NE,NE,NE,NA,19,0.27,0.77,-0.24,22,0.15,0.63,-0.33,SUPP,SUPP,SUPP,SUPP,NE,NE,NE,NE,NE,NE,NE,NE,62,-0.11,0.15,-0.37,71,-0.11,0.14,-0.37,SUPP,SUPP,SUPP,SUPP,NE,NE,NE,NE,NE,NE,NE,NE,49,50,51,39,35,44,33.57,25.24,31.49,C+,C-,C,39,35,44,32.62,25.28,31.64,C+,C-,C,1,8,5,SUPP,27.89,SUPP,SUPP,Merit+,SUPP,NE,NE,NE,NE,NE,NE,NE,NE,NE,NE,NE,NE,NE,NE,NE,NE,NE,NE,,,,,,,,,,,,,,,,108,,,0.18,,,3,0.37,,,-0.01,,,123,,,0.11,,,3,0.29,,,-0.07,,,NE,,,NE,,,,NE,,,NE,,,43,38,44,93.00%,97.40%,90.90%,43,38,44,93.00%,97.40%,90.90%,3,11,7,SUPP,63.60%,57.10%,NE,NE,NE,NE,NE,NE,NE,NE,NE,NE,NE,NE,10,10,9,SUPP,SUPP,7,SUPP,SUPP,24.21,SUPP,SUPP,D+,SUPP,SUPP,7,SUPP,SUPP,24.21,SUPP,SUPP,D+,NE,SUPP,NE,NE,SUPP,NE,NE,SUPP,NE,NE,NE,NE,NE,NE,NE,NE,NE,NE,NE,NE,NE,NE,NE,NE,NE,NE,NE,,,,,,,,,,,,,9,,,0.72,,,1.39,,,0.04,,,12,,,0.49,,,1.11,,,-0.12,,,NE,,,NE,,,NE,,,NE,,,7,6,8,71.40%,83.30%,87.50%,7,6,8,71.40%,83.30%,87.50%,SUPP,SUPP,NE,SUPP,SUPP,NE,NE,NE,NE,NE,NE,NE,NE,NE,NE,NE,NE,NE,39,39,41,SUPP,SUPP,36,SUPP,SUPP,32.49,SUPP,SUPP,C+,SUPP,SUPP,36,SUPP,SUPP,32.66,SUPP,SUPP,C+,SUPP,SUPP,SUPP,SUPP,SUPP,SUPP,SUPP,SUPP,SUPP,NE,NE,NE,NE,NE,NE,NE,NE,NE,NE,NE,NE,NE,NE,NE,NE,NE,NE,,,,,,,,,,,,,99,,,0.13,,,0.33,,,-0.07,,,111,,,0.07,,,0.26,,,-0.12,,,NE,,,NE,,,NE,,,NE,,,36,32,35,97.20%,100.00%,91.40%,36,32,35,97.20%,100.00%,91.40%,SUPP,SUPP,6,SUPP,SUPP,66.70%,NE,NE,NE,NE,NE,NE,NE,NE,NE,NE,NE,NE
1,39956,25,4,919,5412,137938,E14001507,St Albans,,Nicholas Breakspear Catholic School,Colney Heath Lane,,,St Albans,AL4 0TT,01727860079,0,ACC,Roman Catholic,NSE,OTHER NON SEL,MIXED,0,Nov-18,0,,,R,,192,87,77,35.77,B-,54,37.35,B-,54,13.00%,78,36.06,B-,28,29.3,Merit+,16,33.44,Dist,16,100.00%,28,100.00%,2,SUPP,SUPP,8,0.75,100.00%,76,36.80%,64,98.40%,98.40%,64,98.40%,64,98.40%,98.40%,64,98.40%,21,90.50%,90.50%,21,90.50%,NE,NE,NE,NE,NE,NE,NE,NE,NE,NE,NE,NE,NE,SUPP,SUPP,SUPP,SUPP,SUPP,SUPP,SUPP,SUPP,SUPP,SUPP,SUPP,SUPP,SUPP,SUPP,SUPP,SUPP,SUPP,SUPP,SUPP,SUPP,SUPP,SUPP,SUPP,NE,NE,NE,NE,NE,NE,NE,SUPP,SUPP,SUPP,SUPP,SUPP,SUPP,SUPP,SUPP,SUPP,SUPP,SUPP,SUPP,SUPP,SUPP,SUPP,SUPP,SUPP,SUPP,SUPP,SUPP,SUPP,SUPP,SUPP,NE,NE,NE,NE,NE,NE,NE,201,0.21,0.35,0.06,2,220,0.23,0.37,0.09,2,42,0.02,0.29,-0.24,3,15,0.1,0.57,-0.37,3,NE,NE,NE,NE,NA,SUPP,SUPP,SUPP,SUPP,6,-0.6,0.23,-1.43,SUPP,SUPP,SUPP,SUPP,SUPP,SUPP,SUPP,SUPP,NE,NE,NE,NE,SUPP,SUPP,SUPP,SUPP,214,0.25,0.4,0.11,SUPP,SUPP,SUPP,SUPP,SUPP,SUPP,SUPP,SUPP,NE,NE,NE,NE,69,60,40,55,52,35,32.31,31.46,39.31,C+,C,B,55,52,35,32.32,31.69,39.45,C+,C+,B,24,20,13,27.11,27.41,41.47,Merit+,Merit+,Dist+,9,11,8,30.56,36.36,41.25,Dist-,Dist,Dist+,NE,NE,NE,NE,NE,NE,NE,NE,NE,,,,,,,,,,,,,,,,139,,,-0.23,,,4,-0.06,,,-0.4,,,142,,,-0.23,,,4,-0.06,,,-0.4,,,35,,,-0.34,,,4,-0.05,,,-0.64,,,52,47,31,98.10%,95.70%,100.00%,52,47,31,98.10%,95.70%,100.00%,15,13,4,66.70%,92.30%,SUPP,2,NE,5,SUPP,NE,SUPP,NE,NE,NE,NE,NE,NE,6,9,SUPP,SUPP,8,SUPP,SUPP,29.44,SUPP,SUPP,C,SUPP,SUPP,8,SUPP,SUPP,29.44,SUPP,SUPP,C,SUPP,SUPP,SUPP,SUPP,SUPP,SUPP,SUPP,SUPP,SUPP,SUPP,SUPP,SUPP,SUPP,SUPP,SUPP,SUPP,SUPP,SUPP,SUPP,NE,NE,NE,NE,NE,NE,NE,NE,NE,,,,,,,,,,,,,11,,,0.73,,,1.41,,,0.04,,,11,,,0.73,,,1.41,,,0.04,,,SUPP,,,SUPP,,,SUPP,,,SUPP,,,SUPP,SUPP,SUPP,SUPP,SUPP,SUPP,SUPP,SUPP,SUPP,SUPP,SUPP,SUPP,SUPP,SUPP,SUPP,SUPP,SUPP,SUPP,NE,NE,SUPP,NE,NE,SUPP,NE,NE,NE,NE,NE,NE,62,51,SUPP,SUPP,44,SUPP,SUPP,31.77,SUPP,SUPP,C+,SUPP,SUPP,44,SUPP,SUPP,32.03,SUPP,SUPP,C+,SUPP,SUPP,SUPP,SUPP,SUPP,SUPP,SUPP,SUPP,SUPP,SUPP,SUPP,SUPP,SUPP,SUPP,SUPP,SUPP,SUPP,SUPP,SUPP,NE,NE,NE,NE,NE,NE,NE,NE,NE,,,,,,,,,,,,,128,,,-0.31,,,-0.14,,,-0.49,,,131,,,-0.31,,,-0.14,,,-0.49,,,SUPP,,,SUPP,,,SUPP,,,SUPP,,,SUPP,SUPP,SUPP,SUPP,SUPP,SUPP,SUPP,SUPP,SUPP,SUPP,SUPP,SUPP,SUPP,SUPP,SUPP,SUPP,SUPP,SUPP,SUPP,NE,SUPP,SUPP,NE,SUPP,NE,NE,NE,NE,NE,NE
1,38588,25,4,919,5411,137224,E14001284,Hertsmere,,Mount Grace School,Church Road,,,Potters Bar,EN6 1EZ,01707655512,0,ACC,None,NSE,OTHER NON SEL,MIXED,0,Nov-18,0,,,R,,49,20,17,26.14,C-,12,26.94,C-,12,16.70%,17,26.14,C-,8,28.67,Merit+,NE,NE,NE,NE,NE,8,100.00%,NE,NE,NE,2,SUPP,SUPP,18,33.30%,16,100.00%,100.00%,16,100.00%,16,100.00%,100.00%,16,100.00%,4,SUPP,SUPP,4,SUPP,NE,NE,NE,NE,NE,NE,NE,NE,NE,NE,NE,NE,NE,SUPP,SUPP,SUPP,SUPP,SUPP,SUPP,SUPP,SUPP,SUPP,SUPP,NE,NE,NE,NE,NE,SUPP,SUPP,SUPP,SUPP,SUPP,SUPP,NE,NE,NE,NE,NE,NE,NE,NE,NE,SUPP,SUPP,SUPP,SUPP,SUPP,SUPP,SUPP,SUPP,SUPP,SUPP,NE,NE,NE,NE,NE,SUPP,SUPP,SUPP,SUPP,SUPP,SUPP,SUPP,SUPP,NE,NE,NE,NE,NE,NE,NE,44,-0.34,-0.01,-0.66,4,44,-0.34,-0.01,-0.66,4,15,-0.15,0.28,-0.58,3,NE,NE,NE,NE,NA,NE,NE,NE,NE,NA,10,-0.29,0.42,-1,10,-0.29,0.42,-1,SUPP,SUPP,SUPP,SUPP,NE,NE,NE,NE,NE,NE,NE,NE,34,-0.35,0.02,-0.72,34,-0.35,0.02,-0.72,SUPP,SUPP,SUPP,SUPP,NE,NE,NE,NE,NE,NE,NE,NE,23,57,35,16,36,15,30.3,27.04,33,C,C-,C+,16,36,15,30.3,27.04,33,C,C-,C+,17,42,22,29.19,27.22,25.31,Merit+,Merit+,Merit,1,3,1,SUPP,SUPP,SUPP,SUPP,SUPP,SUPP,NE,NE,NE,NE,NE,NE,NE,NE,NE,,,,,,,,,,,,,,,,33,,,-0.04,,,3,0.31,,,-0.38,,,33,,,-0.04,,,3,0.31,,,-0.38,,,23,,,-0.3,,,3,0.05,,,-0.64,,,12,23,10,0.00%,100.00%,100.00%,12,23,10,0.00%,100.00%,100.00%,10,32,21,10.00%,93.80%,76.20%,NE,NE,NE,NE,NE,NE,NE,NE,NE,NE,NE,NE,SUPP,7,SUPP,SUPP,SUPP,SUPP,SUPP,SUPP,SUPP,SUPP,SUPP,SUPP,SUPP,SUPP,SUPP,SUPP,SUPP,SUPP,SUPP,SUPP,SUPP,SUPP,SUPP,SUPP,SUPP,SUPP,SUPP,SUPP,SUPP,SUPP,NE,NE,NE,NE,NE,NE,NE,NE,NE,NE,NE,NE,NE,NE,NE,NE,NE,NE,,,,,,,,,,,,,SUPP,,,SUPP,,,SUPP,,,SUPP,,,SUPP,,,SUPP,,,SUPP,,,SUPP,,,SUPP,,,SUPP,,,SUPP,,,SUPP,,,NE,SUPP,SUPP,NE,SUPP,SUPP,NE,SUPP,SUPP,NE,SUPP,SUPP,SUPP,6,SUPP,SUPP,83.30%,SUPP,NE,NE,NE,NE,NE,NE,NE,NE,NE,NE,NE,NE,SUPP,49,SUPP,SUPP,SUPP,SUPP,SUPP,SUPP,SUPP,SUPP,SUPP,SUPP,SUPP,SUPP,SUPP,SUPP,SUPP,SUPP,SUPP,SUPP,SUPP,SUPP,SUPP,SUPP,SUPP,SUPP,SUPP,SUPP,SUPP,SUPP,SUPP,SUPP,SUPP,SUPP,SUPP,SUPP,SUPP,SUPP,SUPP,NE,NE,NE,NE,NE,NE,NE,NE,NE,,,,,,,,,,,,,SUPP,,,SUPP,,,SUPP,,,SUPP,,,SUPP,,,SUPP,,,SUPP,,,SUPP,,,SUPP,,,SUPP,,,SUPP,,,SUPP,,,12,SUPP,SUPP,0.00%,SUPP,SUPP,12,SUPP,SUPP,0.00%,SUPP,SUPP,SUPP,26,SUPP,SUPP,96.20%,SUPP,NE,NE,NE,NE,NE,NE,NE,NE,NE,NE,NE,NE
1,64574,25,4,919,4011,137038,E14001507,St Albans,,Verulam School,Brampton Road,,,St Albans,AL1 4PR,01727766100,0,ACC,Does not apply,NSE,OTHER NON SEL,MIXED,0,Nov-18,0,,,R,,209,107,99,32.24,C+,78,33.21,C+,78,15.40%,99,32.32,C+,44,27.44,Merit+,NE,NE,NE,NE,NE,44,100.00%,NE,NE,NE,5,SUPP,SUPP,100,36.00%,94,98.90%,98.90%,94,98.90%,94,98.90%,98.90%,94,98.90%,13,84.60%,84.60%,13,84.60%,NE,NE,NE,NE,NE,NE,NE,NE,NE,NE,NE,NE,NE,8,8,17.08,D-,8,17.37,D-,SUPP,SUPP,SUPP,NE,NE,NE,NE,NE,SUPP,SUPP,8,100.00%,8,100.00%,NE,NE,NE,NE,NE,NE,NE,NE,NE,99,91,33.67,C+,91,33.73,C+,SUPP,SUPP,SUPP,NE,NE,NE,NE,NE,SUPP,SUPP,86,98.80%,86,98.80%,13,84.60%,NE,NE,NE,NE,NE,NE,NE,279,0.1,0.23,-0.02,3,292,0.11,0.23,-0.02,3,67,-0.11,0.09,-0.31,3,NE,NE,NE,NE,NA,NE,NE,NE,NE,NA,24,-0.78,-0.32,-1.25,25,-0.77,-0.31,-1.23,SUPP,SUPP,SUPP,SUPP,NE,NE,NE,NE,NE,NE,NE,NE,255,0.19,0.32,0.06,267,0.19,0.32,0.06,SUPP,SUPP,SUPP,SUPP,NE,NE,NE,NE,NE,NE,NE,NE,108,120,118,95,106,107,30.6,33.38,36.56,C,C+,B-,95,106,107,30.78,33.56,36.88,C,C+,B-,42,44,41,26.71,29.79,27.59,Merit+,Merit+,Merit+,NE,NE,NE,NE,NE,NE,NE,NE,NE,NE,NE,NE,NE,NE,NE,NE,NE,NE,,,,,,,,,,,,,,,,254,,,0.01,,,3,0.14,,,-0.12,,,275,,,0.03,,,3,0.16,,,-0.1,,,67,,,-0.1,,,3,0.1,,,-0.3,,,91,106,97,96.70%,94.30%,97.90%,91,106,97,96.70%,94.30%,97.90%,16,12,20,100.00%,75.00%,90.00%,NE,NE,NE,NE,NE,NE,NE,NE,NE,NE,NE,NE,11,9,9,9,7,SUPP,24.8,30.95,SUPP,D+,C,SUPP,9,7,SUPP,24.51,30.95,SUPP,D+,C,SUPP,6,SUPP,SUPP,30.22,SUPP,SUPP,Dist-,SUPP,SUPP,NE,NE,NE,NE,NE,NE,NE,NE,NE,NE,NE,NE,NE,NE,NE,NE,NE,NE,,,,,,,,,,,,,25,,,-0.41,,,0.02,,,-0.85,,,26,,,-0.43,,,0,,,-0.86,,,10,,,0.36,,,0.87,,,-0.15,,,9,7,SUPP,88.90%,85.70%,SUPP,9,7,SUPP,88.90%,85.70%,SUPP,SUPP,NE,SUPP,SUPP,NE,SUPP,NE,NE,NE,NE,NE,NE,NE,NE,NE,NE,NE,NE,95,109,107,84,97,SUPP,31.23,33.46,SUPP,C,C+,SUPP,84,97,SUPP,31.46,33.63,SUPP,C,C+,SUPP,36,SUPP,SUPP,26.16,SUPP,SUPP,Merit,SUPP,SUPP,NE,NE,NE,NE,NE,NE,NE,NE,NE,NE,NE,NE,NE,NE,NE,NE,NE,NE,,,,,,,,,,,,,229,,,0.05,,,0.19,,,-0.08,,,249,,,0.08,,,0.21,,,-0.05,,,57,,,-0.17,,,0.04,,,-0.39,,,80,97,SUPP,97.50%,94.80%,SUPP,80,97,SUPP,97.50%,94.80%,SUPP,SUPP,12,SUPP,SUPP,75.00%,SUPP,NE,NE,NE,NE,NE,NE,NE,NE,NE,NE,NE,NE
1,50674,25,4,919,6136,117638,E14001507,St Albans,,St Columba's College,King Harry Lane,,,St Albans,AL3 4AW,01727855185,0,IND,Roman Catholic,,NA,MIXED,0,Apr-18,0,,,R,,150,77,77,40.7,B,73,39.73,B,73,21.90%,77,40.63,B,19,25.68,Merit,NE,NE,NE,1,SUPP,20,95.00%,NE,NE,NE,NE,NE,NE,77,55.80%,NA,NA,NA,NA,NA,NA,NA,NA,NA,NA,NA,NA,NA,NA,NA,NA,NA,NA,NA,NA,NE,NE,NE,NA,NA,NA,NE,NE,NA,NA,NA,NA,NA,NA,NA,NA,NA,NA,NA,NA,NA,NA,NA,NA,NA,NA,NA,NA,NA,NA,NA,NA,NA,NA,NA,NA,NA,NA,NA,NA,NA,NA,NA,NA,NA,NA,NA,NA,NA,NA,NA,NA,NA,NA,NA,NA,NA,NA,NA,NA,NA,NA,NA,NA,NA,NA,NA,NA,227,-0.13,0.01,-0.27,3,269,-0.15,-0.02,-0.29,4,19,-0.91,-0.51,-1.31,5,NE,NE,NE,NE,NA,NE,NE,NE,NE,NA,NA,NA,NA,NA,NA,NA,NA,NA,NA,NA,NA,NA,NA,NA,NA,NA,NA,NA,NA,NA,NA,NA,NA,NA,NA,NA,NA,NA,NA,NA,NA,NA,NA,NA,NA,NA,NA,NA,NA,NA,82,70,63,82,69,61,41.06,39.03,43.29,B,B,B+,82,69,61,41.3,39.18,43.29,B,B,B+,20,27,NE,24.4,23.93,NE,Merit,Merit,NE,NE,NE,NE,NE,NE,NE,NE,NE,NE,NE,NE,NE,NE,NE,NE,NE,NE,NE,,,,,,,,,,,,,,,,246,,,-0.07,,,3,0.06,,,-0.2,,,292,,,-0.06,,,3,0.07,,,-0.18,,,20,,,-1.04,,,5,-0.68,,,-1.41,,,NA,NA,NA,NA,NA,NA,NA,NA,NA,NA,NA,NA,NA,NA,NA,NA,NA,NA,NA,NA,NA,NA,NA,NA,NA,NA,NA,NA,NA,NA,NA,NA,NA,NA,NA,NA,NA,NA,NA,NA,NA,NA,NA,NA,NA,NA,NA,NA,NA,NA,NA,NA,NA,NA,NA,NA,NA,NA,NA,NA,NA,NA,NA,NA,NA,NA,NA,NA,NA,NA,NA,NA,NA,NA,NA,NA,NA,NA,,,,,,,,,,,,,NA,,,NA,,,NA,,,NA,,,NA,,,NA,,,NA,,,NA,,,NA,,,NA,,,NA,,,NA,,,NA,NA,NA,NA,NA,NA,NA,NA,NA,NA,NA,NA,NA,NA,NA,NA,NA,NA,NA,NA,NA,NA,NA,NA,NA,NA,NA,NA,NA,NA,NA,NA,NA,NA,NA,NA,NA,NA,NA,NA,NA,NA,NA,NA,NA,NA,NA,NA,NA,NA,NA,NA,NA,NA,NA,NA,NA,NA,NA,NA,NA,NA,NA,NA,NA,NA,NA,NA,NA,NA,NA,NA,NA,NA,NA,NA,NA,NA,,,,,,,,,,,,,NA,,,NA,,,NA,,,NA,,,NA,,,NA,,,NA,,,NA,,,NA,,,NA,,,NA,,,NA,,,NA,NA,NA,NA,NA,NA,NA,NA,NA,NA,NA,NA,NA,NA,NA,NA,NA,NA,NA,NA,NA,NA,NA,NA,NA,NA,NA,NA,NA,NA
1,29112,25,4,919,6231,117657,E14001284,Hertsmere,,Immanuel College,87-91 Elstree Road,,,Bushey,WD23 4EB,02089500604,0,IND,Jewish,,NA,MIXED,0,Sept-19,0,,,R,,87,51,51,47.1,A-,38,47.02,A-,38,23.70%,51,47.5,A-,6,37.5,Dist+,NE,NE,NE,NE,NE,6,100.00%,NE,NE,NE,1,SUPP,SUPP,50,46.00%,NA,NA,NA,NA,NA,NA,NA,NA,NA,NA,NA,NA,NA,NA,NA,NA,NA,NA,NA,NA,NE,NE,NE,NA,NA,NA,NE,NE,NA,NA,NA,NA,NA,NA,NA,NA,NA,NA,NA,NA,NA,NA,NA,NA,NA,NA,NA,NA,NA,NA,NA,NA,NA,NA,NA,NA,NA,NA,NA,NA,NA,NA,NA,NA,NA,NA,NA,NA,NA,NA,NA,NA,NA,NA,NA,NA,NA,NA,NA,NA,NA,NA,NA,NA,NA,NA,NA,NA,135,0.4,0.58,0.23,1,152,0.43,0.61,0.26,1,6,-0.15,0.52,-0.81,3,NE,NE,NE,NE,NA,NE,NE,NE,NE,NA,NA,NA,NA,NA,NA,NA,NA,NA,NA,NA,NA,NA,NA,NA,NA,NA,NA,NA,NA,NA,NA,NA,NA,NA,NA,NA,NA,NA,NA,NA,NA,NA,NA,NA,NA,NA,NA,NA,NA,NA,71,74,58,59,73,54,44.26,43.86,48.11,B+,B+,A-,59,73,54,44.78,44.66,48.49,B+,B+,A,14,10,NE,41.05,37,NE,Dist+,Dist+,NE,NE,NE,NE,NE,NE,NE,NE,NE,NE,NE,NE,NE,NE,NE,NE,NE,NE,NE,,,,,,,,,,,,,,,,150,,,0.11,,,3,0.28,,,-0.06,,,170,,,0.16,,,3,0.32,,,-0.01,,,13,,,0.67,,,1,1.15,,,0.18,,,NA,NA,NA,NA,NA,NA,NA,NA,NA,NA,NA,NA,NA,NA,NA,NA,NA,NA,NA,NA,NA,NA,NA,NA,NA,NA,NA,NA,NA,NA,NA,NA,NA,NA,NA,NA,NA,NA,NA,NA,NA,NA,NA,NA,NA,NA,NA,NA,NA,NA,NA,NA,NA,NA,NA,NA,NA,NA,NA,NA,NA,NA,NA,NA,NA,NA,NA,NA,NA,NA,NA,NA,NA,NA,NA,NA,NA,NA,,,,,,,,,,,,,NA,,,NA,,,NA,,,NA,,,NA,,,NA,,,NA,,,NA,,,NA,,,NA,,,NA,,,NA,,,NA,NA,NA,NA,NA,NA,NA,NA,NA,NA,NA,NA,NA,NA,NA,NA,NA,NA,NA,NA,NA,NA,NA,NA,NA,NA,NA,NA,NA,NA,NA,NA,NA,NA,NA,NA,NA,NA,NA,NA,NA,NA,NA,NA,NA,NA,NA,NA,NA,NA,NA,NA,NA,NA,NA,NA,NA,NA,NA,NA,NA,NA,NA,NA,NA,NA,NA,NA,NA,NA,NA,NA,NA,NA,NA,NA,NA,NA,,,,,,,,,,,,,NA,,,NA,,,NA,,,NA,,,NA,,,NA,,,NA,,,NA,,,NA,,,NA,,,NA,,,NA,,,NA,NA,NA,NA,NA,NA,NA,NA,NA,NA,NA,NA,NA,NA,NA,NA,NA,NA,NA,NA,NA,NA,NA,NA,NA,NA,NA,NA,NA,NA
1,5942,25,4,919,4200,137637,E14001283,Hertford and Stortford,,Birchwood High School,Parsonage Lane,,,Bishop's Stortford,CM23 5BD,01279655936,0,ACC,None,NSE,OTHER NON SEL,MIXED,0,Nov-18,0,,,R,,240,115,79,32.07,C+,40,35.5,B-,40,10.00%,79,32.07,C+,70,32.35,Dist-,NE,NE,NE,NE,NE,70,100.00%,4,SUPP,SUPP,4,SUPP,SUPP,107,16.80%,57,94.70%,93.00%,57,93.00%,57,94.70%,93.00%,57,93.00%,58,94.80%,93.10%,58,94.80%,NE,NE,NE,NE,NE,NE,NE,NE,NE,NE,NE,NE,NE,7,SUPP,SUPP,SUPP,SUPP,SUPP,SUPP,SUPP,SUPP,SUPP,NE,NE,NE,NE,NE,NE,NE,SUPP,SUPP,SUPP,SUPP,SUPP,SUPP,NE,NE,NE,NE,NE,NE,NE,107,SUPP,SUPP,SUPP,SUPP,SUPP,SUPP,SUPP,SUPP,SUPP,NE,NE,NE,SUPP,SUPP,SUPP,SUPP,SUPP,SUPP,SUPP,SUPP,SUPP,SUPP,NE,NE,NE,NE,NE,NE,NE,178,0.12,0.27,-0.04,3,187,0.11,0.26,-0.04,3,102,0.06,0.22,-0.11,3,NE,NE,NE,NE,NA,NE,NE,NE,NE,NA,8,-0.86,-0.1,-1.61,8,-0.86,-0.1,-1.61,6,-0.09,0.59,-0.77,NE,NE,NE,NE,NE,NE,NE,NE,170,0.16,0.32,0.01,179,0.16,0.31,0,96,0.06,0.24,-0.11,NE,NE,NE,NE,NE,NE,NE,NE,126,114,119,97,88,86,32.15,32.17,33.94,C+,C+,C+,97,89,87,32.24,32.32,34.05,C+,C+,C+,60,49,59,31.78,34.33,35.74,Dist-,Dist,Dist,NE,NE,NE,NE,NE,NE,NE,NE,NE,NE,NE,NE,NE,NE,NE,NE,NE,NE,,,,,,,,,,,,,,,,236,,,-0.05,,,3,0.08,,,-0.18,,,248,,,-0.05,,,3,0.08,,,-0.18,,,78,,,0.07,,,3,0.26,,,-0.12,,,83,77,66,94.00%,94.80%,100.00%,83,77,66,94.00%,94.80%,100.00%,42,34,53,92.90%,82.40%,96.20%,NE,NE,NE,NE,NE,NE,NE,NE,NE,NE,NE,NE,16,10,8,8,SUPP,SUPP,34.5,SUPP,SUPP,C+,SUPP,SUPP,8,SUPP,SUPP,34.51,SUPP,SUPP,C+,SUPP,SUPP,7,SUPP,SUPP,28.88,SUPP,SUPP,Merit+,SUPP,SUPP,NE,NE,NE,NE,NE,NE,NE,NE,NE,NE,NE,NE,NE,NE,NE,NE,NE,NE,,,,,,,,,,,,,17,,,-0.15,,,0.37,,,-0.67,,,19,,,-0.15,,,0.35,,,-0.66,,,7,,,0.06,,,0.68,,,-0.56,,,10,6,SUPP,70.00%,83.30%,SUPP,10,6,SUPP,70.00%,83.30%,SUPP,6,SUPP,SUPP,83.30%,SUPP,SUPP,NE,NE,NE,NE,NE,NE,NE,NE,NE,NE,NE,NE,109,104,111,88,SUPP,SUPP,32.19,SUPP,SUPP,C+,SUPP,SUPP,88,SUPP,SUPP,32.28,SUPP,SUPP,C+,SUPP,SUPP,53,SUPP,SUPP,32.13,SUPP,SUPP,Dist-,SUPP,SUPP,NE,NE,NE,NE,NE,NE,NE,NE,NE,NE,NE,NE,NE,NE,NE,NE,NE,NE,,,,,,,,,,,,,219,,,-0.04,,,0.09,,,-0.18,,,229,,,-0.04,,,0.09,,,-0.18,,,71,,,0.07,,,0.27,,,-0.13,,,72,71,SUPP,97.20%,95.80%,SUPP,72,71,SUPP,97.20%,95.80%,SUPP,36,SUPP,SUPP,94.40%,SUPP,SUPP,NE,NE,NE,NE,NE,NE,NE,NE,NE,NE,NE,NE
1,15314,25,4,919,4025,144402,E14001496,South West Hertfordshire,,Croxley Danes School,Baldwins Lane,Croxley Green,,Rickmansworth,WD3 3LR,01923284483,0,F,None,NR,NA,MIXED,0,Nov-18,0,,,R,,184,111,106,31.03,C,98,30.95,C,98,5.10%,106,31.12,C,8,22.5,Merit-,NE,NE,NE,NE,NE,8,100.00%,1,SUPP,SUPP,NE,NE,NE,103,24.30%,109,96.30%,96.30%,109,96.30%,109,96.30%,96.30%,109,96.30%,1,SUPP,SUPP,1,SUPP,NE,NE,NE,NE,NE,NE,NE,NE,NE,NE,NE,NE,NE,8,7,26.84,C-,7,26.84,C-,SUPP,SUPP,SUPP,NE,NE,NE,NE,NE,NE,NE,8,87.50%,8,87.50%,NE,NE,NE,NE,NE,NE,NE,NE,NE,100,96,31.31,C,96,31.39,C,SUPP,SUPP,SUPP,NE,NE,NE,SUPP,SUPP,NE,NE,98,96.90%,98,96.90%,SUPP,SUPP,NE,NE,NE,NE,NE,NE,NE,302,0.03,0.14,-0.09,3,314,0.02,0.13,-0.1,3,8,0.08,0.64,-0.48,3,NE,NE,NE,NE,NA,NE,NE,NE,NE,NA,19,-0.21,0.25,-0.67,19,-0.21,0.25,-0.67,SUPP,SUPP,SUPP,SUPP,NE,NE,NE,NE,NE,NE,NE,NE,283,0.04,0.16,-0.08,295,0.03,0.15,-0.08,SUPP,SUPP,SUPP,SUPP,NE,NE,NE,NE,NE,NE,NE,NE,89,,,89,,,28.23,,,C-,,,89,,,28.33,,,C-,,,19,,,25.75,,,Merit,,,NE,,,NE,,,NE,,,NE,,,NE,,,NE,,,,,,,,,,,,,,,,,,247,,,-0.39,,,4,-0.26,,,-0.52,,,258,,,-0.39,,,4,-0.26,,,-0.52,,,20,,,-0.48,,,4,-0.13,,,-0.83,,,69,,,100.00%,,,69,,,100.00%,,,20,,,95.00%,,,NE,,,NE,,,NE,,,NE,,,6,,,6,,,17.5,,,D-,,,6,,,17.91,,,D-,,,SUPP,,,SUPP,,,SUPP,,,NE,,,NE,,,NE,,,NE,,,NE,,,NE,,,,,,,,,,,,,,,16,,,-1,,,-0.48,,,-1.53,,,17,,,-0.98,,,-0.47,,,-1.5,,,SUPP,,,SUPP,,,SUPP,,,SUPP,,,SUPP,,,SUPP,,,SUPP,,,SUPP,,,SUPP,,,SUPP,,,NE,,,NE,,,NE,,,NE,,,81,,,81,,,29.18,,,C,,,81,,,29.25,,,C,,,SUPP,,,SUPP,,,SUPP,,,NE,,,NE,,,NE,,,NE,,,NE,,,NE,,,,,,,,,,,,,,,231,,,-0.34,,,-0.21,,,-0.48,,,241,,,-0.35,,,-0.22,,,-0.48,,,SUPP,,,SUPP,,,SUPP,,,SUPP,,,SUPP,,,SUPP,,,SUPP,,,SUPP,,,SUPP,,,SUPP,,,NE,,,NE,,,NE,,,NE
1,69858,25,4,919,4802,136922,E14001284,Hertsmere,,Yavneh College,Hillside Avenue,,,Borehamwood,WD6 1HL,02087365580,0,ACC,Jewish,NSE,OTHER NON SEL,MIXED,0,Nov-18,0,,,R,,240,117,67,43.86,B+,53,44.53,B+,53,22.60%,67,43.89,B+,62,38.93,Dist+,NE,NE,NE,NE,NE,62,100.00%,NE,NE,NE,5,SUPP,SUPP,111,15.30%,63,100.00%,100.00%,62,98.40%,63,100.00%,100.00%,62,98.40%,54,98.10%,98.10%,54,98.10%,NE,NE,NE,NE,NE,NE,NE,NE,NE,NE,NE,NE,NE,6,SUPP,SUPP,SUPP,SUPP,SUPP,SUPP,SUPP,SUPP,SUPP,NE,NE,NE,NE,NE,NE,NE,SUPP,SUPP,SUPP,SUPP,SUPP,SUPP,NE,NE,NE,NE,NE,NE,NE,111,SUPP,SUPP,SUPP,SUPP,SUPP,SUPP,SUPP,SUPP,SUPP,NE,NE,NE,NE,NE,SUPP,SUPP,SUPP,SUPP,SUPP,SUPP,SUPP,SUPP,NE,NE,NE,NE,NE,NE,NE,184,0.29,0.44,0.13,2,186,0.29,0.44,0.14,2,62,0.4,0.61,0.19,2,NE,NE,NE,NE,NA,NE,NE,NE,NE,NA,6,0.18,1.11,-0.75,6,0.18,1.11,-0.75,SUPP,SUPP,SUPP,SUPP,NE,NE,NE,NE,NE,NE,NE,NE,178,0.29,0.44,0.14,180,0.29,0.45,0.14,SUPP,SUPP,SUPP,SUPP,NE,NE,NE,NE,NE,NE,NE,NE,133,131,122,88,75,79,42.29,44.5,47.58,B+,B+,A-,88,75,79,42.37,44.59,47.6,B+,B+,A-,51,53,42,38.78,39.55,41.01,Dist+,Dist+,Dist+,NE,NE,NE,NE,NE,NE,NE,NE,NE,NE,NE,NE,NE,NE,NE,NE,NE,NE,,,,,,,,,,,,,,,,255,,,0.16,,,2,0.29,,,0.03,,,260,,,0.16,,,2,0.29,,,0.03,,,51,,,0.58,,,2,0.82,,,0.34,,,85,74,78,92.90%,98.60%,98.70%,85,74,78,92.90%,98.60%,98.70%,48,55,44,100.00%,94.50%,97.70%,NE,NE,NE,NE,NE,NE,NE,NE,NE,NE,NE,NE,SUPP,SUPP,SUPP,SUPP,SUPP,SUPP,SUPP,SUPP,SUPP,SUPP,SUPP,SUPP,SUPP,SUPP,SUPP,SUPP,SUPP,SUPP,SUPP,SUPP,SUPP,SUPP,SUPP,SUPP,SUPP,SUPP,SUPP,SUPP,SUPP,SUPP,NE,NE,NE,NE,NE,NE,NE,NE,NE,NE,NE,NE,NE,NE,NE,NE,NE,NE,,,,,,,,,,,,,7,,,0.57,,,1.3,,,-0.15,,,7,,,0.57,,,1.3,,,-0.15,,,SUPP,,,SUPP,,,SUPP,,,SUPP,,,SUPP,SUPP,SUPP,SUPP,SUPP,SUPP,SUPP,SUPP,SUPP,SUPP,SUPP,SUPP,SUPP,SUPP,SUPP,SUPP,SUPP,SUPP,NE,NE,NE,NE,NE,NE,NE,NE,NE,NE,NE,NE,SUPP,SUPP,SUPP,SUPP,SUPP,SUPP,SUPP,SUPP,SUPP,SUPP,SUPP,SUPP,SUPP,SUPP,SUPP,SUPP,SUPP,SUPP,SUPP,SUPP,SUPP,SUPP,SUPP,SUPP,SUPP,SUPP,SUPP,SUPP,SUPP,SUPP,NE,NE,NE,NE,NE,NE,NE,NE,NE,NE,NE,NE,NE,NE,NE,NE,NE,NE,,,,,,,,,,,,,248,,,0.14,,,0.28,,,0.01,,,253,,,0.15,,,0.28,,,0.02,,,SUPP,,,SUPP,,,SUPP,,,SUPP,,,SUPP,SUPP,SUPP,SUPP,SUPP,SUPP,SUPP,SUPP,SUPP,SUPP,SUPP,SUPP,SUPP,SUPP,SUPP,SUPP,SUPP,SUPP,NE,NE,NE,NE,NE,NE,NE,NE,NE,NE,NE,NE
1,47266,25,4,919,4006,139873,E14001283,Hertford and Stortford,,Richard Hale School,Hale Road,,,Hertford,SG13 8EN,01992583441,0,ACC,None,NSE,OTHER NON SEL,MIXED,0,Nov-18,0,,,R,,320,157,120,34.7,C+,115,34.29,C+,115,11.30%,121,35.1,B-,38,35.27,Dist,NE,NE,NE,4,SUPP,42,90.50%,NE,NE,NE,1,SUPP,SUPP,151,26.50%,117,98.30%,98.30%,117,98.30%,117,98.30%,98.30%,117,98.30%,39,100.00%,92.30%,39,100.00%,NE,NE,NE,NE,NE,NE,NE,NE,NE,NE,NE,NE,NE,8,SUPP,SUPP,SUPP,SUPP,SUPP,SUPP,SUPP,SUPP,SUPP,NE,NE,NE,NE,NE,NE,NE,SUPP,SUPP,SUPP,SUPP,SUPP,SUPP,NE,NE,NE,NE,NE,NE,NE,148,SUPP,SUPP,SUPP,SUPP,SUPP,SUPP,SUPP,SUPP,SUPP,NE,NE,NE,NE,NE,SUPP,SUPP,SUPP,SUPP,SUPP,SUPP,SUPP,SUPP,NE,NE,NE,NE,NE,NE,NE,356,-0.14,-0.03,-0.25,4,383,-0.11,-0.01,-0.22,4,39,0.41,0.68,0.15,2,NE,NE,NE,NE,NA,NE,NE,NE,NE,NA,13,0.04,0.65,-0.57,13,0.04,0.65,-0.57,SUPP,SUPP,SUPP,SUPP,NE,NE,NE,NE,NE,NE,NE,NE,343,-0.14,-0.03,-0.25,370,-0.12,-0.01,-0.23,SUPP,SUPP,SUPP,SUPP,NE,NE,NE,NE,NE,NE,NE,NE,176,169,152,138,143,119,38.69,34.29,38.08,B,C+,B-,138,143,119,38.84,34.41,38.21,B,C+,B-,40,33,29,31.87,30.83,33.07,Dist-,Dist-,Dist-,NE,NE,NE,NE,NE,NE,NE,NE,NE,NE,NE,NE,NE,NE,NE,NE,NE,NE,,,,,,,,,,,,,,,,401,,,0.28,,,2,0.38,,,0.18,,,428,,,0.28,,,2,0.38,,,0.18,,,39,,,0.06,,,3,0.32,,,-0.21,,,136,136,121,94.90%,98.50%,96.70%,136,136,121,94.90%,98.50%,96.70%,40,32,31,97.50%,96.90%,90.30%,NE,NE,NE,NE,NE,NE,NE,NE,NE,NE,NE,NE,9,6,12,6,6,SUPP,38.75,28.24,SUPP,B,C-,SUPP,6,6,SUPP,38.75,28.24,SUPP,B,C-,SUPP,SUPP,SUPP,SUPP,SUPP,SUPP,SUPP,SUPP,SUPP,SUPP,NE,NE,NE,NE,NE,NE,NE,NE,NE,NE,NE,NE,NE,NE,NE,NE,NE,NE,,,,,,,,,,,,,16,,,0.2,,,0.72,,,-0.31,,,16,,,0.2,,,0.72,,,-0.31,,,SUPP,,,SUPP,,,SUPP,,,SUPP,,,6,6,SUPP,83.30%,100.00%,SUPP,6,6,SUPP,83.30%,100.00%,SUPP,SUPP,NE,6,SUPP,NE,100.00%,NE,NE,NE,NE,NE,NE,NE,NE,NE,NE,NE,NE,166,163,140,131,137,SUPP,38.7,34.55,SUPP,B,C+,SUPP,131,137,SUPP,38.86,34.67,SUPP,B,C+,SUPP,SUPP,SUPP,SUPP,SUPP,SUPP,SUPP,SUPP,SUPP,SUPP,NE,NE,NE,NE,NE,NE,NE,NE,NE,NE,NE,NE,NE,NE,NE,NE,NE,NE,,,,,,,,,,,,,385,,,0.28,,,0.39,,,0.18,,,412,,,0.28,,,0.38,,,0.18,,,SUPP,,,SUPP,,,SUPP,,,SUPP,,,129,130,SUPP,95.30%,98.50%,SUPP,129,130,SUPP,95.30%,98.50%,SUPP,SUPP,32,25,SUPP,96.90%,88.00%,NE,NE,NE,NE,NE,NE,NE,NE,NE,NE,NE,NE
1,47366,25,4,919,5400,136606,E14001496,South West Hertfordshire,,Rickmansworth School,Scots Hill,,,Rickmansworth,WD3 3AQ,01923773296,0,ACC,None,NSE,OTHER NON SEL,MIXED,0,Nov-18,0,,,R,,310,155,153,36.68,B-,153,36.73,B-,153,11.10%,153,36.67,B-,NE,NE,NE,NE,NE,NE,NE,NE,NE,NE,NE,NE,NE,NE,NE,NE,153,43.80%,155,99.40%,98.70%,155,98.70%,155,99.40%,98.70%,155,98.70%,NE,NE,NE,NE,NE,NE,NE,NE,NE,NE,NE,NE,NE,NE,NE,NE,NE,NE,7,7,23.81,D+,7,23.81,D+,NE,NE,NE,NE,NE,NE,NE,NE,NE,NE,7,100.00%,7,100.00%,NE,NE,NE,NE,NE,NE,NE,NE,NE,148,146,37.27,B-,146,37.26,B-,NE,NE,NE,NE,NE,NE,NE,NE,NE,NE,148,99.30%,148,99.30%,NE,NE,NE,NE,NE,NE,NE,NE,NE,476,0.04,0.14,-0.06,3,491,0.03,0.13,-0.06,3,NE,NE,NE,NE,NA,NE,NE,NE,NE,NA,NE,NE,NE,NE,NA,21,-0.79,-0.28,-1.29,21,-0.79,-0.28,-1.29,NE,NE,NE,NE,NE,NE,NE,NE,NE,NE,NE,NE,455,0.08,0.18,-0.02,470,0.07,0.17,-0.03,NE,NE,NE,NE,NE,NE,NE,NE,NE,NE,NE,NE,145,160,145,140,152,141,38.87,37.44,40.64,B,B-,B,140,152,141,38.95,37.5,40.58,B,B-,B,NE,NE,NE,NE,NE,NE,NE,NE,NE,NE,NE,NE,NE,NE,NE,NE,NE,NE,NE,NE,NE,NE,NE,NE,NE,NE,NE,,,,,,,,,,,,,,,,427,,,0.25,,,2,0.35,,,0.15,,,440,,,0.25,,,2,0.34,,,0.15,,,NE,,,NE,,,,NE,,,NE,,,145,161,144,96.60%,96.90%,97.90%,145,161,144,96.60%,96.90%,97.90%,NE,NE,NE,NE,NE,NE,NE,NE,NE,NE,NE,NE,NE,NE,NE,NE,NE,NE,7,7,6,7,6,SUPP,34.29,34.44,SUPP,C+,C+,SUPP,7,6,SUPP,34.51,34.44,SUPP,C+,C+,SUPP,NE,NE,NE,NE,NE,NE,NE,NE,NE,NE,NE,NE,NE,NE,NE,NE,NE,NE,NE,NE,NE,NE,NE,NE,NE,NE,NE,,,,,,,,,,,,,21,,,-0.14,,,0.32,,,-0.6,,,22,,,-0.13,,,0.32,,,-0.58,,,NE,,,NE,,,NE,,,NE,,,7,7,6,100.00%,100.00%,50.00%,7,7,6,100.00%,100.00%,50.00%,NE,NE,NE,NE,NE,NE,NE,NE,NE,NE,NE,NE,NE,NE,NE,NE,NE,NE,138,153,139,133,146,SUPP,39.1,37.56,SUPP,B,B-,SUPP,133,146,SUPP,39.19,37.62,SUPP,B,B-,SUPP,NE,NE,NE,NE,NE,NE,NE,NE,NE,NE,NE,NE,NE,NE,NE,NE,NE,NE,NE,NE,NE,NE,NE,NE,NE,NE,NE,,,,,,,,,,,,,406,,,0.27,,,0.37,,,0.16,,,418,,,0.27,,,0.37,,,0.16,,,NE,,,NE,,,NE,,,NE,,,138,154,138,96.40%,96.80%,100.00%,138,154,138,96.40%,96.80%,100.00%,NE,NE,NE,NE,NE,NE,NE,NE,NE,NE,NE,NE,NE,NE,NE,NE,NE,NE
1,40054,25,4,919,4104,117530,E14001516,Stevenage,,The Nobel School,Mobbsbury Way,,,Stevenage,SG2 0HS,01438222600,0,FD,Does not apply,NSE,OTHER NON SEL,MIXED,0,Nov-18,0,,,R,,298,143,115,33.34,C+,71,34.84,C+,71,14.10%,118,33.04,C+,61,33.41,Dist,21,39.48,Dist+,21,100.00%,61,100.00%,NE,NE,NE,6,0.5,100.00%,127,37.00%,94,97.90%,97.90%,93,97.80%,94,97.90%,97.90%,93,97.80%,37,94.60%,91.90%,37,94.60%,11,81.80%,81.80%,11,81.80%,NE,NE,NE,NE,NE,NE,NE,NE,16,11,27.69,C-,11,27.69,C-,6,27.5,Merit+,SUPP,SUPP,SUPP,NE,NE,SUPP,SUPP,9,88.90%,9,88.90%,6,66.70%,NE,NE,NE,NE,NE,NE,NE,124,102,33.98,C+,105,33.63,C+,53,33.71,Dist,SUPP,SUPP,SUPP,NE,NE,SUPP,SUPP,83,98.80%,83,98.80%,30,100.00%,11,81.80%,NE,NE,NE,NE,NE,279,-0.29,-0.16,-0.41,4,287,-0.3,-0.17,-0.42,4,88,0.17,0.34,-0.01,3,21,0.33,0.73,-0.08,3,NE,NE,NE,NE,NA,26,-0.52,-0.09,-0.96,26,-0.52,-0.09,-0.96,8,-0.33,0.24,-0.91,SUPP,SUPP,SUPP,SUPP,NE,NE,NE,NE,253,-0.26,-0.13,-0.39,261,-0.28,-0.15,-0.4,80,0.21,0.4,0.03,SUPP,SUPP,SUPP,SUPP,NE,NE,NE,NE,134,152,121,118,137,92,33.34,35.97,37.87,C+,B-,B-,118,137,92,33.43,36.06,37.87,C+,B-,B-,35,44,49,30.92,31.83,32.11,Dist-,Dist-,Dist-,15,12,14,38.11,42.37,35,Dist+,Dist*-,Dist,NE,NE,NE,NE,NE,NE,NE,NE,NE,,,,,,,,,,,,,,,,304,,,-0.17,,,4,-0.05,,,-0.29,,,316,,,-0.17,,,4,-0.05,,,-0.29,,,48,,,0.13,,,3,0.37,,,-0.11,,,111,126,82,95.50%,97.60%,97.60%,111,126,82,95.50%,97.60%,97.60%,22,17,27,95.50%,94.10%,96.30%,1,8,11,SUPP,100.00%,100.00%,NE,NE,NE,NE,NE,NE,14,16,15,13,13,10,25,32.06,38.85,C-,C+,B,13,13,10,25.28,32.23,38.85,C-,C+,B,SUPP,SUPP,6,SUPP,SUPP,29.29,SUPP,SUPP,Merit+,SUPP,SUPP,SUPP,SUPP,SUPP,SUPP,SUPP,SUPP,SUPP,NE,NE,NE,NE,NE,NE,NE,NE,NE,,,,,,,,,,,,,32,,,-0.46,,,-0.07,,,-0.85,,,34,,,-0.45,,,-0.06,,,-0.83,,,SUPP,,,SUPP,,,SUPP,,,SUPP,,,11,10,9,90.90%,90.00%,100.00%,11,10,9,90.90%,90.00%,100.00%,SUPP,SUPP,SUPP,SUPP,SUPP,SUPP,SUPP,SUPP,SUPP,SUPP,SUPP,SUPP,NE,NE,NE,NE,NE,NE,118,132,105,103,120,82,34.39,36.56,37.75,C+,B-,B-,103,120,82,34.45,36.64,37.75,C+,B-,B-,SUPP,SUPP,43,SUPP,SUPP,32.59,SUPP,SUPP,Dist-,SUPP,SUPP,SUPP,SUPP,SUPP,SUPP,SUPP,SUPP,SUPP,NE,NE,NE,NE,NE,NE,NE,NE,NE,,,,,,,,,,,,,272,,,-0.13,,,-0.01,,,-0.26,,,282,,,-0.14,,,-0.02,,,-0.26,,,SUPP,,,SUPP,,,SUPP,,,SUPP,,,99,112,72,96.00%,98.20%,98.60%,99,112,72,96.00%,98.20%,98.60%,SUPP,SUPP,SUPP,SUPP,SUPP,SUPP,NE,SUPP,SUPP,NE,SUPP,SUPP,NE,NE,NE,NE,NE,NE
1,45284,25,4,919,4013,137985,E14001283,Hertford and Stortford,,Presdales School,Hoe Lane,,,Ware,SG12 9NX,01920462210,0,ACC,Does not apply,NSE,OTHER NON SEL,MIXED,0,Nov-18,0,,,R,,276,152,142,37.66,B-,142,36.85,B-,142,11.30%,142,37.73,B-,21,34.38,Dist,NE,NE,NE,1,SUPP,22,95.50%,NE,NE,NE,5,SUPP,SUPP,139,25.90%,150,95.30%,94.70%,150,95.30%,150,95.30%,94.70%,150,95.30%,NE,NE,NE,NE,NE,NE,NE,NE,NE,NE,NE,NE,NE,NE,NE,NE,NE,NE,12,10,36.45,B-,10,36.45,B-,SUPP,SUPP,SUPP,NE,NE,NE,NE,NE,NE,NE,12,83.30%,12,83.30%,NE,NE,NE,NE,NE,NE,NE,NE,NE,138,132,37.76,B-,132,37.83,B-,SUPP,SUPP,SUPP,NE,NE,NE,NE,NE,SUPP,SUPP,138,96.40%,138,96.40%,NE,NE,NE,NE,NE,NE,NE,NE,NE,429,0.18,0.28,0.09,2,434,0.19,0.28,0.09,2,20,0.36,0.75,-0.03,3,NE,NE,NE,NE,NA,NE,NE,NE,NE,NA,31,0.47,0.85,0.1,31,0.47,0.85,0.1,SUPP,SUPP,SUPP,SUPP,NE,NE,NE,NE,NE,NE,NE,NE,398,0.16,0.26,0.06,403,0.16,0.26,0.06,SUPP,SUPP,SUPP,SUPP,NE,NE,NE,NE,NE,NE,NE,NE,135,129,146,130,122,137,36.94,40.48,39.6,B-,B,B,130,122,137,37.02,40.53,39.74,B-,B,B,18,NE,NE,36.67,NE,NE,Dist+,NE,NE,NE,NE,NE,NE,NE,NE,NE,NE,NE,NE,NE,NE,NE,NE,NE,NE,NE,NE,,,,,,,,,,,,,,,,389,,,0.19,,,2,0.29,,,0.09,,,406,,,0.18,,,2,0.28,,,0.08,,,18,,,0.35,,,3,0.73,,,-0.04,,,134,129,147,97.00%,95.30%,98.00%,134,129,147,97.00%,95.30%,98.00%,NE,NE,NE,NE,NE,NE,NE,NE,NE,NE,NE,NE,NE,NE,NE,NE,NE,NE,7,7,11,7,7,10,33.33,31.05,26.67,C+,C,C-,7,7,10,33.33,31.05,26.59,C+,C,C-,SUPP,NE,NE,SUPP,NE,NE,SUPP,NE,NE,NE,NE,NE,NE,NE,NE,NE,NE,NE,NE,NE,NE,NE,NE,NE,NE,NE,NE,,,,,,,,,,,,,18,,,0,,,0.52,,,-0.53,,,18,,,0,,,0.52,,,-0.53,,,SUPP,,,SUPP,,,SUPP,,,SUPP,,,7,7,10,100.00%,100.00%,100.00%,7,7,10,100.00%,100.00%,100.00%,NE,NE,NE,NE,NE,NE,NE,NE,NE,NE,NE,NE,NE,NE,NE,NE,NE,NE,128,121,134,123,115,126,37.14,40.99,40.64,B-,B,B,123,115,126,37.23,41.04,40.79,B-,B,B,SUPP,NE,NE,SUPP,NE,NE,SUPP,NE,NE,NE,NE,NE,NE,NE,NE,NE,NE,NE,NE,NE,NE,NE,NE,NE,NE,NE,NE,,,,,,,,,,,,,371,,,0.2,,,0.3,,,0.09,,,388,,,0.19,,,0.29,,,0.09,,,SUPP,,,SUPP,,,SUPP,,,SUPP,,,127,122,136,96.90%,95.10%,97.80%,127,122,136,96.90%,95.10%,97.80%,NE,NE,NE,NE,NE,NE,NE,NE,NE,NE,NE,NE,NE,NE,NE,NE,NE,NE
1,5496,25,4,919,6005,117604,E14001268,Harpenden and Berkhamsted,,Berkhamsted School,Overton House,133 High Street,,Berkhamsted,HP4 2DJ,01442358000,0,IND,Anglican/Christian,,NA,MIXED,0,Nov-19,0,,,R,,451,214,213,45.35,A-,167,46.41,A-,167,35.90%,213,45.66,A-,2,SUPP,SUPP,NE,NE,NE,1,SUPP,3,SUPP,3,SUPP,SUPP,NE,NE,NE,193,28.50%,NA,NA,NA,NA,NA,NA,NA,NA,NA,NA,NA,NA,NA,NA,NA,NA,NA,NA,NA,NA,NE,NE,NE,NA,NA,NA,NE,NE,NA,NA,NA,NA,NA,NA,NA,NA,NA,NA,NA,NA,NA,NA,NA,NA,NA,NA,NA,NA,NA,NA,NA,NA,NA,NA,NA,NA,NA,NA,NA,NA,NA,NA,NA,NA,NA,NA,NA,NA,NA,NA,NA,NA,NA,NA,NA,NA,NA,NA,NA,NA,NA,NA,NA,NA,NA,NA,NA,NA,546,0.55,0.64,0.46,1,639,0.56,0.65,0.48,1,SUPP,SUPP,SUPP,SUPP,NA,NE,NE,NE,NE,NA,NE,NE,NE,NE,NA,NA,NA,NA,NA,NA,NA,NA,NA,NA,NA,NA,NA,NA,NA,NA,NA,NA,NA,NA,NA,NA,NA,NA,NA,NA,NA,NA,NA,NA,NA,NA,NA,NA,NA,NA,NA,NA,NA,NA,NA,202,195,211,201,194,209,44.85,40.92,49.1,B+,B,A,202,194,209,45.08,41.16,49.2,A-,B,A,5,6,7,SUPP,38.33,38.57,SUPP,Dist+,Dist+,NE,NE,NE,NE,NE,NE,NE,NE,NE,NE,NE,NE,NE,NE,NE,NE,NE,NE,,,,,,,,,,,,,,,,502,,,0.37,,,2,0.46,,,0.28,,,583,,,0.38,,,2,0.47,,,0.3,,,SUPP,,,SUPP,,,,SUPP,,,SUPP,,,NA,NA,NA,NA,NA,NA,NA,NA,NA,NA,NA,NA,NA,NA,NA,NA,NA,NA,NA,NA,NA,NA,NA,NA,NA,NA,NA,NA,NA,NA,NA,NA,NA,NA,NA,NA,NA,NA,NA,NA,NA,NA,NA,NA,NA,NA,NA,NA,NA,NA,NA,NA,NA,NA,NA,NA,NA,NA,NA,NA,NA,NA,NA,NA,NA,NA,NA,NA,NA,NA,NA,NA,NA,NA,NA,NA,NA,NA,,,,,,,,,,,,,NA,,,NA,,,NA,,,NA,,,NA,,,NA,,,NA,,,NA,,,NA,,,NA,,,NA,,,NA,,,NA,NA,NA,NA,NA,NA,NA,NA,NA,NA,NA,NA,NA,NA,NA,NA,NA,NA,NA,NA,NA,NA,NA,NA,NA,NA,NA,NA,NA,NA,NA,NA,NA,NA,NA,NA,NA,NA,NA,NA,NA,NA,NA,NA,NA,NA,NA,NA,NA,NA,NA,NA,NA,NA,NA,NA,NA,NA,NA,NA,NA,NA,NA,NA,NA,NA,NA,NA,NA,NA,NA,NA,NA,NA,NA,NA,NA,NA,,,,,,,,,,,,,NA,,,NA,,,NA,,,NA,,,NA,,,NA,,,NA,,,NA,,,NA,,,NA,,,NA,,,NA,,,NA,NA,NA,NA,NA,NA,NA,NA,NA,NA,NA,NA,NA,NA,NA,NA,NA,NA,NA,NA,NA,NA,NA,NA,NA,NA,NA,NA,NA,NA
1,6244,25,4,919,6007,117605,E14001283,Hertford and Stortford,,Bishop's Stortford College,School House,Maze Green Road,,Bishop's Stortford,CM23 2PQ,01279838575,0,IND,None,,NA,MIXED,0,Mar-18,0,,,R,,248,138,134,44.7,B+,132,44.87,B+,132,33.30%,134,44.71,B+,NE,NE,NE,NE,NE,NE,NE,NE,NE,NE,1,SUPP,SUPP,NE,NE,NE,114,51.80%,NA,NA,NA,NA,NA,NA,NA,NA,NA,NA,NA,NA,NA,NA,NA,NA,NA,NA,NA,NA,NE,NE,NE,NA,NA,NA,NE,NE,NA,NA,NA,NA,NA,NA,NA,NA,NA,NA,NA,NA,NA,NA,NA,NA,NA,NA,NA,NA,NA,NA,NA,NA,NA,NA,NA,NA,NA,NA,NA,NA,NA,NA,NA,NA,NA,NA,NA,NA,NA,NA,NA,NA,NA,NA,NA,NA,NA,NA,NA,NA,NA,NA,NA,NA,NA,NA,NA,NA,355,0.09,0.2,-0.02,3,386,0.08,0.19,-0.03,3,NE,NE,NE,NE,NA,NE,NE,NE,NE,NA,NE,NE,NE,NE,NA,NA,NA,NA,NA,NA,NA,NA,NA,NA,NA,NA,NA,NA,NA,NA,NA,NA,NA,NA,NA,NA,NA,NA,NA,NA,NA,NA,NA,NA,NA,NA,NA,NA,NA,NA,NA,NA,NA,NA,NA,122,110,118,121,109,117,43.13,42.92,47.44,B+,B+,A-,121,109,117,43.27,42.59,47.6,B+,B+,A-,NE,NE,NE,NE,NE,NE,NE,NE,NE,NE,NE,NE,NE,NE,NE,NE,NE,NE,NE,NE,NE,NE,NE,NE,NE,NE,NE,,,,,,,,,,,,,,,,331,,,0.15,,,2,0.26,,,0.04,,,353,,,0.15,,,2,0.26,,,0.03,,,NE,,,NE,,,,NE,,,NE,,,NA,NA,NA,NA,NA,NA,NA,NA,NA,NA,NA,NA,NA,NA,NA,NA,NA,NA,NA,NA,NA,NA,NA,NA,NA,NA,NA,NA,NA,NA,NA,NA,NA,NA,NA,NA,NA,NA,NA,NA,NA,NA,NA,NA,NA,NA,NA,NA,NA,NA,NA,NA,NA,NA,NA,NA,NA,NA,NA,NA,NA,NA,NA,NA,NA,NA,NA,NA,NA,NA,NA,NA,NA,NA,NA,NA,NA,NA,,,,,,,,,,,,,NA,,,NA,,,NA,,,NA,,,NA,,,NA,,,NA,,,NA,,,NA,,,NA,,,NA,,,NA,,,NA,NA,NA,NA,NA,NA,NA,NA,NA,NA,NA,NA,NA,NA,NA,NA,NA,NA,NA,NA,NA,NA,NA,NA,NA,NA,NA,NA,NA,NA,NA,NA,NA,NA,NA,NA,NA,NA,NA,NA,NA,NA,NA,NA,NA,NA,NA,NA,NA,NA,NA,NA,NA,NA,NA,NA,NA,NA,NA,NA,NA,NA,NA,NA,NA,NA,NA,NA,NA,NA,NA,NA,NA,NA,NA,NA,NA,NA,,,,,,,,,,,,,NA,,,NA,,,NA,,,NA,,,NA,,,NA,,,NA,,,NA,,,NA,,,NA,,,NA,,,NA,,,NA,NA,NA,NA,NA,NA,NA,NA,NA,NA,NA,NA,NA,NA,NA,NA,NA,NA,NA,NA,NA,NA,NA,NA,NA,NA,NA,NA,NA,NA
1,6246,25,4,919,5405,117577,E14001283,Hertford and Stortford,,The Bishop's Stortford High School,Beaumont Avenue,,,Bishop's Stortford,CM23 4SH,01279868686,0,FD,None,NSE,OTHER NON SEL,MIXED,0,Nov-18,0,,,R,,381,205,198,35.7,B-,178,35.96,B-,178,18.00%,199,35.68,B-,19,40.26,Dist+,NE,NE,NE,1,SUPP,20,95.00%,1,SUPP,SUPP,NE,NE,NE,195,47.70%,182,97.80%,97.80%,182,97.80%,182,97.80%,97.80%,182,97.80%,21,90.50%,90.50%,21,90.50%,NE,NE,NE,NE,NE,NE,NE,NE,NE,NE,NE,NE,NE,6,SUPP,SUPP,SUPP,SUPP,SUPP,SUPP,SUPP,SUPP,SUPP,NE,NE,NE,NE,NE,NE,NE,SUPP,SUPP,SUPP,SUPP,SUPP,SUPP,NE,NE,NE,NE,NE,NE,NE,197,SUPP,SUPP,SUPP,SUPP,SUPP,SUPP,SUPP,SUPP,SUPP,NE,NE,NE,SUPP,SUPP,NE,NE,SUPP,SUPP,SUPP,SUPP,SUPP,SUPP,NE,NE,NE,NE,NE,NE,NE,553,-0.17,-0.08,-0.25,4,627,-0.18,-0.1,-0.27,4,19,0.25,0.6,-0.1,3,NE,NE,NE,NE,NA,NE,NE,NE,NE,NA,10,0.26,0.96,-0.43,13,0.02,0.67,-0.62,SUPP,SUPP,SUPP,SUPP,NE,NE,NE,NE,NE,NE,NE,NE,543,-0.17,-0.09,-0.26,614,-0.19,-0.1,-0.27,SUPP,SUPP,SUPP,SUPP,NE,NE,NE,NE,NE,NE,NE,NE,198,152,196,190,145,192,33.06,37.29,42.46,C+,B-,B+,192,146,192,33.15,37.29,42.11,C+,B-,B+,24,10,23,37.08,39.75,35.54,Dist+,Dist+,Dist,NE,NE,NE,NE,NE,NE,NE,NE,NE,NE,NE,NE,NE,NE,NE,NE,NE,NE,,,,,,,,,,,,,,,,530,,,-0.27,,,4,-0.18,,,-0.36,,,605,,,-0.27,,,4,-0.18,,,-0.36,,,24,,,0.12,,,3,0.43,,,-0.2,,,174,140,173,96.60%,95.70%,99.40%,174,140,173,96.60%,95.70%,99.40%,25,12,24,96.00%,91.70%,95.80%,NE,NE,NE,NE,NE,NE,NE,NE,NE,NE,NE,NE,12,11,10,11,10,10,28,31.92,35.42,C-,C+,B-,12,11,10,27.89,31.41,35.07,C-,C,B-,SUPP,SUPP,NE,SUPP,SUPP,NE,SUPP,SUPP,NE,NE,NE,NE,NE,NE,NE,NE,NE,NE,NE,NE,NE,NE,NE,NE,NE,NE,NE,,,,,,,,,,,,,27,,,-0.41,,,0.01,,,-0.82,,,29,,,-0.42,,,-0.01,,,-0.82,,,SUPP,,,SUPP,,,SUPP,,,SUPP,,,10,9,10,90.00%,88.90%,100.00%,10,9,10,90.00%,88.90%,100.00%,SUPP,SUPP,NE,SUPP,SUPP,NE,NE,NE,NE,NE,NE,NE,NE,NE,NE,NE,NE,NE,185,140,186,178,135,182,33.22,37.65,42.86,C+,B-,B+,179,135,182,33.31,37.67,42.52,C+,B-,B+,SUPP,SUPP,23,SUPP,SUPP,35.54,SUPP,SUPP,Dist,NE,NE,NE,NE,NE,NE,NE,NE,NE,NE,NE,NE,NE,NE,NE,NE,NE,NE,,,,,,,,,,,,,503,,,-0.26,,,-0.17,,,-0.35,,,576,,,-0.26,,,-0.17,,,-0.35,,,SUPP,,,SUPP,,,SUPP,,,SUPP,,,163,131,163,96.90%,96.20%,99.40%,163,131,163,96.90%,96.20%,99.40%,SUPP,SUPP,24,SUPP,SUPP,95.80%,NE,NE,NE,NE,NE,NE,NE,NE,NE,NE,NE,NE
1,41308,25,4,919,8022,130723,E14001507,St Albans,,Oaklands College,Oaklands Campus,Hatfield Road,,St Albans,AL4 0JA,01727737000,0,General Further Education College,Does not apply,NA,NA,MIXED,0,16-99,0,,,,,3475,1633,42,22.21,D+,33,21.82,D+,33,0.00%,46,23.01,D+,275,28.41,Merit+,143,25.24,Merit,476,30.00%,586,49.80%,459,0.05,84.70%,637,-0.09,80.80%,428,1.60%,38,94.70%,94.70%,35,88.60%,38,94.70%,94.70%,35,88.60%,294,91.80%,87.40%,286,73.10%,172,95.30%,78.50%,172,82.00%,117,5.87,L2Merit,122,90.20%,73.80%,448,22.30%,415,SUPP,SUPP,SUPP,SUPP,SUPP,SUPP,47,23.1,Merit-,23,25.34,Merit,168,-0.15,223,-0.17,SUPP,SUPP,SUPP,SUPP,55,89.10%,30,90.00%,27,5.96,L2Merit,30,93.30%,1128,SUPP,SUPP,SUPP,SUPP,SUPP,SUPP,220,29.31,Merit+,118,25.16,Merit,288,0.16,411,-0.06,SUPP,SUPP,SUPP,SUPP,231,92.20%,141,96.50%,88,5.83,L2Merit,90,88.90%,101,-1.17,-0.96,-1.38,5,107,-1.13,-0.92,-1.34,5,279,-0.03,0.08,-0.14,3,140,-0.04,0.11,-0.19,3,113,0.09,0.2,-0.03,3,SUPP,SUPP,SUPP,SUPP,SUPP,SUPP,SUPP,SUPP,50,-0.24,0.02,-0.51,23,0.06,0.44,-0.31,26,0.17,0.41,-0.07,SUPP,SUPP,SUPP,SUPP,SUPP,SUPP,SUPP,SUPP,229,0.02,0.14,-0.1,117,-0.06,0.11,-0.22,87,0.06,0.2,-0.08,1597,1466,1582,22,28,38,15.83,17.14,26.74,D-,D-,C-,31,49,38,18.39,23.66,27.89,D,D+,C-,296,204,231,27.86,25.43,26.43,Merit+,Merit,Merit,181,159,86,25.14,24.09,29.56,Merit,Merit,Merit+,105,40,12,6.05,5.95,6.08,L2Merit,L2Merit,L2Merit,,,,,,,,,,,,,,,,17,,,-1.28,,,5,-0.76,,,-1.8,,,21,,,-1.09,,,5,-0.6,,,-1.58,,,188,,,0.01,,,3,0.14,,,-0.12,,,3,8,37,SUPP,62.50%,94.60%,3,8,37,SUPP,62.50%,94.60%,321,267,292,91.60%,91.00%,95.50%,225,214,178,93.30%,93.50%,91.00%,114,61,18,87.70%,82.00%,77.80%,429,402,407,SUPP,SUPP,9,SUPP,SUPP,26.36,SUPP,SUPP,C-,SUPP,SUPP,9,SUPP,SUPP,26.9,SUPP,SUPP,C-,56,41,48,24.87,23.82,24.38,Merit,Merit,Merit,33,39,24,21.18,23.49,26.8,Merit-,Merit,Merit+,29,12,SUPP,5.97,5.67,SUPP,L2Merit,L2Merit-,SUPP,,,,,,,,,,,,,SUPP,,,SUPP,,,SUPP,,,SUPP,,,SUPP,,,SUPP,,,SUPP,,,SUPP,,,27,,,0.05,,,0.4,,,-0.31,,,NE,NE,10,NE,NE,100.00%,NE,NE,10,NE,NE,100.00%,67,63,61,89.60%,82.50%,91.80%,45,60,45,91.10%,96.70%,84.40%,33,17,7,84.80%,88.20%,71.40%,1094,993,1104,SUPP,SUPP,28,SUPP,SUPP,26.67,SUPP,SUPP,C-,SUPP,SUPP,28,SUPP,SUPP,28.04,SUPP,SUPP,C-,231,158,175,28.31,25.71,26.96,Merit+,Merit,Merit+,146,118,61,25.86,24.35,30.47,Merit,Merit,Dist-,74,28,SUPP,6.05,6.07,SUPP,L2Merit,L2Merit,SUPP,,,,,,,,,,,,,SUPP,,,SUPP,,,SUPP,,,SUPP,,,SUPP,,,SUPP,,,SUPP,,,SUPP,,,161,,,0,,,0.14,,,-0.14,,,SUPP,7,26,SUPP,71.40%,92.30%,SUPP,7,26,SUPP,71.40%,92.30%,246,198,222,92.30%,93.90%,96.40%,178,151,132,93.80%,92.70%,93.20%,79,44,9,88.60%,79.50%,77.80%
1,24066,25,4,919,6015,117607,E14001139,Broxbourne,,Haileybury College,,,,Hertford,SG13 7NU,01992706200,0,IND,Church of England,,NA,MIXED,0,Nov-18,0,,,R,,384,193,126,45.23,A-,126,45.34,A-,126,33.30%,190,44.84,B+,NE,NE,NE,NE,NE,NE,1,SUPP,1,SUPP,1,SUPP,SUPP,NE,NE,NE,136,61.80%,NA,NA,NA,NA,NA,NA,NA,NA,NA,NA,NA,NA,NA,NA,NA,NA,NA,NA,NA,NA,NE,NE,NE,NA,NA,NA,NE,NE,NA,NA,NA,NA,NA,NA,NA,NA,NA,NA,NA,NA,NA,NA,NA,NA,NA,NA,NA,NA,NA,NA,NA,NA,NA,NA,NA,NA,NA,NA,NA,NA,NA,NA,NA,NA,NA,NA,NA,NA,NA,NA,NA,NA,NA,NA,NA,NA,NA,NA,NA,NA,NA,NA,NA,NA,NA,NA,NA,NA,323,0.38,0.49,0.26,1,352,0.27,0.38,0.15,2,NE,NE,NE,NE,NA,NE,NE,NE,NE,NA,NE,NE,NE,NE,NA,NA,NA,NA,NA,NA,NA,NA,NA,NA,NA,NA,NA,NA,NA,NA,NA,NA,NA,NA,NA,NA,NA,NA,NA,NA,NA,NA,NA,NA,NA,NA,NA,NA,NA,NA,NA,NA,NA,NA,NA,169,178,165,110,122,97,44.56,43.51,47.61,B+,B+,A-,167,177,164,45.76,44.1,46.39,A-,B+,A-,NE,NE,NE,NE,NE,NE,NE,NE,NE,NE,NE,NE,NE,NE,NE,NE,NE,NE,NE,NE,NE,NE,NE,NE,NE,NE,NE,,,,,,,,,,,,,,,,304,,,0.33,,,2,0.45,,,0.21,,,330,,,0.43,,,1,0.55,,,0.32,,,NE,,,NE,,,,NE,,,NE,,,NA,NA,NA,NA,NA,NA,NA,NA,NA,NA,NA,NA,NA,NA,NA,NA,NA,NA,NA,NA,NA,NA,NA,NA,NA,NA,NA,NA,NA,NA,NA,NA,NA,NA,NA,NA,NA,NA,NA,NA,NA,NA,NA,NA,NA,NA,NA,NA,NA,NA,NA,NA,NA,NA,NA,NA,NA,NA,NA,NA,NA,NA,NA,NA,NA,NA,NA,NA,NA,NA,NA,NA,NA,NA,NA,NA,NA,NA,,,,,,,,,,,,,NA,,,NA,,,NA,,,NA,,,NA,,,NA,,,NA,,,NA,,,NA,,,NA,,,NA,,,NA,,,NA,NA,NA,NA,NA,NA,NA,NA,NA,NA,NA,NA,NA,NA,NA,NA,NA,NA,NA,NA,NA,NA,NA,NA,NA,NA,NA,NA,NA,NA,NA,NA,NA,NA,NA,NA,NA,NA,NA,NA,NA,NA,NA,NA,NA,NA,NA,NA,NA,NA,NA,NA,NA,NA,NA,NA,NA,NA,NA,NA,NA,NA,NA,NA,NA,NA,NA,NA,NA,NA,NA,NA,NA,NA,NA,NA,NA,NA,,,,,,,,,,,,,NA,,,NA,,,NA,,,NA,,,NA,,,NA,,,NA,,,NA,,,NA,,,NA,,,NA,,,NA,,,NA,NA,NA,NA,NA,NA,NA,NA,NA,NA,NA,NA,NA,NA,NA,NA,NA,NA,NA,NA,NA,NA,NA,NA,NA,NA,NA,NA,NA,NA
1,57332,25,4,919,4117,138484,E14001283,Hertford and Stortford,,The Sele School,Welwyn Road,,,Hertford,SG14 2DG,01992581455,0,ACC,Does not apply,NSE,OTHER NON SEL,MIXED,0,Nov-18,0,,,R,,13,22,NE,NE,NE,NE,NE,NE,NE,NE,NE,NE,NE,NE,NE,NE,NE,NE,NE,NE,NE,NE,NE,3,SUPP,SUPP,3,SUPP,SUPP,NE,NE,NE,NE,NE,NE,NE,NE,NE,NE,NE,NE,4,SUPP,SUPP,4,SUPP,NE,NE,NE,NE,NE,NE,NE,NE,NE,NE,NE,NE,NE,SUPP,NE,NE,NE,NE,NE,NE,NE,NE,NE,NE,NE,NE,NE,NE,SUPP,SUPP,NE,NE,NE,NE,NE,NE,NE,NE,NE,NE,NE,NE,NE,SUPP,NE,NE,NE,NE,NE,NE,NE,NE,NE,NE,NE,NE,SUPP,SUPP,SUPP,SUPP,NE,NE,NE,NE,SUPP,SUPP,NE,NE,NE,NE,NE,NE,NE,NA,NA,NA,NA,NA,NA,NA,NA,NA,NA,NA,NA,NA,NA,NA,NA,NA,NA,NA,NA,NA,NA,NA,NA,NA,NA,NA,NA,NA,NA,NA,NA,NA,NA,NA,NA,NA,NA,NA,NA,NA,NA,NA,NA,NA,NA,NA,NA,NA,NA,NA,NA,NA,NA,NA,NA,NA,NA,NA,NA,NA,NA,NA,NA,NA,15,11,9,NE,10,9,NE,29.22,32.5,NE,C,C+,NE,10,9,NE,29.46,32.5,NE,C,C+,14,6,9,24.03,29.5,30.68,Merit,Merit+,Dist-,NE,NE,NE,NE,NE,NE,NE,NE,NE,NE,NE,NE,NE,NE,NE,NE,NE,NE,,,,,,,,,,,,,,,,NE,,,NE,,,,NE,,,NE,,,NE,,,NE,,,,NE,,,NE,,,11,,,-0.72,,,5,-0.22,,,-1.21,,,1,9,2,SUPP,100.00%,SUPP,1,9,2,SUPP,100.00%,SUPP,13,2,7,92.30%,SUPP,100.00%,NE,NE,NE,NE,NE,NE,NE,NE,NE,NE,NE,NE,SUPP,SUPP,NE,NE,SUPP,NE,NE,SUPP,NE,NE,SUPP,NE,NE,SUPP,NE,NE,SUPP,NE,NE,SUPP,NE,SUPP,SUPP,NE,SUPP,SUPP,NE,SUPP,SUPP,NE,NE,NE,NE,NE,NE,NE,NE,NE,NE,NE,NE,NE,NE,NE,NE,NE,NE,NE,,,,,,,,,,,,,NE,,,NE,,,NE,,,NE,,,NE,,,NE,,,NE,,,NE,,,SUPP,,,SUPP,,,SUPP,,,SUPP,,,SUPP,SUPP,NE,SUPP,SUPP,NE,SUPP,SUPP,NE,SUPP,SUPP,NE,SUPP,SUPP,NE,SUPP,SUPP,NE,NE,NE,NE,NE,NE,NE,NE,NE,NE,NE,NE,NE,SUPP,SUPP,9,NE,SUPP,9,NE,SUPP,32.5,NE,SUPP,C+,NE,SUPP,9,NE,SUPP,32.5,NE,SUPP,C+,SUPP,SUPP,9,SUPP,SUPP,30.68,SUPP,SUPP,Dist-,NE,NE,NE,NE,NE,NE,NE,NE,NE,NE,NE,NE,NE,NE,NE,NE,NE,NE,,,,,,,,,,,,,NE,,,NE,,,NE,,,NE,,,NE,,,NE,,,NE,,,NE,,,SUPP,,,SUPP,,,SUPP,,,SUPP,,,NE,SUPP,SUPP,NE,SUPP,SUPP,NE,SUPP,SUPP,NE,SUPP,SUPP,SUPP,SUPP,7,SUPP,SUPP,100.00%,NE,NE,NE,NE,NE,NE,NE,NE,NE,NE,NE,NE
1,46094,25,4,919,5410,136877,E14001568,Watford,,Queens' School,Aldenham Road,,,Bushey,WD23 2TY,01923224465,0,ACC,None,NSE,OTHER NON SEL,MIXED,0,Nov-18,0,,,R,,309,149,148,39.94,B,129,40.28,B,129,29.50%,148,39.4,B,20,37.2,Dist+,NE,NE,NE,NE,NE,20,100.00%,NE,NE,NE,NE,NE,NE,147,51.00%,144,99.30%,99.30%,144,99.30%,144,99.30%,99.30%,144,99.30%,5,SUPP,SUPP,5,SUPP,NE,NE,NE,NE,NE,NE,NE,NE,NE,NE,NE,NE,NE,13,12,38.8,B,12,38.14,B-,NE,NE,NE,NE,NE,NE,NE,NE,NE,NE,13,92.30%,13,92.30%,NE,NE,NE,NE,NE,NE,NE,NE,NE,136,136,40.05,B,136,39.52,B,20,37.2,Dist+,NE,NE,NE,NE,NE,NE,NE,131,100.00%,131,100.00%,SUPP,SUPP,NE,NE,NE,NE,NE,NE,NE,437,0.32,0.42,0.22,2,521,0.25,0.34,0.15,2,25,0.54,0.9,0.18,2,NE,NE,NE,NE,NA,NE,NE,NE,NE,NA,38,0.16,0.53,-0.2,46,0.06,0.41,-0.29,NE,NE,NE,NE,NE,NE,NE,NE,NE,NE,NE,NE,399,0.33,0.43,0.23,475,0.26,0.36,0.17,25,0.54,0.9,0.19,NE,NE,NE,NE,NE,NE,NE,NE,196,173,175,183,163,169,36.51,36.11,38.4,B-,B-,B,183,163,169,36.18,35.99,38.22,B-,B-,B-,18,22,12,35.24,37.71,30.67,Dist,Dist+,Dist-,NE,NE,NE,NE,NE,NE,NE,NE,NE,NE,NE,NE,NE,NE,NE,NE,NE,NE,,,,,,,,,,,,,,,,542,,,0.08,,,3,0.16,,,-0.01,,,628,,,0.03,,,3,0.12,,,-0.05,,,20,,,0.34,,,3,0.72,,,-0.03,,,191,171,171,94.20%,94.20%,97.10%,191,171,171,94.20%,94.20%,97.10%,5,3,3,SUPP,SUPP,SUPP,NE,NE,NE,NE,NE,NE,NE,NE,NE,NE,NE,NE,16,13,16,14,10,14,35.18,37.31,36.59,B-,B-,B-,14,10,14,35.08,37.28,36.49,B-,B-,B-,SUPP,SUPP,SUPP,SUPP,SUPP,SUPP,SUPP,SUPP,SUPP,NE,NE,NE,NE,NE,NE,NE,NE,NE,NE,NE,NE,NE,NE,NE,NE,NE,NE,,,,,,,,,,,,,42,,,-0.07,,,0.27,,,-0.41,,,48,,,-0.07,,,0.26,,,-0.4,,,SUPP,,,SUPP,,,SUPP,,,SUPP,,,16,12,15,87.50%,83.30%,93.30%,16,12,15,87.50%,83.30%,93.30%,NE,NE,NE,NE,NE,NE,NE,NE,NE,NE,NE,NE,NE,NE,NE,NE,NE,NE,180,160,159,169,153,155,36.62,36.04,38.56,B-,B-,B,169,153,155,36.27,35.92,38.37,B-,B-,B,SUPP,SUPP,SUPP,SUPP,SUPP,SUPP,SUPP,SUPP,SUPP,NE,NE,NE,NE,NE,NE,NE,NE,NE,NE,NE,NE,NE,NE,NE,NE,NE,NE,,,,,,,,,,,,,500,,,0.09,,,0.18,,,0,,,580,,,0.04,,,0.13,,,-0.05,,,SUPP,,,SUPP,,,SUPP,,,SUPP,,,175,159,156,94.90%,95.00%,97.40%,175,159,156,94.90%,95.00%,97.40%,SUPP,SUPP,SUPP,SUPP,SUPP,SUPP,NE,NE,NE,NE,NE,NE,NE,NE,NE,NE,NE,NE
1,566,25,4,919,4032,145430,E14001278,Hemel Hempstead,,The Adeyfield Academy,Longlands,,,Hemel Hempstead,HP2 4DE,01442406020,0,AC,Does not apply,NSE,OTHER NON SEL,MIXED,0,Nov-18,0,,,R,,47,30,24,19.5,D,14,19.76,D,14,0.00%,24,19.97,D,9,27.33,Merit+,6,35.83,Dist,6,100.00%,9,100.00%,1,SUPP,SUPP,2,SUPP,SUPP,23,21.70%,26,92.30%,92.30%,26,92.30%,26,92.30%,92.30%,26,92.30%,2,SUPP,SUPP,2,SUPP,1,SUPP,SUPP,1,SUPP,NE,NE,NE,NE,NE,NE,NE,NE,12,6,17.06,D-,6,17.17,D-,SUPP,SUPP,SUPP,SUPP,SUPP,SUPP,NE,NE,SUPP,SUPP,7,85.70%,7,85.70%,SUPP,SUPP,SUPP,SUPP,NE,NE,NE,NE,NE,17,17,19.5,D,17,20.07,D,SUPP,SUPP,SUPP,SUPP,SUPP,SUPP,SUPP,SUPP,SUPP,SUPP,18,94.40%,18,94.40%,SUPP,SUPP,SUPP,SUPP,NE,NE,NE,NE,NE,57,-0.61,-0.34,-0.87,5,70,-0.6,-0.35,-0.86,4,9,0.24,0.79,-0.3,3,6,0.81,1.53,0.08,2,NE,NE,NE,NE,NA,17,-0.69,-0.17,-1.21,22,-0.71,-0.22,-1.19,SUPP,SUPP,SUPP,SUPP,SUPP,SUPP,SUPP,SUPP,NE,NE,NE,NE,40,-0.57,-0.25,-0.89,48,-0.56,-0.26,-0.86,SUPP,SUPP,SUPP,SUPP,SUPP,SUPP,SUPP,SUPP,NE,NE,NE,NE,19,29,38,16,18,22,25,25.94,27.23,C-,C-,C-,16,22,22,26.64,27.31,27.67,C-,C-,C-,11,18,15,19.76,30.51,29.81,Pass+,Dist-,Merit+,6,2,6,30.83,SUPP,30,Dist-,SUPP,Dist-,NE,NE,NE,NE,NE,NE,NE,NE,NE,,,,,,,,,,,,,,,,30,,,-0.53,,,4,-0.15,,,-0.91,,,38,,,-0.44,,,4,-0.09,,,-0.8,,,17,,,-0.46,,,4,-0.07,,,-0.86,,,10,9,16,100.00%,100.00%,93.80%,10,9,16,100.00%,100.00%,93.80%,6,15,13,83.30%,93.30%,92.30%,3,1,2,SUPP,SUPP,SUPP,NE,NE,NE,NE,NE,NE,6,6,16,SUPP,SUPP,7,SUPP,SUPP,21.25,SUPP,SUPP,D,SUPP,SUPP,7,SUPP,SUPP,21.25,SUPP,SUPP,D,SUPP,SUPP,6,SUPP,SUPP,27.73,SUPP,SUPP,Merit+,SUPP,NE,SUPP,SUPP,NE,SUPP,SUPP,NE,SUPP,NE,NE,NE,NE,NE,NE,NE,NE,NE,,,,,,,,,,,,,7,,,-0.61,,,0.24,,,-1.47,,,10,,,-0.46,,,0.31,,,-1.23,,,10,,,-0.47,,,0.04,,,-0.98,,,SUPP,SUPP,6,SUPP,SUPP,83.30%,SUPP,SUPP,6,SUPP,SUPP,83.30%,SUPP,SUPP,SUPP,SUPP,SUPP,SUPP,NE,NE,SUPP,NE,NE,SUPP,NE,NE,NE,NE,NE,NE,13,23,21,SUPP,SUPP,15,SUPP,SUPP,30.32,SUPP,SUPP,C,SUPP,SUPP,15,SUPP,SUPP,30.71,SUPP,SUPP,C,SUPP,SUPP,9,SUPP,SUPP,31.25,SUPP,SUPP,Dist-,SUPP,SUPP,SUPP,SUPP,SUPP,SUPP,SUPP,SUPP,SUPP,NE,NE,NE,NE,NE,NE,NE,NE,NE,,,,,,,,,,,,,23,,,-0.51,,,-0.08,,,-0.94,,,28,,,-0.44,,,-0.03,,,-0.84,,,7,,,-0.46,,,0.14,,,-1.06,,,SUPP,SUPP,10,SUPP,SUPP,100.00%,SUPP,SUPP,10,SUPP,SUPP,100.00%,SUPP,SUPP,SUPP,SUPP,SUPP,SUPP,SUPP,SUPP,NE,SUPP,SUPP,NE,NE,NE,NE,NE,NE,NE
1,56682,25,4,919,4003,138582,E14001507,St Albans,,Samuel Ryder Academy,Drakes Drive,,,St Albans,AL1 5AR,01727859382,0,AC,None,NSE,OTHER NON SEL,MIXED,0,Apr-19,0,,,,,170,78,71,35.38,B-,61,35.57,B-,61,9.80%,72,35.26,B-,11,40.83,Dist+,NE,NE,NE,NE,NE,11,100.00%,NE,NE,NE,NE,NE,NE,72,47.20%,62,98.40%,98.40%,62,98.40%,62,98.40%,98.40%,62,98.40%,11,81.80%,81.80%,11,81.80%,NE,NE,NE,NE,NE,NE,NE,NE,NE,NE,NE,NE,NE,SUPP,SUPP,SUPP,SUPP,SUPP,SUPP,SUPP,NE,NE,NE,NE,NE,NE,NE,NE,NE,NE,SUPP,SUPP,SUPP,SUPP,NE,NE,NE,NE,NE,NE,NE,NE,NE,SUPP,SUPP,SUPP,SUPP,SUPP,SUPP,SUPP,11,40.83,Dist+,NE,NE,NE,NE,NE,NE,NE,SUPP,SUPP,SUPP,SUPP,11,81.80%,NE,NE,NE,NE,NE,NE,NE,195,0,0.15,-0.14,3,212,0,0.14,-0.14,3,11,0.53,0.99,0.07,2,NE,NE,NE,NE,NA,NE,NE,NE,NE,NA,10,0.65,1.37,-0.06,10,0.65,1.37,-0.06,NE,NE,NE,NE,NE,NE,NE,NE,NE,NE,NE,NE,185,-0.03,0.11,-0.18,202,-0.04,0.11,-0.18,11,0.53,0.99,0.07,NE,NE,NE,NE,NE,NE,NE,NE,81,77,47,70,60,34,34.17,33.44,36.8,C+,C+,B-,70,60,37,34.28,33.49,36.71,C+,C+,B-,13,20,13,38.39,38.5,37.37,Dist+,Dist+,Dist+,NE,NE,NE,NE,NE,NE,NE,NE,NE,NE,NE,NE,NE,NE,NE,NE,NE,NE,,,,,,,,,,,,,,,,197,,,-0.25,,,4,-0.1,,,-0.39,,,203,,,-0.24,,,4,-0.1,,,-0.39,,,13,,,0.53,,,2,0.99,,,0.06,,,67,55,32,95.50%,90.90%,100.00%,67,55,32,95.50%,90.90%,100.00%,13,21,14,92.30%,95.20%,92.90%,NE,NE,NE,NE,NE,NE,NE,NE,NE,NE,NE,NE,9,10,13,7,6,9,21.05,29.29,38,D,C,B-,7,6,10,21.05,29.72,37.63,D,C,B-,SUPP,SUPP,SUPP,SUPP,SUPP,SUPP,SUPP,SUPP,SUPP,NE,NE,NE,NE,NE,NE,NE,NE,NE,NE,NE,NE,NE,NE,NE,NE,NE,NE,,,,,,,,,,,,,19,,,-0.83,,,-0.33,,,-1.32,,,19,,,-0.83,,,-0.33,,,-1.32,,,SUPP,,,SUPP,,,SUPP,,,SUPP,,,6,SUPP,8,100.00%,SUPP,100.00%,6,SUPP,8,100.00%,SUPP,100.00%,SUPP,SUPP,SUPP,SUPP,SUPP,SUPP,NE,NE,NE,NE,NE,NE,NE,NE,NE,NE,NE,NE,72,67,33,63,54,24,35.51,33.84,36.11,B-,C+,B-,63,54,26,35.61,33.86,36.11,B-,C+,B-,SUPP,SUPP,SUPP,SUPP,SUPP,SUPP,SUPP,SUPP,SUPP,NE,NE,NE,NE,NE,NE,NE,NE,NE,NE,NE,NE,NE,NE,NE,NE,NE,NE,,,,,,,,,,,,,178,,,-0.18,,,-0.03,,,-0.34,,,184,,,-0.18,,,-0.03,,,-0.33,,,SUPP,,,SUPP,,,SUPP,,,SUPP,,,61,SUPP,23,95.10%,SUPP,100.00%,61,SUPP,23,95.10%,SUPP,100.00%,SUPP,SUPP,SUPP,SUPP,SUPP,SUPP,NE,NE,NE,NE,NE,NE,NE,NE,NE,NE,NE,NE
1,4182,25,4,919,4066,117518,E14001516,Stevenage,,Barnwell School,Barnwell,,,Stevenage,SG2 9SW,01438222500,0,FD,Does not apply,NSE,OTHER NON SEL,MIXED,0,Nov-18,0,,,R,,95,60,29,30.54,C,8,34.58,C+,8,0.00%,29,30.72,C,35,35.14,Dist,10,32.58,Dist-,10,100.00%,35,100.00%,5,SUPP,SUPP,10,0.05,90.00%,42,21.40%,20,95.00%,95.00%,20,95.00%,20,95.00%,95.00%,20,95.00%,27,85.20%,85.20%,27,85.20%,5,SUPP,SUPP,4,SUPP,NE,NE,NE,NE,NE,NE,1,SUPP,7,SUPP,SUPP,SUPP,SUPP,SUPP,SUPP,SUPP,SUPP,SUPP,SUPP,SUPP,SUPP,SUPP,SUPP,SUPP,SUPP,SUPP,SUPP,SUPP,SUPP,SUPP,SUPP,SUPP,SUPP,NE,NE,NE,NE,NE,53,SUPP,SUPP,SUPP,SUPP,SUPP,SUPP,SUPP,SUPP,SUPP,SUPP,SUPP,SUPP,SUPP,SUPP,SUPP,SUPP,SUPP,SUPP,SUPP,SUPP,SUPP,SUPP,SUPP,SUPP,NE,NE,NE,NE,NE,56,-0.46,-0.19,-0.73,4,63,-0.47,-0.21,-0.74,4,68,0.52,0.74,0.31,2,10,-0.18,0.39,-0.74,3,NE,NE,NE,NE,NA,SUPP,SUPP,SUPP,SUPP,SUPP,SUPP,SUPP,SUPP,SUPP,SUPP,SUPP,SUPP,SUPP,SUPP,SUPP,SUPP,NE,NE,NE,NE,SUPP,SUPP,SUPP,SUPP,SUPP,SUPP,SUPP,SUPP,SUPP,SUPP,SUPP,SUPP,SUPP,SUPP,SUPP,SUPP,NE,NE,NE,NE,56,60,64,30,27,40,31.09,29.47,36.25,C,C,B-,31,27,40,31.22,29.47,36.25,C,C,B-,27,21,20,36.29,34.84,33.03,Dist,Dist,Dist-,14,22,14,33.77,35.72,41.29,Dist,Dist,Dist+,NE,NE,NE,NE,NE,NE,NE,NE,NE,,,,,,,,,,,,,,,,53,,,-0.45,,,4,-0.16,,,-0.74,,,58,,,-0.47,,,4,-0.18,,,-0.75,,,39,,,0.53,,,2,0.83,,,0.23,,,16,20,31,93.80%,100.00%,100.00%,16,20,31,93.80%,100.00%,100.00%,20,12,14,85.00%,91.70%,85.70%,15,19,11,80.00%,94.70%,100.00%,NE,NE,NE,NE,NE,NE,11,11,13,SUPP,SUPP,9,SUPP,SUPP,38.13,SUPP,SUPP,B-,SUPP,SUPP,9,SUPP,SUPP,38.13,SUPP,SUPP,B-,SUPP,SUPP,SUPP,SUPP,SUPP,SUPP,SUPP,SUPP,SUPP,SUPP,SUPP,SUPP,SUPP,SUPP,SUPP,SUPP,SUPP,SUPP,NE,NE,NE,NE,NE,NE,NE,NE,NE,,,,,,,,,,,,,SUPP,,,SUPP,,,SUPP,,,SUPP,,,SUPP,,,SUPP,,,SUPP,,,SUPP,,,SUPP,,,SUPP,,,SUPP,,,SUPP,,,SUPP,NE,SUPP,SUPP,NE,SUPP,SUPP,NE,SUPP,SUPP,NE,SUPP,SUPP,SUPP,SUPP,SUPP,SUPP,SUPP,SUPP,6,SUPP,SUPP,100.00%,SUPP,NE,NE,NE,NE,NE,NE,44,49,51,SUPP,SUPP,31,SUPP,SUPP,35.83,SUPP,SUPP,B-,SUPP,SUPP,31,SUPP,SUPP,35.83,SUPP,SUPP,B-,SUPP,SUPP,SUPP,SUPP,SUPP,SUPP,SUPP,SUPP,SUPP,SUPP,SUPP,SUPP,SUPP,SUPP,SUPP,SUPP,SUPP,SUPP,NE,NE,NE,NE,NE,NE,NE,NE,NE,,,,,,,,,,,,,SUPP,,,SUPP,,,SUPP,,,SUPP,,,SUPP,,,SUPP,,,SUPP,,,SUPP,,,SUPP,,,SUPP,,,SUPP,,,SUPP,,,SUPP,20,SUPP,SUPP,100.00%,SUPP,SUPP,20,SUPP,SUPP,100.00%,SUPP,SUPP,SUPP,SUPP,SUPP,SUPP,SUPP,SUPP,13,SUPP,SUPP,92.30%,SUPP,NE,NE,NE,NE,NE,NE
1,11744,25,4,919,4498,137090,E14001283,Hertford and Stortford,,The Chauncy School,Park Road,,,Ware,SG12 0DP,01920411200,0,ACC,None,NSE,OTHER NON SEL,MIXED,0,Nov-18,0,,,R,,293,159,122,35.27,B-,63,35.34,B-,63,20.60%,128,35.83,B-,85,33.61,Dist,NE,NE,NE,1,SUPP,85,100.00%,3,SUPP,SUPP,5,SUPP,SUPP,144,39.60%,95,92.60%,91.60%,95,91.60%,95,92.60%,91.60%,95,91.60%,64,93.80%,92.20%,64,93.80%,NE,NE,NE,NE,NE,NE,NE,NE,NE,NE,NE,NE,NE,26,19,34.24,C+,20,34.62,C+,15,32.29,Dist-,NE,NE,NE,SUPP,SUPP,SUPP,SUPP,14,92.90%,14,92.90%,13,76.90%,NE,NE,NE,NE,NE,NE,NE,131,103,35.45,B-,108,36.05,B-,70,33.89,Dist,NE,NE,NE,SUPP,SUPP,SUPP,SUPP,81,92.60%,81,92.60%,51,98.00%,NE,NE,NE,NE,NE,NE,NE,287,-0.04,0.08,-0.16,3,340,0.05,0.16,-0.06,3,127,0.18,0.33,0.04,2,NE,NE,NE,NE,NA,NE,NE,NE,NE,NA,43,-0.22,0.12,-0.56,51,-0.12,0.2,-0.44,24,0.17,0.52,-0.18,NE,NE,NE,NE,NE,NE,NE,NE,244,-0.01,0.12,-0.13,289,0.08,0.2,-0.04,103,0.18,0.35,0.02,NE,NE,NE,NE,NE,NE,NE,NE,111,89,117,86,63,92,37.63,37.52,39.76,B-,B-,B,88,67,95,38.03,37.69,40.08,B-,B-,B,46,37,48,32.61,36.74,33.67,Dist-,Dist+,Dist,NE,NE,25,NE,NE,33.3,NE,NE,Dist-,NE,NE,NE,NE,NE,NE,NE,NE,NE,,,,,,,,,,,,,,,,204,,,0.33,,,2,0.47,,,0.19,,,247,,,0.37,,,2,0.5,,,0.23,,,61,,,0.1,,,3,0.3,,,-0.11,,,73,57,67,97.30%,91.20%,97.00%,73,57,67,97.30%,91.20%,97.00%,36,29,20,97.20%,62.10%,95.00%,NE,NE,26,NE,NE,92.30%,NE,NE,NE,NE,NE,NE,6,14,9,SUPP,8,8,SUPP,31.18,31.82,SUPP,C,C+,SUPP,9,8,SUPP,30,34.06,SUPP,C,C+,SUPP,7,SUPP,SUPP,36.76,SUPP,SUPP,Dist+,SUPP,NE,NE,SUPP,NE,NE,SUPP,NE,NE,SUPP,NE,NE,NE,NE,NE,NE,NE,NE,NE,,,,,,,,,,,,,7,,,-0.5,,,0.32,,,-1.32,,,9,,,-0.58,,,0.18,,,-1.34,,,SUPP,,,SUPP,,,SUPP,,,SUPP,,,SUPP,9,SUPP,SUPP,77.80%,SUPP,SUPP,9,SUPP,SUPP,77.80%,SUPP,SUPP,SUPP,SUPP,SUPP,SUPP,SUPP,NE,NE,SUPP,NE,NE,SUPP,NE,NE,NE,NE,NE,NE,103,75,107,SUPP,55,84,SUPP,38.32,40.2,SUPP,B-,B,SUPP,58,87,SUPP,38.69,40.45,SUPP,B,B,SUPP,30,SUPP,SUPP,36.74,SUPP,SUPP,Dist+,SUPP,NE,NE,SUPP,NE,NE,SUPP,NE,NE,SUPP,NE,NE,NE,NE,NE,NE,NE,NE,NE,,,,,,,,,,,,,197,,,0.36,,,0.5,,,0.21,,,238,,,0.4,,,0.54,,,0.27,,,SUPP,,,SUPP,,,SUPP,,,SUPP,,,SUPP,48,SUPP,SUPP,93.80%,SUPP,SUPP,48,SUPP,SUPP,93.80%,SUPP,SUPP,SUPP,SUPP,SUPP,SUPP,SUPP,NE,NE,SUPP,NE,NE,SUPP,NE,NE,NE,NE,NE,NE
1,46158,25,4,919,6020,117609,E14001573,Welwyn Hatfield,,Queenswood School,Shepherd's Way,Brookmans Park,,Hatfield,AL9 6NS,01707602500,0,IND,Methodist,,NA,GIRLS,0,Nov-18,0,,,R,,96,44,43,38.68,B,40,39.08,B,40,10.00%,43,38.84,B,NE,NE,NE,NE,NE,NE,1,SUPP,1,SUPP,1,SUPP,SUPP,3,SUPP,SUPP,35,37.10%,NA,NA,NA,NA,NA,NA,NA,NA,NA,NA,NA,NA,NA,NA,NA,NA,NA,NA,NA,NA,NE,NE,NE,NA,NA,NA,NE,NE,NA,NA,NA,NA,NA,NA,NA,NA,NA,NA,NA,NA,NA,NA,NA,NA,NA,NA,NA,NA,NA,NA,NA,NA,NA,NA,NA,NA,NA,NA,NA,NA,NA,NA,NA,NA,NA,NA,NA,NA,NA,NA,NA,NA,NA,NA,NA,NA,NA,NA,NA,NA,NA,NA,NA,NA,NA,NA,NA,NA,114,0.11,0.3,-0.08,3,122,0.13,0.31,-0.06,3,NE,NE,NE,NE,NA,NE,NE,NE,NE,NA,NE,NE,NE,NE,NA,NA,NA,NA,NA,NA,NA,NA,NA,NA,NA,NA,NA,NA,NA,NA,NA,NA,NA,NA,NA,NA,NA,NA,NA,NA,NA,NA,NA,NA,NA,NA,NA,NA,NA,NA,NA,NA,NA,NA,NA,48,44,51,47,43,48,40.6,36.84,41.02,B,B-,B,47,43,48,40.35,36.74,41.4,B,B-,B,NE,NE,NE,NE,NE,NE,NE,NE,NE,NE,NE,NE,NE,NE,NE,NE,NE,NE,NE,NE,NE,NE,NE,NE,NE,NE,NE,,,,,,,,,,,,,,,,143,,,0.13,,,3,0.3,,,-0.04,,,161,,,0.09,,,3,0.25,,,-0.08,,,NE,,,NE,,,,NE,,,NE,,,NA,NA,NA,NA,NA,NA,NA,NA,NA,NA,NA,NA,NA,NA,NA,NA,NA,NA,NA,NA,NA,NA,NA,NA,NA,NA,NA,NA,NA,NA,NA,NA,NA,NA,NA,NA,NA,NA,NA,NA,NA,NA,NA,NA,NA,NA,NA,NA,NA,NA,NA,NA,NA,NA,NA,NA,NA,NA,NA,NA,NA,NA,NA,NA,NA,NA,NA,NA,NA,NA,NA,NA,NA,NA,NA,NA,NA,NA,,,,,,,,,,,,,NA,,,NA,,,NA,,,NA,,,NA,,,NA,,,NA,,,NA,,,NA,,,NA,,,NA,,,NA,,,NA,NA,NA,NA,NA,NA,NA,NA,NA,NA,NA,NA,NA,NA,NA,NA,NA,NA,NA,NA,NA,NA,NA,NA,NA,NA,NA,NA,NA,NA,NA,NA,NA,NA,NA,NA,NA,NA,NA,NA,NA,NA,NA,NA,NA,NA,NA,NA,NA,NA,NA,NA,NA,NA,NA,NA,NA,NA,NA,NA,NA,NA,NA,NA,NA,NA,NA,NA,NA,NA,NA,NA,NA,NA,NA,NA,NA,NA,,,,,,,,,,,,,NA,,,NA,,,NA,,,NA,,,NA,,,NA,,,NA,,,NA,,,NA,,,NA,,,NA,,,NA,,,NA,NA,NA,NA,NA,NA,NA,NA,NA,NA,NA,NA,NA,NA,NA,NA,NA,NA,NA,NA,NA,NA,NA,NA,NA,NA,NA,NA,NA,NA
1,3188,25,4,919,4499,117552,E14001278,Hemel Hempstead,,The Astley Cooper School,St Agnell's Lane,,,Hemel Hempstead,HP2 7HL,01442394141,0,CY,Does not apply,NSE,OTHER NON SEL,MIXED,0,Nov-18,0,,,R,,104,61,29,24.66,D+,4,SUPP,SUPP,4,SUPP,29,25.04,C-,38,29.45,Merit+,NE,NE,NE,NE,NE,38,100.00%,12,0.33,83.30%,24,-0.04,79.20%,32,12.50%,7,100.00%,85.70%,7,85.70%,7,100.00%,85.70%,7,85.70%,39,84.60%,84.60%,39,84.60%,NE,NE,NE,NE,NE,NE,NE,NE,NE,NE,NE,9,0.00%,23,7,22.5,D+,7,22.44,D+,12,23.77,Merit,NE,NE,NE,6,0.5,12,-0.17,SUPP,SUPP,SUPP,SUPP,12,75.00%,NE,NE,NE,NE,NE,NE,NE,38,22,25.32,C-,22,25.82,C-,26,32.11,Dist-,NE,NE,NE,6,0.17,12,0.08,SUPP,SUPP,SUPP,SUPP,27,88.90%,NE,NE,NE,NE,NE,NE,NE,52,-0.23,0.07,-0.52,3,57,-0.2,0.09,-0.49,3,66,0.25,0.47,0.04,2,NE,NE,NE,NE,NA,NE,NE,NE,NE,NA,12,-0.25,0.4,-0.89,13,-0.26,0.37,-0.89,22,-0.04,0.34,-0.43,NE,NE,NE,NE,NE,NE,NE,NE,40,-0.22,0.11,-0.56,44,-0.18,0.14,-0.51,44,0.39,0.66,0.13,NE,NE,NE,NE,NE,NE,NE,NE,54,32,36,30,19,11,23.56,17.31,21.67,D+,D-,D+,33,22,12,23.64,17.81,21.72,D+,D-,D+,34,24,15,25.77,27.66,28.34,Merit,Merit+,Merit+,NE,NE,NE,NE,NE,NE,NE,NE,NE,NE,NE,NE,NE,NE,NE,NE,NE,NE,,,,,,,,,,,,,,,,53,,,-0.16,,,3,0.13,,,-0.45,,,65,,,-0.18,,,3,0.09,,,-0.46,,,58,,,-0.18,,,3,0.05,,,-0.4,,,19,8,8,100.00%,100.00%,75.00%,19,8,8,100.00%,100.00%,75.00%,35,19,15,80.00%,89.50%,73.30%,NE,NE,NE,NE,NE,NE,NE,NE,NE,NE,NE,NE,15,16,18,8,8,SUPP,17.78,17,SUPP,D-,D-,SUPP,8,10,SUPP,18.3,17.59,SUPP,D-,D-,SUPP,6,11,7,25.57,26.86,24.47,Merit,Merit+,Merit,NE,NE,NE,NE,NE,NE,NE,NE,NE,NE,NE,NE,NE,NE,NE,NE,NE,NE,,,,,,,,,,,,,13,,,-0.49,,,0.13,,,-1.11,,,15,,,-0.45,,,0.14,,,-1.05,,,8,,,-0.13,,,0.47,,,-0.73,,,SUPP,SUPP,SUPP,SUPP,SUPP,SUPP,SUPP,SUPP,SUPP,SUPP,SUPP,SUPP,11,11,8,81.80%,81.80%,62.50%,NE,NE,NE,NE,NE,NE,NE,NE,NE,NE,NE,NE,37,16,17,20,11,SUPP,28.35,17.5,SUPP,C,D-,SUPP,23,12,SUPP,28.05,17.95,SUPP,C-,D-,SUPP,28,13,8,25.81,28.44,31.76,Merit,Merit+,Dist-,NE,NE,NE,NE,NE,NE,NE,NE,NE,NE,NE,NE,NE,NE,NE,NE,NE,NE,,,,,,,,,,,,,40,,,-0.06,,,0.27,,,-0.39,,,50,,,-0.1,,,0.21,,,-0.41,,,50,,,-0.18,,,0.06,,,-0.43,,,SUPP,SUPP,SUPP,SUPP,SUPP,SUPP,SUPP,SUPP,SUPP,SUPP,SUPP,SUPP,24,8,7,79.20%,100.00%,85.70%,NE,NE,NE,NE,NE,NE,NE,NE,NE,NE,NE,NE
1,65490,25,4,919,5401,136276,E14001568,Watford,,Watford Grammar School for Boys,Rickmansworth Road,,,Watford,WD18 7JF,01923208900,0,ACC,Church of England,NSE,OTHER NON SEL,BOYS,0,Nov-18,0,,,R,,489,247,245,39.56,B,245,39.65,B,245,26.50%,245,39.42,B,NE,NE,NE,NE,NE,NE,NE,NE,NE,NE,NE,NE,NE,NE,NE,NE,241,84.60%,248,99.20%,98.80%,248,99.20%,248,99.20%,98.80%,248,99.20%,NE,NE,NE,NE,NE,NE,NE,NE,NE,NE,NE,NE,NE,NE,NE,NE,NE,NE,7,7,28.1,C-,7,28.44,C,NE,NE,NE,NE,NE,NE,NE,NE,NE,NE,7,100.00%,7,100.00%,NE,NE,NE,NE,NE,NE,NE,NE,NE,238,236,39.85,B,236,39.7,B,NE,NE,NE,NE,NE,NE,NE,NE,NE,NE,239,99.20%,239,99.20%,NE,NE,NE,NE,NE,NE,NE,NE,NE,790,-0.05,0.02,-0.13,3,848,-0.06,0.01,-0.14,3,NE,NE,NE,NE,NA,NE,NE,NE,NE,NA,NE,NE,NE,NE,NA,21,-0.58,-0.08,-1.08,23,-0.55,-0.06,-1.04,NE,NE,NE,NE,NE,NE,NE,NE,NE,NE,NE,NE,769,-0.04,0.04,-0.12,825,-0.05,0.03,-0.12,NE,NE,NE,NE,NE,NE,NE,NE,NE,NE,NE,NE,194,219,199,186,218,198,41.99,40.1,43.24,B+,B,B+,186,219,198,41.85,39.99,42.89,B+,B,B+,NE,NE,NE,NE,NE,NE,NE,NE,NE,NE,NE,NE,NE,NE,NE,NE,NE,NE,NE,NE,NE,NE,NE,NE,NE,NE,NE,,,,,,,,,,,,,,,,609,,,0.11,,,2,0.2,,,0.03,,,652,,,0.11,,,2,0.19,,,0.02,,,NE,,,NE,,,,NE,,,NE,,,196,220,200,95.40%,99.10%,99.00%,196,220,200,95.40%,99.10%,99.00%,NE,NE,NE,NE,NE,NE,NE,NE,NE,NE,NE,NE,NE,NE,NE,NE,NE,NE,9,SUPP,9,9,SUPP,8,42.14,SUPP,35.2,B+,SUPP,B-,9,SUPP,8,41.74,SUPP,34.96,B+,SUPP,C+,NE,NE,NE,NE,NE,NE,NE,NE,NE,NE,NE,NE,NE,NE,NE,NE,NE,NE,NE,NE,NE,NE,NE,NE,NE,NE,NE,,,,,,,,,,,,,28,,,0.33,,,0.76,,,-0.1,,,30,,,0.29,,,0.71,,,-0.13,,,NE,,,NE,,,NE,,,NE,,,9,6,9,100.00%,83.30%,88.90%,9,6,9,100.00%,83.30%,88.90%,NE,NE,NE,NE,NE,NE,NE,NE,NE,NE,NE,NE,NE,NE,NE,NE,NE,NE,184,SUPP,188,176,SUPP,188,41.89,SUPP,43.63,B+,SUPP,B+,176,SUPP,188,41.77,SUPP,43.26,B+,SUPP,B+,NE,NE,NE,NE,NE,NE,NE,NE,NE,NE,NE,NE,NE,NE,NE,NE,NE,NE,NE,NE,NE,NE,NE,NE,NE,NE,NE,,,,,,,,,,,,,581,,,0.1,,,0.19,,,0.01,,,622,,,0.1,,,0.19,,,0.01,,,NE,,,NE,,,NE,,,NE,,,186,212,189,95.20%,99.50%,99.50%,186,212,189,95.20%,99.50%,99.50%,NE,NE,NE,NE,NE,NE,NE,NE,NE,NE,NE,NE,NE,NE,NE,NE,NE,NE
1,65492,25,4,919,5403,136289,E14001568,Watford,,Watford Grammar School for Girls,Lady's Close,,,Watford,WD18 0AE,01923223403,0,ACC,Church of England,NSE,OTHER NON SEL,GIRLS,0,Nov-18,0,,,R,,384,208,204,39.47,B,204,39.36,B,204,27.90%,204,39.48,B,NE,NE,NE,NE,NE,NE,NE,NE,NE,NE,1,SUPP,SUPP,NE,NE,NE,202,60.40%,207,98.60%,98.60%,207,98.60%,207,98.60%,98.60%,207,98.60%,NE,NE,NE,NE,NE,NE,NE,NE,NE,NE,NE,NE,NE,NE,NE,NE,NE,NE,16,16,35.61,B-,16,35.64,B-,NE,NE,NE,NE,NE,NE,NE,NE,NE,NE,16,100.00%,16,100.00%,NE,NE,NE,NE,NE,NE,NE,NE,NE,189,185,39.99,B,185,40,B,NE,NE,NE,NE,NE,NE,SUPP,SUPP,NE,NE,188,98.40%,188,98.40%,NE,NE,NE,NE,NE,NE,NE,NE,NE,623,-0.05,0.03,-0.14,3,677,-0.05,0.03,-0.14,3,NE,NE,NE,NE,NA,NE,NE,NE,NE,NA,NE,NE,NE,NE,NA,50,-0.23,0.1,-0.56,53,-0.23,0.1,-0.55,NE,NE,NE,NE,NE,NE,NE,NE,NE,NE,NE,NE,573,-0.04,0.05,-0.12,624,-0.04,0.05,-0.12,NE,NE,NE,NE,NE,NE,NE,NE,NE,NE,NE,NE,199,212,199,196,203,196,40.04,38.91,43.98,B,B,B+,196,203,196,39.93,38.7,43.96,B,B,B+,NE,NE,NE,NE,NE,NE,NE,NE,NE,NE,NE,NE,NE,NE,NE,NE,NE,NE,NE,NE,NE,NE,NE,NE,NE,NE,NE,,,,,,,,,,,,,,,,608,,,-0.05,,,3,0.04,,,-0.13,,,663,,,-0.06,,,3,0.02,,,-0.14,,,NE,,,NE,,,,NE,,,NE,,,199,212,199,98.50%,95.80%,98.00%,199,212,199,98.50%,95.80%,98.00%,NE,NE,NE,NE,NE,NE,NE,NE,NE,NE,NE,NE,NE,NE,NE,NE,NE,NE,7,15,16,7,14,16,35.24,37.76,43.08,B-,B-,B+,7,14,16,35.28,37.39,43.04,B-,B-,B+,NE,NE,NE,NE,NE,NE,NE,NE,NE,NE,NE,NE,NE,NE,NE,NE,NE,NE,NE,NE,NE,NE,NE,NE,NE,NE,NE,,,,,,,,,,,,,21,,,-0.13,,,0.34,,,-0.59,,,23,,,-0.14,,,0.31,,,-0.6,,,NE,,,NE,,,NE,,,NE,,,7,15,16,100.00%,93.30%,100.00%,7,15,16,100.00%,93.30%,100.00%,NE,NE,NE,NE,NE,NE,NE,NE,NE,NE,NE,NE,NE,NE,NE,NE,NE,NE,189,195,181,186,188,178,40.18,39.06,44.09,B,B,B+,186,188,178,40.06,38.85,44.07,B,B,B+,NE,NE,NE,NE,NE,NE,NE,NE,NE,NE,NE,NE,NE,NE,NE,NE,NE,NE,NE,NE,NE,NE,NE,NE,NE,NE,NE,,,,,,,,,,,,,587,,,-0.04,,,0.04,,,-0.13,,,640,,,-0.06,,,0.03,,,-0.14,,,NE,,,NE,,,NE,,,NE,,,189,195,181,98.40%,96.40%,97.80%,189,195,181,98.40%,96.40%,97.80%,NE,NE,NE,NE,NE,NE,NE,NE,NE,NE,NE,NE,NE,NE,NE,NE,NE,NE
1,66158,25,4,919,8019,130720,E14001568,Watford,,West Herts College,Watford Campus,Hempstead Road,,Watford,WD17 3EZ,01923812345,0,General Further Education College,Does not apply,NA,NA,MIXED,0,16-99,0,,,,,7855,3372,28,16.11,D-,7,11.43,E,7,0.00%,28,16.11,D-,633,25.45,Merit,167,25.76,Merit,1088,15.30%,1555,43.50%,1014,-0.03,70.80%,1335,-0.36,67.00%,641,0.30%,10,60.00%,60.00%,6,33.30%,10,60.00%,60.00%,6,33.30%,708,86.60%,76.80%,704,73.20%,193,93.30%,83.90%,193,86.00%,18,5.2,L2Pass+,61,95.10%,26.20%,912,2.00%,862,6,15,D-,6,15,D-,118,22.33,Merit-,28,19.35,Pass+,372,-0.27,490,-0.5,SUPP,SUPP,SUPP,SUPP,142,85.20%,37,86.50%,6,5,L2Pass,18,88.90%,2254,18,18.4,D,18,18.4,D,503,25.99,Merit,138,26.7,Merit+,638,0.1,842,-0.27,SUPP,SUPP,SUPP,SUPP,552,87.00%,155,94.80%,12,5.31,L2Pass+,43,97.70%,38,-0.47,-0.09,-0.85,4,38,-0.47,-0.09,-0.85,4,750,-0.31,-0.25,-0.38,4,166,-0.07,0.07,-0.22,3,10,-0.05,0.3,-0.39,3,9,-0.07,0.73,-0.87,9,-0.07,0.73,-0.87,148,-0.46,-0.3,-0.61,28,-0.29,0.11,-0.69,SUPP,SUPP,SUPP,SUPP,29,-0.58,-0.16,-1.01,29,-0.58,-0.16,-1.01,602,-0.28,-0.21,-0.36,138,-0.04,0.12,-0.2,SUPP,SUPP,SUPP,SUPP,3111,2823,3166,19,14,8,23.6,18.46,30,D+,D,C,20,14,8,23.65,18.46,30,D+,D,C,613,536,531,23.89,22.62,26.48,Merit,Merit-,Merit,116,140,127,22.45,26.04,25.31,Merit-,Merit,Merit,14,29,6,5.26,5.44,5.17,L2Pass+,L2Pass+,L2Pass,,,,,,,,,,,,,,,,26,,,-0.26,,,3,0.15,,,-0.67,,,27,,,-0.25,,,3,0.16,,,-0.66,,,490,,,-0.43,,,4,-0.35,,,-0.51,,,11,NE,NE,72.70%,NE,NE,11,NE,NE,72.70%,NE,NE,758,726,620,85.90%,88.60%,96.50%,170,207,184,88.20%,87.90%,87.00%,42,41,62,88.10%,78.00%,83.90%,857,770,888,SUPP,SUPP,SUPP,SUPP,SUPP,SUPP,SUPP,SUPP,SUPP,SUPP,SUPP,SUPP,SUPP,SUPP,SUPP,SUPP,SUPP,SUPP,153,113,118,21.77,19.45,25.45,Merit-,Pass+,Merit,24,21,22,22.44,20.53,24.2,Merit-,Merit-,Merit,SUPP,8,SUPP,SUPP,5.59,SUPP,SUPP,L2Merit-,SUPP,,,,,,,,,,,,,6,,,-0.13,,,0.7,,,-0.96,,,6,,,-0.13,,,0.7,,,-0.96,,,114,,,-0.4,,,-0.22,,,-0.57,,,SUPP,NE,NE,SUPP,NE,NE,SUPP,NE,NE,SUPP,NE,NE,202,188,147,83.20%,82.40%,94.60%,38,41,36,89.50%,80.50%,75.00%,15,15,23,80.00%,60.00%,87.00%,2033,1867,2147,SUPP,SUPP,SUPP,SUPP,SUPP,SUPP,SUPP,SUPP,SUPP,SUPP,SUPP,SUPP,SUPP,SUPP,SUPP,SUPP,SUPP,SUPP,450,412,411,24.42,23.33,26.74,Merit,Merit-,Merit+,91,116,104,22.43,26.69,25.52,Merit-,Merit+,Merit,SUPP,20,SUPP,SUPP,5.35,SUPP,SUPP,L2Pass+,SUPP,,,,,,,,,,,,,20,,,-0.3,,,0.18,,,-0.78,,,21,,,-0.29,,,0.19,,,-0.76,,,376,,,-0.44,,,-0.35,,,-0.53,,,SUPP,NE,NE,SUPP,NE,NE,SUPP,NE,NE,SUPP,NE,NE,544,524,471,86.80%,90.80%,97.00%,131,163,147,87.80%,89.60%,89.80%,27,24,38,92.60%,91.70%,81.60%
1,26778,25,4,919,4122,150217,E14001393,North East Hertfordshire,,The Highfield School,Highfield,,,Letchworth Garden City,SG6 3QA,01462620500,0,ACC,Does not apply,NSE,OTHER NON SEL,MIXED,0,Nov-18,0,,,R,,129,80,74,32.44,C+,59,32.26,C+,59,16.90%,74,32.45,C+,15,31.64,Dist-,6,32.5,Dist-,6,100.00%,15,100.00%,1,SUPP,SUPP,5,SUPP,SUPP,73,50.70%,58,98.30%,98.30%,58,98.30%,58,98.30%,98.30%,58,98.30%,13,92.30%,92.30%,13,92.30%,6,100.00%,100.00%,6,100.00%,NE,NE,NE,NE,NE,NE,NE,NE,13,13,30,C,13,29.94,C,SUPP,SUPP,SUPP,SUPP,SUPP,SUPP,NE,NE,SUPP,SUPP,8,100.00%,8,100.00%,SUPP,SUPP,SUPP,SUPP,NE,NE,NE,NE,NE,67,61,32.9,C+,61,32.9,C+,SUPP,SUPP,SUPP,SUPP,SUPP,SUPP,SUPP,SUPP,SUPP,SUPP,50,98.00%,50,98.00%,SUPP,SUPP,SUPP,SUPP,NE,NE,NE,NE,NE,204,0.07,0.22,-0.08,3,243,0.07,0.21,-0.07,3,22,0.58,0.94,0.23,2,6,0.11,0.84,-0.61,3,NE,NE,NE,NE,NA,33,-0.19,0.2,-0.59,37,-0.18,0.21,-0.56,SUPP,SUPP,SUPP,SUPP,SUPP,SUPP,SUPP,SUPP,NE,NE,NE,NE,171,0.12,0.28,-0.04,206,0.11,0.26,-0.04,SUPP,SUPP,SUPP,SUPP,SUPP,SUPP,SUPP,SUPP,NE,NE,NE,NE,68,78,65,54,70,62,32.03,32.4,31.79,C+,C+,C+,54,71,62,32.34,32.45,32.15,C+,C+,C+,7,4,9,38.57,SUPP,41.67,Dist+,SUPP,Dist*-,NE,NE,NE,NE,NE,NE,NE,NE,NE,NE,NE,NE,NE,NE,NE,NE,NE,NE,,,,,,,,,,,,,,,,152,,,0.01,,,3,0.17,,,-0.16,,,189,,,0,,,3,0.16,,,-0.16,,,8,,,0.78,,,1,1.41,,,0.16,,,64,74,64,84.40%,93.20%,98.40%,64,74,64,84.40%,93.20%,98.40%,2,1,NE,SUPP,SUPP,NE,NE,NE,NE,NE,NE,NE,NE,NE,NE,NE,NE,NE,SUPP,10,6,SUPP,8,SUPP,SUPP,25,SUPP,SUPP,C-,SUPP,SUPP,8,SUPP,SUPP,25.3,SUPP,SUPP,C-,SUPP,NE,SUPP,SUPP,NE,SUPP,SUPP,NE,SUPP,SUPP,NE,NE,NE,NE,NE,NE,NE,NE,NE,NE,NE,NE,NE,NE,NE,NE,NE,NE,,,,,,,,,,,,,9,,,-0.27,,,0.42,,,-0.96,,,11,,,-0.32,,,0.34,,,-0.98,,,NE,,,NE,,,NE,,,NE,,,SUPP,9,6,SUPP,88.90%,100.00%,SUPP,9,6,SUPP,88.90%,100.00%,NE,SUPP,NE,NE,SUPP,NE,NE,NE,NE,NE,NE,NE,NE,NE,NE,NE,NE,NE,SUPP,68,58,SUPP,62,SUPP,SUPP,33.37,SUPP,SUPP,C+,SUPP,SUPP,63,SUPP,SUPP,33.37,SUPP,SUPP,C+,SUPP,7,SUPP,SUPP,38.57,SUPP,SUPP,Dist+,SUPP,SUPP,NE,NE,NE,NE,NE,NE,NE,NE,NE,NE,NE,NE,NE,NE,NE,NE,NE,NE,,,,,,,,,,,,,143,,,0.02,,,0.2,,,-0.15,,,178,,,0.02,,,0.18,,,-0.15,,,8,,,0.78,,,1.41,,,0.16,,,SUPP,65,58,SUPP,93.80%,98.30%,SUPP,65,58,SUPP,93.80%,98.30%,SUPP,NE,NE,SUPP,NE,NE,NE,NE,NE,NE,NE,NE,NE,NE,NE,NE,NE,NE
1,42092,25,4,919,4035,147535,E14001573,Welwyn Hatfield,,Onslow St Audrey's School,Old Rectory Drive,,,Hatfield,AL10 8AB,01707264228,0,ACC,Unknown,NR,NA,MIXED,0,Nov-18,0,,,R,,65,26,19,29.35,C,9,33.33,C+,9,0.00%,19,29.25,C,18,26.73,Merit+,NE,NE,NE,NE,NE,18,100.00%,1,SUPP,SUPP,4,SUPP,SUPP,19,15.80%,17,100.00%,100.00%,17,100.00%,17,100.00%,100.00%,17,100.00%,8,62.50%,62.50%,8,62.50%,NE,NE,NE,NE,NE,NE,NE,NE,NE,NE,NE,NE,NE,7,7,26.47,C-,7,26.15,C-,SUPP,SUPP,SUPP,NE,NE,NE,NE,NE,SUPP,SUPP,6,100.00%,6,100.00%,SUPP,SUPP,NE,NE,NE,NE,NE,NE,NE,18,12,31.03,C,12,31.1,C,SUPP,SUPP,SUPP,NE,NE,NE,SUPP,SUPP,SUPP,SUPP,11,100.00%,11,100.00%,SUPP,SUPP,NE,NE,NE,NE,NE,NE,NE,46,-0.09,0.21,-0.39,3,52,-0.12,0.17,-0.41,3,28,-0.22,0.12,-0.56,3,NE,NE,NE,NE,NA,NE,NE,NE,NE,NA,17,-0.52,0.01,-1.05,20,-0.58,-0.07,-1.09,6,-0.61,0.15,-1.37,NE,NE,NE,NE,NE,NE,NE,NE,29,0.16,0.54,-0.22,32,0.15,0.52,-0.22,22,-0.13,0.25,-0.5,NE,NE,NE,NE,NE,NE,NE,NE,34,57,52,28,48,35,26.23,29.2,32.78,C-,C,C+,29,48,36,26.35,29.2,32.82,C-,C,C+,24,24,26,31.84,31.44,33.77,Dist-,Dist-,Dist,NE,5,3,NE,SUPP,SUPP,NE,SUPP,SUPP,NE,NE,NE,NE,NE,NE,NE,NE,NE,,,,,,,,,,,,,,,,69,,,-0.5,,,4,-0.24,,,-0.76,,,71,,,-0.49,,,4,-0.24,,,-0.75,,,32,,,0.1,,,3,0.41,,,-0.22,,,23,41,28,95.70%,92.70%,100.00%,23,41,28,95.70%,92.70%,100.00%,11,10,18,81.80%,100.00%,94.40%,NE,6,4,NE,83.30%,SUPP,NE,NE,NE,NE,NE,NE,7,7,12,SUPP,SUPP,6,SUPP,SUPP,32.5,SUPP,SUPP,C+,SUPP,SUPP,6,SUPP,SUPP,32.5,SUPP,SUPP,C+,SUPP,SUPP,SUPP,SUPP,SUPP,SUPP,SUPP,SUPP,SUPP,NE,NE,SUPP,NE,NE,SUPP,NE,NE,SUPP,NE,NE,NE,NE,NE,NE,NE,NE,NE,,,,,,,,,,,,,12,,,-0.93,,,-0.29,,,-1.57,,,12,,,-0.93,,,-0.29,,,-1.57,,,8,,,0.45,,,1.1,,,-0.19,,,SUPP,SUPP,SUPP,SUPP,SUPP,SUPP,SUPP,SUPP,SUPP,SUPP,SUPP,SUPP,SUPP,SUPP,SUPP,SUPP,SUPP,SUPP,NE,SUPP,SUPP,NE,SUPP,SUPP,NE,NE,NE,NE,NE,NE,27,50,40,SUPP,SUPP,29,SUPP,SUPP,32.85,SUPP,SUPP,C+,SUPP,SUPP,30,SUPP,SUPP,32.9,SUPP,SUPP,C+,SUPP,SUPP,SUPP,SUPP,SUPP,SUPP,SUPP,SUPP,SUPP,NE,SUPP,SUPP,NE,SUPP,SUPP,NE,SUPP,SUPP,NE,NE,NE,NE,NE,NE,NE,NE,NE,,,,,,,,,,,,,57,,,-0.41,,,-0.13,,,-0.69,,,59,,,-0.4,,,-0.12,,,-0.68,,,24,,,0,,,0.36,,,-0.36,,,SUPP,SUPP,SUPP,SUPP,SUPP,SUPP,SUPP,SUPP,SUPP,SUPP,SUPP,SUPP,SUPP,SUPP,SUPP,SUPP,SUPP,SUPP,NE,SUPP,SUPP,NE,SUPP,SUPP,NE,NE,NE,NE,NE,NE
1,48470,25,4,919,4070,136973,E14001268,Harpenden and Berkhamsted,,Roundwood Park School,Roundwood Park,,,Harpenden,AL5 3AE,01582765344,0,ACC,None,NSE,OTHER NON SEL,MIXED,0,Nov-18,0,,,R,,431,202,193,40.3,B,153,40.87,B,153,28.80%,194,40.23,B,95,34.79,Dist,NE,NE,NE,1,SUPP,95,100.00%,1,SUPP,SUPP,2,SUPP,SUPP,198,51.50%,174,98.90%,98.90%,174,98.90%,174,98.90%,98.90%,174,98.90%,27,96.30%,96.30%,27,96.30%,NE,NE,NE,NE,NE,NE,NE,NE,NE,NE,NE,NE,NE,10,10,30.83,C,10,31.22,C,SUPP,SUPP,SUPP,NE,NE,NE,NE,NE,NE,NE,7,100.00%,7,100.00%,SUPP,SUPP,NE,NE,NE,NE,NE,NE,NE,192,183,40.74,B,184,40.64,B,SUPP,SUPP,SUPP,NE,NE,NE,SUPP,SUPP,SUPP,SUPP,167,98.80%,167,98.80%,SUPP,SUPP,NE,NE,NE,NE,NE,NE,NE,539,0.12,0.21,0.03,2,600,0.11,0.19,0.02,2,129,0.33,0.5,0.15,2,NE,NE,NE,NE,NA,NE,NE,NE,NE,NA,24,-0.11,0.35,-0.57,25,-0.06,0.4,-0.51,8,0.24,0.93,-0.45,NE,NE,NE,NE,NE,NE,NE,NE,515,0.13,0.22,0.04,575,0.11,0.2,0.03,121,0.33,0.51,0.16,NE,NE,NE,NE,NE,NE,NE,NE,173,179,173,165,164,165,38.27,40.44,44.16,B-,B,B+,166,164,165,38.14,40.55,43.95,B-,B,B+,81,72,40,33.04,30.52,37.99,Dist-,Dist-,Dist+,NE,NE,NE,NE,NE,NE,NE,NE,NE,NE,NE,NE,NE,NE,NE,NE,NE,NE,,,,,,,,,,,,,,,,447,,,0.12,,,2,0.22,,,0.02,,,490,,,0.11,,,2,0.2,,,0.01,,,108,,,0.08,,,3,0.25,,,-0.1,,,150,151,153,97.30%,97.40%,100.00%,150,151,153,97.30%,97.40%,100.00%,23,28,20,91.30%,89.30%,100.00%,NE,NE,NE,NE,NE,NE,NE,NE,NE,NE,NE,NE,10,9,13,10,7,12,31.2,31.33,32.41,C,C,C+,10,7,12,31.11,30.75,32.37,C,C,C+,SUPP,6,7,SUPP,28.11,36.5,SUPP,Merit+,Dist,NE,NE,NE,NE,NE,NE,NE,NE,NE,NE,NE,NE,NE,NE,NE,NE,NE,NE,,,,,,,,,,,,,25,,,-0.34,,,0.09,,,-0.77,,,29,,,-0.35,,,0.06,,,-0.76,,,6,,,-0.26,,,0.46,,,-0.98,,,8,SUPP,11,100.00%,SUPP,100.00%,8,SUPP,11,100.00%,SUPP,100.00%,SUPP,SUPP,SUPP,SUPP,SUPP,SUPP,NE,NE,NE,NE,NE,NE,NE,NE,NE,NE,NE,NE,162,169,160,154,156,153,38.79,40.87,44.94,B,B,B+,155,156,153,38.67,41.01,44.71,B,B,B+,SUPP,65,33,SUPP,30.81,38.25,SUPP,Dist-,Dist+,NE,NE,NE,NE,NE,NE,NE,NE,NE,NE,NE,NE,NE,NE,NE,NE,NE,NE,,,,,,,,,,,,,422,,,0.15,,,0.25,,,0.05,,,461,,,0.13,,,0.23,,,0.04,,,102,,,0.1,,,0.29,,,-0.08,,,141,SUPP,142,97.20%,SUPP,100.00%,141,SUPP,142,97.20%,SUPP,100.00%,SUPP,SUPP,SUPP,SUPP,SUPP,SUPP,NE,NE,NE,NE,NE,NE,NE,NE,NE,NE,NE,NE
1,66516,25,4,919,4111,140049,E14001568,Watford,,Westfield Academy,Tolpits Lane,,,Watford,WD18 6NS,01923231560,0,ACC,Does not apply,NSE,OTHER NON SEL,MIXED,0,Nov-18,0,,,R,,158,73,40,33.6,C+,19,36.84,B-,19,5.30%,40,33.51,C+,47,30.57,Dist-,NE,NE,NE,NE,NE,47,100.00%,2,SUPP,SUPP,6,0.5,100.00%,60,6.70%,26,92.30%,92.30%,26,92.30%,26,92.30%,92.30%,26,92.30%,46,93.50%,91.30%,46,91.30%,NE,NE,NE,NE,NE,NE,NE,NE,NE,NE,NE,NE,NE,14,6,28.46,C,6,28.5,C,9,29.76,Merit+,NE,NE,NE,NE,NE,NE,NE,SUPP,SUPP,SUPP,SUPP,10,90.00%,NE,NE,NE,NE,NE,NE,NE,59,34,34.47,C+,34,34.38,C+,38,30.75,Dist-,NE,NE,NE,SUPP,SUPP,6,0.5,SUPP,SUPP,SUPP,SUPP,36,94.40%,NE,NE,NE,NE,NE,NE,NE,89,0.31,0.52,0.09,2,93,0.29,0.5,0.08,2,70,0.2,0.42,-0.01,3,NE,NE,NE,NE,NA,NE,NE,NE,NE,NA,13,0.14,0.75,-0.46,14,0.13,0.72,-0.46,16,0.45,0.89,0.01,NE,NE,NE,NE,NE,NE,NE,NE,76,0.34,0.57,0.11,79,0.32,0.55,0.09,54,0.15,0.39,-0.09,NE,NE,NE,NE,NE,NE,NE,NE,109,105,67,56,66,34,28.91,29.35,34.22,C,C,C+,57,66,34,28.89,29.35,34.1,C,C,C+,65,55,25,29.72,24.85,31.22,Merit+,Merit,Dist-,NE,NE,NE,NE,NE,NE,NE,NE,NE,NE,NE,NE,NE,NE,NE,NE,NE,NE,,,,,,,,,,,,,,,,128,,,-0.03,,,3,0.15,,,-0.21,,,129,,,-0.03,,,3,0.15,,,-0.21,,,88,,,-0.05,,,3,0.13,,,-0.24,,,38,58,36,86.80%,96.60%,94.40%,38,58,36,86.80%,96.60%,94.40%,70,46,26,92.90%,100.00%,96.20%,NE,NE,3,NE,NE,SUPP,NE,NE,NE,NE,NE,NE,20,15,15,9,10,8,25.91,25,30.42,C-,C-,C,9,10,8,25.91,25,30.42,C-,C-,C,12,9,SUPP,26.09,20.75,SUPP,Merit,Merit-,SUPP,NE,NE,NE,NE,NE,NE,NE,NE,NE,NE,NE,NE,NE,NE,NE,NE,NE,NE,,,,,,,,,,,,,22,,,-0.06,,,0.4,,,-0.53,,,22,,,-0.06,,,0.4,,,-0.53,,,20,,,-0.36,,,0.02,,,-0.75,,,7,8,9,85.70%,87.50%,88.90%,7,8,9,85.70%,87.50%,88.90%,13,7,SUPP,92.30%,100.00%,SUPP,NE,NE,SUPP,NE,NE,SUPP,NE,NE,NE,NE,NE,NE,87,88,51,46,55,26,29.73,29.72,35.38,C,C,B-,47,55,26,29.7,29.72,35.23,C,C,B-,52,45,SUPP,30.77,25.59,SUPP,Dist-,Merit,SUPP,NE,NE,NE,NE,NE,NE,NE,NE,NE,NE,NE,NE,NE,NE,NE,NE,NE,NE,,,,,,,,,,,,,106,,,-0.02,,,0.17,,,-0.21,,,107,,,-0.02,,,0.17,,,-0.22,,,68,,,0.03,,,0.24,,,-0.18,,,30,49,27,86.70%,98.00%,96.30%,30,49,27,86.70%,98.00%,96.30%,56,38,SUPP,92.90%,100.00%,SUPP,NE,NE,SUPP,NE,NE,SUPP,NE,NE,NE,NE,NE,NE
1,45776,25,4,919,6239,102256,E14001568,Watford,,The Purcell School,Aldenham Road,Bushey,,,WD23 2TS,01923331100,0,IND,None,,NA,MIXED,0,Aug-19,0,,,R,,107,42,42,37,B-,36,35.65,B-,36,2.80%,42,37,B-,NE,NE,NE,NE,NE,NE,NE,NE,NE,NE,7,-0.36,14.30%,2,SUPP,SUPP,32,15.60%,NA,NA,NA,NA,NA,NA,NA,NA,NA,NA,NA,NA,NA,NA,NA,NA,NA,NA,NA,NA,NE,NE,NE,NA,NA,NA,NE,NE,NA,NA,NA,NA,NA,NA,NA,NA,NA,NA,NA,NA,NA,NA,NA,NA,NA,NA,NA,NA,NA,NA,NA,NA,NA,NA,NA,NA,NA,NA,NA,NA,NA,NA,NA,NA,NA,NA,NA,NA,NA,NA,NA,NA,NA,NA,NA,NA,NA,NA,NA,NA,NA,NA,NA,NA,NA,NA,NA,NA,98,0.11,0.32,-0.09,3,98,0.11,0.32,-0.09,3,NE,NE,NE,NE,NA,NE,NE,NE,NE,NA,NE,NE,NE,NE,NA,NA,NA,NA,NA,NA,NA,NA,NA,NA,NA,NA,NA,NA,NA,NA,NA,NA,NA,NA,NA,NA,NA,NA,NA,NA,NA,NA,NA,NA,NA,NA,NA,NA,NA,NA,NA,NA,NA,NA,NA,36,46,48,36,45,48,38.95,31.81,38.32,B,C+,B-,36,45,48,38.95,36.15,40.96,B,B-,B,NE,NE,NE,NE,NE,NE,NE,NE,NE,NE,NE,NE,NE,NE,NE,NE,NE,NE,NE,NE,NE,NE,NE,NE,NE,NE,NE,,,,,,,,,,,,,,,,75,,,0.25,,,2,0.49,,,0.01,,,75,,,0.25,,,2,0.49,,,0.01,,,NE,,,NE,,,,NE,,,NE,,,NA,NA,NA,NA,NA,NA,NA,NA,NA,NA,NA,NA,NA,NA,NA,NA,NA,NA,NA,NA,NA,NA,NA,NA,NA,NA,NA,NA,NA,NA,NA,NA,NA,NA,NA,NA,NA,NA,NA,NA,NA,NA,NA,NA,NA,NA,NA,NA,NA,NA,NA,NA,NA,NA,NA,NA,NA,NA,NA,NA,NA,NA,NA,NA,NA,NA,NA,NA,NA,NA,NA,NA,NA,NA,NA,NA,NA,NA,,,,,,,,,,,,,NA,,,NA,,,NA,,,NA,,,NA,,,NA,,,NA,,,NA,,,NA,,,NA,,,NA,,,NA,,,NA,NA,NA,NA,NA,NA,NA,NA,NA,NA,NA,NA,NA,NA,NA,NA,NA,NA,NA,NA,NA,NA,NA,NA,NA,NA,NA,NA,NA,NA,NA,NA,NA,NA,NA,NA,NA,NA,NA,NA,NA,NA,NA,NA,NA,NA,NA,NA,NA,NA,NA,NA,NA,NA,NA,NA,NA,NA,NA,NA,NA,NA,NA,NA,NA,NA,NA,NA,NA,NA,NA,NA,NA,NA,NA,NA,NA,NA,,,,,,,,,,,,,NA,,,NA,,,NA,,,NA,,,NA,,,NA,,,NA,,,NA,,,NA,,,NA,,,NA,,,NA,,,NA,NA,NA,NA,NA,NA,NA,NA,NA,NA,NA,NA,NA,NA,NA,NA,NA,NA,NA,NA,NA,NA,NA,NA,NA,NA,NA,NA,NA,NA
1,49338,25,4,919,4083,137339,E14001507,St Albans,,St Albans Girls' School,Sandridgebury Lane,,,St Albans,AL3 6DB,01727853134,0,ACC,Does not apply,NSE,OTHER NON SEL,GIRLS,0,Nov-18,0,,,R,,240,133,127,39.43,B,115,39.8,B,115,19.10%,127,39.41,B,12,31.25,Dist-,NE,NE,NE,NE,NE,12,100.00%,NE,NE,NE,3,SUPP,SUPP,124,24.20%,133,96.20%,95.50%,133,95.50%,133,96.20%,95.50%,133,95.50%,NE,NE,NE,NE,NE,NE,NE,NE,NE,NE,NE,NE,NE,NE,NE,NE,NE,NE,8,7,32.68,C+,7,32.62,C+,SUPP,SUPP,SUPP,NE,NE,NE,NE,NE,NE,NE,8,87.50%,8,87.50%,NE,NE,NE,NE,NE,NE,NE,NE,NE,124,119,39.82,B,119,39.81,B,SUPP,SUPP,SUPP,NE,NE,NE,NE,NE,SUPP,SUPP,124,96.80%,124,96.80%,NE,NE,NE,NE,NE,NE,NE,NE,NE,371,0.03,0.13,-0.08,3,387,0.02,0.12,-0.08,3,12,-0.77,-0.27,-1.26,5,NE,NE,NE,NE,NA,NE,NE,NE,NE,NA,21,-0.24,0.25,-0.72,22,-0.24,0.23,-0.72,SUPP,SUPP,SUPP,SUPP,NE,NE,NE,NE,NE,NE,NE,NE,350,0.04,0.15,-0.06,365,0.04,0.14,-0.07,SUPP,SUPP,SUPP,SUPP,NE,NE,NE,NE,NE,NE,NE,NE,132,127,117,119,124,113,40.91,39.99,44.14,B,B,B+,119,124,113,40.16,39.87,44.13,B,B,B+,15,16,14,27,33.13,31.43,Merit+,Dist-,Dist-,NE,NE,NE,NE,NE,NE,NE,NE,NE,NE,NE,NE,NE,NE,NE,NE,NE,NE,,,,,,,,,,,,,,,,337,,,0.12,,,2,0.23,,,0.01,,,364,,,0.07,,,3,0.18,,,-0.04,,,14,,,-0.72,,,5,-0.28,,,-1.16,,,130,127,116,91.50%,97.60%,97.40%,130,127,116,91.50%,97.60%,97.40%,NE,NE,1,NE,NE,SUPP,NE,NE,NE,NE,NE,NE,NE,NE,NE,NE,NE,NE,10,10,7,7,9,7,37.89,35.77,37.37,B-,B-,B-,7,9,7,36.97,35.47,37.37,B-,B-,B-,SUPP,NE,SUPP,SUPP,NE,SUPP,SUPP,NE,SUPP,NE,NE,NE,NE,NE,NE,NE,NE,NE,NE,NE,NE,NE,NE,NE,NE,NE,NE,,,,,,,,,,,,,19,,,0.39,,,0.88,,,-0.11,,,21,,,0.33,,,0.81,,,-0.16,,,SUPP,,,SUPP,,,SUPP,,,SUPP,,,9,10,7,77.80%,90.00%,100.00%,9,10,7,77.80%,90.00%,100.00%,NE,NE,NE,NE,NE,NE,NE,NE,NE,NE,NE,NE,NE,NE,NE,NE,NE,NE,120,115,109,111,113,105,41.03,40.51,44.5,B,B,B+,111,113,105,40.29,40.41,44.49,B,B,B+,SUPP,16,SUPP,SUPP,33.13,SUPP,SUPP,Dist-,SUPP,NE,NE,NE,NE,NE,NE,NE,NE,NE,NE,NE,NE,NE,NE,NE,NE,NE,NE,,,,,,,,,,,,,318,,,0.11,,,0.22,,,0,,,343,,,0.05,,,0.16,,,-0.05,,,SUPP,,,SUPP,,,SUPP,,,SUPP,,,120,115,108,92.50%,98.30%,97.20%,120,115,108,92.50%,98.30%,97.20%,NE,NE,SUPP,NE,NE,SUPP,NE,NE,NE,NE,NE,NE,NE,NE,NE,NE,NE,NE
1,37060,25,4,919,6036,117616,E14001496,South West Hertfordshire,,Merchant Taylors' School,Sandy Lodge,Northwood,Middlesex,Northwood,HA6 2HT,01923820644,0,IND,None,,NA,BOYS,0,Nov-18,0,,,R,,303,160,156,48.58,A,138,48.36,A,138,52.90%,156,48.52,A,NE,NE,NE,NE,NE,NE,NE,NE,NE,NE,NE,NE,NE,NE,NE,NE,155,71.00%,NA,NA,NA,NA,NA,NA,NA,NA,NA,NA,NA,NA,NA,NA,NA,NA,NA,NA,NA,NA,NE,NE,NE,NA,NA,NA,NE,NE,NA,NA,NA,NA,NA,NA,NA,NA,NA,NA,NA,NA,NA,NA,NA,NA,NA,NA,NA,NA,NA,NA,NA,NA,NA,NA,NA,NA,NA,NA,NA,NA,NA,NA,NA,NA,NA,NA,NA,NA,NA,NA,NA,NA,NA,NA,NA,NA,NA,NA,NA,NA,NA,NA,NA,NA,NA,NA,NA,NA,451,0.46,0.56,0.36,1,469,0.45,0.55,0.36,1,NE,NE,NE,NE,NA,NE,NE,NE,NE,NA,NE,NE,NE,NE,NA,NA,NA,NA,NA,NA,NA,NA,NA,NA,NA,NA,NA,NA,NA,NA,NA,NA,NA,NA,NA,NA,NA,NA,NA,NA,NA,NA,NA,NA,NA,NA,NA,NA,NA,NA,NA,NA,NA,NA,NA,145,147,148,145,147,147,49.62,48.07,50.67,A,A-,A,145,147,148,49.52,48.14,50.39,A,A-,A,NE,NE,NE,NE,NE,NE,NE,NE,NE,NE,NE,NE,NE,NE,NE,NE,NE,NE,NE,NE,NE,NE,NE,NE,NE,NE,NE,,,,,,,,,,,,,,,,425,,,0.37,,,2,0.47,,,0.27,,,443,,,0.36,,,2,0.46,,,0.25,,,NE,,,NE,,,,NE,,,NE,,,NA,NA,NA,NA,NA,NA,NA,NA,NA,NA,NA,NA,NA,NA,NA,NA,NA,NA,NA,NA,NA,NA,NA,NA,NA,NA,NA,NA,NA,NA,NA,NA,NA,NA,NA,NA,NA,NA,NA,NA,NA,NA,NA,NA,NA,NA,NA,NA,NA,NA,NA,NA,NA,NA,NA,NA,NA,NA,NA,NA,NA,NA,NA,NA,NA,NA,NA,NA,NA,NA,NA,NA,NA,NA,NA,NA,NA,NA,,,,,,,,,,,,,NA,,,NA,,,NA,,,NA,,,NA,,,NA,,,NA,,,NA,,,NA,,,NA,,,NA,,,NA,,,NA,NA,NA,NA,NA,NA,NA,NA,NA,NA,NA,NA,NA,NA,NA,NA,NA,NA,NA,NA,NA,NA,NA,NA,NA,NA,NA,NA,NA,NA,NA,NA,NA,NA,NA,NA,NA,NA,NA,NA,NA,NA,NA,NA,NA,NA,NA,NA,NA,NA,NA,NA,NA,NA,NA,NA,NA,NA,NA,NA,NA,NA,NA,NA,NA,NA,NA,NA,NA,NA,NA,NA,NA,NA,NA,NA,NA,NA,,,,,,,,,,,,,NA,,,NA,,,NA,,,NA,,,NA,,,NA,,,NA,,,NA,,,NA,,,NA,,,NA,,,NA,,,NA,NA,NA,NA,NA,NA,NA,NA,NA,NA,NA,NA,NA,NA,NA,NA,NA,NA,NA,NA,NA,NA,NA,NA,NA,NA,NA,NA,NA,NA
1,884,25,4,919,6003,117602,E14001284,Hertsmere,,Aldenham School,Elstree,,,Elstree,WD6 3AJ,01923858122,0,IND,Church of England,,NA,MIXED,0,Mar-19,0,,,R,,189,95,94,33.9,C+,58,34.2,C+,58,10.30%,94,34.11,C+,NE,NE,NE,NE,NE,NE,NE,NE,NE,NE,NE,NE,NE,1,SUPP,SUPP,88,28.40%,NA,NA,NA,NA,NA,NA,NA,NA,NA,NA,NA,NA,NA,NA,NA,NA,NA,NA,NA,NA,NE,NE,NE,NA,NA,NA,1,SUPP,NA,NA,NA,NA,NA,NA,NA,NA,NA,NA,NA,NA,NA,NA,NA,NA,NA,NA,NA,NA,NA,NA,NA,NA,NA,NA,NA,NA,NA,NA,NA,NA,NA,NA,NA,NA,NA,NA,NA,NA,NA,NA,NA,NA,NA,NA,NA,NA,NA,NA,NA,NA,NA,NA,NA,NA,NA,NA,NA,NA,229,-0.12,0.01,-0.25,3,256,-0.1,0.03,-0.23,3,NE,NE,NE,NE,NA,NE,NE,NE,NE,NA,NE,NE,NE,NE,NA,NA,NA,NA,NA,NA,NA,NA,NA,NA,NA,NA,NA,NA,NA,NA,NA,NA,NA,NA,NA,NA,NA,NA,NA,NA,NA,NA,NA,NA,NA,NA,NA,NA,NA,NA,NA,NA,NA,NA,NA,74,77,96,73,76,86,36.21,35.09,37.03,B-,B-,B-,73,76,86,36.34,35.17,37.51,B-,B-,B-,NE,NE,NE,NE,NE,NE,NE,NE,NE,NE,NE,NE,NE,NE,NE,NE,NE,NE,NE,NE,NE,NE,NE,NE,NE,NE,NE,,,,,,,,,,,,,,,,175,,,0.33,,,2,0.48,,,0.17,,,190,,,0.32,,,2,0.48,,,0.17,,,NE,,,NE,,,,NE,,,NE,,,NA,NA,NA,NA,NA,NA,NA,NA,NA,NA,NA,NA,NA,NA,NA,NA,NA,NA,NA,NA,NA,NA,NA,NA,NA,NA,NA,NA,NA,NA,NA,NA,NA,NA,NA,NA,NA,NA,NA,NA,NA,NA,NA,NA,NA,NA,NA,NA,NA,NA,NA,NA,NA,NA,NA,NA,NA,NA,NA,NA,NA,NA,NA,NA,NA,NA,NA,NA,NA,NA,NA,NA,NA,NA,NA,NA,NA,NA,,,,,,,,,,,,,NA,,,NA,,,NA,,,NA,,,NA,,,NA,,,NA,,,NA,,,NA,,,NA,,,NA,,,NA,,,NA,NA,NA,NA,NA,NA,NA,NA,NA,NA,NA,NA,NA,NA,NA,NA,NA,NA,NA,NA,NA,NA,NA,NA,NA,NA,NA,NA,NA,NA,NA,NA,NA,NA,NA,NA,NA,NA,NA,NA,NA,NA,NA,NA,NA,NA,NA,NA,NA,NA,NA,NA,NA,NA,NA,NA,NA,NA,NA,NA,NA,NA,NA,NA,NA,NA,NA,NA,NA,NA,NA,NA,NA,NA,NA,NA,NA,NA,,,,,,,,,,,,,NA,,,NA,,,NA,,,NA,,,NA,,,NA,,,NA,,,NA,,,NA,,,NA,,,NA,,,NA,,,NA,NA,NA,NA,NA,NA,NA,NA,NA,NA,NA,NA,NA,NA,NA,NA,NA,NA,NA,NA,NA,NA,NA,NA,NA,NA,NA,NA,NA,NA
1,9026,25,4,919,4101,136396,E14001139,Broxbourne,,The Broxbourne School,Badgers Walk,,,Broxbourne,EN10 7FU,01992411060,0,ACC,None,NSE,OTHER NON SEL,MIXED,0,Nov-18,0,,,R,,267,121,109,38.74,B,109,38.5,B,109,21.10%,109,38.68,B,2,SUPP,SUPP,NE,NE,NE,NE,NE,2,SUPP,NE,NE,NE,1,SUPP,SUPP,110,31.80%,113,96.50%,96.50%,113,96.50%,113,96.50%,96.50%,113,96.50%,NE,NE,NE,NE,NE,NE,NE,NE,NE,NE,NE,NE,NE,NE,NE,NE,NE,NE,9,8,37.6,B-,8,37.6,B-,SUPP,SUPP,SUPP,NE,NE,NE,NE,NE,NE,NE,9,88.90%,9,88.90%,NE,NE,NE,NE,NE,NE,NE,NE,NE,111,100,38.89,B,100,38.82,B,SUPP,SUPP,SUPP,NE,NE,NE,NE,NE,SUPP,SUPP,103,97.10%,103,97.10%,NE,NE,NE,NE,NE,NE,NE,NE,NE,330,0.28,0.39,0.16,2,362,0.25,0.36,0.14,2,SUPP,SUPP,SUPP,SUPP,NA,NE,NE,NE,NE,NA,NE,NE,NE,NE,NA,25,0.45,0.9,0,25,0.45,0.9,0,SUPP,SUPP,SUPP,SUPP,NE,NE,NE,NE,NE,NE,NE,NE,305,0.26,0.38,0.15,337,0.23,0.35,0.12,SUPP,SUPP,SUPP,SUPP,NE,NE,NE,NE,NE,NE,NE,NE,127,109,125,112,103,119,39.16,38.05,39.59,B,B-,B,112,103,119,39.36,38.32,39.82,B,B-,B,3,13,21,SUPP,33.86,38.06,SUPP,Dist,Dist+,NE,NE,NE,NE,NE,NE,NE,NE,NE,NE,NE,NE,NE,NE,NE,NE,NE,NE,,,,,,,,,,,,,,,,340,,,0.22,,,2,0.33,,,0.11,,,364,,,0.22,,,2,0.33,,,0.11,,,SUPP,,,SUPP,,,,SUPP,,,SUPP,,,115,100,114,96.50%,95.00%,95.60%,115,100,114,96.50%,95.00%,95.60%,NE,9,11,NE,88.90%,100.00%,NE,NE,NE,NE,NE,NE,NE,NE,NE,NE,NE,NE,12,10,12,7,10,10,31.05,28.42,35,C,C,B-,7,10,10,31.04,28.75,35.71,C,C,B-,NE,NE,SUPP,NE,NE,SUPP,NE,NE,SUPP,NE,NE,NE,NE,NE,NE,NE,NE,NE,NE,NE,NE,NE,NE,NE,NE,NE,NE,,,,,,,,,,,,,18,,,0.04,,,0.56,,,-0.49,,,19,,,0.02,,,0.54,,,-0.51,,,NE,,,NE,,,NE,,,NE,,,9,10,10,66.70%,90.00%,80.00%,9,10,10,66.70%,90.00%,80.00%,NE,NE,SUPP,NE,NE,SUPP,NE,NE,NE,NE,NE,NE,NE,NE,NE,NE,NE,NE,114,99,113,104,93,109,39.69,39.1,39.95,B,B,B,104,93,109,39.91,39.33,40.15,B,B,B,SUPP,13,SUPP,SUPP,33.86,SUPP,SUPP,Dist,SUPP,NE,NE,NE,NE,NE,NE,NE,NE,NE,NE,NE,NE,NE,NE,NE,NE,NE,NE,,,,,,,,,,,,,322,,,0.23,,,0.35,,,0.12,,,345,,,0.24,,,0.35,,,0.12,,,SUPP,,,SUPP,,,SUPP,,,SUPP,,,105,90,104,99.00%,95.60%,97.10%,105,90,104,99.00%,95.60%,97.10%,NE,9,SUPP,NE,88.90%,SUPP,NE,NE,NE,NE,NE,NE,NE,NE,NE,NE,NE,NE
1,9658,25,4,919,5408,137872,E14001284,Hertsmere,,Bushey Meads School,Coldharbour Lane,,,Bushey,WD23 4PA,02089503000,0,ACC,None,NSE,OTHER NON SEL,MIXED,0,Nov-18,0,,,R,,258,142,122,27.61,C-,89,28.35,C,89,5.60%,129,27.74,C-,40,25.36,Merit,NE,NE,NE,NE,NE,40,100.00%,3,SUPP,SUPP,10,-0.08,100.00%,122,37.70%,114,92.10%,92.10%,114,92.10%,114,92.10%,92.10%,114,92.10%,22,90.90%,90.90%,22,90.90%,NE,NE,NE,NE,NE,NE,NE,NE,NE,NE,NE,NE,NE,17,11,25.42,C-,13,24.93,D+,8,24.62,Merit,NE,NE,NE,NE,NE,SUPP,SUPP,10,80.00%,10,80.00%,SUPP,SUPP,NE,NE,NE,NE,NE,NE,NE,125,111,27.79,C-,116,27.97,C-,32,25.56,Merit,NE,NE,NE,SUPP,SUPP,SUPP,SUPP,104,93.30%,104,93.30%,SUPP,SUPP,NE,NE,NE,NE,NE,NE,NE,317,-0.06,0.06,-0.17,3,421,-0.07,0.04,-0.18,3,64,-0.05,0.16,-0.26,3,NE,NE,NE,NE,NA,NE,NE,NE,NE,NA,24,-0.35,0.11,-0.8,32,-0.35,0.07,-0.77,14,0.13,0.6,-0.34,NE,NE,NE,NE,NE,NE,NE,NE,293,-0.03,0.09,-0.15,389,-0.04,0.07,-0.16,50,-0.09,0.14,-0.33,NE,NE,NE,NE,NE,NE,NE,NE,128,143,134,106,113,122,30.05,30.53,36.16,C,C,B-,108,115,124,29.85,30.32,35.73,C,C,B-,14,37,29,31.39,25.17,30.68,Dist-,Merit,Dist-,NE,NE,NE,NE,NE,NE,NE,NE,NE,NE,NE,NE,NE,NE,NE,NE,NE,NE,,,,,,,,,,,,,,,,290,,,-0.1,,,3,0.02,,,-0.23,,,336,,,-0.13,,,4,-0.01,,,-0.25,,,18,,,0.29,,,3,0.67,,,-0.08,,,104,120,119,90.40%,87.50%,96.60%,104,120,119,90.40%,87.50%,96.60%,5,21,14,SUPP,95.20%,92.90%,NE,NE,NE,NE,NE,NE,NE,NE,NE,NE,NE,NE,22,15,14,16,11,13,26.52,20.8,29.72,C-,D,C,17,11,14,26.27,20.39,29.51,C-,D,C,SUPP,SUPP,SUPP,SUPP,SUPP,SUPP,SUPP,SUPP,SUPP,NE,NE,NE,NE,NE,NE,NE,NE,NE,NE,NE,NE,NE,NE,NE,NE,NE,NE,,,,,,,,,,,,,43,,,0.02,,,0.35,,,-0.32,,,47,,,-0.01,,,0.32,,,-0.34,,,SUPP,,,SUPP,,,SUPP,,,SUPP,,,16,12,13,81.30%,83.30%,100.00%,16,12,13,81.30%,83.30%,100.00%,NE,SUPP,SUPP,NE,SUPP,SUPP,NE,NE,NE,NE,NE,NE,NE,NE,NE,NE,NE,NE,104,126,120,88,101,109,30.59,31.26,36.95,C,C,B-,89,103,110,30.39,31.05,36.51,C,C,B-,SUPP,SUPP,SUPP,SUPP,SUPP,SUPP,SUPP,SUPP,SUPP,NE,NE,NE,NE,NE,NE,NE,NE,NE,NE,NE,NE,NE,NE,NE,NE,NE,NE,,,,,,,,,,,,,247,,,-0.12,,,0.01,,,-0.26,,,289,,,-0.15,,,-0.03,,,-0.28,,,SUPP,,,SUPP,,,SUPP,,,SUPP,,,87,108,106,92.00%,88.00%,96.20%,87,108,106,92.00%,88.00%,96.20%,SUPP,SUPP,SUPP,SUPP,SUPP,SUPP,NE,NE,NE,NE,NE,NE,NE,NE,NE,NE,NE,NE
1,32740,25,4,919,4033,146440,E14001278,Hemel Hempstead,,Laureate Academy,Warners End Road,,,Hemel Hempstead,HP1 3DW,01442404333,0,AC,Does not apply,NR,NA,MIXED,0,Nov-18,0,,,R,,57,30,25,32.03,C+,23,32.17,C+,23,13.00%,25,32.03,C+,2,SUPP,SUPP,NE,NE,NE,NE,NE,2,SUPP,2,SUPP,SUPP,3,SUPP,SUPP,22,27.30%,28,89.30%,89.30%,28,89.30%,28,89.30%,89.30%,28,89.30%,2,SUPP,SUPP,2,SUPP,NE,NE,NE,NE,NE,NE,NE,NE,NE,NE,NE,NE,NE,SUPP,SUPP,SUPP,SUPP,SUPP,SUPP,SUPP,SUPP,SUPP,SUPP,NE,NE,NE,NE,NE,NE,NE,SUPP,SUPP,SUPP,SUPP,SUPP,SUPP,NE,NE,NE,NE,NE,NE,NE,SUPP,SUPP,SUPP,SUPP,SUPP,SUPP,SUPP,SUPP,SUPP,SUPP,NE,NE,NE,SUPP,SUPP,SUPP,SUPP,SUPP,SUPP,SUPP,SUPP,SUPP,SUPP,NE,NE,NE,NE,NE,NE,NE,71,0.06,0.3,-0.18,3,71,0.06,0.3,-0.18,3,SUPP,SUPP,SUPP,SUPP,NA,NE,NE,NE,NE,NA,NE,NE,NE,NE,NA,SUPP,SUPP,SUPP,SUPP,SUPP,SUPP,SUPP,SUPP,SUPP,SUPP,SUPP,SUPP,NE,NE,NE,NE,NE,NE,NE,NE,SUPP,SUPP,SUPP,SUPP,SUPP,SUPP,SUPP,SUPP,SUPP,SUPP,SUPP,SUPP,NE,NE,NE,NE,NE,NE,NE,NE,27,15,26,19,14,26,25.17,28.95,19.71,C-,C,D,19,14,26,25.12,28.83,19.88,C-,C,D,1,2,6,SUPP,SUPP,28.75,SUPP,SUPP,Merit+,NE,NE,NE,NE,NE,NE,NE,NE,NE,NE,NE,NE,NE,NE,NE,NE,NE,NE,,,,,,,,,,,,,,,,58,,,-0.24,,,3,0.02,,,-0.51,,,62,,,-0.25,,,3,0.02,,,-0.51,,,SUPP,,,SUPP,,,,SUPP,,,SUPP,,,25,16,NE,76.00%,87.50%,NE,25,16,NE,76.00%,87.50%,NE,NE,NE,NE,NE,NE,NE,NE,NE,NE,NE,NE,NE,NE,NE,NE,NE,NE,NE,7,SUPP,6,SUPP,SUPP,6,SUPP,SUPP,23.08,SUPP,SUPP,D+,SUPP,SUPP,6,SUPP,SUPP,23.08,SUPP,SUPP,D+,NE,SUPP,SUPP,NE,SUPP,SUPP,NE,SUPP,SUPP,NE,NE,NE,NE,NE,NE,NE,NE,NE,NE,NE,NE,NE,NE,NE,NE,NE,NE,,,,,,,,,,,,,13,,,-0.77,,,-0.16,,,-1.39,,,14,,,-0.78,,,-0.18,,,-1.39,,,NE,,,NE,,,NE,,,NE,,,6,SUPP,NE,66.70%,SUPP,NE,6,SUPP,NE,66.70%,SUPP,NE,NE,NE,NE,NE,NE,NE,NE,NE,NE,NE,NE,NE,NE,NE,NE,NE,NE,NE,20,SUPP,20,SUPP,SUPP,20,SUPP,SUPP,18.93,SUPP,SUPP,D,SUPP,SUPP,20,SUPP,SUPP,19.15,SUPP,SUPP,D,SUPP,SUPP,SUPP,SUPP,SUPP,SUPP,SUPP,SUPP,SUPP,NE,NE,NE,NE,NE,NE,NE,NE,NE,NE,NE,NE,NE,NE,NE,NE,NE,NE,,,,,,,,,,,,,45,,,-0.09,,,0.21,,,-0.39,,,48,,,-0.09,,,0.2,,,-0.39,,,SUPP,,,SUPP,,,SUPP,,,SUPP,,,19,SUPP,NE,78.90%,SUPP,NE,19,SUPP,NE,78.90%,SUPP,NE,NE,NE,NE,NE,NE,NE,NE,NE,NE,NE,NE,NE,NE,NE,NE,NE,NE,NE
1,63496,25,4,919,6041,117618,E14001268,Harpenden and Berkhamsted,,Tring Park School for the Performing Arts,Mansion Drive,,,Tring,HP23 5LX,01442824255,0,IND,None,,NA,MIXED,0,Jul-19,0,,,R,,157,71,70,37.15,B-,57,35.38,B-,57,8.80%,70,37.15,B-,NE,NE,NE,NE,NE,NE,NE,NE,NE,NE,1,SUPP,SUPP,6,0.67,100.00%,58,10.30%,NA,NA,NA,NA,NA,NA,NA,NA,NA,NA,NA,NA,NA,NA,NA,NA,NA,NA,NA,NA,NE,NE,NE,NA,NA,NA,NE,NE,NA,NA,NA,NA,NA,NA,NA,NA,NA,NA,NA,NA,NA,NA,NA,NA,NA,NA,NA,NA,NA,NA,NA,NA,NA,NA,NA,NA,NA,NA,NA,NA,NA,NA,NA,NA,NA,NA,NA,NA,NA,NA,NA,NA,NA,NA,NA,NA,NA,NA,NA,NA,NA,NA,NA,NA,NA,NA,NA,NA,157,-0.04,0.12,-0.19,3,157,-0.04,0.12,-0.19,3,NE,NE,NE,NE,NA,NE,NE,NE,NE,NA,NE,NE,NE,NE,NA,NA,NA,NA,NA,NA,NA,NA,NA,NA,NA,NA,NA,NA,NA,NA,NA,NA,NA,NA,NA,NA,NA,NA,NA,NA,NA,NA,NA,NA,NA,NA,NA,NA,NA,NA,NA,NA,NA,NA,NA,68,57,76,68,56,73,36.98,36.46,42.45,B-,B-,B+,68,56,73,37,36.46,42.45,B-,B-,B+,NE,NE,NE,NE,NE,NE,NE,NE,NE,NE,NE,NE,NE,NE,NE,NE,NE,NE,NE,NE,NE,NE,NE,NE,NE,NE,NE,,,,,,,,,,,,,,,,153,,,-0.06,,,3,0.09,,,-0.22,,,154,,,-0.06,,,3,0.09,,,-0.22,,,NE,,,NE,,,,NE,,,NE,,,NA,NA,NA,NA,NA,NA,NA,NA,NA,NA,NA,NA,NA,NA,NA,NA,NA,NA,NA,NA,NA,NA,NA,NA,NA,NA,NA,NA,NA,NA,NA,NA,NA,NA,NA,NA,NA,NA,NA,NA,NA,NA,NA,NA,NA,NA,NA,NA,NA,NA,NA,NA,NA,NA,NA,NA,NA,NA,NA,NA,NA,NA,NA,NA,NA,NA,NA,NA,NA,NA,NA,NA,NA,NA,NA,NA,NA,NA,,,,,,,,,,,,,NA,,,NA,,,NA,,,NA,,,NA,,,NA,,,NA,,,NA,,,NA,,,NA,,,NA,,,NA,,,NA,NA,NA,NA,NA,NA,NA,NA,NA,NA,NA,NA,NA,NA,NA,NA,NA,NA,NA,NA,NA,NA,NA,NA,NA,NA,NA,NA,NA,NA,NA,NA,NA,NA,NA,NA,NA,NA,NA,NA,NA,NA,NA,NA,NA,NA,NA,NA,NA,NA,NA,NA,NA,NA,NA,NA,NA,NA,NA,NA,NA,NA,NA,NA,NA,NA,NA,NA,NA,NA,NA,NA,NA,NA,NA,NA,NA,NA,,,,,,,,,,,,,NA,,,NA,,,NA,,,NA,,,NA,,,NA,,,NA,,,NA,,,NA,,,NA,,,NA,,,NA,,,NA,NA,NA,NA,NA,NA,NA,NA,NA,NA,NA,NA,NA,NA,NA,NA,NA,NA,NA,NA,NA,NA,NA,NA,NA,NA,NA,NA,NA,NA
1,63498,25,4,919,4504,138352,E14001268,Harpenden and Berkhamsted,,Tring School,Mortimer Hill,,,Tring,HP23 5JD,01442822303,0,ACC,Church of England,NSE,OTHER NON SEL,MIXED,0,Nov-18,0,,,R,,389,193,184,36.83,B-,112,37.44,B-,112,10.70%,184,37,B-,78,33.7,Dist,NE,NE,NE,NE,NE,78,100.00%,NE,NE,NE,2,SUPP,SUPP,185,31.90%,172,98.80%,98.80%,172,98.80%,172,98.80%,98.80%,172,98.80%,19,94.70%,94.70%,19,94.70%,NE,NE,NE,NE,NE,NE,NE,NE,NE,NE,NE,NE,NE,11,10,38.89,B,10,38.89,B,SUPP,SUPP,SUPP,NE,NE,NE,NE,NE,NE,NE,11,90.90%,11,90.90%,NE,NE,NE,NE,NE,NE,NE,NE,NE,181,173,36.79,B-,173,36.98,B-,SUPP,SUPP,SUPP,NE,NE,NE,NE,NE,SUPP,SUPP,160,99.40%,160,99.40%,19,94.70%,NE,NE,NE,NE,NE,NE,NE,472,0.23,0.32,0.14,2,526,0.25,0.34,0.16,2,98,0.4,0.57,0.23,2,NE,NE,NE,NE,NA,NE,NE,NE,NE,NA,27,0.36,0.76,-0.05,27,0.36,0.76,-0.05,SUPP,SUPP,SUPP,SUPP,NE,NE,NE,NE,NE,NE,NE,NE,445,0.22,0.31,0.13,499,0.24,0.33,0.15,SUPP,SUPP,SUPP,SUPP,NE,NE,NE,NE,NE,NE,NE,NE,178,175,183,166,160,168,35.99,34.17,38.32,B-,C+,B-,166,160,168,35.99,34.37,38.41,B-,C+,B,75,62,82,29.19,31.1,35.15,Merit+,Dist-,Dist,NE,NE,NE,NE,NE,NE,NE,NE,NE,NE,NE,NE,NE,NE,NE,NE,NE,NE,,,,,,,,,,,,,,,,405,,,0.04,,,3,0.14,,,-0.06,,,441,,,0.03,,,3,0.13,,,-0.07,,,91,,,-0.05,,,3,0.12,,,-0.22,,,155,154,156,96.10%,96.80%,96.80%,155,154,156,96.10%,96.80%,96.80%,20,22,26,90.00%,86.40%,92.30%,NE,NE,NE,NE,NE,NE,NE,NE,NE,NE,NE,NE,11,12,8,7,11,7,22.14,31.54,35,D+,C,B-,7,11,7,22.94,31.59,35,D+,C,B-,7,SUPP,6,30.69,SUPP,34.75,Dist-,SUPP,Dist,NE,NE,NE,NE,NE,NE,NE,NE,NE,NE,NE,NE,NE,NE,NE,NE,NE,NE,,,,,,,,,,,,,12,,,-0.18,,,0.42,,,-0.79,,,13,,,-0.13,,,0.47,,,-0.72,,,6,,,0.13,,,0.81,,,-0.56,,,8,9,7,87.50%,100.00%,100.00%,8,9,7,87.50%,100.00%,100.00%,SUPP,SUPP,SUPP,SUPP,SUPP,SUPP,NE,NE,NE,NE,NE,NE,NE,NE,NE,NE,NE,NE,165,161,175,157,148,161,36.5,34.3,38.45,B-,C+,B,157,148,161,36.47,34.52,38.55,B-,C+,B,67,SUPP,76,29.02,SUPP,35.18,Merit+,SUPP,Dist,NE,NE,NE,NE,NE,NE,NE,NE,NE,NE,NE,NE,NE,NE,NE,NE,NE,NE,,,,,,,,,,,,,393,,,0.05,,,0.14,,,-0.05,,,428,,,0.03,,,0.13,,,-0.06,,,85,,,-0.06,,,0.11,,,-0.24,,,145,144,149,96.60%,96.50%,96.60%,145,144,149,96.60%,96.50%,96.60%,SUPP,SUPP,SUPP,SUPP,SUPP,SUPP,NE,NE,NE,NE,NE,NE,NE,NE,NE,NE,NE,NE
1,30916,25,4,919,4140,137656,E14001393,North East Hertfordshire,,King James Academy Royston,Garden Walk,,,Royston,SG8 7JH,01763242236,0,ACC,Does not apply,NSE,OTHER NON SEL,MIXED,0,Sept-18,0,,,R,,0,18,NE,NE,NE,NE,NE,NE,NE,NE,NE,NE,NE,NE,NE,NE,NE,NE,NE,15,0.00%,15,0.00%,4,SUPP,SUPP,4,SUPP,SUPP,NE,NE,NE,NE,NE,NE,NE,NE,NE,NE,NE,NE,1,SUPP,SUPP,1,SUPP,NE,NE,NE,NE,NE,NE,NE,NE,NE,NE,NE,NE,NE,SUPP,NE,NE,NE,NE,NE,NE,NE,NE,NE,NE,NE,NE,SUPP,SUPP,SUPP,SUPP,NE,NE,NE,NE,NE,NE,NE,NE,NE,NE,NE,NE,NE,SUPP,NE,NE,NE,NE,NE,NE,NE,NE,NE,NE,NE,NE,SUPP,SUPP,SUPP,SUPP,NE,NE,NE,NE,SUPP,SUPP,NE,NE,NE,NE,NE,NE,NE,NA,NA,NA,NA,NA,NA,NA,NA,NA,NA,NA,NA,NA,NA,NA,NA,NA,NA,NA,NA,NA,NA,NA,NA,NA,NA,NA,NA,NA,NA,NA,NA,NA,NA,NA,NA,NA,NA,NA,NA,NA,NA,NA,NA,NA,NA,NA,NA,NA,NA,NA,NA,NA,NA,NA,NA,NA,NA,NA,NA,NA,NA,NA,NA,NA,10,13,10,NE,NE,NE,NE,NE,NE,NE,NE,NE,NE,NE,NE,NE,NE,NE,NE,NE,NE,NE,NE,NE,NE,NE,NE,NE,NE,NE,NE,NE,NE,NE,NE,NE,NE,NE,NE,NE,NE,NE,NE,NE,NE,NE,NE,NE,,,,,,,,,,,,,,,,NA,,,NA,,,,NA,,,NA,,,NA,,,NA,,,,NA,,,NA,,,NA,,,NA,,,,NA,,,NA,,,NE,NE,NE,NE,NE,NE,NE,NE,NE,NE,NE,NE,NE,11,10,NE,100.00%,10.00%,NE,NE,NE,NE,NE,NE,NE,NE,NE,NE,NE,NE,SUPP,SUPP,NE,NE,NE,NE,NE,NE,NE,NE,NE,NE,NE,NE,NE,NE,NE,NE,NE,NE,NE,NE,NE,NE,NE,NE,NE,NE,NE,NE,NE,NE,NE,NE,NE,NE,NE,NE,NE,NE,NE,NE,NE,NE,NE,NE,NE,NE,,,,,,,,,,,,,NA,,,NA,,,NA,,,NA,,,NA,,,NA,,,NA,,,NA,,,NA,,,NA,,,NA,,,NA,,,NE,NE,NE,NE,NE,NE,NE,NE,NE,NE,NE,NE,NE,SUPP,NE,NE,SUPP,NE,NE,NE,NE,NE,NE,NE,NE,NE,NE,NE,NE,NE,SUPP,SUPP,10,NE,NE,NE,NE,NE,NE,NE,NE,NE,NE,NE,NE,NE,NE,NE,NE,NE,NE,NE,NE,NE,NE,NE,NE,NE,NE,NE,NE,NE,NE,NE,NE,NE,NE,NE,NE,NE,NE,NE,NE,NE,NE,NE,NE,NE,,,,,,,,,,,,,NA,,,NA,,,NA,,,NA,,,NA,,,NA,,,NA,,,NA,,,NA,,,NA,,,NA,,,NA,,,NE,NE,NE,NE,NE,NE,NE,NE,NE,NE,NE,NE,NE,SUPP,10,NE,SUPP,10.00%,NE,NE,NE,NE,NE,NE,NE,NE,NE,NE,NE,NE
1,51396,25,4,919,4614,138356,E14001268,Harpenden and Berkhamsted,,St George's School,Sun Lane,,,Harpenden,AL5 4TD,01582765477,0,ACC,Christian,NSE,OTHER NON SEL,MIXED,0,Nov-18,0,,,R,,398,211,206,43.4,B+,201,43.4,B+,201,31.30%,206,43.43,B+,3,SUPP,SUPP,NE,NE,NE,1,SUPP,4,SUPP,1,SUPP,SUPP,1,SUPP,SUPP,202,34.20%,208,98.60%,98.10%,208,98.10%,208,98.60%,98.10%,208,98.10%,NE,NE,NE,NE,NE,NE,NE,NE,NE,NE,NE,NE,NE,NE,NE,NE,NE,NE,SUPP,SUPP,SUPP,SUPP,SUPP,SUPP,SUPP,NE,NE,NE,NE,NE,NE,NE,NE,NE,NE,SUPP,SUPP,SUPP,SUPP,NE,NE,NE,NE,NE,NE,NE,NE,NE,SUPP,SUPP,SUPP,SUPP,SUPP,SUPP,SUPP,SUPP,SUPP,SUPP,NE,NE,NE,NE,NE,SUPP,SUPP,SUPP,SUPP,SUPP,SUPP,NE,NE,NE,NE,NE,NE,NE,NE,NE,622,0.29,0.37,0.21,2,633,0.29,0.37,0.2,2,SUPP,SUPP,SUPP,SUPP,NA,NE,NE,NE,NE,NA,NE,NE,NE,NE,NA,15,0.08,0.66,-0.51,16,0.05,0.63,-0.53,NE,NE,NE,NE,NE,NE,NE,NE,NE,NE,NE,NE,607,0.29,0.38,0.21,617,0.29,0.38,0.21,SUPP,SUPP,SUPP,SUPP,NE,NE,NE,NE,NE,NE,NE,NE,211,185,196,207,179,193,42.33,40.76,45.39,B+,B,A-,207,179,193,42.36,40.75,45.41,B+,B,A-,2,NE,NE,SUPP,NE,NE,SUPP,NE,NE,NE,NE,NE,NE,NE,NE,NE,NE,NE,NE,NE,NE,NE,NE,NE,NE,NE,NE,,,,,,,,,,,,,,,,621,,,0.22,,,2,0.31,,,0.14,,,627,,,0.22,,,2,0.31,,,0.14,,,SUPP,,,SUPP,,,,SUPP,,,SUPP,,,208,183,192,99.00%,97.80%,99.50%,208,183,192,99.00%,97.80%,99.50%,NE,NE,NE,NE,NE,NE,NE,NE,NE,NE,NE,NE,NE,NE,NE,NE,NE,NE,11,SUPP,9,11,SUPP,9,36.88,SUPP,40,B-,SUPP,B,11,SUPP,9,36.88,SUPP,40,B-,SUPP,B,NE,NE,NE,NE,NE,NE,NE,NE,NE,NE,NE,NE,NE,NE,NE,NE,NE,NE,NE,NE,NE,NE,NE,NE,NE,NE,NE,,,,,,,,,,,,,32,,,0.14,,,0.53,,,-0.26,,,32,,,0.14,,,0.53,,,-0.26,,,NE,,,NE,,,NE,,,NE,,,10,SUPP,9,100.00%,SUPP,100.00%,10,SUPP,9,100.00%,SUPP,100.00%,NE,NE,NE,NE,NE,NE,NE,NE,NE,NE,NE,NE,NE,NE,NE,NE,NE,NE,196,SUPP,180,193,SUPP,178,42.72,SUPP,46.03,B+,SUPP,A-,193,SUPP,178,42.75,SUPP,46.06,B+,SUPP,A-,SUPP,NE,NE,SUPP,NE,NE,SUPP,NE,NE,NE,NE,NE,NE,NE,NE,NE,NE,NE,NE,NE,NE,NE,NE,NE,NE,NE,NE,,,,,,,,,,,,,589,,,0.23,,,0.31,,,0.14,,,595,,,0.23,,,0.31,,,0.14,,,SUPP,,,SUPP,,,SUPP,,,SUPP,,,195,SUPP,177,99.50%,SUPP,99.40%,195,SUPP,177,99.50%,SUPP,99.40%,NE,NE,NE,NE,NE,NE,NE,NE,NE,NE,NE,NE,NE,NE,NE,NE,NE,NE
1,58338,25,4,919,4067,140294,E14001283,Hertford and Stortford,,Simon Balle All-Through School,Mangrove Road,,,Hertford,SG13 8AJ,01992410400,0,ACC,Does not apply,NSE,OTHER NON SEL,MIXED,0,Apr-18,0,,,R,,215,105,89,38.82,B,68,39.8,B,68,27.90%,89,38.98,B,32,28.75,Merit+,NE,NE,NE,NE,NE,32,100.00%,4,SUPP,SUPP,7,0.71,100.00%,93,31.20%,83,96.40%,96.40%,83,96.40%,83,96.40%,96.40%,83,96.40%,20,70.00%,70.00%,20,70.00%,NE,NE,NE,NE,NE,NE,NE,NE,NE,NE,NE,NE,NE,9,6,30.71,C,6,30.71,C,SUPP,SUPP,SUPP,NE,NE,NE,NE,NE,SUPP,SUPP,SUPP,SUPP,SUPP,SUPP,SUPP,SUPP,NE,NE,NE,NE,NE,NE,NE,95,82,39.13,B,82,39.3,B,SUPP,SUPP,SUPP,NE,NE,NE,SUPP,SUPP,SUPP,SUPP,SUPP,SUPP,SUPP,SUPP,SUPP,SUPP,NE,NE,NE,NE,NE,NE,NE,239,0.28,0.42,0.15,2,252,0.28,0.42,0.15,2,40,-0.2,0.08,-0.49,3,NE,NE,NE,NE,NA,NE,NE,NE,NE,NA,14,-0.29,0.32,-0.9,14,-0.29,0.32,-0.9,SUPP,SUPP,SUPP,SUPP,NE,NE,NE,NE,NE,NE,NE,NE,225,0.32,0.45,0.18,238,0.32,0.45,0.18,SUPP,SUPP,SUPP,SUPP,NE,NE,NE,NE,NE,NE,NE,NE,149,135,133,110,108,104,39.98,35.79,39.48,B,B-,B,110,108,104,40.18,35.85,39.67,B,B-,B,38,47,39,31.34,30.34,34.38,Dist-,Dist-,Dist,NE,NE,NE,NE,NE,NE,NE,NE,NE,NE,NE,NE,NE,NE,NE,NE,NE,NE,,,,,,,,,,,,,,,,303,,,0.43,,,1,0.55,,,0.31,,,324,,,0.44,,,1,0.56,,,0.32,,,49,,,-0.07,,,3,0.17,,,-0.31,,,110,101,95,92.70%,99.00%,98.90%,110,101,95,92.70%,99.00%,98.90%,40,33,28,45.00%,84.80%,92.90%,NE,NE,9,NE,NE,0.00%,NE,NE,NE,NE,NE,NE,14,11,14,8,6,11,30,33.85,35.38,C,C+,B-,8,6,11,30,33.85,35.6,C,C+,B-,8,8,8,30,29.74,31.07,Dist-,Merit+,Dist-,NE,NE,NE,NE,NE,NE,NE,NE,NE,NE,NE,NE,NE,NE,NE,NE,NE,NE,,,,,,,,,,,,,18,,,-0.34,,,0.18,,,-0.86,,,18,,,-0.34,,,0.18,,,-0.86,,,11,,,-0.06,,,0.47,,,-0.59,,,SUPP,SUPP,9,SUPP,SUPP,100.00%,SUPP,SUPP,9,SUPP,SUPP,100.00%,10,7,SUPP,50.00%,100.00%,SUPP,NE,NE,NE,NE,NE,NE,NE,NE,NE,NE,NE,NE,134,123,118,101,102,92,40.84,35.89,40.22,B,B-,B,101,102,92,41.03,35.95,40.4,B,B-,B,30,39,30,31.73,30.5,35.38,Dist-,Dist-,Dist,NE,NE,NE,NE,NE,NE,NE,NE,NE,NE,NE,NE,NE,NE,NE,NE,NE,NE,,,,,,,,,,,,,285,,,0.48,,,0.6,,,0.36,,,306,,,0.49,,,0.61,,,0.37,,,38,,,-0.07,,,0.19,,,-0.34,,,SUPP,SUPP,85,SUPP,SUPP,98.80%,SUPP,SUPP,85,SUPP,SUPP,98.80%,30,26,SUPP,43.30%,80.80%,SUPP,NE,NE,9,NE,NE,0.00%,NE,NE,NE,NE,NE,NE
1,30018,25,4,919,4039,150656,E14001139,Broxbourne,,The John Warner School,Stanstead Road,,,Hoddesdon,EN11 0QF,01992462889,0,ACC,None,NR,NA,MIXED,0,Nov-18,0,,,R,,91,58,46,26.88,C-,21,27.94,C-,21,0.00%,47,26.82,C-,46,24.34,Merit,4,SUPP,SUPP,6,66.70%,47,97.90%,2,SUPP,SUPP,1,SUPP,SUPP,54,29.60%,29,93.10%,93.10%,29,93.10%,29,93.10%,93.10%,29,93.10%,28,96.40%,96.40%,28,96.40%,1,SUPP,SUPP,1,SUPP,NE,NE,NE,NE,NE,NE,NE,NE,SUPP,SUPP,SUPP,SUPP,SUPP,SUPP,SUPP,SUPP,SUPP,SUPP,SUPP,SUPP,SUPP,NE,NE,NE,NE,NE,NE,NE,NE,SUPP,SUPP,SUPP,SUPP,NE,NE,NE,NE,NE,SUPP,SUPP,SUPP,SUPP,SUPP,SUPP,SUPP,SUPP,SUPP,SUPP,SUPP,SUPP,SUPP,SUPP,SUPP,SUPP,SUPP,29,93.10%,29,93.10%,SUPP,SUPP,SUPP,SUPP,NE,NE,NE,NE,NE,96,0.11,0.32,-0.1,3,109,0.1,0.3,-0.1,3,90,-0.14,0.03,-0.32,3,SUPP,SUPP,SUPP,SUPP,NA,NE,NE,NE,NE,NA,SUPP,SUPP,SUPP,SUPP,SUPP,SUPP,SUPP,SUPP,7,0.04,0.71,-0.64,SUPP,SUPP,SUPP,SUPP,NE,NE,NE,NE,SUPP,SUPP,SUPP,SUPP,SUPP,SUPP,SUPP,SUPP,83,-0.16,0.02,-0.34,SUPP,SUPP,SUPP,SUPP,NE,NE,NE,NE,,,,,,,,,,,,,,,,,,,,,,,,,,,,,,,,,,,,,,,,,,,,,,,,,,,,,,,,,,,,,,,,NA,,,NA,,,,NA,,,NA,,,NA,,,NA,,,,NA,,,NA,,,NA,,,NA,,,,NA,,,NA,,,,,,,,,,,,,,,,,,,,,,,,,,,,,,,,,,,,,,,,,,,,,,,,,,,,,,,,,,,,,,,,,,,,,,,,,,,,,,,,,,,,,,,,,,,,,NA,,,NA,,,NA,,,NA,,,NA,,,NA,,,NA,,,NA,,,NA,,,NA,,,NA,,,NA,,,,,,,,,,,,,,,,,,,,,,,,,,,,,,,,,,,,,,,,,,,,,,,,,,,,,,,,,,,,,,,,,,,,,,,,,,,,,,,,,,,,,,,,,,,,,NA,,,NA,,,NA,,,NA,,,NA,,,NA,,,NA,,,NA,,,NA,,,NA,,,NA,,,NA
1,34746,25,4,919,4620,138106,E14001507,St Albans,,Loreto College,Hatfield Road,,,St Albans,AL1 3RQ,01727856206,0,ACC,Roman Catholic,NSE,OTHER NON SEL,MIXED,0,Nov-18,0,,,R,,156,76,73,33.14,C+,68,32.79,C+,68,7.40%,73,33.3,C+,6,30,Dist-,NE,NE,NE,NE,NE,6,100.00%,1,SUPP,SUPP,10,0.75,100.00%,63,17.50%,69,98.60%,98.60%,69,98.60%,69,98.60%,98.60%,69,98.60%,6,100.00%,100.00%,6,100.00%,NE,NE,NE,NE,NE,NE,NE,NE,NE,NE,NE,NE,NE,10,10,33.33,C+,10,33.33,C+,SUPP,SUPP,SUPP,NE,NE,NE,NE,NE,SUPP,SUPP,8,100.00%,8,100.00%,SUPP,SUPP,NE,NE,NE,NE,NE,NE,NE,63,60,33.47,C+,60,33.66,C+,SUPP,SUPP,SUPP,NE,NE,NE,NE,NE,SUPP,SUPP,59,98.30%,59,98.30%,SUPP,SUPP,NE,NE,NE,NE,NE,NE,NE,202,0.15,0.29,0.01,2,210,0.15,0.29,0.01,2,SUPP,SUPP,SUPP,SUPP,NA,NE,NE,NE,NE,NA,NE,NE,NE,NE,NA,27,0.15,0.57,-0.27,27,0.15,0.57,-0.27,SUPP,SUPP,SUPP,SUPP,NE,NE,NE,NE,NE,NE,NE,NE,175,0.15,0.3,0,183,0.15,0.3,0.01,SUPP,SUPP,SUPP,SUPP,NE,NE,NE,NE,NE,NE,NE,NE,79,92,73,78,86,69,33.67,34.12,32.57,C+,C+,C+,78,86,69,33.95,34.34,32.7,C+,C+,C+,6,6,9,35.83,31.67,26.67,Dist,Dist-,Merit+,NE,NE,NE,NE,NE,NE,NE,NE,NE,NE,NE,NE,NE,NE,NE,NE,NE,NE,,,,,,,,,,,,,,,,205,,,-0.2,,,4,-0.06,,,-0.34,,,215,,,-0.18,,,4,-0.04,,,-0.32,,,SUPP,,,SUPP,,,,SUPP,,,SUPP,,,73,84,59,97.30%,94.00%,100.00%,73,84,59,97.30%,94.00%,100.00%,7,7,9,85.70%,100.00%,100.00%,NE,NE,NE,NE,NE,NE,NE,NE,NE,NE,NE,NE,6,10,SUPP,6,9,SUPP,30,26.23,SUPP,C,C-,SUPP,6,9,SUPP,30,26.31,SUPP,C,C-,SUPP,NE,NE,NE,NE,NE,NE,NE,NE,NE,NE,NE,NE,NE,NE,NE,NE,NE,NE,NE,NE,NE,NE,NE,NE,NE,NE,NE,,,,,,,,,,,,,17,,,-0.24,,,0.26,,,-0.73,,,17,,,-0.24,,,0.26,,,-0.73,,,NE,,,NE,,,NE,,,NE,,,6,10,SUPP,100.00%,90.00%,SUPP,6,10,SUPP,100.00%,90.00%,SUPP,NE,NE,NE,NE,NE,NE,NE,NE,NE,NE,NE,NE,NE,NE,NE,NE,NE,NE,68,80,SUPP,67,75,SUPP,34.09,35.67,SUPP,C+,B-,SUPP,67,75,SUPP,34.41,35.9,SUPP,C+,B-,SUPP,6,SUPP,9,35.83,SUPP,26.67,Dist,SUPP,Merit+,NE,NE,NE,NE,NE,NE,NE,NE,NE,NE,NE,NE,NE,NE,NE,NE,NE,NE,,,,,,,,,,,,,188,,,-0.19,,,-0.05,,,-0.34,,,198,,,-0.18,,,-0.03,,,-0.32,,,SUPP,,,SUPP,,,SUPP,,,SUPP,,,63,73,SUPP,96.80%,94.50%,SUPP,63,73,SUPP,96.80%,94.50%,SUPP,6,6,9,100.00%,100.00%,100.00%,NE,NE,NE,NE,NE,NE,NE,NE,NE,NE,NE,NE
1,50618,25,4,919,5421,136901,E14001496,South West Hertfordshire,,St Clement Danes School,Chenies Road,Chorleywood,,Rickmansworth,WD3 6EW,01923284169,0,ACC,None,NSE,OTHER NON SEL,MIXED,0,Nov-18,0,,,R,,393,203,201,42.94,B+,189,43.16,B+,189,27.50%,201,42.83,B+,12,35.77,Dist,NE,NE,NE,NE,NE,12,100.00%,NE,NE,NE,NE,NE,NE,201,49.30%,191,99.00%,99.00%,191,99.00%,191,99.00%,99.00%,191,99.00%,12,100.00%,100.00%,12,100.00%,NE,NE,NE,NE,NE,NE,NE,NE,NE,NE,NE,NE,NE,8,7,44.55,B+,7,44.75,B+,NE,NE,NE,NE,NE,NE,NE,NE,NE,NE,8,87.50%,8,87.50%,NE,NE,NE,NE,NE,NE,NE,NE,NE,195,194,42.88,B+,194,42.76,B+,12,35.77,Dist,NE,NE,NE,NE,NE,NE,NE,183,99.50%,183,99.50%,12,100.00%,NE,NE,NE,NE,NE,NE,NE,605,0.18,0.27,0.1,2,673,0.17,0.26,0.09,2,13,0.4,0.85,-0.04,3,NE,NE,NE,NE,NA,NE,NE,NE,NE,NA,22,0.26,0.73,-0.21,23,0.28,0.74,-0.19,NE,NE,NE,NE,NE,NE,NE,NE,NE,NE,NE,NE,583,0.18,0.27,0.1,650,0.17,0.25,0.09,13,0.4,0.85,-0.04,NE,NE,NE,NE,NE,NE,NE,NE,201,195,199,195,188,195,42.58,40.5,45.06,B+,B,A-,195,188,195,42.65,40.53,45.02,B+,B,A-,14,14,23,32.94,26.33,35.96,Dist-,Merit,Dist,NE,NE,NE,NE,NE,NE,NE,NE,NE,NE,NE,NE,NE,NE,NE,NE,NE,NE,,,,,,,,,,,,,,,,569,,,0.15,,,2,0.23,,,0.06,,,644,,,0.15,,,2,0.23,,,0.07,,,17,,,-0.02,,,3,0.36,,,-0.4,,,198,193,196,96.50%,96.90%,98.00%,198,193,196,96.50%,96.90%,98.00%,4,2,4,SUPP,SUPP,SUPP,NE,NE,NE,NE,NE,NE,NE,NE,NE,NE,NE,NE,7,8,9,7,8,9,39.44,33.91,36.67,B,C+,B-,7,8,9,38.83,34.38,36.81,B,C+,B-,SUPP,SUPP,NE,SUPP,SUPP,NE,SUPP,SUPP,NE,NE,NE,NE,NE,NE,NE,NE,NE,NE,NE,NE,NE,NE,NE,NE,NE,NE,NE,,,,,,,,,,,,,18,,,0.39,,,0.88,,,-0.1,,,20,,,0.36,,,0.83,,,-0.12,,,SUPP,,,SUPP,,,SUPP,,,SUPP,,,7,8,9,100.00%,100.00%,100.00%,7,8,9,100.00%,100.00%,100.00%,NE,NE,NE,NE,NE,NE,NE,NE,NE,NE,NE,NE,NE,NE,NE,NE,NE,NE,193,187,187,187,180,183,42.7,40.78,45.28,B+,B,A-,187,180,183,42.78,40.79,45.23,B+,B,A-,SUPP,SUPP,23,SUPP,SUPP,35.96,SUPP,SUPP,Dist,NE,NE,NE,NE,NE,NE,NE,NE,NE,NE,NE,NE,NE,NE,NE,NE,NE,NE,,,,,,,,,,,,,551,,,0.14,,,0.23,,,0.06,,,624,,,0.14,,,0.23,,,0.06,,,SUPP,,,SUPP,,,SUPP,,,SUPP,,,190,185,184,96.30%,96.80%,97.80%,190,185,184,96.30%,96.80%,97.80%,SUPP,SUPP,SUPP,SUPP,SUPP,SUPP,NE,NE,NE,NE,NE,NE,NE,NE,NE,NE,NE,NE
1,21414,25,4,919,6905,135876,E14001568,Watford,,Future Academies Watford,Horseshoe Lane,Garston,,Watford,WD25 7HW,01923672964,0,AC,Does not apply,NSE,OTHER NON SEL,MIXED,0,Nov-18,0,,,R,,64,31,29,30.26,C,20,29.5,C,20,0.00%,29,30.33,C,10,35.6,Dist,NE,NE,NE,NE,NE,10,100.00%,NE,NE,NE,1,SUPP,SUPP,29,34.50%,21,95.20%,95.20%,21,95.20%,21,95.20%,95.20%,21,95.20%,10,90.00%,90.00%,10,90.00%,NE,NE,NE,NE,NE,NE,NE,NE,NE,NE,NE,NE,NE,SUPP,SUPP,SUPP,SUPP,SUPP,SUPP,SUPP,SUPP,SUPP,SUPP,NE,NE,NE,NE,NE,NE,NE,SUPP,SUPP,SUPP,SUPP,SUPP,SUPP,NE,NE,NE,NE,NE,NE,NE,SUPP,SUPP,SUPP,SUPP,SUPP,SUPP,SUPP,SUPP,SUPP,SUPP,NE,NE,NE,NE,NE,SUPP,SUPP,SUPP,SUPP,SUPP,SUPP,SUPP,SUPP,NE,NE,NE,NE,NE,NE,NE,77,0.44,0.68,0.2,1,80,0.44,0.68,0.2,1,10,1.01,1.53,0.5,1,NE,NE,NE,NE,NA,NE,NE,NE,NE,NA,SUPP,SUPP,SUPP,SUPP,SUPP,SUPP,SUPP,SUPP,SUPP,SUPP,SUPP,SUPP,NE,NE,NE,NE,NE,NE,NE,NE,SUPP,SUPP,SUPP,SUPP,SUPP,SUPP,SUPP,SUPP,SUPP,SUPP,SUPP,SUPP,NE,NE,NE,NE,NE,NE,NE,NE,49,58,52,43,53,43,31.58,18.21,29.71,C,D-,C,43,53,43,31.58,18.21,29.71,C,D-,C,2,19,29,SUPP,20,27.67,SUPP,Merit-,Merit+,NE,NE,NE,NE,NE,NE,NE,NE,NE,NE,NE,NE,NE,NE,NE,NE,NE,NE,,,,,,,,,,,,,,,,117,,,0.19,,,3,0.38,,,0,,,117,,,0.19,,,3,0.38,,,0,,,SUPP,,,SUPP,,,,SUPP,,,SUPP,,,44,36,20,97.70%,94.40%,95.00%,44,36,20,97.70%,94.40%,95.00%,5,22,33,SUPP,90.90%,87.90%,NE,NE,NE,NE,NE,NE,NE,NE,NE,NE,NE,NE,8,12,11,6,11,9,27.22,20,32.11,C-,D,C+,6,11,9,27.22,20,32.11,C-,D,C+,NE,SUPP,8,NE,SUPP,30.91,NE,SUPP,Dist-,NE,NE,NE,NE,NE,NE,NE,NE,NE,NE,NE,NE,NE,NE,NE,NE,NE,NE,,,,,,,,,,,,,15,,,0.21,,,0.8,,,-0.37,,,15,,,0.21,,,0.8,,,-0.37,,,NE,,,NE,,,NE,,,NE,,,6,6,SUPP,100.00%,100.00%,SUPP,6,6,SUPP,100.00%,100.00%,SUPP,SUPP,6,9,SUPP,83.30%,88.90%,NE,NE,NE,NE,NE,NE,NE,NE,NE,NE,NE,NE,41,46,40,37,42,33,32.35,17.78,29.26,C+,D-,C,37,42,33,32.35,17.78,29.26,C+,D-,C,SUPP,SUPP,21,SUPP,SUPP,26.56,SUPP,SUPP,Merit,NE,NE,NE,NE,NE,NE,NE,NE,NE,NE,NE,NE,NE,NE,NE,NE,NE,NE,,,,,,,,,,,,,102,,,0.19,,,0.38,,,-0.01,,,102,,,0.19,,,0.38,,,-0.01,,,SUPP,,,SUPP,,,SUPP,,,SUPP,,,38,30,SUPP,97.40%,93.30%,SUPP,38,30,SUPP,97.40%,93.30%,SUPP,SUPP,16,24,SUPP,93.80%,87.50%,NE,NE,NE,NE,NE,NE,NE,NE,NE,NE,NE,NE
1,50914,25,4,919,6115,117633,E14001393,North East Hertfordshire,,St Edmund's College,Old Hall Green,,,Ware,SG11 1DS,01920821504,0,IND,Roman Catholic,,NA,MIXED,0,Mar-19,0,,,R,,158,71,65,40.16,B,51,39.87,B,51,23.50%,65,40.16,B,NE,NE,NE,NE,NE,NE,NE,NE,NE,NE,2,SUPP,SUPP,1,SUPP,SUPP,54,35.20%,NA,NA,NA,NA,NA,NA,NA,NA,NA,NA,NA,NA,NA,NA,NA,NA,NA,NA,NA,NA,NE,NE,NE,NA,NA,NA,NE,NE,NA,NA,NA,NA,NA,NA,NA,NA,NA,NA,NA,NA,NA,NA,NA,NA,NA,NA,NA,NA,NA,NA,NA,NA,NA,NA,NA,NA,NA,NA,NA,NA,NA,NA,NA,NA,NA,NA,NA,NA,NA,NA,NA,NA,NA,NA,NA,NA,NA,NA,NA,NA,NA,NA,NA,NA,NA,NA,NA,NA,150,0.21,0.38,0.04,2,154,0.21,0.37,0.04,2,NE,NE,NE,NE,NA,NE,NE,NE,NE,NA,NE,NE,NE,NE,NA,NA,NA,NA,NA,NA,NA,NA,NA,NA,NA,NA,NA,NA,NA,NA,NA,NA,NA,NA,NA,NA,NA,NA,NA,NA,NA,NA,NA,NA,NA,NA,NA,NA,NA,NA,NA,NA,NA,NA,NA,73,84,79,73,84,76,34.51,37.33,40,C+,B-,B,73,84,76,34.44,37.26,40.1,C+,B-,B,NE,NE,NE,NE,NE,NE,NE,NE,NE,NE,NE,NE,NE,NE,NE,NE,NE,NE,NE,NE,NE,NE,NE,NE,NE,NE,NE,,,,,,,,,,,,,,,,184,,,0,,,3,0.15,,,-0.15,,,192,,,-0.01,,,3,0.14,,,-0.16,,,NE,,,NE,,,,NE,,,NE,,,NA,NA,NA,NA,NA,NA,NA,NA,NA,NA,NA,NA,NA,NA,NA,NA,NA,NA,NA,NA,NA,NA,NA,NA,NA,NA,NA,NA,NA,NA,NA,NA,NA,NA,NA,NA,NA,NA,NA,NA,NA,NA,NA,NA,NA,NA,NA,NA,NA,NA,NA,NA,NA,NA,NA,NA,NA,NA,NA,NA,NA,NA,NA,NA,NA,NA,NA,NA,NA,NA,NA,NA,NA,NA,NA,NA,NA,NA,,,,,,,,,,,,,NA,,,NA,,,NA,,,NA,,,NA,,,NA,,,NA,,,NA,,,NA,,,NA,,,NA,,,NA,,,NA,NA,NA,NA,NA,NA,NA,NA,NA,NA,NA,NA,NA,NA,NA,NA,NA,NA,NA,NA,NA,NA,NA,NA,NA,NA,NA,NA,NA,NA,NA,NA,NA,NA,NA,NA,NA,NA,NA,NA,NA,NA,NA,NA,NA,NA,NA,NA,NA,NA,NA,NA,NA,NA,NA,NA,NA,NA,NA,NA,NA,NA,NA,NA,NA,NA,NA,NA,NA,NA,NA,NA,NA,NA,NA,NA,NA,NA,,,,,,,,,,,,,NA,,,NA,,,NA,,,NA,,,NA,,,NA,,,NA,,,NA,,,NA,,,NA,,,NA,,,NA,,,NA,NA,NA,NA,NA,NA,NA,NA,NA,NA,NA,NA,NA,NA,NA,NA,NA,NA,NA,NA,NA,NA,NA,NA,NA,NA,NA,NA,NA,NA
1,53966,25,4,919,5423,138360,E14001139,Broxbourne,,St Mary's Church of England High School (VA),Lieutenant Ellis Way,Cheshunt,,Waltham Cross,EN7 5FB,01992629124,0,ACC,Church of England,NSE,OTHER NON SEL,MIXED,0,Nov-19,0,,,R,,173,88,62,25.32,C-,33,26.16,C-,33,3.00%,63,25.56,C-,35,30.89,Dist-,NE,NE,NE,NE,NE,35,100.00%,8,1.13,100.00%,14,0.36,85.70%,64,17.20%,39,84.60%,84.60%,39,84.60%,39,84.60%,84.60%,39,84.60%,39,89.70%,87.20%,39,89.70%,NE,NE,NE,NE,NE,NE,NE,NE,NE,NE,NE,5,SUPP,20,12,21.51,D,13,21.94,D+,7,26.54,Merit,NE,NE,NE,SUPP,SUPP,SUPP,SUPP,8,75.00%,8,75.00%,9,77.80%,NE,NE,NE,NE,NE,NE,NE,66,48,26.09,C-,48,26.31,C-,27,31.72,Dist-,NE,NE,NE,SUPP,SUPP,SUPP,SUPP,30,86.70%,30,86.70%,29,93.10%,NE,NE,NE,NE,NE,NE,NE,142,-0.36,-0.19,-0.54,4,152,-0.35,-0.18,-0.52,4,48,0.22,0.48,-0.03,3,NE,NE,NE,NE,NA,NE,NE,NE,NE,NA,27,-0.55,-0.12,-0.99,30,-0.49,-0.08,-0.91,11,-0.3,0.22,-0.83,NE,NE,NE,NE,NE,NE,NE,NE,115,-0.32,-0.13,-0.51,122,-0.32,-0.13,-0.5,37,0.37,0.66,0.09,NE,NE,NE,NE,NE,NE,NE,NE,93,102,99,66,72,66,24.77,22.14,32.03,D+,D+,C+,66,72,66,25.11,22.29,32.25,C-,D+,C+,44,51,43,27.01,28.99,31.34,Merit+,Merit+,Dist-,NE,NE,NE,NE,NE,NE,NE,NE,NE,3,NE,NE,SUPP,NE,NE,SUPP,NE,NE,,,,,,,,,,,,,,,,150,,,-0.23,,,4,-0.07,,,-0.4,,,161,,,-0.21,,,4,-0.05,,,-0.37,,,47,,,-0.08,,,3,0.16,,,-0.33,,,35,32,40,88.60%,96.90%,90.00%,35,32,40,88.60%,96.90%,90.00%,44,58,49,93.20%,86.20%,89.80%,NE,NE,NE,NE,NE,NE,4,12,4,SUPP,100.00%,SUPP,21,27,25,14,16,12,19.41,18.81,26.67,D,D,C-,14,16,12,19.68,18.81,26.67,D,D,C-,8,9,11,26.11,26.25,29.26,Merit,Merit,Merit+,NE,NE,NE,NE,NE,NE,NE,NE,NE,NE,NE,NE,NE,NE,NE,NE,NE,NE,,,,,,,,,,,,,31,,,-0.78,,,-0.41,,,-1.16,,,32,,,-0.76,,,-0.39,,,-1.13,,,7,,,-0.42,,,0.18,,,-1.02,,,9,10,8,88.90%,100.00%,87.50%,9,10,8,88.90%,100.00%,87.50%,7,12,13,85.70%,75.00%,84.60%,NE,NE,NE,NE,NE,NE,SUPP,SUPP,SUPP,SUPP,SUPP,SUPP,72,75,74,52,56,54,26.3,23.25,33.33,C-,D+,C+,52,56,54,26.63,23.44,33.58,C-,D+,C+,36,42,32,27.17,29.68,32.19,Merit+,Merit+,Dist-,NE,NE,NE,NE,NE,NE,NE,NE,NE,SUPP,NE,NE,SUPP,NE,NE,SUPP,NE,NE,,,,,,,,,,,,,119,,,-0.09,,,0.09,,,-0.27,,,129,,,-0.07,,,0.11,,,-0.25,,,40,,,-0.03,,,0.24,,,-0.29,,,26,22,32,88.50%,95.50%,90.60%,26,22,32,88.50%,95.50%,90.60%,37,46,36,94.60%,89.10%,91.70%,NE,NE,NE,NE,NE,NE,SUPP,SUPP,SUPP,SUPP,SUPP,SUPP
1,34518,25,4,919,4080,137110,E14001278,Hemel Hempstead,,Longdean School,Rumballs Rd,,,Hemel Hempstead,HP3 8JB,01442217277,0,ACC,Does not apply,NSE,OTHER NON SEL,MIXED,0,Nov-18,0,,,R,,240,131,102,29.23,C,41,29.84,C,41,4.90%,102,29.2,C,75,26.81,Merit+,1,SUPP,SUPP,1,SUPP,75,100.00%,6,0,100.00%,19,0.11,100.00%,106,17.90%,81,95.10%,95.10%,81,95.10%,81,95.10%,95.10%,81,95.10%,42,90.50%,90.50%,42,90.50%,1,SUPP,SUPP,1,SUPP,NE,NE,NE,NE,NE,NE,NE,NE,25,15,28.42,C,15,29.01,C,16,26.15,Merit,SUPP,SUPP,SUPP,SUPP,SUPP,6,0.17,11,90.90%,11,90.90%,10,90.00%,SUPP,SUPP,NE,NE,NE,NE,NE,106,87,29.35,C,87,29.22,C,59,27.02,Merit+,SUPP,SUPP,SUPP,SUPP,SUPP,13,0.08,70,95.70%,70,95.70%,32,90.60%,SUPP,SUPP,NE,NE,NE,NE,NE,221,-0.26,-0.12,-0.39,4,238,-0.27,-0.14,-0.4,4,125,-0.13,0.03,-0.29,3,SUPP,SUPP,SUPP,SUPP,NA,NE,NE,NE,NE,NA,29,0.1,0.5,-0.31,31,0.14,0.54,-0.26,29,-0.21,0.15,-0.56,SUPP,SUPP,SUPP,SUPP,NE,NE,NE,NE,192,-0.31,-0.17,-0.46,207,-0.33,-0.19,-0.47,96,-0.11,0.07,-0.28,NE,NE,NE,NE,NE,NE,NE,NE,135,84,101,96,70,78,32.57,31.1,31.73,C+,C,C+,99,71,78,32.57,30.84,31.76,C+,C,C+,58,36,39,28.29,26.52,29.81,Merit+,Merit,Merit+,5,5,4,SUPP,SUPP,SUPP,SUPP,SUPP,SUPP,NE,NE,NE,NE,NE,NE,NE,NE,NE,,,,,,,,,,,,,,,,243,,,-0.12,,,3,0.02,,,-0.25,,,265,,,-0.11,,,3,0.02,,,-0.24,,,82,,,-0.02,,,3,0.17,,,-0.21,,,83,56,57,95.20%,96.40%,94.70%,83,56,57,95.20%,96.40%,94.70%,31,21,35,83.90%,95.20%,82.90%,6,3,4,100.00%,SUPP,SUPP,NE,NE,NE,NE,NE,NE,21,11,16,7,8,10,29.44,20,32.11,C,D,C+,7,8,10,29.8,20,31.89,C,D,C+,SUPP,SUPP,7,SUPP,SUPP,32.5,SUPP,SUPP,Dist-,NE,SUPP,NE,NE,SUPP,NE,NE,SUPP,NE,NE,NE,NE,NE,NE,NE,NE,NE,NE,,,,,,,,,,,,,18,,,-0.46,,,0.05,,,-0.96,,,22,,,-0.38,,,0.1,,,-0.86,,,8,,,-0.31,,,0.29,,,-0.9,,,SUPP,SUPP,7,SUPP,SUPP,85.70%,SUPP,SUPP,7,SUPP,SUPP,85.70%,9,SUPP,6,66.70%,SUPP,66.70%,SUPP,SUPP,NE,SUPP,SUPP,NE,NE,NE,NE,NE,NE,NE,113,71,85,88,61,68,33.07,32,31.69,C+,C+,C+,91,62,68,33.04,31.67,31.74,C+,C+,C+,SUPP,SUPP,32,SUPP,SUPP,29.25,SUPP,SUPP,Merit+,SUPP,SUPP,SUPP,SUPP,SUPP,SUPP,SUPP,SUPP,SUPP,NE,NE,NE,NE,NE,NE,NE,NE,NE,,,,,,,,,,,,,225,,,-0.09,,,0.05,,,-0.23,,,243,,,-0.09,,,0.05,,,-0.23,,,74,,,0.02,,,0.22,,,-0.18,,,SUPP,SUPP,50,SUPP,SUPP,96.00%,SUPP,SUPP,50,SUPP,SUPP,96.00%,22,SUPP,29,90.90%,SUPP,86.20%,SUPP,SUPP,SUPP,SUPP,SUPP,SUPP,NE,NE,NE,NE,NE,NE
1,47404,25,4,919,4031,146305,E14001573,Welwyn Hatfield,,Ridgeway Academy,Herns Lane,,,Welwyn Garden City,AL7 2AF,01707351350,0,AC,Does not apply,NSE,OTHER NON SEL,MIXED,0,Nov-18,0,,,R,,111,48,34,27.67,C-,19,28.25,C-,19,0.00%,34,27.5,C-,20,21.76,Merit-,3,SUPP,SUPP,7,42.90%,22,90.90%,1,SUPP,SUPP,11,-0.27,90.90%,32,3.10%,30,90.00%,86.70%,30,86.70%,30,90.00%,86.70%,30,86.70%,16,75.00%,75.00%,16,75.00%,NE,NE,NE,NE,NE,NE,NE,NE,NE,NE,NE,NE,NE,11,SUPP,SUPP,SUPP,SUPP,SUPP,SUPP,SUPP,SUPP,SUPP,NE,NE,NE,SUPP,SUPP,SUPP,SUPP,6,83.30%,6,83.30%,SUPP,SUPP,NE,NE,NE,NE,NE,NE,NE,37,SUPP,SUPP,SUPP,SUPP,SUPP,SUPP,SUPP,SUPP,SUPP,SUPP,SUPP,SUPP,SUPP,SUPP,SUPP,SUPP,24,91.70%,24,91.70%,SUPP,SUPP,NE,NE,NE,NE,NE,NE,NE,73,-0.38,-0.15,-0.61,4,80,-0.42,-0.19,-0.64,4,30,-0.51,-0.21,-0.82,5,SUPP,SUPP,SUPP,SUPP,NA,NE,NE,NE,NE,NA,11,-0.14,0.5,-0.77,13,-0.24,0.37,-0.85,SUPP,SUPP,SUPP,SUPP,NE,NE,NE,NE,NE,NE,NE,NE,62,-0.42,-0.18,-0.67,67,-0.45,-0.21,-0.69,SUPP,SUPP,SUPP,SUPP,SUPP,SUPP,SUPP,SUPP,NE,NE,NE,NE,33,29,52,21,19,45,29.51,27.76,30,C,C-,C,22,19,47,29.74,27.92,29.8,C,C-,C,19,14,29,25.25,26.18,34.88,Merit,Merit,Dist,2,NE,NE,SUPP,NE,NE,SUPP,NE,NE,NE,NE,NE,NE,NE,NE,NE,NE,NE,,,,,,,,,,,,,,,,41,,,-0.14,,,3,0.18,,,-0.47,,,46,,,-0.13,,,3,0.18,,,-0.45,,,29,,,-0.22,,,3,0.08,,,-0.52,,,17,16,42,82.40%,100.00%,97.60%,17,16,42,82.40%,100.00%,97.60%,13,11,10,69.20%,81.80%,100.00%,NE,NE,NE,NE,NE,NE,NE,NE,NE,NE,NE,NE,6,9,7,SUPP,6,SUPP,SUPP,27.86,SUPP,SUPP,C-,SUPP,SUPP,6,SUPP,SUPP,27.86,SUPP,SUPP,C-,SUPP,SUPP,SUPP,SUPP,SUPP,SUPP,SUPP,SUPP,SUPP,SUPP,NE,NE,NE,NE,NE,NE,NE,NE,NE,NE,NE,NE,NE,NE,NE,NE,NE,NE,,,,,,,,,,,,,SUPP,,,SUPP,,,SUPP,,,SUPP,,,SUPP,,,SUPP,,,SUPP,,,SUPP,,,9,,,0,,,0.53,,,-0.54,,,SUPP,SUPP,6,SUPP,SUPP,83.30%,SUPP,SUPP,6,SUPP,SUPP,83.30%,SUPP,SUPP,SUPP,SUPP,SUPP,SUPP,NE,NE,NE,NE,NE,NE,NE,NE,NE,NE,NE,NE,27,19,45,SUPP,13,SUPP,SUPP,27.71,SUPP,SUPP,C-,SUPP,SUPP,13,SUPP,SUPP,27.94,SUPP,SUPP,C-,SUPP,SUPP,SUPP,SUPP,SUPP,SUPP,SUPP,SUPP,SUPP,SUPP,SUPP,NE,NE,SUPP,NE,NE,SUPP,NE,NE,NE,NE,NE,NE,NE,NE,NE,NE,NE,,,,,,,,,,,,,SUPP,,,SUPP,,,SUPP,,,SUPP,,,SUPP,,,SUPP,,,SUPP,,,SUPP,,,20,,,-0.31,,,0.04,,,-0.67,,,SUPP,SUPP,36,SUPP,SUPP,100.00%,SUPP,SUPP,36,SUPP,SUPP,100.00%,SUPP,SUPP,SUPP,SUPP,SUPP,SUPP,NE,NE,NE,NE,NE,NE,NE,NE,NE,NE,NE,NE
1,47788,25,4,919,4024,143131,E14001139,Broxbourne,,Robert Barclay Academy,Cock Lane,,,Hoddesdon,EN11 8JY,01992410800,0,AC,Does not apply,NA,NA,MIXED,0,Nov-18,0,,,R,,94,56,43,27.17,C-,17,28.63,C,17,0.00%,43,27.15,C-,36,32.28,Dist-,NE,NE,NE,NE,NE,36,100.00%,1,SUPP,SUPP,4,SUPP,SUPP,50,14.00%,21,90.50%,90.50%,21,90.50%,21,90.50%,90.50%,21,90.50%,35,88.60%,88.60%,35,88.60%,NE,NE,NE,NE,NE,NE,NE,NE,NE,NE,NE,NE,NE,10,7,18.71,D,7,18.71,D,SUPP,SUPP,SUPP,NE,NE,NE,NE,NE,SUPP,SUPP,SUPP,SUPP,SUPP,SUPP,6,83.30%,NE,NE,NE,NE,NE,NE,NE,46,36,29.01,C,36,28.98,C,SUPP,SUPP,SUPP,NE,NE,NE,SUPP,SUPP,SUPP,SUPP,SUPP,SUPP,SUPP,SUPP,29,89.70%,NE,NE,NE,NE,NE,NE,NE,88,-0.41,-0.2,-0.62,4,90,-0.42,-0.21,-0.63,4,63,0.19,0.39,-0.01,3,NE,NE,NE,NE,NA,NE,NE,NE,NE,NA,16,-0.9,-0.4,-1.4,16,-0.9,-0.4,-1.4,9,-0.31,0.26,-0.88,NE,NE,NE,NE,NE,NE,NE,NE,72,-0.3,-0.07,-0.54,74,-0.31,-0.08,-0.55,54,0.28,0.49,0.06,NE,NE,NE,NE,NE,NE,NE,NE,45,30,41,34,24,35,27.31,28.57,31.2,C-,C,C,34,24,35,27.38,28.57,31.23,C-,C,C,22,17,20,28.24,33.08,29.43,Merit+,Dist-,Merit+,NE,NE,NE,NE,NE,NE,NE,NE,NE,NE,NE,NE,NE,NE,NE,NE,NE,NE,,,,,,,,,,,,,,,,78,,,-0.27,,,4,-0.05,,,-0.49,,,81,,,-0.27,,,4,-0.05,,,-0.49,,,42,,,-0.39,,,4,-0.15,,,-0.64,,,28,21,36,89.30%,90.50%,86.10%,28,21,36,89.30%,90.50%,86.10%,17,8,5,82.40%,87.50%,SUPP,NE,NE,NE,NE,NE,NE,NE,NE,NE,NE,NE,NE,SUPP,SUPP,SUPP,SUPP,SUPP,SUPP,SUPP,SUPP,SUPP,SUPP,SUPP,SUPP,SUPP,SUPP,SUPP,SUPP,SUPP,SUPP,SUPP,SUPP,SUPP,SUPP,SUPP,SUPP,SUPP,SUPP,SUPP,SUPP,SUPP,SUPP,NE,NE,NE,NE,NE,NE,NE,NE,NE,NE,NE,NE,NE,NE,NE,NE,NE,NE,,,,,,,,,,,,,7,,,0.54,,,1.34,,,-0.27,,,8,,,0.52,,,1.29,,,-0.26,,,SUPP,,,SUPP,,,SUPP,,,SUPP,,,SUPP,SUPP,SUPP,SUPP,SUPP,SUPP,SUPP,SUPP,SUPP,SUPP,SUPP,SUPP,SUPP,SUPP,SUPP,SUPP,SUPP,SUPP,NE,NE,NE,NE,NE,NE,NE,NE,NE,NE,NE,NE,SUPP,SUPP,SUPP,SUPP,SUPP,SUPP,SUPP,SUPP,SUPP,SUPP,SUPP,SUPP,SUPP,SUPP,SUPP,SUPP,SUPP,SUPP,SUPP,SUPP,SUPP,SUPP,SUPP,SUPP,SUPP,SUPP,SUPP,SUPP,SUPP,SUPP,NE,NE,NE,NE,NE,NE,NE,NE,NE,NE,NE,NE,NE,NE,NE,NE,NE,NE,,,,,,,,,,,,,71,,,-0.35,,,-0.12,,,-0.58,,,73,,,-0.35,,,-0.12,,,-0.58,,,SUPP,,,SUPP,,,SUPP,,,SUPP,,,SUPP,SUPP,SUPP,SUPP,SUPP,SUPP,SUPP,SUPP,SUPP,SUPP,SUPP,SUPP,SUPP,SUPP,SUPP,SUPP,SUPP,SUPP,NE,NE,NE,NE,NE,NE,NE,NE,NE,NE,NE,NE
1,53326,25,4,919,6012,117606,E14001284,Hertsmere,,St Margaret's School,Merry Hill Road,,,Bushey,WD23 1DT,02084164400,0,IND,None,,NA,MIXED,0,Feb-18,0,,,,,101,44,44,39.17,B,42,40,B,42,16.70%,44,39.32,B,NE,NE,NE,NE,NE,NE,NE,NE,NE,NE,4,SUPP,SUPP,NE,NE,NE,41,14.60%,NA,NA,NA,NA,NA,NA,NA,NA,NA,NA,NA,NA,NA,NA,NA,NA,NA,NA,NA,NA,NE,NE,NE,NA,NA,NA,NE,NE,NA,NA,NA,NA,NA,NA,NA,NA,NA,NA,NA,NA,NA,NA,NA,NA,NA,NA,NA,NA,NA,NA,NA,NA,NA,NA,NA,NA,NA,NA,NA,NA,NA,NA,NA,NA,NA,NA,NA,NA,NA,NA,NA,NA,NA,NA,NA,NA,NA,NA,NA,NA,NA,NA,NA,NA,NA,NA,NA,NA,125,0.18,0.35,0,3,145,0.18,0.35,0.01,2,NE,NE,NE,NE,NA,NE,NE,NE,NE,NA,NE,NE,NE,NE,NA,NA,NA,NA,NA,NA,NA,NA,NA,NA,NA,NA,NA,NA,NA,NA,NA,NA,NA,NA,NA,NA,NA,NA,NA,NA,NA,NA,NA,NA,NA,NA,NA,NA,NA,NA,NA,NA,NA,NA,NA,33,28,29,32,28,29,41.75,39.76,42.09,B+,B,B+,32,28,29,41.75,39.77,41.44,B+,B,B,NE,1,NE,NE,SUPP,NE,NE,SUPP,NE,NE,NE,NE,NE,NE,NE,NE,NE,NE,NE,NE,NE,NE,NE,NE,NE,NE,NE,,,,,,,,,,,,,,,,73,,,0.35,,,2,0.59,,,0.1,,,82,,,0.32,,,2,0.56,,,0.09,,,NE,,,NE,,,,NE,,,NE,,,NA,NA,NA,NA,NA,NA,NA,NA,NA,NA,NA,NA,NA,NA,NA,NA,NA,NA,NA,NA,NA,NA,NA,NA,NA,NA,NA,NA,NA,NA,NA,NA,NA,NA,NA,NA,NA,NA,NA,NA,NA,NA,NA,NA,NA,NA,NA,NA,NA,NA,NA,NA,NA,NA,NA,NA,NA,NA,NA,NA,NA,NA,NA,NA,NA,NA,NA,NA,NA,NA,NA,NA,NA,NA,NA,NA,NA,NA,,,,,,,,,,,,,NA,,,NA,,,NA,,,NA,,,NA,,,NA,,,NA,,,NA,,,NA,,,NA,,,NA,,,NA,,,NA,NA,NA,NA,NA,NA,NA,NA,NA,NA,NA,NA,NA,NA,NA,NA,NA,NA,NA,NA,NA,NA,NA,NA,NA,NA,NA,NA,NA,NA,NA,NA,NA,NA,NA,NA,NA,NA,NA,NA,NA,NA,NA,NA,NA,NA,NA,NA,NA,NA,NA,NA,NA,NA,NA,NA,NA,NA,NA,NA,NA,NA,NA,NA,NA,NA,NA,NA,NA,NA,NA,NA,NA,NA,NA,NA,NA,NA,,,,,,,,,,,,,NA,,,NA,,,NA,,,NA,,,NA,,,NA,,,NA,,,NA,,,NA,,,NA,,,NA,,,NA,,,NA,NA,NA,NA,NA,NA,NA,NA,NA,NA,NA,NA,NA,NA,NA,NA,NA,NA,NA,NA,NA,NA,NA,NA,NA,NA,NA,NA,NA,NA
1,23926,25,4,919,6221,117648,E14001284,Hertsmere,,Haberdashers' Boys' School,Butterfly Lane,Elstree,Hertfordshire,,WD6 3AF,02082661700,0,IND,None,,NA,BOYS,0,Apr-18,0,,,R,,304,160,157,51.54,A,135,52.52,A+,135,68.10%,157,51.54,A,NE,NE,NE,NE,NE,NE,1,SUPP,1,SUPP,1,SUPP,SUPP,NE,NE,NE,157,83.40%,NA,NA,NA,NA,NA,NA,NA,NA,NA,NA,NA,NA,NA,NA,NA,NA,NA,NA,NA,NA,NE,NE,NE,NA,NA,NA,NE,NE,NA,NA,NA,NA,NA,NA,NA,NA,NA,NA,NA,NA,NA,NA,NA,NA,NA,NA,NA,NA,NA,NA,NA,NA,NA,NA,NA,NA,NA,NA,NA,NA,NA,NA,NA,NA,NA,NA,NA,NA,NA,NA,NA,NA,NA,NA,NA,NA,NA,NA,NA,NA,NA,NA,NA,NA,NA,NA,NA,NA,493,0.37,0.47,0.27,2,493,0.37,0.47,0.27,1,NE,NE,NE,NE,NA,NE,NE,NE,NE,NA,NE,NE,NE,NE,NA,NA,NA,NA,NA,NA,NA,NA,NA,NA,NA,NA,NA,NA,NA,NA,NA,NA,NA,NA,NA,NA,NA,NA,NA,NA,NA,NA,NA,NA,NA,NA,NA,NA,NA,NA,NA,NA,NA,NA,NA,162,156,161,161,156,160,50.69,52.3,53.25,A,A+,A+,161,156,160,50.69,52.3,53.25,A,A+,A+,NE,NE,NE,NE,NE,NE,NE,NE,NE,NE,NE,NE,NE,NE,NE,NE,NE,NE,NE,NE,NE,NE,NE,NE,NE,NE,NE,,,,,,,,,,,,,,,,487,,,0.25,,,2,0.35,,,0.15,,,487,,,0.25,,,2,0.35,,,0.15,,,NE,,,NE,,,,NE,,,NE,,,NA,NA,NA,NA,NA,NA,NA,NA,NA,NA,NA,NA,NA,NA,NA,NA,NA,NA,NA,NA,NA,NA,NA,NA,NA,NA,NA,NA,NA,NA,NA,NA,NA,NA,NA,NA,NA,NA,NA,NA,NA,NA,NA,NA,NA,NA,NA,NA,NA,NA,NA,NA,NA,NA,NA,NA,NA,NA,NA,NA,NA,NA,NA,NA,NA,NA,NA,NA,NA,NA,NA,NA,NA,NA,NA,NA,NA,NA,,,,,,,,,,,,,NA,,,NA,,,NA,,,NA,,,NA,,,NA,,,NA,,,NA,,,NA,,,NA,,,NA,,,NA,,,NA,NA,NA,NA,NA,NA,NA,NA,NA,NA,NA,NA,NA,NA,NA,NA,NA,NA,NA,NA,NA,NA,NA,NA,NA,NA,NA,NA,NA,NA,NA,NA,NA,NA,NA,NA,NA,NA,NA,NA,NA,NA,NA,NA,NA,NA,NA,NA,NA,NA,NA,NA,NA,NA,NA,NA,NA,NA,NA,NA,NA,NA,NA,NA,NA,NA,NA,NA,NA,NA,NA,NA,NA,NA,NA,NA,NA,NA,,,,,,,,,,,,,NA,,,NA,,,NA,,,NA,,,NA,,,NA,,,NA,,,NA,,,NA,,,NA,,,NA,,,NA,,,NA,NA,NA,NA,NA,NA,NA,NA,NA,NA,NA,NA,NA,NA,NA,NA,NA,NA,NA,NA,NA,NA,NA,NA,NA,NA,NA,NA,NA,NA
1,15608,25,4,919,5407,136554,E14001284,Hertsmere,,Dame Alice Owen's School,Dugdale Hill Lane,,,Potters Bar,EN6 2DU,01707643441,0,ACC,None,NSE,OTHER NON SEL,MIXED,0,Nov-18,0,,,R,,460,223,222,48.08,A-,222,48.15,A-,222,50.90%,222,48.16,A-,NE,NE,NE,NE,NE,NE,NE,NE,NE,NE,NE,NE,NE,NE,NE,NE,220,60.90%,222,100.00%,100.00%,222,100.00%,222,100.00%,100.00%,222,100.00%,NE,NE,NE,NE,NE,NE,NE,NE,NE,NE,NE,NE,NE,NE,NE,NE,NE,NE,SUPP,SUPP,SUPP,SUPP,SUPP,SUPP,SUPP,NE,NE,NE,NE,NE,NE,NE,NE,NE,NE,SUPP,SUPP,SUPP,SUPP,NE,NE,NE,NE,NE,NE,NE,NE,NE,SUPP,SUPP,SUPP,SUPP,SUPP,SUPP,SUPP,NE,NE,NE,NE,NE,NE,NE,NE,NE,NE,SUPP,SUPP,SUPP,SUPP,NE,NE,NE,NE,NE,NE,NE,NE,NE,707,0.39,0.47,0.31,1,734,0.39,0.47,0.31,1,NE,NE,NE,NE,NA,NE,NE,NE,NE,NA,NE,NE,NE,NE,NA,13,-0.08,0.53,-0.69,13,-0.08,0.53,-0.69,NE,NE,NE,NE,NE,NE,NE,NE,NE,NE,NE,NE,694,0.39,0.48,0.31,721,0.4,0.47,0.32,NE,NE,NE,NE,NE,NE,NE,NE,NE,NE,NE,NE,234,212,215,232,209,212,47.01,45.81,50.52,A-,A-,A,232,209,212,47.09,45.9,50.64,A-,A-,A,NE,NE,NE,NE,NE,NE,NE,NE,NE,NE,NE,NE,NE,NE,NE,NE,NE,NE,NE,NE,NE,NE,NE,NE,NE,NE,NE,,,,,,,,,,,,,,,,721,,,0.16,,,2,0.24,,,0.09,,,748,,,0.17,,,2,0.24,,,0.09,,,NE,,,NE,,,,NE,,,NE,,,234,212,215,99.10%,98.60%,99.10%,234,212,215,99.10%,98.60%,99.10%,NE,NE,NE,NE,NE,NE,NE,NE,NE,NE,NE,NE,NE,NE,NE,NE,NE,NE,11,13,10,11,13,10,37.58,37.32,39.67,B-,B-,B,11,13,10,37.58,37.48,39.67,B-,B-,B,NE,NE,NE,NE,NE,NE,NE,NE,NE,NE,NE,NE,NE,NE,NE,NE,NE,NE,NE,NE,NE,NE,NE,NE,NE,NE,NE,,,,,,,,,,,,,33,,,0,,,0.37,,,-0.38,,,33,,,0,,,0.37,,,-0.38,,,NE,,,NE,,,NE,,,NE,,,11,13,10,100.00%,100.00%,100.00%,11,13,10,100.00%,100.00%,100.00%,NE,NE,NE,NE,NE,NE,NE,NE,NE,NE,NE,NE,NE,NE,NE,NE,NE,NE,221,199,205,219,196,202,47.45,46.36,51.03,A-,A-,A,219,196,202,47.52,46.45,51.14,A-,A-,A,NE,NE,NE,NE,NE,NE,NE,NE,NE,NE,NE,NE,NE,NE,NE,NE,NE,NE,NE,NE,NE,NE,NE,NE,NE,NE,NE,,,,,,,,,,,,,688,,,0.17,,,0.25,,,0.09,,,715,,,0.17,,,0.25,,,0.09,,,NE,,,NE,,,NE,,,NE,,,221,199,205,99.10%,98.50%,99.00%,221,199,205,99.10%,98.50%,99.00%,NE,NE,NE,NE,NE,NE,NE,NE,NE,NE,NE,NE,NE,NE,NE,NE,NE,NE
1,37936,25,4,919,4118,138632,E14001573,Welwyn Hatfield,,Monk's Walk School,Knightsfield,,,Welwyn Garden City,AL8 7NL,01707322846,0,ACC,None,NSE,OTHER NON SEL,MIXED,0,Nov-18,0,,,R,,269,147,134,38.25,B-,100,39,B,100,27.00%,134,38.44,B,37,33.59,Dist,NE,NE,NE,1,SUPP,38,97.40%,1,SUPP,SUPP,3,SUPP,SUPP,132,42.40%,108,95.40%,94.40%,108,94.40%,108,95.40%,94.40%,108,94.40%,37,94.60%,94.60%,37,89.20%,NE,NE,NE,NE,NE,NE,NE,NE,NE,NE,NE,NE,NE,9,SUPP,SUPP,SUPP,SUPP,SUPP,SUPP,SUPP,SUPP,SUPP,NE,NE,NE,NE,NE,NE,NE,6,66.70%,6,66.70%,SUPP,SUPP,NE,NE,NE,NE,NE,NE,NE,136,SUPP,SUPP,SUPP,SUPP,SUPP,SUPP,SUPP,SUPP,SUPP,NE,NE,NE,SUPP,SUPP,SUPP,SUPP,100,97.00%,100,97.00%,SUPP,SUPP,NE,NE,NE,NE,NE,NE,NE,353,0.02,0.13,-0.09,3,387,0.05,0.16,-0.05,3,49,-0.11,0.14,-0.36,3,NE,NE,NE,NE,NA,NE,NE,NE,NE,NA,13,-0.76,-0.17,-1.34,13,-0.76,-0.17,-1.34,SUPP,SUPP,SUPP,SUPP,NE,NE,NE,NE,NE,NE,NE,NE,340,0.05,0.17,-0.06,374,0.08,0.19,-0.03,SUPP,SUPP,SUPP,SUPP,NE,NE,NE,NE,NE,NE,NE,NE,128,127,127,123,119,122,36.49,36.05,42.02,B-,B-,B+,124,120,122,36.57,36.31,42.21,B-,B-,B+,22,41,21,30.42,36.5,42.5,Dist-,Dist,Dist*-,NE,NE,3,NE,NE,SUPP,NE,NE,SUPP,NE,NE,NE,NE,NE,NE,NE,NE,NE,,,,,,,,,,,,,,,,339,,,0.18,,,2,0.29,,,0.07,,,367,,,0.2,,,2,0.31,,,0.1,,,26,,,-0.06,,,3,0.29,,,-0.4,,,107,90,103,99.10%,94.40%,96.10%,107,90,103,99.10%,94.40%,96.10%,20,36,25,95.00%,94.40%,88.00%,NE,NE,NE,NE,NE,NE,NE,NE,NE,NE,NE,NE,11,10,6,11,9,6,34.29,38.64,31.88,C+,B,C+,11,9,6,33.5,39.21,31.88,C+,B,C+,SUPP,SUPP,SUPP,SUPP,SUPP,SUPP,SUPP,SUPP,SUPP,NE,NE,NE,NE,NE,NE,NE,NE,NE,NE,NE,NE,NE,NE,NE,NE,NE,NE,,,,,,,,,,,,,28,,,0.39,,,0.79,,,-0.01,,,32,,,0.38,,,0.76,,,0,,,SUPP,,,SUPP,,,SUPP,,,SUPP,,,9,7,SUPP,100.00%,100.00%,SUPP,9,7,SUPP,100.00%,100.00%,SUPP,SUPP,SUPP,SUPP,SUPP,SUPP,SUPP,NE,NE,NE,NE,NE,NE,NE,NE,NE,NE,NE,NE,116,117,121,111,110,116,36.66,35.85,42.52,B-,B-,B+,112,111,116,36.83,36.09,42.71,B-,B-,B+,SUPP,SUPP,SUPP,SUPP,SUPP,SUPP,SUPP,SUPP,SUPP,NE,NE,SUPP,NE,NE,SUPP,NE,NE,SUPP,NE,NE,NE,NE,NE,NE,NE,NE,NE,,,,,,,,,,,,,311,,,0.16,,,0.28,,,0.05,,,335,,,0.19,,,0.3,,,0.08,,,SUPP,,,SUPP,,,SUPP,,,SUPP,,,97,83,SUPP,99.00%,94.00%,SUPP,97,83,SUPP,99.00%,94.00%,SUPP,SUPP,SUPP,SUPP,SUPP,SUPP,SUPP,NE,NE,NE,NE,NE,NE,NE,NE,NE,NE,NE,NE
1,62286,25,4,919,4017,140037,E14001516,Stevenage,,The Thomas Alleyne Academy,High Street,,,Stevenage,SG1 3BE,01438344344,0,AC,Does not apply,NSE,OTHER NON SEL,MIXED,0,Nov-18,0,,,R,,112,65,61,32.05,C+,36,34.54,C+,36,16.70%,61,32.05,C+,26,33.78,Dist,NE,NE,NE,1,SUPP,27,96.30%,1,SUPP,SUPP,NE,NE,NE,62,37.10%,37,97.30%,97.30%,37,94.60%,37,97.30%,97.30%,37,94.60%,28,92.90%,92.90%,28,92.90%,NE,NE,NE,NE,NE,NE,NE,NE,NE,NE,NE,NE,NE,SUPP,SUPP,SUPP,SUPP,SUPP,SUPP,SUPP,SUPP,SUPP,SUPP,NE,NE,NE,NE,NE,NE,NE,SUPP,SUPP,SUPP,SUPP,SUPP,SUPP,NE,NE,NE,NE,NE,NE,NE,SUPP,SUPP,SUPP,SUPP,SUPP,SUPP,SUPP,SUPP,SUPP,SUPP,NE,NE,NE,SUPP,SUPP,NE,NE,SUPP,SUPP,SUPP,SUPP,SUPP,SUPP,NE,NE,NE,NE,NE,NE,NE,151,-0.03,0.14,-0.21,3,151,-0.03,0.14,-0.21,3,37,0.08,0.38,-0.23,3,NE,NE,NE,NE,NA,NE,NE,NE,NE,NA,8,-0.14,0.6,-0.89,8,-0.14,0.6,-0.89,SUPP,SUPP,SUPP,SUPP,NE,NE,NE,NE,NE,NE,NE,NE,143,-0.03,0.15,-0.2,143,-0.03,0.15,-0.2,SUPP,SUPP,SUPP,SUPP,NE,NE,NE,NE,NE,NE,NE,NE,57,37,52,56,30,51,29.85,30.13,33.07,C,C,C+,56,30,51,29.85,30.13,33.07,C,C,C+,28,11,3,30.39,31.82,SUPP,Dist-,Dist-,SUPP,NE,NE,NE,NE,NE,NE,NE,NE,NE,NE,NE,NE,NE,NE,NE,NE,NE,NE,,,,,,,,,,,,,,,,133,,,-0.02,,,3,0.16,,,-0.2,,,133,,,-0.02,,,3,0.16,,,-0.2,,,38,,,-0.35,,,4,-0.05,,,-0.65,,,28,25,50,96.40%,76.00%,98.00%,28,25,50,96.40%,76.00%,98.00%,30,12,2,96.70%,91.70%,SUPP,NE,NE,NE,NE,NE,NE,NE,NE,NE,NE,NE,NE,8,SUPP,SUPP,8,SUPP,SUPP,12.86,SUPP,SUPP,E+,SUPP,SUPP,8,SUPP,SUPP,12.86,SUPP,SUPP,E+,SUPP,SUPP,SUPP,SUPP,NE,SUPP,SUPP,NE,SUPP,SUPP,NE,NE,NE,NE,NE,NE,NE,NE,NE,NE,NE,NE,NE,NE,NE,NE,NE,NE,NE,,,,,,,,,,,,,14,,,-0.89,,,-0.33,,,-1.45,,,14,,,-0.89,,,-0.33,,,-1.45,,,9,,,-0.41,,,0.21,,,-1.04,,,SUPP,SUPP,SUPP,SUPP,SUPP,SUPP,SUPP,SUPP,SUPP,SUPP,SUPP,SUPP,7,SUPP,NE,85.70%,SUPP,NE,NE,NE,NE,NE,NE,NE,NE,NE,NE,NE,NE,NE,49,SUPP,SUPP,48,SUPP,SUPP,31.86,SUPP,SUPP,C+,SUPP,SUPP,48,SUPP,SUPP,31.86,SUPP,SUPP,C+,SUPP,SUPP,SUPP,SUPP,SUPP,SUPP,SUPP,SUPP,SUPP,SUPP,SUPP,NE,NE,NE,NE,NE,NE,NE,NE,NE,NE,NE,NE,NE,NE,NE,NE,NE,NE,,,,,,,,,,,,,119,,,0.08,,,0.27,,,-0.11,,,119,,,0.08,,,0.27,,,-0.11,,,29,,,-0.33,,,0.01,,,-0.67,,,SUPP,SUPP,SUPP,SUPP,SUPP,SUPP,SUPP,SUPP,SUPP,SUPP,SUPP,SUPP,23,SUPP,SUPP,100.00%,SUPP,SUPP,NE,NE,NE,NE,NE,NE,NE,NE,NE,NE,NE,NE
1,49340,25,4,919,6038,117617,E14001507,St Albans,,St Albans High School for Girls,Townsend Avenue,St Albans,Hertfordshire,,AL1 3SJ,01727853800,0,IND,Anglican,,NA,GIRLS,0,Apr-18,0,,,R,,154,87,80,49.71,A,80,49.79,A,80,60.00%,80,50.1,A,NE,NE,NE,NE,NE,NE,1,SUPP,1,SUPP,1,SUPP,SUPP,NE,NE,NE,77,55.80%,NA,NA,NA,NA,NA,NA,NA,NA,NA,NA,NA,NA,NA,NA,NA,NA,NA,NA,NA,NA,NE,NE,NE,NA,NA,NA,NE,NE,NA,NA,NA,NA,NA,NA,NA,NA,NA,NA,NA,NA,NA,NA,NA,NA,NA,NA,NA,NA,NA,NA,NA,NA,NA,NA,NA,NA,NA,NA,NA,NA,NA,NA,NA,NA,NA,NA,NA,NA,NA,NA,NA,NA,NA,NA,NA,NA,NA,NA,NA,NA,NA,NA,NA,NA,NA,NA,NA,NA,264,0.2,0.33,0.07,2,303,0.23,0.36,0.11,2,NE,NE,NE,NE,NA,NE,NE,NE,NE,NA,NE,NE,NE,NE,NA,NA,NA,NA,NA,NA,NA,NA,NA,NA,NA,NA,NA,NA,NA,NA,NA,NA,NA,NA,NA,NA,NA,NA,NA,NA,NA,NA,NA,NA,NA,NA,NA,NA,NA,NA,NA,NA,NA,NA,NA,103,118,101,89,99,85,48.23,48.88,51.18,A-,A,A,89,99,85,48.6,49.14,51.32,A,A,A,NE,NE,NE,NE,NE,NE,NE,NE,NE,NE,NE,NE,NE,NE,NE,NE,NE,NE,NE,NE,NE,NE,NE,NE,NE,NE,NE,,,,,,,,,,,,,,,,283,,,0.24,,,2,0.36,,,0.12,,,321,,,0.27,,,2,0.38,,,0.15,,,NE,,,NE,,,,NE,,,NE,,,NA,NA,NA,NA,NA,NA,NA,NA,NA,NA,NA,NA,NA,NA,NA,NA,NA,NA,NA,NA,NA,NA,NA,NA,NA,NA,NA,NA,NA,NA,NA,NA,NA,NA,NA,NA,NA,NA,NA,NA,NA,NA,NA,NA,NA,NA,NA,NA,NA,NA,NA,NA,NA,NA,NA,NA,NA,NA,NA,NA,NA,NA,NA,NA,NA,NA,NA,NA,NA,NA,NA,NA,NA,NA,NA,NA,NA,NA,,,,,,,,,,,,,NA,,,NA,,,NA,,,NA,,,NA,,,NA,,,NA,,,NA,,,NA,,,NA,,,NA,,,NA,,,NA,NA,NA,NA,NA,NA,NA,NA,NA,NA,NA,NA,NA,NA,NA,NA,NA,NA,NA,NA,NA,NA,NA,NA,NA,NA,NA,NA,NA,NA,NA,NA,NA,NA,NA,NA,NA,NA,NA,NA,NA,NA,NA,NA,NA,NA,NA,NA,NA,NA,NA,NA,NA,NA,NA,NA,NA,NA,NA,NA,NA,NA,NA,NA,NA,NA,NA,NA,NA,NA,NA,NA,NA,NA,NA,NA,NA,NA,,,,,,,,,,,,,NA,,,NA,,,NA,,,NA,,,NA,,,NA,,,NA,,,NA,,,NA,,,NA,,,NA,,,NA,,,NA,NA,NA,NA,NA,NA,NA,NA,NA,NA,NA,NA,NA,NA,NA,NA,NA,NA,NA,NA,NA,NA,NA,NA,NA,NA,NA,NA,NA,NA
1,49342,25,4,919,6243,134087,E14001507,St Albans,,St Albans Independent College,69 London Road,,,St Albans,AL1 1LN,01727842348,0,IND,None,,NA,MIXED,0,14-19,0,,,R,,46,37,31,28.69,C,12,26.67,C-,12,0.00%,32,28.68,C,NE,NE,NE,NE,NE,NE,NE,NE,NE,NE,2,SUPP,SUPP,5,SUPP,SUPP,22,36.40%,NA,NA,NA,NA,NA,NA,NA,NA,NA,NA,NA,NA,NA,NA,NA,NA,NA,NA,NA,NA,NE,NE,NE,NA,NA,NA,NE,NE,NA,NA,NA,NA,NA,NA,NA,NA,NA,NA,NA,NA,NA,NA,NA,NA,NA,NA,NA,NA,NA,NA,NA,NA,NA,NA,NA,NA,NA,NA,NA,NA,NA,NA,NA,NA,NA,NA,NA,NA,NA,NA,NA,NA,NA,NA,NA,NA,NA,NA,NA,NA,NA,NA,NA,NA,NA,NA,NA,NA,57,-0.22,0.05,-0.5,3,62,-0.24,0.03,-0.5,3,NE,NE,NE,NE,NA,NE,NE,NE,NE,NA,NE,NE,NE,NE,NA,NA,NA,NA,NA,NA,NA,NA,NA,NA,NA,NA,NA,NA,NA,NA,NA,NA,NA,NA,NA,NA,NA,NA,NA,NA,NA,NA,NA,NA,NA,NA,NA,NA,NA,NA,NA,NA,NA,NA,NA,34,36,33,32,33,27,31.75,32.3,37.8,C+,C+,B-,32,34,27,31.84,32.27,37.8,C+,C+,B-,NE,NE,NE,NE,NE,NE,NE,NE,NE,NE,NE,NE,NE,NE,NE,NE,NE,NE,NE,NE,NE,NE,NE,NE,NE,NE,NE,,,,,,,,,,,,,,,,39,,,0.3,,,3,0.63,,,-0.02,,,41,,,0.29,,,3,0.61,,,-0.03,,,NE,,,NE,,,,NE,,,NE,,,NA,NA,NA,NA,NA,NA,NA,NA,NA,NA,NA,NA,NA,NA,NA,NA,NA,NA,NA,NA,NA,NA,NA,NA,NA,NA,NA,NA,NA,NA,NA,NA,NA,NA,NA,NA,NA,NA,NA,NA,NA,NA,NA,NA,NA,NA,NA,NA,NA,NA,NA,NA,NA,NA,NA,NA,NA,NA,NA,NA,NA,NA,NA,NA,NA,NA,NA,NA,NA,NA,NA,NA,NA,NA,NA,NA,NA,NA,,,,,,,,,,,,,NA,,,NA,,,NA,,,NA,,,NA,,,NA,,,NA,,,NA,,,NA,,,NA,,,NA,,,NA,,,NA,NA,NA,NA,NA,NA,NA,NA,NA,NA,NA,NA,NA,NA,NA,NA,NA,NA,NA,NA,NA,NA,NA,NA,NA,NA,NA,NA,NA,NA,NA,NA,NA,NA,NA,NA,NA,NA,NA,NA,NA,NA,NA,NA,NA,NA,NA,NA,NA,NA,NA,NA,NA,NA,NA,NA,NA,NA,NA,NA,NA,NA,NA,NA,NA,NA,NA,NA,NA,NA,NA,NA,NA,NA,NA,NA,NA,NA,,,,,,,,,,,,,NA,,,NA,,,NA,,,NA,,,NA,,,NA,,,NA,,,NA,,,NA,,,NA,,,NA,,,NA,,,NA,NA,NA,NA,NA,NA,NA,NA,NA,NA,NA,NA,NA,NA,NA,NA,NA,NA,NA,NA,NA,NA,NA,NA,NA,NA,NA,NA,NA,NA
1,49350,25,4,919,6220,117647,E14001507,St Albans,,St Albans School,Abbey Gateway,,,St Albans,AL3 4HB,01727855521,0,IND,Christian/non-denominational,,NA,MIXED,0,Nov-19,0,,,R,,319,169,169,45.4,A-,137,45.62,A-,137,43.80%,169,45.61,A-,NE,NE,NE,NE,NE,NE,NE,NE,NE,NE,NE,NE,NE,NE,NE,NE,166,68.70%,NA,NA,NA,NA,NA,NA,NA,NA,NA,NA,NA,NA,NA,NA,NA,NA,NA,NA,NA,NA,NE,NE,NE,NA,NA,NA,NE,NE,NA,NA,NA,NA,NA,NA,NA,NA,NA,NA,NA,NA,NA,NA,NA,NA,NA,NA,NA,NA,NA,NA,NA,NA,NA,NA,NA,NA,NA,NA,NA,NA,NA,NA,NA,NA,NA,NA,NA,NA,NA,NA,NA,NA,NA,NA,NA,NA,NA,NA,NA,NA,NA,NA,NA,NA,NA,NA,NA,NA,457,0.21,0.31,0.11,2,507,0.22,0.31,0.12,2,NE,NE,NE,NE,NA,NE,NE,NE,NE,NA,NE,NE,NE,NE,NA,NA,NA,NA,NA,NA,NA,NA,NA,NA,NA,NA,NA,NA,NA,NA,NA,NA,NA,NA,NA,NA,NA,NA,NA,NA,NA,NA,NA,NA,NA,NA,NA,NA,NA,NA,NA,NA,NA,NA,NA,179,148,163,179,147,156,48.65,45.49,50.84,A,A-,A,179,147,156,48.8,45.68,50.84,A,A-,A,NE,NE,NE,NE,NE,NE,NE,NE,NE,NE,NE,NE,NE,NE,NE,NE,NE,NE,NE,NE,NE,NE,NE,NE,NE,NE,NE,,,,,,,,,,,,,,,,499,,,0.31,,,2,0.41,,,0.21,,,559,,,0.31,,,2,0.4,,,0.22,,,NE,,,NE,,,,NE,,,NE,,,NA,NA,NA,NA,NA,NA,NA,NA,NA,NA,NA,NA,NA,NA,NA,NA,NA,NA,NA,NA,NA,NA,NA,NA,NA,NA,NA,NA,NA,NA,NA,NA,NA,NA,NA,NA,NA,NA,NA,NA,NA,NA,NA,NA,NA,NA,NA,NA,NA,NA,NA,NA,NA,NA,NA,NA,NA,NA,NA,NA,NA,NA,NA,NA,NA,NA,NA,NA,NA,NA,NA,NA,NA,NA,NA,NA,NA,NA,,,,,,,,,,,,,NA,,,NA,,,NA,,,NA,,,NA,,,NA,,,NA,,,NA,,,NA,,,NA,,,NA,,,NA,,,NA,NA,NA,NA,NA,NA,NA,NA,NA,NA,NA,NA,NA,NA,NA,NA,NA,NA,NA,NA,NA,NA,NA,NA,NA,NA,NA,NA,NA,NA,NA,NA,NA,NA,NA,NA,NA,NA,NA,NA,NA,NA,NA,NA,NA,NA,NA,NA,NA,NA,NA,NA,NA,NA,NA,NA,NA,NA,NA,NA,NA,NA,NA,NA,NA,NA,NA,NA,NA,NA,NA,NA,NA,NA,NA,NA,NA,NA,,,,,,,,,,,,,NA,,,NA,,,NA,,,NA,,,NA,,,NA,,,NA,,,NA,,,NA,,,NA,,,NA,,,NA,,,NA,NA,NA,NA,NA,NA,NA,NA,NA,NA,NA,NA,NA,NA,NA,NA,NA,NA,NA,NA,NA,NA,NA,NA,NA,NA,NA,NA,NA,NA
1,6230,25,4,919,4099,137757,E14001573,Welwyn Hatfield,,Bishop's Hatfield Girls' School,Woods Avenue,,,Hatfield,AL10 8NL,01707275331,0,ACC,Does not apply,NSE,OTHER NON SEL,MIXED,0,Nov-18,0,,,,,178,94,79,37.92,B-,62,39.3,B,62,17.70%,79,37.93,B-,25,28.87,Merit+,NE,NE,NE,1,SUPP,25,100.00%,NE,NE,NE,9,0.78,100.00%,79,41.80%,62,98.40%,98.40%,62,98.40%,62,98.40%,98.40%,62,98.40%,29,86.20%,82.80%,29,86.20%,NE,NE,NE,NE,NE,NE,NE,NE,NE,NE,NE,NE,NE,12,10,33.33,C+,10,33.79,C+,SUPP,SUPP,SUPP,NE,NE,NE,NE,NE,NE,NE,6,100.00%,6,100.00%,6,83.30%,NE,NE,NE,NE,NE,NE,NE,80,69,38.49,B,69,38.44,B,SUPP,SUPP,SUPP,NE,NE,NE,NE,NE,9,0.78,56,98.20%,56,98.20%,23,87.00%,NE,NE,NE,NE,NE,NE,NE,216,0.11,0.25,-0.03,3,245,0.1,0.24,-0.03,3,37,-0.25,0.02,-0.53,3,NE,NE,NE,NE,NA,NE,NE,NE,NE,NA,24,-0.03,0.42,-0.47,27,0.01,0.44,-0.42,6,-0.49,0.21,-1.19,NE,NE,NE,NE,NE,NE,NE,NE,192,0.12,0.27,-0.02,218,0.11,0.26,-0.03,31,-0.21,0.09,-0.51,NE,NE,NE,NE,NE,NE,NE,NE,98,102,69,88,95,64,39.16,39.12,42.11,B,B,B+,88,95,64,39.26,39.08,42.12,B,B,B+,16,24,15,31.68,29.25,36.88,Dist-,Merit+,Dist+,NE,NE,NE,NE,NE,NE,NE,NE,NE,NE,NE,NE,NE,NE,NE,NE,NE,NE,,,,,,,,,,,,,,,,238,,,0.06,,,3,0.19,,,-0.07,,,257,,,0.07,,,3,0.2,,,-0.06,,,19,,,-0.14,,,3,0.25,,,-0.54,,,92,93,59,93.50%,100.00%,100.00%,92,93,59,93.50%,100.00%,100.00%,7,8,10,100.00%,100.00%,100.00%,NE,NE,NE,NE,NE,NE,NE,NE,NE,NE,NE,NE,14,SUPP,17,11,SUPP,17,32.63,SUPP,41.78,C+,SUPP,B+,11,SUPP,17,32.54,SUPP,41.92,C+,SUPP,B+,SUPP,SUPP,SUPP,SUPP,SUPP,SUPP,SUPP,SUPP,SUPP,NE,NE,NE,NE,NE,NE,NE,NE,NE,NE,NE,NE,NE,NE,NE,NE,NE,NE,,,,,,,,,,,,,27,,,-0.22,,,0.18,,,-0.62,,,29,,,-0.23,,,0.16,,,-0.62,,,SUPP,,,SUPP,,,SUPP,,,SUPP,,,13,SUPP,15,92.30%,SUPP,100.00%,13,SUPP,15,92.30%,SUPP,100.00%,SUPP,SUPP,SUPP,SUPP,SUPP,SUPP,NE,NE,NE,NE,NE,NE,NE,NE,NE,NE,NE,NE,81,SUPP,52,74,SUPP,47,40.28,SUPP,42.22,B,SUPP,B+,74,SUPP,47,40.41,SUPP,42.19,B,SUPP,B+,SUPP,SUPP,SUPP,SUPP,SUPP,SUPP,SUPP,SUPP,SUPP,NE,NE,NE,NE,NE,NE,NE,NE,NE,NE,NE,NE,NE,NE,NE,NE,NE,NE,,,,,,,,,,,,,211,,,0.09,,,0.23,,,-0.05,,,228,,,0.11,,,0.24,,,-0.03,,,SUPP,,,SUPP,,,SUPP,,,SUPP,,,76,SUPP,44,93.40%,SUPP,100.00%,76,SUPP,44,93.40%,SUPP,100.00%,SUPP,SUPP,SUPP,SUPP,SUPP,SUPP,NE,NE,NE,NE,NE,NE,NE,NE,NE,NE,NE,NE
1,22616,25,4,919,4036,147785,E14001284,Hertsmere,,The Grange Academy,London Road,,,Bushey,WD23 3AA,02089509502,0,AC,Unknown,NR,NA,MIXED,0,Nov-18,0,,,R,,117,58,49,32.89,C+,30,34.33,C+,30,10.00%,49,32.7,C+,21,28.97,Merit+,NE,NE,NE,NE,NE,21,100.00%,3,SUPP,SUPP,3,SUPP,SUPP,46,15.20%,29,96.60%,96.60%,29,96.60%,29,96.60%,96.60%,29,96.60%,27,88.90%,81.50%,27,81.50%,NE,NE,NE,NE,NE,NE,NE,NE,NE,NE,NE,NE,NE,10,8,29.47,C,8,29.38,C,SUPP,SUPP,SUPP,NE,NE,NE,SUPP,SUPP,SUPP,SUPP,SUPP,SUPP,SUPP,SUPP,SUPP,SUPP,NE,NE,NE,NE,NE,NE,NE,47,40,33.91,C+,40,33.69,C+,SUPP,SUPP,SUPP,NE,NE,NE,SUPP,SUPP,SUPP,SUPP,SUPP,SUPP,SUPP,SUPP,SUPP,SUPP,NE,NE,NE,NE,NE,NE,NE,111,0.49,0.68,0.29,1,138,0.41,0.6,0.23,1,35,0.3,0.58,0.02,2,NE,NE,NE,NE,NA,NE,NE,NE,NE,NA,19,-0.17,0.33,-0.67,25,-0.22,0.24,-0.69,6,0.12,0.82,-0.57,NE,NE,NE,NE,NE,NE,NE,NE,92,0.62,0.84,0.41,113,0.55,0.75,0.35,29,0.33,0.64,0.03,NE,NE,NE,NE,NE,NE,NE,NE,74,75,77,62,57,63,25.99,27.27,32.21,C-,C-,C+,62,58,64,26.15,26.73,31.92,C-,C-,C+,33,31,39,26.43,27.08,30.79,Merit,Merit+,Dist-,NE,NE,NE,NE,NE,NE,NE,NE,NE,NE,NE,NE,NE,NE,NE,NE,NE,NE,,,,,,,,,,,,,,,,144,,,-0.09,,,3,0.09,,,-0.26,,,161,,,-0.09,,,3,0.08,,,-0.26,,,50,,,-0.02,,,3,0.21,,,-0.26,,,38,54,56,86.80%,92.60%,100.00%,38,54,56,86.80%,92.60%,100.00%,36,20,21,94.40%,75.00%,61.90%,NE,NE,NE,NE,NE,NE,NE,NE,NE,NE,NE,NE,14,6,16,10,SUPP,12,23.75,SUPP,31,D+,SUPP,C,10,SUPP,12,23.9,SUPP,31,D+,SUPP,C,6,SUPP,9,22.1,SUPP,29.81,Merit-,SUPP,Merit+,NE,NE,NE,NE,NE,NE,NE,NE,NE,NE,NE,NE,NE,NE,NE,NE,NE,NE,,,,,,,,,,,,,24,,,0.07,,,0.53,,,-0.39,,,26,,,0.06,,,0.51,,,-0.39,,,10,,,-0.27,,,0.25,,,-0.8,,,7,SUPP,11,85.70%,SUPP,100.00%,7,SUPP,11,85.70%,SUPP,100.00%,7,SUPP,SUPP,85.70%,SUPP,SUPP,NE,NE,NE,NE,NE,NE,NE,NE,NE,NE,NE,NE,57,69,61,52,SUPP,51,26.42,SUPP,32.5,C-,SUPP,C+,52,SUPP,52,26.58,SUPP,32.14,C-,SUPP,C+,27,SUPP,30,27.54,SUPP,31.05,Merit+,SUPP,Dist-,NE,NE,NE,NE,NE,NE,NE,NE,NE,NE,NE,NE,NE,NE,NE,NE,NE,NE,,,,,,,,,,,,,120,,,-0.12,,,0.07,,,-0.3,,,135,,,-0.12,,,0.06,,,-0.3,,,40,,,0.04,,,0.3,,,-0.22,,,29,SUPP,45,93.10%,SUPP,100.00%,29,SUPP,45,93.10%,SUPP,100.00%,28,SUPP,SUPP,96.40%,SUPP,SUPP,NE,NE,NE,NE,NE,NE,NE,NE,NE,NE,NE,NE
1,24068,25,4,919,4022,142051,E14001139,Broxbourne,,Haileybury Turnford,Mill Lane,Cheshunt,,Waltham Cross,EN8 0JU,01992308333,0,AC,Does not apply,NSE,OTHER NON SEL,MIXED,0,Nov-18,0,,,R,,150,80,69,26.95,C-,35,27.9,C-,35,5.70%,71,26.84,C-,39,29.17,Merit+,NE,NE,NE,1,SUPP,39,100.00%,2,SUPP,SUPP,3,SUPP,SUPP,71,39.40%,61,88.50%,88.50%,61,88.50%,61,88.50%,88.50%,61,88.50%,19,84.20%,84.20%,19,73.70%,NE,NE,NE,NE,NE,NE,NE,NE,NE,NE,NE,NE,NE,14,13,26.55,C-,13,26.47,C-,7,30.19,Dist-,NE,NE,NE,NE,NE,SUPP,SUPP,10,90.00%,10,90.00%,SUPP,SUPP,NE,NE,NE,NE,NE,NE,NE,66,56,27.03,C-,58,26.92,C-,32,28.94,Merit+,NE,NE,NE,SUPP,SUPP,SUPP,SUPP,51,88.20%,51,88.20%,SUPP,SUPP,NE,NE,NE,NE,NE,NE,NE,169,-0.23,-0.07,-0.4,4,183,-0.23,-0.07,-0.39,4,60,-0.09,0.11,-0.3,3,NE,NE,NE,NE,NA,NE,NE,NE,NE,NA,30,-0.12,0.28,-0.52,31,-0.13,0.27,-0.53,11,0.21,0.72,-0.29,NE,NE,NE,NE,NE,NE,NE,NE,139,-0.26,-0.08,-0.44,152,-0.25,-0.07,-0.43,49,-0.16,0.06,-0.39,NE,NE,NE,NE,NE,NE,NE,NE,80,79,79,65,53,60,29.26,27.32,27.84,C,C-,C-,66,53,60,29.42,27.23,27.84,C,C-,C-,38,36,38,27.66,23.5,25.4,Merit+,Merit,Merit,NE,6,6,NE,25,25,NE,Merit,Merit,NE,NE,NE,NE,NE,NE,NE,NE,NE,,,,,,,,,,,,,,,,133,,,0.24,,,2,0.42,,,0.06,,,145,,,0.23,,,2,0.41,,,0.05,,,52,,,0.01,,,3,0.24,,,-0.22,,,49,43,46,98.00%,88.40%,97.80%,49,43,46,98.00%,88.40%,97.80%,28,33,31,71.40%,87.90%,83.90%,NE,1,NE,NE,SUPP,NE,NE,NE,NE,NE,NE,NE,19,18,19,16,9,10,25.88,18.33,27.32,C-,D-,C-,16,9,10,26.01,18.17,27.32,C-,D-,C-,9,9,12,26.89,23,25,Merit+,Merit-,Merit,NE,SUPP,SUPP,NE,SUPP,SUPP,NE,SUPP,SUPP,NE,NE,NE,NE,NE,NE,NE,NE,NE,,,,,,,,,,,,,33,,,0.16,,,0.55,,,-0.24,,,34,,,0.17,,,0.56,,,-0.22,,,13,,,-0.13,,,0.32,,,-0.58,,,13,9,8,100.00%,66.70%,100.00%,13,9,8,100.00%,66.70%,100.00%,6,9,11,66.70%,88.90%,81.80%,NE,NE,NE,NE,NE,NE,NE,NE,NE,NE,NE,NE,59,61,59,47,44,50,29.95,28.69,27.94,C,C,C-,48,44,50,30.11,28.63,27.94,C,C,C-,29,27,26,27.9,23.67,25.66,Merit+,Merit,Merit,NE,SUPP,SUPP,NE,SUPP,SUPP,NE,SUPP,SUPP,NE,NE,NE,NE,NE,NE,NE,NE,NE,,,,,,,,,,,,,100,,,0.27,,,0.48,,,0.06,,,111,,,0.25,,,0.45,,,0.05,,,39,,,0.06,,,0.32,,,-0.21,,,35,34,38,97.10%,94.10%,97.40%,35,34,38,97.10%,94.10%,97.40%,22,24,20,72.70%,87.50%,85.00%,NE,SUPP,NE,NE,SUPP,NE,NE,NE,NE,NE,NE,NE
1,46698,25,4,919,4007,139662,E14001496,South West Hertfordshire,,The Reach Free School,Long Lane,,,Rickmansworth,WD3 8AB,01923711517,0,F,None,NSE,OTHER NON SEL,MIXED,0,Nov-18,0,,,R,,105,61,51,30.7,C,34,32.06,C+,34,11.80%,51,30.8,C,21,34.07,Dist,5,SUPP,SUPP,5,SUPP,21,100.00%,1,SUPP,SUPP,5,SUPP,SUPP,50,24.00%,48,95.80%,95.80%,48,95.80%,48,95.80%,95.80%,48,95.80%,13,69.20%,69.20%,13,69.20%,NE,NE,NE,NE,NE,NE,NE,NE,NE,NE,NE,NE,NE,9,8,28.26,C-,8,28.41,C,SUPP,SUPP,SUPP,NE,NE,NE,NE,NE,SUPP,SUPP,8,100.00%,8,100.00%,SUPP,SUPP,NE,NE,NE,NE,NE,NE,NE,51,42,30.88,C,42,30.98,C,SUPP,SUPP,SUPP,SUPP,SUPP,SUPP,SUPP,SUPP,SUPP,SUPP,39,94.90%,39,94.90%,SUPP,SUPP,NE,NE,NE,NE,NE,NE,NE,132,-0.05,0.13,-0.23,3,136,-0.05,0.13,-0.22,3,27,0.03,0.37,-0.31,3,SUPP,SUPP,SUPP,SUPP,NA,NE,NE,NE,NE,NA,23,-0.42,0.02,-0.86,24,-0.41,0.03,-0.84,SUPP,SUPP,SUPP,SUPP,NE,NE,NE,NE,NE,NE,NE,NE,109,0.03,0.22,-0.17,112,0.03,0.23,-0.16,SUPP,SUPP,SUPP,SUPP,SUPP,SUPP,SUPP,SUPP,NE,NE,NE,NE,48,50,51,38,41,46,33.3,29.39,39.83,C+,C,B,38,41,46,33.29,29.39,39.86,C+,C,B,21,24,19,31,31.72,46.04,Dist-,Dist-,Dist*-,7,15,7,33.57,43.33,44.29,Dist,Dist*-,Dist*-,NE,NE,NE,NE,NE,NE,NE,NE,NE,,,,,,,,,,,,,,,,84,,,0.41,,,1,0.63,,,0.19,,,85,,,0.41,,,1,0.63,,,0.18,,,30,,,0.43,,,2,0.72,,,0.13,,,37,36,43,91.90%,94.40%,97.70%,37,36,43,91.90%,94.40%,97.70%,11,14,7,81.80%,100.00%,100.00%,NE,NE,NE,NE,NE,NE,NE,NE,NE,NE,NE,NE,SUPP,11,8,SUPP,9,7,SUPP,25.26,34.5,SUPP,C-,C+,SUPP,9,7,SUPP,25.26,34.5,SUPP,C-,C+,SUPP,7,SUPP,SUPP,36.11,SUPP,SUPP,Dist,SUPP,NE,SUPP,NE,NE,SUPP,NE,NE,SUPP,NE,NE,NE,NE,NE,NE,NE,NE,NE,NE,,,,,,,,,,,,,SUPP,,,SUPP,,,SUPP,,,SUPP,,,SUPP,,,SUPP,,,SUPP,,,SUPP,,,SUPP,,,SUPP,,,SUPP,,,SUPP,,,SUPP,9,8,SUPP,88.90%,87.50%,SUPP,9,8,SUPP,88.90%,87.50%,NE,SUPP,NE,NE,SUPP,NE,NE,NE,NE,NE,NE,NE,NE,NE,NE,NE,NE,NE,SUPP,37,42,SUPP,30,38,SUPP,30.82,40.51,SUPP,C,B,SUPP,30,38,SUPP,30.82,40.54,SUPP,C,B,SUPP,17,SUPP,SUPP,30,SUPP,SUPP,Dist-,SUPP,SUPP,SUPP,7,SUPP,SUPP,44.29,SUPP,SUPP,Dist*-,NE,NE,NE,NE,NE,NE,NE,NE,NE,,,,,,,,,,,,,SUPP,,,SUPP,,,SUPP,,,SUPP,,,SUPP,,,SUPP,,,SUPP,,,SUPP,,,SUPP,,,SUPP,,,SUPP,,,SUPP,,,SUPP,25,34,SUPP,96.00%,100.00%,SUPP,25,34,SUPP,96.00%,100.00%,11,SUPP,7,81.80%,SUPP,100.00%,NE,NE,NE,NE,NE,NE,NE,NE,NE,NE,NE,NE
1,40352,25,4,919,8020,130721,E14001516,Stevenage,,North Hertfordshire College,Monkswood Way,,,Stevenage,SG1 1LA,01462424242,0,General Further Education College,Does not apply,NA,NA,MIXED,0,16-99,0,,,R,,2366,1089,1,SUPP,SUPP,NE,NE,NE,NE,NE,1,SUPP,SUPP,122,26.27,Merit,35,20.48,Merit-,196,17.90%,278,43.90%,346,0.11,80.60%,462,-0.07,80.70%,167,0.00%,NE,NE,NE,NE,NE,NE,NE,NE,NE,NE,139,89.20%,86.30%,136,66.20%,44,79.50%,79.50%,43,74.40%,103,5.76,L2Merit-,112,92.00%,90.20%,327,31.20%,302,NE,NE,NE,NE,NE,NE,20,26.44,Merit,11,21.41,Merit-,133,-0.05,167,-0.17,NE,NE,NE,NE,25,84.00%,13,84.60%,36,5.85,L2Merit,39,92.30%,718,SUPP,SUPP,SUPP,SUPP,SUPP,SUPP,98,25.49,Merit,24,20.06,Merit-,212,0.21,292,-0.02,NE,NE,NE,NE,110,90.90%,31,77.40%,63,5.67,L2Merit-,69,91.30%,SUPP,SUPP,SUPP,SUPP,NA,SUPP,SUPP,SUPP,SUPP,NA,118,-0.18,0.01,-0.37,3,54,-0.57,-0.28,-0.85,4,89,0.15,0.3,0.01,2,NE,NE,NE,NE,NE,NE,NE,NE,20,0.27,0.79,-0.26,15,-0.44,0.06,-0.94,35,0.23,0.45,0.01,SUPP,SUPP,SUPP,SUPP,SUPP,SUPP,SUPP,SUPP,98,-0.26,-0.05,-0.46,39,-0.62,-0.27,-0.96,54,0.1,0.28,-0.08,1054,1031,1068,NE,1,1,NE,SUPP,SUPP,NE,SUPP,SUPP,NE,1,1,NE,SUPP,SUPP,NE,SUPP,SUPP,194,122,117,23.96,26.68,26.83,Merit,Merit+,Merit+,28,45,50,20,17.7,24.5,Merit-,Pass+,Merit,63,40,8,5.44,5.96,6.5,L2Pass+,L2Merit,L2Merit+,,,,,,,,,,,,,,,,NE,,,NE,,,,NE,,,NE,,,NE,,,NE,,,,NE,,,NE,,,111,,,-0.47,,,4,-0.29,,,-0.65,,,NE,NE,NE,NE,NE,NE,NE,NE,NE,NE,NE,NE,210,155,157,90.50%,91.60%,89.80%,39,65,60,82.10%,90.80%,95.00%,84,76,51,83.30%,85.50%,94.10%,305,316,304,NE,NE,NE,NE,NE,NE,NE,NE,NE,NE,NE,NE,NE,NE,NE,NE,NE,NE,33,30,32,20.7,22.65,24.95,Merit-,Merit-,Merit,10,15,9,15,17.37,25.86,Pass,Pass+,Merit,19,14,SUPP,5.59,5.79,SUPP,L2Merit-,L2Merit-,SUPP,,,,,,,,,,,,,NE,,,NE,,,NE,,,NE,,,NE,,,NE,,,NE,,,NE,,,16,,,-0.73,,,-0.26,,,-1.2,,,NE,NE,NE,NE,NE,NE,NE,NE,NE,NE,NE,NE,39,40,46,84.60%,92.50%,89.10%,14,16,13,78.60%,93.80%,84.60%,25,26,16,88.00%,73.10%,93.80%,682,682,729,NE,SUPP,SUPP,NE,SUPP,SUPP,NE,SUPP,SUPP,NE,SUPP,SUPP,NE,SUPP,SUPP,NE,SUPP,SUPP,156,92,84,24.47,27.92,27.66,Merit,Merit+,Merit+,15,30,41,20.05,17.87,24.21,Merit-,Pass+,Merit,42,25,SUPP,5.37,6.06,SUPP,L2Pass+,L2Merit,SUPP,,,,,,,,,,,,,NE,,,NE,,,NE,,,NE,,,NE,,,NE,,,NE,,,NE,,,95,,,-0.43,,,-0.23,,,-0.62,,,NE,NE,NE,NE,NE,NE,NE,NE,NE,NE,NE,NE,165,115,110,92.10%,91.30%,90.00%,24,49,47,83.30%,89.80%,97.90%,56,49,35,82.10%,91.80%,94.30%
1,27266,25,4,919,5427,136482,E14001283,Hertford and Stortford,,Hockerill Anglo-European College,Dunmow Road,,Hockerill Anglo-European College,Bishop's Stortford,CM23 5HX,01279658451,0,ACC,None,NSE,OTHER NON SEL,MIXED,0,Nov-18,0,,,R,,254,130,NE,NE,NE,NE,NE,NE,NE,NE,126,37,B-,NE,NE,NE,NE,NE,NE,NE,NE,NE,NE,NE,NE,NE,1,SUPP,SUPP,102,97.10%,NE,NE,NE,NE,NE,129,97.70%,96.90%,129,96.90%,NE,NE,NE,NE,NE,NE,NE,NE,NE,NE,NE,NE,NE,NE,NE,NE,NE,NE,SUPP,NE,NE,NE,SUPP,SUPP,SUPP,NE,NE,NE,NE,NE,NE,NE,NE,NE,NE,NE,NE,SUPP,SUPP,NE,NE,NE,NE,NE,NE,NE,NE,NE,SUPP,NE,NE,NE,SUPP,SUPP,SUPP,NE,NE,NE,NE,NE,NE,NE,NE,SUPP,SUPP,NE,NE,SUPP,SUPP,NE,NE,NE,NE,NE,NE,NE,NE,NE,NE,NE,NE,NE,NA,104,-0.27,-0.13,-0.4,4,NE,NE,NE,NE,NA,NE,NE,NE,NE,NA,NE,NE,NE,NE,NA,NE,NE,NE,NE,SUPP,SUPP,SUPP,SUPP,NE,NE,NE,NE,NE,NE,NE,NE,NE,NE,NE,NE,NE,NE,NE,NE,SUPP,SUPP,SUPP,SUPP,NE,NE,NE,NE,NE,NE,NE,NE,NE,NE,NE,NE,105,124,127,1,1,NE,SUPP,SUPP,NE,SUPP,SUPP,NE,101,120,121,36.29,38.01,42.39,B-,B-,B+,NE,NE,NE,NE,NE,NE,NE,NE,NE,1,NE,NE,SUPP,NE,NE,SUPP,NE,NE,NE,NE,NE,NE,NE,NE,NE,NE,NE,,,,,,,,,,,,,,,,SUPP,,,SUPP,,,,SUPP,,,SUPP,,,82,,,-0.05,,,3,0.09,,,-0.2,,,NE,,,NE,,,,NE,,,NE,,,NE,NE,NE,NE,NE,NE,104,122,127,97.10%,98.40%,96.10%,NE,NE,NE,NE,NE,NE,NE,NE,NE,NE,NE,NE,NE,NE,NE,NE,NE,NE,SUPP,6,SUPP,NE,NE,NE,NE,NE,NE,NE,NE,NE,SUPP,6,NE,SUPP,38.15,NE,SUPP,B-,NE,NE,NE,NE,NE,NE,NE,NE,NE,NE,NE,NE,NE,NE,NE,NE,NE,NE,NE,NE,NE,NE,NE,NE,NE,NE,NE,NE,,,,,,,,,,,,,NE,,,NE,,,NE,,,NE,,,SUPP,,,SUPP,,,SUPP,,,SUPP,,,NE,,,NE,,,NE,,,NE,,,NE,NE,NE,NE,NE,NE,SUPP,6,SUPP,SUPP,100.00%,SUPP,NE,NE,NE,NE,NE,NE,NE,NE,NE,NE,NE,NE,NE,NE,NE,NE,NE,NE,SUPP,97,SUPP,SUPP,SUPP,NE,SUPP,SUPP,NE,SUPP,SUPP,NE,SUPP,93,70,SUPP,37.19,42.87,SUPP,B-,B+,NE,NE,NE,NE,NE,NE,NE,NE,NE,SUPP,NE,NE,SUPP,NE,NE,SUPP,NE,NE,NE,NE,NE,NE,NE,NE,NE,NE,NE,,,,,,,,,,,,,SUPP,,,SUPP,,,SUPP,,,SUPP,,,SUPP,,,SUPP,,,SUPP,,,SUPP,,,NE,,,NE,,,NE,,,NE,,,NE,NE,NE,NE,NE,NE,SUPP,96,SUPP,SUPP,97.90%,SUPP,NE,NE,NE,NE,NE,NE,NE,NE,NE,NE,NE,NE,NE,NE,NE,NE,NE,NE
1,26332,25,4,919,5420,140786,E14001283,Hertford and Stortford,,The Hertfordshire & Essex High School and Science College,Warwick Road,,,Bishop's Stortford,CM23 5NJ,01279654127,0,ACC,None,NSE,OTHER NON SEL,MIXED,0,Nov-18,0,,,R,,512,250,243,41,B,227,40.73,B,227,22.90%,243,40.67,B,17,45.46,Dist*-,NE,NE,NE,NE,NE,17,100.00%,NE,NE,NE,2,SUPP,SUPP,242,52.10%,243,97.90%,96.70%,243,97.50%,243,97.90%,96.70%,243,97.50%,8,100.00%,100.00%,8,100.00%,NE,NE,NE,NE,NE,NE,NE,NE,NE,NE,NE,NE,NE,15,13,38.06,B-,13,37.93,B-,SUPP,SUPP,SUPP,NE,NE,NE,NE,NE,NE,NE,15,80.00%,15,80.00%,SUPP,SUPP,NE,NE,NE,NE,NE,NE,NE,235,230,41.15,B,230,40.82,B,SUPP,SUPP,SUPP,NE,NE,NE,NE,NE,SUPP,SUPP,228,99.10%,228,99.10%,SUPP,SUPP,NE,NE,NE,NE,NE,NE,NE,730,0.14,0.22,0.07,2,858,0.1,0.17,0.03,2,17,0.48,0.85,0.11,2,NE,NE,NE,NE,NA,NE,NE,NE,NE,NA,36,0.2,0.55,-0.16,44,0.16,0.5,-0.18,SUPP,SUPP,SUPP,SUPP,NE,NE,NE,NE,NE,NE,NE,NE,694,0.14,0.22,0.06,814,0.1,0.17,0.02,SUPP,SUPP,SUPP,SUPP,NE,NE,NE,NE,NE,NE,NE,NE,261,308,232,250,295,226,38.03,37.78,42.1,B-,B-,B+,250,295,227,37.86,37.39,41.99,B-,B-,B+,25,34,35,40.36,36.73,32.11,Dist+,Dist+,Dist-,3,4,5,SUPP,SUPP,SUPP,SUPP,SUPP,SUPP,NE,NE,NE,NE,NE,NE,NE,NE,NE,,,,,,,,,,,,,,,,725,,,-0.02,,,3,0.05,,,-0.1,,,853,,,-0.04,,,3,0.03,,,-0.12,,,23,,,0.18,,,3,0.55,,,-0.19,,,250,302,226,97.60%,95.70%,99.10%,250,302,226,97.60%,95.70%,99.10%,5,4,1,SUPP,SUPP,SUPP,3,4,5,SUPP,SUPP,SUPP,NE,NE,NE,NE,NE,NE,15,26,20,14,23,19,27.07,32.42,39.31,C-,C+,B,14,23,19,27.2,32.09,39.06,C-,C+,B,SUPP,SUPP,NE,SUPP,SUPP,NE,SUPP,SUPP,NE,NE,NE,NE,NE,NE,NE,NE,NE,NE,NE,NE,NE,NE,NE,NE,NE,NE,NE,,,,,,,,,,,,,41,,,-0.72,,,-0.38,,,-1.07,,,47,,,-0.73,,,-0.4,,,-1.06,,,SUPP,,,SUPP,,,SUPP,,,SUPP,,,15,25,20,93.30%,88.00%,95.00%,15,25,20,93.30%,88.00%,95.00%,NE,SUPP,NE,NE,SUPP,NE,NE,NE,NE,NE,NE,NE,NE,NE,NE,NE,NE,NE,243,277,212,233,267,207,38.65,37.91,42.36,B,B-,B+,233,267,208,38.45,37.53,42.26,B,B-,B+,SUPP,SUPP,35,SUPP,SUPP,32.11,SUPP,SUPP,Dist-,SUPP,SUPP,SUPP,SUPP,SUPP,SUPP,SUPP,SUPP,SUPP,NE,NE,NE,NE,NE,NE,NE,NE,NE,,,,,,,,,,,,,684,,,0.02,,,0.1,,,-0.06,,,806,,,0,,,0.07,,,-0.08,,,SUPP,,,SUPP,,,SUPP,,,SUPP,,,232,272,206,97.80%,96.30%,99.50%,232,272,206,97.80%,96.30%,99.50%,SUPP,SUPP,SUPP,SUPP,SUPP,SUPP,SUPP,SUPP,SUPP,SUPP,SUPP,SUPP,NE,NE,NE,NE,NE,NE
1,26340,25,4,919,4001,138747,E14001284,Hertsmere,,Hertswood Academy,Cowley Hill,,,Borehamwood,WD6 5LG,02082387200,0,ACC,Does not apply,NSE,OTHER NON SEL,MIXED,0,Nov-18,0,,,R,,196,98,68,34.04,C+,41,37.4,B-,41,9.80%,68,34.03,C+,43,25.09,Merit,NE,NE,NE,NE,NE,43,100.00%,16,0.5,93.80%,14,0.64,100.00%,77,29.90%,51,100.00%,100.00%,51,100.00%,51,100.00%,100.00%,51,100.00%,38,86.80%,86.80%,38,86.80%,NE,NE,NE,NE,NE,NE,NE,NE,NE,NE,NE,NE,NE,22,12,32.31,C+,12,32.31,C+,15,25.24,Merit,NE,NE,NE,SUPP,SUPP,SUPP,SUPP,8,100.00%,8,100.00%,12,100.00%,NE,NE,NE,NE,NE,NE,NE,76,56,34.35,C+,56,34.34,C+,28,25,Merit,NE,NE,NE,SUPP,SUPP,SUPP,SUPP,43,100.00%,43,100.00%,26,80.80%,NE,NE,NE,NE,NE,NE,NE,169,0.19,0.36,0.03,2,170,0.19,0.36,0.03,2,85,0.06,0.24,-0.12,3,NE,NE,NE,NE,NA,NE,NE,NE,NE,NA,26,0.08,0.51,-0.36,26,0.08,0.51,-0.36,32,0.23,0.54,-0.07,NE,NE,NE,NE,NE,NE,NE,NE,143,0.22,0.39,0.04,144,0.21,0.39,0.04,53,-0.04,0.19,-0.27,NE,NE,NE,NE,NE,NE,NE,NE,89,81,85,53,63,59,31.92,34.05,34.25,C+,C+,C+,53,63,59,31.91,34.05,34.27,C+,C+,C+,43,36,57,26.42,28.31,23.24,Merit,Merit+,Merit-,NE,NE,NE,NE,NE,NE,NE,NE,NE,NE,NE,NE,NE,NE,NE,NE,NE,NE,,,,,,,,,,,,,,,,115,,,0.26,,,2,0.46,,,0.07,,,116,,,0.26,,,2,0.45,,,0.06,,,68,,,0.05,,,3,0.25,,,-0.16,,,29,39,22,93.10%,97.40%,100.00%,29,39,22,93.10%,97.40%,100.00%,50,38,61,84.00%,94.70%,93.40%,NE,NE,NE,NE,NE,NE,NE,NE,NE,NE,NE,NE,21,14,17,11,10,14,27.14,38.75,31.29,C-,B,C,11,10,14,27.14,38.75,31.29,C-,B,C,7,7,10,27.5,23.08,25.59,Merit+,Merit-,Merit,NE,NE,NE,NE,NE,NE,NE,NE,NE,NE,NE,NE,NE,NE,NE,NE,NE,NE,,,,,,,,,,,,,28,,,-0.22,,,0.2,,,-0.63,,,28,,,-0.22,,,0.2,,,-0.63,,,11,,,0.42,,,0.92,,,-0.08,,,11,SUPP,6,90.90%,SUPP,100.00%,11,SUPP,6,90.90%,SUPP,100.00%,8,7,11,62.50%,100.00%,90.90%,NE,NE,NE,NE,NE,NE,NE,NE,NE,NE,NE,NE,66,67,67,40,53,45,33.3,33.21,35.21,C+,C+,B-,40,53,45,33.28,33.21,35.24,C+,C+,B-,35,29,46,26.08,29.62,22.25,Merit,Merit+,Merit-,NE,NE,NE,NE,NE,NE,NE,NE,NE,NE,NE,NE,NE,NE,NE,NE,NE,NE,,,,,,,,,,,,,87,,,0.42,,,0.64,,,0.19,,,88,,,0.41,,,0.63,,,0.19,,,57,,,-0.03,,,0.19,,,-0.25,,,17,SUPP,16,94.10%,SUPP,100.00%,17,SUPP,16,94.10%,SUPP,100.00%,41,31,49,87.80%,93.50%,93.90%,NE,NE,NE,NE,NE,NE,NE,NE,NE,NE,NE,NE
1,51132,25,4,919,6029,117613,E14001393,North East Hertfordshire,,St Francis College,Broadway,,,Letchworth Garden City,SG6 3PJ,01462670511,0,IND,Christian,,NA,GIRLS,0,Mar-18,0,,,R,,56,12,11,45.59,A-,11,45.45,A-,11,45.50%,11,45.75,A-,NE,NE,NE,NE,NE,NE,NE,NE,NE,NE,2,SUPP,SUPP,NE,NE,NE,11,72.70%,NA,NA,NA,NA,NA,NA,NA,NA,NA,NA,NA,NA,NA,NA,NA,NA,NA,NA,NA,NA,NE,NE,NE,NA,NA,NA,NE,NE,NA,NA,NA,NA,NA,NA,NA,NA,NA,NA,NA,NA,NA,NA,NA,NA,NA,NA,NA,NA,NA,NA,NA,NA,NA,NA,NA,NA,NA,NA,NA,NA,NA,NA,NA,NA,NA,NA,NA,NA,NA,NA,NA,NA,NA,NA,NA,NA,NA,NA,NA,NA,NA,NA,NA,NA,NA,NA,NA,NA,34,0.08,0.45,-0.29,3,36,0.1,0.47,-0.26,3,NE,NE,NE,NE,NA,NE,NE,NE,NE,NA,NE,NE,NE,NE,NA,NA,NA,NA,NA,NA,NA,NA,NA,NA,NA,NA,NA,NA,NA,NA,NA,NA,NA,NA,NA,NA,NA,NA,NA,NA,NA,NA,NA,NA,NA,NA,NA,NA,NA,NA,NA,NA,NA,NA,NA,35,9,29,34,9,28,45.78,41.11,46.33,A-,B,A-,34,9,28,45.93,41.11,46.35,A-,B,A-,NE,NE,NE,NE,NE,NE,NE,NE,NE,NE,NE,NE,NE,NE,NE,NE,NE,NE,NE,NE,NE,NE,NE,NE,NE,NE,NE,,,,,,,,,,,,,,,,82,,,0.39,,,1,0.61,,,0.17,,,91,,,0.41,,,1,0.62,,,0.19,,,NE,,,NE,,,,NE,,,NE,,,NA,NA,NA,NA,NA,NA,NA,NA,NA,NA,NA,NA,NA,NA,NA,NA,NA,NA,NA,NA,NA,NA,NA,NA,NA,NA,NA,NA,NA,NA,NA,NA,NA,NA,NA,NA,NA,NA,NA,NA,NA,NA,NA,NA,NA,NA,NA,NA,NA,NA,NA,NA,NA,NA,NA,NA,NA,NA,NA,NA,NA,NA,NA,NA,NA,NA,NA,NA,NA,NA,NA,NA,NA,NA,NA,NA,NA,NA,,,,,,,,,,,,,NA,,,NA,,,NA,,,NA,,,NA,,,NA,,,NA,,,NA,,,NA,,,NA,,,NA,,,NA,,,NA,NA,NA,NA,NA,NA,NA,NA,NA,NA,NA,NA,NA,NA,NA,NA,NA,NA,NA,NA,NA,NA,NA,NA,NA,NA,NA,NA,NA,NA,NA,NA,NA,NA,NA,NA,NA,NA,NA,NA,NA,NA,NA,NA,NA,NA,NA,NA,NA,NA,NA,NA,NA,NA,NA,NA,NA,NA,NA,NA,NA,NA,NA,NA,NA,NA,NA,NA,NA,NA,NA,NA,NA,NA,NA,NA,NA,NA,,,,,,,,,,,,,NA,,,NA,,,NA,,,NA,,,NA,,,NA,,,NA,,,NA,,,NA,,,NA,,,NA,,,NA,,,NA,NA,NA,NA,NA,NA,NA,NA,NA,NA,NA,NA,NA,NA,NA,NA,NA,NA,NA,NA,NA,NA,NA,NA,NA,NA,NA,NA,NA,NA
1,18396,25,4,919,6062,117623,E14001268,Harpenden and Berkhamsted,,Egerton-Rothesay School,Durrants Lane,,,Berkhamsted,HP4 3UJ,01442865275,0,IND,Christian,,NA,MIXED,0,Jun-19,0,,,R,,17,19,NE,NE,NE,NE,NE,NE,NE,NE,2,SUPP,SUPP,NE,NE,NE,NE,NE,NE,NE,NE,NE,NE,11,0.7,100.00%,15,0.12,86.70%,1,SUPP,NA,NA,NA,NA,NA,NA,NA,NA,NA,NA,NA,NA,NA,NA,NA,NA,NA,NA,NA,NA,NE,NE,NE,NA,NA,NA,NE,NE,NA,NA,NA,NA,NA,NA,NA,NA,NA,NA,NA,NA,NA,NA,NA,NA,NA,NA,NA,NA,NA,NA,NA,NA,NA,NA,NA,NA,NA,NA,NA,NA,NA,NA,NA,NA,NA,NA,NA,NA,NA,NA,NA,NA,NA,NA,NA,NA,NA,NA,NA,NA,NA,NA,NA,NA,NA,NA,NA,NA,NE,NE,NE,NE,NA,SUPP,SUPP,SUPP,SUPP,NA,NE,NE,NE,NE,NA,NE,NE,NE,NE,NA,NE,NE,NE,NE,NA,NA,NA,NA,NA,NA,NA,NA,NA,NA,NA,NA,NA,NA,NA,NA,NA,NA,NA,NA,NA,NA,NA,NA,NA,NA,NA,NA,NA,NA,NA,NA,NA,NA,NA,NA,NA,NA,NA,NA,NA,8,11,16,NE,NE,NE,NE,NE,NE,NE,NE,NE,NE,NE,NE,NE,NE,NE,NE,NE,NE,NE,NE,NE,NE,NE,NE,NE,NE,NE,NE,NE,NE,NE,NE,NE,NE,NE,NE,NE,NE,NE,NE,NE,NE,NE,NE,NE,,,,,,,,,,,,,,,,NA,,,NA,,,,NA,,,NA,,,NA,,,NA,,,,NA,,,NA,,,NA,,,NA,,,,NA,,,NA,,,NA,NA,NA,NA,NA,NA,NA,NA,NA,NA,NA,NA,NA,NA,NA,NA,NA,NA,NA,NA,NA,NA,NA,NA,NA,NA,NA,NA,NA,NA,NA,NA,NA,NA,NA,NA,NA,NA,NA,NA,NA,NA,NA,NA,NA,NA,NA,NA,NA,NA,NA,NA,NA,NA,NA,NA,NA,NA,NA,NA,NA,NA,NA,NA,NA,NA,NA,NA,NA,NA,NA,NA,NA,NA,NA,NA,NA,NA,,,,,,,,,,,,,NA,,,NA,,,NA,,,NA,,,NA,,,NA,,,NA,,,NA,,,NA,,,NA,,,NA,,,NA,,,NA,NA,NA,NA,NA,NA,NA,NA,NA,NA,NA,NA,NA,NA,NA,NA,NA,NA,NA,NA,NA,NA,NA,NA,NA,NA,NA,NA,NA,NA,NA,NA,NA,NA,NA,NA,NA,NA,NA,NA,NA,NA,NA,NA,NA,NA,NA,NA,NA,NA,NA,NA,NA,NA,NA,NA,NA,NA,NA,NA,NA,NA,NA,NA,NA,NA,NA,NA,NA,NA,NA,NA,NA,NA,NA,NA,NA,NA,,,,,,,,,,,,,NA,,,NA,,,NA,,,NA,,,NA,,,NA,,,NA,,,NA,,,NA,,,NA,,,NA,,,NA,,,NA,NA,NA,NA,NA,NA,NA,NA,NA,NA,NA,NA,NA,NA,NA,NA,NA,NA,NA,NA,NA,NA,NA,NA,NA,NA,NA,NA,NA,NA
1,3932,25,4,919,4026,144623,E14001516,Stevenage,,Barclay Academy,Walkern Road,,,Stevenage,SG1 3RB,01438748459,0,AC,Does not apply,NSE,OTHER NON SEL,MIXED,0,Nov-18,0,,,R,,111,60,55,34.3,C+,45,34.15,C+,45,13.30%,55,34.17,C+,10,30,Dist-,NE,NE,NE,NE,NE,10,100.00%,NE,NE,NE,1,SUPP,SUPP,54,24.10%,57,93.00%,93.00%,57,93.00%,57,93.00%,93.00%,57,93.00%,3,SUPP,SUPP,3,SUPP,NE,NE,NE,NE,NE,NE,NE,NE,NE,NE,NE,NE,NE,8,7,29.47,C,7,29.47,C,SUPP,SUPP,SUPP,NE,NE,NE,NE,NE,NE,NE,8,87.50%,8,87.50%,NE,NE,NE,NE,NE,NE,NE,NE,NE,50,48,35,B-,48,34.83,C+,SUPP,SUPP,SUPP,NE,NE,NE,NE,NE,SUPP,SUPP,47,97.90%,47,97.90%,SUPP,SUPP,NE,NE,NE,NE,NE,NE,NE,151,0.17,0.33,0,3,162,0.14,0.3,-0.02,3,11,-0.07,0.44,-0.58,3,NE,NE,NE,NE,NA,NE,NE,NE,NE,NA,19,0.19,0.68,-0.3,19,0.19,0.68,-0.3,SUPP,SUPP,SUPP,SUPP,NE,NE,NE,NE,NE,NE,NE,NE,132,0.16,0.34,-0.01,143,0.13,0.3,-0.04,SUPP,SUPP,SUPP,SUPP,NE,NE,NE,NE,NE,NE,NE,NE,51,30,54,39,29,49,33.56,27.97,34.29,C+,C-,C+,39,29,49,33.56,27.97,34.82,C+,C-,C+,12,7,22,31.54,22.78,38.09,Dist-,Merit-,Dist+,NE,NE,NE,NE,NE,NE,NE,NE,NE,NE,NE,NE,NE,NE,NE,NE,NE,NE,,,,,,,,,,,,,,,,94,,,0.25,,,2,0.45,,,0.04,,,94,,,0.25,,,2,0.45,,,0.04,,,13,,,-0.16,,,3,0.27,,,-0.6,,,46,27,40,91.30%,100.00%,95.00%,46,27,40,91.30%,100.00%,95.00%,5,3,14,SUPP,SUPP,85.70%,NE,NE,NE,NE,NE,NE,NE,NE,NE,NE,NE,NE,7,SUPP,10,6,SUPP,9,35.48,SUPP,32.73,B-,SUPP,C+,6,SUPP,9,35.48,SUPP,32.73,B-,SUPP,C+,SUPP,NE,SUPP,SUPP,NE,SUPP,SUPP,NE,SUPP,NE,NE,NE,NE,NE,NE,NE,NE,NE,NE,NE,NE,NE,NE,NE,NE,NE,NE,,,,,,,,,,,,,16,,,0.04,,,0.55,,,-0.46,,,16,,,0.04,,,0.55,,,-0.46,,,SUPP,,,SUPP,,,SUPP,,,SUPP,,,6,SUPP,9,100.00%,SUPP,100.00%,6,SUPP,9,100.00%,SUPP,100.00%,SUPP,NE,SUPP,SUPP,NE,SUPP,NE,NE,NE,NE,NE,NE,NE,NE,NE,NE,NE,NE,41,SUPP,44,30,SUPP,40,34.23,SUPP,34.67,C+,SUPP,C+,30,SUPP,40,34.23,SUPP,35.3,C+,SUPP,B-,SUPP,7,SUPP,SUPP,22.78,SUPP,SUPP,Merit-,SUPP,NE,NE,NE,NE,NE,NE,NE,NE,NE,NE,NE,NE,NE,NE,NE,NE,NE,NE,,,,,,,,,,,,,78,,,0.29,,,0.52,,,0.06,,,78,,,0.29,,,0.52,,,0.06,,,SUPP,,,SUPP,,,SUPP,,,SUPP,,,37,SUPP,31,89.20%,SUPP,93.50%,37,SUPP,31,89.20%,SUPP,93.50%,SUPP,SUPP,SUPP,SUPP,SUPP,SUPP,NE,NE,NE,NE,NE,NE,NE,NE,NE,NE,NE,NE
1,45614,25,4,919,4000,117499,E14001289,Hitchin,,The Priory School,Bedford Road,,,Hitchin,SG5 2UR,01462622300,0,FD,Does not apply,NSE,OTHER NON SEL,MIXED,0,Nov-18,0,,,R,,262,149,122,36.52,B-,65,38.31,B-,65,26.20%,123,36.73,B-,77,29.05,Merit+,1,SUPP,SUPP,2,SUPP,78,98.70%,NE,NE,NE,9,0.33,88.90%,134,44.80%,74,91.90%,89.20%,74,90.50%,74,91.90%,89.20%,74,90.50%,72,95.80%,94.40%,72,95.80%,1,SUPP,SUPP,1,SUPP,NE,NE,NE,NE,NE,NE,NE,NE,13,11,34.44,C+,11,34.9,C+,6,21.5,Merit-,NE,NE,NE,NE,NE,SUPP,SUPP,8,87.50%,8,87.50%,SUPP,SUPP,NE,NE,NE,NE,NE,NE,NE,135,111,36.73,B-,112,36.91,B-,71,29.44,Merit+,SUPP,SUPP,SUPP,NE,NE,SUPP,SUPP,66,92.40%,66,92.40%,SUPP,SUPP,SUPP,SUPP,NE,NE,NE,NE,NE,293,0.13,0.25,0.02,2,356,0.17,0.28,0.06,2,110,-0.02,0.14,-0.18,3,SUPP,SUPP,SUPP,SUPP,NA,NE,NE,NE,NE,NA,27,-0.01,0.39,-0.42,31,0.07,0.46,-0.33,6,-0.71,0.07,-1.48,NE,NE,NE,NE,NE,NE,NE,NE,266,0.15,0.27,0.03,325,0.18,0.3,0.07,104,0.02,0.18,-0.15,SUPP,SUPP,SUPP,SUPP,NE,NE,NE,NE,110,118,119,97,109,110,32.55,35.97,34.14,C+,B-,C+,97,109,110,32.8,36.08,34.31,C+,B-,C+,46,42,42,29.31,26.24,29.29,Merit+,Merit,Merit+,4,8,2,SUPP,35,SUPP,SUPP,Dist,SUPP,NE,NE,NE,NE,NE,NE,NE,NE,NE,,,,,,,,,,,,,,,,227,,,-0.06,,,3,0.08,,,-0.19,,,262,,,-0.03,,,3,0.1,,,-0.15,,,44,,,-0.12,,,3,0.12,,,-0.37,,,70,101,103,88.60%,98.00%,95.10%,70,101,103,88.60%,98.00%,95.10%,38,15,15,89.50%,93.30%,93.30%,NE,NE,1,NE,NE,SUPP,NE,NE,NE,NE,NE,NE,8,9,16,6,7,12,18.18,33.53,25.93,D-,C+,C-,6,7,12,17.46,33.42,25.97,D-,C+,C-,6,SUPP,SUPP,20.17,SUPP,SUPP,Merit-,SUPP,SUPP,NE,NE,NE,NE,NE,NE,NE,NE,NE,NE,NE,NE,NE,NE,NE,NE,NE,NE,,,,,,,,,,,,,10,,,-0.36,,,0.3,,,-1.01,,,11,,,-0.36,,,0.28,,,-1,,,SUPP,,,SUPP,,,SUPP,,,SUPP,,,SUPP,8,12,SUPP,87.50%,75.00%,SUPP,8,12,SUPP,87.50%,75.00%,SUPP,SUPP,SUPP,SUPP,SUPP,SUPP,NE,NE,NE,NE,NE,NE,NE,NE,NE,NE,NE,NE,99,109,102,90,102,97,33.45,36.13,35.18,C+,B-,B-,90,102,97,33.75,36.26,35.35,C+,B-,B-,40,SUPP,SUPP,30.5,SUPP,SUPP,Dist-,SUPP,SUPP,SUPP,8,SUPP,SUPP,35,SUPP,SUPP,Dist,SUPP,NE,NE,NE,NE,NE,NE,NE,NE,NE,,,,,,,,,,,,,217,,,-0.04,,,0.09,,,-0.18,,,251,,,-0.01,,,0.12,,,-0.14,,,SUPP,,,SUPP,,,SUPP,,,SUPP,,,SUPP,93,90,SUPP,98.90%,97.80%,SUPP,93,90,SUPP,98.90%,97.80%,SUPP,SUPP,SUPP,SUPP,SUPP,SUPP,NE,NE,SUPP,NE,NE,SUPP,NE,NE,NE,NE,NE,NE
1,3008,25,4,919,5406,117578,E14001268,Harpenden and Berkhamsted,,Ashlyns School,Chesham Road,,,Berkhamsted,HP4 3AH,01442863605,0,FD,None,NSE,OTHER NON SEL,MIXED,0,Nov-18,0,,,,,307,166,155,37.59,B-,149,37.74,B-,149,8.70%,155,37.56,B-,6,25,Merit,NE,NE,NE,2,SUPP,8,75.00%,2,SUPP,SUPP,5,SUPP,SUPP,147,27.20%,165,95.20%,93.90%,165,95.20%,165,95.20%,93.90%,165,95.20%,1,SUPP,SUPP,1,SUPP,NE,NE,NE,NE,NE,NE,NE,NE,NE,NE,NE,NE,NE,9,7,37.62,B-,7,36.88,B-,NE,NE,NE,NE,NE,NE,NE,NE,SUPP,SUPP,9,77.80%,9,77.80%,NE,NE,NE,NE,NE,NE,NE,NE,NE,153,144,37.61,B-,144,37.62,B-,6,25,Merit,NE,NE,NE,SUPP,SUPP,SUPP,SUPP,152,96.10%,152,96.10%,SUPP,SUPP,NE,NE,NE,NE,NE,NE,NE,444,0.17,0.26,0.07,2,466,0.16,0.25,0.06,2,6,-0.31,0.38,-1.01,3,NE,NE,NE,NE,NA,NE,NE,NE,NE,NA,21,0.31,0.77,-0.15,23,0.23,0.68,-0.22,NE,NE,NE,NE,NE,NE,NE,NE,NE,NE,NE,NE,423,0.16,0.26,0.06,443,0.15,0.25,0.06,6,-0.31,0.37,-1,NE,NE,NE,NE,NE,NE,NE,NE,166,121,136,152,110,127,34.82,38.49,42.7,C+,B,B+,152,110,127,34.77,38.57,42.68,C+,B,B+,9,4,3,27.78,SUPP,SUPP,Merit+,SUPP,SUPP,NE,NE,NE,NE,NE,NE,NE,NE,NE,NE,NE,NE,NE,NE,NE,NE,NE,NE,,,,,,,,,,,,,,,,422,,,0.02,,,3,0.12,,,-0.08,,,452,,,0.01,,,3,0.1,,,-0.09,,,9,,,-0.17,,,3,0.38,,,-0.72,,,164,118,134,92.70%,93.20%,94.80%,164,118,134,92.70%,93.20%,94.80%,2,4,2,SUPP,SUPP,SUPP,NE,NE,NE,NE,NE,NE,NE,NE,NE,NE,NE,NE,9,9,8,7,SUPP,8,23.53,SUPP,38.33,D+,SUPP,B-,7,SUPP,8,23.43,SUPP,38.33,D+,SUPP,B-,SUPP,SUPP,NE,SUPP,SUPP,NE,SUPP,SUPP,NE,NE,NE,NE,NE,NE,NE,NE,NE,NE,NE,NE,NE,NE,NE,NE,NE,NE,NE,,,,,,,,,,,,,17,,,-0.38,,,0.14,,,-0.91,,,18,,,-0.4,,,0.11,,,-0.92,,,SUPP,,,SUPP,,,SUPP,,,SUPP,,,9,7,8,77.80%,71.40%,100.00%,9,7,8,77.80%,71.40%,100.00%,NE,SUPP,NE,NE,SUPP,NE,NE,NE,NE,NE,NE,NE,NE,NE,NE,NE,NE,NE,153,110,128,141,SUPP,119,35.31,SUPP,42.99,B-,SUPP,B+,141,SUPP,119,35.26,SUPP,42.97,B-,SUPP,B+,SUPP,SUPP,SUPP,SUPP,SUPP,SUPP,SUPP,SUPP,SUPP,NE,NE,NE,NE,NE,NE,NE,NE,NE,NE,NE,NE,NE,NE,NE,NE,NE,NE,,,,,,,,,,,,,405,,,0.04,,,0.14,,,-0.06,,,434,,,0.03,,,0.12,,,-0.07,,,SUPP,,,SUPP,,,SUPP,,,SUPP,,,151,109,126,93.40%,94.50%,94.40%,151,109,126,93.40%,94.50%,94.40%,SUPP,SUPP,SUPP,SUPP,SUPP,SUPP,NE,NE,NE,NE,NE,NE,NE,NE,NE,NE,NE,NE
1,11376,25,4,919,5419,147246,E14001573,Welwyn Hatfield,,Chancellor's School,Pine Grove,Brookmans Park,,Hatfield,AL9 7BN,01707650702,0,ACC,None,NSE,OTHER NON SEL,MIXED,0,Nov-18,0,,,,,215,101,95,36.63,B-,85,37.14,B-,85,11.80%,95,36.56,B-,79,31.45,Dist-,3,SUPP,SUPP,3,SUPP,79,100.00%,NE,NE,NE,2,SUPP,SUPP,95,42.10%,96,99.00%,99.00%,96,99.00%,96,99.00%,99.00%,96,99.00%,2,SUPP,SUPP,2,SUPP,NE,NE,NE,NE,NE,NE,NE,NE,NE,NE,NE,NE,NE,7,6,36.67,B-,6,36.67,B-,SUPP,SUPP,SUPP,NE,NE,NE,NE,NE,NE,NE,6,100.00%,6,100.00%,SUPP,SUPP,NE,NE,NE,NE,NE,NE,NE,94,89,36.62,B-,89,36.56,B-,SUPP,SUPP,SUPP,SUPP,SUPP,SUPP,NE,NE,SUPP,SUPP,90,98.90%,90,98.90%,SUPP,SUPP,NE,NE,NE,NE,NE,NE,NE,284,0.02,0.14,-0.1,3,297,0.01,0.13,-0.11,3,86,-0.02,0.17,-0.21,3,SUPP,SUPP,SUPP,SUPP,NA,NE,NE,NE,NE,NA,17,0.37,0.92,-0.19,17,0.37,0.92,-0.19,6,0.56,1.32,-0.21,NE,NE,NE,NE,NE,NE,NE,NE,267,0,0.12,-0.13,280,-0.01,0.12,-0.13,80,-0.07,0.12,-0.26,SUPP,SUPP,SUPP,SUPP,NE,NE,NE,NE,109,107,118,102,101,110,32.21,33.7,40.52,C+,C+,B,102,101,110,32.1,33.46,40.39,C+,C+,B,94,91,18,24.5,27.14,35,Merit,Merit+,Dist,6,5,8,38.33,SUPP,43.75,Dist+,SUPP,Dist*-,NE,NE,NE,NE,NE,NE,NE,NE,NE,,,,,,,,,,,,,,,,277,,,-0.09,,,3,0.03,,,-0.21,,,288,,,-0.1,,,3,0.02,,,-0.22,,,106,,,-0.31,,,4,-0.14,,,-0.47,,,100,104,111,97.00%,96.20%,97.30%,100,104,111,97.00%,96.20%,97.30%,7,1,5,71.40%,SUPP,SUPP,1,1,1,SUPP,SUPP,SUPP,NE,NE,NE,NE,NE,NE,8,7,9,6,7,7,29.41,30,39,C,C,B,6,7,7,28.89,29.86,38.74,C,C,B,SUPP,7,SUPP,SUPP,30.57,SUPP,SUPP,Dist-,SUPP,NE,SUPP,NE,NE,SUPP,NE,NE,SUPP,NE,NE,NE,NE,NE,NE,NE,NE,NE,NE,,,,,,,,,,,,,14,,,0.12,,,0.66,,,-0.42,,,15,,,0.09,,,0.61,,,-0.44,,,SUPP,,,SUPP,,,SUPP,,,SUPP,,,6,7,7,100.00%,100.00%,100.00%,6,7,7,100.00%,100.00%,100.00%,NE,NE,SUPP,NE,NE,SUPP,SUPP,NE,NE,SUPP,NE,NE,NE,NE,NE,NE,NE,NE,101,99,108,96,93,102,32.39,34.07,40.84,C+,C+,B,96,93,102,32.32,33.82,40.72,C+,C+,B,SUPP,84,SUPP,SUPP,26.92,SUPP,SUPP,Merit+,SUPP,6,SUPP,8,38.33,SUPP,43.75,Dist+,SUPP,Dist*-,NE,NE,NE,NE,NE,NE,NE,NE,NE,,,,,,,,,,,,,263,,,-0.1,,,0.02,,,-0.23,,,273,,,-0.11,,,0.01,,,-0.23,,,SUPP,,,SUPP,,,SUPP,,,SUPP,,,94,96,103,96.80%,95.80%,97.10%,94,96,103,96.80%,95.80%,97.10%,7,SUPP,SUPP,71.40%,SUPP,SUPP,NE,SUPP,SUPP,NE,SUPP,SUPP,NE,NE,NE,NE,NE,NE
1,53938,25,4,919,5422,148499,E14001283,Hertford and Stortford,,St Mary's Catholic School,Windhill,,,Bishop's Stortford,CM23 2NQ,01279654901,0,ACC,Roman Catholic,NSE,OTHER NON SEL,MIXED,0,Nov-18,0,,,R,,173,93,86,29.34,C,64,29.38,C,64,9.40%,86,29.4,C,27,33.24,Dist-,NE,NE,NE,NE,NE,27,100.00%,1,SUPP,SUPP,6,0.67,100.00%,84,32.10%,77,96.10%,96.10%,77,96.10%,77,96.10%,96.10%,77,96.10%,15,86.70%,86.70%,15,86.70%,NE,NE,NE,NE,NE,NE,NE,NE,NE,NE,NE,NE,NE,6,SUPP,SUPP,SUPP,SUPP,SUPP,SUPP,NE,NE,NE,NE,NE,NE,NE,NE,NE,NE,6,83.30%,6,83.30%,NE,NE,NE,NE,NE,NE,NE,NE,NE,87,SUPP,SUPP,SUPP,SUPP,SUPP,SUPP,27,33.24,Dist-,NE,NE,NE,SUPP,SUPP,6,0.67,71,97.20%,71,97.20%,15,86.70%,NE,NE,NE,NE,NE,NE,NE,228,-0.28,-0.15,-0.42,4,236,-0.29,-0.15,-0.42,4,42,0.44,0.7,0.19,2,NE,NE,NE,NE,NA,NE,NE,NE,NE,NA,15,-1.29,-0.7,-1.88,15,-1.29,-0.7,-1.88,NE,NE,NE,NE,NE,NE,NE,NE,NE,NE,NE,NE,213,-0.21,-0.07,-0.35,221,-0.22,-0.08,-0.36,42,0.44,0.69,0.2,NE,NE,NE,NE,NE,NE,NE,NE,110,103,105,106,95,95,34.93,34.67,36.18,C+,C+,B-,106,95,95,34.8,34.48,36.1,C+,C+,B-,25,23,40,35.46,24.9,27.58,Dist,Merit,Merit+,NE,NE,NE,NE,NE,NE,NE,NE,NE,NE,NE,NE,NE,NE,NE,NE,NE,NE,,,,,,,,,,,,,,,,289,,,0.16,,,2,0.28,,,0.04,,,294,,,0.16,,,2,0.28,,,0.04,,,32,,,0.38,,,2,0.66,,,0.09,,,98,99,93,98.00%,91.90%,95.70%,98,99,93,98.00%,91.90%,95.70%,9,5,12,77.80%,SUPP,83.30%,NE,NE,NE,NE,NE,NE,NE,NE,NE,NE,NE,NE,6,SUPP,13,6,SUPP,11,23.85,SUPP,31.15,D+,SUPP,C,6,SUPP,11,23.33,SUPP,31.14,D+,SUPP,C,SUPP,NE,6,SUPP,NE,29.88,SUPP,NE,Merit+,NE,NE,NE,NE,NE,NE,NE,NE,NE,NE,NE,NE,NE,NE,NE,NE,NE,NE,,,,,,,,,,,,,13,,,-0.05,,,0.59,,,-0.69,,,14,,,-0.07,,,0.55,,,-0.7,,,SUPP,,,SUPP,,,SUPP,,,SUPP,,,SUPP,SUPP,11,SUPP,SUPP,90.90%,SUPP,SUPP,11,SUPP,SUPP,90.90%,SUPP,NE,SUPP,SUPP,NE,SUPP,NE,NE,NE,NE,NE,NE,NE,NE,NE,NE,NE,NE,103,SUPP,92,99,SUPP,84,35.25,SUPP,36.77,B-,SUPP,B-,99,SUPP,84,35.16,SUPP,36.67,B-,SUPP,B-,SUPP,23,34,SUPP,24.9,27.16,SUPP,Merit,Merit+,NE,NE,NE,NE,NE,NE,NE,NE,NE,NE,NE,NE,NE,NE,NE,NE,NE,NE,,,,,,,,,,,,,276,,,0.17,,,0.3,,,0.05,,,280,,,0.17,,,0.29,,,0.05,,,SUPP,,,SUPP,,,SUPP,,,SUPP,,,SUPP,SUPP,82,SUPP,SUPP,96.30%,SUPP,SUPP,82,SUPP,SUPP,96.30%,SUPP,SUPP,SUPP,SUPP,SUPP,SUPP,NE,NE,NE,NE,NE,NE,NE,NE,NE,NE,NE,NE
1,50532,25,4,919,6028,117612,E14001393,North East Hertfordshire,,St Christopher School,Barrington Road,,,Letchworth Garden City,SG6 3JZ,01462650850,0,IND,None,,NA,MIXED,0,Feb-18,0,,,R,,94,44,43,35.31,B-,35,35.62,B-,35,11.40%,43,35.28,B-,10,22.78,Merit-,NE,NE,NE,NE,NE,10,100.00%,3,SUPP,SUPP,1,SUPP,SUPP,40,10.00%,NA,NA,NA,NA,NA,NA,NA,NA,NA,NA,NA,NA,NA,NA,NA,NA,NA,NA,NA,NA,NE,NE,NE,NA,NA,NA,NE,NE,NA,NA,NA,NA,NA,NA,NA,NA,NA,NA,NA,NA,NA,NA,NA,NA,NA,NA,NA,NA,NA,NA,NA,NA,NA,NA,NA,NA,NA,NA,NA,NA,NA,NA,NA,NA,NA,NA,NA,NA,NA,NA,NA,NA,NA,NA,NA,NA,NA,NA,NA,NA,NA,NA,NA,NA,NA,NA,NA,NA,116,0.27,0.46,0.08,2,121,0.26,0.45,0.07,2,10,0.19,0.7,-0.32,3,NE,NE,NE,NE,NA,NE,NE,NE,NE,NA,NA,NA,NA,NA,NA,NA,NA,NA,NA,NA,NA,NA,NA,NA,NA,NA,NA,NA,NA,NA,NA,NA,NA,NA,NA,NA,NA,NA,NA,NA,NA,NA,NA,NA,NA,NA,NA,NA,NA,NA,39,34,27,39,34,26,38.04,33.83,42.91,B-,C+,B+,39,34,26,38.23,33.81,42.91,B-,C+,B+,5,NE,NE,SUPP,NE,NE,SUPP,NE,NE,NE,NE,NE,NE,NE,NE,NE,NE,NE,NE,NE,NE,NE,NE,NE,NE,NE,NE,,,,,,,,,,,,,,,,105,,,0.25,,,2,0.45,,,0.05,,,112,,,0.26,,,2,0.46,,,0.07,,,SUPP,,,SUPP,,,,SUPP,,,SUPP,,,NA,NA,NA,NA,NA,NA,NA,NA,NA,NA,NA,NA,NA,NA,NA,NA,NA,NA,NA,NA,NA,NA,NA,NA,NA,NA,NA,NA,NA,NA,NA,NA,NA,NA,NA,NA,NA,NA,NA,NA,NA,NA,NA,NA,NA,NA,NA,NA,NA,NA,NA,NA,NA,NA,NA,NA,NA,NA,NA,NA,NA,NA,NA,NA,NA,NA,NA,NA,NA,NA,NA,NA,NA,NA,NA,NA,NA,NA,,,,,,,,,,,,,NA,,,NA,,,NA,,,NA,,,NA,,,NA,,,NA,,,NA,,,NA,,,NA,,,NA,,,NA,,,NA,NA,NA,NA,NA,NA,NA,NA,NA,NA,NA,NA,NA,NA,NA,NA,NA,NA,NA,NA,NA,NA,NA,NA,NA,NA,NA,NA,NA,NA,NA,NA,NA,NA,NA,NA,NA,NA,NA,NA,NA,NA,NA,NA,NA,NA,NA,NA,NA,NA,NA,NA,NA,NA,NA,NA,NA,NA,NA,NA,NA,NA,NA,NA,NA,NA,NA,NA,NA,NA,NA,NA,NA,NA,NA,NA,NA,NA,,,,,,,,,,,,,NA,,,NA,,,NA,,,NA,,,NA,,,NA,,,NA,,,NA,,,NA,,,NA,,,NA,,,NA,,,NA,NA,NA,NA,NA,NA,NA,NA,NA,NA,NA,NA,NA,NA,NA,NA,NA,NA,NA,NA,NA,NA,NA,NA,NA,NA,NA,NA,NA,NA
1,19908,25,4,919,4010,117504,E14001393,North East Hertfordshire,,Fearnhill School,Icknield Way West,,,Letchworth,SG6 4BA,01462621200,0,FD,Does not apply,NSE,OTHER NON SEL,MIXED,0,Nov-18,0,,,R,,62,24,19,24.71,D+,14,25.48,C-,14,0.00%,19,24.74,D+,4,SUPP,SUPP,NE,NE,NE,NE,NE,4,SUPP,NE,NE,NE,1,SUPP,SUPP,18,27.80%,23,78.30%,78.30%,22,77.30%,23,78.30%,78.30%,22,77.30%,1,SUPP,SUPP,1,SUPP,NE,NE,NE,NE,NE,NE,NE,NE,NE,NE,NE,NE,NE,SUPP,SUPP,SUPP,SUPP,SUPP,SUPP,SUPP,SUPP,SUPP,SUPP,NE,NE,NE,NE,NE,NE,NE,SUPP,SUPP,SUPP,SUPP,SUPP,SUPP,NE,NE,NE,NE,NE,NE,NE,SUPP,SUPP,SUPP,SUPP,SUPP,SUPP,SUPP,SUPP,SUPP,SUPP,NE,NE,NE,NE,NE,NE,NE,SUPP,SUPP,SUPP,SUPP,SUPP,SUPP,NE,NE,NE,NE,NE,NE,NE,49,-0.36,-0.07,-0.64,4,50,-0.36,-0.07,-0.65,4,SUPP,SUPP,SUPP,SUPP,NA,NE,NE,NE,NE,NA,NE,NE,NE,NE,NA,SUPP,SUPP,SUPP,SUPP,SUPP,SUPP,SUPP,SUPP,SUPP,SUPP,SUPP,SUPP,NE,NE,NE,NE,NE,NE,NE,NE,SUPP,SUPP,SUPP,SUPP,SUPP,SUPP,SUPP,SUPP,SUPP,SUPP,SUPP,SUPP,NE,NE,NE,NE,NE,NE,NE,NE,26,40,33,23,31,24,33.57,32.12,41.13,C+,C+,B,23,31,24,33.57,32.05,41.13,C+,C+,B,3,5,NE,SUPP,SUPP,NE,SUPP,SUPP,NE,NE,NE,NE,NE,NE,NE,NE,NE,NE,NE,NE,NE,NE,NE,NE,NE,NE,NE,,,,,,,,,,,,,,,,71,,,-0.17,,,3,0.07,,,-0.42,,,71,,,-0.17,,,3,0.07,,,-0.42,,,SUPP,,,SUPP,,,,SUPP,,,SUPP,,,22,33,27,95.50%,87.90%,96.30%,22,33,27,95.50%,87.90%,96.30%,3,2,NE,SUPP,SUPP,NE,NE,NE,NE,NE,NE,NE,NE,NE,NE,NE,NE,NE,SUPP,9,SUPP,SUPP,7,SUPP,SUPP,24.44,SUPP,SUPP,D+,SUPP,SUPP,7,SUPP,SUPP,24.37,SUPP,SUPP,D+,SUPP,SUPP,SUPP,NE,SUPP,SUPP,NE,SUPP,SUPP,NE,NE,NE,NE,NE,NE,NE,NE,NE,NE,NE,NE,NE,NE,NE,NE,NE,NE,NE,,,,,,,,,,,,,7,,,-0.29,,,0.45,,,-1.03,,,7,,,-0.29,,,0.45,,,-1.03,,,SUPP,,,SUPP,,,SUPP,,,SUPP,,,SUPP,7,SUPP,SUPP,85.70%,SUPP,SUPP,7,SUPP,SUPP,85.70%,SUPP,SUPP,SUPP,NE,SUPP,SUPP,NE,NE,NE,NE,NE,NE,NE,NE,NE,NE,NE,NE,NE,SUPP,31,SUPP,SUPP,24,SUPP,SUPP,34.18,SUPP,SUPP,C+,SUPP,SUPP,24,SUPP,SUPP,34.12,SUPP,SUPP,C+,SUPP,NE,SUPP,NE,NE,SUPP,NE,NE,SUPP,NE,NE,NE,NE,NE,NE,NE,NE,NE,NE,NE,NE,NE,NE,NE,NE,NE,NE,NE,,,,,,,,,,,,,64,,,-0.16,,,0.1,,,-0.42,,,64,,,-0.16,,,0.1,,,-0.42,,,NE,,,NE,,,NE,,,NE,,,SUPP,26,SUPP,SUPP,88.50%,SUPP,SUPP,26,SUPP,SUPP,88.50%,SUPP,SUPP,SUPP,NE,SUPP,SUPP,NE,NE,NE,NE,NE,NE,NE,NE,NE,NE,NE,NE,NE
1,36190,25,4,919,5414,138042,E14001507,St Albans,,The Marlborough Science Academy,Watling Street,,,St Albans,AL1 2QA,01727856874,0,ACC,None,NSE,OTHER NON SEL,MIXED,0,Nov-18,0,,,R,,225,120,107,28.85,C,85,28.04,C-,85,7.10%,107,28.97,C,24,23.5,Merit,4,SUPP,SUPP,4,SUPP,24,100.00%,6,0.67,83.30%,5,SUPP,SUPP,106,12.30%,110,94.50%,94.50%,110,94.50%,110,94.50%,94.50%,110,94.50%,7,57.10%,57.10%,7,57.10%,NE,NE,NE,NE,NE,NE,NE,NE,NE,NE,NE,NE,NE,14,11,20.36,D,11,20.35,D,SUPP,SUPP,SUPP,NE,NE,NE,SUPP,SUPP,SUPP,SUPP,12,91.70%,12,91.70%,NE,NE,NE,NE,NE,NE,NE,NE,NE,106,96,29.75,C,96,29.89,C,SUPP,SUPP,SUPP,SUPP,SUPP,SUPP,SUPP,SUPP,SUPP,SUPP,98,94.90%,98,94.90%,7,57.10%,NE,NE,NE,NE,NE,NE,NE,291,-0.09,0.02,-0.21,3,301,-0.09,0.03,-0.21,3,27,-0.15,0.17,-0.47,3,SUPP,SUPP,SUPP,SUPP,NA,NE,NE,NE,NE,NA,28,-0.64,-0.23,-1.06,29,-0.64,-0.24,-1.05,SUPP,SUPP,SUPP,SUPP,NE,NE,NE,NE,NE,NE,NE,NE,263,-0.03,0.09,-0.16,272,-0.03,0.09,-0.15,SUPP,SUPP,SUPP,SUPP,SUPP,SUPP,SUPP,SUPP,NE,NE,NE,NE,124,84,109,106,80,98,27.52,28.08,29.73,C-,C-,C,106,80,98,27.52,28.25,29.73,C-,C-,C,16,8,13,25.53,23.89,21.92,Merit,Merit,Merit-,NE,NE,NE,NE,NE,NE,NE,NE,NE,NE,NE,NE,NE,NE,NE,NE,NE,NE,,,,,,,,,,,,,,,,251,,,0.05,,,3,0.18,,,-0.08,,,259,,,0.05,,,3,0.17,,,-0.08,,,19,,,-0.08,,,3,0.29,,,-0.44,,,110,85,107,95.50%,94.10%,94.40%,110,85,107,95.50%,94.10%,94.40%,8,1,3,87.50%,SUPP,SUPP,NE,NE,NE,NE,NE,NE,NE,NE,NE,NE,NE,NE,17,10,20,9,8,20,18.1,23.08,27.61,D-,D+,C-,9,8,20,18.1,23.18,27.62,D-,D+,C-,SUPP,SUPP,SUPP,SUPP,SUPP,SUPP,SUPP,SUPP,SUPP,NE,NE,NE,NE,NE,NE,NE,NE,NE,NE,NE,NE,NE,NE,NE,NE,NE,NE,,,,,,,,,,,,,17,,,-0.25,,,0.25,,,-0.75,,,17,,,-0.25,,,0.25,,,-0.75,,,SUPP,,,SUPP,,,SUPP,,,SUPP,,,9,10,20,100.00%,80.00%,100.00%,9,10,20,100.00%,80.00%,100.00%,SUPP,NE,NE,SUPP,NE,NE,NE,NE,NE,NE,NE,NE,NE,NE,NE,NE,NE,NE,107,74,88,97,72,78,28.26,28.56,30.29,C-,C,C,97,72,78,28.25,28.74,30.29,C-,C,C,SUPP,SUPP,SUPP,SUPP,SUPP,SUPP,SUPP,SUPP,SUPP,NE,NE,NE,NE,NE,NE,NE,NE,NE,NE,NE,NE,NE,NE,NE,NE,NE,NE,,,,,,,,,,,,,234,,,0.07,,,0.2,,,-0.06,,,242,,,0.07,,,0.2,,,-0.06,,,SUPP,,,SUPP,,,SUPP,,,SUPP,,,101,75,86,95.00%,96.00%,94.20%,101,75,86,95.00%,96.00%,94.20%,SUPP,SUPP,SUPP,SUPP,SUPP,SUPP,NE,NE,NE,NE,NE,NE,NE,NE,NE,NE,NE,NE
1,54552,25,4,919,5417,137922,E14001496,South West Hertfordshire,,Saint Michael's Catholic High School,High Elms Lane,Garston,,Watford,WD25 0SS,01923673760,0,ACC,Roman Catholic,NSE,OTHER NON SEL,MIXED,0,Nov-18,0,,,R,,215,101,84,35.07,B-,64,34.69,C+,64,9.40%,84,35.28,B-,38,28.22,Merit+,NE,NE,NE,1,SUPP,39,97.40%,1,SUPP,SUPP,3,SUPP,SUPP,87,18.40%,59,100.00%,94.90%,59,94.90%,59,100.00%,94.90%,59,94.90%,39,92.30%,84.60%,39,74.40%,NE,NE,NE,NE,NE,NE,NE,NE,NE,NE,NE,NE,NE,10,7,28.57,C,7,28.57,C,SUPP,SUPP,SUPP,NE,NE,NE,NE,NE,NE,NE,SUPP,SUPP,SUPP,SUPP,SUPP,SUPP,NE,NE,NE,NE,NE,NE,NE,88,74,35.56,B-,74,35.79,B-,SUPP,SUPP,SUPP,NE,NE,NE,SUPP,SUPP,SUPP,SUPP,SUPP,SUPP,SUPP,SUPP,SUPP,SUPP,NE,NE,NE,NE,NE,NE,NE,202,-0.29,-0.15,-0.44,4,209,-0.28,-0.14,-0.42,4,63,-0.03,0.21,-0.28,3,NE,NE,NE,NE,NA,NE,NE,NE,NE,NA,18,-0.56,-0.04,-1.07,18,-0.56,-0.04,-1.07,6,0.5,1.32,-0.33,NE,NE,NE,NE,NE,NE,NE,NE,184,-0.27,-0.12,-0.42,191,-0.26,-0.11,-0.4,57,-0.08,0.17,-0.33,NE,NE,NE,NE,NE,NE,NE,NE,113,113,94,89,101,86,34.95,33.81,36.8,C+,C+,B-,89,101,86,35.24,33.85,36.87,B-,C+,B-,41,62,45,24.52,26.13,34.62,Merit,Merit,Dist,NE,NE,NE,NE,NE,NE,NE,NE,NE,NE,NE,NE,NE,NE,NE,NE,NE,NE,,,,,,,,,,,,,,,,226,,,-0.2,,,4,-0.07,,,-0.34,,,238,,,-0.19,,,4,-0.06,,,-0.32,,,64,,,-0.38,,,4,-0.16,,,-0.6,,,63,52,76,96.80%,100.00%,100.00%,63,52,76,96.80%,100.00%,100.00%,50,60,18,82.00%,95.00%,94.40%,NE,NE,NE,NE,NE,NE,NE,NE,NE,NE,NE,NE,11,9,6,SUPP,6,SUPP,SUPP,36.3,SUPP,SUPP,B-,SUPP,SUPP,6,SUPP,SUPP,36.3,SUPP,SUPP,B-,SUPP,6,SUPP,SUPP,20.71,SUPP,SUPP,Merit-,SUPP,SUPP,NE,NE,NE,NE,NE,NE,NE,NE,NE,NE,NE,NE,NE,NE,NE,NE,NE,NE,,,,,,,,,,,,,6,,,-0.36,,,0.49,,,-1.22,,,6,,,-0.36,,,0.49,,,-1.22,,,14,,,-0.6,,,-0.11,,,-1.09,,,SUPP,SUPP,SUPP,SUPP,SUPP,SUPP,SUPP,SUPP,SUPP,SUPP,SUPP,SUPP,10,6,SUPP,80.00%,83.30%,SUPP,NE,NE,NE,NE,NE,NE,NE,NE,NE,NE,NE,NE,100,99,87,SUPP,91,SUPP,SUPP,33.62,SUPP,SUPP,C+,SUPP,SUPP,91,SUPP,SUPP,33.66,SUPP,SUPP,C+,SUPP,35,SUPP,SUPP,25.58,SUPP,SUPP,Merit,SUPP,SUPP,NE,NE,NE,NE,NE,NE,NE,NE,NE,NE,NE,NE,NE,NE,NE,NE,NE,NE,,,,,,,,,,,,,220,,,-0.2,,,-0.06,,,-0.34,,,232,,,-0.19,,,-0.05,,,-0.32,,,50,,,-0.32,,,-0.08,,,-0.56,,,SUPP,SUPP,SUPP,SUPP,SUPP,SUPP,SUPP,SUPP,SUPP,SUPP,SUPP,SUPP,40,54,SUPP,82.50%,96.30%,SUPP,NE,NE,NE,NE,NE,NE,NE,NE,NE,NE,NE,NE
1,21130,25,4,919,4141,137002,E14001393,North East Hertfordshire,,Freman College,Bowling Green Lane,,,Buntingford,SG9 9BT,01763271818,0,ACC,None,NSE,OTHER NON SEL,MIXED,0,13-18,0,,,R,,231,106,90,36.84,B-,71,38.36,B,71,15.50%,90,37.1,B-,68,32.39,Dist-,14,30.66,Dist-,14,100.00%,68,100.00%,1,SUPP,SUPP,9,0.78,100.00%,94,29.80%,73,97.30%,97.30%,73,97.30%,73,97.30%,97.30%,73,97.30%,21,90.50%,90.50%,21,90.50%,11,90.90%,81.80%,11,90.90%,NE,NE,NE,NE,NE,NE,NE,NE,10,6,31.88,C+,6,32.35,C+,7,28,Merit+,SUPP,SUPP,SUPP,NE,NE,SUPP,SUPP,SUPP,SUPP,SUPP,SUPP,SUPP,SUPP,SUPP,SUPP,NE,NE,NE,NE,NE,95,83,37.01,B-,83,37.27,B-,61,33.12,Dist-,SUPP,SUPP,SUPP,SUPP,SUPP,SUPP,SUPP,SUPP,SUPP,SUPP,SUPP,SUPP,SUPP,SUPP,SUPP,NE,NE,NE,NE,NE,248,0.25,0.38,0.12,2,268,0.25,0.38,0.13,2,85,0.37,0.57,0.17,2,14,-0.07,0.43,-0.57,3,NE,NE,NE,NE,NA,16,0.39,0.91,-0.13,18,0.4,0.9,-0.11,11,0.28,0.84,-0.29,SUPP,SUPP,SUPP,SUPP,NE,NE,NE,NE,232,0.24,0.38,0.11,250,0.24,0.38,0.11,74,0.39,0.6,0.18,SUPP,SUPP,SUPP,SUPP,NE,NE,NE,NE,137,124,114,116,109,99,39.09,37.18,40.66,B,B-,B,116,109,99,39.27,37.48,40.8,B,B-,B,76,75,21,30.47,32.99,36.46,Dist-,Dist-,Dist,22,24,16,36.31,31.58,35.47,Dist,Dist-,Dist,NE,NE,NE,NE,NE,NE,NE,NE,NE,,,,,,,,,,,,,,,,322,,,0.39,,,1,0.51,,,0.27,,,344,,,0.39,,,1,0.51,,,0.28,,,81,,,0.24,,,2,0.44,,,0.05,,,96,77,82,95.80%,98.70%,97.60%,96,77,82,95.80%,98.70%,97.60%,18,29,14,77.80%,86.20%,100.00%,20,19,16,95.00%,100.00%,93.80%,NE,NE,NE,NE,NE,NE,8,SUPP,7,7,SUPP,SUPP,34.12,SUPP,SUPP,C+,SUPP,SUPP,7,SUPP,SUPP,34.66,SUPP,SUPP,C+,SUPP,SUPP,SUPP,SUPP,SUPP,SUPP,SUPP,SUPP,SUPP,SUPP,SUPP,SUPP,SUPP,SUPP,SUPP,SUPP,SUPP,SUPP,SUPP,SUPP,NE,NE,NE,NE,NE,NE,NE,NE,NE,,,,,,,,,,,,,17,,,0.58,,,1.09,,,0.07,,,19,,,0.61,,,1.11,,,0.12,,,SUPP,,,SUPP,,,SUPP,,,SUPP,,,SUPP,SUPP,SUPP,SUPP,SUPP,SUPP,SUPP,SUPP,SUPP,SUPP,SUPP,SUPP,SUPP,SUPP,SUPP,SUPP,SUPP,SUPP,NE,SUPP,SUPP,NE,SUPP,SUPP,NE,NE,NE,NE,NE,NE,129,SUPP,107,109,SUPP,SUPP,39.36,SUPP,SUPP,B,SUPP,SUPP,109,SUPP,SUPP,39.53,SUPP,SUPP,B,SUPP,SUPP,SUPP,SUPP,SUPP,SUPP,SUPP,SUPP,SUPP,SUPP,SUPP,SUPP,SUPP,SUPP,SUPP,SUPP,SUPP,SUPP,SUPP,SUPP,NE,NE,NE,NE,NE,NE,NE,NE,NE,,,,,,,,,,,,,305,,,0.38,,,0.5,,,0.26,,,325,,,0.38,,,0.5,,,0.26,,,SUPP,,,SUPP,,,SUPP,,,SUPP,,,SUPP,SUPP,SUPP,SUPP,SUPP,SUPP,SUPP,SUPP,SUPP,SUPP,SUPP,SUPP,SUPP,SUPP,SUPP,SUPP,SUPP,SUPP,20,SUPP,SUPP,95.00%,SUPP,SUPP,NE,NE,NE,NE,NE,NE
1,23934,25,4,919,6222,117649,E14001284,Hertsmere,,Haberdashers' Girls' School,Aldenham Road,Elstree,Hertfordshire,Borehamwood,WD6 3BT,02082662300,0,IND,None,,NA,GIRLS,0,Apr-18,0,,,R,,206,103,103,50.94,A,99,51.11,A,99,63.60%,103,50.94,A,NE,NE,NE,NE,NE,NE,NE,NE,NE,NE,NE,NE,NE,NE,NE,NE,100,67.00%,NA,NA,NA,NA,NA,NA,NA,NA,NA,NA,NA,NA,NA,NA,NA,NA,NA,NA,NA,NA,NE,NE,NE,NA,NA,NA,NE,NE,NA,NA,NA,NA,NA,NA,NA,NA,NA,NA,NA,NA,NA,NA,NA,NA,NA,NA,NA,NA,NA,NA,NA,NA,NA,NA,NA,NA,NA,NA,NA,NA,NA,NA,NA,NA,NA,NA,NA,NA,NA,NA,NA,NA,NA,NA,NA,NA,NA,NA,NA,NA,NA,NA,NA,NA,NA,NA,NA,NA,310,0.3,0.42,0.18,2,312,0.3,0.42,0.18,2,NE,NE,NE,NE,NA,NE,NE,NE,NE,NA,NE,NE,NE,NE,NA,NA,NA,NA,NA,NA,NA,NA,NA,NA,NA,NA,NA,NA,NA,NA,NA,NA,NA,NA,NA,NA,NA,NA,NA,NA,NA,NA,NA,NA,NA,NA,NA,NA,NA,NA,NA,NA,NA,NA,NA,106,111,103,106,111,103,50.88,50.74,53.57,A,A,A+,106,111,103,50.88,50.74,53.57,A,A,A+,NE,NE,NE,NE,NE,NE,NE,NE,NE,NE,NE,NE,NE,NE,NE,NE,NE,NE,NE,NE,NE,NE,NE,NE,NE,NE,NE,,,,,,,,,,,,,,,,319,,,0.22,,,2,0.34,,,0.1,,,319,,,0.22,,,2,0.34,,,0.1,,,NE,,,NE,,,,NE,,,NE,,,NA,NA,NA,NA,NA,NA,NA,NA,NA,NA,NA,NA,NA,NA,NA,NA,NA,NA,NA,NA,NA,NA,NA,NA,NA,NA,NA,NA,NA,NA,NA,NA,NA,NA,NA,NA,NA,NA,NA,NA,NA,NA,NA,NA,NA,NA,NA,NA,NA,NA,NA,NA,NA,NA,NA,NA,NA,NA,NA,NA,NA,NA,NA,NA,NA,NA,NA,NA,NA,NA,NA,NA,NA,NA,NA,NA,NA,NA,,,,,,,,,,,,,NA,,,NA,,,NA,,,NA,,,NA,,,NA,,,NA,,,NA,,,NA,,,NA,,,NA,,,NA,,,NA,NA,NA,NA,NA,NA,NA,NA,NA,NA,NA,NA,NA,NA,NA,NA,NA,NA,NA,NA,NA,NA,NA,NA,NA,NA,NA,NA,NA,NA,NA,NA,NA,NA,NA,NA,NA,NA,NA,NA,NA,NA,NA,NA,NA,NA,NA,NA,NA,NA,NA,NA,NA,NA,NA,NA,NA,NA,NA,NA,NA,NA,NA,NA,NA,NA,NA,NA,NA,NA,NA,NA,NA,NA,NA,NA,NA,NA,,,,,,,,,,,,,NA,,,NA,,,NA,,,NA,,,NA,,,NA,,,NA,,,NA,,,NA,,,NA,,,NA,,,NA,,,NA,NA,NA,NA,NA,NA,NA,NA,NA,NA,NA,NA,NA,NA,NA,NA,NA,NA,NA,NA,NA,NA,NA,NA,NA,NA,NA,NA,NA,NA
1,56814,25,4,919,4197,136609,E14001507,St Albans,,Sandringham School,The Ridgeway,,,St Albans,AL4 9NX,01727799560,0,ACC,Does not apply,NSE,OTHER NON SEL,MIXED,0,Nov-18,0,,,,,616,302,290,42.11,B+,253,42.45,B+,253,25.30%,290,42.17,B+,45,37.18,Dist+,3,SUPP,SUPP,3,SUPP,46,100.00%,NE,NE,NE,1,SUPP,SUPP,290,45.50%,288,96.90%,96.50%,288,96.90%,288,96.90%,96.50%,288,96.90%,11,90.90%,90.90%,11,90.90%,3,SUPP,SUPP,3,SUPP,NE,NE,NE,NE,NE,NE,NE,NE,12,7,39.38,B,7,39.38,B,SUPP,SUPP,SUPP,SUPP,SUPP,SUPP,NE,NE,SUPP,SUPP,9,55.60%,9,55.60%,SUPP,SUPP,SUPP,SUPP,NE,NE,NE,NE,NE,286,279,42.11,B+,279,42.18,B+,SUPP,SUPP,SUPP,SUPP,SUPP,SUPP,NE,NE,SUPP,SUPP,275,98.20%,275,98.20%,SUPP,SUPP,SUPP,SUPP,NE,NE,NE,NE,NE,857,0.28,0.35,0.21,2,906,0.28,0.35,0.21,2,55,0.38,0.61,0.15,2,SUPP,SUPP,SUPP,SUPP,NA,NE,NE,NE,NE,NA,16,0.29,0.81,-0.22,16,0.29,0.81,-0.22,SUPP,SUPP,SUPP,SUPP,SUPP,SUPP,SUPP,SUPP,NE,NE,NE,NE,841,0.28,0.35,0.21,890,0.28,0.35,0.21,SUPP,SUPP,SUPP,SUPP,SUPP,SUPP,SUPP,SUPP,NE,NE,NE,NE,276,229,241,266,214,237,42.51,43.24,46.32,B+,B+,A-,266,216,237,42.64,43.29,46.32,B+,B+,A-,45,44,16,30.18,31.21,28.71,Dist-,Dist-,Merit+,1,NE,NE,SUPP,NE,NE,SUPP,NE,NE,NE,NE,NE,NE,NE,NE,NE,NE,NE,,,,,,,,,,,,,,,,759,,,0.38,,,2,0.45,,,0.3,,,806,,,0.38,,,2,0.46,,,0.31,,,53,,,-0.19,,,3,0.04,,,-0.43,,,264,217,238,97.00%,94.00%,99.20%,264,217,238,97.00%,94.00%,99.20%,11,13,4,90.90%,92.30%,SUPP,NE,NE,NE,NE,NE,NE,NE,NE,NE,NE,NE,NE,14,17,14,13,10,14,38.49,35.65,39,B,B-,B,13,12,14,38.49,34.24,39,B,C+,B,SUPP,SUPP,SUPP,SUPP,SUPP,SUPP,SUPP,SUPP,SUPP,SUPP,NE,NE,SUPP,NE,NE,SUPP,NE,NE,NE,NE,NE,NE,NE,NE,NE,NE,NE,,,,,,,,,,,,,37,,,0.63,,,1,,,0.26,,,37,,,0.63,,,1,,,0.26,,,SUPP,,,SUPP,,,SUPP,,,SUPP,,,14,12,14,100.00%,58.30%,100.00%,14,12,14,100.00%,58.30%,100.00%,NE,SUPP,NE,NE,SUPP,NE,NE,NE,NE,NE,NE,NE,NE,NE,NE,NE,NE,NE,253,211,226,245,203,222,42.86,43.55,46.74,B+,B+,A-,245,203,222,42.99,43.66,46.74,B+,B+,A-,SUPP,SUPP,SUPP,SUPP,SUPP,SUPP,SUPP,SUPP,SUPP,NE,NE,NE,NE,NE,NE,NE,NE,NE,NE,NE,NE,NE,NE,NE,NE,NE,NE,,,,,,,,,,,,,722,,,0.36,,,0.44,,,0.28,,,769,,,0.37,,,0.45,,,0.3,,,SUPP,,,SUPP,,,SUPP,,,SUPP,,,242,204,223,96.70%,96.10%,99.10%,242,204,223,96.70%,96.10%,99.10%,10,SUPP,SUPP,90.00%,SUPP,SUPP,NE,NE,NE,NE,NE,NE,NE,NE,NE,NE,NE,NE
4,,25,4,919,,,,,,,,,,,,,0,,,,,,,,,,,,,,16169,8082,36.82,B-,6448,37.4,B-,6448,19.00%,8245,36.84,B-,3730,29.17,Merit+,591,27.21,Merit+,2362,25.00%,5470,69.50%,2223,0.11,79.30%,3163,-0.06,79.10%,9787,32.50%,7382,96.90%,96.50%,7369,96.60%,7511,96.90%,96.50%,7498,96.60%,2845,89.50%,84.20%,2823,80.90%,577,91.50%,81.50%,574,84.30%,244,5.76,L2Merit-,323,90.70%,66.30%,2028,11.00%,2572,590,30.64,C,597,30.62,C,505,25.55,Merit,95,24.97,Merit,797,-0.1,1069,-0.2,523,89.90%,525,89.90%,478,84.30%,114,85.10%,74,5.79,L2Merit-,103,88.30%,13039,7414,37.3,B-,7549,37.32,B-,3188,29.73,Merit+,490,27.57,Merit+,1415,0.23,2080,0,6787,97.50%,6897,97.50%,2332,90.60%,460,93.00%,164,5.73,L2Merit-,214,91.60%,NA,NA,NA,NA,NA,NA,NA,NA,NA,NA,NA,NA,NA,NA,NA,NA,NA,NA,NA,NA,NA,NA,NA,NA,NA,NA,NA,NA,NA,NA,NA,NA,NA,NA,NA,NA,NA,NA,NA,NA,NA,NA,NA,NA,NA,NA,NA,NA,NA,NA,NA,NA,NA,NA,NA,NA,NA,NA,NA,NA,NA,NA,NA,NA,NA,15561,14744,15184,7904,7601,7528,36.37,36.02,39.79,B-,B-,B,8042,7773,7667,36.38,36.1,39.87,B-,B-,B,3588,3223,2904,27.43,27.5,29.65,Merit+,Merit+,Merit+,586,657,555,26.5,26.81,29.2,Merit,Merit+,Merit+,185,111,28,5.74,5.83,6.05,L2Merit-,L2Merit-,L2Merit,,,,,,,,,,,,,,,,NA,,,NA,,,,NA,,,NA,,,NA,,,NA,,,,NA,,,NA,,,NA,,,NA,,,,NA,,,NA,,,7462,7130,7008,95.40%,95.90%,97.60%,7566,7252,7135,95.40%,95.90%,97.60%,2834,2598,2467,86.50%,89.40%,92.60%,631,703,668,90.20%,90.50%,89.40%,267,198,146,87.60%,84.30%,87.00%,2601,2479,2707,569,569,677,29.7,30.17,33.67,C,C,C+,578,587,679,29.69,30.3,33.7,C,C,C+,545,485,499,24.05,24.13,27.19,Merit,Merit,Merit+,108,124,111,23.62,23.55,25.7,Merit,Merit,Merit,49,34,10,5.78,5.7,5.7,L2Merit-,L2Merit-,L2Merit-,,,,,,,,,,,,,NA,,,NA,,,NA,,,NA,,,NA,,,NA,,,NA,,,NA,,,NA,,,NA,,,NA,,,NA,,,529,517,619,90.70%,89.70%,95.00%,534,523,620,90.80%,89.90%,94.80%,577,556,506,81.80%,82.20%,89.50%,139,161,149,89.20%,88.80%,83.20%,82,66,54,86.60%,77.30%,87.00%,12467,11875,12130,7242,6971,6815,36.88,36.46,40.36,B-,B-,B,7350,7103,6901,36.88,36.5,40.41,B-,B-,B,3001,2707,2388,28.08,28.18,30.22,Merit+,Merit+,Dist-,469,528,439,27.02,27.58,30.15,Merit+,Merit+,Dist-,132,75,15,5.72,5.88,6.31,L2Merit-,L2Merit,L2Merit+,,,,,,,,,,,,,NA,,,NA,,,NA,,,NA,,,NA,,,NA,,,NA,,,NA,,,NA,,,NA,,,NA,,,NA,,,6839,6555,6349,95.80%,96.40%,97.90%,6919,6651,6423,95.80%,96.40%,97.90%,2219,2011,1946,87.70%,91.40%,93.40%,488,536,516,90.40%,91.00%,91.10%,179,129,89,88.30%,88.40%,86.50%
1,4678,25,4,919,4043,138286,E14001507,St Albans,,Beaumont School,Austen Way,,,St Albans,AL4 0XB,01727854726,0,ACC,Does not apply,NSE,OTHER NON SEL,MIXED,0,Nov-18,0,,,R,,509,241,232,40.52,B,191,41.08,B,191,25.10%,232,40.54,B,62,30.71,Dist-,7,35.71,Dist,11,63.60%,67,95.50%,1,SUPP,SUPP,5,SUPP,SUPP,228,39.50%,223,98.20%,98.20%,223,98.20%,223,98.20%,98.20%,223,98.20%,11,90.90%,90.90%,11,90.90%,5,SUPP,SUPP,5,SUPP,NE,NE,NE,NE,NE,NE,NE,NE,19,17,32.93,C+,17,32.77,C+,8,31.71,Dist-,SUPP,SUPP,SUPP,SUPP,SUPP,SUPP,SUPP,16,93.80%,16,93.80%,SUPP,SUPP,SUPP,SUPP,NE,NE,NE,NE,NE,216,209,41.15,B,209,41.19,B,53,30.49,Dist-,SUPP,SUPP,SUPP,SUPP,SUPP,SUPP,SUPP,201,98.50%,201,98.50%,SUPP,SUPP,SUPP,SUPP,NE,NE,NE,NE,NE,644,0.21,0.29,0.12,2,668,0.21,0.29,0.13,2,75,-0.36,-0.15,-0.56,4,7,0.11,0.8,-0.58,3,NE,NE,NE,NE,NA,41,-0.03,0.31,-0.38,42,-0.03,0.31,-0.37,10,0.01,0.59,-0.58,SUPP,SUPP,SUPP,SUPP,NE,NE,NE,NE,603,0.22,0.31,0.14,626,0.23,0.31,0.14,65,-0.41,-0.19,-0.63,SUPP,SUPP,SUPP,SUPP,NE,NE,NE,NE,245,220,240,231,205,234,40.93,39.87,42.6,B,B,B+,233,205,234,40.96,39.8,42.61,B,B,B+,34,38,47,29.53,32.91,29.89,Merit+,Dist-,Merit+,6,11,19,34.17,40,41.05,Dist,Dist+,Dist+,NE,NE,NE,NE,NE,NE,NE,NE,NE,,,,,,,,,,,,,,,,665,,,0.21,,,2,0.29,,,0.13,,,684,,,0.2,,,2,0.28,,,0.13,,,39,,,-0.4,,,4,-0.12,,,-0.68,,,237,206,216,97.00%,95.60%,99.10%,237,206,216,97.00%,95.60%,99.10%,8,9,25,75.00%,88.90%,100.00%,2,2,NE,SUPP,SUPP,NE,NE,NE,NE,NE,NE,NE,13,17,20,10,15,20,36,35.85,34.9,B-,B-,C+,10,15,20,36.04,35.48,34.9,B-,B-,C+,SUPP,SUPP,7,SUPP,SUPP,30.63,SUPP,SUPP,Dist-,SUPP,SUPP,SUPP,SUPP,SUPP,SUPP,SUPP,SUPP,SUPP,NE,NE,NE,NE,NE,NE,NE,NE,NE,,,,,,,,,,,,,30,,,0.05,,,0.46,,,-0.36,,,31,,,0.05,,,0.46,,,-0.36,,,SUPP,,,SUPP,,,SUPP,,,SUPP,,,11,15,19,90.90%,100.00%,100.00%,11,15,19,90.90%,100.00%,100.00%,SUPP,SUPP,SUPP,SUPP,SUPP,SUPP,SUPP,NE,NE,SUPP,NE,NE,NE,NE,NE,NE,NE,NE,228,202,219,218,189,213,41.06,40.23,43.33,B,B,B+,220,189,213,41.1,40.2,43.33,B,B,B+,SUPP,SUPP,40,SUPP,SUPP,29.78,SUPP,SUPP,Merit+,SUPP,SUPP,SUPP,SUPP,SUPP,SUPP,SUPP,SUPP,SUPP,NE,NE,NE,NE,NE,NE,NE,NE,NE,,,,,,,,,,,,,635,,,0.21,,,0.3,,,0.13,,,653,,,0.21,,,0.29,,,0.13,,,SUPP,,,SUPP,,,SUPP,,,SUPP,,,222,190,195,97.70%,95.30%,99.50%,222,190,195,97.70%,95.30%,99.50%,SUPP,SUPP,SUPP,SUPP,SUPP,SUPP,SUPP,SUPP,NE,SUPP,SUPP,NE,NE,NE,NE,NE,NE,NE
1,36238,25,4,919,4116,117534,E14001516,Stevenage,,Marriotts School,Brittain Way,,,Stevenage,SG2 8UT,01438726999,0,CY,Does not apply,NSE,OTHER NON SEL,MIXED,0,Nov-18,0,,,R,,223,124,49,37.09,B-,19,40.18,B,19,26.30%,52,37.33,B-,77,29.63,Merit+,20,33.1,Dist-,31,64.50%,86,89.50%,10,0.7,100.00%,22,0.64,100.00%,89,22.50%,27,92.60%,92.60%,27,88.90%,27,92.60%,92.60%,27,88.90%,68,82.40%,82.40%,68,82.40%,24,83.30%,83.30%,24,83.30%,NE,NE,NE,NE,NE,NE,NE,NE,21,9,30.71,C,9,30.91,C,14,31.11,Dist-,SUPP,SUPP,SUPP,SUPP,SUPP,7,0.71,SUPP,SUPP,SUPP,SUPP,16,75.00%,SUPP,SUPP,NE,NE,NE,NE,NE,99,37,37.13,B-,40,37.42,B-,61,29.5,Merit+,SUPP,SUPP,SUPP,SUPP,SUPP,15,0.6,SUPP,SUPP,SUPP,SUPP,50,84.00%,SUPP,SUPP,NE,NE,NE,NE,NE,93,0.01,0.22,-0.21,3,106,0.03,0.24,-0.17,3,149,-0.02,0.12,-0.16,3,20,-0.28,0.11,-0.66,3,NE,NE,NE,NE,NA,14,-0.18,0.38,-0.74,15,-0.19,0.36,-0.75,27,-0.17,0.17,-0.51,SUPP,SUPP,SUPP,SUPP,NE,NE,NE,NE,79,0.04,0.27,-0.2,91,0.07,0.3,-0.15,122,0.01,0.16,-0.15,SUPP,SUPP,SUPP,SUPP,NE,NE,NE,NE,158,136,120,78,77,66,30.62,31.44,35.1,C,C,B-,79,78,68,30.73,31.62,35.25,C,C,B-,104,71,54,27.38,29.89,32.43,Merit+,Merit+,Dist-,19,18,14,37.57,37.15,39.39,Dist+,Dist+,Dist+,NE,NE,NE,NE,NE,NE,NE,NE,NE,,,,,,,,,,,,,,,,143,,,-0.07,,,3,0.1,,,-0.24,,,161,,,-0.06,,,3,0.11,,,-0.22,,,143,,,-0.24,,,4,-0.1,,,-0.38,,,58,50,45,93.10%,88.00%,93.30%,58,50,45,93.10%,88.00%,93.30%,77,62,42,68.80%,77.40%,90.50%,19,17,9,84.20%,76.50%,88.90%,NE,NE,NE,NE,NE,NE,30,28,41,13,11,19,18.05,28.33,32.68,D-,C-,C+,13,11,19,18.64,28.33,32.74,D,C-,C+,20,13,19,25.96,29.09,32.06,Merit,Merit+,Dist-,SUPP,SUPP,8,SUPP,SUPP,36.79,SUPP,SUPP,Dist+,NE,NE,NE,NE,NE,NE,NE,NE,NE,,,,,,,,,,,,,19,,,-0.87,,,-0.33,,,-1.41,,,21,,,-0.83,,,-0.3,,,-1.35,,,29,,,-0.07,,,0.24,,,-0.38,,,6,SUPP,14,100.00%,SUPP,85.70%,6,SUPP,14,100.00%,SUPP,85.70%,18,20,15,55.60%,55.00%,86.70%,6,SUPP,SUPP,83.30%,SUPP,SUPP,NE,NE,NE,NE,NE,NE,122,107,78,62,65,47,32.49,31.84,36.02,C+,C+,B-,63,66,49,32.52,32.04,36.19,C+,C+,B-,81,57,35,27.9,30.28,32.65,Merit+,Dist-,Dist-,SUPP,SUPP,6,SUPP,SUPP,42.86,SUPP,SUPP,Dist*-,NE,NE,NE,NE,NE,NE,NE,NE,NE,,,,,,,,,,,,,124,,,0.05,,,0.23,,,-0.13,,,140,,,0.06,,,0.23,,,-0.12,,,114,,,-0.28,,,-0.13,,,-0.44,,,49,SUPP,31,91.80%,SUPP,96.80%,49,SUPP,31,91.80%,SUPP,96.80%,57,41,27,71.90%,90.20%,92.60%,13,SUPP,SUPP,84.60%,SUPP,SUPP,NE,NE,NE,NE,NE,NE
1,48634,25,4,919,6165,117641,E14001496,South West Hertfordshire,,Royal Masonic School for Girls,Rickmansworth Park,Chorleywood Road,,Rickmansworth,WD3 4HF,01923773168,0,IND,None,,NA,GIRLS,0,Feb-19,0,,,R,,188,92,90,39.7,B,88,39.73,B,88,15.90%,90,39.85,B,1,SUPP,SUPP,NE,NE,NE,1,SUPP,2,SUPP,NE,NE,NE,5,SUPP,SUPP,78,24.40%,NA,NA,NA,NA,NA,NA,NA,NA,NA,NA,NA,NA,NA,NA,NA,NA,NA,NA,NA,NA,NE,NE,NE,NA,NA,NA,NE,NE,NA,NA,NA,NA,NA,NA,NA,NA,NA,NA,NA,NA,NA,NA,NA,NA,NA,NA,NA,NA,NA,NA,NA,NA,NA,NA,NA,NA,NA,NA,NA,NA,NA,NA,NA,NA,NA,NA,NA,NA,NA,NA,NA,NA,NA,NA,NA,NA,NA,NA,NA,NA,NA,NA,NA,NA,NA,NA,NA,NA,250,0.24,0.37,0.11,2,273,0.24,0.37,0.11,2,NE,NE,NE,NE,NA,NE,NE,NE,NE,NA,NE,NE,NE,NE,NA,NA,NA,NA,NA,NA,NA,NA,NA,NA,NA,NA,NA,NA,NA,NA,NA,NA,NA,NA,NA,NA,NA,NA,NA,NA,NA,NA,NA,NA,NA,NA,NA,NA,NA,NA,NA,NA,NA,NA,NA,90,70,79,90,69,78,45.46,43.42,44.37,A-,B+,B+,90,69,78,45.65,43.53,44.58,A-,B+,B+,12,14,16,40.22,36.61,40.59,Dist+,Dist,Dist+,NE,NE,NE,NE,NE,NE,NE,NE,NE,NE,NE,NE,NE,NE,NE,NE,NE,NE,,,,,,,,,,,,,,,,226,,,0.34,,,2,0.48,,,0.21,,,239,,,0.35,,,2,0.49,,,0.22,,,9,,,0.47,,,3,1.03,,,-0.08,,,NA,NA,NA,NA,NA,NA,NA,NA,NA,NA,NA,NA,NA,NA,NA,NA,NA,NA,NA,NA,NA,NA,NA,NA,NA,NA,NA,NA,NA,NA,NA,NA,NA,NA,NA,NA,NA,NA,NA,NA,NA,NA,NA,NA,NA,NA,NA,NA,NA,NA,NA,NA,NA,NA,NA,NA,NA,NA,NA,NA,NA,NA,NA,NA,NA,NA,NA,NA,NA,NA,NA,NA,NA,NA,NA,NA,NA,NA,,,,,,,,,,,,,NA,,,NA,,,NA,,,NA,,,NA,,,NA,,,NA,,,NA,,,NA,,,NA,,,NA,,,NA,,,NA,NA,NA,NA,NA,NA,NA,NA,NA,NA,NA,NA,NA,NA,NA,NA,NA,NA,NA,NA,NA,NA,NA,NA,NA,NA,NA,NA,NA,NA,NA,NA,NA,NA,NA,NA,NA,NA,NA,NA,NA,NA,NA,NA,NA,NA,NA,NA,NA,NA,NA,NA,NA,NA,NA,NA,NA,NA,NA,NA,NA,NA,NA,NA,NA,NA,NA,NA,NA,NA,NA,NA,NA,NA,NA,NA,NA,NA,,,,,,,,,,,,,NA,,,NA,,,NA,,,NA,,,NA,,,NA,,,NA,,,NA,,,NA,,,NA,,,NA,,,NA,,,NA,NA,NA,NA,NA,NA,NA,NA,NA,NA,NA,NA,NA,NA,NA,NA,NA,NA,NA,NA,NA,NA,NA,NA,NA,NA,NA,NA,NA,NA
1,27226,25,4,919,4008,139154,E14001289,Hitchin,,Hitchin Boys' School,Grammar School Walk,,,Hitchin,SG5 1JB,01462432181,0,ACC,Does not apply,NSE,OTHER NON SEL,BOYS,0,Nov-18,0,,,R,,303,148,139,37.31,B-,111,39.04,B,111,34.20%,139,37.3,B-,27,23.74,Merit,6,28.33,Merit+,6,100.00%,27,100.00%,NE,NE,NE,NE,NE,NE,141,36.20%,138,97.10%,96.40%,138,97.10%,138,97.10%,96.40%,138,97.10%,7,100.00%,100.00%,7,100.00%,3,SUPP,SUPP,3,SUPP,NE,NE,NE,NE,NE,NE,NE,NE,11,11,31,C,11,31.37,C,SUPP,SUPP,SUPP,NE,NE,NE,NE,NE,NE,NE,11,100.00%,11,100.00%,NE,NE,NE,NE,NE,NE,NE,NE,NE,136,127,37.87,B-,127,37.83,B-,SUPP,SUPP,SUPP,SUPP,SUPP,SUPP,NE,NE,NE,NE,126,96.80%,126,96.80%,7,100.00%,SUPP,SUPP,NE,NE,NE,NE,NE,396,0.17,0.27,0.06,2,425,0.15,0.26,0.05,2,35,-0.3,-0.03,-0.58,4,SUPP,SUPP,SUPP,SUPP,NA,NE,NE,NE,NE,NA,30,0.28,0.69,-0.13,32,0.29,0.7,-0.12,SUPP,SUPP,SUPP,SUPP,NE,NE,NE,NE,NE,NE,NE,NE,366,0.16,0.27,0.05,393,0.14,0.25,0.04,SUPP,SUPP,SUPP,SUPP,SUPP,SUPP,SUPP,SUPP,NE,NE,NE,NE,139,133,134,121,125,127,34.1,33.71,36.47,C+,C+,B-,121,125,127,34.22,34.06,36.62,C+,C+,B-,24,17,18,25.48,28.49,26.46,Merit,Merit+,Merit,6,2,3,28.33,SUPP,SUPP,Merit+,SUPP,SUPP,NE,NE,NE,NE,NE,NE,NE,NE,NE,,,,,,,,,,,,,,,,337,,,0.1,,,3,0.21,,,-0.01,,,360,,,0.1,,,3,0.2,,,-0.01,,,26,,,-0.41,,,4,-0.08,,,-0.73,,,127,122,125,89.00%,99.20%,99.20%,127,122,125,89.00%,99.20%,99.20%,9,9,10,88.90%,77.80%,90.00%,2,1,NE,SUPP,SUPP,NE,NE,NE,NE,NE,NE,NE,8,13,SUPP,SUPP,10,SUPP,SUPP,32.07,SUPP,SUPP,C+,SUPP,SUPP,10,SUPP,SUPP,32.78,SUPP,SUPP,C+,SUPP,SUPP,SUPP,NE,SUPP,SUPP,NE,SUPP,SUPP,NE,NE,NE,NE,NE,NE,NE,NE,NE,NE,NE,NE,NE,NE,NE,NE,NE,NE,NE,,,,,,,,,,,,,15,,,0.31,,,0.86,,,-0.24,,,16,,,0.3,,,0.84,,,-0.25,,,SUPP,,,SUPP,,,SUPP,,,SUPP,,,7,11,SUPP,71.40%,90.90%,SUPP,7,11,SUPP,71.40%,90.90%,SUPP,SUPP,SUPP,SUPP,SUPP,SUPP,SUPP,NE,NE,NE,NE,NE,NE,NE,NE,NE,NE,NE,NE,129,120,SUPP,SUPP,115,SUPP,SUPP,33.86,SUPP,SUPP,C+,SUPP,SUPP,115,SUPP,SUPP,34.17,SUPP,SUPP,C+,SUPP,SUPP,SUPP,18,SUPP,SUPP,26.46,SUPP,SUPP,Merit,6,SUPP,SUPP,28.33,SUPP,SUPP,Merit+,SUPP,SUPP,NE,NE,NE,NE,NE,NE,NE,NE,NE,,,,,,,,,,,,,322,,,0.09,,,0.2,,,-0.02,,,344,,,0.09,,,0.2,,,-0.02,,,SUPP,,,SUPP,,,SUPP,,,SUPP,,,118,111,SUPP,90.70%,100.00%,SUPP,118,111,SUPP,90.70%,100.00%,SUPP,SUPP,SUPP,SUPP,SUPP,SUPP,SUPP,SUPP,SUPP,NE,SUPP,SUPP,NE,NE,NE,NE,NE,NE,NE
1,27228,25,4,919,4009,137288,E14001289,Hitchin,,Hitchin Girls' School,Highbury Road,,,Hitchin,SG4 9RS,01462621300,0,ACC,Does not apply,NSE,OTHER NON SEL,GIRLS,0,Nov-18,0,,,R,,307,159,150,38.68,B,113,40.12,B,113,14.20%,151,38.91,B,40,33.88,Dist,1,SUPP,SUPP,3,SUPP,42,95.20%,NE,NE,NE,3,SUPP,SUPP,151,35.10%,151,98.00%,96.70%,151,96.70%,151,98.00%,96.70%,151,96.70%,8,87.50%,62.50%,8,62.50%,NE,NE,NE,NE,NE,NE,NE,NE,NE,NE,NE,NE,NE,10,8,23.68,D+,8,24.24,D+,6,33.82,Dist,NE,NE,NE,NE,NE,NE,NE,8,100.00%,8,100.00%,SUPP,SUPP,NE,NE,NE,NE,NE,NE,NE,149,142,39.39,B,143,39.61,B,34,33.88,Dist,SUPP,SUPP,SUPP,NE,NE,SUPP,SUPP,143,97.90%,143,97.90%,SUPP,SUPP,NE,NE,NE,NE,NE,NE,NE,420,0.08,0.18,-0.02,3,476,0.1,0.2,0,3,46,0.45,0.69,0.2,2,SUPP,SUPP,SUPP,SUPP,NA,NE,NE,NE,NE,NA,19,-0.42,0.03,-0.88,21,-0.37,0.07,-0.82,6,0.82,1.55,0.1,NE,NE,NE,NE,NE,NE,NE,NE,401,0.11,0.21,0.01,455,0.12,0.22,0.02,40,0.39,0.65,0.14,SUPP,SUPP,SUPP,SUPP,NE,NE,NE,NE,157,165,151,152,160,143,37.54,36.85,42.95,B-,B-,B+,153,160,143,38,37.09,42.95,B-,B-,B+,23,22,16,29.61,31.12,39.28,Merit+,Dist-,Dist+,2,3,NE,SUPP,SUPP,NE,SUPP,SUPP,NE,NE,NE,NE,NE,NE,NE,NE,NE,NE,,,,,,,,,,,,,,,,432,,,-0.05,,,3,0.05,,,-0.15,,,491,,,-0.02,,,3,0.07,,,-0.12,,,24,,,-0.17,,,3,0.16,,,-0.5,,,155,161,148,99.40%,98.10%,98.00%,155,161,148,99.40%,98.10%,98.00%,2,4,2,SUPP,SUPP,SUPP,NE,NE,NE,NE,NE,NE,NE,NE,NE,NE,NE,NE,10,8,13,10,7,11,37.93,27.89,44.19,B-,C-,B+,10,7,11,38.19,28.54,44.19,B-,C,B+,SUPP,SUPP,SUPP,SUPP,SUPP,SUPP,SUPP,SUPP,SUPP,NE,NE,NE,NE,NE,NE,NE,NE,NE,NE,NE,NE,NE,NE,NE,NE,NE,NE,,,,,,,,,,,,,29,,,-0.11,,,0.31,,,-0.54,,,31,,,-0.08,,,0.33,,,-0.49,,,SUPP,,,SUPP,,,SUPP,,,SUPP,,,10,8,13,100.00%,87.50%,92.30%,10,8,13,100.00%,87.50%,92.30%,NE,NE,NE,NE,NE,NE,NE,NE,NE,NE,NE,NE,NE,NE,NE,NE,NE,NE,147,157,138,142,153,132,37.51,37.23,42.85,B-,B-,B+,143,153,132,37.98,37.46,42.85,B-,B-,B+,SUPP,SUPP,SUPP,SUPP,SUPP,SUPP,SUPP,SUPP,SUPP,SUPP,SUPP,NE,SUPP,SUPP,NE,SUPP,SUPP,NE,NE,NE,NE,NE,NE,NE,NE,NE,NE,,,,,,,,,,,,,403,,,-0.05,,,0.05,,,-0.15,,,460,,,-0.02,,,0.08,,,-0.12,,,SUPP,,,SUPP,,,SUPP,,,SUPP,,,145,153,135,99.30%,98.70%,98.50%,145,153,135,99.30%,98.70%,98.50%,SUPP,SUPP,SUPP,SUPP,SUPP,SUPP,NE,NE,NE,NE,NE,NE,NE,NE,NE,NE,NE,NE
1,31840,25,4,919,4016,136608,E14001393,North East Hertfordshire,,The Knights Templar School,Park Street,,,Baldock,SG7 6DZ,01462620700,0,ACC,Does not apply,NSE,OTHER NON SEL,MIXED,0,Nov-18,0,,,R,,380,195,126,33.53,C+,81,34.77,C+,81,19.80%,126,33.95,C+,83,27.37,Merit+,10,34.31,Dist,73,13.70%,142,58.50%,4,SUPP,SUPP,17,0.47,94.10%,125,24.00%,86,97.70%,97.70%,85,97.60%,86,97.70%,97.70%,85,97.60%,42,90.50%,88.10%,42,90.50%,9,100.00%,88.90%,9,100.00%,NE,NE,NE,NE,NE,NE,NE,NE,19,13,30,C,13,30.34,C,7,23.6,Merit,NE,NE,NE,NE,NE,SUPP,SUPP,12,91.70%,12,91.70%,SUPP,SUPP,NE,NE,NE,NE,NE,NE,NE,167,113,33.94,C+,113,34.38,C+,76,27.75,Merit+,10,34.31,Dist,SUPP,SUPP,SUPP,SUPP,74,98.60%,74,98.60%,SUPP,SUPP,9,100.00%,NE,NE,NE,NE,NE,317,0.11,0.23,0,3,365,0.13,0.24,0.02,2,108,0.09,0.27,-0.1,3,10,0.06,0.63,-0.5,3,NE,NE,NE,NE,NA,33,-0.13,0.23,-0.5,41,-0.14,0.21,-0.49,9,0.1,0.72,-0.51,NE,NE,NE,NE,NE,NE,NE,NE,284,0.14,0.26,0.02,324,0.16,0.28,0.05,99,0.08,0.27,-0.1,10,0.06,0.63,-0.51,NE,NE,NE,NE,204,215,216,133,144,151,32.95,29.97,33.05,C+,C,C+,134,147,151,33.22,30.22,33.06,C+,C,C+,97,93,24,24.83,26.56,32.63,Merit,Merit,Dist-,12,22,11,26.72,24.38,33.24,Merit+,Merit,Dist-,NE,NE,NE,NE,NE,NE,NE,NE,NE,,,,,,,,,,,,,,,,335,,,-0.15,,,4,-0.03,,,-0.26,,,373,,,-0.13,,,4,-0.02,,,-0.24,,,112,,,-0.11,,,3,0.07,,,-0.29,,,103,103,121,94.20%,92.20%,95.00%,103,103,121,94.20%,92.20%,95.00%,36,41,31,83.30%,97.60%,90.30%,16,21,11,81.30%,95.20%,100.00%,NE,NE,NE,NE,NE,NE,15,16,31,7,8,24,22.86,25.26,32.5,D+,C-,C+,7,9,24,22.86,25.84,32.59,D+,C-,C+,SUPP,7,SUPP,SUPP,26.6,SUPP,SUPP,Merit,SUPP,SUPP,SUPP,NE,SUPP,SUPP,NE,SUPP,SUPP,NE,NE,NE,NE,NE,NE,NE,NE,NE,NE,,,,,,,,,,,,,9,,,-0.99,,,-0.28,,,-1.7,,,9,,,-0.99,,,-0.28,,,-1.7,,,10,,,0.16,,,0.76,,,-0.44,,,SUPP,6,24,SUPP,83.30%,87.50%,SUPP,6,24,SUPP,83.30%,87.50%,SUPP,SUPP,SUPP,SUPP,SUPP,SUPP,SUPP,SUPP,NE,SUPP,SUPP,NE,NE,NE,NE,NE,NE,NE,183,193,178,125,136,127,33.37,30.23,33.16,C+,C,C+,126,138,127,33.65,30.47,33.15,C+,C,C+,SUPP,86,SUPP,SUPP,26.56,SUPP,SUPP,Merit,SUPP,SUPP,SUPP,11,SUPP,SUPP,33.24,SUPP,SUPP,Dist-,NE,NE,NE,NE,NE,NE,NE,NE,NE,,,,,,,,,,,,,326,,,-0.12,,,-0.01,,,-0.23,,,364,,,-0.11,,,0,,,-0.22,,,102,,,-0.14,,,0.05,,,-0.33,,,SUPP,97,97,SUPP,92.80%,96.90%,SUPP,97,97,SUPP,92.80%,96.90%,SUPP,SUPP,SUPP,SUPP,SUPP,SUPP,SUPP,SUPP,11,SUPP,SUPP,100.00%,NE,NE,NE,NE,NE,NE
7,,,,,,,,,,,,,,,,,,,,,,,, ,,,,,,,585177,261341,35,B-,191309,35.78,B-,191309,17.50%,266756,35.08,B-,132774,29.91,Merit+,24648,28.84,Merit+,95180,25.90%,200188,67.10%,86549,0.17,81.90%,123230,0.06,82.70%,319327,28.40%,237026,93.10%,92.50%,235842,91.80%,238878,93.10%,92.50%,237605,91.70%,106908,87.10%,83.00%,105553,77.30%,25769,88.60%,77.70%,25250,78.40%,8896,5.6,L2Merit-,10704,85.20%,66.10%,76179,10.10%,132723,35098,31.01,C,36014,31.02,C,28204,28.28,Merit+,5308,26.51,Merit,36957,0.03,50478,-0.05,32003,87.20%,32218,87.20%,26394,83.00%,6251,84.70%,2737,5.54,L2Merit-,3560,82.00%,427973,222322,35.64,B-,226547,35.72,B-,101963,30.38,Dist-,18827,29.45,Merit+,49336,0.27,72401,0.13,201818,94.00%,203370,94.00%,78421,88.40%,19093,89.80%,5972,5.63,L2Merit-,6958,86.70%,700592,-0.03,-0.03,-0.03,NA,753404,-0.03,-0.03,-0.03,NA,174691,0,0,-0.01,NA,23933,0,0.02,-0.01,NA,8673,0,0.02,-0.01,NA,90924,-0.16,-0.15,-0.16,96742,-0.16,-0.15,-0.16,38260,-0.06,-0.05,-0.07,5296,-0.07,-0.05,-0.1,2749,-0.04,-0.01,-0.06,609668,-0.01,-0.01,-0.01,656662,-0.01,-0.01,-0.01,136431,0.02,0.02,0.01,18637,0.02,0.04,0.01,5924,0.02,0.04,0.01,569121,554653,549352,262421,255992,249723,34.38,34.16,37.86,C+,C+,B-,267709,260760,253807,34.45,34.26,37.93,C+,C+,B-,128627,120950,117666,29.09,29.52,31.91,Merit+,Merit+,Dist-,27170,27868,28350,28.11,28.5,30.54,Merit+,Merit+,Dist-,8487,3844,1401,5.63,5.68,5.88,L2Merit-,L2Merit-,L2Merit,,,,,,,,,,,,,,,,675624,,,-0.03,,,4,-0.03,,,-0.03,,,723532,,,-0.03,,,4,-0.03,,,-0.03,,,135748,,,0,,,3,0,,,-0.01,,,242557,236796,227494,92.30%,93.60%,95.10%,244564,238612,229453,92.20%,93.50%,95.00%,106527,104950,102100,85.30%,87.20%,91.70%,30176,33165,33664,87.20%,88.30%,91.10%,10214,9964,9137,84.10%,85.30%,86.60%,132531,129803,129548,36900,36459,35592,30.15,29.91,33.46,C,C,C+,37815,37347,36304,30.15,29.96,33.49,C,C,C+,28712,27201,27007,27.29,27.7,29.97,Merit+,Merit+,Merit+,6332,6470,6530,25.81,26.38,27.99,Merit,Merit,Merit+,2661,1316,454,5.48,5.58,5.73,L2Pass+,L2Merit-,L2Merit-,,,,,,,,,,,,,88503,,,-0.14,,,-0.14,,,-0.15,,,93606,,,-0.15,,,-0.14,,,-0.15,,,28567,,,-0.04,,,-0.03,,,-0.05,,,34479,33634,32081,86.20%,88.40%,90.90%,34712,33846,32330,86.20%,88.30%,90.90%,28183,28107,27124,80.60%,83.50%,89.20%,7844,8698,8732,83.70%,85.30%,88.40%,3500,3478,3193,81.20%,83.50%,85.30%,416214,408698,405362,221518,216794,211909,35.05,34.82,38.55,B-,C+,B,225658,220515,215119,35.13,34.92,38.61,B-,C+,B,97717,92289,89552,29.65,30.1,32.55,Merit+,Dist-,Dist-,20347,21098,21564,28.74,29.1,31.3,Merit+,Merit+,Dist-,5665,2430,892,5.69,5.72,5.95,L2Merit-,L2Merit-,L2Merit,,,,,,,,,,,,,587121,,,-0.01,,,-0.01,,,-0.02,,,629926,,,-0.01,,,-0.01,,,-0.02,,,107181,,,0.01,,,0.02,,,0.01,,,204669,200571,192987,93.30%,94.50%,95.80%,206323,202091,194561,93.30%,94.50%,95.80%,76614,75530,73813,86.90%,88.60%,92.60%,21917,24138,24658,88.40%,89.40%,92.10%,6540,6330,5822,85.40%,86.30%,87.30%
5,,,,,,,,,,,,,,,,,,,,,,,,,,,,,,,627494,298604,36.1,B-,222782,36.84,B-,222782,20.00%,306072,36.25,B-,135843,29.99,Merit+,24833,28.88,Merit+,96155,25.80%,203840,67.40%,88017,0.17,81.20%,124654,0.05,82.30%,354368,30.00%,237026,NA,NA,235842,NA,238878,NA,NA,237605,NA,106908,NA,NA,105553,NA,25769,NA,NA,25250,NA,8910,5.6,L2Merit-,10704,NA,NA,76269,10.10%,,,NA,NA,,NA,NA,,NA,NA,,NA,NA,,NA,,NA,,NA,,NA,,NA,,NA,,NA,NA,,NA,,,NA,NA,,NA,NA,,NA,NA,,NA,NA,,NA,,NA,,NA,,NA,,NA,,NA,,NA,NA,,NA,NA,NA,NA,NA,NA,NA,NA,NA,NA,NA,NA,NA,NA,NA,NA,NA,NA,NA,NA,NA,NA,NA,NA,NA,NA,NA,NA,NA,NA,NA,NA,NA,NA,NA,NA,NA,NA,NA,NA,NA,NA,NA,NA,NA,NA,NA,NA,NA,NA,NA,NA,NA,NA,NA,NA,NA,NA,NA,NA,NA,NA,NA,NA,NA,NA,610821,595296,589479,299335,292201,284381,35.55,35.29,38.87,B-,B-,B,306605,298860,290346,35.69,35.48,39.04,B-,B-,B,131263,123265,119853,29.17,29.56,31.98,Merit+,Merit+,Dist-,27354,28022,28535,28.14,28.52,30.56,Merit+,Merit+,Dist-,8495,3847,1404,5.63,5.68,5.88,L2Merit-,L2Merit-,L2Merit,,,,,,,,,,,,,,,,NA,,,NA,,,,NA,,,NA,,,NA,,,NA,,,,NA,,,NA,,,NA,,,NA,,,,NA,,,NA,,,242557,236796,227494,NA,NA,NA,244564,238612,229453,NA,NA,NA,106527,104950,102100,NA,NA,NA,30176,33165,33664,NA,NA,NA,10214,9964,9137,NA,NA,NA,,,,,,,NA,NA,NA,NA,NA,NA,,,,NA,NA,NA,NA,NA,NA,,,,NA,NA,NA,NA,NA,NA,,,,NA,NA,NA,NA,NA,NA,,,,NA,NA,NA,NA,NA,NA,,,,,,,,,,,,,NA,,,NA,,,NA,,,NA,,,NA,,,NA,,,NA,,,NA,,,NA,,,NA,,,NA,,,NA,,,,,,NA,NA,NA,,,,NA,NA,NA,,,,NA,NA,NA,,,,NA,NA,NA,,,,NA,NA,NA,,,,,,,NA,NA,NA,NA,NA,NA,,,,NA,NA,NA,NA,NA,NA,,,,NA,NA,NA,NA,NA,NA,,,,NA,NA,NA,NA,NA,NA,,,,NA,NA,NA,NA,NA,NA,,,,,,,,,,,,,NA,,,NA,,,NA,,,NA,,,NA,,,NA,,,NA,,,NA,,,NA,,,NA,,,NA,,,NA,,,,,,NA,NA,NA,,,,NA,NA,NA,,,,NA,NA,NA,,,,NA,NA,NA,,,,NA,NA,NA