RECTYPE,ALPHAIND,LEA,ESTAB,URN,SCHNAME,ADDRESS1,ADDRESS2,ADDRESS3,TOWN,PCODE,TELNUM,PCON_CODE,PCON_NAME,URN_AC,SCHNAME_AC,OPEN_AC,NFTYPE,ICLOSE,RELDENOM,AGERANGE,TAB15,TAB1618,TOTPUPS,TPUPYEAR,TELIG,BELIG,GELIG,PBELIG,PGELIG,TKS1AVERAGE,TKS1GROUP_L,PTKS1GROUP_L,TKS1GROUP_M,PTKS1GROUP_M,TKS1GROUP_H,PTKS1GROUP_H,TKS1GROUP_NA,PTKS1GROUP_NA,TFSM6CLA1A,PTFSM6CLA1A,TNOTFSM6CLA1A,PTNOTFSM6CLA1A,TEALGRP2,PTEALGRP2,TMOBN,PTMOBN,PTRWM_EXP,PTRWM_HIGH,READPROG,READPROG_LOWER,READPROG_UPPER,READCOV,WRITPROG,WRITPROG_LOWER,WRITPROG_UPPER,WRITCOV,MATPROG,MATPROG_LOWER,MATPROG_UPPER,MATCOV,PTREAD_EXP,PTREAD_HIGH,PTREAD_AT,READ_AVERAGE,PTGPS_EXP,PTGPS_HIGH,PTGPS_AT,GPS_AVERAGE,PTMAT_EXP,PTMAT_HIGH,PTMAT_AT,MAT_AVERAGE,PTWRITTA_EXP,PTWRITTA_HIGH,PTWRITTA_WTS,PTWRITTA_AD,PTSCITA_EXP,PTSCITA_AD,PTRWM_EXP_B,PTRWM_EXP_G,PTRWM_EXP_L,PTRWM_EXP_M,PTRWM_EXP_H,PTRWM_EXP_FSM6CLA1A,PTRWM_EXP_NotFSM6CLA1A,DIFFN_RWM_EXP,PTRWM_EXP_EAL,PTRWM_EXP_MOBN,PTRWM_HIGH_B,PTRWM_HIGH_G,PTRWM_HIGH_L,PTRWM_HIGH_M,PTRWM_HIGH_H,PTRWM_HIGH_FSM6CLA1A,PTRWM_HIGH_NotFSM6CLA1A,DIFFN_RWM_HIGH,PTRWM_HIGH_EAL,PTRWM_HIGH_MOBN,READPROG_B,READPROG_B_LOWER,READPROG_B_UPPER,READPROG_G,READPROG_G_LOWER,READPROG_G_UPPER,READPROG_L,READPROG_L_LOWER,READPROG_L_UPPER,READPROG_M,READPROG_M_LOWER,READPROG_M_UPPER,READPROG_H,READPROG_H_LOWER,READPROG_H_UPPER,READPROG_FSM6CLA1A,READPROG_FSM6CLA1A_LOWER,READPROG_FSM6CLA1A_UPPER,READPROG_NotFSM6CLA1A,READPROG_NotFSM6CLA1A_LOWER,READPROG_NotFSM6CLA1A_UPPER,DIFFN_READPROG,READPROG_EAL,READPROG_EAL_LOWER,READPROG_EAL_UPPER,READPROG_MOBN,READPROG_MOBN_LOWER,READPROG_MOBN_UPPER,WRITPROG_B,WRITPROG_B_LOWER,WRITPROG_B_UPPER,WRITPROG_G,WRITPROG_G_LOWER,WRITPROG_G_UPPER,WRITPROG_L,WRITPROG_L_LOWER,WRITPROG_L_UPPER,WRITPROG_M,WRITPROG_M_LOWER,WRITPROG_M_UPPER,WRITPROG_H,WRITPROG_H_LOWER,WRITPROG_H_UPPER,WRITPROG_FSM6CLA1A,WRITPROG_FSM6CLA1A_LOWER,WRITPROG_FSM6CLA1A_UPPER,WRITPROG_NotFSM6CLA1A,WRITPROG_NotFSM6CLA1A_LOWER,WRITPROG_NotFSM6CLA1A_UPPER,DIFFN_WRITPROG,WRITPROG_EAL,WRITPROG_EAL_LOWER,WRITPROG_EAL_UPPER,WRITPROG_MOBN,WRITPROG_MOBN_LOWER,WRITPROG_MOBN_UPPER,MATPROG_B,MATPROG_B_LOWER,MATPROG_B_UPPER,MATPROG_G,MATPROG_G_LOWER,MATPROG_G_UPPER,MATPROG_L,MATPROG_L_LOWER,MATPROG_L_UPPER,MATPROG_M,MATPROG_M_LOWER,MATPROG_M_UPPER,MATPROG_H,MATPROG_H_LOWER,MATPROG_H_UPPER,MATPROG_FSM6CLA1A,MATPROG_FSM6CLA1A_LOWER,MATPROG_FSM6CLA1A_UPPER,MATPROG_NotFSM6CLA1A,MATPROG_NotFSM6CLA1A_LOWER,MATPROG_NotFSM6CLA1A_UPPER,DIFFN_MATPROG,MATPROG_EAL,MATPROG_EAL_LOWER,MATPROG_EAL_UPPER,MATPROG_MOBN,MATPROG_MOBN_LOWER,MATPROG_MOBN_UPPER,READ_AVERAGE_B,READ_AVERAGE_G,READ_AVERAGE_L,READ_AVERAGE_M,READ_AVERAGE_H,READ_AVERAGE_FSM6CLA1A,READ_AVERAGE_NotFSM6CLA1A,READ_AVERAGE_EAL,READ_AVERAGE_MOBN,MAT_AVERAGE_B,MAT_AVERAGE_G,MAT_AVERAGE_L,MAT_AVERAGE_M,MAT_AVERAGE_H,MAT_AVERAGE_FSM6CLA1A,MAT_AVERAGE_NotFSM6CLA1A,MAT_AVERAGE_EAL,MAT_AVERAGE_MOBN,GPS_AVERAGE_B,GPS_AVERAGE_G,GPS_AVERAGE_L,GPS_AVERAGE_M,GPS_AVERAGE_H,GPS_AVERAGE_FSM6CLA1A,GPS_AVERAGE_NotFSM6CLA1A,GPS_AVERAGE_EAL,GPS_AVERAGE_MOBN,PTREAD_EXP_L,PTREAD_EXP_M,PTREAD_EXP_H,PTREAD_EXP_FSM6CLA1A,PTREAD_EXP_NotFSM6CLA1A,PTGPS_EXP_L,PTGPS_EXP_M,PTGPS_EXP_H,PTGPS_EXP_FSM6CLA1A,PTGPS_EXP_NotFSM6CLA1A,PTMAT_EXP_L,PTMAT_EXP_M,PTMAT_EXP_H,PTMAT_EXP_FSM6CLA1A,PTMAT_EXP_NotFSM6CLA1A,PTWRITTA_EXP_L,PTWRITTA_EXP_M,PTWRITTA_EXP_H,PTWRITTA_EXP_FSM6CLA1A,PTWRITTA_EXP_NotFSM6CLA1A,PTREAD_HIGH_L,PTREAD_HIGH_M,PTREAD_HIGH_H,PTREAD_HIGH_FSM6CLA1A,PTREAD_HIGH_NotFSM6CLA1A,PTGPS_HIGH_L,PTGPS_HIGH_M,PTGPS_HIGH_H,PTGPS_HIGH_FSM6CLA1A,PTGPS_HIGH_NotFSM6CLA1A,PTMAT_HIGH_L,PTMAT_HIGH_M,PTMAT_HIGH_H,PTMAT_HIGH_FSM6CLA1A,PTMAT_HIGH_NotFSM6CLA1A,PTWRITTA_HIGH_L,PTWRITTA_HIGH_M,PTWRITTA_HIGH_H,PTWRITTA_HIGH_FSM6CLA1A,PTWRITTA_HIGH_NotFSM6CLA1A,TEALGRP1,PTEALGRP1,TEALGRP3,PTEALGRP3,TSENELE,PSENELE,TSENELK,PSENELK,TSENELEK,PSENELEK,TELIG_24,PTFSM6CLA1A_24,PTNOTFSM6CLA1A_24,PTRWM_EXP_24,PTRWM_HIGH_24,PTRWM_EXP_FSM6CLA1A_24,PTRWM_HIGH_FSM6CLA1A_24,PTRWM_EXP_NotFSM6CLA1A_24,PTRWM_HIGH_NotFSM6CLA1A_24,READPROG_24,READPROG_LOWER_24,READPROG_UPPER_24,WRITPROG_24,WRITPROG_LOWER_24,WRITPROG_UPPER_24,MATPROG_24,MATPROG_LOWER_24,MATPROG_UPPER_24,READ_AVERAGE_24,MAT_AVERAGE_24,TELIG_23,PTFSM6CLA1A_23,PTNOTFSM6CLA1A_23,PTRWM_EXP_23,PTRWM_HIGH_23,PTRWM_EXP_FSM6CLA1A_23,PTRWM_HIGH_FSM6CLA1A_23,PTRWM_EXP_NotFSM6CLA1A_23,PTRWM_HIGH_NotFSM6CLA1A_23,READPROG_23,READPROG_LOWER_23,READPROG_UPPER_23,WRITPROG_23,WRITPROG_LOWER_23,WRITPROG_UPPER_23,MATPROG_23,MATPROG_LOWER_23,MATPROG_UPPER_23,READ_AVERAGE_23,MAT_AVERAGE_23,TELIG_3YR,PTRWM_EXP_3YR,PTRWM_HIGH_3YR,READ_AVERAGE_3YR,MAT_AVERAGE_3YR,READPROG_UNADJUSTED,WRITPROG_UNADJUSTED,MATPROG_UNADJUSTED,READPROG_DESCR,WRITPROG_DESCR,MATPROG_DESCR
1,21404,919,2443,151078,Richard Whittington Primary School,Thornbera Gardens,,,Bishop's Stortford,CM23 3NP,01279657778,E14001283,Hertford and Stortford,0,,,ACC,0,Does not apply,3-11,0,0,288,45,45,27,18,60%,40%,,,,,,,,,,11,24%,34,76%,8,18%,44,98%,80%,24%,,,,,,,,,,,,,89%,58%,0%,110,91%,64%,0%,111,93%,51%,0%,110,87%,29%,9%,0%,96%,0%,78%,83%,,,,73%,82%,4,88%,80%,33%,11%,,,,0%,32%,-11,50%,25%,,,,,,,,,,,,,,,,,,,,,,,,,,,,,,,,,,,,,,,,,,,,,,,,,,,,,,,,,,,,,,,,,,,,,,,,,,,,,,,,,,,,,110,109,,,,107,111,110,110,111,108,,,,108,110,110,110,110,113,,,,109,112,110,111,,,,73%,94%,,,,91%,91%,,,,100%,91%,,,,91%,85%,,,,36%,65%,,,,45%,71%,,,,27%,59%,,,,9%,35%,37,82%,0,0%,3,7%,7,16%,10,22%,44,18%,82%,68%,16%,50%,13%,72%,17%,,,,,,,,,,108,107,45,13%,87%,64%,16%,83%,17%,62%,15%,0.7,-1.1,2.6,-0.2,-1.9,1.6,1.4,-0.3,3.2,106,106,134,71%,19%,108,108
1,27766,919,2452,117353,Sheredes Primary School,Benford Road,,,Hoddesdon,EN11 8LL,01992465154,E14001139,Broxbourne,0,,,CY,0,Does not apply,3-11,0,0,460,62,60,34,26,57%,43%,,,,,,,,,,9,15%,51,85%,5,8%,58,97%,78%,20%,,,,,,,,,,,,,85%,48%,0%,108,88%,45%,0%,109,87%,43%,0%,108,90%,35%,8%,0%,98%,0%,79%,77%,,,,44%,84%,-25,SUPP,78%,21%,19%,,,,0%,24%,-11,SUPP,21%,,,,,,,,,,,,,,,,,,,,,,,,,,,,,,,,,,,,,,,,,,,,,,,,,,,,,,,,,,,,,,,,,,,,,,,,,,,,,,,,,,,,,108,109,,,,105,109,SUPP,108,109,107,,,,104,109,SUPP,108,109,109,,,,102,110,SUPP,109,,,,67%,88%,,,,67%,92%,,,,78%,88%,,,,67%,94%,,,,22%,53%,,,,0%,53%,,,,22%,47%,,,,0%,41%,55,92%,0,0%,1,2%,11,18%,12,20%,60,5%,95%,87%,27%,SUPP,SUPP,SUPP,SUPP,,,,,,,,,,111,109,60,7%,93%,95%,25%,SUPP,SUPP,SUPP,SUPP,2.5,0.9,4.1,2.1,0.6,3.6,3.3,1.8,4.8,111,111,180,87%,24%,110,109
1,838,919,2454,137943,Applecroft School,Applecroft Road,,,Welwyn Garden City,AL8 6JZ,01707323758,E14001573,Welwyn Hatfield,0,,,ACC,0,None,3-11,0,0,452,58,59,32,27,54%,46%,,,,,,,,,,9,15%,50,85%,12,20%,57,97%,78%,20%,,,,,,,,,,,,,86%,53%,2%,108,81%,54%,2%,110,81%,39%,0%,107,81%,27%,17%,0%,86%,0%,66%,93%,,,,44%,84%,-25,92%,79%,9%,33%,,,,0%,24%,-11,33%,21%,,,,,,,,,,,,,,,,,,,,,,,,,,,,,,,,,,,,,,,,,,,,,,,,,,,,,,,,,,,,,,,,,,,,,,,,,,,,,,,,,,,,,106,111,,,,100,110,110,109,105,109,,,,97,108,111,107,106,114,,,,96,112,113,110,,,,67%,90%,,,,44%,88%,,,,44%,88%,,,,56%,86%,,,,0%,62%,,,,0%,64%,,,,0%,46%,,,,0%,32%,47,80%,0,0%,2,3%,10,17%,12,20%,60,8%,92%,75%,23%,SUPP,SUPP,SUPP,SUPP,,,,,,,,,,110,108,60,25%,75%,60%,12%,13%,0%,76%,16%,-0.1,-1.7,1.5,2.1,0.5,3.7,-0.9,-2.4,0.6,105,103,179,71%,18%,108,106
1,6024,919,3013,117392,Codicote Church of England Primary School,Meadow Way,Codicote,,Hitchin,SG4 8YL,01438820255,E14001516,Stevenage,0,,,VC,0,Church of England,3-11,0,0,277,55,55,25,30,45%,55%,,,,,,,,,,11,20%,44,80%,2,4%,50,91%,69%,13%,,,,,,,,,,,,,76%,38%,0%,107,80%,36%,0%,107,78%,29%,0%,106,82%,31%,18%,0%,89%,0%,76%,63%,,,,36%,77%,-33,SUPP,72%,12%,13%,,,,0%,16%,-11,SUPP,12%,,,,,,,,,,,,,,,,,,,,,,,,,,,,,,,,,,,,,,,,,,,,,,,,,,,,,,,,,,,,,,,,,,,,,,,,,,,,,,,,,,,,,108,106,,,,103,108,SUPP,107,106,105,,,,100,107,SUPP,106,107,106,,,,101,108,SUPP,107,,,,64%,80%,,,,55%,86%,,,,45%,86%,,,,64%,86%,,,,27%,41%,,,,9%,43%,,,,18%,32%,,,,9%,36%,53,96%,0,0%,0,0%,5,9%,5,9%,27,15%,85%,78%,19%,SUPP,SUPP,SUPP,SUPP,,,,,,,,,,108,107,48,15%,85%,79%,27%,43%,0%,85%,32%,1.4,-0.3,3.2,1.7,-0.1,3.4,1.4,-0.3,3.1,109,107,130,75%,19%,108,107
1,20488,919,3020,117396,Ponsbourne St Mary's Church of England Primary School,Newgate Street Village,,,Hertford,SG13 8RA,01707872395,E14001284,Hertsmere,0,,,VC,0,Church of England,3-11,0,0,112,12,12,5,7,42%,58%,,,,,,,,,,1,8%,11,92%,0,0%,11,92%,83%,0%,,,,,,,,,,,,,92%,42%,0%,107,83%,42%,0%,109,100%,33%,0%,108,83%,17%,17%,0%,100%,0%,SUPP,86%,,,,SUPP,SUPP,SUPP,,82%,SUPP,0%,,,,SUPP,SUPP,SUPP,,0%,,,,,,,,,,,,,,,,,,,,,,,,,,,,,,,,,,,,,,,,,,,,,,,,,,,,,,,,,,,,,,,,,,,,,,,,,,,,,,,,,,,,,SUPP,107,,,,SUPP,SUPP,,106,SUPP,106,,,,SUPP,SUPP,,107,SUPP,109,,,,SUPP,SUPP,,109,,,,SUPP,SUPP,,,,SUPP,SUPP,,,,SUPP,SUPP,,,,SUPP,SUPP,,,,SUPP,SUPP,,,,SUPP,SUPP,,,,SUPP,SUPP,,,,SUPP,SUPP,12,100%,0,0%,0,0%,3,25%,3,25%,10,50%,50%,50%,10%,SUPP,SUPP,SUPP,SUPP,,,,,,,,,,105,99,13,8%,92%,54%,0%,SUPP,SUPP,SUPP,SUPP,1.8,-1.7,5.4,-1.0,-4.4,2.4,3.3,-0.1,6.6,105,107,35,63%,3%,106,105
1,31798,919,3047,117413,Weston Primary & Nursery School,Maiden Street,Weston,,Hitchin,SG4 7AG,01462790317,E14001393,North East Hertfordshire,0,,,VC,0,Church of England,3-11,0,0,109,12,12,5,7,42%,58%,,,,,,,,,,3,25%,9,75%,0,0%,12,100%,50%,0%,,,,,,,,,,,,,75%,17%,0%,104,67%,8%,0%,102,67%,0%,0%,103,75%,17%,17%,0%,100%,0%,SUPP,71%,,,,SUPP,SUPP,SUPP,,50%,SUPP,0%,,,,SUPP,SUPP,SUPP,,0%,,,,,,,,,,,,,,,,,,,,,,,,,,,,,,,,,,,,,,,,,,,,,,,,,,,,,,,,,,,,,,,,,,,,,,,,,,,,,,,,,,,,,SUPP,107,,,,SUPP,SUPP,,104,SUPP,103,,,,SUPP,SUPP,,103,SUPP,105,,,,SUPP,SUPP,,102,,,,SUPP,SUPP,,,,SUPP,SUPP,,,,SUPP,SUPP,,,,SUPP,SUPP,,,,SUPP,SUPP,,,,SUPP,SUPP,,,,SUPP,SUPP,,,,SUPP,SUPP,12,100%,0,0%,1,8%,2,17%,3,25%,15,13%,87%,67%,20%,SUPP,SUPP,SUPP,SUPP,,,,,,,,,,108,104,18,28%,72%,72%,22%,SUPP,SUPP,SUPP,SUPP,2.2,-0.7,5.1,0.1,-2.7,2.9,1.0,-1.8,3.7,108,106,45,64%,16%,107,104
1,12834,919,2349,117290,Holywell Primary School,Tolpits Lane,,,Watford,WD18 6LL,01923225188,E14001568,Watford,0,,,CY,0,Does not apply,3-11,0,0,184,28,30,14,16,47%,53%,,,,,,,,,,10,33%,20,67%,20,67%,20,67%,33%,0%,,,,,,,,,,,,,57%,23%,0%,100,40%,17%,0%,100,40%,10%,0%,97,57%,3%,37%,0%,63%,0%,29%,38%,,,,10%,45%,-59,40%,30%,0%,0%,,,,0%,0%,-11,0%,0%,,,,,,,,,,,,,,,,,,,,,,,,,,,,,,,,,,,,,,,,,,,,,,,,,,,,,,,,,,,,,,,,,,,,,,,,,,,,,,,,,,,,,99,101,,,,98,102,103,101,99,96,,,,92,100,99,96,99,101,,,,94,103,102,100,,,,50%,60%,,,,20%,50%,,,,10%,55%,,,,30%,70%,,,,10%,30%,,,,0%,25%,,,,0%,15%,,,,0%,5%,10,33%,0,0%,3,10%,4,13%,7,23%,43,33%,67%,67%,9%,43%,7%,79%,10%,,,,,,,,,,105,107,38,37%,63%,50%,0%,21%,0%,67%,0%,-2.0,-4.1,0.2,-3.3,-5.3,-1.3,-2.2,-4.2,-0.2,102,101,111,52%,4%,103,103
1,16292,919,2364,117298,Maple Primary School,Hall Place Gardens,,Maple Primary School,St Albans,AL1 3SW,01727859053,E14001507,St Albans,0,,,CY,0,Does not apply,4-11,0,0,215,29,28,11,17,39%,61%,,,,,,,,,,1,4%,27,96%,10,36%,27,96%,93%,18%,,,,,,,,,,,,,93%,64%,0%,111,96%,61%,0%,110,96%,64%,0%,110,96%,25%,4%,0%,96%,0%,100%,88%,,,,SUPP,SUPP,SUPP,90%,93%,18%,18%,,,,SUPP,SUPP,SUPP,10%,19%,,,,,,,,,,,,,,,,,,,,,,,,,,,,,,,,,,,,,,,,,,,,,,,,,,,,,,,,,,,,,,,,,,,,,,,,,,,,,,,,,,,,,110,111,,,,SUPP,SUPP,112,111,111,109,,,,SUPP,SUPP,112,110,112,109,,,,SUPP,SUPP,110,110,,,,SUPP,SUPP,,,,SUPP,SUPP,,,,SUPP,SUPP,,,,SUPP,SUPP,,,,SUPP,SUPP,,,,SUPP,SUPP,,,,SUPP,SUPP,,,,SUPP,SUPP,18,64%,0,0%,1,4%,4,14%,5,18%,33,6%,94%,85%,15%,SUPP,SUPP,SUPP,SUPP,,,,,,,,,,109,110,57,4%,96%,84%,25%,SUPP,SUPP,SUPP,SUPP,3.3,1.5,5.1,1.1,-0.6,2.9,3.1,1.4,4.8,111,110,118,86%,20%,110,110
1,9720,919,2381,117306,Giles Junior School,Durham Road,,,Stevenage,SG1 4JQ,01438353374,E14001516,Stevenage,0,,,CY,0,Does not apply,7-11,0,0,329,75,75,38,37,51%,49%,,,,,,,,,,21,28%,54,72%,8,11%,69,92%,52%,3%,,,,,,,,,,,,,68%,17%,1%,103,57%,9%,1%,102,68%,7%,1%,102,69%,3%,19%,1%,83%,1%,50%,54%,,,,52%,52%,-17,63%,49%,5%,0%,,,,0%,4%,-11,0%,1%,,,,,,,,,,,,,,,,,,,,,,,,,,,,,,,,,,,,,,,,,,,,,,,,,,,,,,,,,,,,,,,,,,,,,,,,,,,,,,,,,,,,,104,102,,,,103,103,105,103,104,100,,,,102,102,105,101,103,102,,,,101,102,104,102,,,,67%,69%,,,,43%,63%,,,,71%,67%,,,,57%,74%,,,,19%,17%,,,,14%,7%,,,,0%,9%,,,,0%,4%,67,89%,0,0%,11,15%,15,20%,26,35%,89,39%,61%,54%,0%,49%,0%,57%,0%,,,,,,,,,,104,102,86,34%,66%,57%,3%,41%,0%,65%,5%,-0.7,-2.1,0.7,-3.1,-4.4,-1.8,-2.0,-3.3,-0.7,105,103,250,54%,2%,104,102
1,31888,919,2414,117328,Wheatcroft Primary School,Stanstead Road,,,Hertford,SG13 7HQ,01992587899,E14001283,Hertford and Stortford,0,,,CY,0,Does not apply,3-11,0,0,300,34,35,17,18,49%,51%,,,,,,,,,,5,14%,30,86%,4,11%,33,94%,51%,9%,,,,,,,,,,,,,83%,34%,0%,107,86%,26%,0%,107,77%,31%,0%,106,63%,9%,26%,0%,86%,0%,71%,33%,,,,SUPP,SUPP,SUPP,SUPP,55%,6%,11%,,,,SUPP,SUPP,SUPP,SUPP,9%,,,,,,,,,,,,,,,,,,,,,,,,,,,,,,,,,,,,,,,,,,,,,,,,,,,,,,,,,,,,,,,,,,,,,,,,,,,,,,,,,,,,,108,105,,,,SUPP,SUPP,SUPP,107,110,102,,,,SUPP,SUPP,SUPP,106,107,106,,,,SUPP,SUPP,SUPP,106,,,,SUPP,SUPP,,,,SUPP,SUPP,,,,SUPP,SUPP,,,,SUPP,SUPP,,,,SUPP,SUPP,,,,SUPP,SUPP,,,,SUPP,SUPP,,,,SUPP,SUPP,31,89%,0,0%,2,6%,6,17%,8,23%,45,11%,89%,73%,0%,SUPP,SUPP,SUPP,SUPP,,,,,,,,,,107,107,46,20%,80%,52%,9%,11%,0%,62%,11%,0.1,-1.8,1.9,-2.5,-4.3,-0.7,-1.7,-3.5,0.1,106,103,126,60%,6%,107,105
1,5240,919,2432,145353,Cherry Tree Primary School,Berry Avenue,,,Watford,WD24 6ST,01923245490,E14001568,Watford,0,,,ACC,0,Does not apply,3-11,0,0,444,59,58,25,33,43%,57%,,,,,,,,,,15,26%,43,74%,37,64%,55,95%,48%,12%,,,,,,,,,,,,,74%,28%,0%,105,74%,28%,0%,105,83%,29%,0%,105,55%,19%,41%,0%,74%,0%,36%,58%,,,,13%,60%,-56,57%,49%,8%,15%,,,,0%,16%,-11,19%,13%,,,,,,,,,,,,,,,,,,,,,,,,,,,,,,,,,,,,,,,,,,,,,,,,,,,,,,,,,,,,,,,,,,,,,,,,,,,,,,,,,,,,,102,107,,,,100,106,106,105,105,105,,,,100,107,107,105,103,106,,,,100,106,106,105,,,,47%,84%,,,,53%,81%,,,,60%,91%,,,,27%,65%,,,,13%,33%,,,,0%,37%,,,,13%,35%,,,,0%,26%,21,36%,0,0%,2,3%,5,9%,7,12%,60,27%,73%,67%,7%,75%,13%,64%,5%,,,,,,,,,,106,108,57,19%,81%,68%,5%,64%,9%,70%,4%,1.3,-0.3,3.0,0.5,-1.1,2.1,3.2,1.7,4.8,106,107,175,61%,8%,106,107
1,9494,919,2274,117249,Gade Valley Primary School,Gadebridge Road,,,Hemel Hempstead,HP1 3DT,01442391324,E14001278,Hemel Hempstead,0,,,CY,0,Does not apply,3-11,0,0,224,31,29,19,10,66%,34%,,,,,,,,,,3,10%,26,90%,6,21%,28,97%,62%,7%,,,,,,,,,,,,,72%,14%,0%,103,69%,14%,0%,103,83%,17%,0%,105,72%,17%,21%,0%,83%,0%,58%,70%,,,,SUPP,SUPP,SUPP,67%,64%,5%,10%,,,,SUPP,SUPP,SUPP,0%,7%,,,,,,,,,,,,,,,,,,,,,,,,,,,,,,,,,,,,,,,,,,,,,,,,,,,,,,,,,,,,,,,,,,,,,,,,,,,,,,,,,,,,,102,106,,,,SUPP,SUPP,103,103,105,104,,,,SUPP,SUPP,107,105,103,104,,,,SUPP,SUPP,104,103,,,,SUPP,SUPP,,,,SUPP,SUPP,,,,SUPP,SUPP,,,,SUPP,SUPP,,,,SUPP,SUPP,,,,SUPP,SUPP,,,,SUPP,SUPP,,,,SUPP,SUPP,23,79%,0,0%,2,7%,4,14%,6,21%,29,14%,86%,69%,24%,SUPP,SUPP,SUPP,SUPP,,,,,,,,,,107,106,28,7%,93%,64%,7%,SUPP,SUPP,SUPP,SUPP,-2.4,-4.7,-0.1,1.9,-0.3,4.2,-1.2,-3.4,1.0,104,104,86,65%,13%,105,105
1,7466,919,2289,117255,Downfield Primary School,Downfield Road,Cheshunt,,Waltham Cross,EN8 8SS,01992629598,E14001139,Broxbourne,0,,,CY,0,Does not apply,2-11,0,0,455,52,54,25,29,46%,54%,,,,,,,,,,21,39%,33,61%,22,41%,46,85%,22%,4%,,,,,,,,,,,,,61%,15%,0%,103,76%,20%,0%,105,57%,11%,0%,103,26%,4%,46%,0%,61%,0%,16%,28%,,,,19%,24%,-50,27%,26%,4%,3%,,,,5%,3%,-6,5%,4%,,,,,,,,,,,,,,,,,,,,,,,,,,,,,,,,,,,,,,,,,,,,,,,,,,,,,,,,,,,,,,,,,,,,,,,,,,,,,,,,,,,,,102,103,,,,102,103,103,102,104,101,,,,100,104,103,103,105,106,,,,104,106,106,105,,,,48%,70%,,,,62%,85%,,,,38%,70%,,,,29%,24%,,,,19%,12%,,,,19%,21%,,,,10%,12%,,,,5%,3%,32,59%,0,0%,6,11%,18,33%,24,44%,57,37%,63%,58%,0%,43%,0%,67%,0%,,,,,,,,,,105,106,58,31%,69%,40%,0%,22%,0%,48%,0%,-0.2,-1.9,1.5,-3.0,-4.6,-1.4,1.4,-0.2,3.0,102,104,169,40%,1%,104,104
2,14414,919,7007,138485,Knightsfield School,Knightsfield,,,Welwyn Garden City,AL8 7LW,01707376874,E14001573,Welwyn Hatfield,0,,,ACCS,0,Does not apply,9-18,0,0,73,4,6,1,5,17%,83%,,,,,,,,,,2,33%,4,67%,1,17%,4,67%,0%,0%,,,,,,,,,,,,,0%,0%,0%,,0%,0%,0%,,0%,0%,0%,,0%,0%,67%,0%,33%,0%,SUPP,SUPP,,,,SUPP,SUPP,SUPP,SUPP,SUPP,SUPP,SUPP,,,,SUPP,SUPP,SUPP,SUPP,SUPP,,,,,,,,,,,,,,,,,,,,,,,,,,,,,,,,,,,,,,,,,,,,,,,,,,,,,,,,,,,,,,,,,,,,,,,,,,,,,,,,,,,,,SUPP,SUPP,,,,SUPP,SUPP,SUPP,SUPP,SUPP,SUPP,,,,SUPP,SUPP,SUPP,SUPP,SUPP,SUPP,,,,SUPP,SUPP,SUPP,SUPP,,,,SUPP,SUPP,,,,SUPP,SUPP,,,,SUPP,SUPP,,,,SUPP,SUPP,,,,SUPP,SUPP,,,,SUPP,SUPP,,,,SUPP,SUPP,,,,SUPP,SUPP,5,83%,0,0%,6,100%,0,0%,6,100%,3,SUPP,SUPP,SUPP,SUPP,SUPP,SUPP,SUPP,SUPP,,,,,,,,,,SUPP,SUPP,4,SUPP,SUPP,SUPP,SUPP,SUPP,SUPP,SUPP,SUPP,SUPP,SUPP,SUPP,SUPP,SUPP,SUPP,SUPP,SUPP,SUPP,SUPP,SUPP,13,0%,0%
2,33096,919,7041,137997,"Woolgrove School, Special Needs Academy",Pryor Way,,,Letchworth Garden City,SG6 2PT,01462622422,E14001393,North East Hertfordshire,0,,,ACCS,0,Does not apply,4-11,0,0,126,20,21,16,5,76%,24%,,,,,,,,,,9,43%,12,57%,6,29%,20,95%,0%,0%,,,,,,,,,,,,,0%,0%,0%,,0%,0%,0%,,0%,0%,0%,,0%,0%,0%,0%,0%,0%,0%,SUPP,,,,0%,0%,-69,0%,0%,0%,SUPP,,,,0%,0%,-11,0%,0%,,,,,,,,,,,,,,,,,,,,,,,,,,,,,,,,,,,,,,,,,,,,,,,,,,,,,,,,,,,,,,,,,,,,,,,,,,,,,,,,,,,,,,SUPP,,,,,,,,,SUPP,,,,,,,,,SUPP,,,,,,,,,,,0%,0%,,,,0%,0%,,,,0%,0%,,,,0%,0%,,,,0%,0%,,,,0%,0%,,,,0%,0%,,,,0%,0%,15,71%,0,0%,21,100%,0,0%,21,100%,29,52%,48%,0%,0%,0%,0%,0%,0%,,,,,,,,,,,,27,48%,52%,0%,0%,0%,0%,0%,0%,-7.8,-10.3,-5.3,-6.3,-8.6,-3.9,-7.9,-10.2,-5.6,,,77,0%,0%
2,15764,919,7022,117679,Lonsdale School,Brittain Way,,,Stevenage,SG2 8UT,01438726999,E14001516,Stevenage,0,,,CYS,0,Does not apply,3-18,0,0,129,5,5,SUPP,SUPP,SUPP,SUPP,,,,,,,,,,SUPP,SUPP,SUPP,SUPP,SUPP,SUPP,SUPP,SUPP,SUPP,SUPP,,,,,,,,,,,,,SUPP,SUPP,SUPP,SUPP,SUPP,SUPP,SUPP,SUPP,SUPP,SUPP,SUPP,SUPP,SUPP,SUPP,SUPP,SUPP,SUPP,SUPP,SUPP,SUPP,,,,SUPP,SUPP,SUPP,,SUPP,SUPP,SUPP,,,,SUPP,SUPP,SUPP,,SUPP,,,,,,,,,,,,,,,,,,,,,,,,,,,,,,,,,,,,,,,,,,,,,,,,,,,,,,,,,,,,,,,,,,,,,,,,,,,,,,,,,,,,,SUPP,SUPP,,,,SUPP,SUPP,,SUPP,SUPP,SUPP,,,,SUPP,SUPP,,SUPP,SUPP,SUPP,,,,SUPP,SUPP,,SUPP,,,,SUPP,SUPP,,,,SUPP,SUPP,,,,SUPP,SUPP,,,,SUPP,SUPP,,,,SUPP,SUPP,,,,SUPP,SUPP,,,,SUPP,SUPP,,,,SUPP,SUPP,SUPP,SUPP,SUPP,SUPP,SUPP,SUPP,SUPP,SUPP,SUPP,SUPP,8,25%,75%,0%,0%,SUPP,SUPP,SUPP,SUPP,,,,,,,,,,,,9,67%,33%,0%,0%,SUPP,SUPP,SUPP,SUPP,-8.6,-13.3,-4.0,-6.0,-10.5,-1.5,-10.5,-14.9,-6.1,,,22,0%,0%
2,11522,919,7047,131319,Haywood Grove School,St Agnell's Lane,,,Hemel Hempstead,HP2 7BG,01442250077,E14001278,Hemel Hempstead,0,,,CYS,0,Does not apply,5-11,0,0,60,16,16,16,0,100%,0%,,,,,,,,,,9,56%,7,44%,0,0%,15,94%,0%,0%,,,,,,,,,,,,,0%,0%,19%,89,0%,0%,13%,87,0%,0%,19%,86,0%,0%,0%,0%,0%,0%,0%,,,,,0%,0%,-69,,0%,0%,,,,,0%,0%,-11,,0%,,,,,,,,,,,,,,,,,,,,,,,,,,,,,,,,,,,,,,,,,,,,,,,,,,,,,,,,,,,,,,,,,,,,,,,,,,,,,,,,,,,,,89,,,,,88,90,,88,86,,,,,85,88,,87,87,,,,,86,88,,86,,,,0%,0%,,,,0%,0%,,,,0%,0%,,,,0%,0%,,,,0%,0%,,,,0%,0%,,,,0%,0%,,,,0%,0%,16,100%,0,0%,16,100%,0,0%,16,100%,16,88%,13%,0%,0%,SUPP,SUPP,SUPP,SUPP,,,,,,,,,,86,88,21,67%,33%,0%,0%,0%,0%,0%,0%,-8.8,-11.6,-5.9,-11.1,-13.8,-8.4,-7.4,-10.2,-4.6,92,86,53,0%,0%,89,87
1,29736,919,4627,117559,The Thomas Coram Church of England School,Swing Gate Lane,,,Berkhamsted,HP4 2RP,01442866757,E14001268,Harpenden and Berkhamsted,0,,,VA,0,Church of England,7-11,0,0,345,82,80,34,46,43%,58%,,,,,,,,,,8,10%,72,90%,8,10%,77,96%,68%,6%,,,,,,,,,,,,,93%,44%,1%,108,84%,43%,1%,108,83%,33%,1%,107,73%,8%,26%,0%,94%,0%,59%,74%,,,,50%,69%,-19,100%,69%,6%,7%,,,,0%,7%,-11,0%,6%,,,,,,,,,,,,,,,,,,,,,,,,,,,,,,,,,,,,,,,,,,,,,,,,,,,,,,,,,,,,,,,,,,,,,,,,,,,,,,,,,,,,,107,109,,,,104,109,110,109,107,107,,,,102,107,108,107,106,109,,,,103,108,109,108,,,,63%,96%,,,,50%,88%,,,,50%,86%,,,,50%,75%,,,,25%,46%,,,,25%,44%,,,,0%,36%,,,,0%,8%,70,88%,2,3%,2,3%,17,21%,19,24%,92,17%,83%,58%,13%,19%,0%,66%,16%,,,,,,,,,,106,104,60,10%,90%,40%,12%,17%,0%,43%,13%,0.4,-1.2,2.0,-4.0,-5.6,-2.5,-1.5,-3.0,0.0,107,104,232,56%,10%,107,105
1,8616,919,5212,141898,Fair Field Junior School,Watford Road,,Radlett,Radlett,WD7 8LU,01923856341,E14001284,Hertsmere,0,,,ACC,0,None,7-11,0,0,215,55,56,29,27,52%,48%,,,,,,,,,,11,20%,45,80%,11,20%,53,95%,73%,4%,,,,,,,,,,,,,86%,48%,0%,108,82%,43%,0%,108,86%,39%,0%,107,75%,4%,23%,0%,89%,0%,72%,74%,,,,55%,78%,-14,82%,74%,0%,7%,,,,0%,4%,-11,9%,4%,,,,,,,,,,,,,,,,,,,,,,,,,,,,,,,,,,,,,,,,,,,,,,,,,,,,,,,,,,,,,,,,,,,,,,,,,,,,,,,,,,,,,108,107,,,,105,108,109,108,109,105,,,,105,108,109,107,108,108,,,,105,109,110,108,,,,73%,89%,,,,73%,84%,,,,73%,89%,,,,64%,78%,,,,27%,53%,,,,27%,47%,,,,18%,44%,,,,0%,4%,45,80%,0,0%,4,7%,6,11%,10,18%,56,23%,77%,73%,9%,62%,0%,77%,12%,,,,,,,,,,108,106,55,35%,65%,78%,18%,74%,11%,81%,22%,1.9,0.1,3.6,0.7,-0.9,2.4,3.0,1.4,4.6,108,108,167,75%,10%,108,107
1,8802,919,2005,131505,Featherstone Wood Primary School,Featherston Road,,,Stevenage,SG2 9PP,01438235550,E14001516,Stevenage,0,,,CY,0,Does not apply,3-11,0,0,204,21,22,11,11,50%,50%,,,,,,,,,,9,41%,13,59%,5,23%,19,86%,64%,0%,,,,,,,,,,,,,77%,36%,0%,104,64%,45%,0%,104,77%,23%,0%,104,64%,0%,18%,0%,73%,0%,64%,64%,,,,33%,85%,-36,SUPP,63%,0%,0%,,,,0%,0%,-11,SUPP,0%,,,,,,,,,,,,,,,,,,,,,,,,,,,,,,,,,,,,,,,,,,,,,,,,,,,,,,,,,,,,,,,,,,,,,,,,,,,,,,,,,,,,,106,101,,,,97,108,SUPP,103,105,103,,,,96,109,SUPP,104,106,102,,,,97,109,SUPP,103,,,,44%,100%,,,,33%,85%,,,,44%,100%,,,,33%,85%,,,,11%,54%,,,,33%,54%,,,,0%,38%,,,,0%,0%,17,77%,0,0%,1,5%,6,27%,7,32%,28,32%,68%,61%,0%,56%,0%,63%,0%,,,,,,,,,,103,101,27,56%,44%,30%,0%,27%,0%,33%,0%,-1.1,-3.6,1.3,-1.8,-4.1,0.6,-1.9,-4.4,0.5,101,99,77,51%,0%,103,101
1,2504,919,2007,132105,Birchwood Avenue Primary School,Birchwood Avenue,,,Hatfield,AL10 0PS,01707262503,E14001573,Welwyn Hatfield,0,,,CY,0,Does not apply,5-11,0,0,205,30,29,15,14,52%,48%,,,,,,,,,,8,28%,21,72%,15,52%,23,79%,38%,0%,,,,,,,,,,,,,76%,24%,0%,103,66%,17%,0%,102,59%,10%,0%,99,45%,3%,41%,0%,72%,0%,47%,29%,,,,25%,43%,-44,40%,35%,0%,0%,,,,0%,0%,-11,0%,0%,,,,,,,,,,,,,,,,,,,,,,,,,,,,,,,,,,,,,,,,,,,,,,,,,,,,,,,,,,,,,,,,,,,,,,,,,,,,,,,,,,,,,101,105,,,,102,103,102,103,100,99,,,,102,99,99,100,101,103,,,,101,102,103,102,,,,75%,76%,,,,63%,67%,,,,63%,57%,,,,50%,43%,,,,13%,29%,,,,13%,19%,,,,13%,10%,,,,0%,5%,14,48%,0,0%,2,7%,2,7%,4,14%,51,41%,59%,37%,2%,24%,0%,47%,3%,,,,,,,,,,104,101,29,38%,62%,48%,7%,45%,0%,50%,11%,-1.2,-3.7,1.3,0.4,-2.0,2.8,-1.2,-3.5,1.2,103,102,109,40%,3%,103,101
1,11370,919,2004,138201,Hatfield Community Free School,Briars Lane,,,Hatfield,AL10 8ES,01707276018,E14001573,Welwyn Hatfield,0,,,F,0,None,4-11,0,0,418,60,60,37,23,62%,38%,,,,,,,,,,17,28%,43,72%,32,53%,54,90%,57%,10%,,,,,,,,,,,,,80%,32%,0%,106,80%,40%,0%,107,75%,37%,0%,105,62%,12%,30%,0%,93%,0%,59%,52%,,,,29%,67%,-40,72%,59%,11%,9%,,,,0%,14%,-11,19%,11%,,,,,,,,,,,,,,,,,,,,,,,,,,,,,,,,,,,,,,,,,,,,,,,,,,,,,,,,,,,,,,,,,,,,,,,,,,,,,,,,,,,,,107,106,,,,104,107,109,107,107,103,,,,101,107,109,106,107,107,,,,103,108,110,108,,,,65%,86%,,,,65%,86%,,,,65%,79%,,,,35%,72%,,,,18%,37%,,,,18%,49%,,,,18%,44%,,,,0%,16%,27,45%,1,2%,1,2%,16,27%,17,28%,58,28%,72%,55%,5%,25%,0%,67%,7%,,,,,,,,,,106,105,59,25%,75%,71%,2%,60%,0%,75%,2%,2.1,0.4,3.7,-2.5,-4.1,-1.0,1.4,-0.2,2.9,108,107,177,61%,6%,107,106
1,12336,919,2023,117097,Hobletts Manor Junior School,Adeyfield Road,,,Hemel Hempstead,HP2 5JS,01442251805,E14001278,Hemel Hempstead,0,,,CY,0,Does not apply,7-11,0,0,240,57,60,28,32,47%,53%,,,,,,,,,,18,30%,42,70%,4,7%,56,93%,78%,10%,,,,,,,,,,,,,88%,53%,0%,109,87%,47%,0%,110,88%,43%,0%,108,80%,10%,13%,0%,92%,0%,71%,84%,,,,72%,81%,3,SUPP,77%,7%,13%,,,,6%,12%,-5,SUPP,11%,,,,,,,,,,,,,,,,,,,,,,,,,,,,,,,,,,,,,,,,,,,,,,,,,,,,,,,,,,,,,,,,,,,,,,,,,,,,,,,,,,,,,109,110,,,,107,110,SUPP,110,108,108,,,,107,109,SUPP,108,108,112,,,,107,111,SUPP,110,,,,83%,90%,,,,72%,93%,,,,78%,93%,,,,78%,81%,,,,28%,64%,,,,28%,55%,,,,33%,48%,,,,6%,12%,56,93%,0,0%,4,7%,10,17%,14,23%,61,28%,72%,77%,7%,65%,0%,82%,9%,,,,,,,,,,109,108,57,28%,72%,65%,9%,63%,0%,66%,12%,-0.1,-1.8,1.7,0.8,-0.8,2.5,2.0,0.4,3.6,105,107,178,74%,8%,108,107
1,32480,919,2038,140611,Wilshere-Dacre Junior Academy,Fishponds Road,,,Hitchin,SG5 1NS,01462459215,E14001289,Hitchin,0,,,AC,0,Does not apply,7-11,0,0,263,90,89,44,45,49%,51%,,,,,,,,,,18,20%,71,80%,21,24%,79,89%,70%,6%,,,,,,,,,,,,,80%,45%,0%,108,85%,49%,0%,109,79%,27%,0%,105,75%,10%,18%,1%,83%,0%,66%,73%,,,,44%,76%,-25,48%,67%,2%,9%,,,,0%,7%,-11,5%,5%,,,,,,,,,,,,,,,,,,,,,,,,,,,,,,,,,,,,,,,,,,,,,,,,,,,,,,,,,,,,,,,,,,,,,,,,,,,,,,,,,,,,,107,108,,,,103,109,103,108,105,105,,,,101,106,103,105,108,110,,,,104,110,107,109,,,,61%,85%,,,,72%,89%,,,,61%,83%,,,,56%,80%,,,,6%,55%,,,,22%,56%,,,,6%,32%,,,,0%,13%,68,76%,0,0%,5,6%,13,15%,18,20%,61,18%,82%,67%,3%,73%,0%,66%,4%,,,,,,,,,,107,104,60,17%,83%,68%,12%,40%,0%,74%,14%,-0.7,-2.4,0.9,-1.5,-3.1,0.1,-2.0,-3.5,-0.4,107,105,210,69%,7%,107,105
1,9664,919,2040,117106,George Street Primary School,George Street,,,Hemel Hempstead,HP2 5HJ,01442255638,E14001278,Hemel Hempstead,0,,,CY,0,Does not apply,3-11,0,0,230,30,28,18,10,64%,36%,,,,,,,,,,5,18%,23,82%,8,29%,25,89%,75%,4%,,,,,,,,,,,,,79%,21%,0%,105,79%,21%,0%,105,75%,21%,4%,104,86%,7%,11%,0%,82%,0%,89%,50%,,,,SUPP,SUPP,SUPP,75%,84%,0%,10%,,,,SUPP,SUPP,SUPP,13%,4%,,,,,,,,,,,,,,,,,,,,,,,,,,,,,,,,,,,,,,,,,,,,,,,,,,,,,,,,,,,,,,,,,,,,,,,,,,,,,,,,,,,,,106,102,,,,SUPP,SUPP,106,106,106,101,,,,SUPP,SUPP,106,105,106,104,,,,SUPP,SUPP,108,106,,,,SUPP,SUPP,,,,SUPP,SUPP,,,,SUPP,SUPP,,,,SUPP,SUPP,,,,SUPP,SUPP,,,,SUPP,SUPP,,,,SUPP,SUPP,,,,SUPP,SUPP,20,71%,0,0%,1,4%,3,11%,4,14%,30,33%,67%,70%,13%,60%,0%,75%,20%,,,,,,,,,,106,106,29,17%,83%,69%,0%,SUPP,SUPP,SUPP,SUPP,1.1,-1.2,3.5,1.1,-1.1,3.4,3.8,1.7,6.0,104,106,87,71%,6%,105,106
1,12126,919,2057,117115,Highover Junior Mixed and Infant School,Cambridge Road,,,Hitchin,SG4 0JP,01462622333,E14001289,Hitchin,0,,,CY,0,Does not apply,3-11,0,0,434,62,59,28,31,47%,53%,,,,,,,,,,8,14%,51,86%,7,12%,56,95%,68%,15%,,,,,,,,,,,,,86%,46%,0%,108,88%,44%,0%,109,83%,46%,0%,107,76%,17%,19%,0%,88%,0%,71%,65%,,,,38%,73%,-31,43%,70%,14%,16%,,,,0%,18%,-11,0%,16%,,,,,,,,,,,,,,,,,,,,,,,,,,,,,,,,,,,,,,,,,,,,,,,,,,,,,,,,,,,,,,,,,,,,,,,,,,,,,,,,,,,,,110,107,,,,105,109,105,109,109,106,,,,103,108,106,108,109,108,,,,104,110,107,109,,,,75%,88%,,,,75%,90%,,,,63%,86%,,,,63%,78%,,,,13%,51%,,,,13%,49%,,,,13%,51%,,,,0%,20%,52,88%,0,0%,0,0%,9,15%,9,15%,60,10%,90%,67%,13%,33%,0%,70%,15%,,,,,,,,,,107,107,58,10%,90%,67%,17%,33%,0%,71%,19%,4.6,2.9,6.2,-1.1,-2.7,0.5,3.7,2.2,5.3,111,109,177,67%,15%,109,108
1,11868,919,2072,117125,Hertford Heath Primary and Nursery School,Woodland Road,Hertford Heath,,Hertford,SG13 7QW,01992583622,E14001139,Broxbourne,0,,,CY,0,Does not apply,3-11,0,0,196,22,22,6,16,27%,73%,,,,,,,,,,4,18%,18,82%,2,9%,22,100%,36%,5%,,,,,,,,,,,,,82%,27%,0%,106,82%,18%,0%,105,55%,9%,0%,101,64%,9%,27%,0%,82%,0%,33%,38%,,,,SUPP,SUPP,SUPP,SUPP,36%,0%,6%,,,,SUPP,SUPP,SUPP,SUPP,5%,,,,,,,,,,,,,,,,,,,,,,,,,,,,,,,,,,,,,,,,,,,,,,,,,,,,,,,,,,,,,,,,,,,,,,,,,,,,,,,,,,,,,105,106,,,,SUPP,SUPP,SUPP,106,104,101,,,,SUPP,SUPP,SUPP,101,101,107,,,,SUPP,SUPP,SUPP,105,,,,SUPP,SUPP,,,,SUPP,SUPP,,,,SUPP,SUPP,,,,SUPP,SUPP,,,,SUPP,SUPP,,,,SUPP,SUPP,,,,SUPP,SUPP,,,,SUPP,SUPP,20,91%,0,0%,1,5%,2,9%,3,14%,27,26%,74%,48%,0%,0%,0%,65%,0%,,,,,,,,,,106,101,27,19%,81%,67%,7%,SUPP,SUPP,SUPP,SUPP,1.7,-0.6,4.1,1.0,-1.3,3.3,-1.6,-3.9,0.6,108,104,76,51%,4%,107,102
1,16386,919,2074,117127,Markyate Village School and Nursery,Cavendish Road,Markyate,,St Albans,AL3 8PT,01582840537,E14001268,Harpenden and Berkhamsted,0,,,CY,0,Does not apply,4-11,0,0,220,21,22,10,12,45%,55%,,,,,,,,,,4,18%,18,82%,3,14%,18,82%,73%,18%,,,,,,,,,,,,,86%,45%,0%,109,82%,50%,0%,109,82%,36%,0%,108,73%,18%,18%,0%,77%,0%,70%,75%,,,,SUPP,SUPP,SUPP,SUPP,78%,30%,8%,,,,SUPP,SUPP,SUPP,SUPP,22%,,,,,,,,,,,,,,,,,,,,,,,,,,,,,,,,,,,,,,,,,,,,,,,,,,,,,,,,,,,,,,,,,,,,,,,,,,,,,,,,,,,,,112,106,,,,SUPP,SUPP,SUPP,110,112,104,,,,SUPP,SUPP,SUPP,110,111,108,,,,SUPP,SUPP,SUPP,111,,,,SUPP,SUPP,,,,SUPP,SUPP,,,,SUPP,SUPP,,,,SUPP,SUPP,,,,SUPP,SUPP,,,,SUPP,SUPP,,,,SUPP,SUPP,,,,SUPP,SUPP,19,86%,0,0%,2,9%,6,27%,8,36%,44,11%,89%,59%,7%,SUPP,SUPP,SUPP,SUPP,,,,,,,,,,106,104,33,27%,73%,52%,0%,22%,0%,63%,0%,2.8,0.7,4.9,-0.1,-2.2,2.0,-0.7,-2.7,1.3,107,102,99,60%,7%,107,104
1,27282,919,2106,117148,Sandridge School,Woodcock Hill,Sandridge,,St Albans,AL4 9EB,01727850576,E14001268,Harpenden and Berkhamsted,0,,,CY,0,Does not apply,4-11,0,0,142,31,30,15,15,50%,50%,,,,,,,,,,7,23%,23,77%,13,43%,18,60%,53%,17%,,,,,,,,,,,,,80%,43%,0%,106,70%,47%,0%,107,97%,43%,0%,109,53%,27%,43%,0%,70%,0%,53%,53%,,,,43%,57%,-26,38%,67%,7%,27%,,,,0%,22%,-11,8%,22%,,,,,,,,,,,,,,,,,,,,,,,,,,,,,,,,,,,,,,,,,,,,,,,,,,,,,,,,,,,,,,,,,,,,,,,,,,,,,,,,,,,,,106,106,,,,103,107,103,108,109,109,,,,104,110,109,109,108,107,,,,102,109,105,109,,,,71%,83%,,,,43%,78%,,,,100%,96%,,,,43%,57%,,,,29%,48%,,,,29%,52%,,,,0%,57%,,,,29%,26%,17,57%,0,0%,0,0%,5,17%,5,17%,31,13%,87%,55%,6%,SUPP,SUPP,SUPP,SUPP,,,,,,,,,,106,105,31,29%,71%,61%,10%,22%,0%,77%,14%,1.1,-1.3,3.6,0.1,-2.2,2.4,1.6,-0.7,3.9,105,105,92,57%,11%,106,106
1,8888,919,2123,117160,Field Junior School,Watford Field Road,,,Watford,WD18 0AZ,01923221877,E14001568,Watford,0,,,CY,0,Does not apply,7-11,0,0,241,64,60,32,28,53%,47%,,,,,,,,,,17,28%,43,72%,29,48%,59,98%,85%,18%,,,,,,,,,,,,,87%,48%,0%,109,88%,55%,0%,111,92%,55%,0%,110,95%,20%,2%,0%,93%,0%,88%,82%,,,,76%,88%,7,83%,85%,13%,25%,,,,6%,23%,-5,28%,19%,,,,,,,,,,,,,,,,,,,,,,,,,,,,,,,,,,,,,,,,,,,,,,,,,,,,,,,,,,,,,,,,,,,,,,,,,,,,,,,,,,,,,108,110,,,,106,110,109,109,110,110,,,,106,112,112,110,110,111,,,,108,112,112,110,,,,82%,88%,,,,76%,93%,,,,82%,95%,,,,88%,98%,,,,29%,56%,,,,41%,60%,,,,24%,67%,,,,6%,26%,31,52%,0,0%,6,10%,8,13%,14,23%,60,20%,80%,87%,10%,75%,8%,90%,10%,,,,,,,,,,109,109,89,19%,81%,82%,20%,59%,12%,88%,22%,0.8,-0.7,2.2,2.7,1.4,4.1,4.6,3.2,5.9,108,110,209,84%,17%,108,110
1,18822,919,2138,150844,Oakview Primary School,Andrews Lane,Cheshunt,,Waltham Cross,EN7 6LB,01992939979,E14001139,Broxbourne,0,,,AC,0,None,3-11,0,0,NEW,,,,,,,,,,,,,,,,,,,,,,,,,,,,,,,,,,,,,,,,,,,,,,,,,,,,,,,,,,,,,,,,,,,,,,,,,,,,,,,,,,,,,,,,,,,,,,,,,,,,,,,,,,,,,,,,,,,,,,,,,,,,,,,,,,,,,,,,,,,,,,,,,,,,,,,,,,,,,,,,,,,,,,,,,,,,,,,,,,,,,,,,,,,,,,,,,,,,,,,,,,,,,,,,,,,,,,,,,,,,,,,,,,,0,,0
1,20070,919,2140,148989,Peartree Primary School,Peartree Primary School,,Peartree Lane,Welwyn Garden City,AL7 3XW,01707881033,E14001573,Welwyn Hatfield,0,,,ACC,0,Does not apply,5-11,0,0,187,24,25,14,11,56%,44%,,,,,,,,,,12,48%,13,52%,7,28%,20,80%,75%,17%,,,,,,,,,,,,,80%,52%,0%,108,72%,28%,0%,105,88%,36%,0%,108,75%,25%,21%,0%,96%,0%,79%,70%,,,,73%,77%,4,43%,80%,21%,10%,,,,0%,31%,-11,29%,15%,,,,,,,,,,,,,,,,,,,,,,,,,,,,,,,,,,,,,,,,,,,,,,,,,,,,,,,,,,,,,,,,,,,,,,,,,,,,,,,,,,,,,109,106,,,,107,109,103,109,109,107,,,,107,109,104,109,105,105,,,,103,107,104,106,,,,75%,85%,,,,67%,77%,,,,92%,85%,,,,73%,77%,,,,42%,62%,,,,17%,38%,,,,25%,46%,,,,9%,38%,18,72%,0,0%,2,8%,2,8%,4,16%,27,48%,52%,78%,11%,62%,15%,93%,7%,,,,,,,,,,109,106,28,32%,68%,61%,7%,44%,0%,68%,11%,-0.7,-3.2,1.7,3.8,1.4,6.1,-0.2,-2.5,2.1,102,101,80,71%,11%,106,105
1,13794,919,2155,117183,Kenilworth Primary School,Kenilworth Drive,,,Borehamwood,WD6 1QL,02089533459,E14001284,Hertsmere,0,,,CY,0,Does not apply,3-11,0,0,220,30,30,18,12,60%,40%,,,,,,,,,,11,37%,19,63%,9,30%,24,80%,37%,0%,,,,,,,,,,,,,57%,20%,0%,101,47%,3%,0%,99,50%,7%,0%,99,47%,0%,40%,0%,43%,0%,17%,67%,,,,36%,37%,-33,44%,42%,0%,0%,,,,0%,0%,-11,0%,0%,,,,,,,,,,,,,,,,,,,,,,,,,,,,,,,,,,,,,,,,,,,,,,,,,,,,,,,,,,,,,,,,,,,,,,,,,,,,,,,,,,,,,98,105,,,,101,101,98,102,97,101,,,,97,100,98,100,96,102,,,,97,99,98,100,,,,55%,58%,,,,36%,53%,,,,36%,58%,,,,36%,53%,,,,18%,21%,,,,0%,5%,,,,0%,11%,,,,0%,0%,21,70%,0,0%,4,13%,5,17%,9,30%,21,29%,71%,52%,0%,83%,0%,40%,0%,,,,,,,,,,102,102,24,17%,83%,33%,0%,SUPP,SUPP,SUPP,SUPP,-4.5,-7.1,-1.8,-3.4,-5.9,-0.8,-5.6,-8.0,-3.1,99,96,75,40%,0%,101,99
1,31894,919,2206,146878,Wheatfields Junior Mixed School,Downes Road,,,St Albans,AL4 9NT,01727757444,E14001507,St Albans,0,,,ACC,0,Does not apply,7-11,0,0,360,93,90,51,39,57%,43%,,,,,,,,,,7,8%,83,92%,19,21%,85,94%,87%,28%,,,,,,,,,,,,,90%,69%,0%,112,90%,56%,0%,111,90%,58%,0%,110,90%,29%,9%,0%,92%,0%,84%,90%,,,,57%,89%,-12,95%,86%,16%,44%,,,,0%,30%,-11,32%,28%,,,,,,,,,,,,,,,,,,,,,,,,,,,,,,,,,,,,,,,,,,,,,,,,,,,,,,,,,,,,,,,,,,,,,,,,,,,,,,,,,,,,,111,112,,,,105,112,113,112,110,109,,,,102,110,111,110,110,112,,,,106,111,113,111,,,,71%,92%,,,,71%,92%,,,,57%,93%,,,,71%,92%,,,,29%,72%,,,,29%,58%,,,,43%,59%,,,,0%,31%,71,79%,0,0%,3,3%,9,10%,12,13%,90,4%,96%,73%,19%,SUPP,SUPP,SUPP,SUPP,,,,,,,,,,108,108,89,8%,92%,73%,19%,43%,14%,76%,20%,1.1,-0.2,2.4,0.0,-1.3,1.2,-0.2,-1.4,1.1,109,107,269,78%,22%,109,108
1,16204,919,2080,144960,Manor Fields Primary School,Penningtons,,,Bishop's Stortford,CM23 4LE,01279504435,E14001283,Hertford and Stortford,0,,,AC,0,Does not apply,3-11,0,0,447,58,60,28,32,47%,53%,,,,,,,,,,6,10%,54,90%,7,12%,57,95%,80%,15%,,,,,,,,,,,,,93%,50%,0%,110,90%,53%,0%,110,90%,52%,0%,109,87%,17%,7%,0%,92%,0%,79%,81%,,,,33%,85%,-36,86%,81%,21%,9%,,,,0%,17%,-11,29%,14%,,,,,,,,,,,,,,,,,,,,,,,,,,,,,,,,,,,,,,,,,,,,,,,,,,,,,,,,,,,,,,,,,,,,,,,,,,,,,,,,,,,,,110,109,,,,103,111,113,110,112,107,,,,102,110,112,109,111,109,,,,101,111,112,110,,,,83%,94%,,,,50%,94%,,,,50%,94%,,,,50%,91%,,,,0%,56%,,,,17%,57%,,,,17%,56%,,,,0%,19%,53,88%,0,0%,2,3%,3,5%,5,8%,59,8%,92%,75%,14%,SUPP,SUPP,SUPP,SUPP,,,,,,,,,,110,109,60,7%,93%,75%,22%,SUPP,SUPP,SUPP,SUPP,4.3,2.7,5.9,3.2,1.6,4.7,4.2,2.7,5.7,109,108,179,77%,17%,110,109
1,12454,919,2304,117263,Hollybush Primary School,Fordwich Rise,,,Hertford,SG14 2DF,01992581454,E14001283,Hertford and Stortford,0,,,CY,0,Does not apply,3-11,0,0,204,27,25,17,8,68%,32%,,,,,,,,,,9,36%,16,64%,0,0%,24,96%,32%,4%,,,,,,,,,,,,,64%,20%,0%,104,56%,8%,0%,103,44%,4%,0%,99,52%,8%,48%,0%,72%,0%,35%,25%,,,,33%,31%,-36,,33%,6%,0%,,,,0%,6%,-11,,4%,,,,,,,,,,,,,,,,,,,,,,,,,,,,,,,,,,,,,,,,,,,,,,,,,,,,,,,,,,,,,,,,,,,,,,,,,,,,,,,,,,,,,104,103,,,,102,105,,104,100,97,,,,96,101,,100,103,103,,,,103,103,,103,,,,44%,75%,,,,44%,63%,,,,33%,50%,,,,56%,50%,,,,0%,31%,,,,0%,13%,,,,0%,6%,,,,0%,13%,25,100%,0,0%,2,8%,5,20%,7,28%,19,58%,42%,26%,0%,18%,0%,38%,0%,,,,,,,,,,100,98,27,33%,67%,48%,4%,33%,0%,56%,6%,-4.6,-7.0,-2.2,-4.5,-6.8,-2.2,-5.2,-7.4,-2.9,103,101,71,37%,3%,103,99
1,16286,919,2308,117266,Maple Cross Junior Mixed Infant and Nursery School,Denham Way,Maple Cross,,Rickmansworth,WD3 9SS,01923770909,E14001496,South West Hertfordshire,0,,,CY,0,Does not apply,4-11,0,0,164,18,18,11,7,61%,39%,,,,,,,,,,2,11%,16,89%,4,22%,16,89%,61%,6%,,,,,,,,,,,,,83%,39%,0%,107,78%,39%,0%,107,89%,17%,0%,105,72%,6%,28%,0%,89%,0%,55%,71%,,,,SUPP,SUPP,SUPP,SUPP,63%,9%,0%,,,,SUPP,SUPP,SUPP,SUPP,0%,,,,,,,,,,,,,,,,,,,,,,,,,,,,,,,,,,,,,,,,,,,,,,,,,,,,,,,,,,,,,,,,,,,,,,,,,,,,,,,,,,,,,107,107,,,,SUPP,SUPP,SUPP,106,106,105,,,,SUPP,SUPP,SUPP,105,106,108,,,,SUPP,SUPP,SUPP,107,,,,SUPP,SUPP,,,,SUPP,SUPP,,,,SUPP,SUPP,,,,SUPP,SUPP,,,,SUPP,SUPP,,,,SUPP,SUPP,,,,SUPP,SUPP,,,,SUPP,SUPP,14,78%,0,0%,1,6%,8,44%,9,50%,24,33%,67%,50%,0%,25%,0%,63%,0%,,,,,,,,,,101,101,14,29%,71%,29%,0%,SUPP,SUPP,SUPP,SUPP,-0.3,-3.7,3.2,-6.7,-10.0,-3.4,-3.9,-7.1,-0.7,103,98,56,48%,2%,103,102
1,14112,919,2338,117283,Kings Langley Primary School,Common Lane,,,Kings Langley,WD4 8DQ,01923263321,E14001496,South West Hertfordshire,0,,,CY,0,Does not apply,3-11,0,0,439,61,60,28,32,47%,53%,,,,,,,,,,10,17%,50,83%,4,7%,58,97%,65%,10%,,,,,,,,,,,,,78%,37%,0%,106,82%,45%,0%,108,83%,37%,0%,106,72%,13%,22%,0%,88%,0%,54%,75%,,,,50%,68%,-19,SUPP,67%,4%,16%,,,,10%,10%,-1,SUPP,10%,,,,,,,,,,,,,,,,,,,,,,,,,,,,,,,,,,,,,,,,,,,,,,,,,,,,,,,,,,,,,,,,,,,,,,,,,,,,,,,,,,,,,102,109,,,,102,107,SUPP,107,107,106,,,,102,107,SUPP,106,105,110,,,,102,109,SUPP,108,,,,60%,82%,,,,50%,88%,,,,80%,84%,,,,50%,76%,,,,30%,38%,,,,30%,48%,,,,30%,38%,,,,10%,14%,56,93%,0,0%,2,3%,14,23%,16,27%,60,18%,82%,63%,5%,36%,9%,69%,4%,,,,,,,,,,106,105,58,12%,88%,71%,7%,71%,0%,71%,8%,1.5,-0.1,3.1,-0.9,-2.4,0.7,2.3,0.7,3.8,107,107,178,66%,7%,106,106
1,11294,919,2372,145256,Hartsbourne Primary School,Hartsbourne Road,,,Bushey,WD23 1SJ,02080759857,E14001284,Hertsmere,0,,,ACC,0,Does not apply,3-11,0,0,190,29,30,19,11,63%,37%,,,,,,,,,,4,13%,26,87%,5,17%,27,90%,73%,13%,,,,,,,,,,,,,90%,53%,0%,109,83%,50%,0%,109,87%,43%,0%,108,80%,23%,20%,0%,93%,0%,79%,64%,,,,SUPP,SUPP,SUPP,SUPP,78%,21%,0%,,,,SUPP,SUPP,SUPP,SUPP,15%,,,,,,,,,,,,,,,,,,,,,,,,,,,,,,,,,,,,,,,,,,,,,,,,,,,,,,,,,,,,,,,,,,,,,,,,,,,,,,,,,,,,,112,105,,,,SUPP,SUPP,SUPP,111,110,103,,,,SUPP,SUPP,SUPP,109,110,106,,,,SUPP,SUPP,SUPP,110,,,,SUPP,SUPP,,,,SUPP,SUPP,,,,SUPP,SUPP,,,,SUPP,SUPP,,,,SUPP,SUPP,,,,SUPP,SUPP,,,,SUPP,SUPP,,,,SUPP,SUPP,25,83%,0,0%,0,0%,3,10%,3,10%,30,13%,87%,73%,13%,SUPP,SUPP,SUPP,SUPP,,,,,,,,,,109,108,30,3%,97%,73%,7%,SUPP,SUPP,SUPP,SUPP,1.2,-1.1,3.5,0.1,-2.1,2.3,0.4,-1.7,2.6,108,106,90,73%,11%,109,107
1,17726,919,2389,117311,Nascot Wood Junior School,Nascot Wood Road,,,Watford,WD17 4YS,01923238784,E14001568,Watford,0,,,CY,0,Does not apply,7-11,0,0,240,59,60,25,35,42%,58%,,,,,,,,,,8,13%,52,87%,30,50%,58,97%,88%,23%,,,,,,,,,,,,,98%,65%,0%,111,93%,55%,0%,110,92%,38%,0%,108,97%,42%,3%,0%,100%,0%,84%,91%,,,,88%,88%,19,87%,90%,24%,23%,,,,0%,27%,-11,27%,24%,,,,,,,,,,,,,,,,,,,,,,,,,,,,,,,,,,,,,,,,,,,,,,,,,,,,,,,,,,,,,,,,,,,,,,,,,,,,,,,,,,,,,110,112,,,,107,112,112,111,110,107,,,,103,109,108,109,109,111,,,,105,111,111,111,,,,100%,98%,,,,100%,92%,,,,88%,92%,,,,100%,96%,,,,38%,69%,,,,25%,60%,,,,0%,44%,,,,0%,48%,29,48%,1,2%,1,2%,4,7%,5,8%,59,17%,83%,78%,27%,40%,10%,86%,31%,,,,,,,,,,110,109,60,7%,93%,92%,40%,SUPP,SUPP,SUPP,SUPP,0.5,-1.1,2.2,1.4,-0.2,3.0,1.9,0.4,3.4,111,111,179,86%,30%,111,109
1,22128,919,2391,117313,The Ryde School,Pleasant Rise,,,Hatfield,AL9 5DR,01707267333,E14001573,Welwyn Hatfield,0,,,CY,0,Does not apply,4-11,0,0,205,30,29,14,15,48%,52%,,,,,,,,,,7,24%,22,76%,12,41%,26,90%,69%,7%,,,,,,,,,,,,,93%,41%,0%,108,79%,38%,0%,106,76%,38%,0%,106,79%,7%,21%,0%,90%,0%,50%,87%,,,,57%,73%,-12,67%,77%,0%,13%,,,,0%,9%,-11,8%,8%,,,,,,,,,,,,,,,,,,,,,,,,,,,,,,,,,,,,,,,,,,,,,,,,,,,,,,,,,,,,,,,,,,,,,,,,,,,,,,,,,,,,,105,111,,,,105,109,107,109,102,109,,,,99,108,107,107,100,111,,,,100,108,105,107,,,,86%,95%,,,,57%,86%,,,,57%,82%,,,,71%,82%,,,,14%,50%,,,,14%,45%,,,,0%,50%,,,,0%,9%,17,59%,0,0%,0,0%,6,21%,6,21%,30,33%,67%,57%,7%,20%,0%,75%,10%,,,,,,,,,,107,104,29,14%,86%,66%,14%,SUPP,SUPP,SUPP,SUPP,2.6,0.2,5.1,0.5,-1.8,2.9,2.1,-0.2,4.4,109,106,88,64%,9%,108,106
1,32770,919,2457,117358,Wood End School,Yeomans Avenue,,,Harpenden,AL5 3EF,01582761636,E14001268,Harpenden and Berkhamsted,0,,,CY,0,Does not apply,4-11,0,0,460,60,60,33,27,55%,45%,,,,,,,,,,3,5%,57,95%,5,8%,59,98%,80%,33%,,,,,,,,,,,,,87%,62%,0%,110,82%,48%,0%,108,92%,50%,0%,109,92%,45%,8%,0%,100%,0%,73%,89%,,,,SUPP,SUPP,SUPP,SUPP,80%,30%,37%,,,,SUPP,SUPP,SUPP,SUPP,34%,,,,,,,,,,,,,,,,,,,,,,,,,,,,,,,,,,,,,,,,,,,,,,,,,,,,,,,,,,,,,,,,,,,,,,,,,,,,,,,,,,,,,108,112,,,,SUPP,SUPP,SUPP,110,110,109,,,,SUPP,SUPP,SUPP,109,107,110,,,,SUPP,SUPP,SUPP,108,,,,SUPP,SUPP,,,,SUPP,SUPP,,,,SUPP,SUPP,,,,SUPP,SUPP,,,,SUPP,SUPP,,,,SUPP,SUPP,,,,SUPP,SUPP,,,,SUPP,SUPP,55,92%,0,0%,0,0%,5,8%,5,8%,60,0%,100%,92%,43%,,,SUPP,SUPP,,,,,,,,,,113,111,61,7%,93%,82%,28%,SUPP,SUPP,SUPP,SUPP,3.1,1.5,4.7,2.8,1.3,4.3,2.8,1.3,4.3,111,109,181,85%,35%,111,110
1,3104,919,2003,136857,Bovingdon Primary Academy,"Bovingdon Primary Academy,High Street",High Street,Bovingdon,Hemel Hempstead,HP3 0HL,01442406545,E14001278,Hemel Hempstead,0,,,ACC,0,Does not apply,3-11,0,0,412,51,49,30,19,61%,39%,,,,,,,,,,11,22%,38,78%,3,6%,47,96%,92%,14%,,,,,,,,,,,,,94%,61%,0%,111,94%,57%,0%,111,96%,41%,0%,109,94%,14%,6%,0%,94%,0%,93%,89%,,,,82%,95%,13,SUPP,91%,17%,11%,,,,9%,16%,-2,SUPP,15%,,,,,,,,,,,,,,,,,,,,,,,,,,,,,,,,,,,,,,,,,,,,,,,,,,,,,,,,,,,,,,,,,,,,,,,,,,,,,,,,,,,,,112,110,,,,109,111,SUPP,111,110,108,,,,107,110,SUPP,109,111,110,,,,108,111,SUPP,111,,,,91%,95%,,,,91%,95%,,,,91%,97%,,,,91%,95%,,,,45%,66%,,,,36%,63%,,,,27%,45%,,,,9%,16%,46,94%,0,0%,1,2%,8,16%,9,18%,49,8%,92%,90%,14%,SUPP,SUPP,SUPP,SUPP,,,,,,,,,,111,110,60,8%,92%,87%,13%,SUPP,SUPP,SUPP,SUPP,2.3,0.7,3.9,1.2,-0.3,2.8,2.5,0.9,4.0,109,108,158,89%,14%,110,109
1,9246,919,2017,117092,Four Swannes Primary School,King Edward Road,,,Waltham Cross,EN8 7HH,01992763939,E14001139,Broxbourne,0,,,CY,0,Does not apply,3-11,0,0,201,23,22,8,14,36%,64%,,,,,,,,,,9,41%,13,59%,11,50%,20,91%,55%,5%,,,,,,,,,,,,,73%,14%,0%,103,59%,14%,0%,102,59%,5%,0%,100,82%,18%,18%,0%,86%,0%,63%,50%,,,,44%,62%,-25,91%,55%,13%,0%,,,,0%,8%,-11,9%,5%,,,,,,,,,,,,,,,,,,,,,,,,,,,,,,,,,,,,,,,,,,,,,,,,,,,,,,,,,,,,,,,,,,,,,,,,,,,,,,,,,,,,,105,102,,,,101,104,105,103,102,98,,,,99,100,104,100,104,101,,,,101,102,106,102,,,,67%,77%,,,,56%,62%,,,,56%,62%,,,,67%,92%,,,,11%,15%,,,,11%,15%,,,,0%,8%,,,,22%,15%,11,50%,0,0%,1,5%,3,14%,4,18%,28,29%,71%,32%,0%,38%,0%,30%,0%,,,,,,,,,,100,100,26,31%,69%,38%,0%,25%,0%,44%,0%,2.9,0.5,5.4,1.3,-1.1,3.7,1.6,-0.7,3.9,103,101,76,41%,1%,102,100
1,21740,919,2024,144419,Roebuck Academy,St Margarets,,,Stevenage,SG2 8RG,01438311937,E14001516,Stevenage,0,,,ACC,0,Does not apply,3-11,0,0,452,58,58,24,34,41%,59%,,,,,,,,,,17,29%,41,71%,11,19%,56,97%,50%,9%,,,,,,,,,,,,,71%,24%,0%,104,62%,22%,0%,103,66%,24%,0%,103,62%,10%,38%,0%,84%,0%,63%,41%,,,,24%,61%,-45,64%,50%,17%,3%,,,,6%,10%,-5,18%,9%,,,,,,,,,,,,,,,,,,,,,,,,,,,,,,,,,,,,,,,,,,,,,,,,,,,,,,,,,,,,,,,,,,,,,,,,,,,,,,,,,,,,,105,103,,,,101,105,106,104,107,101,,,,100,105,109,103,105,102,,,,99,105,110,103,,,,53%,78%,,,,47%,68%,,,,59%,68%,,,,29%,76%,,,,12%,29%,,,,6%,29%,,,,12%,29%,,,,6%,12%,47,81%,0,0%,3,5%,13,22%,16,28%,60,33%,67%,55%,7%,50%,5%,58%,8%,,,,,,,,,,103,103,61,25%,75%,56%,10%,47%,7%,59%,11%,-1.3,-2.9,0.3,-0.9,-2.5,0.6,-1.0,-2.5,0.6,105,105,179,54%,8%,104,104
1,25166,919,5200,138292,St Mary Roman Catholic Primary School,Melbourn Road,,,Royston,SG8 7DB,01763246021,E14001393,North East Hertfordshire,0,,,ACC,0,Roman Catholic,3-11,0,0,236,30,29,21,8,72%,28%,,,,,,,,,,6,21%,23,79%,2,7%,29,100%,69%,14%,,,,,,,,,,,,,83%,45%,0%,109,83%,28%,3%,107,79%,41%,0%,110,72%,17%,21%,0%,79%,0%,76%,50%,,,,17%,83%,-52,SUPP,69%,14%,13%,,,,0%,17%,-11,SUPP,14%,,,,,,,,,,,,,,,,,,,,,,,,,,,,,,,,,,,,,,,,,,,,,,,,,,,,,,,,,,,,,,,,,,,,,,,,,,,,,,,,,,,,,109,107,,,,105,109,SUPP,109,111,107,,,,101,111,SUPP,110,108,104,,,,102,108,SUPP,107,,,,67%,87%,,,,67%,87%,,,,33%,91%,,,,17%,87%,,,,17%,52%,,,,0%,35%,,,,0%,52%,,,,0%,22%,27,93%,0,0%,5,17%,4,14%,9,31%,28,18%,82%,79%,7%,SUPP,SUPP,SUPP,SUPP,,,,,,,,,,108,107,28,14%,86%,64%,7%,SUPP,SUPP,SUPP,SUPP,1.8,-0.6,4.2,2.8,0.5,5.1,-0.5,-2.7,1.8,109,106,85,71%,9%,108,108
1,23030,919,5211,138288,St Catherine of Siena Catholic Primary School,Horseshoe Lane,Garston,,Watford,WD25 7HP,01923676022,E14001496,South West Hertfordshire,0,,,ACC,0,Roman Catholic,4-11,0,0,258,34,34,14,20,41%,59%,,,,,,,,,,2,6%,32,94%,14,41%,32,94%,71%,3%,,,,,,,,,,,,,71%,50%,0%,106,76%,38%,0%,106,79%,26%,0%,105,74%,3%,26%,0%,82%,0%,71%,70%,,,,SUPP,SUPP,SUPP,57%,69%,7%,0%,,,,SUPP,SUPP,SUPP,7%,3%,,,,,,,,,,,,,,,,,,,,,,,,,,,,,,,,,,,,,,,,,,,,,,,,,,,,,,,,,,,,,,,,,,,,,,,,,,,,,,,,,,,,,106,106,,,,SUPP,SUPP,104,106,108,104,,,,SUPP,SUPP,106,105,106,105,,,,SUPP,SUPP,105,106,,,,SUPP,SUPP,,,,SUPP,SUPP,,,,SUPP,SUPP,,,,SUPP,SUPP,,,,SUPP,SUPP,,,,SUPP,SUPP,,,,SUPP,SUPP,,,,SUPP,SUPP,20,59%,0,0%,0,0%,6,18%,6,18%,34,12%,88%,68%,12%,SUPP,SUPP,SUPP,SUPP,,,,,,,,,,107,106,33,18%,82%,67%,15%,67%,17%,67%,15%,1.9,-0.3,4.0,1.1,-0.9,3.2,0.5,-1.5,2.6,107,105,101,68%,10%,107,105
1,3736,919,2385,144908,Bromet Primary School,Oxhey Road,,,Watford,WD19 4SG,01923481310,E14001568,Watford,0,,,ACC,0,Does not apply,5-11,0,0,274,40,40,21,19,53%,48%,,,,,,,,,,3,8%,37,93%,8,20%,40,100%,85%,20%,,,,,,,,,,,,,93%,58%,0%,110,88%,53%,0%,109,88%,58%,0%,109,88%,25%,13%,0%,100%,0%,81%,89%,,,,SUPP,SUPP,SUPP,88%,85%,14%,26%,,,,SUPP,SUPP,SUPP,13%,20%,,,,,,,,,,,,,,,,,,,,,,,,,,,,,,,,,,,,,,,,,,,,,,,,,,,,,,,,,,,,,,,,,,,,,,,,,,,,,,,,,,,,,109,110,,,,SUPP,SUPP,110,110,110,107,,,,SUPP,SUPP,110,109,109,109,,,,SUPP,SUPP,111,109,,,,SUPP,SUPP,,,,SUPP,SUPP,,,,SUPP,SUPP,,,,SUPP,SUPP,,,,SUPP,SUPP,,,,SUPP,SUPP,,,,SUPP,SUPP,,,,SUPP,SUPP,32,80%,0,0%,0,0%,6,15%,6,15%,40,18%,83%,80%,18%,14%,0%,94%,21%,,,,,,,,,,108,108,39,15%,85%,64%,23%,33%,0%,70%,27%,-0.6,-2.7,1.4,-0.6,-2.5,1.3,1.5,-0.5,3.4,106,107,119,76%,20%,108,108
1,31038,919,2135,144905,Warren Dell Primary School,Gosforth Lane,South Oxhey,,Watford,WD19 7UZ,02084284571,E14001496,South West Hertfordshire,0,,,ACC,0,Does not apply,2-11,0,0,272,33,33,18,15,55%,45%,,,,,,,,,,14,42%,19,58%,15,45%,28,85%,73%,24%,,,,,,,,,,,,,73%,36%,3%,104,76%,42%,3%,107,88%,36%,0%,106,79%,24%,21%,0%,82%,0%,67%,80%,,,,64%,79%,-5,87%,71%,28%,20%,,,,7%,37%,-4,47%,29%,,,,,,,,,,,,,,,,,,,,,,,,,,,,,,,,,,,,,,,,,,,,,,,,,,,,,,,,,,,,,,,,,,,,,,,,,,,,,,,,,,,,,105,104,,,,102,106,109,105,108,104,,,,102,108,112,106,108,105,,,,103,110,113,107,,,,64%,79%,,,,64%,84%,,,,86%,89%,,,,64%,89%,,,,21%,47%,,,,21%,58%,,,,14%,53%,,,,7%,37%,18,55%,0,0%,3,9%,7,21%,10,30%,31,16%,84%,77%,10%,SUPP,SUPP,SUPP,SUPP,,,,,,,,,,108,106,30,37%,63%,83%,10%,64%,0%,95%,16%,1.0,-1.3,3.3,-1.9,-4.1,0.3,-1.2,-3.4,0.9,108,105,94,78%,15%,107,106
1,29642,919,2142,117174,Templewood Primary School,Pentley Park,,,Welwyn Garden City,AL8 7SD,01707324251,E14001573,Welwyn Hatfield,0,,,CY,0,Does not apply,3-11,0,0,233,30,30,17,13,57%,43%,,,,,,,,,,4,13%,26,87%,5,17%,25,83%,60%,3%,,,,,,,,,,,,,83%,33%,0%,107,70%,37%,0%,106,77%,30%,0%,105,63%,3%,37%,0%,87%,0%,59%,62%,,,,SUPP,SUPP,SUPP,SUPP,64%,0%,8%,,,,SUPP,SUPP,SUPP,SUPP,4%,,,,,,,,,,,,,,,,,,,,,,,,,,,,,,,,,,,,,,,,,,,,,,,,,,,,,,,,,,,,,,,,,,,,,,,,,,,,,,,,,,,,,108,105,,,,SUPP,SUPP,SUPP,108,108,102,,,,SUPP,SUPP,SUPP,107,107,105,,,,SUPP,SUPP,SUPP,107,,,,SUPP,SUPP,,,,SUPP,SUPP,,,,SUPP,SUPP,,,,SUPP,SUPP,,,,SUPP,SUPP,,,,SUPP,SUPP,,,,SUPP,SUPP,,,,SUPP,SUPP,25,83%,0,0%,2,7%,4,13%,6,20%,30,27%,73%,80%,23%,75%,25%,82%,23%,,,,,,,,,,109,108,30,20%,80%,83%,13%,83%,0%,83%,17%,0.2,-2.1,2.5,0.3,-1.9,2.5,0.3,-1.9,2.5,108,108,90,74%,13%,108,107
1,32964,919,2153,117181,Woodlands Primary School,Alban Crescent,,,Borehamwood,WD6 5JF,02089532717,E14001284,Hertsmere,0,,,CY,0,Does not apply,3-11,0,0,228,30,29,11,18,38%,62%,,,,,,,,,,14,48%,15,52%,8,28%,27,93%,66%,21%,,,,,,,,,,,,,72%,28%,0%,105,79%,21%,0%,105,86%,48%,0%,107,79%,24%,21%,0%,90%,0%,73%,61%,,,,57%,73%,-12,88%,63%,18%,22%,,,,21%,20%,10,25%,22%,,,,,,,,,,,,,,,,,,,,,,,,,,,,,,,,,,,,,,,,,,,,,,,,,,,,,,,,,,,,,,,,,,,,,,,,,,,,,,,,,,,,,105,104,,,,104,106,110,104,107,107,,,,103,110,110,107,105,104,,,,103,106,107,104,,,,64%,80%,,,,64%,93%,,,,71%,100%,,,,71%,87%,,,,21%,33%,,,,14%,27%,,,,36%,60%,,,,21%,27%,21,72%,0,0%,1,3%,3,10%,4,14%,26,46%,54%,54%,19%,33%,8%,71%,29%,,,,,,,,,,104,104,27,15%,85%,44%,7%,SUPP,SUPP,SUPP,SUPP,-0.9,-3.4,1.7,-1.5,-3.8,0.9,1.4,-1.0,3.8,104,105,82,55%,16%,104,105
1,32866,919,2178,117194,Woodhall Primary School,Woodhall Lane,South Oxhey,,Watford,WD19 6QX,02084283447,E14001496,South West Hertfordshire,0,,,CY,0,Does not apply,3-11,0,0,95,19,18,12,6,67%,33%,,,,,,,,,,7,39%,11,61%,8,44%,11,61%,39%,0%,,,,,,,,,,,,,72%,17%,0%,102,61%,22%,0%,102,61%,0%,0%,100,44%,0%,28%,0%,72%,0%,42%,33%,,,,29%,45%,-40,25%,27%,0%,0%,,,,0%,0%,-11,0%,0%,,,,,,,,,,,,,,,,,,,,,,,,,,,,,,,,,,,,,,,,,,,,,,,,,,,,,,,,,,,,,,,,,,,,,,,,,,,,,,,,,,,,,103,102,,,,102,103,100,103,101,96,,,,96,102,100,98,102,103,,,,100,104,98,103,,,,86%,64%,,,,43%,73%,,,,57%,64%,,,,29%,55%,,,,29%,9%,,,,14%,27%,,,,0%,0%,,,,0%,0%,9,50%,1,6%,1,6%,6,33%,7,39%,22,45%,55%,41%,0%,30%,0%,50%,0%,,,,,,,,,,101,101,20,70%,30%,35%,0%,36%,0%,33%,0%,0.2,-2.5,3.0,1.2,-1.5,3.8,-1.5,-4.1,1.1,101,99,60,38%,0%,102,100
1,21946,919,2203,117211,Roundwood Primary School,Roundwood Park,,,Harpenden,AL5 3AD,01582460756,E14001268,Harpenden and Berkhamsted,0,,,CY,0,Does not apply,3-11,0,0,333,47,45,24,21,53%,47%,,,,,,,,,,6,13%,39,87%,4,9%,43,96%,69%,9%,,,,,,,,,,,,,89%,71%,0%,112,89%,62%,0%,112,84%,60%,0%,110,73%,9%,22%,0%,89%,0%,58%,81%,,,,0%,79%,-69,SUPP,70%,0%,19%,,,,0%,10%,-11,SUPP,9%,,,,,,,,,,,,,,,,,,,,,,,,,,,,,,,,,,,,,,,,,,,,,,,,,,,,,,,,,,,,,,,,,,,,,,,,,,,,,,,,,,,,,111,114,,,,104,113,SUPP,113,110,109,,,,101,111,SUPP,109,110,113,,,,105,112,SUPP,112,,,,67%,92%,,,,50%,95%,,,,33%,92%,,,,0%,85%,,,,0%,82%,,,,17%,69%,,,,17%,67%,,,,0%,10%,41,91%,0,0%,5,11%,8,18%,13,29%,45,0%,100%,84%,9%,,,SUPP,SUPP,,,,,,,,,,112,113,45,2%,98%,69%,16%,SUPP,SUPP,SUPP,SUPP,3.5,1.6,5.4,-2.0,-3.8,-0.2,2.7,0.9,4.5,112,110,135,74%,11%,112,111
1,4998,919,2210,117214,Chambersbury Primary School,Hill Common,Bennetts End,,Hemel Hempstead,HP3 8JH,01442256435,E14001278,Hemel Hempstead,0,,,FD,0,Does not apply,5-11,0,0,194,28,29,13,16,45%,55%,,,,,,,,,,9,31%,20,69%,6,21%,25,86%,41%,0%,,,,,,,,,,,,,52%,28%,0%,102,48%,10%,0%,101,45%,7%,0%,100,55%,0%,34%,7%,62%,7%,31%,50%,,,,0%,60%,-69,67%,44%,0%,0%,,,,0%,0%,-11,0%,0%,,,,,,,,,,,,,,,,,,,,,,,,,,,,,,,,,,,,,,,,,,,,,,,,,,,,,,,,,,,,,,,,,,,,,,,,,,,,,,,,,,,,,99,104,,,,96,104,104,103,99,101,,,,93,103,104,101,99,102,,,,94,103,104,102,,,,11%,70%,,,,11%,65%,,,,0%,65%,,,,11%,75%,,,,11%,35%,,,,0%,15%,,,,0%,10%,,,,0%,0%,23,79%,0,0%,3,10%,4,14%,7,24%,30,20%,80%,40%,3%,17%,0%,46%,4%,,,,,,,,,,105,102,30,47%,53%,53%,10%,43%,0%,63%,19%,0.6,-1.7,2.9,0.9,-1.3,3.1,2.1,-0.1,4.2,104,104,89,45%,4%,104,102
1,4456,919,2235,143786,Camps Hill Primary School,Chells Way,,,Stevenage,SG2 0LT,01438233800,E14001516,Stevenage,0,,,ACC,0,Does not apply,2-11,0,0,496,59,58,28,30,48%,52%,,,,,,,,,,22,38%,36,62%,6,10%,57,98%,50%,7%,,,,,,,,,,,,,72%,26%,0%,104,74%,16%,0%,103,59%,9%,0%,101,78%,14%,12%,0%,72%,0%,50%,50%,,,,41%,56%,-28,83%,51%,4%,10%,,,,0%,11%,-11,17%,7%,,,,,,,,,,,,,,,,,,,,,,,,,,,,,,,,,,,,,,,,,,,,,,,,,,,,,,,,,,,,,,,,,,,,,,,,,,,,,,,,,,,,,103,105,,,,103,105,103,104,102,100,,,,99,102,104,101,102,105,,,,100,105,106,103,,,,64%,78%,,,,64%,81%,,,,55%,61%,,,,68%,83%,,,,14%,33%,,,,5%,22%,,,,0%,14%,,,,5%,19%,52,90%,0,0%,0,0%,26,45%,26,45%,58,26%,74%,52%,5%,33%,0%,58%,7%,,,,,,,,,,102,101,58,26%,74%,59%,14%,33%,0%,67%,19%,1.6,-0.1,3.2,0.1,-1.5,1.7,-0.2,-1.8,1.3,107,104,174,53%,9%,105,102
1,29790,919,2242,117230,Thorley Hill Primary School,Park Lane,,,Bishop's Stortford,CM23 3NH,01279654496,E14001283,Hertford and Stortford,0,,,CY,0,Does not apply,3-11,0,0,235,31,31,13,18,42%,58%,,,,,,,,,,4,13%,27,87%,2,6%,31,100%,87%,23%,,,,,,,,,,,,,97%,52%,0%,110,97%,71%,0%,111,90%,45%,0%,108,90%,48%,10%,0%,97%,0%,77%,94%,,,,SUPP,SUPP,SUPP,SUPP,87%,31%,17%,,,,SUPP,SUPP,SUPP,SUPP,23%,,,,,,,,,,,,,,,,,,,,,,,,,,,,,,,,,,,,,,,,,,,,,,,,,,,,,,,,,,,,,,,,,,,,,,,,,,,,,,,,,,,,,110,110,,,,SUPP,SUPP,SUPP,110,109,108,,,,SUPP,SUPP,SUPP,108,111,112,,,,SUPP,SUPP,SUPP,111,,,,SUPP,SUPP,,,,SUPP,SUPP,,,,SUPP,SUPP,,,,SUPP,SUPP,,,,SUPP,SUPP,,,,SUPP,SUPP,,,,SUPP,SUPP,,,,SUPP,SUPP,29,94%,0,0%,1,3%,4,13%,5,16%,30,7%,93%,90%,27%,SUPP,SUPP,SUPP,SUPP,,,,,,,,,,112,112,31,16%,84%,84%,29%,SUPP,SUPP,SUPP,SUPP,4.0,1.8,6.3,2.8,0.7,5.0,6.7,4.6,8.8,110,112,92,87%,26%,111,111
1,21228,919,2253,117236,Redbourn Primary School,Long Cutt,Redbourn,,St Albans,AL3 7EX,01582792341,E14001268,Harpenden and Berkhamsted,0,,,CY,0,Does not apply,3-11,0,0,394,51,49,29,20,59%,41%,,,,,,,,,,7,14%,42,86%,3,6%,47,96%,67%,10%,,,,,,,,,,,,,94%,59%,0%,110,94%,39%,0%,108,80%,37%,0%,107,73%,12%,27%,0%,100%,0%,59%,80%,,,,29%,74%,-40,SUPP,66%,7%,15%,,,,0%,12%,-11,SUPP,9%,,,,,,,,,,,,,,,,,,,,,,,,,,,,,,,,,,,,,,,,,,,,,,,,,,,,,,,,,,,,,,,,,,,,,,,,,,,,,,,,,,,,,109,110,,,,105,111,SUPP,110,107,106,,,,101,108,SUPP,106,108,109,,,,103,109,SUPP,108,,,,86%,95%,,,,100%,93%,,,,43%,86%,,,,43%,79%,,,,29%,64%,,,,0%,45%,,,,0%,43%,,,,0%,14%,46,94%,0,0%,0,0%,8,16%,8,16%,52,17%,83%,40%,0%,0%,0%,49%,0%,,,,,,,,,,107,105,56,16%,84%,50%,2%,22%,0%,55%,2%,1.4,-0.4,3.1,-4.1,-5.7,-2.5,0.0,-1.6,1.6,108,105,157,52%,4%,108,106
1,30324,919,2353,117292,Trotts Hill Primary and Nursery School,Wisden Road,,,Stevenage,SG1 5JD,01438314189,E14001516,Stevenage,0,,,CY,0,Does not apply,4-11,0,0,236,27,27,13,14,48%,52%,,,,,,,,,,3,11%,24,89%,8,30%,25,93%,74%,22%,,,,,,,,,,,,,78%,33%,0%,107,74%,37%,0%,109,89%,48%,0%,108,89%,30%,4%,0%,93%,0%,69%,79%,,,,SUPP,SUPP,SUPP,88%,72%,23%,21%,,,,SUPP,SUPP,SUPP,38%,20%,,,,,,,,,,,,,,,,,,,,,,,,,,,,,,,,,,,,,,,,,,,,,,,,,,,,,,,,,,,,,,,,,,,,,,,,,,,,,,,,,,,,,106,107,,,,SUPP,SUPP,108,107,108,109,,,,SUPP,SUPP,109,108,107,111,,,,SUPP,SUPP,110,108,,,,SUPP,SUPP,,,,SUPP,SUPP,,,,SUPP,SUPP,,,,SUPP,SUPP,,,,SUPP,SUPP,,,,SUPP,SUPP,,,,SUPP,SUPP,,,,SUPP,SUPP,19,70%,0,0%,2,7%,7,26%,9,33%,28,25%,75%,82%,18%,86%,14%,81%,19%,,,,,,,,,,108,108,27,22%,78%,93%,22%,83%,0%,95%,29%,3.4,1.0,5.7,2.9,0.6,5.2,4.0,1.8,6.2,110,110,82,83%,21%,108,109
1,3080,919,2360,117296,Bournehall Primary School,Bournehall Avenue,,,Bushey,WD23 3AX,02089504438,E14001284,Hertsmere,0,,,CY,0,Does not apply,4-11,0,0,211,30,30,13,17,43%,57%,,,,,,,,,,9,30%,21,70%,5,17%,29,97%,77%,7%,,,,,,,,,,,,,83%,63%,0%,111,83%,40%,3%,109,83%,40%,0%,107,80%,7%,13%,0%,77%,0%,85%,71%,,,,56%,86%,-13,SUPP,76%,8%,6%,,,,0%,10%,-11,SUPP,7%,,,,,,,,,,,,,,,,,,,,,,,,,,,,,,,,,,,,,,,,,,,,,,,,,,,,,,,,,,,,,,,,,,,,,,,,,,,,,,,,,,,,,113,109,,,,107,112,SUPP,110,110,105,,,,101,110,SUPP,107,111,107,,,,104,111,SUPP,109,,,,67%,90%,,,,67%,90%,,,,67%,90%,,,,67%,86%,,,,44%,71%,,,,11%,52%,,,,11%,52%,,,,0%,10%,25,83%,0,0%,1,3%,5,17%,6,20%,32,16%,84%,61%,10%,SUPP,SUPP,SUPP,SUPP,,,,,,,,,,108,105,28,25%,75%,71%,7%,57%,0%,76%,10%,3.3,1.0,5.7,-1.1,-3.4,1.1,3.2,1.0,5.4,108,107,90,70%,8%,109,107
1,18000,919,2378,117303,Newberries Primary School,Newberries Avenue,,,Radlett,WD7 7EL,01923857180,E14001284,Hertsmere,0,,,CY,0,Does not apply,4-11,0,0,198,30,30,16,14,53%,47%,,,,,,,,,,2,7%,28,93%,3,10%,27,90%,67%,30%,,,,,,,,,,,,,73%,43%,0%,107,77%,50%,0%,108,73%,53%,0%,106,77%,37%,20%,0%,83%,0%,69%,64%,,,,SUPP,SUPP,SUPP,SUPP,67%,25%,36%,,,,SUPP,SUPP,SUPP,SUPP,30%,,,,,,,,,,,,,,,,,,,,,,,,,,,,,,,,,,,,,,,,,,,,,,,,,,,,,,,,,,,,,,,,,,,,,,,,,,,,,,,,,,,,,108,107,,,,SUPP,SUPP,SUPP,107,109,103,,,,SUPP,SUPP,SUPP,107,109,108,,,,SUPP,SUPP,SUPP,109,,,,SUPP,SUPP,,,,SUPP,SUPP,,,,SUPP,SUPP,,,,SUPP,SUPP,,,,SUPP,SUPP,,,,SUPP,SUPP,,,,SUPP,SUPP,,,,SUPP,SUPP,27,90%,0,0%,1,3%,6,20%,7,23%,18,6%,94%,72%,11%,SUPP,SUPP,SUPP,SUPP,,,,,,,,,,107,105,30,3%,97%,53%,7%,SUPP,SUPP,SUPP,SUPP,0.2,-2.1,2.5,-0.6,-2.8,1.6,-3.6,-5.8,-1.5,106,102,78,63%,17%,107,104
1,32348,919,2392,117314,William Ransom Primary School,Stuart Drive,,,Hitchin,SG4 9QB,01462624777,E14001289,Hitchin,0,,,CY,0,Does not apply,4-11,0,0,422,62,60,33,27,55%,45%,,,,,,,,,,6,10%,54,90%,5,8%,59,98%,78%,8%,,,,,,,,,,,,,87%,58%,2%,109,85%,47%,2%,109,85%,28%,2%,107,80%,15%,18%,2%,95%,2%,73%,85%,,,,50%,81%,-19,SUPP,78%,9%,7%,,,,0%,9%,-11,SUPP,8%,,,,,,,,,,,,,,,,,,,,,,,,,,,,,,,,,,,,,,,,,,,,,,,,,,,,,,,,,,,,,,,,,,,,,,,,,,,,,,,,,,,,,109,110,,,,103,110,SUPP,109,108,105,,,,101,107,SUPP,107,108,110,,,,104,110,SUPP,109,,,,67%,89%,,,,67%,87%,,,,50%,89%,,,,50%,83%,,,,0%,65%,,,,17%,50%,,,,17%,30%,,,,0%,17%,54,90%,1,2%,4,7%,6,10%,10,17%,60,5%,95%,72%,15%,SUPP,SUPP,SUPP,SUPP,,,,,,,,,,109,106,59,3%,97%,68%,8%,SUPP,SUPP,SUPP,SUPP,3.9,2.3,5.6,-2.5,-4.0,-0.9,0.7,-0.9,2.2,111,107,179,73%,11%,110,107
1,27220,919,2428,117337,Samuel Lucas Junior Mixed and Infant School,Gaping Lane,,,Hitchin,SG5 2JQ,01462456737,E14001289,Hitchin,0,,,CY,0,Does not apply,4-11,0,0,419,61,59,29,30,49%,51%,,,,,,,,,,1,2%,58,98%,10,17%,55,93%,75%,25%,,,,,,,,,,,,,90%,61%,2%,110,92%,37%,2%,108,80%,46%,3%,107,83%,31%,17%,0%,93%,0%,79%,70%,,,,SUPP,SUPP,SUPP,100%,73%,21%,30%,,,,SUPP,SUPP,SUPP,30%,25%,,,,,,,,,,,,,,,,,,,,,,,,,,,,,,,,,,,,,,,,,,,,,,,,,,,,,,,,,,,,,,,,,,,,,,,,,,,,,,,,,,,,,107,112,,,,SUPP,SUPP,112,110,108,106,,,,SUPP,SUPP,110,107,107,109,,,,SUPP,SUPP,112,107,,,,SUPP,SUPP,,,,SUPP,SUPP,,,,SUPP,SUPP,,,,SUPP,SUPP,,,,SUPP,SUPP,,,,SUPP,SUPP,,,,SUPP,SUPP,,,,SUPP,SUPP,48,81%,1,2%,1,2%,7,12%,8,14%,60,23%,77%,70%,15%,43%,0%,78%,20%,,,,,,,,,,107,105,60,7%,93%,70%,22%,SUPP,SUPP,SUPP,SUPP,2.8,1.2,4.5,1.4,-0.1,3.0,2.7,1.1,4.2,109,108,179,72%,21%,108,107
1,29116,919,2442,117345,Stonehill School,Western Close,,,Letchworth Garden City,SG6 4SZ,01462620262,E14001393,North East Hertfordshire,0,,,CY,0,Does not apply,3-11,0,0,203,31,31,20,11,65%,35%,,,,,,,,,,19,61%,12,39%,0,0%,27,87%,68%,3%,,,,,,,,,,,,,77%,42%,0%,106,71%,16%,0%,104,84%,19%,0%,105,77%,3%,19%,0%,81%,0%,80%,45%,,,,53%,92%,-16,,70%,0%,9%,,,,0%,8%,-11,,4%,,,,,,,,,,,,,,,,,,,,,,,,,,,,,,,,,,,,,,,,,,,,,,,,,,,,,,,,,,,,,,,,,,,,,,,,,,,,,,,,,,,,,107,105,,,,101,113,,106,107,101,,,,103,107,,105,103,104,,,,100,109,,104,,,,63%,100%,,,,53%,100%,,,,79%,92%,,,,63%,100%,,,,21%,75%,,,,0%,42%,,,,11%,33%,,,,0%,8%,31,100%,0,0%,2,6%,8,26%,10,32%,27,37%,63%,59%,4%,50%,0%,65%,6%,,,,,,,,,,104,104,29,31%,69%,69%,3%,33%,0%,85%,5%,-0.5,-2.8,1.8,1.4,-0.8,3.6,1.1,-1.0,3.3,103,104,87,66%,3%,104,104
1,1184,919,2002,117084,Ashwell Primary School,Silver Street,Ashwell,,Baldock,SG7 5QL,01462742297,E14001393,North East Hertfordshire,0,,,CY,0,Does not apply,3-11,0,0,228,28,27,11,16,41%,59%,,,,,,,,,,3,11%,24,89%,1,4%,26,96%,74%,33%,,,,,,,,,,,,,93%,44%,0%,108,93%,48%,0%,110,89%,41%,0%,108,78%,37%,22%,0%,96%,0%,73%,75%,,,,SUPP,SUPP,SUPP,SUPP,77%,18%,44%,,,,SUPP,SUPP,SUPP,SUPP,35%,,,,,,,,,,,,,,,,,,,,,,,,,,,,,,,,,,,,,,,,,,,,,,,,,,,,,,,,,,,,,,,,,,,,,,,,,,,,,,,,,,,,,109,108,,,,SUPP,SUPP,SUPP,108,108,109,,,,SUPP,SUPP,SUPP,109,109,111,,,,SUPP,SUPP,SUPP,111,,,,SUPP,SUPP,,,,SUPP,SUPP,,,,SUPP,SUPP,,,,SUPP,SUPP,,,,SUPP,SUPP,,,,SUPP,SUPP,,,,SUPP,SUPP,,,,SUPP,SUPP,26,96%,0,0%,0,0%,7,26%,7,26%,26,23%,77%,65%,8%,33%,0%,75%,10%,,,,,,,,,,105,104,31,3%,97%,68%,16%,SUPP,SUPP,SUPP,SUPP,3.0,0.7,5.2,-1.4,-3.6,0.7,1.5,-0.6,3.6,110,107,84,69%,19%,108,107
1,22106,919,2025,117098,The Russell School,Brushwood Drive,Chorleywood,,Rickmansworth,WD3 5RR,01923284272,E14001496,South West Hertfordshire,0,,,CY,0,Does not apply,3-11,0,0,225,30,29,17,12,59%,41%,,,,,,,,,,2,7%,27,93%,2,7%,28,97%,86%,34%,,,,,,,,,,,,,93%,69%,0%,112,90%,55%,0%,110,93%,66%,0%,111,86%,34%,14%,0%,93%,0%,82%,92%,,,,SUPP,SUPP,SUPP,SUPP,86%,24%,50%,,,,SUPP,SUPP,SUPP,SUPP,32%,,,,,,,,,,,,,,,,,,,,,,,,,,,,,,,,,,,,,,,,,,,,,,,,,,,,,,,,,,,,,,,,,,,,,,,,,,,,,,,,,,,,,111,113,,,,SUPP,SUPP,SUPP,112,111,111,,,,SUPP,SUPP,SUPP,111,109,111,,,,SUPP,SUPP,SUPP,109,,,,SUPP,SUPP,,,,SUPP,SUPP,,,,SUPP,SUPP,,,,SUPP,SUPP,,,,SUPP,SUPP,,,,SUPP,SUPP,,,,SUPP,SUPP,,,,SUPP,SUPP,27,93%,0,0%,0,0%,8,28%,8,28%,30,10%,90%,97%,20%,SUPP,SUPP,SUPP,SUPP,,,,,,,,,,112,111,30,7%,93%,97%,47%,SUPP,SUPP,SUPP,SUPP,6.8,4.5,9.2,4.4,2.2,6.7,7.5,5.3,9.7,114,114,89,93%,34%,113,112
1,29414,919,2027,133488,Swallow Dell Primary and Nursery School,Blackthorn Road,,,Welwyn Garden City,AL7 3JP,01707339079,E14001573,Welwyn Hatfield,0,,,CY,0,Does not apply,3-11,0,0,422,56,56,28,28,50%,50%,,,,,,,,,,17,30%,39,70%,2,4%,55,98%,80%,13%,,,,,,,,,,,,,82%,48%,0%,107,79%,34%,0%,105,84%,38%,0%,106,82%,18%,16%,0%,84%,0%,79%,82%,,,,65%,87%,-4,SUPP,80%,11%,14%,,,,12%,13%,1,SUPP,13%,,,,,,,,,,,,,,,,,,,,,,,,,,,,,,,,,,,,,,,,,,,,,,,,,,,,,,,,,,,,,,,,,,,,,,,,,,,,,,,,,,,,,107,106,,,,105,108,SUPP,107,108,105,,,,103,108,SUPP,106,105,105,,,,103,106,SUPP,105,,,,71%,87%,,,,59%,87%,,,,71%,90%,,,,65%,90%,,,,47%,49%,,,,24%,38%,,,,24%,44%,,,,24%,15%,54,96%,0,0%,1,2%,17,30%,18,32%,55,49%,51%,35%,2%,26%,4%,43%,0%,,,,,,,,,,102,99,59,49%,51%,32%,5%,21%,3%,43%,7%,-0.5,-2.2,1.1,-3.3,-4.9,-1.8,-2.9,-4.5,-1.3,102,98,170,49%,6%,103,101
1,16184,919,2034,117103,Manland Primary School,Sauncey Avenue,,,Harpenden,AL5 4QW,01582713452,E14001268,Harpenden and Berkhamsted,0,,,CY,0,Does not apply,4-11,0,0,203,34,32,17,15,53%,47%,,,,,,,,,,0,0%,32,100%,8,25%,27,84%,91%,28%,,,,,,,,,,,,,94%,75%,0%,112,88%,63%,0%,110,94%,72%,0%,112,91%,28%,9%,0%,94%,0%,94%,87%,,,,,SUPP,,100%,89%,29%,27%,,,,,SUPP,,13%,30%,,,,,,,,,,,,,,,,,,,,,,,,,,,,,,,,,,,,,,,,,,,,,,,,,,,,,,,,,,,,,,,,,,,,,,,,,,,,,,,,,,,,,114,111,,,,,SUPP,112,112,114,109,,,,,SUPP,114,112,111,108,,,,,SUPP,110,110,,,,,SUPP,,,,,SUPP,,,,,SUPP,,,,,SUPP,,,,,SUPP,,,,,SUPP,,,,,SUPP,,,,,SUPP,24,75%,0,0%,0,0%,5,16%,5,16%,31,6%,94%,87%,32%,SUPP,SUPP,SUPP,SUPP,,,,,,,,,,110,110,30,13%,87%,87%,30%,SUPP,SUPP,SUPP,SUPP,1.9,-0.4,4.1,2.1,-0.1,4.3,3.7,1.5,5.9,109,111,93,88%,30%,111,111
1,17266,919,2224,117219,Monksmead School,Hillside Avenue,,Monksmead School,Borehamwood,WD6 1HL,02089533328,E14001284,Hertsmere,0,,,CY,0,Does not apply,4-11,0,0,205,27,27,10,17,37%,63%,,,,,,,,,,7,26%,20,74%,7,26%,25,93%,48%,0%,,,,,,,,,,,,,81%,33%,0%,107,78%,41%,0%,105,74%,22%,0%,103,52%,0%,30%,0%,81%,0%,10%,71%,,,,14%,60%,-55,43%,48%,0%,0%,,,,0%,0%,-11,0%,0%,,,,,,,,,,,,,,,,,,,,,,,,,,,,,,,,,,,,,,,,,,,,,,,,,,,,,,,,,,,,,,,,,,,,,,,,,,,,,,,,,,,,,104,109,,,,101,109,108,107,100,105,,,,97,105,103,104,101,108,,,,98,108,108,106,,,,57%,90%,,,,57%,85%,,,,57%,80%,,,,14%,65%,,,,0%,45%,,,,14%,50%,,,,0%,30%,,,,0%,0%,20,74%,0,0%,2,7%,2,7%,4,15%,27,19%,81%,52%,7%,SUPP,SUPP,SUPP,SUPP,,,,,,,,,,106,103,27,19%,81%,48%,11%,SUPP,SUPP,SUPP,SUPP,-2.6,-5.0,-0.1,-1.8,-4.1,0.5,-4.6,-6.9,-2.3,105,102,81,49%,6%,106,103
1,11316,919,2237,117227,Harwood Hill Junior Mixed Infant and Nursery School,Harwood Close,,,Welwyn Garden City,AL8 7AG,01707322855,E14001573,Welwyn Hatfield,0,,,CY,0,Does not apply,3-11,0,0,181,23,22,14,8,64%,36%,,,,,,,,,,6,27%,16,73%,2,9%,20,91%,55%,0%,,,,,,,,,,,,,59%,23%,0%,102,59%,5%,0%,100,64%,14%,0%,101,59%,0%,18%,0%,73%,0%,71%,25%,,,,17%,69%,-52,SUPP,60%,0%,0%,,,,0%,0%,-11,SUPP,0%,,,,,,,,,,,,,,,,,,,,,,,,,,,,,,,,,,,,,,,,,,,,,,,,,,,,,,,,,,,,,,,,,,,,,,,,,,,,,,,,,,,,,105,98,,,,94,104,SUPP,103,104,96,,,,91,104,SUPP,102,101,98,,,,95,101,SUPP,100,,,,17%,75%,,,,33%,69%,,,,17%,81%,,,,17%,75%,,,,0%,31%,,,,0%,6%,,,,17%,13%,,,,0%,0%,20,91%,0,0%,2,9%,4,18%,6,27%,29,14%,86%,72%,14%,SUPP,SUPP,SUPP,SUPP,,,,,,,,,,107,106,30,27%,73%,63%,0%,38%,0%,73%,0%,0.5,-1.8,2.7,-0.7,-2.9,1.4,1.1,-1.0,3.2,106,105,81,64%,5%,105,104
1,31712,919,2288,117254,Westfield Primary School,Durrants Lane,,,Berkhamsted,HP4 3PJ,01442862729,E14001268,Harpenden and Berkhamsted,0,,,CY,0,Does not apply,3-11,0,0,155,22,23,8,15,35%,65%,,,,,,,,,,12,52%,11,48%,2,9%,23,100%,30%,4%,,,,,,,,,,,,,61%,26%,0%,104,43%,9%,0%,101,43%,4%,0%,98,48%,13%,30%,0%,78%,0%,13%,40%,,,,25%,36%,-44,SUPP,30%,0%,7%,,,,0%,9%,-11,SUPP,4%,,,,,,,,,,,,,,,,,,,,,,,,,,,,,,,,,,,,,,,,,,,,,,,,,,,,,,,,,,,,,,,,,,,,,,,,,,,,,,,,,,,,,100,106,,,,102,107,SUPP,104,98,99,,,,96,101,SUPP,98,97,102,,,,98,104,SUPP,101,,,,58%,64%,,,,33%,55%,,,,33%,55%,,,,33%,64%,,,,17%,36%,,,,8%,9%,,,,0%,9%,,,,8%,18%,21,91%,0,0%,1,4%,5,22%,6,26%,30,13%,87%,60%,0%,SUPP,SUPP,SUPP,SUPP,,,,,,,,,,108,104,27,30%,70%,56%,4%,25%,0%,68%,5%,1.2,-1.3,3.6,-4.3,-6.6,-2.0,-2.5,-4.8,-0.3,106,102,80,50%,3%,106,102
1,19768,919,2356,117294,Panshanger Primary School,Daniells,,,Welwyn Garden City,AL7 1QY,01707328846,E14001573,Welwyn Hatfield,0,,,CY,0,Does not apply,3-11,0,0,238,29,30,17,13,57%,43%,,,,,,,,,,3,10%,27,90%,2,7%,30,100%,80%,10%,,,,,,,,,,,,,90%,33%,3%,107,87%,23%,3%,107,90%,37%,3%,107,83%,10%,17%,0%,87%,0%,82%,77%,,,,SUPP,SUPP,SUPP,SUPP,80%,6%,15%,,,,SUPP,SUPP,SUPP,SUPP,10%,,,,,,,,,,,,,,,,,,,,,,,,,,,,,,,,,,,,,,,,,,,,,,,,,,,,,,,,,,,,,,,,,,,,,,,,,,,,,,,,,,,,,107,107,,,,SUPP,SUPP,SUPP,107,107,108,,,,SUPP,SUPP,SUPP,107,106,107,,,,SUPP,SUPP,SUPP,107,,,,SUPP,SUPP,,,,SUPP,SUPP,,,,SUPP,SUPP,,,,SUPP,SUPP,,,,SUPP,SUPP,,,,SUPP,SUPP,,,,SUPP,SUPP,,,,SUPP,SUPP,28,93%,0,0%,2,7%,2,7%,4,13%,30,23%,77%,73%,7%,57%,0%,78%,9%,,,,,,,,,,105,104,28,14%,86%,57%,7%,SUPP,SUPP,SUPP,SUPP,0.4,-2.0,2.9,-1.4,-3.7,0.9,0.3,-1.9,2.6,106,104,88,70%,8%,106,105
1,33092,919,2405,117322,Woolenwick Junior School,Bridge Road West,,,Stevenage,SG1 2NU,01438216565,E14001516,Stevenage,0,,,CY,0,Does not apply,7-11,0,0,236,58,60,31,29,52%,48%,,,,,,,,,,15,25%,45,75%,14,23%,53,88%,62%,8%,,,,,,,,,,,,,80%,28%,2%,106,65%,17%,2%,102,70%,20%,2%,104,77%,22%,18%,0%,82%,0%,58%,66%,,,,53%,64%,-16,71%,68%,10%,7%,,,,0%,11%,-11,7%,8%,,,,,,,,,,,,,,,,,,,,,,,,,,,,,,,,,,,,,,,,,,,,,,,,,,,,,,,,,,,,,,,,,,,,,,,,,,,,,,,,,,,,,105,106,,,,103,106,106,106,104,104,,,,102,104,105,104,101,104,,,,101,103,103,103,,,,67%,84%,,,,47%,71%,,,,53%,76%,,,,80%,76%,,,,7%,36%,,,,13%,18%,,,,27%,18%,,,,13%,24%,45,75%,1,2%,3,5%,12,20%,15,25%,59,20%,80%,49%,7%,42%,0%,51%,9%,,,,,,,,,,103,101,54,22%,78%,57%,9%,17%,0%,69%,12%,-3.0,-4.7,-1.2,-1.8,-3.4,-0.2,-4.1,-5.8,-2.5,104,101,173,56%,8%,104,102
1,14942,919,2407,117324,Leavesden JMI School,High Road,Leavesden,,Watford,WD25 7QZ,01923484340,E14001568,Watford,0,,,CY,0,Does not apply,3-11,0,0,408,61,60,27,33,45%,55%,,,,,,,,,,17,28%,43,72%,15,25%,54,90%,40%,0%,,,,,,,,,,,,,57%,17%,0%,102,58%,20%,0%,103,53%,13%,2%,100,50%,0%,40%,0%,77%,0%,41%,39%,,,,6%,53%,-63,53%,43%,0%,0%,,,,0%,0%,-11,0%,0%,,,,,,,,,,,,,,,,,,,,,,,,,,,,,,,,,,,,,,,,,,,,,,,,,,,,,,,,,,,,,,,,,,,,,,,,,,,,,,,,,,,,,103,101,,,,96,104,105,102,103,98,,,,95,102,105,101,104,102,,,,98,105,106,104,,,,24%,70%,,,,29%,70%,,,,24%,65%,,,,18%,63%,,,,6%,21%,,,,6%,26%,,,,6%,16%,,,,0%,0%,45,75%,0,0%,3,5%,12,20%,15,25%,49,22%,78%,61%,2%,27%,0%,71%,3%,,,,,,,,,,107,103,59,27%,73%,46%,0%,31%,0%,51%,0%,0.3,-1.3,2.0,0.2,-1.3,1.8,1.3,-0.2,2.8,102,102,168,48%,1%,103,102
1,15272,919,2422,117333,Lime Walk Primary School,Lime Walk,Bennetts End,,Hemel Hempstead,HP3 9LN,01442262341,E14001278,Hemel Hempstead,0,,,CY,0,Does not apply,3-11,0,0,211,31,28,16,12,57%,43%,,,,,,,,,,9,32%,19,68%,3,11%,28,100%,39%,0%,,,,,,,,,,,,,57%,21%,0%,103,68%,11%,0%,102,54%,11%,0%,100,71%,0%,25%,0%,96%,0%,50%,25%,,,,33%,42%,-36,SUPP,39%,0%,0%,,,,0%,0%,-11,SUPP,0%,,,,,,,,,,,,,,,,,,,,,,,,,,,,,,,,,,,,,,,,,,,,,,,,,,,,,,,,,,,,,,,,,,,,,,,,,,,,,,,,,,,,,103,103,,,,100,104,SUPP,103,102,97,,,,95,103,SUPP,100,103,102,,,,99,104,SUPP,102,,,,44%,63%,,,,67%,68%,,,,44%,58%,,,,67%,74%,,,,11%,26%,,,,0%,16%,,,,0%,16%,,,,0%,0%,25,89%,0,0%,1,4%,3,11%,4,14%,27,44%,56%,48%,4%,25%,8%,67%,0%,,,,,,,,,,102,101,30,50%,50%,40%,3%,13%,0%,67%,7%,-4.3,-6.7,-1.8,-1.4,-3.8,1.0,-5.4,-7.7,-3.1,102,100,85,42%,2%,102,100
1,8652,919,2424,117334,Fairfields Primary School and Nursery,Rosedale Way,Cheshunt,,Waltham Cross,EN7 6JG,01992633195,E14001139,Broxbourne,0,,,CY,0,Does not apply,3-11,0,0,466,59,60,29,31,48%,52%,,,,,,,,,,9,15%,51,85%,10,17%,59,98%,68%,2%,,,,,,,,,,,,,83%,48%,0%,108,88%,47%,0%,108,82%,42%,0%,107,73%,3%,23%,0%,88%,0%,66%,71%,,,,56%,71%,-13,50%,68%,0%,3%,,,,0%,2%,-11,10%,2%,,,,,,,,,,,,,,,,,,,,,,,,,,,,,,,,,,,,,,,,,,,,,,,,,,,,,,,,,,,,,,,,,,,,,,,,,,,,,,,,,,,,,109,108,,,,106,109,108,108,110,105,,,,104,108,108,107,108,108,,,,105,109,109,108,,,,89%,82%,,,,89%,88%,,,,67%,84%,,,,67%,75%,,,,33%,51%,,,,11%,53%,,,,22%,45%,,,,0%,4%,50,83%,0,0%,2,3%,10,17%,12,20%,60,20%,80%,65%,10%,33%,0%,73%,13%,,,,,,,,,,106,105,59,10%,90%,61%,10%,50%,0%,62%,11%,-0.9,-2.5,0.8,-1.0,-2.5,0.6,-1.2,-2.7,0.3,105,105,179,65%,7%,106,106
1,1830,919,3007,117387,Bayford Church of England Voluntary Controlled Primary School,Ashendene Road,Bayford,,Hertford,SG13 8PX,01992511259,E14001393,North East Hertfordshire,0,,,VC,0,Church of England,3-11,0,0,87,13,13,6,7,46%,54%,,,,,,,,,,4,31%,9,69%,0,0%,13,100%,23%,0%,,,,,,,,,,,,,62%,38%,0%,104,62%,15%,0%,102,38%,15%,0%,99,38%,8%,62%,0%,54%,0%,33%,14%,,,,SUPP,SUPP,SUPP,,23%,0%,0%,,,,SUPP,SUPP,SUPP,,0%,,,,,,,,,,,,,,,,,,,,,,,,,,,,,,,,,,,,,,,,,,,,,,,,,,,,,,,,,,,,,,,,,,,,,,,,,,,,,,,,,,,,,108,100,,,,SUPP,SUPP,,104,102,97,,,,SUPP,SUPP,,99,104,100,,,,SUPP,SUPP,,102,,,,SUPP,SUPP,,,,SUPP,SUPP,,,,SUPP,SUPP,,,,SUPP,SUPP,,,,SUPP,SUPP,,,,SUPP,SUPP,,,,SUPP,SUPP,,,,SUPP,SUPP,13,100%,0,0%,0,0%,4,31%,4,31%,11,18%,82%,55%,0%,SUPP,SUPP,SUPP,SUPP,,,,,,,,,,105,104,10,20%,80%,40%,10%,SUPP,SUPP,SUPP,SUPP,-0.6,-4.9,3.8,-3.9,-8.1,0.3,-1.1,-5.2,3.0,105,104,34,38%,3%,105,102
1,2234,919,3009,117389,Benington Church of England Primary School,Walkern Road,Benington,Benington Primary School,Stevenage,SG2 7LP,01438869254,E14001393,North East Hertfordshire,0,,,VC,0,Church of England,4-11,0,0,100,16,17,6,11,35%,65%,,,,,,,,,,1,6%,16,94%,0,0%,16,94%,82%,6%,,,,,,,,,,,,,82%,35%,0%,105,82%,24%,0%,105,88%,18%,0%,105,88%,24%,12%,0%,100%,0%,100%,73%,,,,SUPP,SUPP,SUPP,,81%,17%,0%,,,,SUPP,SUPP,SUPP,,6%,,,,,,,,,,,,,,,,,,,,,,,,,,,,,,,,,,,,,,,,,,,,,,,,,,,,,,,,,,,,,,,,,,,,,,,,,,,,,,,,,,,,,108,104,,,,SUPP,SUPP,,104,109,103,,,,SUPP,SUPP,,105,108,103,,,,SUPP,SUPP,,105,,,,SUPP,SUPP,,,,SUPP,SUPP,,,,SUPP,SUPP,,,,SUPP,SUPP,,,,SUPP,SUPP,,,,SUPP,SUPP,,,,SUPP,SUPP,,,,SUPP,SUPP,17,100%,0,0%,0,0%,3,18%,3,18%,11,18%,82%,18%,0%,SUPP,SUPP,SUPP,SUPP,,,,,,,,,,100,103,10,20%,80%,90%,20%,SUPP,SUPP,SUPP,SUPP,-1.1,-5.2,3.0,6.7,2.7,10.6,2.7,-1.2,6.6,104,107,38,66%,8%,103,105
1,12016,919,3026,117398,High Wych Church of England Primary School,High Wych,,,Sawbridgeworth,CM21 0JB,01279722109,E14001283,Hertford and Stortford,0,,,VC,0,Church of England,3-11,0,0,227,34,32,16,16,50%,50%,,,,,,,,,,6,19%,26,81%,0,0%,30,94%,63%,9%,,,,,,,,,,,,,72%,50%,0%,106,75%,38%,0%,105,78%,22%,0%,103,69%,19%,31%,0%,81%,0%,44%,81%,,,,67%,62%,-2,,63%,6%,13%,,,,0%,12%,-11,,10%,,,,,,,,,,,,,,,,,,,,,,,,,,,,,,,,,,,,,,,,,,,,,,,,,,,,,,,,,,,,,,,,,,,,,,,,,,,,,,,,,,,,,104,108,,,,105,106,,106,103,104,,,,103,104,,103,103,108,,,,104,106,,105,,,,67%,73%,,,,67%,77%,,,,83%,77%,,,,67%,69%,,,,33%,54%,,,,17%,42%,,,,17%,23%,,,,0%,23%,32,100%,0,0%,1,3%,8,25%,9,28%,30,10%,90%,73%,10%,SUPP,SUPP,SUPP,SUPP,,,,,,,,,,107,108,30,17%,83%,77%,17%,SUPP,SUPP,SUPP,SUPP,0.9,-1.3,3.2,-0.2,-2.3,2.0,0.1,-2.0,2.2,108,106,92,71%,12%,107,106
1,29950,919,3041,117408,Thundridge Church of England Primary School,Ermine Street,Thundridge,Ware,Herts,SG12 0SY,01920462642,E14001393,North East Hertfordshire,0,,,VC,0,Church of England,3-11,0,0,76,4,4,SUPP,SUPP,SUPP,SUPP,,,,,,,,,,SUPP,SUPP,SUPP,SUPP,SUPP,SUPP,SUPP,SUPP,SUPP,SUPP,,,,,,,,,,,,,SUPP,SUPP,SUPP,SUPP,SUPP,SUPP,SUPP,SUPP,SUPP,SUPP,SUPP,SUPP,SUPP,SUPP,SUPP,SUPP,SUPP,SUPP,SUPP,SUPP,,,,SUPP,SUPP,SUPP,,SUPP,SUPP,SUPP,,,,SUPP,SUPP,SUPP,,SUPP,,,,,,,,,,,,,,,,,,,,,,,,,,,,,,,,,,,,,,,,,,,,,,,,,,,,,,,,,,,,,,,,,,,,,,,,,,,,,,,,,,,,,SUPP,SUPP,,,,SUPP,SUPP,,SUPP,SUPP,SUPP,,,,SUPP,SUPP,,SUPP,SUPP,SUPP,,,,SUPP,SUPP,,SUPP,,,,SUPP,SUPP,,,,SUPP,SUPP,,,,SUPP,SUPP,,,,SUPP,SUPP,,,,SUPP,SUPP,,,,SUPP,SUPP,,,,SUPP,SUPP,,,,SUPP,SUPP,SUPP,SUPP,SUPP,SUPP,SUPP,SUPP,SUPP,SUPP,SUPP,SUPP,9,0%,100%,44%,11%,,,SUPP,SUPP,,,,,,,,,,105,102,13,8%,92%,46%,0%,SUPP,SUPP,SUPP,SUPP,-3.2,-6.6,0.3,-3.8,-7.1,-0.5,-2.6,-5.8,0.6,100,100,26,42%,8%,102,100
1,6186,919,2996,117378,Commonswood Primary & Nursery School,The Commons,,,WELWYN GARDEN CITY,AL7 4RU,01707880420,E14001573,Welwyn Hatfield,0,,,CY,0,Does not apply,4-11,0,0,413,52,51,22,29,43%,57%,,,,,,,,,,9,18%,42,82%,4,8%,51,100%,65%,12%,,,,,,,,,,,,,88%,49%,0%,109,90%,47%,0%,109,82%,43%,0%,107,73%,14%,24%,0%,86%,0%,59%,69%,,,,33%,71%,-36,SUPP,65%,14%,10%,,,,0%,14%,-11,SUPP,12%,,,,,,,,,,,,,,,,,,,,,,,,,,,,,,,,,,,,,,,,,,,,,,,,,,,,,,,,,,,,,,,,,,,,,,,,,,,,,,,,,,,,,108,109,,,,109,109,SUPP,109,109,106,,,,101,109,SUPP,107,109,109,,,,105,110,SUPP,109,,,,100%,86%,,,,100%,88%,,,,44%,90%,,,,56%,76%,,,,44%,50%,,,,0%,57%,,,,22%,48%,,,,0%,17%,47,92%,0,0%,0,0%,11,22%,11,22%,54,22%,78%,76%,9%,58%,8%,81%,10%,,,,,,,,,,106,107,73,22%,78%,59%,10%,44%,0%,63%,12%,0.2,-1.3,1.7,0.4,-1.0,1.9,-0.6,-2.0,0.8,106,104,178,66%,10%,107,106
1,7252,919,3053,117415,Dewhurst St Mary CofE Primary School,"94, Churchgate",Cheshunt,,Waltham Cross,EN8 9ND,01992624177,E14001139,Broxbourne,0,,,VC,0,Church of England,5-11,0,0,207,30,30,15,15,50%,50%,,,,,,,,,,11,37%,19,63%,6,20%,27,90%,47%,0%,,,,,,,,,,,,,80%,30%,0%,105,83%,53%,0%,108,83%,37%,0%,106,47%,0%,43%,0%,63%,0%,33%,60%,,,,36%,53%,-33,50%,48%,0%,0%,,,,0%,0%,-11,0%,0%,,,,,,,,,,,,,,,,,,,,,,,,,,,,,,,,,,,,,,,,,,,,,,,,,,,,,,,,,,,,,,,,,,,,,,,,,,,,,,,,,,,,,105,104,,,,100,108,102,105,106,105,,,,101,108,107,106,107,110,,,,105,110,108,109,,,,55%,95%,,,,64%,95%,,,,55%,100%,,,,36%,53%,,,,9%,42%,,,,27%,68%,,,,27%,42%,,,,0%,0%,24,80%,0,0%,2,7%,9,30%,11,37%,30,30%,70%,57%,3%,33%,0%,67%,5%,,,,,,,,,,106,103,26,23%,77%,62%,0%,50%,0%,65%,0%,0.5,-1.9,3.0,-2.7,-5.1,-0.3,0.1,-2.3,2.4,106,104,86,55%,1%,106,104
1,316,919,3303,117419,Albury Church of England Voluntary Aided Primary School,Church End,,,Albury,SG11 2JQ,01279771253,E14001393,North East Hertfordshire,0,,,VA,0,Church of England,2-11,0,0,54,7,7,3,4,43%,57%,,,,,,,,,,0,0%,7,100%,0,0%,7,100%,43%,14%,,,,,,,,,,,,,86%,29%,0%,108,86%,29%,0%,107,57%,29%,0%,106,71%,29%,14%,0%,86%,0%,SUPP,SUPP,,,,,SUPP,,,43%,SUPP,SUPP,,,,,SUPP,,,14%,,,,,,,,,,,,,,,,,,,,,,,,,,,,,,,,,,,,,,,,,,,,,,,,,,,,,,,,,,,,,,,,,,,,,,,,,,,,,,,,,,,,,SUPP,SUPP,,,,,SUPP,,108,SUPP,SUPP,,,,,SUPP,,106,SUPP,SUPP,,,,,SUPP,,107,,,,,SUPP,,,,,SUPP,,,,,SUPP,,,,,SUPP,,,,,SUPP,,,,,SUPP,,,,,SUPP,,,,,SUPP,7,100%,0,0%,1,14%,4,57%,5,71%,4,SUPP,SUPP,SUPP,SUPP,SUPP,SUPP,SUPP,SUPP,,,,,,,,,,SUPP,SUPP,8,13%,88%,75%,13%,SUPP,SUPP,SUPP,SUPP,SUPP,SUPP,SUPP,SUPP,SUPP,SUPP,SUPP,SUPP,SUPP,112,110,19,68%,16%,110,109
1,24278,919,3339,117435,"St John's Voluntary Aided Church of England Primary School, Lemsford",Lemsford Village,,St John's C of E Primary School,Welwyn Garden City,AL8 7TR,01707322589,E14001573,Welwyn Hatfield,0,,,VA,0,Church of England,4-11,0,0,103,13,13,5,8,38%,62%,,,,,,,,,,2,15%,11,85%,0,0%,12,92%,62%,8%,,,,,,,,,,,,,85%,38%,0%,106,77%,23%,0%,102,69%,23%,0%,104,77%,15%,23%,0%,92%,0%,SUPP,75%,,,,SUPP,SUPP,SUPP,,67%,SUPP,13%,,,,SUPP,SUPP,SUPP,,8%,,,,,,,,,,,,,,,,,,,,,,,,,,,,,,,,,,,,,,,,,,,,,,,,,,,,,,,,,,,,,,,,,,,,,,,,,,,,,,,,,,,,,SUPP,109,,,,SUPP,SUPP,,107,SUPP,107,,,,SUPP,SUPP,,105,SUPP,105,,,,SUPP,SUPP,,104,,,,SUPP,SUPP,,,,SUPP,SUPP,,,,SUPP,SUPP,,,,SUPP,SUPP,,,,SUPP,SUPP,,,,SUPP,SUPP,,,,SUPP,SUPP,,,,SUPP,SUPP,13,100%,0,0%,0,0%,3,23%,3,23%,16,6%,94%,50%,6%,SUPP,SUPP,SUPP,SUPP,,,,,,,,,,104,100,15,0%,100%,67%,13%,,,SUPP,SUPP,2.1,-1.0,5.3,1.5,-1.5,4.6,-0.3,-3.3,2.7,108,106,44,59%,9%,106,103
1,22410,919,3353,117444,St Andrew's CE Primary School and Nursery,Tower Hill,,,Much Hadham,SG10 6DL,01279842626,E14001283,Hertford and Stortford,0,,,VA,0,Church of England,3-11,0,0,223,30,30,12,18,40%,60%,,,,,,,,,,10,33%,20,67%,2,7%,24,80%,70%,7%,,,,,,,,,,,,,80%,53%,3%,109,80%,30%,3%,107,83%,30%,0%,106,77%,10%,23%,0%,90%,0%,67%,72%,,,,60%,75%,-9,SUPP,67%,0%,11%,,,,0%,10%,-11,SUPP,8%,,,,,,,,,,,,,,,,,,,,,,,,,,,,,,,,,,,,,,,,,,,,,,,,,,,,,,,,,,,,,,,,,,,,,,,,,,,,,,,,,,,,,106,110,,,,108,109,SUPP,108,107,105,,,,104,107,SUPP,106,107,107,,,,106,107,SUPP,106,,,,70%,85%,,,,70%,85%,,,,70%,90%,,,,70%,80%,,,,60%,50%,,,,20%,35%,,,,10%,40%,,,,0%,15%,27,90%,1,3%,1,3%,6,20%,7,23%,27,15%,85%,56%,0%,SUPP,SUPP,SUPP,SUPP,,,,,,,,,,104,103,27,11%,89%,59%,7%,SUPP,SUPP,SUPP,SUPP,1.5,-1.0,3.9,-0.8,-3.2,1.5,-2.8,-5.2,-0.5,108,102,84,62%,5%,107,104
1,19862,919,3364,117452,Park Street Church of England Voluntary Aided Primary School,Branch Road,Park Street,,St Albans,AL2 2LX,01727872158,E14001507,St Albans,0,,,VA,0,Church of England,3-11,0,0,147,19,18,8,10,44%,56%,,,,,,,,,,3,17%,15,83%,4,22%,18,100%,67%,0%,,,,,,,,,,,,,78%,44%,0%,107,78%,39%,0%,108,78%,22%,0%,105,78%,0%,22%,0%,94%,0%,75%,60%,,,,SUPP,SUPP,SUPP,SUPP,67%,0%,0%,,,,SUPP,SUPP,SUPP,SUPP,0%,,,,,,,,,,,,,,,,,,,,,,,,,,,,,,,,,,,,,,,,,,,,,,,,,,,,,,,,,,,,,,,,,,,,,,,,,,,,,,,,,,,,,110,104,,,,SUPP,SUPP,SUPP,107,108,103,,,,SUPP,SUPP,SUPP,105,108,107,,,,SUPP,SUPP,SUPP,108,,,,SUPP,SUPP,,,,SUPP,SUPP,,,,SUPP,SUPP,,,,SUPP,SUPP,,,,SUPP,SUPP,,,,SUPP,SUPP,,,,SUPP,SUPP,,,,SUPP,SUPP,14,78%,0,0%,1,6%,0,0%,1,6%,4,SUPP,SUPP,SUPP,SUPP,SUPP,SUPP,SUPP,SUPP,,,,,,,,,,SUPP,SUPP,22,14%,86%,68%,5%,SUPP,SUPP,SUPP,SUPP,0.2,-2.5,2.9,-0.8,-3.4,1.8,-0.8,-3.3,1.8,108,106,44,66%,2%,107,105
1,2628,919,3371,117458,"Bishop Wood Church of England Junior School, Tring",Frogmore Street,,,Tring,HP23 5AU,01442822024,E14001268,Harpenden and Berkhamsted,0,,,VA,0,Church of England,7-11,0,0,243,60,60,27,33,45%,55%,,,,,,,,,,11,18%,49,82%,4,7%,56,93%,68%,22%,,,,,,,,,,,,,85%,48%,0%,108,75%,37%,0%,107,73%,33%,2%,105,88%,35%,12%,0%,90%,0%,78%,61%,,,,36%,76%,-33,SUPP,70%,33%,12%,,,,18%,22%,7,SUPP,20%,,,,,,,,,,,,,,,,,,,,,,,,,,,,,,,,,,,,,,,,,,,,,,,,,,,,,,,,,,,,,,,,,,,,,,,,,,,,,,,,,,,,,110,107,,,,104,109,SUPP,108,108,103,,,,103,106,SUPP,105,108,106,,,,102,108,SUPP,107,,,,55%,92%,,,,45%,82%,,,,45%,80%,,,,73%,92%,,,,36%,51%,,,,27%,39%,,,,27%,35%,,,,27%,37%,56,93%,0,0%,1,2%,10,17%,11,18%,61,11%,89%,74%,8%,57%,0%,76%,9%,,,,,,,,,,109,104,55,5%,95%,84%,13%,SUPP,SUPP,SUPP,SUPP,2.0,0.3,3.7,-0.7,-2.4,0.9,0.2,-1.3,1.8,111,108,176,75%,14%,109,106
1,25934,919,3378,117461,St Michael's Woolmer Green CofE VA Primary School,London Road,,,Woolmer Green,SG3 6JP,01438813267,E14001573,Welwyn Hatfield,0,,,VA,0,Church of England,4-11,0,0,190,25,22,10,12,45%,55%,,,,,,,,,,2,9%,20,91%,3,14%,20,91%,82%,9%,,,,,,,,,,,,,91%,32%,0%,106,86%,41%,0%,107,86%,45%,0%,107,86%,14%,9%,0%,91%,0%,100%,67%,,,,SUPP,SUPP,SUPP,SUPP,85%,10%,8%,,,,SUPP,SUPP,SUPP,SUPP,10%,,,,,,,,,,,,,,,,,,,,,,,,,,,,,,,,,,,,,,,,,,,,,,,,,,,,,,,,,,,,,,,,,,,,,,,,,,,,,,,,,,,,,110,103,,,,SUPP,SUPP,SUPP,107,112,104,,,,SUPP,SUPP,SUPP,108,110,105,,,,SUPP,SUPP,SUPP,108,,,,SUPP,SUPP,,,,SUPP,SUPP,,,,SUPP,SUPP,,,,SUPP,SUPP,,,,SUPP,SUPP,,,,SUPP,SUPP,,,,SUPP,SUPP,,,,SUPP,SUPP,19,86%,0,0%,0,0%,3,14%,3,14%,27,22%,78%,70%,7%,50%,0%,76%,10%,,,,,,,,,,106,105,27,19%,81%,67%,11%,SUPP,SUPP,SUPP,SUPP,0.2,-2.3,2.7,1.1,-1.3,3.5,-0.6,-3.0,1.8,106,105,76,72%,9%,106,106
1,22278,919,3389,117470,St Adrian Roman Catholic Primary School,Watling View,,,St Albans,AL1 2PB,01727852687,E14001507,St Albans,0,,,VA,0,Roman Catholic,3-11,0,0,204,29,30,22,8,73%,27%,,,,,,,,,,3,10%,27,90%,9,30%,30,100%,80%,0%,,,,,,,,,,,,,87%,53%,3%,109,90%,43%,3%,109,87%,43%,3%,109,83%,0%,17%,0%,97%,0%,77%,88%,,,,SUPP,SUPP,SUPP,78%,80%,0%,0%,,,,SUPP,SUPP,SUPP,0%,0%,,,,,,,,,,,,,,,,,,,,,,,,,,,,,,,,,,,,,,,,,,,,,,,,,,,,,,,,,,,,,,,,,,,,,,,,,,,,,,,,,,,,,109,108,,,,SUPP,SUPP,108,109,110,106,,,,SUPP,SUPP,109,109,109,108,,,,SUPP,SUPP,110,109,,,,SUPP,SUPP,,,,SUPP,SUPP,,,,SUPP,SUPP,,,,SUPP,SUPP,,,,SUPP,SUPP,,,,SUPP,SUPP,,,,SUPP,SUPP,,,,SUPP,SUPP,21,70%,0,0%,1,3%,4,13%,5,17%,29,7%,93%,86%,17%,SUPP,SUPP,SUPP,SUPP,,,,,,,,,,112,109,32,28%,72%,69%,3%,78%,0%,65%,4%,1.1,-1.2,3.4,-1.3,-3.5,0.9,1.2,-1.0,3.3,108,107,91,78%,7%,109,108
1,24022,919,3403,148990,"St John Fisher Catholic Primary School, a Voluntary Academy",Hazelmere Road,,,St Albans,AL4 9RW,01727861077,E14001507,St Albans,0,,,ACC,0,Roman Catholic,4-11,0,0,148,29,31,16,15,52%,48%,,,,,,,,,,3,10%,28,90%,13,42%,29,94%,68%,13%,,,,,,,,,,,,,87%,42%,0%,107,74%,23%,0%,105,87%,32%,0%,107,74%,16%,16%,0%,74%,0%,63%,73%,,,,SUPP,SUPP,SUPP,69%,69%,13%,13%,,,,SUPP,SUPP,SUPP,23%,14%,,,,,,,,,,,,,,,,,,,,,,,,,,,,,,,,,,,,,,,,,,,,,,,,,,,,,,,,,,,,,,,,,,,,,,,,,,,,,,,,,,,,,106,108,,,,SUPP,SUPP,109,107,106,107,,,,SUPP,SUPP,111,107,104,107,,,,SUPP,SUPP,110,106,,,,SUPP,SUPP,,,,SUPP,SUPP,,,,SUPP,SUPP,,,,SUPP,SUPP,,,,SUPP,SUPP,,,,SUPP,SUPP,,,,SUPP,SUPP,,,,SUPP,SUPP,18,58%,0,0%,3,10%,2,6%,5,16%,32,13%,88%,81%,13%,SUPP,SUPP,SUPP,SUPP,,,,,,,,,,107,107,32,3%,97%,81%,19%,SUPP,SUPP,SUPP,SUPP,1.5,-0.9,4.0,2.8,0.4,5.1,0.5,-1.9,2.8,108,108,95,77%,15%,107,107
1,22320,919,3421,117491,St Alban & St Stephen Catholic Primary School & Nursery,"St Alban & St Stephen Catholic Primary School, Cecil Road",,,St Albans,AL1 5EG,01727866668,E14001507,St Albans,0,,,VA,0,Roman Catholic,3-11,0,0,432,61,60,27,33,45%,55%,,,,,,,,,,3,5%,57,95%,15,25%,60,100%,78%,17%,,,,,,,,,,,,,92%,55%,2%,110,85%,47%,0%,109,85%,38%,2%,107,82%,23%,13%,0%,87%,0%,78%,79%,,,,SUPP,SUPP,SUPP,87%,78%,22%,12%,,,,SUPP,SUPP,SUPP,13%,17%,,,,,,,,,,,,,,,,,,,,,,,,,,,,,,,,,,,,,,,,,,,,,,,,,,,,,,,,,,,,,,,,,,,,,,,,,,,,,,,,,,,,,110,110,,,,SUPP,SUPP,111,110,108,107,,,,SUPP,SUPP,110,107,109,109,,,,SUPP,SUPP,112,109,,,,SUPP,SUPP,,,,SUPP,SUPP,,,,SUPP,SUPP,,,,SUPP,SUPP,,,,SUPP,SUPP,,,,SUPP,SUPP,,,,SUPP,SUPP,,,,SUPP,SUPP,45,75%,0,0%,1,2%,10,17%,11,18%,60,12%,88%,70%,13%,29%,0%,75%,15%,,,,,,,,,,110,108,59,15%,85%,75%,14%,56%,0%,78%,16%,3.4,1.8,5.1,0.7,-0.9,2.3,0.6,-1.0,2.2,110,106,179,74%,15%,110,107
1,22670,919,3428,117495,St Anthony's Catholic Primary School,Croxley View,,,Watford,WD18 6BW,01923226987,E14001568,Watford,0,,,VA,0,Roman Catholic,3-11,0,0,455,64,64,31,33,48%,52%,,,,,,,,,,9,14%,55,86%,40,63%,61,95%,61%,13%,,,,,,,,,,,,,83%,31%,0%,106,86%,33%,0%,107,72%,30%,0%,105,80%,14%,20%,0%,86%,0%,71%,52%,,,,33%,65%,-36,60%,62%,10%,15%,,,,0%,15%,-11,15%,11%,,,,,,,,,,,,,,,,,,,,,,,,,,,,,,,,,,,,,,,,,,,,,,,,,,,,,,,,,,,,,,,,,,,,,,,,,,,,,,,,,,,,,107,105,,,,105,107,105,106,106,104,,,,100,106,105,105,107,107,,,,104,107,107,107,,,,78%,84%,,,,78%,87%,,,,44%,76%,,,,78%,80%,,,,22%,33%,,,,11%,36%,,,,11%,33%,,,,0%,16%,24,38%,0,0%,0,0%,9,14%,9,14%,62,8%,92%,58%,10%,SUPP,SUPP,SUPP,SUPP,,,,,,,,,,106,106,62,5%,95%,73%,11%,SUPP,SUPP,SUPP,SUPP,1.3,-0.4,2.9,3.4,1.8,5.0,1.7,0.1,3.2,106,106,188,64%,11%,106,106
1,20510,919,3975,117496,Pope Paul Catholic Primary School,Baker Street,,,Potters Bar,EN6 2ES,01707659755,E14001284,Hertsmere,151984,Pope Paul Catholic Primary School,20251001,VA,0,Roman Catholic,4-11,0,0,211,30,30,18,12,60%,40%,,,,,,,,,,1,3%,29,97%,4,13%,28,93%,80%,30%,,,,,,,,,,,,,90%,43%,0%,109,87%,57%,0%,110,93%,53%,0%,110,83%,33%,7%,0%,90%,0%,72%,92%,,,,SUPP,SUPP,SUPP,SUPP,79%,28%,33%,,,,SUPP,SUPP,SUPP,SUPP,32%,,,,,,,,,,,,,,,,,,,,,,,,,,,,,,,,,,,,,,,,,,,,,,,,,,,,,,,,,,,,,,,,,,,,,,,,,,,,,,,,,,,,,109,110,,,,SUPP,SUPP,SUPP,109,111,109,,,,SUPP,SUPP,SUPP,110,109,111,,,,SUPP,SUPP,SUPP,110,,,,SUPP,SUPP,,,,SUPP,SUPP,,,,SUPP,SUPP,,,,SUPP,SUPP,,,,SUPP,SUPP,,,,SUPP,SUPP,,,,SUPP,SUPP,,,,SUPP,SUPP,26,87%,0,0%,1,3%,4,13%,5,17%,30,13%,87%,77%,7%,SUPP,SUPP,SUPP,SUPP,,,,,,,,,,108,105,30,13%,87%,87%,13%,SUPP,SUPP,SUPP,SUPP,1.8,-0.5,4.1,0.0,-2.2,2.2,1.9,-0.3,4.0,109,108,90,81%,17%,109,108
1,18678,919,3989,135223,Oak View Primary and Nursery School,Woods Avenue,,,Hatfield,AL10 8NW,01707280590,E14001573,Welwyn Hatfield,0,,,CY,0,Does not apply,3-11,0,0,430,58,54,21,33,39%,61%,,,,,,,,,,24,44%,30,56%,22,41%,46,85%,70%,4%,,,,,,,,,,,,,78%,28%,2%,105,83%,50%,2%,108,72%,33%,2%,106,74%,4%,24%,0%,78%,0%,71%,70%,,,,58%,80%,-11,77%,72%,0%,6%,,,,4%,3%,-7,9%,4%,,,,,,,,,,,,,,,,,,,,,,,,,,,,,,,,,,,,,,,,,,,,,,,,,,,,,,,,,,,,,,,,,,,,,,,,,,,,,,,,,,,,,103,106,,,,104,105,107,105,107,105,,,,103,107,109,106,107,109,,,,105,111,112,108,,,,71%,83%,,,,71%,93%,,,,58%,83%,,,,67%,80%,,,,29%,27%,,,,38%,60%,,,,29%,37%,,,,4%,3%,32,59%,0,0%,1,2%,7,13%,8,15%,57,49%,51%,57%,0%,54%,0%,61%,0%,,,,,,,,,,104,105,59,32%,68%,63%,5%,47%,0%,70%,8%,-1.2,-2.9,0.5,-1.3,-2.9,0.3,0.2,-1.4,1.8,104,105,170,63%,3%,104,105
1,15776,919,2416,117330,Lordship Farm Primary School,Fouracres,,,Letchworth Garden City,SG6 3UF,01462620550,E14001393,North East Hertfordshire,0,,,CY,0,Does not apply,3-11,0,0,446,58,58,27,31,47%,53%,,,,,,,,,,3,5%,55,95%,9,16%,56,97%,64%,2%,,,,,,,,,,,,,84%,47%,0%,108,81%,36%,0%,107,78%,21%,0%,106,74%,3%,22%,0%,86%,0%,59%,68%,,,,SUPP,SUPP,SUPP,56%,64%,4%,0%,,,,SUPP,SUPP,SUPP,0%,2%,,,,,,,,,,,,,,,,,,,,,,,,,,,,,,,,,,,,,,,,,,,,,,,,,,,,,,,,,,,,,,,,,,,,,,,,,,,,,,,,,,,,,107,109,,,,SUPP,SUPP,105,108,106,105,,,,SUPP,SUPP,105,106,106,108,,,,SUPP,SUPP,109,107,,,,SUPP,SUPP,,,,SUPP,SUPP,,,,SUPP,SUPP,,,,SUPP,SUPP,,,,SUPP,SUPP,,,,SUPP,SUPP,,,,SUPP,SUPP,,,,SUPP,SUPP,49,84%,0,0%,2,3%,7,12%,9,16%,56,13%,88%,70%,0%,43%,0%,73%,0%,,,,,,,,,,107,105,57,14%,86%,58%,4%,0%,0%,67%,4%,0.9,-0.7,2.6,-2.7,-4.3,-1.1,-2.1,-3.6,-0.5,107,103,171,64%,2%,107,105
1,5986,919,2433,117340,Coates Way JMI and Nursery School,Coates Way,Garston,,Watford,WD25 9NW,01923670341,E14001568,Watford,0,,,CY,0,Does not apply,3-11,0,0,226,31,30,15,15,50%,50%,,,,,,,,,,9,30%,21,70%,8,27%,29,97%,47%,3%,,,,,,,,,,,,,73%,30%,0%,105,63%,10%,0%,103,70%,17%,0%,104,63%,7%,27%,0%,83%,0%,20%,73%,,,,44%,48%,-25,38%,45%,0%,7%,,,,11%,0%,0,0%,3%,,,,,,,,,,,,,,,,,,,,,,,,,,,,,,,,,,,,,,,,,,,,,,,,,,,,,,,,,,,,,,,,,,,,,,,,,,,,,,,,,,,,,100,110,,,,103,106,100,104,103,104,,,,104,103,101,103,101,105,,,,102,103,101,103,,,,67%,76%,,,,56%,67%,,,,67%,71%,,,,67%,62%,,,,11%,38%,,,,0%,14%,,,,11%,19%,,,,11%,5%,22,73%,0,0%,3,10%,2,7%,5,17%,30,23%,77%,70%,10%,14%,0%,87%,13%,,,,,,,,,,106,106,29,17%,83%,55%,17%,SUPP,SUPP,SUPP,SUPP,0.0,-2.3,2.3,-1.2,-3.4,1.0,0.3,-1.8,2.5,107,106,89,57%,10%,106,105
1,3722,919,2448,117349,Brockswood Primary School,Shenley Road,Woodhall Farm,,Hemel Hempstead,HP2 7QH,01442404000,E14001278,Hemel Hempstead,0,,,CY,0,Does not apply,3-11,0,0,228,28,30,15,15,50%,50%,,,,,,,,,,14,47%,16,53%,13,43%,28,93%,87%,20%,,,,,,,,,,,,,100%,50%,0%,110,100%,63%,0%,113,93%,37%,0%,108,90%,27%,10%,0%,100%,0%,80%,93%,,,,86%,88%,17,92%,89%,13%,27%,,,,0%,38%,-11,31%,21%,,,,,,,,,,,,,,,,,,,,,,,,,,,,,,,,,,,,,,,,,,,,,,,,,,,,,,,,,,,,,,,,,,,,,,,,,,,,,,,,,,,,,109,111,,,,108,112,112,111,108,108,,,,106,110,111,109,112,114,,,,111,115,115,114,,,,100%,100%,,,,100%,100%,,,,93%,94%,,,,93%,88%,,,,36%,63%,,,,50%,75%,,,,21%,50%,,,,0%,50%,17,57%,0,0%,3,10%,7,23%,10,33%,29,45%,55%,83%,17%,62%,8%,100%,25%,,,,,,,,,,107,108,28,32%,68%,86%,21%,78%,0%,89%,32%,1.5,-0.8,3.9,4.1,1.8,6.3,5.4,3.2,7.6,107,110,87,85%,20%,108,109
1,15140,919,2465,117364,The Leys Primary and Nursery School,Ripon Road,,,Stevenage,SG1 4QZ,01438314148,E14001516,Stevenage,0,,,CY,0,Does not apply,3-11,0,0,407,56,53,25,28,47%,53%,,,,,,,,,,15,28%,38,72%,13,25%,45,85%,58%,13%,,,,,,,,,,,,,68%,40%,0%,105,70%,34%,0%,104,72%,19%,0%,103,75%,32%,25%,0%,83%,0%,56%,61%,,,,53%,61%,-16,62%,62%,12%,14%,,,,7%,16%,-4,8%,16%,,,,,,,,,,,,,,,,,,,,,,,,,,,,,,,,,,,,,,,,,,,,,,,,,,,,,,,,,,,,,,,,,,,,,,,,,,,,,,,,,,,,,104,105,,,,101,106,105,106,104,102,,,,98,105,106,103,103,105,,,,102,105,105,105,,,,67%,68%,,,,60%,74%,,,,53%,79%,,,,67%,79%,,,,27%,45%,,,,27%,37%,,,,13%,21%,,,,27%,34%,40,75%,0,0%,2,4%,14,26%,16,30%,57,21%,79%,67%,9%,42%,17%,73%,7%,,,,,,,,,,106,105,70,29%,71%,51%,3%,20%,0%,64%,4%,-0.6,-2.1,1.0,-3.6,-5.1,-2.1,-0.7,-2.2,0.7,105,103,180,58%,8%,105,103
1,2186,919,2466,117365,Belswains Primary School,Barnfield,,,Hemel Hempstead,HP3 9QJ,01442264324,E14001278,Hemel Hempstead,0,,,CY,0,Does not apply,3-11,0,0,399,31,29,14,15,48%,52%,,,,,,,,,,10,34%,19,66%,6,21%,28,97%,62%,10%,,,,,,,,,,,,,72%,34%,0%,105,66%,21%,0%,104,72%,28%,0%,105,72%,14%,17%,0%,86%,0%,50%,73%,,,,40%,74%,-29,50%,61%,14%,7%,,,,10%,11%,-1,0%,11%,,,,,,,,,,,,,,,,,,,,,,,,,,,,,,,,,,,,,,,,,,,,,,,,,,,,,,,,,,,,,,,,,,,,,,,,,,,,,,,,,,,,,105,104,,,,101,107,102,105,107,103,,,,100,108,102,105,103,105,,,,99,107,105,104,,,,60%,79%,,,,40%,79%,,,,50%,84%,,,,50%,84%,,,,10%,47%,,,,0%,32%,,,,10%,37%,,,,10%,16%,23,79%,0,0%,0,0%,4,14%,4,14%,30,37%,63%,73%,0%,36%,0%,95%,0%,,,,,,,,,,106,105,60,30%,70%,63%,13%,44%,0%,71%,19%,0.3,-1.4,1.9,-0.1,-1.7,1.5,0.3,-1.3,1.8,106,105,119,66%,9%,105,105
1,8482,919,3015,117393,Essendon CofE (VC) Primary School,School Lane,,,Essendon,AL9 6HD,01707261209,E14001573,Welwyn Hatfield,0,,,VC,0,Church of England,3-11,0,0,80,11,12,3,9,25%,75%,,,,,,,,,,2,17%,10,83%,2,17%,12,100%,17%,8%,,,,,,,,,,,,,83%,33%,0%,107,58%,8%,0%,102,33%,8%,0%,98,50%,8%,42%,0%,67%,0%,SUPP,22%,,,,SUPP,SUPP,SUPP,SUPP,17%,SUPP,11%,,,,SUPP,SUPP,SUPP,SUPP,8%,,,,,,,,,,,,,,,,,,,,,,,,,,,,,,,,,,,,,,,,,,,,,,,,,,,,,,,,,,,,,,,,,,,,,,,,,,,,,,,,,,,,,SUPP,107,,,,SUPP,SUPP,SUPP,107,SUPP,97,,,,SUPP,SUPP,SUPP,98,SUPP,102,,,,SUPP,SUPP,SUPP,102,,,,SUPP,SUPP,,,,SUPP,SUPP,,,,SUPP,SUPP,,,,SUPP,SUPP,,,,SUPP,SUPP,,,,SUPP,SUPP,,,,SUPP,SUPP,,,,SUPP,SUPP,10,83%,0,0%,1,8%,3,25%,4,33%,13,15%,85%,38%,0%,SUPP,SUPP,SUPP,SUPP,,,,,,,,,,101,102,13,23%,77%,38%,0%,SUPP,SUPP,SUPP,SUPP,-1.5,-5.0,1.9,-3.7,-7.0,-0.4,-5.1,-8.4,-1.9,104,99,38,32%,3%,104,100
1,9472,919,3016,117394,Furneux Pelham Church of England School,,,Furneux Pelham School,Furneux Pelham,SG9 0LH,01279777344,E14001393,North East Hertfordshire,0,,,VC,0,Church of England,3-11,0,0,83,11,12,7,5,58%,42%,,,,,,,,,,1,8%,11,92%,1,8%,11,92%,42%,0%,,,,,,,,,,,,,83%,67%,8%,111,83%,25%,8%,107,83%,33%,8%,107,42%,0%,50%,0%,83%,0%,43%,SUPP,,,,SUPP,SUPP,SUPP,SUPP,45%,0%,SUPP,,,,SUPP,SUPP,SUPP,SUPP,0%,,,,,,,,,,,,,,,,,,,,,,,,,,,,,,,,,,,,,,,,,,,,,,,,,,,,,,,,,,,,,,,,,,,,,,,,,,,,,,,,,,,,,111,SUPP,,,,SUPP,SUPP,SUPP,111,109,SUPP,,,,SUPP,SUPP,SUPP,108,108,SUPP,,,,SUPP,SUPP,SUPP,108,,,,SUPP,SUPP,,,,SUPP,SUPP,,,,SUPP,SUPP,,,,SUPP,SUPP,,,,SUPP,SUPP,,,,SUPP,SUPP,,,,SUPP,SUPP,,,,SUPP,SUPP,11,92%,0,0%,0,0%,2,17%,2,17%,14,36%,64%,64%,7%,SUPP,SUPP,SUPP,SUPP,,,,,,,,,,104,102,19,16%,84%,68%,5%,SUPP,SUPP,SUPP,SUPP,1.5,-1.4,4.3,2.0,-0.7,4.7,-0.4,-3.1,2.2,108,105,45,60%,4%,107,105
1,20672,919,3034,117403,Preston Primary School,Back Lane,Preston,,Hitchin,SG4 7UJ,01462451734,E14001289,Hitchin,0,,,VC,0,Church of England,4-11,0,0,68,12,11,4,7,36%,64%,,,,,,,,,,1,9%,10,91%,0,0%,10,91%,27%,0%,,,,,,,,,,,,,64%,18%,0%,103,55%,18%,0%,102,55%,27%,0%,103,27%,0%,55%,0%,55%,0%,SUPP,29%,,,,SUPP,SUPP,SUPP,,30%,SUPP,0%,,,,SUPP,SUPP,SUPP,,0%,,,,,,,,,,,,,,,,,,,,,,,,,,,,,,,,,,,,,,,,,,,,,,,,,,,,,,,,,,,,,,,,,,,,,,,,,,,,,,,,,,,,,SUPP,102,,,,SUPP,SUPP,,103,SUPP,100,,,,SUPP,SUPP,,102,SUPP,100,,,,SUPP,SUPP,,102,,,,SUPP,SUPP,,,,SUPP,SUPP,,,,SUPP,SUPP,,,,SUPP,SUPP,,,,SUPP,SUPP,,,,SUPP,SUPP,,,,SUPP,SUPP,,,,SUPP,SUPP,11,100%,0,0%,0,0%,4,36%,4,36%,11,9%,91%,55%,18%,SUPP,SUPP,SUPP,SUPP,,,,,,,,,,107,106,7,0%,100%,71%,0%,,,SUPP,SUPP,-0.8,-5.8,4.2,-2.1,-7.0,2.7,-1.5,-6.3,3.2,107,103,29,48%,7%,106,104
1,26258,919,3301,117417,"St Paul's Church of England Primary School, Langleybury",Langleybury Lane,Hunton Bridge,,Kings Langley,WD4 8RJ,01923263641,E14001496,South West Hertfordshire,0,,,VA,0,Church of England,3-11,0,0,211,29,28,19,9,68%,32%,,,,,,,,,,3,11%,25,89%,2,7%,28,100%,86%,21%,,,,,,,,,,,,,89%,57%,0%,108,86%,50%,0%,108,89%,39%,0%,107,86%,32%,11%,0%,89%,0%,84%,89%,,,,SUPP,SUPP,SUPP,SUPP,86%,21%,22%,,,,SUPP,SUPP,SUPP,SUPP,21%,,,,,,,,,,,,,,,,,,,,,,,,,,,,,,,,,,,,,,,,,,,,,,,,,,,,,,,,,,,,,,,,,,,,,,,,,,,,,,,,,,,,,109,107,,,,SUPP,SUPP,SUPP,108,109,104,,,,SUPP,SUPP,SUPP,107,107,109,,,,SUPP,SUPP,SUPP,108,,,,SUPP,SUPP,,,,SUPP,SUPP,,,,SUPP,SUPP,,,,SUPP,SUPP,,,,SUPP,SUPP,,,,SUPP,SUPP,,,,SUPP,SUPP,,,,SUPP,SUPP,26,93%,0,0%,0,0%,3,11%,3,11%,27,7%,93%,74%,4%,SUPP,SUPP,SUPP,SUPP,,,,,,,,,,108,108,28,4%,96%,71%,18%,SUPP,SUPP,SUPP,SUPP,-0.6,-3.0,1.7,0.7,-1.5,3.0,-1.5,-3.6,0.7,107,106,83,77%,14%,108,107
1,17730,919,3302,117418,Nash Mills Church of England Primary School,Belswains Lane,Nash Mills,,Hemel Hempstead,HP3 9XB,01442252972,E14001278,Hemel Hempstead,0,,,VA,0,Church of England,3-11,0,0,225,30,30,19,11,63%,37%,,,,,,,,,,4,13%,26,87%,5,17%,29,97%,67%,0%,,,,,,,,,,,,,80%,40%,0%,107,77%,23%,0%,104,77%,27%,0%,105,87%,0%,13%,0%,93%,0%,68%,64%,,,,SUPP,SUPP,SUPP,SUPP,69%,0%,0%,,,,SUPP,SUPP,SUPP,SUPP,0%,,,,,,,,,,,,,,,,,,,,,,,,,,,,,,,,,,,,,,,,,,,,,,,,,,,,,,,,,,,,,,,,,,,,,,,,,,,,,,,,,,,,,106,108,,,,SUPP,SUPP,SUPP,107,106,104,,,,SUPP,SUPP,SUPP,106,103,106,,,,SUPP,SUPP,SUPP,105,,,,SUPP,SUPP,,,,SUPP,SUPP,,,,SUPP,SUPP,,,,SUPP,SUPP,,,,SUPP,SUPP,,,,SUPP,SUPP,,,,SUPP,SUPP,,,,SUPP,SUPP,25,83%,0,0%,2,7%,4,13%,6,20%,30,23%,77%,63%,10%,29%,14%,74%,9%,,,,,,,,,,105,103,29,17%,83%,76%,10%,SUPP,SUPP,SUPP,SUPP,1.9,-0.4,4.3,2.6,0.3,4.8,3.4,1.2,5.6,106,107,89,69%,7%,106,105
1,25574,919,3315,117424,"St Mary's CofE Primary School, Northchurch",Northchurch,,,Berkhamsted,HP4 3QZ,01442389040,E14001268,Harpenden and Berkhamsted,0,,,VA,0,Church of England,3-11,0,0,225,29,30,14,16,47%,53%,,,,,,,,,,3,10%,27,90%,3,10%,29,97%,53%,10%,,,,,,,,,,,,,77%,30%,0%,106,53%,20%,0%,102,67%,13%,0%,103,73%,13%,23%,0%,93%,0%,57%,50%,,,,SUPP,SUPP,SUPP,SUPP,55%,7%,13%,,,,SUPP,SUPP,SUPP,SUPP,10%,,,,,,,,,,,,,,,,,,,,,,,,,,,,,,,,,,,,,,,,,,,,,,,,,,,,,,,,,,,,,,,,,,,,,,,,,,,,,,,,,,,,,104,107,,,,SUPP,SUPP,SUPP,106,104,102,,,,SUPP,SUPP,SUPP,103,99,104,,,,SUPP,SUPP,SUPP,102,,,,SUPP,SUPP,,,,SUPP,SUPP,,,,SUPP,SUPP,,,,SUPP,SUPP,,,,SUPP,SUPP,,,,SUPP,SUPP,,,,SUPP,SUPP,,,,SUPP,SUPP,27,90%,0,0%,0,0%,5,17%,5,17%,24,4%,96%,71%,8%,SUPP,SUPP,SUPP,SUPP,,,,,,,,,,107,105,27,4%,96%,70%,11%,SUPP,SUPP,SUPP,SUPP,1.9,-0.5,4.4,-0.1,-2.4,2.2,-2.8,-5.0,-0.5,109,104,81,64%,10%,107,104
1,25854,919,3319,117426,St Michael's Church of England Primary School,St Michael's CE Primary School,Apton Road,,Bishop's Stortford,CM23 3SN,01279652607,E14001283,Hertford and Stortford,0,,,VA,0,Church of England,3-11,0,0,220,32,31,14,17,45%,55%,,,,,,,,,,4,13%,27,87%,9,29%,30,97%,68%,6%,,,,,,,,,,,,,77%,35%,0%,105,71%,26%,0%,105,74%,16%,0%,104,74%,19%,26%,0%,87%,0%,64%,71%,,,,SUPP,SUPP,SUPP,44%,67%,7%,6%,,,,SUPP,SUPP,SUPP,0%,7%,,,,,,,,,,,,,,,,,,,,,,,,,,,,,,,,,,,,,,,,,,,,,,,,,,,,,,,,,,,,,,,,,,,,,,,,,,,,,,,,,,,,,106,105,,,,SUPP,SUPP,101,105,104,103,,,,SUPP,SUPP,100,104,105,105,,,,SUPP,SUPP,103,105,,,,SUPP,SUPP,,,,SUPP,SUPP,,,,SUPP,SUPP,,,,SUPP,SUPP,,,,SUPP,SUPP,,,,SUPP,SUPP,,,,SUPP,SUPP,,,,SUPP,SUPP,22,71%,0,0%,0,0%,10,32%,10,32%,31,13%,87%,65%,13%,SUPP,SUPP,SUPP,SUPP,,,,,,,,,,107,107,29,3%,97%,55%,0%,SUPP,SUPP,SUPP,SUPP,1.4,-1.0,3.8,-0.9,-3.2,1.5,-0.6,-2.9,1.7,106,104,91,63%,7%,106,105
1,26028,919,3333,117431,St Nicholas Elstree Church of England VA Primary School,St Nicholas Close,,,Elstree,WD6 3EW,02089533015,E14001284,Hertsmere,0,,,VA,0,Church of England,4-11,0,0,57,5,5,SUPP,SUPP,SUPP,SUPP,,,,,,,,,,SUPP,SUPP,SUPP,SUPP,SUPP,SUPP,SUPP,SUPP,SUPP,SUPP,,,,,,,,,,,,,SUPP,SUPP,SUPP,SUPP,SUPP,SUPP,SUPP,SUPP,SUPP,SUPP,SUPP,SUPP,SUPP,SUPP,SUPP,SUPP,SUPP,SUPP,SUPP,SUPP,,,,,SUPP,,SUPP,SUPP,SUPP,SUPP,,,,,SUPP,,SUPP,SUPP,,,,,,,,,,,,,,,,,,,,,,,,,,,,,,,,,,,,,,,,,,,,,,,,,,,,,,,,,,,,,,,,,,,,,,,,,,,,,,,,,,,,,SUPP,SUPP,,,,,SUPP,SUPP,SUPP,SUPP,SUPP,,,,,SUPP,SUPP,SUPP,SUPP,SUPP,,,,,SUPP,SUPP,SUPP,,,,,SUPP,,,,,SUPP,,,,,SUPP,,,,,SUPP,,,,,SUPP,,,,,SUPP,,,,,SUPP,,,,,SUPP,SUPP,SUPP,SUPP,SUPP,SUPP,SUPP,SUPP,SUPP,SUPP,SUPP,11,9%,91%,18%,0%,SUPP,SUPP,SUPP,SUPP,,,,,,,,,,99,98,12,17%,83%,25%,17%,SUPP,SUPP,SUPP,SUPP,3.1,-0.5,6.6,1.9,-1.6,5.3,-1.3,-4.6,2.1,104,97,28,25%,7%,102,98
1,23970,919,3334,117432,St John the Baptist Voluntary Aided Church of England Primary School,Hillside Lane,Great Amwell,,Ware,SG12 9SE,01920870135,E14001139,Broxbourne,0,,,VA,0,Church of England,4-11,0,0,170,29,28,14,14,50%,50%,,,,,,,,,,3,11%,25,89%,1,4%,27,96%,61%,4%,,,,,,,,,,,,,89%,43%,0%,107,82%,7%,0%,103,79%,7%,0%,103,86%,14%,14%,0%,82%,0%,79%,43%,,,,SUPP,SUPP,SUPP,SUPP,59%,0%,7%,,,,SUPP,SUPP,SUPP,SUPP,4%,,,,,,,,,,,,,,,,,,,,,,,,,,,,,,,,,,,,,,,,,,,,,,,,,,,,,,,,,,,,,,,,,,,,,,,,,,,,,,,,,,,,,108,106,,,,SUPP,SUPP,SUPP,107,106,100,,,,SUPP,SUPP,SUPP,103,104,102,,,,SUPP,SUPP,SUPP,103,,,,SUPP,SUPP,,,,SUPP,SUPP,,,,SUPP,SUPP,,,,SUPP,SUPP,,,,SUPP,SUPP,,,,SUPP,SUPP,,,,SUPP,SUPP,,,,SUPP,SUPP,27,96%,0,0%,0,0%,3,11%,3,11%,21,24%,76%,52%,5%,SUPP,SUPP,SUPP,SUPP,,,,,,,,,,104,104,29,28%,72%,41%,0%,13%,0%,52%,0%,-3.9,-6.3,-1.5,-4.1,-6.3,-1.8,-5.5,-7.7,-3.2,102,100,78,51%,3%,105,102
1,6008,919,3358,117446,Cockernhoe Endowed CofE Primary School,Cockernhoe Green,,,Luton,LU2 8PY,01582732509,E14001289,Hitchin,0,,,VA,0,Church of England,3-11,0,0,79,9,9,7,2,78%,22%,,,,,,,,,,2,22%,7,78%,4,44%,9,100%,67%,33%,,,,,,,,,,,,,78%,33%,0%,105,67%,33%,0%,104,67%,44%,0%,105,78%,33%,22%,0%,78%,0%,71%,SUPP,,,,SUPP,SUPP,SUPP,SUPP,67%,43%,SUPP,,,,SUPP,SUPP,SUPP,SUPP,33%,,,,,,,,,,,,,,,,,,,,,,,,,,,,,,,,,,,,,,,,,,,,,,,,,,,,,,,,,,,,,,,,,,,,,,,,,,,,,,,,,,,,,107,SUPP,,,,SUPP,SUPP,SUPP,105,107,SUPP,,,,SUPP,SUPP,SUPP,105,106,SUPP,,,,SUPP,SUPP,SUPP,104,,,,SUPP,SUPP,,,,SUPP,SUPP,,,,SUPP,SUPP,,,,SUPP,SUPP,,,,SUPP,SUPP,,,,SUPP,SUPP,,,,SUPP,SUPP,,,,SUPP,SUPP,5,56%,0,0%,0,0%,6,67%,6,67%,5,SUPP,SUPP,SUPP,SUPP,,,SUPP,SUPP,,,,,,,,,,SUPP,SUPP,15,27%,73%,60%,20%,SUPP,SUPP,SUPP,SUPP,0.5,-2.7,3.7,0.5,-2.6,3.5,-1.4,-4.4,1.5,106,103,29,62%,21%,106,104
1,26506,919,3360,117448,St Peter's Church of England Voluntary Aided Primary School,Church Lane,Mill End,,Rickmansworth,WD3 8HD,01923773240,E14001496,South West Hertfordshire,0,,,VA,0,Church of England,2-11,0,0,247,30,29,12,17,41%,59%,,,,,,,,,,4,14%,25,86%,5,17%,25,86%,79%,28%,,,,,,,,,,,,,79%,52%,0%,108,90%,66%,0%,111,90%,45%,0%,110,86%,28%,10%,0%,90%,0%,75%,82%,,,,SUPP,SUPP,SUPP,SUPP,76%,33%,24%,,,,SUPP,SUPP,SUPP,SUPP,28%,,,,,,,,,,,,,,,,,,,,,,,,,,,,,,,,,,,,,,,,,,,,,,,,,,,,,,,,,,,,,,,,,,,,,,,,,,,,,,,,,,,,,106,110,,,,SUPP,SUPP,SUPP,109,109,110,,,,SUPP,SUPP,SUPP,109,109,113,,,,SUPP,SUPP,SUPP,111,,,,SUPP,SUPP,,,,SUPP,SUPP,,,,SUPP,SUPP,,,,SUPP,SUPP,,,,SUPP,SUPP,,,,SUPP,SUPP,,,,SUPP,SUPP,,,,SUPP,SUPP,24,83%,0,0%,5,17%,4,14%,9,31%,29,14%,86%,83%,10%,SUPP,SUPP,SUPP,SUPP,,,,,,,,,,107,105,31,13%,87%,74%,23%,SUPP,SUPP,SUPP,SUPP,1.9,-0.3,4.2,3.3,1.1,5.4,2.5,0.4,4.6,108,107,89,79%,20%,108,107
1,5466,919,3394,117473,Christ Church CofE (VA) Primary School and Nursery,New Road,,,Ware,SG12 7BT,01920462158,E14001283,Hertford and Stortford,0,,,VA,0,Church of England,3-11,0,0,323,41,39,16,23,41%,59%,,,,,,,,,,6,15%,33,85%,7,18%,37,95%,54%,5%,,,,,,,,,,,,,87%,38%,0%,107,82%,31%,0%,106,69%,23%,5%,103,64%,5%,28%,0%,90%,0%,50%,57%,,,,17%,61%,-52,57%,54%,6%,4%,,,,0%,6%,-11,0%,5%,,,,,,,,,,,,,,,,,,,,,,,,,,,,,,,,,,,,,,,,,,,,,,,,,,,,,,,,,,,,,,,,,,,,,,,,,,,,,,,,,,,,,108,106,,,,103,108,107,107,108,100,,,,101,104,101,103,107,106,,,,104,107,104,106,,,,100%,85%,,,,83%,82%,,,,50%,73%,,,,33%,70%,,,,0%,45%,,,,0%,36%,,,,17%,24%,,,,0%,6%,31,79%,1,3%,2,5%,4,10%,6,15%,45,18%,82%,53%,11%,25%,0%,59%,14%,,,,,,,,,,106,103,40,20%,80%,45%,5%,13%,0%,53%,6%,-1.8,-3.8,0.2,-0.3,-2.2,1.6,-2.5,-4.3,-0.6,104,102,124,51%,7%,106,103
1,22196,919,3424,148498,Sacred Heart Catholic Primary School,Broadmeads,,,Ware,SG12 9HY,01920461678,E14001283,Hertford and Stortford,0,,,ACC,0,Roman Catholic,4-11,0,0,193,23,22,10,12,45%,55%,,,,,,,,,,6,27%,16,73%,3,14%,22,100%,68%,9%,,,,,,,,,,,,,77%,27%,0%,105,77%,23%,0%,104,86%,36%,0%,106,68%,14%,27%,0%,73%,0%,40%,92%,,,,83%,63%,14,SUPP,68%,10%,8%,,,,0%,13%,-11,SUPP,9%,,,,,,,,,,,,,,,,,,,,,,,,,,,,,,,,,,,,,,,,,,,,,,,,,,,,,,,,,,,,,,,,,,,,,,,,,,,,,,,,,,,,,100,108,,,,104,105,SUPP,105,105,107,,,,108,105,SUPP,106,100,107,,,,104,104,SUPP,104,,,,100%,69%,,,,83%,75%,,,,100%,81%,,,,83%,63%,,,,0%,38%,,,,33%,19%,,,,50%,31%,,,,17%,13%,19,86%,0,0%,1,5%,6,27%,7,32%,30,10%,90%,73%,13%,SUPP,SUPP,SUPP,SUPP,,,,,,,,,,108,106,29,10%,90%,41%,7%,SUPP,SUPP,SUPP,SUPP,0.4,-2.0,2.8,0.5,-1.8,2.7,-0.3,-2.5,2.0,105,103,81,60%,10%,106,105
1,27028,919,3977,117498,Saint Vincent de Paul Catholic Primary School,Bedwell Crescent,,,Stevenage,SG1 1NJ,01438729555,E14001516,Stevenage,151370,Saint Vincent de Paul Catholic Primary School,20250701,VA,0,Roman Catholic,3-11,0,0,428,60,60,37,23,62%,38%,,,,,,,,,,12,20%,48,80%,29,48%,59,98%,73%,13%,,,,,,,,,,,,,85%,38%,0%,106,87%,42%,0%,107,90%,38%,0%,107,77%,17%,17%,0%,93%,0%,70%,78%,,,,67%,75%,-2,76%,73%,14%,13%,,,,17%,13%,6,17%,14%,,,,,,,,,,,,,,,,,,,,,,,,,,,,,,,,,,,,,,,,,,,,,,,,,,,,,,,,,,,,,,,,,,,,,,,,,,,,,,,,,,,,,105,107,,,,105,106,105,106,108,105,,,,106,108,108,107,108,106,,,,105,108,107,107,,,,75%,88%,,,,75%,90%,,,,75%,94%,,,,67%,79%,,,,50%,35%,,,,33%,44%,,,,42%,38%,,,,17%,17%,31,52%,0,0%,1,2%,8,13%,9,15%,60,7%,93%,75%,5%,SUPP,SUPP,SUPP,SUPP,,,,,,,,,,107,107,58,12%,88%,52%,3%,0%,0%,59%,4%,-2.1,-3.7,-0.5,-3.2,-4.8,-1.7,-1.4,-2.9,0.2,104,104,178,67%,7%,106,106
1,32528,919,3979,141851,Windhill21,Windhill,,,Bishop's Stortford,CM23 2NE,01279696850,E14001283,Hertford and Stortford,0,,,ACC,0,Does not apply,3-11,0,0,456,59,60,29,31,48%,52%,,,,,,,,,,11,18%,49,82%,21,35%,57,95%,70%,22%,,,,,,,,,,,,,78%,45%,0%,107,82%,47%,2%,109,80%,33%,0%,105,80%,33%,17%,0%,87%,0%,62%,77%,,,,55%,73%,-14,71%,72%,14%,29%,,,,0%,27%,-11,19%,23%,,,,,,,,,,,,,,,,,,,,,,,,,,,,,,,,,,,,,,,,,,,,,,,,,,,,,,,,,,,,,,,,,,,,,,,,,,,,,,,,,,,,,106,109,,,,104,108,108,108,104,106,,,,100,106,107,105,106,112,,,,103,110,110,109,,,,73%,80%,,,,55%,88%,,,,64%,84%,,,,55%,86%,,,,9%,53%,,,,27%,51%,,,,27%,35%,,,,9%,39%,38,63%,1,2%,3,5%,10,17%,13,22%,60,18%,82%,70%,18%,45%,9%,76%,20%,,,,,,,,,,109,108,60,15%,85%,82%,20%,44%,0%,88%,24%,3.5,1.8,5.1,2.5,1.0,4.1,2.0,0.5,3.5,109,107,180,74%,20%,108,107
1,13942,919,3992,135528,Killigrew Primary and Nursery School,West Avenue,,,St Albans,AL2 3HD,01727774200,E14001507,St Albans,0,,,CY,0,Does not apply,3-11,0,0,409,62,60,34,26,57%,43%,,,,,,,,,,6,10%,54,90%,10,17%,59,98%,78%,20%,,,,,,,,,,,,,83%,45%,0%,108,83%,58%,0%,111,92%,42%,0%,108,85%,35%,10%,0%,88%,0%,79%,77%,,,,67%,80%,-2,80%,78%,24%,15%,,,,0%,22%,-11,20%,19%,,,,,,,,,,,,,,,,,,,,,,,,,,,,,,,,,,,,,,,,,,,,,,,,,,,,,,,,,,,,,,,,,,,,,,,,,,,,,,,,,,,,,108,107,,,,107,108,106,108,109,107,,,,106,108,108,108,110,111,,,,106,111,111,111,,,,67%,85%,,,,67%,85%,,,,83%,93%,,,,67%,87%,,,,33%,46%,,,,33%,61%,,,,17%,44%,,,,0%,39%,50,83%,0,0%,2,3%,16,27%,18,30%,56,13%,88%,84%,23%,29%,0%,92%,27%,,,,,,,,,,111,109,59,10%,90%,83%,34%,67%,0%,85%,38%,4.8,3.2,6.4,3.1,1.6,4.7,3.8,2.2,5.3,110,109,175,82%,26%,110,109
1,5898,919,5213,131456,Clore Shalom School,Hugo Gryn Way,,,Shenley,WD7 9BL,01923855631,E14001284,Hertsmere,0,,,VA,0,Jewish,4-11,0,0,187,26,25,16,9,64%,36%,,,,,,,,,,1,4%,24,96%,1,4%,23,92%,68%,8%,,,,,,,,,,,,,88%,52%,4%,108,80%,40%,0%,108,88%,24%,4%,107,72%,8%,24%,4%,92%,4%,63%,78%,,,,SUPP,SUPP,SUPP,SUPP,65%,13%,0%,,,,SUPP,SUPP,SUPP,SUPP,9%,,,,,,,,,,,,,,,,,,,,,,,,,,,,,,,,,,,,,,,,,,,,,,,,,,,,,,,,,,,,,,,,,,,,,,,,,,,,,,,,,,,,,108,108,,,,SUPP,SUPP,SUPP,108,107,105,,,,SUPP,SUPP,SUPP,107,107,110,,,,SUPP,SUPP,SUPP,109,,,,SUPP,SUPP,,,,SUPP,SUPP,,,,SUPP,SUPP,,,,SUPP,SUPP,,,,SUPP,SUPP,,,,SUPP,SUPP,,,,SUPP,SUPP,,,,SUPP,SUPP,24,96%,0,0%,1,4%,3,12%,4,16%,29,7%,93%,72%,0%,SUPP,SUPP,SUPP,SUPP,,,,,,,,,,107,105,29,14%,86%,52%,7%,SUPP,SUPP,SUPP,SUPP,0.0,-2.3,2.3,1.2,-1.0,3.4,-2.1,-4.2,0.1,107,104,83,64%,5%,107,105
2,16976,919,7019,117676,Middleton School,Walnut Tree Walk,,,Ware,SG12 9PD,01920485152,E14001283,Hertford and Stortford,0,,,CYS,0,Does not apply,4-11,0,0,112,20,20,16,4,80%,20%,,,,,,,,,,7,35%,13,65%,0,0%,19,95%,0%,0%,,,,,,,,,,,,,5%,0%,0%,93,5%,0%,0%,92,0%,0%,5%,87,0%,0%,5%,0%,0%,0%,0%,SUPP,,,,0%,0%,-69,,0%,0%,SUPP,,,,0%,0%,-11,,0%,,,,,,,,,,,,,,,,,,,,,,,,,,,,,,,,,,,,,,,,,,,,,,,,,,,,,,,,,,,,,,,,,,,,,,,,,,,,,,,,,,,,,94,SUPP,,,,91,94,,93,87,SUPP,,,,87,87,,87,92,SUPP,,,,90,93,,92,,,,0%,8%,,,,0%,8%,,,,0%,0%,,,,0%,0%,,,,0%,0%,,,,0%,0%,,,,0%,0%,,,,0%,0%,20,100%,0,0%,20,100%,0,0%,20,100%,25,32%,68%,0%,0%,0%,0%,0%,0%,,,,,,,,,,89,86,26,65%,35%,0%,0%,0%,0%,0%,0%,1.2,-1.4,3.8,-3.9,-6.4,-1.4,0.2,-2.2,2.6,92,88,71,0%,0%,LOWCOV,LOWCOV
2,14810,919,7034,143604,Larwood School,Larwood Drive,,,Stevenage,SG1 5BZ,01438236333,E14001516,Stevenage,0,,,ACCS,0,Does not apply,5-11,0,0,117,34,34,30,4,88%,12%,,,,,,,,,,21,62%,13,38%,1,3%,24,71%,0%,0%,,,,,,,,,,,,,0%,0%,0%,,0%,0%,0%,,0%,0%,0%,,0%,0%,56%,0%,0%,0%,0%,SUPP,,,,0%,0%,-69,SUPP,0%,0%,SUPP,,,,0%,0%,-11,SUPP,0%,,,,,,,,,,,,,,,,,,,,,,,,,,,,,,,,,,,,,,,,,,,,,,,,,,,,,,,,,,,,,,,,,,,,,,,,,,,,,,,,,,,,,,SUPP,,,,,,SUPP,,,SUPP,,,,,,SUPP,,,SUPP,,,,,,SUPP,,,,,0%,0%,,,,0%,0%,,,,0%,0%,,,,0%,0%,,,,0%,0%,,,,0%,0%,,,,0%,0%,,,,0%,0%,33,97%,0,0%,33,97%,1,3%,34,100%,31,68%,32%,0%,0%,0%,0%,0%,0%,,,,,,,,,,,,29,69%,31%,7%,0%,5%,0%,11%,0%,-13.1,-15.6,-10.5,-6.0,-8.5,-3.6,-13.7,-16.1,-11.4,115,103,94,2%,0%,SUPP,SUPP
1,15452,919,3352,117443,Little Gaddesden Church of England Voluntary Aided Primary School,Church Road,Little Gaddesden,,Berkhamsted,HP4 1NX,01442842464,E14001268,Harpenden and Berkhamsted,0,,,VA,0,Church of England,4-11,0,0,102,15,14,4,10,29%,71%,,,,,,,,,,2,14%,12,86%,1,7%,13,93%,79%,7%,,,,,,,,,,,,,100%,64%,0%,111,79%,50%,0%,108,86%,43%,0%,106,86%,21%,14%,0%,93%,0%,SUPP,90%,,,,SUPP,SUPP,SUPP,SUPP,77%,SUPP,10%,,,,SUPP,SUPP,SUPP,SUPP,8%,,,,,,,,,,,,,,,,,,,,,,,,,,,,,,,,,,,,,,,,,,,,,,,,,,,,,,,,,,,,,,,,,,,,,,,,,,,,,,,,,,,,,SUPP,112,,,,SUPP,SUPP,SUPP,111,SUPP,108,,,,SUPP,SUPP,SUPP,107,SUPP,110,,,,SUPP,SUPP,SUPP,107,,,,SUPP,SUPP,,,,SUPP,SUPP,,,,SUPP,SUPP,,,,SUPP,SUPP,,,,SUPP,SUPP,,,,SUPP,SUPP,,,,SUPP,SUPP,,,,SUPP,SUPP,13,93%,0,0%,0,0%,2,14%,2,14%,14,7%,93%,100%,7%,SUPP,SUPP,SUPP,SUPP,,,,,,,,,,109,110,8,0%,100%,88%,38%,,,SUPP,SUPP,4.4,0.1,8.8,1.2,-3.0,5.4,1.5,-2.6,5.6,112,109,36,89%,14%,111,108
1,20814,919,3366,117453,"Puller Memorial, Church of England, Voluntary Aided Primary School",High Cross,,,Ware,SG11 1AZ,01920463178,E14001393,North East Hertfordshire,0,,,VA,0,Church of England,3-11,0,0,55,10,9,4,5,44%,56%,,,,,,,,,,2,22%,7,78%,1,11%,9,100%,56%,0%,,,,,,,,,,,,,56%,44%,0%,103,89%,22%,0%,106,78%,11%,0%,104,67%,0%,11%,0%,89%,0%,SUPP,SUPP,,,,SUPP,SUPP,SUPP,SUPP,56%,SUPP,SUPP,,,,SUPP,SUPP,SUPP,SUPP,0%,,,,,,,,,,,,,,,,,,,,,,,,,,,,,,,,,,,,,,,,,,,,,,,,,,,,,,,,,,,,,,,,,,,,,,,,,,,,,,,,,,,,,SUPP,SUPP,,,,SUPP,SUPP,SUPP,103,SUPP,SUPP,,,,SUPP,SUPP,SUPP,104,SUPP,SUPP,,,,SUPP,SUPP,SUPP,106,,,,SUPP,SUPP,,,,SUPP,SUPP,,,,SUPP,SUPP,,,,SUPP,SUPP,,,,SUPP,SUPP,,,,SUPP,SUPP,,,,SUPP,SUPP,,,,SUPP,SUPP,8,89%,0,0%,1,11%,2,22%,3,33%,5,SUPP,SUPP,SUPP,SUPP,SUPP,SUPP,SUPP,SUPP,,,,,,,,,,SUPP,SUPP,7,29%,71%,43%,0%,SUPP,SUPP,SUPP,SUPP,-1.7,-6.8,3.3,0.2,-4.3,4.7,4.4,-0.4,9.1,103,104,21,43%,0%,102,102
1,26014,919,3369,117456,St Nicholas CofE (VA) Primary School and Nursery,Six Hills Way,,,Stevenage,SG2 0PZ,01438352706,E14001516,Stevenage,0,,,VA,0,Church of England,3-11,0,0,212,29,29,11,18,38%,62%,,,,,,,,,,7,24%,22,76%,4,14%,29,100%,31%,0%,,,,,,,,,,,,,66%,21%,0%,101,55%,17%,0%,102,34%,0%,0%,97,52%,7%,41%,0%,55%,0%,27%,33%,,,,14%,36%,-55,SUPP,31%,0%,0%,,,,0%,0%,-11,SUPP,0%,,,,,,,,,,,,,,,,,,,,,,,,,,,,,,,,,,,,,,,,,,,,,,,,,,,,,,,,,,,,,,,,,,,,,,,,,,,,,,,,,,,,,101,102,,,,95,104,SUPP,101,98,97,,,,90,99,SUPP,97,100,103,,,,94,104,SUPP,102,,,,43%,73%,,,,14%,68%,,,,14%,41%,,,,14%,64%,,,,14%,23%,,,,14%,18%,,,,0%,0%,,,,0%,9%,25,86%,0,0%,2,7%,7,24%,9,31%,27,41%,59%,33%,7%,18%,9%,44%,6%,,,,,,,,,,102,100,30,33%,67%,33%,3%,10%,0%,45%,5%,-3.2,-5.6,-0.8,-3.5,-5.8,-1.3,-3.6,-5.8,-1.5,102,101,86,33%,3%,102,99
1,24302,919,3383,117465,St Joseph Catholic Primary School,Ainsdale Road,South Oxhey,,Watford,WD19 7DW,02084285371,E14001496,South West Hertfordshire,0,,,VA,0,Roman Catholic,3-11,0,0,242,27,28,13,15,46%,54%,,,,,,,,,,7,25%,21,75%,10,36%,28,100%,68%,7%,,,,,,,,,,,,,82%,36%,0%,106,82%,32%,0%,106,82%,21%,0%,106,75%,11%,21%,0%,89%,0%,69%,67%,,,,43%,76%,-26,70%,68%,8%,7%,,,,0%,10%,-11,0%,7%,,,,,,,,,,,,,,,,,,,,,,,,,,,,,,,,,,,,,,,,,,,,,,,,,,,,,,,,,,,,,,,,,,,,,,,,,,,,,,,,,,,,,106,107,,,,104,107,107,106,108,104,,,,101,107,107,106,105,106,,,,103,106,107,106,,,,71%,86%,,,,71%,86%,,,,71%,86%,,,,43%,86%,,,,43%,33%,,,,14%,38%,,,,0%,29%,,,,14%,10%,18,64%,0,0%,0,0%,10,36%,10,36%,29,34%,66%,66%,0%,60%,0%,68%,0%,,,,,,,,,,108,104,30,13%,87%,63%,7%,SUPP,SUPP,SUPP,SUPP,3.7,1.5,6.0,2.7,0.6,4.9,2.8,0.7,5.0,106,104,87,66%,5%,107,105
1,26804,919,3384,117466,St Teresa Catholic Primary School,Brook Road,,,Borehamwood,WD6 5HL,02089533753,E14001284,Hertsmere,0,,,VA,0,Catholic,3-11,0,0,207,30,30,14,16,47%,53%,,,,,,,,,,4,13%,26,87%,12,40%,28,93%,63%,7%,,,,,,,,,,,,,70%,30%,0%,106,77%,30%,0%,106,77%,20%,0%,105,70%,20%,13%,0%,83%,0%,57%,69%,,,,SUPP,SUPP,SUPP,75%,64%,0%,13%,,,,SUPP,SUPP,SUPP,8%,7%,,,,,,,,,,,,,,,,,,,,,,,,,,,,,,,,,,,,,,,,,,,,,,,,,,,,,,,,,,,,,,,,,,,,,,,,,,,,,,,,,,,,,103,109,,,,SUPP,SUPP,106,105,104,106,,,,SUPP,SUPP,106,105,103,109,,,,SUPP,SUPP,108,105,,,,SUPP,SUPP,,,,SUPP,SUPP,,,,SUPP,SUPP,,,,SUPP,SUPP,,,,SUPP,SUPP,,,,SUPP,SUPP,,,,SUPP,SUPP,,,,SUPP,SUPP,18,60%,0,0%,1,3%,1,3%,2,7%,30,13%,87%,60%,7%,SUPP,SUPP,SUPP,SUPP,,,,,,,,,,102,102,30,27%,73%,47%,10%,38%,0%,50%,14%,-2.0,-4.3,0.2,-3.5,-5.7,-1.3,-1.4,-3.5,0.8,104,103,90,57%,8%,104,103
1,23266,919,3401,117478,St Dominic Catholic Primary School,St Dominic Catholic Primary School,Southdown Road,,HARPENDEN,AL5 1PF,01582760047,E14001268,Harpenden and Berkhamsted,151499,St Dominic Catholic Primary School,20250601,VA,0,Roman Catholic,3-11,0,0,234,30,31,17,14,55%,45%,,,,,,,,,,2,6%,29,94%,5,16%,29,94%,81%,23%,,,,,,,,,,,,,97%,65%,3%,112,94%,55%,3%,111,94%,39%,3%,109,87%,35%,13%,0%,100%,0%,71%,93%,,,,SUPP,SUPP,SUPP,SUPP,79%,35%,7%,,,,SUPP,SUPP,SUPP,SUPP,24%,,,,,,,,,,,,,,,,,,,,,,,,,,,,,,,,,,,,,,,,,,,,,,,,,,,,,,,,,,,,,,,,,,,,,,,,,,,,,,,,,,,,,113,111,,,,SUPP,SUPP,SUPP,113,112,106,,,,SUPP,SUPP,SUPP,109,112,110,,,,SUPP,SUPP,SUPP,111,,,,SUPP,SUPP,,,,SUPP,SUPP,,,,SUPP,SUPP,,,,SUPP,SUPP,,,,SUPP,SUPP,,,,SUPP,SUPP,,,,SUPP,SUPP,,,,SUPP,SUPP,26,84%,0,0%,1,3%,3,10%,4,13%,30,3%,97%,87%,23%,SUPP,SUPP,SUPP,SUPP,,,,,,,,,,111,109,31,0%,100%,97%,29%,,,SUPP,SUPP,3.2,0.8,5.5,2.4,0.1,4.7,2.9,0.7,5.1,111,110,92,88%,25%,111,109
1,26940,919,3402,149742,"St Thomas More Roman Catholic Primary School, a Voluntary Academy",Greenway,,,Berkhamsted,HP4 3LF,01442385060,E14001268,Harpenden and Berkhamsted,0,,,ACC,0,Roman Catholic,3-11,0,0,178,26,26,11,15,42%,58%,,,,,,,,,,5,19%,21,81%,5,19%,24,92%,58%,12%,,,,,,,,,,,,,77%,38%,0%,106,73%,31%,0%,106,69%,27%,0%,105,77%,12%,23%,0%,85%,0%,55%,60%,,,,SUPP,SUPP,SUPP,SUPP,58%,9%,13%,,,,SUPP,SUPP,SUPP,SUPP,13%,,,,,,,,,,,,,,,,,,,,,,,,,,,,,,,,,,,,,,,,,,,,,,,,,,,,,,,,,,,,,,,,,,,,,,,,,,,,,,,,,,,,,104,107,,,,SUPP,SUPP,SUPP,106,107,103,,,,SUPP,SUPP,SUPP,105,106,106,,,,SUPP,SUPP,SUPP,106,,,,SUPP,SUPP,,,,SUPP,SUPP,,,,SUPP,SUPP,,,,SUPP,SUPP,,,,SUPP,SUPP,,,,SUPP,SUPP,,,,SUPP,SUPP,,,,SUPP,SUPP,21,81%,0,0%,1,4%,5,19%,6,23%,25,24%,76%,44%,0%,17%,0%,53%,0%,,,,,,,,,,106,105,21,10%,90%,57%,10%,SUPP,SUPP,SUPP,SUPP,-0.5,-3.2,2.3,-2.7,-5.3,0.0,-0.3,-2.9,2.3,108,106,72,53%,7%,107,105
1,22922,919,3416,150621,Saint Bernadette Voluntary Catholic Primary Academy,Walsingham Way,London Colney,,St Albans,AL2 1NL,01727822489,E14001507,St Albans,0,,,ACC,0,Roman Catholic,4-11,0,0,212,29,30,17,13,57%,43%,,,,,,,,,,3,10%,27,90%,4,13%,30,100%,83%,13%,,,,,,,,,,,,,90%,30%,0%,106,93%,30%,0%,107,97%,30%,0%,106,90%,23%,10%,0%,90%,0%,76%,92%,,,,SUPP,SUPP,SUPP,SUPP,83%,6%,23%,,,,SUPP,SUPP,SUPP,SUPP,13%,,,,,,,,,,,,,,,,,,,,,,,,,,,,,,,,,,,,,,,,,,,,,,,,,,,,,,,,,,,,,,,,,,,,,,,,,,,,,,,,,,,,,105,108,,,,SUPP,SUPP,SUPP,106,104,109,,,,SUPP,SUPP,SUPP,106,105,110,,,,SUPP,SUPP,SUPP,107,,,,SUPP,SUPP,,,,SUPP,SUPP,,,,SUPP,SUPP,,,,SUPP,SUPP,,,,SUPP,SUPP,,,,SUPP,SUPP,,,,SUPP,SUPP,,,,SUPP,SUPP,26,87%,0,0%,0,0%,6,20%,6,20%,30,10%,90%,80%,3%,SUPP,SUPP,SUPP,SUPP,,,,,,,,,,107,106,29,17%,83%,72%,7%,SUPP,SUPP,SUPP,SUPP,0.8,-1.4,3.1,-0.1,-2.3,2.1,0.3,-1.9,2.4,108,106,89,79%,8%,107,106
1,31368,919,3419,117490,Welwyn St Mary's Church of England Voluntary Aided Primary School,15 London Road,,,Welwyn,AL6 9DJ,01438714169,E14001573,Welwyn Hatfield,0,,,VA,0,Church of England,4-11,0,0,415,61,59,30,29,51%,49%,,,,,,,,,,6,10%,53,90%,5,8%,56,95%,76%,3%,,,,,,,,,,,,,92%,37%,0%,107,88%,42%,0%,108,85%,25%,0%,106,83%,5%,17%,0%,92%,0%,73%,79%,,,,33%,81%,-36,SUPP,77%,0%,7%,,,,0%,4%,-11,SUPP,4%,,,,,,,,,,,,,,,,,,,,,,,,,,,,,,,,,,,,,,,,,,,,,,,,,,,,,,,,,,,,,,,,,,,,,,,,,,,,,,,,,,,,,107,108,,,,106,108,SUPP,108,106,105,,,,98,107,SUPP,106,107,108,,,,103,108,SUPP,108,,,,83%,92%,,,,83%,89%,,,,33%,91%,,,,50%,87%,,,,33%,38%,,,,0%,47%,,,,0%,28%,,,,0%,6%,54,92%,0,0%,1,2%,14,24%,15,25%,60,17%,83%,65%,7%,20%,10%,74%,6%,,,,,,,,,,107,103,58,16%,84%,55%,12%,22%,0%,61%,14%,1.4,-0.3,3.1,-2.1,-3.7,-0.5,0.2,-1.4,1.7,107,105,177,66%,7%,107,105
1,27732,919,3984,135084,Shephalbury Park Primary School,Burydale,Broadwater,,Stevenage,SG2 8AX,01438235454,E14001516,Stevenage,0,,,CY,0,Does not apply,3-11,0,0,227,23,25,16,9,64%,36%,,,,,,,,,,5,20%,20,80%,3,12%,23,92%,32%,0%,,,,,,,,,,,,,72%,28%,0%,106,72%,12%,0%,102,52%,8%,0%,101,32%,0%,36%,0%,64%,0%,38%,22%,,,,SUPP,SUPP,SUPP,SUPP,35%,0%,0%,,,,SUPP,SUPP,SUPP,SUPP,0%,,,,,,,,,,,,,,,,,,,,,,,,,,,,,,,,,,,,,,,,,,,,,,,,,,,,,,,,,,,,,,,,,,,,,,,,,,,,,,,,,,,,,105,107,,,,SUPP,SUPP,SUPP,106,101,101,,,,SUPP,SUPP,SUPP,101,101,103,,,,SUPP,SUPP,SUPP,102,,,,SUPP,SUPP,,,,SUPP,SUPP,,,,SUPP,SUPP,,,,SUPP,SUPP,,,,SUPP,SUPP,,,,SUPP,SUPP,,,,SUPP,SUPP,,,,SUPP,SUPP,22,88%,0,0%,0,0%,8,32%,8,32%,30,40%,60%,30%,3%,25%,0%,33%,6%,,,,,,,,,,105,100,30,20%,80%,50%,3%,17%,0%,58%,4%,2.3,0.0,4.5,2.8,0.6,4.9,0.4,-1.8,2.5,103,101,85,38%,2%,105,101
1,16290,919,3987,135221,Maple Grove Primary School,St Agnell's Lane,Grove Hill,,Hemel Hempstead,HP2 7BG,01442214966,E14001278,Hemel Hempstead,0,,,CY,0,Does not apply,3-11,0,0,210,29,28,10,18,36%,64%,,,,,,,,,,10,36%,18,64%,13,46%,25,89%,36%,0%,,,,,,,,,,,,,50%,18%,0%,101,61%,11%,0%,101,57%,11%,0%,99,57%,0%,39%,0%,75%,0%,50%,28%,,,,40%,33%,-29,23%,36%,0%,0%,,,,0%,0%,-11,0%,0%,,,,,,,,,,,,,,,,,,,,,,,,,,,,,,,,,,,,,,,,,,,,,,,,,,,,,,,,,,,,,,,,,,,,,,,,,,,,,,,,,,,,,101,101,,,,100,101,99,101,102,98,,,,98,100,99,100,100,102,,,,99,102,101,101,,,,60%,44%,,,,60%,61%,,,,60%,56%,,,,50%,61%,,,,0%,28%,,,,0%,17%,,,,0%,17%,,,,0%,0%,15,54%,0,0%,0,0%,7,25%,7,25%,29,34%,66%,17%,0%,30%,0%,11%,0%,,,,,,,,,,101,97,29,34%,66%,31%,7%,0%,0%,47%,11%,-2.9,-5.1,-0.6,-6.5,-8.7,-4.3,-5.0,-7.2,-2.9,103,99,86,28%,2%,102,99
1,6856,919,5205,117565,Cuffley School,Theobalds Road,Cuffley,,Potters Bar,EN6 4HN,01707888100,E14001284,Hertsmere,0,,,FD,0,None,3-11,0,0,438,61,60,22,38,37%,63%,,,,,,,,,,8,13%,52,87%,1,2%,60,100%,83%,13%,,,,,,,,,,,,,93%,52%,0%,108,93%,58%,0%,110,88%,33%,0%,107,83%,30%,15%,0%,90%,0%,73%,89%,,,,25%,92%,-44,SUPP,83%,9%,16%,,,,0%,15%,-11,SUPP,13%,,,,,,,,,,,,,,,,,,,,,,,,,,,,,,,,,,,,,,,,,,,,,,,,,,,,,,,,,,,,,,,,,,,,,,,,,,,,,,,,,,,,,107,109,,,,98,110,SUPP,108,106,108,,,,101,108,SUPP,107,109,111,,,,101,111,SUPP,110,,,,63%,98%,,,,63%,98%,,,,63%,92%,,,,25%,92%,,,,13%,58%,,,,13%,65%,,,,13%,37%,,,,0%,35%,58,97%,1,2%,2,3%,2,3%,4,7%,60,18%,82%,67%,12%,91%,18%,61%,10%,,,,,,,,,,106,107,60,3%,97%,67%,15%,SUPP,SUPP,SUPP,SUPP,1.1,-0.6,2.7,2.8,1.2,4.3,2.6,1.0,4.1,106,106,180,72%,13%,107,107
1,33234,919,5206,138215,The Wroxham School,Wroxham Gardens,,,Potters Bar,EN6 3DJ,01707643576,E14001284,Hertsmere,0,,,ACC,0,None,4-11,0,0,222,28,30,20,10,67%,33%,,,,,,,,,,6,20%,24,80%,3,10%,29,97%,77%,13%,,,,,,,,,,,,,87%,50%,0%,110,83%,47%,0%,109,87%,50%,0%,110,83%,17%,10%,0%,83%,0%,80%,70%,,,,17%,92%,-52,SUPP,79%,15%,10%,,,,0%,17%,-11,SUPP,14%,,,,,,,,,,,,,,,,,,,,,,,,,,,,,,,,,,,,,,,,,,,,,,,,,,,,,,,,,,,,,,,,,,,,,,,,,,,,,,,,,,,,,109,110,,,,106,110,SUPP,110,111,107,,,,101,111,SUPP,110,109,108,,,,103,110,SUPP,109,,,,50%,96%,,,,50%,92%,,,,33%,100%,,,,33%,96%,,,,33%,54%,,,,17%,54%,,,,0%,63%,,,,0%,21%,27,90%,0,0%,4,13%,3,10%,7,23%,30,17%,83%,80%,13%,SUPP,SUPP,SUPP,SUPP,,,,,,,,,,108,107,30,20%,80%,77%,17%,50%,0%,83%,21%,-0.5,-2.8,1.7,0.8,-1.4,3.0,1.2,-0.9,3.3,107,108,90,78%,14%,108,108
2,744,919,7028,117684,Amwell View School,Station Road,Stanstead Abbotts,,Ware,SG12 8EH,01920870027,E14001139,Broxbourne,0,,,CYS,0,Does not apply,2-19,0,0,184,16,16,13,3,81%,19%,,,,,,,,,,6,38%,10,63%,3,19%,15,94%,0%,0%,,,,,,,,,,,,,0%,0%,0%,,0%,0%,0%,,0%,0%,0%,,0%,0%,0%,0%,0%,0%,0%,SUPP,,,,0%,0%,-69,SUPP,0%,0%,SUPP,,,,0%,0%,-11,SUPP,0%,,,,,,,,,,,,,,,,,,,,,,,,,,,,,,,,,,,,,,,,,,,,,,,,,,,,,,,,,,,,,,,,,,,,,,,,,,,,,,,,,,,,,,SUPP,,,,,,SUPP,,,SUPP,,,,,,SUPP,,,SUPP,,,,,,SUPP,,,,,0%,0%,,,,0%,0%,,,,0%,0%,,,,0%,0%,,,,0%,0%,,,,0%,0%,,,,0%,0%,,,,0%,0%,13,81%,0,0%,16,100%,0,0%,16,100%,13,46%,54%,0%,0%,0%,0%,0%,0%,,,,,,,,,,,,12,67%,33%,0%,0%,SUPP,SUPP,SUPP,SUPP,-7.4,-10.9,-3.8,-6.8,-10.3,-3.4,-9.8,-13.2,-6.5,,,41,0%,0%
2,10550,919,7042,117690,Greenside School,Shephall Green,,,Stevenage,SG2 9XS,01438315356,E14001516,Stevenage,0,,,CYS,0,Does not apply,2-19,0,0,190,13,13,10,3,77%,23%,,,,,,,,,,4,31%,9,69%,0,0%,13,100%,0%,0%,,,,,,,,,,,,,0%,0%,0%,,0%,0%,0%,,0%,0%,0%,,0%,0%,0%,0%,0%,0%,0%,SUPP,,,,SUPP,SUPP,SUPP,,0%,0%,SUPP,,,,SUPP,SUPP,SUPP,,0%,,,,,,,,,,,,,,,,,,,,,,,,,,,,,,,,,,,,,,,,,,,,,,,,,,,,,,,,,,,,,,,,,,,,,,,,,,,,,,,,,,,,,,SUPP,,,,SUPP,SUPP,,,,SUPP,,,,SUPP,SUPP,,,,SUPP,,,,SUPP,SUPP,,,,,,SUPP,SUPP,,,,SUPP,SUPP,,,,SUPP,SUPP,,,,SUPP,SUPP,,,,SUPP,SUPP,,,,SUPP,SUPP,,,,SUPP,SUPP,,,,SUPP,SUPP,13,100%,0,0%,13,100%,0,0%,13,100%,16,44%,56%,0%,0%,0%,0%,0%,0%,,,,,,,,,,,,18,33%,67%,0%,0%,0%,0%,0%,0%,-6.5,-9.4,-3.6,-5.7,-8.5,-2.9,-6.7,-9.4,-4.0,,,47,0%,0%
1,2038,919,2086,145487,Beech Hyde Primary School and Nursery,Nurseries Road,Wheathampstead,,St. Albans,AL4 8TP,01582832661,E14001268,Harpenden and Berkhamsted,0,,,AC,0,Does not apply,3-11,0,0,169,28,28,14,14,50%,50%,,,,,,,,,,14,50%,14,50%,2,7%,25,89%,50%,18%,,,,,,,,,,,,,61%,39%,0%,105,68%,25%,0%,104,57%,25%,0%,102,71%,18%,18%,0%,75%,0%,43%,57%,,,,36%,64%,-33,SUPP,52%,7%,29%,,,,7%,29%,-4,SUPP,16%,,,,,,,,,,,,,,,,,,,,,,,,,,,,,,,,,,,,,,,,,,,,,,,,,,,,,,,,,,,,,,,,,,,,,,,,,,,,,,,,,,,,,103,107,,,,102,108,SUPP,105,101,104,,,,99,106,SUPP,102,101,106,,,,101,106,SUPP,103,,,,57%,64%,,,,64%,71%,,,,36%,79%,,,,71%,71%,,,,14%,64%,,,,7%,43%,,,,7%,43%,,,,7%,29%,26,93%,0,0%,3,11%,3,11%,6,21%,28,46%,54%,46%,0%,15%,0%,73%,0%,,,,,,,,,,106,103,25,28%,72%,68%,8%,29%,0%,83%,11%,4.4,1.6,7.1,1.7,-0.9,4.4,0.2,-2.4,2.8,109,106,81,54%,9%,106,104
1,4926,919,2116,117156,Central Primary School,Derby Road,,,Watford,WD17 2LX,01923225129,E14001568,Watford,0,,,CY,0,Does not apply,3-11,0,0,411,56,48,20,28,42%,58%,,,,,,,,,,8,17%,40,83%,37,77%,43,90%,69%,6%,,,,,,,,,,,,,81%,27%,0%,106,77%,44%,0%,107,79%,21%,0%,105,77%,15%,21%,0%,88%,0%,65%,71%,,,,50%,73%,-19,70%,65%,10%,4%,,,,0%,8%,-11,3%,5%,,,,,,,,,,,,,,,,,,,,,,,,,,,,,,,,,,,,,,,,,,,,,,,,,,,,,,,,,,,,,,,,,,,,,,,,,,,,,,,,,,,,,107,105,,,,106,106,105,106,106,104,,,,107,104,104,105,108,107,,,,108,107,107,107,,,,63%,85%,,,,75%,78%,,,,63%,83%,,,,63%,80%,,,,25%,28%,,,,38%,45%,,,,13%,23%,,,,0%,18%,10,21%,1,2%,1,2%,8,17%,9,19%,56,25%,75%,46%,7%,36%,0%,50%,10%,,,,,,,,,,104,104,52,25%,75%,51%,2%,38%,0%,55%,3%,-1.7,-3.5,0.0,-2.8,-4.6,-1.1,-0.6,-2.3,1.0,103,102,156,55%,5%,104,104
1,31100,919,2118,149333,Watchlytes Primary School,Watchlytes,,,Welwyn Garden City,AL7 2AZ,01707886222,E14001573,Welwyn Hatfield,0,,,AC,0,Does not apply,3-11,0,0,158,25,25,11,14,44%,56%,,,,,,,,,,10,40%,15,60%,4,16%,23,92%,76%,4%,,,,,,,,,,,,,76%,24%,0%,103,68%,0%,0%,100,84%,12%,0%,104,76%,4%,16%,0%,88%,0%,55%,93%,,,,60%,87%,-9,SUPP,78%,9%,0%,,,,0%,7%,-11,SUPP,4%,,,,,,,,,,,,,,,,,,,,,,,,,,,,,,,,,,,,,,,,,,,,,,,,,,,,,,,,,,,,,,,,,,,,,,,,,,,,,,,,,,,,,100,106,,,,101,105,SUPP,104,102,105,,,,99,107,SUPP,104,97,102,,,,98,101,SUPP,100,,,,60%,87%,,,,60%,73%,,,,70%,93%,,,,60%,87%,,,,20%,27%,,,,0%,0%,,,,10%,13%,,,,0%,7%,21,84%,0,0%,2,8%,5,20%,7,28%,24,25%,75%,67%,21%,67%,0%,67%,28%,,,,,,,,,,107,106,,,,,,,,,,,,,,,,,,,,,,NA,NA,NA,NA
1,5130,919,2120,117158,Chater Junior School,Addiscombe Road,,,Watford,WD18 0WN,01923446686,E14001568,Watford,0,,,CY,0,Does not apply,7-11,0,0,241,60,60,35,25,58%,42%,,,,,,,,,,14,23%,46,77%,42,70%,56,93%,63%,5%,,,,,,,,,,,,,78%,28%,0%,105,83%,27%,0%,105,75%,23%,0%,104,73%,10%,23%,0%,78%,0%,57%,72%,,,,43%,70%,-26,62%,63%,3%,8%,,,,7%,4%,-4,5%,5%,,,,,,,,,,,,,,,,,,,,,,,,,,,,,,,,,,,,,,,,,,,,,,,,,,,,,,,,,,,,,,,,,,,,,,,,,,,,,,,,,,,,,105,106,,,,103,106,105,105,104,104,,,,99,105,104,103,104,107,,,,100,107,104,105,,,,64%,83%,,,,71%,87%,,,,50%,83%,,,,57%,78%,,,,14%,33%,,,,14%,30%,,,,21%,24%,,,,7%,11%,18,30%,0,0%,1,2%,8,13%,9,15%,60,10%,90%,53%,10%,50%,17%,54%,9%,,,,,,,,,,106,103,60,17%,83%,52%,22%,50%,10%,52%,24%,-2.6,-4.2,-0.9,0.6,-1.0,2.2,-1.6,-3.2,0.0,103,103,180,56%,12%,105,103
1,12536,919,2143,117175,Holwell Primary School,Holwell Road,,,Welwyn Garden City,AL7 3RP,01707323716,E14001573,Welwyn Hatfield,0,,,CY,0,Does not apply,5-11,0,0,406,56,56,25,31,45%,55%,,,,,,,,,,19,34%,37,66%,10,18%,52,93%,77%,9%,,,,,,,,,,,,,86%,57%,0%,109,86%,27%,0%,107,88%,30%,0%,107,77%,11%,5%,0%,89%,0%,68%,84%,,,,68%,81%,-1,90%,79%,0%,16%,,,,5%,11%,-6,30%,10%,,,,,,,,,,,,,,,,,,,,,,,,,,,,,,,,,,,,,,,,,,,,,,,,,,,,,,,,,,,,,,,,,,,,,,,,,,,,,,,,,,,,,107,110,,,,106,110,112,109,107,107,,,,105,107,109,107,104,109,,,,105,108,111,107,,,,79%,89%,,,,79%,89%,,,,84%,89%,,,,68%,81%,,,,47%,62%,,,,21%,30%,,,,21%,35%,,,,5%,14%,45,80%,1,2%,4,7%,5,9%,9,16%,58,40%,60%,83%,3%,74%,0%,89%,6%,,,,,,,,,,108,106,57,35%,65%,75%,11%,70%,0%,78%,16%,5.9,4.2,7.6,3.4,1.8,5.1,6.4,4.8,7.9,107,107,171,78%,8%,108,107
1,32204,919,2145,117176,Widford School,Ware Road,Widford,Widford School,Widford Herts,SG12 8RE,01279842681,E14001283,Hertford and Stortford,0,,,CY,0,Does not apply,4-11,0,0,47,10,8,2,6,25%,75%,,,,,,,,,,3,38%,5,63%,0,0%,8,100%,63%,13%,,,,,,,,,,,,,75%,38%,0%,107,50%,50%,0%,106,63%,38%,0%,103,63%,25%,25%,0%,88%,0%,SUPP,67%,,,,SUPP,SUPP,SUPP,,63%,SUPP,0%,,,,SUPP,SUPP,SUPP,,13%,,,,,,,,,,,,,,,,,,,,,,,,,,,,,,,,,,,,,,,,,,,,,,,,,,,,,,,,,,,,,,,,,,,,,,,,,,,,,,,,,,,,,SUPP,108,,,,SUPP,SUPP,,107,SUPP,103,,,,SUPP,SUPP,,103,SUPP,106,,,,SUPP,SUPP,,106,,,,SUPP,SUPP,,,,SUPP,SUPP,,,,SUPP,SUPP,,,,SUPP,SUPP,,,,SUPP,SUPP,,,,SUPP,SUPP,,,,SUPP,SUPP,,,,SUPP,SUPP,8,100%,0,0%,0,0%,3,38%,3,38%,3,SUPP,SUPP,SUPP,SUPP,,,SUPP,SUPP,,,,,,,,,,SUPP,SUPP,6,50%,50%,33%,17%,SUPP,SUPP,SUPP,SUPP,SUPP,SUPP,SUPP,SUPP,SUPP,SUPP,SUPP,SUPP,SUPP,105,98,17,53%,12%,106,101
1,84,919,2000,117083,Abbots Langley School,Parsonage Close,,,Abbots Langley,WD5 0BQ,01923263174,E14001496,South West Hertfordshire,0,,,CY,0,Does not apply,3-11,0,0,415,59,59,34,25,58%,42%,,,,,,,,,,6,10%,53,90%,10,17%,55,93%,56%,5%,,,,,,,,,,,,,78%,44%,2%,107,75%,42%,2%,107,78%,36%,2%,105,59%,7%,19%,2%,88%,2%,47%,68%,,,,50%,57%,-19,90%,58%,9%,0%,,,,0%,6%,-11,10%,5%,,,,,,,,,,,,,,,,,,,,,,,,,,,,,,,,,,,,,,,,,,,,,,,,,,,,,,,,,,,,,,,,,,,,,,,,,,,,,,,,,,,,,106,107,,,,105,107,110,107,105,105,,,,106,105,110,106,106,108,,,,107,107,111,108,,,,67%,79%,,,,67%,75%,,,,83%,77%,,,,67%,58%,,,,50%,43%,,,,50%,42%,,,,33%,36%,,,,17%,6%,48,81%,1,2%,5,8%,8,14%,13,22%,57,16%,84%,67%,2%,67%,0%,67%,2%,,,,,,,,,,106,105,60,18%,82%,62%,7%,18%,0%,71%,8%,-1.1,-2.7,0.5,0.8,-0.8,2.4,-0.4,-1.9,1.1,104,104,176,61%,5%,105,105
1,4256,919,2012,117088,Bushey Heath Primary School,The Rutts,Bushey Heath,,Bushey,WD23 1SP,02089503042,E14001284,Hertsmere,0,,,CY,0,Does not apply,3-11,0,0,239,30,30,14,16,47%,53%,,,,,,,,,,4,13%,26,87%,5,17%,28,93%,83%,33%,,,,,,,,,,,,,93%,60%,0%,110,93%,63%,0%,111,90%,43%,0%,108,90%,43%,10%,0%,100%,0%,86%,81%,,,,SUPP,SUPP,SUPP,SUPP,86%,29%,38%,,,,SUPP,SUPP,SUPP,SUPP,36%,,,,,,,,,,,,,,,,,,,,,,,,,,,,,,,,,,,,,,,,,,,,,,,,,,,,,,,,,,,,,,,,,,,,,,,,,,,,,,,,,,,,,109,112,,,,SUPP,SUPP,SUPP,110,110,107,,,,SUPP,SUPP,SUPP,109,111,111,,,,SUPP,SUPP,SUPP,111,,,,SUPP,SUPP,,,,SUPP,SUPP,,,,SUPP,SUPP,,,,SUPP,SUPP,,,,SUPP,SUPP,,,,SUPP,SUPP,,,,SUPP,SUPP,,,,SUPP,SUPP,25,83%,0,0%,1,3%,5,17%,6,20%,30,3%,97%,77%,33%,SUPP,SUPP,SUPP,SUPP,,,,,,,,,,109,110,30,7%,93%,70%,20%,SUPP,SUPP,SUPP,SUPP,0.4,-2.0,2.7,2.2,-0.1,4.5,0.5,-1.8,2.7,108,107,90,77%,29%,109,108
1,9538,919,2029,138389,Garden City Academy,Radburn Way,,,Letchworth Garden City,SG6 2JZ,01462621800,E14001393,North East Hertfordshire,0,,,AC,0,Does not apply,2-11,0,0,171,23,23,12,11,52%,48%,,,,,,,,,,9,39%,14,61%,5,22%,18,78%,61%,9%,,,,,,,,,,,,,78%,26%,4%,107,57%,17%,0%,103,65%,30%,4%,105,61%,9%,26%,0%,70%,0%,58%,64%,,,,44%,71%,-25,SUPP,56%,8%,9%,,,,0%,14%,-11,SUPP,11%,,,,,,,,,,,,,,,,,,,,,,,,,,,,,,,,,,,,,,,,,,,,,,,,,,,,,,,,,,,,,,,,,,,,,,,,,,,,,,,,,,,,,108,106,,,,104,109,SUPP,106,105,104,,,,101,108,SUPP,104,103,102,,,,98,106,SUPP,102,,,,67%,86%,,,,44%,64%,,,,56%,71%,,,,44%,71%,,,,11%,36%,,,,0%,29%,,,,33%,29%,,,,0%,14%,18,78%,0,0%,3,13%,7,30%,10,43%,27,56%,44%,26%,0%,13%,0%,42%,0%,,,,,,,,,,99,97,33,55%,45%,48%,3%,39%,0%,60%,7%,-3.4,-5.5,-1.2,-5.2,-7.3,-3.1,-1.9,-3.9,0.2,101,101,83,45%,4%,102,101
1,6508,919,2030,117099,Cowley Hill School,Winstre Road,,,Borehamwood,WD6 5DP,02089532218,E14001284,Hertsmere,0,,,CY,0,Does not apply,3-11,0,0,424,55,57,28,29,49%,51%,,,,,,,,,,17,30%,40,70%,28,49%,49,86%,75%,12%,,,,,,,,,,,,,81%,46%,0%,106,75%,32%,0%,106,84%,33%,0%,106,77%,18%,18%,0%,91%,0%,79%,72%,,,,65%,80%,-4,79%,78%,18%,7%,,,,6%,15%,-5,14%,14%,,,,,,,,,,,,,,,,,,,,,,,,,,,,,,,,,,,,,,,,,,,,,,,,,,,,,,,,,,,,,,,,,,,,,,,,,,,,,,,,,,,,,107,105,,,,104,107,107,107,108,104,,,,102,108,106,107,106,105,,,,104,107,107,107,,,,71%,85%,,,,71%,78%,,,,71%,90%,,,,65%,83%,,,,41%,48%,,,,35%,30%,,,,12%,43%,,,,12%,20%,29,51%,0,0%,1,2%,14,25%,15,26%,55,40%,60%,65%,16%,55%,5%,73%,24%,,,,,,,,,,106,105,60,28%,72%,65%,15%,41%,12%,74%,16%,2.2,0.6,3.8,0.9,-0.7,2.4,2.5,1.0,4.1,106,106,172,69%,15%,106,106
1,28292,919,2047,117110,South Hill Primary School,Heath Lane,,,Hemel Hempstead,HP1 1TT,01442402127,E14001278,Hemel Hempstead,0,,,CY,0,Does not apply,5-11,0,0,417,58,59,32,27,54%,46%,,,,,,,,,,17,29%,42,71%,13,22%,54,92%,53%,10%,,,,,,,,,,,,,64%,34%,2%,105,58%,25%,0%,103,66%,22%,0%,103,69%,12%,25%,0%,78%,0%,50%,56%,,,,35%,60%,-34,46%,56%,3%,19%,,,,6%,12%,-5,15%,9%,,,,,,,,,,,,,,,,,,,,,,,,,,,,,,,,,,,,,,,,,,,,,,,,,,,,,,,,,,,,,,,,,,,,,,,,,,,,,,,,,,,,,103,106,,,,102,106,103,105,103,102,,,,101,104,106,103,101,105,,,,101,104,103,104,,,,65%,64%,,,,41%,64%,,,,53%,71%,,,,59%,74%,,,,18%,40%,,,,12%,31%,,,,6%,29%,,,,6%,14%,45,76%,1,2%,2,3%,11,19%,13,22%,59,29%,71%,59%,7%,47%,6%,64%,7%,,,,,,,,,,105,103,59,31%,69%,53%,2%,28%,0%,63%,2%,-0.9,-2.6,0.7,-0.1,-1.7,1.5,-1.7,-3.2,-0.1,104,102,177,55%,6%,104,103
1,13976,919,2062,117118,Kimpton Primary School,High Street,Kimpton,,Hitchin,SG4 8RB,01438832394,E14001289,Hitchin,0,,,CY,0,Does not apply,3-11,0,0,145,26,26,15,11,58%,42%,,,,,,,,,,2,8%,24,92%,0,0%,25,96%,50%,12%,,,,,,,,,,,,,77%,46%,4%,108,62%,27%,4%,106,62%,23%,4%,104,77%,23%,19%,0%,88%,0%,47%,55%,,,,SUPP,SUPP,SUPP,,48%,13%,9%,,,,SUPP,SUPP,SUPP,,12%,,,,,,,,,,,,,,,,,,,,,,,,,,,,,,,,,,,,,,,,,,,,,,,,,,,,,,,,,,,,,,,,,,,,,,,,,,,,,,,,,,,,,108,108,,,,SUPP,SUPP,,108,106,102,,,,SUPP,SUPP,,104,104,107,,,,SUPP,SUPP,,105,,,,SUPP,SUPP,,,,SUPP,SUPP,,,,SUPP,SUPP,,,,SUPP,SUPP,,,,SUPP,SUPP,,,,SUPP,SUPP,,,,SUPP,SUPP,,,,SUPP,SUPP,26,100%,0,0%,1,4%,6,23%,7,27%,30,20%,80%,50%,10%,0%,0%,63%,13%,,,,,,,,,,106,102,28,11%,89%,54%,4%,SUPP,SUPP,SUPP,SUPP,1.5,-1.0,3.9,-1.7,-4.0,0.6,-2.1,-4.4,0.2,107,104,84,51%,8%,107,103
1,33388,919,2079,117130,Yorke Mead Primary School,Dulwich Way,Croxley Green,,Rickmansworth,WD3 3PX,01923778420,E14001496,South West Hertfordshire,0,,,CY,0,Does not apply,3-11,0,0,434,61,60,29,31,48%,52%,,,,,,,,,,9,15%,51,85%,8,13%,59,98%,73%,10%,,,,,,,,,,,,,93%,48%,0%,109,95%,28%,0%,108,82%,35%,0%,107,83%,13%,15%,0%,97%,0%,66%,81%,,,,22%,82%,-47,100%,73%,17%,3%,,,,0%,12%,-11,25%,10%,,,,,,,,,,,,,,,,,,,,,,,,,,,,,,,,,,,,,,,,,,,,,,,,,,,,,,,,,,,,,,,,,,,,,,,,,,,,,,,,,,,,,109,108,,,,102,110,110,109,108,107,,,,99,109,114,107,108,108,,,,102,109,112,108,,,,67%,98%,,,,67%,100%,,,,44%,88%,,,,33%,92%,,,,22%,53%,,,,0%,33%,,,,0%,41%,,,,0%,16%,52,87%,0,0%,4,7%,11,18%,15,25%,60,7%,93%,80%,17%,SUPP,SUPP,SUPP,SUPP,,,,,,,,,,109,107,62,13%,87%,74%,16%,38%,0%,79%,19%,0.4,-1.2,1.9,0.9,-0.6,2.4,-0.1,-1.6,1.4,107,105,182,76%,14%,108,107
1,26334,919,2101,117144,St Paul's Walden Primary School,Bendish Lane,Whitwell,,Hitchin,SG4 8HX,01438871241,E14001289,Hitchin,0,,,CY,0,Does not apply,4-11,0,0,66,7,7,5,2,71%,29%,,,,,,,,,,0,0%,7,100%,0,0%,6,86%,71%,0%,,,,,,,,,,,,,86%,43%,0%,106,86%,14%,0%,104,71%,0%,0%,101,71%,0%,29%,0%,71%,0%,SUPP,SUPP,,,,,SUPP,,,67%,SUPP,SUPP,,,,,SUPP,,,0%,,,,,,,,,,,,,,,,,,,,,,,,,,,,,,,,,,,,,,,,,,,,,,,,,,,,,,,,,,,,,,,,,,,,,,,,,,,,,,,,,,,,,SUPP,SUPP,,,,,SUPP,,106,SUPP,SUPP,,,,,SUPP,,100,SUPP,SUPP,,,,,SUPP,,103,,,,,SUPP,,,,,SUPP,,,,,SUPP,,,,,SUPP,,,,,SUPP,,,,,SUPP,,,,,SUPP,,,,,SUPP,7,100%,0,0%,0,0%,2,29%,2,29%,13,8%,92%,38%,0%,SUPP,SUPP,SUPP,SUPP,,,,,,,,,,105,99,11,18%,82%,45%,9%,SUPP,SUPP,SUPP,SUPP,2.0,-1.7,5.8,2.4,-1.2,5.9,-3.4,-6.9,0.1,106,100,31,48%,3%,106,100
1,292,919,2028,138231,Alban City School,7 Hatfield Road,,,St Albans,AL1 3RR,01727860304,E14001507,St Albans,0,,,F,0,Does not apply,5-11,0,0,384,55,56,25,31,45%,55%,,,,,,,,,,6,11%,50,89%,13,23%,52,93%,77%,16%,,,,,,,,,,,,,84%,64%,0%,109,89%,57%,0%,110,86%,50%,0%,109,79%,18%,21%,0%,93%,0%,80%,74%,,,,50%,80%,-19,100%,79%,16%,16%,,,,0%,18%,-11,31%,17%,,,,,,,,,,,,,,,,,,,,,,,,,,,,,,,,,,,,,,,,,,,,,,,,,,,,,,,,,,,,,,,,,,,,,,,,,,,,,,,,,,,,,110,109,,,,103,110,115,110,111,107,,,,102,110,114,110,110,109,,,,101,111,117,110,,,,50%,88%,,,,67%,92%,,,,67%,88%,,,,50%,82%,,,,33%,68%,,,,17%,62%,,,,17%,54%,,,,17%,18%,43,77%,0,0%,3,5%,12,21%,15,27%,60,10%,90%,90%,12%,67%,17%,93%,11%,,,,,,,,,,109,109,60,13%,87%,78%,22%,25%,0%,87%,25%,5.5,3.7,7.3,3.5,1.7,5.2,4.2,2.5,5.9,109,109,176,82%,16%,109,109
1,10662,919,2035,138507,The Grove Academy,Fourth Avenue,,,Watford,WD25 9RH,01923674463,E14001568,Watford,0,,,AC,0,None,3-11,0,0,486,71,70,27,43,39%,61%,,,,,,,,,,25,36%,45,64%,30,43%,61,87%,64%,0%,,,,,,,,,,,,,76%,30%,7%,106,73%,34%,9%,107,77%,27%,0%,106,73%,0%,20%,0%,61%,0%,63%,65%,,,,44%,76%,-25,67%,64%,0%,0%,,,,0%,0%,-11,0%,0%,,,,,,,,,,,,,,,,,,,,,,,,,,,,,,,,,,,,,,,,,,,,,,,,,,,,,,,,,,,,,,,,,,,,,,,,,,,,,,,,,,,,,106,106,,,,102,108,107,106,109,105,,,,103,108,107,106,108,107,,,,103,109,110,107,,,,68%,80%,,,,52%,84%,,,,60%,87%,,,,56%,82%,,,,8%,42%,,,,20%,42%,,,,12%,36%,,,,0%,0%,40,57%,0,0%,6,9%,9,13%,15,21%,63,49%,51%,54%,5%,42%,0%,66%,9%,,,,,,,,,,103,103,77,42%,58%,48%,3%,34%,0%,58%,4%,2.3,0.8,3.8,-0.6,-2.0,0.8,2.2,0.8,3.6,105,105,210,55%,2%,105,105
1,13702,919,2042,140955,Jupiter Primary School,Jupiter Drive,,,Hemel Hempstead,HP2 5NT,01442217188,E14001278,Hemel Hempstead,0,,,F,0,None,4-11,0,0,410,55,57,30,27,53%,47%,,,,,,,,,,16,28%,41,72%,8,14%,54,95%,61%,11%,,,,,,,,,,,,,82%,35%,2%,106,75%,19%,2%,104,74%,26%,2%,105,72%,14%,23%,0%,86%,0%,67%,56%,,,,31%,73%,-38,63%,61%,10%,11%,,,,0%,15%,-11,13%,11%,,,,,,,,,,,,,,,,,,,,,,,,,,,,,,,,,,,,,,,,,,,,,,,,,,,,,,,,,,,,,,,,,,,,,,,,,,,,,,,,,,,,,108,104,,,,105,107,105,107,106,103,,,,101,106,106,105,105,104,,,,102,105,105,105,,,,69%,88%,,,,63%,80%,,,,50%,83%,,,,44%,83%,,,,19%,41%,,,,6%,24%,,,,6%,34%,,,,0%,20%,49,86%,0,0%,2,4%,7,12%,9,16%,52,15%,85%,60%,10%,38%,0%,64%,11%,,,,,,,,,,105,103,51,20%,80%,43%,2%,30%,0%,46%,2%,-0.1,-1.9,1.7,-2.3,-4.0,-0.6,-1.2,-2.9,0.5,104,102,160,55%,8%,105,103
1,14626,919,2049,140954,Lanchester Primary School,Hempstead Road,,,Watford,WD17 3HD,01923224160,E14001568,Watford,0,,,F,0,None,4-11,0,0,334,59,59,26,33,44%,56%,,,,,,,,,,12,20%,47,80%,30,51%,52,88%,73%,15%,,,,,,,,,,,,,76%,41%,0%,106,78%,41%,0%,107,81%,39%,0%,107,83%,22%,17%,0%,86%,0%,65%,79%,,,,42%,81%,-27,67%,77%,15%,15%,,,,0%,19%,-11,17%,15%,,,,,,,,,,,,,,,,,,,,,,,,,,,,,,,,,,,,,,,,,,,,,,,,,,,,,,,,,,,,,,,,,,,,,,,,,,,,,,,,,,,,,105,107,,,,99,108,106,107,108,107,,,,100,109,108,108,107,107,,,,100,108,106,107,,,,50%,83%,,,,58%,83%,,,,58%,87%,,,,58%,89%,,,,0%,51%,,,,8%,49%,,,,8%,47%,,,,0%,28%,29,49%,0,0%,1,2%,5,8%,6,10%,57,16%,84%,51%,5%,67%,0%,48%,6%,,,,,,,,,,105,105,58,19%,81%,47%,3%,18%,0%,53%,4%,-1.0,-2.8,0.9,-4.5,-6.3,-2.7,1.4,-0.3,3.2,105,107,174,57%,8%,105,106
1,11166,919,2060,143648,Harpenden Academy,25 Vaughan Road,,,Harpenden,AL5 4EL,01582716910,E14001268,Harpenden and Berkhamsted,0,,,F,0,None,4-11,0,0,214,32,32,16,16,50%,50%,,,,,,,,,,2,6%,30,94%,8,25%,27,84%,81%,19%,,,,,,,,,,,,,91%,59%,0%,110,91%,63%,0%,111,81%,41%,0%,106,88%,22%,6%,0%,97%,0%,81%,81%,,,,SUPP,SUPP,SUPP,75%,78%,6%,31%,,,,SUPP,SUPP,SUPP,13%,15%,,,,,,,,,,,,,,,,,,,,,,,,,,,,,,,,,,,,,,,,,,,,,,,,,,,,,,,,,,,,,,,,,,,,,,,,,,,,,,,,,,,,,109,111,,,,SUPP,SUPP,105,109,106,106,,,,SUPP,SUPP,103,106,109,112,,,,SUPP,SUPP,108,109,,,,SUPP,SUPP,,,,SUPP,SUPP,,,,SUPP,SUPP,,,,SUPP,SUPP,,,,SUPP,SUPP,,,,SUPP,SUPP,,,,SUPP,SUPP,,,,SUPP,SUPP,24,75%,0,0%,1,3%,4,13%,5,16%,33,3%,97%,82%,12%,SUPP,SUPP,SUPP,SUPP,,,,,,,,,,108,108,33,0%,100%,79%,27%,,,SUPP,SUPP,2.4,0.3,4.6,0.6,-1.5,2.7,2.7,0.7,4.8,110,109,98,81%,19%,109,108
1,32242,919,2067,144903,Wilbury Junior School,Bedford Road,,,Letchworth Garden City,SG6 4DU,01462620410,E14001393,North East Hertfordshire,0,,,ACC,0,Does not apply,7-11,0,0,241,59,59,32,27,54%,46%,,,,,,,,,,24,41%,35,59%,8,14%,55,93%,63%,7%,,,,,,,,,,,,,76%,31%,0%,104,69%,12%,2%,102,71%,15%,0%,103,71%,8%,22%,0%,83%,0%,59%,67%,,,,46%,74%,-23,75%,60%,0%,15%,,,,4%,9%,-7,0%,7%,,,,,,,,,,,,,,,,,,,,,,,,,,,,,,,,,,,,,,,,,,,,,,,,,,,,,,,,,,,,,,,,,,,,,,,,,,,,,,,,,,,,,102,106,,,,102,105,101,104,102,103,,,,99,105,103,102,101,104,,,,101,103,102,102,,,,67%,83%,,,,58%,77%,,,,54%,83%,,,,63%,77%,,,,21%,37%,,,,4%,17%,,,,4%,23%,,,,4%,11%,51,86%,0,0%,5,8%,15,25%,20,34%,72,36%,64%,64%,8%,54%,4%,70%,11%,,,,,,,,,,104,105,71,45%,55%,65%,10%,44%,3%,82%,15%,-2.0,-3.5,-0.4,0.6,-0.8,2.1,-0.3,-1.7,1.2,104,105,202,64%,8%,104,104
1,11878,919,2092,147283,Hertsmere Jewish Primary School,Watling Street,,,Radlett,WD7 7LQ,01923855857,E14001284,Hertsmere,0,,,AC,0,Jewish,3-11,0,0,407,50,49,19,30,39%,61%,,,,,,,,,,4,8%,45,92%,4,8%,43,88%,80%,16%,,,,,,,,,,,,,86%,39%,0%,107,88%,31%,0%,107,88%,27%,0%,107,94%,43%,4%,0%,98%,0%,79%,80%,,,,SUPP,SUPP,SUPP,SUPP,79%,21%,13%,,,,SUPP,SUPP,SUPP,SUPP,19%,,,,,,,,,,,,,,,,,,,,,,,,,,,,,,,,,,,,,,,,,,,,,,,,,,,,,,,,,,,,,,,,,,,,,,,,,,,,,,,,,,,,,107,107,,,,SUPP,SUPP,SUPP,107,110,105,,,,SUPP,SUPP,SUPP,107,107,106,,,,SUPP,SUPP,SUPP,107,,,,SUPP,SUPP,,,,SUPP,SUPP,,,,SUPP,SUPP,,,,SUPP,SUPP,,,,SUPP,SUPP,,,,SUPP,SUPP,,,,SUPP,SUPP,,,,SUPP,SUPP,45,92%,0,0%,1,2%,4,8%,5,10%,63,2%,98%,76%,21%,SUPP,SUPP,SUPP,SUPP,,,,,,,,,,107,108,60,2%,98%,72%,17%,SUPP,SUPP,SUPP,SUPP,-2.5,-4.1,-0.9,0.3,-1.2,1.8,-0.1,-1.6,1.4,106,107,172,76%,18%,107,107
1,15600,919,2103,117146,London Colney Primary & Nursery School,Alexander Road,London Colney,,St Albans,AL2 1JG,01727823283,E14001507,St Albans,0,,,CY,0,Does not apply,3-11,0,0,175,27,26,13,13,50%,50%,,,,,,,,,,10,38%,16,62%,6,23%,23,88%,85%,8%,,,,,,,,,,,,,85%,58%,0%,109,81%,27%,0%,106,88%,54%,4%,109,92%,12%,0%,0%,100%,0%,85%,85%,,,,60%,100%,-9,83%,83%,8%,8%,,,,0%,13%,-11,0%,9%,,,,,,,,,,,,,,,,,,,,,,,,,,,,,,,,,,,,,,,,,,,,,,,,,,,,,,,,,,,,,,,,,,,,,,,,,,,,,,,,,,,,,109,109,,,,105,112,107,110,108,110,,,,104,111,107,109,107,104,,,,102,108,106,105,,,,60%,100%,,,,60%,94%,,,,70%,100%,,,,80%,100%,,,,30%,75%,,,,0%,44%,,,,40%,63%,,,,0%,19%,20,77%,0,0%,0,0%,1,4%,1,4%,22,18%,82%,68%,14%,SUPP,SUPP,SUPP,SUPP,,,,,,,,,,107,109,23,35%,65%,65%,13%,25%,0%,87%,20%,1.1,-1.6,3.7,3.4,0.8,6.0,1.4,-1.1,3.9,105,105,71,73%,11%,107,108
1,8672,919,2110,143785,Fairlands Primary School,Pound Avenue,,,Stevenage,SG1 3JA,01438351053,E14001516,Stevenage,0,,,ACC,0,Does not apply,3-11,0,0,674,90,90,45,45,50%,50%,,,,,,,,,,35,39%,55,61%,18,20%,79,88%,57%,9%,,,,,,,,,,,,,74%,31%,0%,105,78%,24%,0%,105,73%,32%,0%,105,69%,10%,24%,0%,84%,0%,60%,53%,,,,34%,71%,-35,72%,58%,9%,9%,,,,3%,13%,-8,28%,8%,,,,,,,,,,,,,,,,,,,,,,,,,,,,,,,,,,,,,,,,,,,,,,,,,,,,,,,,,,,,,,,,,,,,,,,,,,,,,,,,,,,,,105,106,,,,102,107,106,105,107,102,,,,102,107,110,104,105,105,,,,102,107,109,105,,,,60%,84%,,,,60%,89%,,,,60%,82%,,,,49%,82%,,,,17%,40%,,,,14%,31%,,,,17%,42%,,,,3%,15%,71,79%,1,1%,3,3%,27,30%,30,33%,84,38%,62%,44%,13%,28%,6%,54%,17%,,,,,,,,,,103,102,82,35%,65%,49%,11%,31%,0%,58%,17%,-1.6,-3.0,-0.3,-1.3,-2.7,0.0,-1.8,-3.1,-0.5,104,102,256,50%,11%,104,103
1,17438,919,2464,117363,Morgans Primary School & Nursery,Morgans Road,,,Hertford,SG13 8DR,01992582162,E14001283,Hertford and Stortford,0,,,CY,0,Does not apply,3-11,0,0,335,45,43,29,14,67%,33%,,,,,,,,,,10,23%,33,77%,3,7%,39,91%,58%,0%,,,,,,,,,,,,,72%,21%,0%,104,63%,12%,0%,102,74%,19%,2%,104,65%,0%,26%,0%,67%,0%,59%,57%,,,,40%,64%,-29,SUPP,62%,0%,0%,,,,0%,0%,-11,SUPP,0%,,,,,,,,,,,,,,,,,,,,,,,,,,,,,,,,,,,,,,,,,,,,,,,,,,,,,,,,,,,,,,,,,,,,,,,,,,,,,,,,,,,,,103,106,,,,103,104,SUPP,104,105,102,,,,98,106,SUPP,104,102,102,,,,100,103,SUPP,102,,,,50%,79%,,,,40%,70%,,,,40%,85%,,,,50%,70%,,,,10%,24%,,,,0%,15%,,,,0%,24%,,,,0%,0%,40,93%,0,0%,1,2%,7,16%,8,19%,47,11%,89%,70%,4%,SUPP,SUPP,SUPP,SUPP,,,,,,,,,,107,105,45,22%,78%,40%,4%,10%,0%,49%,6%,-0.7,-2.6,1.2,-4.3,-6.0,-2.5,-0.9,-2.6,0.9,104,103,135,56%,3%,105,104
1,14488,919,2982,117370,Ladbrooke Junior Mixed and Infant School,Watkins Rise,,,Potters Bar,EN6 1QB,01707652882,E14001284,Hertsmere,0,,,CY,0,Does not apply,3-11,0,0,231,30,30,19,11,63%,37%,,,,,,,,,,8,27%,22,73%,7,23%,28,93%,70%,0%,,,,,,,,,,,,,90%,40%,0%,107,70%,17%,0%,103,90%,23%,0%,106,73%,0%,23%,0%,83%,0%,58%,91%,,,,63%,73%,-6,71%,75%,0%,0%,,,,0%,0%,-11,0%,0%,,,,,,,,,,,,,,,,,,,,,,,,,,,,,,,,,,,,,,,,,,,,,,,,,,,,,,,,,,,,,,,,,,,,,,,,,,,,,,,,,,,,,106,110,,,,106,108,108,108,106,107,,,,103,107,109,107,102,107,,,,100,105,104,104,,,,75%,95%,,,,50%,77%,,,,75%,95%,,,,63%,77%,,,,25%,45%,,,,0%,23%,,,,0%,32%,,,,0%,0%,23,77%,0,0%,2,7%,6,20%,8,27%,29,7%,93%,62%,7%,SUPP,SUPP,SUPP,SUPP,,,,,,,,,,102,104,30,27%,73%,57%,7%,50%,0%,59%,9%,0.8,-1.4,3.1,1.3,-0.9,3.5,1.9,-0.2,4.1,105,105,89,63%,4%,105,105
1,326,919,3000,117382,Aldbury Church of England Primary and Nursery School,Stocks Road,Aldbury,,Tring,HP23 5RT,01442851240,E14001268,Harpenden and Berkhamsted,0,,,VC,0,Church of England,3-11,0,0,109,17,16,8,8,50%,50%,,,,,,,,,,2,13%,14,88%,0,0%,16,100%,75%,0%,,,,,,,,,,,,,94%,38%,0%,108,94%,31%,0%,107,94%,19%,0%,107,75%,6%,25%,0%,100%,0%,63%,88%,,,,SUPP,SUPP,SUPP,,75%,0%,0%,,,,SUPP,SUPP,SUPP,,0%,,,,,,,,,,,,,,,,,,,,,,,,,,,,,,,,,,,,,,,,,,,,,,,,,,,,,,,,,,,,,,,,,,,,,,,,,,,,,,,,,,,,,109,108,,,,SUPP,SUPP,,108,107,108,,,,SUPP,SUPP,,107,106,109,,,,SUPP,SUPP,,107,,,,SUPP,SUPP,,,,SUPP,SUPP,,,,SUPP,SUPP,,,,SUPP,SUPP,,,,SUPP,SUPP,,,,SUPP,SUPP,,,,SUPP,SUPP,,,,SUPP,SUPP,16,100%,0,0%,0,0%,3,19%,3,19%,14,14%,86%,50%,7%,SUPP,SUPP,SUPP,SUPP,,,,,,,,,,104,102,10,0%,100%,50%,0%,,,SUPP,SUPP,3.1,-0.8,7.0,-3.9,-7.6,-0.1,0.8,-2.9,4.5,110,106,40,60%,3%,107,105
1,10192,919,3018,117395,Graveley Primary School,Ashwell Common,Graveley,,Hitchin,SG4 7LJ,01438351377,E14001289,Hitchin,0,,,VC,0,Church of England,4-11,0,0,98,10,8,2,6,25%,75%,,,,,,,,,,1,13%,7,88%,0,0%,7,88%,38%,0%,,,,,,,,,,,,,75%,13%,0%,99,63%,13%,0%,98,50%,0%,0%,98,50%,0%,38%,0%,88%,0%,SUPP,33%,,,,SUPP,SUPP,SUPP,,43%,SUPP,0%,,,,SUPP,SUPP,SUPP,,0%,,,,,,,,,,,,,,,,,,,,,,,,,,,,,,,,,,,,,,,,,,,,,,,,,,,,,,,,,,,,,,,,,,,,,,,,,,,,,,,,,,,,,SUPP,99,,,,SUPP,SUPP,,101,SUPP,98,,,,SUPP,SUPP,,99,SUPP,99,,,,SUPP,SUPP,,101,,,,SUPP,SUPP,,,,SUPP,SUPP,,,,SUPP,SUPP,,,,SUPP,SUPP,,,,SUPP,SUPP,,,,SUPP,SUPP,,,,SUPP,SUPP,,,,SUPP,SUPP,8,100%,0,0%,0,0%,3,38%,3,38%,8,50%,50%,75%,0%,SUPP,SUPP,SUPP,SUPP,,,,,,,,,,104,102,14,36%,64%,21%,14%,SUPP,SUPP,SUPP,SUPP,-2.5,-5.8,0.8,-2.3,-5.4,0.9,-3.1,-6.2,0.0,104,102,30,40%,7%,102,100
1,15490,919,3032,117402,Little Munden Church of England Voluntary Controlled Primary School,Little Munden Primary School,Church Lane,Dane End,Ware,SG12 0NR,01920438271,E14001393,North East Hertfordshire,0,,,VC,0,Church of England,3-11,0,0,79,9,9,5,4,56%,44%,,,,,,,,,,3,33%,6,67%,0,0%,6,67%,56%,0%,,,,,,,,,,,,,67%,0%,0%,102,56%,0%,0%,100,78%,22%,0%,103,78%,11%,22%,0%,89%,0%,SUPP,SUPP,,,,SUPP,SUPP,SUPP,,83%,SUPP,SUPP,,,,SUPP,SUPP,SUPP,,0%,,,,,,,,,,,,,,,,,,,,,,,,,,,,,,,,,,,,,,,,,,,,,,,,,,,,,,,,,,,,,,,,,,,,,,,,,,,,,,,,,,,,,SUPP,SUPP,,,,SUPP,SUPP,,105,SUPP,SUPP,,,,SUPP,SUPP,,105,SUPP,SUPP,,,,SUPP,SUPP,,102,,,,SUPP,SUPP,,,,SUPP,SUPP,,,,SUPP,SUPP,,,,SUPP,SUPP,,,,SUPP,SUPP,,,,SUPP,SUPP,,,,SUPP,SUPP,,,,SUPP,SUPP,9,100%,0,0%,1,11%,1,11%,2,22%,11,36%,64%,82%,0%,SUPP,SUPP,SUPP,SUPP,,,,,,,,,,109,109,7,29%,71%,57%,14%,SUPP,SUPP,SUPP,SUPP,5.7,1.1,10.4,-0.6,-5.1,3.9,1.8,-2.6,6.2,111,106,27,67%,4%,107,106
1,20576,919,3049,117414,Potten End CofE Primary School,Church Road,Potten End,,Berkhamsted,HP4 2QY,01442865022,E14001268,Harpenden and Berkhamsted,0,,,VC,0,Church of England,3-11,0,0,204,25,27,13,14,48%,52%,,,,,,,,,,7,26%,20,74%,2,7%,23,85%,59%,7%,,,,,,,,,,,,,74%,26%,0%,104,59%,30%,0%,104,81%,11%,0%,104,70%,11%,26%,0%,78%,0%,46%,71%,,,,29%,70%,-40,SUPP,57%,8%,7%,,,,0%,10%,-11,SUPP,9%,,,,,,,,,,,,,,,,,,,,,,,,,,,,,,,,,,,,,,,,,,,,,,,,,,,,,,,,,,,,,,,,,,,,,,,,,,,,,,,,,,,,,101,107,,,,100,106,SUPP,104,104,104,,,,98,106,SUPP,104,101,107,,,,100,105,SUPP,104,,,,43%,85%,,,,43%,65%,,,,57%,90%,,,,57%,75%,,,,0%,35%,,,,0%,40%,,,,0%,15%,,,,0%,15%,24,89%,1,4%,1,4%,4,15%,5,19%,30,20%,80%,60%,10%,17%,0%,71%,13%,,,,,,,,,,104,102,29,24%,76%,66%,7%,43%,0%,73%,9%,1.8,-0.5,4.1,-0.7,-3.0,1.5,0.6,-1.6,2.8,106,104,86,62%,8%,105,103
1,24458,919,3318,148491,St Joseph's Catholic Primary School B/S,Great Hadham Road,,,Bishop's Stortford,CM23 2NL,01279652576,E14001283,Hertford and Stortford,0,,,ACC,0,Roman Catholic,3-11,0,0,429,62,62,33,29,53%,47%,,,,,,,,,,5,8%,57,92%,12,19%,60,97%,66%,15%,,,,,,,,,,,,,92%,44%,0%,109,89%,50%,0%,110,92%,48%,0%,109,71%,16%,27%,0%,98%,0%,70%,62%,,,,SUPP,SUPP,SUPP,75%,67%,15%,14%,,,,SUPP,SUPP,SUPP,17%,13%,,,,,,,,,,,,,,,,,,,,,,,,,,,,,,,,,,,,,,,,,,,,,,,,,,,,,,,,,,,,,,,,,,,,,,,,,,,,,,,,,,,,,110,108,,,,SUPP,SUPP,112,109,111,107,,,,SUPP,SUPP,110,109,110,109,,,,SUPP,SUPP,112,110,,,,SUPP,SUPP,,,,SUPP,SUPP,,,,SUPP,SUPP,,,,SUPP,SUPP,,,,SUPP,SUPP,,,,SUPP,SUPP,,,,SUPP,SUPP,,,,SUPP,SUPP,49,79%,1,2%,0,0%,11,18%,11,18%,57,4%,96%,72%,18%,SUPP,SUPP,SUPP,SUPP,,,,,,,,,,109,108,50,2%,98%,82%,24%,SUPP,SUPP,SUPP,SUPP,2.2,0.4,4.0,2.2,0.4,3.9,5.1,3.4,6.7,109,110,169,73%,18%,109,109
1,10282,919,3335,117433,Great Gaddesden Church of England Primary School,Church Meadow,Great Gaddesden,Great Gaddesden Primary School,Hemel Hempstead,HP1 3BT,01442255734,E14001268,Harpenden and Berkhamsted,0,,,VA,0,Church of England,3-11,0,0,76,6,6,3,3,50%,50%,,,,,,,,,,4,67%,2,33%,0,0%,6,100%,83%,0%,,,,,,,,,,,,,100%,50%,0%,111,100%,50%,0%,112,100%,50%,0%,108,83%,0%,17%,0%,100%,0%,SUPP,SUPP,,,,SUPP,SUPP,SUPP,,83%,SUPP,SUPP,,,,SUPP,SUPP,SUPP,,0%,,,,,,,,,,,,,,,,,,,,,,,,,,,,,,,,,,,,,,,,,,,,,,,,,,,,,,,,,,,,,,,,,,,,,,,,,,,,,,,,,,,,,SUPP,SUPP,,,,SUPP,SUPP,,111,SUPP,SUPP,,,,SUPP,SUPP,,108,SUPP,SUPP,,,,SUPP,SUPP,,112,,,,SUPP,SUPP,,,,SUPP,SUPP,,,,SUPP,SUPP,,,,SUPP,SUPP,,,,SUPP,SUPP,,,,SUPP,SUPP,,,,SUPP,SUPP,,,,SUPP,SUPP,6,100%,0,0%,0,0%,0,0%,0,0%,9,22%,78%,56%,0%,SUPP,SUPP,SUPP,SUPP,,,,,,,,,,107,105,12,8%,92%,92%,17%,SUPP,SUPP,SUPP,SUPP,6.0,2.3,9.7,0.6,-3.0,4.2,3.5,0.0,7.0,113,110,27,78%,7%,111,108
1,26262,919,3349,117441,"St Paul's Church of England Voluntary Aided Primary School, Chipperfield",The Common,Chipperfield,,Kings Langley,WD4 9BS,01923262340,E14001278,Hemel Hempstead,0,,,VA,0,Church of England,3-11,0,0,206,29,29,15,14,52%,48%,,,,,,,,,,2,7%,27,93%,0,0%,28,97%,62%,3%,,,,,,,,,,,,,79%,34%,0%,106,69%,14%,0%,104,66%,7%,0%,103,66%,10%,21%,0%,76%,0%,53%,71%,,,,SUPP,SUPP,SUPP,,61%,7%,0%,,,,SUPP,SUPP,SUPP,,4%,,,,,,,,,,,,,,,,,,,,,,,,,,,,,,,,,,,,,,,,,,,,,,,,,,,,,,,,,,,,,,,,,,,,,,,,,,,,,,,,,,,,,104,109,,,,SUPP,SUPP,,106,102,104,,,,SUPP,SUPP,,103,101,107,,,,SUPP,SUPP,,104,,,,SUPP,SUPP,,,,SUPP,SUPP,,,,SUPP,SUPP,,,,SUPP,SUPP,,,,SUPP,SUPP,,,,SUPP,SUPP,,,,SUPP,SUPP,,,,SUPP,SUPP,29,100%,0,0%,2,7%,3,10%,5,17%,25,12%,88%,64%,8%,SUPP,SUPP,SUPP,SUPP,,,,,,,,,,109,106,22,5%,95%,45%,5%,SUPP,SUPP,SUPP,SUPP,1.5,-1.3,4.3,-1.7,-4.3,1.0,-0.8,-3.4,1.8,108,105,76,58%,5%,108,104
1,18574,919,3350,117442,Norton St Nicholas CofE (VA) Primary School,Norton Road,,,Letchworth Garden City,SG6 1AG,01462623322,E14001393,North East Hertfordshire,0,,,VA,0,Church of England,3-11,0,0,233,30,30,17,13,57%,43%,,,,,,,,,,5,17%,25,83%,2,7%,29,97%,77%,7%,,,,,,,,,,,,,83%,40%,3%,107,77%,33%,3%,105,83%,37%,3%,107,80%,10%,20%,0%,83%,0%,82%,69%,,,,SUPP,SUPP,SUPP,SUPP,76%,0%,15%,,,,SUPP,SUPP,SUPP,SUPP,7%,,,,,,,,,,,,,,,,,,,,,,,,,,,,,,,,,,,,,,,,,,,,,,,,,,,,,,,,,,,,,,,,,,,,,,,,,,,,,,,,,,,,,107,107,,,,SUPP,SUPP,SUPP,107,109,104,,,,SUPP,SUPP,SUPP,106,106,105,,,,SUPP,SUPP,SUPP,105,,,,SUPP,SUPP,,,,SUPP,SUPP,,,,SUPP,SUPP,,,,SUPP,SUPP,,,,SUPP,SUPP,,,,SUPP,SUPP,,,,SUPP,SUPP,,,,SUPP,SUPP,28,93%,0,0%,0,0%,5,17%,5,17%,28,18%,82%,79%,11%,SUPP,SUPP,SUPP,SUPP,,,,,,,,,,106,106,28,21%,79%,64%,11%,33%,0%,73%,14%,3.3,0.9,5.7,0.6,-1.7,2.8,2.9,0.7,5.1,107,106,86,73%,9%,107,106
1,26960,919,3367,148495,St Thomas of Canterbury Catholic Primary School,High Street,Puckeridge,,Ware,SG11 1RZ,01920821450,E14001393,North East Hertfordshire,0,,,ACC,0,Roman Catholic,3-11,0,0,122,15,16,10,6,63%,38%,,,,,,,,,,2,13%,14,88%,2,13%,15,94%,56%,13%,,,,,,,,,,,,,81%,38%,0%,107,63%,31%,0%,107,81%,31%,0%,106,56%,25%,31%,0%,56%,0%,40%,83%,,,,SUPP,SUPP,SUPP,SUPP,60%,10%,17%,,,,SUPP,SUPP,SUPP,SUPP,13%,,,,,,,,,,,,,,,,,,,,,,,,,,,,,,,,,,,,,,,,,,,,,,,,,,,,,,,,,,,,,,,,,,,,,,,,,,,,,,,,,,,,,108,107,,,,SUPP,SUPP,SUPP,107,107,105,,,,SUPP,SUPP,SUPP,106,105,110,,,,SUPP,SUPP,SUPP,107,,,,SUPP,SUPP,,,,SUPP,SUPP,,,,SUPP,SUPP,,,,SUPP,SUPP,,,,SUPP,SUPP,,,,SUPP,SUPP,,,,SUPP,SUPP,,,,SUPP,SUPP,14,88%,0,0%,1,6%,2,13%,3,19%,12,33%,67%,58%,0%,SUPP,SUPP,SUPP,SUPP,,,,,,,,,,105,103,17,6%,94%,59%,18%,SUPP,SUPP,SUPP,SUPP,0.4,-2.6,3.4,-0.8,-3.6,2.1,0.2,-2.6,3.0,106,105,45,58%,11%,106,105
1,28862,919,3368,117455,Stapleford Primary School,Church Lane,Stapleford,,Hertford,SG14 3NB,01992583341,E14001393,North East Hertfordshire,0,,,VA,0,Church of England,3-11,0,0,74,5,4,SUPP,SUPP,SUPP,SUPP,,,,,,,,,,SUPP,SUPP,SUPP,SUPP,SUPP,SUPP,SUPP,SUPP,SUPP,SUPP,,,,,,,,,,,,,SUPP,SUPP,SUPP,SUPP,SUPP,SUPP,SUPP,SUPP,SUPP,SUPP,SUPP,SUPP,SUPP,SUPP,SUPP,SUPP,SUPP,SUPP,,SUPP,,,,,SUPP,,,SUPP,,SUPP,,,,,SUPP,,,SUPP,,,,,,,,,,,,,,,,,,,,,,,,,,,,,,,,,,,,,,,,,,,,,,,,,,,,,,,,,,,,,,,,,,,,,,,,,,,,,,,,,,,,,,SUPP,,,,,SUPP,,SUPP,,SUPP,,,,,SUPP,,SUPP,,SUPP,,,,,SUPP,,SUPP,,,,,SUPP,,,,,SUPP,,,,,SUPP,,,,,SUPP,,,,,SUPP,,,,,SUPP,,,,,SUPP,,,,,SUPP,SUPP,SUPP,SUPP,SUPP,SUPP,SUPP,SUPP,SUPP,SUPP,SUPP,11,9%,91%,73%,9%,SUPP,SUPP,SUPP,SUPP,,,,,,,,,,109,105,8,25%,75%,63%,13%,SUPP,SUPP,SUPP,SUPP,0.9,-3.5,5.3,3.5,-0.7,7.7,-0.5,-4.6,3.6,105,103,23,74%,9%,108,105
1,19404,919,3382,117464,Our Lady Catholic Primary School,Woodhall Lane,,,Welwyn Garden City,AL7 3TF,01707324408,E14001573,Welwyn Hatfield,0,,,VA,0,Roman Catholic,4-11,0,0,208,31,30,17,13,57%,43%,,,,,,,,,,7,23%,23,77%,5,17%,29,97%,70%,20%,,,,,,,,,,,,,87%,37%,0%,107,87%,47%,0%,109,77%,30%,0%,106,73%,23%,27%,0%,80%,0%,71%,69%,,,,43%,78%,-26,SUPP,72%,6%,38%,,,,0%,26%,-11,SUPP,21%,,,,,,,,,,,,,,,,,,,,,,,,,,,,,,,,,,,,,,,,,,,,,,,,,,,,,,,,,,,,,,,,,,,,,,,,,,,,,,,,,,,,,106,109,,,,103,109,SUPP,107,105,108,,,,102,107,SUPP,106,107,112,,,,105,110,SUPP,109,,,,100%,83%,,,,100%,83%,,,,57%,83%,,,,57%,78%,,,,0%,48%,,,,0%,61%,,,,0%,39%,,,,0%,30%,25,83%,0,0%,0,0%,3,10%,3,10%,30,10%,90%,63%,17%,SUPP,SUPP,SUPP,SUPP,,,,,,,,,,106,107,28,0%,100%,75%,18%,,,SUPP,SUPP,3.9,1.6,6.2,1.1,-1.1,3.4,1.3,-0.9,3.5,109,106,88,69%,18%,108,106
1,22456,919,3385,117467,"St Andrew's Church of England Voluntary Aided Primary School, Hitchin",Benslow Lane,,,Hitchin,SG4 9RD,01462459160,E14001289,Hitchin,0,,,VA,0,Church of England,4-11,0,0,253,31,31,12,19,39%,61%,,,,,,,,,,4,13%,27,87%,3,10%,31,100%,68%,0%,,,,,,,,,,,,,94%,42%,0%,109,87%,29%,0%,107,90%,48%,0%,108,74%,3%,26%,0%,84%,0%,75%,63%,,,,SUPP,SUPP,SUPP,SUPP,68%,0%,0%,,,,SUPP,SUPP,SUPP,SUPP,0%,,,,,,,,,,,,,,,,,,,,,,,,,,,,,,,,,,,,,,,,,,,,,,,,,,,,,,,,,,,,,,,,,,,,,,,,,,,,,,,,,,,,,111,107,,,,SUPP,SUPP,SUPP,109,111,106,,,,SUPP,SUPP,SUPP,108,108,106,,,,SUPP,SUPP,SUPP,107,,,,SUPP,SUPP,,,,SUPP,SUPP,,,,SUPP,SUPP,,,,SUPP,SUPP,,,,SUPP,SUPP,,,,SUPP,SUPP,,,,SUPP,SUPP,,,,SUPP,SUPP,28,90%,0,0%,0,0%,2,6%,2,6%,30,10%,90%,70%,7%,SUPP,SUPP,SUPP,SUPP,,,,,,,,,,109,106,30,3%,97%,80%,10%,SUPP,SUPP,SUPP,SUPP,3.6,1.3,5.9,2.1,-0.1,4.3,1.3,-0.9,3.4,110,107,91,73%,5%,109,107
1,19406,919,3399,138322,Our Lady Catholic Primary School,Old Hale Way,,,Hitchin,SG5 1XT,01462622555,E14001289,Hitchin,0,,,ACC,0,Roman Catholic,5-11,0,0,166,29,30,18,12,60%,40%,,,,,,,,,,5,17%,25,83%,3,10%,27,90%,57%,7%,,,,,,,,,,,,,90%,47%,0%,108,87%,20%,0%,105,77%,27%,0%,105,63%,7%,30%,0%,87%,0%,50%,67%,,,,SUPP,SUPP,SUPP,SUPP,56%,11%,0%,,,,SUPP,SUPP,SUPP,SUPP,4%,,,,,,,,,,,,,,,,,,,,,,,,,,,,,,,,,,,,,,,,,,,,,,,,,,,,,,,,,,,,,,,,,,,,,,,,,,,,,,,,,,,,,107,108,,,,SUPP,SUPP,SUPP,108,105,104,,,,SUPP,SUPP,SUPP,105,103,107,,,,SUPP,SUPP,SUPP,104,,,,SUPP,SUPP,,,,SUPP,SUPP,,,,SUPP,SUPP,,,,SUPP,SUPP,,,,SUPP,SUPP,,,,SUPP,SUPP,,,,SUPP,SUPP,,,,SUPP,SUPP,27,90%,0,0%,1,3%,4,13%,5,17%,32,13%,88%,63%,13%,SUPP,SUPP,SUPP,SUPP,,,,,,,,,,107,104,31,19%,81%,61%,26%,17%,17%,72%,28%,2.2,0.0,4.5,1.8,-0.4,3.9,1.8,-0.3,3.9,107,106,93,60%,15%,107,105
1,26938,919,3400,138354,St Thomas More Roman Catholic Primary School,Highfield,,,Letchworth Garden City,SG6 3QB,01462620670,E14001393,North East Hertfordshire,0,,,ACC,0,Roman Catholic,3-11,0,0,222,29,29,19,10,66%,34%,,,,,,,,,,0,0%,29,100%,12,41%,29,100%,62%,7%,,,,,,,,,,,,,93%,38%,0%,108,86%,48%,0%,108,83%,24%,0%,104,66%,17%,34%,0%,86%,0%,53%,80%,,,,,SUPP,,67%,62%,5%,10%,,,,,SUPP,,17%,7%,,,,,,,,,,,,,,,,,,,,,,,,,,,,,,,,,,,,,,,,,,,,,,,,,,,,,,,,,,,,,,,,,,,,,,,,,,,,,,,,,,,,,104,115,,,,,SUPP,108,108,104,105,,,,,SUPP,102,104,105,113,,,,,SUPP,109,108,,,,,SUPP,,,,,SUPP,,,,,SUPP,,,,,SUPP,,,,,SUPP,,,,,SUPP,,,,,SUPP,,,,,SUPP,17,59%,0,0%,1,3%,4,14%,5,17%,30,13%,87%,73%,10%,SUPP,SUPP,SUPP,SUPP,,,,,,,,,,108,105,30,7%,93%,73%,17%,SUPP,SUPP,SUPP,SUPP,-1.7,-4.0,0.5,1.1,-1.1,3.2,-1.2,-3.3,0.9,106,105,89,70%,11%,107,105
1,12664,919,3985,146903,Holy Rood Catholic Primary School,Greenbank Road,,,Watford,WD17 4FS,01923223785,E14001568,Watford,0,,,ACC,0,Roman Catholic,3-11,0,0,456,63,64,34,30,53%,47%,,,,,,,,,,3,5%,61,95%,10,16%,63,98%,84%,17%,,,,,,,,,,,,,97%,59%,0%,111,91%,59%,0%,112,94%,53%,0%,110,84%,19%,14%,0%,91%,0%,76%,93%,,,,SUPP,SUPP,SUPP,80%,86%,15%,20%,,,,SUPP,SUPP,SUPP,0%,17%,,,,,,,,,,,,,,,,,,,,,,,,,,,,,,,,,,,,,,,,,,,,,,,,,,,,,,,,,,,,,,,,,,,,,,,,,,,,,,,,,,,,,111,111,,,,SUPP,SUPP,108,111,111,109,,,,SUPP,SUPP,107,110,111,112,,,,SUPP,SUPP,110,112,,,,SUPP,SUPP,,,,SUPP,SUPP,,,,SUPP,SUPP,,,,SUPP,SUPP,,,,SUPP,SUPP,,,,SUPP,SUPP,,,,SUPP,SUPP,,,,SUPP,SUPP,54,84%,0,0%,2,3%,6,9%,8,13%,64,13%,88%,77%,11%,50%,0%,80%,13%,,,,,,,,,,110,109,60,10%,90%,80%,20%,67%,0%,81%,22%,2.2,0.6,3.8,1.2,-0.4,2.7,2.0,0.5,3.5,109,108,188,80%,16%,110,109
1,29266,919,3986,137351,Summercroft Primary School,Plaw Hatch Close,,,Bishop's Stortford,CM23 5BJ,01279307477,E14001283,Hertford and Stortford,0,,,ACC,0,Does not apply,3-11,0,0,443,63,62,39,23,63%,37%,,,,,,,,,,9,15%,53,85%,7,11%,62,100%,73%,15%,,,,,,,,,,,,,84%,40%,3%,109,77%,52%,0%,109,81%,48%,2%,108,76%,19%,8%,0%,79%,0%,64%,87%,,,,33%,79%,-36,71%,73%,15%,13%,,,,11%,15%,0,0%,15%,,,,,,,,,,,,,,,,,,,,,,,,,,,,,,,,,,,,,,,,,,,,,,,,,,,,,,,,,,,,,,,,,,,,,,,,,,,,,,,,,,,,,108,111,,,,107,110,109,109,108,109,,,,104,109,110,108,108,111,,,,109,109,107,109,,,,56%,89%,,,,56%,81%,,,,44%,87%,,,,44%,81%,,,,22%,43%,,,,44%,53%,,,,22%,53%,,,,11%,21%,55,89%,0,0%,7,11%,6,10%,13,21%,59,10%,90%,71%,10%,33%,0%,75%,11%,,,,,,,,,,108,108,59,8%,92%,75%,14%,SUPP,SUPP,SUPP,SUPP,3.7,2.0,5.3,0.4,-1.2,2.0,3.2,1.6,4.8,111,109,180,73%,13%,109,108
1,27226,919,4003,138582,Samuel Ryder Academy,Drakes Drive,,,St Albans,AL1 5AR,01727859382,E14001507,St Albans,0,,,AC,0,None,4-19,0,0,1577,61,60,35,25,58%,42%,,,,,,,,,,8,13%,52,87%,6,10%,58,97%,80%,20%,,,,,,,,,,,,,93%,55%,0%,110,90%,60%,0%,110,95%,57%,0%,110,82%,20%,12%,0%,93%,0%,77%,84%,,,,63%,83%,-6,83%,79%,17%,24%,,,,0%,23%,-11,0%,21%,,,,,,,,,,,,,,,,,,,,,,,,,,,,,,,,,,,,,,,,,,,,,,,,,,,,,,,,,,,,,,,,,,,,,,,,,,,,,,,,,,,,,110,110,,,,104,111,108,110,111,108,,,,105,111,107,110,110,111,,,,103,112,106,110,,,,63%,98%,,,,63%,94%,,,,75%,98%,,,,63%,85%,,,,25%,60%,,,,38%,63%,,,,50%,58%,,,,0%,23%,54,90%,0,0%,0,0%,8,13%,8,13%,60,10%,90%,73%,7%,50%,0%,76%,7%,,,,,,,,,,108,107,60,15%,85%,73%,18%,78%,0%,73%,22%,1.9,0.3,3.5,2.0,0.5,3.6,1.9,0.4,3.4,107,107,180,76%,15%,108,108
1,23674,919,5204,117564,St Giles' CofE Primary School,Blanche Lane,South Mimms,,Potters Bar,EN6 3PE,01707642170,E14001284,Hertsmere,0,,,VA,0,Church of England,4-11,0,0,84,16,15,4,11,27%,73%,,,,,,,,,,5,33%,10,67%,1,7%,13,87%,40%,0%,,,,,,,,,,,,,73%,20%,0%,105,60%,0%,0%,100,40%,7%,0%,98,67%,0%,33%,0%,67%,0%,SUPP,27%,,,,SUPP,SUPP,SUPP,SUPP,31%,SUPP,0%,,,,SUPP,SUPP,SUPP,SUPP,0%,,,,,,,,,,,,,,,,,,,,,,,,,,,,,,,,,,,,,,,,,,,,,,,,,,,,,,,,,,,,,,,,,,,,,,,,,,,,,,,,,,,,,SUPP,103,,,,SUPP,SUPP,SUPP,104,SUPP,96,,,,SUPP,SUPP,SUPP,96,SUPP,99,,,,SUPP,SUPP,SUPP,99,,,,SUPP,SUPP,,,,SUPP,SUPP,,,,SUPP,SUPP,,,,SUPP,SUPP,,,,SUPP,SUPP,,,,SUPP,SUPP,,,,SUPP,SUPP,,,,SUPP,SUPP,14,93%,0,0%,0,0%,4,27%,4,27%,13,46%,54%,38%,8%,17%,0%,57%,14%,,,,,,,,,,102,98,12,58%,42%,17%,0%,SUPP,SUPP,SUPP,SUPP,0.7,-3.0,4.5,-4.1,-7.6,-0.5,-2.0,-5.5,1.5,98,95,40,33%,3%,102,97
1,15466,919,5207,117567,Little Heath Primary School,School Road,,,Potters Bar,EN6 1JW,01707652104,E14001573,Welwyn Hatfield,0,,,FD,0,None,3-11,0,0,234,30,30,14,16,47%,53%,,,,,,,,,,6,20%,24,80%,11,37%,25,83%,63%,7%,,,,,,,,,,,,,87%,40%,0%,108,90%,23%,0%,107,73%,10%,0%,103,67%,7%,33%,0%,77%,0%,64%,63%,,,,33%,71%,-36,55%,68%,0%,13%,,,,0%,8%,-11,9%,4%,,,,,,,,,,,,,,,,,,,,,,,,,,,,,,,,,,,,,,,,,,,,,,,,,,,,,,,,,,,,,,,,,,,,,,,,,,,,,,,,,,,,,107,108,,,,104,108,108,108,102,103,,,,98,104,103,103,105,108,,,,105,108,109,107,,,,67%,92%,,,,100%,88%,,,,50%,79%,,,,50%,71%,,,,17%,46%,,,,17%,25%,,,,0%,13%,,,,0%,8%,19,63%,0,0%,0,0%,5,17%,5,17%,29,14%,86%,55%,7%,SUPP,SUPP,SUPP,SUPP,,,,,,,,,,103,103,30,20%,80%,73%,10%,50%,0%,79%,13%,-0.5,-2.8,1.7,1.1,-1.1,3.2,-0.5,-2.6,1.7,106,105,89,64%,8%,105,104
2,6136,919,7011,117670,Colnbrook School,Hayling Road,,,Watford,WD19 7UY,02084281281,E14001496,South West Hertfordshire,0,,,CYS,0,Does not apply,4-11,0,0,129,24,24,20,4,83%,17%,,,,,,,,,,7,29%,17,71%,4,17%,22,92%,0%,0%,,,,,,,,,,,,,0%,0%,0%,,0%,0%,0%,,0%,0%,0%,,0%,0%,0%,0%,0%,0%,0%,SUPP,,,,0%,0%,-69,SUPP,0%,0%,SUPP,,,,0%,0%,-11,SUPP,0%,,,,,,,,,,,,,,,,,,,,,,,,,,,,,,,,,,,,,,,,,,,,,,,,,,,,,,,,,,,,,,,,,,,,,,,,,,,,,,,,,,,,,,SUPP,,,,,,SUPP,,,SUPP,,,,,,SUPP,,,SUPP,,,,,,SUPP,,,,,0%,0%,,,,0%,0%,,,,0%,0%,,,,0%,0%,,,,0%,0%,,,,0%,0%,,,,0%,0%,,,,0%,0%,20,83%,0,0%,24,100%,0,0%,24,100%,23,57%,43%,0%,0%,0%,0%,0%,0%,,,,,,,,,,,,28,43%,57%,0%,0%,0%,0%,0%,0%,-5.0,-7.3,-2.6,-3.3,-5.6,-1.1,-4.5,-6.8,-2.3,,,75,0%,0%
2,24844,919,7012,117671,St Luke's School,Crouch Hall Lane,Redbourn,,St Albans,AL3 7ET,01582626727,E14001268,Harpenden and Berkhamsted,0,,,FDS,0,Does not apply,7-16,0,0,178,5,5,SUPP,SUPP,SUPP,SUPP,,,,,,,,,,SUPP,SUPP,SUPP,SUPP,SUPP,SUPP,SUPP,SUPP,SUPP,SUPP,,,,,,,,,,,,,SUPP,SUPP,SUPP,SUPP,SUPP,SUPP,SUPP,SUPP,SUPP,SUPP,SUPP,SUPP,SUPP,SUPP,SUPP,SUPP,SUPP,SUPP,SUPP,SUPP,,,,SUPP,,SUPP,,SUPP,SUPP,SUPP,,,,SUPP,,SUPP,,SUPP,,,,,,,,,,,,,,,,,,,,,,,,,,,,,,,,,,,,,,,,,,,,,,,,,,,,,,,,,,,,,,,,,,,,,,,,,,,,,,,,,,,,,SUPP,SUPP,,,,SUPP,,,SUPP,SUPP,SUPP,,,,SUPP,,,SUPP,SUPP,SUPP,,,,SUPP,,,SUPP,,,,SUPP,,,,,SUPP,,,,,SUPP,,,,,SUPP,,,,,SUPP,,,,,SUPP,,,,,SUPP,,,,,SUPP,,SUPP,SUPP,SUPP,SUPP,SUPP,SUPP,SUPP,SUPP,SUPP,SUPP,8,38%,63%,0%,0%,SUPP,SUPP,SUPP,SUPP,,,,,,,,,,,,11,45%,55%,0%,0%,SUPP,SUPP,SUPP,SUPP,-7.6,-11.7,-3.5,-3.6,-7.6,0.3,-7.9,-11.8,-4.1,,,24,0%,0%
2,31176,919,7026,117683,Watling View School,Watling View,,,St Albans,AL1 2NU,01727850560,E14001507,St Albans,0,,,CYS,0,Does not apply,2-19,0,0,111,6,6,5,1,83%,17%,,,,,,,,,,2,33%,4,67%,3,50%,6,100%,0%,0%,,,,,,,,,,,,,0%,0%,0%,,0%,0%,0%,,0%,0%,0%,,0%,0%,0%,0%,0%,0%,SUPP,SUPP,,,,SUPP,SUPP,SUPP,SUPP,0%,SUPP,SUPP,,,,SUPP,SUPP,SUPP,SUPP,0%,,,,,,,,,,,,,,,,,,,,,,,,,,,,,,,,,,,,,,,,,,,,,,,,,,,,,,,,,,,,,,,,,,,,,,,,,,,,,,,,,,,,,SUPP,SUPP,,,,SUPP,SUPP,SUPP,,SUPP,SUPP,,,,SUPP,SUPP,SUPP,,SUPP,SUPP,,,,SUPP,SUPP,SUPP,,,,,SUPP,SUPP,,,,SUPP,SUPP,,,,SUPP,SUPP,,,,SUPP,SUPP,,,,SUPP,SUPP,,,,SUPP,SUPP,,,,SUPP,SUPP,,,,SUPP,SUPP,3,50%,0,0%,6,100%,0,0%,6,100%,12,33%,67%,0%,0%,SUPP,SUPP,SUPP,SUPP,,,,,,,,,,,,6,50%,50%,0%,0%,SUPP,SUPP,SUPP,SUPP,SUPP,SUPP,SUPP,SUPP,SUPP,SUPP,SUPP,SUPP,SUPP,,,24,0%,0%
2,16658,919,7043,117691,Meadow Wood School,Coldharbour Lane,,,Bushey,WD23 4NN,02084204720,E14001284,Hertsmere,0,,,CYS,0,Does not apply,3-11,0,0,37,6,6,1,5,17%,83%,,,,,,,,,,4,67%,2,33%,0,0%,6,100%,0%,0%,,,,,,,,,,,,,0%,0%,0%,,0%,0%,0%,,0%,0%,0%,,0%,0%,0%,0%,0%,0%,SUPP,SUPP,,,,SUPP,SUPP,SUPP,,0%,SUPP,SUPP,,,,SUPP,SUPP,SUPP,,0%,,,,,,,,,,,,,,,,,,,,,,,,,,,,,,,,,,,,,,,,,,,,,,,,,,,,,,,,,,,,,,,,,,,,,,,,,,,,,,,,,,,,,SUPP,SUPP,,,,SUPP,SUPP,,,SUPP,SUPP,,,,SUPP,SUPP,,,SUPP,SUPP,,,,SUPP,SUPP,,,,,,SUPP,SUPP,,,,SUPP,SUPP,,,,SUPP,SUPP,,,,SUPP,SUPP,,,,SUPP,SUPP,,,,SUPP,SUPP,,,,SUPP,SUPP,,,,SUPP,SUPP,6,100%,0,0%,6,100%,0,0%,6,100%,6,17%,83%,0%,0%,SUPP,SUPP,SUPP,SUPP,,,,,,,,,,,,8,38%,63%,0%,0%,SUPP,SUPP,SUPP,SUPP,-10.6,-15.0,-6.2,-9.3,-13.5,-5.1,-10.8,-14.9,-6.7,,,20,0%,0%
2,28394,919,7044,130362,Southfield School,Woods Avenue,,,Hatfield,AL10 8NN,01707276504,E14001573,Welwyn Hatfield,0,,,CYS,0,Does not apply,4-11,0,0,102,11,11,9,2,82%,18%,,,,,,,,,,5,45%,6,55%,1,9%,9,82%,0%,0%,,,,,,,,,,,,,0%,0%,0%,,0%,0%,0%,,0%,0%,0%,,0%,0%,0%,0%,0%,0%,0%,SUPP,,,,SUPP,SUPP,SUPP,SUPP,0%,0%,SUPP,,,,SUPP,SUPP,SUPP,SUPP,0%,,,,,,,,,,,,,,,,,,,,,,,,,,,,,,,,,,,,,,,,,,,,,,,,,,,,,,,,,,,,,,,,,,,,,,,,,,,,,,,,,,,,,,SUPP,,,,SUPP,SUPP,SUPP,,,SUPP,,,,SUPP,SUPP,SUPP,,,SUPP,,,,SUPP,SUPP,SUPP,,,,,SUPP,SUPP,,,,SUPP,SUPP,,,,SUPP,SUPP,,,,SUPP,SUPP,,,,SUPP,SUPP,,,,SUPP,SUPP,,,,SUPP,SUPP,,,,SUPP,SUPP,10,91%,0,0%,11,100%,0,0%,11,100%,22,45%,55%,0%,0%,0%,0%,0%,0%,,,,,,,,,,,,21,57%,43%,0%,0%,0%,0%,0%,0%,-4.0,-6.9,-1.1,-1.9,-4.7,0.9,-3.3,-6.0,-0.5,,,54,0%,0%
1,2050,919,2020,145350,Beechfield School,Gammons Lane,,,Watford,WD24 5TY,01923221269,E14001568,Watford,0,,,ACC,0,Does not apply,3-11,0,0,458,60,60,26,34,43%,57%,,,,,,,,,,21,35%,39,65%,34,57%,60,100%,72%,3%,,,,,,,,,,,,,82%,25%,2%,106,80%,35%,0%,107,87%,23%,2%,106,77%,12%,22%,0%,87%,0%,73%,71%,,,,67%,74%,-2,65%,72%,0%,6%,,,,0%,5%,-11,3%,3%,,,,,,,,,,,,,,,,,,,,,,,,,,,,,,,,,,,,,,,,,,,,,,,,,,,,,,,,,,,,,,,,,,,,,,,,,,,,,,,,,,,,,104,107,,,,106,105,105,106,107,106,,,,104,107,106,106,106,107,,,,106,107,107,107,,,,86%,79%,,,,81%,79%,,,,76%,92%,,,,71%,79%,,,,29%,23%,,,,29%,38%,,,,10%,31%,,,,10%,13%,26,43%,0,0%,3,5%,13,22%,16,27%,52,17%,83%,71%,12%,78%,11%,70%,12%,,,,,,,,,,105,109,48,25%,75%,67%,10%,75%,8%,64%,11%,2.0,0.2,3.9,3.4,1.6,5.1,3.3,1.5,5.1,105,106,160,70%,8%,105,107
1,27734,919,2022,117096,Shepherd Primary,Shepherd's Lane,,,Rickmansworth,WD3 8JJ,01923773478,E14001496,South West Hertfordshire,0,,,CY,0,Does not apply,3-11,0,0,189,28,27,11,16,41%,59%,,,,,,,,,,11,41%,16,59%,6,22%,23,85%,37%,4%,,,,,,,,,,,,,48%,11%,4%,99,44%,7%,4%,100,52%,7%,4%,99,67%,7%,22%,4%,78%,4%,27%,44%,,,,18%,50%,-51,50%,39%,0%,6%,,,,0%,6%,-11,17%,0%,,,,,,,,,,,,,,,,,,,,,,,,,,,,,,,,,,,,,,,,,,,,,,,,,,,,,,,,,,,,,,,,,,,,,,,,,,,,,,,,,,,,,94,103,,,,98,100,101,99,99,100,,,,95,102,105,99,96,103,,,,96,103,106,100,,,,36%,56%,,,,18%,63%,,,,27%,69%,,,,45%,81%,,,,0%,19%,,,,0%,13%,,,,0%,13%,,,,0%,13%,21,78%,0,0%,0,0%,11,41%,11,41%,42,14%,86%,71%,2%,50%,0%,75%,3%,,,,,,,,,,107,109,41,27%,73%,54%,10%,18%,0%,67%,13%,-2.3,-4.4,-0.3,1.6,-0.4,3.6,-2.2,-4.1,-0.2,103,103,110,56%,5%,104,105
1,10426,919,2039,117105,Green Lanes Primary School,Green Lanes,,,Hatfield,AL10 9JY,01707262556,E14001573,Welwyn Hatfield,0,,,CY,0,Does not apply,5-11,0,0,417,61,61,32,29,52%,48%,,,,,,,,,,10,16%,51,84%,14,23%,58,95%,64%,5%,,,,,,,,,,,,,77%,38%,0%,107,77%,46%,0%,107,75%,31%,0%,106,69%,10%,25%,0%,84%,0%,56%,72%,,,,30%,71%,-39,79%,62%,9%,0%,,,,0%,6%,-11,7%,5%,,,,,,,,,,,,,,,,,,,,,,,,,,,,,,,,,,,,,,,,,,,,,,,,,,,,,,,,,,,,,,,,,,,,,,,,,,,,,,,,,,,,,107,106,,,,100,108,108,107,107,105,,,,101,107,108,105,107,107,,,,103,108,109,107,,,,60%,80%,,,,70%,78%,,,,40%,82%,,,,50%,73%,,,,0%,45%,,,,30%,49%,,,,10%,35%,,,,0%,12%,47,77%,0,0%,3,5%,7,11%,10,16%,58,0%,100%,69%,17%,,,SUPP,SUPP,,,,,,,,,,108,107,60,12%,88%,57%,7%,29%,0%,60%,8%,1.3,-0.3,2.9,-2.5,-4.1,-1.0,1.7,0.2,3.2,106,105,179,63%,9%,107,106
1,33336,919,2054,142862,Yavneh Primary School,Hillside Avenue,,,Borehamwood,WD6 1HL,02087365580,E14001284,Hertsmere,0,,,F,0,Orthodox Jewish,4-11,0,0,419,62,60,25,35,42%,58%,,,,,,,,,,2,3%,58,97%,0,0%,59,98%,78%,13%,,,,,,,,,,,,,92%,50%,0%,109,93%,47%,0%,109,95%,38%,0%,108,85%,20%,15%,0%,93%,0%,60%,91%,,,,SUPP,SUPP,SUPP,,80%,8%,17%,,,,SUPP,SUPP,SUPP,,14%,,,,,,,,,,,,,,,,,,,,,,,,,,,,,,,,,,,,,,,,,,,,,,,,,,,,,,,,,,,,,,,,,,,,,,,,,,,,,,,,,,,,,107,110,,,,SUPP,SUPP,,109,108,108,,,,SUPP,SUPP,,108,107,110,,,,SUPP,SUPP,,109,,,,SUPP,SUPP,,,,SUPP,SUPP,,,,SUPP,SUPP,,,,SUPP,SUPP,,,,SUPP,SUPP,,,,SUPP,SUPP,,,,SUPP,SUPP,,,,SUPP,SUPP,60,100%,0,0%,3,5%,10,17%,13,22%,62,10%,90%,71%,6%,50%,0%,73%,7%,,,,,,,,,,106,107,59,5%,95%,75%,10%,SUPP,SUPP,SUPP,SUPP,-0.6,-2.2,1.0,0.2,-1.3,1.8,2.5,1.0,4.0,106,108,181,75%,10%,107,108
1,2018,919,2071,144959,Bedmond Academy,Meadow Way,Bedmond,,Abbots Langley,WD5 0RD,01923262825,E14001496,South West Hertfordshire,0,,,AC,0,Does not apply,3-11,0,0,113,14,15,7,8,47%,53%,,,,,,,,,,3,20%,12,80%,3,20%,11,73%,33%,0%,,,,,,,,,,,,,60%,27%,0%,102,47%,0%,0%,101,40%,7%,0%,99,53%,0%,40%,0%,73%,0%,57%,13%,,,,SUPP,SUPP,SUPP,SUPP,27%,0%,0%,,,,SUPP,SUPP,SUPP,SUPP,0%,,,,,,,,,,,,,,,,,,,,,,,,,,,,,,,,,,,,,,,,,,,,,,,,,,,,,,,,,,,,,,,,,,,,,,,,,,,,,,,,,,,,,104,100,,,,SUPP,SUPP,SUPP,102,103,95,,,,SUPP,SUPP,SUPP,99,103,99,,,,SUPP,SUPP,SUPP,100,,,,SUPP,SUPP,,,,SUPP,SUPP,,,,SUPP,SUPP,,,,SUPP,SUPP,,,,SUPP,SUPP,,,,SUPP,SUPP,,,,SUPP,SUPP,,,,SUPP,SUPP,12,80%,0,0%,2,13%,5,33%,7,47%,5,SUPP,SUPP,SUPP,SUPP,SUPP,SUPP,SUPP,SUPP,,,,,,,,,,SUPP,SUPP,20,30%,70%,20%,0%,0%,0%,29%,0%,-3.5,-6.3,-0.7,-6.1,-8.8,-3.3,-7.2,-9.8,-4.5,102,96,40,28%,0%,102,97
1,15458,919,2073,117126,Little Hadham Primary School,Stortford Road,Little Hadham,,Ware,SG11 2DX,01279771285,E14001393,North East Hertfordshire,0,,,CY,0,Does not apply,3-11,0,0,139,22,22,15,7,68%,32%,,,,,,,,,,7,32%,15,68%,1,5%,20,91%,82%,23%,,,,,,,,,,,,,91%,64%,0%,109,95%,64%,0%,112,91%,68%,0%,111,86%,23%,14%,0%,86%,0%,93%,57%,,,,43%,100%,-26,SUPP,80%,20%,29%,,,,0%,33%,-11,SUPP,25%,,,,,,,,,,,,,,,,,,,,,,,,,,,,,,,,,,,,,,,,,,,,,,,,,,,,,,,,,,,,,,,,,,,,,,,,,,,,,,,,,,,,,111,106,,,,103,112,SUPP,109,112,108,,,,103,114,SUPP,110,113,111,,,,105,116,SUPP,112,,,,71%,100%,,,,86%,100%,,,,71%,100%,,,,57%,100%,,,,29%,80%,,,,14%,87%,,,,14%,93%,,,,0%,33%,21,95%,0,0%,0,0%,1,5%,1,5%,21,24%,76%,71%,14%,SUPP,SUPP,SUPP,SUPP,,,,,,,,,,109,107,20,15%,85%,80%,25%,SUPP,SUPP,SUPP,SUPP,4.3,1.3,7.4,0.0,-3.0,3.0,3.8,0.9,6.7,112,111,63,78%,21%,110,110
1,14804,919,2088,146359,Larkspur Academy,Tower Road,,,Ware,SG12 7LP,01920411000,E14001283,Hertford and Stortford,0,,,AC,0,Does not apply,3-11,0,0,87,11,11,6,5,55%,45%,,,,,,,,,,5,45%,6,55%,1,9%,10,91%,82%,9%,,,,,,,,,,,,,91%,45%,0%,107,82%,9%,0%,104,82%,18%,0%,105,82%,9%,18%,0%,82%,0%,83%,SUPP,,,,SUPP,SUPP,SUPP,SUPP,80%,17%,SUPP,,,,SUPP,SUPP,SUPP,SUPP,10%,,,,,,,,,,,,,,,,,,,,,,,,,,,,,,,,,,,,,,,,,,,,,,,,,,,,,,,,,,,,,,,,,,,,,,,,,,,,,,,,,,,,,105,SUPP,,,,SUPP,SUPP,SUPP,107,105,SUPP,,,,SUPP,SUPP,SUPP,105,104,SUPP,,,,SUPP,SUPP,SUPP,104,,,,SUPP,SUPP,,,,SUPP,SUPP,,,,SUPP,SUPP,,,,SUPP,SUPP,,,,SUPP,SUPP,,,,SUPP,SUPP,,,,SUPP,SUPP,,,,SUPP,SUPP,10,91%,0,0%,1,9%,2,18%,3,27%,20,45%,55%,60%,10%,33%,0%,82%,18%,,,,,,,,,,104,103,11,45%,55%,45%,9%,SUPP,SUPP,SUPP,SUPP,-1.0,-4.7,2.7,2.7,-0.8,6.3,-1.8,-5.3,1.7,102,101,42,62%,10%,104,103
1,27274,919,2105,117147,Sandon Junior Mixed and Infant School,Sandon,,,Nr Buntingford,SG9 0QS,01763287238,E14001393,North East Hertfordshire,0,,,CY,0,Does not apply,4-11,0,0,27,7,7,3,4,43%,57%,,,,,,,,,,2,29%,5,71%,0,0%,6,86%,57%,14%,,,,,,,,,,,,,57%,43%,14%,106,57%,29%,14%,106,57%,14%,14%,104,57%,14%,29%,14%,57%,14%,SUPP,SUPP,,,,SUPP,SUPP,SUPP,,67%,SUPP,SUPP,,,,SUPP,SUPP,SUPP,,17%,,,,,,,,,,,,,,,,,,,,,,,,,,,,,,,,,,,,,,,,,,,,,,,,,,,,,,,,,,,,,,,,,,,,,,,,,,,,,,,,,,,,,SUPP,SUPP,,,,SUPP,SUPP,,106,SUPP,SUPP,,,,SUPP,SUPP,,104,SUPP,SUPP,,,,SUPP,SUPP,,106,,,,SUPP,SUPP,,,,SUPP,SUPP,,,,SUPP,SUPP,,,,SUPP,SUPP,,,,SUPP,SUPP,,,,SUPP,SUPP,,,,SUPP,SUPP,,,,SUPP,SUPP,7,100%,0,0%,1,14%,1,14%,2,29%,7,0%,100%,71%,0%,,,SUPP,SUPP,,,,,,,,,,107,103,13,8%,92%,38%,8%,SUPP,SUPP,SUPP,SUPP,1.5,-1.9,4.9,-3.3,-6.6,0.0,-1.5,-4.7,1.7,105,101,27,52%,7%,106,102
1,19684,919,2137,144906,Oxhey Wood Primary School,Oxhey Drive,South Oxhey,,Watford,WD19 7SL,02084284828,E14001496,South West Hertfordshire,0,,,ACC,0,Does not apply,3-11,0,0,396,57,57,27,30,47%,53%,,,,,,,,,,24,42%,33,58%,32,56%,45,79%,75%,14%,,,,,,,,,,,,,88%,51%,0%,107,86%,37%,0%,107,88%,42%,0%,108,77%,18%,14%,0%,82%,0%,63%,87%,,,,71%,79%,2,81%,73%,7%,20%,,,,4%,21%,-7,22%,18%,,,,,,,,,,,,,,,,,,,,,,,,,,,,,,,,,,,,,,,,,,,,,,,,,,,,,,,,,,,,,,,,,,,,,,,,,,,,,,,,,,,,,104,110,,,,107,108,108,107,108,108,,,,105,110,111,108,106,108,,,,104,109,109,107,,,,88%,88%,,,,88%,85%,,,,88%,88%,,,,71%,82%,,,,46%,55%,,,,13%,55%,,,,25%,55%,,,,4%,27%,25,44%,0,0%,6,11%,8,14%,14,25%,47,32%,68%,72%,6%,53%,0%,81%,9%,,,,,,,,,,105,107,43,40%,60%,74%,7%,53%,6%,88%,8%,2.0,0.0,3.9,0.7,-1.1,2.6,2.1,0.2,3.9,106,106,147,74%,10%,106,107
1,31184,919,2139,117171,Watton-at-Stone Primary and Nursery School,Rectory Lane,Watton-At-Stone,,Hertford,SG14 3SG,01920830233,E14001393,North East Hertfordshire,0,,,CY,0,Does not apply,2-11,0,0,219,22,22,13,9,59%,41%,,,,,,,,,,2,9%,20,91%,2,9%,22,100%,73%,9%,,,,,,,,,,,,,91%,41%,0%,108,91%,27%,0%,108,91%,27%,0%,108,73%,14%,23%,0%,86%,0%,62%,89%,,,,SUPP,SUPP,SUPP,SUPP,73%,8%,11%,,,,SUPP,SUPP,SUPP,SUPP,9%,,,,,,,,,,,,,,,,,,,,,,,,,,,,,,,,,,,,,,,,,,,,,,,,,,,,,,,,,,,,,,,,,,,,,,,,,,,,,,,,,,,,,107,110,,,,SUPP,SUPP,SUPP,108,109,108,,,,SUPP,SUPP,SUPP,108,107,109,,,,SUPP,SUPP,SUPP,108,,,,SUPP,SUPP,,,,SUPP,SUPP,,,,SUPP,SUPP,,,,SUPP,SUPP,,,,SUPP,SUPP,,,,SUPP,SUPP,,,,SUPP,SUPP,,,,SUPP,SUPP,20,91%,0,0%,2,9%,10,45%,12,55%,23,0%,100%,65%,17%,,,SUPP,SUPP,,,,,,,,,,107,105,27,19%,81%,59%,7%,SUPP,SUPP,SUPP,SUPP,-0.1,-2.4,2.3,0.4,-1.8,2.7,-1.4,-3.6,0.9,106,103,72,65%,11%,107,105
1,29294,919,2154,117182,Summerswood Primary School,Furzehill Road,,,Borehamwood,WD6 2DW,02089533139,E14001284,Hertsmere,0,,,CY,0,Does not apply,3-11,0,0,373,46,47,27,20,57%,43%,,,,,,,,,,17,36%,30,64%,17,36%,39,83%,40%,2%,,,,,,,,,,,,,60%,17%,0%,103,66%,9%,2%,102,57%,17%,0%,101,51%,2%,28%,2%,70%,2%,26%,60%,,,,29%,47%,-40,47%,46%,0%,5%,,,,0%,3%,-11,0%,3%,,,,,,,,,,,,,,,,,,,,,,,,,,,,,,,,,,,,,,,,,,,,,,,,,,,,,,,,,,,,,,,,,,,,,,,,,,,,,,,,,,,,,101,105,,,,102,103,103,103,99,104,,,,98,102,105,101,100,105,,,,102,102,104,102,,,,47%,67%,,,,65%,67%,,,,47%,63%,,,,47%,53%,,,,12%,20%,,,,0%,13%,,,,6%,23%,,,,0%,3%,30,64%,0,0%,4,9%,6,13%,10,21%,38,29%,71%,21%,3%,18%,0%,22%,4%,,,,,,,,,,99,97,40,20%,80%,40%,3%,13%,0%,47%,3%,-4.1,-6.2,-2.0,-1.3,-3.3,0.7,-6.2,-8.2,-4.2,102,99,125,34%,2%,101,99
1,16886,919,2156,145351,Meryfield Primary School,Theobald Street,,Theobald Street,Borehamwood,WD6 4PA,02089532106,E14001284,Hertsmere,0,,,ACC,0,Does not apply,3-11,0,0,435,52,48,23,25,48%,52%,,,,,,,,,,20,42%,28,58%,16,33%,43,90%,58%,8%,,,,,,,,,,,,,71%,23%,0%,104,71%,31%,0%,107,67%,15%,0%,105,73%,21%,10%,0%,75%,0%,52%,64%,,,,45%,68%,-24,75%,60%,4%,12%,,,,5%,11%,-6,19%,9%,,,,,,,,,,,,,,,,,,,,,,,,,,,,,,,,,,,,,,,,,,,,,,,,,,,,,,,,,,,,,,,,,,,,,,,,,,,,,,,,,,,,,104,105,,,,102,106,107,104,106,104,,,,104,105,109,105,108,107,,,,107,108,112,108,,,,50%,86%,,,,60%,79%,,,,60%,71%,,,,65%,79%,,,,15%,29%,,,,35%,29%,,,,10%,18%,,,,30%,14%,32,67%,0,0%,6,13%,13,27%,19,40%,51,35%,65%,57%,12%,44%,0%,64%,18%,,,,,,,,,,103,104,58,34%,66%,69%,19%,75%,10%,66%,24%,0.8,-0.9,2.5,0.5,-1.2,2.1,1.2,-0.4,2.8,106,106,157,62%,13%,105,105
1,2022,919,2188,117200,Bedwell Primary School,Bedwell Crescent,,,Stevenage,SG1 1NJ,01438351198,E14001516,Stevenage,0,,,CY,0,Does not apply,4-11,0,0,307,43,42,18,24,43%,57%,,,,,,,,,,14,33%,28,67%,13,31%,36,86%,55%,5%,,,,,,,,,,,,,67%,19%,0%,103,81%,36%,0%,106,71%,12%,0%,103,62%,12%,24%,0%,76%,0%,33%,71%,,,,50%,57%,-19,62%,56%,0%,8%,,,,7%,4%,-4,0%,3%,,,,,,,,,,,,,,,,,,,,,,,,,,,,,,,,,,,,,,,,,,,,,,,,,,,,,,,,,,,,,,,,,,,,,,,,,,,,,,,,,,,,,102,105,,,,104,103,103,104,102,103,,,,100,104,105,103,104,107,,,,106,106,108,106,,,,64%,68%,,,,86%,79%,,,,64%,75%,,,,57%,64%,,,,29%,14%,,,,43%,32%,,,,7%,14%,,,,21%,7%,29,69%,0,0%,2,5%,13,31%,15,36%,44,30%,70%,61%,0%,62%,0%,61%,0%,,,,,,,,,,105,104,45,47%,53%,51%,4%,33%,5%,67%,4%,0.7,-1.2,2.6,0.7,-1.1,2.6,0.0,-1.8,1.8,104,102,131,56%,3%,104,103
1,18844,919,2227,117222,Oakwood Primary School,Oakwood Drive,,,St Albans,AL4 0XA,01727753930,E14001507,St Albans,0,,,CY,0,Does not apply,4-11,0,0,313,46,47,21,26,45%,55%,,,,,,,,,,2,4%,45,96%,8,17%,46,98%,74%,11%,,,,,,,,,,,,,85%,49%,0%,109,91%,55%,0%,110,89%,34%,0%,107,79%,15%,17%,0%,85%,0%,67%,81%,,,,SUPP,SUPP,SUPP,75%,76%,0%,19%,,,,SUPP,SUPP,SUPP,13%,11%,,,,,,,,,,,,,,,,,,,,,,,,,,,,,,,,,,,,,,,,,,,,,,,,,,,,,,,,,,,,,,,,,,,,,,,,,,,,,,,,,,,,,107,110,,,,SUPP,SUPP,112,109,107,107,,,,SUPP,SUPP,111,107,110,111,,,,SUPP,SUPP,115,111,,,,SUPP,SUPP,,,,SUPP,SUPP,,,,SUPP,SUPP,,,,SUPP,SUPP,,,,SUPP,SUPP,,,,SUPP,SUPP,,,,SUPP,SUPP,,,,SUPP,SUPP,39,83%,0,0%,1,2%,12,26%,13,28%,47,6%,94%,64%,13%,SUPP,SUPP,SUPP,SUPP,,,,,,,,,,110,108,46,2%,98%,74%,13%,SUPP,SUPP,SUPP,SUPP,4.0,2.1,5.8,-1.1,-2.9,0.7,3.4,1.7,5.2,111,109,140,71%,12%,110,108
1,4258,919,2261,117242,Bushey Manor Junior School,Grange Road,,,Bushey,WD23 2QL,01923226362,E14001284,Hertsmere,0,,,CY,0,Does not apply,7-11,0,0,238,59,60,34,26,57%,43%,,,,,,,,,,7,12%,53,88%,13,22%,57,95%,68%,10%,,,,,,,,,,,,,78%,43%,2%,107,70%,13%,2%,103,83%,43%,2%,108,82%,17%,18%,0%,87%,0%,65%,73%,,,,43%,72%,-26,85%,68%,9%,12%,,,,0%,11%,-11,15%,11%,,,,,,,,,,,,,,,,,,,,,,,,,,,,,,,,,,,,,,,,,,,,,,,,,,,,,,,,,,,,,,,,,,,,,,,,,,,,,,,,,,,,,106,108,,,,102,108,109,107,108,107,,,,101,108,110,108,102,105,,,,100,104,107,103,,,,57%,81%,,,,43%,74%,,,,57%,87%,,,,57%,85%,,,,29%,45%,,,,14%,13%,,,,14%,47%,,,,14%,17%,47,78%,0,0%,0,0%,18,30%,18,30%,60,17%,83%,73%,7%,30%,0%,82%,8%,,,,,,,,,,107,105,53,19%,81%,79%,10%,44%,0%,86%,12%,1.2,-0.6,3.0,-1.5,-3.2,0.2,-0.8,-2.4,0.9,110,108,173,73%,9%,108,107
1,20414,919,2293,117256,Pixies Hill Primary School,Hazeldell Road,,,Hemel Hempstead,HP1 2BY,01442251793,E14001278,Hemel Hempstead,0,,,CY,0,Does not apply,4-11,0,0,210,29,29,14,15,48%,52%,,,,,,,,,,3,10%,26,90%,2,7%,28,97%,66%,10%,,,,,,,,,,,,,100%,48%,0%,109,72%,41%,0%,107,83%,28%,0%,106,76%,10%,24%,0%,83%,0%,50%,80%,,,,SUPP,SUPP,SUPP,SUPP,64%,7%,13%,,,,SUPP,SUPP,SUPP,SUPP,7%,,,,,,,,,,,,,,,,,,,,,,,,,,,,,,,,,,,,,,,,,,,,,,,,,,,,,,,,,,,,,,,,,,,,,,,,,,,,,,,,,,,,,106,111,,,,SUPP,SUPP,SUPP,109,105,107,,,,SUPP,SUPP,SUPP,105,104,109,,,,SUPP,SUPP,SUPP,106,,,,SUPP,SUPP,,,,SUPP,SUPP,,,,SUPP,SUPP,,,,SUPP,SUPP,,,,SUPP,SUPP,,,,SUPP,SUPP,,,,SUPP,SUPP,,,,SUPP,SUPP,27,93%,0,0%,0,0%,4,14%,4,14%,30,13%,87%,70%,10%,SUPP,SUPP,SUPP,SUPP,,,,,,,,,,106,105,30,13%,87%,67%,7%,SUPP,SUPP,SUPP,SUPP,1.0,-1.2,3.3,1.0,-1.2,3.2,1.5,-0.6,3.6,106,104,89,67%,9%,107,105
1,20416,919,2300,117259,Pixmore Junior School,Rushby Mead,,,Letchworth,SG6 1RS,01462620555,E14001393,North East Hertfordshire,0,,,CY,0,Does not apply,7-11,0,0,240,62,60,23,37,38%,62%,,,,,,,,,,17,28%,43,72%,2,3%,54,90%,30%,7%,,,,,,,,,,,,,60%,17%,0%,101,52%,10%,0%,100,52%,20%,0%,100,48%,7%,47%,0%,85%,0%,30%,30%,,,,6%,40%,-63,SUPP,31%,9%,5%,,,,6%,7%,-5,SUPP,6%,,,,,,,,,,,,,,,,,,,,,,,,,,,,,,,,,,,,,,,,,,,,,,,,,,,,,,,,,,,,,,,,,,,,,,,,,,,,,,,,,,,,,101,101,,,,97,103,SUPP,102,104,98,,,,98,101,SUPP,101,101,100,,,,97,101,SUPP,101,,,,47%,65%,,,,29%,60%,,,,35%,58%,,,,24%,58%,,,,6%,21%,,,,6%,12%,,,,6%,26%,,,,6%,7%,58,97%,0,0%,2,3%,7,12%,9,15%,59,41%,59%,58%,5%,42%,0%,69%,9%,,,,,,,,,,103,102,60,43%,57%,35%,0%,19%,0%,47%,0%,-1.9,-3.5,-0.2,-3.7,-5.3,-2.2,-2.2,-3.7,-0.7,103,101,179,41%,4%,102,101
1,18760,919,2302,117261,Oaklands Primary School,Great North Road,Oaklands,,Welwyn,AL6 0PX,01438715278,E14001573,Welwyn Hatfield,0,,,CY,0,Does not apply,4-11,0,0,190,26,25,14,11,56%,44%,,,,,,,,,,3,12%,22,88%,0,0%,23,92%,60%,8%,,,,,,,,,,,,,72%,32%,0%,106,80%,28%,0%,104,76%,20%,0%,104,76%,16%,24%,0%,84%,0%,57%,64%,,,,SUPP,SUPP,SUPP,,65%,14%,0%,,,,SUPP,SUPP,SUPP,,9%,,,,,,,,,,,,,,,,,,,,,,,,,,,,,,,,,,,,,,,,,,,,,,,,,,,,,,,,,,,,,,,,,,,,,,,,,,,,,,,,,,,,,106,105,,,,SUPP,SUPP,,107,105,102,,,,SUPP,SUPP,,105,104,105,,,,SUPP,SUPP,,105,,,,SUPP,SUPP,,,,SUPP,SUPP,,,,SUPP,SUPP,,,,SUPP,SUPP,,,,SUPP,SUPP,,,,SUPP,SUPP,,,,SUPP,SUPP,,,,SUPP,SUPP,25,100%,0,0%,3,12%,5,20%,8,32%,30,13%,87%,73%,7%,SUPP,SUPP,SUPP,SUPP,,,,,,,,,,108,105,27,11%,89%,67%,11%,SUPP,SUPP,SUPP,SUPP,1.0,-1.4,3.4,-0.3,-2.6,2.0,-0.1,-2.3,2.1,107,106,82,67%,9%,107,105
1,29794,919,2327,117277,Thorn Grove Primary School,Thorn Grove,,,Bishop's Stortford,CM23 5LD,01279653002,E14001283,Hertford and Stortford,0,,,CY,0,Does not apply,3-11,0,0,232,30,30,20,10,67%,33%,,,,,,,,,,4,13%,26,87%,8,27%,30,100%,60%,10%,,,,,,,,,,,,,80%,27%,0%,105,70%,30%,0%,104,77%,23%,0%,105,70%,10%,30%,0%,87%,0%,55%,70%,,,,SUPP,SUPP,SUPP,38%,60%,10%,10%,,,,SUPP,SUPP,SUPP,13%,10%,,,,,,,,,,,,,,,,,,,,,,,,,,,,,,,,,,,,,,,,,,,,,,,,,,,,,,,,,,,,,,,,,,,,,,,,,,,,,,,,,,,,,104,107,,,,SUPP,SUPP,104,105,106,105,,,,SUPP,SUPP,104,105,103,107,,,,SUPP,SUPP,103,104,,,,SUPP,SUPP,,,,SUPP,SUPP,,,,SUPP,SUPP,,,,SUPP,SUPP,,,,SUPP,SUPP,,,,SUPP,SUPP,,,,SUPP,SUPP,,,,SUPP,SUPP,22,73%,0,0%,3,10%,1,3%,4,13%,29,31%,69%,45%,7%,0%,0%,65%,10%,,,,,,,,,,105,104,31,19%,81%,58%,10%,17%,17%,68%,8%,0.2,-2.0,2.5,0.5,-1.6,2.6,-2.7,-4.7,-0.6,106,102,90,54%,9%,105,104
1,20616,919,2393,117315,Prae Wood Primary School,King Harry Lane,,,St Albans,AL3 4HZ,01727751930,E14001507,St Albans,0,,,CY,0,Does not apply,3-11,0,0,448,61,60,24,36,40%,60%,,,,,,,,,,0,0%,60,100%,14,23%,57,95%,87%,22%,,,,,,,,,,,,,92%,72%,3%,112,88%,43%,3%,109,90%,43%,3%,108,90%,32%,10%,0%,93%,0%,92%,83%,,,,,SUPP,,71%,88%,33%,14%,,,,,SUPP,,29%,21%,,,,,,,,,,,,,,,,,,,,,,,,,,,,,,,,,,,,,,,,,,,,,,,,,,,,,,,,,,,,,,,,,,,,,,,,,,,,,,,,,,,,,113,111,,,,,SUPP,111,112,110,106,,,,,SUPP,111,108,110,107,,,,,SUPP,110,109,,,,,SUPP,,,,,SUPP,,,,,SUPP,,,,,SUPP,,,,,SUPP,,,,,SUPP,,,,,SUPP,,,,,SUPP,46,77%,0,0%,2,3%,8,13%,10,17%,59,8%,92%,73%,3%,SUPP,SUPP,SUPP,SUPP,,,,,,,,,,108,106,56,9%,91%,79%,16%,SUPP,SUPP,SUPP,SUPP,2.7,1.0,4.5,1.0,-0.7,2.7,-0.4,-2.0,1.3,109,105,175,79%,14%,110,106
1,12530,919,2427,117336,Holtsmere End Junior School,Shenley Road,,,Hemel Hempstead,HP2 7JZ,01442253189,E14001278,Hemel Hempstead,0,,,CY,0,Does not apply,7-11,0,0,229,57,58,30,28,52%,48%,,,,,,,,,,20,34%,38,66%,21,36%,52,90%,53%,10%,,,,,,,,,,,,,67%,36%,0%,105,76%,28%,0%,105,67%,28%,0%,103,62%,19%,38%,0%,62%,0%,53%,54%,,,,35%,63%,-34,57%,56%,13%,7%,,,,5%,13%,-6,10%,12%,,,,,,,,,,,,,,,,,,,,,,,,,,,,,,,,,,,,,,,,,,,,,,,,,,,,,,,,,,,,,,,,,,,,,,,,,,,,,,,,,,,,,106,104,,,,102,106,107,105,104,102,,,,100,105,105,104,106,103,,,,102,106,107,106,,,,55%,74%,,,,60%,84%,,,,55%,74%,,,,45%,71%,,,,15%,47%,,,,15%,34%,,,,10%,37%,,,,5%,26%,36,62%,1,2%,5,9%,14,24%,19,33%,60,28%,72%,68%,15%,53%,18%,74%,14%,,,,,,,,,,104,105,60,28%,72%,60%,13%,47%,6%,65%,16%,0.1,-1.6,1.7,1.5,-0.1,3.1,0.1,-1.4,1.6,105,105,178,61%,13%,104,104
1,21870,919,2429,143409,Roselands Primary School,High Wood Road,,,Hoddesdon,EN11 9AR,01992442407,E14001139,Broxbourne,0,,,ACC,0,Does not apply,5-11,0,0,298,44,44,24,20,55%,45%,,,,,,,,,,9,20%,35,80%,1,2%,41,93%,50%,5%,,,,,,,,,,,,,68%,30%,0%,104,61%,16%,0%,102,66%,16%,0%,102,73%,9%,27%,0%,77%,0%,58%,40%,,,,33%,54%,-36,SUPP,54%,8%,0%,,,,0%,6%,-11,SUPP,5%,,,,,,,,,,,,,,,,,,,,,,,,,,,,,,,,,,,,,,,,,,,,,,,,,,,,,,,,,,,,,,,,,,,,,,,,,,,,,,,,,,,,,104,103,,,,100,105,SUPP,105,105,99,,,,98,103,SUPP,103,102,102,,,,99,102,SUPP,102,,,,78%,66%,,,,56%,63%,,,,44%,71%,,,,89%,69%,,,,0%,37%,,,,0%,20%,,,,0%,20%,,,,0%,11%,43,98%,0,0%,3,7%,12,27%,15,34%,43,12%,88%,49%,0%,SUPP,SUPP,SUPP,SUPP,,,,,,,,,,103,103,44,25%,75%,59%,14%,27%,0%,70%,18%,-2.2,-4.1,-0.4,-1.4,-3.1,0.4,-1.6,-3.4,0.1,104,104,131,53%,6%,104,103
1,10706,919,2436,145255,Grove Road Primary School,Grove Road,,,Tring,HP23 5PD,01442822056,E14001268,Harpenden and Berkhamsted,0,,,ACC,0,Does not apply,3-11,0,0,454,61,60,29,31,48%,52%,,,,,,,,,,10,17%,50,83%,4,7%,59,98%,70%,5%,,,,,,,,,,,,,92%,48%,0%,109,87%,37%,0%,108,83%,22%,0%,105,80%,28%,20%,0%,87%,0%,72%,68%,,,,40%,76%,-29,SUPP,69%,3%,6%,,,,0%,6%,-11,SUPP,5%,,,,,,,,,,,,,,,,,,,,,,,,,,,,,,,,,,,,,,,,,,,,,,,,,,,,,,,,,,,,,,,,,,,,,,,,,,,,,,,,,,,,,111,108,,,,106,110,SUPP,109,108,103,,,,103,106,SUPP,105,108,108,,,,103,109,SUPP,108,,,,80%,94%,,,,70%,90%,,,,80%,84%,,,,50%,86%,,,,30%,52%,,,,0%,44%,,,,10%,24%,,,,0%,34%,56,93%,0,0%,2,3%,12,20%,14,23%,59,14%,86%,69%,10%,13%,0%,78%,12%,,,,,,,,,,107,107,53,15%,85%,68%,19%,88%,25%,64%,18%,1.2,-0.5,3.0,1.9,0.3,3.6,0.9,-0.7,2.5,108,107,172,69%,11%,108,106
1,4096,919,2468,117367,Burleigh Primary School,Blindmans Lane,Cheshunt,,Waltham Cross,EN8 9DP,01992622159,E14001139,Broxbourne,0,,,CY,0,Does not apply,4-11,0,0,415,57,57,21,36,37%,63%,,,,,,,,,,16,28%,41,72%,17,30%,55,96%,61%,9%,,,,,,,,,,,,,75%,39%,0%,106,70%,26%,0%,105,70%,21%,0%,104,75%,14%,16%,0%,88%,0%,52%,67%,,,,38%,71%,-31,71%,62%,10%,8%,,,,0%,12%,-11,12%,9%,,,,,,,,,,,,,,,,,,,,,,,,,,,,,,,,,,,,,,,,,,,,,,,,,,,,,,,,,,,,,,,,,,,,,,,,,,,,,,,,,,,,,103,107,,,,101,107,106,106,104,104,,,,99,106,105,104,103,106,,,,101,106,107,105,,,,50%,85%,,,,44%,80%,,,,50%,78%,,,,63%,80%,,,,19%,46%,,,,6%,34%,,,,6%,27%,,,,0%,20%,40,70%,0,0%,2,4%,11,19%,13,23%,59,49%,51%,58%,3%,45%,0%,70%,7%,,,,,,,,,,106,104,57,37%,63%,58%,5%,43%,10%,67%,3%,-0.8,-2.5,0.8,0.5,-1.1,2.1,-2.1,-3.7,-0.6,104,101,173,59%,6%,105,103
1,17084,919,2997,117379,Millbrook School,Gews Corner,Cheshunt,,Waltham Cross,EN8 9BX,01992622975,E14001139,Broxbourne,0,,,CY,0,Does not apply,4-11,0,0,168,13,10,3,7,30%,70%,,,,,,,,,,2,20%,8,80%,7,70%,7,70%,60%,0%,,,,,,,,,,,,,60%,20%,0%,103,60%,40%,0%,104,60%,10%,0%,100,60%,0%,40%,0%,60%,0%,SUPP,57%,,,,SUPP,SUPP,SUPP,43%,57%,SUPP,0%,,,,SUPP,SUPP,SUPP,0%,0%,,,,,,,,,,,,,,,,,,,,,,,,,,,,,,,,,,,,,,,,,,,,,,,,,,,,,,,,,,,,,,,,,,,,,,,,,,,,,,,,,,,,,SUPP,104,,,,SUPP,SUPP,102,103,SUPP,100,,,,SUPP,SUPP,99,100,SUPP,104,,,,SUPP,SUPP,101,104,,,,SUPP,SUPP,,,,SUPP,SUPP,,,,SUPP,SUPP,,,,SUPP,SUPP,,,,SUPP,SUPP,,,,SUPP,SUPP,,,,SUPP,SUPP,,,,SUPP,SUPP,3,30%,0,0%,0,0%,3,30%,3,30%,19,26%,74%,53%,0%,SUPP,SUPP,SUPP,SUPP,,,,,,,,,,105,98,18,50%,50%,61%,6%,67%,11%,56%,0%,1.7,-1.5,4.9,3.9,0.9,6.8,0.6,-2.3,3.5,103,103,47,57%,2%,104,100
1,33156,919,3029,117400,Wormley CofE Primary School,Cozens Lane East,Wormley,"Wormley Primary School, Cozens Lane East",Broxbourne,EN10 6QA,01992303331,E14001139,Broxbourne,0,,,VC,0,Church of England,3-11,0,0,441,61,60,32,28,53%,47%,,,,,,,,,,15,25%,45,75%,11,18%,58,97%,72%,13%,,,,,,,,,,,,,87%,52%,0%,108,82%,35%,0%,106,85%,40%,0%,107,78%,18%,20%,0%,85%,0%,78%,64%,,,,67%,73%,-2,82%,72%,13%,14%,,,,13%,13%,2,9%,14%,,,,,,,,,,,,,,,,,,,,,,,,,,,,,,,,,,,,,,,,,,,,,,,,,,,,,,,,,,,,,,,,,,,,,,,,,,,,,,,,,,,,,108,109,,,,107,109,109,109,109,105,,,,106,107,108,107,107,105,,,,106,106,108,106,,,,93%,84%,,,,80%,82%,,,,93%,82%,,,,67%,82%,,,,40%,56%,,,,33%,36%,,,,33%,42%,,,,13%,20%,49,82%,0,0%,2,3%,11,18%,13,22%,60,20%,80%,70%,5%,42%,0%,77%,6%,,,,,,,,,,107,103,59,22%,78%,54%,5%,46%,8%,57%,4%,0.4,-1.2,2.0,-1.2,-2.7,0.4,0.1,-1.4,1.6,105,104,179,65%,8%,107,105
1,28486,919,3038,117405,Spellbrook CofE Primary School,London Road,Spellbrook,,Bishop's Stortford,CM23 4BA,01279723204,E14001283,Hertford and Stortford,0,,,VC,0,Church of England,3-11,0,0,116,15,15,9,6,60%,40%,,,,,,,,,,4,27%,11,73%,0,0%,14,93%,53%,20%,,,,,,,,,,,,,67%,27%,7%,105,67%,13%,7%,104,60%,20%,7%,103,67%,20%,20%,7%,80%,7%,56%,50%,,,,SUPP,SUPP,SUPP,,57%,33%,0%,,,,SUPP,SUPP,SUPP,,21%,,,,,,,,,,,,,,,,,,,,,,,,,,,,,,,,,,,,,,,,,,,,,,,,,,,,,,,,,,,,,,,,,,,,,,,,,,,,,,,,,,,,,106,102,,,,SUPP,SUPP,,105,105,100,,,,SUPP,SUPP,,103,104,106,,,,SUPP,SUPP,,104,,,,SUPP,SUPP,,,,SUPP,SUPP,,,,SUPP,SUPP,,,,SUPP,SUPP,,,,SUPP,SUPP,,,,SUPP,SUPP,,,,SUPP,SUPP,,,,SUPP,SUPP,14,93%,1,7%,1,7%,3,20%,4,27%,16,31%,69%,69%,13%,SUPP,SUPP,SUPP,SUPP,,,,,,,,,,109,105,16,0%,100%,75%,31%,,,SUPP,SUPP,2.7,-0.4,5.7,1.2,-1.8,4.1,1.7,-1.2,4.6,109,107,47,66%,21%,108,105
1,898,919,3306,117420,Ardeley St Lawrence Church of England Voluntary Aided Primary School,School Lane,Ardeley,,Stevenage,SG2 7AJ,01438861284,E14001393,North East Hertfordshire,0,,,VA,0,Church of England,3-11,0,0,45,4,4,SUPP,SUPP,SUPP,SUPP,,,,,,,,,,SUPP,SUPP,SUPP,SUPP,SUPP,SUPP,SUPP,SUPP,SUPP,SUPP,,,,,,,,,,,,,SUPP,SUPP,SUPP,SUPP,SUPP,SUPP,SUPP,SUPP,SUPP,SUPP,SUPP,SUPP,SUPP,SUPP,SUPP,SUPP,SUPP,SUPP,SUPP,SUPP,,,,SUPP,SUPP,SUPP,,SUPP,SUPP,SUPP,,,,SUPP,SUPP,SUPP,,SUPP,,,,,,,,,,,,,,,,,,,,,,,,,,,,,,,,,,,,,,,,,,,,,,,,,,,,,,,,,,,,,,,,,,,,,,,,,,,,,,,,,,,,,SUPP,SUPP,,,,SUPP,SUPP,,SUPP,SUPP,SUPP,,,,SUPP,SUPP,,SUPP,SUPP,SUPP,,,,SUPP,SUPP,,SUPP,,,,SUPP,SUPP,,,,SUPP,SUPP,,,,SUPP,SUPP,,,,SUPP,SUPP,,,,SUPP,SUPP,,,,SUPP,SUPP,,,,SUPP,SUPP,,,,SUPP,SUPP,SUPP,SUPP,SUPP,SUPP,SUPP,SUPP,SUPP,SUPP,SUPP,SUPP,1,SUPP,SUPP,SUPP,SUPP,,,SUPP,SUPP,,,,,,,,,,SUPP,SUPP,6,17%,83%,0%,0%,SUPP,SUPP,SUPP,SUPP,SUPP,SUPP,SUPP,SUPP,SUPP,SUPP,SUPP,SUPP,SUPP,100,93,11,27%,18%,106,101
1,512,919,3329,117430,"All Saints Church of England Voluntary Aided Primary School, Datchworth",25 Hollybush Lane,Datchworth,,,SG3 6RE,01438812381,E14001516,Stevenage,0,,,VA,0,Church of England,4-11,0,0,122,21,21,10,11,48%,52%,,,,,,,,,,0,0%,21,100%,4,19%,21,100%,67%,33%,,,,,,,,,,,,,76%,48%,10%,109,81%,62%,10%,112,81%,48%,10%,109,81%,38%,14%,0%,86%,0%,60%,73%,,,,,SUPP,,SUPP,67%,40%,27%,,,,,SUPP,,SUPP,33%,,,,,,,,,,,,,,,,,,,,,,,,,,,,,,,,,,,,,,,,,,,,,,,,,,,,,,,,,,,,,,,,,,,,,,,,,,,,,,,,,,,,,110,108,,,,,SUPP,SUPP,109,111,109,,,,,SUPP,SUPP,109,111,113,,,,,SUPP,SUPP,112,,,,,SUPP,,,,,SUPP,,,,,SUPP,,,,,SUPP,,,,,SUPP,,,,,SUPP,,,,,SUPP,,,,,SUPP,17,81%,0,0%,0,0%,4,19%,4,19%,18,17%,83%,83%,17%,SUPP,SUPP,SUPP,SUPP,,,,,,,,,,109,107,29,14%,86%,86%,21%,SUPP,SUPP,SUPP,SUPP,3.9,1.6,6.2,2.2,-0.1,4.4,4.6,2.5,6.8,110,110,68,79%,24%,109,109
1,26026,919,3336,117434,St Nicholas CofE VA Primary School,Church Green,,,Harpenden,AL5 2TP,01582623620,E14001268,Harpenden and Berkhamsted,0,,,VA,0,Church of England,4-11,0,0,154,22,22,7,15,32%,68%,,,,,,,,,,1,5%,21,95%,4,18%,18,82%,91%,5%,,,,,,,,,,,,,100%,86%,0%,114,100%,77%,0%,112,95%,64%,0%,110,95%,9%,5%,0%,95%,0%,86%,93%,,,,SUPP,SUPP,SUPP,SUPP,89%,0%,7%,,,,SUPP,SUPP,SUPP,SUPP,6%,,,,,,,,,,,,,,,,,,,,,,,,,,,,,,,,,,,,,,,,,,,,,,,,,,,,,,,,,,,,,,,,,,,,,,,,,,,,,,,,,,,,,116,113,,,,SUPP,SUPP,SUPP,115,107,112,,,,SUPP,SUPP,SUPP,110,110,113,,,,SUPP,SUPP,SUPP,112,,,,SUPP,SUPP,,,,SUPP,SUPP,,,,SUPP,SUPP,,,,SUPP,SUPP,,,,SUPP,SUPP,,,,SUPP,SUPP,,,,SUPP,SUPP,,,,SUPP,SUPP,18,82%,0,0%,0,0%,0,0%,0,0%,25,12%,88%,68%,4%,SUPP,SUPP,SUPP,SUPP,,,,,,,,,,109,107,24,4%,96%,79%,8%,SUPP,SUPP,SUPP,SUPP,2.8,0.0,5.5,1.1,-1.5,3.8,3.5,0.9,6.1,109,109,71,79%,6%,110,109
1,14,919,3361,117449,"The Abbey Church of England Voluntary Aided Primary School, St Albans",Grove Road,,,St Albans,AL1 1DQ,01727851802,E14001507,St Albans,0,,,VA,0,Church of England,4-11,0,0,177,31,30,15,15,50%,50%,,,,,,,,,,2,7%,28,93%,7,23%,25,83%,87%,20%,,,,,,,,,,,,,90%,57%,0%,111,87%,47%,0%,110,87%,33%,0%,109,90%,43%,0%,0%,90%,0%,100%,73%,,,,SUPP,SUPP,SUPP,71%,88%,27%,13%,,,,SUPP,SUPP,SUPP,14%,24%,,,,,,,,,,,,,,,,,,,,,,,,,,,,,,,,,,,,,,,,,,,,,,,,,,,,,,,,,,,,,,,,,,,,,,,,,,,,,,,,,,,,,109,113,,,,SUPP,SUPP,107,111,111,107,,,,SUPP,SUPP,112,109,109,111,,,,SUPP,SUPP,109,111,,,,SUPP,SUPP,,,,SUPP,SUPP,,,,SUPP,SUPP,,,,SUPP,SUPP,,,,SUPP,SUPP,,,,SUPP,SUPP,,,,SUPP,SUPP,,,,SUPP,SUPP,23,77%,0,0%,3,10%,1,3%,4,13%,29,14%,86%,90%,17%,SUPP,SUPP,SUPP,SUPP,,,,,,,,,,110,107,21,14%,86%,86%,33%,SUPP,SUPP,SUPP,SUPP,3.1,0.0,6.2,5.1,2.1,8.0,3.4,0.5,6.3,110,111,80,88%,23%,110,109
1,25876,919,3363,117451,"St Michael's Church of England Voluntary Aided Primary School, St Albans",St Michael's Street,,,St Albans,AL3 4SJ,01727854866,E14001507,St Albans,0,,,VA,0,Church of England,5-11,0,0,198,32,31,12,19,39%,61%,,,,,,,,,,6,19%,25,81%,9,29%,28,90%,81%,16%,,,,,,,,,,,,,87%,55%,0%,110,94%,68%,0%,113,87%,55%,0%,110,87%,26%,6%,0%,84%,0%,100%,68%,,,,67%,84%,-2,89%,79%,8%,21%,,,,0%,20%,-11,11%,18%,,,,,,,,,,,,,,,,,,,,,,,,,,,,,,,,,,,,,,,,,,,,,,,,,,,,,,,,,,,,,,,,,,,,,,,,,,,,,,,,,,,,,109,110,,,,104,111,110,110,114,108,,,,105,111,113,110,115,111,,,,105,114,116,112,,,,67%,92%,,,,83%,96%,,,,67%,92%,,,,67%,92%,,,,0%,68%,,,,17%,80%,,,,33%,60%,,,,0%,32%,22,71%,0,0%,2,6%,6,19%,8,26%,31,13%,87%,84%,13%,SUPP,SUPP,SUPP,SUPP,,,,,,,,,,108,107,25,16%,84%,84%,24%,SUPP,SUPP,SUPP,SUPP,3.0,0.3,5.6,2.6,0.1,5.2,0.4,-2.1,2.9,110,107,87,83%,17%,109,108
1,29672,919,3370,117457,Tewin Cowper Church of England Voluntary Aided Primary School,Cannons Meadow,Tewin,Tewin Cowper Ce Primary School Va,Welwyn,AL6 0JU,01438717378,E14001393,North East Hertfordshire,0,,,VA,0,Church of England,4-11,0,0,165,21,20,12,8,60%,40%,,,,,,,,,,5,25%,15,75%,1,5%,19,95%,35%,5%,,,,,,,,,,,,,55%,35%,0%,104,55%,15%,0%,102,50%,15%,0%,102,35%,5%,45%,0%,60%,0%,33%,38%,,,,SUPP,SUPP,SUPP,SUPP,37%,0%,13%,,,,SUPP,SUPP,SUPP,SUPP,5%,,,,,,,,,,,,,,,,,,,,,,,,,,,,,,,,,,,,,,,,,,,,,,,,,,,,,,,,,,,,,,,,,,,,,,,,,,,,,,,,,,,,,103,107,,,,SUPP,SUPP,SUPP,104,101,103,,,,SUPP,SUPP,SUPP,102,100,105,,,,SUPP,SUPP,SUPP,102,,,,SUPP,SUPP,,,,SUPP,SUPP,,,,SUPP,SUPP,,,,SUPP,SUPP,,,,SUPP,SUPP,,,,SUPP,SUPP,,,,SUPP,SUPP,,,,SUPP,SUPP,19,95%,0,0%,2,10%,4,20%,6,30%,27,15%,85%,30%,0%,SUPP,SUPP,SUPP,SUPP,,,,,,,,,,107,100,23,9%,91%,65%,0%,SUPP,SUPP,SUPP,SUPP,2.5,0.0,5.1,-0.8,-3.3,1.7,1.6,-0.8,4.1,105,103,70,43%,1%,106,102
1,24866,919,3397,117474,St Margaret Clitherow Roman Catholic Primary School,Monkswood Lane,(Off Monkswood Way),,Stevenage,SG2 8QJ,01438352863,E14001516,Stevenage,0,,,VA,0,Roman Catholic,3-11,0,0,233,30,29,13,16,45%,55%,,,,,,,,,,3,10%,26,90%,4,14%,29,100%,72%,17%,,,,,,,,,,,,,76%,55%,0%,108,86%,55%,0%,108,83%,59%,0%,109,86%,21%,10%,0%,90%,0%,54%,88%,,,,SUPP,SUPP,SUPP,SUPP,72%,0%,31%,,,,SUPP,SUPP,SUPP,SUPP,17%,,,,,,,,,,,,,,,,,,,,,,,,,,,,,,,,,,,,,,,,,,,,,,,,,,,,,,,,,,,,,,,,,,,,,,,,,,,,,,,,,,,,,105,111,,,,SUPP,SUPP,SUPP,108,108,110,,,,SUPP,SUPP,SUPP,109,106,109,,,,SUPP,SUPP,SUPP,108,,,,SUPP,SUPP,,,,SUPP,SUPP,,,,SUPP,SUPP,,,,SUPP,SUPP,,,,SUPP,SUPP,,,,SUPP,SUPP,,,,SUPP,SUPP,,,,SUPP,SUPP,25,86%,0,0%,1,3%,4,14%,5,17%,30,7%,93%,77%,17%,SUPP,SUPP,SUPP,SUPP,,,,,,,,,,109,108,30,7%,93%,70%,13%,SUPP,SUPP,SUPP,SUPP,1.3,-1.1,3.6,0.0,-2.2,2.2,2.8,0.6,4.9,106,107,89,73%,16%,108,108
1,12620,919,3404,117481,The Holy Family Catholic Primary School,Crookhams,,,Welwyn Garden City,AL7 1PG,01707375518,E14001573,Welwyn Hatfield,151497,The Holy Family Catholic Primary School,20250701,VA,0,Roman Catholic,3-11,0,0,216,30,30,13,17,43%,57%,,,,,,,,,,9,30%,21,70%,6,20%,30,100%,50%,0%,,,,,,,,,,,,,57%,27%,0%,103,63%,13%,0%,102,70%,20%,0%,102,67%,7%,33%,0%,83%,0%,46%,53%,,,,22%,62%,-47,67%,50%,0%,0%,,,,0%,0%,-11,0%,0%,,,,,,,,,,,,,,,,,,,,,,,,,,,,,,,,,,,,,,,,,,,,,,,,,,,,,,,,,,,,,,,,,,,,,,,,,,,,,,,,,,,,,102,103,,,,97,105,106,103,102,102,,,,97,104,106,102,101,103,,,,97,105,104,102,,,,22%,71%,,,,33%,76%,,,,44%,81%,,,,44%,76%,,,,11%,33%,,,,11%,14%,,,,11%,24%,,,,0%,10%,24,80%,0,0%,1,3%,6,20%,7,23%,29,28%,72%,79%,14%,50%,13%,90%,14%,,,,,,,,,,108,108,29,41%,59%,55%,17%,42%,0%,65%,29%,2.3,-0.1,4.7,-0.5,-2.8,1.8,-1.0,-3.2,1.3,108,104,88,61%,10%,106,104
1,6466,919,3406,140238,Countess Anne Church of England School,School Lane,,,Hatfield,AL10 8AX,01707262840,E14001573,Welwyn Hatfield,0,,,ACC,0,Church of England,5-11,0,0,208,30,28,17,11,61%,39%,,,,,,,,,,10,36%,18,64%,10,36%,27,96%,64%,0%,,,,,,,,,,,,,68%,32%,4%,104,68%,11%,4%,102,96%,7%,4%,105,68%,25%,29%,0%,86%,0%,65%,64%,,,,60%,67%,-9,80%,63%,0%,0%,,,,0%,0%,-11,0%,0%,,,,,,,,,,,,,,,,,,,,,,,,,,,,,,,,,,,,,,,,,,,,,,,,,,,,,,,,,,,,,,,,,,,,,,,,,,,,,,,,,,,,,105,103,,,,104,104,108,104,106,104,,,,104,106,106,105,102,103,,,,101,103,105,102,,,,60%,72%,,,,50%,78%,,,,90%,100%,,,,60%,72%,,,,40%,28%,,,,10%,11%,,,,0%,11%,,,,30%,22%,18,64%,0,0%,3,11%,3,11%,6,21%,30,23%,77%,73%,13%,71%,0%,74%,17%,,,,,,,,,,108,108,31,19%,81%,68%,13%,33%,0%,76%,16%,-0.2,-2.6,2.2,-1.4,-3.8,0.9,-0.2,-2.4,2.1,107,107,89,69%,9%,107,107
1,27996,919,4067,140294,Simon Balle All-Through School,Mangrove Road,,,Hertford,SG13 8AJ,01992410400,E14001283,Hertford and Stortford,0,,,ACC,0,Does not apply,4-18,0,0,1561,66,64,36,28,56%,44%,,,,,,,,,,9,14%,55,86%,3,5%,59,92%,84%,33%,,,,,,,,,,,,,91%,55%,0%,110,92%,48%,0%,110,95%,42%,0%,110,88%,44%,11%,0%,95%,0%,81%,89%,,,,67%,87%,-2,SUPP,83%,31%,36%,,,,0%,38%,-11,SUPP,32%,,,,,,,,,,,,,,,,,,,,,,,,,,,,,,,,,,,,,,,,,,,,,,,,,,,,,,,,,,,,,,,,,,,,,,,,,,,,,,,,,,,,,110,110,,,,102,111,SUPP,109,111,109,,,,103,111,SUPP,110,109,111,,,,105,111,SUPP,110,,,,78%,93%,,,,78%,95%,,,,89%,96%,,,,67%,91%,,,,0%,64%,,,,11%,55%,,,,11%,47%,,,,0%,51%,61,95%,0,0%,1,2%,10,16%,11,17%,63,10%,90%,75%,19%,67%,17%,75%,19%,,,,,,,,,,107,106,60,13%,87%,85%,30%,63%,0%,88%,35%,1.8,0.2,3.4,4.2,2.7,5.8,2.3,0.8,3.8,109,108,187,81%,27%,108,108
1,14012,919,4140,137656,King James Academy Royston,Garden Walk,,,Royston,SG8 7JH,01763242236,E14001393,North East Hertfordshire,0,,,ACC,0,Does not apply,9-18,0,0,939,165,163,84,79,52%,48%,,,,,,,,,,24,15%,139,85%,16,10%,149,91%,51%,2%,,,,,,,,,,,,,72%,27%,2%,104,64%,21%,2%,103,59%,18%,1%,102,73%,6%,24%,0%,84%,0%,48%,53%,,,,38%,53%,-31,69%,52%,1%,3%,,,,0%,2%,-11,0%,2%,,,,,,,,,,,,,,,,,,,,,,,,,,,,,,,,,,,,,,,,,,,,,,,,,,,,,,,,,,,,,,,,,,,,,,,,,,,,,,,,,,,,,104,105,,,,104,104,105,104,103,101,,,,99,102,103,102,102,104,,,,102,103,106,103,,,,67%,73%,,,,58%,65%,,,,50%,60%,,,,67%,74%,,,,17%,29%,,,,13%,22%,,,,0%,22%,,,,8%,5%,147,90%,0,0%,3,2%,23,14%,26,16%,174,14%,86%,56%,8%,24%,0%,61%,9%,,,,,,,,,,104,101,180,22%,78%,52%,7%,35%,0%,56%,9%,-1.6,-2.5,-0.6,-3.0,-3.9,-2.1,-3.0,-3.9,-2.1,105,102,517,53%,6%,104,102
1,18486,919,2009,138539,Northgate Primary School,Cricketfield Lane,,,Bishop's Stortford,CM23 2RL,01279652376,E14001283,Hertford and Stortford,0,,,ACC,0,Does not apply,3-11,0,0,449,60,60,33,27,55%,45%,,,,,,,,,,7,12%,53,88%,10,17%,60,100%,82%,15%,,,,,,,,,,,,,95%,45%,0%,108,92%,28%,0%,108,98%,37%,0%,108,85%,20%,15%,0%,88%,0%,70%,96%,,,,100%,79%,31,60%,82%,12%,19%,,,,0%,17%,-11,20%,15%,,,,,,,,,,,,,,,,,,,,,,,,,,,,,,,,,,,,,,,,,,,,,,,,,,,,,,,,,,,,,,,,,,,,,,,,,,,,,,,,,,,,,107,109,,,,105,109,108,108,108,108,,,,108,108,107,108,106,110,,,,106,108,109,108,,,,100%,94%,,,,100%,91%,,,,100%,98%,,,,100%,83%,,,,29%,47%,,,,14%,30%,,,,29%,38%,,,,0%,23%,50,83%,0,0%,2,3%,8,13%,10,17%,60,10%,90%,68%,17%,33%,17%,72%,17%,,,,,,,,,,106,107,62,11%,89%,79%,21%,71%,14%,80%,22%,1.0,-0.6,2.7,1.0,-0.5,2.6,1.7,0.2,3.2,110,110,182,76%,18%,108,108
1,12384,919,2016,117091,Holdbrook Primary School and Nursery,Longcroft Drive,,,Waltham Cross,EN8 7QG,01992716789,E14001139,Broxbourne,0,,,CY,0,Does not apply,3-11,0,0,205,18,21,9,12,43%,57%,,,,,,,,,,12,57%,9,43%,7,33%,12,57%,52%,10%,,,,,,,,,,,,,95%,67%,0%,109,100%,71%,0%,113,95%,57%,0%,110,52%,10%,43%,0%,95%,0%,33%,67%,,,,33%,78%,-36,71%,67%,11%,8%,,,,8%,11%,-3,0%,8%,,,,,,,,,,,,,,,,,,,,,,,,,,,,,,,,,,,,,,,,,,,,,,,,,,,,,,,,,,,,,,,,,,,,,,,,,,,,,,,,,,,,,107,111,,,,109,110,108,108,108,111,,,,107,113,111,110,112,114,,,,113,113,111,114,,,,92%,100%,,,,100%,100%,,,,92%,100%,,,,33%,78%,,,,50%,89%,,,,75%,67%,,,,42%,78%,,,,8%,11%,14,67%,0,0%,0,0%,6,29%,6,29%,21,52%,48%,48%,5%,45%,0%,50%,10%,,,,,,,,,,107,109,23,74%,26%,57%,9%,47%,6%,83%,17%,2.1,-0.5,4.6,1.5,-0.9,4.0,3.1,0.7,5.5,105,106,65,52%,8%,107,109
1,3164,919,2041,117107,Boxmoor Primary School,Cowper Road,Boxmoor,,Hemel Hempstead,HP1 1PF,01442402244,E14001278,Hemel Hempstead,0,,,CY,0,Does not apply,3-11,0,0,227,30,30,15,15,50%,50%,,,,,,,,,,5,17%,25,83%,3,10%,26,87%,67%,17%,,,,,,,,,,,,,83%,40%,0%,108,83%,27%,0%,107,83%,27%,0%,106,70%,20%,20%,3%,87%,0%,60%,73%,,,,SUPP,SUPP,SUPP,SUPP,65%,13%,20%,,,,SUPP,SUPP,SUPP,SUPP,15%,,,,,,,,,,,,,,,,,,,,,,,,,,,,,,,,,,,,,,,,,,,,,,,,,,,,,,,,,,,,,,,,,,,,,,,,,,,,,,,,,,,,,107,108,,,,SUPP,SUPP,SUPP,107,106,107,,,,SUPP,SUPP,SUPP,106,105,109,,,,SUPP,SUPP,SUPP,106,,,,SUPP,SUPP,,,,SUPP,SUPP,,,,SUPP,SUPP,,,,SUPP,SUPP,,,,SUPP,SUPP,,,,SUPP,SUPP,,,,SUPP,SUPP,,,,SUPP,SUPP,27,90%,0,0%,1,3%,5,17%,6,20%,30,10%,90%,57%,10%,SUPP,SUPP,SUPP,SUPP,,,,,,,,,,107,106,29,14%,86%,62%,0%,SUPP,SUPP,SUPP,SUPP,1.7,-0.7,4.1,-3.2,-5.5,-0.9,0.7,-1.6,3.0,108,106,89,62%,9%,108,106
1,1016,919,2043,140956,Ascot Road Primary School,Ascot Road,,,Watford,WD18 8AD,01923801559,E14001568,Watford,0,,,F,0,None,4-11,0,0,383,62,59,32,27,54%,46%,,,,,,,,,,17,29%,42,71%,28,47%,50,85%,75%,17%,,,,,,,,,,,,,76%,31%,0%,105,75%,32%,0%,105,80%,29%,0%,104,78%,24%,22%,0%,88%,0%,69%,81%,,,,65%,79%,-4,71%,72%,22%,11%,,,,0%,24%,-11,21%,18%,,,,,,,,,,,,,,,,,,,,,,,,,,,,,,,,,,,,,,,,,,,,,,,,,,,,,,,,,,,,,,,,,,,,,,,,,,,,,,,,,,,,,104,106,,,,104,105,104,104,105,104,,,,101,106,104,104,104,107,,,,102,106,105,105,,,,71%,79%,,,,65%,79%,,,,71%,83%,,,,71%,81%,,,,18%,36%,,,,24%,36%,,,,12%,36%,,,,0%,33%,31,53%,0,0%,0,0%,6,10%,6,10%,59,20%,80%,41%,5%,8%,0%,49%,6%,,,,,,,,,,100,99,59,17%,83%,42%,8%,30%,0%,45%,10%,-2.7,-4.5,-1.0,-4.9,-6.6,-3.3,-3.3,-4.9,-1.7,102,101,177,53%,10%,102,102
1,102,919,2050,117111,Abel Smith School,Churchfields,Greencoates,,Hertford,SG13 8AE,01992583244,E14001283,Hertford and Stortford,0,,,CY,0,Does not apply,3-11,0,0,233,30,29,15,14,52%,48%,,,,,,,,,,9,31%,20,69%,8,28%,24,83%,55%,17%,,,,,,,,,,,,,83%,31%,0%,105,72%,31%,0%,105,66%,31%,0%,104,72%,21%,21%,0%,86%,0%,60%,50%,,,,22%,70%,-47,63%,58%,20%,14%,,,,0%,25%,-11,13%,21%,,,,,,,,,,,,,,,,,,,,,,,,,,,,,,,,,,,,,,,,,,,,,,,,,,,,,,,,,,,,,,,,,,,,,,,,,,,,,,,,,,,,,106,104,,,,99,108,105,104,107,100,,,,100,106,108,104,108,103,,,,99,108,108,105,,,,56%,95%,,,,44%,85%,,,,56%,70%,,,,33%,90%,,,,0%,45%,,,,0%,45%,,,,11%,40%,,,,0%,30%,21,72%,0,0%,3,10%,5,17%,8,28%,30,17%,83%,73%,13%,SUPP,SUPP,SUPP,SUPP,,,,,,,,,,108,106,30,17%,83%,73%,13%,SUPP,SUPP,SUPP,SUPP,0.6,-1.8,2.9,0.6,-1.6,2.8,2.5,0.3,4.7,107,108,89,67%,15%,107,106
1,20400,919,2077,117128,Pirton School,High Street,Pirton,,Hitchin,SG5 3PS,01462712370,E14001289,Hitchin,0,,,CY,0,Does not apply,4-11,0,0,135,20,20,15,5,75%,25%,,,,,,,,,,4,20%,16,80%,0,0%,19,95%,65%,10%,,,,,,,,,,,,,75%,45%,5%,107,85%,40%,5%,108,70%,15%,5%,104,70%,15%,20%,0%,80%,0%,67%,SUPP,,,,SUPP,SUPP,SUPP,,63%,13%,SUPP,,,,SUPP,SUPP,SUPP,,11%,,,,,,,,,,,,,,,,,,,,,,,,,,,,,,,,,,,,,,,,,,,,,,,,,,,,,,,,,,,,,,,,,,,,,,,,,,,,,,,,,,,,,107,SUPP,,,,SUPP,SUPP,,106,105,SUPP,,,,SUPP,SUPP,,104,108,SUPP,,,,SUPP,SUPP,,107,,,,SUPP,SUPP,,,,SUPP,SUPP,,,,SUPP,SUPP,,,,SUPP,SUPP,,,,SUPP,SUPP,,,,SUPP,SUPP,,,,SUPP,SUPP,,,,SUPP,SUPP,20,100%,0,0%,2,10%,5,25%,7,35%,12,0%,100%,50%,0%,,,SUPP,SUPP,,,,,,,,,,107,105,22,14%,86%,50%,5%,SUPP,SUPP,SUPP,SUPP,1.0,-1.6,3.7,2.3,-0.2,4.9,-0.5,-3.0,2.0,105,102,54,56%,6%,106,104
1,9018,919,2001,139545,Flamstead End School,Longfield Lane,Cheshunt,,Waltham Cross,EN7 6AG,01992308888,E14001139,Broxbourne,0,,,ACC,0,Does not apply,2-11,0,0,478,60,58,36,22,62%,38%,,,,,,,,,,15,26%,43,74%,8,14%,58,100%,72%,24%,,,,,,,,,,,,,81%,38%,0%,106,86%,36%,0%,107,84%,34%,0%,106,79%,29%,19%,0%,91%,0%,72%,73%,,,,67%,74%,-2,88%,72%,28%,18%,,,,40%,19%,29,50%,24%,,,,,,,,,,,,,,,,,,,,,,,,,,,,,,,,,,,,,,,,,,,,,,,,,,,,,,,,,,,,,,,,,,,,,,,,,,,,,,,,,,,,,106,106,,,,108,105,110,106,107,105,,,,107,106,111,106,106,107,,,,107,106,109,107,,,,87%,79%,,,,87%,86%,,,,80%,86%,,,,87%,77%,,,,47%,35%,,,,40%,35%,,,,47%,30%,,,,40%,26%,50,86%,0,0%,1,2%,14,24%,15,26%,60,23%,77%,67%,13%,43%,14%,74%,13%,,,,,,,,,,107,107,60,27%,73%,57%,5%,50%,0%,59%,7%,-2.7,-4.3,-1.1,-3.0,-4.5,-1.5,-1.8,-3.3,-0.3,104,104,178,65%,14%,105,105
1,15592,919,2008,132091,Lodge Farm Primary School,Mobbsbury Way,Chells,,Stevenage,SG2 0HP,01438236600,E14001516,Stevenage,0,,,FD,0,Does not apply,3-11,0,0,412,62,60,32,28,53%,47%,,,,,,,,,,17,28%,43,72%,13,22%,56,93%,37%,0%,,,,,,,,,,,,,75%,20%,0%,106,67%,22%,0%,105,68%,17%,0%,103,40%,0%,48%,0%,65%,0%,38%,36%,,,,18%,44%,-51,62%,36%,0%,0%,,,,0%,0%,-11,0%,0%,,,,,,,,,,,,,,,,,,,,,,,,,,,,,,,,,,,,,,,,,,,,,,,,,,,,,,,,,,,,,,,,,,,,,,,,,,,,,,,,,,,,,105,106,,,,103,107,107,106,104,102,,,,99,105,107,103,105,105,,,,101,106,110,104,,,,59%,81%,,,,47%,74%,,,,53%,74%,,,,24%,47%,,,,12%,23%,,,,6%,28%,,,,6%,21%,,,,0%,0%,47,78%,0,0%,3,5%,10,17%,13,22%,56,21%,79%,48%,7%,50%,0%,48%,9%,,,,,,,,,,106,104,60,28%,72%,48%,5%,6%,0%,65%,7%,-3.2,-4.8,-1.6,-0.7,-2.2,0.8,-3.9,-5.4,-2.4,103,102,176,44%,4%,105,103
1,5416,919,2019,117093,Chorleywood Primary School,Stag Lane,Chorleywood,,Rickmansworth,WD3 5HR,01923282095,E14001496,South West Hertfordshire,0,,,CY,0,Does not apply,4-11,0,0,224,30,30,18,12,60%,40%,,,,,,,,,,1,3%,29,97%,3,10%,29,97%,80%,33%,,,,,,,,,,,,,83%,73%,0%,110,80%,40%,0%,107,83%,37%,0%,107,90%,47%,10%,0%,97%,0%,72%,92%,,,,SUPP,SUPP,SUPP,SUPP,83%,39%,25%,,,,SUPP,SUPP,SUPP,SUPP,34%,,,,,,,,,,,,,,,,,,,,,,,,,,,,,,,,,,,,,,,,,,,,,,,,,,,,,,,,,,,,,,,,,,,,,,,,,,,,,,,,,,,,,107,115,,,,SUPP,SUPP,SUPP,111,107,107,,,,SUPP,SUPP,SUPP,107,106,109,,,,SUPP,SUPP,SUPP,108,,,,SUPP,SUPP,,,,SUPP,SUPP,,,,SUPP,SUPP,,,,SUPP,SUPP,,,,SUPP,SUPP,,,,SUPP,SUPP,,,,SUPP,SUPP,,,,SUPP,SUPP,27,90%,0,0%,1,3%,5,17%,6,20%,31,0%,100%,77%,19%,,,SUPP,SUPP,,,,,,,,,,108,106,30,17%,83%,80%,23%,SUPP,SUPP,SUPP,SUPP,0.6,-1.7,2.9,1.9,-0.3,4.1,0.0,-2.3,2.2,109,107,91,79%,25%,109,107
1,19332,919,2026,133323,Oughton Primary and Nursery School,Mattocke Road,,,Hitchin,SG5 2NZ,01462450716,E14001289,Hitchin,0,,,CY,0,Does not apply,3-11,0,0,202,28,29,18,11,62%,38%,,,,,,,,,,15,52%,14,48%,6,21%,27,93%,48%,3%,,,,,,,,,,,,,55%,17%,0%,102,69%,38%,0%,106,72%,24%,0%,104,59%,7%,38%,0%,76%,0%,39%,64%,,,,33%,64%,-36,50%,48%,6%,0%,,,,7%,0%,-4,0%,4%,,,,,,,,,,,,,,,,,,,,,,,,,,,,,,,,,,,,,,,,,,,,,,,,,,,,,,,,,,,,,,,,,,,,,,,,,,,,,,,,,,,,,101,104,,,,102,102,100,102,105,103,,,,103,106,103,105,104,109,,,,106,106,108,106,,,,47%,64%,,,,67%,71%,,,,67%,79%,,,,47%,71%,,,,20%,14%,,,,33%,43%,,,,13%,36%,,,,13%,0%,23,79%,0,0%,0,0%,8,28%,8,28%,30,57%,43%,50%,0%,35%,0%,69%,0%,,,,,,,,,,104,103,46,33%,67%,39%,7%,33%,0%,42%,10%,-4.5,-6.4,-2.5,2.3,0.4,4.2,-0.7,-2.5,1.2,100,103,105,45%,4%,102,103
1,27316,919,2033,117102,Sauncey Wood Primary School,Pickford Hill,,,Harpenden,AL5 5HL,01582621514,E14001268,Harpenden and Berkhamsted,0,,,CY,0,Does not apply,4-11,0,0,169,30,29,12,17,41%,59%,,,,,,,,,,10,34%,19,66%,4,14%,27,93%,59%,7%,,,,,,,,,,,,,79%,41%,0%,107,72%,14%,0%,104,76%,31%,0%,105,72%,7%,28%,0%,76%,0%,50%,65%,,,,30%,74%,-39,SUPP,56%,0%,12%,,,,0%,11%,-11,SUPP,7%,,,,,,,,,,,,,,,,,,,,,,,,,,,,,,,,,,,,,,,,,,,,,,,,,,,,,,,,,,,,,,,,,,,,,,,,,,,,,,,,,,,,,108,106,,,,103,109,SUPP,107,106,105,,,,99,109,SUPP,105,103,104,,,,101,105,SUPP,103,,,,70%,84%,,,,70%,74%,,,,50%,89%,,,,60%,79%,,,,20%,53%,,,,10%,16%,,,,10%,42%,,,,0%,11%,25,86%,0,0%,2,7%,7,24%,9,31%,30,33%,67%,40%,7%,50%,0%,35%,10%,,,,,,,,,,107,106,31,48%,52%,55%,6%,53%,0%,56%,13%,0.9,-1.5,3.2,-4.3,-6.6,-2.1,0.4,-1.8,2.6,108,107,90,51%,7%,107,106
1,30452,919,2044,117108,Two Waters Primary School,High Ridge Close,Apsley,High Ridge Close,Hemel Hempstead,HP3 0AU,441442217893,E14001278,Hemel Hempstead,0,,,CY,0,Does not apply,3-11,0,0,236,29,31,16,15,52%,48%,,,,,,,,,,3,10%,28,90%,3,10%,28,90%,81%,19%,,,,,,,,,,,,,94%,58%,0%,110,84%,55%,0%,110,90%,52%,0%,110,81%,23%,13%,0%,84%,0%,81%,80%,,,,SUPP,SUPP,SUPP,SUPP,82%,13%,27%,,,,SUPP,SUPP,SUPP,SUPP,21%,,,,,,,,,,,,,,,,,,,,,,,,,,,,,,,,,,,,,,,,,,,,,,,,,,,,,,,,,,,,,,,,,,,,,,,,,,,,,,,,,,,,,110,111,,,,SUPP,SUPP,SUPP,110,111,109,,,,SUPP,SUPP,SUPP,110,110,110,,,,SUPP,SUPP,SUPP,110,,,,SUPP,SUPP,,,,SUPP,SUPP,,,,SUPP,SUPP,,,,SUPP,SUPP,,,,SUPP,SUPP,,,,SUPP,SUPP,,,,SUPP,SUPP,,,,SUPP,SUPP,28,90%,0,0%,2,6%,2,6%,4,13%,30,3%,97%,73%,17%,SUPP,SUPP,SUPP,SUPP,,,,,,,,,,109,109,29,10%,90%,72%,7%,SUPP,SUPP,SUPP,SUPP,1.9,-0.5,4.3,-2.5,-4.7,-0.2,2.0,-0.2,4.2,110,110,90,76%,14%,110,109
1,31162,919,2051,142221,Watford St John's Church of England Primary School,32 Clarendon Road,,,Watford,WD17 1JJ,01923255017,E14001568,Watford,0,,,F,0,Church of England/Christian,4-11,0,0,410,65,60,27,33,45%,55%,,,,,,,,,,9,15%,51,85%,31,52%,47,78%,67%,13%,,,,,,,,,,,,,80%,45%,0%,106,77%,38%,0%,106,72%,42%,0%,106,78%,17%,20%,0%,83%,0%,70%,64%,,,,56%,69%,-13,68%,72%,15%,12%,,,,0%,16%,-11,10%,15%,,,,,,,,,,,,,,,,,,,,,,,,,,,,,,,,,,,,,,,,,,,,,,,,,,,,,,,,,,,,,,,,,,,,,,,,,,,,,,,,,,,,,106,106,,,,103,107,105,107,108,104,,,,99,107,105,107,107,105,,,,101,107,106,107,,,,67%,82%,,,,78%,76%,,,,67%,73%,,,,67%,80%,,,,22%,49%,,,,0%,45%,,,,0%,49%,,,,0%,20%,28,47%,1,2%,0,0%,4,7%,4,7%,28,14%,86%,43%,14%,SUPP,SUPP,SUPP,SUPP,,,,,,,,,,103,102,28,18%,82%,54%,0%,SUPP,SUPP,SUPP,SUPP,-1.3,-3.9,1.3,-5.2,-7.7,-2.7,-3.2,-5.6,-0.8,104,101,116,58%,10%,105,104
1,15456,919,2083,117132,Little Green Junior School,Lincoln Drive,Croxley Green,,Rickmansworth,WD3 3NJ,01923773861,E14001496,South West Hertfordshire,0,,,CY,0,Does not apply,7-11,0,0,355,91,91,41,50,45%,55%,,,,,,,,,,4,4%,87,96%,24,26%,86,95%,71%,10%,,,,,,,,,,,,,84%,36%,0%,106,78%,25%,0%,106,84%,30%,0%,106,82%,18%,18%,0%,89%,0%,68%,74%,,,,SUPP,SUPP,SUPP,63%,71%,12%,8%,,,,SUPP,SUPP,SUPP,4%,8%,,,,,,,,,,,,,,,,,,,,,,,,,,,,,,,,,,,,,,,,,,,,,,,,,,,,,,,,,,,,,,,,,,,,,,,,,,,,,,,,,,,,,105,107,,,,SUPP,SUPP,104,106,107,104,,,,SUPP,SUPP,105,105,106,105,,,,SUPP,SUPP,105,106,,,,SUPP,SUPP,,,,SUPP,SUPP,,,,SUPP,SUPP,,,,SUPP,SUPP,,,,SUPP,SUPP,,,,SUPP,SUPP,,,,SUPP,SUPP,,,,SUPP,SUPP,67,74%,0,0%,6,7%,16,18%,22,24%,86,8%,92%,74%,12%,57%,0%,76%,13%,,,,,,,,,,107,105,90,4%,96%,69%,12%,SUPP,SUPP,SUPP,SUPP,-2.1,-3.5,-0.8,-1.6,-2.9,-0.4,-2.5,-3.7,-1.3,107,105,267,72%,11%,107,105
1,13154,919,2061,117117,Hunsdon Junior Mixed and Infant School,High Street,Hunsdon,,Ware,SG12 8NT,01279842644,E14001283,Hertford and Stortford,0,,,CY,0,Does not apply,4-11,0,0,116,15,15,10,5,67%,33%,,,,,,,,,,6,40%,9,60%,2,13%,13,87%,73%,7%,,,,,,,,,,,,,80%,27%,7%,107,80%,13%,0%,105,73%,20%,0%,105,80%,13%,7%,0%,87%,0%,60%,SUPP,,,,67%,78%,-2,SUPP,69%,0%,SUPP,,,,0%,11%,-11,SUPP,8%,,,,,,,,,,,,,,,,,,,,,,,,,,,,,,,,,,,,,,,,,,,,,,,,,,,,,,,,,,,,,,,,,,,,,,,,,,,,,,,,,,,,,106,SUPP,,,,106,107,SUPP,107,104,SUPP,,,,106,105,SUPP,105,103,SUPP,,,,107,104,SUPP,105,,,,83%,78%,,,,67%,89%,,,,67%,78%,,,,83%,78%,,,,33%,22%,,,,33%,0%,,,,33%,11%,,,,17%,11%,13,87%,0,0%,2,13%,1,7%,3,20%,15,7%,93%,80%,0%,SUPP,SUPP,SUPP,SUPP,,,,,,,,,,107,105,15,20%,80%,80%,0%,SUPP,SUPP,SUPP,SUPP,0.9,-2.3,4.1,2.6,-0.4,5.7,2.5,-0.5,5.4,106,106,45,78%,2%,106,105
1,14404,919,2066,117120,Knebworth Primary and Nursery School,Swangleys Lane,,,Knebworth,SG3 6AA,01438812184,E14001516,Stevenage,0,,,CY,0,Does not apply,3-11,0,0,404,47,47,26,21,55%,45%,,,,,,,,,,8,17%,39,83%,2,4%,45,96%,64%,13%,,,,,,,,,,,,,83%,45%,0%,108,77%,28%,0%,106,72%,34%,0%,106,83%,19%,15%,0%,96%,0%,69%,57%,,,,38%,69%,-31,SUPP,62%,12%,14%,,,,13%,13%,2,SUPP,13%,,,,,,,,,,,,,,,,,,,,,,,,,,,,,,,,,,,,,,,,,,,,,,,,,,,,,,,,,,,,,,,,,,,,,,,,,,,,,,,,,,,,,109,107,,,,106,108,SUPP,108,107,104,,,,103,107,SUPP,106,106,106,,,,107,106,SUPP,107,,,,88%,82%,,,,63%,79%,,,,50%,77%,,,,75%,85%,,,,25%,49%,,,,38%,26%,,,,25%,36%,,,,13%,21%,45,96%,0,0%,2,4%,2,4%,4,9%,59,10%,90%,66%,8%,17%,0%,72%,9%,,,,,,,,,,106,105,54,19%,81%,72%,11%,60%,0%,75%,14%,-0.5,-2.2,1.2,2.9,1.3,4.6,1.3,-0.3,2.9,104,105,160,68%,11%,106,105
1,10088,919,2068,144904,The Grange Academy,Sparhawke,,,Letchworth Garden City,SG6 4PY,01462621444,E14001393,North East Hertfordshire,0,,,ACC,0,Does not apply,7-11,0,0,196,55,53,26,27,49%,51%,,,,,,,,,,17,32%,36,68%,2,4%,49,92%,64%,17%,,,,,,,,,,,,,72%,38%,0%,105,81%,32%,0%,106,83%,43%,0%,107,70%,19%,21%,0%,77%,0%,62%,67%,,,,59%,67%,-10,SUPP,65%,15%,19%,,,,0%,25%,-11,SUPP,18%,,,,,,,,,,,,,,,,,,,,,,,,,,,,,,,,,,,,,,,,,,,,,,,,,,,,,,,,,,,,,,,,,,,,,,,,,,,,,,,,,,,,,104,106,,,,103,106,SUPP,105,108,106,,,,105,108,SUPP,107,105,108,,,,104,107,SUPP,106,,,,71%,72%,,,,76%,83%,,,,76%,86%,,,,65%,72%,,,,24%,44%,,,,24%,36%,,,,47%,42%,,,,6%,25%,51,96%,0,0%,1,2%,15,28%,16,30%,56,36%,64%,57%,5%,35%,0%,69%,8%,,,,,,,,,,103,104,51,37%,63%,52%,2%,32%,0%,65%,3%,-1.8,-3.6,0.0,-2.3,-4.0,-0.6,-1.5,-3.1,0.2,103,102,160,58%,8%,104,105
1,4454,919,2091,117136,Camp Primary and Nursery School,Camp Road,,,St Albans,AL1 5PG,01727851056,E14001507,St Albans,0,,,CY,0,Does not apply,3-11,0,0,224,31,28,14,14,50%,50%,,,,,,,,,,2,7%,26,93%,2,7%,28,100%,71%,11%,,,,,,,,,,,,,93%,57%,0%,110,89%,32%,0%,107,86%,39%,0%,107,75%,18%,25%,0%,93%,0%,79%,64%,,,,SUPP,SUPP,SUPP,SUPP,71%,0%,21%,,,,SUPP,SUPP,SUPP,SUPP,11%,,,,,,,,,,,,,,,,,,,,,,,,,,,,,,,,,,,,,,,,,,,,,,,,,,,,,,,,,,,,,,,,,,,,,,,,,,,,,,,,,,,,,109,111,,,,SUPP,SUPP,SUPP,110,109,106,,,,SUPP,SUPP,SUPP,107,106,108,,,,SUPP,SUPP,SUPP,107,,,,SUPP,SUPP,,,,SUPP,SUPP,,,,SUPP,SUPP,,,,SUPP,SUPP,,,,SUPP,SUPP,,,,SUPP,SUPP,,,,SUPP,SUPP,,,,SUPP,SUPP,26,93%,0,0%,0,0%,12,43%,12,43%,29,14%,86%,48%,7%,SUPP,SUPP,SUPP,SUPP,,,,,,,,,,108,106,28,14%,86%,61%,11%,SUPP,SUPP,SUPP,SUPP,4.2,1.9,6.6,1.3,-1.0,3.5,-0.1,-2.3,2.1,109,104,85,60%,9%,109,106
1,9040,919,2093,138205,Fleetville Junior School,228 Hatfield Road,,,St Albans,AL1 4LW,01727519224,E14001507,St Albans,0,,,ACC,0,Does not apply,7-11,0,0,353,88,90,46,44,51%,49%,,,,,,,,,,5,6%,85,94%,23,26%,83,92%,78%,28%,,,,,,,,,,,,,88%,62%,0%,111,87%,60%,0%,111,88%,47%,0%,109,82%,38%,8%,0%,92%,0%,72%,84%,,,,SUPP,SUPP,SUPP,70%,77%,22%,34%,,,,SUPP,SUPP,SUPP,17%,30%,,,,,,,,,,,,,,,,,,,,,,,,,,,,,,,,,,,,,,,,,,,,,,,,,,,,,,,,,,,,,,,,,,,,,,,,,,,,,,,,,,,,,109,112,,,,SUPP,SUPP,109,111,109,109,,,,SUPP,SUPP,108,109,110,113,,,,SUPP,SUPP,110,112,,,,SUPP,SUPP,,,,SUPP,SUPP,,,,SUPP,SUPP,,,,SUPP,SUPP,,,,SUPP,SUPP,,,,SUPP,SUPP,,,,SUPP,SUPP,,,,SUPP,SUPP,67,74%,0,0%,0,0%,14,16%,14,16%,91,12%,88%,78%,25%,55%,18%,81%,26%,,,,,,,,,,108,107,89,7%,93%,73%,25%,50%,17%,75%,25%,2.8,1.4,4.2,0.7,-0.6,2.1,1.4,0.1,2.7,110,108,270,76%,26%,109,108
1,2298,919,2100,117143,Bernards Heath Junior School,Watson Avenue,,,St Albans,AL3 5HP,01727856262,E14001507,St Albans,0,,,CY,0,Does not apply,7-11,0,0,352,90,90,49,41,54%,46%,,,,,,,,,,11,12%,79,88%,12,13%,87,97%,78%,17%,,,,,,,,,,,,,83%,63%,1%,111,81%,49%,1%,109,84%,48%,1%,110,82%,21%,13%,0%,94%,0%,71%,85%,,,,27%,85%,-42,83%,77%,12%,22%,,,,0%,19%,-11,17%,17%,,,,,,,,,,,,,,,,,,,,,,,,,,,,,,,,,,,,,,,,,,,,,,,,,,,,,,,,,,,,,,,,,,,,,,,,,,,,,,,,,,,,,109,113,,,,99,112,112,111,110,110,,,,102,111,112,110,108,110,,,,102,110,113,109,,,,27%,91%,,,,45%,86%,,,,45%,90%,,,,36%,89%,,,,18%,70%,,,,9%,54%,,,,9%,53%,,,,0%,24%,77,86%,1,1%,7,8%,5,6%,12,13%,89,3%,97%,85%,18%,SUPP,SUPP,SUPP,SUPP,,,,,,,,,,111,110,87,15%,85%,79%,16%,38%,8%,86%,18%,1.8,0.4,3.2,1.0,-0.3,2.4,2.0,0.6,3.3,108,108,266,81%,17%,110,109
1,6148,919,2102,117145,Colney Heath Junior Mixed Infant and Nursery School,High Street,Colney Heath,,St Albans,AL4 0NP,01727823898,E14001507,St Albans,0,,,CY,0,Does not apply,4-11,0,0,207,27,27,9,18,33%,67%,,,,,,,,,,5,19%,22,81%,5,19%,27,100%,78%,15%,,,,,,,,,,,,,85%,41%,0%,108,78%,33%,0%,105,85%,26%,0%,105,85%,15%,7%,0%,93%,0%,78%,78%,,,,SUPP,SUPP,SUPP,SUPP,78%,33%,6%,,,,SUPP,SUPP,SUPP,SUPP,15%,,,,,,,,,,,,,,,,,,,,,,,,,,,,,,,,,,,,,,,,,,,,,,,,,,,,,,,,,,,,,,,,,,,,,,,,,,,,,,,,,,,,,108,107,,,,SUPP,SUPP,SUPP,108,107,104,,,,SUPP,SUPP,SUPP,105,104,105,,,,SUPP,SUPP,SUPP,105,,,,SUPP,SUPP,,,,SUPP,SUPP,,,,SUPP,SUPP,,,,SUPP,SUPP,,,,SUPP,SUPP,,,,SUPP,SUPP,,,,SUPP,SUPP,,,,SUPP,SUPP,22,81%,0,0%,0,0%,10,37%,10,37%,29,17%,83%,59%,7%,SUPP,SUPP,SUPP,SUPP,,,,,,,,,,105,105,29,24%,76%,55%,7%,29%,0%,64%,9%,1.4,-1.1,3.9,5.3,3.0,7.6,1.1,-1.3,3.4,104,102,85,64%,9%,106,104
1,19900,919,2125,117162,Parkgate Junior School,Southwold Road,,,Watford,WD24 7DN,01923243905,E14001568,Watford,0,,,CY,0,Does not apply,7-11,0,0,238,60,60,34,26,57%,43%,,,,,,,,,,7,12%,53,88%,25,42%,59,98%,58%,12%,,,,,,,,,,,,,68%,27%,0%,104,65%,15%,0%,103,73%,28%,0%,104,75%,20%,23%,0%,82%,0%,50%,69%,,,,43%,60%,-26,60%,59%,9%,15%,,,,0%,13%,-11,12%,12%,,,,,,,,,,,,,,,,,,,,,,,,,,,,,,,,,,,,,,,,,,,,,,,,,,,,,,,,,,,,,,,,,,,,,,,,,,,,,,,,,,,,,101,106,,,,106,103,104,104,104,105,,,,97,105,108,104,101,106,,,,99,104,105,103,,,,86%,66%,,,,43%,68%,,,,43%,77%,,,,71%,75%,,,,29%,26%,,,,0%,17%,,,,0%,32%,,,,0%,23%,35,58%,0,0%,1,2%,8,13%,9,15%,59,12%,88%,66%,8%,43%,0%,69%,10%,,,,,,,,,,106,104,59,19%,81%,41%,5%,9%,0%,48%,6%,-3.8,-5.4,-2.1,-4.1,-5.7,-2.5,-3.0,-4.6,-1.5,103,103,178,55%,8%,104,104
1,6634,919,2136,150698,Creswick Academy,Sir John Newsom Way,,,Welwyn Garden City,AL7 4FL,01707323038,E14001573,Welwyn Hatfield,0,,,AC,0,Does not apply,4-11,0,0,374,56,58,29,29,50%,50%,,,,,,,,,,18,31%,40,69%,5,9%,48,83%,40%,0%,,,,,,,,,,,,,78%,29%,0%,105,72%,33%,0%,107,60%,21%,0%,103,41%,0%,48%,0%,62%,0%,28%,52%,,,,17%,50%,-52,SUPP,42%,0%,0%,,,,0%,0%,-11,SUPP,0%,,,,,,,,,,,,,,,,,,,,,,,,,,,,,,,,,,,,,,,,,,,,,,,,,,,,,,,,,,,,,,,,,,,,,,,,,,,,,,,,,,,,,106,104,,,,101,106,SUPP,105,105,101,,,,99,105,SUPP,103,106,107,,,,103,108,SUPP,107,,,,67%,83%,,,,67%,75%,,,,39%,70%,,,,22%,50%,,,,11%,38%,,,,6%,45%,,,,11%,25%,,,,0%,0%,53,91%,0,0%,5,9%,7,12%,12,21%,,,,,,,,,,,,,,,,,,,,,,,,,,,,,,,,,,,,,,,,,,NA,NA,NA,NA
1,3146,919,2166,117187,Bowmansgreen Primary School,Telford Road,London Colney,,St Albans,AL2 1PH,01727767772,E14001507,St Albans,0,,,CY,0,Does not apply,4-11,0,0,335,38,39,15,24,38%,62%,,,,,,,,,,14,36%,25,64%,11,28%,33,85%,41%,3%,,,,,,,,,,,,,74%,44%,0%,105,67%,33%,0%,105,64%,31%,0%,103,51%,5%,31%,0%,85%,0%,47%,38%,,,,7%,60%,-62,18%,39%,0%,4%,,,,0%,4%,-11,0%,3%,,,,,,,,,,,,,,,,,,,,,,,,,,,,,,,,,,,,,,,,,,,,,,,,,,,,,,,,,,,,,,,,,,,,,,,,,,,,,,,,,,,,,108,104,,,,98,109,104,104,107,101,,,,98,106,102,103,104,105,,,,99,108,105,103,,,,50%,88%,,,,36%,84%,,,,36%,80%,,,,7%,76%,,,,14%,60%,,,,21%,40%,,,,14%,40%,,,,0%,8%,28,72%,0,0%,1,3%,8,21%,9,23%,51,37%,63%,57%,4%,47%,0%,63%,6%,,,,,,,,,,105,103,61,36%,64%,66%,11%,55%,5%,72%,15%,2.7,1.1,4.3,1.7,0.1,3.2,2.4,0.9,3.9,106,105,151,56%,7%,105,104
1,16340,919,2168,117188,Margaret Wix Primary School,High Oaks,,,St Albans,AL3 6EL,01727759232,E14001507,St Albans,0,,,CY,0,Does not apply,3-11,0,0,148,25,23,12,11,52%,48%,,,,,,,,,,11,48%,12,52%,8,35%,15,65%,61%,13%,,,,,,,,,,,,,65%,30%,0%,105,78%,26%,0%,107,70%,35%,0%,105,78%,13%,13%,0%,87%,0%,67%,55%,,,,36%,83%,-33,75%,67%,0%,27%,,,,9%,17%,-2,0%,20%,,,,,,,,,,,,,,,,,,,,,,,,,,,,,,,,,,,,,,,,,,,,,,,,,,,,,,,,,,,,,,,,,,,,,,,,,,,,,,,,,,,,,105,104,,,,99,109,105,104,106,105,,,,100,109,109,104,105,109,,,,107,108,108,107,,,,36%,92%,,,,55%,100%,,,,36%,100%,,,,73%,83%,,,,9%,50%,,,,27%,25%,,,,18%,50%,,,,9%,17%,15,65%,0,0%,4,17%,4,17%,8,35%,31,16%,84%,71%,13%,SUPP,SUPP,SUPP,SUPP,,,,,,,,,,110,107,27,41%,59%,56%,4%,36%,0%,69%,6%,2.4,-0.5,5.3,0.6,-2.1,3.3,-4.1,-6.9,-1.4,107,103,81,63%,10%,108,105
1,13062,919,2225,117220,Howe Dell Primary School,The Runway,,,Hatfield,AL10 9AH,01707263291,E14001573,Welwyn Hatfield,0,,,CY,0,Does not apply,3-11,0,0,439,60,59,36,23,61%,39%,,,,,,,,,,14,24%,45,76%,21,36%,56,95%,69%,12%,,,,,,,,,,,,,80%,39%,0%,107,78%,37%,0%,107,80%,31%,0%,105,75%,14%,25%,0%,92%,0%,64%,78%,,,,50%,76%,-19,71%,68%,11%,13%,,,,14%,11%,3,10%,13%,,,,,,,,,,,,,,,,,,,,,,,,,,,,,,,,,,,,,,,,,,,,,,,,,,,,,,,,,,,,,,,,,,,,,,,,,,,,,,,,,,,,,106,108,,,,106,107,108,107,105,105,,,,102,106,108,105,105,110,,,,104,108,109,107,,,,71%,82%,,,,64%,82%,,,,64%,84%,,,,64%,78%,,,,36%,40%,,,,29%,40%,,,,29%,31%,,,,14%,13%,38,64%,0,0%,2,3%,9,15%,11,19%,60,20%,80%,63%,10%,50%,8%,67%,10%,,,,,,,,,,106,105,60,27%,73%,53%,2%,25%,0%,64%,2%,2.0,0.3,3.7,-0.2,-1.9,1.4,1.7,0.1,3.3,105,104,179,62%,8%,106,105
1,27722,919,2108,117150,Shenley Primary School,London Road,Shenley,,Radlett,WD7 9DX,01923855864,E14001284,Hertsmere,0,,,CY,0,Does not apply,3-11,0,0,141,31,29,14,15,48%,52%,,,,,,,,,,7,24%,22,76%,6,21%,28,97%,31%,0%,,,,,,,,,,,,,45%,14%,0%,101,28%,7%,0%,98,34%,3%,0%,96,38%,0%,48%,0%,66%,0%,36%,27%,,,,14%,36%,-55,17%,32%,0%,0%,,,,0%,0%,-11,0%,0%,,,,,,,,,,,,,,,,,,,,,,,,,,,,,,,,,,,,,,,,,,,,,,,,,,,,,,,,,,,,,,,,,,,,,,,,,,,,,,,,,,,,,100,101,,,,101,101,97,100,97,95,,,,90,97,93,96,96,99,,,,97,98,97,98,,,,14%,55%,,,,14%,32%,,,,14%,41%,,,,14%,45%,,,,0%,18%,,,,0%,9%,,,,0%,5%,,,,0%,0%,23,79%,0,0%,1,3%,6,21%,7,24%,13,23%,77%,46%,0%,SUPP,SUPP,SUPP,SUPP,,,,,,,,,,102,99,28,25%,75%,54%,4%,0%,0%,71%,5%,0.4,-2.0,2.7,-0.2,-2.5,2.0,0.5,-1.7,2.7,105,103,70,43%,1%,103,100
1,1314,919,2119,149537,Avanti Brook Primary School,Newland Avenue,,,Bishops Stortford,CM23 2UW,01279211116,E14001283,Hertford and Stortford,0,,,F,0,None,2-11,0,0,67,0,,,,,,,,,,,,,,,,,,,,,,,,,,,,,,,,,,,,,,,,,,,,,,,,,,,,,,,,,,,,,,,,,,,,,,,,,,,,,,,,,,,,,,,,,,,,,,,,,,,,,,,,,,,,,,,,,,,,,,,,,,,,,,,,,,,,,,,,,,,,,,,,,,,,,,,,,,,,,,,,,,,,,,,,,,,,,,,,,,,,,,,,,,,,,,,,,,,,,,,,,,,,,,,,,,,,,,,,,,,,,,,,,,0,,0
1,14240,919,2133,117168,Kingsway Junior School,Briar Road,,,Watford,WD25 0JH,01923672583,E14001568,Watford,0,,,CY,0,Does not apply,7-11,0,0,236,60,60,40,20,67%,33%,,,,,,,,,,20,33%,40,67%,23,38%,53,88%,80%,15%,,,,,,,,,,,,,90%,38%,0%,107,77%,27%,0%,105,95%,37%,0%,108,87%,18%,13%,0%,90%,0%,78%,85%,,,,55%,93%,-14,87%,81%,13%,20%,,,,10%,18%,-1,26%,15%,,,,,,,,,,,,,,,,,,,,,,,,,,,,,,,,,,,,,,,,,,,,,,,,,,,,,,,,,,,,,,,,,,,,,,,,,,,,,,,,,,,,,107,107,,,,104,109,107,107,110,105,,,,105,110,110,108,105,105,,,,103,107,108,106,,,,80%,95%,,,,65%,83%,,,,85%,100%,,,,70%,95%,,,,20%,48%,,,,20%,30%,,,,15%,48%,,,,10%,23%,37,62%,0,0%,2,3%,9,15%,11,18%,59,29%,71%,86%,14%,94%,6%,83%,17%,,,,,,,,,,108,109,56,29%,71%,66%,2%,38%,0%,78%,3%,0.6,-1.1,2.3,1.1,-0.5,2.7,1.8,0.2,3.4,104,105,175,78%,10%,106,107
1,9186,919,2144,151161,Forres Primary Academy,Stanstead Road,,,Hoddesdon,EN11 0RW,01992467821,E14001139,Broxbourne,0,,,AC,0,Does not apply,5-11,0,0,234,54,54,25,29,46%,54%,,,,,,,,,,18,33%,36,67%,7,13%,52,96%,54%,4%,,,,,,,,,,,,,61%,24%,0%,103,63%,13%,0%,102,67%,7%,0%,102,74%,13%,24%,0%,89%,0%,56%,52%,,,,11%,75%,-58,57%,56%,0%,7%,,,,0%,6%,-11,0%,4%,,,,,,,,,,,,,,,,,,,,,,,,,,,,,,,,,,,,,,,,,,,,,,,,,,,,,,,,,,,,,,,,,,,,,,,,,,,,,,,,,,,,,103,104,,,,100,105,101,103,103,102,,,,98,104,102,102,102,102,,,,99,103,100,102,,,,28%,78%,,,,44%,72%,,,,33%,83%,,,,61%,81%,,,,11%,31%,,,,0%,19%,,,,0%,11%,,,,0%,19%,47,87%,0,0%,3,6%,8,15%,11,20%,,,,,,,,,,,,,,,,,,,,,,,,,,,,,,,,,,,,,,,,,,NA,NA,NA,NA
1,13196,919,2151,117180,Hurst Drive Primary School,Hurst Drive,,,Waltham Cross,EN8 8DH,01992624099,E14001139,Broxbourne,0,,,CY,0,Does not apply,4-11,0,0,390,46,46,22,24,48%,52%,,,,,,,,,,19,41%,27,59%,26,57%,45,98%,63%,4%,,,,,,,,,,,,,67%,26%,0%,103,76%,24%,0%,104,74%,13%,0%,102,70%,4%,17%,0%,83%,0%,64%,63%,,,,42%,78%,-27,73%,62%,5%,4%,,,,0%,7%,-11,4%,4%,,,,,,,,,,,,,,,,,,,,,,,,,,,,,,,,,,,,,,,,,,,,,,,,,,,,,,,,,,,,,,,,,,,,,,,,,,,,,,,,,,,,,103,102,,,,98,106,105,102,103,101,,,,98,105,104,102,104,105,,,,100,107,106,104,,,,47%,81%,,,,58%,89%,,,,53%,89%,,,,47%,85%,,,,16%,33%,,,,11%,33%,,,,11%,15%,,,,0%,7%,20,43%,0,0%,3,7%,5,11%,8,17%,49,41%,59%,51%,2%,40%,0%,59%,3%,,,,,,,,,,101,102,56,48%,52%,36%,2%,33%,0%,38%,3%,-3.0,-4.8,-1.3,-1.8,-3.5,-0.2,-2.6,-4.2,-1.0,99,98,151,49%,3%,101,101
1,3866,919,2169,117189,Broom Barns Primary School,Homestead Moat,Bedwell,,Stevenage,SG1 1UE,01438354913,E14001516,Stevenage,0,,,FD,0,Does not apply,4-11,0,0,236,29,29,20,9,69%,31%,,,,,,,,,,18,62%,11,38%,12,41%,24,83%,41%,7%,,,,,,,,,,,,,59%,10%,0%,102,72%,28%,0%,106,59%,38%,0%,106,55%,14%,34%,0%,69%,0%,50%,22%,,,,39%,45%,-30,50%,46%,0%,22%,,,,6%,9%,-5,8%,8%,,,,,,,,,,,,,,,,,,,,,,,,,,,,,,,,,,,,,,,,,,,,,,,,,,,,,,,,,,,,,,,,,,,,,,,,,,,,,,,,,,,,,102,102,,,,101,102,103,103,108,102,,,,105,108,110,107,108,103,,,,105,109,108,107,,,,61%,55%,,,,78%,64%,,,,56%,64%,,,,56%,55%,,,,6%,18%,,,,11%,55%,,,,33%,45%,,,,11%,18%,17,59%,0,0%,0,0%,16,55%,16,55%,29,52%,48%,69%,21%,60%,7%,79%,36%,,,,,,,,,,108,109,28,43%,57%,61%,14%,67%,8%,56%,19%,0.0,-2.4,2.4,1.4,-0.9,3.7,2.8,0.5,5.1,104,106,86,57%,14%,105,107
1,32524,919,2219,117217,Windermere Primary School,Windermere Avenue,,,St. Albans,AL1 5QP,01727851176,E14001507,St Albans,0,,,CY,0,Does not apply,4-11,0,0,158,31,27,12,15,44%,56%,,,,,,,,,,8,30%,19,70%,7,26%,22,81%,48%,7%,,,,,,,,,,,,,85%,30%,0%,107,74%,15%,0%,104,70%,19%,0%,105,56%,7%,33%,0%,81%,0%,50%,47%,,,,25%,58%,-44,57%,55%,8%,7%,,,,0%,11%,-11,0%,9%,,,,,,,,,,,,,,,,,,,,,,,,,,,,,,,,,,,,,,,,,,,,,,,,,,,,,,,,,,,,,,,,,,,,,,,,,,,,,,,,,,,,,108,107,,,,107,108,106,108,107,105,,,,100,107,106,106,105,104,,,,103,104,104,104,,,,63%,95%,,,,50%,84%,,,,38%,84%,,,,38%,63%,,,,0%,42%,,,,13%,16%,,,,0%,26%,,,,0%,11%,20,74%,0,0%,2,7%,3,11%,5,19%,29,34%,66%,45%,7%,50%,0%,42%,11%,,,,,,,,,,105,104,29,31%,69%,41%,3%,22%,0%,50%,5%,-1.4,-3.9,1.1,-6.5,-8.9,-4.1,-4.6,-7.0,-2.2,106,101,85,45%,6%,106,103
1,646,919,2226,117221,Almond Hill Junior School,Almonds Lane,,,Stevenage,SG1 3RP,01438233660,E14001516,Stevenage,0,,,CY,0,Does not apply,7-11,0,0,342,86,89,49,40,55%,45%,,,,,,,,,,18,20%,71,80%,4,4%,84,94%,70%,4%,,,,,,,,,,,,,88%,44%,0%,107,78%,33%,0%,106,84%,36%,0%,107,75%,6%,17%,0%,82%,0%,76%,63%,,,,50%,75%,-19,SUPP,69%,8%,0%,,,,6%,4%,-5,SUPP,5%,,,,,,,,,,,,,,,,,,,,,,,,,,,,,,,,,,,,,,,,,,,,,,,,,,,,,,,,,,,,,,,,,,,,,,,,,,,,,,,,,,,,,109,106,,,,105,108,SUPP,107,110,103,,,,104,107,SUPP,107,106,106,,,,105,106,SUPP,106,,,,83%,89%,,,,67%,80%,,,,67%,89%,,,,67%,77%,,,,22%,49%,,,,22%,35%,,,,22%,39%,,,,6%,6%,84,94%,1,1%,2,2%,12,13%,14,16%,81,28%,72%,62%,6%,57%,4%,64%,7%,,,,,,,,,,105,103,88,20%,80%,51%,2%,39%,0%,54%,3%,-1.5,-2.8,-0.1,-3.4,-4.7,-2.1,-1.3,-2.6,0.0,105,104,258,61%,4%,106,105
1,21244,919,2251,117234,The Reddings Primary School,Bennetts End Road,,,Hemel Hempstead,HP3 8DX,01442406500,E14001278,Hemel Hempstead,0,,,CY,0,Does not apply,3-11,0,0,215,29,30,18,12,60%,40%,,,,,,,,,,10,33%,20,67%,9,30%,25,83%,57%,0%,,,,,,,,,,,,,73%,17%,0%,103,77%,30%,0%,105,77%,13%,0%,104,60%,0%,30%,0%,83%,0%,56%,58%,,,,50%,60%,-19,56%,60%,0%,0%,,,,0%,0%,-11,0%,0%,,,,,,,,,,,,,,,,,,,,,,,,,,,,,,,,,,,,,,,,,,,,,,,,,,,,,,,,,,,,,,,,,,,,,,,,,,,,,,,,,,,,,104,102,,,,101,105,104,104,105,102,,,,102,105,103,104,106,105,,,,101,107,107,106,,,,60%,80%,,,,60%,85%,,,,70%,80%,,,,50%,65%,,,,10%,20%,,,,10%,40%,,,,10%,15%,,,,0%,0%,21,70%,0,0%,2,7%,7,23%,9,30%,29,34%,66%,55%,0%,40%,0%,63%,0%,,,,,,,,,,107,106,28,36%,64%,68%,18%,50%,0%,78%,28%,1.4,-1.2,4.0,1.4,-1.1,3.9,2.1,-0.3,4.6,105,106,87,60%,6%,105,105
1,28110,919,2258,148875,Skyswood Primary & Nursery School,Chandlers Road,,,St Albans,AL4 9RS,01727854164,E14001507,St Albans,0,,,ACC,0,Does not apply,3-11,0,0,238,30,30,18,12,60%,40%,,,,,,,,,,0,0%,30,100%,8,27%,28,93%,87%,37%,,,,,,,,,,,,,93%,77%,0%,112,90%,57%,0%,111,93%,57%,0%,110,90%,60%,7%,0%,90%,0%,89%,83%,,,,,SUPP,,88%,86%,33%,42%,,,,,SUPP,,63%,39%,,,,,,,,,,,,,,,,,,,,,,,,,,,,,,,,,,,,,,,,,,,,,,,,,,,,,,,,,,,,,,,,,,,,,,,,,,,,,,,,,,,,,111,113,,,,,SUPP,113,112,111,109,,,,,SUPP,113,110,111,111,,,,,SUPP,113,111,,,,,SUPP,,,,,SUPP,,,,,SUPP,,,,,SUPP,,,,,SUPP,,,,,SUPP,,,,,SUPP,,,,,SUPP,22,73%,0,0%,1,3%,3,10%,4,13%,31,10%,90%,90%,26%,SUPP,SUPP,SUPP,SUPP,,,,,,,,,,109,108,31,3%,97%,84%,39%,SUPP,SUPP,SUPP,SUPP,5.8,3.5,8.0,4.3,2.1,6.5,5.5,3.4,7.6,111,110,92,87%,34%,111,109
1,12850,919,2283,117252,Homerswood Primary and Nursery School,Kirklands,,,Welwyn Garden City,AL8 7RF,01707320610,E14001573,Welwyn Hatfield,0,,,CY,0,Does not apply,3-11,0,0,213,30,29,14,15,48%,52%,,,,,,,,,,10,34%,19,66%,8,28%,28,97%,62%,10%,,,,,,,,,,,,,72%,31%,3%,105,72%,28%,3%,105,69%,34%,3%,105,62%,10%,31%,3%,72%,3%,43%,80%,,,,20%,84%,-49,63%,64%,14%,7%,,,,0%,16%,-11,0%,11%,,,,,,,,,,,,,,,,,,,,,,,,,,,,,,,,,,,,,,,,,,,,,,,,,,,,,,,,,,,,,,,,,,,,,,,,,,,,,,,,,,,,,102,107,,,,100,107,104,105,102,106,,,,97,108,103,105,103,107,,,,100,108,106,106,,,,40%,89%,,,,40%,89%,,,,30%,89%,,,,20%,84%,,,,10%,42%,,,,10%,37%,,,,10%,47%,,,,0%,16%,21,72%,0,0%,1,3%,1,3%,2,7%,30,23%,77%,67%,3%,43%,0%,74%,4%,,,,,,,,,,104,103,30,17%,83%,67%,0%,SUPP,SUPP,SUPP,SUPP,-1.3,-3.5,1.0,-2.2,-4.4,0.0,-1.6,-3.8,0.5,104,102,89,65%,4%,104,103
1,32050,919,2287,117253,Whitehill Junior School,Whitehill Road,,,Hitchin,SG4 9HT,01462621313,E14001289,Hitchin,0,,,CY,0,Does not apply,7-11,0,0,241,60,60,32,28,53%,47%,,,,,,,,,,12,20%,48,80%,6,10%,58,97%,72%,15%,,,,,,,,,,,,,83%,43%,2%,108,77%,45%,2%,108,82%,35%,2%,107,80%,17%,17%,0%,88%,0%,69%,75%,,,,58%,75%,-11,67%,71%,16%,14%,,,,8%,17%,-3,17%,14%,,,,,,,,,,,,,,,,,,,,,,,,,,,,,,,,,,,,,,,,,,,,,,,,,,,,,,,,,,,,,,,,,,,,,,,,,,,,,,,,,,,,,108,108,,,,106,109,106,108,108,105,,,,105,107,112,107,107,109,,,,107,108,110,108,,,,83%,83%,,,,83%,75%,,,,75%,83%,,,,58%,85%,,,,8%,52%,,,,33%,48%,,,,17%,40%,,,,8%,19%,54,90%,0,0%,2,3%,8,13%,10,17%,60,15%,85%,67%,10%,33%,0%,73%,12%,,,,,,,,,,106,105,60,12%,88%,75%,28%,57%,0%,77%,32%,3.9,2.3,5.5,2.6,1.0,4.1,2.4,0.9,3.9,110,107,180,71%,18%,108,106
1,17494,919,2312,117269,Moss Bury Primary School and Nursery,Webb Rise,,,Stevenage,SG1 5PA,01438222300,E14001516,Stevenage,0,,,CY,0,Does not apply,3-11,0,0,245,44,45,21,24,47%,53%,,,,,,,,,,14,31%,31,69%,7,16%,40,89%,69%,7%,,,,,,,,,,,,,82%,44%,0%,108,78%,29%,0%,106,87%,36%,0%,108,71%,9%,24%,0%,80%,0%,57%,79%,,,,71%,68%,2,86%,68%,5%,8%,,,,7%,6%,-4,14%,5%,,,,,,,,,,,,,,,,,,,,,,,,,,,,,,,,,,,,,,,,,,,,,,,,,,,,,,,,,,,,,,,,,,,,,,,,,,,,,,,,,,,,,106,110,,,,106,109,109,108,107,108,,,,107,108,109,108,105,108,,,,103,108,108,106,,,,79%,84%,,,,71%,81%,,,,86%,87%,,,,71%,71%,,,,29%,52%,,,,14%,35%,,,,29%,39%,,,,14%,6%,38,84%,0,0%,4,9%,6,13%,10,22%,44,30%,70%,61%,7%,46%,0%,68%,10%,,,,,,,,,,106,108,45,22%,78%,64%,4%,40%,0%,71%,6%,-2.0,-3.9,-0.1,-2.3,-4.1,-0.5,-1.3,-3.0,0.5,105,105,134,65%,6%,107,107
1,10566,919,2326,117276,Greenway Primary and Nursery School,Crossways,,,Berkhamsted,HP4 3NH,01442866249,E14001268,Harpenden and Berkhamsted,0,,,CY,0,Does not apply,3-11,0,0,230,28,29,14,15,48%,52%,,,,,,,,,,3,10%,26,90%,2,7%,28,97%,79%,10%,,,,,,,,,,,,,93%,59%,0%,108,86%,52%,0%,110,83%,24%,0%,106,79%,28%,21%,0%,86%,0%,86%,73%,,,,SUPP,SUPP,SUPP,SUPP,79%,7%,13%,,,,SUPP,SUPP,SUPP,SUPP,11%,,,,,,,,,,,,,,,,,,,,,,,,,,,,,,,,,,,,,,,,,,,,,,,,,,,,,,,,,,,,,,,,,,,,,,,,,,,,,,,,,,,,,110,107,,,,SUPP,SUPP,SUPP,108,108,104,,,,SUPP,SUPP,SUPP,105,111,109,,,,SUPP,SUPP,SUPP,110,,,,SUPP,SUPP,,,,SUPP,SUPP,,,,SUPP,SUPP,,,,SUPP,SUPP,,,,SUPP,SUPP,,,,SUPP,SUPP,,,,SUPP,SUPP,,,,SUPP,SUPP,27,93%,0,0%,0,0%,8,28%,8,28%,31,19%,81%,65%,13%,33%,0%,72%,16%,,,,,,,,,,106,104,26,8%,92%,73%,12%,SUPP,SUPP,SUPP,SUPP,1.8,-0.6,4.3,-1.1,-3.5,1.2,1.1,-1.2,3.4,110,108,86,72%,12%,108,106
1,10978,919,2337,137238,Hammond Academy,Cambrian Way,,,Hemel Hempstead,HP2 5TD,01442404020,E14001278,Hemel Hempstead,0,,,ACC,0,Does not apply,3-11,0,0,344,53,51,23,28,45%,55%,,,,,,,,,,14,27%,37,73%,17,33%,46,90%,67%,0%,,,,,,,,,,,,,78%,31%,0%,107,88%,37%,0%,107,80%,31%,0%,106,73%,2%,20%,0%,78%,0%,65%,68%,,,,50%,73%,-19,71%,72%,0%,0%,,,,0%,0%,-11,0%,0%,,,,,,,,,,,,,,,,,,,,,,,,,,,,,,,,,,,,,,,,,,,,,,,,,,,,,,,,,,,,,,,,,,,,,,,,,,,,,,,,,,,,,105,108,,,,105,107,108,107,107,106,,,,103,107,108,107,107,108,,,,106,108,109,107,,,,71%,81%,,,,79%,92%,,,,64%,86%,,,,50%,81%,,,,36%,30%,,,,36%,38%,,,,21%,35%,,,,7%,0%,33,65%,1,2%,1,2%,3,6%,4,8%,58,33%,67%,41%,2%,32%,5%,46%,0%,,,,,,,,,,103,102,56,39%,61%,41%,0%,18%,0%,56%,0%,-1.6,-3.3,0.1,-3.7,-5.3,-2.0,-3.7,-5.3,-2.1,104,100,165,49%,1%,105,103
1,6524,919,2344,140708,Crabtree Junior School,Crabtree Lane,,,Harpenden,AL5 5PU,01582623501,E14001268,Harpenden and Berkhamsted,0,,,ACC,0,Does not apply,7-11,0,0,256,66,65,36,29,55%,45%,,,,,,,,,,1,2%,64,98%,10,15%,62,95%,86%,25%,,,,,,,,,,,,,94%,65%,0%,110,89%,57%,0%,111,88%,37%,0%,107,91%,32%,5%,0%,100%,0%,81%,93%,,,,SUPP,SUPP,SUPP,100%,85%,19%,31%,,,,SUPP,SUPP,SUPP,50%,24%,,,,,,,,,,,,,,,,,,,,,,,,,,,,,,,,,,,,,,,,,,,,,,,,,,,,,,,,,,,,,,,,,,,,,,,,,,,,,,,,,,,,,110,111,,,,SUPP,SUPP,113,110,107,107,,,,SUPP,SUPP,115,107,110,112,,,,SUPP,SUPP,118,111,,,,SUPP,SUPP,,,,SUPP,SUPP,,,,SUPP,SUPP,,,,SUPP,SUPP,,,,SUPP,SUPP,,,,SUPP,SUPP,,,,SUPP,SUPP,,,,SUPP,SUPP,55,85%,0,0%,3,5%,5,8%,8,12%,65,2%,98%,85%,20%,SUPP,SUPP,SUPP,SUPP,,,,,,,,,,110,108,65,3%,97%,75%,12%,SUPP,SUPP,SUPP,SUPP,1.1,-0.6,2.7,-1.2,-2.8,0.4,-0.8,-2.3,0.8,110,107,195,82%,19%,110,107
1,17048,919,2362,117297,Mill Mead Primary School,Mill Mead Primary School Port Vale,,,Hertford,SG14 3AA,01992582776,E14001283,Hertford and Stortford,150620,Mill Mead Primary Academy,20250901,CY,0,Does not apply,3-11,0,0,235,32,32,13,19,41%,59%,,,,,,,,,,1,3%,31,97%,3,9%,25,78%,84%,25%,,,,,,,,,,,,,94%,53%,0%,109,91%,41%,0%,108,91%,44%,0%,107,91%,31%,9%,0%,97%,0%,77%,89%,,,,SUPP,SUPP,SUPP,SUPP,84%,15%,32%,,,,SUPP,SUPP,SUPP,SUPP,28%,,,,,,,,,,,,,,,,,,,,,,,,,,,,,,,,,,,,,,,,,,,,,,,,,,,,,,,,,,,,,,,,,,,,,,,,,,,,,,,,,,,,,108,110,,,,SUPP,SUPP,SUPP,110,108,106,,,,SUPP,SUPP,SUPP,108,107,109,,,,SUPP,SUPP,SUPP,108,,,,SUPP,SUPP,,,,SUPP,SUPP,,,,SUPP,SUPP,,,,SUPP,SUPP,,,,SUPP,SUPP,,,,SUPP,SUPP,,,,SUPP,SUPP,,,,SUPP,SUPP,29,91%,0,0%,3,9%,5,16%,8,25%,29,17%,83%,72%,17%,SUPP,SUPP,SUPP,SUPP,,,,,,,,,,109,106,30,3%,97%,80%,13%,SUPP,SUPP,SUPP,SUPP,3.5,1.3,5.8,2.0,-0.1,4.2,0.9,-1.2,3.0,111,107,91,79%,19%,110,107
1,12212,919,2387,117310,Hillmead Primary School,Woburn Avenue,,,Bishop's Stortford,CM23 4PW,01279656876,E14001283,Hertford and Stortford,0,,,CY,0,Does not apply,3-11,0,0,226,29,30,11,19,37%,63%,,,,,,,,,,3,10%,27,90%,3,10%,30,100%,77%,23%,,,,,,,,,,,,,87%,50%,0%,109,73%,53%,0%,108,90%,37%,0%,108,87%,30%,13%,0%,90%,0%,91%,68%,,,,SUPP,SUPP,SUPP,SUPP,77%,36%,16%,,,,SUPP,SUPP,SUPP,SUPP,23%,,,,,,,,,,,,,,,,,,,,,,,,,,,,,,,,,,,,,,,,,,,,,,,,,,,,,,,,,,,,,,,,,,,,,,,,,,,,,,,,,,,,,111,108,,,,SUPP,SUPP,SUPP,109,111,106,,,,SUPP,SUPP,SUPP,108,108,107,,,,SUPP,SUPP,SUPP,108,,,,SUPP,SUPP,,,,SUPP,SUPP,,,,SUPP,SUPP,,,,SUPP,SUPP,,,,SUPP,SUPP,,,,SUPP,SUPP,,,,SUPP,SUPP,,,,SUPP,SUPP,27,90%,0,0%,1,3%,5,17%,6,20%,30,10%,90%,87%,10%,SUPP,SUPP,SUPP,SUPP,,,,,,,,,,106,106,59,10%,90%,68%,8%,67%,0%,68%,9%,2.1,0.4,3.7,2.4,0.8,4.0,0.0,-1.6,1.6,106,103,119,75%,13%,107,105
1,33050,919,2401,147879,Woodside Primary School,Jones Road,Goffs Oak,Cheshunt,Waltham Cross,EN7 5JS,01707888333,E14001139,Broxbourne,0,,,ACC,0,Does not apply,4-11,0,0,229,28,29,16,13,55%,45%,,,,,,,,,,5,17%,24,83%,2,7%,26,90%,76%,21%,,,,,,,,,,,,,83%,41%,0%,107,90%,45%,0%,109,90%,41%,0%,108,86%,31%,14%,0%,86%,0%,63%,92%,,,,SUPP,SUPP,SUPP,SUPP,77%,19%,23%,,,,SUPP,SUPP,SUPP,SUPP,23%,,,,,,,,,,,,,,,,,,,,,,,,,,,,,,,,,,,,,,,,,,,,,,,,,,,,,,,,,,,,,,,,,,,,,,,,,,,,,,,,,,,,,107,107,,,,SUPP,SUPP,SUPP,107,109,108,,,,SUPP,SUPP,SUPP,109,108,112,,,,SUPP,SUPP,SUPP,109,,,,SUPP,SUPP,,,,SUPP,SUPP,,,,SUPP,SUPP,,,,SUPP,SUPP,,,,SUPP,SUPP,,,,SUPP,SUPP,,,,SUPP,SUPP,,,,SUPP,SUPP,27,93%,0,0%,1,3%,5,17%,6,21%,28,29%,71%,64%,4%,63%,0%,65%,5%,,,,,,,,,,105,105,30,10%,90%,77%,10%,SUPP,SUPP,SUPP,SUPP,1.2,-1.0,3.5,1.9,-0.2,4.1,3.1,1.0,5.3,106,106,87,72%,11%,106,107
1,14910,919,2412,117327,The Lea Primary School and Nursery,Moorland Road,,,Harpenden,AL5 4LE,01582767939,E14001268,Harpenden and Berkhamsted,0,,,CY,0,Does not apply,3-11,0,0,227,27,30,17,13,57%,43%,,,,,,,,,,5,17%,25,83%,11,37%,29,97%,70%,7%,,,,,,,,,,,,,77%,20%,0%,104,73%,30%,0%,105,77%,30%,0%,106,83%,33%,13%,0%,97%,0%,59%,85%,,,,SUPP,SUPP,SUPP,64%,69%,12%,0%,,,,SUPP,SUPP,SUPP,9%,7%,,,,,,,,,,,,,,,,,,,,,,,,,,,,,,,,,,,,,,,,,,,,,,,,,,,,,,,,,,,,,,,,,,,,,,,,,,,,,,,,,,,,,103,107,,,,SUPP,SUPP,102,104,107,105,,,,SUPP,SUPP,106,106,104,107,,,,SUPP,SUPP,104,105,,,,SUPP,SUPP,,,,SUPP,SUPP,,,,SUPP,SUPP,,,,SUPP,SUPP,,,,SUPP,SUPP,,,,SUPP,SUPP,,,,SUPP,SUPP,,,,SUPP,SUPP,19,63%,0,0%,3,10%,8,27%,11,37%,30,13%,87%,80%,0%,SUPP,SUPP,SUPP,SUPP,,,,,,,,,,106,107,30,13%,87%,93%,23%,SUPP,SUPP,SUPP,SUPP,5.7,3.2,8.1,3.0,0.6,5.3,4.2,1.9,6.5,112,110,90,81%,10%,107,108
1,1378,919,2426,117335,Aycliffe Drive Primary School,Aycliffe Drive,,Aycliffe Drive Primary School,Hemel Hempstead,HP2 6LJ,01442973174,E14001278,Hemel Hempstead,0,,,CY,0,Does not apply,3-11,0,0,334,44,43,22,21,51%,49%,,,,,,,,,,12,28%,31,72%,15,35%,39,91%,51%,7%,,,,,,,,,,,,,65%,19%,0%,103,67%,28%,0%,104,70%,19%,0%,103,65%,9%,33%,0%,81%,0%,36%,67%,,,,25%,61%,-44,67%,56%,5%,10%,,,,0%,10%,-11,13%,8%,,,,,,,,,,,,,,,,,,,,,,,,,,,,,,,,,,,,,,,,,,,,,,,,,,,,,,,,,,,,,,,,,,,,,,,,,,,,,,,,,,,,,102,104,,,,100,104,105,104,103,103,,,,100,104,104,104,103,106,,,,101,106,107,105,,,,42%,74%,,,,42%,77%,,,,50%,77%,,,,58%,68%,,,,0%,26%,,,,8%,35%,,,,0%,26%,,,,0%,13%,28,65%,0,0%,3,7%,3,7%,6,14%,42,38%,62%,50%,2%,25%,0%,65%,4%,,,,,,,,,,103,104,40,35%,65%,63%,8%,57%,0%,65%,12%,0.5,-1.5,2.5,4.2,2.3,6.1,3.2,1.3,5.1,104,106,125,54%,6%,103,104
1,11954,919,2437,117342,High Beeches Primary School,Aldwickbury Crescent,,,Harpenden,AL5 5SD,01582767966,E14001268,Harpenden and Berkhamsted,0,,,CY,0,Does not apply,5-11,0,0,418,58,60,31,29,52%,48%,,,,,,,,,,4,7%,56,93%,7,12%,60,100%,80%,15%,,,,,,,,,,,,,98%,80%,0%,113,95%,70%,0%,113,95%,68%,0%,112,80%,17%,15%,0%,88%,0%,71%,90%,,,,SUPP,SUPP,SUPP,86%,80%,16%,14%,,,,SUPP,SUPP,SUPP,14%,15%,,,,,,,,,,,,,,,,,,,,,,,,,,,,,,,,,,,,,,,,,,,,,,,,,,,,,,,,,,,,,,,,,,,,,,,,,,,,,,,,,,,,,113,114,,,,SUPP,SUPP,114,113,113,111,,,,SUPP,SUPP,112,112,112,114,,,,SUPP,SUPP,114,113,,,,SUPP,SUPP,,,,SUPP,SUPP,,,,SUPP,SUPP,,,,SUPP,SUPP,,,,SUPP,SUPP,,,,SUPP,SUPP,,,,SUPP,SUPP,,,,SUPP,SUPP,53,88%,0,0%,1,2%,9,15%,10,17%,60,7%,93%,75%,17%,SUPP,SUPP,SUPP,SUPP,,,,,,,,,,112,111,62,3%,97%,77%,19%,SUPP,SUPP,SUPP,SUPP,4.0,2.4,5.6,0.4,-1.1,2.0,4.8,3.3,6.3,110,110,182,77%,17%,112,111
1,17566,919,2444,145969,Mount Pleasant Lane Primary School,Mount Pleasant Lane,Bricket Wood,,St Albans,AL2 3XA,01923672729,E14001507,St Albans,0,,,ACC,0,Does not apply,3-11,0,0,206,37,36,23,13,64%,36%,,,,,,,,,,5,14%,31,86%,6,17%,34,94%,53%,8%,,,,,,,,,,,,,72%,28%,0%,105,72%,22%,0%,104,69%,19%,0%,104,61%,17%,19%,0%,61%,0%,43%,69%,,,,SUPP,SUPP,SUPP,83%,53%,9%,8%,,,,SUPP,SUPP,SUPP,0%,9%,,,,,,,,,,,,,,,,,,,,,,,,,,,,,,,,,,,,,,,,,,,,,,,,,,,,,,,,,,,,,,,,,,,,,,,,,,,,,,,,,,,,,104,106,,,,SUPP,SUPP,107,105,104,104,,,,SUPP,SUPP,106,104,104,104,,,,SUPP,SUPP,106,104,,,,SUPP,SUPP,,,,SUPP,SUPP,,,,SUPP,SUPP,,,,SUPP,SUPP,,,,SUPP,SUPP,,,,SUPP,SUPP,,,,SUPP,SUPP,,,,SUPP,SUPP,30,83%,0,0%,4,11%,6,17%,10,28%,43,12%,88%,51%,0%,SUPP,SUPP,SUPP,SUPP,,,,,,,,,,104,103,42,31%,69%,38%,5%,8%,0%,52%,7%,-0.6,-2.5,1.3,-2.0,-3.8,-0.1,-2.9,-4.7,-1.1,104,100,121,47%,4%,104,102
1,1174,919,2451,117352,Ashtree Primary School and Nursery,Chertsey Rise,,,Stevenage,SG2 9JQ,,E14001516,Stevenage,0,,,CY,1,Does not apply,3-11,0,0,0,0,35,17,18,49%,51%,,,,,,,,,,13,37%,22,63%,5,14%,34,97%,31%,3%,,,,,,,,,,,,,54%,14%,0%,101,60%,14%,0%,101,49%,14%,0%,99,69%,6%,31%,0%,71%,0%,35%,28%,,,,8%,45%,-61,SUPP,32%,0%,6%,,,,0%,5%,-11,SUPP,3%,,,,,,,,,,,,,,,,,,,,,,,,,,,,,,,,,,,,,,,,,,,,,,,,,,,,,,,,,,,,,,,,,,,,,,,,,,,,,,,,,,,,,100,101,,,,97,103,SUPP,101,101,97,,,,96,101,SUPP,99,101,101,,,,99,102,SUPP,101,,,,38%,64%,,,,62%,59%,,,,23%,64%,,,,46%,82%,,,,0%,23%,,,,0%,23%,,,,8%,18%,,,,0%,9%,30,86%,0,0%,0,0%,5,14%,5,14%,51,35%,65%,57%,12%,44%,6%,64%,15%,,,,,,,,,,105,102,52,31%,69%,50%,6%,31%,0%,58%,8%,-4.2,-6.0,-2.5,-2.2,-3.8,-0.5,-4.4,-6.1,-2.8,101,101,138,48%,7%,102,101
1,2228,919,2462,117361,Bengeo Primary School,The Avenue,Bengeo,,Hertford,SG14 3DX,01992582765,E14001283,Hertford and Stortford,0,,,CY,0,Does not apply,3-11,0,0,450,56,57,29,28,51%,49%,,,,,,,,,,9,16%,48,84%,1,2%,56,98%,61%,9%,,,,,,,,,,,,,82%,39%,0%,107,79%,35%,0%,106,79%,28%,0%,106,74%,11%,23%,0%,86%,0%,66%,57%,,,,44%,65%,-25,SUPP,63%,14%,4%,,,,0%,10%,-11,SUPP,9%,,,,,,,,,,,,,,,,,,,,,,,,,,,,,,,,,,,,,,,,,,,,,,,,,,,,,,,,,,,,,,,,,,,,,,,,,,,,,,,,,,,,,109,106,,,,104,108,SUPP,107,107,105,,,,101,107,SUPP,106,107,106,,,,102,107,SUPP,106,,,,89%,81%,,,,56%,83%,,,,67%,81%,,,,67%,75%,,,,11%,44%,,,,11%,40%,,,,0%,33%,,,,0%,13%,56,98%,0,0%,4,7%,11,19%,15,26%,60,10%,90%,77%,13%,50%,0%,80%,15%,,,,,,,,,,109,108,59,5%,95%,75%,8%,SUPP,SUPP,SUPP,SUPP,1.8,0.1,3.4,-0.6,-2.2,1.0,1.8,0.3,3.4,108,107,176,71%,10%,108,107
1,12334,919,2469,117368,Hobbs Hill Wood Primary School,Peascroft Road,,,Hemel Hempstead,HP3 8ER,01442401222,E14001278,Hemel Hempstead,0,,,CY,0,Does not apply,3-11,0,0,454,62,60,33,27,55%,45%,,,,,,,,,,10,17%,50,83%,14,23%,59,98%,72%,8%,,,,,,,,,,,,,77%,30%,2%,105,82%,30%,2%,106,78%,27%,2%,105,78%,15%,18%,0%,85%,0%,61%,85%,,,,50%,76%,-19,71%,71%,3%,15%,,,,0%,10%,-11,7%,8%,,,,,,,,,,,,,,,,,,,,,,,,,,,,,,,,,,,,,,,,,,,,,,,,,,,,,,,,,,,,,,,,,,,,,,,,,,,,,,,,,,,,,104,107,,,,102,106,104,105,105,106,,,,104,106,104,105,104,109,,,,104,106,107,106,,,,60%,80%,,,,80%,82%,,,,60%,82%,,,,70%,80%,,,,10%,34%,,,,10%,34%,,,,30%,26%,,,,0%,18%,46,77%,0,0%,0,0%,20,33%,20,33%,58,22%,78%,71%,10%,77%,0%,69%,13%,,,,,,,,,,107,107,60,22%,78%,68%,2%,46%,0%,74%,2%,0.6,-1.0,2.2,-0.5,-2.0,1.0,0.6,-0.9,2.1,106,105,178,70%,7%,106,106
1,6556,919,2980,117369,Cranborne Primary School,Laurel Fields,,,Potters Bar,EN6 2BA,01707652714,E14001284,Hertsmere,0,,,FD,0,Does not apply,3-11,0,0,458,60,60,29,31,48%,52%,,,,,,,,,,3,5%,57,95%,19,32%,57,95%,87%,12%,,,,,,,,,,,,,90%,67%,0%,111,95%,65%,0%,112,90%,58%,0%,111,95%,15%,3%,0%,97%,0%,90%,84%,,,,SUPP,SUPP,SUPP,84%,86%,7%,16%,,,,SUPP,SUPP,SUPP,21%,12%,,,,,,,,,,,,,,,,,,,,,,,,,,,,,,,,,,,,,,,,,,,,,,,,,,,,,,,,,,,,,,,,,,,,,,,,,,,,,,,,,,,,,112,109,,,,SUPP,SUPP,110,110,114,108,,,,SUPP,SUPP,112,111,113,112,,,,SUPP,SUPP,115,112,,,,SUPP,SUPP,,,,SUPP,SUPP,,,,SUPP,SUPP,,,,SUPP,SUPP,,,,SUPP,SUPP,,,,SUPP,SUPP,,,,SUPP,SUPP,,,,SUPP,SUPP,41,68%,0,0%,2,3%,7,12%,9,15%,60,18%,82%,93%,28%,82%,27%,96%,29%,,,,,,,,,,110,109,60,15%,85%,90%,35%,78%,11%,92%,39%,3.3,1.7,4.9,2.6,1.0,4.2,5.2,3.7,6.7,111,112,180,90%,25%,110,110
1,11296,919,2994,117376,Hartsfield Junior Mixed and Infant School,Clothall Road,,,Baldock,SG7 6PB,01462895267,E14001393,North East Hertfordshire,0,,,CY,0,Does not apply,4-11,0,0,410,61,58,34,24,59%,41%,,,,,,,,,,6,10%,52,90%,5,9%,56,97%,64%,9%,,,,,,,,,,,,,84%,53%,0%,108,78%,43%,0%,107,90%,38%,0%,108,66%,12%,31%,0%,84%,0%,56%,75%,,,,17%,69%,-52,SUPP,66%,9%,8%,,,,0%,10%,-11,SUPP,9%,,,,,,,,,,,,,,,,,,,,,,,,,,,,,,,,,,,,,,,,,,,,,,,,,,,,,,,,,,,,,,,,,,,,,,,,,,,,,,,,,,,,,107,109,,,,101,109,SUPP,109,109,106,,,,103,108,SUPP,108,106,108,,,,100,107,SUPP,107,,,,33%,90%,,,,50%,81%,,,,50%,94%,,,,17%,71%,,,,17%,58%,,,,17%,46%,,,,17%,40%,,,,0%,13%,53,91%,0,0%,0,0%,11,19%,11,19%,58,16%,84%,81%,16%,78%,0%,82%,18%,,,,,,,,,,108,109,58,10%,90%,76%,7%,50%,17%,79%,6%,1.7,0.1,3.4,-1.6,-3.2,-0.1,2.6,1.0,4.1,108,108,174,74%,10%,108,108
1,25590,919,3005,117385,St Mary's Junior Mixed School,St Mary's Way,,,Baldock,SG7 6HY,01462892156,E14001393,North East Hertfordshire,0,,,VC,0,Church of England,7-11,0,0,201,60,60,32,28,53%,47%,,,,,,,,,,16,27%,44,73%,1,2%,57,95%,35%,2%,,,,,,,,,,,,,65%,27%,0%,104,63%,15%,0%,103,62%,15%,0%,103,43%,2%,48%,0%,77%,0%,41%,29%,,,,6%,45%,-63,SUPP,35%,3%,0%,,,,0%,2%,-11,SUPP,2%,,,,,,,,,,,,,,,,,,,,,,,,,,,,,,,,,,,,,,,,,,,,,,,,,,,,,,,,,,,,,,,,,,,,,,,,,,,,,,,,,,,,,103,106,,,,99,106,SUPP,105,105,101,,,,98,104,SUPP,103,103,103,,,,98,104,SUPP,103,,,,31%,77%,,,,25%,77%,,,,31%,73%,,,,6%,57%,,,,0%,36%,,,,0%,20%,,,,0%,20%,,,,0%,2%,59,98%,0,0%,2,3%,16,27%,18,30%,60,20%,80%,40%,2%,17%,0%,46%,2%,,,,,,,,,,101,101,60,27%,73%,50%,5%,31%,0%,57%,7%,-2.0,-3.6,-0.4,-2.9,-4.4,-1.4,-2.4,-3.9,-0.9,104,102,180,42%,3%,103,102
1,1084,919,3012,117391,Ashfield Junior School,School Lane,,,Bushey,WD23 1SR,02089502350,E14001284,Hertsmere,0,,,VC,0,None,7-11,0,0,229,60,57,29,28,51%,49%,,,,,,,,,,13,23%,44,77%,9,16%,50,88%,75%,14%,,,,,,,,,,,,,84%,46%,0%,107,86%,47%,0%,109,88%,39%,0%,107,81%,14%,18%,0%,81%,0%,69%,82%,,,,62%,80%,-7,89%,74%,3%,25%,,,,0%,18%,-11,22%,16%,,,,,,,,,,,,,,,,,,,,,,,,,,,,,,,,,,,,,,,,,,,,,,,,,,,,,,,,,,,,,,,,,,,,,,,,,,,,,,,,,,,,,106,109,,,,105,108,108,108,106,109,,,,104,108,110,107,107,111,,,,106,110,113,109,,,,77%,86%,,,,77%,89%,,,,77%,91%,,,,69%,84%,,,,31%,50%,,,,38%,50%,,,,38%,39%,,,,0%,18%,48,84%,0,0%,1,2%,10,18%,11,19%,58,12%,88%,63%,4%,57%,0%,64%,4%,,,,,,,,,,107,106,50,22%,78%,76%,12%,60%,10%,79%,13%,-2.4,-4.1,-0.6,-0.9,-2.6,0.9,-1.9,-3.6,-0.2,106,106,165,71%,10%,107,106
1,13266,919,3030,117401,Ickleford Primary School,Arlesey Road,Ickleford,,Hitchin,SG5 3TG,01462459150,E14001289,Hitchin,0,,,VC,0,Church of England,4-11,0,0,208,30,30,12,18,40%,60%,,,,,,,,,,10,33%,20,67%,0,0%,30,100%,67%,27%,,,,,,,,,,,,,90%,53%,0%,109,80%,33%,0%,108,90%,40%,0%,108,70%,27%,30%,0%,93%,0%,58%,72%,,,,60%,70%,-9,,67%,33%,22%,,,,10%,35%,-1,,27%,,,,,,,,,,,,,,,,,,,,,,,,,,,,,,,,,,,,,,,,,,,,,,,,,,,,,,,,,,,,,,,,,,,,,,,,,,,,,,,,,,,,,111,108,,,,106,110,,109,112,106,,,,107,109,,108,110,107,,,,107,108,,108,,,,90%,90%,,,,80%,80%,,,,90%,90%,,,,60%,75%,,,,40%,60%,,,,20%,40%,,,,30%,45%,,,,10%,35%,30,100%,0,0%,2,7%,1,3%,3,10%,31,23%,77%,77%,13%,57%,14%,83%,13%,,,,,,,,,,108,108,29,10%,90%,72%,7%,SUPP,SUPP,SUPP,SUPP,2.9,0.6,5.2,-1.0,-3.2,1.2,2.6,0.5,4.8,110,107,90,72%,16%,109,108
1,27310,919,3037,146723,Sarratt Church of England Primary School,The Green,Sarratt,,Rickmansworth,WD3 6AS,01923262003,E14001496,South West Hertfordshire,0,,,ACC,0,Church of England,4-11,0,0,164,23,25,10,15,40%,60%,,,,,,,,,,3,12%,22,88%,1,4%,24,96%,76%,20%,,,,,,,,,,,,,84%,36%,0%,106,76%,40%,0%,106,88%,36%,0%,106,76%,24%,16%,0%,92%,0%,80%,73%,,,,SUPP,SUPP,SUPP,SUPP,75%,20%,20%,,,,SUPP,SUPP,SUPP,SUPP,21%,,,,,,,,,,,,,,,,,,,,,,,,,,,,,,,,,,,,,,,,,,,,,,,,,,,,,,,,,,,,,,,,,,,,,,,,,,,,,,,,,,,,,106,107,,,,SUPP,SUPP,SUPP,106,106,105,,,,SUPP,SUPP,SUPP,106,105,107,,,,SUPP,SUPP,SUPP,106,,,,SUPP,SUPP,,,,SUPP,SUPP,,,,SUPP,SUPP,,,,SUPP,SUPP,,,,SUPP,SUPP,,,,SUPP,SUPP,,,,SUPP,SUPP,,,,SUPP,SUPP,24,96%,0,0%,0,0%,2,8%,2,8%,27,11%,89%,74%,15%,SUPP,SUPP,SUPP,SUPP,,,,,,,,,,105,107,27,19%,81%,67%,7%,SUPP,SUPP,SUPP,SUPP,0.6,-1.9,3.2,1.2,-1.2,3.6,-0.9,-3.3,1.5,106,104,79,72%,14%,106,106
1,23792,919,3348,117440,St Ippolyts Church of England Aided Primary School,Ashbrook Lane,St Ippolyts,,Hitchin,SG4 7PB,01462432080,E14001289,Hitchin,0,,,VA,0,Church of England,4-11,0,0,169,32,32,15,17,47%,53%,,,,,,,,,,3,9%,29,91%,1,3%,31,97%,75%,13%,,,,,,,,,,,,,81%,50%,0%,107,88%,38%,0%,108,84%,19%,0%,104,94%,34%,6%,0%,91%,0%,60%,88%,,,,SUPP,SUPP,SUPP,SUPP,74%,0%,24%,,,,SUPP,SUPP,SUPP,SUPP,13%,,,,,,,,,,,,,,,,,,,,,,,,,,,,,,,,,,,,,,,,,,,,,,,,,,,,,,,,,,,,,,,,,,,,,,,,,,,,,,,,,,,,,105,109,,,,SUPP,SUPP,SUPP,107,103,106,,,,SUPP,SUPP,SUPP,104,105,110,,,,SUPP,SUPP,SUPP,108,,,,SUPP,SUPP,,,,SUPP,SUPP,,,,SUPP,SUPP,,,,SUPP,SUPP,,,,SUPP,SUPP,,,,SUPP,SUPP,,,,SUPP,SUPP,,,,SUPP,SUPP,31,97%,0,0%,3,9%,3,9%,6,19%,30,13%,87%,83%,17%,SUPP,SUPP,SUPP,SUPP,,,,,,,,,,108,107,20,25%,75%,85%,10%,SUPP,SUPP,SUPP,SUPP,1.2,-1.6,4.1,1.6,-1.2,4.3,2.2,-0.5,4.8,107,107,82,80%,13%,108,106
1,15638,919,3373,117459,Long Marston VA Church of England Primary and Nursery School,Station Road,Long Marston,,Tring,HP23 4QS,01296668386,E14001268,Harpenden and Berkhamsted,0,,,VA,0,Church of England,3-11,0,0,140,23,22,8,14,36%,64%,,,,,,,,,,3,14%,19,86%,1,5%,22,100%,36%,0%,,,,,,,,,,,,,68%,36%,0%,105,68%,14%,0%,102,55%,5%,0%,100,45%,5%,41%,0%,77%,0%,25%,43%,,,,SUPP,SUPP,SUPP,SUPP,36%,0%,0%,,,,SUPP,SUPP,SUPP,SUPP,0%,,,,,,,,,,,,,,,,,,,,,,,,,,,,,,,,,,,,,,,,,,,,,,,,,,,,,,,,,,,,,,,,,,,,,,,,,,,,,,,,,,,,,102,107,,,,SUPP,SUPP,SUPP,105,99,100,,,,SUPP,SUPP,SUPP,100,101,103,,,,SUPP,SUPP,SUPP,102,,,,SUPP,SUPP,,,,SUPP,SUPP,,,,SUPP,SUPP,,,,SUPP,SUPP,,,,SUPP,SUPP,,,,SUPP,SUPP,,,,SUPP,SUPP,,,,SUPP,SUPP,21,95%,0,0%,3,14%,3,14%,6,27%,19,16%,84%,47%,5%,SUPP,SUPP,SUPP,SUPP,,,,,,,,,,106,101,17,12%,88%,76%,12%,SUPP,SUPP,SUPP,SUPP,3.8,0.7,6.8,2.1,-0.8,5.1,0.7,-2.2,3.6,107,104,58,52%,5%,106,101
1,22816,919,3380,117463,"St Bartholomew's Church of England Voluntary Aided Primary School, Wigginton",Common Field,Wigginton,,Tring,HP23 6EP,01442822364,E14001268,Harpenden and Berkhamsted,0,,,VA,0,Church of England,4-11,0,0,107,15,15,7,8,47%,53%,,,,,,,,,,1,7%,14,93%,0,0%,13,87%,60%,13%,,,,,,,,,,,,,73%,40%,0%,107,87%,40%,0%,108,73%,33%,0%,106,80%,13%,20%,0%,100%,0%,57%,63%,,,,SUPP,SUPP,SUPP,,62%,0%,25%,,,,SUPP,SUPP,SUPP,,8%,,,,,,,,,,,,,,,,,,,,,,,,,,,,,,,,,,,,,,,,,,,,,,,,,,,,,,,,,,,,,,,,,,,,,,,,,,,,,,,,,,,,,107,108,,,,SUPP,SUPP,,107,106,106,,,,SUPP,SUPP,,106,106,110,,,,SUPP,SUPP,,108,,,,SUPP,SUPP,,,,SUPP,SUPP,,,,SUPP,SUPP,,,,SUPP,SUPP,,,,SUPP,SUPP,,,,SUPP,SUPP,,,,SUPP,SUPP,,,,SUPP,SUPP,15,100%,0,0%,0,0%,5,33%,5,33%,13,23%,77%,69%,0%,SUPP,SUPP,SUPP,SUPP,,,,,,,,,,106,105,13,15%,85%,77%,0%,SUPP,SUPP,SUPP,SUPP,1.6,-1.9,5.2,0.8,-2.6,4.3,1.7,-1.7,5.0,106,106,41,68%,5%,107,105
1,23982,919,3398,146859,St John Catholic Primary School,Berry Lane,Mill End,,Rickmansworth,WD3 7HG,01923774004,E14001496,South West Hertfordshire,0,,,ACC,0,Roman Catholic,4-11,0,0,121,19,20,15,5,75%,25%,,,,,,,,,,5,25%,15,75%,2,10%,16,80%,50%,10%,,,,,,,,,,,,,65%,30%,5%,103,55%,20%,5%,101,50%,15%,5%,100,55%,20%,30%,0%,55%,0%,53%,SUPP,,,,SUPP,SUPP,SUPP,SUPP,56%,13%,SUPP,,,,SUPP,SUPP,SUPP,SUPP,13%,,,,,,,,,,,,,,,,,,,,,,,,,,,,,,,,,,,,,,,,,,,,,,,,,,,,,,,,,,,,,,,,,,,,,,,,,,,,,,,,,,,,,103,SUPP,,,,SUPP,SUPP,SUPP,103,101,SUPP,,,,SUPP,SUPP,SUPP,101,102,SUPP,,,,SUPP,SUPP,SUPP,101,,,,SUPP,SUPP,,,,SUPP,SUPP,,,,SUPP,SUPP,,,,SUPP,SUPP,,,,SUPP,SUPP,,,,SUPP,SUPP,,,,SUPP,SUPP,,,,SUPP,SUPP,18,90%,0,0%,0,0%,6,30%,6,30%,25,24%,76%,44%,8%,17%,0%,53%,11%,,,,,,,,,,105,100,30,23%,77%,57%,3%,29%,0%,65%,4%,-0.6,-2.9,1.7,1.5,-0.7,3.7,-1.5,-3.6,0.7,105,104,75,51%,7%,104,102
1,26228,919,3423,117492,St Paul's Catholic Primary School,Park Lane,,,Cheshunt,EN7 6LR,01992635060,E14001139,Broxbourne,151596,St Paul's Catholic Primary School,20250701,VA,0,Roman Catholic,3-11,0,0,190,29,29,12,17,41%,59%,,,,,,,,,,8,28%,21,72%,10,34%,28,97%,64%,7%,,,,,,,,,,,,,76%,14%,0%,102,59%,3%,0%,99,69%,10%,0%,101,75%,18%,21%,0%,96%,0%,55%,71%,,,,50%,70%,-19,70%,63%,0%,12%,,,,0%,10%,-11,20%,4%,,,,,,,,,,,,,,,,,,,,,,,,,,,,,,,,,,,,,,,,,,,,,,,,,,,,,,,,,,,,,,,,,,,,,,,,,,,,,,,,,,,,,100,103,,,,96,104,104,101,101,101,,,,98,102,104,101,98,101,,,,94,102,103,99,,,,50%,86%,,,,25%,71%,,,,50%,76%,,,,63%,80%,,,,0%,19%,,,,0%,5%,,,,0%,14%,,,,0%,25%,19,66%,0,0%,2,7%,5,17%,7,24%,30,30%,70%,43%,3%,33%,0%,48%,5%,,,,,,,,,,100,100,22,23%,77%,59%,0%,SUPP,SUPP,SUPP,SUPP,-4.8,-7.4,-2.2,-2.6,-5.1,-0.1,-3.3,-5.7,-0.8,103,103,81,55%,4%,101,101
1,3652,919,3991,144909,Broadfield Academy,Windmill Road,,,Hemel Hempstead,HP2 4BX,01442262103,E14001278,Hemel Hempstead,0,,,ACC,0,Does not apply,3-11,0,0,430,61,59,32,27,54%,46%,,,,,,,,,,19,32%,40,68%,12,20%,52,88%,53%,0%,,,,,,,,,,,,,64%,32%,3%,104,63%,27%,3%,103,66%,24%,0%,103,59%,0%,24%,0%,59%,0%,38%,70%,,,,16%,70%,-53,58%,52%,0%,0%,,,,0%,0%,-11,0%,0%,,,,,,,,,,,,,,,,,,,,,,,,,,,,,,,,,,,,,,,,,,,,,,,,,,,,,,,,,,,,,,,,,,,,,,,,,,,,,,,,,,,,,102,106,,,,96,107,104,103,102,105,,,,96,106,104,103,101,106,,,,98,106,106,103,,,,32%,80%,,,,26%,80%,,,,32%,83%,,,,26%,75%,,,,21%,38%,,,,21%,30%,,,,0%,35%,,,,0%,0%,47,80%,0,0%,6,10%,15,25%,21,36%,45,38%,62%,51%,0%,59%,0%,46%,0%,,,,,,,,,,104,104,51,24%,76%,51%,0%,33%,0%,56%,0%,2.7,0.9,4.4,-2.3,-4.0,-0.6,-0.1,-1.8,1.5,108,103,155,52%,0%,105,103
1,19946,919,5202,117562,Parkside Community Primary School,Aycliffe Road,,,Borehamwood,WD6 4EP,02083873000,E14001284,Hertsmere,0,,,FD,0,None,3-11,0,0,246,39,39,20,19,51%,49%,,,,,,,,,,11,28%,28,72%,18,46%,37,95%,59%,3%,,,,,,,,,,,,,74%,28%,0%,107,79%,28%,0%,108,74%,21%,0%,106,74%,13%,10%,0%,85%,0%,60%,58%,,,,36%,68%,-33,78%,57%,5%,0%,,,,9%,0%,-2,0%,3%,,,,,,,,,,,,,,,,,,,,,,,,,,,,,,,,,,,,,,,,,,,,,,,,,,,,,,,,,,,,,,,,,,,,,,,,,,,,,,,,,,,,,107,107,,,,106,107,108,107,108,104,,,,107,106,108,106,109,107,,,,108,108,109,108,,,,55%,82%,,,,64%,86%,,,,55%,82%,,,,55%,82%,,,,18%,32%,,,,27%,29%,,,,18%,21%,,,,18%,11%,21,54%,0,0%,4,10%,3,8%,7,18%,29,55%,45%,62%,7%,56%,6%,69%,8%,,,,,,,,,,106,105,25,28%,72%,52%,12%,43%,0%,56%,17%,-4.8,-7.5,-2.1,-3.7,-6.3,-1.1,-2.0,-4.5,0.5,103,105,93,58%,6%,106,106
1,18442,919,5209,117569,Northaw Church of England Primary School,Vineyards Road,Northaw,,Potters Bar,EN6 4PB,01707652869,E14001284,Hertsmere,0,,,VA,0,Church of England,3-11,0,0,101,16,16,7,9,44%,56%,,,,,,,,,,2,13%,14,88%,2,13%,16,100%,44%,13%,,,,,,,,,,,,,75%,38%,0%,106,63%,31%,0%,104,63%,25%,0%,103,75%,19%,25%,0%,81%,0%,29%,56%,,,,SUPP,SUPP,SUPP,SUPP,44%,0%,22%,,,,SUPP,SUPP,SUPP,SUPP,13%,,,,,,,,,,,,,,,,,,,,,,,,,,,,,,,,,,,,,,,,,,,,,,,,,,,,,,,,,,,,,,,,,,,,,,,,,,,,,,,,,,,,,104,108,,,,SUPP,SUPP,SUPP,106,103,103,,,,SUPP,SUPP,SUPP,103,102,105,,,,SUPP,SUPP,SUPP,104,,,,SUPP,SUPP,,,,SUPP,SUPP,,,,SUPP,SUPP,,,,SUPP,SUPP,,,,SUPP,SUPP,,,,SUPP,SUPP,,,,SUPP,SUPP,,,,SUPP,SUPP,14,88%,0,0%,0,0%,2,13%,2,13%,16,6%,94%,75%,6%,SUPP,SUPP,SUPP,SUPP,,,,,,,,,,107,106,15,27%,73%,67%,33%,SUPP,SUPP,SUPP,SUPP,4.3,1.1,7.5,2.6,-0.4,5.7,0.1,-2.9,3.0,110,105,47,62%,17%,108,104
2,14582,919,7023,117680,Lakeside School,Lemsford Lane,,,Welwyn Garden City,AL8 6YN,01707327410,E14001573,Welwyn Hatfield,0,,,CYS,0,Does not apply,2-19,0,0,112,10,10,6,4,60%,40%,,,,,,,,,,3,30%,7,70%,2,20%,10,100%,0%,0%,,,,,,,,,,,,,0%,0%,0%,,0%,0%,0%,,0%,0%,0%,,0%,0%,0%,0%,0%,0%,0%,SUPP,,,,SUPP,SUPP,SUPP,SUPP,0%,0%,SUPP,,,,SUPP,SUPP,SUPP,SUPP,0%,,,,,,,,,,,,,,,,,,,,,,,,,,,,,,,,,,,,,,,,,,,,,,,,,,,,,,,,,,,,,,,,,,,,,,,,,,,,,,,,,,,,,,SUPP,,,,SUPP,SUPP,SUPP,,,SUPP,,,,SUPP,SUPP,SUPP,,,SUPP,,,,SUPP,SUPP,SUPP,,,,,SUPP,SUPP,,,,SUPP,SUPP,,,,SUPP,SUPP,,,,SUPP,SUPP,,,,SUPP,SUPP,,,,SUPP,SUPP,,,,SUPP,SUPP,,,,SUPP,SUPP,8,80%,0,0%,10,100%,0,0%,10,100%,7,0%,100%,0%,0%,,,SUPP,SUPP,,,,,,,,,,,,6,33%,67%,0%,0%,SUPP,SUPP,SUPP,SUPP,SUPP,SUPP,SUPP,SUPP,SUPP,SUPP,SUPP,SUPP,SUPP,,,23,0%,0%
2,32848,919,7025,117682,Woodfield School,Malmes Croft,Leverstock Green,,Hemel Hempstead,HP3 8RL,01442253476,E14001278,Hemel Hempstead,0,,,CYS,0,Does not apply,3-19,0,0,125,9,9,6,3,67%,33%,,,,,,,,,,4,44%,5,56%,2,22%,9,100%,0%,0%,,,,,,,,,,,,,0%,0%,0%,,0%,0%,0%,,0%,0%,0%,,0%,0%,0%,0%,0%,0%,0%,SUPP,,,,SUPP,SUPP,SUPP,SUPP,0%,0%,SUPP,,,,SUPP,SUPP,SUPP,SUPP,0%,,,,,,,,,,,,,,,,,,,,,,,,,,,,,,,,,,,,,,,,,,,,,,,,,,,,,,,,,,,,,,,,,,,,,,,,,,,,,,,,,,,,,,SUPP,,,,SUPP,SUPP,SUPP,,,SUPP,,,,SUPP,SUPP,SUPP,,,SUPP,,,,SUPP,SUPP,SUPP,,,,,SUPP,SUPP,,,,SUPP,SUPP,,,,SUPP,SUPP,,,,SUPP,SUPP,,,,SUPP,SUPP,,,,SUPP,SUPP,,,,SUPP,SUPP,,,,SUPP,SUPP,7,78%,0,0%,9,100%,0,0%,9,100%,8,50%,50%,0%,0%,SUPP,SUPP,SUPP,SUPP,,,,,,,,,,,,13,54%,46%,0%,0%,0%,0%,0%,0%,-13.1,-16.5,-9.6,-11.6,-14.9,-8.3,-13.3,-16.5,-10.0,,,30,0%,0%
2,11648,919,7032,117685,Heathlands School,Heathlands Drive,,,St Albans,AL3 5AY,01727807807,E14001507,St Albans,0,,,CYS,0,Does not apply,3-18,0,0,153,10,8,4,4,50%,50%,,,,,,,,,,5,63%,3,38%,8,100%,7,88%,0%,0%,,,,,,,,,,,,,13%,0%,0%,93,25%,0%,0%,99,50%,0%,0%,99,0%,0%,63%,0%,75%,0%,SUPP,SUPP,,,,SUPP,SUPP,SUPP,0%,0%,SUPP,SUPP,,,,SUPP,SUPP,SUPP,0%,0%,,,,,,,,,,,,,,,,,,,,,,,,,,,,,,,,,,,,,,,,,,,,,,,,,,,,,,,,,,,,,,,,,,,,,,,,,,,,,,,,,,,,,SUPP,SUPP,,,,SUPP,SUPP,93,93,SUPP,SUPP,,,,SUPP,SUPP,99,98,SUPP,SUPP,,,,SUPP,SUPP,99,99,,,,SUPP,SUPP,,,,SUPP,SUPP,,,,SUPP,SUPP,,,,SUPP,SUPP,,,,SUPP,SUPP,,,,SUPP,SUPP,,,,SUPP,SUPP,,,,SUPP,SUPP,0,0%,0,0%,8,100%,0,0%,8,100%,10,40%,60%,20%,0%,SUPP,SUPP,SUPP,SUPP,,,,,,,,,,99,99,4,SUPP,SUPP,SUPP,SUPP,SUPP,SUPP,,,SUPP,SUPP,SUPP,SUPP,SUPP,SUPP,SUPP,SUPP,SUPP,SUPP,SUPP,22,9%,0%,96,99
1,1324,919,2097,147834,Avanti Meadows Primary School,Farnham Road,,,Bishop's Stortford,CM23 1FQ,01279598575,E14001283,Hertford and Stortford,0,,,F,0,None,3-11,0,0,255,29,30,16,14,53%,47%,,,,,,,,,,6,20%,24,80%,6,20%,15,50%,47%,3%,,,,,,,,,,,,,67%,20%,0%,104,70%,23%,0%,103,70%,17%,0%,103,63%,10%,20%,3%,80%,0%,31%,64%,,,,17%,54%,-52,50%,60%,6%,0%,,,,0%,4%,-11,17%,7%,,,,,,,,,,,,,,,,,,,,,,,,,,,,,,,,,,,,,,,,,,,,,,,,,,,,,,,,,,,,,,,,,,,,,,,,,,,,,,,,,,,,,104,105,,,,99,106,108,106,103,102,,,,97,104,107,103,101,106,,,,99,104,103,106,,,,33%,75%,,,,50%,75%,,,,33%,79%,,,,50%,67%,,,,0%,25%,,,,0%,29%,,,,0%,21%,,,,0%,13%,22,73%,2,7%,0,0%,5,17%,5,17%,30,20%,80%,73%,3%,50%,0%,79%,4%,,,,,,,,,,108,107,30,23%,77%,67%,0%,71%,0%,65%,0%,1.6,-1.4,4.6,-0.3,-3.2,2.6,-1.6,-4.4,1.3,106,105,90,62%,2%,106,105
1,114,919,2098,117141,Aboyne Lodge Junior Mixed and Infant School,Etna Road,,,St Albans,AL3 5NL,01727849700,E14001507,St Albans,0,,,CY,0,Does not apply,4-11,0,0,188,31,29,11,18,38%,62%,,,,,,,,,,7,24%,22,76%,4,14%,27,93%,66%,17%,,,,,,,,,,,,,83%,45%,0%,107,69%,45%,0%,107,86%,41%,0%,107,72%,24%,28%,0%,93%,0%,55%,72%,,,,14%,82%,-55,SUPP,70%,9%,22%,,,,0%,23%,-11,SUPP,19%,,,,,,,,,,,,,,,,,,,,,,,,,,,,,,,,,,,,,,,,,,,,,,,,,,,,,,,,,,,,,,,,,,,,,,,,,,,,,,,,,,,,,104,109,,,,101,108,SUPP,107,107,107,,,,100,109,SUPP,108,105,108,,,,102,108,SUPP,107,,,,57%,91%,,,,43%,77%,,,,57%,95%,,,,29%,86%,,,,14%,55%,,,,14%,55%,,,,0%,55%,,,,0%,32%,25,86%,0,0%,1,3%,3,10%,4,14%,28,11%,89%,79%,14%,SUPP,SUPP,SUPP,SUPP,,,,,,,,,,111,111,29,3%,97%,76%,21%,SUPP,SUPP,SUPP,SUPP,5.4,3.0,7.8,1.6,-0.7,4.0,5.2,2.9,7.4,111,109,86,73%,17%,109,109
1,7076,919,2112,148040,De Havilland Primary School,Travellers Lane,,,Hatfield,AL10 8TQ,01707273542,E14001573,Welwyn Hatfield,0,,,AC,0,Does not apply,3-11,0,0,444,60,59,27,32,46%,54%,,,,,,,,,,22,37%,37,63%,21,36%,53,90%,61%,10%,,,,,,,,,,,,,76%,29%,0%,105,80%,41%,0%,107,69%,27%,0%,103,78%,19%,19%,0%,78%,0%,56%,66%,,,,55%,65%,-14,71%,62%,7%,13%,,,,5%,14%,-6,10%,9%,,,,,,,,,,,,,,,,,,,,,,,,,,,,,,,,,,,,,,,,,,,,,,,,,,,,,,,,,,,,,,,,,,,,,,,,,,,,,,,,,,,,,103,106,,,,104,105,105,105,103,103,,,,103,104,105,103,105,108,,,,105,108,108,108,,,,73%,78%,,,,82%,78%,,,,68%,70%,,,,77%,78%,,,,23%,32%,,,,27%,49%,,,,23%,30%,,,,5%,27%,37,63%,1,2%,0,0%,10,17%,10,17%,61,39%,61%,49%,5%,50%,4%,49%,5%,,,,,,,,,,103,102,58,36%,64%,62%,16%,38%,10%,76%,19%,4.0,2.3,5.7,5.0,3.4,6.6,4.8,3.2,6.3,105,105,178,57%,10%,104,104
1,19164,919,2115,145352,The Orchard Primary School,Gammons Lane,,,Watford,WD24 5JW,01923672280,E14001568,Watford,0,,,ACC,0,Does not apply,3-11,0,0,435,63,60,28,32,47%,53%,,,,,,,,,,18,30%,42,70%,31,52%,57,95%,70%,20%,,,,,,,,,,,,,88%,48%,2%,108,92%,63%,2%,112,80%,50%,2%,108,80%,22%,20%,0%,85%,0%,75%,66%,,,,44%,81%,-25,81%,74%,21%,19%,,,,0%,29%,-11,29%,21%,,,,,,,,,,,,,,,,,,,,,,,,,,,,,,,,,,,,,,,,,,,,,,,,,,,,,,,,,,,,,,,,,,,,,,,,,,,,,,,,,,,,,107,109,,,,104,110,109,109,109,107,,,,101,111,110,109,111,112,,,,107,114,115,113,,,,83%,90%,,,,89%,93%,,,,61%,88%,,,,67%,86%,,,,22%,60%,,,,33%,76%,,,,11%,67%,,,,6%,29%,29,48%,0,0%,1,2%,8,13%,9,15%,58,28%,72%,81%,21%,63%,6%,88%,26%,,,,,,,,,,108,108,59,31%,69%,73%,17%,61%,17%,78%,17%,0.4,-1.2,2.0,3.1,1.6,4.7,4.0,2.5,5.5,105,107,177,75%,19%,107,108
1,14450,919,2130,146123,Knutsford Primary Academy,Balmoral Road,,,Watford,WD24 7ER,01923466020,E14001568,Watford,0,,,ACC,0,Does not apply,3-11,0,0,439,60,60,29,31,48%,52%,,,,,,,,,,5,8%,55,92%,13,22%,60,100%,72%,8%,,,,,,,,,,,,,83%,52%,0%,109,83%,48%,0%,109,78%,48%,0%,109,83%,8%,8%,0%,88%,0%,76%,68%,,,,SUPP,SUPP,SUPP,69%,72%,7%,10%,,,,SUPP,SUPP,SUPP,15%,8%,,,,,,,,,,,,,,,,,,,,,,,,,,,,,,,,,,,,,,,,,,,,,,,,,,,,,,,,,,,,,,,,,,,,,,,,,,,,,,,,,,,,,108,110,,,,SUPP,SUPP,109,109,109,108,,,,SUPP,SUPP,109,109,108,111,,,,SUPP,SUPP,110,109,,,,SUPP,SUPP,,,,SUPP,SUPP,,,,SUPP,SUPP,,,,SUPP,SUPP,,,,SUPP,SUPP,,,,SUPP,SUPP,,,,SUPP,SUPP,,,,SUPP,SUPP,47,78%,0,0%,3,5%,4,7%,7,12%,60,13%,87%,80%,10%,50%,0%,85%,12%,,,,,,,,,,108,111,58,9%,91%,71%,16%,SUPP,SUPP,SUPP,SUPP,1.5,-0.1,3.2,-0.3,-1.8,1.3,3.6,2.0,5.1,108,109,178,74%,11%,108,110
1,29552,919,2147,117178,Tanners Wood Junior Mixed and Infant School,Hazelwood Lane,,,Abbots Langley,WD5 0LG,01923262229,E14001496,South West Hertfordshire,0,,,CY,0,Does not apply,3-11,0,0,427,60,57,34,23,60%,40%,,,,,,,,,,22,39%,35,61%,10,18%,56,98%,47%,4%,,,,,,,,,,,,,67%,16%,0%,102,72%,19%,0%,104,53%,11%,0%,101,72%,4%,21%,0%,72%,0%,53%,39%,,,,18%,66%,-51,60%,48%,3%,4%,,,,0%,6%,-11,0%,4%,,,,,,,,,,,,,,,,,,,,,,,,,,,,,,,,,,,,,,,,,,,,,,,,,,,,,,,,,,,,,,,,,,,,,,,,,,,,,,,,,,,,,101,104,,,,99,105,104,103,103,100,,,,98,104,104,101,104,105,,,,101,106,107,104,,,,50%,77%,,,,59%,80%,,,,27%,69%,,,,59%,80%,,,,0%,26%,,,,5%,29%,,,,0%,17%,,,,0%,6%,47,82%,0,0%,3,5%,12,21%,15,26%,55,25%,75%,65%,13%,36%,0%,76%,17%,,,,,,,,,,107,105,59,25%,75%,59%,14%,27%,7%,70%,16%,0.0,-1.6,1.6,0.0,-1.5,1.6,0.1,-1.4,1.6,106,105,171,57%,10%,105,104
1,1172,919,2148,151215,Ashtree Primary Academy,Chertsey Rise,,,Stevenage,SG2 9JQ,01438351090,E14001516,Stevenage,0,,,AC,0,Does not apply,3-11,0,0,NEW,,,,,,,,,,,,,,,,,,,,,,,,,,,,,,,,,,,,,,,,,,,,,,,,,,,,,,,,,,,,,,,,,,,,,,,,,,,,,,,,,,,,,,,,,,,,,,,,,,,,,,,,,,,,,,,,,,,,,,,,,,,,,,,,,,,,,,,,,,,,,,,,,,,,,,,,,,,,,,,,,,,,,,,,,,,,,,,,,,,,,,,,,,,,,,,,,,,,,,,,,,,,,,,,,,,,,,,,,,,,,,,,,,,0,,0
1,20072,919,2198,117206,Peartree Spring Primary School,Hydean Way,,,Stevenage,SG2 9GG,01438233900,E14001516,Stevenage,0,,,FD,0,Does not apply,4-11,0,0,625,88,88,53,35,60%,40%,,,,,,,,,,29,33%,59,67%,12,14%,83,94%,68%,7%,,,,,,,,,,,,,77%,36%,0%,105,76%,22%,0%,105,69%,24%,0%,103,74%,8%,20%,0%,75%,0%,70%,66%,,,,48%,78%,-21,83%,70%,8%,6%,,,,7%,7%,-4,25%,7%,,,,,,,,,,,,,,,,,,,,,,,,,,,,,,,,,,,,,,,,,,,,,,,,,,,,,,,,,,,,,,,,,,,,,,,,,,,,,,,,,,,,,106,103,,,,99,108,110,105,105,101,,,,99,105,107,103,106,103,,,,101,107,106,105,,,,55%,88%,,,,66%,81%,,,,48%,80%,,,,52%,85%,,,,14%,47%,,,,10%,27%,,,,14%,29%,,,,7%,8%,76,86%,0,0%,4,5%,22,25%,26,30%,91,31%,69%,57%,3%,39%,0%,65%,5%,,,,,,,,,,103,101,89,36%,64%,69%,4%,53%,3%,77%,5%,-0.5,-1.8,0.9,-1.5,-2.8,-0.2,0.0,-1.3,1.3,105,105,268,65%,5%,105,103
1,20834,919,2229,117224,Purwell Primary School,Fairfield Way,,"Purwell Primary School, Fairfield Way Hitchin Hert",Hitchin,SG4 0PU,01462432950,E14001289,Hitchin,0,,,CY,0,Does not apply,3-11,0,0,163,30,30,20,10,67%,33%,,,,,,,,,,10,33%,20,67%,3,10%,27,90%,57%,0%,,,,,,,,,,,,,73%,27%,0%,106,70%,20%,0%,103,70%,20%,0%,104,77%,0%,17%,0%,83%,0%,55%,60%,,,,40%,65%,-29,SUPP,59%,0%,0%,,,,0%,0%,-11,SUPP,0%,,,,,,,,,,,,,,,,,,,,,,,,,,,,,,,,,,,,,,,,,,,,,,,,,,,,,,,,,,,,,,,,,,,,,,,,,,,,,,,,,,,,,105,107,,,,103,107,SUPP,107,104,104,,,,100,106,SUPP,104,103,104,,,,100,105,SUPP,103,,,,60%,80%,,,,50%,80%,,,,40%,85%,,,,60%,85%,,,,20%,30%,,,,10%,25%,,,,10%,25%,,,,0%,0%,27,90%,0,0%,3,10%,1,3%,4,13%,27,26%,74%,70%,7%,57%,0%,75%,10%,,,,,,,,,,107,107,29,10%,90%,62%,0%,SUPP,SUPP,SUPP,SUPP,1.1,-1.5,3.6,-0.7,-3.2,1.7,0.3,-2.1,2.6,104,103,86,63%,2%,106,105
1,7894,919,2266,117245,Eastbury Farm Primary School,Bishops Avenue,,,Northwood,HA6 3DG,01923824543,E14001496,South West Hertfordshire,0,,,CY,0,Does not apply,3-11,0,0,343,45,43,21,22,49%,51%,,,,,,,,,,3,7%,40,93%,15,35%,41,95%,70%,19%,,,,,,,,,,,,,91%,60%,0%,110,93%,60%,0%,110,88%,42%,0%,108,79%,30%,21%,0%,93%,0%,62%,77%,,,,SUPP,SUPP,SUPP,87%,71%,5%,32%,,,,SUPP,SUPP,SUPP,27%,20%,,,,,,,,,,,,,,,,,,,,,,,,,,,,,,,,,,,,,,,,,,,,,,,,,,,,,,,,,,,,,,,,,,,,,,,,,,,,,,,,,,,,,108,112,,,,SUPP,SUPP,111,110,109,107,,,,SUPP,SUPP,113,108,108,113,,,,SUPP,SUPP,113,111,,,,SUPP,SUPP,,,,SUPP,SUPP,,,,SUPP,SUPP,,,,SUPP,SUPP,,,,SUPP,SUPP,,,,SUPP,SUPP,,,,SUPP,SUPP,,,,SUPP,SUPP,28,65%,0,0%,1,2%,6,14%,7,16%,42,7%,93%,74%,24%,SUPP,SUPP,SUPP,SUPP,,,,,,,,,,108,108,43,9%,91%,58%,12%,SUPP,SUPP,SUPP,SUPP,-0.1,-2.1,1.8,0.2,-1.6,2.1,-0.3,-2.2,1.5,106,105,128,67%,18%,108,107
1,6886,919,2280,117250,Cunningham Hill Junior School,Cell Barnes Lane,,,St Albans,AL1 5QJ,01727852911,E14001507,St Albans,0,,,CY,0,Does not apply,7-11,0,0,240,60,60,35,25,58%,42%,,,,,,,,,,10,17%,50,83%,28,47%,58,97%,87%,32%,,,,,,,,,,,,,93%,62%,0%,110,95%,63%,0%,111,92%,58%,0%,110,90%,37%,10%,0%,90%,0%,80%,96%,,,,80%,88%,11,86%,86%,23%,44%,,,,20%,34%,9,29%,31%,,,,,,,,,,,,,,,,,,,,,,,,,,,,,,,,,,,,,,,,,,,,,,,,,,,,,,,,,,,,,,,,,,,,,,,,,,,,,,,,,,,,,109,112,,,,108,111,110,110,111,110,,,,105,111,111,110,110,113,,,,109,112,111,111,,,,80%,96%,,,,90%,96%,,,,80%,94%,,,,90%,90%,,,,50%,64%,,,,60%,64%,,,,30%,64%,,,,20%,40%,32,53%,0,0%,1,2%,11,18%,12,20%,60,10%,90%,88%,33%,50%,17%,93%,35%,,,,,,,,,,112,111,58,21%,79%,78%,29%,50%,8%,85%,35%,2.4,0.8,4.1,2.6,1.0,4.2,4.5,2.9,6.1,109,109,178,84%,31%,110,110
1,20742,919,2316,117271,Priors Wood Primary School,Cozens Road,,,Ware,SG12 7HZ,01920464135,E14001283,Hertford and Stortford,0,,,CY,0,Does not apply,3-11,0,0,222,24,25,10,15,40%,60%,,,,,,,,,,8,32%,17,68%,1,4%,24,96%,48%,0%,,,,,,,,,,,,,76%,20%,0%,105,64%,8%,0%,102,76%,8%,0%,103,64%,4%,36%,0%,76%,0%,30%,60%,,,,25%,59%,-44,SUPP,50%,0%,0%,,,,0%,0%,-11,SUPP,0%,,,,,,,,,,,,,,,,,,,,,,,,,,,,,,,,,,,,,,,,,,,,,,,,,,,,,,,,,,,,,,,,,,,,,,,,,,,,,,,,,,,,,105,104,,,,101,106,SUPP,105,106,101,,,,99,105,SUPP,103,101,103,,,,100,103,SUPP,102,,,,38%,94%,,,,63%,65%,,,,63%,82%,,,,50%,71%,,,,13%,24%,,,,0%,12%,,,,0%,12%,,,,0%,6%,24,96%,0,0%,3,12%,7,28%,10,40%,17,29%,71%,65%,0%,SUPP,SUPP,SUPP,SUPP,,,,,,,,,,107,105,29,17%,83%,55%,0%,SUPP,SUPP,SUPP,SUPP,-1.1,-3.4,1.2,-4.3,-6.5,-2.1,-4.3,-6.4,-2.1,107,102,71,55%,0%,106,103
1,21292,919,2333,117280,Reedings Junior School,Bullfields,,,Sawbridgeworth,CM21 9DD,01279722578,E14001283,Hertford and Stortford,0,,,CY,0,Does not apply,7-11,0,0,245,60,60,37,23,62%,38%,,,,,,,,,,4,7%,56,93%,6,10%,58,97%,77%,23%,,,,,,,,,,,,,80%,40%,0%,106,80%,47%,0%,107,80%,33%,0%,107,88%,35%,12%,0%,92%,0%,73%,83%,,,,SUPP,SUPP,SUPP,100%,76%,22%,26%,,,,SUPP,SUPP,SUPP,0%,22%,,,,,,,,,,,,,,,,,,,,,,,,,,,,,,,,,,,,,,,,,,,,,,,,,,,,,,,,,,,,,,,,,,,,,,,,,,,,,,,,,,,,,106,108,,,,SUPP,SUPP,107,106,107,106,,,,SUPP,SUPP,111,107,106,109,,,,SUPP,SUPP,113,107,,,,SUPP,SUPP,,,,SUPP,SUPP,,,,SUPP,SUPP,,,,SUPP,SUPP,,,,SUPP,SUPP,,,,SUPP,SUPP,,,,SUPP,SUPP,,,,SUPP,SUPP,54,90%,0,0%,4,7%,8,13%,12,20%,60,13%,87%,70%,22%,38%,0%,75%,25%,,,,,,,,,,107,106,58,3%,97%,72%,28%,SUPP,SUPP,SUPP,SUPP,1.6,0.0,3.2,1.8,0.3,3.4,1.0,-0.5,2.6,108,106,178,73%,24%,107,106
1,984,919,2348,117289,Arnett Hills Junior Mixed and Infant School,Berry Lane,,,Rickmansworth,WD3 4BT,01923720507,E14001496,South West Hertfordshire,0,,,CY,0,Does not apply,4-11,0,0,209,32,32,19,13,59%,41%,,,,,,,,,,1,3%,31,97%,0,0%,30,94%,81%,22%,,,,,,,,,,,,,94%,50%,0%,110,81%,47%,0%,108,88%,44%,0%,109,81%,31%,16%,0%,91%,0%,74%,92%,,,,SUPP,SUPP,SUPP,,83%,26%,15%,,,,SUPP,SUPP,SUPP,,23%,,,,,,,,,,,,,,,,,,,,,,,,,,,,,,,,,,,,,,,,,,,,,,,,,,,,,,,,,,,,,,,,,,,,,,,,,,,,,,,,,,,,,109,110,,,,SUPP,SUPP,,110,109,110,,,,SUPP,SUPP,,109,108,109,,,,SUPP,SUPP,,109,,,,SUPP,SUPP,,,,SUPP,SUPP,,,,SUPP,SUPP,,,,SUPP,SUPP,,,,SUPP,SUPP,,,,SUPP,SUPP,,,,SUPP,SUPP,,,,SUPP,SUPP,32,100%,0,0%,1,3%,6,19%,7,22%,30,13%,87%,67%,3%,SUPP,SUPP,SUPP,SUPP,,,,,,,,,,106,105,29,7%,93%,48%,7%,SUPP,SUPP,SUPP,SUPP,1.4,-1.0,3.7,-3.4,-5.7,-1.2,-0.7,-2.9,1.5,106,103,91,66%,11%,107,106
1,21926,919,2365,149206,Round Diamond Primary School,Whitehorse Lane,Great Ashby Way,,Stevenage,SG1 6NH,01438219410,E14001289,Hitchin,0,,,ACC,0,Does not apply,3-11,0,0,453,57,57,30,27,53%,47%,,,,,,,,,,12,21%,45,79%,7,12%,54,95%,79%,19%,,,,,,,,,,,,,88%,42%,0%,107,86%,25%,0%,106,88%,33%,0%,106,91%,32%,9%,0%,93%,0%,87%,70%,,,,50%,87%,-19,86%,81%,27%,11%,,,,0%,24%,-11,29%,20%,,,,,,,,,,,,,,,,,,,,,,,,,,,,,,,,,,,,,,,,,,,,,,,,,,,,,,,,,,,,,,,,,,,,,,,,,,,,,,,,,,,,,108,106,,,,102,108,107,107,108,104,,,,101,108,106,107,107,105,,,,101,107,106,106,,,,75%,91%,,,,67%,91%,,,,67%,93%,,,,83%,93%,,,,0%,53%,,,,8%,29%,,,,17%,38%,,,,0%,40%,50,88%,0,0%,0,0%,8,14%,8,14%,57,16%,84%,74%,9%,33%,0%,81%,10%,,,,,,,,,,107,107,58,14%,86%,57%,12%,25%,0%,62%,14%,-2.1,-3.7,-0.4,1.3,-0.3,2.9,-1.0,-2.5,0.6,104,105,172,70%,13%,106,106
1,16170,919,2380,117305,Mandeville Primary School,West Road,,,Sawbridgeworth,CM21 0BL,01279723737,E14001283,Hertford and Stortford,0,,,CY,0,Does not apply,3-11,0,0,282,33,31,14,17,45%,55%,,,,,,,,,,4,13%,27,87%,1,3%,31,100%,77%,6%,,,,,,,,,,,,,84%,35%,0%,108,68%,26%,0%,105,87%,35%,0%,108,84%,23%,13%,0%,84%,0%,71%,82%,,,,SUPP,SUPP,SUPP,SUPP,77%,0%,12%,,,,SUPP,SUPP,SUPP,SUPP,6%,,,,,,,,,,,,,,,,,,,,,,,,,,,,,,,,,,,,,,,,,,,,,,,,,,,,,,,,,,,,,,,,,,,,,,,,,,,,,,,,,,,,,108,109,,,,SUPP,SUPP,SUPP,108,106,109,,,,SUPP,SUPP,SUPP,108,102,108,,,,SUPP,SUPP,SUPP,105,,,,SUPP,SUPP,,,,SUPP,SUPP,,,,SUPP,SUPP,,,,SUPP,SUPP,,,,SUPP,SUPP,,,,SUPP,SUPP,,,,SUPP,SUPP,,,,SUPP,SUPP,30,97%,0,0%,2,6%,8,26%,10,32%,31,16%,84%,84%,16%,SUPP,SUPP,SUPP,SUPP,,,,,,,,,,109,108,30,10%,90%,63%,20%,SUPP,SUPP,SUPP,SUPP,0.6,-1.7,2.8,0.1,-2.1,2.2,0.7,-1.4,2.9,107,107,92,75%,14%,108,108
1,14838,919,2398,143603,Laurance Haines School,Vicarage Road,,,Watford,WD18 0DD,01923233146,E14001568,Watford,0,,,ACC,0,Does not apply,3-11,0,0,468,60,60,34,26,57%,43%,,,,,,,,,,12,20%,48,80%,48,80%,50,83%,70%,7%,,,,,,,,,,,,,82%,38%,2%,107,77%,20%,2%,105,82%,40%,2%,107,73%,7%,20%,0%,80%,0%,65%,77%,,,,83%,67%,14,73%,74%,6%,8%,,,,8%,6%,-3,6%,8%,,,,,,,,,,,,,,,,,,,,,,,,,,,,,,,,,,,,,,,,,,,,,,,,,,,,,,,,,,,,,,,,,,,,,,,,,,,,,,,,,,,,,107,107,,,,110,106,106,108,107,105,,,,109,106,106,108,104,105,,,,107,104,104,106,,,,92%,79%,,,,83%,75%,,,,92%,79%,,,,83%,71%,,,,50%,35%,,,,25%,19%,,,,42%,40%,,,,8%,6%,11,18%,1,2%,3,5%,8,13%,11,18%,58,19%,81%,62%,5%,27%,0%,70%,6%,,,,,,,,,,104,103,58,28%,72%,66%,3%,75%,0%,62%,5%,1.5,-0.4,3.3,1.7,-0.1,3.4,0.7,-1.0,2.5,103,103,176,66%,5%,105,104
1,16520,919,2415,117329,Mary Exton Primary School,St Michael's Road,,,Hitchin,SG4 0QA,01462456997,E14001289,Hitchin,0,,,CY,0,Does not apply,5-11,0,0,170,30,30,15,15,50%,50%,,,,,,,,,,4,13%,26,87%,4,13%,29,97%,40%,7%,,,,,,,,,,,,,80%,43%,0%,106,77%,30%,0%,105,67%,30%,0%,105,40%,7%,37%,0%,60%,0%,27%,53%,,,,SUPP,SUPP,SUPP,SUPP,41%,0%,13%,,,,SUPP,SUPP,SUPP,SUPP,7%,,,,,,,,,,,,,,,,,,,,,,,,,,,,,,,,,,,,,,,,,,,,,,,,,,,,,,,,,,,,,,,,,,,,,,,,,,,,,,,,,,,,,105,107,,,,SUPP,SUPP,SUPP,106,103,106,,,,SUPP,SUPP,SUPP,105,105,105,,,,SUPP,SUPP,SUPP,105,,,,SUPP,SUPP,,,,SUPP,SUPP,,,,SUPP,SUPP,,,,SUPP,SUPP,,,,SUPP,SUPP,,,,SUPP,SUPP,,,,SUPP,SUPP,,,,SUPP,SUPP,26,87%,0,0%,1,3%,7,23%,8,27%,30,13%,87%,33%,10%,SUPP,SUPP,SUPP,SUPP,,,,,,,,,,107,104,30,20%,80%,43%,3%,17%,0%,50%,4%,-0.4,-2.6,1.9,-5.0,-7.2,-2.8,0.0,-2.1,2.2,106,106,90,39%,7%,106,105
1,2968,919,2467,117366,Bonneygrove Primary School,Dark Lane,Cheshunt,,Waltham Cross,EN7 5ED,01992307900,E14001139,Broxbourne,0,,,CY,0,Does not apply,3-11,0,0,423,62,60,29,31,48%,52%,,,,,,,,,,17,28%,43,72%,4,7%,57,95%,60%,7%,,,,,,,,,,,,,82%,33%,0%,105,82%,22%,0%,106,63%,8%,0%,103,88%,7%,10%,0%,88%,0%,62%,58%,,,,59%,60%,-10,SUPP,60%,7%,6%,,,,6%,7%,-5,SUPP,7%,,,,,,,,,,,,,,,,,,,,,,,,,,,,,,,,,,,,,,,,,,,,,,,,,,,,,,,,,,,,,,,,,,,,,,,,,,,,,,,,,,,,,106,105,,,,105,105,SUPP,105,103,102,,,,102,103,SUPP,103,105,106,,,,106,106,SUPP,106,,,,88%,79%,,,,88%,79%,,,,59%,65%,,,,100%,84%,,,,41%,30%,,,,29%,19%,,,,6%,9%,,,,6%,7%,56,93%,0,0%,0,0%,9,15%,9,15%,60,25%,75%,75%,7%,53%,0%,82%,9%,,,,,,,,,,105,105,61,30%,70%,74%,5%,61%,0%,79%,7%,2.3,0.8,3.9,0.6,-0.9,2.2,2.1,0.6,3.6,107,106,181,70%,6%,106,105
1,18790,919,2985,117371,Oakmere Primary School,Chace Avenue,,,Potters Bar,EN6 5NP,01707656963,E14001284,Hertsmere,0,,,CY,0,Does not apply,3-11,0,0,247,48,48,28,20,58%,42%,,,,,,,,,,29,60%,19,40%,13,27%,37,77%,52%,6%,,,,,,,,,,,,,65%,33%,0%,103,63%,21%,0%,102,63%,19%,2%,102,58%,10%,38%,0%,81%,0%,57%,45%,,,,48%,58%,-21,38%,62%,7%,5%,,,,3%,11%,-8,0%,8%,,,,,,,,,,,,,,,,,,,,,,,,,,,,,,,,,,,,,,,,,,,,,,,,,,,,,,,,,,,,,,,,,,,,,,,,,,,,,,,,,,,,,104,102,,,,103,103,100,104,104,99,,,,101,104,101,104,103,101,,,,102,103,101,104,,,,62%,68%,,,,59%,68%,,,,55%,74%,,,,52%,68%,,,,38%,26%,,,,21%,21%,,,,17%,21%,,,,7%,16%,35,73%,0,0%,1,2%,11,23%,12,25%,35,37%,63%,49%,9%,31%,0%,59%,14%,,,,,,,,,,100,103,41,56%,44%,32%,0%,17%,0%,50%,0%,-2.4,-4.5,-0.3,-3.8,-5.8,-1.8,-3.4,-5.3,-1.4,100,98,124,44%,5%,101,101
1,25774,919,2131,117166,St Meryl School,The Mead,Carpenders Park,,Watford,WD19 5BT,02084281695,E14001496,South West Hertfordshire,0,,,CY,0,Does not apply,3-11,0,0,227,30,30,18,12,60%,40%,,,,,,,,,,6,20%,24,80%,16,53%,29,97%,57%,17%,,,,,,,,,,,,,67%,27%,0%,104,63%,17%,0%,101,73%,33%,0%,104,70%,23%,30%,0%,73%,0%,44%,75%,,,,33%,63%,-36,75%,55%,6%,33%,,,,0%,21%,-11,19%,14%,,,,,,,,,,,,,,,,,,,,,,,,,,,,,,,,,,,,,,,,,,,,,,,,,,,,,,,,,,,,,,,,,,,,,,,,,,,,,,,,,,,,,101,108,,,,101,105,107,104,103,105,,,,96,106,109,104,100,104,,,,99,102,106,101,,,,50%,71%,,,,33%,71%,,,,33%,83%,,,,50%,75%,,,,17%,29%,,,,33%,13%,,,,17%,38%,,,,17%,25%,14,47%,0,0%,1,3%,5,17%,6,20%,30,10%,90%,50%,7%,SUPP,SUPP,SUPP,SUPP,,,,,,,,,,104,103,30,10%,90%,53%,0%,SUPP,SUPP,SUPP,SUPP,-0.2,-2.6,2.2,-5.4,-7.7,-3.1,0.7,-1.5,2.9,106,106,90,53%,8%,105,104
1,4670,919,2132,117167,Cassiobury Junior School,Bellmount Wood Avenue,,,Watford,WD17 3PD,01923232411,E14001568,Watford,0,,,CY,0,Does not apply,7-11,0,0,360,91,91,51,40,56%,44%,,,,,,,,,,5,5%,86,95%,22,24%,84,92%,77%,11%,,,,,,,,,,,,,93%,59%,1%,111,89%,62%,2%,111,88%,52%,3%,110,80%,12%,16%,2%,90%,2%,73%,83%,,,,SUPP,SUPP,SUPP,73%,76%,6%,18%,,,,SUPP,SUPP,SUPP,18%,12%,,,,,,,,,,,,,,,,,,,,,,,,,,,,,,,,,,,,,,,,,,,,,,,,,,,,,,,,,,,,,,,,,,,,,,,,,,,,,,,,,,,,,109,113,,,,SUPP,SUPP,110,111,109,111,,,,SUPP,SUPP,111,109,110,114,,,,SUPP,SUPP,112,111,,,,SUPP,SUPP,,,,SUPP,SUPP,,,,SUPP,SUPP,,,,SUPP,SUPP,,,,SUPP,SUPP,,,,SUPP,SUPP,,,,SUPP,SUPP,,,,SUPP,SUPP,68,75%,1,1%,3,3%,10,11%,13,14%,90,9%,91%,69%,12%,38%,0%,72%,13%,,,,,,,,,,109,107,88,10%,90%,67%,7%,33%,0%,71%,8%,0.5,-0.9,1.8,-1.9,-3.2,-0.6,1.1,-0.2,2.4,108,108,269,71%,10%,109,108
1,33280,919,2146,117177,Wymondley Junior Mixed and Infant School,Siccut Road,Little Wymondley,,Hitchin,SG4 7HN,01438354583,E14001289,Hitchin,0,,,CY,0,Does not apply,4-11,0,0,101,16,14,6,8,43%,57%,,,,,,,,,,1,7%,13,93%,2,14%,14,100%,71%,7%,,,,,,,,,,,,,86%,36%,0%,107,86%,43%,0%,109,86%,29%,0%,106,86%,14%,14%,0%,86%,0%,100%,50%,,,,SUPP,SUPP,SUPP,SUPP,71%,17%,0%,,,,SUPP,SUPP,SUPP,SUPP,7%,,,,,,,,,,,,,,,,,,,,,,,,,,,,,,,,,,,,,,,,,,,,,,,,,,,,,,,,,,,,,,,,,,,,,,,,,,,,,,,,,,,,,108,106,,,,SUPP,SUPP,SUPP,107,110,103,,,,SUPP,SUPP,SUPP,106,112,106,,,,SUPP,SUPP,SUPP,109,,,,SUPP,SUPP,,,,SUPP,SUPP,,,,SUPP,SUPP,,,,SUPP,SUPP,,,,SUPP,SUPP,,,,SUPP,SUPP,,,,SUPP,SUPP,,,,SUPP,SUPP,12,86%,0,0%,0,0%,3,21%,3,21%,17,12%,88%,59%,12%,SUPP,SUPP,SUPP,SUPP,,,,,,,,,,104,104,15,13%,87%,73%,7%,SUPP,SUPP,SUPP,SUPP,0.7,-2.6,4.0,0.2,-3.0,3.3,1.4,-1.7,4.5,107,106,46,67%,9%,106,105
1,22272,919,2181,117195,Saffron Green Primary School,Nicoll Way,,,Borehamwood,WD6 2PP,02089533801,E14001284,Hertsmere,0,,,CY,0,Does not apply,3-11,0,0,192,28,28,19,9,68%,32%,,,,,,,,,,9,32%,19,68%,8,29%,26,93%,36%,0%,,,,,,,,,,,,,57%,14%,0%,103,36%,11%,0%,100,39%,4%,4%,99,50%,0%,32%,0%,68%,0%,32%,44%,,,,22%,42%,-47,38%,38%,0%,0%,,,,0%,0%,-11,0%,0%,,,,,,,,,,,,,,,,,,,,,,,,,,,,,,,,,,,,,,,,,,,,,,,,,,,,,,,,,,,,,,,,,,,,,,,,,,,,,,,,,,,,,101,107,,,,99,105,101,104,98,100,,,,98,99,99,100,98,104,,,,99,101,100,101,,,,33%,68%,,,,22%,42%,,,,33%,42%,,,,33%,58%,,,,11%,16%,,,,11%,11%,,,,0%,5%,,,,0%,0%,20,71%,0,0%,4,14%,4,14%,8,29%,28,36%,64%,44%,0%,56%,0%,39%,0%,,,,,,,,,,105,107,29,45%,55%,21%,0%,8%,0%,31%,0%,-3.1,-5.5,-0.7,-7.9,-10.2,-5.6,-2.4,-4.7,-0.2,100,100,85,33%,0%,103,102
1,9890,919,2263,117243,Goffs Oak Primary & Nursery School,Millcrest Road,Goffs Oak,,Waltham Cross,EN7 5NS,01707888488,E14001139,Broxbourne,0,,,CY,0,Does not apply,3-11,0,0,240,30,30,17,13,57%,43%,,,,,,,,,,4,13%,26,87%,2,7%,29,97%,50%,3%,,,,,,,,,,,,,63%,33%,0%,104,60%,13%,0%,101,70%,30%,0%,104,70%,3%,13%,0%,87%,0%,59%,38%,,,,SUPP,SUPP,SUPP,SUPP,52%,6%,0%,,,,SUPP,SUPP,SUPP,SUPP,3%,,,,,,,,,,,,,,,,,,,,,,,,,,,,,,,,,,,,,,,,,,,,,,,,,,,,,,,,,,,,,,,,,,,,,,,,,,,,,,,,,,,,,104,104,,,,SUPP,SUPP,SUPP,104,106,101,,,,SUPP,SUPP,SUPP,104,101,101,,,,SUPP,SUPP,SUPP,101,,,,SUPP,SUPP,,,,SUPP,SUPP,,,,SUPP,SUPP,,,,SUPP,SUPP,,,,SUPP,SUPP,,,,SUPP,SUPP,,,,SUPP,SUPP,,,,SUPP,SUPP,28,93%,0,0%,1,3%,3,10%,4,13%,30,10%,90%,67%,10%,SUPP,SUPP,SUPP,SUPP,,,,,,,,,,105,104,31,6%,94%,65%,13%,SUPP,SUPP,SUPP,SUPP,0.2,-2.0,2.5,2.2,0.1,4.4,-0.4,-2.5,1.7,106,104,91,60%,9%,105,104
1,31148,919,2296,145257,Waterside Academy,Rowans,,,Welwyn Garden City,AL7 1NZ,01707321203,E14001573,Welwyn Hatfield,0,,,ACC,0,Does not apply,3-11,0,0,177,24,28,16,12,57%,43%,,,,,,,,,,12,43%,16,57%,7,25%,24,86%,64%,7%,,,,,,,,,,,,,75%,29%,0%,106,68%,14%,0%,103,64%,18%,0%,101,71%,11%,29%,0%,86%,0%,69%,58%,,,,42%,81%,-27,71%,67%,13%,0%,,,,0%,13%,-11,14%,8%,,,,,,,,,,,,,,,,,,,,,,,,,,,,,,,,,,,,,,,,,,,,,,,,,,,,,,,,,,,,,,,,,,,,,,,,,,,,,,,,,,,,,108,103,,,,102,108,107,107,104,97,,,,95,105,102,102,104,100,,,,98,106,104,104,,,,50%,94%,,,,50%,81%,,,,42%,81%,,,,42%,94%,,,,17%,38%,,,,8%,19%,,,,0%,31%,,,,0%,19%,20,71%,1,4%,1,4%,7,25%,8,29%,23,35%,65%,70%,9%,38%,0%,87%,13%,,,,,,,,,,103,103,17,18%,82%,71%,12%,SUPP,SUPP,SUPP,SUPP,5.5,2.5,8.5,0.9,-2.0,3.8,4.2,1.4,7.0,109,106,68,68%,9%,106,103
1,10672,919,2299,117258,The Grove Junior School,Dark Lane,,,Harpenden,AL5 1QB,01582760031,E14001268,Harpenden and Berkhamsted,0,,,CY,0,Does not apply,7-11,0,0,355,88,88,40,48,45%,55%,,,,,,,,,,8,9%,80,91%,10,11%,84,95%,82%,19%,,,,,,,,,,,,,91%,64%,1%,110,83%,55%,1%,109,86%,55%,1%,109,85%,25%,11%,0%,86%,0%,83%,81%,,,,50%,85%,-19,90%,83%,20%,19%,,,,0%,21%,-11,20%,19%,,,,,,,,,,,,,,,,,,,,,,,,,,,,,,,,,,,,,,,,,,,,,,,,,,,,,,,,,,,,,,,,,,,,,,,,,,,,,,,,,,,,,110,110,,,,106,110,109,110,112,107,,,,102,110,113,109,110,109,,,,104,110,111,109,,,,88%,91%,,,,63%,85%,,,,50%,90%,,,,63%,88%,,,,50%,65%,,,,25%,58%,,,,25%,58%,,,,0%,28%,78,89%,0,0%,0,0%,14,16%,14,16%,91,8%,92%,77%,15%,43%,14%,80%,15%,,,,,,,,,,109,107,91,12%,88%,74%,12%,27%,9%,80%,13%,2.2,0.8,3.6,0.8,-0.5,2.2,1.4,0.1,2.7,109,108,270,77%,16%,110,108
1,18770,919,2152,151385,Oakleaf Primary,School Row,Chaulden,,Hemel Hempstead,HP1 2JU,01442503449,E14001278,Hemel Hempstead,0,,,AC,0,None,3-11,0,0,225,38,33,16,17,48%,52%,,,,,,,,,,17,52%,16,48%,4,12%,30,91%,24%,3%,,,,,,,,,,,,,58%,15%,0%,100,45%,6%,0%,98,36%,15%,0%,97,30%,3%,27%,0%,55%,0%,31%,18%,,,,0%,50%,-69,SUPP,23%,0%,6%,,,,0%,6%,-11,SUPP,3%,,,,,,,,,,,,,,,,,,,,,,,,,,,,,,,,,,,,,,,,,,,,,,,,,,,,,,,,,,,,,,,,,,,,,,,,,,,,,,,,,,,,,104,97,,,,96,105,SUPP,100,101,92,,,,91,103,SUPP,97,100,96,,,,94,102,SUPP,98,,,,35%,81%,,,,24%,69%,,,,18%,56%,,,,6%,56%,,,,0%,31%,,,,0%,13%,,,,0%,31%,,,,0%,6%,29,88%,0,0%,2,6%,12,36%,14,42%,,,,,,,,,,,,,,,,,,,,,,,,,,,,,,,,,,,,,,,,,,NA,NA,NA,NA
1,10494,919,2177,117193,Greenfields Primary School,Ellesborough Close,,,Watford,WD19 6QH,02084281166,E14001496,South West Hertfordshire,0,,,CY,0,Does not apply,3-11,0,0,216,30,30,14,16,47%,53%,,,,,,,,,,7,23%,23,77%,9,30%,30,100%,67%,7%,,,,,,,,,,,,,87%,27%,3%,106,60%,20%,3%,102,87%,23%,3%,106,70%,17%,20%,3%,83%,3%,71%,63%,,,,43%,74%,-26,89%,67%,0%,13%,,,,0%,9%,-11,22%,7%,,,,,,,,,,,,,,,,,,,,,,,,,,,,,,,,,,,,,,,,,,,,,,,,,,,,,,,,,,,,,,,,,,,,,,,,,,,,,,,,,,,,,106,107,,,,106,106,109,106,106,106,,,,102,107,110,106,102,103,,,,101,103,106,102,,,,71%,91%,,,,43%,65%,,,,71%,91%,,,,57%,74%,,,,29%,26%,,,,14%,22%,,,,0%,30%,,,,14%,17%,21,70%,0,0%,5,17%,3,10%,8,27%,29,34%,66%,76%,0%,60%,0%,84%,0%,,,,,,,,,,105,108,25,36%,64%,40%,8%,44%,0%,38%,13%,5.4,2.8,7.9,-0.2,-2.7,2.3,6.3,3.9,8.7,106,106,84,62%,5%,106,107
1,16928,919,2243,117231,Micklem Primary School,Boxted Road,,,Hemel Hempstead,HP1 2QH,01442408964,E14001278,Hemel Hempstead,0,,,CY,0,Does not apply,3-11,0,0,219,28,31,15,16,48%,52%,,,,,,,,,,14,45%,17,55%,8,26%,26,84%,52%,0%,,,,,,,,,,,,,77%,26%,0%,107,74%,26%,0%,106,71%,29%,0%,106,52%,0%,29%,0%,77%,0%,40%,63%,,,,43%,59%,-26,50%,54%,0%,0%,,,,0%,0%,-11,0%,0%,,,,,,,,,,,,,,,,,,,,,,,,,,,,,,,,,,,,,,,,,,,,,,,,,,,,,,,,,,,,,,,,,,,,,,,,,,,,,,,,,,,,,107,107,,,,107,107,108,106,109,104,,,,104,108,109,106,108,105,,,,106,106,107,106,,,,79%,76%,,,,57%,88%,,,,50%,88%,,,,43%,59%,,,,29%,24%,,,,36%,18%,,,,14%,41%,,,,0%,0%,20,65%,3,10%,4,13%,6,19%,10,32%,30,33%,67%,40%,0%,20%,0%,50%,0%,,,,,,,,,,103,100,29,34%,66%,31%,7%,0%,0%,47%,11%,-2.7,-5.0,-0.3,-7.1,-9.3,-4.8,-2.9,-5.1,-0.7,105,103,90,41%,2%,105,103
1,3822,919,2250,117233,Brookland Junior School,Elm Drive,Cheshunt,,Waltham Cross,EN8 0RX,01992624487,E14001139,Broxbourne,0,,,CY,0,Does not apply,7-11,0,0,323,84,85,46,39,54%,46%,,,,,,,,,,26,31%,59,69%,12,14%,80,94%,71%,1%,,,,,,,,,,,,,87%,53%,1%,110,88%,54%,1%,111,86%,34%,1%,108,73%,4%,19%,2%,81%,2%,67%,74%,,,,42%,83%,-27,58%,74%,2%,0%,,,,0%,2%,-11,8%,1%,,,,,,,,,,,,,,,,,,,,,,,,,,,,,,,,,,,,,,,,,,,,,,,,,,,,,,,,,,,,,,,,,,,,,,,,,,,,,,,,,,,,,110,110,,,,109,111,108,110,108,107,,,,107,108,108,108,110,111,,,,110,111,109,111,,,,69%,95%,,,,69%,97%,,,,69%,93%,,,,46%,85%,,,,46%,56%,,,,42%,59%,,,,23%,39%,,,,4%,3%,73,86%,0,0%,5,6%,14,16%,19,22%,87,34%,66%,75%,5%,63%,0%,81%,7%,,,,,,,,,,108,106,75,32%,68%,64%,1%,58%,0%,67%,2%,-1.0,-2.5,0.5,-0.1,-1.6,1.3,-0.3,-1.7,1.1,104,104,247,70%,2%,107,106
1,13044,919,2252,117235,How Wood Primary and Nursery School,Spooners Drive,Park Street,,St Albans,AL2 2HU,01727768885,E14001507,St Albans,0,,,CY,0,Does not apply,3-11,0,0,223,28,26,11,15,42%,58%,,,,,,,,,,4,15%,22,85%,2,8%,26,100%,62%,4%,,,,,,,,,,,,,77%,35%,0%,105,81%,23%,0%,106,77%,12%,0%,103,73%,4%,27%,0%,69%,0%,64%,60%,,,,SUPP,SUPP,SUPP,SUPP,62%,0%,7%,,,,SUPP,SUPP,SUPP,SUPP,4%,,,,,,,,,,,,,,,,,,,,,,,,,,,,,,,,,,,,,,,,,,,,,,,,,,,,,,,,,,,,,,,,,,,,,,,,,,,,,,,,,,,,,104,106,,,,SUPP,SUPP,SUPP,105,104,103,,,,SUPP,SUPP,SUPP,103,105,107,,,,SUPP,SUPP,SUPP,106,,,,SUPP,SUPP,,,,SUPP,SUPP,,,,SUPP,SUPP,,,,SUPP,SUPP,,,,SUPP,SUPP,,,,SUPP,SUPP,,,,SUPP,SUPP,,,,SUPP,SUPP,24,92%,0,0%,3,12%,4,15%,7,27%,27,33%,67%,56%,7%,44%,0%,61%,11%,,,,,,,,,,104,102,26,54%,46%,46%,0%,36%,0%,58%,0%,-5.2,-7.7,-2.8,-0.6,-3.0,1.7,-5.9,-8.2,-3.6,99,99,79,54%,4%,103,102
1,7624,919,2343,148710,Dundale Primary School and Nursery,"Dundale Primary School, Silk Mill Way",,,Tring,HP23 5DJ,01442822421,E14001268,Harpenden and Berkhamsted,0,,,ACC,0,Does not apply,3-11,0,0,197,32,31,18,13,58%,42%,,,,,,,,,,12,39%,19,61%,0,0%,30,97%,52%,0%,,,,,,,,,,,,,68%,26%,0%,104,61%,29%,0%,103,68%,32%,0%,104,68%,0%,13%,0%,84%,0%,50%,54%,,,,42%,58%,-27,,53%,0%,0%,,,,0%,0%,-11,,0%,,,,,,,,,,,,,,,,,,,,,,,,,,,,,,,,,,,,,,,,,,,,,,,,,,,,,,,,,,,,,,,,,,,,,,,,,,,,,,,,,,,,,103,106,,,,102,106,,105,103,105,,,,98,108,,104,101,105,,,,98,106,,102,,,,67%,68%,,,,33%,79%,,,,42%,84%,,,,58%,74%,,,,17%,32%,,,,17%,37%,,,,17%,42%,,,,0%,0%,31,100%,0,0%,3,10%,3,10%,6,19%,28,32%,68%,54%,4%,33%,0%,63%,5%,,,,,,,,,,104,102,22,27%,73%,55%,5%,33%,0%,63%,6%,1.1,-1.5,3.8,0.8,-1.8,3.3,1.2,-1.3,3.7,103,102,81,53%,2%,104,102
1,758,919,2375,117302,Andrews Lane Primary School,Andrews Lane,Cheshunt,,Waltham Cross,EN7 6LB,,E14001139,Broxbourne,0,,,CY,1,Does not apply,3-11,0,0,0,0,27,10,17,37%,63%,,,,,,,,,,12,44%,15,56%,8,30%,20,74%,59%,4%,,,,,,,,,,,,,70%,26%,4%,105,70%,22%,4%,104,74%,26%,4%,104,67%,7%,30%,4%,63%,4%,50%,65%,,,,50%,67%,-19,75%,65%,0%,6%,,,,0%,7%,-11,0%,0%,,,,,,,,,,,,,,,,,,,,,,,,,,,,,,,,,,,,,,,,,,,,,,,,,,,,,,,,,,,,,,,,,,,,,,,,,,,,,,,,,,,,,103,106,,,,105,105,107,105,105,103,,,,105,103,110,105,102,106,,,,103,105,108,104,,,,58%,80%,,,,42%,93%,,,,75%,73%,,,,58%,73%,,,,25%,27%,,,,25%,20%,,,,25%,27%,,,,0%,13%,19,70%,0,0%,1,4%,3,11%,4,15%,26,35%,65%,54%,4%,22%,0%,71%,6%,,,,,,,,,,106,100,28,46%,54%,57%,0%,54%,0%,60%,0%,-0.8,-3.2,1.5,-1.0,-3.3,1.3,-0.9,-3.1,1.4,102,101,81,57%,2%,104,101
1,21436,919,2379,117304,Rickmansworth Park Junior Mixed and Infant School,Park Road,,,Rickmansworth,WD3 1HU,01923770265,E14001496,South West Hertfordshire,0,,,CY,0,Does not apply,5-11,0,0,197,29,30,14,16,47%,53%,,,,,,,,,,1,3%,29,97%,16,53%,28,93%,93%,20%,,,,,,,,,,,,,100%,67%,0%,111,93%,60%,0%,111,97%,60%,0%,110,97%,20%,3%,0%,100%,0%,93%,94%,,,,SUPP,SUPP,SUPP,100%,93%,7%,31%,,,,SUPP,SUPP,SUPP,25%,21%,,,,,,,,,,,,,,,,,,,,,,,,,,,,,,,,,,,,,,,,,,,,,,,,,,,,,,,,,,,,,,,,,,,,,,,,,,,,,,,,,,,,,112,111,,,,SUPP,SUPP,111,112,110,110,,,,SUPP,SUPP,111,110,109,113,,,,SUPP,SUPP,112,111,,,,SUPP,SUPP,,,,SUPP,SUPP,,,,SUPP,SUPP,,,,SUPP,SUPP,,,,SUPP,SUPP,,,,SUPP,SUPP,,,,SUPP,SUPP,,,,SUPP,SUPP,14,47%,0,0%,0,0%,5,17%,5,17%,30,7%,93%,90%,20%,SUPP,SUPP,SUPP,SUPP,,,,,,,,,,110,109,30,10%,90%,73%,17%,SUPP,SUPP,SUPP,SUPP,0.5,-1.7,2.8,2.8,0.7,5.0,0.3,-1.8,2.4,107,106,90,86%,19%,110,108
1,6560,919,2384,143410,The Cranbourne Primary School,Bridleway North,,,Hoddesdon,EN11 9PP,01992416220,E14001139,Broxbourne,0,,,ACC,0,Does not apply,4-11,0,0,410,60,60,26,34,43%,57%,,,,,,,,,,5,8%,55,92%,3,5%,58,97%,68%,15%,,,,,,,,,,,,,78%,37%,2%,106,78%,22%,3%,106,82%,35%,2%,106,80%,23%,15%,2%,85%,2%,69%,68%,,,,SUPP,SUPP,SUPP,SUPP,71%,15%,15%,,,,SUPP,SUPP,SUPP,SUPP,16%,,,,,,,,,,,,,,,,,,,,,,,,,,,,,,,,,,,,,,,,,,,,,,,,,,,,,,,,,,,,,,,,,,,,,,,,,,,,,,,,,,,,,107,106,,,,SUPP,SUPP,SUPP,107,109,104,,,,SUPP,SUPP,SUPP,106,105,106,,,,SUPP,SUPP,SUPP,106,,,,SUPP,SUPP,,,,SUPP,SUPP,,,,SUPP,SUPP,,,,SUPP,SUPP,,,,SUPP,SUPP,,,,SUPP,SUPP,,,,SUPP,SUPP,,,,SUPP,SUPP,57,95%,0,0%,3,5%,10,17%,13,22%,60,13%,87%,63%,17%,75%,13%,62%,17%,,,,,,,,,,106,105,60,15%,85%,52%,3%,44%,0%,53%,4%,-1.2,-2.8,0.4,-2.0,-3.5,-0.4,0.3,-1.2,1.8,105,105,180,61%,12%,106,106
1,15704,919,2411,117326,Longlands Primary School and Nursery,Nunsbury Drive,Turnford,,Broxbourne,EN10 6AG,01992462090,E14001139,Broxbourne,0,,,CY,0,Does not apply,3-11,0,0,217,28,29,17,12,59%,41%,,,,,,,,,,15,52%,14,48%,11,38%,27,93%,38%,3%,,,,,,,,,,,,,52%,28%,0%,101,48%,14%,0%,100,45%,3%,0%,100,48%,10%,45%,0%,66%,0%,41%,33%,,,,20%,57%,-49,55%,41%,6%,0%,,,,0%,7%,-11,0%,4%,,,,,,,,,,,,,,,,,,,,,,,,,,,,,,,,,,,,,,,,,,,,,,,,,,,,,,,,,,,,,,,,,,,,,,,,,,,,,,,,,,,,,101,101,,,,97,105,102,102,101,98,,,,97,103,100,100,101,99,,,,97,103,102,100,,,,33%,71%,,,,33%,64%,,,,27%,64%,,,,20%,79%,,,,13%,43%,,,,7%,21%,,,,0%,7%,,,,7%,14%,17,59%,1,3%,1,3%,6,21%,7,24%,31,29%,71%,71%,13%,44%,11%,82%,14%,,,,,,,,,,106,105,30,33%,67%,63%,3%,60%,0%,65%,5%,-1.0,-3.3,1.3,0.4,-1.8,2.6,0.9,-1.3,3.0,104,105,90,58%,7%,104,103
1,11872,919,3025,117397,Hertford St Andrew CofE Primary School,Calton Avenue,,,Hertford,SG14 2EP,01992583105,E14001283,Hertford and Stortford,0,,,VC,0,Church of England,3-11,0,0,142,6,5,SUPP,SUPP,SUPP,SUPP,,,,,,,,,,SUPP,SUPP,SUPP,SUPP,SUPP,SUPP,SUPP,SUPP,SUPP,SUPP,,,,,,,,,,,,,SUPP,SUPP,SUPP,SUPP,SUPP,SUPP,SUPP,SUPP,SUPP,SUPP,SUPP,SUPP,SUPP,SUPP,SUPP,SUPP,SUPP,SUPP,SUPP,SUPP,,,,SUPP,SUPP,SUPP,SUPP,SUPP,SUPP,SUPP,,,,SUPP,SUPP,SUPP,SUPP,SUPP,,,,,,,,,,,,,,,,,,,,,,,,,,,,,,,,,,,,,,,,,,,,,,,,,,,,,,,,,,,,,,,,,,,,,,,,,,,,,,,,,,,,,SUPP,SUPP,,,,SUPP,SUPP,SUPP,SUPP,SUPP,SUPP,,,,SUPP,SUPP,SUPP,SUPP,SUPP,SUPP,,,,SUPP,SUPP,SUPP,SUPP,,,,SUPP,SUPP,,,,SUPP,SUPP,,,,SUPP,SUPP,,,,SUPP,SUPP,,,,SUPP,SUPP,,,,SUPP,SUPP,,,,SUPP,SUPP,,,,SUPP,SUPP,SUPP,SUPP,SUPP,SUPP,SUPP,SUPP,SUPP,SUPP,SUPP,SUPP,18,50%,50%,33%,0%,22%,0%,44%,0%,,,,,,,,,,103,99,22,59%,41%,41%,0%,46%,0%,33%,0%,2.6,-0.1,5.3,0.9,-1.6,3.5,1.2,-1.4,3.7,101,99,45,40%,0%,102,99
1,22462,919,3040,117407,St Andrew's Church of England Voluntary Controlled Primary School,Mill Race,Stanstead Abbotts,,Ware,SG12 8BZ,01920870097,E14001139,Broxbourne,0,,,VC,0,Church of England,3-11,0,0,197,22,23,10,13,43%,57%,,,,,,,,,,7,30%,16,70%,1,4%,23,100%,57%,17%,,,,,,,,,,,,,57%,35%,0%,104,57%,30%,0%,104,70%,22%,0%,103,65%,22%,30%,0%,78%,0%,70%,46%,,,,29%,69%,-40,SUPP,57%,20%,15%,,,,0%,25%,-11,SUPP,17%,,,,,,,,,,,,,,,,,,,,,,,,,,,,,,,,,,,,,,,,,,,,,,,,,,,,,,,,,,,,,,,,,,,,,,,,,,,,,,,,,,,,,106,102,,,,96,108,SUPP,104,105,101,,,,98,105,SUPP,103,106,102,,,,98,106,SUPP,104,,,,29%,69%,,,,29%,69%,,,,43%,81%,,,,43%,75%,,,,14%,44%,,,,14%,38%,,,,0%,31%,,,,0%,31%,22,96%,0,0%,3,13%,7,30%,10,43%,29,24%,76%,66%,7%,43%,0%,73%,9%,,,,,,,,,,107,106,27,11%,89%,52%,11%,SUPP,SUPP,SUPP,SUPP,-2.2,-4.6,0.2,-0.4,-2.7,1.9,-3.0,-5.2,-0.7,103,102,79,58%,11%,105,103
1,25666,919,3042,117409,St Mary's Voluntary Controlled Church of England Junior School,Heath Drive,,,Ware,SG12 0RL,01920463641,E14001283,Hertford and Stortford,0,,,VC,0,Church of England,7-11,0,0,236,60,60,26,34,43%,57%,,,,,,,,,,12,20%,48,80%,2,3%,55,92%,65%,2%,,,,,,,,,,,,,85%,43%,0%,106,82%,40%,0%,106,75%,15%,0%,103,70%,3%,22%,0%,80%,0%,65%,65%,,,,50%,69%,-19,SUPP,65%,0%,3%,,,,0%,2%,-11,SUPP,2%,,,,,,,,,,,,,,,,,,,,,,,,,,,,,,,,,,,,,,,,,,,,,,,,,,,,,,,,,,,,,,,,,,,,,,,,,,,,,,,,,,,,,107,106,,,,104,107,SUPP,106,106,101,,,,101,104,SUPP,103,106,107,,,,108,106,SUPP,106,,,,67%,90%,,,,83%,81%,,,,67%,77%,,,,58%,73%,,,,33%,46%,,,,42%,40%,,,,17%,15%,,,,0%,4%,58,97%,0,0%,4,7%,8,13%,12,20%,57,5%,95%,60%,5%,SUPP,SUPP,SUPP,SUPP,,,,,,,,,,104,104,59,17%,83%,66%,2%,80%,0%,63%,2%,-2.2,-3.8,-0.6,-1.8,-3.4,-0.3,-2.9,-4.4,-1.4,105,104,176,64%,3%,105,104
1,24452,919,3327,148492,St Joseph's Catholic Primary School (Wx),Royal Avenue,,,Waltham Cross,EN8 7EN,01992629503,E14001139,Broxbourne,0,,,ACC,0,Roman Catholic,3-11,0,0,215,29,29,11,18,38%,62%,,,,,,,,,,4,14%,25,86%,4,14%,28,97%,62%,3%,,,,,,,,,,,,,90%,55%,0%,109,86%,45%,0%,109,79%,28%,0%,106,69%,7%,31%,0%,90%,0%,55%,67%,,,,SUPP,SUPP,SUPP,SUPP,64%,0%,6%,,,,SUPP,SUPP,SUPP,SUPP,4%,,,,,,,,,,,,,,,,,,,,,,,,,,,,,,,,,,,,,,,,,,,,,,,,,,,,,,,,,,,,,,,,,,,,,,,,,,,,,,,,,,,,,107,111,,,,SUPP,SUPP,SUPP,110,106,105,,,,SUPP,SUPP,SUPP,106,106,110,,,,SUPP,SUPP,SUPP,109,,,,SUPP,SUPP,,,,SUPP,SUPP,,,,SUPP,SUPP,,,,SUPP,SUPP,,,,SUPP,SUPP,,,,SUPP,SUPP,,,,SUPP,SUPP,,,,SUPP,SUPP,25,86%,0,0%,1,3%,2,7%,3,10%,30,10%,90%,60%,10%,SUPP,SUPP,SUPP,SUPP,,,,,,,,,,107,105,27,11%,89%,70%,4%,SUPP,SUPP,SUPP,SUPP,3.5,1.2,5.9,3.3,1.0,5.6,1.6,-0.6,3.8,108,105,86,64%,6%,108,105
1,3942,919,3344,117437,Broxbourne CofE Primary School,Mill Lane,,,Broxbourne,EN10 7AY,01992462419,E14001139,Broxbourne,0,,,VA,0,Church of England,3-11,0,0,242,30,30,18,12,60%,40%,,,,,,,,,,3,10%,27,90%,3,10%,29,97%,83%,10%,,,,,,,,,,,,,93%,50%,0%,109,100%,43%,0%,109,97%,40%,0%,107,93%,23%,7%,0%,93%,0%,78%,92%,,,,SUPP,SUPP,SUPP,SUPP,83%,6%,17%,,,,SUPP,SUPP,SUPP,SUPP,10%,,,,,,,,,,,,,,,,,,,,,,,,,,,,,,,,,,,,,,,,,,,,,,,,,,,,,,,,,,,,,,,,,,,,,,,,,,,,,,,,,,,,,107,111,,,,SUPP,SUPP,SUPP,109,107,108,,,,SUPP,SUPP,SUPP,108,108,110,,,,SUPP,SUPP,SUPP,109,,,,SUPP,SUPP,,,,SUPP,SUPP,,,,SUPP,SUPP,,,,SUPP,SUPP,,,,SUPP,SUPP,,,,SUPP,SUPP,,,,SUPP,SUPP,,,,SUPP,SUPP,27,90%,0,0%,0,0%,3,10%,3,10%,32,3%,97%,78%,22%,SUPP,SUPP,SUPP,SUPP,,,,,,,,,,108,109,30,7%,93%,77%,13%,SUPP,SUPP,SUPP,SUPP,2.9,0.6,5.1,2.2,0.1,4.4,3.7,1.5,5.8,107,107,92,79%,15%,108,108
1,18936,919,3357,117445,Offley Endowed Primary School and Nursery,School Lane,Offley,,Hitchin,SG5 3AT,01462768392,E14001289,Hitchin,0,,,VA,0,Church of England,3-11,0,0,166,25,25,10,15,40%,60%,,,,,,,,,,8,32%,17,68%,0,0%,25,100%,80%,12%,,,,,,,,,,,,,88%,56%,4%,110,88%,36%,4%,107,88%,24%,4%,108,88%,12%,8%,4%,96%,4%,70%,87%,,,,88%,76%,19,,80%,0%,20%,,,,0%,18%,-11,,12%,,,,,,,,,,,,,,,,,,,,,,,,,,,,,,,,,,,,,,,,,,,,,,,,,,,,,,,,,,,,,,,,,,,,,,,,,,,,,,,,,,,,,109,110,,,,108,111,,110,107,108,,,,104,109,,108,107,108,,,,104,109,,107,,,,100%,82%,,,,88%,88%,,,,88%,88%,,,,88%,88%,,,,38%,65%,,,,13%,47%,,,,0%,35%,,,,0%,18%,25,100%,0,0%,0,0%,7,28%,7,28%,9,67%,33%,67%,0%,SUPP,SUPP,SUPP,SUPP,,,,,,,,,,107,106,22,32%,68%,77%,0%,43%,0%,93%,0%,0.5,-2.3,3.3,0.1,-2.5,2.8,1.2,-1.4,3.8,107,107,56,77%,5%,108,107
1,25630,919,3359,150576,St Mary's Rickmansworth CofE Primary School,Stockers Farm Road,,St Mary's Church of England Primary School,Rickmansworth,WD3 1NY,01923776529,E14001496,South West Hertfordshire,0,,,ACC,0,Church of England,4-11,0,0,190,26,25,11,14,44%,56%,,,,,,,,,,3,12%,22,88%,5,20%,21,84%,56%,8%,,,,,,,,,,,,,76%,28%,0%,104,80%,36%,0%,107,64%,40%,0%,104,60%,12%,24%,0%,64%,0%,45%,64%,,,,SUPP,SUPP,SUPP,SUPP,57%,0%,14%,,,,SUPP,SUPP,SUPP,SUPP,10%,,,,,,,,,,,,,,,,,,,,,,,,,,,,,,,,,,,,,,,,,,,,,,,,,,,,,,,,,,,,,,,,,,,,,,,,,,,,,,,,,,,,,103,105,,,,SUPP,SUPP,SUPP,104,100,106,,,,SUPP,SUPP,SUPP,103,103,110,,,,SUPP,SUPP,SUPP,107,,,,SUPP,SUPP,,,,SUPP,SUPP,,,,SUPP,SUPP,,,,SUPP,SUPP,,,,SUPP,SUPP,,,,SUPP,SUPP,,,,SUPP,SUPP,,,,SUPP,SUPP,20,80%,0,0%,0,0%,7,28%,7,28%,30,3%,97%,27%,0%,SUPP,SUPP,SUPP,SUPP,,,,,,,,,,106,104,30,0%,100%,67%,3%,,,SUPP,SUPP,4.2,1.8,6.7,0.1,-2.3,2.4,2.5,0.2,4.8,108,107,85,49%,4%,106,105
1,24224,919,3376,117460,St John's CofE Primary School,Hertford Road,Digswell,,Welwyn,AL6 0BX,01438714283,E14001573,Welwyn Hatfield,0,,,VA,0,Church of England,3-11,0,0,220,30,30,13,17,43%,57%,,,,,,,,,,4,13%,26,87%,3,10%,30,100%,73%,20%,,,,,,,,,,,,,100%,60%,0%,111,97%,33%,0%,108,93%,33%,0%,107,73%,27%,17%,0%,97%,0%,62%,82%,,,,SUPP,SUPP,SUPP,SUPP,73%,8%,29%,,,,SUPP,SUPP,SUPP,SUPP,20%,,,,,,,,,,,,,,,,,,,,,,,,,,,,,,,,,,,,,,,,,,,,,,,,,,,,,,,,,,,,,,,,,,,,,,,,,,,,,,,,,,,,,111,112,,,,SUPP,SUPP,SUPP,111,107,107,,,,SUPP,SUPP,SUPP,107,106,110,,,,SUPP,SUPP,SUPP,108,,,,SUPP,SUPP,,,,SUPP,SUPP,,,,SUPP,SUPP,,,,SUPP,SUPP,,,,SUPP,SUPP,,,,SUPP,SUPP,,,,SUPP,SUPP,,,,SUPP,SUPP,27,90%,0,0%,0,0%,2,7%,2,7%,30,13%,87%,60%,17%,SUPP,SUPP,SUPP,SUPP,,,,,,,,,,109,107,26,15%,85%,62%,15%,SUPP,SUPP,SUPP,SUPP,2.1,-0.4,4.5,1.2,-1.1,3.6,0.0,-2.3,2.2,107,104,86,65%,17%,110,106
1,22356,919,3391,149741,"Saint Albert the Great Catholic Primary School, a Voluntary Academy",Acorn Road,Bennetts End,,Hemel Hempstead,HP3 8DW,01442264835,E14001278,Hemel Hempstead,0,,,ACC,0,Roman Catholic,3-11,0,0,205,30,30,15,15,50%,50%,,,,,,,,,,4,13%,26,87%,7,23%,29,97%,50%,7%,,,,,,,,,,,,,77%,40%,0%,106,73%,40%,0%,105,63%,33%,0%,104,53%,10%,30%,0%,80%,0%,47%,53%,,,,SUPP,SUPP,SUPP,71%,52%,13%,0%,,,,SUPP,SUPP,SUPP,0%,7%,,,,,,,,,,,,,,,,,,,,,,,,,,,,,,,,,,,,,,,,,,,,,,,,,,,,,,,,,,,,,,,,,,,,,,,,,,,,,,,,,,,,,107,105,,,,SUPP,SUPP,107,107,107,101,,,,SUPP,SUPP,104,104,106,103,,,,SUPP,SUPP,105,105,,,,SUPP,SUPP,,,,SUPP,SUPP,,,,SUPP,SUPP,,,,SUPP,SUPP,,,,SUPP,SUPP,,,,SUPP,SUPP,,,,SUPP,SUPP,,,,SUPP,SUPP,23,77%,0,0%,4,13%,5,17%,9,30%,29,31%,69%,52%,3%,56%,11%,50%,0%,,,,,,,,,,104,103,28,18%,82%,39%,4%,SUPP,SUPP,SUPP,SUPP,-0.1,-2.5,2.2,-2.0,-4.3,0.3,-1.0,-3.2,1.2,104,102,87,47%,5%,105,103
1,492,919,3393,117472,"All Saints Church of England Primary School and Nursery, Bishop's Stortford",Parsonage Lane,,,Bishop's Stortford,CM23 5BE,01279836006,E14001283,Hertford and Stortford,0,,,VA,0,Church of England,3-11,0,0,206,30,31,18,13,58%,42%,,,,,,,,,,4,13%,27,87%,6,19%,27,87%,61%,6%,,,,,,,,,,,,,81%,42%,0%,106,77%,35%,0%,107,77%,32%,0%,105,71%,13%,29%,0%,84%,0%,61%,62%,,,,SUPP,SUPP,SUPP,83%,63%,6%,8%,,,,SUPP,SUPP,SUPP,17%,7%,,,,,,,,,,,,,,,,,,,,,,,,,,,,,,,,,,,,,,,,,,,,,,,,,,,,,,,,,,,,,,,,,,,,,,,,,,,,,,,,,,,,,106,107,,,,SUPP,SUPP,111,107,106,104,,,,SUPP,SUPP,110,106,106,109,,,,SUPP,SUPP,114,108,,,,SUPP,SUPP,,,,SUPP,SUPP,,,,SUPP,SUPP,,,,SUPP,SUPP,,,,SUPP,SUPP,,,,SUPP,SUPP,,,,SUPP,SUPP,,,,SUPP,SUPP,24,77%,1,3%,1,3%,4,13%,5,16%,29,14%,86%,39%,0%,SUPP,SUPP,SUPP,SUPP,,,,,,,,,,104,103,31,13%,87%,42%,0%,SUPP,SUPP,SUPP,SUPP,0.1,-2.3,2.5,-5.4,-7.8,-3.1,0.2,-2.1,2.5,107,106,91,48%,2%,106,105
1,23198,919,3408,148496,St Cross Catholic Primary School,Upper Marsh Lane,,,Hoddesdon,EN11 8BN,01992467309,E14001139,Broxbourne,0,,,ACC,0,Roman Catholic,5-11,0,0,202,28,29,16,13,55%,45%,,,,,,,,,,3,10%,26,90%,8,28%,25,86%,45%,0%,,,,,,,,,,,,,66%,21%,0%,103,62%,24%,3%,105,69%,10%,0%,102,62%,28%,28%,0%,79%,0%,38%,54%,,,,SUPP,SUPP,SUPP,63%,44%,0%,0%,,,,SUPP,SUPP,SUPP,0%,0%,,,,,,,,,,,,,,,,,,,,,,,,,,,,,,,,,,,,,,,,,,,,,,,,,,,,,,,,,,,,,,,,,,,,,,,,,,,,,,,,,,,,,101,106,,,,SUPP,SUPP,106,104,103,101,,,,SUPP,SUPP,105,101,103,107,,,,SUPP,SUPP,109,103,,,,SUPP,SUPP,,,,SUPP,SUPP,,,,SUPP,SUPP,,,,SUPP,SUPP,,,,SUPP,SUPP,,,,SUPP,SUPP,,,,SUPP,SUPP,,,,SUPP,SUPP,20,69%,1,3%,2,7%,3,10%,5,17%,29,14%,86%,62%,10%,SUPP,SUPP,SUPP,SUPP,,,,,,,,,,106,105,28,4%,96%,68%,25%,SUPP,SUPP,SUPP,SUPP,-0.9,-3.3,1.4,2.1,-0.2,4.4,0.6,-1.6,2.9,106,107,86,58%,12%,105,105
1,7340,919,3410,146922,Divine Saviour Roman Catholic Primary School,Broomfield Rise,,,Abbots Langley,WD5 0HW,01923265607,E14001496,South West Hertfordshire,0,,,ACC,0,Roman Catholic,3-11,0,0,203,33,32,17,15,53%,47%,,,,,,,,,,3,9%,29,91%,3,9%,28,88%,59%,9%,,,,,,,,,,,,,75%,41%,0%,105,66%,25%,0%,104,84%,9%,0%,104,75%,13%,19%,0%,88%,0%,47%,73%,,,,SUPP,SUPP,SUPP,SUPP,61%,6%,13%,,,,SUPP,SUPP,SUPP,SUPP,7%,,,,,,,,,,,,,,,,,,,,,,,,,,,,,,,,,,,,,,,,,,,,,,,,,,,,,,,,,,,,,,,,,,,,,,,,,,,,,,,,,,,,,103,107,,,,SUPP,SUPP,SUPP,105,104,103,,,,SUPP,SUPP,SUPP,103,100,109,,,,SUPP,SUPP,SUPP,104,,,,SUPP,SUPP,,,,SUPP,SUPP,,,,SUPP,SUPP,,,,SUPP,SUPP,,,,SUPP,SUPP,,,,SUPP,SUPP,,,,SUPP,SUPP,,,,SUPP,SUPP,27,84%,2,6%,0,0%,8,25%,8,25%,29,10%,90%,69%,10%,SUPP,SUPP,SUPP,SUPP,,,,,,,,,,107,105,30,30%,70%,60%,3%,56%,11%,62%,0%,-1.8,-4.0,0.5,-0.6,-2.7,1.6,-3.3,-5.4,-1.2,106,103,91,63%,8%,106,104
1,25478,919,3976,117497,"St Mary's Church of England VA Primary School, Welham Green",Dellsome Lane,Welham Green,,Hatfield,AL9 7NE,01707276725,E14001573,Welwyn Hatfield,0,,,VA,0,Church of England,4-11,0,0,157,26,24,15,9,63%,38%,,,,,,,,,,10,42%,14,58%,5,21%,20,83%,50%,0%,,,,,,,,,,,,,75%,17%,0%,104,58%,8%,0%,101,63%,4%,0%,100,67%,0%,29%,0%,88%,0%,40%,67%,,,,60%,43%,-9,SUPP,50%,0%,0%,,,,0%,0%,-11,SUPP,0%,,,,,,,,,,,,,,,,,,,,,,,,,,,,,,,,,,,,,,,,,,,,,,,,,,,,,,,,,,,,,,,,,,,,,,,,,,,,,,,,,,,,,103,106,,,,105,103,SUPP,104,100,101,,,,102,99,SUPP,100,100,103,,,,100,102,SUPP,101,,,,80%,71%,,,,60%,57%,,,,80%,50%,,,,80%,57%,,,,10%,21%,,,,0%,14%,,,,0%,7%,,,,0%,0%,19,79%,0,0%,1,4%,5,21%,6,25%,28,43%,57%,32%,0%,17%,0%,44%,0%,,,,,,,,,,99,98,29,28%,72%,45%,0%,38%,0%,48%,0%,-5.3,-8.0,-2.6,-5.0,-7.6,-2.5,-5.1,-7.7,-2.6,101,101,81,42%,0%,101,99
1,23054,919,3978,133773,St Catherine's Hoddesdon CofE Primary School,Haslewood Avenue,,,Hoddesdon,EN11 8HT,01992463214,E14001139,Broxbourne,0,,,VC,0,Church of England/Christian,4-11,0,0,381,52,50,25,25,50%,50%,,,,,,,,,,20,40%,30,60%,10,20%,48,96%,30%,2%,,,,,,,,,,,,,54%,12%,2%,100,46%,6%,2%,99,44%,8%,2%,99,60%,10%,34%,0%,82%,0%,28%,32%,,,,10%,43%,-59,30%,31%,0%,4%,,,,5%,0%,-6,0%,2%,,,,,,,,,,,,,,,,,,,,,,,,,,,,,,,,,,,,,,,,,,,,,,,,,,,,,,,,,,,,,,,,,,,,,,,,,,,,,,,,,,,,,99,101,,,,95,103,99,100,100,97,,,,95,101,101,99,98,100,,,,96,101,101,99,,,,30%,70%,,,,25%,60%,,,,25%,57%,,,,30%,80%,,,,5%,17%,,,,10%,3%,,,,5%,10%,,,,5%,13%,40,80%,0,0%,2,4%,12,24%,14,28%,47,36%,64%,43%,0%,18%,0%,57%,0%,,,,,,,,,,102,100,53,26%,74%,45%,0%,14%,0%,56%,0%,-0.4,-2.2,1.3,-1.2,-2.9,0.5,-2.4,-4.1,-0.8,104,101,150,39%,1%,102,100
1,3514,919,4144,117541,Bridgewater Primary School,Bridle Way,Billet Lane,,Berkhamsted,HP4 1ES,01442871231,E14001268,Harpenden and Berkhamsted,0,,,CY,0,Does not apply,3-11,0,0,459,60,60,28,32,47%,53%,,,,,,,,,,7,12%,53,88%,2,3%,59,98%,75%,10%,,,,,,,,,,,,,92%,42%,2%,108,75%,22%,2%,105,92%,18%,2%,106,78%,27%,20%,0%,93%,0%,61%,88%,,,,43%,79%,-26,SUPP,75%,14%,6%,,,,0%,11%,-11,SUPP,10%,,,,,,,,,,,,,,,,,,,,,,,,,,,,,,,,,,,,,,,,,,,,,,,,,,,,,,,,,,,,,,,,,,,,,,,,,,,,,,,,,,,,,108,109,,,,104,109,SUPP,108,107,105,,,,103,106,SUPP,106,104,106,,,,100,106,SUPP,105,,,,71%,94%,,,,57%,77%,,,,86%,92%,,,,43%,83%,,,,29%,43%,,,,0%,25%,,,,14%,19%,,,,14%,28%,58,97%,0,0%,2,3%,14,23%,16,27%,60,2%,98%,75%,15%,SUPP,SUPP,SUPP,SUPP,,,,,,,,,,109,106,56,4%,96%,80%,4%,SUPP,SUPP,SUPP,SUPP,2.5,0.9,4.1,-0.9,-2.5,0.7,2.4,0.9,4.0,110,109,176,77%,10%,109,107
1,21040,919,4146,140249,Ralph Sadleir School,Station Road,Puckeridge,,Ware,SG11 1TF,01920821042,E14001393,North East Hertfordshire,0,,,ACC,0,Does not apply,9-13,0,0,275,68,68,37,31,54%,46%,,,,,,,,,,20,29%,48,71%,1,1%,64,94%,40%,1%,,,,,,,,,,,,,65%,21%,6%,103,56%,6%,6%,101,46%,4%,7%,99,63%,7%,24%,1%,88%,0%,41%,39%,,,,20%,48%,-49,SUPP,41%,0%,3%,,,,0%,2%,-11,SUPP,2%,,,,,,,,,,,,,,,,,,,,,,,,,,,,,,,,,,,,,,,,,,,,,,,,,,,,,,,,,,,,,,,,,,,,,,,,,,,,,,,,,,,,,103,104,,,,100,104,SUPP,103,99,99,,,,96,99,SUPP,99,100,101,,,,98,101,SUPP,100,,,,45%,73%,,,,35%,65%,,,,30%,52%,,,,45%,71%,,,,25%,19%,,,,0%,8%,,,,0%,6%,,,,10%,6%,67,99%,0,0%,5,7%,12,18%,17,25%,77,10%,90%,43%,1%,25%,0%,45%,1%,,,,,,,,,,104,100,79,10%,90%,51%,0%,13%,0%,55%,0%,0.2,-1.2,1.6,-4.2,-5.6,-2.9,-1.5,-2.8,-0.2,106,103,224,45%,1%,104,101
1,8106,919,4506,117554,Edwinstree Church of England Middle School,Norfolk Road,,,Buntingford,SG9 9AW,01763271446,E14001393,North East Hertfordshire,0,,,VC,0,Church of England,9-13,0,0,485,121,120,56,64,47%,53%,,,,,,,,,,18,15%,102,85%,3,3%,113,94%,43%,2%,,,,,,,,,,,,,63%,13%,8%,102,54%,8%,9%,101,61%,18%,8%,102,61%,9%,27%,3%,94%,3%,36%,48%,,,,17%,47%,-52,SUPP,43%,0%,3%,,,,0%,2%,-11,SUPP,2%,,,,,,,,,,,,,,,,,,,,,,,,,,,,,,,,,,,,,,,,,,,,,,,,,,,,,,,,,,,,,,,,,,,,,,,,,,,,,,,,,,,,,100,104,,,,97,103,SUPP,102,103,100,,,,95,103,SUPP,102,99,102,,,,97,102,SUPP,101,,,,33%,68%,,,,28%,59%,,,,28%,67%,,,,39%,65%,,,,0%,15%,,,,6%,9%,,,,0%,21%,,,,0%,11%,117,98%,0,0%,3,3%,28,23%,31,26%,119,19%,81%,50%,4%,26%,0%,55%,5%,,,,,,,,,,104,103,118,13%,87%,59%,0%,20%,0%,65%,0%,-0.9,-2.1,0.2,-2.5,-3.6,-1.4,-1.2,-2.3,-0.1,105,104,357,50%,2%,104,103
1,5444,919,5201,139507,Christ Church Chorleywood CofE School,The Common,Rickmansworth Road,Chorleywood,Rickmansworth,WD3 5SG,01923282647,E14001496,South West Hertfordshire,0,,,ACC,0,Church of England,3-11,0,0,224,29,30,12,18,40%,60%,,,,,,,,,,1,3%,29,97%,1,3%,27,90%,80%,23%,,,,,,,,,,,,,90%,43%,0%,108,93%,43%,0%,109,93%,47%,0%,109,80%,30%,20%,0%,83%,0%,67%,89%,,,,SUPP,SUPP,SUPP,SUPP,78%,8%,33%,,,,SUPP,SUPP,SUPP,SUPP,26%,,,,,,,,,,,,,,,,,,,,,,,,,,,,,,,,,,,,,,,,,,,,,,,,,,,,,,,,,,,,,,,,,,,,,,,,,,,,,,,,,,,,,106,110,,,,SUPP,SUPP,SUPP,108,107,110,,,,SUPP,SUPP,SUPP,109,104,112,,,,SUPP,SUPP,SUPP,109,,,,SUPP,SUPP,,,,SUPP,SUPP,,,,SUPP,SUPP,,,,SUPP,SUPP,,,,SUPP,SUPP,,,,SUPP,SUPP,,,,SUPP,SUPP,,,,SUPP,SUPP,29,97%,0,0%,4,13%,10,33%,14,47%,30,10%,90%,77%,13%,SUPP,SUPP,SUPP,SUPP,,,,,,,,,,109,108,32,6%,94%,78%,25%,SUPP,SUPP,SUPP,SUPP,1.0,-1.1,3.2,-0.7,-2.8,1.4,1.0,-1.0,3.1,110,109,92,78%,21%,109,109
1,11876,919,5203,117563,Hertingfordbury Cowper Primary School,Birch Green,,,Hertford,SG14 2LR,01992583239,E14001393,North East Hertfordshire,0,,,VA,0,Church of England,3-11,0,0,225,29,29,13,16,45%,55%,,,,,,,,,,1,3%,28,97%,2,7%,29,100%,76%,24%,,,,,,,,,,,,,93%,55%,3%,109,83%,59%,3%,111,83%,38%,3%,107,86%,34%,14%,0%,90%,0%,77%,75%,,,,SUPP,SUPP,SUPP,SUPP,76%,23%,25%,,,,SUPP,SUPP,SUPP,SUPP,24%,,,,,,,,,,,,,,,,,,,,,,,,,,,,,,,,,,,,,,,,,,,,,,,,,,,,,,,,,,,,,,,,,,,,,,,,,,,,,,,,,,,,,109,110,,,,SUPP,SUPP,SUPP,109,108,107,,,,SUPP,SUPP,SUPP,107,109,112,,,,SUPP,SUPP,SUPP,111,,,,SUPP,SUPP,,,,SUPP,SUPP,,,,SUPP,SUPP,,,,SUPP,SUPP,,,,SUPP,SUPP,,,,SUPP,SUPP,,,,SUPP,SUPP,,,,SUPP,SUPP,27,93%,0,0%,0,0%,8,28%,8,28%,28,4%,96%,61%,18%,SUPP,SUPP,SUPP,SUPP,,,,,,,,,,108,105,30,7%,93%,53%,7%,SUPP,SUPP,SUPP,SUPP,0.5,-1.8,2.7,-3.9,-6.0,-1.7,-0.8,-2.9,1.3,108,106,87,63%,16%,108,106
1,15498,919,5208,137861,Little Reddings Primary School,Harcourt Road,,,Bushey,WD23 3PR,02089505388,E14001284,Hertsmere,0,,,ACC,0,None,3-11,0,0,327,55,53,30,23,57%,43%,,,,,,,,,,20,38%,33,62%,16,30%,44,83%,43%,8%,,,,,,,,,,,,,57%,15%,0%,103,55%,19%,0%,102,53%,17%,0%,101,60%,9%,25%,0%,83%,0%,40%,48%,,,,20%,58%,-49,75%,39%,7%,9%,,,,5%,9%,-6,6%,5%,,,,,,,,,,,,,,,,,,,,,,,,,,,,,,,,,,,,,,,,,,,,,,,,,,,,,,,,,,,,,,,,,,,,,,,,,,,,,,,,,,,,,102,104,,,,102,104,106,102,100,102,,,,97,103,106,100,101,105,,,,100,103,106,101,,,,40%,67%,,,,40%,64%,,,,25%,70%,,,,40%,73%,,,,10%,18%,,,,5%,27%,,,,5%,24%,,,,5%,12%,36,68%,1,2%,3,6%,8,15%,11,21%,37,24%,76%,54%,8%,78%,11%,46%,7%,,,,,,,,,,105,104,49,45%,55%,45%,6%,27%,5%,59%,7%,0.4,-1.4,2.2,-4.5,-6.2,-2.7,-1.6,-3.4,0.1,105,103,139,47%,7%,104,102
1,3840,919,5210,117570,Brookmans Park Primary School,Bradmore Way,Brookmans Park,,Hatfield,AL9 7QY,01707652355,E14001573,Welwyn Hatfield,0,,,FD,0,None,4-11,0,0,349,47,48,28,20,58%,42%,,,,,,,,,,5,10%,43,90%,3,6%,45,94%,77%,13%,,,,,,,,,,,,,90%,38%,0%,107,75%,21%,0%,105,85%,31%,0%,107,94%,21%,6%,0%,100%,0%,79%,75%,,,,SUPP,SUPP,SUPP,SUPP,76%,11%,15%,,,,SUPP,SUPP,SUPP,SUPP,13%,,,,,,,,,,,,,,,,,,,,,,,,,,,,,,,,,,,,,,,,,,,,,,,,,,,,,,,,,,,,,,,,,,,,,,,,,,,,,,,,,,,,,107,107,,,,SUPP,SUPP,SUPP,107,108,105,,,,SUPP,SUPP,SUPP,107,104,106,,,,SUPP,SUPP,SUPP,105,,,,SUPP,SUPP,,,,SUPP,SUPP,,,,SUPP,SUPP,,,,SUPP,SUPP,,,,SUPP,SUPP,,,,SUPP,SUPP,,,,SUPP,SUPP,,,,SUPP,SUPP,45,94%,0,0%,1,2%,5,10%,6,13%,45,2%,98%,82%,7%,SUPP,SUPP,SUPP,SUPP,,,,,,,,,,109,107,46,11%,89%,78%,30%,SUPP,SUPP,SUPP,SUPP,1.3,-0.5,3.2,2.9,1.1,4.6,1.6,-0.2,3.3,108,108,139,79%,17%,108,107
1,23044,919,3043,117410,St Catherine's Church of England Primary School,Park Road,,,Ware,SG12 0AW,01920462653,E14001283,Hertford and Stortford,0,,,VC,0,Church of England,3-11,0,0,387,30,27,10,17,37%,63%,,,,,,,,,,10,37%,17,63%,4,15%,24,89%,56%,11%,,,,,,,,,,,,,74%,37%,0%,106,74%,22%,0%,105,67%,33%,0%,104,59%,19%,33%,0%,70%,0%,20%,76%,,,,30%,71%,-39,SUPP,58%,10%,12%,,,,0%,18%,-11,SUPP,8%,,,,,,,,,,,,,,,,,,,,,,,,,,,,,,,,,,,,,,,,,,,,,,,,,,,,,,,,,,,,,,,,,,,,,,,,,,,,,,,,,,,,,105,106,,,,102,108,SUPP,106,101,106,,,,100,106,SUPP,104,105,105,,,,100,107,SUPP,105,,,,50%,88%,,,,50%,88%,,,,50%,76%,,,,40%,71%,,,,20%,47%,,,,0%,35%,,,,20%,41%,,,,0%,29%,23,85%,0,0%,2,7%,4,15%,6,22%,56,23%,77%,59%,13%,15%,0%,72%,16%,,,,,,,,,,104,104,57,23%,77%,56%,12%,38%,8%,61%,14%,-1.4,-3.0,0.2,-0.6,-2.1,1.0,-0.4,-2.0,1.1,105,105,140,57%,12%,105,104
1,1242,919,3307,117421,Aston St Mary's Church of England Aided Primary School,School Lane,Aston,,Stevenage,SG2 7HA,01438880212,E14001516,Stevenage,0,,,VA,0,Church of England,4-11,0,0,132,20,20,13,7,65%,35%,,,,,,,,,,1,5%,19,95%,1,5%,20,100%,75%,20%,,,,,,,,,,,,,80%,45%,0%,107,85%,40%,0%,106,75%,20%,0%,104,85%,35%,5%,0%,90%,0%,77%,71%,,,,SUPP,SUPP,SUPP,SUPP,75%,31%,0%,,,,SUPP,SUPP,SUPP,SUPP,20%,,,,,,,,,,,,,,,,,,,,,,,,,,,,,,,,,,,,,,,,,,,,,,,,,,,,,,,,,,,,,,,,,,,,,,,,,,,,,,,,,,,,,108,105,,,,SUPP,SUPP,SUPP,107,106,101,,,,SUPP,SUPP,SUPP,104,107,105,,,,SUPP,SUPP,SUPP,106,,,,SUPP,SUPP,,,,SUPP,SUPP,,,,SUPP,SUPP,,,,SUPP,SUPP,,,,SUPP,SUPP,,,,SUPP,SUPP,,,,SUPP,SUPP,,,,SUPP,SUPP,19,95%,0,0%,2,10%,3,15%,5,25%,16,6%,94%,94%,13%,SUPP,SUPP,SUPP,SUPP,,,,,,,,,,108,108,16,13%,88%,69%,13%,SUPP,SUPP,SUPP,SUPP,3.3,0.2,6.3,3.5,0.6,6.5,2.3,-0.6,5.2,106,104,52,79%,15%,107,105
1,12738,919,3326,117428,Holy Trinity Church of England Primary School,Longlands Close,Crossbrook Street,Holy Trinity School,Waltham Cross,EN8 8LU,01992622180,E14001139,Broxbourne,0,,,VA,0,Church of England,4-11,0,0,199,26,26,12,14,46%,54%,,,,,,,,,,6,23%,20,77%,8,31%,24,92%,69%,15%,,,,,,,,,,,,,85%,35%,0%,108,73%,35%,0%,107,85%,46%,0%,109,81%,19%,12%,0%,58%,0%,67%,71%,,,,83%,65%,14,75%,71%,8%,21%,,,,0%,20%,-11,25%,17%,,,,,,,,,,,,,,,,,,,,,,,,,,,,,,,,,,,,,,,,,,,,,,,,,,,,,,,,,,,,,,,,,,,,,,,,,,,,,,,,,,,,,109,108,,,,107,109,108,108,111,108,,,,109,110,111,110,108,106,,,,108,106,108,107,,,,100%,80%,,,,100%,65%,,,,83%,85%,,,,100%,75%,,,,17%,40%,,,,50%,30%,,,,67%,40%,,,,0%,25%,18,69%,0,0%,4,15%,3,12%,7,27%,27,48%,52%,56%,4%,46%,0%,64%,7%,,,,,,,,,,106,105,27,22%,78%,56%,19%,33%,17%,62%,19%,0.0,-2.7,2.7,-1.3,-3.9,1.2,1.7,-0.8,4.3,106,107,80,60%,13%,107,107
1,24450,919,3341,148493,St Joseph's Catholic Primary School (Hertford),"St Joseph's Catholic Primary School,  North Road",,North Road,Hertford,SG14 2BU,01992583148,E14001283,Hertford and Stortford,0,,,ACC,0,Roman Catholic,3-11,0,0,209,28,28,13,15,46%,54%,,,,,,,,,,2,7%,26,93%,2,7%,26,93%,46%,14%,,,,,,,,,,,,,68%,29%,0%,104,71%,29%,0%,105,71%,25%,0%,103,68%,14%,32%,0%,93%,0%,31%,60%,,,,SUPP,SUPP,SUPP,SUPP,42%,8%,20%,,,,SUPP,SUPP,SUPP,SUPP,15%,,,,,,,,,,,,,,,,,,,,,,,,,,,,,,,,,,,,,,,,,,,,,,,,,,,,,,,,,,,,,,,,,,,,,,,,,,,,,,,,,,,,,103,106,,,,SUPP,SUPP,SUPP,104,102,103,,,,SUPP,SUPP,SUPP,102,103,106,,,,SUPP,SUPP,SUPP,104,,,,SUPP,SUPP,,,,SUPP,SUPP,,,,SUPP,SUPP,,,,SUPP,SUPP,,,,SUPP,SUPP,,,,SUPP,SUPP,,,,SUPP,SUPP,,,,SUPP,SUPP,26,93%,0,0%,2,7%,3,11%,5,18%,30,13%,87%,63%,3%,SUPP,SUPP,SUPP,SUPP,,,,,,,,,,105,101,26,8%,92%,65%,4%,SUPP,SUPP,SUPP,SUPP,0.3,-2.1,2.8,-0.5,-2.8,1.8,-1.2,-3.5,1.2,107,105,84,58%,7%,105,103
2,6104,919,7013,117672,The Collett School,Lockers Park Lane,,,Hemel Hempstead,HP1 1TQ,01442398988,E14001278,Hemel Hempstead,0,,,CYS,0,Does not apply,4-16,0,0,128,16,16,15,1,94%,6%,,,,,,,,,,6,38%,10,63%,1,6%,11,69%,0%,0%,,,,,,,,,,,,,0%,0%,0%,,0%,0%,0%,,0%,0%,0%,,0%,0%,0%,0%,0%,0%,0%,SUPP,,,,0%,0%,-69,SUPP,0%,0%,SUPP,,,,0%,0%,-11,SUPP,0%,,,,,,,,,,,,,,,,,,,,,,,,,,,,,,,,,,,,,,,,,,,,,,,,,,,,,,,,,,,,,,,,,,,,,,,,,,,,,,,,,,,,,,SUPP,,,,,,SUPP,,,SUPP,,,,,,SUPP,,,SUPP,,,,,,SUPP,,,,,0%,0%,,,,0%,0%,,,,0%,0%,,,,0%,0%,,,,0%,0%,,,,0%,0%,,,,0%,0%,,,,0%,0%,15,94%,0,0%,16,100%,0,0%,16,100%,13,46%,54%,0%,0%,0%,0%,0%,0%,,,,,,,,,,,,8,38%,63%,0%,0%,SUPP,SUPP,SUPP,SUPP,-9.6,-14.6,-4.5,-9.2,-14.1,-4.4,-8.0,-12.7,-3.3,,,37,0%,0%
2,3394,919,7024,117681,Breakspeare School,Gallows Hill Lane,,,Abbots Langley,WD5 0BU,01923263645,E14001496,South West Hertfordshire,0,,,CYS,0,Does not apply,2-19,0,0,139,14,14,9,5,64%,36%,,,,,,,,,,6,43%,8,57%,2,14%,10,71%,0%,0%,,,,,,,,,,,,,0%,0%,0%,,0%,0%,0%,,0%,0%,0%,,0%,0%,0%,0%,0%,0%,0%,SUPP,,,,0%,0%,-69,SUPP,0%,0%,SUPP,,,,0%,0%,-11,SUPP,0%,,,,,,,,,,,,,,,,,,,,,,,,,,,,,,,,,,,,,,,,,,,,,,,,,,,,,,,,,,,,,,,,,,,,,,,,,,,,,,,,,,,,,,SUPP,,,,,,SUPP,,,SUPP,,,,,,SUPP,,,SUPP,,,,,,SUPP,,,,,0%,0%,,,,0%,0%,,,,0%,0%,,,,0%,0%,,,,0%,0%,,,,0%,0%,,,,0%,0%,,,,0%,0%,12,86%,0,0%,14,100%,0,0%,14,100%,7,57%,43%,0%,0%,SUPP,SUPP,SUPP,SUPP,,,,,,,,,,,,5,SUPP,SUPP,SUPP,SUPP,SUPP,SUPP,SUPP,SUPP,SUPP,SUPP,SUPP,SUPP,SUPP,SUPP,SUPP,SUPP,SUPP,SUPP,SUPP,26,0%,0%
1,15098,919,3054,117416,Leverstock Green Church of England Primary School,Green Lane,Leverstock Green,,Hemel Hempstead,HP2 4SA,01442406520,E14001278,Hemel Hempstead,0,,,VC,0,Church of England,3-11,0,0,233,33,30,19,11,63%,37%,,,,,,,,,,3,10%,27,90%,8,27%,29,97%,80%,3%,,,,,,,,,,,,,93%,37%,0%,109,97%,50%,0%,109,87%,23%,0%,106,90%,20%,10%,0%,90%,0%,89%,64%,,,,SUPP,SUPP,SUPP,63%,79%,5%,0%,,,,SUPP,SUPP,SUPP,0%,3%,,,,,,,,,,,,,,,,,,,,,,,,,,,,,,,,,,,,,,,,,,,,,,,,,,,,,,,,,,,,,,,,,,,,,,,,,,,,,,,,,,,,,108,110,,,,SUPP,SUPP,104,108,108,103,,,,SUPP,SUPP,105,107,110,109,,,,SUPP,SUPP,108,109,,,,SUPP,SUPP,,,,SUPP,SUPP,,,,SUPP,SUPP,,,,SUPP,SUPP,,,,SUPP,SUPP,,,,SUPP,SUPP,,,,SUPP,SUPP,,,,SUPP,SUPP,22,73%,0,0%,0,0%,7,23%,7,23%,30,33%,67%,47%,7%,30%,0%,55%,10%,,,,,,,,,,102,101,26,19%,81%,62%,12%,SUPP,SUPP,SUPP,SUPP,-1.0,-3.4,1.5,1.1,-1.3,3.4,-0.7,-3.1,1.6,107,105,86,63%,7%,106,104
1,22728,919,3345,148494,St Augustine's Catholic Primary School,Riversmead,,,Hoddesdon,EN11 8DP,01992463549,E14001139,Broxbourne,0,,,ACC,0,Roman Catholic,3-11,0,0,234,32,30,12,18,40%,60%,,,,,,,,,,1,3%,29,97%,7,23%,27,90%,87%,27%,,,,,,,,,,,,,90%,63%,0%,109,100%,77%,0%,112,100%,37%,0%,109,93%,30%,7%,0%,93%,0%,92%,83%,,,,SUPP,SUPP,SUPP,86%,89%,33%,22%,,,,SUPP,SUPP,SUPP,14%,26%,,,,,,,,,,,,,,,,,,,,,,,,,,,,,,,,,,,,,,,,,,,,,,,,,,,,,,,,,,,,,,,,,,,,,,,,,,,,,,,,,,,,,111,108,,,,SUPP,SUPP,107,110,111,107,,,,SUPP,SUPP,110,109,113,111,,,,SUPP,SUPP,113,112,,,,SUPP,SUPP,,,,SUPP,SUPP,,,,SUPP,SUPP,,,,SUPP,SUPP,,,,SUPP,SUPP,,,,SUPP,SUPP,,,,SUPP,SUPP,,,,SUPP,SUPP,23,77%,0,0%,1,3%,3,10%,4,13%,27,15%,85%,89%,30%,SUPP,SUPP,SUPP,SUPP,,,,,,,,,,109,108,30,3%,97%,90%,30%,SUPP,SUPP,SUPP,SUPP,3.3,1.0,5.5,4.9,2.7,7.0,4.3,2.2,6.4,109,109,87,89%,29%,109,109
1,23740,919,3379,117462,St Helen's Church of England Primary School,Brewhouse Hill,Wheathampstead,,St Albans,AL4 8AN,01582832106,E14001268,Harpenden and Berkhamsted,0,,,VA,0,Church of England,4-11,0,0,187,28,28,16,12,57%,43%,,,,,,,,,,2,7%,26,93%,2,7%,27,96%,71%,11%,,,,,,,,,,,,,93%,46%,4%,110,75%,32%,4%,107,79%,21%,4%,106,86%,36%,14%,0%,96%,0%,81%,58%,,,,SUPP,SUPP,SUPP,SUPP,70%,19%,0%,,,,SUPP,SUPP,SUPP,SUPP,11%,,,,,,,,,,,,,,,,,,,,,,,,,,,,,,,,,,,,,,,,,,,,,,,,,,,,,,,,,,,,,,,,,,,,,,,,,,,,,,,,,,,,,112,109,,,,SUPP,SUPP,SUPP,110,109,103,,,,SUPP,SUPP,SUPP,106,107,105,,,,SUPP,SUPP,SUPP,106,,,,SUPP,SUPP,,,,SUPP,SUPP,,,,SUPP,SUPP,,,,SUPP,SUPP,,,,SUPP,SUPP,,,,SUPP,SUPP,,,,SUPP,SUPP,,,,SUPP,SUPP,26,93%,0,0%,1,4%,3,11%,4,14%,50,12%,88%,68%,18%,17%,0%,75%,20%,,,,,,,,,,108,105,57,9%,91%,67%,7%,SUPP,SUPP,SUPP,SUPP,0.5,-1.3,2.4,-2.8,-4.6,-1.0,-3.8,-5.5,-2.0,109,105,135,68%,12%,109,105
1,23204,919,3386,150619,St Cuthbert Mayne Voluntary Catholic Junior Academy,Clover Way,Gadebridge Road,,Hemel Hempstead,HP1 3EA,01442253347,E14001278,Hemel Hempstead,0,,,ACC,0,Roman Catholic,7-11,0,0,239,60,60,33,27,55%,45%,,,,,,,,,,6,10%,54,90%,6,10%,57,95%,65%,13%,,,,,,,,,,,,,92%,45%,0%,108,82%,42%,0%,107,78%,30%,0%,106,68%,18%,30%,0%,73%,0%,58%,74%,,,,33%,69%,-36,83%,65%,12%,15%,,,,0%,15%,-11,0%,14%,,,,,,,,,,,,,,,,,,,,,,,,,,,,,,,,,,,,,,,,,,,,,,,,,,,,,,,,,,,,,,,,,,,,,,,,,,,,,,,,,,,,,107,108,,,,100,108,106,108,106,105,,,,102,106,110,106,107,107,,,,99,108,111,107,,,,67%,94%,,,,33%,87%,,,,50%,81%,,,,33%,72%,,,,17%,48%,,,,33%,43%,,,,17%,31%,,,,17%,19%,54,90%,0,0%,1,2%,12,20%,13,22%,61,20%,80%,72%,16%,50%,0%,78%,20%,,,,,,,,,,107,106,60,15%,85%,68%,12%,33%,11%,75%,12%,0.8,-0.8,2.5,-1.5,-3.1,0.0,1.3,-0.2,2.9,107,108,181,69%,14%,107,106
1,26602,919,3388,117469,St Philip Howard Catholic Primary School,Woods Avenue,,,Hatfield,AL10 8NN,01707263969,E14001573,Welwyn Hatfield,0,,,VA,0,Roman Catholic,3-11,0,0,462,62,60,34,26,57%,43%,,,,,,,,,,16,27%,44,73%,37,62%,58,97%,42%,2%,,,,,,,,,,,,,80%,30%,0%,106,77%,30%,0%,105,67%,17%,0%,103,45%,3%,52%,0%,82%,0%,32%,54%,,,,44%,41%,-25,46%,41%,0%,4%,,,,0%,2%,-11,3%,2%,,,,,,,,,,,,,,,,,,,,,,,,,,,,,,,,,,,,,,,,,,,,,,,,,,,,,,,,,,,,,,,,,,,,,,,,,,,,,,,,,,,,,103,108,,,,105,106,106,105,103,103,,,,100,104,104,103,104,107,,,,105,105,106,105,,,,88%,77%,,,,75%,77%,,,,44%,75%,,,,44%,45%,,,,25%,32%,,,,19%,34%,,,,19%,16%,,,,6%,2%,23,38%,0,0%,2,3%,20,33%,22,37%,61,23%,77%,61%,3%,43%,7%,66%,2%,,,,,,,,,,106,104,59,19%,81%,47%,3%,36%,0%,50%,4%,0.7,-0.9,2.3,-1.6,-3.2,-0.1,-0.7,-2.2,0.8,105,103,180,50%,3%,105,103
1,24046,919,3413,138316,St John Roman Catholic Primary School,Providence Way,,,Baldock,SG7 6TT,01462892478,E14001393,North East Hertfordshire,0,,,ACC,0,Roman Catholic,3-11,0,0,165,18,18,8,10,44%,56%,,,,,,,,,,1,6%,17,94%,2,11%,17,94%,61%,0%,,,,,,,,,,,,,83%,33%,0%,106,89%,39%,0%,106,78%,33%,0%,106,78%,0%,6%,0%,83%,0%,50%,70%,,,,SUPP,SUPP,SUPP,SUPP,59%,0%,0%,,,,SUPP,SUPP,SUPP,SUPP,0%,,,,,,,,,,,,,,,,,,,,,,,,,,,,,,,,,,,,,,,,,,,,,,,,,,,,,,,,,,,,,,,,,,,,,,,,,,,,,,,,,,,,,104,108,,,,SUPP,SUPP,SUPP,106,108,105,,,,SUPP,SUPP,SUPP,106,104,108,,,,SUPP,SUPP,SUPP,106,,,,SUPP,SUPP,,,,SUPP,SUPP,,,,SUPP,SUPP,,,,SUPP,SUPP,,,,SUPP,SUPP,,,,SUPP,SUPP,,,,SUPP,SUPP,,,,SUPP,SUPP,16,89%,0,0%,0,0%,3,17%,3,17%,28,25%,75%,68%,7%,29%,0%,81%,10%,,,,,,,,,,107,105,31,29%,71%,55%,10%,33%,11%,64%,9%,-0.1,-2.4,2.1,1.6,-0.5,3.8,-0.5,-2.6,1.6,104,102,77,61%,6%,106,104
1,22202,919,3415,117488,Sacred Heart Catholic Primary School and Nursery,Merry Hill Road,,,Bushey,WD23 1SU,01923901179,E14001284,Hertsmere,0,,,VA,0,Roman Catholic,3-11,0,0,351,44,44,19,25,43%,57%,,,,,,,,,,3,7%,41,93%,9,20%,43,98%,77%,14%,,,,,,,,,,,,,82%,57%,0%,109,86%,59%,0%,110,91%,39%,0%,108,82%,14%,11%,0%,93%,0%,63%,88%,,,,SUPP,SUPP,SUPP,67%,79%,11%,16%,,,,SUPP,SUPP,SUPP,11%,14%,,,,,,,,,,,,,,,,,,,,,,,,,,,,,,,,,,,,,,,,,,,,,,,,,,,,,,,,,,,,,,,,,,,,,,,,,,,,,,,,,,,,,107,110,,,,SUPP,SUPP,107,109,107,108,,,,SUPP,SUPP,107,108,108,111,,,,SUPP,SUPP,105,110,,,,SUPP,SUPP,,,,SUPP,SUPP,,,,SUPP,SUPP,,,,SUPP,SUPP,,,,SUPP,SUPP,,,,SUPP,SUPP,,,,SUPP,SUPP,,,,SUPP,SUPP,35,80%,0,0%,3,7%,4,9%,7,16%,39,10%,90%,74%,5%,SUPP,SUPP,SUPP,SUPP,,,,,,,,,,109,107,45,11%,89%,71%,9%,SUPP,SUPP,SUPP,SUPP,4.7,2.9,6.6,0.6,-1.2,2.4,4.1,2.3,5.8,108,106,128,74%,9%,108,107
1,294,919,3981,144907,Alban Wood Primary School and Nursery,The Brow,,,Watford,WD25 7NX,01923678240,E14001568,Watford,0,,,ACC,0,Does not apply,3-11,0,0,238,30,31,20,11,65%,35%,,,,,,,,,,5,16%,26,84%,6,19%,30,97%,74%,23%,,,,,,,,,,,,,87%,58%,0%,108,87%,39%,0%,107,81%,42%,0%,106,84%,26%,16%,0%,90%,0%,75%,73%,,,,SUPP,SUPP,SUPP,83%,77%,25%,18%,,,,SUPP,SUPP,SUPP,50%,23%,,,,,,,,,,,,,,,,,,,,,,,,,,,,,,,,,,,,,,,,,,,,,,,,,,,,,,,,,,,,,,,,,,,,,,,,,,,,,,,,,,,,,108,109,,,,SUPP,SUPP,111,108,106,105,,,,SUPP,SUPP,110,106,107,107,,,,SUPP,SUPP,111,107,,,,SUPP,SUPP,,,,SUPP,SUPP,,,,SUPP,SUPP,,,,SUPP,SUPP,,,,SUPP,SUPP,,,,SUPP,SUPP,,,,SUPP,SUPP,,,,SUPP,SUPP,25,81%,0,0%,3,10%,6,19%,9,29%,30,27%,73%,60%,10%,63%,0%,59%,14%,,,,,,,,,,104,105,30,33%,67%,67%,10%,50%,0%,75%,15%,-2.3,-4.6,0.0,-0.9,-3.1,1.2,1.0,-1.2,3.1,104,106,91,67%,14%,105,106
1,15710,919,3983,135083,Longmeadow Primary School,Oaks Cross,Broadwater,,Stevenage,SG2 8LT,01438351087,E14001516,Stevenage,0,,,CY,0,Does not apply,3-11,0,0,206,22,22,11,11,50%,50%,,,,,,,,,,7,32%,15,68%,8,36%,18,82%,32%,5%,,,,,,,,,,,,,50%,27%,5%,102,64%,9%,5%,101,36%,9%,5%,99,50%,5%,50%,0%,55%,0%,36%,27%,,,,29%,33%,-40,38%,39%,9%,0%,,,,0%,7%,-11,13%,6%,,,,,,,,,,,,,,,,,,,,,,,,,,,,,,,,,,,,,,,,,,,,,,,,,,,,,,,,,,,,,,,,,,,,,,,,,,,,,,,,,,,,,102,101,,,,102,101,106,102,101,97,,,,98,99,100,100,100,102,,,,102,100,106,102,,,,57%,47%,,,,71%,60%,,,,29%,40%,,,,57%,47%,,,,29%,27%,,,,14%,7%,,,,0%,13%,,,,0%,7%,14,64%,0,0%,1,5%,6,27%,7,32%,37,43%,57%,43%,3%,19%,0%,62%,5%,,,,,,,,,,101,98,32,38%,63%,50%,16%,42%,0%,55%,25%,-2.8,-5.0,-0.6,0.9,-1.3,3.0,-3.0,-5.1,-1.0,102,100,91,43%,8%,101,99
1,33384,919,3988,135222,Yewtree Primary School,Fletcher Way,,,Hemel Hempstead,HP2 5QR,01442424920,E14001278,Hemel Hempstead,0,,,CY,0,Does not apply,3-11,0,0,347,58,52,24,28,46%,54%,,,,,,,,,,18,35%,34,65%,15,29%,45,87%,17%,0%,,,,,,,,,,,,,52%,12%,0%,100,40%,6%,0%,99,31%,12%,0%,97,37%,0%,38%,0%,69%,0%,21%,14%,,,,6%,24%,-63,27%,18%,0%,0%,,,,0%,0%,-11,0%,0%,,,,,,,,,,,,,,,,,,,,,,,,,,,,,,,,,,,,,,,,,,,,,,,,,,,,,,,,,,,,,,,,,,,,,,,,,,,,,,,,,,,,,100,100,,,,96,102,100,100,99,96,,,,94,99,99,97,99,99,,,,98,99,98,99,,,,22%,68%,,,,33%,44%,,,,17%,38%,,,,33%,38%,,,,6%,15%,,,,6%,6%,,,,6%,15%,,,,0%,0%,37,71%,0,0%,3,6%,9,17%,12,23%,29,45%,55%,34%,0%,8%,0%,56%,0%,,,,,,,,,,102,97,52,48%,52%,25%,0%,16%,0%,33%,0%,-3.1,-5.0,-1.2,-3.8,-5.6,-2.0,-5.7,-7.4,-3.9,101,97,133,24%,0%,101,97
1,9514,919,3990,135224,Galley Hill Primary School and Nursery,Galley Hill,,,Hemel Hempstead,HP1 3JY,01442406000,E14001278,Hemel Hempstead,0,,,CY,0,Does not apply,3-11,0,0,432,58,57,36,21,63%,37%,,,,,,,,,,20,35%,37,65%,11,19%,51,89%,51%,5%,,,,,,,,,,,,,61%,21%,2%,103,56%,23%,2%,103,63%,12%,4%,101,75%,9%,21%,0%,93%,0%,58%,38%,,,,30%,62%,-39,45%,51%,3%,10%,,,,0%,8%,-11,0%,6%,,,,,,,,,,,,,,,,,,,,,,,,,,,,,,,,,,,,,,,,,,,,,,,,,,,,,,,,,,,,,,,,,,,,,,,,,,,,,,,,,,,,,103,103,,,,98,106,103,104,102,100,,,,97,104,103,101,103,102,,,,98,105,104,103,,,,40%,73%,,,,35%,68%,,,,45%,73%,,,,55%,86%,,,,0%,32%,,,,0%,35%,,,,0%,19%,,,,0%,14%,46,81%,0,0%,2,4%,11,19%,13,23%,60,30%,70%,47%,2%,33%,0%,52%,2%,,,,,,,,,,101,102,50,48%,52%,44%,6%,33%,0%,54%,12%,-2.2,-4.0,-0.4,-1.0,-2.7,0.7,-2.7,-4.4,-0.9,104,101,167,47%,4%,103,101
1,11992,919,2314,117270,High Leigh Primary School,Schofield Way,,,Hoddesdon,EN11 8GF,01992465739,E14001139,Broxbourne,0,,,CY,0,Does not apply,5-11,0,0,154,24,25,13,12,52%,48%,,,,,,,,,,11,44%,14,56%,2,8%,22,88%,48%,8%,,,,,,,,,,,,,60%,16%,0%,102,64%,28%,0%,103,56%,16%,0%,101,68%,20%,32%,0%,72%,0%,46%,50%,,,,45%,50%,-24,SUPP,50%,15%,0%,,,,0%,14%,-11,SUPP,9%,,,,,,,,,,,,,,,,,,,,,,,,,,,,,,,,,,,,,,,,,,,,,,,,,,,,,,,,,,,,,,,,,,,,,,,,,,,,,,,,,,,,,101,103,,,,102,102,SUPP,103,102,100,,,,102,100,SUPP,101,102,103,,,,102,103,SUPP,103,,,,64%,57%,,,,73%,57%,,,,45%,64%,,,,73%,64%,,,,9%,21%,,,,18%,36%,,,,9%,21%,,,,9%,29%,23,92%,0,0%,0,0%,7,28%,7,28%,25,44%,56%,68%,4%,64%,9%,71%,0%,,,,,,,,,,104,103,26,35%,65%,35%,8%,33%,11%,35%,6%,-5.0,-7.5,-2.6,-0.8,-3.1,1.6,-4.2,-6.4,-1.9,101,100,76,50%,7%,102,101
1,12144,919,2013,117089,Highwood Primary School,Mead Way,,,Bushey,WD23 2AW,01923256210,E14001568,Watford,0,,,CY,0,Does not apply,3-11,0,0,439,59,59,28,31,47%,53%,,,,,,,,,,13,22%,46,78%,24,41%,57,97%,41%,5%,,,,,,,,,,,,,66%,36%,7%,106,76%,31%,3%,105,61%,20%,2%,103,54%,8%,41%,0%,71%,0%,32%,48%,,,,15%,48%,-54,58%,40%,4%,6%,,,,0%,7%,-11,13%,5%,,,,,,,,,,,,,,,,,,,,,,,,,,,,,,,,,,,,,,,,,,,,,,,,,,,,,,,,,,,,,,,,,,,,,,,,,,,,,,,,,,,,,105,107,,,,102,107,108,106,103,103,,,,98,105,107,103,104,107,,,,101,107,108,106,,,,38%,74%,,,,54%,83%,,,,38%,67%,,,,23%,63%,,,,15%,41%,,,,23%,33%,,,,8%,24%,,,,0%,11%,35,59%,0,0%,1,2%,12,20%,13,22%,58,19%,81%,45%,2%,0%,0%,55%,2%,,,,,,,,,,105,105,51,25%,75%,57%,8%,38%,0%,63%,11%,-0.8,-2.6,1.0,1.3,-0.5,3.0,-0.3,-2.0,1.4,105,104,168,47%,5%,105,104
1,9020,919,2031,117100,Flamstead Village School,Trowley Hill Road,Flamstead,59 Trowley Hill Road,St. Albans,AL3 8DL,01582840385,E14001268,Harpenden and Berkhamsted,0,,,CY,0,Does not apply,3-11,0,0,101,14,16,14,2,88%,13%,,,,,,,,,,4,25%,12,75%,1,6%,14,88%,63%,0%,,,,,,,,,,,,,88%,19%,0%,104,75%,19%,0%,105,75%,19%,0%,104,63%,0%,25%,6%,81%,13%,57%,SUPP,,,,SUPP,SUPP,SUPP,SUPP,64%,0%,SUPP,,,,SUPP,SUPP,SUPP,SUPP,0%,,,,,,,,,,,,,,,,,,,,,,,,,,,,,,,,,,,,,,,,,,,,,,,,,,,,,,,,,,,,,,,,,,,,,,,,,,,,,,,,,,,,,104,SUPP,,,,SUPP,SUPP,SUPP,104,104,SUPP,,,,SUPP,SUPP,SUPP,105,104,SUPP,,,,SUPP,SUPP,SUPP,105,,,,SUPP,SUPP,,,,SUPP,SUPP,,,,SUPP,SUPP,,,,SUPP,SUPP,,,,SUPP,SUPP,,,,SUPP,SUPP,,,,SUPP,SUPP,,,,SUPP,SUPP,14,88%,1,6%,2,13%,1,6%,3,19%,9,22%,78%,11%,0%,SUPP,SUPP,SUPP,SUPP,,,,,,,,,,100,99,15,0%,100%,53%,20%,,,SUPP,SUPP,-1.2,-4.7,2.2,2.1,-1.2,5.4,-3.4,-6.6,-0.2,103,101,40,48%,8%,103,102
1,9492,919,2032,117101,Gaddesden Row JMI School,Gaddesden Row,,,Hemel Hempstead,HP2 6HG,01582840376,E14001268,Harpenden and Berkhamsted,0,,,CY,0,Does not apply,4-11,0,0,49,5,5,SUPP,SUPP,SUPP,SUPP,,,,,,,,,,SUPP,SUPP,SUPP,SUPP,SUPP,SUPP,SUPP,SUPP,SUPP,SUPP,,,,,,,,,,,,,SUPP,SUPP,SUPP,SUPP,SUPP,SUPP,SUPP,SUPP,SUPP,SUPP,SUPP,SUPP,SUPP,SUPP,SUPP,SUPP,SUPP,SUPP,SUPP,SUPP,,,,SUPP,SUPP,SUPP,SUPP,SUPP,SUPP,SUPP,,,,SUPP,SUPP,SUPP,SUPP,SUPP,,,,,,,,,,,,,,,,,,,,,,,,,,,,,,,,,,,,,,,,,,,,,,,,,,,,,,,,,,,,,,,,,,,,,,,,,,,,,,,,,,,,,SUPP,SUPP,,,,SUPP,SUPP,SUPP,SUPP,SUPP,SUPP,,,,SUPP,SUPP,SUPP,SUPP,SUPP,SUPP,,,,SUPP,SUPP,SUPP,SUPP,,,,SUPP,SUPP,,,,SUPP,SUPP,,,,SUPP,SUPP,,,,SUPP,SUPP,,,,SUPP,SUPP,,,,SUPP,SUPP,,,,SUPP,SUPP,,,,SUPP,SUPP,SUPP,SUPP,SUPP,SUPP,SUPP,SUPP,SUPP,SUPP,SUPP,SUPP,7,71%,29%,43%,0%,SUPP,SUPP,SUPP,SUPP,,,,,,,,,,101,102,5,SUPP,SUPP,SUPP,SUPP,SUPP,SUPP,SUPP,SUPP,SUPP,SUPP,SUPP,SUPP,SUPP,SUPP,SUPP,SUPP,SUPP,SUPP,SUPP,17,47%,0%,102,101
1,30374,919,2045,117109,Tudor Primary School,Redwood Drive,,,Hemel Hempstead,HP3 9ER,01442256294,E14001278,Hemel Hempstead,0,,,CY,0,Does not apply,3-11,0,0,447,61,60,25,35,42%,58%,,,,,,,,,,15,25%,45,75%,22,37%,58,97%,62%,13%,,,,,,,,,,,,,80%,43%,2%,107,85%,50%,2%,109,73%,37%,0%,106,68%,18%,15%,0%,88%,0%,64%,60%,,,,33%,71%,-36,77%,62%,8%,17%,,,,0%,18%,-11,14%,14%,,,,,,,,,,,,,,,,,,,,,,,,,,,,,,,,,,,,,,,,,,,,,,,,,,,,,,,,,,,,,,,,,,,,,,,,,,,,,,,,,,,,,105,108,,,,103,108,108,107,105,106,,,,101,107,108,106,109,110,,,,104,111,111,109,,,,67%,84%,,,,73%,89%,,,,53%,80%,,,,47%,76%,,,,27%,49%,,,,27%,58%,,,,20%,42%,,,,0%,24%,38,63%,0,0%,6,10%,12,20%,18,30%,59,27%,73%,75%,14%,56%,6%,81%,16%,,,,,,,,,,107,105,60,28%,72%,60%,13%,41%,12%,67%,14%,1.6,-0.1,3.2,2.7,1.1,4.3,1.4,-0.2,2.9,106,105,179,65%,13%,106,105
1,5650,919,2063,143856,Churchfield Church of England Academy,Cheshunt Wash,,,Waltham Cross,EN8 0LU,01992463289,E14001139,Broxbourne,0,,,AC,0,Church of England,3-11,0,0,311,33,31,13,18,42%,58%,,,,,,,,,,9,29%,22,71%,12,39%,28,90%,55%,3%,,,,,,,,,,,,,71%,32%,0%,106,77%,26%,0%,104,68%,6%,0%,103,71%,19%,23%,0%,87%,0%,54%,56%,,,,56%,55%,-13,58%,61%,8%,0%,,,,0%,5%,-11,0%,4%,,,,,,,,,,,,,,,,,,,,,,,,,,,,,,,,,,,,,,,,,,,,,,,,,,,,,,,,,,,,,,,,,,,,,,,,,,,,,,,,,,,,,105,106,,,,106,106,109,106,105,101,,,,99,104,106,103,104,105,,,,103,105,108,105,,,,78%,68%,,,,67%,82%,,,,56%,73%,,,,67%,73%,,,,33%,32%,,,,11%,32%,,,,0%,9%,,,,11%,23%,19,61%,0,0%,2,6%,3,10%,5,16%,43,33%,67%,33%,0%,21%,0%,38%,0%,,,,,,,,,,100,100,45,44%,56%,59%,5%,53%,0%,64%,8%,-0.2,-2.1,1.8,-0.4,-2.3,1.4,-0.7,-2.6,1.1,105,104,119,48%,3%,103,102
1,3384,919,2064,117119,Breachwood Green Junior Mixed and Infant School,Oxford Road,Breachwood Green,,Hitchin,SG4 8NP,01438833115,E14001289,Hitchin,0,,,CY,0,Does not apply,4-11,0,0,80,7,7,4,3,57%,43%,,,,,,,,,,2,29%,5,71%,0,0%,7,100%,57%,0%,,,,,,,,,,,,,71%,14%,0%,104,71%,29%,0%,106,71%,0%,0%,103,57%,0%,43%,0%,71%,0%,SUPP,SUPP,,,,SUPP,SUPP,SUPP,,57%,SUPP,SUPP,,,,SUPP,SUPP,SUPP,,0%,,,,,,,,,,,,,,,,,,,,,,,,,,,,,,,,,,,,,,,,,,,,,,,,,,,,,,,,,,,,,,,,,,,,,,,,,,,,,,,,,,,,,SUPP,SUPP,,,,SUPP,SUPP,,104,SUPP,SUPP,,,,SUPP,SUPP,,103,SUPP,SUPP,,,,SUPP,SUPP,,106,,,,SUPP,SUPP,,,,SUPP,SUPP,,,,SUPP,SUPP,,,,SUPP,SUPP,,,,SUPP,SUPP,,,,SUPP,SUPP,,,,SUPP,SUPP,,,,SUPP,SUPP,7,100%,0,0%,1,14%,1,14%,2,29%,18,11%,89%,44%,11%,SUPP,SUPP,SUPP,SUPP,,,,,,,,,,105,104,6,17%,83%,83%,0%,SUPP,SUPP,SUPP,SUPP,-1.8,-6.9,3.2,-1.9,-6.8,2.9,1.3,-3.5,6.0,106,107,31,55%,6%,105,104
1,28606,919,2081,145409,Springmead Primary School,Hillyfields,,,Welwyn Garden City,AL7 2HB,01707331508,E14001573,Welwyn Hatfield,0,,,AC,0,Does not apply,3-11,0,0,263,43,44,22,22,50%,50%,,,,,,,,,,10,23%,34,77%,4,9%,41,93%,52%,16%,,,,,,,,,,,,,80%,25%,0%,106,68%,27%,0%,105,55%,20%,0%,102,77%,20%,9%,0%,84%,0%,45%,59%,,,,30%,59%,-39,SUPP,51%,18%,14%,,,,0%,21%,-11,SUPP,12%,,,,,,,,,,,,,,,,,,,,,,,,,,,,,,,,,,,,,,,,,,,,,,,,,,,,,,,,,,,,,,,,,,,,,,,,,,,,,,,,,,,,,105,106,,,,101,107,SUPP,105,103,102,,,,98,103,SUPP,101,103,106,,,,100,106,SUPP,104,,,,60%,85%,,,,40%,76%,,,,40%,59%,,,,60%,82%,,,,0%,32%,,,,10%,32%,,,,0%,26%,,,,0%,26%,40,91%,0,0%,2,5%,8,18%,10,23%,44,32%,68%,66%,9%,50%,0%,73%,13%,,,,,,,,,,107,104,45,24%,76%,62%,16%,45%,9%,68%,18%,4.0,2.1,5.8,4.3,2.5,6.0,2.5,0.7,4.2,106,103,133,60%,14%,106,103
1,11308,919,2082,117131,Harvey Road Primary School,Harvey Road,Croxley Green,,Rickmansworth,WD3 3BN,01923773801,E14001496,South West Hertfordshire,0,,,CY,0,Does not apply,3-11,0,0,240,30,31,12,19,39%,61%,,,,,,,,,,1,3%,30,97%,3,10%,28,90%,87%,29%,,,,,,,,,,,,,90%,61%,0%,110,90%,58%,3%,111,94%,58%,0%,110,90%,48%,10%,0%,90%,0%,83%,89%,,,,SUPP,SUPP,SUPP,SUPP,89%,25%,32%,,,,SUPP,SUPP,SUPP,SUPP,29%,,,,,,,,,,,,,,,,,,,,,,,,,,,,,,,,,,,,,,,,,,,,,,,,,,,,,,,,,,,,,,,,,,,,,,,,,,,,,,,,,,,,,109,111,,,,SUPP,SUPP,SUPP,111,111,110,,,,SUPP,SUPP,SUPP,110,110,111,,,,SUPP,SUPP,SUPP,111,,,,SUPP,SUPP,,,,SUPP,SUPP,,,,SUPP,SUPP,,,,SUPP,SUPP,,,,SUPP,SUPP,,,,SUPP,SUPP,,,,SUPP,SUPP,,,,SUPP,SUPP,28,90%,0,0%,1,3%,4,13%,5,16%,30,0%,100%,100%,20%,,,SUPP,SUPP,,,,,,,,,,110,110,30,3%,97%,97%,33%,SUPP,SUPP,SUPP,SUPP,4.2,1.9,6.5,3.7,1.5,5.9,4.0,1.9,6.2,111,110,91,95%,27%,111,110
1,9540,919,2095,148434,Garden Fields Junior Mixed and Infant School,Townsend Drive,,,St Albans,AL3 5RL,01727890440,E14001507,St Albans,0,,,ACC,0,Does not apply,5-11,0,0,480,84,86,44,42,51%,49%,,,,,,,,,,13,15%,73,85%,30,35%,77,90%,69%,13%,,,,,,,,,,,,,78%,37%,0%,106,78%,38%,0%,106,81%,35%,0%,106,77%,21%,21%,0%,92%,0%,73%,64%,,,,46%,73%,-23,67%,70%,14%,12%,,,,0%,15%,-11,10%,14%,,,,,,,,,,,,,,,,,,,,,,,,,,,,,,,,,,,,,,,,,,,,,,,,,,,,,,,,,,,,,,,,,,,,,,,,,,,,,,,,,,,,,107,106,,,,104,107,104,107,108,104,,,,99,107,107,106,106,107,,,,100,107,107,107,,,,62%,81%,,,,54%,82%,,,,54%,86%,,,,54%,81%,,,,15%,41%,,,,15%,42%,,,,15%,38%,,,,8%,23%,55,64%,1,1%,1,1%,28,33%,29,34%,90,18%,82%,70%,11%,31%,6%,78%,12%,,,,,,,,,,107,106,89,17%,83%,65%,12%,20%,0%,74%,15%,2.6,1.2,4.0,0.5,-0.8,1.9,-0.5,-1.8,0.8,108,105,265,68%,12%,107,106
1,26584,919,2096,117140,St Peter's School,Cottonmill Lane,,,St Albans,AL1 1HL,01727853075,E14001507,St Albans,0,,,CY,0,Does not apply,3-11,0,0,365,27,30,13,17,43%,57%,,,,,,,,,,3,10%,27,90%,4,13%,27,90%,73%,13%,,,,,,,,,,,,,87%,63%,3%,110,83%,23%,3%,107,77%,27%,3%,106,80%,20%,17%,0%,97%,3%,62%,82%,,,,SUPP,SUPP,SUPP,SUPP,78%,8%,18%,,,,SUPP,SUPP,SUPP,SUPP,15%,,,,,,,,,,,,,,,,,,,,,,,,,,,,,,,,,,,,,,,,,,,,,,,,,,,,,,,,,,,,,,,,,,,,,,,,,,,,,,,,,,,,,110,110,,,,SUPP,SUPP,SUPP,110,107,105,,,,SUPP,SUPP,SUPP,106,107,108,,,,SUPP,SUPP,SUPP,108,,,,SUPP,SUPP,,,,SUPP,SUPP,,,,SUPP,SUPP,,,,SUPP,SUPP,,,,SUPP,SUPP,,,,SUPP,SUPP,,,,SUPP,SUPP,,,,SUPP,SUPP,26,87%,0,0%,0,0%,6,20%,6,20%,30,3%,97%,77%,13%,SUPP,SUPP,SUPP,SUPP,,,,,,,,,,105,106,27,11%,89%,48%,4%,SUPP,SUPP,SUPP,SUPP,-1.5,-4.2,1.1,-0.2,-2.7,2.4,-2.2,-4.7,0.3,105,105,87,67%,10%,107,106
1,16168,919,2099,139159,Mandeville Primary School,Mandeville Drive,,,St Albans,AL1 2LE,01727519220,E14001507,St Albans,0,,,ACC,0,Does not apply,3-11,0,0,366,60,60,22,38,37%,63%,,,,,,,,,,18,30%,42,70%,21,35%,58,97%,75%,17%,,,,,,,,,,,,,83%,45%,0%,107,78%,38%,0%,108,78%,35%,0%,106,78%,17%,12%,0%,88%,0%,77%,74%,,,,44%,88%,-25,71%,76%,14%,18%,,,,0%,24%,-11,19%,17%,,,,,,,,,,,,,,,,,,,,,,,,,,,,,,,,,,,,,,,,,,,,,,,,,,,,,,,,,,,,,,,,,,,,,,,,,,,,,,,,,,,,,107,107,,,,100,109,106,107,108,105,,,,101,109,106,106,108,108,,,,102,110,108,108,,,,56%,95%,,,,56%,88%,,,,56%,88%,,,,50%,90%,,,,22%,55%,,,,17%,48%,,,,11%,45%,,,,0%,24%,39,65%,0,0%,0,0%,15,25%,15,25%,59,36%,64%,69%,12%,57%,10%,76%,13%,,,,,,,,,,106,106,59,25%,75%,54%,17%,33%,7%,61%,20%,1.0,-0.6,2.7,1.9,0.3,3.5,2.2,0.7,3.8,104,105,178,66%,15%,106,106
1,16488,919,2113,149330,Martins Wood Primary School,Mildmay Road,,,Stevenage,SG1 5RT,01438222602,E14001516,Stevenage,0,,,AC,0,Does not apply,2-11,0,0,587,71,68,32,36,47%,53%,,,,,,,,,,17,25%,51,75%,7,10%,64,94%,65%,7%,,,,,,,,,,,,,78%,34%,0%,106,79%,26%,3%,106,85%,21%,1%,105,69%,10%,24%,0%,88%,0%,59%,69%,,,,41%,73%,-28,71%,67%,6%,8%,,,,0%,10%,-11,29%,8%,,,,,,,,,,,,,,,,,,,,,,,,,,,,,,,,,,,,,,,,,,,,,,,,,,,,,,,,,,,,,,,,,,,,,,,,,,,,,,,,,,,,,105,107,,,,104,107,105,106,106,105,,,,101,107,105,106,105,107,,,,103,107,107,106,,,,65%,82%,,,,59%,86%,,,,65%,92%,,,,47%,76%,,,,18%,39%,,,,6%,33%,,,,6%,25%,,,,0%,14%,60,88%,1,1%,1,1%,7,10%,8,12%,76,26%,74%,46%,0%,45%,0%,46%,0%,,,,,,,,,,104,102,,,,,,,,,,,,,,,,,,,,,,NA,NA,NA,NA
1,30868,919,2114,117154,Walkern Primary School,High Street,Walkern,,Stevenage,SG2 7NS,01438861285,E14001393,North East Hertfordshire,0,,,CY,0,Does not apply,4-11,0,0,137,14,14,11,3,79%,21%,,,,,,,,,,5,36%,9,64%,0,0%,10,71%,79%,14%,,,,,,,,,,,,,79%,50%,0%,109,79%,50%,0%,111,86%,50%,0%,111,79%,29%,7%,0%,79%,0%,73%,SUPP,,,,SUPP,SUPP,SUPP,,90%,0%,SUPP,,,,SUPP,SUPP,SUPP,,20%,,,,,,,,,,,,,,,,,,,,,,,,,,,,,,,,,,,,,,,,,,,,,,,,,,,,,,,,,,,,,,,,,,,,,,,,,,,,,,,,,,,,,108,SUPP,,,,SUPP,SUPP,,109,110,SUPP,,,,SUPP,SUPP,,111,110,SUPP,,,,SUPP,SUPP,,110,,,,SUPP,SUPP,,,,SUPP,SUPP,,,,SUPP,SUPP,,,,SUPP,SUPP,,,,SUPP,SUPP,,,,SUPP,SUPP,,,,SUPP,SUPP,,,,SUPP,SUPP,14,100%,0,0%,0,0%,3,21%,3,21%,13,23%,77%,77%,8%,SUPP,SUPP,SUPP,SUPP,,,,,,,,,,109,107,10,0%,100%,30%,0%,,,SUPP,SUPP,-6.7,-10.8,-2.6,-4.6,-8.3,-0.8,-5.1,-8.7,-1.4,101,103,37,65%,8%,107,107
3,,919,,,Hertfordshire,,,,,,,,,,,,,,,,,,99149,14386,14321,7323,6998,51%,49%,,,,,,,,,,3040,21%,11281,79%,2942,21%,13286,93%,64%,11%,,,,,,,,,,,,,79%,39%,1%,107,76%,34%,1%,106,76%,30%,1%,105,73%,16%,21%,0%,83%,0%,61%,67%,,,,40%,70%,-29,67%,65%,10%,12%,,,,3%,13%,-8,12%,11%,,,,,,,,,,,,,,,,,,,,,,,,,,,,,,,,,,,,,,,,,,,,,,,,,,,,,,,,,,,,,,,,,,,,,,,,,,,,,,,,,,,,,106,107,,,,103,108,107,107,106,105,,,,101,107,107,106,106,107,,,,102,107,108,106,,,,60%,84%,,,,57%,81%,,,,54%,82%,,,,52%,78%,,,,19%,45%,,,,16%,39%,,,,12%,35%,,,,5%,18%,11336,79%,43,0%,846,6%,2433,17%,3279,23%,14443,21%,79%,63%,9%,41%,3%,69%,11%,,,,,,,,,,106,105,14621,21%,79%,61%,10%,36%,3%,68%,12%,0.4,0.3,0.5,-0.4,-0.5,-0.3,0.1,0.0,0.2,106,105,43385,63%,10%,106,105
4,,,,,,,,,,,,,,,,,,,,,,,4652541,657060,655415,335050,320365,51%,49%,,,,,,,,,,208633,32%,446782,68%,152141,23%,595871,91%,62%,8%,,,,,,,,,,,,,75%,33%,1%,106,73%,30%,1%,105,74%,26%,1%,105,72%,13%,20%,0%,82%,0%,59%,66%,,,,47%,69%,,64%,64%,7%,9%,,,,4%,11%,,9%,9%,,,,,,,,,,,,,,,,,,,,,,,,,,,,,,,,,,,,,,,,,,,,,,,,,,,,,,,,,,,,,,,,,,,,,,,,,,,,,,,,,,,,,105,106,,,,103,107,105,106,105,104,,,,102,106,106,105,105,106,,,,103,107,106,106,,,,63%,81%,,,,60%,79%,,,,60%,80%,,,,59%,78%,,,,21%,39%,,,,19%,35%,,,,15%,32%,,,,7%,16%,498154,76%,5120,1%,38320,6%,109749,17%,148069,23%,665887,31%,69%,61%,8%,45%,3%,67%,10%,,,,,,,,,,105,104,676102,30%,70%,60%,8%,44%,3%,66%,10%,,,,,,,,,,105,104,1997404,61%,8%,105,104
5,,,,,,,,,,,,,,,,,,,,,,,4611930,653813,652648,333490,319158,51%,49%,,,,,,,,,,208051,32%,444597,68%,152083,23%,595531,91%,62%,8%,,,,,,,,,,,,,75%,33%,1%,106,73%,30%,1%,105,74%,26%,1%,105,72%,13%,20%,0%,82%,0%,59%,66%,,,,47%,69%,,64%,64%,7%,9%,,,,4%,11%,,9%,9%,,,,,,,,,,,,,,,,,,,,,,,,,,,,,,,,,,,,,,,,,,,,,,,,,,,,,,,,,,,,,,,,,,,,,,,,,,,,,,,,,,,,,105,106,,,,103,107,105,106,105,104,,,,102,106,106,105,105,106,,,,103,107,106,106,,,,63%,81%,,,,60%,79%,,,,61%,81%,,,,59%,78%,,,,21%,39%,,,,19%,35%,,,,15%,32%,,,,7%,16%,497463,76%,3102,0%,37619,6%,109541,17%,147160,23%,662983,31%,69%,61%,8%,46%,3%,67%,10%,,,,,,,,,,105,104,673070,30%,70%,60%,8%,44%,3%,66%,10%,,,,,,,,,,105,104,1988701,61%,8%,105,104